frame,ok,trans_err_m,rot_err_deg,keypoints,matches,inliers,ms_decode,ms_extract,ms_match,ms_pose,ms_total,qw,qx,qy,qz,tx,ty,tz
seq-03/frame-000000,1,0.00507880,0.084651,1832,1245,1087,1.36,158.88,64.02,7.34,231.60,0.981949324,-0.184798321,0.033333194,-0.022671662,-0.0563351,-0.7904603,-0.7110351
seq-03/frame-000001,1,0.00475196,0.165248,1824,1293,1128,1.07,141.93,68.80,6.08,217.87,0.981864687,-0.185706419,0.031669379,-0.021258257,-0.0528337,-0.7865168,-0.7056913
seq-03/frame-000002,1,0.00393055,0.094505,1724,1189,1048,1.19,103.59,52.11,9.84,166.74,0.981589008,-0.186999477,0.032284829,-0.021723346,-0.0556736,-0.7888356,-0.7048284
seq-03/frame-000003,1,0.00381337,0.138713,1811,1247,1099,1.55,103.93,48.44,9.21,163.13,0.981572602,-0.187195225,0.031977529,-0.021227627,-0.0540559,-0.7873528,-0.7019450
seq-03/frame-000004,1,0.00448864,0.150782,1770,1236,1080,1.05,135.97,61.67,12.43,211.13,0.981661509,-0.186984115,0.030958192,-0.020474676,-0.0534192,-0.7880275,-0.7005103
seq-03/frame-000005,1,0.00324718,0.132871,1751,1247,1073,1.51,166.40,76.66,8.67,253.24,0.981631409,-0.187181844,0.031078024,-0.019922120,-0.0528452,-0.7876960,-0.6973988
seq-03/frame-000006,1,0.00270587,0.066968,1817,1306,1147,1.56,174.09,71.85,15.42,262.93,0.981706400,-0.186650456,0.031622978,-0.020350375,-0.0539029,-0.7875824,-0.6972737
seq-03/frame-000007,1,0.00451943,0.122515,1803,1267,1119,1.59,106.04,67.41,15.94,190.98,0.981835616,-0.186243017,0.030906730,-0.018898045,-0.0530231,-0.7876393,-0.6967324
seq-03/frame-000008,1,0.00540850,0.186067,1765,1260,1111,1.59,162.83,81.36,13.28,259.07,0.981750317,-0.186878062,0.030331847,-0.017968974,-0.0507075,-0.7866383,-0.6944636
seq-03/frame-000009,1,0.00438351,0.130720,1841,1305,1168,1.05,160.72,69.35,11.40,242.52,0.981650561,-0.187376777,0.030235082,-0.018383655,-0.0529366,-0.7867348,-0.6914716
seq-03/frame-000010,1,0.00450032,0.142348,1233,926,829,0.95,79.14,49.06,17.20,146.35,0.981792837,-0.187285189,0.025859420,-0.018394937,-0.0555951,-0.7851870,-0.6851037
seq-03/frame-000011,1,0.00689591,0.134313,1099,734,650,0.91,76.44,41.07,14.30,132.72,0.981825752,-0.187415082,0.021849181,-0.020405698,-0.0609383,-0.7886698,-0.6803835
seq-03/frame-000012,1,0.00640415,0.136990,994,647,575,0.90,71.87,47.55,5.61,125.93,0.982073811,-0.186546205,0.015612239,-0.022086217,-0.0608915,-0.7896094,-0.6744889
seq-03/frame-000013,1,0.00571924,0.150848,1188,877,782,0.93,72.09,45.90,8.25,127.17,0.982533606,-0.184146937,0.002281872,-0.026691032,-0.0588389,-0.7886450,-0.6582289
seq-03/frame-000014,1,0.00297902,0.064126,1236,916,819,0.95,68.88,51.44,15.69,136.96,0.982450661,-0.184147125,-0.002729519,-0.029548007,-0.0612126,-0.7874942,-0.6502012
seq-03/frame-000015,1,0.00361210,0.081803,1323,995,884,0.95,88.77,41.14,12.76,143.63,0.981329169,-0.188479846,-0.013502448,-0.035862141,-0.0610604,-0.7888506,-0.6263481
seq-03/frame-000016,1,0.00326017,0.059961,1414,1048,941,0.96,78.82,67.46,13.54,160.78,0.980743218,-0.190596119,-0.018385063,-0.038442798,-0.0609612,-0.7891139,-0.6138463
seq-03/frame-000017,1,0.00324996,0.063739,1484,1098,975,0.97,93.07,56.11,16.44,166.59,0.979862250,-0.193813618,-0.023054167,-0.042127874,-0.0605171,-0.7928061,-0.5986002
seq-03/frame-000018,1,0.00450370,0.086342,1529,1141,1037,0.96,79.37,69.22,13.79,163.34,0.978769630,-0.196878574,-0.032041076,-0.047140298,-0.0581968,-0.7958711,-0.5694404
seq-03/frame-000019,1,0.00477543,0.082708,1667,1252,1130,0.97,91.27,88.48,9.16,189.88,0.978218078,-0.198681703,-0.036206811,-0.048000410,-0.0560876,-0.7976093,-0.5546148
seq-03/frame-000020,1,0.00278098,0.064241,1649,1204,1091,0.96,118.45,95.92,16.82,232.15,0.977238608,-0.201243565,-0.044088803,-0.050615296,-0.0533555,-0.8008110,-0.5213872
seq-03/frame-000021,1,0.00310060,0.036984,1707,1242,1092,0.97,71.18,78.02,18.67,168.84,0.976739415,-0.202220290,-0.048104149,-0.052659854,-0.0524227,-0.8025764,-0.5082066
seq-03/frame-000022,1,0.00373030,0.028711,1750,1262,1139,0.94,78.49,84.96,7.93,172.33,0.976274353,-0.203306547,-0.051819513,-0.053568395,-0.0497340,-0.8054352,-0.4914126
seq-03/frame-000023,1,0.00543537,0.061732,1834,1293,1158,0.95,135.09,135.26,16.81,288.11,0.975871249,-0.202800556,-0.058207493,-0.056206110,-0.0433828,-0.8115975,-0.4637274
seq-03/frame-000024,1,0.00353715,0.017235,1912,1327,1179,1.00,96.55,79.44,11.63,188.62,0.975737512,-0.202179327,-0.061095420,-0.057681694,-0.0401746,-0.8126186,-0.4495606
seq-03/frame-000025,1,0.00363263,0.103940,1877,1318,1183,0.99,112.61,134.96,15.68,264.24,0.974971906,-0.202203081,-0.066284362,-0.064421106,-0.0343470,-0.8190484,-0.4226594
seq-03/frame-000026,1,0.00344146,0.043409,1760,1261,1138,1.72,106.12,133.22,60.07,301.13,0.974510842,-0.201928520,-0.069493933,-0.068731975,-0.0312753,-0.8222806,-0.4080169
seq-03/frame-000027,1,0.00567859,0.097430,1632,1178,1036,0.98,113.14,162.66,13.04,289.83,0.973900006,-0.200037747,-0.076215010,-0.075464891,-0.0297326,-0.8297413,-0.3805294
seq-03/frame-000028,1,0.00787785,0.137004,1606,1173,1047,1.38,120.67,157.19,11.79,291.03,0.973458599,-0.199027791,-0.081087782,-0.078683332,-0.0255530,-0.8342930,-0.3678583
seq-03/frame-000029,1,0.00719770,0.120082,1869,1396,1246,0.99,149.19,140.14,7.36,297.68,0.972875300,-0.195403775,-0.088691853,-0.086398903,-0.0122188,-0.8425133,-0.3424214
seq-03/frame-000030,1,0.00717835,0.145629,1635,1193,1077,0.95,139.87,133.03,11.53,285.39,0.972654116,-0.193698966,-0.090523538,-0.090720285,-0.0074147,-0.8485171,-0.3287315
seq-03/frame-000031,1,0.00419970,0.108901,1598,1199,1074,0.97,213.18,87.66,15.36,317.17,0.972938717,-0.190288986,-0.092238515,-0.093125788,-0.0030483,-0.8524937,-0.3146783
seq-03/frame-000032,1,0.00672320,0.087671,1922,1483,1371,1.06,187.86,86.44,16.11,291.47,0.972403778,-0.188630014,-0.097388403,-0.096773492,0.0135322,-0.8663679,-0.2926545
seq-03/frame-000033,1,0.00623177,0.126125,1731,1308,1183,1.82,161.30,87.17,21.20,271.50,0.972182137,-0.187614271,-0.097930083,-0.100361728,0.0216171,-0.8728556,-0.2796129
seq-03/frame-000034,1,0.00724004,0.122558,1837,1345,1222,1.88,166.87,102.32,20.02,291.10,0.972322716,-0.184354857,-0.098323506,-0.104567255,0.0261212,-0.8818193,-0.2555226
seq-03/frame-000035,1,0.00459107,0.108808,1635,1226,1104,1.16,130.96,93.98,14.84,240.94,0.972568318,-0.181702795,-0.101671260,-0.103720369,0.0308090,-0.8832011,-0.2419372
seq-03/frame-000036,1,0.00565107,0.103921,1777,1295,1189,0.95,136.34,109.21,13.16,259.66,0.972574664,-0.179345494,-0.106965692,-0.102430745,0.0395606,-0.8871711,-0.2320456
seq-03/frame-000037,1,0.00905490,0.159432,2231,1688,1560,1.10,151.49,152.04,18.09,322.73,0.971353535,-0.180353995,-0.116568035,-0.101767578,0.0621713,-0.8954046,-0.2122199
seq-03/frame-000038,1,0.00761289,0.076866,1673,1115,1007,0.98,122.17,110.01,13.90,247.05,0.970916367,-0.182148781,-0.117901829,-0.101204691,0.0775949,-0.9012001,-0.1957536
seq-03/frame-000039,1,0.00781787,0.110230,1586,1113,1011,0.96,121.54,125.58,10.76,258.84,0.970832711,-0.183551264,-0.113995369,-0.103912640,0.0957378,-0.9044829,-0.1689482
seq-03/frame-000040,1,0.00884361,0.148895,1785,1280,1150,0.98,125.31,124.85,12.72,263.87,0.970909959,-0.184897742,-0.111994782,-0.102974971,0.1019831,-0.9086358,-0.1528469
seq-03/frame-000041,1,0.00538789,0.082237,1958,1406,1256,1.56,164.61,100.36,15.41,281.95,0.971842519,-0.183809273,-0.111665211,-0.096266041,0.1243078,-0.9017365,-0.1267220
seq-03/frame-000042,1,0.01089876,0.220892,1626,1149,1028,0.94,134.88,123.59,47.00,306.42,0.971355114,-0.186748074,-0.111594304,-0.095609159,0.1358587,-0.9057448,-0.1130553
seq-03/frame-000043,1,0.00863605,0.156317,1381,991,867,1.88,155.68,63.09,8.47,229.12,0.971360468,-0.190819724,-0.107339101,-0.092330883,0.1576363,-0.9041909,-0.0819395
seq-03/frame-000044,1,0.01026413,0.183106,1430,1019,908,1.27,134.13,61.95,15.05,212.41,0.971356098,-0.192892002,-0.105083338,-0.090650422,0.1681702,-0.9050626,-0.0679143
seq-03/frame-000045,1,0.01060278,0.209493,1141,758,625,1.33,121.60,61.36,11.40,195.69,0.971285162,-0.197024690,-0.100334882,-0.087859640,0.1904314,-0.9074706,-0.0372420
seq-03/frame-000046,1,0.00814058,0.188801,1133,744,613,0.91,107.72,49.02,14.14,171.79,0.971385631,-0.199617603,-0.094937166,-0.086889029,0.1994251,-0.9106633,-0.0190583
seq-03/frame-000047,1,0.00643726,0.124034,1716,1168,1003,1.25,140.58,71.08,12.35,225.26,0.972679549,-0.197282581,-0.086959242,-0.086093954,0.2110569,-0.9105873,0.0089130
seq-03/frame-000048,1,0.00871254,0.180411,1460,991,847,0.99,89.75,74.13,12.21,177.08,0.972846504,-0.198223878,-0.085813436,-0.083144626,0.2221424,-0.9166333,0.0203982
seq-03/frame-000049,1,0.01173883,0.255021,1138,733,622,0.93,86.09,56.09,15.74,158.86,0.973982131,-0.198086014,-0.078802868,-0.076882040,0.2476579,-0.9220438,0.0491578
seq-03/frame-000050,1,0.00393025,0.089175,1400,911,790,0.94,82.55,65.45,8.61,157.56,0.974720165,-0.195940523,-0.074337170,-0.077471909,0.2508576,-0.9197741,0.0631882
seq-03/frame-000051,1,0.00476194,0.066388,1588,1156,1003,1.02,103.82,61.87,8.82,175.54,0.975362786,-0.193852802,-0.072396555,-0.076467415,0.2556681,-0.9211241,0.0749998
seq-03/frame-000052,1,0.00560585,0.164724,1877,1317,1149,1.09,96.52,82.95,10.53,191.09,0.976190762,-0.191463980,-0.075984935,-0.067966391,0.2760853,-0.9187454,0.0969512
seq-03/frame-000053,1,0.00353837,0.094102,1550,1044,900,1.00,97.55,66.04,6.35,170.94,0.975945133,-0.192782423,-0.077341239,-0.066214565,0.2894141,-0.9205583,0.1122018
seq-03/frame-000054,1,0.00470083,0.078932,1261,849,729,1.22,103.22,52.98,10.83,168.26,0.976039675,-0.193095947,-0.075915152,-0.065554536,0.3019605,-0.9215344,0.1265562
seq-03/frame-000055,1,0.00381783,0.090931,1823,1263,1110,2.26,85.89,70.55,11.43,170.14,0.976378101,-0.193025819,-0.073329173,-0.063637010,0.3214765,-0.9167975,0.1526502
seq-03/frame-000056,1,0.00416015,0.098801,1823,1323,1160,1.92,101.18,75.47,19.60,198.16,0.976329903,-0.192467021,-0.075476526,-0.063558322,0.3285878,-0.9150396,0.1654000
seq-03/frame-000057,1,0.00266550,0.055417,1739,1172,1011,1.01,96.33,99.20,17.30,213.85,0.976057209,-0.189272251,-0.087261596,-0.062239491,0.3520418,-0.9091185,0.1919535
seq-03/frame-000058,1,0.00360148,0.083022,1807,1274,1129,1.27,97.44,115.84,13.70,228.25,0.975868963,-0.187784287,-0.092773140,-0.061724975,0.3646026,-0.9073803,0.2045304
seq-03/frame-000059,1,0.00299853,0.090341,1880,1286,1130,1.08,92.05,135.26,11.90,240.29,0.975620602,-0.186094453,-0.098855993,-0.061325263,0.3799527,-0.9023635,0.2146440
seq-03/frame-000060,1,0.00458082,0.153416,1797,1215,1089,1.01,83.24,83.23,21.01,188.49,0.973525180,-0.188722014,-0.110167415,-0.067051213,0.4115956,-0.9001726,0.2381316
seq-03/frame-000061,1,0.00398880,0.090398,1856,1303,1172,1.59,92.73,152.32,20.33,266.98,0.972970884,-0.187919765,-0.114906362,-0.069356676,0.4264513,-0.8971114,0.2492779
seq-03/frame-000062,1,0.00357938,0.076872,1856,1283,1112,1.12,163.03,112.39,12.85,289.40,0.972795475,-0.185455241,-0.119442126,-0.070773554,0.4374204,-0.8903794,0.2570916
seq-03/frame-000063,1,0.00562643,0.170733,1245,888,740,0.94,147.33,87.78,12.17,248.22,0.970976193,-0.181713097,-0.137544011,-0.072575664,0.4664993,-0.8902093,0.2683951
seq-03/frame-000064,1,0.00444917,0.137400,1339,966,833,0.96,141.00,98.19,14.82,254.97,0.969330464,-0.181083688,-0.149704243,-0.072081818,0.4851075,-0.8905389,0.2759557
seq-03/frame-000065,1,0.00283020,0.086112,1464,1097,951,1.52,131.36,113.57,13.22,259.67,0.966042020,-0.179141561,-0.170180849,-0.075561862,0.5198084,-0.8869106,0.2908277
seq-03/frame-000066,1,0.00311924,0.134067,1177,848,731,2.17,165.09,87.71,5.82,260.79,0.964575679,-0.176342196,-0.180157802,-0.077719722,0.5320604,-0.8896519,0.2965464
seq-03/frame-000067,1,0.00598056,0.153174,1226,803,659,1.76,140.47,84.26,14.03,240.53,0.960507831,-0.172572299,-0.205594776,-0.073309592,0.5708029,-0.8802031,0.3027613
seq-03/frame-000068,1,0.00429776,0.122239,1450,1060,896,2.67,145.38,85.86,11.20,245.12,0.957060832,-0.174151878,-0.218440370,-0.077391804,0.5902588,-0.8872858,0.3098184
seq-03/frame-000069,1,0.00425583,0.110928,1544,1101,994,1.18,147.09,110.54,15.96,274.77,0.952229912,-0.176115729,-0.235914904,-0.081151728,0.6253649,-0.8838254,0.3217614
seq-03/frame-000070,1,0.00165106,0.025476,1749,1315,1190,1.60,138.58,108.26,17.52,265.96,0.949819440,-0.178700445,-0.242074744,-0.085492688,0.6389174,-0.8866035,0.3315867
seq-03/frame-000071,1,0.00282250,0.029297,1903,1400,1245,1.04,145.94,136.27,27.90,311.16,0.948031468,-0.179143440,-0.247312287,-0.089334179,0.6505544,-0.8890579,0.3375216
seq-03/frame-000072,1,0.00407555,0.066656,1794,1253,1106,3.04,135.88,126.53,15.30,280.76,0.944907113,-0.178034423,-0.259844012,-0.089080764,0.6753649,-0.8906422,0.3479584
seq-03/frame-000073,1,0.00289777,0.025736,1952,1432,1251,1.04,192.27,92.02,17.51,302.84,0.943253046,-0.176830240,-0.266835079,-0.088339114,0.6932340,-0.8903056,0.3566087
seq-03/frame-000074,1,0.00568305,0.073928,1662,1186,1074,0.97,114.61,85.25,8.95,209.78,0.941527708,-0.175778728,-0.271201213,-0.095274946,0.7255886,-0.8926592,0.3712562
seq-03/frame-000075,1,0.00305204,0.048707,2202,1582,1403,2.28,153.20,252.43,20.74,428.68,0.941235216,-0.174302539,-0.272431838,-0.097343654,0.7323825,-0.8913335,0.3748611
seq-03/frame-000076,1,0.00354334,0.085701,2068,1486,1344,2.34,155.81,110.85,15.46,284.46,0.938489039,-0.173078395,-0.283077769,-0.095651288,0.7622909,-0.8919459,0.3874734
seq-03/frame-000077,1,0.00387977,0.050467,1943,1341,1201,5.05,160.72,100.39,7.45,273.61,0.937377198,-0.171902076,-0.287117926,-0.096627952,0.7766470,-0.8916674,0.3977188
seq-03/frame-000078,1,0.00441188,0.029406,1535,1139,1020,0.94,136.21,79.69,14.83,231.68,0.936411309,-0.169820811,-0.290660880,-0.099050523,0.8091946,-0.8876387,0.4066925
seq-03/frame-000079,1,0.00563649,0.104775,1625,1091,991,0.95,131.75,91.75,9.37,233.82,0.935455574,-0.171241877,-0.291949345,-0.101807018,0.8230449,-0.8880879,0.4178221
seq-03/frame-000080,1,0.00406223,0.062638,1803,1290,1170,2.60,133.29,107.17,7.17,250.23,0.935107168,-0.168066006,-0.293105586,-0.106852781,0.8480546,-0.8890369,0.4300081
seq-03/frame-000081,1,0.00387246,0.059287,1829,1276,1142,1.00,101.60,81.18,10.22,194.00,0.934727671,-0.167331151,-0.294652181,-0.107072682,0.8604010,-0.8909996,0.4381747
seq-03/frame-000082,1,0.00458710,0.070041,1961,1423,1277,1.22,128.48,115.18,13.72,258.60,0.934214865,-0.161607948,-0.299982409,-0.105527305,0.8934597,-0.8902611,0.4476444
seq-03/frame-000083,1,0.00479072,0.067165,1597,1139,1020,1.04,110.19,90.07,17.97,219.27,0.933137599,-0.161189024,-0.302843645,-0.107508352,0.9137864,-0.8885027,0.4551349
seq-03/frame-000084,1,0.00539243,0.055261,1864,1365,1214,1.24,119.72,101.66,19.47,242.10,0.932346099,-0.162570719,-0.303175443,-0.111293141,0.9420420,-0.8920900,0.4676580
seq-03/frame-000085,1,0.00382057,0.050609,1829,1322,1198,0.99,143.80,89.94,12.75,247.48,0.931649609,-0.163361713,-0.305309442,-0.110127658,0.9568510,-0.8906027,0.4725566
seq-03/frame-000086,1,0.00453476,0.043104,1401,932,840,1.96,121.93,73.63,12.39,209.91,0.930239156,-0.166985218,-0.308100874,-0.108834281,0.9930254,-0.8910331,0.4915020
seq-03/frame-000087,1,0.00351040,0.077465,1246,865,754,3.69,107.53,62.56,13.49,187.26,0.930157253,-0.167827118,-0.305701877,-0.114838608,1.0188534,-0.8865884,0.5044621
seq-03/frame-000088,1,0.00341097,0.056396,1573,1059,940,1.08,122.96,72.08,14.07,210.18,0.930282884,-0.169060303,-0.304510081,-0.115178035,1.0314692,-0.8865081,0.5089646
seq-03/frame-000089,1,0.00333990,0.016956,1564,1085,980,0.97,111.41,79.91,9.34,201.64,0.929094912,-0.171672459,-0.307968704,-0.111653428,1.0567451,-0.8825172,0.5194048
seq-03/frame-000090,1,0.00310682,0.065466,1356,938,852,0.95,87.56,67.70,7.97,164.19,0.927710160,-0.175869029,-0.310302428,-0.110165085,1.0881110,-0.8753996,0.5338188
seq-03/frame-000091,1,0.00504986,0.041494,1425,984,862,1.02,110.72,60.35,9.37,181.46,0.927823668,-0.177109877,-0.309229675,-0.110237654,1.0996967,-0.8732614,0.5365561
seq-03/frame-000092,1,0.00463112,0.075649,1637,1079,963,1.92,93.38,97.40,14.57,207.28,0.927877092,-0.177599724,-0.309561494,-0.108046853,1.1232993,-0.8647225,0.5433243
seq-03/frame-000093,1,0.00413395,0.084494,1391,969,855,0.94,112.66,75.59,15.92,205.11,0.927828578,-0.177478800,-0.309801810,-0.107973351,1.1367973,-0.8594573,0.5458667
seq-03/frame-000094,1,0.00533399,0.090810,1544,1112,975,0.96,113.55,99.75,10.52,224.79,0.928679254,-0.176131617,-0.306938674,-0.111000659,1.1585060,-0.8488712,0.5429626
seq-03/frame-000095,1,0.00543895,0.111312,1677,1174,1027,0.97,134.97,86.16,23.11,245.22,0.927930328,-0.173232183,-0.310393659,-0.112212713,1.1750406,-0.8369421,0.5374801
seq-03/frame-000096,1,0.00391162,0.107892,1476,1021,894,0.99,126.33,71.07,22.92,221.31,0.926773163,-0.171777650,-0.314499794,-0.112578077,1.1842439,-0.8297949,0.5355702
seq-03/frame-000097,1,0.00421818,0.141556,1549,1093,946,1.02,98.33,97.03,16.03,212.43,0.924888754,-0.166964938,-0.322355746,-0.113094097,1.2027169,-0.8122162,0.5272232
seq-03/frame-000098,1,0.00751547,0.106180,1451,968,848,0.91,115.55,92.40,16.69,225.55,0.923715981,-0.166747949,-0.325105626,-0.115109689,1.2128877,-0.8069188,0.5209572
seq-03/frame-000099,1,0.00340507,0.090988,1719,1156,997,0.97,125.65,89.74,26.06,242.42,0.922316844,-0.165261041,-0.327973935,-0.120222816,1.2253224,-0.7874088,0.5157210
seq-03/frame-000100,1,0.00317454,0.075797,1428,950,829,4.03,111.87,73.64,23.45,213.00,0.920359632,-0.163114039,-0.334944731,-0.118928489,1.2379968,-0.7726261,0.5079996
seq-03/frame-000101,1,0.00340872,0.030989,1848,1221,1051,1.01,101.82,142.81,24.65,270.30,0.918620833,-0.158368216,-0.342681987,-0.116723302,1.2505430,-0.7557559,0.5013692
seq-03/frame-000102,1,0.00176352,0.076289,1883,1228,1037,1.02,176.03,125.62,15.00,317.68,0.918136986,-0.155124151,-0.345791862,-0.115710683,1.2572089,-0.7458154,0.5002381
seq-03/frame-000103,1,0.00288418,0.027057,1879,1169,1003,1.01,183.10,123.27,13.47,320.85,0.918028898,-0.150098937,-0.349513057,-0.111954785,1.2661602,-0.7277139,0.4926470
seq-03/frame-000104,1,0.00200531,0.054282,1839,1142,991,1.22,186.37,100.86,12.50,300.95,0.917382807,-0.147033261,-0.353598831,-0.108433727,1.2712962,-0.7091026,0.4861011
seq-03/frame-000105,1,0.00350276,0.040840,1896,1181,1013,1.03,183.59,113.52,9.96,308.10,0.916712297,-0.143631686,-0.357129419,-0.107084455,1.2744936,-0.6926245,0.4779514
seq-03/frame-000106,1,0.00471504,0.059647,1950,1223,1052,1.33,191.84,110.11,19.23,322.50,0.916737701,-0.142252415,-0.357295035,-0.108150336,1.2749266,-0.6864012,0.4753890
seq-03/frame-000107,1,0.00191130,0.055514,2078,1293,1064,4.25,190.79,117.17,9.42,321.63,0.917874717,-0.139517055,-0.355443921,-0.108169379,1.2675465,-0.6682760,0.4674345
seq-03/frame-000108,1,0.00255886,0.054003,2032,1251,1069,4.51,157.57,110.43,9.11,281.63,0.919362757,-0.133310737,-0.354462655,-0.106567322,1.2620655,-0.6556557,0.4582973
seq-03/frame-000109,1,0.00459042,0.079928,1801,1147,979,15.06,170.92,93.76,16.83,296.57,0.921470523,-0.128512281,-0.351058884,-0.105519329,1.2557770,-0.6458774,0.4501048
seq-03/frame-000110,1,0.00399422,0.054041,1884,1178,1024,7.49,178.06,100.93,7.15,293.63,0.923432076,-0.123910352,-0.348347103,-0.102828605,1.2493880,-0.6293298,0.4372946
seq-03/frame-000111,1,0.00250933,0.050477,2090,1296,1081,1.05,134.66,113.60,9.87,259.18,0.923472031,-0.124443680,-0.348131559,-0.102555328,1.2417153,-0.6245404,0.4346719
seq-03/frame-000112,1,0.00405231,0.102752,1940,1221,1029,2.19,125.21,77.24,10.93,215.57,0.924235289,-0.125018762,-0.345661997,-0.103330646,1.2334123,-0.6151241,0.4263986
seq-03/frame-000113,1,0.00383977,0.102961,1973,1186,1004,1.69,115.74,103.90,11.59,232.93,0.925849120,-0.125047462,-0.342057423,-0.100812989,1.2202092,-0.6054841,0.4187308
seq-03/frame-000114,1,0.00445337,0.111594,1588,995,824,0.93,118.97,71.19,8.61,199.72,0.928723778,-0.125312289,-0.333006498,-0.104286372,1.2058155,-0.5965094,0.4104563
seq-03/frame-000115,1,0.00435939,0.114049,1913,1209,1023,1.09,113.67,102.55,7.12,224.43,0.930164542,-0.126267230,-0.328448575,-0.104747532,1.1934506,-0.5905631,0.4051198
seq-03/frame-000116,1,0.00533766,0.126365,1727,1064,891,1.07,92.12,82.99,11.67,187.86,0.930835638,-0.128483571,-0.327034109,-0.100427484,1.1727416,-0.5758464,0.3970754
seq-03/frame-000117,1,0.00542111,0.148638,1913,1152,962,1.02,134.86,87.95,10.48,234.33,0.931244500,-0.129320368,-0.325885410,-0.099290597,1.1501375,-0.5623939,0.3920205
seq-03/frame-000118,1,0.00355862,0.124792,1765,1122,943,0.96,101.37,93.51,15.09,210.93,0.931903772,-0.129681297,-0.324027141,-0.098714406,1.1373573,-0.5545759,0.3886622
seq-03/frame-000119,1,0.00596254,0.138559,1251,792,669,0.90,74.29,56.41,14.07,145.68,0.932859064,-0.130869182,-0.322272689,-0.093741866,1.1107176,-0.5402039,0.3808303
seq-03/frame-000120,1,0.00619902,0.142322,1166,710,577,0.90,78.05,57.50,10.24,146.68,0.931194861,-0.134874096,-0.328407977,-0.082663831,1.0869055,-0.5224755,0.3755612
seq-03/frame-000121,1,0.00539432,0.111589,1331,777,637,0.90,99.11,73.48,8.69,182.19,0.929342730,-0.140851905,-0.332797694,-0.075687028,1.0691271,-0.5070899,0.3716376
seq-03/frame-000122,1,0.00527347,0.067818,1284,775,653,0.91,92.30,63.45,13.91,170.58,0.928618163,-0.144612315,-0.333920064,-0.072477419,1.0582727,-0.4992154,0.3681141
seq-03/frame-000123,1,0.00624699,0.193382,1265,823,687,1.69,83.62,63.64,16.12,165.07,0.927140035,-0.150634345,-0.336228389,-0.068345594,1.0494370,-0.4911546,0.3641805
seq-03/frame-000124,1,0.00629772,0.181021,1592,942,773,0.93,100.66,90.21,13.59,205.40,0.926400437,-0.160390459,-0.334337147,-0.065389634,1.0375724,-0.4795108,0.3600823
seq-03/frame-000125,1,0.00415796,0.139596,1903,1108,868,1.00,111.52,106.16,15.19,233.87,0.926613994,-0.162764747,-0.332911821,-0.063748435,1.0304114,-0.4757707,0.3582617
seq-03/frame-000126,1,0.00622859,0.193527,1365,865,707,0.90,101.44,75.60,12.71,190.64,0.926414190,-0.165377537,-0.332039856,-0.064471333,1.0281146,-0.4681989,0.3476569
seq-03/frame-000127,1,0.00710007,0.243298,1650,1020,800,1.30,120.02,82.21,23.01,226.55,0.926235477,-0.168671024,-0.330721260,-0.065279206,1.0233890,-0.4661346,0.3448864
seq-03/frame-000128,1,0.00567832,0.177684,1314,840,698,0.87,98.19,68.51,20.89,188.45,0.925974482,-0.167986867,-0.331247503,-0.068020309,1.0164895,-0.4580875,0.3332781
seq-03/frame-000129,1,0.00503606,0.123003,1277,799,663,1.10,102.37,201.68,15.38,320.53,0.924188838,-0.167462179,-0.334827338,-0.075644331,1.0120226,-0.4522823,0.3168283
seq-03/frame-000130,1,0.00698660,0.182915,1013,590,471,0.86,95.89,46.84,16.45,160.05,0.922926754,-0.165571401,-0.338751811,-0.077714403,1.0103776,-0.4475784,0.3077686
seq-03/frame-000131,1,0.00513080,0.140732,1209,702,547,0.90,106.60,58.01,11.52,177.03,0.918341844,-0.161315741,-0.351942798,-0.082229895,1.0150506,-0.4378833,0.2918235
seq-03/frame-000132,1,0.00389367,0.068263,1521,917,739,1.00,107.54,87.68,21.36,217.60,0.915972824,-0.158414229,-0.357833515,-0.088622196,1.0204521,-0.4279751,0.2747264
seq-03/frame-000133,1,0.00196720,0.028870,1451,866,695,0.94,104.29,75.66,31.68,212.58,0.915038162,-0.156297574,-0.360714256,-0.090340774,1.0234957,-0.4230316,0.2665658
seq-03/frame-000134,1,0.00410651,0.138399,1568,944,744,1.28,127.45,78.80,13.29,220.82,0.912580871,-0.152902485,-0.367969832,-0.091734329,1.0365004,-0.4091557,0.2512259
seq-03/frame-000135,1,0.00459813,0.158769,1492,882,693,1.37,116.54,75.11,7.77,200.79,0.912614682,-0.149376307,-0.369057442,-0.092831922,1.0430058,-0.3971233,0.2364776
seq-03/frame-000136,1,0.00246798,0.083732,1766,980,760,1.24,120.36,73.75,32.47,227.82,0.910743921,-0.145687405,-0.375313750,-0.091979779,1.0575063,-0.3880686,0.2192519
seq-03/frame-000137,1,0.00470437,0.104757,1859,967,714,1.49,127.05,113.27,10.08,251.89,0.911932973,-0.139100595,-0.373624349,-0.097129415,1.0691074,-0.3779495,0.2097441
seq-03/frame-000138,1,0.00539691,0.145213,1799,967,749,2.23,116.69,86.97,17.42,223.32,0.912816005,-0.135822896,-0.373459299,-0.094059735,1.0723783,-0.3680334,0.2024604
seq-03/frame-000139,1,0.00495967,0.135767,1544,831,638,2.31,123.24,103.75,10.20,239.50,0.913138005,-0.130793285,-0.375061054,-0.091658643,1.0851701,-0.3549008,0.1962522
seq-03/frame-000140,1,0.00242748,0.083446,1543,775,538,1.65,102.61,99.61,12.34,216.21,0.916859249,-0.126970325,-0.365882477,-0.096838359,1.0902575,-0.3416435,0.1854617
seq-03/frame-000141,1,0.00255916,0.083998,1602,797,594,0.93,113.32,79.96,11.58,205.79,0.919218173,-0.123346375,-0.362544419,-0.091570554,1.0946018,-0.3278917,0.1813043
seq-03/frame-000142,1,0.00292964,0.057555,1677,790,573,0.96,123.77,82.82,15.24,222.79,0.922699906,-0.120414277,-0.356317907,-0.084633526,1.1011810,-0.3159259,0.1776691
seq-03/frame-000143,1,0.00491656,0.083359,1553,666,462,0.92,104.56,82.03,8.20,195.70,0.924263364,-0.117617880,-0.353870166,-0.081726215,1.1033106,-0.3076002,0.1786955
seq-03/frame-000144,1,0.00547997,0.129109,1490,665,446,0.91,108.72,88.36,11.18,209.17,0.927732582,-0.112562304,-0.347679150,-0.075902524,1.1080301,-0.3003202,0.1751054
seq-03/frame-000145,1,0.00442950,0.173939,1316,519,351,0.91,88.84,69.28,16.05,175.08,0.930848940,-0.108746651,-0.340953648,-0.073790418,1.1142282,-0.2848438,0.1701839
seq-03/frame-000146,1,0.00761510,0.197494,1708,719,481,0.98,113.57,84.01,11.19,209.74,0.933271175,-0.109671504,-0.335268740,-0.067616178,1.1195226,-0.2732066,0.1698728
seq-03/frame-000147,1,0.00452967,0.219168,1131,414,250,1.57,92.50,68.59,13.54,176.21,0.936027255,-0.106200462,-0.329470148,-0.063433918,1.1230884,-0.2575463,0.1683859
seq-03/frame-000148,1,0.00612531,0.184923,1389,563,356,1.09,88.58,66.99,17.28,173.94,0.941097035,-0.102616388,-0.316618720,-0.059655961,1.1176887,-0.2482179,0.1680619
seq-03/frame-000149,1,0.01470004,0.360825,1682,685,436,1.12,113.31,93.76,12.32,220.51,0.941465257,-0.102364806,-0.316269749,-0.056018410,1.1361993,-0.2481130,0.1638820
seq-03/frame-000150,1,0.00515954,0.104092,1297,499,342,1.10,85.35,76.96,16.75,180.17,0.944755853,-0.099231488,-0.308267222,-0.050604440,1.1310637,-0.2326992,0.1635944
seq-03/frame-000151,1,0.00518304,0.170369,1627,654,436,1.33,101.48,89.99,17.97,210.77,0.947702892,-0.094429347,-0.300915667,-0.048908981,1.1330635,-0.2264821,0.1655391
seq-03/frame-000152,1,0.00160632,0.028885,1747,616,385,0.96,115.33,96.84,15.70,228.83,0.950240568,-0.090502083,-0.294379406,-0.046829499,1.1308854,-0.2155741,0.1630134
seq-03/frame-000153,1,0.00653751,0.125642,1429,527,331,0.89,94.93,67.18,9.73,172.73,0.951083775,-0.091320502,-0.290865881,-0.049972570,1.1372870,-0.2055174,0.1671516
seq-03/frame-000154,1,0.00449520,0.121414,1687,641,405,0.93,116.82,90.19,18.89,226.83,0.952440139,-0.093701474,-0.286088696,-0.047234232,1.1371400,-0.2018683,0.1655856
seq-03/frame-000155,1,0.00819769,0.253493,1807,607,361,1.04,108.05,85.78,14.21,209.09,0.952392251,-0.097542442,-0.285111347,-0.046324845,1.1311593,-0.2077237,0.1679509
seq-03/frame-000156,1,0.00463174,0.143136,1881,641,381,0.97,111.23,96.89,34.40,243.49,0.953056059,-0.098351151,-0.282805514,-0.045080383,1.1286981,-0.1991545,0.1710412
seq-03/frame-000157,1,0.00509701,0.066464,1817,606,353,1.01,111.10,99.02,23.96,235.09,0.952733955,-0.098497258,-0.283398077,-0.047768510,1.1302228,-0.2025654,0.1753299
seq-03/frame-000158,1,0.00738730,0.173522,1691,570,331,0.94,104.97,98.41,21.70,226.03,0.951730644,-0.100009187,-0.285951250,-0.049384479,1.1228523,-0.2094289,0.1697976
seq-03/frame-000159,1,0.00354213,0.089842,1328,524,327,0.86,103.11,85.18,10.85,200.00,0.948771807,-0.106289148,-0.292995598,-0.051848375,1.1281358,-0.2189931,0.1708013
seq-03/frame-000160,1,0.00614431,0.131870,1415,594,408,2.01,93.29,98.05,14.29,207.65,0.947362117,-0.109610083,-0.295868029,-0.054339284,1.1218892,-0.2245557,0.1715158
seq-03/frame-000161,1,0.00951879,0.240019,1301,478,306,0.88,126.92,62.32,11.76,201.89,0.944006467,-0.118718099,-0.302382157,-0.057644025,1.1198542,-0.2407424,0.1727732
seq-03/frame-000162,1,0.00884557,0.273576,1052,438,293,0.97,115.29,50.85,19.27,186.39,0.939275710,-0.123555557,-0.314985272,-0.057266425,1.1320917,-0.2477420,0.1704173
seq-03/frame-000163,1,0.00476429,0.065509,1178,481,316,3.71,120.45,61.25,24.25,209.67,0.934114192,-0.132304784,-0.326128780,-0.059717169,1.1248449,-0.2725660,0.1754400
seq-03/frame-000164,1,0.00566215,0.152925,1126,508,336,0.86,100.24,61.35,20.33,182.79,0.932083804,-0.135429259,-0.330446513,-0.060694316,1.1234482,-0.2769166,0.1737494
seq-03/frame-000165,1,0.00671092,0.261196,948,405,287,0.86,97.30,34.48,6.90,139.54,0.926172046,-0.145446088,-0.342320876,-0.062186766,1.1294217,-0.2927068,0.1759936
seq-03/frame-000166,1,0.00381272,0.083910,1076,473,313,0.86,87.66,40.67,10.77,139.97,0.917759233,-0.160129478,-0.358009517,-0.062495812,1.1287563,-0.3179068,0.1800888
seq-03/frame-000167,1,0.00664175,0.171523,1311,599,436,0.88,89.72,54.40,9.03,154.04,0.910979607,-0.171573522,-0.368731856,-0.068669501,1.1354212,-0.3361261,0.1858598
seq-03/frame-000168,1,0.00762275,0.252049,1189,557,406,0.87,147.42,133.55,7.72,289.57,0.905361119,-0.178989792,-0.377607346,-0.075475762,1.1333490,-0.3592550,0.1874041
seq-03/frame-000169,1,0.00292045,0.119870,1141,517,371,0.85,97.52,41.96,12.04,152.37,0.900471899,-0.188061575,-0.384238983,-0.078381163,1.1366213,-0.3773706,0.1913227
seq-03/frame-000170,1,0.00592157,0.214444,1420,791,610,0.91,84.27,65.30,18.02,168.51,0.893858828,-0.195160933,-0.394354928,-0.086097596,1.1368399,-0.4058823,0.1975718
seq-03/frame-000171,1,0.00554911,0.150685,1533,836,634,0.93,91.12,81.81,22.10,195.96,0.887127978,-0.206305644,-0.399813007,-0.102914971,1.1377633,-0.4401476,0.2058400
seq-03/frame-000172,1,0.00492780,0.130774,1620,911,717,0.94,93.02,101.75,8.28,204.00,0.885730524,-0.208520762,-0.399981926,-0.109612909,1.1367418,-0.4565768,0.2106232
seq-03/frame-000173,1,0.00548246,0.148838,1696,918,727,0.94,92.61,94.78,13.41,201.75,0.882328118,-0.216910898,-0.399074550,-0.123232539,1.1359524,-0.4882558,0.2186732
seq-03/frame-000174,1,0.00726156,0.087486,1539,878,683,0.92,116.20,76.59,6.13,199.85,0.878094313,-0.226981648,-0.399053717,-0.134854884,1.1374812,-0.5261144,0.2297750
seq-03/frame-000175,1,0.00817835,0.045385,1165,739,603,1.57,134.47,56.13,8.40,200.57,0.876332742,-0.232378635,-0.397460816,-0.141654494,1.1388334,-0.5437478,0.2336987
seq-03/frame-000176,1,0.00454205,0.068244,1413,893,751,0.95,145.39,63.92,12.38,222.65,0.873601335,-0.241310679,-0.393307588,-0.154593031,1.1282568,-0.5741954,0.2453616
seq-03/frame-000177,1,0.00478273,0.107643,1190,787,679,1.09,119.41,53.28,7.74,181.52,0.872256841,-0.246040307,-0.389101311,-0.165022240,1.1345807,-0.6158099,0.2539228
seq-03/frame-000178,1,0.00617901,0.139366,1074,712,598,0.86,108.39,64.66,17.23,191.15,0.872024839,-0.246804026,-0.386497341,-0.171114751,1.1348636,-0.6327917,0.2581758
seq-03/frame-000179,1,0.00395066,0.227451,746,418,319,1.29,90.72,31.28,6.25,129.54,0.874342228,-0.247792066,-0.373534222,-0.186002541,1.1353992,-0.6754288,0.2669737
seq-03/frame-000180,1,0.00289459,0.162504,963,615,526,0.91,77.21,58.02,15.88,152.03,0.876441108,-0.245402409,-0.367060620,-0.192081086,1.1380580,-0.6892429,0.2688954
seq-03/frame-000181,1,0.00436077,0.110224,1423,1006,893,0.91,87.34,75.63,22.00,185.88,0.876964688,-0.244588870,-0.362286899,-0.199643240,1.1435209,-0.7248411,0.2701320
seq-03/frame-000182,1,0.00450220,0.173602,1326,978,885,0.87,79.34,56.28,15.26,151.76,0.874593993,-0.243689983,-0.363155867,-0.209328345,1.1450398,-0.7606927,0.2746455
seq-03/frame-000183,1,0.00353047,0.144541,1213,859,765,0.88,80.38,56.91,12.03,150.21,0.874007803,-0.243000582,-0.363012630,-0.212797810,1.1487150,-0.7808012,0.2780854
seq-03/frame-000184,1,0.00321100,0.082442,1184,803,716,0.86,94.98,78.91,20.13,194.88,0.873289455,-0.242593540,-0.362235189,-0.217484641,1.1545603,-0.8205211,0.2879290
seq-03/frame-000185,1,0.00581978,0.078166,1054,711,610,0.89,87.47,62.55,11.98,162.88,0.873946940,-0.241255469,-0.360622156,-0.219007319,1.1636640,-0.8359933,0.2941813
seq-03/frame-000186,1,0.00381570,0.066632,1285,904,795,0.89,80.69,56.82,10.90,149.30,0.874379339,-0.239384309,-0.354733511,-0.228735788,1.1717768,-0.8644795,0.3077120
seq-03/frame-000187,1,0.00533208,0.095188,1469,1007,901,0.92,101.88,66.56,9.66,179.02,0.874702234,-0.236080851,-0.352262892,-0.234675709,1.1783443,-0.8884712,0.3216487
seq-03/frame-000188,1,0.00538419,0.144286,1156,768,659,0.88,82.89,81.52,8.46,173.75,0.874403424,-0.232610518,-0.353102399,-0.237969943,1.1907829,-0.9143388,0.3417444
seq-03/frame-000189,1,0.00450194,0.137916,1074,685,582,0.86,88.64,69.86,7.27,166.64,0.875448879,-0.230105443,-0.350166990,-0.240881350,1.1991438,-0.9254519,0.3515935
seq-03/frame-000190,1,0.00597844,0.171713,1568,1067,932,1.22,116.93,61.28,9.84,189.26,0.875693042,-0.223899492,-0.346865427,-0.250429808,1.2052287,-0.9428485,0.3735827
seq-03/frame-000191,1,0.00482157,0.150231,1443,1009,896,0.92,91.73,89.08,25.00,206.73,0.873044616,-0.217380230,-0.351283841,-0.259111168,1.2077085,-0.9585127,0.3959604
seq-03/frame-000192,1,0.00632720,0.165248,1654,1147,1031,0.97,120.72,61.76,9.57,193.03,0.870289114,-0.214387231,-0.356665626,-0.263485493,1.2140698,-0.9678234,0.4114626
seq-03/frame-000193,1,0.00716368,0.201631,1347,946,810,0.93,104.84,59.55,7.13,172.45,0.866032089,-0.207277321,-0.363567612,-0.273574713,1.2205821,-0.9829958,0.4402879
seq-03/frame-000194,1,0.00552529,0.135967,1390,971,846,0.92,105.08,53.42,10.86,170.29,0.860349166,-0.195948981,-0.373119513,-0.286679505,1.2200539,-0.9959417,0.4690815
seq-03/frame-000195,1,0.00615271,0.187010,1279,855,732,0.89,93.09,40.74,6.80,141.53,0.853195081,-0.186889801,-0.388240700,-0.293937945,1.2232031,-1.0136086,0.5044039
seq-03/frame-000196,1,0.00637536,0.212301,1333,878,759,0.90,86.29,45.77,14.01,146.98,0.847440789,-0.174669485,-0.399041724,-0.303480449,1.2246738,-1.0259807,0.5364780
seq-03/frame-000197,1,0.00856618,0.205600,1418,874,735,0.94,84.06,45.11,9.51,139.61,0.844073935,-0.170531239,-0.405633725,-0.306462999,1.2271965,-1.0338364,0.5531057
seq-03/frame-000198,1,0.00702239,0.170786,1838,1179,1016,1.02,95.91,84.43,11.70,193.07,0.832595310,-0.160574653,-0.423939852,-0.318238641,1.2363310,-1.0484443,0.6060310
seq-03/frame-000199,1,0.00530819,0.175902,1879,1285,1111,1.01,94.66,77.43,8.18,181.29,0.830526458,-0.156668242,-0.426425871,-0.322245003,1.2357860,-1.0484181,0.6210417
seq-03/frame-000200,1,0.00633309,0.168522,1947,1310,1159,1.01,98.20,77.04,9.38,185.64,0.824718757,-0.153770491,-0.433594588,-0.328921482,1.2382384,-1.0523300,0.6515207
seq-03/frame-000201,1,0.00666058,0.154736,1823,1215,1039,0.98,94.32,69.75,8.55,173.61,0.820202353,-0.150119942,-0.435876047,-0.338739095,1.2386275,-1.0555258,0.6855243
seq-03/frame-000202,1,0.00522434,0.187909,1973,1296,1087,1.04,93.09,72.65,9.65,176.43,0.816964407,-0.147129795,-0.440943278,-0.341307788,1.2343771,-1.0502148,0.7132670
seq-03/frame-000203,1,0.00607660,0.187125,1847,1174,990,1.00,91.04,68.67,16.12,176.82,0.811082266,-0.146881499,-0.444675694,-0.350478116,1.2314154,-1.0469616,0.7483721
seq-03/frame-000204,1,0.00512340,0.148915,1799,1148,960,1.00,110.63,67.88,9.45,188.98,0.808894222,-0.144970247,-0.449580874,-0.350072568,1.2255756,-1.0385393,0.7773113
seq-03/frame-000205,1,0.00625454,0.214799,1703,1097,899,0.98,102.50,73.07,12.27,188.82,0.804067076,-0.144704544,-0.460490250,-0.347110158,1.2210637,-1.0258575,0.8071643
seq-03/frame-000206,1,0.00618726,0.199901,1854,1152,942,1.00,102.21,74.16,11.06,188.43,0.801683233,-0.144969062,-0.464740155,-0.346849468,1.2191517,-1.0208698,0.8214652
seq-03/frame-000207,1,0.00478015,0.159349,1928,1168,938,1.04,83.42,76.48,15.63,176.58,0.798161495,-0.143422726,-0.472248458,-0.345470032,1.2127560,-1.0136087,0.8536675
seq-03/frame-000208,1,0.00563248,0.213270,1352,827,661,0.92,70.79,59.69,6.98,138.38,0.795266605,-0.142486482,-0.479346640,-0.342746887,1.2028319,-0.9968756,0.8744602
seq-03/frame-000209,1,0.00586347,0.260046,1867,1112,905,1.00,81.35,86.03,15.83,184.20,0.790547538,-0.143188367,-0.490697757,-0.337264574,1.1987173,-0.9887132,0.9044955
seq-03/frame-000210,1,0.00882114,0.349986,1317,732,553,0.93,87.14,49.03,11.65,148.76,0.789787082,-0.136447097,-0.494562049,-0.336194786,1.1883243,-0.9787345,0.9281452
seq-03/frame-000211,1,0.00624984,0.265514,1328,808,611,0.90,70.32,47.46,10.55,129.22,0.789601226,-0.133792856,-0.498741539,-0.331490954,1.1838039,-0.9751440,0.9359240
seq-03/frame-000212,1,0.00594203,0.267168,1453,821,638,1.56,84.69,67.55,16.07,169.86,0.786180630,-0.129034631,-0.508381565,-0.326830639,1.1749236,-0.9636763,0.9480395
seq-03/frame-000213,1,0.00498667,0.225537,1646,928,731,0.97,91.67,57.50,8.66,158.79,0.781410525,-0.123281404,-0.518136462,-0.325167485,1.1686932,-0.9568293,0.9697595
seq-03/frame-000214,1,0.00360785,0.200223,1146,574,410,1.31,65.92,51.12,13.18,131.53,0.778751272,-0.116276622,-0.526235628,-0.321095418,1.1547621,-0.9464971,0.9762605
seq-03/frame-000215,1,0.00420855,0.237210,1123,508,324,0.82,73.14,38.40,12.99,125.35,0.771937553,-0.100992141,-0.543662977,-0.313597784,1.1432449,-0.9404578,0.9841352
seq-03/frame-000216,1,0.00649232,0.253179,1577,831,620,0.92,89.79,52.61,14.14,157.46,0.764237525,-0.088791563,-0.560627006,-0.306193441,1.1451288,-0.9265668,0.9994687
seq-03/frame-000217,1,0.00510575,0.234539,1321,723,520,0.90,87.76,44.01,10.99,143.66,0.760199807,-0.082861876,-0.566969782,-0.306227740,1.1355681,-0.9194011,1.0012833
seq-03/frame-000218,1,0.01147041,0.453018,1111,532,373,0.84,70.06,44.44,13.00,128.34,0.757739159,-0.077449107,-0.572544526,-0.303357492,1.1256966,-0.9070576,0.9982816
seq-03/frame-000219,1,0.00640005,0.304298,1176,594,432,0.89,71.13,43.20,9.27,124.50,0.746435839,-0.071507640,-0.589794812,-0.299770371,1.1273922,-0.9015468,1.0012320
seq-03/frame-000220,1,0.00226561,0.080953,1846,946,739,0.95,91.72,62.68,12.70,168.05,0.737062170,-0.068881394,-0.603446285,-0.296390440,1.1313310,-0.9093352,1.0123083
seq-03/frame-000221,1,0.00738545,0.265748,1224,603,440,0.91,81.97,41.12,6.25,130.25,0.735325635,-0.063028048,-0.606205984,-0.296374729,1.1291651,-0.8897621,1.0006268
seq-03/frame-000222,1,0.00155441,0.145285,1088,516,388,0.84,70.66,33.90,13.87,119.28,0.726316768,-0.070924574,-0.617979322,-0.292464040,1.1336675,-0.8835076,0.9973599
seq-03/frame-000223,1,0.00563217,0.301914,1097,538,373,0.87,69.28,34.74,5.99,110.88,0.716095074,-0.072777402,-0.628179748,-0.295468270,1.1273677,-0.8687601,0.9868634
seq-03/frame-000224,1,0.00373627,0.189676,1893,991,743,0.97,96.53,73.70,10.03,181.24,0.709262701,-0.079880383,-0.633962763,-0.297752851,1.1348032,-0.8784372,0.9873910
seq-03/frame-000225,1,0.00280958,0.178746,1795,934,705,0.96,98.65,79.29,10.13,189.03,0.706996934,-0.076605627,-0.634683041,-0.302430736,1.1257519,-0.8727972,0.9754451
seq-03/frame-000226,1,0.00340233,0.180602,1674,904,671,0.94,89.23,68.40,8.44,167.02,0.707682253,-0.077796124,-0.635604721,-0.298563613,1.1229662,-0.8683291,0.9712828
seq-03/frame-000227,1,0.00384523,0.232548,1609,892,676,0.92,77.28,64.64,10.64,153.48,0.707684821,-0.078350611,-0.639457325,-0.290065003,1.1224231,-0.8586320,0.9606100
seq-03/frame-000228,1,0.00276762,0.173210,1711,949,737,0.92,93.99,65.94,11.69,172.53,0.706679238,-0.077514409,-0.642405351,-0.286201565,1.1212289,-0.8571858,0.9487240
seq-03/frame-000229,1,0.00216304,0.136395,1663,906,694,0.91,84.41,63.20,9.92,158.44,0.710130032,-0.079227368,-0.642293787,-0.277303179,1.1216306,-0.8572448,0.9362473
seq-03/frame-000230,1,0.00252863,0.150711,1490,837,666,0.90,93.80,73.14,8.86,176.70,0.716890498,-0.081422971,-0.638086995,-0.268855538,1.1272922,-0.8597805,0.9246546
seq-03/frame-000231,1,0.00308633,0.110091,1677,974,742,0.91,80.20,69.20,7.85,158.17,0.727958594,-0.082932986,-0.630697642,-0.255771165,1.1288044,-0.8552711,0.9072639
seq-03/frame-000232,1,0.00232316,0.126548,1812,1058,855,0.94,94.84,99.41,15.94,211.13,0.731790192,-0.084441825,-0.627513418,-0.252149963,1.1239600,-0.8476576,0.8950493
seq-03/frame-000233,1,0.00126788,0.061542,1678,957,765,0.93,87.68,84.59,11.22,184.42,0.736331822,-0.087984586,-0.626603224,-0.239671777,1.1224997,-0.8428928,0.8732541
seq-03/frame-000234,1,0.00334552,0.115025,1587,949,792,0.92,82.34,71.07,16.49,170.81,0.742958528,-0.093048940,-0.619863342,-0.234784918,1.1189537,-0.8408265,0.8518581
seq-03/frame-000235,1,0.00507943,0.040671,1452,931,757,0.87,69.40,85.24,6.08,161.60,0.754127314,-0.097000342,-0.606701101,-0.231941162,1.1159547,-0.8332534,0.8254655
seq-03/frame-000236,1,0.00299459,0.041238,1658,1040,879,0.91,74.24,90.35,7.69,173.19,0.761987945,-0.101177743,-0.598979478,-0.224412613,1.0990244,-0.8243356,0.7962259
seq-03/frame-000237,1,0.00446379,0.099861,1856,1137,960,0.92,103.19,76.74,7.15,187.99,0.763989690,-0.103329353,-0.597678949,-0.220051521,1.0947128,-0.8221241,0.7821018
seq-03/frame-000238,1,0.00471096,0.049336,1803,1116,945,0.95,85.88,84.66,9.26,180.75,0.767576843,-0.104646732,-0.594105115,-0.216596314,1.0844387,-0.8156852,0.7511647
seq-03/frame-000239,1,0.00370668,0.051582,1354,847,709,0.88,64.60,77.08,11.79,154.35,0.767841863,-0.103555465,-0.592805095,-0.219720863,1.0697735,-0.8075276,0.7172928
seq-03/frame-000240,1,0.00766765,0.083378,1168,675,540,0.85,67.57,45.50,10.82,124.74,0.764937193,-0.103467024,-0.596028978,-0.221167634,1.0532444,-0.8049751,0.6827462
seq-03/frame-000241,1,0.00343352,0.032347,1316,828,695,0.84,74.61,54.93,10.52,140.91,0.761204489,-0.103198933,-0.599203443,-0.225550304,1.0449982,-0.7959524,0.6549186
seq-03/frame-000242,1,0.00600852,0.061312,1393,863,729,0.87,98.62,59.96,4.70,164.15,0.760376332,-0.105632871,-0.598291175,-0.229602265,1.0373854,-0.7966018,0.6406196
seq-03/frame-000243,1,0.00636522,0.146155,1175,675,535,0.85,80.99,56.10,13.10,151.04,0.758022946,-0.108204395,-0.600346362,-0.230818689,1.0185921,-0.7970463,0.6116897
seq-03/frame-000244,1,0.00411037,0.069554,1802,1107,932,1.26,95.28,84.13,8.96,189.63,0.756906521,-0.106470691,-0.603825284,-0.226167054,1.0093804,-0.7929860,0.5883773
seq-03/frame-000245,1,0.00435695,0.065889,1643,1042,891,0.89,105.07,65.86,7.07,178.89,0.760235341,-0.109026446,-0.599920022,-0.224168301,1.0051532,-0.7864198,0.5674634
seq-03/frame-000246,1,0.00220845,0.070998,1820,1125,965,0.97,91.24,83.65,10.27,186.13,0.762645906,-0.112064599,-0.596392738,-0.223893838,0.9941217,-0.7861952,0.5566628
seq-03/frame-000247,1,0.00443760,0.051735,1890,1188,1026,0.95,117.28,78.59,9.04,205.86,0.766414949,-0.113335947,-0.592597167,-0.220435223,0.9871853,-0.7842491,0.5346157
seq-03/frame-000248,1,0.00369790,0.097119,1844,1119,952,0.97,103.95,80.67,10.97,196.57,0.770962117,-0.115128772,-0.587226887,-0.218007715,0.9714332,-0.7795778,0.5131786
seq-03/frame-000249,1,0.00526398,0.140371,1649,953,785,0.92,87.79,84.93,8.05,181.70,0.775212394,-0.119983811,-0.582750730,-0.212252719,0.9591651,-0.7692470,0.4873047
seq-03/frame-000250,1,0.00382780,0.146317,1575,857,686,1.21,92.45,70.04,10.57,174.28,0.775788054,-0.123368074,-0.581559529,-0.211475122,0.9495031,-0.7649463,0.4740624
seq-03/frame-000251,1,0.00443127,0.141832,1595,962,788,0.90,85.71,60.51,7.11,154.22,0.777376881,-0.128211956,-0.578902899,-0.210043596,0.9319873,-0.7513058,0.4522362
seq-03/frame-000252,1,0.00300990,0.148971,1642,948,785,0.90,73.13,52.69,14.34,141.07,0.781212198,-0.134471284,-0.570791589,-0.214060590,0.9054820,-0.7437988,0.4250011
seq-03/frame-000253,1,0.00376808,0.136094,1669,965,793,0.92,74.72,59.68,8.90,144.22,0.782610472,-0.136836800,-0.568001668,-0.214873553,0.8920012,-0.7421443,0.4104045
seq-03/frame-000254,1,0.00290033,0.126585,1464,776,628,0.86,79.08,52.82,8.27,141.04,0.785399910,-0.142286769,-0.563002109,-0.214313047,0.8655445,-0.7318572,0.3791764
seq-03/frame-000255,1,0.00946862,0.280844,1138,473,351,0.83,71.09,38.76,14.77,125.45,0.784656020,-0.152228893,-0.562648995,-0.211109929,0.8400216,-0.7333171,0.3483869
seq-03/frame-000256,1,0.00631717,0.297513,1036,437,303,0.81,80.48,41.22,6.19,128.70,0.783246096,-0.156587166,-0.564333734,-0.208646709,0.8244099,-0.7259599,0.3350416
seq-03/frame-000257,1,0.00475671,0.115405,1770,1035,839,0.93,88.64,65.86,7.55,162.98,0.782121867,-0.162516447,-0.565535180,-0.205045726,0.8046426,-0.7241796,0.3177388
seq-03/frame-000258,1,0.00471058,0.155539,1425,893,738,0.95,81.98,64.38,10.11,157.42,0.791298889,-0.161115277,-0.552632032,-0.206120772,0.7893046,-0.7215843,0.2921863
seq-03/frame-000259,1,0.00482293,0.129427,1578,941,778,1.01,97.00,60.41,12.02,170.44,0.794951983,-0.161436521,-0.546354797,-0.208533041,0.7799946,-0.7183026,0.2775139
seq-03/frame-000260,1,0.00351209,0.227803,1225,644,484,0.81,73.08,43.13,7.23,124.26,0.797777389,-0.166635367,-0.537787682,-0.215796897,0.7597720,-0.7053024,0.2461575
seq-03/frame-000261,1,0.00439849,0.174958,1643,919,753,0.89,87.60,58.42,8.23,155.14,0.797369193,-0.175677750,-0.534894038,-0.217320193,0.7449037,-0.7087239,0.2269095
seq-03/frame-000262,1,0.00462210,0.142729,1291,792,649,0.87,72.96,49.25,5.85,128.93,0.799677918,-0.178288692,-0.530160803,-0.218306878,0.7400572,-0.7084792,0.2196403
seq-03/frame-000263,1,0.00455244,0.135786,1200,731,585,0.86,67.76,50.22,12.76,131.60,0.808416629,-0.180525649,-0.515032401,-0.220487346,0.7285329,-0.7081100,0.1964287
seq-03/frame-000264,1,0.00347109,0.121412,854,475,362,0.83,59.62,42.84,7.22,110.51,0.818699947,-0.176776492,-0.498656779,-0.223208165,0.7246508,-0.7050778,0.1761030
seq-03/frame-000265,1,0.00167633,0.211945,1037,616,490,0.87,62.66,58.14,13.84,135.52,0.826448806,-0.174647267,-0.485433440,-0.225466356,0.7144655,-0.7017752,0.1578018
seq-03/frame-000266,1,0.00100469,0.112994,1500,927,760,0.87,71.76,77.29,7.91,157.83,0.835959099,-0.175931696,-0.470102262,-0.221865471,0.7055754,-0.6925572,0.1232464
seq-03/frame-000267,1,0.00188407,0.144401,1052,667,528,0.87,55.73,40.77,6.25,103.65,0.844015753,-0.175365491,-0.456789564,-0.219607941,0.7031797,-0.6882664,0.0941341
seq-03/frame-000268,1,0.00153069,0.098164,1144,735,593,0.96,74.24,53.55,12.71,141.47,0.855905279,-0.176710282,-0.436266397,-0.214175770,0.6962244,-0.6803948,0.0552124
seq-03/frame-000269,1,0.00383223,0.193344,1260,825,673,0.89,78.84,58.06,11.24,149.03,0.865274227,-0.178449862,-0.419809801,-0.207884319,0.6862981,-0.6720614,0.0180112
seq-03/frame-000270,1,0.00300841,0.159124,1084,703,559,0.86,70.59,50.65,6.87,128.98,0.870015955,-0.178326761,-0.412332022,-0.203111074,0.6859713,-0.6663442,-0.0000917
seq-03/frame-000271,1,0.00105888,0.059693,1166,722,606,0.85,78.33,49.71,8.88,137.78,0.880794498,-0.178399069,-0.395388817,-0.189848646,0.6739189,-0.6649455,-0.0379092
seq-03/frame-000272,1,0.00404503,0.167329,1042,633,521,0.87,72.89,39.61,6.81,120.19,0.892587421,-0.177186529,-0.375568284,-0.175616327,0.6755075,-0.6551459,-0.0868566
seq-03/frame-000273,1,0.00472443,0.130002,1264,849,717,0.88,96.36,56.43,13.34,167.02,0.901813648,-0.177781498,-0.358773983,-0.162502651,0.6676631,-0.6540837,-0.1280209
seq-03/frame-000274,1,0.00375506,0.118794,917,555,429,0.84,73.14,31.75,17.17,122.90,0.908878307,-0.178034392,-0.345629606,-0.150944208,0.6744310,-0.6547470,-0.1603831
seq-03/frame-000275,1,0.00597777,0.243823,923,525,398,0.85,64.10,44.68,8.32,117.95,0.914889460,-0.174903953,-0.331591575,-0.149776199,0.6708462,-0.6515795,-0.1854518
seq-03/frame-000276,1,0.00392320,0.057578,1701,1058,874,0.93,89.26,73.03,8.60,171.82,0.921852683,-0.175295976,-0.315366559,-0.141431554,0.6630915,-0.6534935,-0.2275043
seq-03/frame-000277,1,0.00683787,0.066529,1244,797,674,0.94,80.67,55.20,11.58,148.39,0.925597466,-0.174001540,-0.306980618,-0.136951433,0.6660973,-0.6494864,-0.2675935
seq-03/frame-000278,1,0.00478589,0.074348,1209,768,644,0.88,81.92,48.29,6.23,137.32,0.927580529,-0.174786727,-0.300027271,-0.137940562,0.6643168,-0.6463058,-0.2833446
seq-03/frame-000279,1,0.00380010,0.061277,1490,1024,857,0.87,83.59,57.47,5.61,147.55,0.929772896,-0.179549612,-0.289952984,-0.138605794,0.6514925,-0.6399345,-0.3166724
seq-03/frame-000280,1,0.00640331,0.054826,1208,756,640,0.82,77.56,45.87,7.59,131.85,0.930910484,-0.183767365,-0.283946827,-0.137874672,0.6509769,-0.6319294,-0.3463093
seq-03/frame-000281,1,0.00741090,0.101492,1628,1040,874,0.91,95.29,74.30,10.00,180.51,0.933004454,-0.190888203,-0.272838788,-0.136467497,0.6375181,-0.6266483,-0.3727978
seq-03/frame-000282,1,0.00629813,0.047362,1647,1014,837,1.04,86.51,80.68,7.14,175.37,0.933808602,-0.191912814,-0.269355397,-0.136450126,0.6298941,-0.6252741,-0.3839369
seq-03/frame-000283,1,0.00478259,0.098881,1291,848,706,0.88,76.40,55.82,12.75,145.84,0.934489196,-0.194089658,-0.264535713,-0.138130387,0.6097421,-0.6119692,-0.4098401
seq-03/frame-000284,1,0.01149547,0.123999,1053,670,546,0.81,56.84,42.75,9.85,110.25,0.934223446,-0.197159505,-0.264648965,-0.135335167,0.5985767,-0.6004237,-0.4423577
seq-03/frame-000285,1,0.00693012,0.189562,1116,731,588,0.81,61.43,48.43,5.73,116.40,0.933836333,-0.201294663,-0.262217828,-0.136645428,0.5880360,-0.5897071,-0.4505195
seq-03/frame-000286,1,0.00629610,0.165137,1471,917,751,1.10,65.58,61.49,9.23,137.41,0.934123614,-0.205697481,-0.258918752,-0.134397543,0.5686584,-0.5812121,-0.4708683
seq-03/frame-000287,1,0.00506643,0.186118,1523,911,754,0.90,70.93,58.94,9.61,140.39,0.936206186,-0.206746834,-0.254791395,-0.125916916,0.5484158,-0.5760875,-0.4897993
seq-03/frame-000288,1,0.00650599,0.160761,1431,885,729,0.87,82.84,51.37,6.44,141.52,0.937847692,-0.206568436,-0.250903963,-0.121730808,0.5419677,-0.5741353,-0.5052204
seq-03/frame-000289,1,0.00656854,0.191744,1236,810,686,0.83,67.69,66.97,10.59,146.09,0.937936346,-0.214023820,-0.242990764,-0.124196229,0.5128001,-0.5664838,-0.5269417
seq-03/frame-000290,1,0.00908209,0.231669,1556,948,800,0.88,80.61,67.16,9.14,157.79,0.938344047,-0.217298316,-0.241628340,-0.117930646,0.4884344,-0.5699463,-0.5499593
seq-03/frame-000291,1,0.00700794,0.240788,1718,990,809,0.93,79.20,71.95,9.82,161.90,0.938374430,-0.218283764,-0.239978097,-0.119231455,0.4787052,-0.5698490,-0.5571519
seq-03/frame-000292,1,0.00561159,0.192549,1677,1026,811,0.91,90.29,67.52,7.26,165.98,0.940296349,-0.216534720,-0.232290383,-0.122460890,0.4557779,-0.5739300,-0.5742738
seq-03/frame-000293,1,0.00550793,0.141856,1675,1023,830,0.89,74.23,79.14,9.56,163.82,0.941394840,-0.216238288,-0.227671881,-0.123216363,0.4439885,-0.5787231,-0.5830838
seq-03/frame-000294,1,0.00403422,0.168689,1585,975,804,1.14,84.60,63.25,8.65,157.65,0.944289912,-0.213449377,-0.218008804,-0.123402138,0.4209278,-0.5842297,-0.6036469
seq-03/frame-000295,1,0.00852761,0.234681,1388,906,745,0.84,73.50,55.87,8.65,138.86,0.945836296,-0.211833562,-0.213542890,-0.122146128,0.4028249,-0.5868538,-0.6165668
seq-03/frame-000296,1,0.00772101,0.272971,1355,873,726,0.84,66.64,48.46,7.68,123.62,0.948037298,-0.205692115,-0.210852999,-0.120237466,0.3802923,-0.5901655,-0.6330389
seq-03/frame-000297,1,0.00833374,0.272726,1224,756,637,0.82,67.58,50.15,9.54,128.08,0.949910510,-0.202713768,-0.206590282,-0.117888109,0.3656714,-0.5958278,-0.6417385
seq-03/frame-000298,1,0.00478984,0.172081,1345,904,793,0.86,75.08,45.95,16.97,138.87,0.953687692,-0.196455335,-0.197833029,-0.112903409,0.3361335,-0.6010019,-0.6627095
seq-03/frame-000299,1,0.00699500,0.253700,1115,733,616,0.80,58.55,43.27,25.93,128.56,0.955081173,-0.193681838,-0.195829487,-0.109353144,0.3172927,-0.6035225,-0.6694664
seq-03/frame-000300,1,0.00232753,0.058415,1374,943,818,0.85,81.26,57.51,9.26,148.88,0.957935227,-0.185286282,-0.192635636,-0.104501704,0.2897649,-0.6165005,-0.6833186
seq-03/frame-000301,1,0.00526987,0.161286,1096,701,593,0.82,84.69,53.29,9.62,148.41,0.959696090,-0.182692056,-0.187419547,-0.102376469,0.2645320,-0.6226345,-0.6907954
seq-03/frame-000302,1,0.00858501,0.236841,1442,993,885,0.95,97.87,85.38,13.87,198.08,0.962720592,-0.175748600,-0.183248276,-0.093282151,0.2273891,-0.6286040,-0.7073987
seq-03/frame-000303,1,0.00988919,0.276942,1270,853,773,0.85,87.07,65.25,6.70,159.87,0.963480896,-0.175917896,-0.180845029,-0.089735907,0.2047255,-0.6322829,-0.7082114
seq-03/frame-000304,1,0.01056648,0.314517,1267,848,729,0.84,70.79,56.49,10.82,138.94,0.965558872,-0.171024896,-0.179093341,-0.079825595,0.1675450,-0.6475571,-0.7112944
seq-03/frame-000305,1,0.00892000,0.249610,1473,1007,898,0.85,98.14,75.11,11.11,185.22,0.966148699,-0.169067964,-0.178438170,-0.078310498,0.1520495,-0.6510141,-0.7142177
seq-03/frame-000306,1,0.00482532,0.163298,1071,690,582,0.83,73.41,54.76,26.24,155.24,0.966308963,-0.166846686,-0.178939133,-0.079937213,0.1342704,-0.6560745,-0.7120465
seq-03/frame-000307,1,0.00297959,0.099025,1035,726,627,0.88,69.81,42.89,8.67,122.24,0.965732967,-0.165415929,-0.182656855,-0.081448635,0.0997389,-0.6604879,-0.7173207
seq-03/frame-000308,1,0.00578440,0.166918,1258,842,742,1.41,88.02,74.21,11.57,175.22,0.964703142,-0.168052834,-0.184848656,-0.083289057,0.0807782,-0.6675721,-0.7169761
seq-03/frame-000309,1,0.00762116,0.198096,1903,1296,1136,0.96,100.04,80.14,13.50,194.64,0.963644035,-0.171422555,-0.183809172,-0.090656880,0.0542924,-0.6812142,-0.7078448
seq-03/frame-000310,1,0.00664644,0.197572,1794,1214,1092,0.95,112.29,86.69,13.10,213.04,0.963991332,-0.171016817,-0.180885069,-0.093565765,0.0340798,-0.6828374,-0.7032334
seq-03/frame-000311,1,0.00371101,0.138973,1372,917,805,1.04,88.19,65.24,7.88,162.36,0.964257103,-0.169856422,-0.180223170,-0.094215946,0.0136198,-0.6835112,-0.6981408
seq-03/frame-000312,1,0.00557754,0.181292,1320,871,749,1.22,95.90,61.18,10.08,168.38,0.963852293,-0.167137101,-0.183986947,-0.095930963,-0.0155628,-0.6934844,-0.6879754
seq-03/frame-000313,1,0.00458676,0.161494,1400,946,818,2.55,107.16,59.97,11.34,181.04,0.964085655,-0.164406125,-0.184859865,-0.096624563,-0.0302607,-0.6959231,-0.6833702
seq-03/frame-000314,1,0.00547482,0.228321,1162,763,636,0.84,83.98,57.66,17.28,159.76,0.964278339,-0.158962335,-0.188002241,-0.097741588,-0.0608006,-0.7014701,-0.6685598
seq-03/frame-000315,1,0.00608206,0.238346,1338,871,732,1.25,89.00,66.18,11.06,167.49,0.964336818,-0.155417726,-0.189950323,-0.099089387,-0.0746559,-0.7070999,-0.6633866
seq-03/frame-000316,1,0.00230977,0.152786,1218,695,588,1.07,83.59,52.62,11.69,148.98,0.964421070,-0.149819482,-0.193551185,-0.099920280,-0.1034251,-0.7158460,-0.6474114
seq-03/frame-000317,1,0.00559672,0.167687,1128,656,520,0.83,81.62,56.72,10.14,149.31,0.964102229,-0.145315586,-0.198389030,-0.100160201,-0.1150918,-0.7193640,-0.6349796
seq-03/frame-000318,1,0.00507921,0.233736,1120,632,516,0.81,67.78,50.84,14.37,133.81,0.964007067,-0.141415717,-0.202110903,-0.099212665,-0.1257926,-0.7251095,-0.6296939
seq-03/frame-000319,1,0.00388484,0.189126,1280,722,585,0.84,78.81,54.75,9.03,143.43,0.963587932,-0.132134827,-0.208480053,-0.102833616,-0.1489285,-0.7419409,-0.6092293
seq-03/frame-000320,1,0.00295421,0.107826,1143,631,479,1.39,78.28,51.42,7.72,138.82,0.963298036,-0.128765981,-0.211345847,-0.103967057,-0.1599918,-0.7515138,-0.5970623
seq-03/frame-000321,1,0.00568779,0.053640,920,433,318,2.01,74.99,43.45,6.96,127.41,0.961752988,-0.119599184,-0.223297649,-0.104237160,-0.1854448,-0.7643910,-0.5815794
seq-03/frame-000322,1,0.00601970,0.149920,1080,603,485,0.79,90.25,47.75,6.48,145.28,0.960442657,-0.116785092,-0.230813674,-0.103131919,-0.1887087,-0.7670675,-0.5699466
seq-03/frame-000323,1,0.00716149,0.134185,1605,791,650,0.84,95.82,69.41,9.34,175.41,0.959284906,-0.110338956,-0.237144924,-0.106583620,-0.2013540,-0.7786665,-0.5427535
seq-03/frame-000324,1,0.00570482,0.114304,1445,800,656,1.03,93.32,59.15,14.61,168.12,0.959218761,-0.107982014,-0.238649780,-0.106233404,-0.2143121,-0.7798239,-0.5325578
seq-03/frame-000325,1,0.01193900,0.252100,1033,574,452,1.19,80.67,51.04,12.21,145.11,0.956242416,-0.106595356,-0.251396920,-0.105059318,-0.2231927,-0.7824907,-0.5064797
seq-03/frame-000326,1,0.00848971,0.158457,973,574,460,0.82,83.38,44.57,6.33,135.11,0.954334421,-0.109589336,-0.256998668,-0.105771802,-0.2353149,-0.7871527,-0.4919155
seq-03/frame-000327,1,0.00661763,0.119782,1872,978,786,0.89,100.72,80.92,9.10,191.63,0.951947670,-0.112008095,-0.262972244,-0.109979180,-0.2559500,-0.7980132,-0.4600669
seq-03/frame-000328,1,0.00741358,0.147954,1849,970,769,0.89,104.16,99.25,12.93,217.23,0.951692686,-0.112860606,-0.262652135,-0.112059672,-0.2653503,-0.7997335,-0.4473884
seq-03/frame-000329,1,0.00974868,0.169872,1365,708,549,0.80,91.51,61.00,7.57,160.89,0.950497959,-0.110721421,-0.265626476,-0.117204834,-0.2851149,-0.8013398,-0.4094152
seq-03/frame-000330,1,0.00700265,0.102373,1871,949,750,0.98,113.99,92.67,8.39,216.04,0.950178234,-0.109766860,-0.266283237,-0.119188077,-0.2909621,-0.8083095,-0.3993598
seq-03/frame-000331,1,0.00644024,0.086203,1480,711,549,1.34,96.04,70.87,10.72,178.98,0.950353113,-0.106766607,-0.265326281,-0.122604311,-0.3109165,-0.8121111,-0.3666675
seq-03/frame-000332,1,0.00493565,0.042817,1949,946,748,0.86,117.08,85.44,8.85,212.24,0.950558469,-0.104484362,-0.265622145,-0.122337613,-0.3154640,-0.8154067,-0.3542213
seq-03/frame-000333,1,0.00637674,0.038712,1668,841,681,1.21,90.04,96.67,11.71,199.63,0.950820903,-0.106240110,-0.264730927,-0.120707022,-0.3253743,-0.8217041,-0.3226298
seq-03/frame-000334,1,0.00623522,0.199114,1357,761,615,0.84,88.23,61.39,10.14,160.61,0.951797315,-0.105059864,-0.261968885,-0.120069148,-0.3423970,-0.8326683,-0.2949412
seq-03/frame-000335,1,0.00691062,0.212966,1361,775,622,0.80,75.94,78.26,9.96,164.96,0.952648970,-0.103620353,-0.260017168,-0.118801661,-0.3464891,-0.8333908,-0.2791211
seq-03/frame-000336,1,0.00880200,0.152945,903,533,449,0.75,72.15,40.77,8.75,122.42,0.954118299,-0.103037478,-0.254910591,-0.118583895,-0.3496462,-0.8422178,-0.2577384
seq-03/frame-000337,1,0.00840333,0.222338,1013,589,487,0.78,90.05,48.92,7.68,147.43,0.955362417,-0.103894761,-0.249990639,-0.118292905,-0.3580128,-0.8452007,-0.2395992
seq-03/frame-000338,1,0.00649003,0.130432,910,557,468,0.77,66.06,41.96,10.59,119.39,0.957746226,-0.102507216,-0.242005238,-0.116824233,-0.3648227,-0.8503193,-0.2102787
seq-03/frame-000339,1,0.00877959,0.194099,870,546,447,0.75,69.71,35.64,5.48,111.58,0.959234659,-0.100102799,-0.237480037,-0.115980734,-0.3703094,-0.8508602,-0.1977009
seq-03/frame-000340,1,0.00608741,0.149222,926,615,527,0.89,73.39,47.10,11.17,132.55,0.960150647,-0.100042015,-0.234920646,-0.113642512,-0.3656354,-0.8567928,-0.1856980
seq-03/frame-000341,1,0.00650039,0.074647,1215,728,622,0.91,88.82,45.87,5.89,141.50,0.961476227,-0.102404311,-0.229727454,-0.110914921,-0.3681973,-0.8629124,-0.1560547
seq-03/frame-000342,1,0.00750727,0.084620,1118,667,568,0.94,67.81,48.39,6.50,123.64,0.961875055,-0.103608845,-0.227207204,-0.111527896,-0.3715907,-0.8694752,-0.1426536
seq-03/frame-000343,1,0.01000145,0.133397,863,538,457,1.00,59.00,47.69,14.42,122.11,0.963748004,-0.105229045,-0.218866383,-0.110517595,-0.3760696,-0.8793177,-0.1192228
seq-03/frame-000344,1,0.00921676,0.023978,972,592,507,0.77,72.44,41.18,17.13,131.53,0.964846514,-0.105773632,-0.213945205,-0.110048134,-0.3781750,-0.8809853,-0.1065750
seq-03/frame-000345,1,0.00805698,0.073250,1010,627,530,0.78,79.26,51.73,11.22,143.00,0.965726067,-0.106171347,-0.210021877,-0.109506257,-0.3794678,-0.8839873,-0.0941050
seq-03/frame-000346,1,0.01075068,0.036073,919,540,461,0.77,92.56,40.87,12.03,146.23,0.968254776,-0.106756359,-0.199196572,-0.106801187,-0.3839028,-0.8871937,-0.0739830
seq-03/frame-000347,1,0.01131738,0.066892,928,580,463,0.79,84.02,38.48,9.05,132.34,0.969407229,-0.107367946,-0.194140083,-0.105030362,-0.3820585,-0.8909588,-0.0634208
seq-03/frame-000348,1,0.01226980,0.186780,1068,666,546,0.76,74.96,55.91,13.58,145.22,0.970931914,-0.113052128,-0.185286722,-0.100892349,-0.3744740,-0.8962385,-0.0411646
seq-03/frame-000349,1,0.01172308,0.119233,1066,654,528,0.97,96.79,50.59,7.23,155.58,0.971619453,-0.116252257,-0.180686082,-0.098962575,-0.3735306,-0.8988441,-0.0307744
seq-03/frame-000350,1,0.00834037,0.142052,1008,629,502,0.77,92.08,41.65,6.55,141.06,0.972672074,-0.119310679,-0.174100997,-0.096761778,-0.3777874,-0.8998083,-0.0157053
seq-03/frame-000351,1,0.01049825,0.163134,983,586,477,0.76,78.44,46.08,7.77,133.06,0.974648705,-0.121861874,-0.162511863,-0.093805543,-0.3760929,-0.9053856,0.0072045
seq-03/frame-000352,1,0.00807418,0.118989,891,527,402,0.78,51.87,28.49,16.62,97.76,0.975578114,-0.123911193,-0.156436406,-0.091766067,-0.3686934,-0.9052913,0.0174231
seq-03/frame-000353,1,0.00704108,0.101876,902,491,379,0.73,82.85,31.21,7.25,122.05,0.977634204,-0.131269254,-0.141003332,-0.084367090,-0.3632755,-0.9040905,0.0385164
seq-03/frame-000354,1,0.00543013,0.170633,916,530,425,0.77,65.91,53.45,11.10,131.23,0.978073460,-0.135785439,-0.134615435,-0.082542757,-0.3583396,-0.9041143,0.0557793
seq-03/frame-000355,1,0.00485394,0.139759,945,564,438,0.78,70.48,37.47,8.84,117.58,0.978528648,-0.139384621,-0.127447260,-0.082527616,-0.3554151,-0.9066982,0.0676176
seq-03/frame-000356,1,0.00625881,0.166713,1048,603,477,0.78,66.10,36.76,7.57,111.22,0.980057131,-0.148251264,-0.109501554,-0.074289921,-0.3519540,-0.9068618,0.0939792
seq-03/frame-000357,1,0.00531089,0.116273,1121,718,586,0.83,76.23,47.96,8.18,133.20,0.980435557,-0.152132889,-0.103233050,-0.070318132,-0.3492504,-0.9102393,0.1090261
seq-03/frame-000358,1,0.00630307,0.080471,1132,687,567,0.83,96.49,64.41,13.94,175.68,0.980730133,-0.154864198,-0.098601317,-0.066807689,-0.3413623,-0.9127074,0.1205011
seq-03/frame-000359,1,0.00617264,0.068889,1201,736,603,0.87,66.92,42.63,17.28,127.71,0.981493608,-0.160361769,-0.085585168,-0.060245999,-0.3341389,-0.9167054,0.1498240
seq-03/frame-000360,1,0.00724763,0.185046,1199,714,577,0.87,74.00,46.84,5.78,127.50,0.981702931,-0.163304204,-0.079220655,-0.057577597,-0.3299818,-0.9217101,0.1669546
seq-03/frame-000361,1,0.00628054,0.128214,1322,792,653,0.90,77.15,46.19,8.91,133.15,0.982368097,-0.163691637,-0.072498620,-0.053869469,-0.3263882,-0.9218119,0.1788814
seq-03/frame-000362,1,0.00477078,0.039004,1405,861,716,1.10,74.04,65.95,6.23,147.33,0.982543264,-0.167983110,-0.062945503,-0.049277504,-0.3170612,-0.9237207,0.2021303
seq-03/frame-000363,1,0.00745893,0.103363,1256,792,666,0.89,77.37,57.63,11.70,147.59,0.982229927,-0.171774707,-0.058239660,-0.048228228,-0.3158705,-0.9302768,0.2165347
seq-03/frame-000364,1,0.00361019,0.098530,1206,729,609,0.88,61.23,42.68,10.16,114.96,0.982607000,-0.171962912,-0.052680213,-0.046228083,-0.3111190,-0.9264036,0.2293017
seq-03/frame-000365,1,0.00456089,0.135196,1439,909,757,0.89,62.87,63.28,7.88,134.93,0.982367733,-0.176386529,-0.043564151,-0.044086217,-0.3061782,-0.9266823,0.2512056
seq-03/frame-000366,1,0.00498323,0.125124,1373,822,686,0.89,82.49,69.82,13.84,167.04,0.982080532,-0.179694768,-0.038164856,-0.042084005,-0.3085210,-0.9304401,0.2638788
seq-03/frame-000367,1,0.00378051,0.135651,1500,843,687,0.91,75.57,55.49,7.76,139.72,0.981923427,-0.181980821,-0.034631229,-0.038859252,-0.3022062,-0.9303086,0.2757485
seq-03/frame-000368,1,0.00573873,0.102566,1546,979,827,0.89,74.37,62.39,10.96,148.61,0.981585663,-0.184731177,-0.031531441,-0.037010089,-0.2992149,-0.9309668,0.2839250
seq-03/frame-000369,1,0.00468796,0.042290,1366,895,752,0.91,76.53,51.00,8.96,137.39,0.980278300,-0.193099778,-0.023600118,-0.034784559,-0.2986475,-0.9372757,0.3142112
seq-03/frame-000370,1,0.00424586,0.173766,1175,690,562,0.89,74.65,74.48,8.46,158.49,0.980157555,-0.194098598,-0.018553537,-0.035674475,-0.2988863,-0.9359967,0.3248424
seq-03/frame-000371,1,0.00576557,0.180425,1227,687,558,0.87,64.09,58.44,7.98,131.38,0.979579972,-0.197574871,-0.012728859,-0.035003204,-0.3004247,-0.9397008,0.3346236
seq-03/frame-000372,1,0.00622386,0.127588,1481,849,697,1.22,77.58,53.99,10.96,143.76,0.979133388,-0.200297519,-0.008185682,-0.033342269,-0.2988203,-0.9399084,0.3446083
seq-03/frame-000373,1,0.00412027,0.139245,1132,676,554,0.87,61.93,62.91,11.12,136.83,0.977709833,-0.207675547,-0.000183479,-0.030892002,-0.2958570,-0.9418188,0.3686128
seq-03/frame-000374,1,0.00435640,0.255965,1002,558,439,0.85,64.92,51.91,17.14,134.82,0.977090700,-0.210545853,0.005281264,-0.030599280,-0.2937370,-0.9378279,0.3807087
seq-03/frame-000375,1,0.00397899,0.113321,1083,588,456,0.86,62.08,46.65,8.69,118.29,0.975852903,-0.216064661,0.013196468,-0.029206632,-0.2945956,-0.9442022,0.3958669
seq-03/frame-000376,1,0.00452207,0.228777,1155,613,465,0.86,59.79,45.56,7.28,113.50,0.975301929,-0.218100772,0.019995703,-0.028607224,-0.2950172,-0.9420484,0.4043309
seq-03/frame-000377,1,0.00606824,0.145939,924,426,304,0.81,56.28,39.26,7.38,103.73,0.972269210,-0.230408973,0.031758346,-0.024406869,-0.2891863,-0.9523750,0.4265806
seq-03/frame-000378,1,0.00833884,0.257478,862,446,326,0.83,61.98,34.01,5.41,102.24,0.970271285,-0.237215222,0.040408629,-0.025878857,-0.2895079,-0.9587825,0.4396853
seq-03/frame-000379,1,0.00693886,0.347036,870,383,277,0.81,55.25,32.59,14.46,103.12,0.968724288,-0.241845871,0.049214409,-0.025724887,-0.2825834,-0.9634865,0.4462643
seq-03/frame-000380,1,0.00911601,0.283850,1074,547,394,0.85,64.69,43.37,16.91,125.82,0.966085949,-0.249501694,0.061691468,-0.024920026,-0.2864366,-0.9697509,0.4626210
seq-03/frame-000381,1,0.00641145,0.266442,1301,668,503,0.90,98.20,67.06,7.90,174.07,0.964193533,-0.254650481,0.070119110,-0.023817499,-0.2935768,-0.9696808,0.4766224
seq-03/frame-000382,1,0.00935831,0.341026,1013,469,312,0.82,78.00,52.36,7.86,139.05,0.960362365,-0.267093152,0.077900281,-0.017231407,-0.2867830,-0.9700127,0.4836741
seq-03/frame-000383,1,0.01166880,0.203625,959,445,275,0.81,62.05,39.67,11.30,113.84,0.955656098,-0.281635325,0.084793300,-0.014596627,-0.2838109,-0.9864470,0.4986497
seq-03/frame-000384,1,0.00676579,0.214719,1032,424,264,0.83,72.58,35.38,8.43,117.22,0.951348261,-0.292768071,0.094839455,-0.015126816,-0.2891453,-0.9857326,0.5119679
seq-03/frame-000385,1,0.00679750,0.197562,1034,456,294,0.85,62.89,43.42,7.73,114.89,0.947738194,-0.301961661,0.102280189,-0.012256967,-0.2897012,-0.9905201,0.5195508
seq-03/frame-000386,1,0.00549801,0.380250,1098,495,338,0.85,87.64,48.36,6.24,143.11,0.943976998,-0.311506283,0.108339959,-0.011563605,-0.2940911,-0.9893626,0.5271739
seq-03/frame-000387,1,0.00960706,0.311442,983,377,224,0.86,82.02,41.78,13.27,137.93,0.934579100,-0.336233349,0.116194478,-0.002808018,-0.2960658,-0.9983764,0.5378346
seq-03/frame-000388,1,0.00778052,0.327192,993,424,257,0.85,59.33,61.06,11.48,132.73,0.929520127,-0.348756597,0.119822833,0.001912769,-0.2924288,-1.0007816,0.5446459
seq-03/frame-000389,1,0.01040986,0.216914,1034,478,332,0.85,59.77,46.96,17.85,125.43,0.923306341,-0.363496793,0.123830503,0.006441266,-0.2898021,-1.0161363,0.5544478
seq-03/frame-000390,1,0.00860796,0.339439,1096,545,370,0.86,56.87,38.36,14.92,111.01,0.918685909,-0.372869507,0.130198288,0.005739166,-0.2935483,-1.0154962,0.5626769
seq-03/frame-000391,1,0.00781900,0.239323,968,406,262,0.85,59.42,58.84,7.30,126.41,0.909625257,-0.391202598,0.139315672,0.011556943,-0.2923150,-1.0260745,0.5633117
seq-03/frame-000392,1,0.01123093,0.565739,974,406,255,0.82,61.86,49.59,12.12,124.40,0.903817959,-0.402864527,0.143302479,0.016663431,-0.2901675,-1.0317678,0.5672348
seq-03/frame-000393,1,0.00573599,0.383880,982,378,224,0.80,65.22,44.04,9.00,119.07,0.898200537,-0.414029166,0.146636645,0.017701421,-0.3088148,-1.0251032,0.5793515
seq-03/frame-000394,1,0.00809628,0.365305,1017,398,244,0.83,74.01,44.31,15.45,134.60,0.893320024,-0.427195488,0.137731372,0.022658747,-0.3015512,-1.0377139,0.5776402
seq-03/frame-000395,1,0.00824906,0.372262,1033,444,273,0.85,67.91,59.76,10.87,139.39,0.887580624,-0.439301840,0.136559702,0.023790289,-0.2975865,-1.0403637,0.5816745
seq-03/frame-000396,1,0.00829321,0.314945,1143,559,398,0.91,78.38,55.45,16.99,151.72,0.880850384,-0.451781866,0.139861521,0.020844696,-0.3030045,-1.0509081,0.5936017
seq-03/frame-000397,1,0.00633095,0.194833,1186,631,472,0.90,84.06,64.04,7.93,156.94,0.874214276,-0.462555185,0.145833765,0.022904439,-0.3047073,-1.0677128,0.5912319
seq-03/frame-000398,1,0.00693064,0.110307,1280,668,500,0.89,75.64,67.59,17.28,161.40,0.871145276,-0.467790925,0.147370304,0.023654847,-0.3118859,-1.0749503,0.5952669
seq-03/frame-000399,1,0.00571998,0.207445,1168,567,400,0.87,74.08,222.62,9.75,307.33,0.870052026,-0.470449486,0.145050391,0.025438879,-0.3165038,-1.0760656,0.5934720
seq-03/frame-000400,1,0.00677585,0.296558,1180,558,382,0.87,85.96,67.61,10.96,165.42,0.869316877,-0.472612204,0.141555332,0.029798664,-0.3138169,-1.0813778,0.5818124
seq-03/frame-000401,1,0.00490640,0.202821,1286,657,482,0.91,78.58,46.39,15.48,141.35,0.865933205,-0.478926725,0.140567063,0.032090127,-0.3125551,-1.0898891,0.5819993
seq-03/frame-000402,1,0.00553827,0.241073,1393,708,506,0.89,89.30,90.42,64.47,245.09,0.864257067,-0.481892805,0.140239844,0.034232035,-0.3134967,-1.0967159,0.5781535
seq-03/frame-000403,1,0.00834171,0.444211,1122,548,403,0.88,68.46,49.73,9.90,128.97,0.863516064,-0.483517590,0.138584792,0.036674290,-0.3175550,-1.0978817,0.5715010
seq-03/frame-000404,1,0.00485857,0.167940,1141,597,417,0.90,67.74,48.40,9.10,126.15,0.860568502,-0.489504886,0.136204873,0.035426724,-0.3249288,-1.1084041,0.5739581
seq-03/frame-000405,1,0.00653512,0.333880,1046,490,353,0.90,76.46,40.80,34.02,152.17,0.860650131,-0.490300447,0.132198947,0.037553447,-0.3271934,-1.1102545,0.5689667
seq-03/frame-000406,1,0.00851762,0.348202,929,418,300,0.89,65.66,34.43,25.03,126.01,0.860094761,-0.492357523,0.128186569,0.037272986,-0.3387551,-1.1153710,0.5676614
seq-03/frame-000407,1,0.00661914,0.302391,956,420,285,0.99,71.12,87.16,20.47,179.74,0.860502656,-0.493224025,0.120403118,0.042051504,-0.3371842,-1.1234751,0.5623608
seq-03/frame-000408,1,0.00320464,0.207969,1323,642,455,0.94,78.92,117.54,18.59,215.99,0.860746225,-0.494526139,0.111767713,0.045473211,-0.3296570,-1.1371461,0.5543118
seq-03/frame-000409,1,0.00565967,0.229354,1563,748,543,0.97,166.48,89.37,13.17,270.00,0.861394102,-0.494258116,0.109093738,0.042516736,-0.3347580,-1.1428611,0.5455410
seq-03/frame-000410,1,0.00485338,0.196984,1552,749,526,1.01,153.47,83.31,7.08,244.87,0.861481909,-0.494146013,0.108179999,0.044336515,-0.3313624,-1.1509847,0.5346337
seq-03/frame-000411,1,0.00747121,0.227514,1611,767,535,1.92,139.42,91.61,12.86,245.80,0.860417345,-0.495510112,0.111054686,0.042644791,-0.3357681,-1.1605521,0.5289289
seq-03/frame-000412,1,0.00878919,0.309159,1469,674,484,2.26,147.79,71.84,11.36,233.27,0.860921193,-0.494452014,0.112245550,0.041627407,-0.3450581,-1.1617763,0.5241886
seq-03/frame-000413,1,0.00470787,0.212764,1122,511,369,1.67,112.14,54.98,7.86,176.64,0.861802154,-0.493364981,0.108676430,0.045579343,-0.3452534,-1.1685843,0.5142126
seq-03/frame-000414,1,0.00594192,0.209270,1623,783,556,0.98,120.44,85.51,8.82,215.77,0.861340496,-0.494723665,0.105162901,0.047768291,-0.3436202,-1.1788667,0.5081796
seq-03/frame-000415,1,0.00655331,0.246242,1253,579,396,0.91,106.96,57.85,14.40,180.13,0.862254818,-0.493468350,0.103724206,0.047401534,-0.3372616,-1.1871489,0.4942232
seq-03/frame-000416,1,0.00447405,0.143139,1106,526,368,0.89,88.77,47.33,10.56,147.55,0.860423554,-0.495875841,0.107789365,0.046474848,-0.3370680,-1.1974996,0.4915713
seq-03/frame-000417,1,0.00335180,0.260666,1155,586,425,0.91,95.42,46.89,17.43,160.65,0.860610878,-0.494386539,0.112846040,0.046868301,-0.3389039,-1.2002456,0.4818491
seq-03/frame-000418,1,0.00617764,0.310402,1603,764,519,2.58,92.26,119.15,10.40,224.39,0.860380792,-0.493690229,0.118984556,0.043099036,-0.3433971,-1.2091841,0.4668373
seq-03/frame-000419,1,0.00541982,0.187625,1566,746,530,0.99,128.78,112.67,9.18,251.62,0.860320071,-0.493509043,0.120696740,0.041599250,-0.3507011,-1.2172184,0.4629879
seq-03/frame-000420,1,0.00540638,0.224938,1522,671,494,0.96,82.45,50.58,10.50,144.49,0.861621279,-0.491277288,0.119958574,0.043189562,-0.3475343,-1.2217696,0.4519585
seq-03/frame-000421,1,0.00374786,0.121809,947,492,355,1.33,108.07,55.28,13.35,178.04,0.860980113,-0.491747972,0.122626777,0.043125993,-0.3448226,-1.2336384,0.4470116
seq-03/frame-000422,1,0.00732163,0.322164,966,469,342,0.87,120.03,61.39,9.30,191.58,0.862040210,-0.488297278,0.128356578,0.044463843,-0.3384707,-1.2323285,0.4370711
seq-03/frame-000423,1,0.00444742,0.093998,1401,649,457,1.19,138.31,92.45,14.42,246.37,0.861397970,-0.487294828,0.136893021,0.042397983,-0.3506560,-1.2398447,0.4376153
seq-03/frame-000424,1,0.00583654,0.217122,1259,655,483,1.29,147.58,91.62,9.87,250.36,0.863332998,-0.483206772,0.139091417,0.042672328,-0.3606642,-1.2464934,0.4295607
seq-03/frame-000425,1,0.00769261,0.304330,1452,744,541,0.94,138.91,106.23,21.28,267.37,0.865211622,-0.480415990,0.137431510,0.041495846,-0.3678651,-1.2510337,0.4188677
seq-03/frame-000426,1,0.00571349,0.197513,1553,783,576,0.97,107.28,83.72,11.05,203.02,0.867505135,-0.477780266,0.132470299,0.040155671,-0.3645354,-1.2607244,0.3999844
seq-03/frame-000427,1,0.00548027,0.217588,1600,791,581,0.97,164.54,78.77,6.05,250.32,0.868742164,-0.475226563,0.133601503,0.039967544,-0.3669253,-1.2646914,0.3891484
seq-03/frame-000428,1,0.00520923,0.163748,1360,647,474,0.94,109.06,51.89,9.72,171.61,0.868938194,-0.474290549,0.135530970,0.040326737,-0.3662122,-1.2680497,0.3791641
seq-03/frame-000429,1,0.00362639,0.125660,1538,745,567,0.96,124.64,78.37,9.28,213.26,0.869249992,-0.472623176,0.138946206,0.041541996,-0.3665581,-1.2700526,0.3693169
seq-03/frame-000430,1,0.00726200,0.286094,1490,776,590,14.92,130.56,74.57,7.29,227.34,0.869138576,-0.472074699,0.141731391,0.040691852,-0.3806707,-1.2721633,0.3540093
seq-03/frame-000431,1,0.00896656,0.373663,1145,593,412,2.50,91.22,67.65,18.73,180.11,0.870821434,-0.469710156,0.139412621,0.040081430,-0.3878266,-1.2756818,0.3519854
seq-03/frame-000432,1,0.00818049,0.237267,1224,596,423,0.91,133.02,65.23,9.22,208.38,0.874759460,-0.464388598,0.133426166,0.036559202,-0.3878364,-1.2761629,0.3419804
seq-03/frame-000433,1,0.00447043,0.157597,1607,782,570,0.96,133.48,72.07,11.74,218.26,0.877674604,-0.460011518,0.129769456,0.035165068,-0.3849211,-1.2791898,0.3233586
seq-03/frame-000434,1,0.00297760,0.086888,1515,807,585,0.95,107.92,84.08,10.29,203.23,0.879106722,-0.456010968,0.134783416,0.032539190,-0.3816595,-1.2814649,0.3017153
seq-03/frame-000435,1,0.00491205,0.160953,1618,853,635,1.00,111.36,89.37,12.20,213.93,0.880832491,-0.452180913,0.136968843,0.030101192,-0.3899051,-1.2787027,0.2928654
seq-03/frame-000436,1,0.00581606,0.214662,1654,835,618,0.98,119.44,71.56,9.10,201.09,0.883382463,-0.448019660,0.134479173,0.028795131,-0.3866197,-1.2763536,0.2790979
seq-03/frame-000437,1,0.00418970,0.157987,1502,801,608,1.01,119.71,73.93,17.95,212.59,0.886858335,-0.442261325,0.131996079,0.021546447,-0.3891001,-1.2708412,0.2529044
seq-03/frame-000438,1,0.00518070,0.266532,1390,809,621,0.96,83.54,69.43,19.78,173.71,0.888651123,-0.440218058,0.127018633,0.019326407,-0.3842735,-1.2656493,0.2366369
seq-03/frame-000439,1,0.00377926,0.130367,1577,810,605,0.99,115.59,97.80,23.86,238.25,0.889142016,-0.440767848,0.122355716,0.013388719,-0.3834422,-1.2648745,0.2281268
seq-03/frame-000440,1,0.00470505,0.114841,1539,821,611,0.98,97.16,84.80,34.94,217.88,0.892585411,-0.436113173,0.114170190,0.007858311,-0.3719340,-1.2590031,0.2005789
seq-03/frame-000441,1,0.00397426,0.129098,1402,719,525,0.96,102.85,102.22,10.67,216.69,0.894541674,-0.433160958,0.110289446,0.001736596,-0.3676309,-1.2545499,0.1906340
seq-03/frame-000442,1,0.00554173,0.185943,1207,605,440,2.66,128.55,68.42,19.87,219.49,0.897424874,-0.428227816,0.105852775,-0.006687529,-0.3718365,-1.2438254,0.1808815
seq-03/frame-000443,1,0.00797875,0.354535,1084,524,369,0.97,105.69,57.56,13.51,177.73,0.901074465,-0.422445078,0.097169221,-0.012771343,-0.3672078,-1.2387892,0.1680008
seq-03/frame-000444,1,0.00716340,0.280968,1526,786,590,0.96,127.83,100.31,13.62,242.72,0.909284372,-0.407251610,0.082307642,-0.023948055,-0.3498665,-1.2242481,0.1295980
seq-03/frame-000445,1,0.00279721,0.094818,1670,1025,830,1.02,141.02,96.68,12.64,251.35,0.911361723,-0.403570965,0.075973346,-0.027898676,-0.3390856,-1.2227991,0.1121755
seq-03/frame-000446,1,0.00416523,0.127024,1630,1026,834,1.32,128.85,91.24,10.49,231.89,0.913796530,-0.398457600,0.072022749,-0.031940048,-0.3319376,-1.2141762,0.0958250
seq-03/frame-000447,1,0.00486851,0.209509,1695,993,831,1.20,144.37,88.86,7.50,243.22,0.916152904,-0.393120292,0.069207567,-0.036477468,-0.3244410,-1.2029050,0.0783463
seq-03/frame-000448,1,0.00584599,0.207135,1450,952,803,1.65,139.74,73.19,13.96,228.54,0.917830091,-0.388518117,0.066834646,-0.046633971,-0.3125756,-1.1885813,0.0440509
seq-03/frame-000449,1,0.00541663,0.217175,1435,958,806,0.99,111.30,90.09,10.21,212.60,0.918242609,-0.386780124,0.064048096,-0.055941825,-0.3119042,-1.1753136,0.0369175
seq-03/frame-000450,1,0.00730341,0.279046,1165,641,519,0.91,106.05,76.50,22.54,206.01,0.919630007,-0.383364970,0.059178490,-0.061724026,-0.3146501,-1.1659529,0.0309272
seq-03/frame-000451,1,0.00809065,0.311735,1297,780,626,0.96,92.71,81.01,6.48,181.16,0.924956907,-0.370369574,0.041850307,-0.074361615,-0.3012614,-1.1491994,0.0005732
seq-03/frame-000452,1,0.00415259,0.202950,1285,824,654,0.94,95.91,93.39,13.82,204.06,0.925820714,-0.366819798,0.035668452,-0.083827223,-0.3003176,-1.1458852,-0.0064677
seq-03/frame-000453,1,0.00745778,0.278223,1185,690,542,3.64,86.31,81.61,20.87,192.43,0.928630330,-0.358309846,0.029793438,-0.091499263,-0.3002063,-1.1325747,-0.0164514
seq-03/frame-000454,1,0.00412830,0.214680,1150,621,468,2.67,134.12,54.43,9.99,201.21,0.932437039,-0.346457429,0.013198951,-0.101755616,-0.3033051,-1.1103810,-0.0433666
seq-03/frame-000455,1,0.00404139,0.210182,1298,766,582,3.47,138.81,79.81,11.66,233.75,0.933858815,-0.340924379,0.001801768,-0.108051081,-0.2955811,-1.1048774,-0.0539671
seq-03/frame-000456,1,0.00615885,0.121860,1260,724,557,3.85,151.37,59.76,9.90,224.88,0.934500644,-0.336167213,-0.006772882,-0.116851530,-0.2950337,-1.1022903,-0.0646790
seq-03/frame-000457,1,0.00420683,0.093522,1217,699,547,2.02,145.27,65.77,25.67,238.74,0.936924629,-0.321352821,-0.023429018,-0.135483152,-0.2923791,-1.0812244,-0.0869483
seq-03/frame-000458,1,0.00573783,0.199353,1238,673,501,1.51,137.39,82.90,14.00,235.80,0.938011690,-0.314816929,-0.030704147,-0.141709654,-0.2934538,-1.0718853,-0.0957198
seq-03/frame-000459,1,0.00485452,0.103384,1397,912,756,0.93,132.57,66.12,10.28,209.91,0.941180616,-0.299572516,-0.041964287,-0.150580061,-0.2886869,-1.0584396,-0.1223691
seq-03/frame-000460,1,0.00531614,0.095506,1242,749,595,0.89,128.66,74.71,6.40,210.66,0.941974401,-0.293735528,-0.047640458,-0.155351389,-0.2872800,-1.0522141,-0.1305730
seq-03/frame-000461,1,0.00688742,0.067678,1277,838,689,0.93,122.89,63.96,13.24,201.01,0.944449899,-0.278821053,-0.057840625,-0.164096527,-0.2891820,-1.0337876,-0.1577146
seq-03/frame-000462,1,0.00294145,0.130967,1157,661,516,0.87,103.41,59.64,7.91,171.84,0.944988308,-0.273408725,-0.063788740,-0.167856376,-0.2924484,-1.0263449,-0.1619372
seq-03/frame-000463,1,0.00486117,0.064744,1279,794,647,0.95,113.32,60.61,9.57,184.45,0.945769739,-0.258535534,-0.078735375,-0.180221308,-0.2880687,-1.0102866,-0.1895949
seq-03/frame-000464,1,0.00376559,0.109485,1100,620,500,1.32,73.75,58.95,6.45,140.47,0.946074547,-0.252476843,-0.084426174,-0.184582278,-0.2932306,-1.0007035,-0.1937687
seq-03/frame-000465,1,0.00309266,0.099728,1101,609,483,0.89,81.61,54.23,8.60,145.34,0.946100467,-0.236870591,-0.103329066,-0.195216122,-0.2936492,-0.9801364,-0.2175652
seq-03/frame-000466,1,0.00533032,0.119439,1209,687,549,2.49,72.50,62.47,14.62,152.08,0.945603291,-0.233007256,-0.111239495,-0.197908589,-0.2978360,-0.9778823,-0.2268336
seq-03/frame-000467,1,0.00525207,0.160781,1146,687,560,1.28,94.93,59.11,7.89,163.22,0.944711000,-0.222920470,-0.126863784,-0.204286980,-0.3001096,-0.9649445,-0.2456407
seq-03/frame-000468,1,0.00596904,0.258543,1086,613,487,3.02,83.06,60.87,10.44,157.40,0.944444126,-0.217939886,-0.135575212,-0.205297004,-0.3005332,-0.9491320,-0.2494031
seq-03/frame-000469,1,0.00465699,0.160014,953,392,276,0.84,87.14,54.26,21.20,163.44,0.943063181,-0.208017438,-0.158659884,-0.205396257,-0.3019505,-0.9336328,-0.2612153
seq-03/frame-000470,1,0.01016343,0.375349,945,434,306,1.56,76.14,42.62,7.58,127.90,0.941514249,-0.203585397,-0.173064569,-0.205310886,-0.2987851,-0.9325020,-0.2661188
seq-03/frame-000471,1,0.00239263,0.171297,963,553,437,0.81,71.20,45.29,5.35,122.65,0.940001313,-0.190437801,-0.194172905,-0.205980240,-0.2929433,-0.9340567,-0.2812831
seq-03/frame-000472,1,0.00996861,0.378509,831,370,239,0.79,77.61,36.64,7.53,122.57,0.939560871,-0.174782643,-0.210827400,-0.205495025,-0.2945734,-0.9144286,-0.2903405
seq-03/frame-000473,1,0.01018687,0.260601,711,310,197,1.85,66.05,50.47,14.19,132.56,0.938453531,-0.165344196,-0.224393788,-0.203994348,-0.2908132,-0.9102424,-0.3011850
seq-03/frame-000474,1,0.00857170,0.302460,823,407,309,0.77,74.12,35.83,8.49,119.22,0.935239608,-0.153195400,-0.247339983,-0.201695259,-0.2765239,-0.9085678,-0.3148779
seq-03/frame-000475,1,0.00500857,0.187357,905,478,361,0.81,55.82,55.50,6.82,118.95,0.934739389,-0.146276439,-0.255390873,-0.199100428,-0.2647658,-0.9028221,-0.3183010
seq-03/frame-000476,1,0.00505191,0.124596,800,431,304,1.78,86.56,45.70,9.94,143.98,0.932010926,-0.135867010,-0.272624376,-0.196396891,-0.2521644,-0.8869786,-0.3272032
seq-03/frame-000477,1,0.00556974,0.184178,718,370,295,0.77,104.09,62.46,9.73,177.06,0.927976699,-0.124344868,-0.291999876,-0.195278449,-0.2374555,-0.8719690,-0.3399139
seq-03/frame-000478,1,0.01134859,0.215140,789,373,289,0.75,57.22,26.54,8.26,92.77,0.925456596,-0.118777076,-0.301934993,-0.195594874,-0.2246597,-0.8698643,-0.3441360
seq-03/frame-000479,1,0.00569233,0.252141,928,498,398,0.76,110.49,50.81,14.70,176.76,0.923904823,-0.106575729,-0.312244880,-0.193764360,-0.2099276,-0.8597488,-0.3574094
seq-03/frame-000480,1,0.02053852,0.478344,692,356,258,0.72,81.53,22.44,7.09,111.78,0.919957711,-0.090562170,-0.330661407,-0.190103494,-0.1843854,-0.8446573,-0.3708780
seq-03/frame-000481,1,0.01151666,0.241018,899,489,386,1.30,106.53,49.94,17.65,175.43,0.917524757,-0.084182932,-0.339068631,-0.189984257,-0.1680099,-0.8400711,-0.3757657
seq-03/frame-000482,1,0.00874070,0.165575,1036,577,459,0.75,118.53,69.25,13.47,202.00,0.914392941,-0.074213092,-0.350602424,-0.188297389,-0.1481657,-0.8230184,-0.3889786
seq-03/frame-000483,1,0.01406586,0.211174,1239,608,455,0.76,133.11,81.70,20.51,236.08,0.910946384,-0.076501679,-0.360181126,-0.185993912,-0.1149916,-0.8181493,-0.4104563
seq-03/frame-000484,1,0.01087169,0.133025,1269,535,395,0.76,102.42,72.26,6.37,181.81,0.911074584,-0.081225127,-0.358355326,-0.186887777,-0.1103728,-0.8180897,-0.4189215
seq-03/frame-000485,1,0.01303289,0.167057,820,375,287,0.85,117.62,46.07,22.15,186.69,0.914775423,-0.088629456,-0.349218234,-0.182694747,-0.0855851,-0.7996291,-0.4295380
seq-03/frame-000486,1,0.01396893,0.348251,790,395,320,0.73,68.00,53.94,11.08,133.75,0.918341729,-0.097031223,-0.339132860,-0.179505748,-0.0611172,-0.7884313,-0.4387636
seq-03/frame-000487,1,0.01329731,0.258167,890,482,388,1.05,106.44,70.13,14.41,192.04,0.919806520,-0.099946259,-0.335452184,-0.177309172,-0.0475545,-0.7760618,-0.4395954
seq-03/frame-000488,1,0.00855292,0.189703,1066,628,525,0.80,86.97,83.90,9.36,181.03,0.922800450,-0.106949767,-0.328306634,-0.170926392,-0.0364072,-0.7676524,-0.4443959
seq-03/frame-000489,1,0.00987818,0.248183,878,517,417,0.83,89.62,51.28,6.15,147.88,0.927036323,-0.108669003,-0.319047346,-0.164327401,-0.0129270,-0.7560645,-0.4531817
seq-03/frame-000490,1,0.00745411,0.161071,879,547,451,4.24,107.13,42.36,14.03,167.80,0.929048085,-0.109628932,-0.313883028,-0.162260896,-0.0021243,-0.7481641,-0.4547475
seq-03/frame-000491,1,0.01875328,0.542456,802,425,347,3.12,94.65,37.07,32.54,167.38,0.934095774,-0.114265532,-0.299232200,-0.157697698,0.0090963,-0.7426240,-0.4622241
seq-03/frame-000492,1,0.01245540,0.419617,820,458,362,0.79,122.51,35.75,7.96,167.02,0.936861588,-0.114033216,-0.291907655,-0.155166722,0.0205572,-0.7348336,-0.4644252
seq-03/frame-000493,1,0.00831666,0.260429,906,549,442,0.86,95.20,41.68,8.52,146.26,0.942876632,-0.114543925,-0.275864392,-0.147520110,0.0336996,-0.7271453,-0.4723886
seq-03/frame-000494,1,0.00508204,0.245235,869,466,357,3.77,109.87,38.37,10.72,162.73,0.948530476,-0.111784989,-0.260988880,-0.140281349,0.0536666,-0.7172916,-0.4816532
seq-03/frame-000495,1,0.00757062,0.126975,993,625,516,0.84,91.00,41.61,8.70,142.16,0.952251393,-0.110654977,-0.250039346,-0.135842138,0.0522332,-0.7171420,-0.4914106
seq-03/frame-000496,1,0.00997870,0.259532,1059,644,531,0.85,96.39,53.02,7.60,157.86,0.957193872,-0.108069125,-0.236358219,-0.127419575,0.0607825,-0.7132654,-0.5057442
seq-03/frame-000497,1,0.01597488,0.399365,975,534,418,0.83,88.84,55.36,10.22,155.25,0.960148326,-0.104302506,-0.227542361,-0.124340873,0.0639745,-0.7084122,-0.5166409
seq-03/frame-000498,1,0.01191947,0.316582,1060,632,530,0.85,77.99,60.05,16.34,155.24,0.966192251,-0.100426463,-0.206902864,-0.116525810,0.0678828,-0.6964630,-0.5305084
seq-03/frame-000499,1,0.01201684,0.303996,1232,778,675,0.88,92.70,51.58,9.19,154.35,0.968728116,-0.098017612,-0.198373478,-0.112277992,0.0651358,-0.6889202,-0.5393953
seq-03/frame-000500,1,0.01315908,0.325959,1202,792,677,0.86,96.27,51.94,8.93,158.00,0.972419286,-0.098145512,-0.185600373,-0.101590806,0.0684805,-0.6825003,-0.5529315
seq-03/frame-000501,1,0.00939648,0.191987,1455,952,825,0.90,102.55,52.74,15.46,171.64,0.974514038,-0.096775244,-0.178931562,-0.094553886,0.0695230,-0.6769550,-0.5570473
seq-03/frame-000502,1,0.00869045,0.218255,1786,1228,1100,0.90,111.91,75.58,9.76,198.15,0.976044122,-0.095733657,-0.173508766,-0.089820083,0.0682695,-0.6711809,-0.5655203
seq-03/frame-000503,1,0.00877667,0.170271,1510,1034,889,1.07,100.79,56.55,8.33,166.73,0.978423122,-0.095204201,-0.165273285,-0.079429821,0.0703012,-0.6631489,-0.5759526
seq-03/frame-000504,1,0.00832139,0.175776,1555,1008,860,0.83,102.09,61.74,8.47,173.14,0.979601918,-0.096794393,-0.159787697,-0.074019051,0.0703317,-0.6581902,-0.5809946
seq-03/frame-000505,1,0.00970134,0.224054,1342,816,704,1.70,77.25,60.64,6.66,146.25,0.981030230,-0.101936357,-0.148679249,-0.071296192,0.0711474,-0.6537615,-0.5837580
seq-03/frame-000506,1,0.01153081,0.298453,1288,746,624,0.88,71.47,57.24,9.55,139.14,0.982240928,-0.102786025,-0.140257282,-0.070467632,0.0673598,-0.6473923,-0.5878188
seq-03/frame-000507,1,0.00799987,0.144742,1457,948,796,1.26,90.27,52.89,6.82,151.25,0.983510392,-0.104826975,-0.130959384,-0.067588862,0.0592722,-0.6440605,-0.5927838
seq-03/frame-000508,1,0.00873926,0.168367,1721,1153,1026,0.87,84.80,69.36,11.72,166.75,0.984735274,-0.107563873,-0.122236406,-0.061520037,0.0521816,-0.6373278,-0.5965261
seq-03/frame-000509,1,0.00687821,0.151325,1277,743,599,1.01,69.82,50.67,14.25,135.75,0.985214336,-0.110252254,-0.117223856,-0.058785367,0.0546822,-0.6317636,-0.5952252
seq-03/frame-000510,1,0.00737354,0.157409,1366,880,757,0.85,74.85,73.27,6.54,155.51,0.985856275,-0.117462338,-0.102085480,-0.062197735,0.0440770,-0.6291879,-0.5935846
seq-03/frame-000511,1,0.00549627,0.116480,1983,1393,1201,0.95,90.79,74.73,6.87,173.34,0.986223909,-0.120369564,-0.096069815,-0.060366882,0.0348286,-0.6278037,-0.5907767
seq-03/frame-000512,1,0.00567305,0.132062,2149,1516,1372,1.25,122.33,106.95,20.29,250.83,0.985962617,-0.122550970,-0.097978036,-0.057090114,0.0224489,-0.6270019,-0.5851597
seq-03/frame-000513,1,0.00616073,0.111780,1711,1254,1155,0.92,95.21,78.61,6.70,181.45,0.985618390,-0.123545276,-0.098543931,-0.059850206,0.0282904,-0.6306673,-0.5802931
seq-03/frame-000514,1,0.00705994,0.144689,1553,1155,1027,0.91,110.99,61.63,6.64,180.18,0.986374034,-0.123821245,-0.086579361,-0.065104369,0.0186875,-0.6266330,-0.5728252
seq-03/frame-000515,1,0.00677851,0.131433,2159,1490,1346,1.00,111.46,92.22,9.10,213.78,0.986559552,-0.125612720,-0.081640214,-0.065242402,0.0079486,-0.6280112,-0.5672097
seq-03/frame-000516,1,0.00723112,0.126618,1959,1439,1315,0.95,113.40,84.50,12.55,211.39,0.986684317,-0.126712068,-0.079555742,-0.063788671,0.0054627,-0.6259307,-0.5648507
seq-03/frame-000517,1,0.00467757,0.068072,1797,1312,1168,0.95,112.04,75.58,12.20,200.78,0.986469673,-0.132344016,-0.072341380,-0.064260175,-0.0044108,-0.6300857,-0.5458609
seq-03/frame-000518,1,0.00461130,0.067024,2084,1437,1283,0.98,109.09,230.65,14.77,355.49,0.986704186,-0.133223555,-0.068316029,-0.063239657,-0.0143071,-0.6357711,-0.5351101
seq-03/frame-000519,1,0.00528130,0.066839,2157,1502,1345,3.96,111.49,95.43,7.40,218.28,0.986712172,-0.133827576,-0.065937937,-0.064354163,-0.0252855,-0.6382905,-0.5239459
seq-03/frame-000520,1,0.00558248,0.097185,2069,1446,1292,1.03,73.89,90.12,9.53,174.56,0.986633169,-0.136087877,-0.063515718,-0.063252141,-0.0357337,-0.6421109,-0.5139391
seq-03/frame-000521,1,0.00486149,0.070190,2114,1468,1319,1.01,74.82,96.05,9.73,181.62,0.986086283,-0.140930651,-0.062234922,-0.062443637,-0.0457608,-0.6511252,-0.4931380
seq-03/frame-000522,1,0.00580809,0.096748,2112,1480,1320,0.99,76.54,84.16,7.11,168.80,0.985939468,-0.142357735,-0.061886258,-0.061868662,-0.0521968,-0.6584530,-0.4808947
seq-03/frame-000523,1,0.00556094,0.074912,1542,1104,994,0.90,65.42,68.80,6.58,141.69,0.985663129,-0.145246678,-0.060978026,-0.060442355,-0.0704661,-0.6690038,-0.4585316
seq-03/frame-000524,1,0.00478072,0.132454,1076,729,620,0.88,63.43,66.72,6.48,137.51,0.985483343,-0.144933007,-0.065171149,-0.059747180,-0.0819348,-0.6751585,-0.4468381
seq-03/frame-000525,1,0.00503037,0.074334,2024,1543,1375,0.96,82.11,92.15,17.70,192.93,0.983778351,-0.145780103,-0.079164889,-0.068273253,-0.0810768,-0.6827582,-0.4222780
seq-03/frame-000526,1,0.00618374,0.122477,1860,1373,1254,0.95,87.56,118.64,11.21,218.36,0.983569617,-0.147107860,-0.076612867,-0.071278010,-0.0861770,-0.6891817,-0.4082401
seq-03/frame-000527,1,0.00670250,0.131044,1051,676,559,0.88,59.20,39.14,7.84,107.06,0.983164780,-0.148592346,-0.078043337,-0.072225813,-0.1154530,-0.6936052,-0.3848690
seq-03/frame-000528,1,0.00640858,0.072724,1061,729,638,0.88,69.65,59.05,8.06,137.65,0.982445859,-0.150128902,-0.086284686,-0.069400284,-0.1177948,-0.6935120,-0.3736347
seq-03/frame-000529,1,0.00503081,0.088801,2038,1505,1334,0.98,104.55,103.82,13.04,222.40,0.980977772,-0.155221828,-0.095465135,-0.066896956,-0.1250171,-0.7012148,-0.3420915
seq-03/frame-000530,1,0.00516284,0.086213,2080,1522,1334,1.02,143.48,83.99,18.36,246.86,0.980530705,-0.157755143,-0.095873372,-0.066941372,-0.1291272,-0.7073398,-0.3275873
seq-03/frame-000531,1,0.00672076,0.088959,1342,1000,885,0.90,102.94,61.56,6.64,172.05,0.980000939,-0.160462973,-0.095806016,-0.068344722,-0.1403758,-0.7109417,-0.3176328
seq-03/frame-000532,1,0.00883064,0.150719,1170,810,688,0.91,62.43,69.35,8.12,140.81,0.976455223,-0.170020232,-0.112285267,-0.070854338,-0.1559605,-0.7167277,-0.2813810
seq-03/frame-000533,1,0.00477489,0.098373,1917,1409,1281,0.99,78.10,127.87,8.75,215.70,0.975661871,-0.171484362,-0.116221750,-0.071899463,-0.1546916,-0.7193885,-0.2660268
seq-03/frame-000534,1,0.00651194,0.089448,1304,987,881,0.90,91.37,65.35,6.41,164.03,0.975420765,-0.173209799,-0.113852195,-0.074768810,-0.1562837,-0.7242508,-0.2524455
seq-03/frame-000535,1,0.00659186,0.122512,1994,1373,1198,0.99,98.68,228.60,18.76,347.04,0.976008818,-0.175883161,-0.104841238,-0.074028474,-0.1760035,-0.7259632,-0.2209621
seq-03/frame-000536,1,0.00660150,0.137988,2025,1334,1176,0.99,108.94,104.06,23.92,237.91,0.975783752,-0.178561054,-0.103389796,-0.072612467,-0.1832260,-0.7285485,-0.2048512
seq-03/frame-000537,1,0.00650710,0.149627,1795,1213,1073,0.97,101.22,183.30,12.44,297.94,0.975779681,-0.180552502,-0.101080412,-0.070975763,-0.1890071,-0.7326254,-0.1876784
seq-03/frame-000538,1,0.00372498,0.095920,1876,1223,1072,3.23,95.80,179.15,12.41,290.60,0.975845601,-0.183098646,-0.094998763,-0.071940836,-0.2027193,-0.7378040,-0.1539019
seq-03/frame-000539,1,0.00545701,0.084662,1897,1303,1150,1.00,134.40,145.66,9.40,290.46,0.975753574,-0.184244095,-0.093592152,-0.072108153,-0.2130679,-0.7416649,-0.1390178
seq-03/frame-000540,1,0.00691812,0.119651,1641,1179,1056,1.88,167.44,123.86,15.33,308.51,0.975359468,-0.186229516,-0.094367498,-0.071324965,-0.2227162,-0.7455392,-0.1227560
seq-03/frame-000541,1,0.00430139,0.070217,1516,1021,905,0.93,177.67,100.83,18.56,297.99,0.974915468,-0.189087906,-0.094545328,-0.069618789,-0.2286945,-0.7547083,-0.0903332
seq-03/frame-000542,1,0.00470685,0.071808,1683,1106,972,0.98,205.21,113.03,18.45,337.68,0.975461975,-0.188909962,-0.090213202,-0.068180197,-0.2356773,-0.7579019,-0.0755039
seq-03/frame-000543,1,0.00231650,0.030830,1419,928,799,0.91,205.99,90.11,9.61,306.63,0.975391000,-0.191920257,-0.085274175,-0.067136634,-0.2450182,-0.7734036,-0.0419100
seq-03/frame-000544,1,0.00566740,0.097598,1123,718,580,0.88,170.54,100.84,14.11,286.37,0.976146347,-0.190646212,-0.079633196,-0.066714958,-0.2477672,-0.7815655,-0.0266598
seq-03/frame-000545,1,0.00474138,0.018606,1294,811,695,1.26,109.79,127.72,12.32,251.09,0.977408562,-0.187582142,-0.071933794,-0.065657998,-0.2555192,-0.7842735,-0.0131304
seq-03/frame-000546,1,0.00299294,0.076430,1792,1190,1035,0.99,152.60,78.00,11.09,242.68,0.978472660,-0.185520054,-0.065338908,-0.062485121,-0.2711025,-0.7896914,0.0143499
seq-03/frame-000547,1,0.00294730,0.056852,1696,1107,961,8.55,145.00,78.07,10.10,241.72,0.978649644,-0.185634188,-0.063831999,-0.060912219,-0.2717077,-0.7929808,0.0272702
seq-03/frame-000548,1,0.00385982,0.054323,1540,932,778,0.97,128.68,67.48,12.35,209.47,0.978635517,-0.187389024,-0.059857517,-0.059790936,-0.2757660,-0.7975991,0.0402187
seq-03/frame-000549,1,0.00323246,0.033846,1762,1056,888,4.11,137.68,99.86,8.01,249.67,0.978373623,-0.190686785,-0.053247907,-0.059902127,-0.2824475,-0.8048063,0.0696520
seq-03/frame-000550,1,0.00374109,0.071784,1885,1167,945,1.20,124.65,105.10,10.48,241.44,0.977972840,-0.193520624,-0.050617880,-0.059638270,-0.2860672,-0.8058565,0.0820361
seq-03/frame-000551,1,0.00312990,0.062461,1985,1254,1037,1.86,138.34,110.56,18.47,269.23,0.976216468,-0.203120927,-0.049449989,-0.057428176,-0.2896810,-0.8143359,0.1148136
seq-03/frame-000552,1,0.00317901,0.088905,1563,1076,940,0.94,113.38,73.67,8.18,196.18,0.975332684,-0.207617178,-0.047965641,-0.057624303,-0.2899810,-0.8192039,0.1300723
seq-03/frame-000553,1,0.00740532,0.121310,1293,864,721,0.97,94.93,64.18,9.04,169.13,0.974468437,-0.211993997,-0.044322758,-0.059205610,-0.2905044,-0.8259817,0.1449975
seq-03/frame-000554,1,0.00493158,0.027419,1825,1147,943,1.01,126.58,80.69,8.19,216.47,0.973320338,-0.219373653,-0.037016491,-0.056147113,-0.2945823,-0.8283215,0.1786201
seq-03/frame-000555,1,0.00367055,0.045856,2024,1215,1005,1.05,102.42,89.98,12.63,206.08,0.972848849,-0.221877551,-0.037298877,-0.054261060,-0.2944037,-0.8287126,0.1958542
seq-03/frame-000556,1,0.00505867,0.064103,1628,1099,942,0.97,90.75,75.55,6.91,174.18,0.972236003,-0.224796873,-0.037206860,-0.053283867,-0.2908056,-0.8345540,0.2108299
seq-03/frame-000557,1,0.00522764,0.117203,1396,881,729,2.66,93.81,76.61,6.85,179.92,0.971600986,-0.228138359,-0.028619873,-0.055904528,-0.2894401,-0.8362060,0.2421026
seq-03/frame-000558,1,0.00418371,0.036260,1739,1078,884,1.01,88.96,77.26,15.08,182.32,0.971324298,-0.229871843,-0.025474823,-0.055127826,-0.2899522,-0.8363700,0.2584679
seq-03/frame-000559,1,0.00402117,0.105388,1719,967,767,1.00,84.42,68.08,6.66,160.17,0.971054785,-0.231087106,-0.025981309,-0.054555702,-0.2904036,-0.8349113,0.2752993
seq-03/frame-000560,1,0.00571164,0.044269,1713,880,721,0.97,82.91,73.02,11.42,168.32,0.970317567,-0.233637592,-0.031895371,-0.053665440,-0.2836873,-0.8423319,0.3066756
seq-03/frame-000561,1,0.00366346,0.034743,1391,878,735,3.45,77.68,70.24,10.17,161.53,0.970018709,-0.234121046,-0.031805520,-0.056916150,-0.2775113,-0.8442241,0.3231835
seq-03/frame-000562,1,0.00465224,0.029448,1845,1066,871,1.03,94.00,98.68,15.70,209.41,0.969943032,-0.234222976,-0.029595939,-0.058942288,-0.2772829,-0.8427661,0.3360527
seq-03/frame-000563,1,0.00476526,0.117021,1385,860,700,0.97,75.54,58.69,9.08,144.29,0.968609860,-0.239934630,-0.035799812,-0.054264955,-0.2733313,-0.8425566,0.3683077
seq-03/frame-000564,1,0.00390052,0.030096,1836,947,745,1.04,89.72,95.08,8.16,194.00,0.967865828,-0.242283643,-0.040981250,-0.053431388,-0.2642079,-0.8463230,0.3818723
seq-03/frame-000565,1,0.00417473,0.059814,1436,862,716,0.94,76.22,74.81,14.25,166.23,0.967283342,-0.243990336,-0.042035363,-0.055359558,-0.2560128,-0.8505223,0.3964196
seq-03/frame-000566,1,0.00616024,0.065472,1483,915,741,0.96,86.63,95.13,6.48,189.20,0.967458689,-0.243755015,-0.039032174,-0.055530782,-0.2518252,-0.8518656,0.4096005
seq-03/frame-000567,1,0.00487053,0.066190,1863,939,759,1.03,101.01,89.16,7.26,198.46,0.967369154,-0.244272855,-0.038486659,-0.055194829,-0.2481138,-0.8524291,0.4219450
seq-03/frame-000568,1,0.00669333,0.021362,1862,957,789,1.02,100.25,95.89,6.65,203.80,0.965995818,-0.247518093,-0.046315273,-0.058666593,-0.2366441,-0.8575649,0.4476747
seq-03/frame-000569,1,0.00451548,0.039644,1844,919,736,1.01,120.49,70.71,8.71,200.92,0.965274326,-0.249190774,-0.048579574,-0.061558585,-0.2308146,-0.8574656,0.4629060
seq-03/frame-000570,1,0.00611655,0.063097,1751,897,720,2.29,112.49,88.78,7.54,211.11,0.964876354,-0.250146366,-0.050560086,-0.062322504,-0.2282968,-0.8580432,0.4754934
seq-03/frame-000571,1,0.00574348,0.055633,1789,935,732,2.82,129.29,68.45,12.64,213.20,0.964354001,-0.251714296,-0.056760727,-0.058647194,-0.2117795,-0.8627145,0.5008592
seq-03/frame-000572,1,0.00582871,0.074325,1860,937,754,0.99,120.38,96.94,14.78,233.08,0.963821982,-0.252973130,-0.058736536,-0.060015016,-0.2022625,-0.8632919,0.5131548
seq-03/frame-000573,1,0.00602976,0.049228,1674,904,725,1.05,99.44,72.99,12.26,185.74,0.963408377,-0.254289104,-0.059039483,-0.060792182,-0.1956347,-0.8656021,0.5261782
seq-03/frame-000574,1,0.00805104,0.070521,1845,980,783,1.21,122.49,81.53,7.71,212.95,0.963273362,-0.254873675,-0.058960042,-0.060560333,-0.1912291,-0.8672989,0.5352033
seq-03/frame-000575,1,0.00681741,0.061005,1802,943,752,1.04,109.83,79.05,7.70,197.62,0.963026290,-0.255094913,-0.062093350,-0.060426527,-0.1812091,-0.8656632,0.5480350
seq-03/frame-000576,1,0.00785461,0.093119,1676,926,774,0.99,98.10,140.52,7.77,247.38,0.962733340,-0.254930013,-0.067925260,-0.059509360,-0.1659397,-0.8701295,0.5677531
seq-03/frame-000577,1,0.00880032,0.182392,1528,882,738,0.93,80.95,68.31,10.45,160.65,0.962536302,-0.255277893,-0.068816293,-0.060177923,-0.1547562,-0.8695172,0.5791623
seq-03/frame-000578,1,0.00570669,0.119086,1434,817,660,0.93,70.36,58.38,6.36,136.04,0.962201744,-0.254760319,-0.070722936,-0.065293570,-0.1451921,-0.8713014,0.5934421
seq-03/frame-000579,1,0.00756119,0.180371,1639,969,800,0.95,80.11,61.33,10.43,152.82,0.962588176,-0.252359287,-0.071008667,-0.068531471,-0.1380443,-0.8694418,0.5995970
seq-03/frame-000580,1,0.00620950,0.121832,1896,1056,863,1.02,80.89,67.76,7.01,156.69,0.962507285,-0.252276761,-0.072981517,-0.067895954,-0.1269065,-0.8708427,0.6095266
seq-03/frame-000581,1,0.00629689,0.100094,1862,1162,937,1.04,81.07,60.34,9.02,151.47,0.962001436,-0.253710704,-0.075177107,-0.067323975,-0.1191509,-0.8742849,0.6197674
seq-03/frame-000582,1,0.00477241,0.115351,1229,702,596,1.09,78.35,50.61,15.02,145.08,0.961359795,-0.254898505,-0.078697031,-0.067977012,-0.0921191,-0.8747421,0.6401811
seq-03/frame-000583,1,0.00412685,0.132483,1197,720,605,0.89,66.48,54.07,12.11,133.55,0.961376398,-0.253911375,-0.078480615,-0.071590696,-0.0813994,-0.8753792,0.6509980
seq-03/frame-000584,1,0.00354604,0.165529,1105,698,576,0.88,71.75,59.55,5.87,138.05,0.962034326,-0.251035923,-0.079012967,-0.072304025,-0.0680240,-0.8773781,0.6616297
seq-03/frame-000585,1,0.00240729,0.125538,1167,645,519,0.86,68.76,50.36,12.01,132.00,0.962517423,-0.248190870,-0.079782445,-0.074808181,-0.0552389,-0.8788850,0.6704255
seq-03/frame-000586,1,0.00604967,0.109839,1448,872,749,1.13,71.98,66.42,8.89,148.42,0.964242515,-0.239573349,-0.084603776,-0.075386897,-0.0247018,-0.8806410,0.6791831
seq-03/frame-000587,1,0.00326243,0.097575,1676,1042,875,1.00,85.83,82.03,10.28,179.14,0.963749970,-0.240137382,-0.088398139,-0.075536758,-0.0115321,-0.8848052,0.6883836
seq-03/frame-000588,1,0.00419901,0.045182,1642,1052,911,1.01,70.75,72.33,7.02,151.11,0.963172333,-0.240341700,-0.093729712,-0.075826545,0.0045205,-0.8842967,0.6951402
seq-03/frame-000589,1,0.00315225,0.021246,1607,980,861,0.94,83.21,70.55,10.87,165.57,0.963219129,-0.238513566,-0.097548079,-0.076187667,0.0167415,-0.8829412,0.7012594
seq-03/frame-000590,1,0.00367667,0.032859,1141,760,667,0.91,78.86,54.82,7.78,142.38,0.963186757,-0.237974786,-0.098972565,-0.076444115,0.0321829,-0.8860352,0.7052092
seq-03/frame-000591,1,0.00330780,0.044661,1338,849,745,1.47,78.06,56.69,10.13,146.35,0.963399946,-0.236448872,-0.099960407,-0.077203579,0.0485902,-0.8847774,0.7112336
seq-03/frame-000592,1,0.00810131,0.176363,1097,682,584,0.87,62.11,48.78,7.15,118.92,0.963108543,-0.236956014,-0.100574153,-0.078476889,0.0717252,-0.8920790,0.7171318
seq-03/frame-000593,1,0.00469024,0.107251,1315,855,754,0.91,68.26,61.58,6.65,137.39,0.962393999,-0.238344695,-0.103591581,-0.079109938,0.0967715,-0.8859776,0.7231604
seq-03/frame-000594,1,0.00379059,0.050429,1669,1086,951,0.96,71.40,70.81,11.77,154.95,0.962697812,-0.237083827,-0.105114618,-0.077169281,0.1116898,-0.8808715,0.7294589
seq-03/frame-000595,1,0.00290756,0.036163,1699,1105,961,0.96,74.12,75.24,9.16,159.49,0.962901099,-0.234517857,-0.109501940,-0.076368664,0.1279859,-0.8786839,0.7321323
seq-03/frame-000596,1,0.00226683,0.074136,1298,910,833,0.89,67.80,73.53,10.04,152.26,0.963020952,-0.231379577,-0.116494110,-0.074049032,0.1582698,-0.8791150,0.7402323
seq-03/frame-000597,1,0.00265734,0.085164,1441,993,863,0.93,79.41,63.41,7.25,150.99,0.963308193,-0.229832353,-0.118520680,-0.071883681,0.1775223,-0.8774703,0.7395418
seq-03/frame-000598,1,0.00294373,0.072238,1657,1115,991,0.94,99.04,70.99,9.28,180.25,0.962983179,-0.228917160,-0.121949738,-0.073407037,0.1922277,-0.8751028,0.7415083
seq-03/frame-000599,1,0.00274363,0.068079,1419,1000,905,1.70,71.71,78.49,10.46,162.36,0.961911110,-0.228632689,-0.129422426,-0.075524475,0.2280310,-0.8691721,0.7418114
seq-03/frame-000600,1,0.00195541,0.045676,1549,1094,976,0.92,99.73,89.71,17.46,207.82,0.961210948,-0.228369946,-0.133783808,-0.077605244,0.2454808,-0.8651390,0.7434273
seq-03/frame-000601,1,0.00368686,0.139953,1583,1141,1004,0.93,91.81,87.40,16.11,196.26,0.960245071,-0.227759740,-0.139675100,-0.080905935,0.2644293,-0.8630544,0.7430539
seq-03/frame-000602,1,0.00323910,0.113712,1573,1068,966,0.95,105.25,67.03,14.36,187.59,0.959957151,-0.225731071,-0.144236154,-0.081998071,0.2830916,-0.8584291,0.7415471
seq-03/frame-000603,1,0.00214019,0.104200,1479,1089,988,0.89,74.56,106.79,15.03,197.28,0.958326854,-0.223968033,-0.155629291,-0.085014612,0.3213841,-0.8481495,0.7365722
seq-03/frame-000604,1,0.00345559,0.059068,1547,1131,1014,0.93,111.54,83.69,19.23,215.40,0.957196927,-0.222806671,-0.162751521,-0.087425237,0.3396536,-0.8456782,0.7340505
seq-03/frame-000605,1,0.00308338,0.087992,1433,1067,969,0.86,80.47,76.67,11.80,169.81,0.955896747,-0.222712230,-0.168622213,-0.090704033,0.3577813,-0.8437422,0.7325036
seq-03/frame-000606,1,0.00287097,0.176744,1148,753,659,0.84,96.86,42.67,16.16,156.53,0.952618076,-0.225429489,-0.181593881,-0.093402405,0.4014935,-0.8335668,0.7259135
seq-03/frame-000607,1,0.00416461,0.173262,1109,706,604,0.85,83.77,53.04,11.73,149.39,0.949771222,-0.229951907,-0.190278770,-0.094078347,0.4201699,-0.8314856,0.7255060
seq-03/frame-000608,1,0.00193622,0.053049,1281,928,829,0.86,93.77,43.00,7.55,145.19,0.947700667,-0.230873906,-0.198753388,-0.095172350,0.4358403,-0.8248869,0.7269077
seq-03/frame-000609,1,0.00242672,0.060762,1518,1159,1030,0.89,105.60,58.86,8.24,173.59,0.943509685,-0.231333883,-0.213349178,-0.103712279,0.4724866,-0.8200438,0.7273750
seq-03/frame-000610,1,0.00352897,0.119605,1569,1131,1033,0.90,97.49,70.68,14.84,183.93,0.942067512,-0.232373322,-0.217689030,-0.105465290,0.4935144,-0.8168077,0.7288670
seq-03/frame-000611,1,0.00235386,0.048624,1738,1225,1096,0.90,105.65,77.31,9.60,193.46,0.941311317,-0.232513933,-0.220485232,-0.106096831,0.5081554,-0.8123111,0.7293245
seq-03/frame-000612,1,0.00364131,0.120869,1691,1253,1125,0.93,99.48,60.74,13.42,174.56,0.938270245,-0.234540580,-0.231072087,-0.106044118,0.5457533,-0.8055196,0.7323388
seq-03/frame-000613,1,0.00269949,0.124530,1809,1310,1181,1.88,111.64,70.73,10.40,194.66,0.937473314,-0.235056417,-0.235315571,-0.102561437,0.5622086,-0.8011576,0.7354706
seq-03/frame-000614,1,0.00341568,0.109750,1898,1327,1165,1.60,90.20,101.00,14.37,207.16,0.935652826,-0.232724903,-0.247005451,-0.096856674,0.5986422,-0.7939915,0.7413176
seq-03/frame-000615,1,0.00458423,0.098026,1757,1228,1091,0.97,92.12,84.40,8.24,185.73,0.934879919,-0.232798664,-0.250425409,-0.095349005,0.6183473,-0.7918957,0.7434764
seq-03/frame-000616,1,0.00271093,0.030104,1821,1285,1133,1.37,92.03,76.03,13.23,182.67,0.934548335,-0.232133964,-0.252420767,-0.094957826,0.6319354,-0.7857231,0.7482001
seq-03/frame-000617,1,0.00232225,0.045113,1789,1249,1109,1.00,101.52,87.69,8.22,198.44,0.933728749,-0.226797817,-0.260744069,-0.093412549,0.6621059,-0.7775131,0.7550512
seq-03/frame-000618,1,0.00278351,0.110474,1715,1171,1047,0.96,87.82,74.21,7.11,170.09,0.932260721,-0.227818694,-0.266080276,-0.090497947,0.6798281,-0.7747588,0.7605048
seq-03/frame-000619,1,0.00282977,0.067019,1794,1239,1094,0.99,87.92,80.31,15.25,184.48,0.931111241,-0.228010950,-0.270348250,-0.089189053,0.6959732,-0.7702158,0.7676144
seq-03/frame-000620,1,0.00246403,0.045188,1491,990,861,0.93,85.80,68.33,7.32,162.38,0.930319900,-0.225785863,-0.275361688,-0.087758584,0.7307801,-0.7596400,0.7786047
seq-03/frame-000621,1,0.00320426,0.041726,1421,960,837,0.92,73.56,69.66,13.76,157.91,0.929554593,-0.225832181,-0.277088437,-0.090277810,0.7479296,-0.7570902,0.7868954
seq-03/frame-000622,1,0.00222332,0.056702,1698,1167,1022,1.85,83.03,61.64,10.52,157.04,0.928994701,-0.224212317,-0.280045671,-0.090951108,0.7746645,-0.7515431,0.8012390
seq-03/frame-000623,1,0.00192363,0.084294,1657,1155,1007,0.96,95.62,79.02,8.09,183.69,0.928374939,-0.222345904,-0.284108756,-0.089243974,0.7908365,-0.7491565,0.8097088
seq-03/frame-000624,1,0.00294805,0.114196,1567,1085,975,0.95,86.54,73.23,7.11,167.83,0.927762640,-0.220045837,-0.288087819,-0.088553499,0.8087854,-0.7481933,0.8164181
seq-03/frame-000625,1,0.00234258,0.101413,1435,992,874,0.92,72.42,66.67,9.88,149.90,0.927028977,-0.215779525,-0.291836077,-0.094277128,0.8400464,-0.7466587,0.8301650
seq-03/frame-000626,1,0.00169499,0.065871,1788,1189,1025,0.95,106.60,88.94,11.44,207.94,0.926941148,-0.212305995,-0.294606813,-0.094409204,0.8538555,-0.7456039,0.8354046
seq-03/frame-000627,1,0.00199522,0.155642,1627,1074,933,0.96,86.21,78.25,13.58,179.00,0.924237263,-0.210185510,-0.305725212,-0.090219887,0.8828131,-0.7434945,0.8494001
seq-03/frame-000628,1,0.00074446,0.078620,1802,1160,998,0.98,86.12,84.41,8.02,179.54,0.923083773,-0.207563235,-0.311666858,-0.087736089,0.8975707,-0.7413422,0.8558289
seq-03/frame-000629,1,0.00147886,0.045821,1627,1077,954,0.96,80.39,74.63,9.16,165.14,0.921885752,-0.206467130,-0.316221600,-0.086613415,0.9120187,-0.7412189,0.8638755
seq-03/frame-000630,1,0.00120536,0.092253,1613,1040,906,0.95,72.74,77.39,18.47,169.56,0.921116772,-0.198499346,-0.323049109,-0.088210968,0.9416371,-0.7342485,0.8785794
seq-03/frame-000631,1,0.00054728,0.060651,1747,1083,922,0.99,74.28,88.22,15.96,179.46,0.920824626,-0.196844426,-0.324984589,-0.087859525,0.9520406,-0.7315085,0.8828274
seq-03/frame-000632,1,0.00101981,0.065504,1645,1063,897,0.94,80.45,63.98,10.52,155.89,0.919923881,-0.194822338,-0.330321837,-0.081681054,0.9780463,-0.7273369,0.8962299
seq-03/frame-000633,1,0.00334065,0.107977,1586,1058,930,0.95,72.50,75.40,14.11,162.98,0.920012247,-0.191784575,-0.332716026,-0.078078093,0.9903420,-0.7203587,0.9010155
seq-03/frame-000634,1,0.00223925,0.116499,1233,765,670,0.90,68.70,60.26,6.03,135.89,0.919918448,-0.189017785,-0.334875776,-0.076684687,1.0198726,-0.7149898,0.9129409
seq-03/frame-000635,1,0.00243476,0.054891,1484,940,817,0.95,75.52,60.86,8.19,145.52,0.920339337,-0.187533197,-0.334698613,-0.076050265,1.0309912,-0.7100341,0.9150380
seq-03/frame-000636,1,0.00267041,0.102725,1596,980,834,0.99,79.34,54.30,10.60,145.24,0.918621968,-0.187846269,-0.339151198,-0.076314633,1.0547140,-0.7002758,0.9239446
seq-03/frame-000637,1,0.00327983,0.053561,1674,1026,857,0.98,83.72,86.06,17.13,187.89,0.918196374,-0.187012050,-0.341211464,-0.074274151,1.0647838,-0.6953206,0.9272909
seq-03/frame-000638,1,0.00348262,0.054648,1593,919,784,0.95,82.45,80.94,8.69,173.03,0.916253713,-0.183396992,-0.348082698,-0.075386417,1.0899865,-0.6840902,0.9318204
seq-03/frame-000639,1,0.00220678,0.075292,1650,981,815,0.97,85.30,69.02,8.90,164.20,0.915293775,-0.180999876,-0.351607757,-0.076474414,1.1017886,-0.6786975,0.9327643
seq-03/frame-000640,1,0.00299104,0.086041,1492,861,723,0.94,88.66,76.71,9.51,175.83,0.911906940,-0.175955095,-0.362401580,-0.078298346,1.1251337,-0.6677795,0.9385820
seq-03/frame-000641,1,0.00535649,0.174998,1414,860,717,0.92,65.56,43.10,10.57,120.15,0.909674784,-0.173725576,-0.369300630,-0.076995170,1.1404798,-0.6644014,0.9455913
seq-03/frame-000642,1,0.00325447,0.142903,1254,757,632,0.89,83.15,76.59,8.21,168.85,0.905792476,-0.171079060,-0.380880022,-0.072127345,1.1688682,-0.6504555,0.9456778
seq-03/frame-000643,1,0.00129285,0.114059,1381,848,728,0.88,95.56,84.69,13.18,194.32,0.901354835,-0.171777071,-0.391415636,-0.069612488,1.1962415,-0.6411444,0.9492382
seq-03/frame-000644,1,0.00204779,0.108621,1350,814,674,0.90,99.65,68.29,23.36,192.20,0.899187089,-0.171331044,-0.396737878,-0.068609824,1.2124124,-0.6362948,0.9514464
seq-03/frame-000645,1,0.00272398,0.095279,1368,687,557,0.88,86.47,70.64,10.26,168.25,0.895389683,-0.167670736,-0.406283488,-0.071397251,1.2388462,-0.6254693,0.9516362
seq-03/frame-000646,1,0.00446977,0.107705,1338,771,638,0.90,83.61,44.53,8.92,137.96,0.890975762,-0.164376035,-0.416588800,-0.074809645,1.2639454,-0.6128113,0.9545979
seq-03/frame-000647,1,0.00463343,0.177595,1110,686,555,0.92,68.71,49.96,9.11,128.69,0.888166930,-0.165315047,-0.422328018,-0.073955968,1.2806606,-0.6069427,0.9579320
seq-03/frame-000648,1,0.00311784,0.095755,1426,885,729,0.88,96.67,70.58,12.87,181.00,0.883433610,-0.165376998,-0.432970065,-0.068792638,1.2997713,-0.5881187,0.9637919
seq-03/frame-000649,1,0.00550992,0.102888,1427,854,698,0.88,73.19,67.28,11.13,152.49,0.881301161,-0.160907646,-0.438891779,-0.069217050,1.3237850,-0.5679404,0.9669145
seq-03/frame-000650,1,0.00243385,0.090971,1701,974,770,0.91,93.55,80.00,10.75,185.21,0.882331583,-0.156863341,-0.438372835,-0.068659499,1.3400197,-0.5527777,0.9793882
seq-03/frame-000651,1,0.00499877,0.116924,1158,673,521,0.85,88.81,43.05,7.32,140.04,0.883083816,-0.150742733,-0.439858580,-0.062960565,1.3628737,-0.5385092,0.9833895
seq-03/frame-000652,1,0.00965031,0.290275,1039,543,418,0.84,83.34,38.34,7.40,129.93,0.887754308,-0.138910170,-0.434146959,-0.064130111,1.3865034,-0.5218121,0.9837542
seq-03/frame-000653,1,0.01268026,0.412895,959,461,333,2.10,86.14,46.92,6.16,141.33,0.893291993,-0.127231897,-0.425576933,-0.068743969,1.4084488,-0.5063109,0.9852436
seq-03/frame-000654,1,0.01617408,0.406355,1132,597,440,0.87,81.84,51.95,12.52,147.18,0.896273600,-0.122903863,-0.420772469,-0.067370642,1.4166117,-0.4994210,0.9809617
seq-03/frame-000655,1,0.00495890,0.111633,1062,534,410,2.04,82.23,58.66,8.84,151.77,0.898986725,-0.117677140,-0.416834134,-0.064994333,1.4365157,-0.4879716,0.9964242
seq-03/frame-000656,1,0.01467060,0.222726,777,287,188,0.81,51.21,32.01,9.24,93.28,0.904934582,-0.112735047,-0.404646671,-0.068156321,1.4615786,-0.4668848,0.9756568
seq-03/frame-000657,1,0.00721490,0.104435,1146,565,396,0.85,76.43,48.11,12.43,137.82,0.909623635,-0.112645529,-0.394215167,-0.067009181,1.4733981,-0.4556003,1.0023002
seq-03/frame-000658,1,0.00490437,0.090185,1226,635,478,0.87,62.92,49.69,8.29,121.77,0.910580808,-0.112956202,-0.392438327,-0.063840803,1.4806416,-0.4530354,1.0063324
seq-03/frame-000659,1,0.04601090,1.161515,802,321,191,0.80,62.61,36.29,5.87,105.57,0.920225151,-0.097729517,-0.373032169,-0.066944865,1.5063400,-0.4145059,0.9571836
seq-03/frame-000660,1,0.00303749,0.157032,1076,513,360,0.86,74.28,48.70,6.30,130.15,0.920697953,-0.104435799,-0.369990889,-0.067195134,1.5150949,-0.4212974,1.0190486
seq-03/frame-000661,1,0.01752481,0.462578,1123,505,357,0.84,76.19,55.99,16.72,149.75,0.923613888,-0.098709721,-0.364723243,-0.064581206,1.5278888,-0.4057073,1.0019692
seq-03/frame-000662,1,0.02230680,0.359096,1090,487,348,0.84,83.04,43.56,6.06,133.50,0.927115830,-0.096491323,-0.356120552,-0.065755722,1.5460144,-0.3985609,0.9951227
seq-03/frame-000663,1,0.01227304,0.189896,1099,496,348,0.83,71.10,45.68,6.30,123.91,0.929082657,-0.092852646,-0.350548096,-0.072799965,1.5550720,-0.3869718,1.0034088
seq-03/frame-000664,1,0.01254055,0.339756,1451,652,453,0.87,75.48,68.11,10.15,154.62,0.929279387,-0.091907582,-0.349897508,-0.074595916,1.5600915,-0.3844637,1.0176237
seq-03/frame-000665,1,0.00640224,0.219180,1489,663,456,0.92,73.72,62.45,9.65,146.74,0.929413608,-0.091532765,-0.349589185,-0.074829806,1.5593193,-0.3845779,1.0247490
seq-03/frame-000666,1,0.01272780,0.206589,1250,530,340,0.85,62.47,45.97,8.51,117.81,0.931236279,-0.084350157,-0.344960678,-0.081769025,1.5729906,-0.3714344,1.0107725
seq-03/frame-000667,1,0.00785475,0.062857,1288,586,384,0.85,87.85,47.89,7.85,144.45,0.932600970,-0.083633461,-0.340340378,-0.086193397,1.5656708,-0.3680397,1.0105724
seq-03/frame-000668,1,0.00790609,0.159776,1165,546,364,1.03,60.52,62.11,7.59,131.25,0.930869647,-0.086321091,-0.344739914,-0.084762973,1.5636377,-0.3708760,1.0256404
seq-03/frame-000669,1,0.00566072,0.258949,1029,467,300,1.14,57.46,39.77,10.79,109.16,0.931510848,-0.077609317,-0.343560498,-0.090722204,1.5674124,-0.3465168,1.0205726
seq-03/frame-000670,1,0.00632610,0.185834,1507,660,469,0.89,78.96,57.00,11.77,148.61,0.932707035,-0.077793717,-0.339308756,-0.094208769,1.5670181,-0.3485680,1.0217008
seq-03/frame-000671,1,0.00539349,0.154606,1455,704,502,0.90,74.21,66.75,7.67,149.53,0.932222515,-0.076269032,-0.340958982,-0.094293108,1.5657058,-0.3398036,1.0229253
seq-03/frame-000672,1,0.01282932,0.311534,1203,535,366,0.84,95.14,58.36,7.43,161.78,0.935262414,-0.073701879,-0.330011284,-0.104617413,1.5606792,-0.3340707,1.0161078
seq-03/frame-000673,1,0.00441671,0.163594,1516,693,481,0.89,84.57,66.99,10.33,162.79,0.934479441,-0.074730906,-0.332569666,-0.102766161,1.5612457,-0.3286700,1.0325854
seq-03/frame-000674,1,0.01042220,0.270040,1556,714,470,0.90,86.89,78.07,7.97,173.83,0.934568636,-0.072124814,-0.333732432,-0.100010695,1.5664841,-0.3125857,1.0260575
seq-03/frame-000675,1,0.00645890,0.150004,1348,617,418,0.87,80.61,65.53,5.48,152.49,0.935568194,-0.072276792,-0.329863102,-0.103337085,1.5599340,-0.3113595,1.0196768
seq-03/frame-000676,1,0.00311271,0.171956,1580,730,497,0.92,93.73,70.67,6.48,171.80,0.935268240,-0.075889597,-0.329901821,-0.103338654,1.5543358,-0.3049168,1.0337519
seq-03/frame-000677,1,0.01312584,0.182784,1458,710,497,0.89,65.92,71.04,8.08,145.93,0.937045260,-0.070676407,-0.324562105,-0.107751869,1.5600198,-0.2929290,1.0231283
seq-03/frame-000678,1,0.01285129,0.226267,1604,727,509,0.92,77.74,68.35,10.05,157.07,0.937412565,-0.074191147,-0.322306035,-0.108959514,1.5472571,-0.3036192,1.0229159
seq-03/frame-000679,1,0.00698271,0.165065,1550,730,514,0.94,85.21,79.77,9.78,175.69,0.936782025,-0.069069950,-0.325046778,-0.109605524,1.5515824,-0.2967457,1.0295803
seq-03/frame-000680,1,0.00767325,0.165476,1472,702,506,0.91,81.12,64.82,5.96,152.81,0.937422073,-0.065704393,-0.322868847,-0.112598835,1.5510628,-0.2880571,1.0246125
seq-03/frame-000681,1,0.00661199,0.224680,1568,733,507,0.98,80.75,72.49,10.87,165.09,0.937437108,-0.065294411,-0.322012758,-0.115135103,1.5444547,-0.2916551,1.0313281
seq-03/frame-000682,1,0.00759639,0.167550,1584,678,485,0.92,70.28,70.68,4.82,146.70,0.937217195,-0.064017837,-0.322663701,-0.115817879,1.5424565,-0.2933340,1.0241243
seq-03/frame-000683,1,0.01129350,0.157211,1540,745,556,0.92,71.90,73.81,6.54,153.18,0.937692540,-0.062690721,-0.320876447,-0.117647272,1.5447898,-0.2925380,1.0123654
seq-03/frame-000684,1,0.00777283,0.294558,1559,752,542,1.12,76.94,73.74,7.44,159.24,0.936692828,-0.066627617,-0.322076336,-0.120142169,1.5387937,-0.3018859,1.0308258
seq-03/frame-000685,1,0.00463160,0.201775,1577,732,542,0.90,74.95,70.88,13.42,160.15,0.937055061,-0.067085808,-0.321547886,-0.118466299,1.5359747,-0.3031818,1.0304940
seq-03/frame-000686,1,0.01642372,0.461155,1081,496,335,0.86,69.99,44.18,8.59,123.62,0.935368476,-0.070285028,-0.327426657,-0.113743625,1.5312956,-0.3240375,1.0466597
seq-03/frame-000687,1,0.00462963,0.181041,1192,553,381,0.87,67.43,52.85,7.69,128.85,0.937279804,-0.067173090,-0.325112126,-0.106284759,1.5368462,-0.3335163,1.0257905
seq-03/frame-000688,1,0.01321339,0.269094,1237,561,357,0.86,73.38,61.14,10.24,145.64,0.936679036,-0.066521410,-0.328118554,-0.102691284,1.5347254,-0.3383588,1.0371536
seq-03/frame-000689,1,0.00536675,0.211690,1322,603,417,0.86,70.71,55.47,12.72,139.78,0.938160388,-0.063734041,-0.326797842,-0.094848451,1.5467452,-0.3508176,1.0169333
seq-03/frame-000690,1,0.00902355,0.285316,1280,559,395,0.87,60.02,63.10,13.57,137.56,0.938357145,-0.067889331,-0.326148219,-0.092218467,1.5449651,-0.3736195,1.0118982
seq-03/frame-000691,1,0.00882662,0.314900,1227,548,371,0.84,63.56,51.08,7.39,122.87,0.938967407,-0.065202867,-0.325778843,-0.089201678,1.5558475,-0.3852532,1.0107545
seq-03/frame-000692,1,0.00569861,0.136003,1453,652,469,0.87,87.34,66.64,22.85,177.70,0.940493279,-0.065658240,-0.322093851,-0.086121655,1.5629344,-0.3942409,0.9955906
seq-03/frame-000693,1,0.00282547,0.169079,983,467,334,0.82,71.53,38.62,13.11,124.08,0.942390398,-0.065703562,-0.316502985,-0.086076946,1.5653857,-0.4114245,0.9905806
seq-03/frame-000694,1,0.01360586,0.478465,1091,472,322,0.85,73.95,65.85,5.81,146.47,0.942387632,-0.071490848,-0.316508744,-0.081343870,1.5659509,-0.4520231,0.9996776
seq-03/frame-000695,1,0.00279954,0.137961,1229,584,415,0.86,75.34,55.61,12.30,144.11,0.943954898,-0.068275444,-0.313192308,-0.078728596,1.5693185,-0.4555488,0.9765387
seq-03/frame-000696,1,0.00539614,0.075307,1066,506,352,1.12,78.52,50.23,8.38,138.24,0.946498202,-0.067763912,-0.305888490,-0.077339751,1.5685605,-0.4835476,0.9582389
seq-03/frame-000697,1,0.00406489,0.109217,1032,452,314,0.82,54.88,42.74,7.71,106.15,0.947927877,-0.070254375,-0.302243188,-0.071736445,1.5659330,-0.5128420,0.9531779
seq-03/frame-000698,1,0.00482435,0.096046,1164,511,365,0.88,66.61,47.11,6.67,121.27,0.948707064,-0.069899906,-0.300864003,-0.067451921,1.5694278,-0.5249207,0.9398717
seq-03/frame-000699,1,0.00569788,0.156638,1139,507,340,0.86,67.51,49.50,7.77,125.64,0.949197578,-0.073320986,-0.300090087,-0.059949394,1.5640216,-0.5615354,0.9270260
seq-03/frame-000700,1,0.00737600,0.142745,1447,770,591,0.90,76.49,60.01,6.28,143.69,0.949953422,-0.073043049,-0.298381158,-0.056761718,1.5629083,-0.5858029,0.8977448
seq-03/frame-000701,1,0.01085879,0.189939,1322,729,555,0.88,82.30,47.79,10.49,141.48,0.950305190,-0.073787439,-0.296981808,-0.057247411,1.5594843,-0.6005784,0.8872242
seq-03/frame-000702,1,0.00956858,0.185530,961,512,370,0.85,64.13,36.23,8.90,110.11,0.948299654,-0.081110819,-0.302512892,-0.051329832,1.5532518,-0.6401949,0.8793752
seq-03/frame-000703,1,0.01033396,0.152103,1451,818,640,0.91,84.29,49.08,8.75,143.03,0.948367442,-0.077986961,-0.303315509,-0.050169022,1.5497899,-0.6568763,0.8457118
seq-03/frame-000704,1,0.01311996,0.209464,1257,710,555,0.89,70.75,51.13,15.04,137.81,0.947720229,-0.082271466,-0.304049111,-0.051106858,1.5436670,-0.6783161,0.8370959
seq-03/frame-000705,1,0.01816363,0.423765,1145,573,432,0.87,82.61,49.96,5.42,138.86,0.946252245,-0.082297817,-0.307830527,-0.055444788,1.5238360,-0.7036175,0.8144924
seq-03/frame-000706,1,0.01311709,0.287673,1199,676,541,0.87,78.26,38.91,5.53,123.57,0.944914408,-0.084216996,-0.311093243,-0.057142399,1.5208896,-0.7176227,0.8062478
seq-03/frame-000707,1,0.01777358,0.328242,1184,644,494,0.86,67.01,41.17,12.50,121.55,0.943490554,-0.086003625,-0.312545542,-0.068878413,1.5133366,-0.7301969,0.7570601
seq-03/frame-000708,1,0.02002537,0.417257,911,456,350,0.87,67.58,39.84,6.56,114.85,0.940543870,-0.094366897,-0.317470664,-0.075395592,1.4899862,-0.7466137,0.7608853
seq-03/frame-000709,1,0.01972393,0.350483,834,366,242,0.85,62.41,34.65,16.94,114.85,0.937163209,-0.096439178,-0.326769708,-0.075140956,1.4763858,-0.7560695,0.7539194
seq-03/frame-000710,1,0.00718412,0.121433,1476,939,812,0.91,81.03,71.72,12.61,166.27,0.933480303,-0.094305703,-0.336003260,-0.082600045,1.4666029,-0.7557159,0.7192934
seq-03/frame-000711,1,0.00718339,0.138140,919,496,384,0.84,53.12,40.16,13.92,108.05,0.930580546,-0.099411524,-0.340168192,-0.091775804,1.4432221,-0.7708566,0.6973500
seq-03/frame-000712,1,0.00412866,0.135323,1244,715,589,0.90,79.19,79.75,12.30,172.16,0.924569831,-0.100300778,-0.354175106,-0.098338065,1.4243630,-0.7740154,0.6789755
seq-03/frame-000713,1,0.00547732,0.082253,1596,993,868,0.92,106.04,102.14,13.44,222.54,0.922957131,-0.100834146,-0.356453777,-0.104514666,1.4181094,-0.7785306,0.6698198
seq-03/frame-000714,1,0.00601048,0.140166,1202,731,617,2.80,85.20,62.80,10.63,161.44,0.920533006,-0.100985899,-0.360164495,-0.112704791,1.3933697,-0.7884330,0.6532947
seq-03/frame-000715,1,0.00596388,0.115273,1185,696,569,0.87,111.32,52.52,10.15,174.86,0.918689120,-0.102369688,-0.365283312,-0.109994766,1.3693690,-0.7971734,0.6317282
seq-03/frame-000716,1,0.00713211,0.151653,1631,1081,925,0.95,98.24,88.63,15.89,203.71,0.915402312,-0.103022659,-0.373035224,-0.110768501,1.3527580,-0.8044350,0.6144214
seq-03/frame-000717,1,0.00788880,0.216205,1802,1185,1027,0.95,96.87,88.77,20.88,207.47,0.914756441,-0.102438629,-0.373981820,-0.113422126,1.3425389,-0.8084192,0.6105513
seq-03/frame-000718,1,0.00675562,0.200405,1480,935,821,0.93,113.08,88.42,7.69,210.12,0.914617527,-0.099409562,-0.372924379,-0.120498657,1.3142019,-0.8161699,0.5876738
seq-03/frame-000719,1,0.00177030,0.028032,1447,925,814,0.91,120.03,76.99,8.31,206.24,0.913344325,-0.103013262,-0.375021811,-0.120619454,1.2833036,-0.8216668,0.5652075
seq-03/frame-000720,1,0.00343856,0.085957,2170,1537,1389,1.02,107.93,122.27,16.41,247.63,0.912440725,-0.108901860,-0.373909841,-0.125633354,1.2587682,-0.8273758,0.5556621
seq-03/frame-000721,1,0.00252260,0.106539,1694,1220,1104,0.94,112.34,75.71,16.87,205.87,0.914012115,-0.116179552,-0.367071681,-0.127837970,1.2241881,-0.8347666,0.5415798
seq-03/frame-000722,1,0.00362797,0.162833,1304,858,741,0.90,101.50,71.82,20.23,194.46,0.913574636,-0.119110824,-0.368536636,-0.123994934,1.2110459,-0.8392652,0.5364842
seq-03/frame-000723,1,0.00311178,0.076381,2133,1622,1460,1.02,140.05,111.34,11.52,263.93,0.911814478,-0.123965364,-0.371147626,-0.124404124,1.1826771,-0.8456757,0.5303754
seq-03/frame-000724,1,0.00386946,0.013450,2093,1581,1424,1.01,119.98,100.18,18.66,239.83,0.914349548,-0.131890660,-0.361268460,-0.126707763,1.1500040,-0.8535254,0.5230055
seq-03/frame-000725,1,0.00413985,0.114112,1816,1402,1288,0.96,113.78,118.00,11.57,244.32,0.915110821,-0.134791812,-0.358700676,-0.125447907,1.1359346,-0.8538650,0.5184139
seq-03/frame-000726,1,0.00380751,0.130134,1217,869,771,0.87,102.52,63.08,7.07,173.55,0.914680366,-0.141945626,-0.359506857,-0.118178199,1.0967902,-0.8653891,0.5072117
seq-03/frame-000727,1,0.00469058,0.062226,1730,1327,1213,0.95,103.69,102.18,7.87,214.68,0.912876573,-0.152985232,-0.361156436,-0.113216212,1.0788144,-0.8737050,0.5170491
seq-03/frame-000728,1,0.00508145,0.114918,1657,1228,1107,0.94,111.73,100.71,18.32,231.71,0.917099986,-0.162504779,-0.344682773,-0.117105070,1.0430032,-0.8823835,0.5104738
seq-03/frame-000729,1,0.00332410,0.119430,1319,969,858,0.89,100.66,68.79,11.76,182.10,0.917638906,-0.167647189,-0.340779239,-0.117058827,1.0222317,-0.8829921,0.5028409
seq-03/frame-000730,1,0.00210211,0.056219,1434,1044,949,1.67,74.55,81.14,8.40,165.76,0.912714740,-0.177456421,-0.347009055,-0.122661071,0.9844750,-0.8937520,0.5052369
seq-03/frame-000731,1,0.00361885,0.021789,1840,1407,1268,0.97,100.48,105.90,23.50,230.86,0.911210142,-0.182081813,-0.348074878,-0.124041001,0.9736245,-0.8993083,0.5080229
seq-03/frame-000732,1,0.00336589,0.031433,1536,1168,1072,1.15,82.38,88.68,19.95,192.16,0.909842310,-0.190065220,-0.344274161,-0.132429171,0.9395077,-0.9060667,0.5061368
seq-03/frame-000733,1,0.00440549,0.018498,1344,1003,893,0.90,87.39,71.14,9.25,168.68,0.905468696,-0.204382466,-0.346832394,-0.134393223,0.9096602,-0.9121801,0.5104251
seq-03/frame-000734,1,0.00237682,0.069252,1844,1392,1268,0.95,100.29,101.00,12.71,214.96,0.903531401,-0.210892575,-0.347643961,-0.135273819,0.8930149,-0.9167124,0.5188057
seq-03/frame-000735,1,0.00164903,0.053758,1609,1206,1074,1.43,96.17,88.21,9.92,195.74,0.902100720,-0.215304757,-0.346020967,-0.141871923,0.8741497,-0.9230843,0.5328911
seq-03/frame-000736,1,0.00418576,0.162551,1722,1231,1117,1.29,122.49,74.80,12.61,211.19,0.903508399,-0.218761110,-0.338704408,-0.145242809,0.8546624,-0.9266994,0.5336973
seq-03/frame-000737,1,0.00352874,0.110456,1653,1173,1062,1.31,130.76,74.53,6.73,213.32,0.904741449,-0.221812244,-0.333386411,-0.145243725,0.8282868,-0.9254073,0.5312824
seq-03/frame-000738,1,0.00368083,0.122403,2002,1468,1327,1.63,131.42,102.09,17.21,252.35,0.900925670,-0.230444941,-0.336951149,-0.147282006,0.7983494,-0.9290782,0.5457101
seq-03/frame-000739,1,0.00391716,0.127382,1958,1452,1314,1.01,130.81,76.98,11.61,220.41,0.900391653,-0.232405095,-0.336736662,-0.147956625,0.7903020,-0.9288699,0.5546234
seq-03/frame-000740,1,0.00337230,0.103723,1793,1320,1159,0.97,116.01,82.13,12.99,212.11,0.901602322,-0.237505914,-0.328841352,-0.150225030,0.7548905,-0.9350591,0.5649952
seq-03/frame-000741,1,0.00409376,0.138222,1570,1150,1027,0.93,121.36,60.87,8.82,191.98,0.902842244,-0.238170578,-0.328189372,-0.142976900,0.7414266,-0.9292712,0.5653710
seq-03/frame-000742,1,0.00410877,0.097123,1721,1261,1097,0.96,84.82,71.09,11.44,168.31,0.900542166,-0.245350673,-0.332367957,-0.135493157,0.7155257,-0.9218487,0.5785877
seq-03/frame-000743,1,0.00531279,0.072835,2174,1543,1370,1.05,107.52,114.14,10.67,233.38,0.899300089,-0.248559736,-0.333683439,-0.134657978,0.7055701,-0.9197619,0.5887301
seq-03/frame-000744,1,0.00373810,0.061559,1810,1344,1183,0.96,86.69,87.75,6.92,182.33,0.900952245,-0.255583809,-0.323949888,-0.134232782,0.6716897,-0.9153265,0.6083822
seq-03/frame-000745,1,0.00448447,0.098546,1794,1332,1178,0.96,95.15,70.23,13.36,179.70,0.903003715,-0.256823535,-0.319544325,-0.128519986,0.6565894,-0.9122539,0.6147217
seq-03/frame-000746,1,0.00441124,0.094311,1931,1437,1269,0.96,97.29,94.15,16.29,208.69,0.906258985,-0.260946469,-0.311183014,-0.117331681,0.6300611,-0.9001435,0.6314462
seq-03/frame-000747,1,0.00400227,0.088696,1907,1347,1202,0.99,77.60,92.58,10.34,181.52,0.907656018,-0.263129342,-0.306129171,-0.114927948,0.6126061,-0.8961866,0.6407569
seq-03/frame-000748,1,0.00437123,0.079358,1749,1330,1188,1.28,99.33,84.31,9.28,194.20,0.911051832,-0.268202957,-0.295944644,-0.102315696,0.5773257,-0.8900773,0.6570478
seq-03/frame-000749,1,0.00486277,0.120018,1660,1166,1034,0.95,76.86,79.49,15.84,173.14,0.912218391,-0.271127995,-0.292571595,-0.093536511,0.5613496,-0.8852317,0.6667954
seq-03/frame-000750,1,0.00443733,0.084590,1789,1263,1115,5.80,77.26,80.71,19.37,183.14,0.913383298,-0.272676821,-0.289895204,-0.085668383,0.5439530,-0.8808363,0.6775807
seq-03/frame-000751,1,0.00316933,0.079958,1301,844,718,0.90,74.81,60.07,9.26,145.04,0.916994295,-0.277469149,-0.276080220,-0.076889834,0.5158807,-0.8692469,0.6980519
seq-03/frame-000752,1,0.00327217,0.039128,1392,974,856,0.92,80.73,75.25,16.25,173.15,0.919190762,-0.280703315,-0.266060467,-0.074201218,0.4978612,-0.8668481,0.7077084
seq-03/frame-000753,1,0.00549924,0.142584,1329,884,755,0.92,85.62,54.80,13.18,154.53,0.923424493,-0.287017742,-0.246835446,-0.063089492,0.4700876,-0.8552090,0.7261720
seq-03/frame-000754,1,0.00598919,0.143856,1690,1247,1094,0.96,86.52,68.64,11.97,168.09,0.924495711,-0.290658711,-0.239240543,-0.059909574,0.4560539,-0.8521361,0.7367285
seq-03/frame-000755,1,0.00523993,0.138829,1578,1109,952,0.95,87.65,85.62,9.98,184.20,0.925698485,-0.292451376,-0.233080023,-0.056817335,0.4438099,-0.8455779,0.7478585
seq-03/frame-000756,1,0.00504364,0.146294,1394,892,759,0.92,69.20,55.80,12.43,138.37,0.927113502,-0.295663357,-0.223913990,-0.053909728,0.4304689,-0.8385427,0.7590254
seq-03/frame-000757,1,0.00615446,0.181390,1606,1014,865,2.67,94.98,84.63,17.50,199.79,0.929256565,-0.301395446,-0.208304498,-0.047457945,0.4082834,-0.8251710,0.7780571
seq-03/frame-000758,1,0.00296088,0.092487,1441,810,658,0.91,77.10,56.32,8.46,142.79,0.929834013,-0.305654859,-0.200275876,-0.043282661,0.3952894,-0.8139696,0.7875157
seq-03/frame-000759,1,0.00631373,0.163506,1715,1164,1021,0.95,83.66,81.64,9.00,175.26,0.929389555,-0.310668084,-0.195358398,-0.039439750,0.3875506,-0.8107185,0.7986686
seq-03/frame-000760,1,0.00387247,0.174199,1290,735,625,0.90,90.75,50.84,5.56,148.05,0.930751412,-0.315789623,-0.180882195,-0.035501486,0.3689076,-0.7927040,0.8197381
seq-03/frame-000761,1,0.00377444,0.064448,1581,1006,858,1.00,77.08,73.20,13.54,164.83,0.931284281,-0.318228231,-0.174123237,-0.033488484,0.3600878,-0.7849957,0.8247016
seq-03/frame-000762,1,0.00569349,0.133267,1782,1108,924,0.95,84.31,78.98,17.16,181.41,0.930086407,-0.323051141,-0.172134324,-0.030773535,0.3530600,-0.7806726,0.8344499
seq-03/frame-000763,1,0.00489261,0.106628,1659,1161,1020,0.93,82.07,72.02,21.25,176.28,0.929520630,-0.325448873,-0.170845492,-0.029769914,0.3471696,-0.7728667,0.8466125
seq-03/frame-000764,1,0.00424161,0.172280,1324,839,696,0.91,74.88,56.71,7.11,139.61,0.929882393,-0.327816877,-0.164222059,-0.029764845,0.3378316,-0.7646517,0.8587560
seq-03/frame-000765,1,0.00450612,0.076803,1517,1020,877,2.00,84.83,51.22,13.83,151.88,0.930559486,-0.329124341,-0.158060794,-0.027440767,0.3330728,-0.7589555,0.8668032
seq-03/frame-000766,1,0.00443068,0.110327,1559,1086,952,0.92,81.80,61.01,14.63,158.36,0.930875822,-0.332921734,-0.148386240,-0.024796125,0.3211931,-0.7469330,0.8854747
seq-03/frame-000767,1,0.00450264,0.104438,1666,1121,978,1.43,84.52,74.71,10.96,171.62,0.931678443,-0.332802694,-0.144077776,-0.021429879,0.3149163,-0.7416588,0.8938198
seq-03/frame-000768,1,0.00364515,0.079326,1791,1197,1034,0.95,111.85,76.17,13.38,202.36,0.932470174,-0.332027307,-0.141331992,-0.016808043,0.3104032,-0.7366135,0.9004002
seq-03/frame-000769,1,0.00421456,0.092973,1706,1138,994,0.95,101.92,74.45,7.83,185.16,0.932839809,-0.331801928,-0.139719816,-0.013990847,0.3079723,-0.7329017,0.9096014
seq-03/frame-000770,1,0.00469753,0.083695,1486,947,802,1.25,91.57,62.33,7.24,162.40,0.933894634,-0.330003670,-0.136912351,-0.013906747,0.3047703,-0.7275591,0.9152670
seq-03/frame-000771,1,0.00491680,0.119868,1396,911,778,0.91,90.14,67.59,11.06,169.70,0.934614382,-0.329585290,-0.132886697,-0.014512716,0.3032422,-0.7237929,0.9216923
seq-03/frame-000772,1,0.00533900,0.126650,1348,892,764,3.73,87.77,53.22,7.17,151.90,0.935153338,-0.329639510,-0.128692317,-0.016257757,0.3010575,-0.7208098,0.9295804
seq-03/frame-000773,1,0.00521042,0.137162,1352,848,720,0.92,74.42,57.82,8.19,141.34,0.936080910,-0.328828265,-0.123838259,-0.016987857,0.2989195,-0.7176315,0.9333196
seq-03/frame-000774,1,0.00593133,0.173154,1474,1035,896,0.91,83.92,48.97,9.79,143.59,0.936006833,-0.330808031,-0.119142920,-0.016193180,0.2973678,-0.7164855,0.9389319
seq-03/frame-000775,1,0.00478233,0.151509,1633,1093,942,0.94,86.00,63.87,12.59,163.39,0.936330912,-0.331114298,-0.115607704,-0.016810801,0.2937817,-0.7134664,0.9459862
seq-03/frame-000776,1,0.00514430,0.134589,1572,1059,914,1.30,73.62,80.77,10.71,166.41,0.936944233,-0.330874733,-0.111717108,-0.013292994,0.2903888,-0.7123696,0.9481749
seq-03/frame-000777,1,0.00385816,0.128850,1656,1074,931,0.94,83.24,71.36,14.69,170.24,0.936790323,-0.332018213,-0.110217323,-0.006319688,0.2893873,-0.7103073,0.9536291
seq-03/frame-000778,1,0.00333076,0.128843,1748,1111,941,0.94,101.65,83.91,11.60,198.10,0.936434379,-0.332793941,-0.111055903,-0.002330813,0.2905809,-0.7061375,0.9591183
seq-03/frame-000779,1,0.00519025,0.087908,1272,859,743,1.16,88.30,60.74,13.02,163.22,0.935978114,-0.335229668,-0.107543215,-0.000704626,0.2879015,-0.7057742,0.9652918
seq-03/frame-000780,1,0.00281990,0.086737,1352,938,816,1.21,94.16,71.23,57.51,224.11,0.936356294,-0.335452711,-0.103390260,0.004338606,0.2850503,-0.7025756,0.9739438
seq-03/frame-000781,1,0.00452151,0.178456,1433,959,818,1.29,89.60,50.35,6.31,147.55,0.936260107,-0.335732172,-0.102797185,0.011561097,0.2872338,-0.7036898,0.9766649
seq-03/frame-000782,1,0.00373305,0.104880,1451,892,765,0.91,90.30,66.87,14.06,172.15,0.933505013,-0.342360415,-0.103640050,0.024828949,0.2881729,-0.6986186,0.9900876
seq-03/frame-000783,1,0.00808263,0.228698,1218,832,721,0.87,85.34,40.84,12.73,139.79,0.934105487,-0.341392386,-0.100839030,0.027012366,0.2842262,-0.6913009,0.9961494
seq-03/frame-000784,1,0.00535433,0.239943,1100,739,636,0.84,70.04,43.87,11.36,126.11,0.935159644,-0.339173635,-0.098513921,0.027068299,0.2875185,-0.6890569,1.0049454
seq-03/frame-000785,1,0.00378505,0.158352,1417,922,790,0.89,87.18,69.16,19.64,176.88,0.936037946,-0.337616898,-0.095156751,0.028160026,0.2855902,-0.6900654,1.0093968
seq-03/frame-000786,1,0.00953885,0.308215,1421,927,810,0.90,90.37,67.53,10.54,169.34,0.937281580,-0.334581175,-0.093051390,0.030001940,0.2842230,-0.6849426,1.0084722
seq-03/frame-000787,1,0.00498436,0.138424,1330,896,793,0.88,110.12,74.69,11.35,197.05,0.937683294,-0.334184767,-0.089914457,0.031400196,0.2814434,-0.6846456,1.0169361
seq-03/frame-000788,1,0.00391427,0.140681,1097,755,659,0.86,203.56,54.55,11.14,270.11,0.938933681,-0.331630418,-0.085890286,0.032367695,0.2788843,-0.6805879,1.0216221
seq-03/frame-000789,1,0.00384109,0.106180,1117,784,688,0.85,92.76,58.45,11.66,163.72,0.940662418,-0.328233373,-0.079230853,0.033757068,0.2722617,-0.6775196,1.0239065
seq-03/frame-000790,1,0.00449846,0.123112,1227,872,786,0.88,99.02,51.77,10.00,161.67,0.941346072,-0.326809784,-0.076923585,0.033848184,0.2742376,-0.6794401,1.0273164
seq-03/frame-000791,1,0.00582277,0.160009,1014,726,645,0.86,82.58,45.00,14.91,143.35,0.942318001,-0.325479755,-0.070003184,0.034630447,0.2675839,-0.6780938,1.0339713
seq-03/frame-000792,1,0.00378786,0.079192,1075,749,656,0.87,85.26,50.98,6.48,143.59,0.942736188,-0.325213265,-0.064984649,0.035521930,0.2716291,-0.6779077,1.0382018
seq-03/frame-000793,1,0.00312264,0.154013,1199,869,771,1.34,100.58,48.42,15.33,165.67,0.943421349,-0.323834476,-0.061628718,0.035906708,0.2748494,-0.6729212,1.0434452
seq-03/frame-000794,1,0.00616218,0.190410,905,657,582,1.00,77.31,33.46,11.50,123.27,0.945388537,-0.319336994,-0.053755365,0.037077758,0.2651876,-0.6652530,1.0461014
seq-03/frame-000795,1,0.00350022,0.094907,1231,901,809,1.32,87.29,72.91,8.81,170.32,0.946919288,-0.314823008,-0.053256205,0.037337814,0.2737923,-0.6616768,1.0509366
seq-03/frame-000796,1,0.00497836,0.169865,1121,777,691,1.01,68.61,55.05,9.38,134.06,0.947139225,-0.315151056,-0.047756508,0.036419990,0.2686586,-0.6664375,1.0558117
seq-03/frame-000797,1,0.00295209,0.076736,1178,853,758,1.28,96.29,69.32,6.43,173.33,0.948318887,-0.312538237,-0.041571438,0.035818344,0.2663929,-0.6577467,1.0602449
seq-03/frame-000798,1,0.00214029,0.071478,1389,978,882,1.04,97.22,87.09,11.99,197.35,0.949498893,-0.308739714,-0.041304548,0.037756792,0.2729377,-0.6513919,1.0642879
seq-03/frame-000799,1,0.00382047,0.078847,1603,1094,953,1.36,111.65,82.29,6.64,201.94,0.949327559,-0.309004335,-0.040165685,0.040990542,0.2725592,-0.6544140,1.0690001
seq-03/frame-000800,1,0.00507602,0.080804,1479,1051,935,0.92,128.97,74.55,31.60,236.05,0.949849196,-0.307673137,-0.037092897,0.041807453,0.2683542,-0.6503936,1.0715273
seq-03/frame-000801,1,0.00294074,0.106569,1456,1047,928,1.43,105.04,78.08,12.59,197.15,0.950047331,-0.307352395,-0.033607365,0.042604207,0.2672366,-0.6469046,1.0791177
seq-03/frame-000802,1,0.00537728,0.125599,1336,980,887,0.88,113.83,108.71,13.28,236.71,0.951499526,-0.302615053,-0.032585427,0.044843869,0.2678871,-0.6382744,1.0811629
seq-03/frame-000803,1,0.00372870,0.171202,1408,1018,908,0.89,114.73,88.52,6.29,210.43,0.952333570,-0.300298771,-0.031254481,0.043641453,0.2651466,-0.6382058,1.0882929
seq-03/frame-000804,1,0.00637930,0.206854,1395,993,875,0.89,74.17,52.91,7.00,134.98,0.953628238,-0.296696698,-0.026833452,0.042944362,0.2600363,-0.6347208,1.0891603
seq-03/frame-000805,1,0.00384945,0.094928,1419,1028,928,2.36,99.52,106.87,13.89,222.64,0.954812559,-0.292791040,-0.025694433,0.044115541,0.2626676,-0.6300756,1.0930725
seq-03/frame-000806,1,0.00345313,0.051275,1687,1155,1032,0.92,124.39,111.52,95.71,332.54,0.955463369,-0.290407739,-0.027347582,0.044779513,0.2666102,-0.6291588,1.0975676
seq-03/frame-000807,1,0.00380379,0.073706,1630,1113,977,0.95,132.30,179.57,15.35,328.17,0.955567851,-0.290345978,-0.025914493,0.043791929,0.2639446,-0.6294486,1.0998555
seq-03/frame-000808,1,0.00552703,0.154982,1596,1122,993,0.92,126.47,164.35,9.60,301.35,0.956072551,-0.289074990,-0.022948831,0.042828489,0.2599521,-0.6240594,1.1043813
seq-03/frame-000809,1,0.00541250,0.146707,1401,1024,935,0.88,125.24,171.60,15.21,312.94,0.957474515,-0.284586178,-0.021336229,0.042403143,0.2586920,-0.6170537,1.1086059
seq-03/frame-000810,1,0.00369298,0.074765,1404,1005,895,0.98,101.79,163.56,16.17,282.51,0.958591387,-0.281053951,-0.020415095,0.041163732,0.2610693,-0.6146916,1.1125346
seq-03/frame-000811,1,0.00377069,0.050089,1388,1012,898,0.90,120.28,92.26,9.88,223.32,0.959495404,-0.278413583,-0.016934535,0.039593787,0.2607734,-0.6124022,1.1151360
seq-03/frame-000812,1,0.00441313,0.113035,1649,1101,967,12.96,170.74,117.14,27.29,328.13,0.959647121,-0.278331572,-0.014651978,0.037339772,0.2618793,-0.6122245,1.1200256
seq-03/frame-000813,1,0.00291405,0.033853,1654,1141,1011,8.93,177.69,81.24,15.40,283.27,0.959574839,-0.278613904,-0.014300653,0.037227834,0.2652223,-0.6088648,1.1240689
seq-03/frame-000814,1,0.00640898,0.189745,1540,1084,951,1.77,162.79,116.40,22.42,303.40,0.960749138,-0.274480160,-0.011389568,0.038626599,0.2636212,-0.5987507,1.1252940
seq-03/frame-000815,1,0.00492701,0.124141,1687,1140,1011,1.84,171.84,140.46,15.05,329.20,0.961360718,-0.272250058,-0.010941257,0.039316206,0.2683659,-0.5955977,1.1297452
seq-03/frame-000816,1,0.00582387,0.169891,1516,1028,919,0.94,187.00,179.56,11.90,379.40,0.961470997,-0.271972583,-0.008928230,0.039047694,0.2689111,-0.5951636,1.1333783
seq-03/frame-000817,1,0.00593574,0.100163,1272,894,801,0.95,122.05,93.42,11.42,227.83,0.962338517,-0.269029941,-0.005933022,0.038629885,0.2706471,-0.5885047,1.1341239
seq-03/frame-000818,1,0.00536596,0.117446,1435,1035,924,1.82,144.98,144.29,23.95,315.05,0.963207361,-0.265966631,-0.003794970,0.038456842,0.2759456,-0.5832565,1.1366456
seq-03/frame-000819,1,0.00504765,0.084903,1587,1105,970,1.67,155.01,175.67,19.47,351.81,0.963489094,-0.264830318,-0.002051236,0.039363198,0.2792134,-0.5812326,1.1399469
seq-03/frame-000820,1,0.00478538,0.055281,1640,1126,1007,1.42,140.35,83.71,9.94,235.42,0.963345788,-0.265155400,-0.001417656,0.040687792,0.2847453,-0.5805459,1.1431565
seq-03/frame-000821,1,0.00391322,0.051665,1660,1149,1004,1.66,158.47,159.20,20.76,340.10,0.963800657,-0.263331627,-0.001066142,0.041756580,0.2883171,-0.5740738,1.1455366
seq-03/frame-000822,1,0.00656754,0.146677,1507,1072,932,5.36,187.12,120.66,41.98,355.12,0.964587237,-0.260440245,0.001721984,0.041705820,0.2884356,-0.5689091,1.1460067
seq-03/frame-000823,1,0.00497553,0.131834,1460,1053,916,4.28,295.97,83.61,10.52,394.39,0.965058601,-0.258862521,0.003275824,0.040513702,0.2923066,-0.5658354,1.1498004
seq-03/frame-000824,1,0.00439284,0.058096,1499,1067,933,1.51,156.55,98.87,33.87,290.81,0.965170128,-0.258619340,0.005572148,0.039135807,0.2954479,-0.5648451,1.1531512
seq-03/frame-000825,1,0.00797738,0.230947,1726,1139,987,0.96,195.66,103.67,17.41,317.71,0.965644749,-0.256605719,0.007839959,0.040277285,0.2964829,-0.5593238,1.1550475
seq-03/frame-000826,1,0.00705859,0.155532,1727,1135,982,0.98,212.95,96.23,25.98,336.14,0.966053653,-0.255114865,0.007210375,0.040059403,0.3012298,-0.5563830,1.1575361
seq-03/frame-000827,1,0.00697219,0.149563,1495,1057,928,1.44,192.23,90.58,17.08,301.34,0.966367865,-0.253971450,0.009702301,0.039211191,0.3029414,-0.5531558,1.1596990
seq-03/frame-000828,1,0.00640269,0.157861,1749,1164,997,1.20,135.32,107.62,23.60,267.74,0.966571670,-0.253330246,0.009355891,0.038411721,0.3101646,-0.5492109,1.1631202
seq-03/frame-000829,1,0.00511363,0.125779,1782,1155,986,3.42,140.61,135.46,20.97,300.47,0.967029440,-0.251775432,0.008780968,0.037230211,0.3141337,-0.5438610,1.1661138
seq-03/frame-000830,1,0.00576902,0.123909,1267,871,750,1.83,95.71,102.54,25.59,225.67,0.967917347,-0.248612322,0.012449359,0.034248161,0.3117114,-0.5380941,1.1683972
seq-03/frame-000831,1,0.00689828,0.181449,1443,1002,884,5.84,138.70,112.85,10.04,267.42,0.969004142,-0.244406380,0.014001436,0.033173098,0.3174678,-0.5323844,1.1697250
seq-03/frame-000832,1,0.00448149,0.040612,1795,1118,942,0.97,137.09,174.47,16.25,328.78,0.968980250,-0.244381010,0.013304914,0.034324563,0.3235785,-0.5345994,1.1748743
seq-03/frame-000833,1,0.00626504,0.174213,1707,1133,992,0.93,135.55,159.62,17.58,313.68,0.968704410,-0.245412037,0.013017450,0.034860348,0.3260029,-0.5344316,1.1769920
seq-03/frame-000834,1,0.00605414,0.131655,1677,1147,995,0.91,133.76,180.24,15.47,330.39,0.968639265,-0.245790514,0.013393023,0.033847069,0.3276142,-0.5291469,1.1794002
seq-03/frame-000835,1,0.00595594,0.119152,1719,1116,951,0.95,177.62,131.61,24.95,335.13,0.969280067,-0.243391735,0.014602091,0.032301609,0.3295820,-0.5229499,1.1816914
seq-03/frame-000836,1,0.00685212,0.173543,1813,1118,942,2.11,207.79,74.06,8.87,292.83,0.969350831,-0.243165385,0.012985146,0.032572195,0.3358161,-0.5219913,1.1842709
seq-03/frame-000837,1,0.00584767,0.151667,1790,1136,959,1.65,199.60,104.66,8.62,314.53,0.969523049,-0.242783447,0.012299189,0.030495648,0.3374059,-0.5194217,1.1878376
seq-03/frame-000838,1,0.00837897,0.232523,1726,1113,948,0.94,165.55,81.41,11.99,259.90,0.969773168,-0.242080465,0.013629300,0.027409726,0.3373214,-0.5163846,1.1886870
seq-03/frame-000839,1,0.00529685,0.075053,1785,1133,940,2.02,195.17,87.82,12.86,297.87,0.969838876,-0.242203573,0.011742267,0.024740723,0.3428814,-0.5145145,1.1927563
seq-03/frame-000840,1,0.00578535,0.141051,1801,1113,942,1.13,197.74,88.76,18.23,305.86,0.970015625,-0.241624966,0.011799847,0.023405701,0.3449897,-0.5112703,1.1951444
seq-03/frame-000841,1,0.00365404,0.136740,1743,1085,930,1.92,149.94,97.56,12.61,262.02,0.970346558,-0.240415405,0.008546436,0.023557336,0.3521214,-0.5084793,1.1992443
seq-03/frame-000842,1,0.00667006,0.182970,1774,1099,931,0.97,137.11,193.23,6.95,338.25,0.970869600,-0.238438773,0.008030386,0.022241501,0.3511226,-0.5067364,1.1997305
seq-03/frame-000843,1,0.00482876,0.060173,1810,1108,933,0.97,144.34,110.10,6.30,261.71,0.970926668,-0.238418129,0.006629213,0.020353243,0.3548622,-0.5081701,1.2017445
seq-03/frame-000844,1,0.00267976,0.138746,1417,967,837,0.90,64.59,90.96,14.55,171.01,0.970683917,-0.239453326,0.000206095,0.020851754,0.3651783,-0.5082782,1.2082425
seq-03/frame-000845,1,0.00204612,0.119309,1169,807,702,0.89,76.07,73.51,16.73,167.20,0.971273912,-0.237027589,-0.008429709,0.019335197,0.3719227,-0.5054104,1.2099115
seq-03/frame-000846,1,0.00505991,0.103502,1648,1080,933,0.93,117.02,93.62,7.92,219.50,0.971351581,-0.237030332,-0.009594384,0.014165965,0.3665278,-0.5069177,1.2082801
seq-03/frame-000847,1,0.00393315,0.039076,1585,1070,915,0.91,129.66,70.76,14.70,216.04,0.971239763,-0.237410738,-0.014071290,0.011465739,0.3729844,-0.5052831,1.2108672
seq-03/frame-000848,1,0.00470232,0.095938,1117,722,631,0.87,114.97,49.62,7.90,173.37,0.971319206,-0.236346981,-0.023821180,0.010566767,0.3821514,-0.5018875,1.2158141
seq-03/frame-000849,1,0.00398938,0.155379,1303,883,783,0.94,125.86,64.51,6.00,197.32,0.971011049,-0.237067797,-0.030064483,0.005703420,0.3818126,-0.5051548,1.2176919
seq-03/frame-000850,1,0.00530769,0.126605,1597,1056,922,0.98,98.05,83.44,15.27,197.74,0.971219032,-0.235840428,-0.033314363,0.001742540,0.3812871,-0.5024681,1.2152256
seq-03/frame-000851,1,0.00459360,0.100712,1459,991,884,2.38,99.61,67.76,11.46,181.21,0.971097627,-0.235458625,-0.039032625,-0.002255996,0.3869677,-0.5010388,1.2166749
seq-03/frame-000852,1,0.00573407,0.179581,1574,1039,893,0.93,94.02,78.75,14.80,188.50,0.970707614,-0.236376428,-0.042504059,-0.006805704,0.3872043,-0.5027258,1.2172823
seq-03/frame-000853,1,0.00505897,0.131450,1730,1088,916,0.95,116.11,94.98,17.59,229.64,0.970686077,-0.235587350,-0.046268639,-0.011240666,0.3910863,-0.5006354,1.2171924
seq-03/frame-000854,1,0.00777823,0.285856,1585,1050,893,0.94,108.64,69.02,13.76,192.37,0.970770309,-0.234330166,-0.049938506,-0.014160694,0.3943179,-0.4988566,1.2174113
seq-03/frame-000855,1,0.00299472,0.030062,1586,1003,862,2.18,98.93,73.87,10.79,185.77,0.971232555,-0.231529287,-0.052549756,-0.018440057,0.3979254,-0.4976887,1.2163264
seq-03/frame-000856,1,0.00492147,0.128918,1656,1046,889,0.93,117.34,92.74,15.50,226.51,0.971309537,-0.230754505,-0.053138780,-0.022054750,0.4020460,-0.5006358,1.2162829
seq-03/frame-000857,1,0.00625594,0.198815,1599,1046,911,0.91,122.62,72.00,28.34,223.87,0.971725666,-0.228235483,-0.054585232,-0.026043158,0.4067726,-0.5009976,1.2152877
seq-03/frame-000858,1,0.00399237,0.046947,1645,1085,930,0.94,124.99,89.83,30.08,245.84,0.971894176,-0.226297187,-0.057614548,-0.029863994,0.4162960,-0.5036803,1.2130866
seq-03/frame-000859,1,0.00297306,0.024439,1573,1022,892,0.93,108.47,86.76,14.12,210.28,0.971995888,-0.224615723,-0.060331379,-0.033643664,0.4235144,-0.5061138,1.2134734
seq-03/frame-000860,1,0.00508177,0.124826,1484,1000,873,0.89,109.87,102.61,7.36,220.74,0.972439025,-0.221575748,-0.060737844,-0.039717047,0.4263412,-0.5084576,1.2085447
seq-03/frame-000861,1,0.00493687,0.123031,1608,1075,928,0.90,107.87,102.63,9.42,220.82,0.972194863,-0.221694056,-0.060867481,-0.044542616,0.4316173,-0.5143054,1.2074085
seq-03/frame-000862,1,0.00351813,0.047356,1736,1114,975,0.94,90.89,105.78,11.53,209.15,0.971771102,-0.221958575,-0.063980004,-0.047977856,0.4410294,-0.5181567,1.2060467
seq-03/frame-000863,1,0.00585671,0.179352,1674,1070,914,0.94,114.56,104.97,14.51,234.98,0.971842503,-0.221069921,-0.063238363,-0.051489317,0.4417452,-0.5201313,1.2016581
seq-03/frame-000864,1,0.00419947,0.085419,1738,1088,939,0.95,135.48,73.06,13.59,223.07,0.971700086,-0.219981953,-0.067179910,-0.053793513,0.4532754,-0.5225207,1.1988139
seq-03/frame-000865,1,0.00378194,0.105569,1697,1050,916,0.94,124.17,74.95,14.58,214.64,0.971826028,-0.219185690,-0.067668216,-0.054155488,0.4567757,-0.5256090,1.1951089
seq-03/frame-000866,1,0.00368930,0.090024,1711,1095,935,1.45,125.55,92.84,12.88,232.72,0.971547056,-0.219835439,-0.070740973,-0.052577672,0.4654553,-0.5305254,1.1929675
seq-03/frame-000867,1,0.00147951,0.106047,1672,1066,922,0.93,130.45,73.63,8.72,213.73,0.971271981,-0.219754061,-0.074506029,-0.052799080,0.4725233,-0.5346596,1.1896514
seq-03/frame-000868,1,0.00232464,0.089504,1684,1136,979,1.60,105.80,79.45,19.37,206.23,0.971120966,-0.219020860,-0.077345680,-0.054512175,0.4780131,-0.5387776,1.1839474
seq-03/frame-000869,1,0.00337817,0.074367,1655,1123,984,8.51,112.87,86.92,12.74,221.05,0.970996974,-0.217933429,-0.078727261,-0.058922958,0.4804839,-0.5431504,1.1772745
seq-03/frame-000870,1,0.00235417,0.058780,1596,1070,944,1.47,100.60,87.20,16.81,206.09,0.970408368,-0.218078006,-0.082551229,-0.062728600,0.4871464,-0.5502984,1.1732561
seq-03/frame-000871,1,0.00462547,0.099694,1457,993,886,0.90,87.91,121.41,17.70,227.92,0.970436094,-0.215607441,-0.085478105,-0.066788564,0.4893315,-0.5525376,1.1652547
seq-03/frame-000872,1,0.00274499,0.163504,1355,936,826,0.89,91.19,87.77,10.65,190.51,0.970423770,-0.212607997,-0.089995311,-0.070543536,0.4959186,-0.5581623,1.1595637
seq-03/frame-000873,1,0.00151123,0.054305,1384,1005,888,0.92,109.90,89.88,20.08,220.79,0.969960089,-0.212924805,-0.092836192,-0.072262674,0.4976676,-0.5696214,1.1536237
seq-03/frame-000874,1,0.00510001,0.138589,1435,1013,897,1.12,123.17,102.06,24.51,250.85,0.970256098,-0.210393199,-0.093427964,-0.074893408,0.4965397,-0.5737068,1.1412921
seq-03/frame-000875,1,0.00215175,0.159684,1522,1034,916,2.04,117.75,104.01,10.32,234.12,0.969815577,-0.210158217,-0.096418808,-0.077425349,0.5019917,-0.5828733,1.1365079
seq-03/frame-000876,1,0.00361127,0.155780,1474,1018,903,0.91,143.06,108.01,8.83,260.81,0.969708561,-0.209331990,-0.098200838,-0.078752909,0.5049408,-0.5902636,1.1277949
seq-03/frame-000877,1,0.00378614,0.123331,1284,932,847,0.87,129.29,85.10,16.01,231.27,0.969636140,-0.208120890,-0.101727906,-0.078376552,0.5094955,-0.5966395,1.1217112
seq-03/frame-000878,1,0.00329349,0.116383,1451,975,875,0.89,147.39,72.75,16.68,237.71,0.970234715,-0.204302266,-0.102931972,-0.079436714,0.5106984,-0.6014716,1.1073236
seq-03/frame-000879,1,0.00380087,0.084384,1534,1061,947,0.92,108.99,59.91,7.49,177.32,0.969964030,-0.205491112,-0.103855699,-0.078467687,0.5135226,-0.6128353,1.0971380
seq-03/frame-000880,1,0.00308633,0.103007,1405,969,860,0.93,129.04,69.65,14.96,214.58,0.968969058,-0.207926579,-0.107831654,-0.078979974,0.5185733,-0.6225681,1.0901340
seq-03/frame-000881,1,0.00526865,0.225590,1536,1085,962,0.93,150.23,97.40,16.41,264.97,0.968995988,-0.207371809,-0.106330516,-0.082082454,0.5133474,-0.6255695,1.0747651
seq-03/frame-000882,1,0.00407722,0.193783,1412,1015,892,0.90,266.00,86.07,18.62,371.59,0.968219699,-0.210076858,-0.106021013,-0.084722329,0.5152932,-0.6344433,1.0651605
seq-03/frame-000883,1,0.00274382,0.116957,1421,1000,885,0.93,125.06,82.75,25.17,233.91,0.967585486,-0.210094695,-0.109928388,-0.086915449,0.5224363,-0.6352241,1.0577367
seq-03/frame-000884,1,0.00218914,0.185678,1319,982,870,0.91,115.25,74.05,24.82,215.04,0.967819021,-0.206260030,-0.113393759,-0.089022459,0.5251568,-0.6358535,1.0461333
seq-03/frame-000885,1,0.00298199,0.106278,1414,1030,916,0.92,103.67,119.36,15.91,239.87,0.967772325,-0.207204514,-0.112327108,-0.088688428,0.5191726,-0.6478332,1.0323105
seq-03/frame-000886,1,0.00442970,0.144094,1346,957,855,0.92,97.90,60.77,7.02,166.62,0.967716474,-0.207715205,-0.113362773,-0.086764636,0.5186684,-0.6539041,1.0200381
seq-03/frame-000887,1,0.00321265,0.201265,1280,971,886,0.90,106.15,91.54,11.38,209.97,0.968262566,-0.203700073,-0.109134012,-0.095203206,0.5088624,-0.6638319,0.9868826
seq-03/frame-000888,1,0.00345425,0.077820,1451,1033,932,3.19,133.51,84.19,18.06,238.96,0.968150640,-0.204802494,-0.106686050,-0.096738633,0.5074592,-0.6700890,0.9762611
seq-03/frame-000889,1,0.00694970,0.241484,1124,818,721,0.87,102.36,87.90,29.37,220.51,0.968185461,-0.204593868,-0.108616481,-0.094661090,0.5069371,-0.6749164,0.9678198
seq-03/frame-000890,1,0.00540146,0.134099,1288,943,837,0.89,118.80,101.82,9.88,231.39,0.968334794,-0.204376059,-0.109405590,-0.092674539,0.5010435,-0.6821201,0.9515975
seq-03/frame-000891,1,0.00683277,0.267131,1401,1033,930,2.07,133.90,84.61,9.91,230.49,0.967922193,-0.207160976,-0.107474389,-0.093060274,0.4917313,-0.6913728,0.9376710
seq-03/frame-000892,1,0.00346514,0.158123,1431,1037,936,0.94,306.79,89.79,13.74,411.27,0.968144906,-0.205544608,-0.105520359,-0.096500309,0.4870291,-0.6902636,0.9241263
seq-03/frame-000893,1,0.00366506,0.115646,1452,1051,959,0.96,134.26,66.20,14.16,215.59,0.968365241,-0.204759006,-0.101733467,-0.099964048,0.4772959,-0.6947825,0.9082224
seq-03/frame-000894,1,0.00372247,0.196180,1230,885,787,1.03,73.29,77.90,9.50,161.72,0.968148356,-0.203581548,-0.103068479,-0.103054370,0.4672944,-0.7052317,0.8903844
seq-03/frame-000895,1,0.00185026,0.164371,1210,873,778,0.89,107.18,60.34,9.18,177.59,0.968841028,-0.200698524,-0.101785202,-0.103474330,0.4553795,-0.7067357,0.8728875
seq-03/frame-000896,1,0.00322464,0.158524,1247,857,758,0.91,110.24,93.39,16.91,221.45,0.968560261,-0.202033954,-0.101589787,-0.103695791,0.4435056,-0.7184153,0.8594856
seq-03/frame-000897,1,0.00242419,0.139182,1236,903,805,0.91,96.78,103.07,9.27,210.03,0.968759448,-0.200971818,-0.100736695,-0.104726207,0.4298303,-0.7191045,0.8418451
seq-03/frame-000898,1,0.00079722,0.099395,1286,886,783,0.90,99.07,104.12,12.23,216.33,0.968950105,-0.198982069,-0.100481365,-0.106982831,0.4158762,-0.7188313,0.8252423
seq-03/frame-000899,1,0.00556364,0.253001,1333,938,837,2.68,102.48,122.94,13.08,241.17,0.969040168,-0.197685293,-0.099713922,-0.109264869,0.4022261,-0.7223212,0.8133170
seq-03/frame-000900,1,0.01176181,0.417330,990,679,586,0.88,84.60,105.74,11.14,202.37,0.969404697,-0.193144749,-0.101789500,-0.112198645,0.3801035,-0.7310485,0.7882684
seq-03/frame-000901,1,0.00964594,0.374113,1000,688,592,0.88,120.12,57.97,8.03,187.00,0.969856123,-0.189898826,-0.102885196,-0.112836930,0.3619656,-0.7323068,0.7691061
seq-03/frame-000902,1,0.00312201,0.097983,925,602,509,1.54,119.96,66.21,16.62,204.33,0.970304720,-0.187304264,-0.103265382,-0.112969574,0.3408692,-0.7294431,0.7438253
seq-03/frame-000903,1,0.00172745,0.060185,1144,825,754,1.36,139.41,77.93,12.40,231.11,0.968422356,-0.188798093,-0.106225714,-0.123407930,0.3130107,-0.7346035,0.7208348
seq-03/frame-000904,1,0.01124735,0.428510,826,485,402,2.34,127.03,47.92,21.12,198.42,0.967594013,-0.190704267,-0.108730662,-0.124785225,0.3008378,-0.7392732,0.7130182
seq-03/frame-000905,1,0.00605628,0.274064,737,361,263,0.81,85.05,45.93,14.07,145.86,0.967482574,-0.190105653,-0.112875835,-0.122867228,0.2813963,-0.7371666,0.6944663
seq-03/frame-000906,1,0.00608514,0.304894,769,388,293,0.81,89.62,49.70,12.75,152.89,0.966275373,-0.191226680,-0.127925777,-0.115668734,0.2538158,-0.7429849,0.6660681
seq-03/frame-000907,1,0.00432690,0.231923,909,473,384,0.84,95.19,58.48,16.69,171.20,0.965106947,-0.192262707,-0.134709899,-0.116003771,0.2382879,-0.7401892,0.6554108
seq-03/frame-000908,1,0.00156009,0.062140,1011,657,549,0.89,102.81,60.42,14.43,178.56,0.963494759,-0.193438985,-0.140232433,-0.120805935,0.2271226,-0.7433053,0.6431585
seq-03/frame-000909,1,0.00248442,0.037853,1037,639,538,4.05,106.54,51.13,13.03,174.75,0.960624510,-0.196697865,-0.146607828,-0.130447869,0.2019540,-0.7413034,0.6166812
seq-03/frame-000910,1,0.00136550,0.057485,986,574,460,4.32,102.69,53.66,9.97,170.64,0.959002398,-0.198536779,-0.150360702,-0.135237595,0.1883132,-0.7444693,0.6008883
seq-03/frame-000911,1,0.00171902,0.038807,1135,658,546,1.31,103.75,67.60,7.82,180.48,0.955852405,-0.202939107,-0.162103953,-0.137419818,0.1712534,-0.7456571,0.5709247
seq-03/frame-000912,1,0.00162105,0.083023,1406,909,794,0.92,122.57,74.05,18.68,216.22,0.953803677,-0.207056032,-0.165200003,-0.141757905,0.1658896,-0.7491863,0.5595417
seq-03/frame-000913,1,0.00171118,0.060122,1403,949,827,2.18,107.07,85.37,16.85,211.48,0.952505926,-0.209254754,-0.165219373,-0.147130783,0.1584972,-0.7485412,0.5453216
seq-03/frame-000914,1,0.00432958,0.101697,1203,781,666,1.21,93.09,67.89,20.02,182.22,0.949492038,-0.216692715,-0.165713938,-0.155074267,0.1380566,-0.7488782,0.5163758
seq-03/frame-000915,1,0.00198084,0.038016,1152,705,587,1.06,105.82,63.59,24.27,194.74,0.948253428,-0.218071326,-0.167933188,-0.158299645,0.1264826,-0.7467291,0.5040641
seq-03/frame-000916,1,0.00196765,0.093504,1373,928,807,1.28,110.43,83.23,9.55,204.49,0.946541354,-0.219656508,-0.171123288,-0.162872045,0.1191396,-0.7487300,0.4880035
seq-03/frame-000917,1,0.00286983,0.128836,1534,1036,905,3.39,117.09,86.93,16.26,223.68,0.944886593,-0.220887848,-0.169355686,-0.172384849,0.1001517,-0.7500403,0.4592996
seq-03/frame-000918,1,0.00362484,0.094314,1288,841,725,1.59,101.26,84.03,9.61,196.49,0.944318479,-0.219640462,-0.169295775,-0.177086472,0.0869476,-0.7483817,0.4433514
seq-03/frame-000919,1,0.00531285,0.114553,1015,510,400,0.90,85.65,48.52,11.39,146.47,0.942527577,-0.217910791,-0.176516458,-0.181655151,0.0639056,-0.7440217,0.4108546
seq-03/frame-000920,1,0.00344101,0.025591,1008,581,475,1.79,110.59,48.45,11.21,172.05,0.940922280,-0.217957386,-0.182851787,-0.183643852,0.0542981,-0.7421634,0.3967197
seq-03/frame-000921,1,0.00210284,0.093190,1432,921,798,1.20,99.61,79.99,10.26,191.06,0.937906263,-0.218313317,-0.189163871,-0.192062924,0.0354148,-0.7416338,0.3710333
seq-03/frame-000922,1,0.00227695,0.100869,1183,698,567,1.28,106.71,53.41,18.95,180.36,0.937558221,-0.215800451,-0.189797854,-0.195937545,0.0228164,-0.7396466,0.3595334
seq-03/frame-000923,1,0.00178075,0.104018,991,580,444,0.88,93.85,43.73,11.91,150.38,0.937614994,-0.211483345,-0.192079463,-0.198137319,0.0075914,-0.7353533,0.3454693
seq-03/frame-000924,1,0.00339439,0.117466,1143,693,568,0.90,79.39,59.30,8.62,148.21,0.935788682,-0.207606131,-0.204043552,-0.198910699,-0.0085885,-0.7330825,0.3186859
seq-03/frame-000925,1,0.00284192,0.129181,1508,962,807,0.96,102.24,74.86,9.76,187.82,0.933767687,-0.205984930,-0.208392363,-0.205476857,-0.0215500,-0.7297244,0.2986308
seq-03/frame-000926,1,0.00499179,0.109582,1260,810,669,0.94,100.25,57.51,9.32,168.02,0.932809647,-0.206098637,-0.209215590,-0.208850067,-0.0321966,-0.7278122,0.2886351
seq-03/frame-000927,1,0.00758415,0.147512,1150,729,604,0.91,105.64,51.99,9.05,167.60,0.931826237,-0.205045010,-0.214277220,-0.209145119,-0.0496808,-0.7270050,0.2716162
seq-03/frame-000928,1,0.00175119,0.119980,1937,1270,1055,1.26,118.83,87.02,16.61,223.71,0.931502574,-0.202192565,-0.219825569,-0.207600195,-0.0596371,-0.7235856,0.2591076
seq-03/frame-000929,1,0.00229075,0.081828,1812,1187,1016,1.06,108.66,84.57,11.57,205.86,0.931194264,-0.201518461,-0.218489655,-0.211020907,-0.0694434,-0.7238898,0.2533079
seq-03/frame-000930,1,0.00627975,0.188062,1006,643,527,0.87,76.19,48.24,6.49,131.79,0.931145315,-0.197720604,-0.220162258,-0.213081075,-0.0936231,-0.7187677,0.2438417
seq-03/frame-000931,1,0.00387152,0.129172,1267,871,740,1.07,99.41,57.79,10.69,168.96,0.930138704,-0.193857110,-0.230421506,-0.210160276,-0.1049033,-0.7171424,0.2310599
seq-03/frame-000932,1,0.00279480,0.085370,1791,1190,998,1.40,89.25,87.07,11.38,189.11,0.929006615,-0.193003402,-0.232369269,-0.213777732,-0.1065714,-0.7173811,0.2257224
seq-03/frame-000933,1,0.00440195,0.088996,1196,810,689,0.92,74.91,60.28,9.64,145.75,0.927907319,-0.191581753,-0.228435024,-0.223834490,-0.1329148,-0.7129676,0.2182545
seq-03/frame-000934,1,0.00743917,0.106023,947,548,451,0.87,71.18,45.50,8.10,125.66,0.926364411,-0.188698903,-0.237808029,-0.222910395,-0.1539636,-0.7105049,0.2096297
seq-03/frame-000935,1,0.00363191,0.090488,1057,674,585,0.89,77.29,49.65,10.78,138.63,0.925989849,-0.186041702,-0.241590320,-0.222632885,-0.1619574,-0.7086525,0.2059714
seq-03/frame-000936,1,0.00208203,0.061790,1236,775,638,0.92,78.66,59.05,12.71,151.34,0.924668861,-0.183427125,-0.244910123,-0.226629698,-0.1806723,-0.7069953,0.1935956
seq-03/frame-000937,1,0.00746004,0.156024,919,606,501,0.86,73.11,36.71,9.97,120.65,0.922761631,-0.181067769,-0.249303099,-0.231459285,-0.2055777,-0.7055883,0.1817031
seq-03/frame-000938,1,0.00578998,0.114779,894,568,476,0.84,70.15,42.48,12.74,126.21,0.920918298,-0.179423659,-0.256777375,-0.231909506,-0.2273183,-0.7016703,0.1676211
seq-03/frame-000939,1,0.00413672,0.128229,1075,636,525,1.47,79.06,44.89,7.44,132.87,0.919625506,-0.179277522,-0.260052185,-0.233498095,-0.2364177,-0.6995694,0.1585653
seq-03/frame-000940,1,0.00361941,0.056054,1192,735,610,1.38,86.46,45.76,9.77,143.37,0.918306655,-0.180333787,-0.261988655,-0.235700143,-0.2547328,-0.6957128,0.1456565
seq-03/frame-000941,1,0.00769245,0.253909,804,488,389,0.86,76.81,29.45,8.21,115.33,0.917629067,-0.181692406,-0.266414310,-0.232310528,-0.2772074,-0.6869415,0.1305182
seq-03/frame-000942,1,0.00518038,0.088983,994,561,451,1.75,77.68,44.49,8.60,132.52,0.916156920,-0.184312113,-0.270936078,-0.230822841,-0.2796247,-0.6873511,0.1224478
seq-03/frame-000943,1,0.00280188,0.113024,1656,879,675,0.94,85.96,63.50,7.54,157.94,0.915009295,-0.188215319,-0.270621962,-0.232587053,-0.2910371,-0.6819099,0.1107805
seq-03/frame-000944,1,0.00609069,0.206440,992,521,424,1.60,76.82,41.27,10.15,129.85,0.914637905,-0.190056866,-0.270968082,-0.232146913,-0.3083562,-0.6754000,0.0981853
seq-03/frame-000945,1,0.00439226,0.167866,914,472,369,1.19,70.04,41.10,11.00,123.33,0.915703131,-0.189455324,-0.272920450,-0.226072742,-0.3151757,-0.6690440,0.0906320
seq-03/frame-000946,1,0.00307653,0.195571,1005,506,383,1.21,85.37,40.07,5.73,132.38,0.917358819,-0.185779843,-0.280205849,-0.213127496,-0.3186755,-0.6675986,0.0806332
seq-03/frame-000947,1,0.00482151,0.178423,1026,505,383,1.33,75.64,42.27,10.64,129.88,0.920799956,-0.177208462,-0.281485111,-0.203692746,-0.3200279,-0.6688127,0.0673647
seq-03/frame-000948,1,0.00379883,0.207914,895,452,338,1.31,64.39,31.83,4.46,102.00,0.923383271,-0.171616445,-0.281799836,-0.196214128,-0.3229616,-0.6649892,0.0601517
seq-03/frame-000949,1,0.00532401,0.304855,937,440,321,0.81,64.20,44.02,6.36,115.39,0.925587205,-0.162830032,-0.286322748,-0.186531471,-0.3251170,-0.6677443,0.0464845
seq-03/frame-000950,1,0.00409843,0.144158,897,444,350,0.79,59.39,40.65,6.90,107.73,0.929246316,-0.150481555,-0.288517334,-0.174969520,-0.3202552,-0.6638261,0.0311962
seq-03/frame-000951,1,0.00265411,0.064007,818,395,296,0.79,64.26,34.33,8.86,108.24,0.931027582,-0.143827818,-0.290477080,-0.167702911,-0.3198548,-0.6613002,0.0248142
seq-03/frame-000952,1,0.00616625,0.119697,1034,515,406,0.78,65.93,38.34,5.21,110.26,0.932331293,-0.133958618,-0.297907743,-0.155127128,-0.3112827,-0.6630552,0.0058968
seq-03/frame-000953,1,0.00627836,0.131165,1047,581,471,0.80,73.60,51.60,11.12,137.13,0.935044117,-0.121333980,-0.298575206,-0.147727485,-0.3052541,-0.6583961,-0.0095912
seq-03/frame-000954,1,0.00702320,0.176777,1029,580,468,0.77,67.41,48.60,10.90,127.67,0.936145120,-0.116877870,-0.299788730,-0.141769514,-0.3029796,-0.6553634,-0.0162601
seq-03/frame-000955,1,0.00805789,0.159941,1015,536,419,0.77,67.68,33.48,11.01,112.95,0.937622092,-0.105950205,-0.304726872,-0.129541113,-0.2960037,-0.6524926,-0.0382193
seq-03/frame-000956,1,0.00716950,0.162320,1115,649,539,0.78,75.02,57.71,15.67,149.19,0.938609224,-0.096899447,-0.308672406,-0.119768811,-0.2877020,-0.6499043,-0.0555524
seq-03/frame-000957,1,0.00652097,0.161569,1328,786,654,1.55,88.80,51.12,9.00,150.47,0.938762344,-0.093162815,-0.310911055,-0.115673104,-0.2821576,-0.6474446,-0.0652322
seq-03/frame-000958,1,0.00922692,0.200113,816,448,364,0.72,66.74,43.34,9.90,120.70,0.938717029,-0.083735717,-0.316501613,-0.107821137,-0.2762001,-0.6369943,-0.0863774
seq-03/frame-000959,1,0.00577765,0.296701,847,492,394,0.76,69.22,47.45,13.15,130.57,0.936408550,-0.079888131,-0.327305174,-0.098123576,-0.2703324,-0.6355631,-0.1072976
seq-03/frame-000960,1,0.00447888,0.251153,1093,591,490,0.76,81.21,59.21,12.65,153.84,0.935552393,-0.077160091,-0.330722320,-0.097009207,-0.2704572,-0.6352038,-0.1162169
seq-03/frame-000961,1,0.00324817,0.179909,1144,625,530,0.76,84.44,47.03,9.95,142.19,0.935148555,-0.071729382,-0.335593537,-0.087915039,-0.2619760,-0.6250771,-0.1349600
seq-03/frame-000962,1,0.00927028,0.395280,783,423,342,0.73,79.68,34.62,6.56,121.60,0.933706065,-0.071539379,-0.340921212,-0.082751608,-0.2608510,-0.6239057,-0.1419976
seq-03/frame-000963,1,0.00746310,0.324837,1044,561,436,0.76,70.95,45.21,6.75,123.66,0.931534071,-0.066180067,-0.349662885,-0.074835419,-0.2558717,-0.6229396,-0.1614678
seq-03/frame-000964,1,0.00479694,0.267106,1456,785,617,0.80,82.90,58.75,9.56,152.01,0.932024218,-0.060481687,-0.349465569,-0.074475758,-0.2650851,-0.6212149,-0.1744223
seq-03/frame-000965,1,0.00447977,0.260792,1366,718,587,0.77,73.19,67.70,11.54,153.20,0.931766708,-0.056139278,-0.352155131,-0.068161178,-0.2564251,-0.6135588,-0.1813407
seq-03/frame-000966,1,0.00603370,0.172122,1129,623,492,0.75,80.31,48.61,15.75,145.42,0.929845558,-0.048630880,-0.360130461,-0.057691660,-0.2602408,-0.6088030,-0.1952934
seq-03/frame-000967,1,0.00623106,0.270162,1096,634,518,0.76,71.69,49.60,18.69,140.74,0.930947086,-0.048803301,-0.357054495,-0.058888448,-0.2722796,-0.6237838,-0.2080326
seq-03/frame-000968,1,0.00356090,0.194975,1137,665,553,0.76,71.34,63.96,12.07,148.13,0.934442371,-0.042962047,-0.349308664,-0.054361526,-0.2760418,-0.6152602,-0.2146669
seq-03/frame-000969,1,0.00067786,0.162711,1184,620,496,0.74,91.54,70.63,10.34,173.26,0.935252252,-0.035375150,-0.349918576,-0.040110037,-0.2793216,-0.6033273,-0.2223873
seq-03/frame-000970,1,0.00685460,0.311838,1402,716,569,1.35,86.45,79.14,7.62,174.55,0.935977676,-0.030179914,-0.349389454,-0.031015662,-0.2906984,-0.6097507,-0.2308409
seq-03/frame-000971,1,0.00430630,0.182322,1113,581,447,1.02,84.83,60.18,9.71,155.76,0.937273701,-0.023935889,-0.346615456,-0.028333878,-0.2998826,-0.6073906,-0.2345807
seq-03/frame-000972,1,0.00153344,0.151721,1321,689,544,0.79,78.00,69.66,11.72,160.17,0.939346519,-0.016467266,-0.341940074,-0.020831056,-0.3056323,-0.6089247,-0.2448411
seq-03/frame-000973,1,0.00369554,0.093457,1355,711,568,0.77,83.45,65.61,14.87,164.71,0.940233781,-0.013921745,-0.339888776,-0.015564128,-0.3119721,-0.6095161,-0.2471137
seq-03/frame-000974,1,0.00229378,0.143990,1511,739,573,0.80,78.39,115.35,18.62,213.16,0.941778958,-0.008298312,-0.336122287,-0.002311034,-0.3274990,-0.6147557,-0.2523259
seq-03/frame-000975,1,0.00371299,0.097717,1650,799,601,0.80,88.88,87.56,13.60,190.85,0.945302839,-0.002882865,-0.326069601,0.008535048,-0.3338866,-0.6174235,-0.2544035
seq-03/frame-000976,1,0.00285727,0.087175,1473,734,550,0.78,102.70,88.77,9.24,201.49,0.946191228,0.001154187,-0.323464241,0.009576706,-0.3422866,-0.6217226,-0.2550295
seq-03/frame-000977,1,0.00391398,0.178084,1550,732,558,0.79,108.83,133.33,12.41,255.37,0.948754818,0.005871335,-0.315536961,0.016317137,-0.3507182,-0.6277046,-0.2581583
seq-03/frame-000978,1,0.00297309,0.224326,1372,651,491,0.78,109.82,122.61,18.32,251.54,0.950528475,0.007590661,-0.310269486,0.013070809,-0.3599748,-0.6364821,-0.2593069
seq-03/frame-000979,1,0.00998208,0.300277,1604,699,499,0.81,166.70,117.71,15.58,300.81,0.951842842,0.013644058,-0.305514040,0.021684458,-0.3661539,-0.6215214,-0.2554949
seq-03/frame-000980,1,0.00519281,0.215176,1535,679,514,0.82,163.95,123.42,8.66,296.86,0.952572949,0.012998149,-0.303244888,0.021871499,-0.3767747,-0.6304293,-0.2558140
seq-03/frame-000981,1,0.00675774,0.264194,1522,705,528,4.78,164.36,113.07,9.74,291.95,0.955746492,0.014457685,-0.292713814,0.025656226,-0.3914766,-0.6344964,-0.2491793
seq-03/frame-000982,1,0.00997285,0.333574,1625,694,486,0.80,158.05,113.32,14.97,287.15,0.955901039,0.018521659,-0.291560015,0.030048461,-0.3892077,-0.6282705,-0.2474066
seq-03/frame-000983,1,0.00856012,0.264137,694,335,242,2.10,133.49,51.50,8.83,195.92,0.960329344,0.014179031,-0.278025397,0.016382466,-0.3982522,-0.6628152,-0.2444280
seq-03/frame-000984,1,0.00629352,0.577880,678,324,239,3.17,171.94,26.03,12.71,213.85,0.963983467,0.013963646,-0.265454113,0.008660608,-0.3953413,-0.6692934,-0.2422279
seq-03/frame-000985,1,0.01120026,0.370136,1102,518,381,4.20,144.18,48.34,5.81,202.54,0.967359295,0.021736750,-0.249938069,0.035699725,-0.4137598,-0.6282639,-0.2262257
seq-03/frame-000986,1,0.01137331,0.332112,1392,623,461,1.51,178.41,58.70,6.46,245.08,0.965296970,0.019967090,-0.257023106,0.041739651,-0.4141807,-0.6339177,-0.2225302
seq-03/frame-000987,1,0.02526638,1.112114,542,223,156,0.74,96.33,28.42,12.86,138.35,0.970051537,0.010145355,-0.242494511,0.009669507,-0.4057500,-0.6887844,-0.2176363
seq-03/frame-000988,1,0.00359459,0.202028,1138,561,439,0.79,114.97,53.48,7.51,176.74,0.972993978,0.012135379,-0.230094656,0.013852817,-0.4078631,-0.6660734,-0.2141231
seq-03/frame-000989,1,0.00355771,0.085710,1345,648,510,1.39,105.17,51.44,7.60,165.61,0.973919396,0.009025146,-0.226421833,0.011519961,-0.4136178,-0.6640436,-0.2012185
seq-03/frame-000990,1,0.00653475,0.222341,1380,718,551,0.81,82.39,63.02,5.71,151.94,0.975952756,0.006875955,-0.217515600,0.012486082,-0.4252608,-0.6622451,-0.1937448
seq-03/frame-000991,1,0.00680663,0.247134,1658,829,643,0.89,92.40,68.48,6.58,168.34,0.976576798,0.006648276,-0.214468284,0.016028526,-0.4323585,-0.6551834,-0.1854046
seq-03/frame-000992,1,0.00871952,0.420186,687,338,270,0.73,65.31,26.03,5.63,97.70,0.978082830,-0.000672539,-0.208042430,0.008477773,-0.4351609,-0.6779466,-0.1771204
seq-03/frame-000993,1,0.00894072,0.355692,865,439,347,0.73,69.34,31.38,10.33,111.77,0.979934061,-0.000089629,-0.199123754,0.008885841,-0.4357259,-0.6662047,-0.1677491
seq-03/frame-000994,1,0.00398772,0.225853,1642,875,700,1.10,81.48,68.12,10.27,160.98,0.981086959,-0.004166073,-0.193241524,0.010427626,-0.4370391,-0.6628869,-0.1492725
seq-03/frame-000995,1,0.00617915,0.286151,1165,632,537,0.77,67.44,37.71,7.75,113.68,0.981763430,-0.008095739,-0.189683330,0.009760147,-0.4384677,-0.6707294,-0.1406143
seq-03/frame-000996,1,0.00233183,0.169593,1409,792,649,0.80,96.27,64.96,10.03,172.06,0.984678033,-0.008866867,-0.173823003,0.010775573,-0.4387356,-0.6689841,-0.1248251
seq-03/frame-000997,1,0.00571324,0.290991,1961,1128,957,0.88,103.76,84.03,8.06,196.73,0.985138487,-0.009317377,-0.171040952,0.012662533,-0.4425679,-0.6675978,-0.1146319
seq-03/frame-000998,1,0.00487790,0.227101,1556,893,738,0.82,102.24,61.95,6.22,171.23,0.985461732,-0.011266186,-0.169124008,0.011632592,-0.4401781,-0.6726402,-0.1067172
seq-03/frame-000999,1,0.00252432,0.154899,1311,782,650,0.80,88.48,57.14,9.51,155.93,0.987338870,-0.015549367,-0.157750808,0.005903829,-0.4365732,-0.6788250,-0.0905608
seq-05/frame-000000,1,0.01099071,0.178541,1613,752,579,0.92,85.81,69.82,14.34,170.91,0.784866893,-0.198333196,-0.522251937,-0.268143280,1.6248095,-0.7348492,0.7753911
seq-05/frame-000001,1,0.00777661,0.080948,1631,843,661,0.95,88.87,56.58,11.86,158.26,0.785248079,-0.197149067,-0.522257399,-0.267889734,1.6266929,-0.7325530,0.7721943
seq-05/frame-000002,1,0.01100738,0.191077,1665,878,671,0.94,67.13,64.30,8.03,140.41,0.784854636,-0.197921036,-0.522113304,-0.268752976,1.6259606,-0.7354814,0.7718857
seq-05/frame-000003,1,0.00910702,0.146557,1673,783,594,0.93,86.04,67.47,10.72,165.16,0.785384587,-0.196960600,-0.522029453,-0.268072420,1.6264795,-0.7327339,0.7703462
seq-05/frame-000004,1,0.00696879,0.061186,1557,749,580,0.91,72.69,63.62,9.05,146.28,0.785247900,-0.197545386,-0.522103799,-0.267897703,1.6255631,-0.7295348,0.7675806
seq-05/frame-000005,1,0.01084798,0.181513,1617,765,591,0.94,74.50,70.77,15.50,161.71,0.784286072,-0.197972910,-0.522538658,-0.269546723,1.6276447,-0.7334321,0.7665893
seq-05/frame-000006,1,0.00841793,0.096822,1578,762,599,0.90,80.38,50.81,8.19,140.28,0.783783680,-0.198405666,-0.523217507,-0.269372931,1.6278272,-0.7301535,0.7647993
seq-05/frame-000007,1,0.00825982,0.100451,1597,880,687,0.91,77.18,54.99,10.15,143.22,0.782807239,-0.198899652,-0.524151458,-0.270031489,1.6278664,-0.7297625,0.7621888
seq-05/frame-000008,1,0.00801058,0.082972,1484,785,639,0.90,80.38,53.46,6.44,141.18,0.782956103,-0.200048989,-0.523979585,-0.269082771,1.6268182,-0.7287829,0.7602729
seq-05/frame-000009,1,0.00913344,0.115539,1247,634,510,0.86,69.06,52.08,15.01,137.00,0.781589226,-0.203305659,-0.526596250,-0.265483484,1.6265123,-0.7260067,0.7554109
seq-05/frame-000010,1,0.01121654,0.160964,1283,713,603,0.84,69.17,50.12,10.53,130.66,0.780249335,-0.206577792,-0.529986105,-0.260098672,1.6242917,-0.7267999,0.7497090
seq-05/frame-000011,1,0.00967605,0.128931,1313,732,603,0.85,60.11,46.11,7.24,114.32,0.780054085,-0.207484030,-0.533496097,-0.252681452,1.6211211,-0.7237197,0.7432847
seq-05/frame-000012,1,0.00941293,0.080341,1138,649,529,0.82,67.19,39.33,7.84,115.17,0.780097744,-0.209035047,-0.536792192,-0.244143401,1.6158245,-0.7221686,0.7310872
seq-05/frame-000013,1,0.00842505,0.092255,1093,636,529,0.82,79.66,40.32,8.19,128.99,0.776911371,-0.214241104,-0.542434946,-0.237220996,1.6103568,-0.7211084,0.7238715
seq-05/frame-000014,1,0.00737972,0.076514,1328,775,638,0.85,79.01,49.82,5.62,135.30,0.776170765,-0.215515964,-0.544643356,-0.233399716,1.6093256,-0.7171283,0.7203392
seq-05/frame-000015,1,0.00701773,0.078956,1404,837,677,0.87,88.44,77.37,9.04,175.71,0.776676128,-0.216654224,-0.545263425,-0.229178831,1.6041146,-0.7158677,0.7136526
seq-05/frame-000016,1,0.00711554,0.035403,1345,811,693,0.86,71.81,63.40,7.28,143.35,0.777528644,-0.218327874,-0.546442356,-0.221772179,1.5984054,-0.7146304,0.7028744
seq-05/frame-000017,1,0.00540826,0.072827,1256,684,554,0.86,66.63,64.84,6.44,138.78,0.778510833,-0.225395297,-0.544796360,-0.215208664,1.5918975,-0.7097882,0.6961862
seq-05/frame-000018,1,0.00749950,0.130322,1293,735,598,0.87,78.16,53.66,12.72,145.41,0.779920012,-0.235034600,-0.541364594,-0.208345597,1.5815697,-0.7047581,0.6870267
seq-05/frame-000019,1,0.00771385,0.077697,1184,667,546,0.85,75.00,55.14,8.96,139.95,0.782110592,-0.244707553,-0.537999103,-0.197428975,1.5703323,-0.7018115,0.6724697
seq-05/frame-000020,1,0.00836396,0.095258,1141,700,589,0.84,77.87,39.33,6.75,124.78,0.781524285,-0.253751417,-0.539035057,-0.185124868,1.5607976,-0.7005616,0.6613266
seq-05/frame-000021,1,0.00834776,0.093261,1195,779,651,0.84,67.30,51.66,10.47,130.27,0.781261180,-0.256484085,-0.539595005,-0.180787481,1.5561413,-0.6979174,0.6539990
seq-05/frame-000022,1,0.00843653,0.112346,1425,905,755,0.89,93.15,60.62,19.07,173.74,0.782032984,-0.259723954,-0.539441598,-0.173120312,1.5459440,-0.6996640,0.6435162
seq-05/frame-000023,1,0.00787336,0.101037,1419,891,748,0.88,62.47,66.58,29.66,159.58,0.781776743,-0.264072016,-0.539984723,-0.165854130,1.5362683,-0.7008161,0.6328629
seq-05/frame-000024,1,0.00851082,0.099568,1361,851,727,0.87,62.96,60.80,10.15,134.78,0.783168476,-0.266799990,-0.538434939,-0.159852182,1.5273620,-0.7039248,0.6191704
seq-05/frame-000025,1,0.00931270,0.083473,1493,977,827,0.90,84.70,65.27,8.62,159.50,0.784559254,-0.268242111,-0.537748712,-0.152771954,1.5189195,-0.7073276,0.6099176
seq-05/frame-000026,1,0.00705096,0.067344,1396,875,752,1.55,98.15,57.16,9.19,166.04,0.786991975,-0.272488874,-0.534632652,-0.143392372,1.5052476,-0.7084404,0.5999061
seq-05/frame-000027,1,0.00772936,0.143127,1425,893,758,1.30,96.93,54.27,7.70,160.20,0.789444876,-0.275420242,-0.531947821,-0.133985051,1.4980585,-0.7107411,0.5910177
seq-05/frame-000028,1,0.00877233,0.059383,1390,889,729,1.42,82.84,41.32,6.14,131.72,0.787791767,-0.281857730,-0.532962166,-0.126062211,1.4815510,-0.7155702,0.5800470
seq-05/frame-000029,1,0.00836685,0.081479,1304,819,690,1.20,99.92,54.17,9.80,165.09,0.789460142,-0.281988950,-0.531435553,-0.121701147,1.4768884,-0.7141739,0.5770844
seq-05/frame-000030,1,0.01342504,0.097095,1074,662,538,1.28,75.34,42.99,8.90,128.52,0.794119446,-0.283446487,-0.525649892,-0.112803299,1.4669505,-0.7245225,0.5656792
seq-05/frame-000031,1,0.01179347,0.093610,1116,644,530,0.84,85.58,49.74,16.61,152.77,0.793799368,-0.283513100,-0.528550517,-0.100683842,1.4513458,-0.7281580,0.5569560
seq-05/frame-000032,1,0.00864804,0.063925,1596,965,821,1.01,90.88,92.99,20.55,205.43,0.796696582,-0.282077847,-0.526825319,-0.090342284,1.4402175,-0.7318636,0.5508289
seq-05/frame-000033,1,0.00883192,0.123011,1319,786,672,1.43,85.26,64.12,7.96,158.78,0.799066851,-0.282062077,-0.524001106,-0.085767085,1.4264363,-0.7377324,0.5445101
seq-05/frame-000034,1,0.00982220,0.099577,1821,1097,916,0.99,93.84,71.28,6.45,172.55,0.801663495,-0.281828824,-0.520941562,-0.080796312,1.4167603,-0.7454459,0.5359459
seq-05/frame-000035,1,0.00902177,0.098668,1679,1066,881,0.96,85.61,73.69,11.56,171.83,0.801630851,-0.283780717,-0.520190898,-0.079106975,1.4102844,-0.7467691,0.5331548
seq-05/frame-000036,1,0.00979107,0.119204,1330,831,701,0.87,62.06,46.55,9.91,119.40,0.803764596,-0.281767644,-0.518523725,-0.075515659,1.3939671,-0.7539842,0.5315183
seq-05/frame-000037,1,0.01137745,0.155889,1437,916,761,0.89,63.18,48.17,7.22,119.46,0.805534412,-0.278109004,-0.517663106,-0.076122277,1.3853888,-0.7628369,0.5252815
seq-05/frame-000038,1,0.00874938,0.104677,1486,908,777,0.90,85.78,66.79,8.00,161.47,0.805502284,-0.273674487,-0.519731469,-0.078406288,1.3709807,-0.7722416,0.5204068
seq-05/frame-000039,1,0.00618499,0.135634,1141,545,400,0.84,74.99,39.65,11.07,126.56,0.803945949,-0.267920886,-0.525412515,-0.076360968,1.3560429,-0.7814288,0.5224145
seq-05/frame-000040,1,0.00925619,0.123979,1127,626,488,0.83,77.89,50.28,15.55,144.55,0.808412517,-0.251554792,-0.526875731,-0.074775357,1.3448702,-0.7900317,0.5241252
seq-05/frame-000041,1,0.00996433,0.112575,1276,824,685,0.89,60.30,48.35,15.07,124.61,0.809419819,-0.243723438,-0.528399229,-0.078947426,1.3449967,-0.8091919,0.5126560
seq-05/frame-000042,1,0.01079640,0.091851,1890,1226,1058,0.95,87.15,86.07,14.17,188.34,0.804494307,-0.240229134,-0.536209672,-0.086937105,1.3311300,-0.8151243,0.5160253
seq-05/frame-000043,1,0.01057859,0.143804,1577,987,835,0.90,84.46,60.70,11.94,158.00,0.804991260,-0.237017703,-0.536003876,-0.092257920,1.3155171,-0.8278554,0.5228960
seq-05/frame-000044,1,0.01021441,0.065602,1528,1001,844,0.91,86.22,64.87,10.01,162.01,0.803219010,-0.230301537,-0.540569514,-0.097903136,1.3093840,-0.8367398,0.5195939
seq-05/frame-000045,1,0.00838479,0.058771,1706,1098,944,0.92,89.58,76.00,7.81,174.32,0.799550727,-0.226705371,-0.545811499,-0.106832197,1.2946459,-0.8452832,0.5258705
seq-05/frame-000046,1,0.00699657,0.089626,1570,960,825,0.91,102.22,61.64,8.24,173.01,0.797790906,-0.219196168,-0.549600292,-0.115854346,1.2806090,-0.8551237,0.5329940
seq-05/frame-000047,1,0.00560887,0.153037,991,539,429,0.81,81.49,40.14,25.23,147.68,0.793973572,-0.213793156,-0.555839852,-0.122231393,1.2702317,-0.8701279,0.5327299
seq-05/frame-000048,1,0.00653919,0.085262,1531,938,790,0.88,74.25,58.47,14.26,147.87,0.784756631,-0.209029248,-0.571073880,-0.119743173,1.2639239,-0.8792195,0.5482568
seq-05/frame-000049,1,0.00598203,0.103782,1506,825,667,0.88,80.73,65.26,13.14,160.02,0.784520735,-0.199783938,-0.573369134,-0.125942170,1.2547574,-0.8871234,0.5637204
seq-05/frame-000050,1,0.00531732,0.109174,1688,986,839,0.89,77.11,84.81,12.54,175.35,0.784240103,-0.190406453,-0.575678408,-0.131556886,1.2472894,-0.8974478,0.5750557
seq-05/frame-000051,1,0.00522770,0.089339,1753,1121,952,0.93,80.79,70.56,6.85,159.13,0.784835816,-0.184935281,-0.574827850,-0.139300487,1.2442941,-0.9048814,0.5857051
seq-05/frame-000052,1,0.00573067,0.065358,1925,1216,1043,1.63,123.40,83.56,10.70,219.30,0.782551323,-0.182124456,-0.576394494,-0.149041930,1.2342170,-0.9153075,0.5989952
seq-05/frame-000053,1,0.00525288,0.054573,1776,1121,973,1.57,110.31,66.47,10.66,189.01,0.781242781,-0.181177396,-0.576115226,-0.157878795,1.2266740,-0.9242418,0.6143896
seq-05/frame-000054,1,0.00531478,0.050842,1549,1028,903,0.89,89.10,72.79,9.60,172.39,0.780647737,-0.179630734,-0.575515889,-0.164631018,1.2227648,-0.9338799,0.6323904
seq-05/frame-000055,1,0.00572348,0.018086,1890,1255,1097,0.97,115.46,65.64,11.75,193.82,0.780789975,-0.180316494,-0.572189650,-0.174504961,1.2136409,-0.9444217,0.6436065
seq-05/frame-000056,1,0.00460911,0.086727,1705,1155,1005,0.89,105.71,67.89,7.83,182.32,0.778175755,-0.181881343,-0.573166054,-0.181224572,1.2099121,-0.9487912,0.6617843
seq-05/frame-000057,1,0.00566314,0.074903,1270,862,728,0.82,86.53,57.31,7.79,152.46,0.776976659,-0.184320401,-0.570528938,-0.191911416,1.2057894,-0.9591688,0.6794747
seq-05/frame-000058,1,0.00442583,0.057433,1861,1252,1092,0.96,117.91,84.18,7.83,210.89,0.776528424,-0.184551644,-0.567119139,-0.203273656,1.1942248,-0.9679856,0.6958181
seq-05/frame-000059,1,0.00565058,0.101844,1881,1276,1113,0.95,100.26,83.10,10.03,194.34,0.775176536,-0.183478523,-0.568112352,-0.206604271,1.1937614,-0.9712208,0.7052594
seq-05/frame-000060,1,0.00435802,0.082754,1707,1149,997,0.94,74.58,66.58,6.73,148.84,0.772599056,-0.182793171,-0.568664855,-0.215168859,1.1878734,-0.9766345,0.7223678
seq-05/frame-000061,1,0.00310932,0.054454,1636,1148,999,0.91,97.39,63.89,6.47,168.67,0.770458591,-0.180508920,-0.568701153,-0.224475138,1.1814522,-0.9861568,0.7423648
seq-05/frame-000062,1,0.00374742,0.124660,1715,1139,980,0.92,89.32,69.50,12.22,171.96,0.769352470,-0.178937252,-0.567262261,-0.233005931,1.1769797,-0.9867591,0.7581299
seq-05/frame-000063,1,0.00339197,0.118140,1632,1056,922,0.91,82.62,74.54,6.15,164.22,0.765068537,-0.177126419,-0.569007332,-0.243981601,1.1705764,-0.9925229,0.7766783
seq-05/frame-000064,1,0.00345040,0.137455,1548,1050,906,0.90,90.84,72.02,15.32,179.08,0.763794621,-0.176251133,-0.566119253,-0.255073139,1.1646310,-0.9995458,0.7932811
seq-05/frame-000065,1,0.00296261,0.093695,1428,961,816,0.88,86.95,56.96,8.23,153.03,0.762728181,-0.173932858,-0.564617426,-0.263059394,1.1617342,-1.0081467,0.8109959
seq-05/frame-000066,1,0.00299336,0.161685,1785,1131,945,0.94,88.56,80.66,6.31,176.47,0.761666716,-0.173599012,-0.562958577,-0.269823716,1.1507805,-0.9999853,0.8188638
seq-05/frame-000067,1,0.00309030,0.159134,1924,1191,986,0.96,76.49,60.15,15.89,153.49,0.758483257,-0.175533497,-0.565047986,-0.273151815,1.1481856,-1.0049656,0.8266042
seq-05/frame-000068,1,0.00394663,0.193448,1844,1124,932,0.93,105.28,90.09,10.73,207.04,0.754903442,-0.176326698,-0.566054753,-0.280377792,1.1439658,-1.0099170,0.8433279
seq-05/frame-000069,1,0.00336989,0.161066,1990,1196,993,0.99,91.75,85.56,10.31,188.61,0.752894340,-0.175201484,-0.566119373,-0.286292521,1.1335637,-1.0139785,0.8547947
seq-05/frame-000070,1,0.00369111,0.188600,2086,1202,968,1.05,89.24,78.77,6.52,175.58,0.751557901,-0.174655922,-0.566674016,-0.289026972,1.1256957,-1.0132644,0.8631302
seq-05/frame-000071,1,0.00364593,0.176048,1781,1096,896,0.95,79.92,146.72,36.55,264.15,0.749830237,-0.172642948,-0.566680494,-0.294656149,1.1197098,-1.0170930,0.8731893
seq-05/frame-000072,1,0.00303768,0.153241,1979,1150,919,1.00,89.11,90.68,13.96,194.75,0.750144428,-0.169702790,-0.564865949,-0.299016320,1.1130307,-1.0188881,0.8780600
seq-05/frame-000073,1,0.00342441,0.167125,1954,1160,921,0.99,93.23,85.91,7.27,187.41,0.750561113,-0.172771178,-0.561591464,-0.302362637,1.1089465,-1.0171121,0.8826162
seq-05/frame-000074,1,0.00340928,0.179782,1932,1157,959,0.98,91.36,90.93,14.63,197.91,0.750493656,-0.173179425,-0.560235847,-0.304801501,1.1020885,-1.0146135,0.8804547
seq-05/frame-000075,1,0.00294071,0.164853,1947,1111,902,0.98,103.42,73.77,11.10,189.28,0.748814721,-0.178036888,-0.559330481,-0.307780430,1.0942850,-1.0166036,0.8821601
seq-05/frame-000076,1,0.00188394,0.134956,1840,1109,909,0.96,99.05,78.57,10.39,188.99,0.747625838,-0.182624981,-0.558914241,-0.308737096,1.0837330,-1.0159364,0.8799090
seq-05/frame-000077,1,0.00323608,0.137654,1602,963,786,0.91,82.86,67.49,10.42,161.70,0.745898795,-0.188404328,-0.559328131,-0.308692143,1.0769076,-1.0172144,0.8791522
seq-05/frame-000078,1,0.00268515,0.168709,1520,865,707,0.94,86.55,55.58,13.53,156.62,0.744203207,-0.196500654,-0.557299128,-0.311394863,1.0611165,-1.0102191,0.8711419
seq-05/frame-000079,1,0.00341663,0.155712,1776,1017,824,2.03,94.85,71.16,7.72,175.76,0.741910215,-0.200553447,-0.558068377,-0.312901316,1.0548128,-1.0143908,0.8714967
seq-05/frame-000080,1,0.00382683,0.187753,1692,1013,821,0.94,86.92,59.55,19.61,167.03,0.744245721,-0.206986256,-0.553827115,-0.310693616,1.0423476,-1.0137426,0.8649950
seq-05/frame-000081,1,0.00560312,0.274733,1074,620,461,0.86,63.84,41.69,12.91,119.31,0.746018752,-0.216369709,-0.552838436,-0.301678363,1.0248930,-0.9975472,0.8549354
seq-05/frame-000082,1,0.00498983,0.240728,1117,655,523,0.87,74.38,32.64,5.68,113.58,0.739656331,-0.227128974,-0.560447082,-0.295330339,1.0153882,-0.9983670,0.8475301
seq-05/frame-000083,1,0.00403059,0.210628,1606,923,741,0.93,88.01,65.99,9.37,164.30,0.737728975,-0.230684010,-0.561901451,-0.294631307,1.0119864,-1.0005358,0.8458325
seq-05/frame-000084,1,0.00338314,0.202445,1488,871,687,0.90,100.31,64.95,6.37,172.53,0.739064703,-0.236958746,-0.557936591,-0.293837844,0.9976381,-0.9950630,0.8336700
seq-05/frame-000085,1,0.00446733,0.254338,1478,890,700,3.39,79.70,51.29,9.35,143.75,0.740179282,-0.245416561,-0.555755058,-0.288169496,0.9845150,-0.9876436,0.8207907
seq-05/frame-000086,1,0.00527191,0.289858,1302,778,628,0.93,68.96,57.77,7.49,135.15,0.743657474,-0.253636264,-0.549472045,-0.284117369,0.9736500,-0.9812298,0.8080984
seq-05/frame-000087,1,0.00558417,0.256085,1295,803,638,0.86,72.95,57.11,8.71,139.63,0.746322489,-0.259638661,-0.543719826,-0.282770683,0.9680022,-0.9810825,0.7994631
seq-05/frame-000088,1,0.00463473,0.197276,1567,933,743,0.91,82.06,50.17,8.01,141.16,0.752170793,-0.266863726,-0.533965870,-0.279111627,0.9527159,-0.9763679,0.7830882
seq-05/frame-000089,1,0.00342042,0.221810,1337,825,667,0.90,79.93,46.32,9.48,136.64,0.754998169,-0.268836740,-0.529491083,-0.278107470,0.9467139,-0.9705330,0.7766972
seq-05/frame-000090,1,0.00384596,0.203429,1251,795,663,0.89,60.90,50.72,6.36,118.87,0.763850245,-0.276643593,-0.514421064,-0.274539786,0.9339411,-0.9671791,0.7575683
seq-05/frame-000091,1,0.00515025,0.221592,1497,940,785,0.91,83.71,75.42,6.46,166.50,0.771165394,-0.279880372,-0.503624976,-0.270800288,0.9224644,-0.9590891,0.7392314
seq-05/frame-000092,1,0.00362087,0.196113,1456,966,817,0.92,82.71,55.52,7.45,146.61,0.774115635,-0.281743603,-0.498311510,-0.270279790,0.9140414,-0.9555665,0.7321964
seq-05/frame-000093,1,0.00341728,0.162947,1571,1004,858,0.94,90.45,62.51,8.84,162.74,0.781991773,-0.283609849,-0.487101214,-0.266057753,0.9005825,-0.9519811,0.7168682
seq-05/frame-000094,1,0.00448176,0.126432,1658,1058,895,0.93,115.29,79.79,14.15,210.16,0.784946959,-0.283282875,-0.483068342,-0.265054828,0.8952642,-0.9488467,0.7102441
seq-05/frame-000095,1,0.00520064,0.113213,1667,1050,901,0.93,100.17,89.48,14.01,204.59,0.791458461,-0.284582977,-0.474554298,-0.259623288,0.8826616,-0.9425857,0.6954523
seq-05/frame-000096,1,0.00463072,0.190901,1710,1104,915,0.94,90.02,66.83,17.17,174.97,0.794357464,-0.284726770,-0.471667465,-0.255845049,0.8754798,-0.9377135,0.6894110
seq-05/frame-000097,1,0.00372006,0.075053,1432,995,857,0.89,78.25,71.97,22.72,173.83,0.799796441,-0.283805922,-0.465453966,-0.251261730,0.8616734,-0.9382759,0.6807747
seq-05/frame-000098,1,0.00764366,0.134658,1317,929,815,0.89,82.55,66.01,8.90,158.36,0.808347535,-0.282055170,-0.456863150,-0.241444001,0.8494034,-0.9320174,0.6683219
seq-05/frame-000099,1,0.00588800,0.150293,1263,844,727,0.90,74.44,49.66,16.10,141.11,0.811395390,-0.279219762,-0.455510766,-0.237031196,0.8400109,-0.9280350,0.6613523
seq-05/frame-000100,1,0.00414437,0.086786,1600,1145,1012,0.94,78.05,89.12,17.29,185.40,0.816062742,-0.275427537,-0.451328736,-0.233417321,0.8247871,-0.9250380,0.6491883
seq-05/frame-000101,1,0.00410216,0.136745,1520,1062,910,0.94,71.78,80.95,12.74,166.42,0.818893798,-0.273779616,-0.449187465,-0.229539299,0.8157724,-0.9201754,0.6414699
seq-05/frame-000102,1,0.00441415,0.167869,1494,1035,887,0.93,81.38,73.42,9.32,165.05,0.819988465,-0.269328082,-0.451553423,-0.226231755,0.7992838,-0.9146097,0.6299570
seq-05/frame-000103,1,0.00484387,0.138203,1492,1004,867,1.29,111.17,170.33,22.17,304.96,0.821273742,-0.267738212,-0.451205345,-0.224141532,0.7893545,-0.9133512,0.6239983
seq-05/frame-000104,1,0.00555327,0.232567,1142,757,611,0.86,104.64,53.91,12.56,171.97,0.822468420,-0.259473216,-0.454076723,-0.223682092,0.7685600,-0.9012968,0.6045760
seq-05/frame-000105,1,0.00657331,0.305575,1134,728,606,0.88,82.50,58.65,8.00,150.03,0.820872077,-0.257688613,-0.457691208,-0.224241765,0.7560976,-0.8976915,0.5978349
seq-05/frame-000106,1,0.00423939,0.090909,1316,839,692,0.91,95.79,63.74,8.47,168.91,0.818599541,-0.253719366,-0.462839696,-0.226496555,0.7337054,-0.9039607,0.5888435
seq-05/frame-000107,1,0.00381474,0.171093,1426,890,750,0.90,93.04,61.40,10.77,166.12,0.819621501,-0.251135051,-0.463323429,-0.224684626,0.7221378,-0.9005819,0.5816427
seq-05/frame-000108,1,0.00305698,0.134047,1286,816,678,0.97,85.73,56.71,21.00,164.42,0.820311618,-0.247964473,-0.464925198,-0.222366882,0.6994877,-0.8969400,0.5669100
seq-05/frame-000109,1,0.00308946,0.150741,1562,1020,860,0.96,110.04,64.01,8.49,183.51,0.819323458,-0.246584842,-0.468544626,-0.219933899,0.6778358,-0.8978217,0.5566480
seq-05/frame-000110,1,0.00413744,0.180161,1553,979,856,0.95,92.88,73.22,8.91,175.96,0.820806917,-0.244619499,-0.467675361,-0.218442355,0.6679700,-0.8974529,0.5517852
seq-05/frame-000111,1,0.00325948,0.185479,1587,994,839,0.96,93.49,74.09,11.37,179.92,0.823929434,-0.244313578,-0.464457134,-0.213847457,0.6459803,-0.8917535,0.5395540
seq-05/frame-000112,1,0.00373791,0.218556,1828,1194,1012,0.99,104.63,90.41,10.87,206.90,0.824656566,-0.243805400,-0.464129652,-0.212330264,0.6370120,-0.8923189,0.5353580
seq-05/frame-000113,1,0.00414757,0.228781,1531,1050,886,1.07,93.62,81.20,18.64,194.56,0.826438234,-0.241461042,-0.462143504,-0.212414199,0.6148300,-0.8896984,0.5245310
seq-05/frame-000114,1,0.00389246,0.220910,1518,996,853,0.95,101.83,71.41,19.76,193.96,0.827428155,-0.240904686,-0.461831263,-0.209855820,0.6047465,-0.8898147,0.5205038
seq-05/frame-000115,1,0.00367253,0.199994,1675,1074,918,0.98,97.47,84.61,9.02,192.08,0.828249173,-0.236926673,-0.463060740,-0.208431790,0.5894628,-0.8899340,0.5117718
seq-05/frame-000116,1,0.00292274,0.174587,1512,971,833,0.93,93.47,88.66,28.42,211.48,0.831049763,-0.232553463,-0.461082836,-0.206586051,0.5737923,-0.8887165,0.5048349
seq-05/frame-000117,1,0.00371202,0.193877,1714,1123,959,1.72,117.75,74.32,11.98,205.78,0.832636869,-0.228976089,-0.459914322,-0.206796063,0.5694815,-0.8878378,0.4994464
seq-05/frame-000118,1,0.00247984,0.131957,1806,1199,1009,1.37,107.36,99.42,15.19,223.34,0.836125756,-0.226257252,-0.456354896,-0.203572065,0.5574023,-0.8876254,0.4903285
seq-05/frame-000119,1,0.00356671,0.180548,1897,1224,1033,0.99,129.22,94.32,17.68,242.23,0.837786540,-0.225475596,-0.454512418,-0.201724889,0.5532650,-0.8873795,0.4871265
seq-05/frame-000120,1,0.00446887,0.172253,1685,1062,890,0.97,102.06,86.07,10.97,200.07,0.841440617,-0.224507187,-0.447874673,-0.202441323,0.5440499,-0.8878118,0.4805837
seq-05/frame-000121,1,0.00363347,0.175648,1291,923,778,0.87,95.70,72.17,13.68,182.43,0.847057594,-0.222674384,-0.438371123,-0.201842289,0.5277128,-0.8896801,0.4760665
seq-05/frame-000122,1,0.00254716,0.134972,1344,949,830,0.93,103.50,59.11,11.20,174.74,0.850087497,-0.218809771,-0.435012032,-0.200594276,0.5223303,-0.8893596,0.4711998
seq-05/frame-000123,1,0.00252906,0.157315,1683,1069,908,0.96,99.43,97.26,29.11,226.76,0.855722572,-0.214801392,-0.429406446,-0.192897244,0.5107172,-0.8826163,0.4598363
seq-05/frame-000124,1,0.00257285,0.170786,1876,1176,999,1.04,101.59,108.67,19.60,230.90,0.857414183,-0.212626137,-0.427654616,-0.191683525,0.5035328,-0.8768844,0.4504808
seq-05/frame-000125,1,0.00311669,0.194831,1833,1186,1027,0.98,107.58,86.83,6.88,202.27,0.857897291,-0.213195483,-0.426503465,-0.191454223,0.4954896,-0.8789323,0.4468546
seq-05/frame-000126,1,0.00246709,0.169896,1846,1093,892,0.98,117.85,226.76,23.10,368.69,0.860964240,-0.210239488,-0.422239232,-0.190404744,0.4871768,-0.8768924,0.4396379
seq-05/frame-000127,1,0.00252226,0.174641,1655,1016,884,1.48,109.81,167.86,22.20,301.35,0.864588415,-0.210368669,-0.416394936,-0.186673923,0.4716424,-0.8739106,0.4322469
seq-05/frame-000128,1,0.00273243,0.120898,1729,1141,983,1.76,105.84,95.04,14.95,217.59,0.866305703,-0.210774190,-0.414762554,-0.181825996,0.4677582,-0.8762732,0.4286751
seq-05/frame-000129,1,0.00169541,0.142233,1747,1167,998,0.93,107.91,100.64,16.63,226.11,0.870250827,-0.208695284,-0.408555919,-0.179420841,0.4534973,-0.8741290,0.4223517
seq-05/frame-000130,1,0.00166471,0.125883,1805,1133,967,1.36,124.34,97.14,10.23,233.07,0.872181830,-0.207197083,-0.406406805,-0.176640121,0.4471068,-0.8706539,0.4163868
seq-05/frame-000131,1,0.00195434,0.132172,1905,1229,1045,2.15,148.09,90.53,12.01,252.79,0.874853766,-0.209696650,-0.401454107,-0.171734685,0.4347327,-0.8690297,0.4076991
seq-05/frame-000132,1,0.00315044,0.197705,1537,969,820,1.94,106.04,92.18,8.85,209.01,0.878824297,-0.210972211,-0.394181709,-0.166671421,0.4193063,-0.8689309,0.4008818
seq-05/frame-000133,1,0.00196975,0.183812,1602,1069,893,0.94,110.56,73.34,13.91,198.82,0.882206747,-0.211974998,-0.388235223,-0.161404053,0.4099652,-0.8667990,0.3967697
seq-05/frame-000134,1,0.00270357,0.160049,1915,1267,1078,1.16,240.77,88.03,29.45,359.41,0.886026693,-0.211510959,-0.382038848,-0.155775906,0.3956562,-0.8648244,0.3877121
seq-05/frame-000135,1,0.00138341,0.145643,1845,1253,1044,1.16,110.25,83.82,9.49,204.72,0.888690235,-0.214404812,-0.375886854,-0.151556313,0.3776082,-0.8630568,0.3814328
seq-05/frame-000136,1,0.00314331,0.138152,1639,1007,868,1.45,96.23,59.61,6.52,163.82,0.890021984,-0.214359463,-0.373292898,-0.150210853,0.3725634,-0.8662576,0.3791858
seq-05/frame-000137,1,0.00224554,0.167112,1606,1014,843,1.03,90.19,52.51,7.20,150.93,0.896436591,-0.210407471,-0.360940873,-0.147823611,0.3570000,-0.8625033,0.3697662
seq-05/frame-000138,1,0.00268480,0.112266,1482,939,796,1.21,104.88,76.65,8.03,190.78,0.900886949,-0.211115424,-0.351459241,-0.142510999,0.3420594,-0.8635061,0.3634671
seq-05/frame-000139,1,0.00316289,0.157566,1328,860,733,2.61,91.26,62.03,9.92,165.82,0.904191679,-0.210755384,-0.344901211,-0.138067847,0.3338910,-0.8646817,0.3618334
seq-05/frame-000140,1,0.00117811,0.094032,1656,1021,854,0.97,102.95,82.90,12.88,199.71,0.910998279,-0.208550963,-0.331395689,-0.129481767,0.3226049,-0.8563966,0.3535236
seq-05/frame-000141,1,0.00187385,0.090046,1734,1071,888,0.98,109.70,81.14,14.89,206.71,0.913280879,-0.209045755,-0.325730354,-0.126955288,0.3151309,-0.8547147,0.3492031
seq-05/frame-000142,1,0.00206511,0.092803,1966,1318,1114,1.14,137.35,138.84,12.37,289.69,0.915353994,-0.211453897,-0.318335290,-0.126794945,0.3007983,-0.8483613,0.3427899
seq-05/frame-000143,1,0.00213261,0.066232,1806,1179,1027,0.98,114.62,87.66,15.77,219.02,0.915865198,-0.212870728,-0.315321829,-0.128254184,0.2911065,-0.8515295,0.3432019
seq-05/frame-000144,1,0.00170297,0.107219,1597,1020,853,0.95,105.19,83.01,13.87,203.02,0.920603536,-0.208880878,-0.305259985,-0.125196845,0.2766074,-0.8472829,0.3373315
seq-05/frame-000145,1,0.00248102,0.069271,1665,1050,878,0.98,74.10,68.96,17.42,161.47,0.923434469,-0.207138066,-0.299512902,-0.121056284,0.2711872,-0.8416177,0.3315041
seq-05/frame-000146,1,0.00445144,0.092133,1885,1207,1014,0.98,85.96,78.89,10.68,176.52,0.926323396,-0.210354958,-0.290963070,-0.114088784,0.2570703,-0.8383027,0.3264789
seq-05/frame-000147,1,0.00333398,0.120741,1664,1077,906,0.96,116.19,91.32,14.43,222.91,0.927601776,-0.212593915,-0.286643467,-0.110427783,0.2490877,-0.8380450,0.3271849
seq-05/frame-000148,1,0.00287833,0.104137,1486,957,799,0.97,119.98,84.90,15.93,221.79,0.932870817,-0.211874873,-0.273621995,-0.099960400,0.2390543,-0.8334046,0.3250756
seq-05/frame-000149,1,0.00203560,0.044751,1774,1146,955,1.00,124.35,95.83,9.84,231.03,0.934683609,-0.212169920,-0.267955398,-0.097726052,0.2307975,-0.8323369,0.3235069
seq-05/frame-000150,1,0.00364573,0.084285,1706,1105,942,0.97,130.59,128.58,67.82,327.96,0.937269478,-0.212595803,-0.259772262,-0.094060202,0.2209297,-0.8290745,0.3202042
seq-05/frame-000151,1,0.00441242,0.130851,1406,914,764,1.04,119.46,75.74,11.76,208.00,0.939075019,-0.213695296,-0.253600085,-0.090329537,0.2136587,-0.8298692,0.3207224
seq-05/frame-000152,1,0.00229685,0.111749,1468,974,800,0.97,95.85,67.42,14.78,179.02,0.944149865,-0.212754441,-0.239196407,-0.078113123,0.2036826,-0.8243824,0.3217647
seq-05/frame-000153,1,0.00147992,0.074491,1644,1059,884,0.96,112.13,72.66,10.31,196.08,0.945994917,-0.212651953,-0.233499717,-0.073148111,0.1993323,-0.8189204,0.3198682
seq-05/frame-000154,1,0.00382406,0.117848,1347,906,759,0.93,105.08,174.00,11.03,291.04,0.947344890,-0.218286207,-0.224510579,-0.066961122,0.1934773,-0.8204214,0.3234138
seq-05/frame-000155,1,0.00325426,0.134517,1532,871,720,1.05,105.16,70.05,8.41,184.67,0.948895744,-0.220838052,-0.216622602,-0.062466549,0.1857405,-0.8225547,0.3270929
seq-05/frame-000156,1,0.00291188,0.089520,1409,790,633,0.99,81.22,63.27,10.32,155.80,0.951994875,-0.219555653,-0.206814231,-0.052239332,0.1824746,-0.8208531,0.3302936
seq-05/frame-000157,1,0.00400209,0.111644,1591,915,770,0.98,98.77,75.95,6.85,182.56,0.953349601,-0.219926905,-0.200779985,-0.049437773,0.1775037,-0.8201282,0.3303207
seq-05/frame-000158,1,0.00206748,0.054664,1628,1115,948,0.94,101.56,83.34,16.70,202.54,0.953716101,-0.221849254,-0.197495228,-0.046948284,0.1747694,-0.8167189,0.3329262
seq-05/frame-000159,1,0.00183853,0.033476,1551,1068,930,1.00,102.07,83.22,10.06,196.36,0.954102469,-0.227406830,-0.190388040,-0.041557269,0.1696368,-0.8193819,0.3461528
seq-05/frame-000160,1,0.00224896,0.056246,1489,970,831,1.24,94.93,66.14,5.93,168.24,0.954938648,-0.228202006,-0.185975230,-0.037805246,0.1685937,-0.8210979,0.3511810
seq-05/frame-000161,1,0.00173565,0.081414,1467,1007,871,1.29,99.51,66.21,9.55,176.58,0.956961902,-0.228750984,-0.175947367,-0.030650099,0.1631272,-0.8224373,0.3625998
seq-05/frame-000162,1,0.00061702,0.048892,1619,1165,1029,1.02,114.63,83.55,17.02,216.22,0.957623978,-0.228748049,-0.172779003,-0.027893770,0.1615935,-0.8231167,0.3697854
seq-05/frame-000163,1,0.00170253,0.053110,1647,1155,1019,1.28,117.34,80.72,10.80,210.14,0.958085154,-0.228859276,-0.170440668,-0.025421404,0.1626643,-0.8237607,0.3753175
seq-05/frame-000164,1,0.00202548,0.073596,1710,1217,1074,2.08,115.89,68.66,13.36,200.00,0.958684985,-0.231602894,-0.164035634,-0.019378049,0.1595134,-0.8275169,0.3910029
seq-05/frame-000165,1,0.00151406,0.054915,1606,1094,958,0.96,127.63,79.22,14.90,222.72,0.958745353,-0.232743517,-0.162404891,-0.016200475,0.1608934,-0.8304306,0.4011503
seq-05/frame-000166,1,0.00118568,0.057545,1339,890,769,0.90,104.46,64.87,18.21,188.44,0.959484424,-0.231769278,-0.159644274,-0.013650928,0.1630495,-0.8302777,0.4133767
seq-05/frame-000167,1,0.00200834,0.033760,1550,1105,1000,0.95,216.67,103.53,13.85,334.99,0.961218180,-0.229819196,-0.152195781,-0.008898986,0.1619016,-0.8336305,0.4296493
seq-05/frame-000168,1,0.00235676,0.025616,1702,1195,1060,0.97,91.00,77.96,21.39,191.34,0.961520272,-0.229773644,-0.150479459,-0.006226673,0.1626479,-0.8344581,0.4384759
seq-05/frame-000169,1,0.00144918,0.068228,1541,1108,978,0.94,94.05,77.57,11.44,184.01,0.961664967,-0.230460052,-0.148566248,-0.004089705,0.1653694,-0.8340366,0.4505518
seq-05/frame-000170,1,0.00211278,0.066273,1691,1147,1012,0.97,111.99,79.62,11.21,203.80,0.962346147,-0.231669320,-0.142193196,-0.000560578,0.1653243,-0.8363908,0.4708596
seq-05/frame-000171,1,0.00106265,0.064907,1502,1053,922,1.29,98.26,83.13,11.70,194.39,0.962390632,-0.232687843,-0.140216153,0.000263180,0.1678483,-0.8362881,0.4831878
seq-05/frame-000172,1,0.00091869,0.052846,1260,861,757,0.91,88.50,72.85,20.38,182.64,0.962846143,-0.232912641,-0.136666173,0.001167512,0.1684406,-0.8371047,0.4967453
seq-05/frame-000173,1,0.00158018,0.028503,1585,1100,948,0.96,105.99,75.97,17.11,200.04,0.964300189,-0.231889854,-0.127790920,0.004660691,0.1691949,-0.8350080,0.5121391
seq-05/frame-000174,1,0.00100166,0.039669,1775,1186,1036,2.07,96.99,86.54,15.40,200.99,0.963859429,-0.234964658,-0.125320128,0.007840706,0.1686745,-0.8339303,0.5222540
seq-05/frame-000175,1,0.00167686,0.085199,1538,1043,921,2.21,101.06,91.03,11.63,205.93,0.962942431,-0.239119587,-0.124375833,0.009713383,0.1712839,-0.8353654,0.5339109
seq-05/frame-000176,1,0.00184393,0.049082,1429,1017,900,1.10,79.88,52.57,13.32,146.88,0.962594599,-0.243228319,-0.118751995,0.012230533,0.1751636,-0.8349908,0.5611871
seq-05/frame-000177,1,0.00139389,0.027267,1605,1095,973,0.93,107.54,67.09,9.93,185.49,0.962924118,-0.243443448,-0.115411750,0.013876553,0.1755487,-0.8326488,0.5709021
seq-05/frame-000178,1,0.00158191,0.045873,1593,1074,948,0.92,105.72,63.64,10.75,181.04,0.962513866,-0.246007498,-0.113265412,0.014775507,0.1767439,-0.8322074,0.5822156
seq-05/frame-000179,1,0.00068820,0.007413,1541,1104,984,0.93,132.75,102.05,16.81,252.54,0.961872409,-0.250385172,-0.108834126,0.016243989,0.1797579,-0.8309555,0.6091787
seq-05/frame-000180,1,0.00072822,0.028951,1636,1173,1055,0.94,111.03,71.36,8.59,191.92,0.961717307,-0.252048798,-0.106339697,0.016220180,0.1789300,-0.8305842,0.6208406
seq-05/frame-000181,1,0.00166163,0.028583,1611,1145,1035,0.93,98.62,66.67,12.13,178.35,0.961521564,-0.253292567,-0.104923165,0.017614948,0.1802584,-0.8305259,0.6325805
seq-05/frame-000182,1,0.00033191,0.013249,1514,1109,990,0.92,90.28,69.51,10.52,171.22,0.961797158,-0.254180528,-0.100062789,0.018053379,0.1827076,-0.8265213,0.6544356
seq-05/frame-000183,1,0.00211842,0.071193,1647,1057,921,0.91,89.14,62.80,10.97,163.83,0.961375716,-0.256431525,-0.098140326,0.019185484,0.1835612,-0.8242113,0.6629335
seq-05/frame-000184,1,0.00176287,0.036701,1498,1078,977,1.16,88.82,57.36,9.13,156.48,0.960217065,-0.261240546,-0.096515356,0.020526837,0.1853334,-0.8273074,0.6754121
seq-05/frame-000185,1,0.00365562,0.124808,1449,1040,946,1.74,90.68,52.98,7.29,152.70,0.960228837,-0.261846891,-0.094372516,0.022149814,0.1865451,-0.8234110,0.6897111
seq-05/frame-000186,1,0.00096549,0.038219,1656,1200,1054,0.91,90.53,100.30,9.64,201.39,0.960131522,-0.263420118,-0.090375442,0.024281281,0.1901111,-0.8229003,0.7060833
seq-05/frame-000187,1,0.00073961,0.022760,1524,989,861,1.21,86.10,116.47,14.02,217.80,0.959291433,-0.266861264,-0.088980046,0.025051231,0.1919938,-0.8208668,0.7157796
seq-05/frame-000188,1,0.00178805,0.065846,1528,928,793,1.02,91.44,114.65,8.23,215.35,0.958266830,-0.270785341,-0.087730794,0.026519600,0.1943169,-0.8187073,0.7268743
seq-05/frame-000189,1,0.00162881,0.038265,1278,955,850,0.87,123.13,54.83,12.27,191.11,0.956878844,-0.277048131,-0.083334421,0.026126335,0.1988475,-0.8128967,0.7517856
seq-05/frame-000190,1,0.00199163,0.087678,1432,1057,936,0.88,111.67,64.08,16.42,193.06,0.956612070,-0.278976866,-0.080421039,0.024448168,0.1992897,-0.8089588,0.7617667
seq-05/frame-000191,1,0.00202578,0.071367,1315,840,731,0.86,134.63,51.78,16.32,203.60,0.955849427,-0.282270521,-0.078046646,0.024164998,0.1999077,-0.8068974,0.7712907
seq-05/frame-000192,1,0.00341248,0.096468,1351,953,848,0.85,120.97,62.84,10.35,195.00,0.954829672,-0.286370146,-0.075868394,0.023160836,0.2010790,-0.8044085,0.7817047
seq-05/frame-000193,1,0.00364937,0.140406,1287,907,795,0.85,111.83,119.61,11.43,243.71,0.953009381,-0.293431302,-0.072586713,0.020058920,0.2034604,-0.7960961,0.8016902
seq-05/frame-000194,1,0.00190760,0.057062,1461,998,888,0.88,98.93,66.62,9.66,176.09,0.952401280,-0.296171423,-0.069645250,0.019074306,0.2019290,-0.7899397,0.8138323
seq-05/frame-000195,1,0.00301754,0.120994,1603,1125,1015,0.90,145.27,70.53,16.90,233.61,0.951907665,-0.298286207,-0.067760628,0.017482353,0.2026035,-0.7879862,0.8215448
seq-05/frame-000196,1,0.00459022,0.170170,1384,896,771,1.44,89.93,70.01,34.71,196.10,0.950951521,-0.301685274,-0.066585359,0.015607372,0.2040579,-0.7850230,0.8306044
seq-05/frame-000197,1,0.00264126,0.135348,1487,986,872,0.88,93.53,83.98,16.53,194.92,0.950062583,-0.304851556,-0.064927199,0.015201152,0.2044959,-0.7798046,0.8406805
seq-05/frame-000198,1,0.00189366,0.158160,1592,1090,979,0.90,105.15,101.43,14.92,222.41,0.949538811,-0.306713483,-0.064013019,0.014325495,0.2051841,-0.7747181,0.8508602
seq-05/frame-000199,1,0.00250084,0.086071,1272,897,805,0.88,97.89,88.24,10.16,197.19,0.949237968,-0.308634433,-0.059643817,0.011605280,0.2059496,-0.7657289,0.8702353
seq-05/frame-000200,1,0.00519094,0.179115,1313,927,818,1.21,120.43,63.60,6.91,192.15,0.949237600,-0.309305780,-0.056244354,0.010699810,0.2084305,-0.7646813,0.8757841
seq-05/frame-000201,1,0.00260702,0.111534,1500,973,845,0.93,111.41,121.92,13.43,247.71,0.948999066,-0.310648314,-0.052671116,0.011142312,0.2077490,-0.7600095,0.8818972
seq-05/frame-000202,1,0.00268474,0.107846,1491,991,872,0.90,123.76,103.04,10.14,237.84,0.948004925,-0.313914912,-0.051282072,0.010688315,0.2066481,-0.7574396,0.8897937
seq-05/frame-000203,1,0.00576019,0.176512,1540,1056,935,2.35,128.60,68.31,14.77,214.03,0.947839933,-0.314327986,-0.051965455,0.009847321,0.2106376,-0.7507366,0.8976957
seq-05/frame-000204,1,0.00507497,0.119407,1362,955,847,1.71,164.29,69.22,11.58,246.80,0.948061293,-0.314242755,-0.048870317,0.006554978,0.2062003,-0.7479954,0.9059969
seq-05/frame-000205,1,0.00343954,0.110412,1509,1018,896,1.24,156.48,85.62,17.22,260.56,0.947976335,-0.314838042,-0.046808039,0.005184958,0.2081192,-0.7459531,0.9123522
seq-05/frame-000206,1,0.00260042,0.144253,1651,1080,931,2.16,123.42,86.64,11.92,224.15,0.947582051,-0.316115775,-0.046128507,0.005588718,0.2107371,-0.7423399,0.9192979
seq-05/frame-000207,1,0.00381625,0.126631,1660,1066,939,1.62,137.63,81.51,10.55,231.31,0.947508083,-0.316457145,-0.045443297,0.004267834,0.2083637,-0.7364878,0.9254508
seq-05/frame-000208,1,0.00591429,0.115579,1432,969,864,1.11,124.21,72.44,11.75,209.52,0.947354119,-0.316922025,-0.045604462,0.000914855,0.2082755,-0.7341859,0.9304824
seq-05/frame-000209,1,0.00744800,0.203897,1311,898,787,0.98,96.40,62.92,13.44,173.74,0.947529424,-0.316802612,-0.042595110,-0.003122736,0.2061134,-0.7293153,0.9363194
seq-05/frame-000210,1,0.00306283,0.108137,1591,1067,929,0.92,145.70,68.68,6.34,221.64,0.947265229,-0.317612313,-0.042265112,-0.004966301,0.2112974,-0.7265388,0.9436988
seq-05/frame-000211,1,0.00592549,0.133883,1570,1036,914,0.91,127.27,79.29,11.39,218.86,0.946946607,-0.318773680,-0.040320164,-0.007053261,0.2073310,-0.7248339,0.9475485
seq-05/frame-000212,1,0.00543330,0.181500,1453,999,888,0.91,97.54,81.95,9.37,189.77,0.946648259,-0.319784949,-0.038895886,-0.009042707,0.2073116,-0.7196788,0.9560567
seq-05/frame-000213,1,0.00614029,0.194110,1458,1006,891,0.95,98.53,75.27,7.18,181.92,0.946478083,-0.320509239,-0.037008042,-0.009136239,0.2074231,-0.7165092,0.9601732
seq-05/frame-000214,1,0.00767714,0.291563,1357,923,815,1.29,101.73,64.15,30.52,197.70,0.945331093,-0.323914607,-0.036117027,-0.011136081,0.2093723,-0.7170725,0.9689627
seq-05/frame-000215,1,0.00608229,0.227447,1443,977,851,1.96,96.51,72.54,30.86,201.88,0.944950163,-0.325060449,-0.035223062,-0.012815228,0.2108056,-0.7118740,0.9727270
seq-05/frame-000216,1,0.00518139,0.159453,1286,857,763,1.28,103.26,69.00,10.95,184.50,0.944399589,-0.326707937,-0.034321220,-0.013906618,0.2123721,-0.7068917,0.9759456
seq-05/frame-000217,1,0.00326999,0.094970,1465,1004,883,2.47,104.02,77.75,12.85,197.09,0.943974031,-0.327933251,-0.034055190,-0.014596428,0.2152121,-0.7013501,0.9819663
seq-05/frame-000218,1,0.00406983,0.150995,1433,976,862,1.50,104.66,79.62,9.99,195.77,0.943480265,-0.329295438,-0.033641768,-0.016665385,0.2163112,-0.6990228,0.9881591
seq-05/frame-000219,1,0.00795252,0.264916,1248,818,721,1.26,96.65,57.92,15.55,171.38,0.943083493,-0.330555868,-0.030759892,-0.019498034,0.2143269,-0.6982804,0.9916210
seq-05/frame-000220,1,0.00627106,0.210091,1305,873,772,0.92,92.59,76.25,19.78,189.55,0.942966263,-0.331041147,-0.028589060,-0.020225000,0.2177969,-0.6944858,0.9961084
seq-05/frame-000221,1,0.00745808,0.256872,1365,899,782,0.89,89.75,78.94,16.51,186.10,0.942654061,-0.332039384,-0.026529459,-0.021198049,0.2189574,-0.6930003,0.9992997
seq-05/frame-000222,1,0.00814674,0.305969,1228,830,743,0.86,108.30,67.33,17.67,194.18,0.941855189,-0.334405907,-0.024706158,-0.021704783,0.2206761,-0.6922100,1.0038949
seq-05/frame-000223,1,0.00793958,0.278243,1193,788,694,0.86,116.87,64.61,15.15,197.50,0.941306271,-0.336060897,-0.022956293,-0.021876630,0.2238434,-0.6896330,1.0083838
seq-05/frame-000224,1,0.00986257,0.353728,1030,712,619,0.87,88.67,54.96,10.99,155.49,0.941439048,-0.335981204,-0.018985978,-0.021182101,0.2249471,-0.6857954,1.0120896
seq-05/frame-000225,1,0.00882048,0.306541,1048,684,598,0.89,96.41,113.68,29.04,240.02,0.941700748,-0.335405712,-0.015875368,-0.021229267,0.2297922,-0.6847271,1.0160592
seq-05/frame-000226,1,0.00506181,0.147308,1215,800,704,0.89,102.19,89.23,15.75,208.07,0.941760661,-0.335391567,-0.014713334,-0.019567107,0.2383973,-0.6842860,1.0176091
seq-05/frame-000227,1,0.00637294,0.175593,1318,874,757,1.59,105.39,90.68,11.38,209.04,0.942022350,-0.334761442,-0.013330232,-0.018734302,0.2430384,-0.6820119,1.0175374
seq-05/frame-000228,1,0.00915271,0.326474,1026,673,594,0.87,90.89,63.03,24.87,179.67,0.940892101,-0.338015408,-0.010535522,-0.018884963,0.2444007,-0.6861041,1.0256756
seq-05/frame-000229,1,0.00477891,0.150592,932,599,519,2.16,81.82,110.63,12.41,207.03,0.941232574,-0.337158945,-0.007473579,-0.018687808,0.2517745,-0.6822448,1.0266451
seq-05/frame-000230,1,0.00739741,0.239570,917,652,567,0.88,160.29,49.38,8.09,218.64,0.941964455,-0.335138998,-0.002353649,-0.019475051,0.2515426,-0.6773684,1.0287669
seq-05/frame-000231,1,0.00468383,0.119816,922,638,558,2.42,160.48,41.73,11.23,215.87,0.942883141,-0.332417197,-0.000923459,-0.021664190,0.2616170,-0.6736018,1.0291160
seq-05/frame-000232,1,0.00457112,0.053471,972,634,541,1.81,165.30,38.26,7.85,213.23,0.942854711,-0.332347614,0.003058763,-0.023679126,0.2646836,-0.6741555,1.0329649
seq-05/frame-000233,1,0.00395901,0.163578,1094,752,661,0.87,157.63,47.24,8.81,214.56,0.942377610,-0.333555883,0.003441604,-0.025555214,0.2750474,-0.6747215,1.0373563
seq-05/frame-000234,1,0.00485790,0.113102,991,666,578,0.86,154.44,45.92,8.02,209.24,0.942612752,-0.332747835,0.007195241,-0.026614042,0.2761829,-0.6700753,1.0380699
seq-05/frame-000235,1,0.00611257,0.045234,941,571,491,0.85,86.69,34.41,8.06,130.02,0.942611266,-0.332487105,0.011811465,-0.028227934,0.2779392,-0.6684165,1.0387717
seq-05/frame-000236,1,0.00613682,0.158796,919,579,479,0.84,85.03,41.55,14.43,141.85,0.942300732,-0.333053087,0.017192793,-0.029144105,0.2811937,-0.6674130,1.0459237
seq-05/frame-000237,1,0.00523036,0.035703,987,647,557,0.89,79.01,40.15,8.63,128.68,0.942829454,-0.331379094,0.020403965,-0.029055016,0.2897603,-0.6642441,1.0460211
seq-05/frame-000238,1,0.00550193,0.063372,963,611,534,0.86,72.00,51.59,9.86,134.31,0.942719032,-0.331347288,0.023245519,-0.030813098,0.2956985,-0.6630887,1.0494605
seq-05/frame-000239,1,0.00516674,0.113267,964,575,489,1.05,75.06,41.86,12.84,130.82,0.943147198,-0.329773180,0.026247464,-0.032157162,0.3027306,-0.6608295,1.0500315
seq-05/frame-000240,1,0.00467274,0.062568,931,588,501,0.90,88.21,52.30,8.44,149.85,0.943664248,-0.327683140,0.030201862,-0.034776347,0.3085353,-0.6579830,1.0517602
seq-05/frame-000241,1,0.00496851,0.108271,1065,633,540,1.75,91.41,43.55,17.81,154.53,0.943654925,-0.327006096,0.033282346,-0.038401564,0.3138752,-0.6574247,1.0542009
seq-05/frame-000242,1,0.00443418,0.106324,1156,726,626,0.97,84.06,58.53,11.95,155.52,0.943776727,-0.326312025,0.034104422,-0.040531977,0.3231817,-0.6555493,1.0567227
seq-05/frame-000243,1,0.00574337,0.183056,1094,642,549,0.86,99.53,57.67,15.56,173.62,0.943390267,-0.326768918,0.035490506,-0.044466861,0.3293616,-0.6576848,1.0576245
seq-05/frame-000244,1,0.00530973,0.223621,1142,678,574,0.84,73.48,40.77,8.56,123.66,0.942959441,-0.327239527,0.036569715,-0.049035101,0.3356642,-0.6561630,1.0598378
seq-05/frame-000245,1,0.00498379,0.110343,876,536,443,1.43,88.61,50.19,10.42,150.65,0.943949833,-0.323177312,0.042141177,-0.052337932,0.3338714,-0.6463373,1.0594351
seq-05/frame-000246,1,0.00345874,0.277712,734,385,310,1.33,58.59,21.12,7.91,88.96,0.944556423,-0.319845960,0.047614127,-0.056961570,0.3394262,-0.6451752,1.0625107
seq-05/frame-000247,1,0.00818640,0.352464,921,509,413,0.91,69.50,59.50,11.42,141.34,0.945318197,-0.316258335,0.052477252,-0.060002577,0.3485300,-0.6439950,1.0607244
seq-05/frame-000248,1,0.00555373,0.218102,1203,676,549,0.89,91.67,62.67,15.66,170.89,0.944768589,-0.317051220,0.054250080,-0.062831246,0.3578532,-0.6474811,1.0659223
seq-05/frame-000249,1,0.00617757,0.159769,1063,613,508,0.89,98.20,59.38,14.04,172.52,0.943846356,-0.318540840,0.057056261,-0.066561041,0.3615469,-0.6504521,1.0687051
seq-05/frame-000250,1,0.00596247,0.135331,1030,526,411,0.86,59.25,35.78,5.53,101.43,0.943229957,-0.318841888,0.061103902,-0.070167029,0.3646900,-0.6468892,1.0706604
seq-05/frame-000251,1,0.00702472,0.337248,965,532,419,0.86,78.64,57.06,21.15,157.72,0.943426214,-0.317356161,0.063112998,-0.072448564,0.3771837,-0.6445552,1.0720985
seq-05/frame-000252,1,0.00453956,0.146060,959,526,423,0.86,58.71,34.45,10.09,104.12,0.943266339,-0.316303257,0.069068485,-0.073691304,0.3783500,-0.6441002,1.0758040
seq-05/frame-000253,1,0.00585227,0.170475,946,500,391,0.86,79.94,50.79,9.45,141.05,0.943669420,-0.314165605,0.072607944,-0.074270348,0.3864202,-0.6437227,1.0741328
seq-05/frame-000254,1,0.00621885,0.357848,1084,552,425,1.25,104.46,50.45,8.92,165.09,0.942217031,-0.317194277,0.074612788,-0.077767533,0.3960024,-0.6504806,1.0815764
seq-05/frame-000255,1,0.00431815,0.162284,1196,645,521,0.88,81.25,64.89,11.39,158.42,0.942622483,-0.315340526,0.076714024,-0.078346452,0.4037905,-0.6471210,1.0797860
seq-05/frame-000256,1,0.00456833,0.263547,1019,557,443,0.87,89.68,51.60,15.71,157.86,0.942864876,-0.313663338,0.079228272,-0.079649344,0.4089877,-0.6451724,1.0785227
seq-05/frame-000257,1,0.00503388,0.193921,1105,657,535,0.87,108.31,51.33,6.66,167.18,0.942997912,-0.312355973,0.082863133,-0.079513431,0.4143342,-0.6445461,1.0786476
seq-05/frame-000258,1,0.00801709,0.231919,1394,785,653,0.88,98.73,72.18,10.04,181.83,0.943635761,-0.310291764,0.082723570,-0.080170959,0.4244148,-0.6444480,1.0755516
seq-05/frame-000259,1,0.00677355,0.300171,1311,717,571,0.90,82.46,70.30,11.34,165.00,0.943398684,-0.310551171,0.082325358,-0.082337282,0.4309673,-0.6487265,1.0763490
seq-05/frame-000260,1,0.00763206,0.272934,1136,654,541,0.88,97.56,57.45,12.19,168.08,0.943422003,-0.309182634,0.084800954,-0.084674803,0.4347222,-0.6478439,1.0729343
seq-05/frame-000261,1,0.00449615,0.181092,1382,780,631,0.91,83.17,59.83,20.11,164.02,0.943136373,-0.309508732,0.085982940,-0.085469643,0.4403188,-0.6485264,1.0757370
seq-05/frame-000262,1,0.00626203,0.179697,1528,825,658,0.92,98.86,68.72,8.44,176.95,0.943615377,-0.308360126,0.085111333,-0.085206298,0.4485304,-0.6499050,1.0720023
seq-05/frame-000263,1,0.00517802,0.193715,1483,824,648,0.92,95.82,68.84,18.60,184.18,0.943339658,-0.308963489,0.084124900,-0.087033632,0.4534747,-0.6523024,1.0717810
seq-05/frame-000264,1,0.01073875,0.400709,1358,776,620,0.90,95.50,78.36,8.07,182.83,0.943430771,-0.308327497,0.082310299,-0.089986382,0.4621986,-0.6528611,1.0644335
seq-05/frame-000265,1,0.00754165,0.249726,1465,787,644,0.91,105.60,72.66,17.25,196.43,0.943775699,-0.306638917,0.083463141,-0.091070899,0.4645858,-0.6493752,1.0633919
seq-05/frame-000266,1,0.00719843,0.146736,1526,858,683,1.85,107.52,78.54,16.10,204.01,0.943922371,-0.305833662,0.083395795,-0.092311811,0.4676967,-0.6514630,1.0617831
seq-05/frame-000267,1,0.00755938,0.089185,1369,794,618,2.09,98.24,60.28,14.59,175.20,0.944037898,-0.304750675,0.084257405,-0.093915720,0.4695795,-0.6533843,1.0596896
seq-05/frame-000268,1,0.00757852,0.095706,1412,778,641,1.82,78.84,58.26,12.58,151.50,0.944500849,-0.302792376,0.084429707,-0.095428234,0.4748174,-0.6535212,1.0559270
seq-05/frame-000269,1,0.00515041,0.098501,1479,771,612,0.94,86.86,53.32,9.18,150.30,0.944800682,-0.302686559,0.081732798,-0.095143410,0.4854001,-0.6561825,1.0547375
seq-05/frame-000270,1,0.00566416,0.131699,1500,820,630,0.95,109.43,71.12,11.34,192.83,0.945106252,-0.302333357,0.079136231,-0.095426256,0.4919208,-0.6577385,1.0498251
seq-05/frame-000271,1,0.00486334,0.103327,1481,784,597,0.92,78.66,49.01,11.77,140.38,0.945246041,-0.302915183,0.075530548,-0.095118087,0.4983938,-0.6596005,1.0479563
seq-05/frame-000272,1,0.00675132,0.269344,1453,788,616,0.95,112.15,63.54,7.10,183.73,0.946134204,-0.300387517,0.072056845,-0.096980502,0.5057844,-0.6555589,1.0404873
seq-05/frame-000273,1,0.00475738,0.244834,1524,838,653,0.93,97.95,62.83,12.52,174.24,0.946325133,-0.300122728,0.068970621,-0.098174049,0.5113215,-0.6576138,1.0388366
seq-05/frame-000274,1,0.00414390,0.281830,1552,819,636,0.95,97.83,62.78,17.49,179.05,0.946744918,-0.299384116,0.066034910,-0.098400217,0.5167208,-0.6580419,1.0368600
seq-05/frame-000275,1,0.00418947,0.223024,1472,798,639,0.93,84.56,62.95,9.48,157.93,0.947151160,-0.298354626,0.063430740,-0.099326423,0.5210775,-0.6589642,1.0321346
seq-05/frame-000276,1,0.00327744,0.207144,1425,784,627,0.92,91.28,59.88,11.33,163.41,0.947166558,-0.298796261,0.059498526,-0.100280760,0.5277850,-0.6633890,1.0295832
seq-05/frame-000277,1,0.00612937,0.108478,1396,746,595,0.91,85.85,61.59,10.81,159.16,0.947530764,-0.297756562,0.057323743,-0.101195206,0.5295125,-0.6644587,1.0221906
seq-05/frame-000278,1,0.00686663,0.083153,1370,770,609,1.21,79.58,63.53,12.17,156.50,0.947592004,-0.298037280,0.054064958,-0.101588157,0.5329450,-0.6668796,1.0182808
seq-05/frame-000279,1,0.00454620,0.219811,1240,716,571,0.98,82.53,52.53,9.65,145.70,0.948037211,-0.297881983,0.047271731,-0.101277612,0.5440111,-0.6687103,1.0160867
seq-05/frame-000280,1,0.00354002,0.227747,1265,750,596,0.90,86.90,52.76,9.29,149.85,0.948403847,-0.297684765,0.041083804,-0.101123904,0.5516237,-0.6702878,1.0114499
seq-05/frame-000281,1,0.00499086,0.055461,1075,576,469,0.90,76.93,42.13,6.52,126.47,0.948908650,-0.296022238,0.035528920,-0.103348461,0.5547496,-0.6700035,1.0045389
seq-05/frame-000282,1,0.00666960,0.119687,1175,706,569,0.90,64.29,46.59,7.04,118.83,0.949558523,-0.293580283,0.029002998,-0.106339341,0.5590611,-0.6705294,0.9963283
seq-05/frame-000283,1,0.00483598,0.165216,1314,788,637,0.92,81.18,46.71,10.81,139.62,0.948970130,-0.294444434,0.023144851,-0.110555341,0.5644002,-0.6764799,0.9955550
seq-05/frame-000284,1,0.00578107,0.170009,1084,628,495,1.21,70.26,43.01,11.41,125.90,0.949926013,-0.291106395,0.016780069,-0.112321265,0.5705812,-0.6752754,0.9892731
seq-05/frame-000285,1,0.00416264,0.109451,983,547,443,0.94,73.37,34.22,15.77,124.30,0.949725877,-0.291591926,0.007073647,-0.113775530,0.5805077,-0.6831492,0.9885194
seq-05/frame-000286,1,0.00472789,0.193597,1250,688,548,1.27,82.56,55.57,10.21,149.62,0.949469376,-0.291767663,0.000637943,-0.115668177,0.5793074,-0.6873244,0.9837379
seq-05/frame-000287,1,0.00698704,0.162333,1548,867,711,0.93,97.22,60.68,10.11,168.94,0.949993834,-0.288939708,-0.004683851,-0.118336901,0.5853815,-0.6868667,0.9717609
seq-05/frame-000288,1,0.00791749,0.097218,1247,789,675,0.90,78.85,46.34,9.65,135.74,0.950313579,-0.287111886,-0.008658333,-0.119982913,0.5884926,-0.6890582,0.9685266
seq-05/frame-000289,1,0.00563675,0.149309,1342,820,690,0.97,71.20,52.06,10.41,134.64,0.950473904,-0.284433081,-0.015652575,-0.124306787,0.5990737,-0.6938267,0.9641670
seq-05/frame-000290,1,0.00686193,0.047390,1413,847,693,0.89,87.91,61.02,6.64,156.46,0.949368095,-0.286140831,-0.019736922,-0.128195549,0.6010406,-0.7040047,0.9598095
seq-05/frame-000291,1,0.00752123,0.213422,1037,586,485,1.40,71.70,35.15,9.70,117.96,0.947484046,-0.290856857,-0.028056300,-0.129958127,0.6098880,-0.7143781,0.9609631
seq-05/frame-000292,1,0.00503343,0.181693,1066,609,505,0.87,65.94,36.51,8.06,111.38,0.946894239,-0.290950111,-0.036706894,-0.131878493,0.6180238,-0.7129377,0.9555465
seq-05/frame-000293,1,0.00881225,0.172953,1135,649,530,0.87,64.55,48.38,11.76,125.56,0.947495516,-0.287619063,-0.040890334,-0.133624481,0.6143721,-0.7078141,0.9462820
seq-05/frame-000294,1,0.00328753,0.084928,1469,888,738,0.89,80.39,56.01,12.83,150.13,0.947706037,-0.285486792,-0.046656011,-0.134810143,0.6200230,-0.7136625,0.9449927
seq-05/frame-000295,1,0.00817763,0.147997,1575,943,774,1.47,95.43,84.94,8.72,190.56,0.947592206,-0.284869581,-0.049991719,-0.135717209,0.6247889,-0.7209290,0.9382942
seq-05/frame-000296,1,0.00760003,0.138164,1278,753,613,1.51,78.43,67.23,13.05,160.22,0.947255457,-0.284764675,-0.055697279,-0.136066134,0.6296765,-0.7265066,0.9387466
seq-05/frame-000297,1,0.00486574,0.118713,1251,717,575,1.02,84.56,54.60,12.33,152.52,0.946876529,-0.285163646,-0.062408083,-0.134950976,0.6348901,-0.7338031,0.9347192
seq-05/frame-000298,1,0.00936439,0.157904,1416,854,682,0.92,76.49,81.25,13.50,172.17,0.946565178,-0.285732464,-0.066664070,-0.133892586,0.6364462,-0.7398548,0.9285978
seq-05/frame-000299,1,0.00796070,0.130953,1188,723,598,0.89,78.24,59.04,6.71,144.88,0.945456881,-0.287551900,-0.077892785,-0.131749401,0.6480717,-0.7466409,0.9259370
seq-05/frame-000300,1,0.01008227,0.174612,1080,604,501,0.85,62.48,48.93,18.18,130.45,0.946704560,-0.282395826,-0.081770450,-0.131592807,0.6485467,-0.7455905,0.9205697
seq-05/frame-000301,1,0.00808182,0.189346,1500,865,725,0.91,87.00,65.95,18.73,172.59,0.946933923,-0.281143752,-0.086589985,-0.129524168,0.6554098,-0.7558870,0.9176756
seq-05/frame-000302,1,0.00910998,0.177504,1184,724,607,1.06,96.52,61.71,9.75,169.05,0.945810137,-0.283251068,-0.091423735,-0.129821870,0.6583280,-0.7648114,0.9178154
seq-05/frame-000303,1,0.00781033,0.198492,1049,598,479,0.87,72.12,47.95,20.63,141.57,0.945153048,-0.282932929,-0.100181987,-0.128834165,0.6662934,-0.7704549,0.9185072
seq-05/frame-000304,1,0.01051712,0.222964,1113,681,573,0.98,97.00,57.05,9.20,164.22,0.943947960,-0.285166107,-0.105186423,-0.128756969,0.6642499,-0.7801844,0.9131042
seq-05/frame-000305,1,0.00510751,0.213714,971,571,469,0.88,82.34,36.90,10.68,130.80,0.940952953,-0.289960511,-0.120971701,-0.126080487,0.6796168,-0.7817373,0.9160849
seq-05/frame-000306,1,0.00516276,0.180983,1192,728,581,4.28,101.79,59.48,13.91,179.46,0.940609832,-0.289395698,-0.125606022,-0.125404951,0.6760845,-0.7858023,0.9069083
seq-05/frame-000307,1,0.00523583,0.218242,1365,815,695,3.25,101.70,49.57,15.76,170.29,0.939726661,-0.289910555,-0.130713332,-0.125617267,0.6795570,-0.7899146,0.9059843
seq-05/frame-000308,1,0.00254237,0.252258,1095,664,559,0.88,100.59,51.78,8.45,161.71,0.938335586,-0.290661745,-0.138150380,-0.126319239,0.6872262,-0.7952164,0.9093386
seq-05/frame-000309,1,0.00291635,0.227942,989,617,515,4.08,93.76,42.31,14.78,154.93,0.936796655,-0.291837634,-0.145704613,-0.126542433,0.6927085,-0.8031424,0.9070190
seq-05/frame-000310,1,0.00277753,0.144886,1083,668,542,2.71,83.60,49.25,11.76,147.33,0.935525845,-0.293318052,-0.151326679,-0.125921206,0.6926911,-0.8069512,0.9074987
seq-05/frame-000311,1,0.00491737,0.248755,1332,831,693,0.90,103.84,55.78,10.11,170.64,0.933910399,-0.291567082,-0.163947094,-0.126179844,0.7042051,-0.8147367,0.9104446
seq-05/frame-000312,1,0.00629594,0.246607,1142,701,582,0.94,72.85,56.31,9.47,139.57,0.933737599,-0.290470991,-0.167859888,-0.124834921,0.7070281,-0.8185331,0.9080076
seq-05/frame-000313,1,0.00666314,0.322038,1091,656,552,0.88,77.12,44.22,11.26,133.49,0.932564876,-0.290044704,-0.175183920,-0.124528775,0.7144882,-0.8257069,0.9065690
seq-05/frame-000314,1,0.00556853,0.192316,1286,793,666,0.92,91.71,46.67,9.30,148.60,0.931048510,-0.289373494,-0.181323530,-0.128582388,0.7166628,-0.8323222,0.9060070
seq-05/frame-000315,1,0.00455330,0.231458,1322,822,686,0.90,99.89,56.04,10.33,167.17,0.929246230,-0.290099173,-0.187281318,-0.131413934,0.7223626,-0.8384631,0.9101872
seq-05/frame-000316,1,0.00882603,0.332341,1238,736,610,0.90,80.03,54.66,7.12,142.72,0.927044209,-0.288423833,-0.199335079,-0.132914460,0.7288624,-0.8453200,0.9098451
seq-05/frame-000317,1,0.00447254,0.110168,1539,921,764,0.96,87.52,62.77,17.01,168.26,0.924921380,-0.288750586,-0.204736230,-0.138660077,0.7341942,-0.8560235,0.9099811
seq-05/frame-000318,1,0.00595405,0.207893,1401,853,715,0.91,82.53,65.96,8.67,158.08,0.923488626,-0.289571644,-0.208581647,-0.140750549,0.7387735,-0.8597574,0.9102106
seq-05/frame-000319,1,0.00742105,0.320707,1033,587,477,0.97,79.37,42.00,5.76,128.11,0.919036050,-0.294479330,-0.221374825,-0.140170789,0.7482256,-0.8679945,0.9112406
seq-05/frame-000320,1,0.00745543,0.236450,1425,871,733,1.53,92.25,51.50,9.13,154.42,0.916219248,-0.294509920,-0.229263593,-0.145754592,0.7540436,-0.8711511,0.9156983
seq-05/frame-000321,1,0.00803684,0.261755,1364,781,611,1.22,80.23,59.14,10.94,151.53,0.914516289,-0.296353346,-0.229972222,-0.151484088,0.7598100,-0.8759143,0.9177603
seq-05/frame-000322,1,0.00788984,0.258152,1313,780,625,0.90,77.41,46.35,7.77,132.43,0.913030785,-0.296550115,-0.234650115,-0.152879493,0.7675840,-0.8823757,0.9189293
seq-05/frame-000323,1,0.00513913,0.180725,1337,791,646,0.89,77.51,59.57,9.35,147.33,0.910583730,-0.297309925,-0.240479560,-0.156887414,0.7752204,-0.8891779,0.9199353
seq-05/frame-000324,1,0.00841942,0.289343,1378,774,644,0.90,88.24,69.90,9.50,168.54,0.908474882,-0.299269940,-0.244132259,-0.159719540,0.7785152,-0.8904932,0.9207922
seq-05/frame-000325,1,0.00920083,0.281209,1516,828,665,0.92,84.24,75.43,18.82,179.41,0.905632315,-0.296977497,-0.254948840,-0.163204059,0.7883446,-0.9000687,0.9238198
seq-05/frame-000326,1,0.00952128,0.353149,1626,941,757,0.95,100.69,75.68,23.52,200.84,0.904667022,-0.294940302,-0.258221439,-0.167061326,0.7973569,-0.9058798,0.9197369
seq-05/frame-000327,1,0.01384155,0.553423,1115,644,487,0.88,80.68,37.93,6.55,126.05,0.903520852,-0.294672150,-0.261608351,-0.168462056,0.8008196,-0.9090110,0.9128336
seq-05/frame-000328,1,0.00626677,0.280337,1245,704,552,0.90,89.61,60.89,8.11,159.51,0.895877548,-0.295681949,-0.280519608,-0.176873838,0.8154233,-0.9274558,0.9134677
seq-05/frame-000329,1,0.00462752,0.258628,1316,753,601,0.97,85.71,67.90,16.83,171.41,0.892508145,-0.298382713,-0.286384312,-0.179947195,0.8218770,-0.9370685,0.9113781
seq-05/frame-000330,1,0.01005131,0.410935,1030,553,418,0.89,80.07,46.78,13.94,141.67,0.888385993,-0.295536142,-0.298730497,-0.184902154,0.8281079,-0.9452896,0.9042962
seq-05/frame-000331,1,0.00950126,0.360555,1144,621,478,0.88,88.52,57.07,12.68,159.15,0.885698090,-0.293826179,-0.306381289,-0.187977593,0.8337077,-0.9547708,0.8996061
seq-05/frame-000332,1,0.00743443,0.245718,1236,728,572,0.89,90.35,65.48,9.39,166.12,0.882958332,-0.294311279,-0.312798787,-0.189531985,0.8411369,-0.9653192,0.8955608
seq-05/frame-000333,1,0.00758153,0.332072,1119,653,492,7.50,72.15,64.15,19.83,163.63,0.877416099,-0.293448842,-0.327473944,-0.191806109,0.8538494,-0.9774285,0.8885733
seq-05/frame-000334,1,0.01012478,0.356826,1388,773,614,1.06,100.69,87.13,17.56,206.45,0.874507092,-0.292649820,-0.333558136,-0.195786615,0.8575553,-0.9841998,0.8845534
seq-05/frame-000335,1,0.00599422,0.241930,1364,804,633,0.92,125.02,72.20,10.67,208.81,0.870407202,-0.291293763,-0.343327862,-0.199161305,0.8713959,-1.0016826,0.8783205
seq-05/frame-000336,1,0.01106563,0.357998,1058,627,496,0.88,113.81,49.94,11.78,176.41,0.868871946,-0.290892248,-0.346741133,-0.200533857,0.8745605,-1.0075405,0.8638182
seq-05/frame-000337,1,0.00454018,0.190000,1539,914,726,2.74,133.25,73.42,14.29,223.70,0.860934090,-0.290795029,-0.362651351,-0.206675449,0.8901251,-1.0254478,0.8719249
seq-05/frame-000338,1,0.00516395,0.254634,1625,892,694,8.50,139.54,80.84,6.17,235.06,0.861077870,-0.286892771,-0.363997675,-0.209148590,0.8968990,-1.0309604,0.8654551
seq-05/frame-000339,1,0.01527087,0.688935,1058,482,353,4.28,98.24,58.80,19.07,180.39,0.857457157,-0.280708638,-0.379310521,-0.205166792,0.9115968,-1.0388572,0.8470597
seq-05/frame-000340,1,0.00473065,0.208196,1292,748,582,2.98,120.24,59.34,8.76,191.32,0.849244734,-0.275487837,-0.398248968,-0.210446176,0.9201509,-1.0605793,0.8418336
seq-05/frame-000341,1,0.00440062,0.197228,1844,1136,905,0.99,145.72,94.71,12.18,253.61,0.847786248,-0.271869418,-0.403746324,-0.210557362,0.9274744,-1.0612737,0.8387929
seq-05/frame-000342,1,0.00425936,0.180107,1531,947,777,4.46,127.21,74.57,9.19,215.44,0.845388861,-0.269904755,-0.407221287,-0.215962773,0.9368367,-1.0649110,0.8233931
seq-05/frame-000343,1,0.00513573,0.212468,1353,762,606,1.80,129.67,64.94,11.36,207.79,0.842201641,-0.269329469,-0.411550008,-0.220872414,0.9409849,-1.0681720,0.8135708
seq-05/frame-000344,1,0.00800670,0.285157,2128,1217,1000,1.01,110.71,83.17,10.52,205.42,0.835384077,-0.269563934,-0.420851072,-0.228808009,0.9519811,-1.0802316,0.8129569
seq-05/frame-000345,1,0.00663619,0.243341,1840,1151,951,1.60,111.95,65.81,11.87,191.24,0.833642233,-0.265206246,-0.422752775,-0.236614382,0.9650835,-1.0897399,0.8007283
seq-05/frame-000346,1,0.00425189,0.171235,1798,1072,875,1.49,102.51,75.49,9.22,188.73,0.831865043,-0.262749282,-0.425075688,-0.241400133,0.9720384,-1.0941816,0.7936460
seq-05/frame-000347,1,0.00622967,0.230475,1330,756,582,1.15,84.91,51.75,7.78,145.58,0.827348916,-0.261969251,-0.431361686,-0.246562321,0.9819534,-1.0971449,0.7756159
seq-05/frame-000348,1,0.00462244,0.211182,1475,923,770,0.96,92.50,61.60,10.64,165.70,0.823188516,-0.263816411,-0.437309394,-0.248036412,0.9913435,-1.1022685,0.7754400
seq-05/frame-000349,1,0.00501317,0.205213,1426,839,684,0.90,88.63,67.89,19.95,177.37,0.818011825,-0.266737024,-0.442107212,-0.253474315,1.0077252,-1.1100945,0.7656838
seq-05/frame-000350,1,0.00305360,0.165660,1598,940,766,1.09,114.28,79.84,10.29,205.51,0.810797726,-0.269451048,-0.449224043,-0.261153096,1.0199763,-1.1199247,0.7591224
seq-05/frame-000351,1,0.00451096,0.210283,1780,1065,876,1.56,99.28,86.11,8.70,195.65,0.805206476,-0.268458471,-0.455914839,-0.267795144,1.0336716,-1.1295915,0.7535329
seq-05/frame-000352,1,0.00454969,0.194665,1593,961,784,1.76,81.12,78.42,12.89,174.20,0.803110337,-0.268262571,-0.456836965,-0.272670070,1.0396988,-1.1309529,0.7474056
seq-05/frame-000353,1,0.00341682,0.187703,1540,914,769,1.39,90.15,78.74,12.89,183.24,0.796850498,-0.266798860,-0.463697464,-0.280770927,1.0496049,-1.1403449,0.7373934
seq-05/frame-000354,1,0.00534720,0.220441,1684,1021,835,0.92,97.70,88.57,9.83,197.02,0.791519714,-0.262304436,-0.468887952,-0.291267942,1.0643435,-1.1462532,0.7272408
seq-05/frame-000355,1,0.00298959,0.155698,1739,1023,842,1.62,113.45,81.35,10.63,207.06,0.788628143,-0.261648431,-0.470386439,-0.297224409,1.0698137,-1.1539347,0.7258729
seq-05/frame-000356,1,0.00518591,0.214267,1413,857,716,1.29,104.62,69.09,11.70,186.70,0.785667626,-0.259524470,-0.472698524,-0.303198838,1.0792550,-1.1568258,0.7134670
seq-05/frame-000357,1,0.00449748,0.192063,1321,807,650,0.95,98.78,64.39,8.16,172.27,0.778567558,-0.256980985,-0.483296574,-0.306949105,1.0925829,-1.1634107,0.7070352
seq-05/frame-000358,1,0.00645876,0.260771,1302,754,612,1.70,97.41,58.17,7.66,164.93,0.772360314,-0.253574388,-0.492440313,-0.310905311,1.1040385,-1.1683940,0.6994078
seq-05/frame-000359,1,0.00397223,0.172823,1207,747,607,1.47,97.03,59.75,15.98,174.23,0.766228341,-0.250837903,-0.501905235,-0.313154291,1.1153799,-1.1803893,0.6937149
seq-05/frame-000360,1,0.00514187,0.236428,1188,728,615,1.07,88.05,45.97,11.67,146.76,0.764019456,-0.249360796,-0.506455660,-0.312403790,1.1205158,-1.1826928,0.6886746
seq-05/frame-000361,1,0.00728941,0.273519,1066,584,460,1.11,80.75,41.52,7.77,131.16,0.758262716,-0.248484511,-0.516706743,-0.310334083,1.1349421,-1.1864957,0.6814895
seq-05/frame-000362,1,0.00448061,0.159858,1404,872,714,2.34,93.46,60.46,9.86,166.13,0.747898905,-0.248147514,-0.530929957,-0.311742555,1.1493680,-1.1987614,0.6876208
seq-05/frame-000363,1,0.00383170,0.182947,1571,959,783,1.57,96.34,69.32,8.64,175.87,0.744120955,-0.248188991,-0.535679750,-0.312623469,1.1557887,-1.2056679,0.6863168
seq-05/frame-000364,1,0.00725284,0.246366,1256,738,613,1.49,79.99,51.22,26.04,158.75,0.739233260,-0.242322533,-0.545503823,-0.311832578,1.1704570,-1.2071486,0.6856429
seq-05/frame-000365,1,0.00701881,0.280704,1461,869,706,0.92,74.71,61.17,6.73,143.53,0.734837386,-0.240628739,-0.552349732,-0.311482903,1.1810080,-1.2107840,0.6846803
seq-05/frame-000366,1,0.00519325,0.232851,1683,972,783,1.03,80.06,66.66,11.80,159.56,0.728855448,-0.240743408,-0.560921219,-0.310128577,1.1935069,-1.2190134,0.6928331
seq-05/frame-000367,1,0.00419209,0.150837,1627,885,720,0.97,84.81,74.21,6.37,166.35,0.726629138,-0.239536063,-0.564850389,-0.309154668,1.2026704,-1.2267486,0.7016825
seq-05/frame-000368,1,0.00534470,0.201907,1893,1030,824,1.21,99.43,77.26,12.35,190.26,0.726587245,-0.236105252,-0.568210034,-0.305716604,1.2182622,-1.2257867,0.7062471
seq-05/frame-000369,1,0.00902808,0.330766,1320,727,592,1.18,85.04,61.78,13.93,161.93,0.724441114,-0.232415500,-0.574414559,-0.302019903,1.2264058,-1.2213188,0.7068371
seq-05/frame-000370,1,0.00698121,0.210565,1594,903,716,0.90,83.58,65.41,15.37,165.27,0.719944122,-0.227204231,-0.581332118,-0.303499041,1.2408666,-1.2318751,0.7222050
seq-05/frame-000371,1,0.00464124,0.131133,1644,921,727,0.95,89.91,66.05,10.99,167.90,0.720831125,-0.222819856,-0.581899005,-0.303557820,1.2456755,-1.2338689,0.7248429
seq-05/frame-000372,1,0.00497614,0.171632,1869,1057,849,1.34,84.92,89.94,10.04,186.24,0.721519242,-0.217651753,-0.584221888,-0.301201733,1.2614784,-1.2312367,0.7314787
seq-05/frame-000373,1,0.00431803,0.131978,1809,1033,818,0.99,94.47,91.42,9.73,196.60,0.719009478,-0.213246410,-0.589459380,-0.300148259,1.2748535,-1.2282092,0.7379349
seq-05/frame-000374,1,0.00391716,0.148969,1558,866,685,0.93,82.24,96.85,10.79,190.81,0.717180716,-0.203959407,-0.593862494,-0.302290784,1.2852727,-1.2243344,0.7422020
seq-05/frame-000375,1,0.00544737,0.165437,1907,1067,871,0.98,111.26,100.30,6.41,218.95,0.715396568,-0.197893351,-0.598117650,-0.302160966,1.3052726,-1.2244660,0.7519100
seq-05/frame-000376,1,0.00512644,0.140473,1500,874,721,0.90,95.75,74.65,11.81,183.11,0.717701842,-0.195020877,-0.597700390,-0.299374628,1.3156302,-1.2239020,0.7552114
seq-05/frame-000377,1,0.00359308,0.158625,1408,785,635,0.89,106.04,67.83,13.35,188.11,0.723234317,-0.185347217,-0.597142995,-0.293255479,1.3342155,-1.2190754,0.7635675
seq-05/frame-000378,1,0.00353876,0.147199,1363,766,586,0.88,101.30,82.88,14.40,199.47,0.729271334,-0.180908333,-0.595338015,-0.284619296,1.3454356,-1.2123788,0.7707947
seq-05/frame-000379,1,0.00529189,0.160201,1871,1069,878,0.97,94.01,96.28,9.47,200.73,0.734003207,-0.166644900,-0.598618218,-0.274089399,1.3743295,-1.1966967,0.7773517
seq-05/frame-000380,1,0.00401982,0.155705,1268,725,566,3.13,99.64,73.65,10.93,187.36,0.738058522,-0.162544117,-0.597520992,-0.267988230,1.3873500,-1.1952163,0.7872809
seq-05/frame-000381,1,0.00672525,0.220629,1327,749,616,0.89,100.20,59.83,11.06,171.98,0.747249327,-0.155885286,-0.590461592,-0.262055966,1.4070888,-1.1866347,0.7901004
seq-05/frame-000382,1,0.00648494,0.157831,1430,865,719,1.68,106.18,71.10,17.93,196.90,0.755048231,-0.153088796,-0.585259378,-0.252858559,1.4158361,-1.1819722,0.7947647
seq-05/frame-000383,1,0.00355530,0.139918,1770,1059,869,1.07,107.95,77.75,9.97,196.75,0.762543094,-0.152165792,-0.579820461,-0.243273169,1.4246199,-1.1705743,0.7993809
seq-05/frame-000384,1,0.00550668,0.181307,2055,1226,1008,0.98,112.17,89.32,9.26,211.74,0.766028337,-0.150924865,-0.576713299,-0.240466303,1.4361102,-1.1608222,0.8005679
seq-05/frame-000385,1,0.00396875,0.133136,2129,1289,1069,1.99,109.42,98.90,9.56,219.88,0.767994524,-0.152127559,-0.574100544,-0.239687678,1.4391374,-1.1550392,0.8036260
seq-05/frame-000386,1,0.00771950,0.239171,1401,827,684,1.56,97.70,69.41,12.19,180.86,0.774777360,-0.152952301,-0.566062540,-0.236429348,1.4472479,-1.1484559,0.8074899
seq-05/frame-000387,1,0.00539276,0.082099,1928,1189,977,1.36,122.83,94.37,14.87,233.43,0.781403130,-0.154570148,-0.559270287,-0.229638767,1.4466500,-1.1428650,0.8104568
seq-05/frame-000388,1,0.00869968,0.230210,1518,961,799,1.28,93.39,71.00,13.86,179.53,0.786990036,-0.150245757,-0.554624466,-0.224643265,1.4536254,-1.1313259,0.8098676
seq-05/frame-000389,1,0.00828560,0.252212,1480,898,744,0.96,98.31,80.78,17.50,197.55,0.794829052,-0.144672176,-0.547662576,-0.217675086,1.4578337,-1.1224014,0.8059097
seq-05/frame-000390,1,0.00389431,0.035626,1312,759,608,0.85,83.87,61.55,7.10,153.37,0.803644067,-0.141324273,-0.539269829,-0.208258770,1.4636138,-1.1199485,0.8035609
seq-05/frame-000391,1,0.00835225,0.235543,1892,1202,1048,0.97,113.86,101.09,13.65,229.58,0.816661125,-0.132565249,-0.525949397,-0.197150433,1.4721167,-1.0951704,0.7829455
seq-05/frame-000392,1,0.00921943,0.263752,1195,656,518,0.87,74.59,58.26,8.13,141.85,0.825182547,-0.130669407,-0.516250127,-0.188374828,1.4733859,-1.0885124,0.7774494
seq-05/frame-000393,1,0.00804818,0.167477,2017,1332,1132,1.59,109.80,76.28,11.76,199.44,0.835379428,-0.127416136,-0.504197659,-0.178019828,1.4843361,-1.0743678,0.7610758
seq-05/frame-000394,1,0.00611598,0.147387,2277,1518,1319,1.51,110.61,90.24,8.13,210.50,0.838610825,-0.127285436,-0.500984437,-0.171886286,1.4868322,-1.0609893,0.7536730
seq-05/frame-000395,1,0.00682457,0.182847,1973,1202,1031,0.93,114.66,85.44,24.56,225.60,0.843005378,-0.127102964,-0.494351354,-0.169715962,1.4890515,-1.0464400,0.7348606
seq-05/frame-000396,1,0.00770444,0.167306,1748,1138,983,1.13,106.76,65.80,8.89,182.59,0.846033742,-0.130243782,-0.489229869,-0.167085608,1.4858880,-1.0373416,0.7315570
seq-05/frame-000397,1,0.00764764,0.194283,1754,1108,971,0.94,106.87,81.78,20.98,210.58,0.853420815,-0.129925250,-0.478499147,-0.160719965,1.4847740,-1.0254682,0.7186825
seq-05/frame-000398,1,0.00572445,0.130305,2188,1512,1332,1.71,115.51,90.44,10.22,217.88,0.857758617,-0.133015388,-0.470995749,-0.157226160,1.4784504,-1.0058095,0.6953981
seq-05/frame-000399,1,0.00785473,0.140717,1436,884,753,0.93,95.40,60.66,12.54,169.53,0.861209369,-0.129951615,-0.465490969,-0.157318650,1.4744441,-0.9957306,0.6921941
seq-05/frame-000400,1,0.00617177,0.138364,2119,1409,1252,1.22,116.08,88.17,7.39,212.87,0.868173702,-0.129944538,-0.454613610,-0.150715978,1.4696421,-0.9854962,0.6762530
seq-05/frame-000401,1,0.00686962,0.118720,2162,1472,1329,1.37,102.83,94.41,12.81,211.43,0.870661567,-0.129855524,-0.450014509,-0.150242870,1.4696164,-0.9748715,0.6623952
seq-05/frame-000402,1,0.00547729,0.106379,2091,1460,1315,0.99,105.24,95.72,15.57,217.52,0.873268037,-0.131758025,-0.444736757,-0.149170965,1.4616113,-0.9646335,0.6517972
seq-05/frame-000403,1,0.00622710,0.144789,2056,1413,1278,0.98,94.17,81.22,17.70,194.07,0.875341573,-0.135291587,-0.440829700,-0.145404584,1.4578354,-0.9556449,0.6410169
seq-05/frame-000404,1,0.00589333,0.102072,2188,1390,1220,1.01,104.10,87.67,8.63,201.41,0.876589361,-0.139448434,-0.437725453,-0.143323601,1.4508719,-0.9509150,0.6352980
seq-05/frame-000405,1,0.00631982,0.098291,1530,999,866,0.90,80.24,64.66,8.96,154.76,0.880370292,-0.138030834,-0.431938659,-0.139013066,1.4448933,-0.9464237,0.6309713
seq-05/frame-000406,1,0.00655280,0.066671,1719,1083,939,0.96,93.76,62.31,8.10,165.13,0.887579004,-0.137753489,-0.419342973,-0.131829279,1.4405412,-0.9385658,0.6186952
seq-05/frame-000407,1,0.00562904,0.092635,2044,1300,1138,0.99,99.03,84.55,12.23,196.81,0.890834287,-0.135304259,-0.414783390,-0.126735037,1.4328183,-0.9293868,0.6065042
seq-05/frame-000408,1,0.00480366,0.111546,1775,1131,984,0.93,92.32,85.46,10.63,189.35,0.890043395,-0.140475639,-0.415840559,-0.123150230,1.4224646,-0.9168739,0.5968625
seq-05/frame-000409,1,0.00937216,0.204927,1662,1097,957,0.96,78.74,77.74,6.29,163.73,0.891724101,-0.141433597,-0.412175437,-0.122213237,1.4096174,-0.9142377,0.5989501
seq-05/frame-000410,1,0.00775534,0.187953,1995,1379,1233,0.98,79.19,81.41,11.37,172.97,0.895808746,-0.141766319,-0.405062762,-0.115555877,1.3946701,-0.9035438,0.5847255
seq-05/frame-000411,1,0.00596193,0.159757,1685,1078,951,0.92,78.72,75.31,12.88,167.83,0.896300756,-0.143957498,-0.403835163,-0.113306464,1.3837678,-0.8971190,0.5775302
seq-05/frame-000412,1,0.00666447,0.132018,1456,996,877,0.87,72.79,56.66,6.70,137.03,0.895710969,-0.147607056,-0.405220273,-0.108215278,1.3699605,-0.8842408,0.5672709
seq-05/frame-000413,1,0.00567740,0.099971,1496,936,805,1.79,91.32,58.42,11.74,163.28,0.895618549,-0.154133045,-0.403900951,-0.104758965,1.3456007,-0.8838462,0.5742469
seq-05/frame-000414,1,0.00325744,0.110534,1735,1260,1109,0.93,71.65,61.69,6.94,141.22,0.902100180,-0.154640775,-0.391021914,-0.096970919,1.3274058,-0.8690495,0.5609351
seq-05/frame-000415,1,0.00541376,0.132656,1600,1183,1055,0.93,75.21,49.40,8.15,133.70,0.904922530,-0.157244638,-0.384845759,-0.091011429,1.3112001,-0.8597678,0.5516013
seq-05/frame-000416,1,0.00572355,0.135981,1276,876,768,0.91,76.54,39.79,6.00,123.24,0.903680876,-0.165316658,-0.384581330,-0.090158067,1.2828111,-0.8551559,0.5449327
seq-05/frame-000417,1,0.00196343,0.081160,1420,1060,942,0.92,86.35,60.32,6.67,154.26,0.902644763,-0.165777251,-0.387311524,-0.087977939,1.2746587,-0.8496562,0.5430390
seq-05/frame-000418,1,0.00466350,0.135619,1845,1360,1209,0.96,90.95,68.31,10.18,170.41,0.901595502,-0.169251053,-0.389080644,-0.084237078,1.2576501,-0.8495751,0.5447337
seq-05/frame-000419,1,0.00204659,0.088036,1827,1338,1214,1.44,107.16,81.42,15.33,205.35,0.903431475,-0.168784368,-0.386151374,-0.078806878,1.2415202,-0.8448672,0.5371849
seq-05/frame-000420,1,0.00264427,0.046863,1377,1045,943,0.94,79.92,60.57,7.28,148.71,0.906479807,-0.167864923,-0.380609665,-0.072470752,1.2268901,-0.8423585,0.5353610
seq-05/frame-000421,1,0.00198516,0.070685,1648,1270,1149,1.15,83.14,67.26,10.43,161.99,0.908987425,-0.166839493,-0.375579725,-0.069615480,1.2212332,-0.8412065,0.5294367
seq-05/frame-000422,1,0.00322681,0.085142,1971,1465,1305,1.00,84.25,91.10,26.15,202.50,0.911635137,-0.164004992,-0.371163121,-0.065281527,1.2081236,-0.8363692,0.5176319
seq-05/frame-000423,1,0.00320256,0.101375,1656,1264,1151,1.31,86.88,71.83,17.70,177.72,0.914216348,-0.163146748,-0.365608588,-0.062625613,1.1934418,-0.8380023,0.5125652
seq-05/frame-000424,1,0.00374736,0.067198,1651,1307,1193,0.91,78.03,85.02,13.85,177.81,0.916562473,-0.160236928,-0.361301210,-0.060817722,1.1866164,-0.8359100,0.5059112
seq-05/frame-000425,1,0.00406576,0.112038,2003,1540,1387,1.44,89.03,95.41,8.23,194.11,0.919738072,-0.158359297,-0.354360871,-0.058588265,1.1771281,-0.8256189,0.4849150
seq-05/frame-000426,1,0.00316717,0.084834,2020,1557,1396,1.36,111.48,80.79,9.10,202.73,0.921191251,-0.158637159,-0.350138989,-0.060362397,1.1628196,-0.8177070,0.4704872
seq-05/frame-000427,1,0.00266224,0.021372,2029,1580,1418,1.38,119.77,87.78,10.76,219.68,0.922039185,-0.159241188,-0.347534419,-0.060875386,1.1526953,-0.8168368,0.4627010
seq-05/frame-000428,1,0.00218786,0.057030,2012,1515,1364,1.02,114.80,74.81,7.75,198.39,0.924852657,-0.157919484,-0.340905158,-0.059098835,1.1401357,-0.8107651,0.4476932
seq-05/frame-000429,1,0.00231976,0.104966,1847,1435,1311,1.34,95.36,76.09,11.14,183.92,0.927480526,-0.157831719,-0.334482463,-0.054685508,1.1251690,-0.8050994,0.4267419
seq-05/frame-000430,1,0.00393639,0.088348,1979,1505,1364,1.01,118.38,95.51,10.17,225.07,0.928743875,-0.155763294,-0.332307360,-0.052387312,1.1214392,-0.8011887,0.4148961
seq-05/frame-000431,1,0.00264680,0.051666,1962,1516,1354,1.02,105.09,85.33,13.54,204.98,0.931038203,-0.153579531,-0.327288899,-0.049630315,1.1099264,-0.7937302,0.3903734
seq-05/frame-000432,1,0.00465125,0.123760,1805,1356,1210,5.38,100.62,66.86,9.20,182.06,0.934429763,-0.154052916,-0.318005868,-0.044508265,1.1021627,-0.7897595,0.3656713
seq-05/frame-000433,1,0.00329850,0.071281,1845,1430,1286,2.92,92.21,68.06,10.54,173.73,0.936200173,-0.154884218,-0.312772831,-0.041391682,1.0944830,-0.7856072,0.3498096
seq-05/frame-000434,1,0.00437985,0.084171,1966,1473,1312,3.27,89.60,91.66,9.29,193.82,0.938740425,-0.156452574,-0.304754792,-0.037596839,1.0843218,-0.7838508,0.3248565
seq-05/frame-000435,1,0.00487636,0.093205,1936,1477,1313,1.02,83.78,79.46,7.99,172.25,0.940417870,-0.155752567,-0.300147170,-0.035595570,1.0793147,-0.7809204,0.3103669
seq-05/frame-000436,1,0.00135515,0.058880,1754,1324,1202,0.98,77.73,62.69,11.87,153.28,0.943351628,-0.156472088,-0.290896079,-0.031363415,1.0661108,-0.7758665,0.2809648
seq-05/frame-000437,1,0.00204971,0.048429,1760,1317,1219,0.97,74.70,63.33,9.98,148.99,0.944548295,-0.156604715,-0.287176988,-0.028859293,1.0611204,-0.7713767,0.2666786
seq-05/frame-000438,1,0.00254237,0.101736,1459,1105,996,0.89,83.56,56.79,7.14,148.38,0.946556873,-0.159253686,-0.279251017,-0.026214869,1.0525216,-0.7618890,0.2385929
seq-05/frame-000439,1,0.00355996,0.101147,1788,1346,1225,0.98,88.77,56.93,7.36,154.04,0.948381769,-0.161692701,-0.271609075,-0.025612500,1.0408396,-0.7622959,0.2154285
seq-05/frame-000440,1,0.00521087,0.142100,1834,1362,1213,0.99,85.15,62.21,7.29,155.64,0.949787249,-0.160838106,-0.267126764,-0.026049517,1.0356302,-0.7607768,0.2007658
seq-05/frame-000441,1,0.00314682,0.104365,1746,1286,1147,1.32,89.17,62.58,13.31,166.38,0.951847239,-0.157901467,-0.261287979,-0.027974136,1.0206813,-0.7550133,0.1705596
seq-05/frame-000442,1,0.00338485,0.112523,1783,1290,1147,0.98,90.87,67.35,8.24,167.45,0.952246399,-0.158352563,-0.259654854,-0.027029945,1.0157402,-0.7520419,0.1585186
seq-05/frame-000443,1,0.00290020,0.077930,1825,1331,1175,1.00,109.80,77.02,7.28,195.09,0.953564088,-0.156676786,-0.255937181,-0.025769657,1.0058433,-0.7478525,0.1356517
seq-05/frame-000444,1,0.00298119,0.113631,1452,1050,941,0.92,81.55,70.46,11.49,164.42,0.954645703,-0.156431913,-0.251974828,-0.026254978,0.9915343,-0.7366533,0.1120548
seq-05/frame-000445,1,0.00657093,0.194397,1309,929,819,0.89,75.16,58.30,14.17,148.51,0.954083528,-0.157027994,-0.253256369,-0.030463779,0.9848819,-0.7369252,0.1009174
seq-05/frame-000446,1,0.00493925,0.157471,1990,1441,1225,1.04,95.45,110.21,14.77,221.47,0.953632732,-0.159513449,-0.253289050,-0.031380411,0.9744048,-0.7346192,0.0873321
seq-05/frame-000447,1,0.00153727,0.075525,1856,1257,1087,1.00,81.22,92.64,12.49,187.35,0.954933066,-0.157814851,-0.249449368,-0.031182124,0.9581378,-0.7276399,0.0683867
seq-05/frame-000448,1,0.00454007,0.137646,1949,1376,1158,1.04,85.18,101.19,13.51,200.92,0.954968616,-0.159086224,-0.248631020,-0.030151821,0.9529915,-0.7291236,0.0619152
seq-05/frame-000449,1,0.00296640,0.099302,1848,1234,1068,1.00,86.03,85.06,12.06,184.16,0.956507730,-0.156592378,-0.244374478,-0.029204524,0.9395420,-0.7231178,0.0433936
seq-05/frame-000450,1,0.00437806,0.167071,1349,978,849,0.93,76.60,60.68,11.82,150.03,0.956655777,-0.155576563,-0.244365360,-0.029853435,0.9294604,-0.7205315,0.0326850
seq-05/frame-000451,1,0.00459164,0.115885,1843,1218,1032,0.99,96.32,81.06,11.98,190.36,0.955797130,-0.153908753,-0.248470320,-0.032038134,0.9182801,-0.7188638,0.0157943
seq-05/frame-000452,1,0.00285826,0.082382,1726,1127,964,0.94,89.80,72.31,8.41,171.46,0.957047488,-0.149861885,-0.246211020,-0.031331356,0.9004263,-0.7162096,-0.0020261
seq-05/frame-000453,1,0.00374579,0.113092,1245,858,737,1.46,90.84,63.02,13.84,169.16,0.956872398,-0.147965446,-0.248088188,-0.030881911,0.8829107,-0.7125873,-0.0239819
seq-05/frame-000454,1,0.00368938,0.118440,1306,881,769,0.93,74.64,52.98,7.22,135.77,0.956300832,-0.147052225,-0.250727745,-0.031622137,0.8740623,-0.7119602,-0.0329815
seq-05/frame-000455,1,0.00525898,0.133924,2043,1268,1061,1.03,106.45,77.54,11.87,196.89,0.955796758,-0.147511234,-0.252404214,-0.031386404,0.8683990,-0.7126249,-0.0489378
seq-05/frame-000456,1,0.00452416,0.143025,1868,1179,986,0.99,92.63,90.54,9.21,193.37,0.956764865,-0.146729675,-0.248998090,-0.032731421,0.8623622,-0.7130186,-0.0564085
seq-05/frame-000457,1,0.00576031,0.136338,1886,1218,1069,0.97,96.59,61.22,11.74,170.52,0.958515088,-0.146966302,-0.241299658,-0.037738684,0.8420720,-0.7145271,-0.0821886
seq-05/frame-000458,1,0.00474220,0.151527,1807,1190,1011,0.99,87.74,71.06,7.08,166.88,0.958909921,-0.148802379,-0.238359280,-0.039172291,0.8244340,-0.7153332,-0.0983327
seq-05/frame-000459,1,0.00685428,0.192343,1370,948,823,0.90,66.49,62.22,8.51,138.11,0.958805868,-0.150400694,-0.237469709,-0.040976536,0.8173707,-0.7140403,-0.1088937
seq-05/frame-000460,1,0.00567574,0.156593,1892,1245,1049,1.01,80.33,67.55,9.29,158.20,0.957826811,-0.157383682,-0.236753043,-0.041787249,0.7981699,-0.7205646,-0.1185551
seq-05/frame-000461,1,0.00721294,0.153502,1906,1223,1045,0.99,82.98,66.47,9.25,159.69,0.958080872,-0.158606708,-0.234776405,-0.042485233,0.7939799,-0.7236165,-0.1251303
seq-05/frame-000462,1,0.00648687,0.167500,1699,1133,964,0.98,89.33,63.68,7.87,161.86,0.960126406,-0.159312392,-0.226096061,-0.040711385,0.7823308,-0.7281988,-0.1343504
seq-05/frame-000463,1,0.00651449,0.131404,1932,1302,1098,1.02,83.54,75.35,10.50,170.41,0.962090337,-0.158961078,-0.217834835,-0.040762035,0.7651519,-0.7306500,-0.1517308
seq-05/frame-000464,1,0.00547696,0.152722,1635,1130,994,0.95,68.19,66.11,27.56,162.81,0.962109473,-0.158535822,-0.217723421,-0.042523713,0.7602926,-0.7271602,-0.1580596
seq-05/frame-000465,1,0.00625749,0.128957,1591,1115,957,0.94,105.15,66.51,6.67,179.27,0.960701627,-0.163589030,-0.217379155,-0.055111844,0.7504700,-0.7323900,-0.1722820
seq-05/frame-000466,1,0.00436311,0.129157,1675,1134,986,0.95,82.87,74.33,10.85,169.01,0.960662290,-0.163087779,-0.215758601,-0.063075880,0.7391141,-0.7393631,-0.1784082
seq-05/frame-000467,1,0.00471231,0.134042,1480,1026,875,0.92,79.65,48.50,8.19,137.26,0.961821551,-0.160457689,-0.211926418,-0.065113953,0.7352610,-0.7415796,-0.1851896
seq-05/frame-000468,1,0.00561513,0.126040,1882,1283,1095,0.99,89.80,71.40,9.83,172.02,0.963585006,-0.156504531,-0.207190226,-0.063894264,0.7289458,-0.7432757,-0.2029437
seq-05/frame-000469,1,0.00455668,0.126346,1711,1163,1008,0.96,73.41,80.90,11.31,166.59,0.964333015,-0.156779163,-0.204034713,-0.062064212,0.7288783,-0.7409932,-0.2105844
seq-05/frame-000470,1,0.00553623,0.122070,1891,1207,1042,0.99,103.48,78.05,9.18,191.69,0.965539868,-0.157195897,-0.199900353,-0.055335895,0.7207264,-0.7403080,-0.2260031
seq-05/frame-000471,1,0.00791874,0.213110,1796,1210,1046,0.98,95.30,67.63,11.76,175.68,0.965544405,-0.159535226,-0.199039942,-0.051532664,0.7220145,-0.7404523,-0.2320120
seq-05/frame-000472,1,0.00678283,0.180301,1521,1054,912,0.90,65.57,62.04,11.72,140.24,0.966001514,-0.160112022,-0.197409474,-0.047272774,0.7171017,-0.7327016,-0.2492513
seq-05/frame-000473,1,0.00896198,0.239814,1194,760,665,1.37,72.38,40.58,9.98,124.32,0.964723497,-0.167599507,-0.198274590,-0.043659673,0.7084438,-0.7295045,-0.2633893
seq-05/frame-000474,1,0.00664579,0.171177,1187,795,668,0.85,70.19,52.68,7.76,131.47,0.963515166,-0.170876066,-0.201181641,-0.044337825,0.7064672,-0.7264782,-0.2706255
seq-05/frame-000475,1,0.00604162,0.176729,1337,921,771,0.88,80.90,50.78,10.29,142.86,0.962295737,-0.177439188,-0.201692101,-0.042691278,0.7004749,-0.7212012,-0.2848162
seq-05/frame-000476,1,0.00920564,0.221778,1131,696,564,0.86,60.69,39.25,7.40,108.21,0.961330408,-0.182298854,-0.202241544,-0.041344082,0.7000414,-0.7188116,-0.2976317
seq-05/frame-000477,1,0.00933674,0.153742,1263,888,758,0.87,80.98,41.76,8.49,132.10,0.958528172,-0.193755614,-0.205417193,-0.038552334,0.6919885,-0.7262988,-0.3084344
seq-05/frame-000478,1,0.00536739,0.119349,1584,1057,903,0.91,107.40,66.28,16.03,190.63,0.957826890,-0.196773735,-0.205983243,-0.037664971,0.6908714,-0.7232032,-0.3125926
seq-05/frame-000479,1,0.00670217,0.098164,1688,1135,970,0.93,87.52,53.53,10.02,152.00,0.957712664,-0.201414194,-0.203117184,-0.031019099,0.6833095,-0.7259728,-0.3243230
seq-05/frame-000480,1,0.00545608,0.114890,1373,938,803,0.89,69.48,43.88,6.90,121.15,0.958258870,-0.200137788,-0.202529328,-0.025820048,0.6852271,-0.7264664,-0.3276666
seq-05/frame-000481,1,0.00461269,0.077850,1431,995,840,1.38,78.47,66.39,6.64,152.90,0.960587222,-0.199586789,-0.192454276,-0.019966337,0.6840146,-0.7209116,-0.3466397
seq-05/frame-000482,1,0.00513866,0.066813,1734,1136,960,0.93,87.13,77.68,19.77,185.51,0.961579907,-0.198460137,-0.188929459,-0.016831960,0.6813894,-0.7215145,-0.3549352
seq-05/frame-000483,1,0.00751940,0.156255,1652,1044,885,0.93,82.73,78.76,12.33,174.75,0.961965905,-0.198879673,-0.186643540,-0.015253252,0.6824474,-0.7185516,-0.3704573
seq-05/frame-000484,1,0.00572745,0.119247,1339,917,792,0.86,79.30,73.06,9.10,162.33,0.963235972,-0.196429437,-0.182809660,-0.013136471,0.6784146,-0.7161558,-0.3764184
seq-05/frame-000485,1,0.00609237,0.148515,1248,898,780,0.90,60.91,51.19,9.50,122.51,0.966092930,-0.189031942,-0.175577708,-0.010190354,0.6806560,-0.7119197,-0.3968658
seq-05/frame-000486,1,0.00526617,0.170249,1070,645,513,0.85,68.05,40.61,10.41,119.92,0.967697937,-0.186125829,-0.169737161,-0.010352465,0.6806607,-0.7111047,-0.4047733
seq-05/frame-000487,1,0.00660773,0.204753,1073,746,632,0.85,68.66,42.91,6.35,118.78,0.971761879,-0.177175732,-0.155586883,-0.008962878,0.6793249,-0.7105755,-0.4235414
seq-05/frame-000488,1,0.00793064,0.223481,1453,1008,863,0.89,69.07,59.99,11.75,141.70,0.973332272,-0.172953321,-0.150387683,-0.009745827,0.6746351,-0.7061745,-0.4338185
seq-05/frame-000489,1,0.00717910,0.185388,1358,952,790,0.90,69.57,56.15,7.16,133.79,0.974799854,-0.168446678,-0.145633301,-0.013487140,0.6726492,-0.7024288,-0.4471143
seq-05/frame-000490,1,0.00670977,0.220747,1463,964,787,0.88,86.84,60.18,12.39,160.29,0.976063658,-0.164203079,-0.141856683,-0.014620718,0.6667198,-0.6972470,-0.4523633
seq-05/frame-000491,1,0.00495500,0.183799,1146,699,587,0.83,65.15,66.62,8.36,140.97,0.978402348,-0.154418419,-0.136461195,-0.016190738,0.6615785,-0.6948782,-0.4599131
seq-05/frame-000492,1,0.00887838,0.261482,1278,799,662,1.90,100.22,63.06,11.38,176.56,0.979555365,-0.149290943,-0.133885310,-0.016069362,0.6631888,-0.6954299,-0.4663672
seq-05/frame-000493,1,0.00526972,0.185268,1429,904,748,0.87,91.09,78.10,13.80,183.87,0.981324070,-0.140963412,-0.130233203,-0.013103364,0.6536679,-0.6939926,-0.4728920
seq-05/frame-000494,1,0.00569701,0.139253,1390,850,697,0.92,72.79,80.66,9.48,163.85,0.981992527,-0.136973650,-0.129642732,-0.011029909,0.6518549,-0.6970856,-0.4761024
seq-05/frame-000495,1,0.00341125,0.097467,1867,1283,1102,0.97,88.82,92.56,9.83,192.18,0.982851376,-0.131215038,-0.129050920,-0.011473714,0.6492274,-0.6900952,-0.4844930
seq-05/frame-000496,1,0.00625724,0.158265,1930,1307,1113,0.99,119.59,81.35,25.40,227.33,0.982969729,-0.129759767,-0.129626626,-0.011395275,0.6515126,-0.6855826,-0.4874347
seq-05/frame-000497,1,0.00899560,0.208859,1824,1263,1091,0.99,98.69,91.74,11.21,202.63,0.983355834,-0.128559506,-0.128041621,-0.009439315,0.6475367,-0.6846580,-0.4881029
seq-05/frame-000498,1,0.00747255,0.144800,1745,1094,953,0.92,105.21,114.37,13.58,234.09,0.983509025,-0.127792983,-0.127684513,-0.008695756,0.6405911,-0.6825298,-0.4877886
seq-05/frame-000499,1,0.00801752,0.213369,1976,1308,1119,0.98,101.64,111.74,115.64,330.00,0.984242047,-0.121524821,-0.128166511,-0.008523892,0.6383218,-0.6822398,-0.4898605
seq-05/frame-000500,1,0.00736244,0.178705,1941,1344,1151,1.02,86.58,232.34,12.42,332.37,0.984644751,-0.120224109,-0.126246268,-0.009097120,0.6325665,-0.6792508,-0.4925416
seq-05/frame-000501,1,0.00720519,0.190263,1805,1241,1068,0.99,93.33,243.20,14.63,352.15,0.984781865,-0.121439414,-0.124070710,-0.007975310,0.6235983,-0.6726082,-0.4986585
seq-05/frame-000502,1,0.00856480,0.200985,1892,1266,1091,1.00,121.64,234.39,10.87,367.90,0.984809784,-0.122390602,-0.122907256,-0.008002292,0.6193000,-0.6741198,-0.4959487
seq-05/frame-000503,1,0.00496058,0.144267,1858,1265,1101,1.00,114.37,221.58,15.35,352.30,0.985472395,-0.122487088,-0.117483899,-0.006213278,0.6034694,-0.6691217,-0.4997418
seq-05/frame-000504,1,0.00465149,0.156388,1876,1208,1023,1.69,232.99,114.94,17.00,366.63,0.985713421,-0.122548105,-0.115491469,-0.003568378,0.5980313,-0.6668258,-0.5025499
seq-05/frame-000505,1,0.00746280,0.158267,1844,1191,1025,1.13,201.13,111.42,24.59,338.28,0.986040566,-0.123635530,-0.111526883,0.000107098,0.5848593,-0.6662946,-0.5081291
seq-05/frame-000506,1,0.00500856,0.159227,1772,1127,944,0.94,235.88,100.26,16.51,353.61,0.986473518,-0.122775580,-0.108482775,0.005257595,0.5774018,-0.6635586,-0.5098606
seq-05/frame-000507,1,0.00371239,0.130956,1822,1183,1003,1.00,236.65,92.21,18.56,348.43,0.987238970,-0.119644618,-0.104372944,0.012274755,0.5642504,-0.6565263,-0.5240410
seq-05/frame-000508,1,0.00471356,0.164401,1679,1106,945,1.03,205.90,67.43,10.92,285.29,0.987390505,-0.119027422,-0.103307539,0.014832964,0.5555206,-0.6492039,-0.5344853
seq-05/frame-000509,1,0.00770901,0.204450,1687,1102,934,1.19,125.96,82.84,10.41,220.40,0.986947994,-0.121414469,-0.104367591,0.017308690,0.5500268,-0.6556919,-0.5378915
seq-05/frame-000510,1,0.00576105,0.163175,1922,1227,1059,1.87,102.25,90.38,9.15,203.65,0.987470781,-0.119891137,-0.101407188,0.015625457,0.5349465,-0.6539023,-0.5482425
seq-05/frame-000511,1,0.00892705,0.254265,1830,1194,1056,0.98,93.97,75.88,11.38,182.22,0.987589700,-0.119644989,-0.100120859,0.018096234,0.5297935,-0.6508816,-0.5553609
seq-05/frame-000512,1,0.00716171,0.187576,1850,1152,993,1.33,108.27,74.12,39.02,222.75,0.988158254,-0.115631441,-0.098860614,0.019980338,0.5156557,-0.6532709,-0.5636502
seq-05/frame-000513,1,0.00371080,0.123739,1844,1233,1053,1.57,102.10,97.97,32.21,233.86,0.988843397,-0.113133130,-0.095028847,0.018951247,0.5087247,-0.6458931,-0.5726352
seq-05/frame-000514,1,0.00409231,0.135258,1993,1295,1123,1.00,93.29,74.68,10.51,179.49,0.989101124,-0.113398831,-0.091806617,0.019779225,0.5009657,-0.6445946,-0.5814181
seq-05/frame-000515,1,0.00934441,0.156753,1428,967,847,0.91,85.49,49.86,8.16,144.42,0.989517744,-0.113014395,-0.088473474,0.015963262,0.4957845,-0.6474845,-0.5897334
seq-05/frame-000516,1,0.00783055,0.200387,1128,698,558,0.87,73.55,48.53,7.62,130.56,0.990364449,-0.110639105,-0.082053368,0.014300057,0.4897428,-0.6486679,-0.5868731
seq-05/frame-000517,1,0.00464020,0.157945,1927,1303,1119,1.00,89.94,125.78,14.19,230.91,0.992129680,-0.102670877,-0.070302787,0.013960938,0.4691202,-0.6387022,-0.6125073
seq-05/frame-000518,1,0.00486749,0.192174,1854,1259,1090,0.97,98.55,127.61,14.40,241.53,0.992242870,-0.102001105,-0.069702460,0.013835771,0.4609212,-0.6350843,-0.6162495
seq-05/frame-000519,1,0.00354289,0.126849,1989,1370,1175,1.01,85.35,129.33,9.78,225.47,0.992545976,-0.100140281,-0.068482446,0.011600220,0.4470717,-0.6366840,-0.6263611
seq-05/frame-000520,1,0.00511941,0.157732,1938,1339,1163,1.00,143.92,85.97,14.96,245.85,0.992650684,-0.099754264,-0.067218838,0.013241379,0.4410758,-0.6353709,-0.6309904
seq-05/frame-000521,1,0.00490184,0.176283,1735,1185,1036,0.95,141.97,89.65,11.02,243.60,0.992782699,-0.098691639,-0.066419379,0.015196647,0.4309938,-0.6303524,-0.6368580
seq-05/frame-000522,1,0.00289028,0.165725,1309,905,767,0.95,129.12,64.97,14.20,209.24,0.992342981,-0.098421505,-0.072418698,0.018004117,0.4090552,-0.6293083,-0.6439656
seq-05/frame-000523,1,0.00384342,0.137719,1810,1270,1121,1.67,148.47,74.06,12.73,236.93,0.992160610,-0.097912433,-0.075749909,0.017100623,0.4067485,-0.6332320,-0.6416741
seq-05/frame-000524,1,0.00511733,0.138701,1837,1321,1161,0.98,144.48,73.06,12.52,231.04,0.992713760,-0.092312684,-0.075513669,0.017188492,0.3910129,-0.6294555,-0.6550177
seq-05/frame-000525,1,0.00774579,0.215663,1344,946,824,0.95,88.77,67.36,10.77,167.85,0.992662661,-0.091159560,-0.077367323,0.018029783,0.3801485,-0.6238363,-0.6586961
seq-05/frame-000526,1,0.00286226,0.084198,1484,1036,883,0.94,85.14,71.15,10.95,168.18,0.991877860,-0.092075098,-0.086264489,0.016091140,0.3631380,-0.6221929,-0.6656651
seq-05/frame-000527,1,0.00418216,0.115602,2019,1407,1247,0.99,96.64,87.48,8.89,194.01,0.991626936,-0.093038311,-0.088566856,0.013259110,0.3575750,-0.6269695,-0.6594093
seq-05/frame-000528,1,0.00519053,0.138874,2190,1516,1324,1.00,118.23,134.56,11.09,264.88,0.991826668,-0.090931514,-0.088924825,0.010183164,0.3555640,-0.6252981,-0.6603985
seq-05/frame-000529,1,0.00510827,0.143653,1924,1362,1224,0.95,94.42,72.70,7.75,175.82,0.992454292,-0.087280635,-0.085610401,0.009350315,0.3358410,-0.6163187,-0.6697344
seq-05/frame-000530,1,0.00364388,0.100479,1837,1299,1157,0.96,79.71,72.06,12.99,165.73,0.992271293,-0.088405383,-0.086506129,0.009942802,0.3257320,-0.6152681,-0.6694653
seq-05/frame-000531,1,0.00652843,0.126660,2147,1532,1369,1.01,100.58,113.03,14.51,229.14,0.992115484,-0.089813484,-0.087013323,0.008311825,0.3193522,-0.6173899,-0.6671336
seq-05/frame-000532,1,0.00859586,0.172214,2235,1538,1354,1.04,99.93,119.85,24.26,245.08,0.992285672,-0.090654757,-0.084123383,0.008609058,0.3115838,-0.6198076,-0.6657873
seq-05/frame-000533,1,0.00755323,0.129454,2140,1473,1300,1.03,102.95,112.75,12.30,229.03,0.992527224,-0.090092700,-0.081847388,0.008603465,0.3008931,-0.6188891,-0.6656654
seq-05/frame-000534,1,0.00726973,0.159826,2069,1454,1300,1.11,100.62,106.18,13.38,221.29,0.992431705,-0.090754519,-0.081617300,0.013473881,0.2867911,-0.6187800,-0.6610317
seq-05/frame-000535,1,0.00498604,0.091659,2192,1551,1382,1.04,104.19,114.03,13.58,232.85,0.992653953,-0.089167959,-0.080517863,0.014285572,0.2800837,-0.6160589,-0.6584378
seq-05/frame-000536,1,0.00424966,0.082201,2136,1481,1332,1.01,95.63,110.45,11.28,218.37,0.992982098,-0.087079538,-0.078120311,0.017347192,0.2645188,-0.6112639,-0.6565415
seq-05/frame-000537,1,0.00419744,0.071046,2077,1504,1329,1.02,95.11,123.37,10.90,230.40,0.993094487,-0.086495530,-0.076912928,0.019138063,0.2590146,-0.6144757,-0.6510707
seq-05/frame-000538,1,0.01055086,0.209960,2045,1474,1309,1.02,86.04,134.36,9.67,231.09,0.993986135,-0.081373471,-0.070584649,0.019690819,0.2400986,-0.6170055,-0.6512508
seq-05/frame-000539,1,0.00820134,0.172865,2032,1477,1325,1.33,116.31,116.53,17.74,251.90,0.994183232,-0.078922872,-0.069883414,0.022072389,0.2303643,-0.6094140,-0.6543756
seq-05/frame-000540,1,0.00655509,0.128482,1890,1374,1208,1.01,124.09,118.87,61.92,305.89,0.994136310,-0.078678777,-0.069956599,0.024672268,0.2193297,-0.6025830,-0.6556672
seq-05/frame-000541,1,0.00794345,0.167984,1866,1324,1192,0.95,134.21,321.51,12.35,469.02,0.993804722,-0.081964056,-0.069292827,0.028854339,0.2105331,-0.6089156,-0.6393375
seq-05/frame-000542,1,0.01129221,0.225444,1548,1041,921,2.22,116.06,116.66,17.13,252.07,0.994454645,-0.078469710,-0.063694879,0.029076203,0.2037202,-0.6048345,-0.6411523
seq-05/frame-000543,1,0.00511288,0.136302,1650,1051,894,3.40,117.35,282.26,23.73,426.74,0.994745056,-0.080893041,-0.054155134,0.031714537,0.1778881,-0.5889388,-0.6446225
seq-05/frame-000544,1,0.00680624,0.149050,1768,1267,1125,1.46,133.61,310.18,29.89,475.15,0.994365815,-0.085294599,-0.053848622,0.032585028,0.1676387,-0.5920700,-0.6404255
seq-05/frame-000545,1,0.00964245,0.193647,1927,1417,1281,2.75,131.67,321.66,12.68,468.76,0.994354205,-0.088395385,-0.051279980,0.028571567,0.1545021,-0.5940031,-0.6300998
seq-05/frame-000546,1,0.00518318,0.108187,2188,1553,1380,3.48,131.30,314.24,39.15,488.17,0.994548073,-0.088704535,-0.046813462,0.028533068,0.1428915,-0.5926228,-0.6256276
seq-05/frame-000547,1,0.00587445,0.134033,2160,1550,1383,1.04,322.39,269.67,13.13,606.23,0.994709385,-0.089662438,-0.043555522,0.024835525,0.1211413,-0.5909548,-0.6255016
seq-05/frame-000548,1,0.00555151,0.134438,2160,1513,1343,1.96,336.65,233.74,9.78,582.14,0.994617993,-0.091572691,-0.042127900,0.023973517,0.1145526,-0.5914520,-0.6212780
seq-05/frame-000549,1,0.00514936,0.123348,2132,1483,1307,1.05,459.59,169.93,21.19,651.76,0.994622548,-0.092343998,-0.040583194,0.023485704,0.1077942,-0.5912598,-0.6182747
seq-05/frame-000550,1,0.00626464,0.152678,2142,1490,1333,2.00,435.28,128.62,25.73,591.63,0.994561704,-0.094046388,-0.037672057,0.024147659,0.0881614,-0.5930939,-0.6127369
seq-05/frame-000551,1,0.00443781,0.105330,2263,1544,1370,2.08,404.05,186.93,49.63,642.69,0.994586746,-0.094263309,-0.036097622,0.024669714,0.0797303,-0.5907233,-0.6092407
seq-05/frame-000552,1,0.00695534,0.146391,2062,1444,1282,1.68,277.84,191.80,19.97,491.29,0.994498851,-0.096216509,-0.032418755,0.025757387,0.0628394,-0.5892113,-0.6059660
seq-05/frame-000553,1,0.00295190,0.076180,2060,1402,1231,1.03,236.31,168.33,38.48,444.16,0.994335141,-0.098346628,-0.030183660,0.026730405,0.0524174,-0.5868231,-0.6015124
seq-05/frame-000554,1,0.00918453,0.205212,2019,1375,1195,1.30,240.73,145.75,23.30,411.08,0.993965505,-0.103227660,-0.025643396,0.026814951,0.0335145,-0.5877786,-0.5957137
seq-05/frame-000555,1,0.00645715,0.152181,1985,1304,1174,1.74,242.70,147.25,27.15,418.88,0.993819030,-0.105089164,-0.022786218,0.027582438,0.0259123,-0.5846769,-0.5910158
seq-05/frame-000556,1,0.00364915,0.105365,1846,1288,1124,1.91,204.56,140.68,23.00,370.16,0.993708914,-0.106961500,-0.019558633,0.026819614,0.0170466,-0.5815823,-0.5854811
seq-05/frame-000557,1,0.00393705,0.067145,1681,1128,1008,0.96,131.45,139.86,7.82,280.10,0.993329242,-0.111935137,-0.012189342,0.024878966,-0.0048574,-0.5779403,-0.5812729
seq-05/frame-000558,1,0.00585074,0.128237,1755,1187,1062,0.93,160.23,125.48,12.53,299.18,0.993096793,-0.114315689,-0.008625520,0.024825049,-0.0123745,-0.5791005,-0.5765792
seq-05/frame-000559,1,0.00403221,0.114105,1799,1179,1033,1.22,150.78,74.49,17.30,243.79,0.992824846,-0.116333818,0.000222735,0.027662576,-0.0327005,-0.5770541,-0.5692399
seq-05/frame-000560,1,0.00394279,0.085393,1838,1232,1069,1.50,147.52,77.02,9.05,235.10,0.992752388,-0.116674208,0.004704343,0.028419970,-0.0449316,-0.5736704,-0.5682332
seq-05/frame-000561,1,0.00584925,0.096899,1761,1128,963,1.04,145.63,79.16,17.62,243.46,0.991983945,-0.121821808,0.010302497,0.031955581,-0.0666511,-0.5712477,-0.5635217
seq-05/frame-000562,1,0.00611435,0.129321,1855,1178,1014,1.20,160.47,129.78,11.12,302.58,0.991575867,-0.123834407,0.013566462,0.035472391,-0.0771470,-0.5706344,-0.5579825
seq-05/frame-000563,1,0.00561449,0.132596,1840,1168,1013,0.97,119.48,80.40,7.09,207.95,0.991202554,-0.125337820,0.015855525,0.039452886,-0.0846032,-0.5709249,-0.5544946
seq-05/frame-000564,1,0.00352947,0.078093,1930,1165,969,1.01,138.30,88.49,6.40,234.20,0.990926031,-0.125537744,0.019172509,0.044026032,-0.1035853,-0.5693434,-0.5473496
seq-05/frame-000565,1,0.00325561,0.075655,1892,1161,982,1.00,145.67,103.47,10.01,260.15,0.990781918,-0.126331053,0.022013943,0.043669689,-0.1113483,-0.5693121,-0.5419841
seq-05/frame-000566,1,0.00519182,0.123036,1665,1064,908,0.96,115.22,71.50,10.05,197.74,0.990491223,-0.126284187,0.027620342,0.047080337,-0.1368264,-0.5696650,-0.5408943
seq-05/frame-000567,1,0.00377808,0.055704,1388,901,777,0.94,77.11,52.70,9.92,140.68,0.990401752,-0.126402106,0.026862330,0.049043774,-0.1477908,-0.5695604,-0.5365322
seq-05/frame-000568,1,0.00234965,0.067419,1938,1159,960,1.03,96.67,82.90,18.07,198.68,0.990546817,-0.125971382,0.025275397,0.048055892,-0.1602996,-0.5680542,-0.5288571
seq-05/frame-000569,1,0.00422247,0.088175,1877,1182,995,0.99,101.57,95.60,11.67,209.83,0.990477295,-0.125992110,0.027175755,0.048396230,-0.1703357,-0.5719035,-0.5249037
seq-05/frame-000570,1,0.00571932,0.077137,1682,1016,854,1.02,94.54,91.77,7.58,194.91,0.990530886,-0.125468586,0.028780949,0.047726877,-0.1925263,-0.5675477,-0.5237434
seq-05/frame-000571,1,0.00379926,0.043632,1831,1057,851,0.94,112.50,103.91,8.84,226.19,0.990340685,-0.127406603,0.028266528,0.046838964,-0.1994625,-0.5640965,-0.5199782
seq-05/frame-000572,1,0.00386332,0.082704,1774,1094,895,0.96,105.90,111.92,15.03,233.81,0.989501678,-0.132732196,0.031493009,0.047715650,-0.2136468,-0.5633180,-0.5080119
seq-05/frame-000573,1,0.00242663,0.058707,1696,971,785,1.11,99.07,112.69,19.98,232.84,0.989191419,-0.135151198,0.033104286,0.046244967,-0.2211902,-0.5613729,-0.5033352
seq-05/frame-000574,1,0.00440215,0.067080,1869,1024,803,0.99,109.60,130.73,9.66,250.98,0.988556531,-0.138770383,0.037403323,0.045823103,-0.2378209,-0.5600297,-0.4910578
seq-05/frame-000575,1,0.00613165,0.131557,1785,994,787,1.25,117.96,120.20,14.22,253.64,0.988255859,-0.140296375,0.039818209,0.045626682,-0.2446124,-0.5588577,-0.4876335
seq-05/frame-000576,1,0.00636919,0.039147,1796,966,762,0.97,120.69,130.21,14.57,266.45,0.987584245,-0.144001106,0.043274631,0.045479076,-0.2622750,-0.5584910,-0.4740106
seq-05/frame-000577,1,0.00345929,0.038100,1682,902,699,0.94,163.63,107.93,18.22,290.72,0.987361504,-0.145070179,0.043019817,0.047129596,-0.2698111,-0.5555991,-0.4650163
seq-05/frame-000578,1,0.00509932,0.097637,1884,988,751,0.98,138.84,94.36,17.33,251.51,0.986904277,-0.146490049,0.043554397,0.051610352,-0.2796295,-0.5565754,-0.4461515
seq-05/frame-000579,1,0.00233644,0.098024,1740,923,732,0.97,126.23,133.40,13.21,273.81,0.986985907,-0.145025904,0.045224872,0.052735352,-0.2806443,-0.5529262,-0.4374789
seq-05/frame-000580,1,0.00239075,0.083443,1687,892,685,0.93,138.04,114.84,18.91,272.72,0.986234271,-0.146990326,0.052888648,0.054208828,-0.2985906,-0.5491630,-0.4252962
seq-05/frame-000581,1,0.00636024,0.047548,1665,877,678,0.97,129.26,112.81,11.41,254.44,0.985623436,-0.150191269,0.053611466,0.055810714,-0.3062056,-0.5508711,-0.4186218
seq-05/frame-000582,1,0.00379658,0.056211,1823,939,704,0.97,129.80,122.44,10.58,263.80,0.984753173,-0.154000679,0.053487649,0.060696379,-0.3089955,-0.5505376,-0.3942843
seq-05/frame-000583,1,0.00160807,0.096699,1351,726,567,0.94,108.65,99.90,15.82,225.31,0.984594770,-0.153049553,0.057054708,0.062399795,-0.3078961,-0.5486519,-0.3840311
seq-05/frame-000584,1,0.00298120,0.047069,1549,853,655,5.97,149.18,86.16,31.18,272.50,0.983257390,-0.156998746,0.063997019,0.066788320,-0.3244796,-0.5521445,-0.3667573
seq-05/frame-000585,1,0.00529432,0.054375,1598,825,641,4.57,145.03,86.97,14.79,251.37,0.983314041,-0.157713327,0.061662014,0.066466531,-0.3270674,-0.5570107,-0.3592235
seq-05/frame-000586,1,0.00292889,0.031694,1784,892,686,2.58,140.61,100.72,21.48,265.39,0.983080019,-0.158945420,0.062141225,0.066546957,-0.3276259,-0.5559470,-0.3386536
seq-05/frame-000587,1,0.00245232,0.115473,1746,883,670,0.98,171.81,125.98,14.63,313.39,0.982553064,-0.158897605,0.067043421,0.069614702,-0.3296730,-0.5574615,-0.3226832
seq-05/frame-000588,1,0.00283604,0.069041,1887,1045,827,1.49,185.36,132.86,21.39,341.10,0.981982301,-0.159713776,0.070869348,0.071970873,-0.3337147,-0.5605824,-0.3123710
seq-05/frame-000589,1,0.00356440,0.126407,1683,972,772,0.93,145.86,130.74,11.54,289.08,0.981383353,-0.162681218,0.071169735,0.073187463,-0.3427433,-0.5617868,-0.3008262
seq-05/frame-000590,1,0.00293020,0.055275,1900,1081,840,1.01,156.43,137.37,12.81,307.62,0.980916060,-0.165597617,0.070841524,0.073229721,-0.3437557,-0.5634169,-0.2901414
seq-05/frame-000591,1,0.00138592,0.081552,1814,1022,811,1.00,138.77,112.99,9.64,262.40,0.980156167,-0.166162381,0.076589151,0.076276165,-0.3461861,-0.5668418,-0.2719113
seq-05/frame-000592,1,0.00209817,0.052664,1876,1069,828,0.99,154.84,99.20,23.92,278.95,0.979748525,-0.167445705,0.079432427,0.075797453,-0.3524250,-0.5673606,-0.2685088
seq-05/frame-000593,1,0.00330562,0.077494,1834,1047,839,0.98,154.16,101.63,28.55,285.33,0.979249172,-0.169686689,0.079526997,0.077155316,-0.3616066,-0.5720887,-0.2525595
seq-05/frame-000594,1,0.00556617,0.092422,1836,1044,834,1.01,166.63,154.44,22.65,344.72,0.979236016,-0.170862381,0.079210729,0.075023542,-0.3653883,-0.5755110,-0.2445100
seq-05/frame-000595,1,0.00571206,0.109848,1881,1075,841,1.58,148.70,154.57,10.60,315.45,0.979418974,-0.169564405,0.079612097,0.075155174,-0.3751657,-0.5780870,-0.2281376
seq-05/frame-000596,1,0.00459615,0.101379,1906,1081,828,3.02,151.08,145.65,10.87,310.63,0.979558147,-0.169139722,0.080324324,0.073522745,-0.3811729,-0.5769950,-0.2181262
seq-05/frame-000597,1,0.00305247,0.067618,1848,1052,829,3.80,151.47,248.05,14.71,418.03,0.979898411,-0.166528488,0.082826191,0.072160848,-0.3900678,-0.5746440,-0.1982406
seq-05/frame-000598,1,0.00246023,0.079942,1896,1117,872,5.07,99.72,59.78,9.48,174.06,0.980148295,-0.164991128,0.084712605,0.070078683,-0.3947415,-0.5720634,-0.1917534
seq-05/frame-000599,1,0.00361571,0.075991,1761,1025,795,1.17,172.01,147.40,13.71,334.30,0.979542584,-0.167295448,0.089223338,0.067437047,-0.4107398,-0.5701320,-0.1722562
seq-05/frame-000600,1,0.00309275,0.055671,1946,1028,792,1.51,175.94,188.57,15.95,381.97,0.979736528,-0.167087984,0.088894948,0.065541055,-0.4140303,-0.5686006,-0.1620269
seq-05/frame-000601,1,0.00294684,0.089758,1618,938,744,0.94,302.28,132.99,13.78,450.00,0.978939038,-0.170107321,0.093624900,0.063057411,-0.4198830,-0.5629698,-0.1444221
seq-05/frame-000602,1,0.00470040,0.111040,1887,1046,810,1.16,198.68,162.46,24.25,386.56,0.978290345,-0.171770600,0.097910854,0.062099333,-0.4268779,-0.5632805,-0.1342732
seq-05/frame-000603,1,0.00432094,0.028151,1706,990,783,0.96,198.80,106.16,8.89,314.81,0.977143286,-0.177096550,0.101287978,0.059737399,-0.4376691,-0.5591399,-0.1157793
seq-05/frame-000604,1,0.00386831,0.071943,1925,1023,810,0.98,291.55,120.74,8.00,421.28,0.976726724,-0.179753065,0.102110296,0.057159693,-0.4423874,-0.5597017,-0.1029211
seq-05/frame-000605,1,0.00409710,0.110728,1864,1065,834,4.57,152.05,130.49,14.81,301.92,0.976365251,-0.181467071,0.105554532,0.051369635,-0.4507972,-0.5582209,-0.0864773
seq-05/frame-000606,1,0.00552166,0.099338,1813,1037,829,1.42,148.01,96.44,25.15,271.03,0.975549746,-0.182880401,0.109286462,0.053980757,-0.4585339,-0.5569935,-0.0785444
seq-05/frame-000607,1,0.00580842,0.108108,1926,1054,830,1.63,200.17,118.87,17.13,337.80,0.974842958,-0.184765607,0.111337958,0.056095789,-0.4634113,-0.5573238,-0.0684170
seq-05/frame-000608,1,0.00578387,0.072494,1803,1024,790,0.98,192.99,146.02,21.33,361.32,0.973506827,-0.187934614,0.116913824,0.057412507,-0.4713670,-0.5560014,-0.0519355
seq-05/frame-000609,1,0.00609868,0.088119,1928,984,745,1.03,152.83,149.74,25.37,328.97,0.972935643,-0.188539058,0.120844586,0.056972313,-0.4785048,-0.5559044,-0.0426029
seq-05/frame-000610,1,0.00548891,0.120949,1810,1067,849,0.99,130.39,229.37,13.74,374.49,0.971595144,-0.192097637,0.124148377,0.060733470,-0.4887174,-0.5566376,-0.0240786
seq-05/frame-000611,1,0.00590434,0.109371,1818,1018,807,0.98,125.68,214.14,23.94,364.74,0.971313689,-0.192357647,0.126020066,0.060557371,-0.4930622,-0.5575644,-0.0150176
seq-05/frame-000612,1,0.00579271,0.157676,1799,943,725,1.81,145.18,185.84,71.18,404.02,0.970314768,-0.192970665,0.133464041,0.058642330,-0.5029354,-0.5552485,-0.0009516
seq-05/frame-000613,1,0.00520619,0.053273,1848,976,753,3.15,138.71,184.19,64.09,390.14,0.969552281,-0.194763447,0.136185533,0.059068392,-0.5117754,-0.5549258,0.0096358
seq-05/frame-000614,1,0.00676316,0.089556,1823,937,742,2.14,160.87,164.26,14.81,342.08,0.969105544,-0.196230082,0.136847480,0.060008060,-0.5176108,-0.5559146,0.0185297
seq-05/frame-000615,1,0.00617583,0.005714,1915,964,739,3.65,170.83,193.46,8.73,376.67,0.968258927,-0.197178596,0.139469995,0.064369034,-0.5250214,-0.5535682,0.0364226
seq-05/frame-000616,1,0.00633521,0.072894,1939,1061,794,1.01,161.64,212.47,19.51,394.63,0.967799374,-0.197499084,0.141106257,0.066689635,-0.5291337,-0.5527894,0.0435558
seq-05/frame-000617,1,0.00479411,0.074710,1696,857,663,0.97,269.91,127.94,12.58,411.40,0.967240724,-0.199810646,0.141355945,0.067376446,-0.5387152,-0.5523123,0.0627342
seq-05/frame-000618,1,0.00441995,0.067207,1878,913,682,4.37,234.39,103.23,14.71,356.71,0.967281621,-0.200261731,0.140490980,0.067259121,-0.5422668,-0.5505727,0.0697014
seq-05/frame-000619,1,0.00423483,0.079717,1631,886,687,2.58,195.42,92.43,12.38,302.82,0.966877469,-0.201166141,0.141005497,0.069264662,-0.5472226,-0.5484273,0.0773702
seq-05/frame-000620,1,0.00435468,0.114271,1577,826,625,6.92,147.32,94.60,11.05,259.89,0.966251222,-0.207069217,0.136003911,0.070596393,-0.5519627,-0.5446607,0.0920435
seq-05/frame-000621,1,0.00237383,0.131781,1873,1039,797,1.20,140.51,108.60,10.54,260.85,0.965682541,-0.209850712,0.135617169,0.070907628,-0.5526792,-0.5440246,0.1022707
seq-05/frame-000622,1,0.00450791,0.106469,1987,1092,833,2.69,189.96,96.11,15.57,304.34,0.965238622,-0.212020646,0.136191936,0.069378707,-0.5556882,-0.5451379,0.1085728
seq-05/frame-000623,1,0.00342661,0.046214,2005,1059,797,1.07,159.25,92.10,8.43,260.84,0.964333657,-0.213494972,0.139697095,0.070464289,-0.5598933,-0.5425149,0.1230991
seq-05/frame-000624,1,0.00530220,0.090161,1987,1088,802,1.05,143.68,107.60,8.88,261.22,0.963725932,-0.214905587,0.140765031,0.072340325,-0.5609145,-0.5440678,0.1296014
seq-05/frame-000625,1,0.00361789,0.177917,1964,1069,799,1.06,168.28,94.24,9.55,273.13,0.963493341,-0.215610965,0.141143050,0.072602568,-0.5605480,-0.5418747,0.1369912
seq-05/frame-000626,1,0.00536104,0.124281,1953,1026,759,1.10,130.27,90.79,11.54,233.70,0.962271281,-0.218838596,0.144135520,0.073270755,-0.5628052,-0.5421159,0.1509971
seq-05/frame-000627,1,0.00494088,0.111187,2030,1025,739,1.34,116.56,107.19,22.21,247.30,0.961610096,-0.220434807,0.146038728,0.073397613,-0.5644036,-0.5425198,0.1596547
seq-05/frame-000628,1,0.00323549,0.166461,2041,1071,784,1.03,113.20,93.38,23.68,231.29,0.961326411,-0.221378640,0.146251985,0.073847047,-0.5623372,-0.5406417,0.1684845
seq-05/frame-000629,1,0.00413740,0.028599,2005,1048,752,1.03,104.72,87.29,10.48,203.52,0.961111283,-0.220823445,0.148571914,0.073678311,-0.5669922,-0.5415449,0.1847344
seq-05/frame-000630,1,0.00518129,0.164347,1930,993,735,1.04,124.54,121.49,11.92,259.00,0.961016249,-0.221152042,0.148251550,0.074572259,-0.5654036,-0.5431238,0.1920097
seq-05/frame-000631,1,0.00393303,0.175761,1961,1014,740,1.04,107.43,77.03,14.68,200.18,0.960986257,-0.220537028,0.149110018,0.075066868,-0.5658417,-0.5431873,0.2016131
seq-05/frame-000632,1,0.00503581,0.120825,1934,988,738,1.01,126.93,109.21,12.76,249.92,0.961127111,-0.220856098,0.148152889,0.074215785,-0.5666433,-0.5432947,0.2188982
seq-05/frame-000633,1,0.00619747,0.165478,2017,1046,762,1.01,98.07,102.68,9.89,211.66,0.961176867,-0.220879653,0.148060408,0.073683949,-0.5663485,-0.5447515,0.2269594
seq-05/frame-000634,1,0.00731291,0.140083,2052,1067,769,1.05,105.74,90.79,12.74,210.32,0.961271062,-0.220309506,0.148529723,0.073216038,-0.5658946,-0.5439417,0.2332125
seq-05/frame-000635,1,0.00646721,0.111453,1911,1026,745,1.02,93.78,89.06,18.64,202.50,0.960404847,-0.222589526,0.149708151,0.075258902,-0.5651759,-0.5444341,0.2531579
seq-05/frame-000636,1,0.00464234,0.086739,2049,1039,756,1.01,85.45,95.53,14.80,196.79,0.960710026,-0.221645869,0.149572841,0.074413174,-0.5642619,-0.5431502,0.2623929
seq-05/frame-000637,1,0.00452232,0.110092,2005,1065,763,1.12,89.76,138.46,11.57,240.91,0.960662591,-0.222529882,0.149194713,0.073135326,-0.5635937,-0.5430583,0.2700471
seq-05/frame-000638,1,0.00588494,0.077567,1940,1017,736,1.01,101.87,116.59,16.76,236.24,0.960362635,-0.224236014,0.148958276,0.072341220,-0.5636525,-0.5449577,0.2788570
seq-05/frame-000639,1,0.00546991,0.159557,1859,993,739,0.98,87.91,96.17,19.21,204.28,0.960925420,-0.223227983,0.147829284,0.070271669,-0.5617403,-0.5474348,0.2962349
seq-05/frame-000640,1,0.00631108,0.105730,2007,1085,798,1.01,99.89,146.89,7.55,255.34,0.961114651,-0.222605298,0.148162183,0.068945458,-0.5607052,-0.5482132,0.3024203
seq-05/frame-000641,1,0.00696080,0.148088,2004,1080,791,1.02,165.85,93.54,11.12,271.72,0.960882543,-0.222857569,0.149245322,0.069029532,-0.5626076,-0.5492189,0.3107003
seq-05/frame-000642,1,0.00498950,0.085589,1988,963,693,1.31,129.37,96.39,20.95,248.02,0.960889532,-0.223495051,0.148712720,0.068013210,-0.5592444,-0.5478107,0.3246448
seq-05/frame-000643,1,0.00531122,0.105107,1960,1023,747,1.24,124.18,107.88,17.75,251.05,0.960691348,-0.223933089,0.149741821,0.067108067,-0.5605180,-0.5485483,0.3326502
seq-05/frame-000644,1,0.00682499,0.153015,1925,973,698,1.50,108.32,76.11,9.68,195.61,0.960563207,-0.224155763,0.149810370,0.068039485,-0.5607935,-0.5504020,0.3384470
seq-05/frame-000645,1,0.00497352,0.097176,2019,1069,784,2.83,138.95,95.07,14.95,251.81,0.960625436,-0.223952762,0.149393541,0.068742285,-0.5604735,-0.5490257,0.3458487
seq-05/frame-000646,1,0.00473024,0.116869,1912,1032,764,2.26,111.57,78.94,21.02,213.80,0.960429130,-0.224368190,0.149522971,0.069840415,-0.5612145,-0.5499108,0.3531586
seq-05/frame-000647,1,0.00586938,0.120905,1790,986,739,0.99,115.16,83.19,9.37,208.71,0.960667251,-0.224356102,0.148258701,0.069297397,-0.5594909,-0.5538606,0.3654370
seq-05/frame-000648,1,0.00377050,0.092098,1897,933,696,1.36,123.22,104.41,25.91,254.90,0.961002560,-0.222538539,0.149005441,0.068906143,-0.5610413,-0.5524935,0.3719271
seq-05/frame-000649,1,0.00485987,0.138143,1939,973,713,1.01,120.85,100.52,34.69,257.08,0.961228743,-0.222326066,0.147955181,0.068699986,-0.5609950,-0.5551122,0.3769397
seq-05/frame-000650,1,0.00573769,0.118421,1698,925,692,0.97,116.24,100.66,24.84,242.72,0.961273205,-0.222310696,0.148414259,0.067119209,-0.5628984,-0.5574648,0.3825196
seq-05/frame-000651,1,0.00507893,0.112469,1657,936,687,0.96,104.83,80.13,13.98,199.90,0.962373003,-0.216974925,0.148993140,0.067536133,-0.5622610,-0.5603949,0.3919209
seq-05/frame-000652,1,0.00610180,0.230697,1815,955,686,1.61,110.18,100.68,19.30,231.77,0.962595994,-0.214445836,0.150524163,0.069024719,-0.5625206,-0.5623734,0.3947566
seq-05/frame-000653,1,0.00403582,0.133977,1935,988,708,1.01,108.87,125.33,12.75,247.97,0.962641726,-0.213009680,0.152811234,0.067797574,-0.5664072,-0.5615719,0.4013002
seq-05/frame-000654,1,0.00474341,0.134071,1971,997,723,1.02,142.81,100.68,10.33,254.83,0.962774386,-0.211917163,0.153029102,0.068838157,-0.5691420,-0.5649148,0.4108022
seq-05/frame-000655,1,0.00674370,0.254818,1668,842,601,0.98,113.33,105.51,13.82,233.64,0.962797784,-0.211122072,0.153159206,0.070641027,-0.5692536,-0.5698642,0.4167105
seq-05/frame-000656,1,0.00612625,0.136822,1899,1000,715,1.41,148.98,91.70,12.91,255.00,0.963416346,-0.208217064,0.153617696,0.069829812,-0.5693414,-0.5696073,0.4191975
seq-05/frame-000657,1,0.00636313,0.144987,1703,913,674,0.95,142.63,71.49,12.27,227.35,0.963301092,-0.205172291,0.157929464,0.070806926,-0.5705232,-0.5733718,0.4302267
seq-05/frame-000658,1,0.00570291,0.086792,1860,1015,723,1.00,262.12,100.11,9.99,373.22,0.963318903,-0.202620226,0.160867375,0.071298131,-0.5719088,-0.5728780,0.4334935
seq-05/frame-000659,1,0.00637244,0.138323,2048,1043,739,1.06,119.09,101.33,10.64,232.13,0.962769876,-0.201999968,0.164171037,0.072924952,-0.5730527,-0.5733136,0.4384847
seq-05/frame-000660,1,0.00452368,0.151687,2082,1058,743,1.04,107.96,102.92,14.62,226.56,0.962105494,-0.203068699,0.166185492,0.074151902,-0.5732530,-0.5730992,0.4469065
seq-05/frame-000661,1,0.00446715,0.142951,1586,870,638,0.92,99.62,86.50,10.94,197.97,0.961469018,-0.204631753,0.167537185,0.075063073,-0.5694888,-0.5781210,0.4607453
seq-05/frame-000662,1,0.00680290,0.213859,1455,813,605,1.38,93.21,90.23,9.50,194.31,0.961465772,-0.202656396,0.170348379,0.074130858,-0.5689949,-0.5817594,0.4660539
seq-05/frame-000663,1,0.00482050,0.113686,1652,863,644,0.96,114.68,61.99,5.91,183.55,0.961448924,-0.199153273,0.174970259,0.073070857,-0.5707328,-0.5791025,0.4714640
seq-05/frame-000664,1,0.00364154,0.090336,1975,1034,761,1.01,120.82,106.42,12.30,240.55,0.960651264,-0.196162175,0.181296931,0.076164116,-0.5725743,-0.5794050,0.4849982
seq-05/frame-000665,1,0.00325917,0.099190,1927,981,733,1.00,118.07,103.54,10.32,232.93,0.960050615,-0.196246115,0.183659852,0.077841746,-0.5724076,-0.5811513,0.4920110
seq-05/frame-000666,1,0.00539564,0.171045,1786,990,734,0.97,132.15,94.06,7.50,234.69,0.959494285,-0.195968538,0.185961185,0.079909238,-0.5723062,-0.5854572,0.4994628
seq-05/frame-000667,1,0.00445788,0.100021,1705,934,724,1.49,132.94,74.16,13.79,222.38,0.959459166,-0.193939153,0.187751587,0.081086714,-0.5712925,-0.5853106,0.5056518
seq-05/frame-000668,1,0.00507949,0.143021,1870,989,746,1.02,139.03,80.07,6.42,226.54,0.958116980,-0.192469035,0.194887242,0.083585202,-0.5738786,-0.5886835,0.5190028
seq-05/frame-000669,1,0.00321886,0.080131,1811,1006,743,1.07,127.97,65.27,12.85,207.17,0.957589777,-0.191721644,0.197109000,0.086096879,-0.5744481,-0.5895993,0.5273538
seq-05/frame-000670,1,0.00549389,0.198674,1848,1011,782,0.99,125.85,75.60,9.09,211.54,0.957231109,-0.191131689,0.198174590,0.088905078,-0.5729261,-0.5922834,0.5334033
seq-05/frame-000671,1,0.00566476,0.150695,1790,943,730,0.98,117.59,84.11,8.22,210.90,0.956808368,-0.190181585,0.200355560,0.090588966,-0.5708662,-0.5936339,0.5380107
seq-05/frame-000672,1,0.00361134,0.084504,1869,1034,786,1.04,105.66,75.56,9.62,191.88,0.955148761,-0.190842008,0.207445570,0.090755207,-0.5718351,-0.5958295,0.5538067
seq-05/frame-000673,1,0.00274464,0.073935,1872,1004,760,1.07,95.89,82.53,16.22,195.72,0.955039172,-0.190050749,0.208781935,0.090504119,-0.5702200,-0.5964423,0.5602154
seq-05/frame-000674,1,0.00320740,0.093893,1824,960,732,1.01,107.78,89.07,8.59,206.45,0.954003704,-0.190225894,0.213735750,0.089487826,-0.5713515,-0.5991640,0.5731423
seq-05/frame-000675,1,0.00226967,0.072562,1926,1021,762,1.02,117.16,76.92,18.46,213.58,0.953382417,-0.190147558,0.216345466,0.090002847,-0.5709266,-0.5987506,0.5797088
seq-05/frame-000676,1,0.00139491,0.086360,1848,1005,778,1.92,108.00,71.60,19.03,200.55,0.952342856,-0.191470708,0.219314712,0.091011595,-0.5713531,-0.6000454,0.5876518
seq-05/frame-000677,1,0.00404583,0.125362,1675,887,692,0.96,100.75,66.48,9.41,177.61,0.951596272,-0.191462074,0.221235555,0.094136278,-0.5722412,-0.6053674,0.5947860
seq-05/frame-000678,1,0.00296599,0.102370,1694,958,733,0.95,103.89,74.30,8.71,187.85,0.951474830,-0.187924497,0.223500931,0.097094622,-0.5687881,-0.6087546,0.6050358
seq-05/frame-000679,1,0.00209710,0.100303,1810,956,717,0.98,93.52,71.51,12.97,178.98,0.950471712,-0.187446804,0.227520324,0.098497319,-0.5700586,-0.6104518,0.6121345
seq-05/frame-000680,1,0.00332536,0.092561,1713,913,722,0.97,102.42,69.12,5.88,178.39,0.949667026,-0.187385661,0.230001480,0.100590625,-0.5733723,-0.6151970,0.6180001
seq-05/frame-000681,1,0.00312814,0.097290,1700,915,730,0.94,87.33,76.28,11.21,175.77,0.949331790,-0.185514704,0.231130058,0.104557847,-0.5725274,-0.6209170,0.6288006
seq-05/frame-000682,1,0.00207743,0.089274,1668,876,709,0.95,103.96,67.26,14.27,186.44,0.948955687,-0.184341205,0.233351338,0.105112217,-0.5748882,-0.6239374,0.6347943
seq-05/frame-000683,1,0.00411346,0.191420,1589,836,657,0.95,97.35,84.41,15.35,198.07,0.948818432,-0.183375711,0.234262794,0.106008844,-0.5763231,-0.6275402,0.6408458
seq-05/frame-000684,1,0.00288235,0.045305,1802,932,723,0.98,98.81,74.80,21.25,195.84,0.949434777,-0.179730080,0.233858801,0.107613959,-0.5761969,-0.6316135,0.6495230
seq-05/frame-000685,1,0.00270473,0.089379,1681,877,699,0.94,86.13,65.65,10.73,163.45,0.949384846,-0.179134943,0.234858290,0.106867534,-0.5761591,-0.6360371,0.6552272
seq-05/frame-000686,1,0.00420085,0.126405,1499,786,619,0.91,87.55,66.54,20.29,175.29,0.949367511,-0.177491120,0.236382088,0.106403670,-0.5767776,-0.6399285,0.6592584
seq-05/frame-000687,1,0.00074483,0.084589,1678,853,667,0.95,79.94,69.70,15.62,166.21,0.949872118,-0.172460096,0.238201636,0.106115294,-0.5814851,-0.6427596,0.6691738
seq-05/frame-000688,1,0.00284832,0.100822,1482,753,579,3.24,103.52,64.32,9.24,180.33,0.950359639,-0.171465402,0.236551735,0.107048812,-0.5801554,-0.6478095,0.6728041
seq-05/frame-000689,1,0.00515790,0.131153,1125,531,423,0.87,69.97,43.07,15.88,129.79,0.951903617,-0.166082537,0.236494547,0.101815632,-0.5800785,-0.6550305,0.6791189
seq-05/frame-000690,1,0.00459177,0.146489,1183,565,435,0.88,80.75,50.10,12.94,144.67,0.952677638,-0.161400612,0.237602767,0.099499175,-0.5807407,-0.6587688,0.6835564
seq-05/frame-000691,1,0.00308179,0.085706,1471,791,587,0.91,95.31,69.45,11.83,177.51,0.953444907,-0.156747238,0.238321872,0.097856002,-0.5831441,-0.6596134,0.6860492
seq-05/frame-000692,1,0.00369575,0.089524,1342,674,522,0.89,94.45,49.51,10.17,155.03,0.954444800,-0.149675716,0.238840703,0.097915384,-0.5824602,-0.6650053,0.6920289
seq-05/frame-000693,1,0.00452411,0.119451,1349,673,506,0.91,93.77,51.10,12.32,158.10,0.955006173,-0.146359236,0.239053487,0.096930971,-0.5811663,-0.6679020,0.6942084
seq-05/frame-000694,1,0.00463323,0.088046,1608,826,650,0.94,87.78,61.41,7.86,157.99,0.954852721,-0.139779913,0.244158644,0.095417051,-0.5836928,-0.6736448,0.6979298
seq-05/frame-000695,1,0.00402817,0.082545,1622,843,653,0.94,96.51,61.58,10.90,169.94,0.954956336,-0.137493948,0.245114767,0.095249993,-0.5846015,-0.6750529,0.7004548
seq-05/frame-000696,1,0.00321729,0.066531,1634,847,639,0.93,92.58,72.29,7.95,173.76,0.955281452,-0.132078504,0.247005578,0.094767401,-0.5815108,-0.6798277,0.7052379
seq-05/frame-000697,1,0.00412228,0.123350,1802,887,682,0.96,100.62,62.50,6.21,170.29,0.955044293,-0.130777098,0.248766531,0.094355505,-0.5821441,-0.6825798,0.7067296
seq-05/frame-000698,1,0.00423076,0.137308,1368,672,512,0.90,89.12,61.82,12.20,164.03,0.954956628,-0.125760363,0.251690698,0.094307804,-0.5806841,-0.6868872,0.7130616
seq-05/frame-000699,1,0.00452290,0.093900,1823,896,682,1.01,90.84,60.96,14.80,167.62,0.955129377,-0.123141770,0.252377763,0.094177715,-0.5811308,-0.6872938,0.7125726
seq-05/frame-000700,1,0.00382351,0.098964,1611,802,607,1.67,77.18,91.12,17.26,187.24,0.953996889,-0.122427732,0.256729370,0.094823080,-0.5775981,-0.6915954,0.7205130
seq-05/frame-000701,1,0.00454890,0.111958,1721,885,692,1.04,85.08,76.58,11.30,174.00,0.953823616,-0.120477487,0.258212738,0.095036135,-0.5773253,-0.6932486,0.7223792
seq-05/frame-000702,1,0.00484501,0.157772,1660,847,675,0.94,77.18,76.26,6.78,161.17,0.953416757,-0.119885101,0.260255242,0.094293476,-0.5771624,-0.6959869,0.7253030
seq-05/frame-000703,1,0.00479275,0.104792,1734,961,775,0.98,108.26,107.47,16.91,233.64,0.952574652,-0.116684864,0.264412592,0.095247864,-0.5753244,-0.6979209,0.7296442
seq-05/frame-000704,1,0.00535788,0.125359,1816,971,802,0.99,106.02,110.75,18.24,236.01,0.951866321,-0.116284080,0.267025188,0.095530466,-0.5752765,-0.7003754,0.7338918
seq-05/frame-000705,1,0.00464793,0.124169,1699,949,775,1.00,99.78,81.94,12.02,194.74,0.951220222,-0.116199142,0.269408052,0.095378981,-0.5750605,-0.7029304,0.7417259
seq-05/frame-000706,1,0.00508378,0.125569,1625,858,691,4.94,97.87,92.37,17.13,212.31,0.951249909,-0.115285846,0.269791209,0.095107774,-0.5733743,-0.7046993,0.7462779
seq-05/frame-000707,1,0.00521888,0.089197,1631,936,757,0.94,119.70,100.38,22.94,243.94,0.951160902,-0.112194525,0.271811435,0.093935455,-0.5697711,-0.7078467,0.7525188
seq-05/frame-000708,1,0.00540299,0.167639,1850,1051,825,0.97,111.27,119.24,16.89,248.38,0.950819561,-0.110802098,0.274093145,0.092401326,-0.5713911,-0.7088931,0.7554932
seq-05/frame-000709,1,0.00453956,0.116780,1788,1039,840,1.01,119.71,113.27,9.36,243.35,0.950356435,-0.110477060,0.275678080,0.092838901,-0.5702758,-0.7087527,0.7592649
seq-05/frame-000710,1,0.00675451,0.151173,1808,992,808,1.00,107.53,132.19,35.21,275.93,0.950130490,-0.110484567,0.276188496,0.093622255,-0.5691713,-0.7127223,0.7660610
seq-05/frame-000711,1,0.00503914,0.081524,1656,978,792,0.94,279.12,95.25,11.73,387.04,0.950089709,-0.110211252,0.276714140,0.092802526,-0.5632782,-0.7137150,0.7700485
seq-05/frame-000712,1,0.00550877,0.066736,1730,1031,859,0.94,108.71,157.95,13.34,280.96,0.949683702,-0.106697223,0.279920658,0.091438467,-0.5617652,-0.7168562,0.7780191
seq-05/frame-000713,1,0.00545619,0.082471,1789,1052,878,2.46,146.82,117.31,10.20,276.80,0.949439211,-0.104770111,0.281480853,0.091416289,-0.5607279,-0.7177806,0.7820120
seq-05/frame-000714,1,0.00569024,0.061031,1860,1098,905,2.30,191.53,97.47,6.88,298.18,0.949198949,-0.102263717,0.282563013,0.093389672,-0.5569901,-0.7210607,0.7860982
seq-05/frame-000715,1,0.00518349,0.063841,1748,1072,902,3.84,103.23,63.09,9.76,179.93,0.948637314,-0.101847980,0.284307041,0.094253606,-0.5549776,-0.7223750,0.7895812
seq-05/frame-000716,1,0.00452538,0.073700,1692,1004,832,0.93,150.96,95.42,8.65,255.95,0.947525209,-0.098331103,0.289546309,0.093219675,-0.5494365,-0.7272659,0.7972254
seq-05/frame-000717,1,0.00543341,0.076677,1891,1150,960,4.08,191.58,86.45,7.24,289.35,0.946605109,-0.096406222,0.292832178,0.094307600,-0.5513877,-0.7267718,0.7983439
seq-05/frame-000718,1,0.00441579,0.026014,1788,1094,942,3.10,167.93,99.67,9.35,280.05,0.945877721,-0.096049560,0.293796818,0.098859741,-0.5455834,-0.7291464,0.8084815
seq-05/frame-000719,1,0.00314016,0.078799,1702,1021,854,1.55,162.80,85.75,8.63,258.74,0.945486256,-0.095611168,0.295649258,0.097497487,-0.5437827,-0.7345867,0.8135468
seq-05/frame-000720,1,0.00494874,0.114760,1618,984,805,1.28,109.28,84.94,7.93,203.43,0.944726599,-0.094436697,0.298771864,0.096481791,-0.5427893,-0.7376600,0.8122723
seq-05/frame-000721,1,0.00653229,0.185769,2104,1208,1023,1.00,102.12,121.38,29.53,254.03,0.942791190,-0.091903002,0.304850237,0.098817725,-0.5393733,-0.7404120,0.8182773
seq-05/frame-000722,1,0.00694776,0.180252,2022,1215,1009,3.19,94.98,85.86,8.67,192.71,0.942014714,-0.092487256,0.306392703,0.100885569,-0.5404167,-0.7408157,0.8183828
seq-05/frame-000723,1,0.00542197,0.177261,1747,1056,878,0.93,76.88,101.57,15.63,195.03,0.940561599,-0.093378743,0.311165638,0.098996137,-0.5308449,-0.7478160,0.8312045
seq-05/frame-000724,1,0.00476038,0.120956,1988,1208,1029,2.19,112.34,108.34,13.21,236.08,0.939777927,-0.091543596,0.314309977,0.098216373,-0.5292713,-0.7459705,0.8329636
seq-05/frame-000725,1,0.00617430,0.180059,1841,1164,979,0.99,113.01,99.70,12.78,226.49,0.938003520,-0.091073225,0.319508396,0.098840524,-0.5237845,-0.7500459,0.8394990
seq-05/frame-000726,1,0.00737540,0.218435,1984,1238,1039,1.02,111.22,124.31,14.42,250.98,0.936983646,-0.090891647,0.321867492,0.101003336,-0.5218919,-0.7512899,0.8414382
seq-05/frame-000727,1,0.00395357,0.092480,1721,1091,893,0.94,104.61,72.22,39.30,217.07,0.934634238,-0.091833551,0.327661790,0.103262733,-0.5181045,-0.7503547,0.8483330
seq-05/frame-000728,1,0.00567201,0.193008,1977,1161,990,0.97,136.56,101.28,8.87,247.68,0.933428530,-0.092427141,0.329750877,0.106924101,-0.5129281,-0.7519016,0.8529150
seq-05/frame-000729,1,0.00857228,0.195865,1620,1059,889,0.90,78.08,91.11,28.55,198.64,0.932936427,-0.095981220,0.329554692,0.108678118,-0.5052061,-0.7516173,0.8522368
seq-05/frame-000730,1,0.00598965,0.134430,1771,1110,938,0.96,106.19,94.95,10.02,212.13,0.930933238,-0.098355965,0.333195264,0.112562543,-0.4991215,-0.7510841,0.8644985
seq-05/frame-000731,1,0.00426863,0.097945,1370,891,765,0.92,83.86,62.76,13.69,161.23,0.929436149,-0.101793627,0.335824048,0.114055741,-0.4889955,-0.7526898,0.8709199
seq-05/frame-000732,1,0.00378537,0.100695,1568,1029,860,0.94,94.40,109.92,7.94,213.20,0.927185140,-0.103450213,0.341166248,0.115027654,-0.4839791,-0.7507702,0.8793292
seq-05/frame-000733,1,0.00477228,0.090098,1756,1152,994,1.51,129.64,91.50,11.97,234.62,0.925342241,-0.105081070,0.344749634,0.117674957,-0.4716887,-0.7502444,0.8872978
seq-05/frame-000734,1,0.00503302,0.126124,1795,1112,942,0.97,128.31,73.91,6.34,209.54,0.924490361,-0.104887392,0.346280022,0.120026471,-0.4664260,-0.7490986,0.8917581
seq-05/frame-000735,1,0.00454798,0.085237,1857,1172,996,7.86,124.51,66.95,10.77,210.09,0.923677520,-0.105690974,0.347240852,0.122772340,-0.4629806,-0.7483622,0.8947421
seq-05/frame-000736,1,0.00356301,0.062338,1779,1173,1023,0.99,118.64,70.98,7.73,198.35,0.922744628,-0.106394609,0.347946175,0.127106247,-0.4518516,-0.7508044,0.9071821
seq-05/frame-000737,1,0.00386748,0.087750,1827,1161,999,1.72,102.64,79.75,7.11,191.22,0.922763021,-0.106785758,0.348075364,0.126288360,-0.4466888,-0.7528493,0.9099839
seq-05/frame-000738,1,0.00329240,0.063467,1744,1149,1018,1.07,114.70,65.29,9.10,190.17,0.922177411,-0.105759092,0.349113405,0.128544421,-0.4389518,-0.7510633,0.9188690
seq-05/frame-000739,1,0.00463227,0.104116,1832,1160,987,0.99,109.71,78.11,10.32,199.14,0.922756524,-0.106065469,0.347359728,0.128886509,-0.4342718,-0.7525037,0.9212840
seq-05/frame-000740,1,0.00380385,0.075724,1727,1129,959,0.99,116.65,82.48,15.83,215.95,0.922725324,-0.106671594,0.347371784,0.128576796,-0.4291307,-0.7529444,0.9247325
seq-05/frame-000741,1,0.00480433,0.095015,1827,1189,1017,1.05,108.45,83.19,9.34,202.03,0.922110650,-0.108024669,0.347584807,0.131253274,-0.4199543,-0.7510243,0.9297433
seq-05/frame-000742,1,0.00398287,0.051924,1811,1131,985,0.99,83.33,79.07,12.52,175.92,0.921993029,-0.109397354,0.347037217,0.132386716,-0.4143431,-0.7501212,0.9351597
seq-05/frame-000743,1,0.00317442,0.068417,1597,1066,940,0.94,91.57,76.30,16.60,185.42,0.922229917,-0.112405156,0.347733695,0.126247133,-0.4006804,-0.7519970,0.9447275
seq-05/frame-000744,1,0.00434806,0.086173,1716,1163,1013,0.97,99.97,61.14,19.20,181.29,0.921687158,-0.112266343,0.349070515,0.126644492,-0.4001261,-0.7496741,0.9471628
seq-05/frame-000745,1,0.00695309,0.188679,1657,1114,1001,0.96,107.61,79.47,7.16,195.20,0.922424804,-0.111855417,0.346956786,0.127443461,-0.3953612,-0.7462110,0.9487052
seq-05/frame-000746,1,0.00330126,0.103550,1547,1064,941,0.94,103.26,71.75,9.05,185.00,0.922850059,-0.114873253,0.346749916,0.122132710,-0.3816924,-0.7497436,0.9607673
seq-05/frame-000747,1,0.00447864,0.062584,1639,1131,991,1.60,96.17,66.78,10.14,174.69,0.923111766,-0.113288504,0.346921498,0.121143946,-0.3809411,-0.7473565,0.9604446
seq-05/frame-000748,1,0.00362118,0.074726,1668,1128,991,1.65,100.24,73.65,11.74,187.29,0.924091069,-0.115781740,0.345036531,0.116619370,-0.3689987,-0.7477135,0.9705611
seq-05/frame-000749,1,0.00433804,0.098035,1653,1119,977,1.06,96.53,101.49,19.41,218.50,0.924092994,-0.116743963,0.344902370,0.116040257,-0.3655921,-0.7482340,0.9731823
seq-05/frame-000750,1,0.00512679,0.091176,1638,1121,986,1.13,98.20,65.07,6.97,171.38,0.924449125,-0.117513588,0.344083407,0.114851994,-0.3605200,-0.7477153,0.9768501
seq-05/frame-000751,1,0.00299364,0.066724,1582,1107,978,2.19,100.25,65.04,9.78,177.27,0.924869593,-0.117867792,0.343258539,0.113564942,-0.3499837,-0.7475449,0.9852494
seq-05/frame-000752,1,0.00267643,0.072522,1468,1055,943,0.92,98.15,64.13,8.81,172.00,0.924415297,-0.120159244,0.344071438,0.112396440,-0.3429139,-0.7483076,0.9901960
seq-05/frame-000753,1,0.00569223,0.134616,1609,1119,992,0.98,81.83,69.05,8.11,159.97,0.924040737,-0.119292878,0.344808081,0.114128494,-0.3385839,-0.7447882,0.9904857
seq-05/frame-000754,1,0.00270335,0.045062,1514,1032,919,0.95,88.69,56.97,11.20,157.81,0.924233485,-0.123936894,0.343265162,0.112254801,-0.3281923,-0.7452554,1.0019167
seq-05/frame-000755,1,0.00137847,0.080126,1386,1005,890,0.93,92.44,66.34,11.78,171.50,0.923888687,-0.124816728,0.344688192,0.109729343,-0.3206424,-0.7452799,1.0099344
seq-05/frame-000756,1,0.00377349,0.143748,1589,1071,958,0.94,98.26,72.35,9.12,180.67,0.923958705,-0.126536916,0.344155820,0.108836996,-0.3103645,-0.7438049,1.0106380
seq-05/frame-000757,1,0.00208799,0.057591,1564,1086,962,0.96,89.85,66.50,8.55,165.86,0.923884368,-0.127142302,0.344530131,0.107570899,-0.3051991,-0.7408131,1.0155048
seq-05/frame-000758,1,0.00364337,0.092824,1597,1119,969,0.97,82.23,70.44,12.85,166.49,0.924152352,-0.127763068,0.344209472,0.105540834,-0.3002301,-0.7391351,1.0170369
seq-05/frame-000759,1,0.00132438,0.049452,1450,1034,950,0.92,73.56,67.91,11.30,153.68,0.926191924,-0.130610578,0.339007016,0.100914024,-0.2918481,-0.7351469,1.0216925
seq-05/frame-000760,1,0.00385169,0.136010,1615,1092,968,1.27,83.25,67.48,10.27,162.27,0.927372082,-0.132990218,0.335745976,0.097822606,-0.2864589,-0.7333903,1.0257984
seq-05/frame-000761,1,0.00149332,0.044892,1626,1098,968,0.96,98.91,84.92,9.67,194.46,0.927902752,-0.135347681,0.334157252,0.094954831,-0.2808364,-0.7344249,1.0337258
seq-05/frame-000762,1,0.00294210,0.065918,1526,1093,973,0.92,84.97,60.56,10.19,156.66,0.928126975,-0.139487236,0.333127746,0.090274774,-0.2680334,-0.7349476,1.0408987
seq-05/frame-000763,1,0.00233500,0.058139,1629,1081,949,1.83,106.26,132.20,31.43,271.72,0.927819999,-0.141141203,0.333428345,0.089748254,-0.2639267,-0.7337136,1.0432741
seq-05/frame-000764,1,0.00230510,0.102494,1492,1020,895,0.91,79.73,60.09,14.58,155.32,0.928167057,-0.143121485,0.331550745,0.089979210,-0.2576146,-0.7303430,1.0453877
seq-05/frame-000765,1,0.00182792,0.100418,1366,944,845,0.89,77.56,49.38,6.29,134.13,0.929329285,-0.148613239,0.325642505,0.090653977,-0.2483287,-0.7243587,1.0520364
seq-05/frame-000766,1,0.00194190,0.091968,1478,1033,922,0.92,74.84,57.56,12.20,145.52,0.930377047,-0.151685308,0.321846366,0.088346107,-0.2429382,-0.7234382,1.0579689
seq-05/frame-000767,1,0.00133368,0.044892,1628,1134,994,0.94,100.95,71.84,11.60,185.34,0.931054086,-0.153673893,0.319598763,0.085902582,-0.2384933,-0.7218305,1.0636275
seq-05/frame-000768,1,0.00156023,0.055058,1364,966,838,0.90,91.52,62.66,7.81,162.89,0.933820884,-0.155943671,0.311301701,0.082166780,-0.2315262,-0.7176207,1.0669334
seq-05/frame-000769,1,0.00263215,0.139597,1403,971,837,0.91,85.36,57.33,8.86,152.46,0.935013627,-0.156149953,0.307891305,0.081053404,-0.2288657,-0.7141627,1.0700763
seq-05/frame-000770,1,0.00162094,0.043938,1315,870,765,0.91,88.13,62.16,10.29,161.49,0.936616235,-0.156353993,0.303250286,0.079641205,-0.2254670,-0.7123191,1.0730646
seq-05/frame-000771,1,0.00217339,0.076190,1736,1122,980,1.31,82.26,84.22,7.00,174.80,0.939337505,-0.161132144,0.294054314,0.072204875,-0.2169311,-0.7164815,1.0767926
seq-05/frame-000772,1,0.00575836,0.242190,1694,1138,986,0.96,78.86,93.40,23.99,197.22,0.940317989,-0.160799136,0.291442650,0.070759446,-0.2125457,-0.7121679,1.0764151
seq-05/frame-000773,1,0.00164566,0.108480,1510,1003,889,1.40,92.34,81.25,13.73,188.72,0.941363771,-0.162056580,0.288148088,0.067398772,-0.2097907,-0.7112776,1.0811477
seq-05/frame-000774,1,0.00266951,0.055051,1667,1071,950,1.10,96.18,102.83,9.95,210.06,0.942594740,-0.164189811,0.284198753,0.061546178,-0.2011645,-0.7118304,1.0860415
seq-05/frame-000775,1,0.00584434,0.169957,1580,1050,926,1.09,107.20,83.93,10.65,202.88,0.943847321,-0.161393293,0.281552009,0.061910474,-0.1982241,-0.7100791,1.0794777
seq-05/frame-000776,1,0.00190482,0.060453,1394,957,829,0.91,104.74,68.78,10.28,184.71,0.944989165,-0.162568705,0.277361300,0.060312555,-0.1956208,-0.7103328,1.0806791
seq-05/frame-000777,1,0.00508900,0.118995,1722,1168,1018,2.69,110.30,74.84,15.24,203.08,0.946910617,-0.164505309,0.270583972,0.055521174,-0.1865519,-0.7124218,1.0827294
seq-05/frame-000778,1,0.00356997,0.132585,1699,1095,944,1.13,119.13,84.20,7.68,212.14,0.947649642,-0.164241728,0.268429288,0.054134359,-0.1836168,-0.7109620,1.0826871
seq-05/frame-000779,1,0.00496100,0.185427,1632,1037,904,2.17,107.72,89.38,10.33,209.60,0.948324726,-0.165148950,0.266168662,0.050599235,-0.1811317,-0.7116151,1.0843226
seq-05/frame-000780,1,0.00329665,0.064250,1696,1059,921,0.98,120.25,79.81,10.43,211.49,0.948066746,-0.166252280,0.267336939,0.045393671,-0.1735635,-0.7153076,1.0849284
seq-05/frame-000781,1,0.00337214,0.088638,1730,1103,952,0.96,110.93,83.77,12.33,208.00,0.948871641,-0.165555441,0.264967150,0.045015717,-0.1689985,-0.7138149,1.0801416
seq-05/frame-000782,1,0.00644902,0.196280,1673,1070,925,1.90,96.45,68.98,8.90,176.23,0.949749108,-0.165693254,0.261486551,0.046337459,-0.1647341,-0.7139580,1.0770300
seq-05/frame-000783,1,0.00580558,0.173444,1754,1044,912,1.34,101.62,81.57,14.34,198.87,0.950685202,-0.166523021,0.257764806,0.045000398,-0.1597483,-0.7135565,1.0777744
seq-05/frame-000784,1,0.00464586,0.208622,1618,1016,875,1.00,98.89,65.27,9.95,175.12,0.951346366,-0.166131302,0.255920595,0.042954987,-0.1593685,-0.7128878,1.0761970
seq-05/frame-000785,1,0.00444806,0.130098,1391,938,826,1.15,89.84,65.17,13.93,170.10,0.952514447,-0.168469726,0.250418490,0.040308312,-0.1540316,-0.7150093,1.0733064
seq-05/frame-000786,1,0.00557173,0.169028,1466,957,827,1.35,93.07,64.82,10.93,170.18,0.953579115,-0.170464075,0.245435638,0.037285621,-0.1511809,-0.7150378,1.0726906
seq-05/frame-000787,1,0.00670339,0.218557,1419,928,809,0.95,80.54,72.06,7.90,161.45,0.955522850,-0.172376524,0.237103325,0.032317656,-0.1473876,-0.7144214,1.0696529
seq-05/frame-000788,1,0.00358393,0.109375,1434,942,826,1.33,93.70,79.51,11.42,185.97,0.956292163,-0.174532226,0.232710187,0.029829029,-0.1452637,-0.7165981,1.0706769
seq-05/frame-000789,1,0.00962775,0.313146,1549,1023,900,1.30,107.06,79.20,12.91,200.48,0.957480935,-0.174616802,0.228011921,0.027382395,-0.1417242,-0.7151761,1.0678353
seq-05/frame-000790,1,0.00452950,0.159239,1349,850,753,0.91,90.18,80.43,10.21,181.74,0.958640265,-0.177390277,0.221266395,0.024139485,-0.1377239,-0.7182942,1.0662011
seq-05/frame-000791,1,0.00463667,0.166136,1103,721,625,0.89,85.75,56.71,14.98,158.33,0.959874420,-0.178421755,0.215012821,0.024005435,-0.1353949,-0.7181931,1.0623209
seq-05/frame-000792,1,0.00662483,0.237473,1207,794,689,1.25,77.47,66.76,10.02,155.49,0.960622238,-0.180564383,0.209818977,0.024029512,-0.1337123,-0.7204299,1.0619583
seq-05/frame-000793,1,0.00660043,0.239888,1201,805,719,0.88,102.02,57.51,8.94,169.35,0.961461939,-0.182312755,0.204460372,0.023429806,-0.1321187,-0.7206036,1.0598684
seq-05/frame-000794,1,0.00491820,0.141117,1622,1052,923,1.33,106.80,72.33,9.20,189.65,0.962277725,-0.187397212,0.196817814,0.012907846,-0.1317159,-0.7254951,1.0603796
seq-05/frame-000795,1,0.00581110,0.157576,1395,880,757,0.93,99.68,68.80,9.61,179.02,0.962995146,-0.187975836,0.192837488,0.010914982,-0.1292878,-0.7241847,1.0555105
seq-05/frame-000796,1,0.00411553,0.102801,1390,866,773,1.30,103.54,69.55,8.20,182.60,0.963562707,-0.189197405,0.188850499,0.009313423,-0.1285884,-0.7252945,1.0547281
seq-05/frame-000797,1,0.00451348,0.161720,1119,742,643,7.15,102.39,51.12,7.39,168.05,0.964927937,-0.190963205,0.179850047,0.010054425,-0.1253973,-0.7262167,1.0472745
seq-05/frame-000798,1,0.00444640,0.209051,1254,802,709,1.28,86.77,56.92,12.61,157.60,0.965549310,-0.192351164,0.174993281,0.009639069,-0.1269987,-0.7278170,1.0456661
seq-05/frame-000799,1,0.00626188,0.187231,1499,915,778,1.13,95.08,82.94,17.38,196.54,0.965552225,-0.196065899,0.170958581,0.006342482,-0.1254521,-0.7317185,1.0450224
seq-05/frame-000800,1,0.00535747,0.209381,1749,1101,946,1.28,118.84,94.90,14.24,229.27,0.965596320,-0.196377200,0.170426120,0.003831307,-0.1285054,-0.7285059,1.0428408
seq-05/frame-000801,1,0.00283765,0.076574,1509,921,795,1.25,96.38,74.03,15.51,187.18,0.966029136,-0.200301571,0.163279615,-0.002599161,-0.1258257,-0.7328136,1.0361140
seq-05/frame-000802,1,0.00218394,0.101143,1613,946,798,1.42,106.94,76.18,11.39,195.93,0.965966250,-0.202005318,0.161488772,-0.004942788,-0.1258733,-0.7325006,1.0346645
seq-05/frame-000803,1,0.00476165,0.128277,1497,886,771,0.89,97.05,65.70,9.63,173.27,0.965738674,-0.204367194,0.159867083,-0.005037689,-0.1235617,-0.7348342,1.0293707
seq-05/frame-000804,1,0.00483627,0.266689,1151,698,597,0.83,84.98,53.28,13.14,152.23,0.965956449,-0.206265125,0.156087325,-0.004425451,-0.1210210,-0.7322631,1.0228299
seq-05/frame-000805,1,0.00297062,0.152099,1104,680,578,1.57,87.05,54.39,9.97,152.98,0.965918760,-0.210697275,0.150259036,-0.005461591,-0.1182206,-0.7334206,1.0191441
seq-05/frame-000806,1,0.00353458,0.247362,1458,912,804,1.22,100.94,70.57,9.85,182.59,0.965371479,-0.216096863,0.145982244,-0.007016926,-0.1215306,-0.7298106,1.0149929
seq-05/frame-000807,1,0.00489751,0.284756,1213,755,656,1.15,96.44,60.87,7.20,165.66,0.965423146,-0.218827458,0.141391945,-0.009000643,-0.1206404,-0.7304930,1.0078629
seq-05/frame-000808,1,0.00186241,0.150305,1224,757,632,1.72,95.84,64.35,9.01,170.91,0.965695162,-0.220779126,0.136283544,-0.010780845,-0.1197481,-0.7280238,1.0040574
seq-05/frame-000809,1,0.00289807,0.192571,1497,891,764,1.38,91.91,67.04,7.72,168.04,0.966105166,-0.220916227,0.133009150,-0.012057945,-0.1218013,-0.7269432,1.0006591
seq-05/frame-000810,1,0.00288346,0.200964,1518,917,791,0.90,92.69,69.73,12.10,175.42,0.966110950,-0.222743340,0.129788656,-0.013036178,-0.1214204,-0.7312929,0.9964657
seq-05/frame-000811,1,0.00163756,0.093002,951,640,559,2.13,81.19,47.58,11.30,142.21,0.966980889,-0.227621154,0.112956932,-0.019424243,-0.1157733,-0.7347202,0.9797640
seq-05/frame-000812,1,0.00502877,0.232059,1002,617,542,1.55,79.94,38.49,11.63,131.61,0.966675258,-0.230753019,0.108405809,-0.023241570,-0.1204443,-0.7353083,0.9756226
seq-05/frame-000813,1,0.00305193,0.202818,920,573,493,2.17,77.41,39.82,7.05,126.45,0.966366696,-0.234471615,0.102489788,-0.025579550,-0.1200314,-0.7361901,0.9708178
seq-05/frame-000814,1,0.00306248,0.161759,968,595,512,0.82,82.16,44.92,12.71,140.60,0.966124747,-0.238120542,0.095154300,-0.029107386,-0.1180476,-0.7359554,0.9652803
seq-05/frame-000815,1,0.00421556,0.221555,839,546,461,1.07,73.34,42.71,7.54,124.65,0.965366371,-0.242751342,0.089575216,-0.033404124,-0.1207926,-0.7377769,0.9621711
seq-05/frame-000816,1,0.00459536,0.196494,978,580,493,0.81,80.21,42.63,12.15,135.80,0.964308015,-0.248413506,0.084380116,-0.035787961,-0.1232973,-0.7402155,0.9594651
seq-05/frame-000817,1,0.00174849,0.100737,1027,619,559,2.19,67.53,47.49,19.73,136.94,0.964539581,-0.249180546,0.079240006,-0.035964900,-0.1201546,-0.7332085,0.9520205
seq-05/frame-000818,1,0.00369297,0.201586,1133,737,629,0.86,79.83,57.73,11.31,149.74,0.964384467,-0.250838439,0.074590025,-0.038457851,-0.1209481,-0.7313756,0.9446733
seq-05/frame-000819,1,0.00264814,0.185277,1243,772,672,0.85,71.87,58.54,10.89,142.15,0.964333048,-0.253066198,0.067015886,-0.039091482,-0.1230927,-0.7305132,0.9352473
seq-05/frame-000820,1,0.00375668,0.186511,1123,676,585,0.83,78.57,54.71,11.20,145.31,0.963948500,-0.255214145,0.064504491,-0.038835562,-0.1227750,-0.7317595,0.9281704
seq-05/frame-000821,1,0.00253608,0.109357,956,637,554,1.48,88.75,36.67,8.72,135.62,0.963530328,-0.258118407,0.058916122,-0.038898394,-0.1148035,-0.7321493,0.9190773
seq-05/frame-000822,1,0.00091628,0.148728,1043,647,562,0.81,85.64,45.44,8.76,140.65,0.963236772,-0.259991911,0.055137066,-0.039230477,-0.1147972,-0.7276763,0.9163604
seq-05/frame-000823,1,0.00585751,0.327363,1162,673,582,1.45,96.23,57.93,7.48,163.08,0.962865452,-0.261803680,0.053046430,-0.039179482,-0.1180330,-0.7266805,0.9090734
seq-05/frame-000824,1,0.00352727,0.070504,914,589,500,0.85,82.54,44.11,8.77,136.27,0.961822547,-0.266598623,0.046802435,-0.040399193,-0.1080941,-0.7296752,0.9020167
seq-05/frame-000825,1,0.00486098,0.128081,970,575,485,0.91,80.78,42.97,8.80,133.47,0.961231277,-0.269163026,0.042025520,-0.042656219,-0.1068683,-0.7230784,0.8907320
seq-05/frame-000826,1,0.00491357,0.082051,1040,672,600,1.44,77.81,40.19,8.91,128.35,0.960559605,-0.271569334,0.041522907,-0.043025470,-0.1113161,-0.7195083,0.8861124
seq-05/frame-000827,1,0.01309695,0.451077,965,569,482,2.21,70.33,35.54,11.83,119.91,0.958928267,-0.277151441,0.040769124,-0.044514449,-0.1122820,-0.7228263,0.8831823
seq-05/frame-000828,1,0.00736332,0.229570,1302,807,695,0.88,77.33,52.11,12.70,143.03,0.958685628,-0.277982354,0.039838852,-0.045393209,-0.1087798,-0.7137983,0.8736198
seq-05/frame-000829,1,0.00798254,0.197472,1353,863,759,0.87,79.66,55.95,16.44,152.91,0.958858887,-0.277697138,0.037926917,-0.045116324,-0.1048802,-0.7086884,0.8671224
seq-05/frame-000830,1,0.00791412,0.224546,1343,830,721,1.33,84.15,61.42,13.16,160.07,0.958647886,-0.278648755,0.034105788,-0.046753586,-0.1039281,-0.7073284,0.8588123
seq-05/frame-000831,1,0.01004829,0.343906,1467,890,772,1.10,82.21,72.37,32.75,188.44,0.958301899,-0.280066987,0.031794083,-0.047000957,-0.1028189,-0.7061668,0.8515736
seq-05/frame-000832,1,0.00691977,0.109518,1133,692,575,0.84,74.79,50.60,10.21,136.44,0.958405971,-0.280009241,0.031788600,-0.045191867,-0.1070249,-0.7012917,0.8416558
seq-05/frame-000833,1,0.00621323,0.066361,1246,817,682,1.76,83.02,67.74,15.45,167.97,0.957219156,-0.284817021,0.025389749,-0.044340869,-0.1051154,-0.6932948,0.8299379
seq-05/frame-000834,1,0.00585144,0.148763,1161,735,603,0.85,85.53,66.13,11.46,163.97,0.956252563,-0.288130966,0.022641028,-0.045265504,-0.1026948,-0.6929410,0.8259518
seq-05/frame-000835,1,0.00733914,0.125893,1113,588,463,0.83,88.85,63.37,15.21,168.27,0.955130609,-0.291426985,0.022314778,-0.047936229,-0.1033232,-0.6895574,0.8196065
seq-05/frame-000836,1,0.00615683,0.101209,1639,935,768,1.20,91.47,113.73,12.29,218.69,0.954132111,-0.294651223,0.024149860,-0.047216061,-0.1056374,-0.6868683,0.8197472
seq-05/frame-000837,1,0.00602591,0.086331,1480,869,717,2.29,97.34,104.13,24.09,227.86,0.954284028,-0.294697398,0.022311394,-0.044694963,-0.1049263,-0.6842670,0.8172838
seq-05/frame-000838,1,0.00460299,0.032645,1634,941,753,0.93,113.83,110.20,18.19,243.16,0.954707626,-0.293727395,0.018987341,-0.043555096,-0.1034439,-0.6821432,0.8151457
seq-05/frame-000839,1,0.00484628,0.036944,1815,969,775,1.21,158.88,91.98,10.10,262.17,0.954844755,-0.293794297,0.017253980,-0.040727194,-0.1010204,-0.6822114,0.8114295
seq-05/frame-000840,1,0.00476670,0.152226,1598,930,762,0.91,119.47,69.36,6.96,196.71,0.955226377,-0.292868943,0.018001119,-0.038030390,-0.0996957,-0.6813261,0.8123471
seq-05/frame-000841,1,0.00449939,0.087033,1364,687,530,2.49,133.84,65.11,10.54,211.99,0.956020835,-0.290304230,0.017013940,-0.038185637,-0.0977664,-0.6858010,0.8104729
seq-05/frame-000842,1,0.00315662,0.055384,1492,852,688,1.19,99.00,98.95,7.21,206.35,0.957205049,-0.286410858,0.014465480,-0.038962338,-0.0939252,-0.6864633,0.8073425
seq-05/frame-000843,1,0.00346353,0.097665,1320,619,486,1.73,97.35,56.34,7.94,163.37,0.957965194,-0.283437989,0.012592209,-0.042509177,-0.0914313,-0.6893458,0.8053264
seq-05/frame-000844,1,0.00426467,0.099055,1147,613,478,7.67,119.68,55.69,8.30,191.34,0.959062067,-0.279415183,0.012276809,-0.044456570,-0.0921684,-0.6923850,0.8027696
seq-05/frame-000845,1,0.00305620,0.181439,1015,592,487,1.68,127.70,50.07,7.72,187.18,0.960976126,-0.273312510,0.010375249,-0.041442866,-0.0911552,-0.6924214,0.8011797
seq-05/frame-000846,1,0.00549226,0.076789,1226,727,598,0.88,101.74,64.81,10.42,177.85,0.962115377,-0.269699450,0.004609528,-0.039685768,-0.0884255,-0.6971812,0.7919404
seq-05/frame-000847,1,0.00731028,0.221900,1134,607,477,0.88,96.51,62.76,9.39,169.54,0.963206743,-0.265746047,-0.004809875,-0.039858170,-0.0819300,-0.7011384,0.7856221
seq-05/frame-000848,1,0.00587060,0.048958,1204,719,586,0.87,101.23,49.72,26.17,177.99,0.964127731,-0.262190989,-0.010313799,-0.040090257,-0.0821003,-0.7014189,0.7807204
seq-05/frame-000849,1,0.00505038,0.072870,1587,929,751,0.98,102.56,74.76,7.93,186.23,0.964248189,-0.261457437,-0.015842582,-0.040180241,-0.0751563,-0.7020324,0.7769823
seq-05/frame-000850,1,0.00444257,0.074274,1767,1112,908,1.04,110.24,81.84,11.01,204.14,0.964106491,-0.261517324,-0.017247182,-0.042542894,-0.0739386,-0.7034213,0.7752081
seq-05/frame-000851,1,0.00326795,0.049042,1653,977,805,1.26,112.78,73.03,6.90,193.98,0.964598943,-0.259649013,-0.017773764,-0.042607083,-0.0726863,-0.7018968,0.7719588
seq-05/frame-000852,1,0.00663117,0.051522,1234,764,609,0.89,89.48,55.65,13.63,159.66,0.964848919,-0.258656546,-0.021582301,-0.041201445,-0.0705595,-0.7040555,0.7648132
seq-05/frame-000853,1,0.00555565,0.047913,1445,909,752,1.43,97.60,64.62,7.79,171.44,0.964784306,-0.258362433,-0.027858915,-0.040791874,-0.0643049,-0.7046556,0.7607026
seq-05/frame-000854,1,0.00311734,0.075706,1666,1013,850,1.20,96.68,87.55,14.46,199.89,0.964600830,-0.258605455,-0.030722329,-0.041528248,-0.0601206,-0.7052336,0.7578983
seq-05/frame-000855,1,0.00339956,0.076302,1656,1054,889,1.22,98.88,71.09,9.25,180.45,0.964404890,-0.259008235,-0.031503654,-0.042958848,-0.0574789,-0.7058952,0.7517521
seq-05/frame-000856,1,0.00311848,0.044316,1688,1099,936,1.14,98.85,83.70,11.87,195.57,0.963246173,-0.261909339,-0.034651530,-0.048575506,-0.0517000,-0.7064980,0.7406082
seq-05/frame-000857,1,0.00265719,0.043802,1517,979,834,1.38,90.83,71.49,6.43,170.13,0.963078584,-0.261551993,-0.036783201,-0.052126696,-0.0483837,-0.7047085,0.7331242
seq-05/frame-000858,1,0.00351836,0.076546,1511,842,685,0.88,92.70,79.95,14.95,188.48,0.962053305,-0.264333662,-0.038078064,-0.055957253,-0.0457965,-0.7073692,0.7266714
seq-05/frame-000859,1,0.00298709,0.066406,1829,1130,971,0.98,94.17,94.28,11.70,201.14,0.961707256,-0.265979118,-0.036215142,-0.055341895,-0.0461555,-0.7075251,0.7226769
seq-05/frame-000860,1,0.00337478,0.081123,1468,1027,893,1.05,98.13,69.82,30.91,199.91,0.961870267,-0.265383031,-0.037936292,-0.054205856,-0.0443874,-0.7073052,0.7138497
seq-05/frame-000861,1,0.00498230,0.034506,1070,639,527,0.85,91.18,54.77,7.41,154.26,0.961364038,-0.266928710,-0.041318598,-0.053113302,-0.0400338,-0.7064648,0.6996229
seq-05/frame-000862,1,0.00428900,0.088952,1717,1177,1017,0.92,99.20,80.53,14.31,194.96,0.958730695,-0.275946318,-0.042951255,-0.053331733,-0.0342391,-0.7117813,0.6933578
seq-05/frame-000863,1,0.00443285,0.067463,1072,728,617,1.01,72.52,52.15,11.22,136.90,0.958433586,-0.276729829,-0.043488608,-0.054170147,-0.0302097,-0.7088868,0.6801457
seq-05/frame-000864,1,0.00475613,0.024477,1124,775,647,2.54,85.46,57.69,17.04,162.73,0.956323195,-0.283576589,-0.043271868,-0.056194398,-0.0311336,-0.7114350,0.6741185
seq-05/frame-000865,1,0.00430293,0.138263,1070,590,508,0.86,91.54,52.77,12.01,157.18,0.954845039,-0.287914889,-0.044309214,-0.058417995,-0.0290943,-0.7112282,0.6675923
seq-05/frame-000866,1,0.00321262,0.180078,965,547,426,0.91,79.63,48.46,6.91,135.91,0.953097813,-0.292884457,-0.045404003,-0.061332940,-0.0269861,-0.7071854,0.6561814
seq-05/frame-000867,1,0.00345711,0.061756,1448,864,716,1.06,94.76,74.85,10.18,180.86,0.949390972,-0.304826371,-0.045074558,-0.060876511,-0.0257116,-0.7170830,0.6587272
seq-05/frame-000868,1,0.00244512,0.029861,1875,1287,1081,1.00,141.36,103.78,15.93,262.07,0.948539619,-0.307466207,-0.044807117,-0.061069183,-0.0262943,-0.7195547,0.6555574
seq-05/frame-000869,1,0.00371515,0.047849,1647,1113,970,0.94,105.13,91.80,13.42,211.30,0.948197455,-0.308217432,-0.045786389,-0.061864426,-0.0239052,-0.7222096,0.6462651
seq-05/frame-000870,1,0.00228760,0.044132,1819,1184,1004,1.23,102.42,109.32,11.25,224.23,0.947464095,-0.310570759,-0.044767167,-0.062076503,-0.0249287,-0.7239538,0.6420480
seq-05/frame-000871,1,0.00318464,0.064945,1764,1195,1010,1.32,135.99,102.70,18.64,258.66,0.947389422,-0.311092713,-0.044474119,-0.060800164,-0.0250622,-0.7257939,0.6344728
seq-05/frame-000872,1,0.00266175,0.036163,1543,1039,884,0.93,132.18,96.49,13.59,243.18,0.946468926,-0.313364493,-0.046768520,-0.061741165,-0.0211102,-0.7281966,0.6273981
seq-05/frame-000873,1,0.00191176,0.029901,1791,1127,953,1.00,108.03,100.99,13.81,223.83,0.946271214,-0.314640003,-0.043407686,-0.060730811,-0.0228542,-0.7365978,0.6211607
seq-05/frame-000874,1,0.00274833,0.044442,1827,1240,1055,1.00,113.73,129.31,26.94,270.97,0.946999943,-0.312523811,-0.043491436,-0.060236791,-0.0245509,-0.7383679,0.6126542
seq-05/frame-000875,1,0.00254017,0.025194,1889,1269,1085,1.05,131.32,113.71,13.73,259.81,0.946945480,-0.312337115,-0.045614612,-0.060490424,-0.0217638,-0.7418689,0.6073644
seq-05/frame-000876,1,0.00227916,0.037316,1689,1166,990,0.98,145.66,87.11,11.02,244.77,0.946993650,-0.311850198,-0.045357419,-0.062411422,-0.0197566,-0.7449691,0.6023160
seq-05/frame-000877,1,0.00201863,0.040729,1834,1245,1038,1.12,131.65,129.58,15.88,278.24,0.947309891,-0.311318876,-0.041796182,-0.062750355,-0.0220506,-0.7476715,0.5960287
seq-05/frame-000878,1,0.00231617,0.053588,1779,1227,1076,1.27,134.14,71.94,11.36,218.71,0.947670595,-0.310344686,-0.040600817,-0.062914169,-0.0259846,-0.7497974,0.5888632
seq-05/frame-000879,1,0.00289650,0.052048,1624,1122,981,1.28,139.51,63.03,8.55,212.55,0.947564061,-0.310172629,-0.043108800,-0.063693967,-0.0273334,-0.7521302,0.5814530
seq-05/frame-000880,1,0.00254233,0.025795,1896,1315,1138,1.03,121.07,75.08,16.10,213.29,0.947010144,-0.311549237,-0.044991736,-0.063910910,-0.0279209,-0.7562043,0.5787208
seq-05/frame-000881,1,0.00280929,0.012913,1831,1256,1089,0.99,133.63,74.21,9.47,218.31,0.947296204,-0.310428332,-0.045524082,-0.064743419,-0.0263231,-0.7596238,0.5726499
seq-05/frame-000882,1,0.00209723,0.025631,1614,1121,979,0.96,99.46,65.15,12.62,178.20,0.947328204,-0.310368083,-0.043047718,-0.066240631,-0.0277041,-0.7609994,0.5643646
seq-05/frame-000883,1,0.00270421,0.062941,1686,1168,1000,1.21,109.88,158.66,16.28,286.03,0.947207293,-0.310703863,-0.042497543,-0.066748882,-0.0346877,-0.7674370,0.5529309
seq-05/frame-000884,1,0.00212234,0.033238,1855,1291,1116,1.38,116.70,80.44,10.90,209.43,0.946913543,-0.310941939,-0.043598014,-0.069058425,-0.0340668,-0.7723969,0.5474021
seq-05/frame-000885,1,0.00238548,0.050914,1902,1277,1085,1.40,102.83,86.61,25.56,216.41,0.946907649,-0.311259003,-0.040641671,-0.069512534,-0.0376240,-0.7766408,0.5406662
seq-05/frame-000886,1,0.00203393,0.078075,1529,1134,993,0.95,87.23,71.80,8.39,168.38,0.947144306,-0.310689759,-0.039709216,-0.069373737,-0.0412065,-0.7815275,0.5364386
seq-05/frame-000887,1,0.00252426,0.036346,1675,1216,1061,0.98,78.69,88.23,13.67,181.57,0.947947217,-0.307868631,-0.040680326,-0.070413715,-0.0445391,-0.7858067,0.5270548
seq-05/frame-000888,1,0.00183188,0.065684,1897,1304,1143,1.09,110.30,97.28,16.30,224.97,0.948420804,-0.306144491,-0.041558054,-0.071038418,-0.0442575,-0.7894482,0.5186092
seq-05/frame-000889,1,0.00160296,0.036047,1894,1317,1155,1.00,111.57,83.83,8.20,204.61,0.949141435,-0.303436548,-0.039530971,-0.074122202,-0.0485839,-0.7967619,0.5021428
seq-05/frame-000890,1,0.00260601,0.074604,1735,1203,1057,1.00,117.94,76.11,26.05,221.10,0.948795353,-0.304526605,-0.038788936,-0.074473779,-0.0500444,-0.8003125,0.4926403
seq-05/frame-000891,1,0.00307275,0.017508,1791,1306,1163,1.00,102.25,99.21,31.60,234.06,0.948141787,-0.306639780,-0.037641255,-0.074715009,-0.0526247,-0.8040415,0.4858789
seq-05/frame-000892,1,0.00250146,0.052481,1935,1331,1156,2.10,115.36,113.63,19.93,251.03,0.947831133,-0.307712720,-0.037162739,-0.074484609,-0.0537270,-0.8078454,0.4804067
seq-05/frame-000893,1,0.00312262,0.043790,1805,1263,1131,1.16,124.19,98.70,18.11,242.16,0.948065601,-0.306931001,-0.036653584,-0.074976604,-0.0554097,-0.8097798,0.4713110
seq-05/frame-000894,1,0.00384131,0.016861,1934,1343,1179,4.52,115.41,103.12,13.33,236.39,0.947681226,-0.308369648,-0.035769672,-0.074357146,-0.0606597,-0.8157089,0.4563833
seq-05/frame-000895,1,0.00267281,0.030894,1815,1290,1140,6.19,103.03,98.27,11.49,218.99,0.948037038,-0.307390760,-0.036772280,-0.073379121,-0.0604383,-0.8165586,0.4467493
seq-05/frame-000896,1,0.00267581,0.055465,1688,1191,1082,1.08,128.97,98.12,23.56,251.73,0.947950607,-0.307704373,-0.036869647,-0.073132036,-0.0603937,-0.8156026,0.4354855
seq-05/frame-000897,1,0.00280324,0.049537,1672,1245,1104,1.44,94.08,61.82,7.44,164.78,0.945910030,-0.312920350,-0.036730346,-0.077368929,-0.0602426,-0.8201613,0.4209414
seq-05/frame-000898,1,0.00273472,0.068740,1634,1194,1040,0.98,120.24,69.30,9.88,200.40,0.945431784,-0.314565299,-0.033726880,-0.077909638,-0.0627046,-0.8213702,0.4119730
seq-05/frame-000899,1,0.00330908,0.062937,1855,1350,1201,1.04,117.35,73.24,16.24,207.88,0.945100948,-0.316101929,-0.031057724,-0.076806162,-0.0679052,-0.8229020,0.4052850
seq-05/frame-000900,1,0.00332413,0.064604,1474,1102,969,0.97,91.66,60.56,7.65,160.85,0.945379220,-0.315190939,-0.032902985,-0.076355723,-0.0710920,-0.8231707,0.3970234
seq-05/frame-000901,1,0.00287163,0.068705,1810,1356,1206,1.02,93.92,91.40,7.99,194.33,0.945276347,-0.315290700,-0.039088082,-0.074273309,-0.0682778,-0.8256114,0.3770136
seq-05/frame-000902,1,0.00354731,0.010429,1703,1169,1028,0.97,90.37,75.06,7.95,174.35,0.944625270,-0.316866017,-0.039992060,-0.075363527,-0.0649986,-0.8279119,0.3677971
seq-05/frame-000903,1,0.00263704,0.065311,1815,1309,1161,1.01,92.43,80.75,8.96,183.15,0.943855629,-0.318913196,-0.037874637,-0.077436667,-0.0655867,-0.8285700,0.3612350
seq-05/frame-000904,1,0.00282411,0.095245,2011,1360,1183,1.07,90.95,98.83,9.44,200.30,0.943892834,-0.318917242,-0.035050103,-0.078291771,-0.0705115,-0.8289674,0.3550707
seq-05/frame-000905,1,0.00343377,0.037339,1854,1335,1183,1.01,96.20,93.07,11.84,202.13,0.944246340,-0.317685281,-0.037601785,-0.077852542,-0.0737245,-0.8294807,0.3359110
seq-05/frame-000906,1,0.00344907,0.045651,1790,1314,1170,1.03,85.87,82.70,8.97,178.56,0.943756883,-0.318903079,-0.040044779,-0.077589862,-0.0711950,-0.8312429,0.3286069
seq-05/frame-000907,1,0.00289687,0.043693,1849,1282,1135,1.03,90.63,90.81,17.02,199.49,0.943175194,-0.319473521,-0.042200871,-0.081094449,-0.0702750,-0.8327827,0.3221328
seq-05/frame-000908,1,0.00331856,0.082456,2036,1363,1203,2.03,107.46,85.24,10.88,205.61,0.942705463,-0.319924441,-0.042759423,-0.084417966,-0.0700243,-0.8347244,0.3149888
seq-05/frame-000909,1,0.00331595,0.037408,1881,1323,1153,1.04,103.67,83.79,10.25,198.75,0.943162319,-0.317849545,-0.042659068,-0.087159109,-0.0752573,-0.8377853,0.2999047
seq-05/frame-000910,1,0.00307482,0.027463,1805,1388,1242,1.02,92.89,73.71,9.01,176.64,0.943053949,-0.317265281,-0.045341983,-0.089084771,-0.0755869,-0.8386554,0.2897181
seq-05/frame-000911,1,0.00323176,0.069300,1773,1306,1149,1.02,87.68,74.41,8.91,172.03,0.942518542,-0.317947931,-0.047919809,-0.090948348,-0.0769462,-0.8404407,0.2828694
seq-05/frame-000912,1,0.00415116,0.063938,1749,1290,1147,1.06,107.70,85.88,11.58,206.22,0.942202371,-0.317343364,-0.053119454,-0.093414159,-0.0780842,-0.8479815,0.2723824
seq-05/frame-000913,1,0.00420002,0.054026,1588,1163,1024,1.00,105.88,80.39,8.54,195.82,0.943060807,-0.313618012,-0.055995618,-0.095627131,-0.0789915,-0.8500159,0.2624516
seq-05/frame-000914,1,0.00379369,0.135242,1772,1263,1105,1.02,104.62,75.66,8.42,189.73,0.943669721,-0.309852180,-0.060619945,-0.099016700,-0.0768564,-0.8482554,0.2517976
seq-05/frame-000915,1,0.00352029,0.079913,1853,1326,1167,2.64,90.47,77.66,16.27,187.05,0.943600470,-0.307048799,-0.066441497,-0.104521362,-0.0769884,-0.8535680,0.2389955
seq-05/frame-000916,1,0.00331278,0.078133,1689,1214,1072,1.77,113.10,89.74,13.43,218.04,0.944604114,-0.302889060,-0.068788651,-0.106063225,-0.0773487,-0.8530080,0.2292139
seq-05/frame-000917,1,0.00358793,0.088107,1437,1070,943,0.96,96.85,71.42,18.13,187.37,0.945352879,-0.297171025,-0.078047126,-0.109114450,-0.0787479,-0.8530043,0.2111827
seq-05/frame-000918,1,0.00341565,0.095692,1327,1011,887,0.96,85.66,64.27,7.02,157.90,0.945241408,-0.295013518,-0.084721699,-0.110941147,-0.0774524,-0.8541397,0.2030566
seq-05/frame-000919,1,0.00338167,0.081760,1151,815,699,0.91,79.96,52.41,7.50,140.78,0.945362607,-0.291770858,-0.090985902,-0.113493935,-0.0798886,-0.8552229,0.1981745
seq-05/frame-000920,1,0.00520041,0.162258,1103,720,594,0.90,85.81,44.80,13.14,144.66,0.946082955,-0.280133270,-0.111962606,-0.117969350,-0.0787077,-0.8531841,0.1753712
seq-05/frame-000921,1,0.00547997,0.047850,1339,972,824,0.97,86.19,59.22,14.49,160.87,0.945249831,-0.277308015,-0.123073593,-0.120232741,-0.0722296,-0.8537760,0.1640180
seq-05/frame-000922,1,0.00355398,0.072652,2153,1438,1259,1.07,102.81,114.76,10.18,228.83,0.944894708,-0.272730739,-0.131182855,-0.124831864,-0.0623313,-0.8514305,0.1474460
seq-05/frame-000923,1,0.00385784,0.057528,1945,1314,1164,1.03,89.19,108.83,12.58,211.63,0.944981511,-0.270502240,-0.132649936,-0.127445973,-0.0621950,-0.8477582,0.1383312
seq-05/frame-000924,1,0.00487469,0.044045,1670,1168,1040,1.22,104.10,89.62,5.45,200.39,0.944611624,-0.269170026,-0.135832225,-0.129637899,-0.0627322,-0.8466308,0.1308468
seq-05/frame-000925,1,0.00617922,0.049773,1468,1064,942,0.96,103.45,65.76,6.72,176.89,0.944378423,-0.264424463,-0.145382926,-0.130739828,-0.0600615,-0.8432046,0.1142078
seq-05/frame-000926,1,0.00686627,0.090479,1471,1032,919,3.07,87.21,68.86,7.55,166.69,0.944246962,-0.262344555,-0.149900604,-0.130777747,-0.0599387,-0.8429738,0.1068598
seq-05/frame-000927,1,0.00580137,0.125295,1700,1236,1109,0.98,91.20,89.97,50.92,233.07,0.944099561,-0.255794008,-0.158822752,-0.134241491,-0.0557807,-0.8395565,0.0911362
seq-05/frame-000928,1,0.00804369,0.073500,1405,1006,895,0.93,90.24,57.17,11.49,159.84,0.944240713,-0.252921672,-0.161897453,-0.135015994,-0.0582484,-0.8415022,0.0847907
seq-05/frame-000929,1,0.00963476,0.175848,1071,721,603,0.88,71.47,42.45,6.52,121.32,0.945049073,-0.243594026,-0.171951925,-0.134077350,-0.0623140,-0.8369031,0.0660179
seq-05/frame-000930,1,0.00719821,0.070636,1369,1000,876,1.24,74.33,66.24,12.96,154.77,0.943573833,-0.236404851,-0.187450432,-0.136541218,-0.0575568,-0.8320746,0.0509482
seq-05/frame-000931,1,0.00724215,0.085808,1389,997,851,0.93,77.24,135.12,61.33,274.62,0.943104007,-0.233587133,-0.191544409,-0.138933881,-0.0602142,-0.8313796,0.0438419
seq-05/frame-000932,1,0.00834545,0.123471,1225,931,788,0.94,129.43,109.68,13.78,253.83,0.941347886,-0.227658989,-0.202206456,-0.145423833,-0.0655070,-0.8264077,0.0285730
seq-05/frame-000933,1,0.00871396,0.102938,1228,901,786,0.92,186.46,138.74,10.51,336.63,0.940612563,-0.226232273,-0.206677876,-0.146120566,-0.0692857,-0.8247159,0.0216700
seq-05/frame-000934,1,0.00882259,0.112798,1146,804,678,0.90,137.25,75.60,9.57,223.33,0.938612715,-0.223463696,-0.217493580,-0.147535384,-0.0754030,-0.8206222,0.0113013
seq-05/frame-000935,1,0.00464613,0.049046,1244,895,761,0.90,190.42,119.30,15.96,326.59,0.936003425,-0.220243262,-0.229804215,-0.150268146,-0.0801631,-0.8187041,0.0042730
seq-05/frame-000936,1,0.00459756,0.095309,1264,918,763,0.91,170.78,136.28,18.38,326.35,0.935537085,-0.216410115,-0.233976242,-0.152289667,-0.0826118,-0.8157757,-0.0014145
seq-05/frame-000937,1,0.00755208,0.142498,1146,781,648,0.92,167.05,87.73,37.67,293.38,0.934135685,-0.212937220,-0.242348849,-0.152693475,-0.0904267,-0.8137015,-0.0160413
seq-05/frame-000938,1,0.00491979,0.070828,1292,854,701,0.91,222.59,79.05,11.75,314.31,0.932012421,-0.209157597,-0.252750343,-0.154023412,-0.0939649,-0.8108889,-0.0249818
seq-05/frame-000939,1,0.00631935,0.149533,1670,1097,952,0.94,183.31,134.64,14.51,333.40,0.931303117,-0.206854004,-0.255576197,-0.156737784,-0.0969472,-0.8100009,-0.0312161
seq-05/frame-000940,1,0.00414174,0.087558,1254,815,704,4.09,151.78,96.84,17.89,270.61,0.931112644,-0.201559212,-0.260058113,-0.157394111,-0.1037252,-0.8023443,-0.0423259
seq-05/frame-000941,1,0.00603171,0.039908,1209,793,657,0.93,161.57,82.58,11.99,257.07,0.930717948,-0.200385668,-0.263379187,-0.155695505,-0.1069356,-0.8024739,-0.0498657
seq-05/frame-000942,1,0.00351208,0.052554,1497,1039,902,1.16,257.28,66.93,11.89,337.27,0.929740801,-0.196739461,-0.269764295,-0.155250936,-0.1122590,-0.7983049,-0.0603069
seq-05/frame-000943,1,0.00744541,0.143159,1297,795,673,1.49,161.84,82.50,14.03,259.87,0.929116595,-0.196532190,-0.273132182,-0.153350133,-0.1206805,-0.7955128,-0.0746011
seq-05/frame-000944,1,0.00610939,0.106075,1349,845,720,3.18,134.91,66.63,10.07,214.79,0.928253185,-0.196806393,-0.275824875,-0.153407648,-0.1235288,-0.7934653,-0.0779235
seq-05/frame-000945,1,0.00543157,0.094767,1090,628,516,1.35,111.34,44.92,7.04,164.65,0.927028993,-0.193526863,-0.280966645,-0.155635290,-0.1363966,-0.7883317,-0.0894229
seq-05/frame-000946,1,0.00519748,0.080641,1177,713,597,2.16,112.44,64.51,9.19,188.29,0.926703069,-0.191800834,-0.283677543,-0.154793133,-0.1408405,-0.7847678,-0.0961015
seq-05/frame-000947,1,0.00594489,0.088769,1072,626,498,2.56,115.72,39.46,14.39,172.12,0.925707887,-0.189515792,-0.289490201,-0.152787752,-0.1525116,-0.7819369,-0.1068002
seq-05/frame-000948,1,0.00621310,0.088294,1427,935,799,2.37,117.44,75.93,11.60,207.35,0.925208655,-0.187066646,-0.293495555,-0.151179940,-0.1599939,-0.7762162,-0.1230583
seq-05/frame-000949,1,0.00565291,0.058106,1440,933,786,0.90,127.87,69.16,9.71,207.65,0.924755523,-0.186603256,-0.295093866,-0.151413534,-0.1656107,-0.7727277,-0.1234844
seq-05/frame-000950,1,0.00490401,0.069437,1713,1026,855,1.63,144.49,71.94,12.80,230.86,0.925265726,-0.180924183,-0.297214429,-0.151040919,-0.1726542,-0.7646081,-0.1397626
seq-05/frame-000951,1,0.00404549,0.054265,1658,952,814,0.92,107.70,75.17,22.06,205.86,0.925657618,-0.180426504,-0.296321053,-0.150990343,-0.1803974,-0.7624357,-0.1456090
seq-05/frame-000952,1,0.00665918,0.106198,1842,1065,851,0.92,112.25,79.95,7.42,200.54,0.925916162,-0.174264960,-0.297842878,-0.153624883,-0.1844260,-0.7599023,-0.1569571
seq-05/frame-000953,1,0.00587637,0.081231,1545,925,775,0.86,105.22,78.64,6.38,191.10,0.928098419,-0.167146397,-0.294884506,-0.154073150,-0.1947527,-0.7522905,-0.1707410
seq-05/frame-000954,1,0.00409734,0.031102,1540,936,779,1.30,118.09,74.07,6.30,199.77,0.928646021,-0.164076267,-0.294729653,-0.154369615,-0.2008436,-0.7491353,-0.1804910
seq-05/frame-000955,1,0.00561256,0.075320,1770,1009,818,0.92,105.45,76.35,19.32,202.04,0.928078083,-0.162604896,-0.296714013,-0.155536215,-0.2043079,-0.7450329,-0.1939952
seq-05/frame-000956,1,0.00419340,0.044910,1854,1042,838,0.94,104.91,69.72,6.89,182.46,0.928053228,-0.161909554,-0.296020618,-0.157715870,-0.2101052,-0.7428588,-0.2009690
seq-05/frame-000957,1,0.00572907,0.097156,1831,1017,852,3.55,102.78,94.86,44.38,245.57,0.928195973,-0.159851176,-0.295136736,-0.160605552,-0.2176146,-0.7347702,-0.2118694
seq-05/frame-000958,1,0.00643484,0.056666,1456,844,696,1.37,98.01,70.82,13.56,183.77,0.927792337,-0.159938802,-0.296700021,-0.159968923,-0.2256556,-0.7267436,-0.2252527
seq-05/frame-000959,1,0.00589641,0.041261,1627,883,700,0.89,94.36,150.57,18.84,264.67,0.926861115,-0.159766989,-0.298923173,-0.161393681,-0.2275902,-0.7268885,-0.2294845
seq-05/frame-000960,1,0.00569172,0.022526,1751,973,781,1.11,90.72,159.73,29.66,281.21,0.926905338,-0.158556448,-0.296723200,-0.166318037,-0.2299385,-0.7206721,-0.2466350
seq-05/frame-000961,1,0.00562882,0.025960,1900,1015,805,1.04,83.21,186.33,9.99,280.57,0.927121260,-0.158295789,-0.293968896,-0.170208405,-0.2353931,-0.7190607,-0.2522633
seq-05/frame-000962,1,0.00651607,0.097042,1940,1003,778,0.95,204.74,128.76,21.16,355.62,0.928329265,-0.153591533,-0.291505973,-0.172158894,-0.2356243,-0.7100990,-0.2647712
seq-05/frame-000963,1,0.00552630,0.047348,1849,966,755,0.93,174.12,154.93,13.15,343.14,0.929126366,-0.152148783,-0.289934832,-0.171792716,-0.2386413,-0.7059071,-0.2683686
seq-05/frame-000964,1,0.00564527,0.063694,1847,926,731,0.93,186.62,122.45,11.28,321.29,0.930016649,-0.149136066,-0.289247804,-0.170772288,-0.2353421,-0.7007290,-0.2778312
seq-05/frame-000965,1,0.00614251,0.037853,1744,914,752,0.89,166.65,133.88,28.85,330.27,0.930641478,-0.146329291,-0.286833616,-0.173840889,-0.2325758,-0.6933873,-0.2893064
seq-05/frame-000966,1,0.00645982,0.081851,1739,934,775,0.89,206.82,119.67,9.81,337.19,0.931491350,-0.145073738,-0.284309943,-0.174485907,-0.2311542,-0.6903223,-0.2930666
seq-05/frame-000967,1,0.00516586,0.072702,1775,970,750,0.90,203.55,144.99,11.22,360.67,0.934571057,-0.141704337,-0.278968812,-0.169331692,-0.2301423,-0.6770740,-0.3034134
seq-05/frame-000968,1,0.00529359,0.085628,1784,995,801,5.87,162.86,122.34,19.26,310.34,0.935718121,-0.139453587,-0.278765373,-0.165148907,-0.2264141,-0.6712590,-0.3057235
seq-05/frame-000969,1,0.00617463,0.154032,1435,811,674,1.18,136.97,111.56,14.13,263.85,0.937169917,-0.136214018,-0.276191683,-0.163940361,-0.2243433,-0.6672470,-0.3163850
seq-05/frame-000970,1,0.00541299,0.121637,1447,883,718,0.85,139.96,70.09,31.01,241.92,0.940940691,-0.135485213,-0.269227453,-0.154243155,-0.2168429,-0.6549148,-0.3266279
seq-05/frame-000971,1,0.00836321,0.207195,1038,644,514,3.43,126.89,43.43,25.16,198.91,0.945350155,-0.132386056,-0.259369515,-0.146678121,-0.2106418,-0.6482858,-0.3381842
seq-05/frame-000972,1,0.00441800,0.143810,1393,891,738,0.88,115.30,78.43,7.11,201.73,0.947325360,-0.130555712,-0.255159311,-0.142911139,-0.2067159,-0.6393878,-0.3395340
seq-05/frame-000973,1,0.00573701,0.188757,1303,777,642,3.28,111.64,75.25,11.36,201.54,0.949462766,-0.129883099,-0.250377818,-0.137701797,-0.2017999,-0.6284686,-0.3518703
seq-05/frame-000974,1,0.00685242,0.197843,1066,674,546,0.85,126.34,59.51,7.50,194.19,0.953714559,-0.129668330,-0.238625972,-0.129121301,-0.1941963,-0.6178701,-0.3622479
seq-05/frame-000975,1,0.00655374,0.240989,1618,1004,833,0.90,133.86,85.90,8.38,229.04,0.955528916,-0.129047490,-0.233373826,-0.125888413,-0.1948107,-0.6137132,-0.3656126
seq-05/frame-000976,1,0.00797536,0.273573,1286,821,678,0.86,151.51,58.92,12.18,223.47,0.958214023,-0.126530712,-0.227699122,-0.118190419,-0.1868168,-0.5996178,-0.3775190
seq-05/frame-000977,1,0.00812342,0.231999,1307,845,697,0.84,133.60,139.31,28.43,302.17,0.959850629,-0.127926818,-0.222465267,-0.113272695,-0.1838532,-0.5947141,-0.3845781
seq-05/frame-000978,1,0.00337251,0.118896,1799,1096,924,0.93,128.70,172.68,14.66,316.98,0.961515540,-0.127755423,-0.218392687,-0.107102999,-0.1811732,-0.5835911,-0.3885293
seq-05/frame-000979,1,0.00614200,0.206077,1479,949,804,0.89,116.11,165.99,18.52,301.51,0.962863840,-0.125200008,-0.216133093,-0.102492295,-0.1800865,-0.5777332,-0.3955334
seq-05/frame-000980,1,0.00742102,0.205088,1366,882,746,0.88,136.07,274.11,19.57,430.63,0.965778813,-0.124280741,-0.205936075,-0.097035639,-0.1753372,-0.5703975,-0.4090401
seq-05/frame-000981,1,0.00421575,0.139490,1880,1097,896,0.94,118.79,285.24,22.92,427.89,0.967724737,-0.119698835,-0.201531218,-0.092553721,-0.1771664,-0.5572917,-0.4166857
seq-05/frame-000982,1,0.00362258,0.125619,1861,1169,969,0.93,195.49,335.70,10.79,542.90,0.968266452,-0.119590582,-0.200295455,-0.089665493,-0.1758995,-0.5504415,-0.4232171
seq-05/frame-000983,1,0.00766894,0.244213,1736,1110,923,0.92,300.87,214.68,12.59,529.07,0.968963946,-0.119917449,-0.197986640,-0.086775380,-0.1796965,-0.5445942,-0.4335105
seq-05/frame-000984,1,0.00662015,0.217844,1816,1153,974,4.25,262.79,256.23,18.07,541.35,0.969547780,-0.120773003,-0.195094371,-0.085610571,-0.1804141,-0.5406355,-0.4380879
seq-05/frame-000985,1,0.00532600,0.201790,1934,1155,946,0.96,418.99,120.54,9.11,549.60,0.970509937,-0.118255962,-0.192069530,-0.085060484,-0.1848493,-0.5315111,-0.4449187
seq-05/frame-000986,1,0.00520938,0.189343,1894,1177,964,3.46,440.91,118.31,17.47,580.15,0.971327465,-0.117561810,-0.189643788,-0.082081728,-0.1882225,-0.5271624,-0.4491596
seq-05/frame-000987,1,0.00600253,0.225369,1829,1109,905,4.26,358.52,82.37,11.31,456.46,0.972318300,-0.115980238,-0.188766713,-0.074248471,-0.1915685,-0.5177220,-0.4568822
seq-05/frame-000988,1,0.00481179,0.156838,1967,1126,922,0.98,380.31,96.71,10.33,488.34,0.972426433,-0.116071081,-0.188763847,-0.072681130,-0.1919774,-0.5143626,-0.4597792
seq-05/frame-000989,1,0.00525444,0.233706,1870,1090,880,0.93,356.06,93.46,14.27,464.72,0.973414106,-0.113714132,-0.184981900,-0.072909335,-0.1988239,-0.5051931,-0.4668724
seq-05/frame-000990,1,0.00526836,0.221182,1866,1102,888,19.66,223.33,90.87,8.41,342.27,0.973755714,-0.114009005,-0.183123717,-0.072577275,-0.2024984,-0.4992304,-0.4708544
seq-05/frame-000991,1,0.00153866,0.130091,1856,1100,892,0.96,241.23,108.98,6.36,357.54,0.974978327,-0.114200794,-0.179373664,-0.064811496,-0.2079144,-0.4920090,-0.4759883
seq-05/frame-000992,1,0.00415218,0.131154,1763,1079,880,0.92,92.83,88.75,8.35,190.85,0.975460507,-0.113735125,-0.177889714,-0.062420919,-0.2085507,-0.4889442,-0.4809198
seq-05/frame-000993,1,0.00405684,0.134309,1767,1058,856,0.93,93.04,91.07,8.00,193.04,0.977348253,-0.113625442,-0.169671809,-0.055597917,-0.2161966,-0.4817110,-0.4885599
seq-05/frame-000994,1,0.00475770,0.202023,1799,1034,819,0.91,94.60,94.45,8.47,198.43,0.977883713,-0.113353723,-0.167475696,-0.053350437,-0.2236738,-0.4745437,-0.4931589
seq-05/frame-000995,1,0.00525246,0.179878,1751,1009,808,0.89,94.29,63.80,9.10,168.10,0.977972364,-0.114943530,-0.166517868,-0.051281968,-0.2254493,-0.4698829,-0.4961080
seq-05/frame-000996,1,0.00151306,0.116061,1821,1026,810,3.46,81.64,61.06,6.31,152.47,0.979205218,-0.115171867,-0.160666281,-0.045595254,-0.2330556,-0.4593769,-0.5018084
seq-05/frame-000997,1,0.00174791,0.100820,1451,816,644,0.84,72.68,50.20,9.14,132.86,0.979579814,-0.115815735,-0.158387152,-0.043859025,-0.2340998,-0.4514778,-0.5055077
seq-05/frame-000998,1,0.00519937,0.195874,1719,900,699,0.89,81.89,46.40,7.31,136.50,0.980512483,-0.121998481,-0.148797708,-0.039634366,-0.2504896,-0.4446112,-0.5121644
seq-05/frame-000999,1,0.00395470,0.159940,1802,931,708,0.91,92.25,45.65,7.92,146.74,0.980818605,-0.122630369,-0.146892963,-0.037136436,-0.2554425,-0.4381796,-0.5134464
