frame,ok,trans_err_m,rot_err_deg,keypoints,matches,inliers,ms_decode,ms_extract,ms_match,ms_pose,ms_total,qw,qx,qy,qz,tx,ty,tz
seq-01/frame-000000,1,0.00233626,0.180522,1604,898,680,0.99,158.31,106.85,8.09,274.24,0.973871777,-0.124845826,-0.189328901,0.011910027,-0.1349600,-0.1275179,0.1920913
seq-01/frame-000001,1,0.00236603,0.165145,1566,888,669,6.25,120.32,113.16,11.13,250.86,0.973974479,-0.125333746,-0.188431300,0.012602031,-0.1373255,-0.1263356,0.1919625
seq-01/frame-000002,1,0.00414142,0.301312,1520,888,703,0.93,164.57,69.25,17.38,252.14,0.973626675,-0.126328203,-0.189432239,0.014412136,-0.1368698,-0.1252411,0.1932445
seq-01/frame-000003,1,0.00293944,0.223535,1455,845,667,4.47,201.96,60.72,6.13,273.28,0.973312010,-0.128384135,-0.189562222,0.015729239,-0.1385572,-0.1253270,0.1931377
seq-01/frame-000004,1,0.00233420,0.188102,1470,858,687,6.48,183.61,86.09,13.20,289.39,0.972893300,-0.130816997,-0.190027995,0.015965631,-0.1392427,-0.1254929,0.1946347
seq-01/frame-000005,1,0.00159436,0.146393,1497,865,663,1.52,76.64,82.03,8.78,168.98,0.972945971,-0.133378738,-0.187958467,0.016058121,-0.1421813,-0.1266081,0.1959596
seq-01/frame-000006,1,0.00166889,0.153874,1530,878,673,1.09,118.98,69.45,10.89,200.41,0.973039690,-0.135257286,-0.186089433,0.016430227,-0.1457090,-0.1266556,0.1991121
seq-01/frame-000007,1,0.00260958,0.218856,1361,828,639,1.26,145.29,88.43,6.23,241.21,0.972996842,-0.138017740,-0.184224382,0.017018401,-0.1510623,-0.1296659,0.1994216
seq-01/frame-000008,1,0.00113795,0.078844,1323,794,632,3.08,117.79,68.59,11.69,201.15,0.972963888,-0.138779190,-0.183642735,0.018893229,-0.1563986,-0.1293880,0.2014441
seq-01/frame-000009,1,0.00124432,0.123420,1369,861,702,1.00,138.70,83.49,7.62,230.82,0.972554071,-0.139912288,-0.184547514,0.022479899,-0.1587103,-0.1303799,0.2066326
seq-01/frame-000010,1,0.00188105,0.126718,1282,824,636,0.88,130.28,60.93,5.87,197.97,0.973081052,-0.139505664,-0.181730611,0.025008412,-0.1627174,-0.1316889,0.2091787
seq-01/frame-000011,1,0.00176539,0.149778,1389,849,679,0.90,145.10,79.49,6.54,232.04,0.973897803,-0.137902264,-0.178319027,0.026615016,-0.1664358,-0.1296959,0.2125589
seq-01/frame-000012,1,0.00121981,0.084584,1355,864,708,0.88,124.15,38.55,15.82,179.39,0.974612409,-0.140486679,-0.172188662,0.027298520,-0.1762588,-0.1326857,0.2164510
seq-01/frame-000013,1,0.00059484,0.040959,1135,722,606,0.83,139.26,54.07,5.72,199.89,0.974753403,-0.142217704,-0.169525507,0.029850125,-0.1830792,-0.1380636,0.2222657
seq-01/frame-000014,1,0.00064503,0.058557,1339,834,699,0.86,145.26,58.88,9.66,214.65,0.975767857,-0.139121172,-0.165964425,0.031276148,-0.1904288,-0.1376059,0.2245731
seq-01/frame-000015,1,0.00065640,0.057452,1339,834,699,0.85,120.99,94.94,13.65,230.43,0.975767857,-0.139121172,-0.165964425,0.031276148,-0.1904288,-0.1376059,0.2245731
seq-01/frame-000016,1,0.00140973,0.080094,1325,825,680,0.89,113.16,79.52,6.50,200.08,0.976558631,-0.138440719,-0.161549263,0.032699273,-0.1980058,-0.1383851,0.2283932
seq-01/frame-000017,1,0.00078691,0.072142,1311,852,705,0.86,143.26,58.90,10.62,213.64,0.977324363,-0.138450313,-0.156423505,0.034645172,-0.2060140,-0.1391232,0.2343715
seq-01/frame-000018,1,0.00178979,0.126719,1266,837,680,0.84,105.14,78.87,19.33,204.19,0.978073257,-0.139607804,-0.150039756,0.037019398,-0.2157383,-0.1427341,0.2390306
seq-01/frame-000019,1,0.00200417,0.115993,1115,714,606,0.85,130.06,47.17,27.08,205.17,0.978491868,-0.140378841,-0.145797043,0.039883181,-0.2253240,-0.1454916,0.2439881
seq-01/frame-000020,1,0.00212525,0.109482,1070,716,596,0.86,97.81,65.27,16.27,180.21,0.978651908,-0.141133144,-0.142726256,0.044171189,-0.2350496,-0.1474802,0.2484871
seq-01/frame-000021,1,0.00216230,0.112713,1070,716,596,0.86,117.08,85.42,10.59,213.95,0.978651908,-0.141133144,-0.142726256,0.044171189,-0.2350496,-0.1474802,0.2484871
seq-01/frame-000022,1,0.00201764,0.156237,1177,781,657,0.89,147.97,41.52,23.34,213.72,0.978759405,-0.142078691,-0.140082976,0.047121470,-0.2447384,-0.1473160,0.2534952
seq-01/frame-000023,1,0.00057624,0.065714,1217,823,695,0.88,141.69,55.17,7.27,205.02,0.978963255,-0.142937608,-0.137498276,0.047895816,-0.2537422,-0.1457293,0.2593182
seq-01/frame-000024,1,0.00142545,0.075576,1347,869,720,0.90,113.07,63.91,30.00,207.89,0.979149835,-0.145547086,-0.133109430,0.048616114,-0.2627750,-0.1467847,0.2634759
seq-01/frame-000025,1,0.00116152,0.073048,1258,841,703,0.88,134.67,60.55,4.61,200.71,0.979537661,-0.147822244,-0.128179827,0.047164455,-0.2726713,-0.1460855,0.2679526
seq-01/frame-000026,1,0.00138694,0.126085,1302,832,685,0.91,118.79,70.98,13.37,204.05,0.979453160,-0.152538440,-0.123601860,0.046109786,-0.2820949,-0.1486155,0.2740721
seq-01/frame-000027,1,0.00143290,0.129408,1302,832,685,0.90,85.19,92.24,12.06,190.39,0.979453160,-0.152538440,-0.123601860,0.046109786,-0.2820949,-0.1486155,0.2740721
seq-01/frame-000028,1,0.00233424,0.154466,1254,845,721,0.87,141.71,64.99,6.53,214.10,0.979500475,-0.156951367,-0.117272947,0.046820334,-0.2942858,-0.1527936,0.2778310
seq-01/frame-000029,1,0.00139183,0.059275,1040,734,641,0.84,98.87,80.31,10.97,190.99,0.979463172,-0.158696999,-0.114609367,0.048289244,-0.3049546,-0.1539391,0.2830159
seq-01/frame-000030,1,0.00058566,0.065895,1110,784,663,0.85,98.93,63.77,5.76,169.31,0.979348321,-0.159254997,-0.113516973,0.051269954,-0.3134888,-0.1532102,0.2873063
seq-01/frame-000031,1,0.00058933,0.067825,1110,784,663,0.84,116.29,59.96,22.25,199.35,0.979348321,-0.159254997,-0.113516973,0.051269954,-0.3134888,-0.1532102,0.2873063
seq-01/frame-000032,1,0.00156460,0.163245,1194,850,714,0.85,124.05,76.50,8.33,209.73,0.979248326,-0.161194694,-0.110343790,0.053974381,-0.3245979,-0.1529287,0.2918903
seq-01/frame-000033,1,0.00055681,0.069237,1195,841,705,0.87,116.61,56.59,10.98,185.05,0.979017617,-0.163099873,-0.108697587,0.055747387,-0.3328697,-0.1512698,0.2981867
seq-01/frame-000034,1,0.00103648,0.125548,1200,798,670,0.87,130.94,76.03,21.68,229.52,0.978691686,-0.166600549,-0.105523588,0.057198015,-0.3413143,-0.1511855,0.3033725
seq-01/frame-000035,1,0.00071996,0.093761,1249,825,695,0.88,148.15,42.68,22.55,214.26,0.978288326,-0.171245944,-0.101695873,0.057312539,-0.3501972,-0.1522569,0.3102456
seq-01/frame-000036,1,0.00067037,0.094986,1249,825,695,0.88,126.37,91.69,17.29,236.23,0.978288326,-0.171245944,-0.101695873,0.057312539,-0.3501972,-0.1522569,0.3102456
seq-01/frame-000037,1,0.00203265,0.180748,1327,840,686,0.90,174.29,53.51,12.28,240.98,0.978550748,-0.173706568,-0.096471355,0.054385096,-0.3605496,-0.1532148,0.3160982
seq-01/frame-000038,1,0.00253785,0.222097,1261,820,691,0.87,159.18,58.35,7.60,225.99,0.978672888,-0.176122654,-0.090214721,0.055149738,-0.3713237,-0.1549628,0.3221966
seq-01/frame-000039,1,0.00092395,0.096559,917,604,479,0.81,108.93,34.25,6.00,149.99,0.977923364,-0.180516255,-0.087243406,0.058892825,-0.3802840,-0.1617007,0.3281749
seq-01/frame-000040,1,0.00087487,0.093770,917,604,479,0.77,126.48,61.84,12.65,201.75,0.977923364,-0.180516255,-0.087243406,0.058892825,-0.3802840,-0.1617007,0.3281749
seq-01/frame-000041,1,0.00309646,0.246567,917,601,488,0.80,100.24,85.87,9.65,196.57,0.978270139,-0.178828640,-0.086312896,0.059648444,-0.3903486,-0.1629723,0.3347915
seq-01/frame-000042,1,0.00282957,0.234490,1277,789,662,0.86,170.12,61.05,10.02,242.06,0.979214209,-0.174601011,-0.082555290,0.061956786,-0.3983700,-0.1605484,0.3389910
seq-01/frame-000043,1,0.00325976,0.271063,1355,850,694,0.86,168.83,94.94,11.83,276.46,0.979373989,-0.175330104,-0.076037892,0.065606278,-0.4060456,-0.1636719,0.3444298
seq-01/frame-000044,1,0.00327350,0.272212,1355,850,694,0.85,210.37,49.32,33.69,294.24,0.979373989,-0.175330104,-0.076037892,0.065606278,-0.4060456,-0.1636719,0.3444298
seq-01/frame-000045,1,0.00195904,0.152880,1332,806,639,0.86,184.75,90.78,17.61,294.00,0.979825322,-0.175860130,-0.070086299,0.064058288,-0.4146250,-0.1661428,0.3493468
seq-01/frame-000046,1,0.00226618,0.193161,943,615,492,0.80,119.16,69.47,18.00,207.44,0.980175188,-0.176074403,-0.063426560,0.065049797,-0.4209494,-0.1711666,0.3564655
seq-01/frame-000047,1,0.00239235,0.196490,928,582,482,0.81,120.31,81.84,8.34,211.29,0.981010476,-0.173386313,-0.055090013,0.067236326,-0.4295816,-0.1753834,0.3596644
seq-01/frame-000048,1,0.00238020,0.194118,928,582,482,0.79,119.21,42.94,35.30,198.26,0.981010476,-0.173386313,-0.055090013,0.067236326,-0.4295816,-0.1753834,0.3596644
seq-01/frame-000049,1,0.00217002,0.194892,873,565,482,0.79,133.25,64.96,6.65,205.66,0.981540490,-0.171334941,-0.049245669,0.069263762,-0.4367464,-0.1804470,0.3641739
seq-01/frame-000050,1,0.00234126,0.220662,904,565,463,0.79,132.48,42.70,25.57,201.54,0.982699377,-0.165204048,-0.040654562,0.073189919,-0.4455522,-0.1815008,0.3673857
seq-01/frame-000051,1,0.00216209,0.138712,915,562,462,0.79,128.23,51.94,12.83,193.80,0.982811186,-0.162806765,-0.035739266,0.079365200,-0.4491345,-0.1864612,0.3697872
seq-01/frame-000052,1,0.00215151,0.137824,915,562,462,0.79,148.94,33.66,6.16,189.56,0.982811186,-0.162806765,-0.035739266,0.079365200,-0.4491345,-0.1864612,0.3697872
seq-01/frame-000053,1,0.00200398,0.231942,778,464,365,0.77,115.77,34.14,8.01,158.69,0.983170218,-0.160542102,-0.029150077,0.082175596,-0.4560586,-0.1921389,0.3753442
seq-01/frame-000054,1,0.00203462,0.168385,810,489,380,0.77,96.85,49.05,13.16,159.84,0.984114143,-0.153495584,-0.024156485,0.085877370,-0.4594645,-0.1942671,0.3758245
seq-01/frame-000055,1,0.00267666,0.234464,898,509,389,0.80,109.19,43.78,7.20,160.97,0.984919118,-0.147073095,-0.018223407,0.089284621,-0.4613361,-0.1960389,0.3776671
seq-01/frame-000056,1,0.00263126,0.232740,898,509,389,0.80,123.13,62.43,7.54,193.90,0.984919118,-0.147073095,-0.018223407,0.089284621,-0.4613361,-0.1960389,0.3776671
seq-01/frame-000057,1,0.00264499,0.250356,921,553,400,0.78,117.79,40.72,29.03,188.32,0.985597071,-0.142201778,-0.007648814,0.091206165,-0.4673784,-0.2001980,0.3777328
seq-01/frame-000058,1,0.00252065,0.280268,964,525,404,0.78,110.34,53.87,7.68,172.67,0.985682671,-0.138155233,0.002584403,0.096623623,-0.4720004,-0.2044525,0.3779538
seq-01/frame-000059,1,0.00254593,0.269190,885,508,394,0.80,131.52,44.41,6.78,183.51,0.985660907,-0.134572209,0.011228285,0.101177181,-0.4749785,-0.2085053,0.3795768
seq-01/frame-000060,1,0.00254545,0.268518,885,508,394,0.80,90.90,56.65,7.99,156.35,0.985660907,-0.134572209,0.011228285,0.101177181,-0.4749785,-0.2085053,0.3795768
seq-01/frame-000061,1,0.00304844,0.320760,919,489,357,0.81,99.83,48.41,5.67,154.72,0.985761666,-0.130040810,0.022069245,0.104289373,-0.4796053,-0.2114149,0.3809881
seq-01/frame-000062,1,0.00403599,0.448379,919,512,381,0.81,116.75,56.17,13.07,186.81,0.985285054,-0.127189676,0.033838757,0.109046263,-0.4837231,-0.2152261,0.3808888
seq-01/frame-000063,1,0.00591479,0.576567,940,529,379,0.83,116.79,38.34,16.65,172.60,0.984365713,-0.124421830,0.040249901,0.117997019,-0.4808646,-0.2183984,0.3805707
seq-01/frame-000064,1,0.00591996,0.577263,940,529,379,0.82,114.71,37.35,16.27,169.15,0.984365713,-0.124421830,0.040249901,0.117997019,-0.4808646,-0.2183984,0.3805707
seq-01/frame-000065,1,0.00399368,0.367617,855,463,334,0.80,89.91,44.63,11.54,146.89,0.982984232,-0.123448019,0.052274750,0.125578412,-0.4843719,-0.2256360,0.3821746
seq-01/frame-000066,1,0.00399235,0.375956,910,487,342,0.82,95.44,28.48,15.94,140.68,0.981928412,-0.120131525,0.062879732,0.132027080,-0.4855071,-0.2307790,0.3814495
seq-01/frame-000067,1,0.00206153,0.291686,1007,509,351,0.82,109.54,41.77,17.14,169.28,0.980428977,-0.118875448,0.070868219,0.140019088,-0.4826615,-0.2377131,0.3817804
seq-01/frame-000068,1,0.00205882,0.291485,1007,509,351,0.83,93.73,32.20,7.44,134.20,0.980428977,-0.118875448,0.070868219,0.140019088,-0.4826615,-0.2377131,0.3817804
seq-01/frame-000069,1,0.00692783,0.618927,918,441,292,0.81,113.53,74.56,16.43,205.34,0.979842352,-0.113030333,0.082667223,0.142475398,-0.4881737,-0.2384384,0.3808291
seq-01/frame-000070,1,0.00403911,0.415819,861,386,238,0.83,86.00,39.84,12.32,138.99,0.978205063,-0.111958830,0.089673309,0.150129188,-0.4786832,-0.2451917,0.3762396
seq-01/frame-000071,1,0.00455697,0.562288,950,451,279,0.86,85.45,39.96,24.40,150.68,0.976012487,-0.113982923,0.099948756,0.156261847,-0.4749482,-0.2518715,0.3763991
seq-01/frame-000072,1,0.00141166,0.389670,968,452,261,0.84,85.60,44.45,15.17,146.07,0.974343756,-0.111327133,0.111076355,0.161004839,-0.4730837,-0.2543412,0.3750668
seq-01/frame-000073,1,0.00142887,0.389499,968,452,261,1.95,91.55,40.14,15.71,149.36,0.974343756,-0.111327133,0.111076355,0.161004839,-0.4730837,-0.2543412,0.3750668
seq-01/frame-000074,1,0.00258357,0.248939,975,405,233,1.63,110.00,34.54,12.07,158.24,0.971613664,-0.110622998,0.122659205,0.169363983,-0.4689890,-0.2575111,0.3715027
seq-01/frame-000075,1,0.00598201,0.422513,1012,480,297,0.87,84.62,44.85,14.39,144.73,0.968867399,-0.111015910,0.130763002,0.178528620,-0.4636128,-0.2617369,0.3671911
seq-01/frame-000076,1,0.00819187,0.678244,1044,380,202,0.85,81.10,50.90,13.36,146.21,0.966104854,-0.107885987,0.137322425,0.190117273,-0.4562918,-0.2595285,0.3652878
seq-01/frame-000077,1,0.00814480,0.673996,1044,380,202,1.31,105.03,46.62,13.30,166.27,0.966104854,-0.107885987,0.137322425,0.190117273,-0.4562918,-0.2595285,0.3652878
seq-01/frame-000078,1,0.00503101,0.448052,1094,466,281,0.85,111.97,44.51,16.13,173.46,0.961305269,-0.110890953,0.147711060,0.204393787,-0.4514291,-0.2635781,0.3641180
seq-01/frame-000079,1,0.00301315,0.219052,1179,488,286,3.18,117.33,45.18,13.60,179.31,0.955429724,-0.114306579,0.157230314,0.222186131,-0.4464459,-0.2670960,0.3654662
seq-01/frame-000080,1,0.00311520,0.379974,1121,457,262,3.00,89.57,50.06,12.67,155.30,0.951435220,-0.117484828,0.160420257,0.235018464,-0.4366956,-0.2687728,0.3673982
seq-01/frame-000081,1,0.00952350,0.775026,1036,408,195,2.53,95.69,38.01,15.52,151.76,0.947411935,-0.118982670,0.161402037,0.249405557,-0.4212426,-0.2657465,0.3623101
seq-01/frame-000082,1,0.00954288,0.775651,1036,408,195,0.84,87.75,27.06,18.37,134.02,0.947411935,-0.118982670,0.161402037,0.249405557,-0.4212426,-0.2657465,0.3623101
seq-01/frame-000083,1,0.01181985,0.926769,1076,424,234,1.63,90.15,26.96,12.46,131.20,0.941994492,-0.118389000,0.169905548,0.264125967,-0.4138480,-0.2595558,0.3627325
seq-01/frame-000084,1,0.00845176,0.643264,1085,432,250,0.88,89.10,29.68,9.72,129.38,0.936521642,-0.122578355,0.179037743,0.275403791,-0.4090542,-0.2621703,0.3651587
seq-01/frame-000085,1,0.01250107,1.025986,1065,440,246,4.59,95.71,32.49,10.79,143.59,0.932561774,-0.123809605,0.180377669,0.287164789,-0.3943854,-0.2598040,0.3661972
seq-01/frame-000086,1,0.01251485,1.026338,1065,440,246,3.90,78.09,32.35,13.43,127.78,0.932561774,-0.123809605,0.180377669,0.287164789,-0.3943854,-0.2598040,0.3661972
seq-01/frame-000087,1,0.01294912,1.052407,1109,454,247,0.89,97.30,46.52,17.48,162.20,0.928131981,-0.125645845,0.185453208,0.297306669,-0.3851133,-0.2593537,0.3682804
seq-01/frame-000088,1,0.00872835,0.725142,1127,501,322,2.35,77.01,53.35,17.24,149.97,0.925091184,-0.129261717,0.191352796,0.301466114,-0.3807474,-0.2614764,0.3704608
seq-01/frame-000089,1,0.00262444,0.285602,1324,580,383,0.92,74.92,49.31,16.47,141.62,0.921899202,-0.134113463,0.196472605,0.305800516,-0.3758808,-0.2651860,0.3757509
seq-01/frame-000090,1,0.00262077,0.285309,1324,580,383,1.11,81.87,52.96,14.52,150.46,0.921899202,-0.134113463,0.196472605,0.305800516,-0.3758808,-0.2651860,0.3757509
seq-01/frame-000091,1,0.00121593,0.195666,1314,576,362,1.27,102.12,52.37,13.87,169.63,0.919626585,-0.136242935,0.198369500,0.310442182,-0.3695490,-0.2645831,0.3777537
seq-01/frame-000092,1,0.00202883,0.244081,1227,570,349,0.88,86.95,49.71,20.06,157.60,0.918233260,-0.138755394,0.199718189,0.312581615,-0.3624223,-0.2615484,0.3806106
seq-01/frame-000093,1,0.00630095,0.508436,1108,509,301,1.68,93.19,42.08,10.24,147.19,0.916766443,-0.137615180,0.201242810,0.316390079,-0.3541890,-0.2545949,0.3831479
seq-01/frame-000094,1,0.00616813,0.431292,1229,525,323,1.35,97.86,33.46,15.45,148.12,0.914294645,-0.138233292,0.205701760,0.320380468,-0.3498096,-0.2517174,0.3861716
seq-01/frame-000095,1,0.00616813,0.431292,1229,525,323,0.88,99.24,61.03,12.98,174.14,0.914294645,-0.138233292,0.205701760,0.320380468,-0.3498096,-0.2517174,0.3861716
seq-01/frame-000096,1,0.00357336,0.321529,1148,529,311,0.87,103.48,46.41,23.18,173.94,0.912471538,-0.142377507,0.207261905,0.322748881,-0.3434734,-0.2519160,0.3872870
seq-01/frame-000097,1,0.00131554,0.232441,1004,447,287,0.84,85.27,39.64,12.39,138.13,0.910451526,-0.146314237,0.208801960,0.325686819,-0.3353023,-0.2495833,0.3906061
seq-01/frame-000098,1,0.00278010,0.199647,1082,499,315,0.83,92.23,32.99,12.35,138.41,0.908717770,-0.147979132,0.211197406,0.328222252,-0.3280589,-0.2452203,0.3922818
seq-01/frame-000099,1,0.00277540,0.199551,1082,499,315,0.85,100.37,31.79,13.24,146.26,0.908717770,-0.147979132,0.211197406,0.328222252,-0.3280589,-0.2452203,0.3922818
seq-01/frame-000100,1,0.00240159,0.230207,1070,505,343,0.85,87.94,30.77,12.45,132.01,0.908551879,-0.149850016,0.211799216,0.327443961,-0.3212941,-0.2411470,0.3928634
seq-01/frame-000101,1,0.00270032,0.165051,967,474,293,0.86,83.45,28.42,14.89,127.63,0.907794843,-0.152615088,0.214051997,0.326801010,-0.3137270,-0.2390361,0.3947126
seq-01/frame-000102,1,0.00385148,0.238068,841,406,245,5.32,79.56,24.49,15.73,125.10,0.908346141,-0.153001063,0.215870448,0.323879472,-0.3058126,-0.2307268,0.3948422
seq-01/frame-000103,1,0.00391577,0.217475,977,489,311,0.81,82.80,37.55,7.92,129.08,0.908086152,-0.154592478,0.221938356,0.319724995,-0.3031860,-0.2275152,0.3938846
seq-01/frame-000104,1,0.00392280,0.217706,977,489,311,0.82,81.25,30.35,9.05,121.47,0.908086152,-0.154592478,0.221938356,0.319724995,-0.3031860,-0.2275152,0.3938846
seq-01/frame-000105,1,0.00416920,0.282076,980,505,324,0.82,68.65,28.76,9.45,107.69,0.908300878,-0.156881633,0.224705030,0.316046386,-0.2976878,-0.2240629,0.3940155
seq-01/frame-000106,1,0.00193219,0.118859,1137,567,365,0.97,73.60,30.93,13.05,118.55,0.907733804,-0.161292737,0.226910282,0.313872136,-0.2913349,-0.2245431,0.3932873
seq-01/frame-000107,1,0.00289621,0.297926,1127,556,385,0.89,80.45,34.40,11.90,127.65,0.909398775,-0.160434877,0.225401311,0.310562019,-0.2837949,-0.2181909,0.3897691
seq-01/frame-000108,1,0.00384495,0.177132,1191,601,406,0.85,86.28,36.29,13.40,136.82,0.909839625,-0.163591925,0.228606549,0.305235293,-0.2815757,-0.2178234,0.3894995
seq-01/frame-000109,1,0.00381821,0.174385,1191,601,406,2.22,75.82,34.16,12.92,125.12,0.909839625,-0.163591925,0.228606549,0.305235293,-0.2815757,-0.2178234,0.3894995
seq-01/frame-000110,1,0.00197490,0.036842,1366,670,427,0.87,76.75,32.28,12.27,122.16,0.911140393,-0.165356661,0.226554578,0.301916185,-0.2738017,-0.2163209,0.3869578
seq-01/frame-000111,1,0.00290351,0.083584,1124,523,343,0.83,77.78,39.98,5.76,124.36,0.913851472,-0.163756314,0.224442997,0.296116020,-0.2677117,-0.2109024,0.3822458
seq-01/frame-000112,1,0.00304737,0.131749,1155,633,425,0.93,65.01,37.22,17.08,120.25,0.914732807,-0.164714232,0.225582343,0.291968698,-0.2624741,-0.2076593,0.3782320
seq-01/frame-000113,1,0.00304737,0.131749,1155,633,425,0.78,70.97,31.54,9.10,112.39,0.914732807,-0.164714232,0.225582343,0.291968698,-0.2624741,-0.2076593,0.3782320
seq-01/frame-000114,1,0.00334427,0.149626,1558,730,463,0.89,92.74,43.90,10.13,147.66,0.915045105,-0.168931724,0.226038279,0.288203445,-0.2599083,-0.2109165,0.3759185
seq-01/frame-000115,1,0.00307735,0.107611,1452,702,487,1.21,74.22,46.19,10.53,132.15,0.919646799,-0.169301774,0.217681531,0.279645178,-0.2541403,-0.2062416,0.3711206
seq-01/frame-000116,1,0.00325999,0.198897,1622,770,505,0.89,72.89,50.53,6.66,130.97,0.921584554,-0.172708226,0.212533455,0.275105997,-0.2479268,-0.2061346,0.3669413
seq-01/frame-000117,1,0.00325999,0.198897,1622,770,505,0.90,76.10,43.10,6.96,127.07,0.921584554,-0.172708226,0.212533455,0.275105997,-0.2479268,-0.2061346,0.3669413
seq-01/frame-000118,1,0.00512716,0.322048,1362,634,427,0.87,73.06,50.70,6.22,130.86,0.924126252,-0.173941839,0.208320698,0.268956118,-0.2436057,-0.2040639,0.3615632
seq-01/frame-000119,1,0.00247361,0.121909,1141,552,379,1.04,66.38,34.87,13.58,115.89,0.927995828,-0.173351774,0.201430608,0.261148647,-0.2325845,-0.1988272,0.3529428
seq-01/frame-000120,1,0.00346157,0.261640,1281,655,458,1.25,74.90,29.28,9.99,115.42,0.929496009,-0.176885352,0.201960465,0.252904550,-0.2277820,-0.2021821,0.3474000
seq-01/frame-000121,1,0.00346109,0.261877,1281,655,458,0.84,73.90,27.69,8.81,111.25,0.929496009,-0.176885352,0.201960465,0.252904550,-0.2277820,-0.2021821,0.3474000
seq-01/frame-000122,1,0.00235935,0.070488,1482,761,526,0.86,76.51,33.95,9.00,120.32,0.931746735,-0.175516440,0.200453540,0.246698967,-0.2251276,-0.2016718,0.3405013
seq-01/frame-000123,1,0.00467802,0.278349,1394,734,509,0.85,73.71,50.06,12.94,137.57,0.933904878,-0.175224174,0.198269066,0.240431996,-0.2232058,-0.2010435,0.3337382
seq-01/frame-000124,1,0.00481159,0.290162,1484,787,542,0.85,70.12,42.58,12.97,126.52,0.936672521,-0.176600834,0.193120014,0.232726005,-0.2195563,-0.1988633,0.3263312
seq-01/frame-000125,1,0.00481973,0.291188,1484,787,542,0.87,78.59,30.38,10.18,120.02,0.936672521,-0.176600834,0.193120014,0.232726005,-0.2195563,-0.1988633,0.3263312
seq-01/frame-000126,1,0.00393933,0.212726,1501,824,600,0.87,94.55,34.46,7.61,137.49,0.939088015,-0.179048977,0.186195309,0.226685842,-0.2136743,-0.1980553,0.3194026
seq-01/frame-000127,1,0.00574688,0.385562,1503,813,588,0.85,82.53,27.50,9.02,119.90,0.939978039,-0.181161263,0.183211215,0.223730941,-0.2110038,-0.1979505,0.3128121
seq-01/frame-000128,1,0.00366148,0.186090,1667,907,656,0.91,90.61,39.04,9.91,140.47,0.940403777,-0.184432861,0.176900004,0.224347152,-0.2050062,-0.2010819,0.3060249
seq-01/frame-000129,1,0.00364522,0.183857,1667,907,656,0.92,95.24,48.20,12.87,157.22,0.940403777,-0.184432861,0.176900004,0.224347152,-0.2050062,-0.2010819,0.3060249
seq-01/frame-000130,1,0.00313704,0.183463,1496,761,540,0.86,78.62,51.06,10.61,141.15,0.942254283,-0.184842293,0.168650556,0.222591965,-0.1997601,-0.2029607,0.3004515
seq-01/frame-000131,1,0.00116049,0.066911,1351,723,526,0.87,75.40,36.20,7.45,119.93,0.945640821,-0.182835030,0.155941563,0.219127861,-0.1916501,-0.1980242,0.2901639
seq-01/frame-000132,1,0.00311320,0.153180,1346,805,597,0.85,83.35,31.01,13.87,129.07,0.947366942,-0.185563280,0.148402308,0.214566776,-0.1830652,-0.1971081,0.2826640
seq-01/frame-000133,1,0.00341804,0.200149,1330,796,606,0.85,95.59,37.69,5.80,139.93,0.948046470,-0.188182564,0.145820337,0.211025220,-0.1750419,-0.1995560,0.2752054
seq-01/frame-000134,1,0.00343353,0.199104,1330,796,606,0.85,59.38,30.90,6.29,97.42,0.948046470,-0.188182564,0.145820337,0.211025220,-0.1750419,-0.1995560,0.2752054
seq-01/frame-000135,1,0.00283337,0.152211,1734,931,658,0.91,83.10,45.23,12.48,141.72,0.949164510,-0.187794441,0.144593009,0.207154150,-0.1733444,-0.1992932,0.2680988
seq-01/frame-000136,1,0.00327046,0.176902,1482,788,587,0.90,68.83,33.90,9.24,112.89,0.949627187,-0.191131769,0.139728062,0.205311768,-0.1718064,-0.2039960,0.2629830
seq-01/frame-000137,1,0.00402973,0.236376,1614,909,682,0.89,77.00,45.08,9.99,132.96,0.951439420,-0.189612948,0.128585576,0.205610580,-0.1627803,-0.2013175,0.2550770
seq-01/frame-000138,1,0.00401742,0.235607,1614,909,682,0.88,81.45,37.50,10.03,129.87,0.951439420,-0.189612948,0.128585576,0.205610580,-0.1627803,-0.2013175,0.2550770
seq-01/frame-000139,1,0.00460791,0.281850,1190,678,502,0.81,66.14,27.47,10.60,105.03,0.953002370,-0.188988367,0.122072394,0.202899509,-0.1556995,-0.1964703,0.2468427
seq-01/frame-000140,1,0.00434496,0.275480,1082,648,493,0.80,72.76,20.10,10.34,104.00,0.953264784,-0.193759489,0.118438251,0.199288466,-0.1490604,-0.1952804,0.2414720
seq-01/frame-000141,1,0.00487173,0.314555,1617,890,665,0.88,82.82,47.15,10.33,141.19,0.952866072,-0.200201813,0.114445359,0.197149039,-0.1427759,-0.1989839,0.2376607
seq-01/frame-000142,1,0.00486904,0.314282,1617,890,665,0.87,79.09,44.00,9.69,133.66,0.952866072,-0.200201813,0.114445359,0.197149039,-0.1427759,-0.1989839,0.2376607
seq-01/frame-000143,1,0.00393428,0.203415,1648,892,662,0.90,92.64,39.86,11.96,145.36,0.953636139,-0.201202826,0.108710649,0.195646447,-0.1359284,-0.1982037,0.2323836
seq-01/frame-000144,1,0.00402719,0.208260,1560,873,652,1.30,86.24,32.99,9.06,129.59,0.953218527,-0.203340238,0.105078204,0.197448118,-0.1316040,-0.2014524,0.2291801
seq-01/frame-000145,1,0.00294356,0.124453,1461,830,633,0.87,90.36,32.68,14.70,138.61,0.954105597,-0.201054058,0.095842920,0.200184688,-0.1233559,-0.1996546,0.2242682
seq-01/frame-000146,1,0.00294474,0.122438,1461,830,633,0.83,75.32,47.69,11.15,134.99,0.954105597,-0.201054058,0.095842920,0.200184688,-0.1233559,-0.1996546,0.2242682
seq-01/frame-000147,1,0.00344626,0.252562,1703,959,725,0.90,91.99,43.86,7.75,144.50,0.955663271,-0.198768434,0.084456935,0.200164555,-0.1115892,-0.1938749,0.2195200
seq-01/frame-000148,1,0.00402441,0.289508,1593,926,715,0.89,79.52,57.88,6.73,145.03,0.956137044,-0.198694691,0.078810513,0.200277995,-0.1022066,-0.1912869,0.2168365
seq-01/frame-000149,1,0.00405002,0.290622,1593,926,715,0.90,94.49,52.76,6.74,154.89,0.956137044,-0.198694691,0.078810513,0.200277995,-0.1022066,-0.1912869,0.2168365
seq-01/frame-000150,1,0.00393030,0.256678,1093,689,545,0.82,61.56,28.65,6.36,97.39,0.957461845,-0.197037774,0.074142520,0.197346949,-0.0918027,-0.1865754,0.2134726
seq-01/frame-000151,1,0.00766701,0.551652,825,453,323,0.76,69.44,15.98,7.21,93.40,0.958587976,-0.194601723,0.074146335,0.194271929,-0.0807181,-0.1793938,0.2101533
seq-01/frame-000152,1,0.00488341,0.419243,809,477,371,0.77,58.86,27.89,21.83,109.34,0.958304497,-0.197746185,0.073361830,0.192787394,-0.0645383,-0.1787678,0.2086351
seq-01/frame-000153,1,0.00487744,0.418845,809,477,371,0.75,53.64,34.34,10.54,99.28,0.958304497,-0.197746185,0.073361830,0.192787394,-0.0645383,-0.1787678,0.2086351
seq-01/frame-000154,1,0.00385470,0.272804,919,606,487,0.78,52.09,39.12,10.72,102.72,0.959365759,-0.198114021,0.076429569,0.185813604,-0.0598948,-0.1771538,0.2056167
seq-01/frame-000155,1,0.00484050,0.338498,820,516,400,0.78,61.21,28.66,11.08,101.73,0.960397809,-0.198774821,0.073941296,0.180713317,-0.0469756,-0.1733101,0.2034842
seq-01/frame-000156,1,0.00292860,0.255191,882,539,407,0.80,55.90,26.99,6.49,90.19,0.960783937,-0.198047723,0.072984011,0.179846213,-0.0315515,-0.1689768,0.2036373
seq-01/frame-000157,1,0.00262486,0.101634,1013,663,536,0.81,64.37,29.01,12.69,106.88,0.961145941,-0.197114460,0.076558944,0.177434769,-0.0248288,-0.1697218,0.2005178
seq-01/frame-000158,1,0.00260197,0.102367,1013,663,536,0.79,68.46,28.21,6.67,104.13,0.961145941,-0.197114460,0.076558944,0.177434769,-0.0248288,-0.1697218,0.2005178
seq-01/frame-000159,1,0.00387392,0.289858,883,534,401,0.79,72.72,24.21,12.32,110.04,0.962708037,-0.193657872,0.074240531,0.173718760,-0.0126789,-0.1646403,0.2019119
seq-01/frame-000160,1,0.00105146,0.110852,758,343,230,0.75,63.96,15.98,5.66,86.36,0.963711120,-0.188803393,0.076238976,0.172631904,-0.0006144,-0.1617791,0.2011504
seq-01/frame-000161,1,0.01091309,0.705668,632,279,182,1.69,58.54,16.58,20.97,97.78,0.964654395,-0.184745650,0.081958754,0.169096733,0.0103860,-0.1588805,0.1960864
seq-01/frame-000162,1,0.01071239,0.689538,632,279,182,0.71,57.26,16.73,9.58,84.28,0.964654395,-0.184745650,0.081958754,0.169096733,0.0103860,-0.1588805,0.1960864
seq-01/frame-000163,1,0.00736140,0.608573,630,269,165,0.77,55.85,28.83,16.55,102.00,0.963937098,-0.186475239,0.095030820,0.164381869,0.0114897,-0.1606537,0.1988026
seq-01/frame-000164,1,0.00960237,0.855148,644,289,175,0.96,61.90,25.16,9.77,97.80,0.965084377,-0.180513662,0.105173283,0.158004884,0.0203918,-0.1528746,0.2025396
seq-01/frame-000165,1,0.00968048,0.856307,644,289,175,0.77,52.74,20.90,11.02,85.43,0.965084377,-0.180513662,0.105173283,0.158004884,0.0203918,-0.1528746,0.2025396
seq-01/frame-000166,1,0.00156865,0.405140,565,210,123,0.76,47.21,13.33,10.82,72.19,0.965849222,-0.174361272,0.112752853,0.154984582,0.0366195,-0.1465981,0.1995442
seq-01/frame-000167,1,0.00928597,0.712507,555,227,135,0.75,64.03,17.87,13.40,96.05,0.964058636,-0.179011692,0.121257731,0.154409598,0.0481621,-0.1526825,0.1973345
seq-01/frame-000168,1,0.00813154,0.484281,549,235,143,0.76,59.84,15.48,9.97,86.04,0.963400851,-0.176677964,0.130730232,0.153470856,0.0605372,-0.1490040,0.1968843
seq-01/frame-000169,1,0.00800457,0.478394,549,235,143,0.75,70.95,22.16,12.22,106.09,0.963400851,-0.176677964,0.130730232,0.153470856,0.0605372,-0.1490040,0.1968843
seq-01/frame-000170,1,0.00730723,0.510753,593,279,179,0.76,66.17,24.96,19.38,111.26,0.963610810,-0.173571014,0.134416276,0.152510896,0.0786702,-0.1430403,0.1973855
seq-01/frame-000171,1,0.00585618,0.315135,736,383,272,1.28,77.11,32.58,18.40,129.37,0.962676673,-0.172288923,0.143661786,0.151431312,0.0850344,-0.1411886,0.2007817
seq-01/frame-000172,1,0.00551472,0.293429,736,383,272,0.93,84.98,34.17,22.76,142.85,0.962676673,-0.172288923,0.143661786,0.151431312,0.0850344,-0.1411886,0.2007817
seq-01/frame-000173,1,0.00464548,0.402283,641,357,259,1.15,71.99,26.57,8.19,107.91,0.961652770,-0.171895066,0.150432312,0.151809607,0.0926755,-0.1423578,0.2057611
seq-01/frame-000174,1,0.00451574,0.325009,556,268,183,0.74,70.03,21.15,8.15,100.07,0.961459101,-0.165206666,0.155207949,0.155607347,0.1023748,-0.1398711,0.2073387
seq-01/frame-000175,1,0.00560825,0.288082,832,466,323,0.80,79.71,37.66,19.27,137.45,0.961968011,-0.155540537,0.158533089,0.159034419,0.1193921,-0.1313381,0.2060919
seq-01/frame-000176,1,0.00559753,0.287424,832,466,323,1.72,84.68,46.21,22.06,154.66,0.961968011,-0.155540537,0.158533089,0.159034419,0.1193921,-0.1313381,0.2060919
seq-01/frame-000177,1,0.00797910,0.507288,720,339,220,1.01,72.39,46.24,10.95,130.58,0.961584416,-0.151496817,0.163000380,0.160732702,0.1351096,-0.1270625,0.2054261
seq-01/frame-000178,1,0.00409721,0.319351,665,258,140,0.85,87.39,29.38,17.83,135.45,0.959309151,-0.146603574,0.178550784,0.162335953,0.1425444,-0.1218785,0.2103336
seq-01/frame-000179,1,0.00100223,0.293544,557,265,184,3.52,73.78,24.19,11.48,112.98,0.956174360,-0.143226627,0.196419690,0.163205494,0.1486196,-0.1178289,0.2145522
seq-01/frame-000180,1,0.00056017,0.293835,557,265,184,1.16,87.60,19.36,10.85,118.98,0.956174360,-0.143226627,0.196419690,0.163205494,0.1486196,-0.1178289,0.2145522
seq-01/frame-000181,1,0.00632723,0.396208,671,270,155,0.77,82.68,26.66,9.51,119.62,0.953503333,-0.144196174,0.206311649,0.165753919,0.1600272,-0.1226102,0.2143582
seq-01/frame-000182,1,0.00618581,0.352945,556,286,196,1.27,75.04,24.64,6.24,107.19,0.951888723,-0.137697364,0.218362840,0.165121062,0.1669260,-0.1190146,0.2166074
seq-01/frame-000183,1,0.00271563,0.273593,663,353,252,0.75,89.37,24.87,17.62,132.62,0.949907689,-0.135055437,0.230379537,0.162359726,0.1717841,-0.1172872,0.2212176
seq-01/frame-000184,1,0.00666232,0.471677,572,281,194,3.10,84.89,32.78,15.12,135.89,0.949787284,-0.133440727,0.234223743,0.158861342,0.1853809,-0.1151551,0.2231770
seq-01/frame-000185,1,0.00665778,0.469978,572,281,194,0.85,74.67,26.00,18.24,119.75,0.949787284,-0.133440727,0.234223743,0.158861342,0.1853809,-0.1151551,0.2231770
seq-01/frame-000186,1,0.00391364,0.242336,512,250,170,0.76,73.42,34.21,23.30,131.69,0.947260828,-0.130514742,0.247724972,0.155869064,0.1911738,-0.1145161,0.2280042
seq-01/frame-000187,1,0.00628014,0.420306,452,245,175,2.53,72.08,18.83,14.20,107.64,0.944737007,-0.127026013,0.259325401,0.155198959,0.1974987,-0.1142734,0.2265311
seq-01/frame-000188,1,0.00678600,0.435466,421,268,205,1.30,86.48,18.52,7.78,114.09,0.941323831,-0.125291189,0.273812238,0.152441534,0.1974849,-0.1153439,0.2274997
seq-01/frame-000189,1,0.00636577,0.230550,425,249,205,0.72,83.81,23.63,13.97,122.14,0.939711030,-0.122100110,0.280207722,0.153357018,0.2053307,-0.1154468,0.2271819
seq-01/frame-000190,1,0.00678343,0.267054,425,249,205,2.18,74.05,20.21,14.18,110.61,0.939711030,-0.122100110,0.280207722,0.153357018,0.2053307,-0.1154468,0.2271819
seq-01/frame-000191,1,0.00823214,0.264724,403,245,194,1.76,81.24,18.69,7.99,109.68,0.938085022,-0.117988991,0.287479052,0.153071501,0.2088251,-0.1178493,0.2251957
seq-01/frame-000192,1,0.00614794,0.456123,373,230,185,1.65,77.32,18.35,12.48,109.80,0.936346142,-0.112310338,0.296099444,0.151550026,0.2154502,-0.1159575,0.2254047
seq-01/frame-000193,1,0.01121031,0.475054,341,205,166,0.73,73.24,16.14,8.23,98.34,0.932407951,-0.110009144,0.308267713,0.153246268,0.2181005,-0.1170864,0.2198657
seq-01/frame-000194,1,0.00737402,0.475423,379,240,192,2.05,68.22,18.29,12.81,101.39,0.928309628,-0.108463573,0.319499817,0.156194604,0.2261957,-0.1171510,0.2220709
seq-01/frame-000195,1,0.00882053,0.571578,324,221,167,0.71,69.00,14.87,13.88,98.46,0.924767707,-0.104356406,0.330881500,0.156306950,0.2332995,-0.1153430,0.2187859
seq-01/frame-000196,1,0.00883135,0.571314,324,221,167,1.00,63.73,16.80,15.96,97.50,0.924767707,-0.104356406,0.330881500,0.156306950,0.2332995,-0.1153430,0.2187859
seq-01/frame-000197,1,0.00685974,0.584153,363,220,165,1.40,70.84,20.85,11.43,104.52,0.920094692,-0.100993529,0.343699126,0.158420248,0.2433456,-0.1133184,0.2143595
seq-01/frame-000198,1,0.01193685,0.797889,386,231,171,1.27,59.80,16.98,16.46,94.52,0.912215319,-0.099783129,0.361210725,0.165630164,0.2408074,-0.1203786,0.2132765
seq-01/frame-000199,1,0.00850615,0.372048,462,276,211,0.98,71.26,14.83,8.23,95.30,0.908532198,-0.097945507,0.369271673,0.169157780,0.2497707,-0.1233177,0.2062693
seq-01/frame-000200,1,0.00852837,0.709226,457,282,208,1.11,75.43,19.45,15.87,111.86,0.907876223,-0.092851027,0.370122877,0.173633253,0.2701348,-0.1179172,0.2002654
seq-01/frame-000201,1,0.00992908,0.518220,457,304,229,0.92,79.64,15.38,8.83,104.78,0.899588842,-0.093653883,0.388255980,0.176709250,0.2626584,-0.1270936,0.1985140
seq-01/frame-000202,1,0.00997661,0.525922,457,304,229,1.13,72.75,18.06,8.38,100.32,0.899588842,-0.093653883,0.388255980,0.176709250,0.2626584,-0.1270936,0.1985140
seq-01/frame-000203,1,0.00841610,0.225899,459,289,226,0.82,60.58,19.29,16.04,96.74,0.896688497,-0.092704725,0.394049655,0.179110140,0.2711003,-0.1283660,0.1889749
seq-01/frame-000204,1,0.00199011,0.136092,594,379,295,2.15,74.31,20.91,13.56,110.94,0.890989817,-0.093627404,0.404615345,0.183459743,0.2778739,-0.1296938,0.1898136
seq-01/frame-000205,1,0.00283748,0.123118,689,452,373,3.40,66.60,20.15,13.65,103.80,0.888573846,-0.094402294,0.408418393,0.186330737,0.2850806,-0.1321730,0.1845510
seq-01/frame-000206,1,0.00110056,0.062948,717,485,401,2.25,64.94,29.09,13.50,109.78,0.887080886,-0.093045838,0.411306064,0.187769259,0.2906569,-0.1325008,0.1807170
seq-01/frame-000207,1,0.00341365,0.236071,606,368,308,0.73,59.98,29.80,10.15,100.65,0.884866982,-0.096016668,0.415157058,0.188244100,0.2946667,-0.1351787,0.1734986
seq-01/frame-000208,1,0.00149560,0.064890,538,326,266,0.76,56.31,18.23,10.20,85.51,0.882066430,-0.097398550,0.421629178,0.186282506,0.2991333,-0.1324403,0.1740302
seq-01/frame-000209,1,0.00297795,0.181228,550,354,268,0.71,60.79,18.49,11.33,91.32,0.880013772,-0.099773498,0.426525283,0.183567953,0.3043382,-0.1331153,0.1683523
seq-01/frame-000210,1,0.00298202,0.182348,550,354,268,0.72,51.91,32.14,8.21,92.99,0.880013772,-0.099773498,0.426525283,0.183567953,0.3043382,-0.1331153,0.1683523
seq-01/frame-000211,1,0.00243707,0.119629,790,487,401,0.73,82.51,37.64,16.22,137.10,0.877830290,-0.102576652,0.430679259,0.182776883,0.3091553,-0.1328407,0.1658974
seq-01/frame-000212,1,0.00316502,0.218051,852,519,405,0.74,68.00,53.25,12.82,134.81,0.876909000,-0.104066956,0.432040608,0.183143626,0.3152089,-0.1323597,0.1626361
seq-01/frame-000213,1,0.00105074,0.075211,841,488,365,0.77,72.88,37.26,11.83,122.75,0.875408262,-0.103602777,0.435329390,0.182798143,0.3194726,-0.1300801,0.1625329
seq-01/frame-000214,1,0.00104427,0.074935,841,488,365,0.76,82.33,35.44,8.76,127.30,0.875408262,-0.103602777,0.435329390,0.182798143,0.3194726,-0.1300801,0.1625329
seq-01/frame-000215,1,0.00175490,0.133225,1059,586,430,1.05,95.95,40.82,6.12,143.94,0.875492406,-0.103190883,0.435912797,0.181231129,0.3221930,-0.1272140,0.1589823
seq-01/frame-000216,1,0.00159620,0.177863,1071,560,413,0.83,97.21,38.77,13.45,150.26,0.876457451,-0.104223182,0.434005564,0.180552027,0.3267339,-0.1262439,0.1574195
seq-01/frame-000217,1,0.00284363,0.307923,773,450,325,0.91,91.73,22.76,16.67,132.07,0.878690000,-0.101946820,0.429647781,0.181420820,0.3289471,-0.1236938,0.1553499
seq-01/frame-000218,1,0.00165278,0.230491,651,386,281,0.71,86.38,19.65,17.83,124.58,0.883287487,-0.099976723,0.421070647,0.180298032,0.3319279,-0.1223342,0.1530576
seq-01/frame-000219,1,0.00160078,0.226562,651,386,281,0.93,85.42,27.45,12.30,126.10,0.883287487,-0.099976723,0.421070647,0.180298032,0.3319279,-0.1223342,0.1530576
seq-01/frame-000220,1,0.00145020,0.137057,607,360,279,1.33,73.07,27.26,11.23,112.89,0.888686590,-0.097259331,0.410968077,0.178555330,0.3365865,-0.1217673,0.1507650
seq-01/frame-000221,1,0.00134590,0.126449,878,485,384,1.53,93.38,39.91,14.16,148.99,0.893309046,-0.094460020,0.402564120,0.176120363,0.3392170,-0.1216532,0.1469949
seq-01/frame-000222,1,0.00308512,0.211812,1131,613,462,0.84,100.04,50.18,11.68,162.75,0.895868486,-0.095375240,0.398248030,0.172399900,0.3414011,-0.1221652,0.1419493
seq-01/frame-000223,1,0.00263048,0.135232,1122,650,485,0.80,87.03,52.52,11.82,152.16,0.897646375,-0.094707582,0.395879860,0.168939620,0.3431102,-0.1206442,0.1376728
seq-01/frame-000224,1,0.00263979,0.135372,1122,650,485,0.81,91.65,46.66,11.70,150.82,0.897646375,-0.094707582,0.395879860,0.168939620,0.3431102,-0.1206442,0.1376728
seq-01/frame-000225,1,0.00082905,0.100017,1046,601,451,2.57,94.17,42.08,20.14,158.96,0.900158638,-0.093705711,0.391389930,0.166576075,0.3455606,-0.1184036,0.1348387
seq-01/frame-000226,1,0.00236504,0.163170,1129,623,487,2.65,109.47,42.10,15.37,169.59,0.902256438,-0.094670540,0.387133223,0.164616758,0.3464786,-0.1188065,0.1290382
seq-01/frame-000227,1,0.00250427,0.205203,1109,617,469,2.29,100.22,51.14,8.97,162.62,0.903868545,-0.094943213,0.383305054,0.164574223,0.3489071,-0.1189092,0.1249815
seq-01/frame-000228,1,0.00150174,0.188831,840,505,382,1.27,97.35,37.40,8.15,144.18,0.906244017,-0.093448135,0.377905704,0.164852984,0.3503302,-0.1171069,0.1219489
seq-01/frame-000229,1,0.00203497,0.249412,761,472,370,0.77,96.12,22.54,8.94,128.37,0.909726866,-0.092609287,0.369739348,0.164661362,0.3517058,-0.1160143,0.1160021
seq-01/frame-000230,1,0.00169300,0.201086,721,449,355,2.67,89.37,24.65,10.72,127.41,0.913051730,-0.093910624,0.360961192,0.164998032,0.3529999,-0.1142793,0.1112840
seq-01/frame-000231,1,0.00154187,0.197939,721,449,355,0.76,64.16,23.91,11.77,100.60,0.913051730,-0.093910624,0.360961192,0.164998032,0.3529999,-0.1142793,0.1112840
seq-01/frame-000232,1,0.00314320,0.242364,1082,645,498,5.49,67.22,31.69,11.50,115.90,0.915798139,-0.096177123,0.353635751,0.164333458,0.3566215,-0.1156807,0.1055436
seq-01/frame-000233,1,0.00149791,0.209508,951,564,439,1.22,71.43,26.04,7.94,106.63,0.917392748,-0.093984916,0.349282327,0.166009750,0.3580295,-0.1148956,0.1017245
seq-01/frame-000234,1,0.00271937,0.122959,913,560,431,0.78,66.16,25.17,13.01,105.12,0.919847705,-0.093030675,0.343830046,0.164336218,0.3552341,-0.1144704,0.0946465
seq-01/frame-000235,1,0.00236892,0.159964,1056,650,499,0.81,70.08,27.36,7.76,106.01,0.922338437,-0.095544912,0.338053484,0.160881385,0.3592708,-0.1137346,0.0865388
seq-01/frame-000236,1,0.00114438,0.102478,1022,630,494,0.82,74.27,29.21,15.10,119.39,0.922515304,-0.095301959,0.337238899,0.161718817,0.3611804,-0.1142028,0.0838883
seq-01/frame-000237,1,0.00128390,0.196107,852,538,416,0.74,71.61,22.92,10.57,105.84,0.924033736,-0.092140292,0.333097789,0.163455449,0.3620185,-0.1154364,0.0795235
seq-01/frame-000238,1,0.00122494,0.194098,852,538,416,0.79,58.88,25.19,10.58,95.44,0.924033736,-0.092140292,0.333097789,0.163455449,0.3620185,-0.1154364,0.0795235
seq-01/frame-000239,1,0.00372021,0.153853,717,456,367,0.73,62.20,20.38,7.23,90.53,0.926018996,-0.087690042,0.328098925,0.164773693,0.3605035,-0.1185552,0.0727410
seq-01/frame-000240,1,0.00288995,0.234933,739,474,378,0.73,62.12,39.54,11.65,114.04,0.929109077,-0.080124465,0.319105963,0.168842462,0.3601151,-0.1161630,0.0650437
seq-01/frame-000241,1,0.00184750,0.153483,971,607,478,0.76,58.17,25.53,10.90,95.36,0.932441098,-0.075610038,0.309672130,0.170117292,0.3642361,-0.1148957,0.0593185
seq-01/frame-000242,1,0.00249022,0.153383,951,583,460,1.08,71.73,31.13,10.75,114.69,0.934407598,-0.071137539,0.303759393,0.171907308,0.3654366,-0.1162723,0.0522862
seq-01/frame-000243,1,0.00165223,0.159056,1128,703,558,0.87,90.93,34.92,11.83,138.55,0.936880796,-0.065666248,0.297503366,0.171563591,0.3669290,-0.1132244,0.0426708
seq-01/frame-000244,1,0.00312342,0.207808,1280,744,586,0.83,87.64,32.89,13.21,134.56,0.938150412,-0.064842645,0.293584918,0.171689057,0.3709107,-0.1144034,0.0353576
seq-01/frame-000245,1,0.00312203,0.207724,1280,744,586,0.82,73.92,42.48,36.30,153.53,0.938150412,-0.064842645,0.293584918,0.171689057,0.3709107,-0.1144034,0.0353576
seq-01/frame-000246,1,0.00284508,0.281599,1092,609,482,2.53,75.05,31.89,12.36,121.83,0.938651467,-0.061244973,0.291554707,0.173719114,0.3743643,-0.1146443,0.0293935
seq-01/frame-000247,1,0.00165995,0.205663,1272,700,549,2.78,91.61,46.87,14.35,155.62,0.940065211,-0.055957285,0.289226259,0.171739199,0.3758902,-0.1103033,0.0216950
seq-01/frame-000248,1,0.00563038,0.333138,1198,677,546,0.81,77.53,33.04,9.35,120.75,0.940816336,-0.055192620,0.286693197,0.172120331,0.3796903,-0.1131385,0.0135431
seq-01/frame-000249,1,0.00291683,0.228770,1295,702,549,0.84,72.70,54.29,11.00,138.82,0.941340971,-0.049118562,0.284748654,0.174306472,0.3819012,-0.1071512,0.0069893
seq-01/frame-000250,1,0.00378793,0.262186,1271,720,559,0.84,74.85,64.16,24.78,164.62,0.942273382,-0.047955248,0.281254098,0.175263518,0.3871370,-0.1061902,-0.0003887
seq-01/frame-000251,1,0.00421309,0.426002,994,552,453,1.10,70.79,41.08,15.28,128.25,0.943492266,-0.045600748,0.276769257,0.176470096,0.3953174,-0.1083500,-0.0053854
seq-01/frame-000252,1,0.00429329,0.432591,994,552,453,0.77,68.31,49.17,19.42,137.68,0.943492266,-0.045600748,0.276769257,0.176470096,0.3953174,-0.1083500,-0.0053854
seq-01/frame-000253,1,0.00336246,0.355557,1061,596,495,0.80,92.81,69.76,6.87,170.24,0.944406127,-0.037816623,0.273763819,0.178102052,0.3990877,-0.1045246,-0.0127366
seq-01/frame-000254,1,0.00249950,0.269575,1259,737,588,0.81,120.73,68.16,8.07,197.77,0.944738948,-0.032091487,0.271220092,0.181323245,0.4006600,-0.1018661,-0.0197428
seq-01/frame-000255,1,0.00598528,0.413502,1273,724,576,3.06,113.00,76.22,14.29,206.57,0.946527165,-0.029537136,0.264044300,0.183015004,0.4090163,-0.1001341,-0.0279103
seq-01/frame-000256,1,0.00596107,0.403034,1325,743,584,4.09,120.74,104.78,14.17,243.78,0.947745966,-0.027237419,0.259004253,0.184262054,0.4156069,-0.0979063,-0.0367653
seq-01/frame-000257,1,0.00488641,0.400357,1283,742,596,1.87,140.45,75.68,16.23,234.24,0.948173878,-0.024890905,0.255059243,0.187860382,0.4216772,-0.0958456,-0.0409642
seq-01/frame-000258,1,0.00547003,0.365755,1246,726,578,2.62,153.19,68.53,22.03,246.38,0.949260941,-0.025110775,0.250260011,0.188793650,0.4270718,-0.0923890,-0.0517411
seq-01/frame-000259,1,0.00540772,0.364123,1246,726,578,0.81,158.96,84.45,19.29,263.51,0.949260941,-0.025110775,0.250260011,0.188793650,0.4270718,-0.0923890,-0.0517411
seq-01/frame-000260,1,0.00450824,0.358069,1090,708,578,0.80,120.97,78.44,36.44,236.65,0.949921624,-0.027167768,0.247189166,0.189230908,0.4382949,-0.0885386,-0.0592238
seq-01/frame-000261,1,0.00559978,0.480642,1285,737,587,1.12,160.52,86.43,24.89,272.96,0.949936688,-0.030039337,0.246221556,0.189981241,0.4445786,-0.0908730,-0.0623970
seq-01/frame-000262,1,0.00427530,0.314772,1114,688,563,1.17,138.46,49.70,36.27,225.60,0.952788463,-0.031635093,0.240963341,0.182016575,0.4507408,-0.0920207,-0.0662988
seq-01/frame-000263,1,0.00432856,0.315319,1114,688,563,0.81,159.98,45.09,9.87,215.75,0.952788463,-0.031635093,0.240963341,0.182016575,0.4507408,-0.0920207,-0.0662988
seq-01/frame-000264,1,0.00477143,0.428261,1223,728,616,0.83,194.75,39.36,24.97,259.92,0.955610452,-0.031669393,0.233509212,0.176859158,0.4593207,-0.0887355,-0.0699584
seq-01/frame-000265,1,0.00693992,0.522104,1311,773,632,0.84,174.14,63.52,14.86,253.36,0.957446868,-0.034718389,0.227675000,0.173937410,0.4672911,-0.0891028,-0.0745385
seq-01/frame-000266,1,0.00594562,0.533995,1115,678,576,0.81,111.43,78.13,22.04,212.42,0.958485015,-0.036484068,0.222496003,0.174559211,0.4715893,-0.0881059,-0.0753264
seq-01/frame-000267,1,0.00595572,0.533112,1115,678,576,0.80,122.87,84.78,13.36,221.82,0.958485015,-0.036484068,0.222496003,0.174559211,0.4715893,-0.0881059,-0.0753264
seq-01/frame-000268,1,0.00463762,0.409984,855,538,437,0.76,104.77,75.34,6.65,187.52,0.960670387,-0.040483144,0.213739904,0.172594249,0.4795390,-0.0940772,-0.0785527
seq-01/frame-000269,1,0.00728199,0.474387,852,522,426,0.76,86.13,65.71,19.74,172.34,0.964094565,-0.038908973,0.203746849,0.165816111,0.4870188,-0.0979355,-0.0830383
seq-01/frame-000270,1,0.00919715,0.656256,754,482,387,0.76,109.40,49.16,24.39,183.70,0.967102520,-0.037068260,0.193605493,0.160796684,0.4908242,-0.0928469,-0.0830964
seq-01/frame-000271,1,0.01102850,0.586533,659,425,334,0.75,108.71,37.17,12.25,158.89,0.970601340,-0.045914240,0.179109840,0.154092783,0.4991240,-0.1023811,-0.0904637
seq-01/frame-000272,1,0.01099362,0.586810,659,425,334,0.75,96.42,45.28,11.10,153.56,0.970601340,-0.045914240,0.179109840,0.154092783,0.4991240,-0.1023811,-0.0904637
seq-01/frame-000273,1,0.00647427,0.569183,597,329,243,0.74,144.53,54.21,18.13,217.62,0.975393449,-0.040862455,0.161962914,0.143895426,0.5088936,-0.1005199,-0.0864207
seq-01/frame-000274,1,0.00615590,0.502695,796,478,380,0.78,123.76,40.83,9.49,174.87,0.979954331,-0.037595838,0.143779329,0.132678436,0.5188305,-0.0951709,-0.0866375
seq-01/frame-000275,1,0.00422853,0.354763,888,582,484,0.82,124.34,50.18,11.22,186.57,0.982411154,-0.038287467,0.129852532,0.128610710,0.5287257,-0.0941828,-0.0892081
seq-01/frame-000276,1,0.00474733,0.339601,1028,692,569,0.83,134.09,66.23,26.51,227.67,0.983737201,-0.038699941,0.118338650,0.129458094,0.5393209,-0.0924981,-0.0873440
seq-01/frame-000277,1,0.00470284,0.336199,1028,692,569,0.80,141.08,77.40,11.60,230.87,0.983737201,-0.038699941,0.118338650,0.129458094,0.5393209,-0.0924981,-0.0873440
seq-01/frame-000278,1,0.00391752,0.313782,858,555,467,0.79,125.31,59.12,14.81,200.04,0.984283583,-0.039284794,0.106594019,0.135204470,0.5487843,-0.0943159,-0.0888868
seq-01/frame-000279,1,0.00517520,0.290998,1101,686,562,0.79,141.01,81.18,21.81,244.79,0.985852590,-0.038232730,0.093077028,0.134050724,0.5636155,-0.0950773,-0.0894881
seq-01/frame-000280,1,0.00341304,0.155944,1222,758,612,0.83,138.90,63.05,33.18,235.96,0.987415626,-0.034832034,0.085583088,0.128345803,0.5747917,-0.0915198,-0.0885608
seq-01/frame-000281,1,0.00344032,0.153199,1222,758,612,0.83,139.37,68.88,12.96,222.04,0.987415626,-0.034832034,0.085583088,0.128345803,0.5747917,-0.0915198,-0.0885608
seq-01/frame-000282,1,0.00504473,0.263298,1277,781,632,0.86,126.53,124.32,21.72,273.44,0.988882501,-0.034894666,0.078837537,0.121154464,0.5854691,-0.0919903,-0.0901635
seq-01/frame-000283,1,0.00662665,0.374868,1299,777,604,0.90,131.25,95.99,13.00,241.14,0.989840217,-0.034517333,0.072899579,0.117092056,0.5948888,-0.0898959,-0.0912370
seq-01/frame-000284,1,0.00826494,0.456291,1138,723,589,0.84,160.50,51.48,27.20,240.03,0.990258441,-0.034771922,0.067139607,0.116924789,0.6099191,-0.0892947,-0.0911360
seq-01/frame-000285,1,0.00969538,0.545107,950,613,508,0.81,148.16,49.90,21.90,220.76,0.990050093,-0.034684510,0.068007317,0.118206608,0.6206631,-0.0865424,-0.0933142
seq-01/frame-000286,1,0.00804845,0.449789,1305,770,628,0.86,136.41,71.60,11.18,220.05,0.989572414,-0.037991505,0.067740366,0.121302622,0.6318114,-0.0900064,-0.0909661
seq-01/frame-000287,1,0.00798699,0.446498,1305,770,628,0.86,134.50,65.37,7.00,207.73,0.989572414,-0.037991505,0.067740366,0.121302622,0.6318114,-0.0900064,-0.0909661
seq-01/frame-000288,1,0.00472371,0.228489,1118,752,628,0.84,117.28,59.63,19.98,197.73,0.989717796,-0.037835216,0.062840279,0.122793648,0.6384195,-0.0909165,-0.0920070
seq-01/frame-000289,1,0.00280764,0.188977,920,557,443,0.80,124.51,33.40,10.23,168.94,0.990487650,-0.037593630,0.051559740,0.121911964,0.6470773,-0.0916242,-0.0954895
seq-01/frame-000290,1,0.00377614,0.213536,1051,645,504,0.83,110.88,38.03,8.25,157.99,0.991989245,-0.036091703,0.038471223,0.114781059,0.6591778,-0.0890966,-0.0952896
seq-01/frame-000291,1,0.00714511,0.394171,1195,698,570,0.86,140.16,80.15,7.82,228.99,0.993106913,-0.038961376,0.029007421,0.106673525,0.6696372,-0.0909233,-0.0950341
seq-01/frame-000292,1,0.00715261,0.394495,1195,698,570,0.84,118.38,76.36,19.09,214.69,0.993106913,-0.038961376,0.029007421,0.106673525,0.6696372,-0.0909233,-0.0950341
seq-01/frame-000293,1,0.00767195,0.434100,1368,780,617,0.85,149.71,75.28,19.45,245.30,0.994056262,-0.041168163,0.020161613,0.098746342,0.6849550,-0.0925252,-0.0952827
seq-01/frame-000294,1,0.00718112,0.363630,1270,804,650,0.82,122.74,80.13,21.82,225.52,0.994712094,-0.042239087,0.015011592,0.092403257,0.6943981,-0.0924169,-0.0975041
seq-01/frame-000295,1,0.00679523,0.377218,1182,708,590,0.83,122.86,51.18,13.14,188.01,0.995474194,-0.044240573,0.007574616,0.083764701,0.7078857,-0.0901968,-0.1000410
seq-01/frame-000296,1,0.00679722,0.377476,1182,708,590,0.85,125.51,65.27,12.84,204.47,0.995474194,-0.044240573,0.007574616,0.083764701,0.7078857,-0.0901968,-0.1000410
seq-01/frame-000297,1,0.00880411,0.459733,1335,750,583,0.85,142.91,60.20,16.84,220.80,0.995909409,-0.047176555,0.004286462,0.076944454,0.7180973,-0.0910166,-0.0996780
seq-01/frame-000298,1,0.00808717,0.433881,1263,724,574,0.83,124.00,67.73,8.81,201.36,0.996210412,-0.050125023,0.000859580,0.071074315,0.7297516,-0.0910011,-0.1011179
seq-01/frame-000299,1,0.00912176,0.482821,1247,728,558,0.84,115.41,61.35,27.61,205.21,0.996507496,-0.053223102,-0.002664183,0.064288514,0.7403627,-0.0904327,-0.1015663
seq-01/frame-000300,1,0.00964544,0.534086,1215,713,554,0.80,133.63,52.17,12.73,199.34,0.996626355,-0.058113780,-0.005499346,0.057692757,0.7475782,-0.0900881,-0.0991930
seq-01/frame-000301,1,0.00972848,0.537912,1215,713,554,0.82,115.03,69.67,32.84,218.37,0.996626355,-0.058113780,-0.005499346,0.057692757,0.7475782,-0.0900881,-0.0991930
seq-01/frame-000302,1,0.00653807,0.341668,1364,817,636,0.86,127.79,56.58,17.16,202.38,0.996959261,-0.059214110,-0.012012457,0.049209983,0.7612433,-0.0878349,-0.0948342
seq-01/frame-000303,1,0.00713286,0.405543,1467,820,629,0.91,127.91,76.08,15.53,220.43,0.997073777,-0.061312238,-0.014592299,0.043263816,0.7702757,-0.0913110,-0.0937873
seq-01/frame-000304,1,0.00630820,0.237435,1387,827,647,0.89,121.99,78.70,10.40,211.98,0.996984261,-0.061705846,-0.020112444,0.042547159,0.7797451,-0.0923704,-0.0899345
seq-01/frame-000305,1,0.00711794,0.338595,1408,816,626,0.86,119.56,86.61,30.70,237.72,0.996892717,-0.061838783,-0.027476109,0.040322943,0.7892059,-0.0961713,-0.0919274
seq-01/frame-000306,1,0.00711794,0.338595,1408,816,626,0.85,147.11,84.84,25.16,257.97,0.996892717,-0.061838783,-0.027476109,0.040322943,0.7892059,-0.0961713,-0.0919274
seq-01/frame-000307,1,0.02666561,1.347989,1235,694,535,0.86,151.15,63.87,10.87,226.75,0.996637029,-0.067073048,-0.029525313,0.036661905,0.7854673,-0.1103388,-0.0943507
seq-01/frame-000308,1,0.02102018,1.059918,1266,728,540,0.87,147.71,51.56,10.64,210.79,0.996302639,-0.067636414,-0.043511376,0.030217982,0.8049144,-0.1117332,-0.0930964
seq-01/frame-000309,1,0.00754724,0.334989,1445,817,647,0.87,137.92,58.97,12.57,210.34,0.996208031,-0.062243663,-0.055423421,0.024970594,0.8211648,-0.1029965,-0.0883594
seq-01/frame-000310,1,0.00720004,0.363164,1434,813,637,0.85,150.58,68.62,6.13,226.19,0.996015021,-0.059898537,-0.062765408,0.020657871,0.8308319,-0.1027484,-0.0879690
seq-01/frame-000311,1,0.00720004,0.363164,1434,813,637,0.86,117.20,63.16,17.32,198.55,0.996015021,-0.059898537,-0.062765408,0.020657871,0.8308319,-0.1027484,-0.0879690
seq-01/frame-000312,1,0.01437872,0.713787,1491,843,676,0.89,149.84,81.35,26.61,258.68,0.995695566,-0.059653892,-0.068918255,0.016793666,0.8392064,-0.1102106,-0.0879002
seq-01/frame-000313,1,0.02500084,1.256716,1194,649,489,0.85,139.06,58.51,30.53,228.96,0.995282928,-0.062654869,-0.073009273,0.012486248,0.8401271,-0.1181788,-0.0918365
seq-01/frame-000314,1,0.02387680,1.175930,1384,774,615,0.90,120.77,64.15,19.05,204.87,0.993984953,-0.063388052,-0.089016666,0.007204226,0.8600852,-0.1212341,-0.0872738
seq-01/frame-000315,1,0.01918769,0.958681,1317,794,629,0.88,138.09,83.31,27.43,249.72,0.993809364,-0.060215482,-0.093322722,0.002813188,0.8595507,-0.1142472,-0.0883046
seq-01/frame-000316,1,0.01742301,0.841852,1373,799,615,0.90,127.63,99.86,20.14,248.54,0.992227535,-0.062087753,-0.107825511,-0.001813374,0.8769436,-0.1191948,-0.0821277
seq-01/frame-000317,1,0.01742301,0.841852,1373,799,615,0.92,98.27,110.96,23.03,233.18,0.992227535,-0.062087753,-0.107825511,-0.001813374,0.8769436,-0.1191948,-0.0821277
seq-01/frame-000318,1,0.01600131,0.791288,1628,923,713,0.94,186.82,106.99,23.07,317.83,0.991477472,-0.059810603,-0.115636592,-0.004826284,0.8864972,-0.1178061,-0.0811721
seq-01/frame-000319,1,0.01461431,0.719683,1515,893,716,0.88,152.68,119.40,11.63,284.59,0.990736467,-0.059368088,-0.121830228,-0.008606866,0.8928325,-0.1189470,-0.0789963
seq-01/frame-000320,1,0.01741692,0.848090,1703,944,734,0.90,151.41,112.70,24.93,289.94,0.989576169,-0.059056999,-0.130239162,-0.017001106,0.9049136,-0.1216368,-0.0746009
seq-01/frame-000321,1,0.01864491,0.920061,1354,821,659,0.89,166.01,77.25,24.29,268.45,0.989128754,-0.060102470,-0.132437578,-0.021732225,0.9024623,-0.1262546,-0.0771365
seq-01/frame-000322,1,0.03014865,1.493838,1163,674,508,0.88,141.23,53.42,53.57,249.10,0.988142532,-0.065311849,-0.136851779,-0.024089209,0.8969745,-0.1405522,-0.0793048
seq-01/frame-000323,1,0.03014865,1.493838,1163,674,508,0.87,154.34,87.66,13.88,256.76,0.988142532,-0.065311849,-0.136851779,-0.024089209,0.8969745,-0.1405522,-0.0793048
seq-01/frame-000324,1,0.02740330,1.330223,1128,658,502,0.88,119.84,73.87,27.79,222.39,0.986259662,-0.063477404,-0.150247148,-0.026235345,0.9086284,-0.1403324,-0.0757934
seq-01/frame-000325,1,0.01735175,0.813475,1172,636,475,0.87,141.54,55.73,24.47,222.63,0.984334201,-0.058948744,-0.163160487,-0.031462372,0.9189183,-0.1310507,-0.0735163
seq-01/frame-000326,1,0.00587830,0.266598,1369,795,618,0.88,169.73,64.51,12.26,247.38,0.981931138,-0.055393508,-0.176527488,-0.039759850,0.9315223,-0.1224327,-0.0670141
seq-01/frame-000327,1,0.01154340,0.572676,1120,673,520,0.88,163.68,26.66,9.87,201.08,0.980693932,-0.058683559,-0.181341626,-0.043713455,0.9290016,-0.1304502,-0.0700029
seq-01/frame-000328,1,0.01323632,0.618272,1319,757,572,0.89,147.63,85.47,10.81,244.82,0.976990253,-0.063130928,-0.197897115,-0.048386610,0.9447165,-0.1397789,-0.0608643
seq-01/frame-000329,1,0.00504821,0.268294,1748,942,737,0.91,154.01,84.89,30.22,270.02,0.975011138,-0.059839802,-0.206187796,-0.057088272,0.9560371,-0.1336402,-0.0576152
seq-01/frame-000330,1,0.00385956,0.220724,1597,906,706,0.89,185.13,61.53,57.25,304.80,0.973805584,-0.061548581,-0.209189537,-0.064453036,0.9583276,-0.1362388,-0.0562534
seq-01/frame-000331,1,0.00666716,0.353931,1772,978,758,0.91,157.58,85.72,38.51,282.72,0.971740456,-0.064063383,-0.215379399,-0.072305484,0.9629800,-0.1418675,-0.0533031
seq-01/frame-000332,1,0.00543622,0.310535,1724,936,737,1.24,145.45,129.81,61.49,338.02,0.969989995,-0.065641829,-0.221189455,-0.076718874,0.9692862,-0.1444942,-0.0508861
seq-01/frame-000333,1,0.00307173,0.167564,1492,837,665,0.88,145.93,149.13,15.36,311.31,0.967813621,-0.068059862,-0.227325205,-0.083832575,0.9740306,-0.1460396,-0.0492754
seq-01/frame-000334,1,0.00624481,0.342614,1346,764,607,0.86,122.14,52.44,19.61,195.05,0.965638137,-0.073128912,-0.232083993,-0.091280730,0.9769701,-0.1512428,-0.0496489
seq-01/frame-000335,1,0.00839353,0.408214,1251,687,527,0.83,119.54,97.31,25.29,242.98,0.963030645,-0.079717578,-0.238521286,-0.096564382,0.9779806,-0.1581114,-0.0492480
seq-01/frame-000336,1,0.00484904,0.238139,1483,793,612,0.90,118.06,224.12,13.14,356.23,0.959451188,-0.083698137,-0.248699088,-0.102940772,0.9847604,-0.1629773,-0.0419140
seq-01/frame-000337,1,0.00452156,0.260364,1429,790,619,0.88,149.05,161.97,44.13,356.03,0.957117769,-0.087252522,-0.254489747,-0.107459491,0.9868870,-0.1673486,-0.0413925
seq-01/frame-000338,1,0.00920107,0.455471,1582,858,662,0.90,214.59,122.45,39.56,377.51,0.953684136,-0.093019926,-0.263210945,-0.112044007,0.9944632,-0.1772109,-0.0375014
seq-01/frame-000339,1,0.00384001,0.210362,1719,871,662,0.90,266.30,75.45,8.02,350.67,0.951902087,-0.095051903,-0.267212830,-0.115951952,0.9991248,-0.1764743,-0.0364768
seq-01/frame-000340,1,0.00706930,0.358416,1442,775,586,0.84,256.90,62.41,16.75,336.90,0.950398718,-0.101126857,-0.268995430,-0.118983586,1.0006185,-0.1814277,-0.0353454
seq-01/frame-000341,1,0.00621672,0.271847,1509,795,597,0.88,234.35,76.06,7.52,318.80,0.947772086,-0.108670235,-0.273475529,-0.123004014,1.0079429,-0.1876685,-0.0290722
seq-01/frame-000342,1,0.00521699,0.238956,1708,858,647,0.90,237.95,106.40,7.61,352.86,0.946181707,-0.113706518,-0.275542480,-0.126045018,1.0107843,-0.1921565,-0.0220838
seq-01/frame-000343,1,0.00976121,0.502779,1649,837,621,1.46,202.76,91.26,8.04,303.53,0.943749240,-0.121159958,-0.279146317,-0.129363716,1.0135223,-0.2030926,-0.0174248
seq-01/frame-000344,1,0.00460004,0.206297,1766,856,635,0.92,185.00,100.10,13.60,299.62,0.942042840,-0.122907505,-0.281831721,-0.134238271,1.0161278,-0.2029120,-0.0129301
seq-01/frame-000345,1,0.00469837,0.286418,1795,864,632,0.95,187.94,76.80,14.36,280.06,0.939862387,-0.127067177,-0.286282605,-0.136216357,1.0194460,-0.2081403,-0.0050400
seq-01/frame-000346,1,0.00764704,0.374411,1832,842,622,0.92,139.83,81.33,6.30,228.38,0.938081160,-0.132647410,-0.288213077,-0.139074166,1.0193142,-0.2185945,-0.0028254
seq-01/frame-000347,1,0.00324589,0.220623,1690,835,605,0.89,116.55,113.29,17.13,247.87,0.936671177,-0.135450667,-0.290135771,-0.141850122,1.0204473,-0.2194506,0.0015218
seq-01/frame-000348,1,0.00301406,0.190815,1868,839,580,0.91,116.59,123.10,12.97,253.58,0.934039796,-0.140861213,-0.293551413,-0.146817394,1.0215058,-0.2277426,0.0095392
seq-01/frame-000349,1,0.00256123,0.105830,1811,841,588,0.94,127.58,106.30,9.88,244.70,0.932877958,-0.144333705,-0.294124630,-0.149656936,1.0205380,-0.2343207,0.0131139
seq-01/frame-000350,1,0.00346996,0.101961,1796,840,608,0.91,145.40,110.10,14.42,270.83,0.929502612,-0.152538167,-0.297846089,-0.155063566,1.0226935,-0.2477157,0.0217620
seq-01/frame-000351,1,0.00359844,0.072022,1746,828,598,0.89,129.66,71.95,12.45,214.95,0.928748604,-0.156380469,-0.296628014,-0.158060117,1.0199045,-0.2536716,0.0261041
seq-01/frame-000352,1,0.00369896,0.140315,1770,868,636,0.88,137.57,87.81,19.66,245.93,0.926788589,-0.161386561,-0.298352037,-0.161255546,1.0170573,-0.2624080,0.0317502
seq-01/frame-000353,1,0.00357882,0.098224,1668,826,606,0.86,102.85,101.18,12.43,217.32,0.923523637,-0.167362980,-0.299373923,-0.171665314,1.0162442,-0.2724097,0.0401757
seq-01/frame-000354,1,0.00325546,0.090046,1801,833,607,0.88,112.70,98.62,18.53,230.73,0.922683164,-0.172152038,-0.297535408,-0.174619973,1.0114169,-0.2773317,0.0461502
seq-01/frame-000355,1,0.00306562,0.065365,1704,828,607,0.87,122.72,93.68,6.99,224.26,0.920567335,-0.177983472,-0.299182149,-0.177109306,1.0088226,-0.2878954,0.0552914
seq-01/frame-000356,1,0.00725721,0.229727,1661,832,616,0.84,128.63,73.34,26.13,228.95,0.920562396,-0.181186504,-0.297609782,-0.176535391,1.0049855,-0.2988702,0.0615748
seq-01/frame-000357,1,0.00467533,0.105551,1652,829,625,0.86,110.23,87.61,7.83,206.54,0.921875191,-0.180789197,-0.293638379,-0.176742470,0.9991147,-0.3040861,0.0680940
seq-01/frame-000358,1,0.00443342,0.247463,1811,854,629,0.92,127.81,115.25,13.04,257.01,0.923436953,-0.180875868,-0.289640629,-0.175089750,0.9930196,-0.3033376,0.0695038
seq-01/frame-000359,1,0.00310080,0.112953,1753,860,663,0.88,117.94,110.41,6.23,235.47,0.923009033,-0.185136724,-0.288692663,-0.174457054,0.9910647,-0.3081384,0.0728262
seq-01/frame-000360,1,0.00352825,0.096770,1644,830,626,0.86,113.34,85.65,9.31,209.16,0.923476503,-0.191844691,-0.283738453,-0.172856164,0.9860739,-0.3140993,0.0758729
seq-01/frame-000361,1,0.00353060,0.052450,1665,842,636,0.86,132.15,85.60,6.19,224.81,0.923177816,-0.197889745,-0.281143709,-0.171873746,0.9836584,-0.3189893,0.0818909
seq-01/frame-000362,1,0.00394124,0.059062,1518,803,618,0.84,108.61,79.96,6.05,195.46,0.923405059,-0.203129676,-0.276497172,-0.172077730,0.9791786,-0.3243924,0.0842536
seq-01/frame-000363,1,0.00494959,0.139186,1721,845,654,0.85,120.33,96.62,29.52,247.32,0.924791948,-0.209085802,-0.269193023,-0.169050572,0.9689454,-0.3276346,0.0862071
seq-01/frame-000364,1,0.00317131,0.060869,1759,838,603,0.88,119.03,98.47,7.30,225.68,0.923816969,-0.214662889,-0.269042212,-0.167625592,0.9657961,-0.3337674,0.0894770
seq-01/frame-000365,1,0.00418662,0.102383,1243,673,513,0.79,102.18,59.76,6.50,169.23,0.924304607,-0.220203332,-0.264084138,-0.165623228,0.9631722,-0.3390933,0.0893548
seq-01/frame-000366,1,0.00504823,0.173968,1839,856,631,0.92,121.36,101.55,8.03,231.87,0.925664978,-0.228393207,-0.254157292,-0.162434487,0.9555463,-0.3430981,0.0920428
seq-01/frame-000367,1,0.00413090,0.161286,1796,875,640,0.92,124.77,74.15,9.35,209.19,0.925775750,-0.232880485,-0.248451543,-0.164249116,0.9497386,-0.3475912,0.0932020
seq-01/frame-000368,1,0.00461681,0.146034,1743,868,660,0.91,142.69,90.94,16.18,250.73,0.926426906,-0.239013013,-0.240990590,-0.162878802,0.9450342,-0.3542748,0.0929006
seq-01/frame-000369,1,0.00446713,0.181652,1687,832,636,0.91,136.36,95.14,17.73,250.15,0.928441390,-0.245046957,-0.230602681,-0.157387983,0.9381674,-0.3579869,0.0949137
seq-01/frame-000370,1,0.00430143,0.201598,1675,852,665,0.90,132.60,101.09,12.11,246.71,0.929996546,-0.248965874,-0.222788890,-0.153256414,0.9351178,-0.3633053,0.0963833
seq-01/frame-000371,1,0.00517423,0.160120,1601,860,657,0.89,130.28,74.63,10.88,216.68,0.931657309,-0.254635414,-0.211414514,-0.149931210,0.9274036,-0.3702950,0.0949545
seq-01/frame-000372,1,0.00431462,0.131858,1667,898,698,0.90,122.58,84.78,15.12,223.39,0.934467605,-0.257381165,-0.200148338,-0.143058988,0.9154870,-0.3716663,0.0962619
seq-01/frame-000373,1,0.00472240,0.174658,1709,905,684,0.92,125.27,76.47,13.30,215.96,0.937203757,-0.259753494,-0.191197058,-0.132743834,0.8991758,-0.3824272,0.0917715
seq-01/frame-000374,1,0.00562311,0.241552,1722,922,693,0.93,132.83,87.88,12.17,233.81,0.937998826,-0.261529286,-0.186153806,-0.130795244,0.8926887,-0.3862573,0.0891098
seq-01/frame-000375,1,0.00561997,0.339616,1740,902,702,0.91,105.32,93.00,6.05,205.28,0.938976876,-0.263256815,-0.178897391,-0.130437719,0.8800359,-0.3902990,0.0864323
seq-01/frame-000376,1,0.00437527,0.182897,1706,915,727,0.91,145.71,53.72,22.22,222.56,0.940215910,-0.264669958,-0.173137291,-0.126361916,0.8705145,-0.3943435,0.0800800
seq-01/frame-000377,1,0.00376680,0.163023,1673,943,749,0.90,122.46,102.49,7.26,233.12,0.940327431,-0.270871342,-0.167024182,-0.120482203,0.8620980,-0.4022498,0.0760256
seq-01/frame-000378,1,0.00490506,0.240828,1484,872,724,0.88,137.81,86.81,5.99,231.50,0.939974157,-0.277647708,-0.159716836,-0.117689709,0.8573459,-0.4127870,0.0775467
seq-01/frame-000379,1,0.00461645,0.308339,1313,802,670,0.85,118.06,62.00,17.07,197.98,0.941686200,-0.279555974,-0.145715318,-0.117654596,0.8475661,-0.4183533,0.0749422
seq-01/frame-000380,1,0.00449690,0.222786,1502,909,726,0.88,141.78,73.74,18.99,235.39,0.944631051,-0.279118980,-0.130649290,-0.112674467,0.8354504,-0.4211974,0.0697441
seq-01/frame-000381,1,0.00658520,0.357801,1418,873,723,0.89,129.58,83.34,8.02,221.84,0.946796282,-0.279601704,-0.119597511,-0.105338134,0.8198842,-0.4249398,0.0661383
seq-01/frame-000382,1,0.00619147,0.360473,1411,883,726,0.86,124.68,69.32,5.95,200.82,0.948393819,-0.278406504,-0.116233167,-0.097615744,0.8098138,-0.4305415,0.0637467
seq-01/frame-000383,1,0.00731112,0.447393,1511,917,767,0.87,103.63,88.88,37.02,230.40,0.949996430,-0.275514424,-0.113831971,-0.092956268,0.8019345,-0.4359219,0.0602865
seq-01/frame-000384,1,0.00779110,0.464662,1601,977,820,0.90,144.88,79.44,24.34,249.56,0.951713723,-0.272367255,-0.108584190,-0.090920523,0.7889812,-0.4407905,0.0536225
seq-01/frame-000385,1,0.00824374,0.531837,1648,1014,850,0.90,89.66,102.12,8.51,201.19,0.952694107,-0.270691724,-0.104132646,-0.090864297,0.7796384,-0.4472051,0.0491728
seq-01/frame-000386,1,0.00721554,0.455534,1615,1028,845,0.91,138.20,79.83,7.69,226.64,0.954161837,-0.269269962,-0.093821973,-0.090919268,0.7663927,-0.4512913,0.0405605
seq-01/frame-000387,1,0.00528485,0.359886,1648,1018,836,0.94,120.42,79.13,17.54,218.03,0.955087286,-0.269581563,-0.084161575,-0.089726733,0.7544792,-0.4524446,0.0347724
seq-01/frame-000388,1,0.00659098,0.436960,1592,1025,848,0.91,103.60,98.36,10.04,212.90,0.955098700,-0.271893797,-0.075921218,-0.089978914,0.7431371,-0.4587487,0.0310469
seq-01/frame-000389,1,0.00674259,0.432029,1082,759,648,0.80,113.50,80.67,6.86,201.84,0.956062178,-0.271067620,-0.066608590,-0.089614470,0.7340396,-0.4586444,0.0248289
seq-01/frame-000390,1,0.00524673,0.358306,1080,761,641,0.79,116.11,58.61,8.94,184.45,0.956576890,-0.273185010,-0.053862429,-0.086194219,0.7214809,-0.4637479,0.0235745
seq-01/frame-000391,1,0.00559280,0.338707,1155,826,708,0.79,114.07,39.27,8.18,162.32,0.958509237,-0.270214574,-0.042472111,-0.080251144,0.7095498,-0.4650500,0.0161969
seq-01/frame-000392,1,0.00674142,0.394784,1267,896,758,0.80,113.21,61.15,9.89,185.04,0.960220057,-0.267042082,-0.034550516,-0.073974530,0.6998173,-0.4645744,0.0111732
seq-01/frame-000393,1,0.00578891,0.389042,1033,710,577,0.77,107.22,47.93,5.55,161.47,0.961889297,-0.262735401,-0.029391368,-0.069822891,0.6915461,-0.4672445,0.0086567
seq-01/frame-000394,1,0.00700920,0.433383,1186,765,647,0.79,105.95,69.73,6.69,183.16,0.964432970,-0.255512440,-0.021771130,-0.064097246,0.6770372,-0.4666584,-0.0008211
seq-01/frame-000395,1,0.01082373,0.560205,1480,962,818,0.84,114.60,55.65,10.42,181.52,0.966572064,-0.249412431,-0.017698653,-0.056733076,0.6669412,-0.4641304,-0.0109750
seq-01/frame-000396,1,0.01005506,0.571718,1289,864,738,0.81,107.28,60.18,8.08,176.36,0.966495323,-0.250375669,-0.014508524,-0.054665515,0.6594392,-0.4713863,-0.0107533
seq-01/frame-000397,1,0.00561564,0.262476,791,478,367,0.74,59.26,55.34,19.16,134.51,0.967621300,-0.246605738,-0.004025223,-0.053650978,0.6484048,-0.4787419,-0.0102936
seq-01/frame-000398,1,0.00705593,0.344602,1245,881,751,0.82,119.84,86.19,10.39,217.25,0.970958514,-0.234684856,0.010857470,-0.045218339,0.6321632,-0.4716613,-0.0246511
seq-01/frame-000399,1,0.00547918,0.290265,1248,802,661,0.80,115.13,72.98,7.92,196.83,0.972016883,-0.231221498,0.014716726,-0.038771320,0.6271438,-0.4716673,-0.0253748
seq-01/frame-000400,1,0.01305530,0.594006,1299,814,679,0.81,124.08,82.84,8.42,216.16,0.977217839,-0.209264481,0.023309804,-0.026651923,0.6034648,-0.4533959,-0.0415645
seq-01/frame-000401,1,0.01898011,0.873963,1020,630,497,0.78,117.45,49.54,14.62,182.41,0.979131581,-0.200682817,0.024759932,-0.020364199,0.5902826,-0.4457699,-0.0413490
seq-01/frame-000402,1,0.01922067,0.893751,1269,810,673,0.81,146.12,45.22,8.45,200.60,0.980593772,-0.193947100,0.024912109,-0.014133764,0.5786962,-0.4474464,-0.0531516
seq-01/frame-000403,1,0.03267087,1.566514,1211,740,624,0.83,153.41,59.86,24.02,238.12,0.982583124,-0.184280644,0.023241881,-0.005555447,0.5742798,-0.4307882,-0.0620429
seq-01/frame-000404,1,0.02440994,1.156625,1337,848,708,0.84,146.21,77.13,15.81,240.00,0.982395166,-0.185734724,0.019930707,0.002262024,0.5680900,-0.4345617,-0.0658332
seq-01/frame-000405,1,0.00962434,0.451655,1647,980,770,0.94,131.72,76.02,22.81,231.49,0.981937490,-0.187774519,0.022117227,0.007093917,0.5552918,-0.4391078,-0.0653444
seq-01/frame-000406,1,0.01051534,0.507288,1727,1014,821,0.93,153.51,88.75,27.90,271.09,0.982387310,-0.184773313,0.025253455,0.011672990,0.5481909,-0.4322679,-0.0688684
seq-01/frame-000407,1,0.00554482,0.355780,1707,1047,823,0.92,144.46,87.66,6.66,239.71,0.982212575,-0.185283235,0.027579373,0.012959910,0.5439561,-0.4329679,-0.0701106
seq-01/frame-000408,1,0.00501133,0.286257,1496,951,769,0.89,118.79,87.58,9.64,216.90,0.982899307,-0.180527885,0.033403970,0.014241128,0.5367912,-0.4262282,-0.0741870
seq-01/frame-000409,1,0.00767819,0.330530,1620,981,781,0.89,111.84,109.65,7.04,229.43,0.983417573,-0.175845728,0.039509763,0.020177616,0.5281683,-0.4156374,-0.0823137
seq-01/frame-000410,1,0.00877258,0.362081,1719,1047,846,0.90,128.65,68.74,35.73,234.02,0.983073025,-0.177108902,0.040308496,0.023981018,0.5243097,-0.4138096,-0.0807428
seq-01/frame-000411,1,0.00600912,0.234937,1545,904,736,0.88,146.27,80.22,15.43,242.81,0.984588588,-0.165139826,0.048686367,0.030721131,0.5129796,-0.4038950,-0.0852221
seq-01/frame-000412,1,0.00755635,0.316179,1557,941,764,0.89,114.46,71.89,37.70,224.95,0.984440547,-0.163293901,0.053907637,0.036136937,0.5056257,-0.4013988,-0.0849473
seq-01/frame-000413,1,0.01035020,0.456062,1462,863,686,0.84,119.28,75.54,14.90,210.56,0.985408658,-0.155268361,0.056369186,0.041036910,0.5015854,-0.3932414,-0.0870069
seq-01/frame-000414,1,0.00716153,0.250156,1541,905,710,0.87,92.06,75.58,18.61,187.11,0.986206084,-0.148118115,0.058023361,0.045736994,0.4981444,-0.3813913,-0.0970654
seq-01/frame-000415,1,0.00404573,0.200159,1552,873,671,0.90,111.59,78.29,23.68,214.47,0.985604681,-0.151135400,0.059104525,0.047414745,0.4959026,-0.3799703,-0.0961503
seq-01/frame-000416,1,0.00410864,0.249381,1535,944,765,0.87,111.97,55.34,32.61,200.79,0.985613286,-0.149331295,0.062664854,0.048370769,0.4924521,-0.3765953,-0.0928176
seq-01/frame-000417,1,0.00144886,0.087084,1468,865,668,0.87,128.02,64.33,25.09,218.31,0.985940641,-0.143731467,0.066945462,0.052731615,0.4890490,-0.3668776,-0.1009257
seq-01/frame-000418,1,0.00473987,0.192243,1643,914,709,0.90,148.99,90.79,40.95,281.63,0.985335403,-0.144258704,0.070887860,0.057258024,0.4831447,-0.3627175,-0.0991911
seq-01/frame-000419,1,0.00707142,0.296463,1551,889,717,0.88,85.83,115.73,10.81,213.26,0.985653052,-0.140501599,0.070850047,0.061054336,0.4798552,-0.3563579,-0.0980984
seq-01/frame-000420,1,0.00724998,0.269709,1640,908,687,0.91,107.21,82.92,56.14,247.21,0.986309076,-0.134237947,0.070876343,0.064429218,0.4797799,-0.3463639,-0.0975633
seq-01/frame-000421,1,0.00232500,0.136971,1549,891,710,0.93,131.17,155.31,36.11,323.53,0.986163326,-0.132805927,0.073254051,0.066920280,0.4752660,-0.3463458,-0.0993477
seq-01/frame-000422,1,0.00352663,0.159924,1557,838,647,0.88,130.23,244.92,23.29,399.32,0.986926008,-0.127295957,0.073649338,0.065943674,0.4741545,-0.3383563,-0.0963301
seq-01/frame-000423,1,0.00317969,0.161514,1525,844,657,0.90,145.41,236.75,36.49,419.56,0.987476380,-0.121730602,0.076685723,0.064740716,0.4702105,-0.3313982,-0.0983245
seq-01/frame-000424,1,0.00582583,0.179802,1591,887,678,0.90,116.07,119.58,58.48,295.04,0.987958354,-0.117759346,0.078174008,0.062927352,0.4662496,-0.3240909,-0.0974946
seq-01/frame-000425,1,0.00303577,0.077781,1544,831,650,0.89,105.69,235.73,15.59,357.91,0.988561437,-0.113502915,0.077896967,0.061607106,0.4643809,-0.3173590,-0.0977185
seq-01/frame-000426,1,0.00186498,0.092116,1563,899,697,0.91,156.22,242.07,29.70,428.90,0.988798860,-0.109328696,0.080859535,0.061528738,0.4618364,-0.3093674,-0.0997002
seq-01/frame-000427,1,0.00407125,0.207613,1546,853,650,0.90,126.23,280.25,58.34,465.72,0.988746542,-0.108561628,0.082620997,0.061387446,0.4575710,-0.3047745,-0.1017959
seq-01/frame-000428,1,0.00198649,0.134555,1512,808,611,0.92,301.51,174.27,35.32,512.03,0.988998834,-0.106946986,0.081912521,0.061106358,0.4577275,-0.2993626,-0.0994371
seq-01/frame-000429,1,0.00154526,0.134384,1110,707,572,0.84,262.57,122.86,49.01,435.41,0.989502925,-0.101511042,0.083467841,0.060104816,0.4611564,-0.2896340,-0.0964658
seq-01/frame-000430,1,0.00701241,0.455110,881,503,398,0.82,244.39,95.60,22.68,363.49,0.989596290,-0.095703846,0.090158499,0.058407203,0.4645363,-0.2819401,-0.1002954
seq-01/frame-000431,1,0.00811229,0.486565,961,595,463,1.19,299.65,58.56,9.59,369.00,0.988443577,-0.094149280,0.102828516,0.059510548,0.4579945,-0.2803506,-0.1020065
seq-01/frame-000432,1,0.00214446,0.147856,1310,810,659,1.59,261.77,131.67,8.95,403.98,0.987989981,-0.090155501,0.110240506,0.059956760,0.4525325,-0.2733726,-0.1048341
seq-01/frame-000433,1,0.00343051,0.193048,1348,748,578,0.91,274.52,94.78,45.20,415.41,0.987872543,-0.085499829,0.113653553,0.062293567,0.4474829,-0.2633951,-0.1059898
seq-01/frame-000434,1,0.00389908,0.252049,1389,769,609,1.07,234.29,92.49,7.99,335.85,0.987593239,-0.085307896,0.114442633,0.065460224,0.4432292,-0.2612392,-0.1087450
seq-01/frame-000435,1,0.00120820,0.180924,1347,776,607,1.05,248.50,82.50,27.69,359.74,0.987746426,-0.082229927,0.113566346,0.068541395,0.4409113,-0.2510162,-0.1094978
seq-01/frame-000436,1,0.00176936,0.199703,1360,749,595,0.89,243.04,72.01,28.89,344.83,0.987725720,-0.080510181,0.112261893,0.072892256,0.4414197,-0.2418923,-0.1101900
seq-01/frame-000437,1,0.00185381,0.185849,1386,784,614,0.95,221.93,91.91,10.87,325.71,0.987499092,-0.080578351,0.112082370,0.076093456,0.4424307,-0.2388890,-0.1086909
seq-01/frame-000438,1,0.00291570,0.194809,1351,772,616,1.09,236.69,54.62,41.12,333.52,0.987627705,-0.077173323,0.112679220,0.077066132,0.4425349,-0.2308059,-0.1107110
seq-01/frame-000439,1,0.00526595,0.319500,1351,779,631,0.89,133.71,108.20,17.62,260.41,0.987279481,-0.074837121,0.114600735,0.080903054,0.4401063,-0.2244043,-0.1130508
seq-01/frame-000440,1,0.00432535,0.302406,1339,757,593,0.89,150.95,127.64,13.80,293.29,0.986929358,-0.073126877,0.115802674,0.084927280,0.4368930,-0.2175999,-0.1124011
seq-01/frame-000441,1,0.00409565,0.323494,1346,787,605,0.87,164.62,100.13,15.82,281.45,0.986749013,-0.071582198,0.116090166,0.087894526,0.4332169,-0.2095650,-0.1124174
seq-01/frame-000442,1,0.00403824,0.258583,1399,798,612,0.91,167.68,57.58,24.34,250.53,0.986823078,-0.071840425,0.114878063,0.088443183,0.4328923,-0.2062361,-0.1116749
seq-01/frame-000443,1,0.00523189,0.296279,1389,804,645,0.89,167.94,77.26,26.93,273.04,0.987362972,-0.068506318,0.113087799,0.087363580,0.4359237,-0.1964244,-0.1136182
seq-01/frame-000444,1,0.00767973,0.391724,1337,800,644,0.86,164.38,77.93,31.03,274.19,0.987132967,-0.066684935,0.116144823,0.087361347,0.4328694,-0.1885507,-0.1157257
seq-01/frame-000445,1,0.00543507,0.312107,1384,785,632,0.90,154.10,65.62,6.66,227.29,0.986841069,-0.065618084,0.119189376,0.087366260,0.4307862,-0.1820776,-0.1134723
seq-01/frame-000446,1,0.00609727,0.322346,1352,773,620,0.90,148.95,66.93,19.43,236.22,0.986825980,-0.063988671,0.121109663,0.086095202,0.4267279,-0.1763230,-0.1136769
seq-01/frame-000447,1,0.00464180,0.269300,1310,743,609,0.96,134.14,53.19,41.05,229.34,0.986759153,-0.061031809,0.122816025,0.086589353,0.4205429,-0.1688185,-0.1126863
seq-01/frame-000448,1,0.00952894,0.491782,1246,735,589,0.83,129.54,89.06,17.13,236.56,0.986753251,-0.061102483,0.123024876,0.086309840,0.4152333,-0.1626433,-0.1150928
seq-01/frame-000449,1,0.01027931,0.521279,1304,749,610,0.83,138.83,80.33,5.88,226.00,0.987060754,-0.061232241,0.121345852,0.085069761,0.4181238,-0.1536176,-0.1158728
seq-01/frame-000450,1,0.00897487,0.472473,1296,775,632,0.84,135.22,84.42,25.97,246.46,0.986700131,-0.060952496,0.125157807,0.083923581,0.4139970,-0.1465361,-0.1128808
seq-01/frame-000451,1,0.00951181,0.482794,1339,773,618,0.85,111.91,76.05,37.47,226.27,0.986715043,-0.061314435,0.127051762,0.080571796,0.4121738,-0.1399634,-0.1132477
seq-01/frame-000452,1,0.00941449,0.479101,1339,773,618,0.83,157.88,86.34,13.33,258.38,0.986715043,-0.061314435,0.127051762,0.080571796,0.4121738,-0.1399634,-0.1132477
seq-01/frame-000453,1,0.00788974,0.417664,1211,721,577,0.82,134.48,90.47,80.30,306.08,0.986540688,-0.060660025,0.130218419,0.078108864,0.4069486,-0.1305121,-0.1123615
seq-01/frame-000454,1,0.00710717,0.375909,1323,797,620,0.86,161.66,213.40,18.80,394.71,0.986193011,-0.061679052,0.132392855,0.078045954,0.4039857,-0.1245329,-0.1097168
seq-01/frame-000455,1,0.00753118,0.413478,1259,743,602,0.83,121.66,151.64,34.53,308.67,0.986110480,-0.060660191,0.134454853,0.076343667,0.4028917,-0.1169220,-0.1085379
seq-01/frame-000456,1,0.00685079,0.382449,1302,773,620,0.85,155.20,207.84,12.47,376.37,0.985524682,-0.060607631,0.138850190,0.076081810,0.3978973,-0.1109624,-0.1077580
seq-01/frame-000457,1,0.00684111,0.382421,1302,773,620,0.85,178.14,240.41,100.84,520.24,0.985524682,-0.060607631,0.138850190,0.076081810,0.3978973,-0.1109624,-0.1077580
seq-01/frame-000458,1,0.00480601,0.293916,1139,714,584,0.83,288.66,103.10,90.46,483.05,0.985043678,-0.059301305,0.143272037,0.075136088,0.3863857,-0.1033276,-0.1058050
seq-01/frame-000459,1,0.00707612,0.356995,1127,693,565,0.86,291.23,112.29,93.87,498.26,0.985257963,-0.061207468,0.142218253,0.072762361,0.3802116,-0.1019786,-0.1046964
seq-01/frame-000460,1,0.00616952,0.336720,1216,775,612,0.87,332.99,244.41,34.34,612.60,0.985773041,-0.057704555,0.141098166,0.070802568,0.3753258,-0.0927368,-0.1014857
seq-01/frame-000461,1,0.00608634,0.333327,1216,775,612,0.87,294.09,289.92,64.67,649.55,0.985773041,-0.057704555,0.141098166,0.070802568,0.3753258,-0.0927368,-0.1014857
seq-01/frame-000462,1,0.00908668,0.446125,1306,754,587,0.86,453.69,144.57,9.79,608.91,0.985818953,-0.057223352,0.141517893,0.069707719,0.3713518,-0.0870818,-0.1035512
seq-01/frame-000463,1,0.00388638,0.222311,1184,693,542,1.07,446.44,136.19,8.45,592.15,0.985389874,-0.055219655,0.144289983,0.071679756,0.3634845,-0.0783412,-0.1004679
seq-01/frame-000464,1,0.00377506,0.274381,979,618,502,1.33,431.08,55.46,45.96,533.84,0.985435304,-0.054436944,0.143446621,0.073327677,0.3551083,-0.0750695,-0.0987506
seq-01/frame-000465,1,0.00747229,0.401644,1231,691,532,0.84,374.12,122.57,12.12,509.66,0.985967726,-0.054724371,0.141170231,0.070312539,0.3497370,-0.0695251,-0.0979279
seq-01/frame-000466,1,0.00748350,0.403144,1231,691,532,0.84,361.07,92.56,7.99,462.47,0.985967726,-0.054724371,0.141170231,0.070312539,0.3497370,-0.0695251,-0.0979279
seq-01/frame-000467,1,0.00643373,0.303800,1286,742,575,1.16,300.67,75.41,18.16,395.41,0.985962962,-0.055281508,0.141173644,0.069935653,0.3438321,-0.0658077,-0.0960803
seq-01/frame-000468,1,0.00643422,0.312698,1223,730,574,0.89,276.83,67.25,6.09,351.06,0.986269205,-0.054531478,0.141166618,0.066116261,0.3384022,-0.0629151,-0.0922898
seq-01/frame-000469,1,0.00714766,0.360849,1338,750,570,1.12,272.88,84.40,11.35,369.75,0.986265446,-0.052422736,0.143440910,0.062904940,0.3299325,-0.0569686,-0.0915306
seq-01/frame-000470,1,0.00809418,0.347647,1092,648,511,0.84,152.10,67.98,20.15,241.07,0.986055495,-0.052452687,0.144685075,0.063320647,0.3204917,-0.0542193,-0.0925432
seq-01/frame-000471,1,0.00828029,0.360313,1092,648,511,0.84,165.69,56.43,8.76,231.72,0.986055495,-0.052452687,0.144685075,0.063320647,0.3204917,-0.0542193,-0.0925432
seq-01/frame-000472,1,0.00815993,0.351594,839,525,424,0.85,127.72,63.61,17.73,209.91,0.985976842,-0.052552738,0.145215318,0.063248621,0.3070747,-0.0504374,-0.0903485
seq-01/frame-000473,1,0.00772063,0.372855,976,605,457,0.83,110.24,50.05,21.35,182.47,0.986743474,-0.050731931,0.141890660,0.060254695,0.2996395,-0.0430501,-0.0872612
seq-01/frame-000474,1,0.00600300,0.334645,1126,663,540,0.83,137.24,77.97,10.21,226.25,0.987331140,-0.052310575,0.138805621,0.056336703,0.2970313,-0.0406477,-0.0839355
seq-01/frame-000475,1,0.00497095,0.255363,1012,626,499,0.83,141.39,61.74,31.84,235.82,0.987393740,-0.051939724,0.139233596,0.054496542,0.2878990,-0.0377991,-0.0807042
seq-01/frame-000476,1,0.00500699,0.256692,1012,626,499,0.85,133.52,55.25,19.75,209.37,0.987393740,-0.051939724,0.139233596,0.054496542,0.2878990,-0.0377991,-0.0807042
seq-01/frame-000477,1,0.00657087,0.317021,941,568,465,0.80,132.78,54.50,22.14,210.24,0.987484613,-0.049874544,0.139933258,0.052965578,0.2744369,-0.0313750,-0.0795921
seq-01/frame-000478,1,0.00525795,0.249561,1046,649,525,0.83,126.55,43.58,43.41,214.37,0.987856913,-0.051128899,0.137067276,0.052317455,0.2680948,-0.0273460,-0.0776156
seq-01/frame-000479,1,0.00450074,0.204472,1024,687,573,0.86,120.02,52.93,26.05,199.88,0.988195149,-0.052486017,0.133925725,0.052720638,0.2637277,-0.0286786,-0.0732596
seq-01/frame-000480,1,0.00516472,0.241807,1222,769,620,0.87,140.08,71.45,34.39,246.79,0.988577311,-0.050094221,0.132825564,0.050624493,0.2588322,-0.0244075,-0.0723861
seq-01/frame-000481,1,0.00542262,0.254855,1222,769,620,0.89,130.66,62.31,22.52,216.38,0.988577311,-0.050094221,0.132825564,0.050624493,0.2588322,-0.0244075,-0.0723861
seq-01/frame-000482,1,0.00468840,0.248626,1164,705,566,0.86,133.10,70.81,26.82,231.58,0.988225597,-0.048815140,0.136140034,0.049931388,0.2478184,-0.0194651,-0.0700559
seq-01/frame-000483,1,0.00566853,0.197206,1012,631,522,0.81,113.67,60.92,11.43,186.84,0.988041500,-0.049080298,0.137010672,0.050923413,0.2356633,-0.0166453,-0.0692822
seq-01/frame-000484,1,0.00707309,0.338489,1059,646,525,0.81,103.82,59.92,18.34,182.90,0.988172756,-0.049648902,0.136406861,0.049424278,0.2267072,-0.0125674,-0.0658916
seq-01/frame-000485,1,0.00436187,0.208231,1118,685,558,0.82,131.87,75.15,20.11,227.94,0.988244135,-0.051234254,0.136114875,0.047130897,0.2199883,-0.0087684,-0.0625282
seq-01/frame-000486,1,0.00436238,0.208632,1118,685,558,0.83,123.75,74.44,8.62,207.65,0.988244135,-0.051234254,0.136114875,0.047130897,0.2199883,-0.0087684,-0.0625282
seq-01/frame-000487,1,0.00438752,0.226192,973,612,491,0.81,131.99,55.37,5.78,193.94,0.988199498,-0.051858336,0.137178118,0.044211191,0.2094407,-0.0049705,-0.0604199
seq-01/frame-000488,1,0.00343839,0.191595,982,576,476,0.78,89.93,66.86,7.26,164.83,0.988327786,-0.053069088,0.136503019,0.041937866,0.2024616,0.0004250,-0.0578447
seq-01/frame-000489,1,0.00366396,0.078472,876,529,409,0.79,113.13,48.70,11.77,174.40,0.988060917,-0.055420245,0.137555857,0.041744553,0.1901652,0.0039363,-0.0559156
seq-01/frame-000490,1,0.00396710,0.095161,818,472,355,0.77,124.76,53.72,25.22,204.47,0.988038465,-0.057587596,0.137005259,0.041148749,0.1780531,0.0053134,-0.0525117
seq-01/frame-000491,1,0.00398696,0.096251,818,472,355,0.77,94.76,53.59,37.16,186.28,0.988038465,-0.057587596,0.137005259,0.041148749,0.1780531,0.0053134,-0.0525117
seq-01/frame-000492,1,0.00364690,0.100548,733,407,317,0.75,109.53,38.99,16.83,166.11,0.988445212,-0.059608386,0.133392547,0.040364974,0.1690114,0.0112641,-0.0501090
seq-01/frame-000493,1,0.00560888,0.114591,738,407,306,0.76,108.44,31.49,13.79,154.48,0.988766322,-0.063253616,0.130069888,0.037708942,0.1596646,0.0135320,-0.0483492
seq-01/frame-000494,1,0.00885961,0.349483,905,475,345,0.81,119.74,52.51,5.81,178.87,0.989357708,-0.066193293,0.124744084,0.035052621,0.1568190,0.0149308,-0.0459648
seq-01/frame-000495,1,0.00496165,0.130937,773,363,269,0.80,95.62,47.61,19.27,163.31,0.989210415,-0.067189356,0.125536269,0.034481732,0.1411486,0.0171884,-0.0404510
seq-01/frame-000496,1,0.00563090,0.127133,670,317,210,0.76,109.47,31.03,11.19,152.45,0.989755814,-0.068258169,0.121010992,0.032872334,0.1299779,0.0231640,-0.0379115
seq-01/frame-000497,1,0.00619037,0.193453,782,369,238,0.78,101.80,54.55,6.01,163.14,0.990208103,-0.070961713,0.115530215,0.033243304,0.1245209,0.0261081,-0.0343245
seq-01/frame-000498,1,0.00631712,0.198008,782,369,238,0.77,118.60,32.65,16.47,168.50,0.990208103,-0.070961713,0.115530215,0.033243304,0.1245209,0.0261081,-0.0343245
seq-01/frame-000499,1,0.00561024,0.269406,743,383,263,0.79,101.09,38.92,4.95,145.76,0.990411326,-0.073948260,0.112177735,0.032143691,0.1150665,0.0273354,-0.0291956
seq-01/frame-000500,1,0.00757157,0.281983,746,359,238,0.81,78.62,75.25,14.26,168.94,0.990808734,-0.077059118,0.107446787,0.028550543,0.1080557,0.0256617,-0.0292067
seq-01/frame-000501,1,0.00611981,0.306098,721,334,222,0.80,108.36,43.64,34.61,187.41,0.990939425,-0.077379020,0.106728463,0.025701733,0.0937623,0.0294880,-0.0218971
seq-01/frame-000502,1,0.00654470,0.276063,736,349,236,0.81,115.27,35.84,15.20,167.13,0.991422007,-0.080236712,0.100336278,0.024022997,0.0901619,0.0277797,-0.0201561
seq-01/frame-000503,1,0.00447124,0.220144,817,398,265,0.81,101.14,50.29,31.13,183.37,0.991635078,-0.081843986,0.097165816,0.022808733,0.0830452,0.0292896,-0.0152274
seq-01/frame-000504,1,0.00603627,0.213675,638,334,227,0.82,96.30,43.09,12.53,152.73,0.991709368,-0.082927339,0.095659811,0.022017845,0.0704682,0.0284617,-0.0134462
seq-01/frame-000505,1,0.00441193,0.243328,679,323,198,0.81,93.52,43.48,28.16,165.96,0.992340015,-0.079892985,0.091795289,0.021261021,0.0598180,0.0346178,-0.0071515
seq-01/frame-000506,1,0.00415412,0.184727,785,372,268,0.83,119.45,41.75,33.60,195.64,0.992499843,-0.084189497,0.086696098,0.018438460,0.0548324,0.0300494,-0.0051702
seq-01/frame-000507,1,0.00309283,0.199438,667,322,200,0.82,93.56,29.40,29.48,153.26,0.992539400,-0.084081406,0.086572549,0.017350789,0.0404187,0.0314928,0.0005610
seq-01/frame-000508,1,0.00385455,0.181863,679,299,195,0.82,85.69,36.48,14.55,137.54,0.993215824,-0.083347753,0.079536657,0.015792379,0.0349746,0.0324597,0.0007838
seq-01/frame-000509,1,0.00357033,0.170835,762,360,237,0.87,119.31,26.06,14.32,160.56,0.993301157,-0.085472095,0.076692662,0.012867310,0.0263828,0.0308885,0.0036276
seq-01/frame-000510,1,0.00548340,0.209538,630,258,181,0.81,132.57,21.75,16.68,171.82,0.993630015,-0.084172117,0.074006069,0.011728168,0.0140779,0.0342166,0.0056171
seq-01/frame-000511,1,0.00433208,0.203957,673,309,211,0.82,113.11,32.03,5.21,151.17,0.993989998,-0.084502076,0.068751502,0.010794192,0.0058591,0.0344704,0.0092341
seq-01/frame-000512,1,0.00585166,0.292859,667,288,192,0.81,105.11,27.82,24.99,158.74,0.994141612,-0.085698328,0.065143093,0.009727732,-0.0039090,0.0330921,0.0102057
seq-01/frame-000513,1,0.00152102,0.113090,784,347,213,0.84,97.54,48.66,28.24,175.28,0.994300634,-0.087649305,0.060405848,0.005914491,-0.0120318,0.0294994,0.0141421
seq-01/frame-000514,1,0.00143140,0.109929,784,347,213,0.82,87.40,51.98,15.55,155.75,0.994300634,-0.087649305,0.060405848,0.005914491,-0.0120318,0.0294994,0.0141421
seq-01/frame-000515,1,0.00335730,0.058447,831,351,228,0.83,103.71,37.90,9.00,151.45,0.994560259,-0.086758587,0.057496921,0.004116143,-0.0192472,0.0308162,0.0137123
seq-01/frame-000516,1,0.00814393,0.316917,491,192,107,0.77,86.18,38.04,9.90,134.89,0.994360670,-0.088218970,0.058821949,0.002061558,-0.0344173,0.0310718,0.0127586
seq-01/frame-000517,1,0.00566179,0.168821,529,205,119,0.78,119.92,29.01,5.70,155.41,0.994725058,-0.088237407,0.052271110,0.001987673,-0.0403887,0.0303305,0.0155532
seq-01/frame-000518,1,0.00519716,0.374486,585,251,146,0.77,74.34,37.57,25.45,138.13,0.994579368,-0.092198461,0.048065059,0.001036199,-0.0465251,0.0230683,0.0201569
seq-01/frame-000519,1,0.00520463,0.374511,585,251,146,0.77,91.03,30.24,16.78,138.82,0.994579368,-0.092198461,0.048065059,0.001036199,-0.0465251,0.0230683,0.0201569
seq-01/frame-000520,1,0.00590499,0.228329,543,228,131,0.77,85.73,52.40,20.75,159.65,0.995208973,-0.088004855,0.042546185,0.002016974,-0.0534709,0.0301643,0.0183058
seq-01/frame-000521,1,0.00298855,0.332460,700,320,199,0.78,114.31,32.31,24.90,172.31,0.995168258,-0.090764381,0.037441315,-0.000337028,-0.0575739,0.0258416,0.0218911
seq-01/frame-000522,1,0.00296823,0.234722,712,321,200,0.81,95.23,32.26,8.99,137.29,0.995264102,-0.090264797,0.036013988,-0.002150710,-0.0649362,0.0262527,0.0215559
seq-01/frame-000523,1,0.00575368,0.425816,585,282,170,0.79,85.20,49.81,9.03,144.84,0.995395571,-0.090144903,0.032466215,-0.002738472,-0.0707575,0.0269703,0.0233123
seq-01/frame-000524,1,0.00633457,0.475756,567,283,185,0.78,90.69,49.93,7.51,148.90,0.995491758,-0.090252796,0.028999753,-0.003099439,-0.0810385,0.0265268,0.0231306
seq-01/frame-000525,1,0.00632562,0.474492,567,283,185,0.78,94.01,31.03,6.77,132.59,0.995491758,-0.090252796,0.028999753,-0.003099439,-0.0810385,0.0265268,0.0231306
seq-01/frame-000526,1,0.00709222,0.338852,661,317,213,0.79,94.45,57.29,24.96,177.49,0.995514479,-0.090084617,0.028196928,-0.006373139,-0.0943872,0.0265349,0.0208858
seq-01/frame-000527,1,0.00505469,0.371106,658,352,232,0.78,112.46,27.60,16.66,157.49,0.995519191,-0.091626923,0.022535555,-0.006180259,-0.0966018,0.0230880,0.0226357
seq-01/frame-000528,1,0.00391978,0.196773,666,309,190,0.78,88.13,42.59,19.37,150.87,0.995567085,-0.091395802,0.021152313,-0.006750315,-0.1118372,0.0218757,0.0229703
seq-01/frame-000529,1,0.00526879,0.272744,846,445,306,0.78,106.17,20.91,14.55,142.42,0.995781017,-0.090048137,0.016465045,-0.006356227,-0.1154139,0.0200601,0.0210261
seq-01/frame-000530,1,0.00524846,0.271489,846,445,306,0.79,140.16,37.87,7.46,186.29,0.995781017,-0.090048137,0.016465045,-0.006356227,-0.1154139,0.0200601,0.0210261
seq-01/frame-000531,1,0.00201934,0.172826,737,334,229,0.77,101.68,37.81,30.19,170.46,0.995841163,-0.089522358,0.016097630,-0.005195317,-0.1254034,0.0169918,0.0212339
seq-01/frame-000532,1,0.01447244,0.829076,647,300,199,0.76,127.88,30.17,28.09,186.90,0.996309104,-0.084471995,0.014705287,-0.004050461,-0.1449484,0.0203953,0.0237416
seq-01/frame-000533,1,0.00824654,0.339639,776,314,192,0.74,116.34,47.16,27.29,191.52,0.996094520,-0.087994448,0.006642994,-0.002924794,-0.1478673,0.0083380,0.0145809
seq-01/frame-000534,1,0.00371849,0.369058,745,314,190,0.73,126.54,26.51,23.49,177.27,0.996249215,-0.086354054,-0.001228148,-0.005382488,-0.1476180,0.0014979,0.0149887
seq-01/frame-000535,1,0.00353242,0.152701,709,310,187,0.73,114.34,34.12,8.97,158.17,0.996789679,-0.079604505,-0.002697219,-0.008135286,-0.1652461,0.0029540,0.0161781
seq-01/frame-000536,1,0.00340590,0.151966,709,310,187,0.73,115.65,51.52,10.35,178.25,0.996789679,-0.079604505,-0.002697219,-0.008135286,-0.1652461,0.0029540,0.0161781
seq-01/frame-000537,1,0.00499458,0.304197,754,348,210,0.73,109.56,41.08,7.08,158.45,0.997091397,-0.075002830,-0.009391053,-0.009753393,-0.1698851,0.0014831,0.0121672
seq-01/frame-000538,1,0.00469394,0.305771,817,412,276,0.78,119.92,33.20,25.39,179.29,0.997367725,-0.070204047,-0.015044053,-0.010133556,-0.1750373,0.0011751,0.0086674
seq-01/frame-000539,1,0.00686472,0.235182,823,488,359,0.81,124.45,44.13,33.47,202.87,0.997501296,-0.068679129,-0.014660709,-0.007707535,-0.1903234,-0.0011333,-0.0013860
seq-01/frame-000540,1,0.00755500,0.353265,850,421,290,0.78,142.91,58.59,19.58,221.87,0.997470499,-0.068131669,-0.019725309,-0.004646697,-0.1948223,-0.0041736,-0.0019218
seq-01/frame-000541,1,0.00859485,0.439134,821,398,265,0.74,144.45,35.98,6.52,187.69,0.997644997,-0.064007457,-0.024222053,-0.004560444,-0.2027298,-0.0067563,-0.0066466
seq-01/frame-000542,1,0.00494054,0.255208,866,512,378,0.77,138.85,38.08,22.33,200.02,0.997771970,-0.059283199,-0.030385480,-0.003649684,-0.2047657,-0.0071893,-0.0083372
seq-01/frame-000543,1,0.00422019,0.168402,934,537,406,0.79,111.77,52.11,32.58,197.25,0.997789204,-0.057386871,-0.033517918,0.000012721,-0.2108104,-0.0106073,-0.0109620
seq-01/frame-000544,1,0.00139294,0.012782,912,495,359,0.75,131.89,43.84,20.52,197.01,0.997726307,-0.055950242,-0.037471354,0.002772208,-0.2153702,-0.0152346,-0.0139801
seq-01/frame-000545,1,0.00615650,0.266699,809,431,302,0.76,109.11,36.33,8.76,154.96,0.997888816,-0.051399368,-0.039549317,0.003444972,-0.2261065,-0.0165235,-0.0181601
seq-01/frame-000546,1,0.00212026,0.055059,865,507,373,0.78,121.52,65.97,21.69,209.96,0.997839312,-0.046905319,-0.045914771,0.002903773,-0.2303271,-0.0154701,-0.0208782
seq-01/frame-000547,1,0.00211399,0.055231,865,507,373,0.73,111.31,40.76,9.00,161.80,0.997839312,-0.046905319,-0.045914771,0.002903773,-0.2303271,-0.0154701,-0.0208782
seq-01/frame-000548,1,0.00149509,0.067737,1019,654,514,0.77,129.38,34.37,13.16,177.68,0.997642469,-0.045104977,-0.051701253,0.001423143,-0.2283840,-0.0177459,-0.0228479
seq-01/frame-000549,1,0.00827414,0.486492,881,471,328,0.75,84.22,59.95,13.33,158.27,0.997985577,-0.041785393,-0.047733168,-0.000560906,-0.2382252,-0.0245256,-0.0271244
seq-01/frame-000550,1,0.00786266,0.415862,998,619,470,0.81,110.08,33.94,29.22,174.06,0.998394588,-0.033085644,-0.045968750,0.000678327,-0.2451419,-0.0224821,-0.0297120
seq-01/frame-000551,1,0.00052529,0.060434,1005,561,419,0.84,115.94,69.14,6.03,191.95,0.998462475,-0.026861054,-0.048427320,0.002442243,-0.2491640,-0.0154314,-0.0302929
seq-01/frame-000552,1,0.00299507,0.213642,1060,630,472,0.80,139.12,45.37,12.60,197.89,0.998309990,-0.026032391,-0.051902409,0.002370181,-0.2543812,-0.0177219,-0.0305953
seq-01/frame-000553,1,0.00126868,0.047949,928,546,413,0.78,78.34,36.37,7.34,122.82,0.998241088,-0.021276736,-0.055317763,0.001405620,-0.2576313,-0.0191281,-0.0318604
seq-01/frame-000554,1,0.00233896,0.102064,1228,712,541,0.84,134.87,54.13,11.03,200.87,0.998332051,-0.013778440,-0.056064874,-0.000022337,-0.2624645,-0.0142873,-0.0351945
seq-01/frame-000555,1,0.00269872,0.126139,1381,797,592,0.92,118.50,67.61,23.25,210.29,0.998420662,-0.009456674,-0.055377868,0.000211324,-0.2686456,-0.0090028,-0.0388170
seq-01/frame-000556,1,0.00341950,0.184483,1272,666,496,0.96,142.36,57.38,6.67,207.37,0.998354412,-0.008535222,-0.056670949,0.002005170,-0.2737333,-0.0065390,-0.0406613
seq-01/frame-000557,1,0.00361681,0.219086,1288,725,561,0.94,140.22,62.22,19.35,222.73,0.998287351,-0.008421843,-0.057821982,0.002838112,-0.2786633,-0.0053224,-0.0416258
seq-01/frame-000558,1,0.00208258,0.120339,1417,769,589,0.90,139.67,78.25,7.38,226.20,0.998140602,-0.005137320,-0.060724963,0.001193847,-0.2793602,0.0005624,-0.0434935
seq-01/frame-000559,1,0.00205338,0.118886,1417,769,589,0.89,141.68,47.72,8.45,198.74,0.998140602,-0.005137320,-0.060724963,0.001193847,-0.2793602,0.0005624,-0.0434935
seq-01/frame-000560,1,0.00311728,0.172910,1328,732,547,0.87,144.49,72.85,9.27,227.49,0.998118828,-0.003000899,-0.061227356,-0.001005091,-0.2837176,0.0066466,-0.0487934
seq-01/frame-000561,1,0.00159923,0.096017,1500,786,602,0.89,125.89,78.62,9.16,214.56,0.998038846,-0.002360011,-0.062512255,-0.002260538,-0.2848108,0.0129284,-0.0501484
seq-01/frame-000562,1,0.00268703,0.177057,1385,746,570,0.91,116.72,49.63,30.24,197.50,0.998107758,-0.002092824,-0.061441443,-0.001213344,-0.2886961,0.0167162,-0.0540487
seq-01/frame-000563,1,0.00229536,0.177604,1127,604,450,0.83,115.66,51.46,20.91,188.87,0.997996627,-0.003497656,-0.063135073,0.002112452,-0.2919456,0.0181677,-0.0604580
seq-01/frame-000564,1,0.00147721,0.104425,1148,611,445,0.84,106.54,42.80,11.02,161.20,0.997755699,-0.001452913,-0.066917094,0.001886029,-0.2934365,0.0276382,-0.0638178
seq-01/frame-000565,1,0.00074409,0.057009,1363,738,549,0.90,114.15,76.44,7.37,198.86,0.997525171,-0.002353274,-0.070188910,0.003393099,-0.2925685,0.0299545,-0.0675572
seq-01/frame-000566,1,0.00068449,0.053240,1363,738,549,0.90,99.31,66.44,20.04,186.70,0.997525171,-0.002353274,-0.070188910,0.003393099,-0.2925685,0.0299545,-0.0675572
seq-01/frame-000567,1,0.00110413,0.062145,1379,731,539,0.87,139.15,68.22,12.36,220.60,0.997396560,0.000003158,-0.072014810,0.003737661,-0.2923595,0.0372217,-0.0726091
seq-01/frame-000568,1,0.00169982,0.115379,1420,761,551,0.88,100.93,84.06,14.85,200.72,0.997331956,0.001577572,-0.072826405,0.004774419,-0.2937858,0.0445796,-0.0773132
seq-01/frame-000569,1,0.00267294,0.158764,1314,735,527,0.88,99.50,82.28,29.07,211.73,0.997306378,0.002464291,-0.073174891,0.004398912,-0.2956794,0.0510316,-0.0835028
seq-01/frame-000570,1,0.00396668,0.205862,1231,655,473,0.86,123.50,50.25,6.06,180.68,0.997118823,0.005039913,-0.075532562,0.004846129,-0.2957700,0.0600872,-0.0862379
seq-01/frame-000571,1,0.00101091,0.029680,1280,669,473,0.85,124.61,76.46,7.31,209.23,0.996863799,0.004928408,-0.078837171,0.004793554,-0.2947715,0.0650017,-0.0930012
seq-01/frame-000572,1,0.00245012,0.173351,1394,752,524,0.86,100.37,99.99,16.23,217.45,0.996689497,0.004632741,-0.081036000,0.004663756,-0.2928150,0.0689742,-0.0989399
seq-01/frame-000573,1,0.00231951,0.138829,1170,627,460,0.82,124.97,58.97,7.62,192.38,0.996730071,0.007182669,-0.080456424,0.002082775,-0.2944893,0.0787176,-0.1037392
seq-01/frame-000574,1,0.00965258,0.461005,916,476,333,0.76,91.15,52.82,5.66,150.41,0.996933857,0.004939926,-0.078091891,0.000372363,-0.3004393,0.0856125,-0.1153451
seq-01/frame-000575,1,0.00394631,0.227826,1241,595,402,0.80,115.84,67.12,4.43,188.20,0.996717160,0.004293691,-0.080841154,-0.001084367,-0.2972373,0.0945382,-0.1125863
seq-01/frame-000576,1,0.00445217,0.281182,1243,610,438,0.81,111.58,62.66,9.98,185.03,0.996642064,0.005840704,-0.081628534,-0.002695341,-0.2975015,0.1050312,-0.1145594
seq-01/frame-000577,1,0.00315145,0.196407,1316,663,464,0.80,92.09,73.07,10.69,176.65,0.996445266,0.004923435,-0.084024139,-0.003540647,-0.2960942,0.1097318,-0.1172702
seq-01/frame-000578,1,0.00735731,0.389684,1364,690,477,0.84,105.27,75.20,19.15,200.47,0.996496390,0.004969526,-0.083273525,-0.005980665,-0.2984598,0.1158950,-0.1226831
seq-01/frame-000579,1,0.00466366,0.233633,1329,669,489,0.86,73.32,71.30,6.85,152.32,0.996339048,0.007764640,-0.084730802,-0.008300805,-0.2958187,0.1247524,-0.1236834
seq-01/frame-000580,1,0.00638091,0.331487,1274,636,452,0.84,125.99,63.58,11.71,202.12,0.996334769,0.010128883,-0.084007016,-0.012540178,-0.2973734,0.1329815,-0.1266887
seq-01/frame-000581,1,0.00887529,0.496963,1285,615,423,0.87,116.33,59.77,9.05,186.02,0.996359432,0.012108669,-0.082666650,-0.016955468,-0.2989318,0.1399385,-0.1262029
seq-01/frame-000582,1,0.01084895,0.580126,1328,637,442,0.85,103.89,79.18,14.39,198.31,0.996299990,0.014199084,-0.082329389,-0.020164040,-0.3003387,0.1467160,-0.1300126
seq-01/frame-000583,1,0.00182620,0.116442,1358,649,443,0.81,99.65,67.56,9.75,177.79,0.995688366,0.016295025,-0.088542910,-0.022345071,-0.2905694,0.1538733,-0.1290213
seq-01/frame-000584,1,0.00674014,0.298354,1367,605,405,0.82,98.39,81.07,9.79,190.08,0.995650354,0.017147740,-0.088016416,-0.025287128,-0.2922744,0.1613527,-0.1344880
seq-01/frame-000585,1,0.00911458,0.450649,1338,616,419,0.80,111.36,60.54,26.61,199.33,0.995667381,0.018338629,-0.087364016,-0.026032468,-0.2942117,0.1705760,-0.1356447
seq-01/frame-000586,1,0.00670092,0.316598,1310,607,415,0.82,93.77,91.97,7.96,194.52,0.995366022,0.018612823,-0.089859746,-0.028727529,-0.2904368,0.1763953,-0.1348868
seq-01/frame-000587,1,0.00425432,0.236182,1271,583,389,0.80,99.35,55.77,23.15,179.07,0.995121472,0.019711226,-0.091160895,-0.032162331,-0.2872369,0.1856048,-0.1339982
seq-01/frame-000588,1,0.00556228,0.272887,1291,585,392,0.80,110.04,54.28,23.61,188.74,0.994998427,0.020291262,-0.091222225,-0.035283137,-0.2861456,0.1939075,-0.1344733
seq-01/frame-000589,1,0.00966805,0.551474,1186,522,345,0.80,88.42,67.52,7.76,164.50,0.995038919,0.019968415,-0.089850170,-0.037759223,-0.2887527,0.1990889,-0.1346680
seq-01/frame-000590,1,0.00710527,0.419088,1320,586,374,0.81,98.37,59.06,23.43,181.68,0.994708969,0.020924388,-0.092387036,-0.039760196,-0.2848198,0.2080961,-0.1352491
seq-01/frame-000591,1,0.00715242,0.451876,1249,563,379,0.80,125.89,62.72,8.53,197.94,0.994532203,0.021295072,-0.093576882,-0.041177464,-0.2818265,0.2135697,-0.1340993
seq-01/frame-000592,1,0.00915970,0.490269,1045,434,265,0.76,105.22,57.77,5.81,169.56,0.994373309,0.020104591,-0.094844934,-0.042684501,-0.2807609,0.2201400,-0.1399879
seq-01/frame-000593,1,0.00715896,0.402310,1162,491,293,0.78,104.72,44.92,22.54,172.96,0.994015850,0.018082679,-0.097077332,-0.046706517,-0.2729157,0.2256025,-0.1387686
seq-01/frame-000594,1,0.00861730,0.530444,1138,482,298,0.77,106.23,45.64,23.60,176.24,0.994070829,0.017360707,-0.095910660,-0.048196860,-0.2743292,0.2330298,-0.1386590
seq-01/frame-000595,1,0.00862933,0.514163,1150,443,260,0.77,91.44,66.38,5.64,164.23,0.993785304,0.016180899,-0.097406151,-0.051390558,-0.2714373,0.2390748,-0.1409020
seq-01/frame-000596,1,0.00791631,0.440452,1178,472,293,0.77,109.70,53.78,19.96,184.22,0.993774209,0.014894133,-0.097623368,-0.051581623,-0.2691984,0.2465339,-0.1423490
seq-01/frame-000597,1,0.00495323,0.333158,1303,517,313,0.79,110.46,70.48,15.22,196.94,0.993455553,0.012814472,-0.100551761,-0.052642166,-0.2642921,0.2515059,-0.1413476
seq-01/frame-000598,1,0.00535788,0.273559,1485,574,340,0.82,108.80,58.30,6.45,174.38,0.993065213,0.011112238,-0.103441433,-0.054752816,-0.2584347,0.2541238,-0.1423940
seq-01/frame-000599,1,0.00798158,0.309584,1314,501,304,0.80,110.41,56.88,14.90,182.99,0.992988506,0.009846269,-0.104268086,-0.054818280,-0.2560930,0.2607327,-0.1489294
seq-01/frame-000600,1,0.00799406,0.438723,1620,585,339,0.85,128.47,70.82,10.01,210.15,0.993200925,0.009066148,-0.103320908,-0.052863188,-0.2608432,0.2656465,-0.1445454
seq-01/frame-000601,1,0.00590954,0.345357,1488,559,323,0.83,114.40,86.87,8.21,210.32,0.992818788,0.006889773,-0.106058615,-0.054908604,-0.2513101,0.2658490,-0.1464104
seq-01/frame-000602,1,0.00736745,0.463328,1476,497,265,0.81,135.70,57.41,19.44,213.36,0.993128030,0.005008890,-0.103107462,-0.055140538,-0.2549076,0.2692409,-0.1447775
seq-01/frame-000603,1,0.00586644,0.281065,1689,622,362,0.85,118.78,85.01,7.06,211.70,0.992897848,0.005266177,-0.104841534,-0.055985561,-0.2467255,0.2751655,-0.1477698
seq-01/frame-000604,1,0.00770682,0.501532,1486,480,282,0.83,136.69,69.85,23.49,230.85,0.992830199,0.003503939,-0.104111945,-0.058622705,-0.2448997,0.2759477,-0.1465830
seq-01/frame-000605,1,0.00826139,0.436119,1355,478,276,0.83,127.68,60.72,5.74,194.97,0.992899073,0.001753976,-0.102965914,-0.059551455,-0.2398359,0.2768774,-0.1480659
seq-01/frame-000606,1,0.00842152,0.372562,1437,389,163,0.82,121.49,84.57,6.92,213.80,0.993314721,0.002002847,-0.100599145,-0.056583270,-0.2380213,0.2835707,-0.1507576
seq-01/frame-000607,1,0.01477694,0.512915,931,245,104,0.78,107.88,68.52,8.46,185.64,0.993333832,-0.001036166,-0.100483097,-0.056479833,-0.2265035,0.2852074,-0.1544296
seq-01/frame-000608,1,0.00969979,0.978260,821,197,68,0.78,85.45,41.10,35.64,162.96,0.994729488,-0.001796334,-0.087982501,-0.052622216,-0.2368452,0.2958272,-0.1385105
seq-01/frame-000609,1,0.01313526,0.893043,902,243,93,0.81,86.22,34.91,14.51,136.44,0.994767328,-0.005797686,-0.085894892,-0.055012892,-0.2292312,0.2868085,-0.1445418
seq-01/frame-000610,1,0.01341020,0.913635,870,266,103,0.79,89.64,21.09,5.74,117.25,0.995087773,-0.006066539,-0.082273132,-0.054723422,-0.2197419,0.2906072,-0.1430109
seq-01/frame-000611,1,0.01583489,0.768938,742,218,85,0.78,81.19,26.34,4.55,112.87,0.995465300,-0.006701916,-0.077074926,-0.055347781,-0.2115353,0.2925892,-0.1457159
seq-01/frame-000612,1,0.00949780,0.785247,805,220,94,0.78,109.36,42.77,7.90,160.82,0.996049109,-0.007915686,-0.069672941,-0.054490321,-0.2142374,0.2987084,-0.1331067
seq-01/frame-000613,1,0.01159283,0.827679,810,247,95,0.78,89.92,41.76,7.63,140.09,0.996536032,-0.008069503,-0.063135494,-0.053523158,-0.2112057,0.3010744,-0.1391814
seq-01/frame-000614,1,0.00932033,0.513106,840,267,111,0.79,96.13,38.79,9.19,144.90,0.996801791,-0.008822158,-0.060984652,-0.050884490,-0.1969387,0.3024462,-0.1362740
seq-01/frame-000615,1,0.00982342,0.743718,883,285,123,0.79,100.78,53.01,5.86,160.44,0.997389786,-0.007674911,-0.051190196,-0.050341576,-0.2039568,0.3104539,-0.1330032
seq-01/frame-000616,1,0.00769187,0.571824,950,324,162,0.82,70.49,55.15,12.34,138.80,0.997738897,-0.006456041,-0.046735109,-0.047866930,-0.1976614,0.3140809,-0.1230588
seq-01/frame-000617,1,0.00873508,0.540452,984,304,167,0.81,102.20,49.05,13.12,165.18,0.997781802,-0.005913620,-0.045415054,-0.048311260,-0.1886678,0.3100234,-0.1255940
seq-01/frame-000618,1,0.01041228,0.761553,895,273,145,0.82,89.59,71.93,17.95,180.29,0.998018622,-0.004519061,-0.039290168,-0.048935589,-0.1882513,0.3147968,-0.1221727
seq-01/frame-000619,1,0.00579885,0.506482,860,248,134,0.80,116.06,41.06,10.37,168.29,0.998077273,-0.005707856,-0.038108564,-0.048548062,-0.1732669,0.3114066,-0.1199511
seq-01/frame-000620,1,0.01446752,0.952117,746,251,113,0.81,123.38,21.07,6.20,151.45,0.998534363,-0.004049460,-0.026675035,-0.046916628,-0.1806642,0.3192520,-0.1093869
seq-01/frame-000621,1,0.00813536,0.656599,757,244,131,0.81,88.42,51.31,29.75,170.29,0.998750833,-0.004608197,-0.022597790,-0.044326940,-0.1686918,0.3179527,-0.1079431
seq-01/frame-000622,1,0.01653121,0.891329,940,279,143,0.82,103.16,48.05,15.67,167.70,0.998985156,-0.004646309,-0.015669311,-0.041970742,-0.1667352,0.3214515,-0.1011998
seq-01/frame-000623,1,0.02515083,1.261938,755,240,116,0.81,122.07,23.93,5.47,152.29,0.999032723,-0.006064548,-0.007215540,-0.042950846,-0.1701392,0.3203545,-0.0932145
seq-01/frame-000624,1,0.01893419,1.100194,838,255,140,0.80,123.94,27.23,8.50,160.48,0.999116185,-0.004442932,-0.002049569,-0.041748164,-0.1620570,0.3219127,-0.0986495
seq-01/frame-000625,1,0.01593741,0.923236,926,328,179,0.79,95.81,69.00,8.38,173.98,0.999232323,-0.005440277,0.000228280,-0.038795827,-0.1510969,0.3203360,-0.1005078
seq-01/frame-000626,1,0.02050832,1.159041,810,274,136,0.80,82.44,36.84,5.51,125.60,0.999193328,-0.007121983,0.007380374,-0.038826550,-0.1499443,0.3178911,-0.0938904
seq-01/frame-000627,1,0.02034295,0.955444,920,310,163,0.79,98.99,36.53,30.57,166.88,0.999154729,-0.005418226,0.012789429,-0.038689790,-0.1437147,0.3216179,-0.0877557
seq-01/frame-000628,1,0.02487197,1.231520,924,337,165,0.81,95.81,73.94,6.38,176.94,0.999116525,-0.005105442,0.017322524,-0.037947786,-0.1385841,0.3210643,-0.0890881
seq-01/frame-000629,1,0.03460483,1.612669,706,249,138,0.78,101.09,45.57,8.79,156.24,0.998828891,-0.006704310,0.027519930,-0.039224373,-0.1456986,0.3187805,-0.0813976
seq-01/frame-000630,1,0.02713184,1.344892,737,273,147,0.77,91.60,59.14,18.54,170.06,0.998839986,-0.004756801,0.032181006,-0.035502659,-0.1331365,0.3209813,-0.0863401
seq-01/frame-000631,1,0.02605216,1.315381,639,221,113,0.78,55.57,29.33,7.54,93.21,0.998695650,-0.009667232,0.037987684,-0.032718192,-0.1230333,0.3093171,-0.0828206
seq-01/frame-000632,1,0.03204876,1.214450,671,223,129,0.77,127.10,46.88,15.90,190.65,0.998605588,-0.002195127,0.044094021,-0.028944408,-0.1106543,0.3349007,-0.0816275
seq-01/frame-000633,1,0.02382260,1.193982,766,295,171,0.78,120.27,31.95,6.11,159.12,0.998138737,-0.008315890,0.053351374,-0.028346743,-0.1152977,0.3146258,-0.0898468
seq-01/frame-000634,1,0.02471806,1.078710,867,313,182,0.78,126.21,44.73,11.27,183.00,0.998020944,-0.007801740,0.057410174,-0.024441763,-0.1039910,0.3182761,-0.0852101
seq-01/frame-000635,1,0.02217646,1.112293,817,288,162,0.79,100.41,55.66,20.66,177.53,0.997616436,-0.010971504,0.063468769,-0.024754569,-0.1006755,0.3107249,-0.0881118
seq-01/frame-000636,1,0.02237698,0.945381,940,373,223,0.81,115.47,71.86,17.37,205.51,0.997417630,-0.012651592,0.067431625,-0.021236409,-0.0921826,0.3090245,-0.0854141
seq-01/frame-000637,1,0.01731754,0.890859,875,313,182,0.80,154.52,38.80,6.90,201.02,0.997158154,-0.015327461,0.070864095,-0.020468616,-0.0852646,0.3011955,-0.0904939
seq-01/frame-000638,1,0.02627878,1.155637,855,295,170,0.79,116.67,40.50,6.63,164.58,0.996537148,-0.014818546,0.079678800,-0.018585277,-0.0843567,0.3059439,-0.0829204
seq-01/frame-000639,1,0.02117369,0.999958,1083,440,255,0.80,132.42,47.47,11.23,191.93,0.996148413,-0.012355318,0.085489784,-0.015072570,-0.0821880,0.3078791,-0.0940003
seq-01/frame-000640,1,0.02029737,0.889898,868,304,172,0.80,131.12,37.59,11.88,181.40,0.995988076,-0.014674852,0.087687337,-0.010165224,-0.0664102,0.3038555,-0.0906280
seq-01/frame-000641,1,0.01818429,0.642282,829,290,166,0.81,83.22,49.44,11.16,144.62,0.995581879,-0.012799266,0.092736647,-0.007267377,-0.0568595,0.3104705,-0.0928057
seq-01/frame-000642,1,0.01468119,0.755080,909,363,216,0.79,109.62,50.68,6.05,167.14,0.994884691,-0.013350972,0.099898156,-0.006823534,-0.0574659,0.3062552,-0.0967373
seq-01/frame-000643,1,0.01496894,0.740736,832,303,187,0.81,128.99,39.84,16.69,186.34,0.994274999,-0.013497786,0.105910745,-0.004236708,-0.0521703,0.3063078,-0.0969726
seq-01/frame-000644,1,0.01687156,0.476055,740,292,170,0.89,112.53,29.96,18.33,161.71,0.993754706,-0.014162978,0.110680861,-0.000860907,-0.0398230,0.3071987,-0.0933099
seq-01/frame-000645,1,0.01960537,0.962523,802,320,190,0.79,92.60,42.31,24.04,159.74,0.992289152,-0.016105226,0.122847961,0.003352380,-0.0459262,0.3008732,-0.0899005
seq-01/frame-000646,1,0.01631004,0.335368,750,265,142,0.78,89.64,49.32,16.82,156.55,0.992204812,-0.015260879,0.123564788,0.005334778,-0.0227664,0.3012766,-0.0901097
seq-01/frame-000647,1,0.01605789,0.823493,749,297,184,0.79,117.90,20.16,12.16,151.01,0.990615097,-0.014391914,0.135790302,0.005966184,-0.0339532,0.3013681,-0.0930496
seq-01/frame-000648,1,0.01579775,0.405504,684,282,180,0.78,87.53,40.95,5.68,134.94,0.990131960,-0.016258108,0.138788306,0.010591584,-0.0157134,0.2991395,-0.0894197
seq-01/frame-000649,1,0.01703557,0.216681,727,298,161,0.78,84.47,45.56,8.09,138.89,0.989195773,-0.018365687,0.144629264,0.015388295,-0.0042487,0.2944611,-0.0875457
seq-01/frame-000650,1,0.01888640,0.797471,814,310,192,0.79,97.58,43.64,5.51,147.52,0.987715724,-0.014461719,0.154890996,0.014740615,-0.0143585,0.3020756,-0.0903188
seq-01/frame-000651,1,0.01183613,0.512886,672,276,162,0.80,92.45,26.06,25.47,144.79,0.986817387,-0.017298289,0.159735490,0.019410993,-0.0027548,0.2949931,-0.0910120
seq-01/frame-000652,1,0.01226118,0.464024,641,274,168,0.79,86.26,26.41,34.45,147.91,0.985463817,-0.018644380,0.167222282,0.023455526,0.0039258,0.2934653,-0.0887774
seq-01/frame-000653,1,0.01125121,0.371788,819,345,211,0.80,99.94,42.39,7.50,150.63,0.985034623,-0.017000259,0.169387256,0.026939554,0.0157356,0.2961151,-0.0947859
seq-01/frame-000654,1,0.01006968,0.603384,752,275,173,0.79,110.10,45.10,7.47,163.46,0.983274983,-0.018528395,0.178829368,0.029104368,0.0097645,0.2896082,-0.0916865
seq-01/frame-000655,1,0.01824109,0.883230,733,284,185,0.78,82.56,33.32,5.89,122.55,0.981975815,-0.016297268,0.185963630,0.029587589,0.0097477,0.2951431,-0.0934828
seq-01/frame-000656,1,0.01045765,0.303159,739,293,177,0.79,82.18,36.07,10.83,129.88,0.981773573,-0.019775847,0.185858185,0.034442749,0.0314282,0.2885196,-0.0932620
seq-01/frame-000657,1,0.01202477,0.579972,698,266,168,0.79,92.06,41.41,5.25,139.51,0.980188333,-0.020630598,0.193529775,0.036761900,0.0279851,0.2890566,-0.0951630
seq-01/frame-000658,1,0.00941288,0.326105,645,230,128,0.77,74.99,38.04,7.98,121.78,0.979320590,-0.024722232,0.196410265,0.041749269,0.0402688,0.2836575,-0.0950035
seq-01/frame-000659,1,0.00787770,0.358793,779,300,182,0.77,83.43,55.79,5.87,145.86,0.977661929,-0.026585127,0.203499187,0.045370294,0.0410147,0.2840234,-0.0950761
seq-01/frame-000660,1,0.01007439,0.566065,723,298,180,0.79,69.82,43.02,28.41,142.03,0.976081946,-0.030148416,0.209771115,0.048489048,0.0419151,0.2762734,-0.0928107
seq-01/frame-000661,1,0.01012114,0.427565,679,261,156,0.77,87.61,27.98,6.09,122.46,0.975679120,-0.031587604,0.210996887,0.050326844,0.0572062,0.2755722,-0.0939174
seq-01/frame-000662,1,0.01132919,0.372916,669,254,157,0.77,70.15,49.37,4.51,124.80,0.974750194,-0.033167010,0.214640149,0.051880780,0.0657205,0.2754675,-0.0958628
seq-01/frame-000663,1,0.00863999,0.321492,662,227,124,0.75,81.51,22.40,5.95,110.62,0.972921231,-0.033914075,0.222128016,0.054159562,0.0620685,0.2769797,-0.0992209
seq-01/frame-000664,1,0.01238799,0.360152,515,198,105,0.77,69.16,11.52,10.21,91.67,0.971922685,-0.038060003,0.224615670,0.058868763,0.0775529,0.2732570,-0.1015312
seq-01/frame-000665,1,0.01021744,0.467983,517,183,102,0.73,92.29,11.15,23.31,127.48,0.969874356,-0.045029461,0.231401140,0.061397015,0.0782964,0.2646785,-0.1014332
seq-01/frame-000666,1,0.01119331,0.405416,536,215,123,0.73,84.69,27.14,26.92,139.48,0.968481332,-0.048061523,0.236493311,0.061683974,0.0872427,0.2678377,-0.1045690
seq-01/frame-000667,1,0.00714754,0.219907,557,207,128,0.75,64.16,44.38,5.63,114.93,0.966457902,-0.049127913,0.243072217,0.066794234,0.0909222,0.2696311,-0.1099541
seq-01/frame-000668,1,0.01336456,0.296997,498,183,94,0.72,71.25,30.42,31.70,134.09,0.964735678,-0.053798716,0.247434247,0.071882288,0.1021264,0.2685069,-0.1127634
seq-01/frame-000669,1,0.00552534,0.316794,750,357,236,0.73,113.08,32.11,6.18,152.12,0.961433709,-0.061094005,0.256501280,0.078229404,0.1008355,0.2625755,-0.1174197
seq-01/frame-000670,1,0.00583775,0.370387,1171,517,370,0.78,123.63,44.91,6.54,175.87,0.960474632,-0.063713403,0.258503399,0.081271623,0.1073145,0.2618329,-0.1218747
seq-01/frame-000671,1,0.00442845,0.317765,1152,481,335,0.80,133.25,43.85,5.28,183.17,0.960244016,-0.064944514,0.259038947,0.081317062,0.1139975,0.2648906,-0.1276151
seq-01/frame-000672,1,0.00511860,0.343584,996,429,292,0.79,155.05,22.27,26.14,204.26,0.959507724,-0.068900593,0.261267247,0.079605666,0.1197201,0.2614142,-0.1314162
seq-01/frame-000673,1,0.00214513,0.271175,832,299,169,0.75,79.01,44.88,10.68,135.32,0.958370154,-0.072489516,0.263982334,0.081149529,0.1232374,0.2591671,-0.1384076
seq-01/frame-000674,1,0.01460763,0.154796,907,343,190,0.71,121.40,44.08,18.38,184.58,0.956823690,-0.081956953,0.264844432,0.087343641,0.1332427,0.2574304,-0.1427986
seq-01/frame-000675,1,0.00414927,0.276425,1904,768,533,0.82,143.32,106.49,8.66,259.29,0.956135386,-0.085068236,0.265172495,0.090840884,0.1378441,0.2588409,-0.1452065
seq-01/frame-000676,1,0.00171293,0.091008,1621,633,437,0.83,128.02,87.67,6.74,223.26,0.956517340,-0.086022424,0.262424580,0.093851267,0.1474381,0.2580649,-0.1529974
seq-01/frame-000677,1,0.00597946,0.167855,1153,504,337,0.75,79.88,76.26,10.59,167.49,0.956611537,-0.091974593,0.260646183,0.092187898,0.1553055,0.2575704,-0.1599541
seq-01/frame-000678,1,0.00210977,0.199551,2292,913,598,0.83,141.40,106.51,9.08,257.81,0.956010779,-0.096425447,0.261665343,0.090976768,0.1589731,0.2562808,-0.1598928
seq-01/frame-000679,1,0.01107952,0.460770,1713,657,450,0.79,148.00,84.26,5.80,238.86,0.956486859,-0.096248618,0.259605177,0.092055661,0.1623516,0.2623955,-0.1692251
seq-01/frame-000680,1,0.00349802,0.112579,2305,931,638,0.86,166.29,158.33,12.78,338.27,0.956223350,-0.102543225,0.257250597,0.094572308,0.1739762,0.2567731,-0.1686130
seq-01/frame-000681,1,0.00574409,0.246160,2346,988,660,0.86,136.59,113.53,17.21,268.19,0.956581718,-0.103691859,0.255133434,0.095427178,0.1789292,0.2564783,-0.1737942
seq-01/frame-000682,1,0.00757389,0.263324,1770,693,440,0.79,121.17,91.20,7.70,220.85,0.956634591,-0.108307715,0.252435329,0.096933493,0.1871271,0.2527412,-0.1802038
seq-01/frame-000683,1,0.00076839,0.176162,2554,975,685,0.83,116.45,134.69,25.68,277.65,0.957043009,-0.113292366,0.249778004,0.094045028,0.1966313,0.2501337,-0.1785932
seq-01/frame-000684,1,0.00334207,0.145715,2525,1081,756,0.83,199.72,135.19,9.97,345.72,0.958081992,-0.111774944,0.247277346,0.091864969,0.2038379,0.2494366,-0.1827224
seq-01/frame-000685,1,0.00878431,0.375162,1784,703,439,0.80,145.02,83.81,7.03,236.66,0.958048644,-0.114566782,0.246935507,0.089666621,0.2042390,0.2479860,-0.1876442
seq-01/frame-000686,1,0.00384653,0.178689,2598,977,687,0.86,140.52,133.55,32.62,307.56,0.958112950,-0.119379161,0.244516061,0.089331336,0.2127678,0.2467872,-0.1850355
seq-01/frame-000687,1,0.00433008,0.274467,2327,939,655,0.82,183.41,92.14,29.72,306.09,0.959268062,-0.119969359,0.238911175,0.091288486,0.2253466,0.2410328,-0.1859082
seq-01/frame-000688,1,0.00878850,0.367685,2351,965,668,0.88,179.81,107.80,37.14,325.63,0.960184749,-0.118511416,0.236410221,0.090058310,0.2250286,0.2433851,-0.1870082
seq-01/frame-000689,1,0.00275381,0.167420,2389,955,628,0.83,180.25,130.20,7.05,318.33,0.961406413,-0.120576934,0.230420295,0.089807576,0.2377559,0.2373847,-0.1863673
seq-01/frame-000690,1,0.00303171,0.132430,2417,977,653,0.79,195.68,86.35,45.32,328.13,0.962487588,-0.119002017,0.227191057,0.088545957,0.2445154,0.2357904,-0.1848032
seq-01/frame-000691,1,0.00313036,0.145876,2287,891,619,0.81,160.80,98.96,8.05,268.62,0.962760666,-0.118548693,0.226585334,0.087733649,0.2494486,0.2319959,-0.1837371
seq-01/frame-000692,1,0.00340312,0.136823,1780,755,523,0.78,137.68,68.41,54.07,260.95,0.963322194,-0.117644592,0.225624022,0.085228523,0.2587901,0.2298748,-0.1840008
seq-01/frame-000693,1,0.00353490,0.133588,1445,585,391,0.74,142.74,77.78,7.29,228.55,0.964145290,-0.116639906,0.223901671,0.081774286,0.2687381,0.2256197,-0.1810483
seq-01/frame-000694,1,0.00465875,0.113037,1232,516,335,0.73,95.59,58.64,41.80,196.76,0.964868612,-0.116289785,0.221799536,0.079436854,0.2773059,0.2161485,-0.1758016
seq-01/frame-000695,1,0.00558979,0.173079,1566,627,429,0.76,160.91,73.29,8.71,243.68,0.965780850,-0.114876889,0.219078788,0.077943156,0.2834625,0.2087855,-0.1740850
seq-01/frame-000696,1,0.00499617,0.186337,1293,549,338,0.75,117.96,84.28,8.81,211.80,0.966384251,-0.114572181,0.216412165,0.078361151,0.2893588,0.2016565,-0.1701042
seq-01/frame-000697,1,0.00709196,0.310977,795,306,178,0.72,127.80,53.03,5.86,187.41,0.966909039,-0.111051592,0.215857387,0.078485934,0.2930100,0.1989012,-0.1619282
seq-01/frame-000698,1,0.00716600,0.312574,795,306,178,0.72,112.16,79.38,7.77,200.03,0.966909039,-0.111051592,0.215857387,0.078485934,0.2930100,0.1989012,-0.1619282
seq-01/frame-000699,1,0.00884026,0.387832,628,264,167,0.70,114.62,15.81,5.74,136.88,0.967600483,-0.108483875,0.214464277,0.077366846,0.2975511,0.1885336,-0.1562299
seq-01/frame-000700,1,0.00400794,0.177714,761,328,219,0.71,93.06,52.60,21.72,169.06,0.968657482,-0.106771270,0.211125129,0.075688562,0.3053450,0.1791856,-0.1555579
seq-01/frame-000701,1,0.00847645,0.536779,487,225,141,0.69,138.71,16.14,5.14,160.69,0.970178545,-0.101454539,0.208410270,0.070892366,0.3086932,0.1799408,-0.1506450
seq-01/frame-000702,1,0.00853317,0.440322,441,192,115,0.73,91.44,25.83,9.41,127.42,0.970720201,-0.099977727,0.206268887,0.071832390,0.3090047,0.1639295,-0.1429376
seq-01/frame-000703,1,0.00872953,0.551710,448,209,134,0.70,79.63,11.10,10.26,101.69,0.972210614,-0.092795347,0.204016362,0.067622995,0.3100267,0.1627123,-0.1364122
seq-01/frame-000704,1,0.01113246,0.700503,421,220,139,0.69,107.05,20.02,5.21,132.97,0.973582114,-0.087401994,0.201117028,0.063645115,0.3153797,0.1577248,-0.1303382
seq-01/frame-000705,1,0.01038667,0.592234,425,213,153,0.67,83.73,29.57,4.79,118.77,0.974165582,-0.084488728,0.200705703,0.059835568,0.3162027,0.1486183,-0.1228351
seq-01/frame-000706,1,0.01026718,0.699544,443,219,154,0.68,99.05,43.32,15.68,158.73,0.974767701,-0.081659049,0.200080101,0.055925685,0.3176866,0.1411181,-0.1137278
seq-01/frame-000707,1,0.01030012,0.701757,443,219,154,0.68,84.26,25.21,20.14,130.30,0.974767701,-0.081659049,0.200080101,0.055925685,0.3176866,0.1411181,-0.1137278
seq-01/frame-000708,1,0.01016356,0.617452,451,237,164,0.67,112.64,20.44,6.89,140.65,0.974707220,-0.079161603,0.201572642,0.055206395,0.3166039,0.1334595,-0.1063080
seq-01/frame-000709,1,0.00889649,0.565428,414,205,145,0.68,143.63,12.90,16.37,173.59,0.974784807,-0.076784680,0.201988648,0.055671167,0.3188126,0.1237034,-0.0962226
seq-01/frame-000710,1,0.00445095,0.277894,451,220,160,0.67,93.41,34.19,5.39,133.66,0.975009064,-0.076192732,0.200904322,0.056475188,0.3225050,0.1123751,-0.0862110
seq-01/frame-000711,1,0.00325975,0.219903,531,276,196,0.70,117.58,28.15,14.29,160.72,0.974857134,-0.075055304,0.202047584,0.056542395,0.3231619,0.1045734,-0.0791536
seq-01/frame-000712,1,0.00488884,0.340820,492,250,177,0.68,114.86,38.30,5.54,159.37,0.974747710,-0.073184592,0.203816200,0.054496552,0.3208639,0.0994573,-0.0711891
seq-01/frame-000713,1,0.00229889,0.194340,428,237,179,0.69,84.48,26.17,32.88,144.22,0.974834163,-0.072288977,0.204316915,0.052223146,0.3228270,0.0928335,-0.0606154
seq-01/frame-000714,1,0.00369910,0.240898,590,290,207,0.71,96.22,25.89,6.59,129.41,0.973739938,-0.072104683,0.209159576,0.053700281,0.3193988,0.0848266,-0.0499989
seq-01/frame-000715,1,0.00398440,0.267278,669,347,237,0.77,106.95,33.05,5.80,146.58,0.973204868,-0.071301157,0.211517652,0.055215151,0.3175027,0.0802822,-0.0405389
seq-01/frame-000716,1,0.00116635,0.119639,606,309,230,0.73,93.58,26.61,30.86,151.78,0.973053980,-0.070335374,0.212210441,0.056441259,0.3199922,0.0744606,-0.0297407
seq-01/frame-000717,1,0.00229030,0.107617,700,352,260,0.75,107.06,27.30,26.38,161.49,0.972193652,-0.068662227,0.216389679,0.057450049,0.3173374,0.0695422,-0.0195630
seq-01/frame-000718,1,0.00383502,0.262755,615,329,244,0.75,86.25,30.21,6.72,123.92,0.970687655,-0.067539096,0.223076437,0.058658769,0.3127213,0.0655831,-0.0112051
seq-01/frame-000719,1,0.00318342,0.236997,671,371,280,0.76,87.30,22.82,24.79,135.68,0.968650573,-0.068136323,0.230200430,0.063884826,0.3094912,0.0586674,-0.0012778
seq-01/frame-000720,1,0.00159225,0.110779,684,361,258,0.76,123.79,44.80,15.23,184.59,0.967376543,-0.067925299,0.234159813,0.068832842,0.3094901,0.0542967,0.0071103
seq-01/frame-000721,1,0.00168369,0.119674,649,354,265,0.78,81.77,37.22,14.23,133.99,0.965592891,-0.066266879,0.240206048,0.074432007,0.3059077,0.0518527,0.0169019
seq-01/frame-000722,1,0.00234624,0.139665,610,342,239,0.73,90.49,17.80,6.11,115.13,0.963394667,-0.066064701,0.247626787,0.078658414,0.3023257,0.0472054,0.0268879
seq-01/frame-000723,1,0.00409908,0.283308,621,336,250,0.74,126.98,18.63,21.03,167.37,0.960373017,-0.063634841,0.258196739,0.083478858,0.2953055,0.0452142,0.0361434
seq-01/frame-000724,1,0.00429782,0.304760,585,337,246,0.75,63.52,48.04,9.17,121.49,0.957239689,-0.063115207,0.268090262,0.088522654,0.2916770,0.0418612,0.0469185
seq-01/frame-000725,1,0.00228177,0.172773,578,342,253,0.74,93.92,36.01,26.07,156.74,0.954352268,-0.064135251,0.276917837,0.091732931,0.2899404,0.0385353,0.0549330
seq-01/frame-000726,1,0.00761374,0.523277,532,289,215,0.72,79.83,22.23,5.66,108.45,0.950109642,-0.061110492,0.290434217,0.095943431,0.2829989,0.0367891,0.0668215
seq-01/frame-000727,1,0.00495863,0.338867,596,337,255,0.73,118.47,13.65,22.85,155.71,0.946930454,-0.059516450,0.299449842,0.100549989,0.2816069,0.0325460,0.0741763
seq-01/frame-000728,1,0.00439907,0.240092,557,304,234,0.74,101.13,33.19,5.26,140.32,0.943265114,-0.057840210,0.309690407,0.104867953,0.2783629,0.0298118,0.0834691
seq-01/frame-000729,1,0.00364064,0.296342,607,350,263,0.74,96.68,31.08,21.70,150.21,0.938722519,-0.058999422,0.320872506,0.111175250,0.2781374,0.0233513,0.0943834
seq-01/frame-000730,1,0.00269640,0.176465,804,449,350,0.76,114.30,39.28,21.12,175.46,0.936015845,-0.056047540,0.326351468,0.119280050,0.2734755,0.0219041,0.1017205
seq-01/frame-000731,1,0.00387153,0.252084,776,432,332,0.76,100.26,39.59,29.96,170.58,0.933384263,-0.055793355,0.331299963,0.126179453,0.2707604,0.0177357,0.1107695
seq-01/frame-000732,1,0.00213504,0.142301,753,429,338,0.76,116.07,31.93,5.44,154.19,0.930438086,-0.054172277,0.337303543,0.132576970,0.2688003,0.0144482,0.1208437
seq-01/frame-000733,1,0.00354505,0.224447,794,452,345,0.75,82.10,28.16,6.56,117.57,0.927317722,-0.052125163,0.343964319,0.138033900,0.2643950,0.0110451,0.1300959
seq-01/frame-000734,1,0.00480563,0.217232,630,375,295,0.74,83.19,35.15,6.13,125.20,0.924172747,-0.051194461,0.351799190,0.139718258,0.2620572,0.0074203,0.1373220
seq-01/frame-000735,1,0.00685784,0.402941,625,375,296,0.73,103.46,34.17,16.60,154.97,0.919055169,-0.049530735,0.364338971,0.141920460,0.2572253,0.0033399,0.1480167
seq-01/frame-000736,1,0.00332802,0.165171,661,403,327,0.73,78.42,33.50,13.50,126.16,0.915030003,-0.046103709,0.372657823,0.147379403,0.2570891,-0.0003584,0.1569170
seq-01/frame-000737,1,0.00510332,0.355023,804,503,395,0.76,138.81,37.08,8.89,185.54,0.910921136,-0.042806369,0.379516776,0.156068306,0.2532414,-0.0049557,0.1634860
seq-01/frame-000738,1,0.00300277,0.269104,851,514,399,0.77,126.22,21.77,7.23,155.98,0.906984990,-0.039284746,0.385596665,0.164773020,0.2492091,-0.0046717,0.1735377
seq-01/frame-000739,1,0.00327140,0.166701,927,538,421,0.76,70.27,64.29,5.60,140.93,0.903971190,-0.039218559,0.390029583,0.170806666,0.2474736,-0.0082062,0.1812769
seq-01/frame-000740,1,0.00266650,0.182374,607,392,310,0.72,108.83,59.02,17.43,186.01,0.901394869,-0.036777585,0.396058123,0.171092555,0.2500574,-0.0101765,0.1906512
seq-01/frame-000741,1,0.00451393,0.273915,623,361,270,0.72,94.03,41.47,12.46,148.68,0.895739755,-0.033666530,0.410255921,0.167949202,0.2448765,-0.0124800,0.2001370
seq-01/frame-000742,1,0.00562660,0.358706,766,434,340,0.74,99.50,48.45,17.80,166.48,0.889816350,-0.032244946,0.423515423,0.166798721,0.2405285,-0.0151540,0.2098690
seq-01/frame-000743,1,0.00178658,0.122474,954,538,423,0.75,97.15,38.38,30.18,166.47,0.886377856,-0.031657627,0.430754072,0.166682396,0.2389193,-0.0191288,0.2183453
seq-01/frame-000744,1,0.00143379,0.175335,662,359,281,0.73,81.23,37.98,29.15,149.08,0.884157835,-0.028647941,0.436978523,0.162769742,0.2403779,-0.0174897,0.2255538
seq-01/frame-000745,1,0.00252947,0.114139,599,315,232,0.72,68.69,28.46,30.21,128.10,0.876648858,-0.028130411,0.452867125,0.160021333,0.2369204,-0.0210709,0.2362893
seq-01/frame-000746,1,0.00249730,0.110254,599,315,232,0.73,85.95,52.03,5.81,144.51,0.876648858,-0.028130411,0.452867125,0.160021333,0.2369204,-0.0210709,0.2362893
seq-01/frame-000747,1,0.00096904,0.074218,1033,563,407,0.78,153.96,30.83,17.43,203.00,0.870663262,-0.027685490,0.463357959,0.162721848,0.2324303,-0.0255754,0.2433045
seq-01/frame-000748,1,0.00236189,0.131176,999,543,423,0.76,127.47,22.25,13.04,163.52,0.867415821,-0.027684417,0.468644731,0.164910529,0.2299369,-0.0287021,0.2505738
seq-01/frame-000749,1,0.00158950,0.044815,978,520,402,0.77,115.74,66.78,5.16,188.44,0.862867798,-0.025016839,0.475803384,0.168654857,0.2289170,-0.0304221,0.2595652
seq-01/frame-000750,1,0.00221301,0.054702,1016,516,391,0.76,124.61,53.97,5.52,184.86,0.859415656,-0.022552544,0.481676659,0.169952078,0.2270837,-0.0330270,0.2675438
seq-01/frame-000751,1,0.00302076,0.053431,999,517,363,0.78,103.59,44.53,6.07,154.97,0.855682789,-0.021236644,0.487789470,0.171515022,0.2237967,-0.0349950,0.2728651
seq-01/frame-000752,1,0.00240733,0.233542,1060,562,417,0.79,111.40,53.62,20.51,186.33,0.851956925,-0.021238623,0.492683106,0.176016124,0.2230318,-0.0384985,0.2792367
seq-01/frame-000753,1,0.00240212,0.233159,1060,562,417,0.79,104.85,41.88,30.03,177.56,0.851956925,-0.021238623,0.492683106,0.176016124,0.2230318,-0.0384985,0.2792367
seq-01/frame-000754,1,0.00214212,0.190845,1080,537,386,0.79,87.12,64.57,9.04,161.54,0.848750205,-0.019958614,0.496544041,0.180745008,0.2192366,-0.0400938,0.2868618
seq-01/frame-000755,1,0.00098501,0.106347,1089,545,400,0.79,128.54,72.09,27.12,228.54,0.846406393,-0.020255799,0.500126801,0.181821627,0.2165208,-0.0416566,0.2925720
seq-01/frame-000756,1,0.00197476,0.119360,926,483,362,0.78,105.54,47.58,23.92,177.84,0.842219554,-0.020630436,0.506653304,0.183147585,0.2132715,-0.0445497,0.2976559
seq-01/frame-000757,1,0.00248672,0.150265,995,493,365,0.78,102.54,59.26,15.65,178.23,0.837447755,-0.020381283,0.512996379,0.187351480,0.2080296,-0.0471360,0.3012944
seq-01/frame-000758,1,0.00182684,0.133122,1031,535,409,0.79,93.37,53.88,7.27,155.31,0.833702583,-0.020020147,0.517082066,0.192783126,0.2047387,-0.0495136,0.3066150
seq-01/frame-000759,1,0.00334646,0.247749,982,514,383,0.79,100.71,73.26,8.66,183.42,0.831412928,-0.018412681,0.518966114,0.197706066,0.2013900,-0.0514425,0.3103676
seq-01/frame-000760,1,0.00295421,0.239616,1074,518,373,0.80,123.06,43.89,6.62,174.38,0.829168451,-0.017044213,0.521877896,0.199581153,0.1969637,-0.0525116,0.3146518
seq-01/frame-000761,1,0.00105403,0.135483,1038,507,374,0.79,100.20,82.87,7.22,191.08,0.825752517,-0.016186804,0.526691570,0.201163509,0.1919068,-0.0527019,0.3188695
seq-01/frame-000762,1,0.00104836,0.134643,1038,507,374,0.80,90.12,56.26,29.28,176.46,0.825752517,-0.016186804,0.526691570,0.201163509,0.1919068,-0.0527019,0.3188695
seq-01/frame-000763,1,0.00169636,0.121057,1068,521,388,0.81,107.41,65.21,10.91,184.34,0.823128215,-0.015979549,0.530636596,0.201567353,0.1868873,-0.0533697,0.3223807
seq-01/frame-000764,1,0.00259944,0.209889,805,438,335,0.75,118.02,30.45,5.09,154.32,0.821138965,-0.016820785,0.534949991,0.198182663,0.1847816,-0.0530885,0.3238298
seq-01/frame-000765,1,0.00137503,0.115464,933,492,366,0.78,108.55,58.69,22.22,190.23,0.814833860,-0.017847904,0.543956334,0.199596440,0.1771904,-0.0559551,0.3282594
seq-01/frame-000766,1,0.00319674,0.263870,780,416,333,0.73,101.76,38.52,13.23,154.25,0.811426385,-0.018012787,0.547431640,0.203915085,0.1687940,-0.0562955,0.3292023
seq-01/frame-000767,1,0.00272440,0.263606,905,476,355,0.76,94.76,52.67,16.47,164.65,0.808921573,-0.021086722,0.548729250,0.209993925,0.1654161,-0.0583520,0.3323758
seq-01/frame-000768,1,0.00182879,0.230352,987,543,384,0.78,140.12,43.82,9.85,194.56,0.807202710,-0.020366383,0.550382393,0.212339859,0.1619068,-0.0593474,0.3373030
seq-01/frame-000769,1,0.00182240,0.231073,987,543,384,0.77,122.35,62.60,24.66,210.39,0.807202710,-0.020366383,0.550382393,0.212339859,0.1619068,-0.0593474,0.3373030
seq-01/frame-000770,1,0.00153872,0.222393,863,445,348,0.75,132.44,18.44,18.27,169.92,0.807409223,-0.018569294,0.550352911,0.211795188,0.1558232,-0.0596686,0.3401789
seq-01/frame-000771,1,0.00382583,0.395658,689,387,300,0.74,105.54,46.73,17.58,170.60,0.808969046,-0.017622527,0.547914202,0.212246451,0.1491971,-0.0615727,0.3419629
seq-01/frame-000772,1,0.00317292,0.389371,605,342,261,0.72,95.42,43.57,13.44,153.16,0.812019455,-0.016170723,0.544743628,0.208847533,0.1445057,-0.0631548,0.3453202
seq-01/frame-000773,1,0.00334916,0.307232,619,366,286,0.72,83.85,29.58,26.03,140.18,0.814750437,-0.014502563,0.542364134,0.204481164,0.1384416,-0.0671893,0.3464869
seq-01/frame-000774,1,0.00300598,0.250800,584,356,267,0.72,106.61,55.99,5.36,168.69,0.816778495,-0.010426711,0.540675420,0.201082729,0.1287172,-0.0687289,0.3498113
seq-01/frame-000775,1,0.00286017,0.315189,719,406,313,0.75,113.86,27.20,7.18,148.99,0.821290246,-0.009842335,0.534615274,0.198927045,0.1235633,-0.0692695,0.3503533
seq-01/frame-000776,1,0.00285605,0.277691,697,409,312,0.75,101.19,55.26,3.72,160.91,0.823822173,-0.010372205,0.531115625,0.197802019,0.1188410,-0.0728192,0.3521587
seq-01/frame-000777,1,0.00317462,0.290471,651,393,294,0.73,90.48,53.86,20.57,165.64,0.826753801,-0.007795249,0.527274229,0.195957328,0.1119506,-0.0761762,0.3532919
seq-01/frame-000778,1,0.00373545,0.380870,645,378,282,0.73,142.16,28.12,6.75,177.76,0.830550237,-0.004473885,0.521540473,0.195350514,0.1052985,-0.0775177,0.3531394
seq-01/frame-000779,1,0.00352232,0.221910,645,373,278,0.74,118.88,26.62,23.03,169.27,0.832765984,-0.003409109,0.517809512,0.195863479,0.0954180,-0.0799947,0.3559392
seq-01/frame-000780,1,0.00205619,0.137714,648,352,259,0.74,92.48,31.30,5.67,130.20,0.837289489,-0.001985869,0.510366307,0.196134139,0.0899740,-0.0822621,0.3573420
seq-01/frame-000781,1,0.00270190,0.105292,565,341,236,0.73,123.38,21.29,16.93,162.34,0.842607751,-0.001029064,0.502867473,0.192705536,0.0818827,-0.0850638,0.3580853
seq-01/frame-000782,1,0.00292835,0.264225,572,344,257,0.72,88.80,39.97,6.75,136.24,0.848845468,-0.000386113,0.494580889,0.186684135,0.0776911,-0.0880636,0.3578731
seq-01/frame-000783,1,0.00602857,0.517548,609,345,243,0.73,112.70,17.57,25.50,156.51,0.855074675,0.000022664,0.486190110,0.180184563,0.0703083,-0.0892514,0.3562167
seq-01/frame-000784,1,0.00618880,0.478179,531,285,218,0.74,111.91,16.57,33.70,162.92,0.860908810,-0.001213151,0.477045031,0.176812293,0.0626567,-0.0888866,0.3570496
seq-01/frame-000785,1,0.00489231,0.414455,554,306,230,0.74,133.62,42.32,7.77,184.45,0.865695186,-0.002676174,0.467729459,0.178308262,0.0550858,-0.0920003,0.3575206
seq-01/frame-000786,1,0.00482587,0.410478,554,306,230,0.74,117.26,49.44,7.00,174.45,0.865695186,-0.002676174,0.467729459,0.178308262,0.0550858,-0.0920003,0.3575206
seq-01/frame-000787,1,0.00635887,0.431348,600,326,243,0.74,90.68,56.91,9.81,158.15,0.871921789,-0.002744410,0.457435239,0.174636377,0.0519013,-0.0943363,0.3552069
seq-01/frame-000788,1,0.00325281,0.216207,562,302,211,0.76,117.70,45.21,8.79,172.47,0.876784335,-0.000006536,0.450808923,0.167393384,0.0443202,-0.0926053,0.3582353
seq-01/frame-000789,1,0.00349684,0.240566,605,323,219,0.75,116.15,38.99,6.04,161.94,0.882912240,0.000888256,0.440503343,0.162548429,0.0390315,-0.0913903,0.3571819
seq-01/frame-000790,1,0.00625970,0.489216,615,316,219,0.75,106.86,21.27,29.91,158.80,0.888803839,0.000444233,0.429846691,0.158931936,0.0355029,-0.0950158,0.3555289
seq-01/frame-000791,1,0.00465510,0.354829,630,325,222,0.77,55.22,57.43,21.70,135.12,0.894575693,0.001924548,0.420755310,0.150650571,0.0288304,-0.0925281,0.3561520
seq-01/frame-000792,1,0.00602856,0.442240,666,332,234,0.78,122.13,29.42,27.04,179.37,0.900436182,0.001655579,0.409763125,0.145966172,0.0203775,-0.0907063,0.3526758
seq-01/frame-000793,1,0.00793740,0.531308,833,441,319,0.81,117.14,34.19,10.85,163.00,0.904924497,-0.001342420,0.400812606,0.143035337,0.0169654,-0.0897034,0.3487026
seq-01/frame-000794,1,0.00237914,0.201832,725,336,227,0.80,79.39,47.83,31.83,159.85,0.907401139,-0.002158595,0.396309573,0.139847189,0.0128196,-0.0903312,0.3518131
seq-01/frame-000795,1,0.00715114,0.332856,794,359,235,0.80,70.95,78.85,22.45,173.04,0.912350712,-0.003016766,0.386753813,0.134270496,0.0033304,-0.0910826,0.3474103
seq-01/frame-000796,1,0.00724636,0.335667,794,359,235,0.81,115.90,40.59,16.33,173.62,0.912350712,-0.003016766,0.386753813,0.134270496,0.0033304,-0.0910826,0.3474103
seq-01/frame-000797,1,0.00556112,0.448029,500,243,159,0.73,112.64,17.76,9.75,140.88,0.916592904,-0.004187080,0.378110578,0.129893446,0.0024338,-0.0877520,0.3462285
seq-01/frame-000798,1,0.00641292,0.419650,562,250,142,0.75,66.48,60.10,8.58,135.91,0.919877835,-0.007224831,0.370949361,0.127157939,-0.0086327,-0.0903102,0.3453280
seq-01/frame-000799,1,0.00932074,0.658315,613,237,119,0.78,118.59,16.44,7.42,143.24,0.925915894,-0.006799167,0.356577739,0.124442132,-0.0087549,-0.0872061,0.3415603
seq-01/frame-000800,1,0.01261703,0.891078,684,251,145,0.77,117.02,26.66,11.80,156.25,0.931337873,-0.008265874,0.343375662,0.120973532,-0.0089843,-0.0892124,0.3353148
seq-01/frame-000801,1,0.00981058,0.500761,647,240,116,0.78,96.07,40.66,17.40,154.93,0.935174820,-0.008140336,0.336171595,0.111222523,-0.0199062,-0.0878468,0.3374564
seq-01/frame-000802,1,0.00963654,0.630929,665,244,125,0.80,109.73,29.81,14.76,155.11,0.940369407,-0.006291401,0.323350161,0.105406217,-0.0232159,-0.0854891,0.3335575
seq-01/frame-000803,1,0.00963654,0.630929,665,244,125,0.80,145.79,33.79,11.23,191.62,0.940369407,-0.006291401,0.323350161,0.105406217,-0.0232159,-0.0854891,0.3335575
seq-01/frame-000804,1,0.00888615,0.464523,733,285,152,0.81,87.47,55.76,18.00,162.05,0.944652906,-0.007732006,0.313373813,0.096788206,-0.0290853,-0.0839294,0.3297586
seq-01/frame-000805,1,0.00554649,0.352954,675,267,155,0.80,117.61,26.37,9.07,153.86,0.947810571,-0.009063611,0.305329737,0.091360411,-0.0345234,-0.0829983,0.3298971
seq-01/frame-000806,1,0.00534268,0.272500,647,267,148,0.81,105.31,34.44,18.73,159.29,0.950272183,-0.009582167,0.297743307,0.090773809,-0.0410189,-0.0834938,0.3275502
seq-01/frame-000807,1,0.00537105,0.273780,647,267,148,0.80,96.04,36.48,31.23,164.55,0.950272183,-0.009582167,0.297743307,0.090773809,-0.0410189,-0.0834938,0.3275502
seq-01/frame-000808,1,0.00957850,0.558570,673,251,143,0.80,109.31,37.84,10.59,158.55,0.953936081,-0.009733343,0.286324235,0.089048567,-0.0450855,-0.0838918,0.3222495
seq-01/frame-000809,1,0.00777975,0.389229,629,249,134,0.82,111.52,29.68,17.90,159.92,0.956998632,-0.009945566,0.277792358,0.082982585,-0.0535254,-0.0839241,0.3237115
seq-01/frame-000810,1,0.00870481,0.404335,663,279,157,0.82,98.75,36.44,14.19,150.20,0.961097892,-0.008109861,0.264255200,0.079964130,-0.0559170,-0.0823821,0.3173956
seq-01/frame-000811,1,0.00439686,0.214102,698,293,159,0.84,94.61,42.95,10.75,149.16,0.963936898,-0.006963104,0.254896732,0.076189424,-0.0595198,-0.0790418,0.3160512
seq-01/frame-000812,1,0.00294652,0.106694,732,321,188,0.85,114.41,37.43,6.64,159.34,0.966077554,-0.006371956,0.247618801,0.073064953,-0.0641315,-0.0758134,0.3150353
seq-01/frame-000813,1,0.00580991,0.232543,737,318,186,0.86,96.23,34.17,37.89,169.14,0.968350932,-0.010435704,0.239056534,0.070989732,-0.0695199,-0.0800140,0.3099340
seq-01/frame-000814,1,0.00581514,0.232665,737,318,186,0.87,76.97,60.64,33.42,171.90,0.968350932,-0.010435704,0.239056534,0.070989732,-0.0695199,-0.0800140,0.3099340
seq-01/frame-000815,1,0.00458387,0.108458,777,370,229,0.89,92.77,36.66,34.03,164.35,0.970041563,-0.009885476,0.232780806,0.068809440,-0.0734537,-0.0781787,0.3091423
seq-01/frame-000816,1,0.00695129,0.362471,728,328,207,0.90,104.18,33.30,13.78,152.16,0.971661486,-0.011424870,0.226373675,0.067070022,-0.0789061,-0.0799971,0.3068275
seq-01/frame-000817,1,0.00686053,0.083343,732,317,209,0.90,86.06,33.52,18.56,139.04,0.973777924,-0.010577438,0.217895947,0.064544778,-0.0827771,-0.0803111,0.3022563
seq-01/frame-000818,1,0.00678630,0.065683,732,317,209,0.88,78.43,32.38,6.51,118.21,0.973777924,-0.010577438,0.217895947,0.064544778,-0.0827771,-0.0803111,0.3022563
seq-01/frame-000819,1,0.00512838,0.336808,629,242,126,0.88,61.40,41.40,8.66,112.34,0.976062219,-0.009993118,0.209244157,0.058477044,-0.0889697,-0.0773782,0.3030526
seq-01/frame-000820,1,0.00931051,0.550377,670,290,174,0.88,76.94,51.41,10.54,139.77,0.978470325,-0.012820889,0.198694985,0.054330012,-0.0941457,-0.0805538,0.2988985
seq-01/frame-000821,1,0.00895668,0.527067,604,239,138,0.86,85.58,48.80,13.62,148.86,0.980564052,-0.013868480,0.189419589,0.049214066,-0.0997285,-0.0821766,0.2976498
seq-01/frame-000822,1,0.00893464,0.524817,604,239,138,0.86,75.51,26.19,8.40,110.96,0.980564052,-0.013868480,0.189419589,0.049214066,-0.0997285,-0.0821766,0.2976498
seq-01/frame-000823,1,0.01449665,0.994381,621,262,152,0.87,90.27,27.63,12.26,131.03,0.983045137,-0.013035245,0.177519271,0.044036914,-0.1041489,-0.0822985,0.2926841
seq-01/frame-000824,1,0.00755473,0.478209,664,308,170,0.85,83.12,22.37,9.62,115.96,0.984852313,-0.010728708,0.167516199,0.043464228,-0.1058090,-0.0762244,0.2892649
seq-01/frame-000825,1,0.00455736,0.280748,613,264,148,0.83,83.04,22.43,25.07,131.37,0.986569043,-0.009457015,0.157286752,0.043046094,-0.1076982,-0.0705510,0.2864407
seq-01/frame-000826,1,0.00286366,0.478670,547,242,146,0.85,80.13,26.40,7.92,115.30,0.988446786,-0.012804157,0.145204868,0.041527704,-0.1101945,-0.0728814,0.2878824
seq-01/frame-000827,1,0.00283713,0.477110,547,242,146,0.84,67.14,23.02,15.18,106.18,0.988446786,-0.012804157,0.145204868,0.041527704,-0.1101945,-0.0728814,0.2878824
seq-01/frame-000828,1,0.00564712,0.836784,540,243,142,0.86,72.45,22.91,10.03,106.27,0.990732540,-0.011713529,0.130219814,0.036805272,-0.1106437,-0.0698639,0.2846106
seq-01/frame-000829,1,0.00632736,0.671333,516,225,128,0.85,76.54,34.66,9.18,121.24,0.991422043,-0.015489296,0.125653440,0.032459638,-0.1236766,-0.0747272,0.2786281
seq-01/frame-000830,1,0.00630091,0.672250,516,225,128,0.82,88.51,24.70,22.52,136.56,0.991422043,-0.015489296,0.125653440,0.032459638,-0.1236766,-0.0747272,0.2786281
seq-01/frame-000831,1,0.00253607,0.322643,526,229,120,0.82,84.88,13.00,5.74,104.44,0.992618292,-0.014074548,0.116975744,0.028766441,-0.1309238,-0.0710760,0.2797755
seq-01/frame-000832,1,0.00403770,0.625292,537,232,143,0.86,91.21,23.41,14.33,129.81,0.994337864,-0.015863143,0.102348545,0.023777069,-0.1356361,-0.0705274,0.2762993
seq-01/frame-000833,1,0.00389754,0.630250,537,232,143,0.85,95.11,29.79,20.44,146.20,0.994337864,-0.015863143,0.102348545,0.023777069,-0.1356361,-0.0705274,0.2762993
seq-01/frame-000834,1,0.00485514,0.604590,563,263,163,0.86,97.85,23.15,25.00,146.87,0.995316937,-0.014436365,0.093838644,0.018168496,-0.1424359,-0.0676403,0.2750606
seq-01/frame-000835,1,0.00298414,0.311198,592,241,145,0.86,118.45,27.25,18.29,164.85,0.996258128,-0.012107176,0.084052880,0.016070854,-0.1464008,-0.0657446,0.2724671
seq-01/frame-000836,1,0.00301053,0.308292,592,241,145,0.86,87.42,26.87,9.14,124.29,0.996258128,-0.012107176,0.084052880,0.016070854,-0.1464008,-0.0657446,0.2724671
seq-01/frame-000837,1,0.00589529,0.593699,632,243,136,0.86,72.18,35.50,25.80,134.34,0.996864321,-0.012397249,0.077186483,0.012250713,-0.1591437,-0.0658702,0.2660282
seq-01/frame-000838,1,0.00468993,0.562923,710,306,186,0.88,105.95,32.83,9.85,149.52,0.997713074,-0.014834783,0.064848154,0.011969497,-0.1600356,-0.0680463,0.2613944
seq-01/frame-000839,1,0.00488234,0.578161,710,306,186,0.89,99.02,35.61,12.74,148.27,0.997713074,-0.014834783,0.064848154,0.011969497,-0.1600356,-0.0680463,0.2613944
seq-01/frame-000840,1,0.00167932,0.359516,660,319,208,0.92,106.74,28.11,10.08,145.85,0.998069237,-0.011806339,0.059784411,0.012009708,-0.1659222,-0.0644344,0.2588773
seq-01/frame-000841,1,0.00443690,0.590534,775,366,218,0.90,91.43,37.43,15.72,145.48,0.998554481,-0.010283464,0.051316947,0.012238033,-0.1707716,-0.0620489,0.2533854
seq-01/frame-000842,1,0.00303395,0.400925,902,423,254,0.87,111.08,49.94,13.80,175.69,0.998668907,-0.010389543,0.049110750,0.011857696,-0.1807215,-0.0594638,0.2509810
seq-01/frame-000843,1,0.00304549,0.402453,902,423,254,0.88,107.97,45.93,28.53,183.31,0.998668907,-0.010389543,0.049110750,0.011857696,-0.1807215,-0.0594638,0.2509810
seq-01/frame-000844,1,0.00489796,0.695679,913,425,257,0.89,94.38,56.88,22.39,174.55,0.998858688,-0.012091630,0.043677418,0.015079721,-0.1875441,-0.0574210,0.2486597
seq-01/frame-000845,1,0.00324324,0.218979,965,436,270,0.91,106.60,55.71,15.55,178.77,0.999073275,-0.009748646,0.039976710,0.012626077,-0.1974622,-0.0513766,0.2486944
seq-01/frame-000846,1,0.00324464,0.218961,965,436,270,0.90,86.85,30.97,26.29,145.00,0.999073275,-0.009748646,0.039976710,0.012626077,-0.1974622,-0.0513766,0.2486944
seq-01/frame-000847,1,0.00357104,0.465862,848,420,273,0.92,101.03,36.93,18.09,156.98,0.999199165,-0.014063700,0.034592819,0.014372806,-0.2035628,-0.0561210,0.2459781
seq-01/frame-000848,1,0.00517998,0.556657,898,388,217,0.92,98.14,57.71,26.16,182.92,0.999363842,-0.016491048,0.028556402,0.013582656,-0.2124568,-0.0581195,0.2443401
seq-01/frame-000849,1,0.00518474,0.557176,898,388,217,0.92,112.44,44.95,24.95,183.26,0.999363842,-0.016491048,0.028556402,0.013582656,-0.2124568,-0.0581195,0.2443401
seq-01/frame-000850,1,0.00181134,0.294280,975,447,265,0.93,150.53,56.81,7.43,215.70,0.999512698,-0.014481081,0.024179331,0.013417329,-0.2221034,-0.0540186,0.2435685
seq-01/frame-000851,1,0.00384314,0.443731,1006,526,356,0.95,95.54,64.41,12.92,173.82,0.999614347,-0.014953092,0.018454998,0.014386641,-0.2266987,-0.0547792,0.2430634
seq-01/frame-000852,1,0.00497602,0.504245,1127,553,372,0.95,125.21,62.79,13.83,202.79,0.999685305,-0.013317838,0.015461557,0.014589910,-0.2330436,-0.0541773,0.2419824
seq-01/frame-000853,1,0.00496644,0.503594,1127,553,372,0.95,120.14,47.11,14.56,182.77,0.999685305,-0.013317838,0.015461557,0.014589910,-0.2330436,-0.0541773,0.2419824
seq-01/frame-000854,1,0.00466226,0.484327,1034,492,330,0.94,123.15,62.44,10.93,197.47,0.999700081,-0.012444823,0.014200705,0.015595339,-0.2421094,-0.0529195,0.2417166
seq-01/frame-000855,1,0.00216543,0.187822,1364,690,476,0.93,145.30,28.08,23.26,197.57,0.999775463,-0.011243454,0.012382298,0.013011001,-0.2522964,-0.0547372,0.2426971
seq-01/frame-000856,1,0.00189744,0.160639,1885,935,649,0.99,171.95,118.39,8.26,299.60,0.999819433,-0.007558274,0.012481349,0.012173338,-0.2563809,-0.0530979,0.2423580
seq-01/frame-000857,1,0.00189744,0.160639,1885,935,649,0.98,150.92,97.93,20.74,270.56,0.999819433,-0.007558274,0.012481349,0.012173338,-0.2563809,-0.0530979,0.2423580
seq-01/frame-000858,1,0.00251745,0.260617,1596,811,594,1.00,138.21,80.11,13.35,232.67,0.999711043,-0.005303749,0.017581644,0.015510826,-0.2651116,-0.0528975,0.2422466
seq-01/frame-000859,1,0.00239592,0.271863,1513,792,585,0.99,102.29,84.55,11.25,199.10,0.999564861,-0.004155769,0.020742435,0.020556512,-0.2745852,-0.0529440,0.2428083
seq-01/frame-000860,1,0.00206487,0.253923,1592,847,631,1.02,117.81,65.71,6.19,190.74,0.999471189,-0.003491882,0.021505894,0.024138058,-0.2810039,-0.0536742,0.2435076
seq-01/frame-000861,1,0.00206487,0.253923,1592,847,631,1.01,135.49,87.82,6.22,230.55,0.999471189,-0.003491882,0.021505894,0.024138058,-0.2810039,-0.0536742,0.2435076
seq-01/frame-000862,1,0.00201359,0.098939,1440,724,540,0.96,107.30,75.74,6.21,190.22,0.999413243,-0.002096109,0.024326245,0.024021010,-0.2917670,-0.0541247,0.2440804
seq-01/frame-000863,1,0.00208368,0.148409,1469,772,568,0.98,108.52,71.52,9.63,190.65,0.999531303,0.000091596,0.022168045,0.021112644,-0.2971304,-0.0534178,0.2446140
seq-01/frame-000864,1,0.00255425,0.289909,1623,867,655,1.05,108.20,57.42,15.66,182.33,0.999577727,0.001059286,0.022036828,0.018910930,-0.3029531,-0.0531853,0.2457212
seq-01/frame-000865,1,0.00402566,0.375616,1840,934,670,1.00,152.52,68.48,8.58,230.58,0.999555777,0.001264443,0.023439676,0.018363872,-0.3082252,-0.0546295,0.2471011
seq-01/frame-000866,1,0.00402566,0.375616,1840,934,670,1.02,134.01,68.12,7.76,210.90,0.999555777,0.001264443,0.023439676,0.018363872,-0.3082252,-0.0546295,0.2471011
seq-01/frame-000867,1,0.00203076,0.139273,1628,865,646,0.99,132.17,81.81,9.39,224.37,0.999442434,0.003870109,0.027953547,0.017844936,-0.3194980,-0.0542008,0.2479326
seq-01/frame-000868,1,0.00324583,0.343442,1425,844,649,1.01,120.15,73.39,24.77,219.32,0.999460631,0.005637166,0.026944977,0.017906372,-0.3242523,-0.0533757,0.2489284
seq-01/frame-000869,1,0.00272038,0.349075,1538,850,654,1.04,116.68,69.64,11.24,198.61,0.999451316,0.007005719,0.026686845,0.018324802,-0.3302120,-0.0519374,0.2505230
seq-01/frame-000870,1,0.00271354,0.348412,1538,850,654,1.04,135.69,47.90,33.33,217.96,0.999451316,0.007005719,0.026686845,0.018324802,-0.3302120,-0.0519374,0.2505230
seq-01/frame-000871,1,0.00429474,0.451617,1763,911,681,1.07,114.67,110.60,25.89,252.24,0.999423777,0.006535401,0.026965163,0.019552031,-0.3347884,-0.0526800,0.2510568
seq-01/frame-000872,1,0.00291350,0.301258,1698,898,687,1.04,128.59,55.59,36.42,221.65,0.999324935,0.006650236,0.030100367,0.019985421,-0.3430554,-0.0532818,0.2512696
seq-01/frame-000873,1,0.00369796,0.386548,1581,863,665,1.01,133.19,98.22,15.90,248.31,0.999326848,0.006935243,0.030370517,0.019374877,-0.3496614,-0.0546473,0.2531176
seq-01/frame-000874,1,0.00339395,0.342742,1954,1008,741,1.08,171.65,92.83,22.75,288.31,0.999317346,0.009052319,0.030758099,0.018353111,-0.3538240,-0.0535469,0.2526419
seq-01/frame-000875,1,0.00339395,0.342742,1954,1008,741,1.08,146.22,119.96,19.58,286.84,0.999317346,0.009052319,0.030758099,0.018353111,-0.3538240,-0.0535469,0.2526419
seq-01/frame-000876,1,0.00262495,0.284214,1754,936,703,1.05,172.03,91.77,12.02,276.87,0.999205977,0.010256480,0.034140490,0.017794575,-0.3618894,-0.0529436,0.2530590
seq-01/frame-000877,1,0.00330929,0.335842,1585,911,728,1.02,167.08,37.18,7.07,212.36,0.999187563,0.010512602,0.034752142,0.017492529,-0.3678635,-0.0533046,0.2538825
seq-01/frame-000878,1,0.00379538,0.373673,1794,975,739,1.04,141.86,106.27,7.15,256.31,0.999170117,0.011115563,0.035482936,0.016627755,-0.3737457,-0.0540982,0.2550649
seq-01/frame-000879,1,0.00379653,0.373726,1794,975,739,1.04,145.89,50.68,23.17,220.78,0.999170117,0.011115563,0.035482936,0.016627755,-0.3737457,-0.0540982,0.2550649
seq-01/frame-000880,1,0.00411644,0.410029,1767,903,716,1.04,151.13,90.30,21.29,263.77,0.999137307,0.012800233,0.035870195,0.016556720,-0.3782413,-0.0532081,0.2555021
seq-01/frame-000881,1,0.00408643,0.364768,1827,964,763,1.10,164.15,91.44,21.74,278.43,0.999095632,0.013971643,0.037173503,0.015193512,-0.3844877,-0.0535134,0.2557084
seq-01/frame-000882,1,0.00338599,0.342686,1706,943,741,1.03,134.68,93.77,16.59,246.07,0.999032648,0.015775455,0.037986649,0.015553694,-0.3899690,-0.0527212,0.2557593
seq-01/frame-000883,1,0.00338601,0.343435,1706,943,741,1.02,152.45,80.99,8.11,242.57,0.999032648,0.015775455,0.037986649,0.015553694,-0.3899690,-0.0527212,0.2557593
seq-01/frame-000884,1,0.00415653,0.417043,1600,876,692,1.03,127.38,90.06,14.71,233.18,0.999066170,0.016860416,0.036633696,0.015507657,-0.3934595,-0.0522330,0.2547514
seq-01/frame-000885,1,0.00368541,0.374670,1648,902,706,1.03,178.31,80.68,14.97,275.00,0.999015135,0.017635162,0.037543701,0.015755371,-0.3997882,-0.0508083,0.2535869
seq-01/frame-000886,1,0.00365031,0.378696,1462,820,642,1.00,148.19,72.02,21.56,242.78,0.998954422,0.017795700,0.037576672,0.019009730,-0.4051672,-0.0497265,0.2532375
seq-01/frame-000887,1,0.00316882,0.294579,1609,922,735,1.02,162.26,59.09,6.38,228.75,0.998998768,0.017129358,0.036290189,0.019775435,-0.4093627,-0.0504511,0.2518279
seq-01/frame-000888,1,0.00315843,0.293648,1609,922,735,1.04,152.52,70.62,22.55,246.73,0.998998768,0.017129358,0.036290189,0.019775435,-0.4093627,-0.0504511,0.2518279
seq-01/frame-000889,1,0.00187651,0.212826,1881,1028,778,1.06,148.59,94.12,7.23,251.00,0.999060605,0.018617537,0.035163250,0.017170902,-0.4117347,-0.0474603,0.2515560
seq-01/frame-000890,1,0.00137016,0.162348,1905,1048,786,1.07,143.89,91.74,12.62,249.33,0.999019522,0.018480051,0.037348722,0.014951786,-0.4176567,-0.0472404,0.2509759
seq-01/frame-000891,1,0.00255371,0.228770,1808,1005,792,1.05,154.33,84.66,11.20,251.24,0.998979176,0.017547886,0.039189490,0.014030718,-0.4238127,-0.0484562,0.2499427
seq-01/frame-000892,1,0.00120075,0.140591,1605,987,782,1.03,133.95,60.73,42.04,237.76,0.998888599,0.018543721,0.040927163,0.014236022,-0.4303599,-0.0478544,0.2505625
seq-01/frame-000893,1,0.00119937,0.141137,1605,987,782,0.99,114.86,107.26,16.17,239.29,0.998888599,0.018543721,0.040927163,0.014236022,-0.4303599,-0.0478544,0.2505625
seq-01/frame-000894,1,0.00339022,0.356416,1252,757,615,0.96,123.14,67.48,21.27,212.86,0.998854176,0.019366876,0.040384980,0.016861597,-0.4359628,-0.0486972,0.2502539
seq-01/frame-000895,1,0.00247785,0.242771,1376,873,702,0.96,123.37,64.86,6.23,195.42,0.998890344,0.020089397,0.039059404,0.016995876,-0.4426082,-0.0496642,0.2489312
seq-01/frame-000896,1,0.00273978,0.208810,1885,1074,843,1.00,157.28,110.16,18.38,286.83,0.998857687,0.021377005,0.039570129,0.016141550,-0.4477812,-0.0506162,0.2482493
seq-01/frame-000897,1,0.00343958,0.307602,1733,1034,810,1.01,144.85,96.29,13.42,255.59,0.998751040,0.022992986,0.040746061,0.017534005,-0.4524102,-0.0481489,0.2470737
seq-01/frame-000898,1,0.00341361,0.305034,1733,1034,810,1.02,111.63,106.63,12.13,231.42,0.998751040,0.022992986,0.040746061,0.017534005,-0.4524102,-0.0481489,0.2470737
seq-01/frame-000899,1,0.00378593,0.358665,1740,1015,793,0.96,121.21,100.67,20.28,243.11,0.998658158,0.021068103,0.043137692,0.019420570,-0.4597985,-0.0477283,0.2471888
seq-01/frame-000900,1,0.00265964,0.270683,1520,886,711,0.97,132.04,78.60,21.60,233.21,0.998560251,0.017967449,0.045097081,0.022822142,-0.4666800,-0.0514641,0.2494061
seq-01/frame-000901,1,0.00412031,0.365355,1415,849,684,0.90,61.90,102.70,9.19,174.69,0.998549545,0.018055891,0.045130594,0.023152118,-0.4725763,-0.0561301,0.2515652
seq-01/frame-000902,1,0.00427239,0.322114,1679,1014,831,0.95,140.68,66.54,8.46,216.63,0.998415160,0.022617600,0.046520127,0.022169581,-0.4799034,-0.0542202,0.2503839
seq-01/frame-000903,1,0.00356141,0.269513,1463,864,698,0.96,125.92,42.74,6.35,175.96,0.998216073,0.025090222,0.048604773,0.023931743,-0.4878993,-0.0530253,0.2508514
seq-01/frame-000904,1,0.00404938,0.348591,1539,950,773,0.96,106.15,88.79,8.97,204.87,0.998131972,0.025406719,0.049428961,0.025374059,-0.4955212,-0.0530700,0.2519314
seq-01/frame-000905,1,0.00447548,0.377206,1701,976,771,0.96,149.61,73.22,6.30,230.09,0.997976115,0.025024922,0.051713043,0.027261477,-0.5026710,-0.0524819,0.2527280
seq-01/frame-000906,1,0.00448658,0.377826,1701,976,771,0.96,139.71,106.52,13.88,261.08,0.997976115,0.025024922,0.051713043,0.027261477,-0.5026710,-0.0524819,0.2527280
seq-01/frame-000907,1,0.00376290,0.296577,1541,884,680,0.92,108.13,73.82,11.41,194.28,0.997713093,0.024638609,0.054971631,0.030653594,-0.5124360,-0.0506397,0.2534689
seq-01/frame-000908,1,0.00407196,0.343070,1830,1019,807,0.96,169.51,68.06,7.25,245.78,0.997536655,0.021311781,0.057908674,0.033361894,-0.5207687,-0.0529790,0.2571070
seq-01/frame-000909,1,0.00476566,0.336761,1734,1023,809,0.98,165.32,78.71,26.18,271.19,0.997178865,0.021012029,0.062522354,0.035829605,-0.5287509,-0.0556270,0.2598404
seq-01/frame-000910,1,0.00338248,0.258134,1651,940,751,0.97,107.32,118.96,19.03,246.28,0.996708129,0.023403226,0.067282310,0.038707695,-0.5385522,-0.0547062,0.2616147
seq-01/frame-000911,1,0.00338463,0.258048,1651,940,751,0.99,127.81,77.46,10.22,216.48,0.996708129,0.023403226,0.067282310,0.038707695,-0.5385522,-0.0547062,0.2616147
seq-01/frame-000912,1,0.00278114,0.263146,1866,1011,766,1.03,147.73,113.43,12.60,274.80,0.996466221,0.023932395,0.069283992,0.041012664,-0.5439039,-0.0540676,0.2628950
seq-01/frame-000913,1,0.00435891,0.344363,1844,992,741,1.01,151.85,138.35,16.45,307.67,0.995943526,0.022822255,0.077228981,0.040141287,-0.5544528,-0.0558737,0.2650196
seq-01/frame-000914,1,0.00318501,0.297736,1772,928,726,0.95,139.82,105.21,6.85,252.84,0.995396677,0.023446189,0.082544014,0.042687445,-0.5624436,-0.0542061,0.2674018
seq-01/frame-000915,1,0.00457773,0.390082,1770,904,688,0.95,137.34,92.11,42.11,272.51,0.994893644,0.020523402,0.087877176,0.045199884,-0.5698597,-0.0548558,0.2699525
seq-01/frame-000916,1,0.00327852,0.301134,1775,954,736,0.98,182.88,102.96,9.83,296.65,0.994313073,0.018801035,0.093789253,0.046814634,-0.5786747,-0.0565233,0.2754505
seq-01/frame-000917,1,0.00244849,0.243320,1779,997,757,0.98,170.23,97.12,11.57,279.90,0.993951770,0.019055411,0.097452897,0.046900982,-0.5867615,-0.0572379,0.2796745
seq-01/frame-000918,1,0.00245216,0.243436,1779,997,757,1.13,209.20,82.44,14.28,307.06,0.993951770,0.019055411,0.097452897,0.046900982,-0.5867615,-0.0572379,0.2796745
seq-01/frame-000919,1,0.00329799,0.278788,1914,984,725,1.03,176.75,104.96,11.82,294.57,0.993446416,0.018574372,0.103224438,0.045430470,-0.5957708,-0.0593388,0.2829062
seq-01/frame-000920,1,0.00271304,0.256369,1816,983,728,0.99,139.89,103.67,7.76,252.32,0.992775535,0.019764244,0.109334905,0.045298908,-0.6040569,-0.0588201,0.2877870
seq-01/frame-000921,1,0.00327534,0.298123,1723,844,630,0.98,132.22,78.56,31.72,243.48,0.992051298,0.020715003,0.114768477,0.047257884,-0.6129528,-0.0592253,0.2920813
seq-01/frame-000922,1,0.00247338,0.225930,1788,901,668,1.00,178.48,110.46,21.46,311.40,0.991437625,0.021005787,0.120062591,0.046852614,-0.6218062,-0.0603239,0.2967006
seq-01/frame-000923,1,0.00212187,0.189923,1804,927,692,1.00,191.68,123.13,13.13,328.95,0.990839317,0.022641103,0.124568748,0.046983560,-0.6282169,-0.0597021,0.3006559
seq-01/frame-000924,1,0.00252786,0.241676,1781,815,579,0.99,185.18,90.03,13.96,290.18,0.990123838,0.023619393,0.129892548,0.047168167,-0.6349237,-0.0583100,0.3052879
seq-01/frame-000925,1,0.00342957,0.276875,1685,866,631,0.96,183.66,109.49,20.16,314.29,0.988861380,0.021853177,0.138695845,0.049386971,-0.6447193,-0.0604898,0.3082736
seq-01/frame-000926,1,0.00201968,0.187535,1760,854,601,1.00,179.63,76.89,11.61,269.14,0.987816685,0.021381015,0.145051721,0.052163665,-0.6513792,-0.0612980,0.3138930
seq-01/frame-000927,1,0.00201975,0.187395,1760,854,601,1.00,173.96,131.29,8.11,314.36,0.987816685,0.021381015,0.145051721,0.052163665,-0.6513792,-0.0612980,0.3138930
seq-01/frame-000928,1,0.00243095,0.194477,1579,798,571,0.96,153.78,110.61,19.99,285.35,0.986587301,0.022247328,0.152732099,0.053136234,-0.6583753,-0.0621745,0.3188199
seq-01/frame-000929,1,0.00239851,0.229869,1587,793,566,1.11,155.80,121.99,6.38,285.29,0.985257152,0.022598604,0.160581231,0.054509776,-0.6644257,-0.0638439,0.3216154
seq-01/frame-000930,1,0.00220938,0.190449,1681,825,571,0.97,152.00,126.50,9.05,288.52,0.983578601,0.024669285,0.168335177,0.060231470,-0.6739969,-0.0626950,0.3257709
seq-01/frame-000931,1,0.00358485,0.273848,1720,834,564,0.99,179.49,100.11,22.35,302.95,0.982698942,0.022753373,0.172303864,0.064003523,-0.6797045,-0.0657179,0.3283726
seq-01/frame-000932,1,0.00388307,0.309287,1530,741,508,1.06,145.88,85.69,11.93,244.56,0.981568830,0.022332216,0.177590058,0.066975182,-0.6876337,-0.0682386,0.3332030
seq-01/frame-000933,1,0.00387968,0.310262,1345,672,477,0.95,166.76,73.15,24.26,265.12,0.981115086,0.022921454,0.179335614,0.068749785,-0.6946892,-0.0695300,0.3375404
seq-01/frame-000934,1,0.00361710,0.327741,1336,582,397,0.90,120.91,61.41,17.22,200.45,0.980722353,0.023973013,0.180606425,0.070641916,-0.7002740,-0.0718374,0.3422335
seq-01/frame-000935,1,0.00361349,0.327535,1336,582,397,0.91,124.88,64.29,20.23,210.31,0.980722353,0.023973013,0.180606425,0.070641916,-0.7002740,-0.0718374,0.3422335
seq-01/frame-000936,1,0.00422538,0.368777,1260,613,418,0.91,140.15,63.79,20.07,224.92,0.980435169,0.025707999,0.181475929,0.071780679,-0.7081044,-0.0731782,0.3452301
seq-01/frame-000937,1,0.00404603,0.387187,1386,650,435,0.89,132.56,77.52,12.23,223.19,0.980313081,0.026164816,0.182280456,0.071242556,-0.7135915,-0.0762627,0.3498273
seq-01/frame-000938,1,0.00404376,0.369107,1195,603,406,0.90,92.13,72.63,8.69,174.34,0.979899465,0.029218116,0.183253469,0.073222302,-0.7220174,-0.0758968,0.3521675
seq-01/frame-000939,1,0.00612090,0.480377,1248,564,377,0.89,124.00,58.20,6.25,189.34,0.979811052,0.028227577,0.183660177,0.073772935,-0.7290084,-0.0796284,0.3545234
seq-01/frame-000940,1,0.00584732,0.512460,1232,549,368,0.91,122.81,65.78,32.93,222.44,0.979439672,0.028107849,0.185224461,0.074831652,-0.7375771,-0.0813708,0.3593173
seq-01/frame-000941,1,0.00529771,0.434294,1510,700,420,0.90,137.94,49.48,8.58,196.89,0.979262573,0.027275886,0.186164554,0.075123886,-0.7435327,-0.0845221,0.3632348
seq-01/frame-000942,1,0.00602088,0.477978,1509,657,420,0.91,121.94,81.44,11.49,215.79,0.979094435,0.028087059,0.186311662,0.076636606,-0.7473148,-0.0870855,0.3646045
seq-01/frame-000943,1,0.00437358,0.345012,1462,638,415,0.90,107.44,70.70,25.27,204.32,0.978499626,0.030571347,0.188277647,0.078456367,-0.7544978,-0.0866312,0.3670994
seq-01/frame-000944,1,0.00561677,0.434223,1423,584,393,0.91,108.82,97.55,32.65,239.94,0.978061780,0.030189283,0.190269015,0.079255683,-0.7615472,-0.0883817,0.3694841
seq-01/frame-000945,1,0.00563122,0.435268,1423,584,393,0.92,134.05,84.43,13.00,232.40,0.978061780,0.030189283,0.190269015,0.079255683,-0.7615472,-0.0883817,0.3694841
seq-01/frame-000946,1,0.00332456,0.286506,1583,677,428,0.92,91.32,133.55,14.12,239.91,0.977509627,0.030240334,0.192502880,0.080641750,-0.7677397,-0.0889158,0.3724253
seq-01/frame-000947,1,0.00421685,0.304720,1699,650,392,0.96,154.87,88.77,22.85,267.46,0.976958513,0.029281366,0.194344796,0.083215181,-0.7721257,-0.0915693,0.3730965
seq-01/frame-000948,1,0.00232774,0.192388,1643,662,402,0.95,127.56,123.49,32.41,284.42,0.976106211,0.029763062,0.197649414,0.085238099,-0.7776864,-0.0911607,0.3749757
seq-01/frame-000949,1,0.00537890,0.341156,1587,624,379,0.92,180.98,96.40,19.66,297.96,0.975322037,0.027811580,0.200134837,0.088991502,-0.7835549,-0.0945131,0.3750575
seq-01/frame-000950,1,0.00402325,0.354785,1559,624,386,0.92,153.17,96.88,9.82,260.80,0.974957578,0.025113319,0.202232194,0.089045956,-0.7880606,-0.0981855,0.3794105
seq-01/frame-000951,1,0.00402163,0.248799,1647,636,388,0.92,179.30,74.92,15.19,270.34,0.974485890,0.026258968,0.204167424,0.089461610,-0.7932007,-0.0998703,0.3799563
seq-01/frame-000952,1,0.00573022,0.420953,1690,680,410,0.95,163.76,56.10,69.01,289.83,0.974014946,0.026052052,0.205138081,0.092382592,-0.7964478,-0.1013494,0.3788880
seq-01/frame-000953,1,0.00438921,0.341027,1604,662,391,0.91,175.37,84.87,26.93,288.09,0.973080185,0.025392289,0.207867161,0.096236321,-0.7997487,-0.1018252,0.3785967
seq-01/frame-000954,1,0.00496350,0.361127,1524,635,375,0.89,156.52,86.15,34.80,278.36,0.971988532,0.023458710,0.210530293,0.101808539,-0.8037308,-0.1034762,0.3776958
seq-01/frame-000955,1,0.00496836,0.361866,1524,635,375,0.90,177.30,101.88,14.82,294.90,0.971988532,0.023458710,0.210530293,0.101808539,-0.8037308,-0.1034762,0.3776958
seq-01/frame-000956,1,0.00221486,0.157575,1650,681,410,0.95,166.92,88.74,23.01,279.64,0.971064417,0.021566828,0.213274653,0.105274363,-0.8077714,-0.1045918,0.3789284
seq-01/frame-000957,1,0.00331318,0.273505,1442,547,334,0.90,182.27,80.49,11.21,274.88,0.970265600,0.018461445,0.215222786,0.109192459,-0.8102491,-0.1075144,0.3770359
seq-01/frame-000958,1,0.00359615,0.227349,1437,594,356,0.90,110.78,102.84,19.30,233.82,0.969232525,0.017570462,0.216496940,0.115795796,-0.8119534,-0.1078853,0.3733244
seq-01/frame-000959,1,0.00363179,0.251816,1508,589,352,0.89,190.68,84.26,20.52,296.35,0.968462032,0.013732990,0.218419906,0.119102652,-0.8147544,-0.1110911,0.3708663
seq-01/frame-000960,1,0.00387279,0.387531,1092,432,254,0.83,164.02,67.10,11.33,243.28,0.967088768,0.014752599,0.220263391,0.126513688,-0.8190603,-0.1069556,0.3651464
seq-01/frame-000961,1,0.00331883,0.128999,1028,428,268,0.83,136.42,59.20,14.62,211.06,0.965911971,0.009969278,0.220930782,0.134552096,-0.8224620,-0.1086180,0.3622424
seq-01/frame-000962,1,0.00138449,0.089612,1319,570,343,0.87,128.74,46.16,29.96,205.73,0.965716293,0.003872052,0.220198186,0.137440197,-0.8223935,-0.1110053,0.3602046
seq-01/frame-000963,1,0.00306070,0.225119,1209,505,304,1.01,122.38,95.26,10.16,228.82,0.965050052,-0.001178498,0.222260577,0.138842517,-0.8245480,-0.1138717,0.3548414
seq-01/frame-000964,1,0.00435786,0.197775,1054,429,254,0.82,128.34,74.31,10.01,213.48,0.963859559,-0.002203001,0.223645367,0.144750289,-0.8266656,-0.1112768,0.3483238
seq-01/frame-000965,1,0.00326666,0.289696,994,380,228,0.79,127.72,71.49,14.49,214.50,0.962170087,-0.006186032,0.227246741,0.150164497,-0.8324387,-0.1099344,0.3454224
seq-01/frame-000966,1,0.00507953,0.211979,907,376,235,0.79,124.38,54.62,15.54,195.33,0.960613940,-0.014525817,0.226511827,0.160319219,-0.8333697,-0.1142125,0.3379478
seq-01/frame-000967,1,0.00309821,0.285386,1090,486,345,0.81,154.32,48.63,17.42,221.19,0.959552599,-0.017289032,0.223664607,0.170100098,-0.8312726,-0.1123031,0.3365503
seq-01/frame-000968,1,0.00255974,0.191854,1080,524,351,0.80,126.21,56.74,9.18,192.94,0.958880899,-0.023384368,0.222712749,0.174354881,-0.8317095,-0.1164162,0.3310304
seq-01/frame-000969,1,0.00363862,0.303921,891,392,262,0.78,115.92,50.91,19.28,186.91,0.957533818,-0.026485065,0.222726806,0.181163737,-0.8337566,-0.1156918,0.3238368
seq-01/frame-000970,1,0.00378154,0.198460,901,408,283,0.78,105.22,22.25,20.55,148.81,0.956042979,-0.035006493,0.220720895,0.189838496,-0.8317485,-0.1207997,0.3179121
seq-01/frame-000971,1,0.00325117,0.087133,1160,579,403,0.84,149.96,67.05,6.08,223.93,0.954654839,-0.043835101,0.220121883,0.195599025,-0.8291108,-0.1281047,0.3145717
seq-01/frame-000972,1,0.00556654,0.383725,1229,609,421,0.87,136.79,70.79,33.51,241.96,0.953672946,-0.050758528,0.219741926,0.199110446,-0.8240985,-0.1386411,0.3104654
seq-01/frame-000973,1,0.00331498,0.206480,1200,616,443,0.85,130.05,64.22,6.61,201.73,0.952836652,-0.050462816,0.222147704,0.200514877,-0.8279366,-0.1404959,0.3036169
seq-01/frame-000974,1,0.00223755,0.105548,927,454,324,0.77,122.37,55.81,9.82,188.78,0.951388848,-0.051936646,0.221904446,0.207172058,-0.8284080,-0.1387032,0.2944558
seq-01/frame-000975,1,0.00366688,0.269099,910,479,332,0.77,105.63,50.14,27.03,183.57,0.949626333,-0.060196819,0.219635249,0.215282437,-0.8218889,-0.1432907,0.2874952
seq-01/frame-000976,1,0.00238046,0.168103,888,472,357,0.78,97.56,59.34,7.53,165.21,0.947071372,-0.066758274,0.221710832,0.222358845,-0.8201820,-0.1476850,0.2823122
seq-01/frame-000977,1,0.00420290,0.303153,962,517,398,0.79,112.42,72.18,30.25,215.63,0.944528448,-0.075034835,0.222048920,0.230065341,-0.8171541,-0.1551832,0.2756828
seq-01/frame-000978,1,0.00350660,0.233327,1100,640,489,0.82,109.15,81.43,13.76,205.16,0.943102670,-0.081583392,0.222469887,0.233256626,-0.8124045,-0.1612224,0.2709046
seq-01/frame-000979,1,0.00456714,0.312841,1325,790,603,0.86,134.01,68.57,7.92,211.37,0.941656027,-0.085166769,0.224524981,0.235836979,-0.8116406,-0.1683440,0.2652110
seq-01/frame-000980,1,0.00323078,0.210288,1337,757,600,0.84,129.29,95.80,35.11,261.05,0.941066567,-0.086602127,0.222761075,0.239314212,-0.8107910,-0.1704312,0.2575272
seq-01/frame-000981,1,0.00337913,0.214573,1444,818,644,0.90,164.27,64.12,11.88,241.17,0.940811326,-0.090743058,0.220699102,0.240689951,-0.8100026,-0.1746668,0.2528967
seq-01/frame-000982,1,0.00256147,0.167056,1320,758,604,0.90,152.96,65.75,9.35,228.96,0.941246263,-0.093861373,0.216754690,0.241377131,-0.8064513,-0.1780560,0.2466051
seq-01/frame-000983,1,0.00354710,0.222454,1266,793,632,0.88,99.61,108.18,8.40,217.08,0.941816606,-0.097350422,0.212775081,0.241311293,-0.8041017,-0.1820724,0.2401312
seq-01/frame-000984,1,0.00444498,0.231121,864,545,431,0.82,141.72,34.61,13.78,190.93,0.942781558,-0.102260367,0.208598708,0.239149180,-0.8051320,-0.1895455,0.2354386
seq-01/frame-000985,1,0.00589706,0.401309,848,537,422,0.77,126.73,44.18,11.46,183.15,0.945276416,-0.106450342,0.198759751,0.235829141,-0.8001982,-0.1975003,0.2303612
seq-01/frame-000986,1,0.00363638,0.263802,1042,655,533,0.81,142.08,35.84,13.53,192.26,0.950030186,-0.103571252,0.188841696,0.225952330,-0.7942404,-0.1921159,0.2225230
seq-01/frame-000987,1,0.00619457,0.403149,830,551,442,0.77,140.96,73.00,18.85,233.58,0.952541098,-0.104776944,0.184180085,0.218551929,-0.7959695,-0.1887965,0.2120765
seq-01/frame-000988,1,0.00553834,0.354125,777,497,403,0.76,108.97,75.96,9.00,194.70,0.953255573,-0.111159569,0.176576684,0.218559004,-0.7919938,-0.1876386,0.2058633
seq-01/frame-000989,1,0.00464258,0.321275,1227,771,634,0.86,145.77,95.68,9.76,252.08,0.953303480,-0.118193676,0.172581584,0.217849322,-0.7892812,-0.1916459,0.2064612
seq-01/frame-000990,1,0.00436386,0.304981,1204,766,643,0.85,124.75,84.41,6.90,216.91,0.954758924,-0.120889945,0.168435693,0.213191076,-0.7830521,-0.1918070,0.2027161
seq-01/frame-000991,1,0.00519391,0.360413,1280,823,677,0.86,170.26,59.50,10.88,241.51,0.955514453,-0.124259549,0.166550748,0.209314458,-0.7800003,-0.1954375,0.1987863
seq-01/frame-000992,1,0.00573913,0.396699,1077,700,603,0.82,153.98,45.24,20.69,220.73,0.957404910,-0.126510410,0.160250778,0.204182866,-0.7760448,-0.1956651,0.1944417
seq-01/frame-000993,1,0.00513427,0.386373,897,577,482,0.78,129.02,50.29,23.94,204.03,0.959711185,-0.129248671,0.153940448,0.196345516,-0.7666151,-0.1985556,0.1934774
seq-01/frame-000994,1,0.00369984,0.272496,773,521,439,0.75,98.12,34.24,6.99,140.10,0.962079405,-0.125302858,0.152159981,0.188546420,-0.7594146,-0.1977614,0.1884460
seq-01/frame-000995,1,0.00352761,0.276431,1172,787,664,0.82,159.47,59.31,11.94,231.54,0.963322611,-0.122696098,0.150806223,0.184966745,-0.7539292,-0.1970128,0.1821805
seq-01/frame-000996,1,0.00202794,0.173882,1200,813,691,0.82,133.09,73.20,18.60,225.70,0.964630396,-0.121916313,0.146889027,0.181791709,-0.7458891,-0.1971727,0.1774401
seq-01/frame-000997,1,0.00206725,0.176017,1200,813,691,0.83,121.09,44.69,7.96,174.58,0.964630396,-0.121916313,0.146889027,0.181791709,-0.7458891,-0.1971727,0.1774401
seq-01/frame-000998,1,0.00238406,0.191827,1018,709,617,0.81,97.72,36.01,10.44,144.98,0.966351506,-0.120960494,0.142653867,0.176587658,-0.7363736,-0.1963343,0.1725518
seq-01/frame-000999,1,0.00228400,0.190190,960,641,548,0.80,117.01,28.65,7.53,154.00,0.967559678,-0.121518700,0.140763139,0.171018168,-0.7276422,-0.1979394,0.1666762
