frame,ok,trans_err_m,rot_err_deg,keypoints,matches,inliers,ms_decode,ms_extract,ms_match,ms_pose,ms_total,qw,qx,qy,qz,tx,ty,tz
seq-01/frame-000000,1,0.01021659,0.081744,2281,873,628,1.12,134.62,71.58,9.20,216.52,0.982456598,-0.113128021,0.148090537,-0.007090647,-0.7378142,-0.4158809,-0.2461253
seq-01/frame-000001,1,0.00941747,0.067716,2312,892,634,1.62,108.38,73.67,6.48,190.15,0.982484087,-0.113228944,0.147821590,-0.007280321,-0.7378516,-0.4134800,-0.2467460
seq-01/frame-000002,1,0.01107182,0.076532,2303,836,596,1.08,124.25,67.20,6.98,199.52,0.982214883,-0.114831514,0.148323926,-0.008225559,-0.7404794,-0.4189454,-0.2445420
seq-01/frame-000003,1,0.01343283,0.106639,2265,829,590,1.07,119.75,65.28,9.70,195.81,0.982192742,-0.115087278,0.148261883,-0.008411292,-0.7384378,-0.4218388,-0.2451895
seq-01/frame-000004,1,0.01391030,0.113790,2279,841,626,3.18,120.99,75.50,7.35,207.02,0.982261130,-0.114498502,0.148290044,-0.007951604,-0.7393433,-0.4183813,-0.2462476
seq-01/frame-000005,1,0.01023452,0.052680,2287,854,609,1.07,118.85,76.19,6.92,203.03,0.982318265,-0.114304175,0.148049841,-0.008162447,-0.7379565,-0.4167938,-0.2424693
seq-01/frame-000006,1,0.01006554,0.046931,2370,873,608,1.09,123.56,77.88,11.30,213.83,0.982319113,-0.114625472,0.147751186,-0.008930242,-0.7373858,-0.4188532,-0.2441453
seq-01/frame-000007,1,0.00982532,0.044804,2272,890,646,4.17,139.80,66.09,8.26,218.33,0.982178828,-0.114551860,0.148754520,-0.008643763,-0.7385317,-0.4165384,-0.2436136
seq-01/frame-000008,1,0.01000498,0.040590,2284,858,622,2.10,116.18,68.32,6.41,193.01,0.982008357,-0.114904394,0.149595978,-0.008809639,-0.7430923,-0.4183991,-0.2388796
seq-01/frame-000009,1,0.00504175,0.104154,2324,862,618,1.05,149.22,63.54,8.74,222.55,0.982205610,-0.114338437,0.148737563,-0.008717709,-0.7371926,-0.4171724,-0.2376660
seq-01/frame-000010,1,0.00906970,0.051186,2397,921,671,1.03,101.99,73.72,12.42,189.15,0.982071000,-0.114674907,0.149338372,-0.009179730,-0.7371084,-0.4221967,-0.2392479
seq-01/frame-000011,1,0.01317447,0.138993,2399,916,651,1.06,96.22,61.37,10.06,168.70,0.981913967,-0.114288236,0.150666373,-0.009099696,-0.7424160,-0.4232465,-0.2375892
seq-01/frame-000012,1,0.01194643,0.032545,2354,785,545,1.02,90.97,65.00,5.57,162.56,0.982101728,-0.113194713,0.150287715,-0.008761036,-0.7410771,-0.4227672,-0.2392456
seq-01/frame-000013,1,0.00870835,0.053382,2511,943,697,1.00,118.46,67.12,17.01,203.60,0.982158209,-0.112804568,0.150246578,-0.008145407,-0.7371139,-0.4257880,-0.2357934
seq-01/frame-000014,1,0.01152657,0.042152,2552,933,652,0.97,119.31,74.60,8.10,202.99,0.982048987,-0.112200819,0.151398287,-0.008326001,-0.7382671,-0.4305463,-0.2360241
seq-01/frame-000015,1,0.01388537,0.130709,2627,1042,742,0.96,102.40,89.33,10.92,203.62,0.982021015,-0.111022966,0.152497298,-0.007293929,-0.7407702,-0.4325487,-0.2335375
seq-01/frame-000016,1,0.00974968,0.112533,2418,884,613,0.91,103.12,86.56,13.67,204.26,0.982128997,-0.109496421,0.152959010,-0.006058706,-0.7403410,-0.4362094,-0.2265664
seq-01/frame-000017,1,0.01114614,0.096980,2378,880,607,0.92,110.09,55.51,11.03,177.54,0.982257808,-0.107085230,0.153837118,-0.006040946,-0.7419410,-0.4402166,-0.2269501
seq-01/frame-000018,1,0.01050133,0.093982,2477,898,665,0.96,110.73,74.35,7.92,193.96,0.982524994,-0.103982038,0.154288104,-0.005249046,-0.7377904,-0.4396031,-0.2293506
seq-01/frame-000019,1,0.01201158,0.125472,2611,998,719,0.98,107.00,75.98,10.85,194.82,0.982534536,-0.101620737,0.155829999,-0.004015339,-0.7404089,-0.4391427,-0.2289279
seq-01/frame-000020,1,0.00951184,0.100656,2520,940,658,0.92,109.08,70.40,10.05,190.46,0.982409168,-0.100261032,0.157530427,-0.002028904,-0.7428592,-0.4437656,-0.2217388
seq-01/frame-000021,1,0.01026886,0.118950,2442,934,679,0.92,98.19,78.91,5.98,184.00,0.982684368,-0.097798100,0.157373851,-0.000659628,-0.7376007,-0.4483635,-0.2224607
seq-01/frame-000022,1,0.00819129,0.055183,2546,1016,770,0.94,106.47,75.35,7.99,190.75,0.982809952,-0.094943353,0.158335305,-0.000538079,-0.7357073,-0.4470040,-0.2255621
seq-01/frame-000023,1,0.01038326,0.144081,2513,1023,783,0.92,100.08,75.19,6.63,182.82,0.982727341,-0.093409457,0.159754769,0.000244591,-0.7335902,-0.4504198,-0.2238604
seq-01/frame-000024,1,0.01270542,0.159300,2372,912,664,0.91,86.05,76.83,15.32,179.11,0.982570026,-0.091885809,0.161595447,0.000230779,-0.7342969,-0.4562915,-0.2205758
seq-01/frame-000025,1,0.01647133,0.204252,2282,952,719,0.91,96.93,63.62,10.67,172.13,0.982267142,-0.090588950,0.164148995,0.000103568,-0.7383435,-0.4640336,-0.2173860
seq-01/frame-000026,1,0.01260824,0.146297,2460,1029,748,1.03,97.93,70.01,8.31,177.29,0.982379983,-0.086924093,0.165448369,0.000779473,-0.7386329,-0.4592087,-0.2149721
seq-01/frame-000027,1,0.01319394,0.160863,2098,818,598,0.88,92.39,62.14,7.34,162.75,0.982397525,-0.082310167,0.167683157,0.001580289,-0.7361839,-0.4657174,-0.2096623
seq-01/frame-000028,1,0.01542498,0.209107,1950,779,571,1.09,94.09,66.49,14.61,176.29,0.982339661,-0.080050613,0.169109431,0.001640160,-0.7346360,-0.4730315,-0.2063536
seq-01/frame-000029,1,0.01146818,0.128388,1971,822,624,0.85,89.70,59.16,11.64,161.36,0.982333166,-0.076031244,0.170994139,0.001343381,-0.7390999,-0.4734412,-0.2017397
seq-01/frame-000030,1,0.01494575,0.244476,2283,931,700,0.88,91.55,59.13,9.23,160.79,0.982678723,-0.072014100,0.170751665,0.000604931,-0.7290198,-0.4723119,-0.2067386
seq-01/frame-000031,1,0.01582344,0.217629,2544,1118,853,0.93,98.41,63.59,6.45,169.39,0.982435566,-0.069127538,0.173325540,-0.000004792,-0.7364394,-0.4701419,-0.2048807
seq-01/frame-000032,1,0.02169951,0.302766,2551,1010,763,0.92,102.29,75.96,13.38,192.56,0.982416612,-0.068122815,0.173828479,0.000736480,-0.7359633,-0.4775881,-0.2035292
seq-01/frame-000033,1,0.02307175,0.339535,2586,1134,857,0.97,110.95,80.56,20.96,213.44,0.982566870,-0.066754611,0.173510093,0.000643801,-0.7293741,-0.4820997,-0.2034172
seq-01/frame-000034,1,0.02269515,0.331147,2297,1038,789,0.88,101.69,71.54,22.50,196.62,0.982327351,-0.065722596,0.175252710,0.000051424,-0.7329887,-0.4895460,-0.1964338
seq-01/frame-000035,1,0.01778978,0.269006,1642,644,464,1.16,96.04,54.70,8.48,160.38,0.982542003,-0.058307930,0.176667011,-0.000406238,-0.7264842,-0.4964151,-0.1820053
seq-01/frame-000036,1,0.01996649,0.300711,1769,744,568,0.85,88.95,65.79,10.24,165.84,0.982777601,-0.053676376,0.176824539,-0.000340077,-0.7241617,-0.4968304,-0.1816705
seq-01/frame-000037,1,0.02054448,0.297469,2112,880,680,0.86,102.67,60.41,8.54,172.48,0.982844432,-0.050336958,0.177434311,-0.000281070,-0.7269479,-0.5026212,-0.1808613
seq-01/frame-000038,1,0.02749607,0.396374,2339,1079,847,0.88,105.44,83.92,13.64,203.89,0.983021993,-0.047817161,0.177147581,-0.000125217,-0.7222530,-0.5075539,-0.1835266
seq-01/frame-000039,1,0.02040667,0.303518,2382,1158,902,0.89,104.96,96.57,7.55,209.97,0.983275574,-0.043722547,0.176797824,-0.000120162,-0.7144339,-0.4984820,-0.1773831
seq-01/frame-000040,1,0.03037340,0.462787,2092,1084,894,0.87,98.80,80.66,15.11,195.45,0.983262782,-0.044025548,0.176792282,-0.000736358,-0.7091166,-0.5147443,-0.1787823
seq-01/frame-000041,1,0.02312709,0.370313,1999,866,670,1.12,80.84,59.63,9.45,151.04,0.983244762,-0.040313412,0.177768266,-0.001735177,-0.7073602,-0.5126359,-0.1668280
seq-01/frame-000042,1,0.02286678,0.358875,1806,927,751,0.85,94.23,58.56,16.23,169.88,0.983257284,-0.034446725,0.178929008,-0.001716623,-0.6939022,-0.5188393,-0.1614512
seq-01/frame-000043,1,0.02684780,0.454410,1721,837,673,0.85,110.48,67.57,14.98,193.88,0.983356778,-0.031032687,0.178987557,-0.003142295,-0.6847430,-0.5206416,-0.1564573
seq-01/frame-000044,1,0.01939533,0.353516,1606,749,590,0.85,93.41,60.02,12.73,167.01,0.983139375,-0.026708077,0.180859068,-0.003693845,-0.6862065,-0.5224541,-0.1423971
seq-01/frame-000045,1,0.02344253,0.401858,1804,833,674,0.85,71.20,52.34,6.21,130.60,0.983318533,-0.021832037,0.180560699,-0.002420307,-0.6772320,-0.5228485,-0.1412321
seq-01/frame-000046,1,0.02910206,0.490323,2199,1134,936,0.89,83.99,98.29,12.49,195.66,0.983348855,-0.017402951,0.180892406,-0.000321969,-0.6696137,-0.5306059,-0.1374951
seq-01/frame-000047,1,0.02611188,0.459360,1890,996,832,0.85,87.02,76.59,13.06,177.52,0.983631589,-0.015515656,0.179522030,0.000041047,-0.6606948,-0.5356065,-0.1277936
seq-01/frame-000048,1,0.02568753,0.439838,1719,895,765,0.84,85.33,78.04,11.88,176.09,0.983580512,-0.014463520,0.179887866,-0.000733844,-0.6562306,-0.5483612,-0.1267813
seq-01/frame-000049,1,0.02179583,0.368033,1667,925,764,0.83,74.69,61.99,9.13,146.64,0.983291805,-0.010351703,0.181741675,-0.000177151,-0.6590486,-0.5469005,-0.1183508
seq-01/frame-000050,1,0.02093700,0.360197,1624,867,733,0.85,85.96,73.57,8.20,168.57,0.983569794,-0.003273933,0.180486840,-0.002059887,-0.6458724,-0.5563116,-0.1048531
seq-01/frame-000051,1,0.01950375,0.340431,2175,1146,945,0.90,128.05,82.75,13.40,225.11,0.983612234,0.000493151,0.180245958,-0.004257177,-0.6358542,-0.5520684,-0.1033463
seq-01/frame-000052,1,0.01628106,0.301209,2118,1083,920,0.93,113.83,90.41,10.19,215.36,0.983431599,0.001818440,0.181170442,-0.006021100,-0.6338714,-0.5519557,-0.0949096
seq-01/frame-000053,1,0.01809567,0.330304,1891,1008,886,0.86,92.95,86.54,7.61,187.96,0.983271719,0.001931781,0.182011747,-0.006687159,-0.6311993,-0.5625177,-0.0875361
seq-01/frame-000054,1,0.01332726,0.230816,1792,979,823,0.86,102.05,72.33,9.10,184.34,0.983121201,0.005797704,0.182740082,-0.006719662,-0.6285878,-0.5621836,-0.0807444
seq-01/frame-000055,1,0.01073727,0.167834,1840,1026,878,0.86,117.18,70.99,8.58,197.61,0.982991800,0.010562984,0.183170386,-0.008009600,-0.6193558,-0.5681289,-0.0726025
seq-01/frame-000056,1,0.00619267,0.093617,1649,920,793,0.83,93.79,63.24,6.28,164.14,0.982549037,0.012940231,0.185310410,-0.009486389,-0.6179267,-0.5745090,-0.0614013
seq-01/frame-000057,1,0.00715300,0.077804,1625,882,748,0.84,81.19,64.43,9.42,155.89,0.982221275,0.016146324,0.186778162,-0.009725345,-0.6121214,-0.5778144,-0.0600203
seq-01/frame-000058,1,0.01340555,0.248712,1938,1059,911,1.23,112.61,68.35,6.37,188.56,0.981862954,0.020342813,0.188189816,-0.010765791,-0.5988874,-0.5881709,-0.0534335
seq-01/frame-000059,1,0.01118114,0.156275,1957,1097,935,0.86,120.58,76.28,8.95,206.68,0.981583270,0.022730905,0.189301699,-0.011935556,-0.5950465,-0.5880571,-0.0498628
seq-01/frame-000060,1,0.01008608,0.129183,1685,966,805,0.86,94.02,57.29,6.70,158.87,0.981431883,0.025652969,0.189645103,-0.012966057,-0.5864742,-0.5889736,-0.0462972
seq-01/frame-000061,1,0.00926568,0.141993,1452,795,664,2.36,80.21,43.22,5.89,131.68,0.981064060,0.033083840,0.189997868,-0.017876818,-0.5781854,-0.5988575,-0.0393843
seq-01/frame-000062,1,0.01014988,0.176597,1622,925,797,0.86,88.91,50.46,7.50,147.73,0.980624612,0.035905980,0.191453910,-0.020773310,-0.5743342,-0.6022110,-0.0361500
seq-01/frame-000063,1,0.00961717,0.163191,1980,1082,925,0.90,107.26,63.62,9.26,181.04,0.980365452,0.038626561,0.191965445,-0.023255889,-0.5661586,-0.5971753,-0.0351387
seq-01/frame-000064,1,0.00789868,0.107473,1906,1024,879,0.86,87.72,68.29,7.72,164.60,0.980078055,0.042560058,0.192164110,-0.026619601,-0.5579176,-0.6024708,-0.0278267
seq-01/frame-000065,1,0.01025055,0.180012,1958,1088,945,0.88,89.71,68.18,12.40,171.17,0.979614174,0.042908116,0.194265233,-0.027856462,-0.5603303,-0.6105625,-0.0265271
seq-01/frame-000066,1,0.00915572,0.138075,1383,751,623,0.85,94.88,50.25,9.13,155.11,0.978944746,0.047370053,0.196487268,-0.028565984,-0.5548197,-0.6211649,-0.0142086
seq-01/frame-000067,1,0.00919727,0.126677,1451,750,631,0.85,72.47,56.60,10.46,140.38,0.978678919,0.052212887,0.196599665,-0.028459796,-0.5518580,-0.6215634,-0.0126317
seq-01/frame-000068,1,0.01488912,0.272646,1668,936,816,0.86,83.36,55.00,8.43,147.65,0.978891905,0.055217648,0.194567978,-0.029410072,-0.5361432,-0.6264339,-0.0199730
seq-01/frame-000069,1,0.00593338,0.050193,1830,1019,883,0.89,85.52,69.87,11.91,168.19,0.977774432,0.059898651,0.198477768,-0.031239201,-0.5389678,-0.6210276,-0.0092347
seq-01/frame-000070,1,0.00488106,0.033367,1914,1043,871,0.88,89.40,61.43,6.18,157.90,0.977663602,0.062259340,0.198104658,-0.032437648,-0.5340654,-0.6226076,-0.0071638
seq-01/frame-000071,1,0.00651937,0.046968,1805,995,856,0.87,80.06,72.17,9.01,162.11,0.976884108,0.065656645,0.200339771,-0.035364125,-0.5313117,-0.6283134,-0.0044647
seq-01/frame-000072,1,0.00704109,0.109262,1913,1051,899,0.89,80.02,78.19,6.22,165.33,0.976512535,0.067004737,0.201557284,-0.036170363,-0.5294062,-0.6334233,0.0011784
seq-01/frame-000073,1,0.01153616,0.219545,1861,1052,884,1.07,103.82,74.51,14.46,193.87,0.975913833,0.069352170,0.203423123,-0.037436625,-0.5225532,-0.6437533,0.0042230
seq-01/frame-000074,1,0.01677084,0.346239,1871,1064,901,0.93,89.61,79.68,11.48,181.71,0.975660341,0.069943494,0.204371234,-0.037778363,-0.5175826,-0.6463892,0.0041551
seq-01/frame-000075,1,0.01014848,0.132278,1702,898,751,0.87,77.32,56.28,14.92,149.39,0.974535661,0.072606642,0.208535352,-0.039006767,-0.5216251,-0.6434650,0.0165222
seq-01/frame-000076,1,0.01090028,0.218043,1832,1010,863,1.26,84.68,73.98,10.44,170.37,0.973598365,0.074947604,0.212041116,-0.039085113,-0.5139984,-0.6514496,0.0256274
seq-01/frame-000077,1,0.00883010,0.182377,1969,1058,881,0.90,95.71,78.59,12.75,187.95,0.973229343,0.076451145,0.212999013,-0.040140867,-0.5081072,-0.6487800,0.0305562
seq-01/frame-000078,1,0.00631128,0.110170,1906,1079,932,0.90,93.82,76.19,12.48,183.39,0.972138467,0.078850806,0.216880608,-0.041135800,-0.5115759,-0.6536148,0.0412988
seq-01/frame-000079,1,0.01075682,0.213879,1943,1049,887,0.90,92.06,90.51,9.33,192.80,0.971612250,0.078983521,0.219120469,-0.041442236,-0.5111387,-0.6615503,0.0481351
seq-01/frame-000080,1,0.00683145,0.129276,1896,997,829,2.74,89.50,77.90,11.47,181.61,0.970385566,0.083200433,0.222809292,-0.042255906,-0.5108136,-0.6630913,0.0641607
seq-01/frame-000081,1,0.00971874,0.194896,1942,991,828,1.81,116.53,86.31,10.45,215.10,0.969698805,0.083710007,0.225684484,-0.041753759,-0.5116357,-0.6716983,0.0756249
seq-01/frame-000082,1,0.00885307,0.128989,1892,1026,855,1.18,108.15,82.19,9.53,201.05,0.968973089,0.085537679,0.228062887,-0.041973541,-0.5142166,-0.6700043,0.0872171
seq-01/frame-000083,1,0.00559365,0.118127,1854,1001,852,0.98,111.02,74.03,6.19,192.23,0.968470217,0.087363428,0.229773819,-0.040460623,-0.5087942,-0.6764547,0.0991190
seq-01/frame-000084,1,0.01024653,0.127900,1732,910,733,0.88,92.03,76.18,7.58,176.67,0.967580977,0.089436526,0.232517613,-0.041517717,-0.5156869,-0.6860655,0.1136259
seq-01/frame-000085,1,0.00718655,0.159385,1883,1037,868,1.45,114.13,81.22,10.94,207.75,0.967293727,0.091183126,0.233146572,-0.040879817,-0.5103928,-0.6915401,0.1174420
seq-01/frame-000086,1,0.00835376,0.128878,1925,1085,896,0.90,121.83,84.12,11.02,217.87,0.966482756,0.092601976,0.235892468,-0.041118113,-0.5150436,-0.6975361,0.1336832
seq-01/frame-000087,1,0.00695995,0.156610,1876,1018,831,0.98,107.71,79.24,11.80,199.72,0.965674528,0.094703354,0.238529367,-0.040096411,-0.5134134,-0.7031653,0.1486468
seq-01/frame-000088,1,0.01039666,0.235095,1978,1097,899,0.95,111.48,87.20,13.71,213.34,0.965659589,0.094085483,0.238764113,-0.040511465,-0.5131296,-0.7093357,0.1549426
seq-01/frame-000089,1,0.00996621,0.218210,1896,1041,856,0.96,87.01,91.05,7.40,186.42,0.964697349,0.096379989,0.241541047,-0.041567366,-0.5138102,-0.7177021,0.1674301
seq-01/frame-000090,1,0.01006756,0.222005,1882,1049,885,0.98,85.97,100.73,6.71,194.39,0.964370649,0.096840549,0.242811300,-0.040667338,-0.5152205,-0.7162850,0.1768790
seq-01/frame-000091,1,0.01078673,0.240858,1951,1104,922,1.23,101.46,82.09,11.15,195.94,0.964136510,0.096588936,0.243834797,-0.040693472,-0.5146997,-0.7277669,0.1934956
seq-01/frame-000092,1,0.00969631,0.236185,1866,1117,937,1.29,104.16,70.58,7.71,183.73,0.963890272,0.095612558,0.245644544,-0.037848917,-0.5144198,-0.7274034,0.2060356
seq-01/frame-000093,1,0.00996290,0.201839,1847,983,837,0.98,109.11,76.33,12.65,199.07,0.963772551,0.094736112,0.246464196,-0.037721861,-0.5181147,-0.7310171,0.2168447
seq-01/frame-000094,1,0.00594816,0.093073,1972,1076,893,0.92,111.49,86.41,15.30,214.12,0.963186920,0.097133612,0.247926630,-0.036991949,-0.5190122,-0.7343454,0.2347913
seq-01/frame-000095,1,0.00139611,0.066162,1901,1005,854,0.96,111.13,74.75,13.22,200.06,0.963297762,0.099078909,0.246663422,-0.037389140,-0.5156475,-0.7332456,0.2427724
seq-01/frame-000096,1,0.00635983,0.113053,1984,1059,877,4.03,109.22,86.34,14.24,213.83,0.963154361,0.098628447,0.247053087,-0.039634308,-0.5209263,-0.7423042,0.2573425
seq-01/frame-000097,1,0.00770117,0.157890,1950,1104,943,0.99,99.39,67.58,7.78,175.75,0.962679457,0.099095379,0.248833319,-0.038863207,-0.5230224,-0.7496908,0.2745636
seq-01/frame-000098,1,0.00762930,0.170534,1986,1028,843,0.98,110.99,91.02,14.62,217.62,0.962552704,0.099467068,0.249170663,-0.038891845,-0.5230312,-0.7531189,0.2804249
seq-01/frame-000099,1,0.01039968,0.205589,2068,1080,916,0.92,103.39,93.17,10.50,207.99,0.962233616,0.098654707,0.251258285,-0.035256081,-0.5264057,-0.7553955,0.2915579
seq-01/frame-000100,1,0.00988547,0.218686,2027,1071,895,0.97,106.94,95.68,8.73,212.33,0.962278886,0.098305962,0.251439037,-0.033670387,-0.5248096,-0.7583454,0.3011256
seq-01/frame-000101,1,0.00561053,0.099595,1984,1085,899,0.96,109.75,69.85,13.06,193.63,0.961838397,0.100207922,0.252502537,-0.032676286,-0.5248499,-0.7610698,0.3176895
seq-01/frame-000102,1,0.00572406,0.151337,1953,1125,946,0.99,103.99,85.60,10.91,201.50,0.961874536,0.099971925,0.252631195,-0.031312473,-0.5194878,-0.7641011,0.3182142
seq-01/frame-000103,1,0.00915204,0.143353,1925,1111,940,0.97,114.29,80.56,13.60,209.42,0.961296738,0.100899516,0.254676393,-0.029458520,-0.5270508,-0.7634346,0.3377403
seq-01/frame-000104,1,0.00618621,0.170819,2062,1171,965,1.42,109.88,79.14,9.56,199.99,0.961876542,0.099033496,0.253140095,-0.030099464,-0.5188760,-0.7679238,0.3336542
seq-01/frame-000105,1,0.00477976,0.044401,1977,1068,869,1.28,111.60,71.87,9.91,194.67,0.961444047,0.099099118,0.254253401,-0.034057568,-0.5217738,-0.7681221,0.3474623
seq-01/frame-000106,1,0.00380318,0.083410,1915,1102,925,0.89,119.48,59.54,9.61,189.53,0.962116465,0.100741637,0.250688573,-0.036582370,-0.5163443,-0.7738940,0.3536687
seq-01/frame-000107,1,0.00523085,0.011864,1907,1086,906,1.49,102.13,73.76,17.04,194.43,0.962134681,0.102220108,0.249782816,-0.038163457,-0.5146210,-0.7722773,0.3553235
seq-01/frame-000108,1,0.00989646,0.225414,1874,1107,942,1.87,112.73,73.62,15.92,204.14,0.962545176,0.100228220,0.248813529,-0.039407054,-0.5075007,-0.7780426,0.3526922
seq-01/frame-000109,1,0.00853881,0.215976,1923,1082,889,0.93,93.61,69.11,14.37,178.02,0.963567456,0.097346830,0.245819486,-0.040424396,-0.4988675,-0.7795397,0.3627792
seq-01/frame-000110,1,0.00527510,0.107868,2022,1156,978,0.95,102.50,79.07,8.45,190.97,0.964063026,0.096076054,0.244376207,-0.040399789,-0.4966241,-0.7816455,0.3766786
seq-01/frame-000111,1,0.00179452,0.060435,1955,1117,938,1.98,100.98,72.91,6.40,182.26,0.964469858,0.096318997,0.242687107,-0.040292838,-0.4908279,-0.7815360,0.3801028
seq-01/frame-000112,1,0.00294621,0.088056,2101,1122,938,0.96,108.66,81.06,13.64,204.33,0.964747694,0.096727137,0.241508762,-0.039739970,-0.4867693,-0.7842543,0.3839825
seq-01/frame-000113,1,0.00234505,0.069250,1998,1061,885,1.13,109.19,65.70,10.18,186.21,0.965223602,0.099591618,0.238534587,-0.039066076,-0.4768677,-0.7832032,0.3920861
seq-01/frame-000114,1,0.00463255,0.071173,1854,1033,876,0.87,117.16,74.49,8.21,200.73,0.965474961,0.101123043,0.236724807,-0.039919857,-0.4729182,-0.7866527,0.3947768
seq-01/frame-000115,1,0.00661805,0.102007,1811,998,845,0.86,102.46,62.45,23.69,189.47,0.965548779,0.106859290,0.233418505,-0.042572875,-0.4596102,-0.7872978,0.4023943
seq-01/frame-000116,1,0.00182604,0.060571,1861,1037,878,1.27,100.77,65.34,9.84,177.23,0.965902857,0.108212031,0.231220843,-0.043113218,-0.4511772,-0.7939795,0.4052297
seq-01/frame-000117,1,0.00503455,0.115125,1902,1088,904,0.90,102.75,81.44,9.67,194.76,0.966173568,0.110210789,0.228865585,-0.044528219,-0.4389777,-0.7949030,0.4030187
seq-01/frame-000118,1,0.00329773,0.060667,1876,1110,945,1.18,103.12,75.98,12.81,193.09,0.966300995,0.114853520,0.226148705,-0.043906946,-0.4243572,-0.7965349,0.4137915
seq-01/frame-000119,1,0.00255378,0.097287,1947,1072,893,0.93,93.86,76.84,13.11,184.74,0.966576800,0.115916053,0.224064429,-0.045693445,-0.4133882,-0.8002684,0.4157863
seq-01/frame-000120,1,0.00922598,0.236311,1770,979,825,0.92,101.72,65.02,13.00,180.66,0.966727041,0.114972773,0.223676990,-0.046783475,-0.4047210,-0.8104644,0.4152612
seq-01/frame-000121,1,0.00499342,0.132801,1950,1047,860,0.94,90.47,74.86,12.46,178.73,0.966869625,0.117144213,0.221702128,-0.047838554,-0.3802897,-0.8040522,0.4203807
seq-01/frame-000122,1,0.00618785,0.137014,1857,1033,878,0.93,95.37,77.60,10.19,184.09,0.967340033,0.117094046,0.219437785,-0.048880497,-0.3690894,-0.8073461,0.4231736
seq-01/frame-000123,1,0.00793092,0.207461,1877,1023,873,1.11,98.40,99.91,23.53,222.96,0.967542519,0.117012117,0.218220793,-0.050490832,-0.3577156,-0.8127705,0.4250619
seq-01/frame-000124,1,0.00593662,0.190593,1910,1014,831,0.94,95.24,91.72,8.97,196.88,0.967605159,0.117366849,0.217317359,-0.052330149,-0.3388495,-0.8150439,0.4311192
seq-01/frame-000125,1,0.00869749,0.248430,1824,1044,883,1.11,110.74,78.12,15.71,205.68,0.967935522,0.117220233,0.215831081,-0.052699018,-0.3254866,-0.8196421,0.4309385
seq-01/frame-000126,1,0.00574686,0.105102,1763,1064,874,1.15,85.70,76.01,20.43,183.30,0.967698575,0.118445787,0.216363542,-0.052123710,-0.3201723,-0.8177784,0.4331427
seq-01/frame-000127,1,0.00660619,0.175855,1856,987,807,0.93,96.14,75.89,15.76,188.73,0.968221704,0.117572784,0.214791475,-0.050872338,-0.2960999,-0.8157206,0.4343953
seq-01/frame-000128,1,0.00642618,0.092206,1909,1050,849,0.94,92.12,97.85,6.24,197.14,0.968439358,0.117747708,0.213858558,-0.050251407,-0.2876236,-0.8150611,0.4384168
seq-01/frame-000129,1,0.00644120,0.165872,1807,972,812,0.91,106.85,82.66,7.90,198.33,0.968635355,0.118388808,0.212543926,-0.050544233,-0.2745223,-0.8168822,0.4396902
seq-01/frame-000130,1,0.00530177,0.085286,1811,984,794,4.45,114.00,60.56,17.21,196.23,0.968405387,0.118932565,0.212946321,-0.051960712,-0.2700597,-0.8165135,0.4401310
seq-01/frame-000131,1,0.00677864,0.153160,1831,919,768,0.95,118.06,56.25,7.07,182.33,0.968644595,0.118438505,0.211311984,-0.055201582,-0.2525806,-0.8190514,0.4413410
seq-01/frame-000132,1,0.00806527,0.228047,1866,990,809,0.92,105.35,73.22,8.93,188.41,0.969056433,0.117863845,0.209528228,-0.055997015,-0.2432671,-0.8196430,0.4406635
seq-01/frame-000133,1,0.01094388,0.239413,1755,943,801,0.88,93.55,67.14,10.64,172.21,0.969410982,0.115565570,0.209349102,-0.055316361,-0.2393135,-0.8213919,0.4388793
seq-01/frame-000134,1,0.00709416,0.167190,1820,1011,847,0.90,77.15,64.93,9.44,152.42,0.969359441,0.115451105,0.209816062,-0.054685792,-0.2264121,-0.8235176,0.4500638
seq-01/frame-000135,1,0.00611752,0.153452,1821,977,821,2.05,83.16,65.08,8.19,158.48,0.969122235,0.117033885,0.209927389,-0.055096767,-0.2222184,-0.8242184,0.4527034
seq-01/frame-000136,1,0.00855707,0.215375,1791,940,779,0.93,90.05,68.48,8.15,167.61,0.969274822,0.117924164,0.208854183,-0.054590667,-0.2126861,-0.8210198,0.4500371
seq-01/frame-000137,1,0.00860279,0.202256,1749,942,794,0.89,102.86,59.09,6.03,168.87,0.969480288,0.115638128,0.209355809,-0.053906768,-0.2097565,-0.8236601,0.4501698
seq-01/frame-000138,1,0.00970022,0.222743,1827,977,813,0.93,81.84,47.79,14.29,144.85,0.970176107,0.113190368,0.207872307,-0.052300724,-0.1977159,-0.8274924,0.4573205
seq-01/frame-000139,1,0.01337838,0.340460,1717,984,829,0.87,87.56,49.22,6.48,144.13,0.970610124,0.110295802,0.207665516,-0.051243116,-0.1943839,-0.8333654,0.4585603
seq-01/frame-000140,1,0.00398114,0.133932,1794,958,800,0.89,80.05,50.45,10.48,141.88,0.970894356,0.110030751,0.206726582,-0.050214575,-0.1859421,-0.8252750,0.4674248
seq-01/frame-000141,1,0.01175349,0.309998,1790,945,801,0.93,85.22,72.85,14.85,173.84,0.971557009,0.105333312,0.206466485,-0.048512499,-0.1738451,-0.8367881,0.4722444
seq-01/frame-000142,1,0.01055135,0.278847,1775,944,790,1.20,88.73,67.01,6.78,163.72,0.971494911,0.104453631,0.207308892,-0.048063494,-0.1695468,-0.8351607,0.4771469
seq-01/frame-000143,1,0.00810474,0.238756,1716,911,761,0.93,82.59,60.95,9.11,153.59,0.971363639,0.104217096,0.208199665,-0.047374855,-0.1641507,-0.8353704,0.4861010
seq-01/frame-000144,1,0.00535896,0.148703,1572,836,705,0.91,81.24,55.82,10.02,147.98,0.970815920,0.104567723,0.210660659,-0.046948127,-0.1530602,-0.8359966,0.4950967
seq-01/frame-000145,1,0.01069134,0.285178,1716,943,804,0.91,83.85,67.02,13.64,165.43,0.970684203,0.103893485,0.211492780,-0.047424958,-0.1442052,-0.8400345,0.4971195
seq-01/frame-000146,1,0.01314598,0.332210,1847,985,785,0.94,82.29,79.75,12.28,175.26,0.970633536,0.103896613,0.211549231,-0.048197057,-0.1362832,-0.8436669,0.5008358
seq-01/frame-000147,1,0.01148826,0.303953,1690,902,763,1.11,92.47,62.51,17.60,173.70,0.970421441,0.102275239,0.212907077,-0.049925726,-0.1236938,-0.8455441,0.5137538
seq-01/frame-000148,1,0.01040254,0.265558,1815,957,796,0.94,78.12,76.77,21.20,177.02,0.970425888,0.101622047,0.213188927,-0.049970352,-0.1173833,-0.8461450,0.5213051
seq-01/frame-000149,1,0.00843311,0.212242,1741,924,748,0.93,91.56,57.56,21.77,171.83,0.970344938,0.101465240,0.213594280,-0.050129738,-0.1112244,-0.8471815,0.5310533
seq-01/frame-000150,1,0.00776228,0.254221,1676,852,711,0.95,100.88,95.29,30.44,227.55,0.970350542,0.100062349,0.213673758,-0.052448796,-0.0929189,-0.8529502,0.5476931
seq-01/frame-000151,1,0.00881230,0.241790,1746,881,722,0.94,84.91,169.56,16.24,271.66,0.970175479,0.099065316,0.214674867,-0.053481811,-0.0904988,-0.8574357,0.5556883
seq-01/frame-000152,1,0.00640664,0.203861,1780,906,734,0.93,156.62,121.30,10.65,289.50,0.970365044,0.099059605,0.213810306,-0.053516622,-0.0798268,-0.8576373,0.5644112
seq-01/frame-000153,1,0.00852278,0.260433,1727,866,699,0.95,159.56,119.92,14.47,294.90,0.970770096,0.097009932,0.212950509,-0.053353295,-0.0674199,-0.8695608,0.5812652
seq-01/frame-000154,1,0.00817727,0.247624,1766,863,683,0.94,133.96,127.04,9.92,271.87,0.971029795,0.097810141,0.211511904,-0.052886931,-0.0583347,-0.8689200,0.5893510
seq-01/frame-000155,1,0.00995213,0.274446,1762,853,689,0.93,207.89,77.02,13.88,299.73,0.971312868,0.097215058,0.210463784,-0.052967347,-0.0514254,-0.8753829,0.5969866
seq-01/frame-000156,1,0.00785658,0.234842,1753,858,689,0.93,200.94,73.72,14.58,290.17,0.971475665,0.097622059,0.209429826,-0.053330230,-0.0451736,-0.8758888,0.6050638
seq-01/frame-000157,1,0.01281296,0.333751,1830,937,749,0.92,202.59,76.08,22.17,301.75,0.971970438,0.098565832,0.206337942,-0.054615906,-0.0304045,-0.8814918,0.6195493
seq-01/frame-000158,1,0.01255860,0.342417,1720,983,853,1.31,182.11,72.67,15.24,271.34,0.971991670,0.097871511,0.206778613,-0.053814180,-0.0270368,-0.8929726,0.6274356
seq-01/frame-000159,1,0.00843522,0.240495,1797,975,821,15.71,176.12,78.28,8.57,278.68,0.971775998,0.100605075,0.206584924,-0.053410645,-0.0204611,-0.8897417,0.6334852
seq-01/frame-000160,1,0.00992104,0.260046,1755,924,753,6.83,146.67,70.18,7.99,231.66,0.972011949,0.100933900,0.205594855,-0.052305587,-0.0162545,-0.8939681,0.6409350
seq-01/frame-000161,1,0.00981110,0.302060,1738,963,802,1.43,108.27,64.47,10.45,184.62,0.972641672,0.101803924,0.201990451,-0.052952782,-0.0007203,-0.9014222,0.6523585
seq-01/frame-000162,1,0.00742837,0.240986,1757,873,720,0.94,101.65,71.65,22.28,196.52,0.972889771,0.103063799,0.200377222,-0.052079895,0.0054435,-0.9002453,0.6559281
seq-01/frame-000163,1,0.00825708,0.229924,1744,931,762,0.92,93.26,61.72,8.35,164.26,0.972992048,0.104313683,0.199412717,-0.051377993,0.0126341,-0.8976529,0.6614763
seq-01/frame-000164,1,0.01283339,0.393469,1688,900,758,0.92,91.50,66.34,19.24,178.01,0.973447909,0.101789702,0.198686621,-0.050612765,0.0197629,-0.9085242,0.6641822
seq-01/frame-000165,1,0.01465933,0.412815,1589,858,731,0.88,99.39,60.43,9.45,170.15,0.973583961,0.100374100,0.199061070,-0.049335598,0.0244350,-0.9084119,0.6612732
seq-01/frame-000166,1,0.00956887,0.265273,1538,899,764,0.91,101.80,94.44,9.54,206.71,0.973536115,0.098493699,0.201100926,-0.045660064,0.0335088,-0.9088532,0.6750855
seq-01/frame-000167,1,0.01054219,0.330583,1684,858,721,1.29,101.20,115.07,11.25,228.82,0.973436537,0.098058668,0.201660017,-0.046249790,0.0401138,-0.9125316,0.6793156
seq-01/frame-000168,1,0.00853070,0.223869,1653,880,744,0.92,88.64,107.17,12.74,209.47,0.973452605,0.099475432,0.200879140,-0.046284291,0.0452156,-0.9094172,0.6814396
seq-01/frame-000169,1,0.00770365,0.255520,1615,935,789,0.91,89.97,109.01,21.54,221.44,0.973734441,0.098876224,0.199919055,-0.045794128,0.0544069,-0.9105875,0.6821570
seq-01/frame-000170,1,0.01135606,0.364450,1685,898,737,1.18,111.56,120.14,6.76,239.64,0.973935844,0.096682733,0.200088493,-0.045453440,0.0599713,-0.9157253,0.6825593
seq-01/frame-000171,1,0.01250712,0.384267,1674,933,755,0.92,100.30,126.38,8.44,236.05,0.974229600,0.096757057,0.198698309,-0.045097021,0.0771216,-0.9152904,0.6898381
seq-01/frame-000172,1,0.01996838,0.587436,1644,1004,860,0.88,166.82,123.06,15.72,306.48,0.974581598,0.093517753,0.198658359,-0.044497147,0.0818905,-0.9267999,0.6850146
seq-01/frame-000173,1,0.01458559,0.441270,1745,990,829,3.35,167.05,117.58,9.32,297.30,0.974772716,0.093895546,0.197696302,-0.043794405,0.0924237,-0.9200005,0.6894083
seq-01/frame-000174,1,0.01099486,0.299628,1742,1045,883,1.28,143.85,124.36,20.43,289.93,0.974357911,0.096382451,0.198376762,-0.044539248,0.0942836,-0.9153904,0.6972800
seq-01/frame-000175,1,0.01212857,0.374137,1675,1027,885,2.78,141.93,127.03,38.18,309.92,0.974531023,0.097903054,0.196478378,-0.045831472,0.1044833,-0.9197371,0.6971736
seq-01/frame-000176,1,0.01066012,0.275257,1323,879,763,4.12,128.60,91.31,14.98,239.02,0.974601933,0.104111190,0.191887739,-0.049910205,0.1259195,-0.9077836,0.6981111
seq-01/frame-000177,1,0.01129103,0.323524,1373,838,728,1.73,131.47,74.35,58.31,265.88,0.974801655,0.106937395,0.188322652,-0.053485560,0.1377183,-0.9097201,0.6992193
seq-01/frame-000178,1,0.01854566,0.557466,1418,934,816,1.92,147.41,64.42,12.49,226.25,0.975797164,0.107474604,0.181823623,-0.056650467,0.1578062,-0.9132926,0.6923817
seq-01/frame-000179,1,0.01065766,0.310591,1321,899,805,1.19,145.87,91.51,12.59,251.15,0.976201890,0.106336564,0.179127821,-0.060296173,0.1616377,-0.9106228,0.6915999
seq-01/frame-000180,1,0.00997686,0.328907,1650,996,849,1.70,165.54,99.70,15.34,282.29,0.976814036,0.104724917,0.174286018,-0.067018017,0.1789939,-0.9098382,0.6986052
seq-01/frame-000181,1,0.00772712,0.261688,1608,1018,854,0.94,170.82,85.75,10.85,268.36,0.977018924,0.104607008,0.172345678,-0.069198001,0.1875589,-0.9155272,0.6979024
seq-01/frame-000182,1,0.01110069,0.363444,1521,933,791,0.92,142.27,86.74,51.19,281.12,0.977590054,0.104824159,0.168380067,-0.070553064,0.2038252,-0.9150297,0.6951427
seq-01/frame-000183,1,0.01443944,0.455765,1574,961,800,0.95,286.03,83.22,14.02,384.22,0.977838476,0.106487581,0.165098920,-0.072350931,0.2176663,-0.9087413,0.6943457
seq-01/frame-000184,1,0.01171267,0.370331,1568,992,866,1.26,219.00,100.55,9.01,329.82,0.978336093,0.104263180,0.163256164,-0.073041795,0.2267437,-0.9148603,0.6905975
seq-01/frame-000185,1,0.01002330,0.316169,1553,982,823,1.18,316.03,77.39,14.28,408.88,0.979066017,0.103437486,0.158747797,-0.074361002,0.2458688,-0.9120583,0.6931137
seq-01/frame-000186,1,0.01540955,0.465191,1632,965,824,0.93,148.08,111.06,16.94,277.02,0.979332913,0.103262832,0.156295278,-0.076260204,0.2578249,-0.9140541,0.6913721
seq-01/frame-000187,1,0.01163070,0.377007,1657,1068,889,0.91,94.57,125.09,10.83,231.40,0.979546598,0.102256446,0.155417830,-0.076664069,0.2640381,-0.9161864,0.6892957
seq-01/frame-000188,1,0.00651216,0.225581,1610,995,838,1.34,123.83,107.50,10.44,243.12,0.979799796,0.101766171,0.155017877,-0.074869645,0.2674846,-0.9157162,0.6922260
seq-01/frame-000189,1,0.01306594,0.417489,1493,933,789,1.01,127.27,109.74,18.37,256.40,0.980064163,0.102125644,0.153153331,-0.074757246,0.2782386,-0.9177529,0.6927728
seq-01/frame-000190,1,0.01344054,0.416864,1436,901,773,0.94,149.97,75.69,15.32,241.93,0.980203836,0.103018449,0.152536359,-0.072940371,0.2879354,-0.9152611,0.6903709
seq-01/frame-000191,1,0.01336346,0.423152,1467,952,824,1.42,140.99,91.58,15.10,249.10,0.981336866,0.102803552,0.147502498,-0.068208494,0.3067175,-0.9162837,0.6954509
seq-01/frame-000192,1,0.01130705,0.356684,1544,974,847,2.34,95.16,68.67,15.57,181.74,0.981403076,0.104848889,0.145455268,-0.068538150,0.3105629,-0.9149526,0.6990710
seq-01/frame-000193,1,0.01048589,0.344410,1575,981,833,0.91,106.98,62.04,11.15,181.09,0.981393877,0.105364430,0.144358093,-0.070179318,0.3166924,-0.9210200,0.7008389
seq-01/frame-000194,1,0.01008509,0.320134,1578,948,805,0.93,108.24,49.92,10.37,169.47,0.981485084,0.106364902,0.143442184,-0.069266715,0.3219632,-0.9192617,0.7018315
seq-01/frame-000195,1,0.01113346,0.363219,1541,989,838,1.73,113.65,60.63,13.54,189.55,0.981957350,0.106504606,0.140425349,-0.068536514,0.3306570,-0.9215413,0.7054510
seq-01/frame-000196,1,0.01132552,0.352729,1638,982,848,7.30,95.09,60.95,8.42,171.76,0.982775575,0.104476476,0.137360824,-0.066097195,0.3453217,-0.9280059,0.7086688
seq-01/frame-000197,1,0.01159634,0.371243,1587,964,815,0.93,108.87,57.54,8.96,176.30,0.982816049,0.106092726,0.136593287,-0.064492023,0.3502324,-0.9195413,0.7163881
seq-01/frame-000198,1,0.01195257,0.350513,1591,917,785,1.52,104.45,58.07,8.67,172.71,0.983220579,0.105424156,0.134844017,-0.063088289,0.3590335,-0.9223138,0.7212071
seq-01/frame-000199,1,0.01125561,0.356449,1557,951,802,0.95,98.25,50.83,10.24,160.27,0.983522337,0.104078744,0.133969840,-0.062478069,0.3656327,-0.9270108,0.7255018
seq-01/frame-000200,1,0.01295237,0.419686,1466,889,750,0.89,70.09,52.61,8.51,132.10,0.983734205,0.102687527,0.133509126,-0.062430748,0.3757445,-0.9302135,0.7322713
seq-01/frame-000201,1,0.01042455,0.349049,1455,872,748,0.90,78.01,51.38,5.75,136.04,0.983593571,0.102002933,0.134998812,-0.062565242,0.3791487,-0.9292717,0.7389287
seq-01/frame-000202,1,0.00946875,0.323731,1387,873,736,0.89,80.42,47.26,5.79,134.37,0.983325461,0.102507438,0.136420017,-0.062871625,0.3839613,-0.9289385,0.7479685
seq-01/frame-000203,1,0.00983564,0.349226,1231,745,652,0.87,70.05,60.84,7.64,139.40,0.982547090,0.105590718,0.139626088,-0.062899695,0.3982685,-0.9327876,0.7642800
seq-01/frame-000204,1,0.01368389,0.456665,1122,725,616,0.87,67.49,40.42,9.88,118.67,0.982554202,0.104656561,0.140015479,-0.063481577,0.4117083,-0.9378369,0.7655867
seq-01/frame-000205,1,0.00912932,0.333958,1073,671,587,0.88,84.23,45.56,10.82,141.50,0.981949204,0.105037709,0.143750874,-0.063863351,0.4156677,-0.9385474,0.7802669
seq-01/frame-000206,1,0.00878978,0.325893,1248,750,644,0.86,73.79,59.24,5.95,139.85,0.982102306,0.103314168,0.144611744,-0.062359334,0.4258533,-0.9460612,0.7836811
seq-01/frame-000207,1,0.00582782,0.234479,1393,832,706,1.06,81.40,50.46,9.42,142.35,0.982055722,0.103279470,0.145644983,-0.060724376,0.4326674,-0.9434577,0.7925309
seq-01/frame-000208,1,0.00627391,0.226467,1252,773,666,1.88,87.65,60.03,6.26,155.83,0.981696423,0.103710736,0.147711115,-0.060808244,0.4370086,-0.9463478,0.8070358
seq-01/frame-000209,1,0.00736350,0.300133,1000,617,537,1.28,71.38,37.99,7.53,118.19,0.981055492,0.104658164,0.151495889,-0.060214500,0.4541581,-0.9507946,0.8192012
seq-01/frame-000210,1,0.01075308,0.398378,1250,751,635,2.94,85.92,42.60,11.77,143.23,0.980867204,0.105332749,0.152924773,-0.058468396,0.4643776,-0.9487212,0.8237876
seq-01/frame-000211,1,0.01007405,0.381067,1416,828,681,1.67,79.37,57.89,10.24,149.18,0.980583704,0.106979754,0.154239337,-0.056755250,0.4708966,-0.9478532,0.8344276
seq-01/frame-000212,1,0.01170973,0.396296,1391,783,683,1.62,84.59,46.83,6.29,139.34,0.980848911,0.105229086,0.154507858,-0.054677009,0.4777144,-0.9575790,0.8371855
seq-01/frame-000213,1,0.02026055,0.653044,1254,774,665,0.88,100.20,46.90,11.17,159.16,0.981292641,0.105154991,0.152237847,-0.053205429,0.4977743,-0.9564005,0.8383077
seq-01/frame-000214,1,0.00456422,0.227672,1352,770,656,1.58,84.95,40.76,6.32,133.61,0.980497485,0.105410062,0.157704058,-0.051408465,0.4888939,-0.9561157,0.8550489
seq-01/frame-000215,1,0.00563926,0.251586,1212,781,685,1.29,66.70,45.26,6.35,119.59,0.979794510,0.108497219,0.159947326,-0.051457989,0.4926483,-0.9528731,0.8672877
seq-01/frame-000216,1,0.00794775,0.325045,1599,870,706,0.94,91.04,51.62,12.53,156.13,0.980115964,0.110829303,0.157087366,-0.049123530,0.5115599,-0.9592905,0.8677742
seq-01/frame-000217,1,0.00967863,0.375680,1464,787,647,1.26,93.00,49.97,14.36,158.59,0.980288126,0.109964087,0.156719910,-0.048805325,0.5190778,-0.9618923,0.8750653
seq-01/frame-000218,1,0.00622106,0.237797,1513,791,650,0.93,81.34,45.53,9.48,137.28,0.979965673,0.110652944,0.158520433,-0.047900705,0.5169970,-0.9595932,0.8811595
seq-01/frame-000219,1,0.00700784,0.276498,1521,823,680,0.92,76.98,51.80,11.77,141.47,0.979745009,0.111773937,0.159146486,-0.047735730,0.5191682,-0.9605681,0.8880927
seq-01/frame-000220,1,0.00897283,0.345039,1534,837,678,1.13,84.73,70.21,8.81,164.89,0.980256874,0.110415369,0.157239597,-0.046697082,0.5260867,-0.9676457,0.8873062
seq-01/frame-000221,1,0.00225896,0.169078,1313,819,696,1.38,85.92,54.22,19.70,161.22,0.979375779,0.113982717,0.159906168,-0.047550401,0.5196881,-0.9643006,0.9053750
seq-01/frame-000222,1,0.00749715,0.301153,1445,811,674,0.93,80.43,59.83,16.66,157.85,0.979956915,0.113905407,0.155839733,-0.049233945,0.5326081,-0.9724383,0.8998130
seq-01/frame-000223,1,0.00727544,0.291038,1473,821,664,0.94,77.40,63.81,7.64,149.79,0.980098656,0.113991716,0.154453234,-0.050563938,0.5362587,-0.9700999,0.8991401
seq-01/frame-000224,1,0.00736472,0.279223,1539,819,669,0.93,84.13,63.51,9.69,158.25,0.980161513,0.112862829,0.154824699,-0.050741536,0.5374188,-0.9716427,0.9033809
seq-01/frame-000225,1,0.00955176,0.345363,1502,808,674,0.92,80.75,61.77,12.45,155.90,0.980266406,0.112274027,0.154605033,-0.050691227,0.5383114,-0.9714284,0.9069063
seq-01/frame-000226,1,0.00752656,0.316780,1529,854,682,0.93,99.53,67.61,10.11,178.18,0.980370774,0.111836933,0.153591538,-0.052680969,0.5403948,-0.9738775,0.9109380
seq-01/frame-000227,1,0.00650987,0.265071,1427,798,657,0.90,101.03,63.51,11.84,177.28,0.979445104,0.112260783,0.158133084,-0.055486327,0.5356119,-0.9809696,0.9158579
seq-01/frame-000228,1,0.01019771,0.369908,1515,797,652,2.63,107.50,54.39,12.50,177.03,0.979253340,0.115494013,0.157350592,-0.054450157,0.5430354,-0.9714462,0.9153633
seq-01/frame-000229,1,0.01426765,0.509294,1321,805,680,1.69,94.36,60.29,10.46,166.80,0.978933600,0.116205261,0.158509362,-0.055318406,0.5454220,-0.9770128,0.9205764
seq-01/frame-000230,1,0.01149823,0.429739,1339,784,641,1.16,105.86,62.10,9.66,178.78,0.978422218,0.118033504,0.159878149,-0.056542310,0.5463027,-0.9783574,0.9183687
seq-01/frame-000231,1,0.00493262,0.220732,1437,775,625,1.05,96.54,72.54,10.71,180.84,0.978314369,0.118681876,0.160243259,-0.056015230,0.5496685,-0.9782469,0.9153916
seq-01/frame-000232,1,0.00292987,0.163415,1432,776,623,0.90,102.29,64.68,11.88,179.76,0.978175793,0.118919256,0.161068459,-0.055563307,0.5469363,-0.9805195,0.9219143
seq-01/frame-000233,1,0.01860086,0.644996,1318,750,619,0.90,95.91,64.62,10.13,171.55,0.979047364,0.124021681,0.152093698,-0.054335887,0.5686588,-0.9783151,0.9172020
seq-01/frame-000234,1,0.00765218,0.328756,1177,692,574,0.88,91.43,53.47,17.62,163.40,0.979316873,0.123462965,0.150846171,-0.054229055,0.5646618,-0.9829356,0.9186160
seq-01/frame-000235,1,0.00207347,0.143050,933,579,496,0.83,76.24,42.07,14.84,133.99,0.979175346,0.126444739,0.149545538,-0.053511698,0.5566624,-0.9790604,0.9297833
seq-01/frame-000236,1,0.00384537,0.206894,909,560,455,1.15,83.30,39.29,18.67,142.42,0.979912975,0.128430325,0.142871449,-0.053516001,0.5634111,-0.9801561,0.9268018
seq-01/frame-000237,1,0.00413467,0.043670,805,486,416,1.92,75.92,33.22,9.84,120.89,0.980902223,0.128923511,0.136052238,-0.051955224,0.5633743,-0.9806886,0.9248201
seq-01/frame-000238,1,0.00461229,0.254635,1007,632,534,1.74,80.52,49.05,8.24,139.55,0.981982746,0.128772411,0.127698497,-0.053109766,0.5741903,-0.9848467,0.9232989
seq-01/frame-000239,1,0.01058393,0.394343,1001,590,501,2.14,78.34,49.73,12.82,143.03,0.982821964,0.128570476,0.120594837,-0.054658071,0.5856376,-0.9857911,0.9161215
seq-01/frame-000240,1,0.00838959,0.197853,897,541,459,1.96,89.66,37.32,7.60,136.55,0.983089217,0.128272238,0.118699839,-0.054700761,0.5746555,-0.9852045,0.9239413
seq-01/frame-000241,1,0.00411999,0.177912,979,601,509,0.85,85.00,40.26,8.16,134.27,0.985238347,0.126114216,0.101433805,-0.055783396,0.5918652,-0.9796375,0.9180884
seq-01/frame-000242,1,0.00333128,0.166381,1128,679,579,1.35,83.86,57.18,8.28,150.67,0.985950537,0.123251169,0.096602520,-0.058126075,0.5927450,-0.9845277,0.9160943
seq-01/frame-000243,1,0.00373732,0.164184,1086,682,585,0.85,80.32,51.54,13.13,145.85,0.986158937,0.124373439,0.091640392,-0.060198318,0.5950721,-0.9773169,0.9173072
seq-01/frame-000244,1,0.00234023,0.103472,1142,694,580,0.86,91.63,49.87,12.21,154.57,0.986165395,0.125447792,0.088246665,-0.062874410,0.5916531,-0.9745297,0.9188424
seq-01/frame-000245,1,0.00554627,0.221379,964,638,548,0.79,90.80,49.40,10.64,151.64,0.986137007,0.127625417,0.083831886,-0.064944375,0.5915602,-0.9720173,0.9162433
seq-01/frame-000246,1,0.00450979,0.114949,1074,633,532,1.29,87.61,59.51,11.21,159.63,0.986565474,0.127840947,0.078442235,-0.064746217,0.5907845,-0.9771987,0.9102333
seq-01/frame-000247,1,0.00822581,0.290053,1275,780,656,0.87,82.60,59.16,11.88,154.51,0.987108356,0.127609607,0.069319223,-0.067288381,0.6105187,-0.9787787,0.9006309
seq-01/frame-000248,1,0.00158375,0.090747,1290,744,616,0.87,91.53,74.49,24.96,191.85,0.987112435,0.126792281,0.067189132,-0.070840512,0.6063754,-0.9776285,0.8982329
seq-01/frame-000249,1,0.00695830,0.277145,1091,664,559,0.83,92.50,55.36,12.25,160.93,0.987394090,0.125739226,0.060883056,-0.074403030,0.6137913,-0.9777139,0.8941165
seq-01/frame-000250,1,0.00837482,0.294812,931,574,469,0.83,80.71,54.48,10.81,146.84,0.987791421,0.123930305,0.054341278,-0.077177807,0.6172507,-0.9742811,0.8891978
seq-01/frame-000251,1,0.00471233,0.172271,1021,490,376,1.37,80.94,53.42,8.46,144.20,0.988194263,0.121974697,0.049197184,-0.078574228,0.6125174,-0.9749800,0.8908642
seq-01/frame-000252,1,0.00152283,0.072744,1150,673,539,0.89,91.44,60.43,6.70,159.46,0.988192023,0.122871092,0.042907290,-0.080859041,0.6117285,-0.9718391,0.8894085
seq-01/frame-000253,1,0.00455487,0.129644,1168,703,587,0.88,93.66,56.80,15.09,166.44,0.988138257,0.123776794,0.036784184,-0.083120484,0.6163041,-0.9705168,0.8845343
seq-01/frame-000254,1,0.00546155,0.189739,1145,665,545,0.95,103.27,59.69,15.62,179.53,0.988352748,0.122923843,0.031327682,-0.084066350,0.6175669,-0.9718030,0.8808460
seq-01/frame-000255,1,0.00346456,0.129457,1195,681,560,0.90,108.98,54.13,9.73,173.73,0.988474237,0.122717253,0.026220374,-0.084685601,0.6171691,-0.9710274,0.8802383
seq-01/frame-000256,1,0.00558124,0.154827,1134,638,488,0.89,92.70,51.81,8.97,154.36,0.988357477,0.123778606,0.022290499,-0.085624114,0.6098518,-0.9684829,0.8788579
seq-01/frame-000257,1,0.00773957,0.178609,1061,568,429,2.50,89.85,46.72,7.13,146.19,0.988008207,0.126497509,0.013701630,-0.087466723,0.6189805,-0.9625564,0.8740150
seq-01/frame-000258,1,0.00146106,0.098306,1221,664,521,1.91,105.44,46.98,6.87,161.21,0.988019597,0.125340741,0.008376888,-0.089648210,0.6153758,-0.9644859,0.8713375
seq-01/frame-000259,1,0.00641245,0.170300,1164,590,461,1.04,95.18,41.15,5.82,143.19,0.988069601,0.125116585,0.001264739,-0.089792567,0.6219634,-0.9628071,0.8687878
seq-01/frame-000260,1,0.00280357,0.104759,1176,609,468,1.05,85.38,34.37,11.87,132.67,0.988119817,0.124151753,-0.004037658,-0.090494564,0.6193578,-0.9664091,0.8655755
seq-01/frame-000261,1,0.00414803,0.136157,1235,594,459,1.29,78.54,45.91,9.56,135.30,0.987963538,0.124716161,-0.010974410,-0.090848717,0.6233419,-0.9622287,0.8629707
seq-01/frame-000262,1,0.00461494,0.161896,1285,682,535,0.91,76.86,61.58,14.78,154.13,0.987835993,0.123671211,-0.014793897,-0.093094703,0.6188244,-0.9643679,0.8620154
seq-01/frame-000263,1,0.00314821,0.078936,1176,607,488,0.91,77.04,42.30,10.29,130.54,0.987573914,0.124429630,-0.019106212,-0.094074354,0.6150105,-0.9600848,0.8600480
seq-01/frame-000264,1,0.00429845,0.186411,1197,568,412,0.94,79.13,44.56,12.69,137.32,0.987567201,0.123351008,-0.024917412,-0.094205494,0.6145966,-0.9623448,0.8578567
seq-01/frame-000265,1,0.00340328,0.083659,1373,714,564,0.91,72.30,49.85,7.99,131.05,0.987068914,0.125400514,-0.030827505,-0.094970180,0.6163814,-0.9559950,0.8579971
seq-01/frame-000266,1,0.00476498,0.173815,1446,771,603,1.26,82.07,50.59,10.10,144.03,0.986789468,0.125692295,-0.034113146,-0.096355003,0.6137350,-0.9559013,0.8540434
seq-01/frame-000267,1,0.00446927,0.180539,1303,692,522,0.92,95.48,48.15,11.60,156.16,0.986695718,0.124750382,-0.038566449,-0.096858309,0.6126277,-0.9582321,0.8526357
seq-01/frame-000268,1,0.00502223,0.185101,1454,773,585,1.87,101.00,40.38,6.07,149.33,0.986064844,0.125004527,-0.048476278,-0.098488792,0.6110185,-0.9566645,0.8495660
seq-01/frame-000269,1,0.00359048,0.052230,1400,718,554,1.01,81.34,48.56,11.04,141.96,0.985482693,0.126463671,-0.054094497,-0.099521791,0.6163731,-0.9516199,0.8496028
seq-01/frame-000270,1,0.00562082,0.073074,1333,615,465,0.92,93.72,44.22,7.76,146.62,0.985137012,0.126131938,-0.059622925,-0.100204338,0.6192129,-0.9522905,0.8499376
seq-01/frame-000271,1,0.00269491,0.141225,1402,678,506,0.91,94.00,46.90,9.31,151.13,0.984893288,0.126340670,-0.063136245,-0.100185133,0.6107303,-0.9553406,0.8494098
seq-01/frame-000272,1,0.00363347,0.159665,1670,795,620,0.95,78.28,81.42,13.71,174.36,0.984441917,0.127125372,-0.067551272,-0.100747592,0.6098373,-0.9523563,0.8449720
seq-01/frame-000273,1,0.00742123,0.269981,1517,748,571,1.73,91.62,88.22,16.41,197.98,0.984377794,0.125498297,-0.070196013,-0.101602445,0.6042128,-0.9546054,0.8440728
seq-01/frame-000274,1,0.00286181,0.058489,1397,657,497,0.92,72.40,70.47,11.34,155.13,0.983706984,0.126108148,-0.076710999,-0.102629075,0.6094190,-0.9545203,0.8452646
seq-01/frame-000275,1,0.00336914,0.152687,1614,795,610,0.94,81.08,85.71,11.47,179.20,0.983237914,0.126483616,-0.080979986,-0.103379599,0.6070229,-0.9551260,0.8434803
seq-01/frame-000276,1,0.00249642,0.095287,1871,897,683,0.96,106.54,76.88,8.11,192.49,0.982773815,0.126990471,-0.084460339,-0.104381508,0.6071215,-0.9498973,0.8425289
seq-01/frame-000277,1,0.00717510,0.217150,1597,793,589,0.95,109.86,64.12,23.43,198.36,0.982698769,0.124990779,-0.087592177,-0.104919229,0.6046088,-0.9561038,0.8405415
seq-01/frame-000278,1,0.00671542,0.190749,1628,771,547,0.97,119.21,71.98,20.48,212.63,0.982121464,0.125934008,-0.091764388,-0.105628367,0.6018755,-0.9540897,0.8398200
seq-01/frame-000279,1,0.00480879,0.118153,1960,951,708,1.12,110.88,92.41,9.90,214.31,0.981508667,0.126438367,-0.096369256,-0.106616334,0.6049495,-0.9514930,0.8394404
seq-01/frame-000280,1,0.00487503,0.060827,2029,962,720,0.95,129.45,85.18,12.00,227.60,0.981063379,0.126160673,-0.099900340,-0.107787069,0.6081593,-0.9519982,0.8417378
seq-01/frame-000281,1,0.00802093,0.279889,1720,801,599,0.97,124.13,71.59,12.13,208.82,0.981046516,0.124632710,-0.101960795,-0.107788759,0.5989839,-0.9587371,0.8412651
seq-01/frame-000282,1,0.00577134,0.179003,1721,808,603,0.98,103.73,81.61,11.75,198.08,0.980379730,0.126082323,-0.105884365,-0.108385119,0.5979050,-0.9531799,0.8380800
seq-01/frame-000283,1,0.00482708,0.118274,1892,846,624,0.96,114.74,81.09,10.15,206.94,0.979848220,0.126173421,-0.109937008,-0.109048555,0.5986323,-0.9511204,0.8384276
seq-01/frame-000284,1,0.00597518,0.158492,1881,863,654,0.98,121.15,77.14,10.70,209.97,0.979345946,0.126383793,-0.112867682,-0.110315645,0.5955588,-0.9506878,0.8392119
seq-01/frame-000285,1,0.00399228,0.089202,1770,843,611,2.13,104.66,68.17,7.21,182.19,0.978681321,0.127372854,-0.117038219,-0.110729775,0.5966547,-0.9481984,0.8397843
seq-01/frame-000286,1,0.00581403,0.173338,1878,831,618,2.22,119.88,64.89,20.52,207.51,0.978374574,0.126254667,-0.120573450,-0.110927886,0.5938911,-0.9489876,0.8376186
seq-01/frame-000287,1,0.00710583,0.221800,1887,836,610,3.49,102.89,82.33,12.12,200.84,0.977928342,0.125339896,-0.123789200,-0.112349017,0.5896974,-0.9490845,0.8382990
seq-01/frame-000288,1,0.00589086,0.063489,1826,816,594,3.62,108.23,80.30,15.14,207.29,0.977197333,0.125344260,-0.129079927,-0.112749993,0.5943795,-0.9505801,0.8385714
seq-01/frame-000289,1,0.01064494,0.294912,1836,779,552,1.29,95.27,68.23,18.21,183.00,0.976986654,0.124751195,-0.131268419,-0.112706781,0.5847565,-0.9519467,0.8359803
seq-01/frame-000290,1,0.00589426,0.052319,1683,752,554,1.29,109.60,65.41,11.15,187.45,0.975838868,0.126312242,-0.137121853,-0.113935591,0.5896338,-0.9464589,0.8389451
seq-01/frame-000291,1,0.00821834,0.160881,1760,684,467,1.77,102.09,99.42,11.09,214.37,0.975362946,0.125608693,-0.140812628,-0.114286407,0.5843597,-0.9485853,0.8358839
seq-01/frame-000292,1,0.00414527,0.044532,1713,677,474,2.28,104.00,78.70,12.77,197.76,0.974290245,0.126586736,-0.145992468,-0.115846953,0.5871501,-0.9466159,0.8410893
seq-01/frame-000293,1,0.00531094,0.080851,1720,682,455,0.96,107.24,87.41,11.86,207.49,0.973564374,0.126096998,-0.151153614,-0.115864327,0.5864424,-0.9472313,0.8395919
seq-01/frame-000294,1,0.00426131,0.128719,1614,670,459,0.96,117.17,77.05,13.45,208.64,0.972955708,0.124667791,-0.155728859,-0.116463105,0.5812230,-0.9525085,0.8397131
seq-01/frame-000295,1,0.00385482,0.024840,1562,668,464,0.96,93.29,69.41,17.29,180.96,0.971664247,0.126308214,-0.161234876,-0.117975170,0.5806743,-0.9480539,0.8396504
seq-01/frame-000296,1,0.00476357,0.078097,1732,724,497,1.01,107.71,77.67,6.75,193.14,0.970855676,0.126296164,-0.165619477,-0.118569490,0.5774891,-0.9462918,0.8357797
seq-01/frame-000297,1,0.00972786,0.163570,1618,750,532,0.95,109.98,63.14,12.39,186.47,0.969621832,0.125686938,-0.171858354,-0.120420108,0.5807752,-0.9473949,0.8332678
seq-01/frame-000298,1,0.01153784,0.172396,1455,603,423,1.18,110.72,63.58,10.80,186.29,0.968449131,0.125406367,-0.178311262,-0.120766793,0.5795321,-0.9503023,0.8352627
seq-01/frame-000299,1,0.00731099,0.049232,1600,719,509,0.96,107.70,60.90,11.73,181.29,0.967362369,0.127458933,-0.182102581,-0.121667244,0.5713461,-0.9414556,0.8320159
seq-01/frame-000300,1,0.00992666,0.259094,1669,762,548,1.28,113.94,60.27,15.28,190.77,0.965852268,0.124179649,-0.191446603,-0.122707003,0.5655638,-0.9485656,0.8282754
seq-01/frame-000301,1,0.00965656,0.162039,1678,765,544,1.21,85.94,63.25,18.83,169.24,0.964668248,0.124865056,-0.196971187,-0.122581568,0.5652685,-0.9468188,0.8280394
seq-01/frame-000302,1,0.00800929,0.076180,1709,807,585,0.96,107.37,49.38,7.03,164.74,0.963455043,0.126642933,-0.201254217,-0.123339729,0.5631707,-0.9403140,0.8254141
seq-01/frame-000303,1,0.00623414,0.114680,1775,841,623,1.22,102.35,61.78,6.90,172.25,0.962485329,0.125767305,-0.206037240,-0.123908165,0.5602910,-0.9428764,0.8270711
seq-01/frame-000304,1,0.00398035,0.089060,1961,995,764,0.95,91.55,97.80,20.91,211.22,0.961173881,0.127217305,-0.210924694,-0.124383685,0.5625769,-0.9414019,0.8327380
seq-01/frame-000305,1,0.00602818,0.066776,2048,950,689,0.96,105.80,67.82,6.62,181.21,0.960726856,0.127442237,-0.213663941,-0.122923168,0.5600041,-0.9380933,0.8245717
seq-01/frame-000306,1,0.00636499,0.085362,1913,901,687,0.96,130.28,67.71,11.86,210.82,0.960075913,0.126091275,-0.218114328,-0.121578663,0.5632674,-0.9401546,0.8257056
seq-01/frame-000307,1,0.00614373,0.112255,2103,931,699,0.97,95.66,65.73,8.29,170.65,0.959354763,0.125606526,-0.221651600,-0.121375482,0.5613095,-0.9383015,0.8238753
seq-01/frame-000308,1,0.00608096,0.124704,2072,959,697,0.96,85.63,79.18,6.58,172.34,0.958456155,0.125242320,-0.225649433,-0.121484541,0.5635777,-0.9384201,0.8248450
seq-01/frame-000309,1,0.01272310,0.173726,1719,768,598,0.89,88.19,53.91,10.20,153.20,0.957025746,0.123002600,-0.232040063,-0.123001992,0.5570566,-0.9265190,0.8122650
seq-01/frame-000310,1,0.00562015,0.186300,2034,992,752,1.01,94.54,85.12,20.14,200.81,0.956049420,0.118923789,-0.237691148,-0.123812586,0.5563644,-0.9374035,0.8222767
seq-01/frame-000311,1,0.00809148,0.106542,2228,1014,751,0.97,91.77,101.76,11.04,205.54,0.954886066,0.119461199,-0.241248621,-0.125382317,0.5588027,-0.9344581,0.8211430
seq-01/frame-000312,1,0.00739271,0.056173,2021,939,715,0.92,97.92,74.12,13.42,186.38,0.953812095,0.120777665,-0.244165548,-0.126642917,0.5573868,-0.9259383,0.8213521
seq-01/frame-000313,1,0.00843533,0.091137,1897,923,668,0.96,74.82,87.30,19.82,182.90,0.951589015,0.118157596,-0.252520873,-0.129423098,0.5523710,-0.9319981,0.8210890
seq-01/frame-000314,1,0.00601512,0.130159,2326,1035,776,0.94,84.40,94.47,18.51,198.31,0.950912066,0.117688224,-0.255213589,-0.129544386,0.5493193,-0.9303193,0.8231841
seq-01/frame-000315,1,0.01052429,0.158895,2213,1051,777,0.94,84.28,94.58,7.98,187.79,0.949970952,0.117738691,-0.257500885,-0.131856308,0.5455265,-0.9263884,0.8237045
seq-01/frame-000316,1,0.00585160,0.163577,1946,928,740,0.89,95.18,82.91,6.94,185.92,0.948728721,0.117363346,-0.261826437,-0.132614391,0.5414492,-0.9389161,0.8341339
seq-01/frame-000317,1,0.00680468,0.052256,2484,1095,800,0.94,99.90,160.89,27.78,289.51,0.946126928,0.122832533,-0.266999947,-0.135893461,0.5370234,-0.9325052,0.8345067
seq-01/frame-000318,1,0.00841357,0.119448,2445,1116,810,0.92,87.47,104.29,6.81,199.50,0.945101164,0.124027794,-0.268910544,-0.138159386,0.5347801,-0.9351399,0.8411580
seq-01/frame-000319,1,0.00730694,0.088737,2299,1142,862,0.92,92.11,196.95,20.83,310.80,0.944678011,0.124716796,-0.269991970,-0.138323938,0.5275226,-0.9384118,0.8402179
seq-01/frame-000320,1,0.00679997,0.159638,2195,1090,826,0.93,105.20,136.97,7.38,250.49,0.943689140,0.124759048,-0.273439840,-0.138262943,0.5223875,-0.9442533,0.8427534
seq-01/frame-000321,1,0.01098133,0.262027,2288,1145,876,0.90,133.19,128.21,23.20,285.51,0.940749239,0.132104808,-0.276835984,-0.144571874,0.5137554,-0.9447899,0.8467005
seq-01/frame-000322,1,0.00516363,0.140932,2027,1093,820,0.90,95.62,125.95,12.58,235.04,0.939363593,0.134445400,-0.279806616,-0.145700828,0.5082257,-0.9474060,0.8530397
seq-01/frame-000323,1,0.00783889,0.156774,2019,981,704,0.92,111.21,115.12,9.76,237.01,0.937953774,0.136528106,-0.283352287,-0.145994096,0.5050041,-0.9456102,0.8517165
seq-01/frame-000324,1,0.00629161,0.124302,2033,1033,815,0.94,144.96,74.40,12.74,233.05,0.935835394,0.137086872,-0.290370757,-0.145272602,0.4962296,-0.9511771,0.8595087
seq-01/frame-000325,1,0.00948138,0.176637,1956,990,733,1.31,155.92,72.16,9.59,238.99,0.934741131,0.137405331,-0.293751525,-0.145219953,0.4902191,-0.9512384,0.8578230
seq-01/frame-000326,1,0.00542692,0.121917,2231,1155,880,0.94,123.73,82.26,14.15,221.09,0.931746785,0.139958894,-0.301219862,-0.146717521,0.4824184,-0.9545578,0.8670213
seq-01/frame-000327,1,0.00609714,0.118174,2055,1018,794,0.95,136.85,86.89,9.61,234.31,0.930425417,0.140629205,-0.304670528,-0.147335803,0.4792600,-0.9534385,0.8682542
seq-01/frame-000328,1,0.00660945,0.114340,2472,1241,961,0.94,129.07,89.85,22.93,242.80,0.928184885,0.142971336,-0.310609588,-0.146811785,0.4748311,-0.9534036,0.8761906
seq-01/frame-000329,1,0.00614555,0.088409,2557,1279,978,0.96,121.03,92.47,13.51,227.97,0.927501439,0.142972954,-0.313146434,-0.145736492,0.4722333,-0.9532220,0.8768229
seq-01/frame-000330,1,0.00670969,0.165206,2626,1310,1002,0.96,99.96,105.21,23.35,229.48,0.927090636,0.142502421,-0.314890087,-0.145052563,0.4678349,-0.9498430,0.8790254
seq-01/frame-000331,1,0.01131875,0.267188,2443,1117,833,0.94,94.48,96.76,11.06,203.23,0.925740604,0.145731829,-0.318354052,-0.142888995,0.4644108,-0.9507366,0.8879825
seq-01/frame-000332,1,0.00503199,0.143298,2677,1293,968,0.96,141.35,113.31,15.36,270.98,0.925331691,0.146179329,-0.320348510,-0.140604757,0.4625416,-0.9545128,0.8882051
seq-01/frame-000333,1,0.00935370,0.228764,2630,1254,948,0.97,135.14,97.18,11.61,244.91,0.925257329,0.141766993,-0.323651671,-0.138023877,0.4590249,-0.9523112,0.8878718
seq-01/frame-000334,1,0.00539644,0.099274,2696,1294,959,1.47,124.69,105.40,8.95,240.52,0.924077767,0.140865961,-0.327582002,-0.137575776,0.4636697,-0.9578973,0.8983236
seq-01/frame-000335,1,0.00279958,0.113060,2009,966,710,1.52,96.48,74.84,8.29,181.14,0.922076035,0.140875045,-0.332861806,-0.138322178,0.4601619,-0.9625609,0.9044275
seq-01/frame-000336,1,0.00930686,0.246340,1873,926,711,1.13,76.56,72.05,6.63,156.37,0.920518197,0.142183094,-0.336560361,-0.138410041,0.4580320,-0.9614122,0.9006766
seq-01/frame-000337,1,0.00515164,0.130928,1585,710,517,0.91,86.57,72.84,6.92,167.24,0.915776540,0.142069586,-0.349732299,-0.137320355,0.4624805,-0.9664476,0.9074559
seq-01/frame-000338,1,0.01112461,0.276286,1816,874,687,0.90,78.87,75.23,12.41,167.41,0.913909436,0.141627231,-0.354464325,-0.138080820,0.4602069,-0.9627168,0.9043946
seq-01/frame-000339,1,0.01615007,0.364559,1657,629,415,0.94,80.11,62.39,10.96,154.40,0.909313058,0.140123728,-0.366505780,-0.138522979,0.4619915,-0.9666231,0.9087002
seq-01/frame-000340,1,0.00361091,0.136451,1649,661,464,0.91,80.00,61.24,16.64,158.78,0.904943761,0.141078687,-0.376982055,-0.138051162,0.4682308,-0.9691034,0.9239660
seq-01/frame-000341,1,0.01725351,0.388706,1689,815,628,0.91,88.44,71.86,7.59,168.79,0.900548892,0.141706558,-0.386374580,-0.140162864,0.4745032,-0.9766256,0.9232064
seq-01/frame-000342,1,0.01776083,0.375187,1337,548,375,0.89,81.47,70.66,7.40,160.42,0.892956147,0.143761749,-0.401490230,-0.144109246,0.4760496,-0.9715331,0.9223054
seq-01/frame-000343,1,0.01539884,0.367655,1861,856,620,0.91,82.83,110.94,7.98,202.66,0.888588002,0.145069971,-0.409992397,-0.145850264,0.4865283,-0.9766750,0.9344916
seq-01/frame-000344,1,0.01735453,0.416183,1411,591,407,0.90,85.68,74.25,14.56,175.38,0.883646076,0.147722263,-0.418875954,-0.147954996,0.4850484,-0.9719044,0.9351204
seq-01/frame-000345,1,0.01177868,0.302796,1744,761,547,0.90,99.18,88.15,6.48,194.71,0.875054197,0.149601016,-0.435607413,-0.148814888,0.5039411,-0.9754651,0.9515403
seq-01/frame-000346,1,0.01275026,0.317506,1347,592,418,0.85,83.81,80.33,13.26,178.26,0.870049566,0.147650034,-0.445537835,-0.150695914,0.5059572,-0.9762200,0.9507107
seq-01/frame-000347,1,0.01740202,0.501123,1303,574,393,0.87,98.13,66.64,8.24,173.89,0.866557289,0.147847013,-0.451469235,-0.152955080,0.5035362,-0.9728302,0.9525287
seq-01/frame-000348,1,0.01517934,0.387373,1512,645,460,0.87,103.53,58.04,5.74,168.19,0.858532281,0.150907440,-0.465580514,-0.152918449,0.5162650,-0.9747187,0.9639313
seq-01/frame-000349,1,0.02595075,0.665481,1770,727,514,0.91,115.19,62.25,17.88,196.23,0.853377049,0.153390989,-0.474060199,-0.153250596,0.5229127,-0.9783872,0.9580674
seq-01/frame-000350,1,0.02135797,0.443971,1353,533,345,1.18,97.41,47.96,7.18,153.74,0.848668110,0.154291188,-0.482089881,-0.153447105,0.5393475,-0.9694324,0.9653121
seq-01/frame-000351,1,0.02926721,0.719429,1178,454,268,0.87,97.76,44.38,7.58,150.59,0.841198362,0.149175686,-0.496268645,-0.154432390,0.5312447,-0.9739226,0.9585857
seq-01/frame-000352,1,0.02154942,0.494273,1150,464,314,0.85,90.23,35.87,5.57,132.52,0.832960191,0.146243946,-0.512499697,-0.148775299,0.5486863,-0.9752932,0.9667585
seq-01/frame-000353,1,0.02221104,0.520102,1261,518,355,0.86,71.02,44.89,5.92,122.69,0.824069400,0.144697288,-0.527788455,-0.146327254,0.5514784,-0.9786917,0.9809389
seq-01/frame-000354,1,0.02307975,0.522628,1444,571,399,0.88,81.08,46.31,6.98,135.25,0.819251613,0.144557017,-0.536285118,-0.142577469,0.5599390,-0.9740875,0.9799362
seq-01/frame-000355,1,0.01666437,0.377735,1296,526,341,0.87,75.32,55.49,10.85,142.54,0.811845125,0.140633702,-0.549090114,-0.140106037,0.5668584,-0.9802354,0.9951823
seq-01/frame-000356,1,0.02337154,0.511775,1335,537,371,0.85,70.08,38.92,18.91,128.78,0.804711399,0.143372612,-0.560260489,-0.134134421,0.5744368,-0.9746017,0.9999274
seq-01/frame-000357,1,0.02398419,0.589739,975,349,227,0.78,63.20,35.07,8.57,107.62,0.798172448,0.145335218,-0.569775240,-0.130975549,0.5696285,-0.9847026,0.9999407
seq-01/frame-000358,1,0.03322410,0.714834,1556,661,470,0.83,80.33,56.68,6.39,144.22,0.792951644,0.150316357,-0.577254399,-0.124137187,0.5833843,-0.9838757,0.9823416
seq-01/frame-000359,1,0.02598961,0.581986,1123,402,238,1.11,58.84,34.28,6.20,100.43,0.782363967,0.155270144,-0.590210544,-0.124295288,0.5805664,-0.9724065,0.9802677
seq-01/frame-000360,1,0.03843648,0.759128,1176,447,296,0.84,73.75,42.62,6.43,123.65,0.775167749,0.152461743,-0.598195150,-0.134286786,0.5812042,-0.9716179,0.9654451
seq-01/frame-000361,1,0.01948676,0.272675,1108,400,233,0.81,71.96,35.69,10.76,119.23,0.766414885,0.151402036,-0.609381363,-0.135425265,0.5884180,-0.9669065,0.9826790
seq-01/frame-000362,1,0.02233578,0.553180,1300,482,326,1.18,81.80,36.72,6.34,126.04,0.758888319,0.146379762,-0.618787536,-0.140582607,0.5745652,-0.9671088,0.9749022
seq-01/frame-000363,1,0.02477621,0.341941,1331,504,329,0.84,70.05,43.88,7.22,121.98,0.751463067,0.142987032,-0.627305604,-0.146101494,0.5889871,-0.9587486,0.9888586
seq-01/frame-000364,1,0.05278132,1.109481,1397,507,323,0.88,74.19,39.05,11.12,125.24,0.750906925,0.139509536,-0.628057050,-0.149064489,0.5696597,-0.9564754,0.9447994
seq-01/frame-000365,1,0.02980103,0.617257,2023,707,445,0.97,102.68,64.59,9.65,177.89,0.743020794,0.141108721,-0.636658032,-0.150582135,0.5883673,-0.9508858,0.9800452
seq-01/frame-000366,1,0.02540995,0.465382,1955,744,461,0.88,84.36,63.65,8.51,157.40,0.740902201,0.142780153,-0.639072763,-0.149210458,0.5994135,-0.9594986,0.9785601
seq-01/frame-000367,1,0.04046302,0.613978,1139,355,207,0.82,80.68,46.80,7.81,136.12,0.739298522,0.140280058,-0.642332043,-0.145494835,0.6344446,-0.9303938,1.0030387
seq-01/frame-000368,1,0.02784527,0.611554,1877,653,425,0.87,86.85,61.71,7.62,157.04,0.740369977,0.131256013,-0.640069346,-0.157909429,0.6252898,-0.9528423,0.9725713
seq-01/frame-000369,1,0.02749845,0.430400,1065,367,216,0.80,62.36,42.47,10.98,116.61,0.741652508,0.134379219,-0.636981471,-0.161704634,0.6477896,-0.9287153,0.9969469
seq-01/frame-000370,1,0.02264807,0.288479,1981,752,491,0.89,93.68,81.94,5.95,182.47,0.745389732,0.126223711,-0.632032935,-0.170282387,0.6435447,-0.9472239,0.9938278
seq-01/frame-000371,1,0.01947019,0.324791,2222,772,496,0.96,91.57,68.41,12.96,173.91,0.746963328,0.122447310,-0.630002817,-0.173634370,0.6440085,-0.9533443,0.9903159
seq-01/frame-000372,1,0.02781555,0.548074,2144,790,499,0.92,80.97,75.32,6.63,163.85,0.749273948,0.120576127,-0.626875981,-0.176285147,0.6460348,-0.9545701,0.9715156
seq-01/frame-000373,1,0.03120733,0.495753,1921,723,465,0.88,102.25,61.43,10.05,174.61,0.749239730,0.120870689,-0.626644778,-0.177049219,0.6588379,-0.9423176,0.9842740
seq-01/frame-000374,1,0.02746965,0.548997,2161,814,513,0.91,101.39,79.02,7.98,189.30,0.750614910,0.115767394,-0.624831507,-0.180999325,0.6504697,-0.9458872,0.9805089
seq-01/frame-000375,1,0.01920377,0.233943,1880,710,477,0.87,95.91,64.56,12.89,174.24,0.749059447,0.114297865,-0.626264450,-0.183408782,0.6577040,-0.9424439,1.0040746
seq-01/frame-000376,1,0.01946795,0.417375,2084,790,507,1.24,102.67,88.95,15.79,208.66,0.751996508,0.108704477,-0.621571078,-0.190614753,0.6541247,-0.9437167,0.9794621
seq-01/frame-000377,1,0.02513022,0.367573,1715,636,430,0.84,74.23,62.59,8.78,146.44,0.751911024,0.106227359,-0.621373695,-0.192977437,0.6616651,-0.9325242,0.9863349
seq-01/frame-000378,1,0.02594088,0.407261,1828,702,475,0.84,85.27,60.26,6.29,152.66,0.751462136,0.103358924,-0.620718757,-0.198317461,0.6582564,-0.9303934,0.9873699
seq-01/frame-000379,1,0.02455339,0.333319,1506,595,404,0.79,82.48,51.64,5.29,140.22,0.750215972,0.099110038,-0.621393368,-0.203035656,0.6583882,-0.9247516,0.9785899
seq-01/frame-000380,1,0.02548675,0.247123,1722,672,479,0.82,80.70,64.57,5.95,152.05,0.746600415,0.094683616,-0.624268416,-0.209551374,0.6618227,-0.9281958,0.9815912
seq-01/frame-000381,1,0.02862046,0.362957,1556,630,426,0.81,67.24,47.92,7.37,123.34,0.746945374,0.090083706,-0.622558235,-0.215357325,0.6551810,-0.9198375,0.9584291
seq-01/frame-000382,1,0.04644120,0.665622,1608,645,452,0.83,79.43,54.71,8.99,143.96,0.739062570,0.087568587,-0.631405234,-0.217820318,0.6671144,-0.9256595,1.0061581
seq-01/frame-000383,1,0.03626468,0.545936,1339,514,353,0.78,91.29,42.91,5.63,140.62,0.739690185,0.085086186,-0.628721977,-0.224337795,0.6512643,-0.9019300,0.9849137
seq-01/frame-000384,1,0.02397144,0.086952,1757,700,493,0.83,85.35,54.94,7.17,148.29,0.738887754,0.079170699,-0.627856952,-0.231457416,0.6459315,-0.9147035,0.9599365
seq-01/frame-000385,1,0.02717938,0.221848,1607,603,437,1.18,96.97,61.40,15.53,175.08,0.737697095,0.077835762,-0.627832962,-0.235733669,0.6443639,-0.8986830,0.9468308
seq-01/frame-000386,1,0.02553392,0.058466,1076,452,315,0.76,70.18,32.02,9.15,112.11,0.737927801,0.070500260,-0.625911138,-0.242337616,0.6475392,-0.9048764,0.9522802
seq-01/frame-000387,1,0.02273533,0.063999,1523,608,439,0.84,88.54,61.98,5.21,156.58,0.738609124,0.065760169,-0.622508843,-0.250229701,0.6288934,-0.9012624,0.9463830
seq-01/frame-000388,1,0.01306503,0.352533,1870,699,486,0.93,99.87,61.73,5.75,168.29,0.739775394,0.064131996,-0.619574251,-0.254454715,0.6081660,-0.8959095,0.9379284
seq-01/frame-000389,1,0.02408594,0.321328,1646,658,461,0.84,93.66,57.82,5.50,157.82,0.739202196,0.063356797,-0.620427079,-0.254236640,0.6111829,-0.8859597,0.9431135
seq-01/frame-000390,1,0.01963766,0.372673,1962,743,502,0.91,87.90,71.45,6.96,167.23,0.740588405,0.060171375,-0.616806671,-0.259726301,0.5935198,-0.8896075,0.9168713
seq-01/frame-000391,1,0.02646703,0.310514,1681,659,468,0.85,95.04,58.29,7.67,161.86,0.737930949,0.058778003,-0.619834490,-0.260400203,0.5969263,-0.8807047,0.9361361
seq-01/frame-000392,1,0.02073047,0.144612,1981,747,521,1.23,82.68,74.03,22.70,180.65,0.739465872,0.053186818,-0.616886990,-0.264219280,0.5863353,-0.8861839,0.9063669
seq-01/frame-000393,1,0.02252558,0.185651,2027,748,525,0.90,98.05,90.58,5.60,195.13,0.737282483,0.053400655,-0.620481250,-0.261850966,0.5798950,-0.8749072,0.9144235
seq-01/frame-000394,1,0.02170165,0.112878,1910,727,492,0.89,92.76,91.60,13.63,198.88,0.738069254,0.048767649,-0.619448570,-0.262980914,0.5798041,-0.8750332,0.8992492
seq-01/frame-000395,1,0.01850931,0.109222,2017,680,437,0.93,83.76,98.12,5.46,188.28,0.737573703,0.048541922,-0.618119019,-0.267502510,0.5700110,-0.8740700,0.8893393
seq-01/frame-000396,1,0.01881528,0.127319,2089,786,517,0.92,96.37,93.26,9.25,199.80,0.736693369,0.051194820,-0.618456759,-0.268650716,0.5682050,-0.8673170,0.8924241
seq-01/frame-000397,1,0.01689457,0.204082,2121,793,512,0.92,102.25,87.20,19.46,209.83,0.739577645,0.050313736,-0.613505999,-0.272220175,0.5723264,-0.8683966,0.8706215
seq-01/frame-000398,1,0.01993853,0.379612,1839,659,439,0.88,95.73,71.78,9.34,177.73,0.740699270,0.051393727,-0.611073686,-0.274430731,0.5794812,-0.8653438,0.8644543
seq-01/frame-000399,1,0.02557421,0.641466,1343,464,291,0.83,78.13,59.85,7.15,145.96,0.749444159,0.050592566,-0.601648582,-0.271648354,0.5849602,-0.8693773,0.8458093
seq-01/frame-000400,1,0.01580628,0.169027,1389,478,307,0.80,78.50,57.28,7.19,143.78,0.756457116,0.048835203,-0.596225373,-0.264391868,0.6091676,-0.8503568,0.8491317
seq-01/frame-000401,1,0.02010773,0.341738,1708,658,431,0.85,74.93,70.50,13.15,159.43,0.759139033,0.044010068,-0.592385030,-0.266178548,0.6087567,-0.8599217,0.8370994
seq-01/frame-000402,1,0.01062329,0.298787,1846,678,424,0.89,72.53,91.18,12.86,177.48,0.764698863,0.040039576,-0.584690611,-0.267898061,0.6202682,-0.8555290,0.8373720
seq-01/frame-000403,1,0.01501645,0.204302,2313,820,546,0.89,88.00,125.79,9.42,224.10,0.768872896,0.037402012,-0.580816747,-0.264740375,0.6396998,-0.8436484,0.8284679
seq-01/frame-000404,1,0.02406805,0.424980,2195,805,516,0.87,140.62,107.98,10.24,259.71,0.770240937,0.036961821,-0.579547716,-0.263604188,0.6497825,-0.8428849,0.8366198
seq-01/frame-000405,1,0.02600011,0.306429,2267,802,526,1.15,128.71,129.59,12.13,271.58,0.772425841,0.033298169,-0.577510760,-0.262165737,0.6732119,-0.8486469,0.8191979
seq-01/frame-000406,1,0.02988501,0.361693,2252,858,586,0.90,133.54,113.62,10.71,258.77,0.773194464,0.030540169,-0.575991307,-0.263574721,0.6885875,-0.8498240,0.8178983
seq-01/frame-000407,1,0.03762899,0.523081,1990,703,441,1.68,175.60,84.80,11.34,273.43,0.773857841,0.025568264,-0.574467407,-0.265475994,0.7095773,-0.8426149,0.8173920
seq-01/frame-000408,1,0.00968976,0.205100,2455,894,581,0.89,140.67,124.97,14.82,281.35,0.778942996,0.021053542,-0.567029826,-0.266986393,0.6942126,-0.8321340,0.7967078
seq-01/frame-000409,1,0.01399269,0.180932,2170,786,504,1.10,148.46,108.41,14.73,272.72,0.779868345,0.018416624,-0.565392179,-0.267951257,0.7135105,-0.8334662,0.7925145
seq-01/frame-000410,1,0.00783689,0.082305,2498,890,576,0.94,175.98,97.41,6.90,281.23,0.782903615,0.014890506,-0.561180550,-0.268172692,0.7097288,-0.8417160,0.7932617
seq-01/frame-000411,1,0.01353569,0.290558,2433,851,541,0.91,172.62,98.57,11.23,283.34,0.782774390,0.015580976,-0.560678895,-0.269556423,0.7221941,-0.8389950,0.8027228
seq-01/frame-000412,1,0.01571310,0.205336,2661,872,574,1.65,139.87,98.83,15.81,256.15,0.784363107,0.015142380,-0.559591007,-0.267213642,0.7316263,-0.8368757,0.7968451
seq-01/frame-000413,1,0.01007125,0.139565,2608,946,626,2.83,96.19,92.76,18.36,210.14,0.783045621,0.012261226,-0.561199987,-0.267850319,0.7400936,-0.8409949,0.8002760
seq-01/frame-000414,1,0.01244099,0.150560,2694,956,588,0.94,112.66,110.10,7.30,231.01,0.782495514,0.009635596,-0.562721802,-0.266368352,0.7470072,-0.8484600,0.8062666
seq-01/frame-000415,1,0.02006008,0.225685,2472,861,547,0.88,115.99,105.98,6.05,228.91,0.779817107,0.007588436,-0.567112397,-0.264974007,0.7708903,-0.8443245,0.8148168
seq-01/frame-000416,1,0.01924792,0.185981,2649,876,573,0.93,102.89,92.47,6.27,202.55,0.776356255,0.004482180,-0.569971412,-0.269041753,0.7772589,-0.8533153,0.8247982
seq-01/frame-000417,1,0.01596964,0.210062,2641,882,554,1.07,125.89,116.28,11.47,254.71,0.776670875,0.005127501,-0.568538085,-0.271146650,0.7864671,-0.8479311,0.8368662
seq-01/frame-000418,1,0.00884987,0.225922,2685,937,575,0.96,110.96,104.77,7.51,224.20,0.777005820,0.003499421,-0.568630146,-0.270017530,0.7955783,-0.8492763,0.8299568
seq-01/frame-000419,1,0.01343903,0.211856,2750,916,585,0.97,102.88,111.14,7.09,222.09,0.775425440,0.003420383,-0.570980495,-0.269601488,0.8135097,-0.8516981,0.8479425
seq-01/frame-000420,1,0.01284799,0.192147,2679,914,574,0.93,115.02,110.14,11.28,237.37,0.775385606,0.004644552,-0.571554395,-0.268479354,0.8305142,-0.8528037,0.8573277
seq-01/frame-000421,1,0.00801682,0.132916,2684,934,594,0.96,118.37,114.44,8.14,241.92,0.776456994,0.002581103,-0.570577337,-0.267487155,0.8401930,-0.8615769,0.8610428
seq-01/frame-000422,1,0.01554697,0.166653,2713,916,605,0.94,126.07,117.97,8.23,253.21,0.775924051,0.002359297,-0.572032306,-0.265923563,0.8630320,-0.8596061,0.8748708
seq-01/frame-000423,1,0.01007235,0.120641,2478,895,571,1.48,100.28,73.79,9.45,185.00,0.777481142,0.002351030,-0.569617768,-0.266557958,0.8802031,-0.8534925,0.8723098
seq-01/frame-000424,1,0.01101562,0.189195,2574,920,590,0.93,100.00,93.06,10.66,204.66,0.778032212,-0.003042249,-0.568460866,-0.267411416,0.8863387,-0.8632668,0.8825984
seq-01/frame-000425,1,0.01096072,0.226711,2759,939,588,0.94,107.43,81.89,6.44,196.71,0.780878804,-0.004871544,-0.565133548,-0.266136494,0.8975432,-0.8646051,0.8801087
seq-01/frame-000426,1,0.00847152,0.235482,2618,869,551,0.93,99.79,102.17,8.25,211.13,0.783705027,-0.005460838,-0.562476649,-0.263432397,0.9070037,-0.8653547,0.8838489
seq-01/frame-000427,1,0.01180885,0.119623,2497,854,539,1.23,85.67,81.21,9.53,177.64,0.786351761,-0.008009905,-0.559732875,-0.261315631,0.9236853,-0.8726267,0.8881011
seq-01/frame-000428,1,0.01685806,0.447260,2435,830,506,1.54,101.36,73.01,7.22,183.13,0.790756848,-0.005222163,-0.553967517,-0.260377277,0.9285722,-0.8592731,0.8928452
seq-01/frame-000429,1,0.00891369,0.209664,2696,947,624,0.90,96.31,95.32,10.00,202.53,0.793727362,-0.008669165,-0.550350786,-0.258912596,0.9370888,-0.8742298,0.8871033
seq-01/frame-000430,1,0.00882422,0.258252,2671,901,580,0.95,104.72,102.11,16.74,224.52,0.799689782,-0.004209060,-0.543548283,-0.255017254,0.9541541,-0.8637306,0.8792937
seq-01/frame-000431,1,0.01433085,0.360983,2497,866,563,0.90,94.69,75.47,10.71,181.77,0.802514878,-0.002976564,-0.540277460,-0.253103295,0.9641209,-0.8654803,0.8778616
seq-01/frame-000432,1,0.00592837,0.269954,2635,922,603,0.94,109.13,69.07,6.58,185.73,0.806444077,-0.002552401,-0.535286240,-0.251217192,0.9830244,-0.8676505,0.8659962
seq-01/frame-000433,1,0.00706589,0.115248,2458,822,536,0.95,97.75,80.15,6.18,185.03,0.810003503,-0.003790793,-0.531561018,-0.247634486,0.9975434,-0.8728453,0.8655911
seq-01/frame-000434,1,0.00473235,0.223479,2455,898,610,0.91,88.28,81.02,6.56,176.77,0.814553661,-0.002503574,-0.525319550,-0.246039500,1.0092635,-0.8580684,0.8571025
seq-01/frame-000435,1,0.00630406,0.174625,2186,807,557,0.86,98.97,78.95,5.65,184.43,0.817857152,-0.005300714,-0.520155298,-0.246008226,1.0250627,-0.8550450,0.8554078
seq-01/frame-000436,1,0.00798919,0.250280,1996,689,473,0.87,89.61,63.79,12.55,166.83,0.822052795,-0.006624354,-0.513262252,-0.246469432,1.0380304,-0.8547824,0.8548312
seq-01/frame-000437,1,0.00496562,0.219569,1878,673,458,0.87,94.65,64.02,10.92,170.46,0.827144544,-0.008671353,-0.505953822,-0.244473803,1.0502300,-0.8649067,0.8523301
seq-01/frame-000438,1,0.01404783,0.375456,1823,685,460,0.88,77.46,64.66,14.37,157.37,0.832731629,-0.005370982,-0.498592799,-0.240695671,1.0680326,-0.8504157,0.8488826
seq-01/frame-000439,1,0.00610367,0.227039,2031,718,504,0.88,90.55,77.24,5.48,174.15,0.835002979,-0.007744294,-0.495292151,-0.239574072,1.0752722,-0.8593346,0.8477591
seq-01/frame-000440,1,0.00701486,0.227833,2066,821,576,0.85,86.14,79.65,6.48,173.13,0.841548106,-0.008676596,-0.486157459,-0.235313467,1.0910885,-0.8528952,0.8394836
seq-01/frame-000441,1,0.00398741,0.055362,2102,831,588,0.87,83.61,73.92,8.68,167.08,0.842603768,-0.012130825,-0.484487291,-0.234827166,1.0966954,-0.8662707,0.8442411
seq-01/frame-000442,1,0.00411643,0.076877,2080,878,638,0.89,87.05,85.65,12.22,185.80,0.845585729,-0.011270935,-0.479937301,-0.233490747,1.1060853,-0.8646979,0.8457825
seq-01/frame-000443,1,0.01045100,0.281666,1741,754,536,0.85,74.35,60.59,5.42,141.22,0.848735636,-0.008732729,-0.475166402,-0.231923371,1.1064389,-0.8698752,0.8453288
seq-01/frame-000444,1,0.00385167,0.106588,1514,617,434,0.81,76.53,52.13,5.43,134.90,0.852422579,-0.005051098,-0.471486796,-0.225943430,1.1141835,-0.8862489,0.8456839
seq-01/frame-000445,1,0.00269302,0.096296,1491,636,470,0.82,76.22,51.60,5.72,134.37,0.855291535,-0.000549444,-0.469915429,-0.218301576,1.1218250,-0.8960829,0.8508708
seq-01/frame-000446,1,0.00482813,0.069365,1952,880,649,0.85,85.60,81.45,9.35,177.26,0.858190935,0.006425672,-0.468245080,-0.210270243,1.1342049,-0.8986062,0.8547093
seq-01/frame-000447,1,0.00607870,0.111193,1757,768,573,0.91,77.12,70.84,6.41,155.28,0.859218096,0.012262128,-0.468494930,-0.205198451,1.1410846,-0.9051259,0.8655847
seq-01/frame-000448,1,0.00570082,0.146308,2604,1147,851,0.91,87.25,93.69,16.23,198.08,0.860735933,0.017529358,-0.466943928,-0.201964706,1.1505699,-0.9053483,0.8654716
seq-01/frame-000449,1,0.00817717,0.148671,2115,958,737,0.88,99.35,74.42,6.13,180.79,0.860866066,0.017614017,-0.466746086,-0.201859984,1.1509167,-0.9120753,0.8714868
seq-01/frame-000450,1,0.01201558,0.241740,1350,512,344,0.80,71.19,53.83,6.68,132.52,0.863140036,0.026555923,-0.463353779,-0.198965667,1.1563946,-0.9195642,0.8927093
seq-01/frame-000451,1,0.00728801,0.156246,1438,607,429,0.90,79.86,59.52,5.56,145.84,0.867511211,0.031441490,-0.458000107,-0.191498391,1.1616759,-0.9299619,0.8936270
seq-01/frame-000452,1,0.01944951,0.407171,1329,486,327,1.40,69.75,50.78,9.02,130.95,0.870452832,0.041840543,-0.453009000,-0.188000217,1.1679247,-0.9292273,0.8981295
seq-01/frame-000453,1,0.01671640,0.375743,1668,782,592,0.84,82.03,52.41,7.95,143.24,0.875503426,0.048935414,-0.444467105,-0.183161318,1.1732221,-0.9340620,0.8965948
seq-01/frame-000454,1,0.01169664,0.260190,1293,568,394,0.81,81.79,46.68,8.55,137.84,0.878299243,0.053098503,-0.440336327,-0.178535455,1.1717607,-0.9465107,0.9105433
seq-01/frame-000455,1,0.02415284,0.518411,1336,602,438,0.81,75.13,50.68,11.70,138.33,0.880904501,0.057929754,-0.435231973,-0.176704651,1.1746123,-0.9422348,0.8986896
seq-01/frame-000456,1,0.01813318,0.377893,1193,471,318,0.79,61.67,46.67,10.77,119.91,0.884302718,0.065084837,-0.429253864,-0.171795775,1.1764414,-0.9543359,0.9122368
seq-01/frame-000457,1,0.01648016,0.326079,1513,763,603,0.83,72.80,59.94,6.03,139.60,0.888937244,0.073223005,-0.421255147,-0.164234800,1.1764566,-0.9591940,0.9019645
seq-01/frame-000458,1,0.01280437,0.208208,1564,804,634,0.84,81.58,40.52,8.15,131.09,0.890364145,0.073175286,-0.419714700,-0.160426423,1.1726878,-0.9706827,0.9021648
seq-01/frame-000459,1,0.01802763,0.338629,1381,726,555,0.83,86.28,43.08,7.13,137.32,0.892576426,0.080458056,-0.416335437,-0.153292626,1.1706347,-0.9712813,0.9013890
seq-01/frame-000460,1,0.01720067,0.351421,1954,1079,870,0.87,88.88,55.76,7.09,152.60,0.895429744,0.086775450,-0.410990296,-0.147521426,1.1626098,-0.9719267,0.8873345
seq-01/frame-000461,1,0.01425376,0.294393,2053,1074,861,0.89,119.37,64.26,6.64,191.16,0.897113159,0.087062486,-0.408254229,-0.144694806,1.1557574,-0.9761929,0.8824730
seq-01/frame-000462,1,0.01541503,0.315615,2226,1152,935,0.92,117.98,74.66,8.98,202.54,0.899439833,0.089211171,-0.405063899,-0.137741034,1.1445811,-0.9793405,0.8694330
seq-01/frame-000463,1,0.01573224,0.323855,2360,1236,986,0.92,142.71,87.20,9.60,240.42,0.901646649,0.089690810,-0.401782308,-0.132513603,1.1347539,-0.9801570,0.8634848
seq-01/frame-000464,1,0.01152369,0.219540,2192,1187,969,0.92,97.08,68.76,6.67,173.43,0.902305802,0.089181691,-0.401292044,-0.129828964,1.1291130,-0.9821599,0.8575918
seq-01/frame-000465,1,0.01167347,0.217582,2290,1210,962,0.93,124.68,83.21,9.02,217.83,0.902704108,0.087680449,-0.401395904,-0.127744905,1.1167537,-0.9813878,0.8531014
seq-01/frame-000466,1,0.01604524,0.307089,2260,1198,960,0.93,99.61,79.37,7.93,187.84,0.903365536,0.088332282,-0.400184811,-0.126412949,1.1095173,-0.9790661,0.8467169
seq-01/frame-000467,1,0.01549002,0.248272,2180,1139,921,0.92,87.86,89.44,17.81,196.03,0.904473392,0.085286703,-0.399115935,-0.123937611,1.0960174,-0.9834949,0.8364617
seq-01/frame-000468,1,0.01471612,0.259680,2203,1197,981,0.95,97.50,78.54,6.54,183.53,0.904405197,0.085645395,-0.399546198,-0.122796340,1.0879347,-0.9797438,0.8361147
seq-01/frame-000469,1,0.01071203,0.198260,2138,1156,941,0.93,106.39,74.08,6.65,188.05,0.904373148,0.085351457,-0.399320716,-0.123964927,1.0751781,-0.9841930,0.8373339
seq-01/frame-000470,1,0.01896681,0.362090,2088,1113,890,0.88,79.97,88.54,10.30,179.71,0.903162816,0.088235112,-0.401026985,-0.125255137,1.0582604,-0.9803584,0.8348514
seq-01/frame-000471,1,0.02001981,0.390542,2203,1170,946,0.91,88.22,78.13,6.85,174.12,0.902544034,0.090662183,-0.401669562,-0.125921398,1.0525197,-0.9766967,0.8373649
seq-01/frame-000472,1,0.01792513,0.319641,2154,1124,894,0.91,91.84,65.34,6.20,164.30,0.902734317,0.091040776,-0.400445791,-0.128162003,1.0346053,-0.9782707,0.8344327
seq-01/frame-000473,1,0.01396711,0.240948,2104,1110,883,0.88,74.87,66.38,9.78,151.91,0.902284033,0.090196651,-0.401200232,-0.129562581,1.0275275,-0.9781197,0.8384270
seq-01/frame-000474,1,0.01883617,0.343967,2069,1079,853,0.90,97.12,84.61,6.28,188.91,0.901309785,0.088852425,-0.403480446,-0.130190046,1.0063739,-0.9793850,0.8497851
seq-01/frame-000475,1,0.01653201,0.354393,2053,1079,834,0.90,101.65,86.40,6.40,195.35,0.900559521,0.089898558,-0.405391383,-0.128719168,0.9980645,-0.9780356,0.8571234
seq-01/frame-000476,1,0.01622378,0.331303,1865,913,706,0.84,90.66,67.33,9.17,168.01,0.899110608,0.090136269,-0.409462336,-0.125762326,0.9793794,-0.9815793,0.8721719
seq-01/frame-000477,1,0.01171497,0.293100,1750,842,653,0.84,97.19,70.53,5.72,174.28,0.896314730,0.094633577,-0.416368581,-0.119589283,0.9591117,-0.9879449,0.8895017
seq-01/frame-000478,1,0.01615909,0.324609,1971,955,736,0.85,93.28,72.17,9.38,175.68,0.896125988,0.094244534,-0.416971859,-0.119208434,0.9499840,-0.9866367,0.8811520
seq-01/frame-000479,1,0.01515833,0.296467,1945,930,701,0.87,90.00,63.97,6.14,160.98,0.893337465,0.090802186,-0.422138165,-0.124509058,0.9259823,-0.9974722,0.9035050
seq-01/frame-000480,1,0.01839198,0.381564,1934,919,707,0.86,86.94,60.15,13.56,161.52,0.891012779,0.092935236,-0.427201968,-0.122301877,0.9010959,-1.0073634,0.9180627
seq-01/frame-000481,1,0.02080112,0.394788,2092,973,731,0.90,76.49,74.24,12.68,164.31,0.890372153,0.093381858,-0.428543191,-0.121934374,0.8921396,-1.0119822,0.9206126
seq-01/frame-000482,1,0.01854228,0.338599,2026,928,728,0.86,89.81,69.95,9.58,170.21,0.888580983,0.093248118,-0.431945654,-0.123091745,0.8741894,-1.0095777,0.9316942
seq-01/frame-000483,1,0.02183783,0.423615,2293,1032,787,0.90,98.08,82.67,9.41,191.07,0.887179822,0.092446500,-0.433646672,-0.127734769,0.8533803,-1.0160269,0.9510229
seq-01/frame-000484,1,0.01559165,0.306745,2287,1018,778,1.06,110.53,84.19,7.06,202.84,0.886132773,0.093920427,-0.435198371,-0.128646958,0.8457585,-1.0189742,0.9648713
seq-01/frame-000485,1,0.02002667,0.371519,2251,1003,753,0.90,97.33,82.68,8.02,188.94,0.886214175,0.094425465,-0.433757202,-0.132525311,0.8282524,-1.0181224,0.9648432
seq-01/frame-000486,1,0.01963577,0.397792,2208,988,762,0.89,109.91,79.49,10.93,201.23,0.885461363,0.094258326,-0.434397083,-0.135545998,0.8046402,-1.0265707,0.9760309
seq-01/frame-000487,1,0.01769444,0.347692,2361,1012,749,0.91,107.86,69.22,10.61,188.61,0.884390589,0.095976056,-0.435998328,-0.136188619,0.8007071,-1.0255254,0.9847945
seq-01/frame-000488,1,0.01368100,0.300259,2373,1024,747,0.93,107.09,89.85,22.89,220.75,0.884637331,0.097681384,-0.434527198,-0.138062500,0.7810974,-1.0287815,0.9904194
seq-01/frame-000489,1,0.01638493,0.318929,2385,1016,760,0.91,101.99,69.87,11.14,183.92,0.884989547,0.094001729,-0.433996884,-0.140013860,0.7624791,-1.0288098,0.9915691
seq-01/frame-000490,1,0.01346483,0.290689,2476,1081,778,0.91,99.95,69.23,6.90,177.00,0.884883136,0.093993250,-0.434073886,-0.140452718,0.7531668,-1.0242098,0.9979203
seq-01/frame-000491,1,0.01240571,0.252694,2413,1011,743,0.92,91.04,79.84,10.40,182.21,0.884917789,0.092512573,-0.434140213,-0.141011368,0.7338364,-1.0232879,1.0072564
seq-01/frame-000492,1,0.01674684,0.392319,2468,1040,732,0.93,104.45,79.07,10.37,194.82,0.886585962,0.093717535,-0.430511528,-0.140862275,0.7098599,-1.0162013,1.0075603
seq-01/frame-000493,1,0.01509545,0.329260,2368,1013,729,0.93,88.12,93.47,6.31,188.84,0.887512552,0.093227521,-0.428856032,-0.140401580,0.6996590,-1.0167004,1.0115935
seq-01/frame-000494,1,0.01416655,0.305313,2412,1033,742,0.92,107.35,75.36,8.17,191.82,0.889907308,0.095237696,-0.424527928,-0.137006581,0.6731882,-1.0140227,1.0151739
seq-01/frame-000495,1,0.02081785,0.443362,2330,982,690,0.94,103.25,77.03,6.61,187.82,0.891745013,0.095574466,-0.420813804,-0.136279473,0.6583896,-1.0125365,1.0062778
seq-01/frame-000496,1,0.01770911,0.401476,2356,1019,728,0.91,98.55,73.84,6.69,180.00,0.893843174,0.095034129,-0.417266780,-0.133795846,0.6305706,-1.0105271,1.0088270
seq-01/frame-000497,1,0.02120229,0.473114,2421,1027,734,0.91,117.05,103.70,13.79,235.45,0.896909348,0.094272763,-0.411719435,-0.130970892,0.5997496,-1.0072134,0.9986303
seq-01/frame-000498,1,0.01937621,0.421544,2426,1042,743,0.92,107.43,99.88,10.17,218.40,0.897897893,0.092107882,-0.410262126,-0.130309245,0.5849118,-1.0093619,0.9999829
seq-01/frame-000499,1,0.02091918,0.460258,2353,992,726,0.93,99.82,87.79,9.29,197.83,0.900461585,0.090313146,-0.405020545,-0.130272133,0.5574437,-1.0105493,0.9948304
seq-01/frame-000500,1,0.01407286,0.358435,2457,1071,737,0.94,103.82,91.82,9.09,205.67,0.902215851,0.088859643,-0.401625855,-0.129642564,0.5313745,-1.0104084,0.9980595
seq-01/frame-000501,1,0.01982935,0.417216,2384,987,699,0.93,90.39,83.37,7.28,181.97,0.903611983,0.087338605,-0.398826973,-0.129593201,0.5176566,-1.0135114,0.9919107
seq-01/frame-000502,1,0.01205940,0.259676,2581,1044,758,0.92,96.58,86.23,9.93,193.66,0.905328366,0.086550052,-0.395132126,-0.129461347,0.4927741,-1.0131617,0.9928511
seq-01/frame-000503,1,0.01899103,0.442494,2558,1210,899,0.94,90.25,83.65,10.25,185.10,0.906644291,0.085420612,-0.392107465,-0.130196717,0.4749699,-1.0128403,0.9866396
seq-01/frame-000504,1,0.01449143,0.337827,2547,1158,851,0.93,109.02,92.25,15.95,218.16,0.908263950,0.086285808,-0.388530438,-0.129056017,0.4524710,-1.0096328,0.9849698
seq-01/frame-000505,1,0.01338819,0.319099,2569,1141,846,0.93,106.88,108.02,12.91,228.74,0.909063207,0.085924287,-0.386861360,-0.128683298,0.4347580,-1.0047313,0.9866906
seq-01/frame-000506,1,0.01147848,0.262668,2566,1102,806,0.92,104.47,104.85,18.41,228.65,0.910077762,0.085912782,-0.384829370,-0.127608061,0.4277850,-1.0033928,0.9861641
seq-01/frame-000507,1,0.00871337,0.245024,2583,1182,848,0.94,98.58,108.89,11.04,219.45,0.911558117,0.082713219,-0.381844377,-0.128121796,0.4024493,-0.9995789,0.9831802
seq-01/frame-000508,1,0.01016492,0.271979,2551,1187,857,1.13,93.08,97.18,17.50,208.90,0.911717487,0.082700407,-0.381626401,-0.127644645,0.3957147,-0.9995590,0.9838201
seq-01/frame-000509,1,0.00782971,0.236271,2574,1226,912,0.93,120.92,91.59,11.13,224.58,0.913119432,0.081688275,-0.378165683,-0.128571553,0.3773511,-0.9955517,0.9792220
seq-01/frame-000510,1,0.00927487,0.245329,2603,1332,1013,1.15,100.05,103.79,14.06,219.06,0.913535524,0.081730623,-0.377548047,-0.127398679,0.3607399,-0.9984840,0.9746959
seq-01/frame-000511,1,0.00695974,0.217843,2445,1058,746,0.91,109.41,92.62,17.20,220.14,0.913591064,0.082118030,-0.376793778,-0.128974597,0.3600308,-0.9945036,0.9758267
seq-01/frame-000512,1,0.00714909,0.208808,2678,1326,1015,0.94,101.88,115.34,11.42,229.58,0.913511741,0.079810921,-0.375714312,-0.134034592,0.3431583,-0.9948520,0.9778617
seq-01/frame-000513,1,0.01156212,0.310903,2654,1123,801,0.94,114.76,115.91,14.02,245.65,0.913746531,0.082364304,-0.374382097,-0.134615915,0.3388844,-0.9886051,0.9821456
seq-01/frame-000514,1,0.00818729,0.240229,2653,1323,998,1.04,122.68,109.06,15.84,248.62,0.914820918,0.080482113,-0.372260580,-0.134340531,0.3253428,-0.9949508,0.9788170
seq-01/frame-000515,1,0.00780740,0.191571,2657,1257,938,1.36,146.44,105.95,8.94,262.70,0.915335447,0.080227403,-0.371745845,-0.132399433,0.3173441,-0.9982167,0.9829916
seq-01/frame-000516,1,0.01333194,0.344576,2719,1342,982,0.96,135.35,114.34,13.81,264.47,0.916105207,0.079605247,-0.369455486,-0.133854016,0.3082026,-0.9984024,0.9792561
seq-01/frame-000517,1,0.01596413,0.380417,2568,1291,972,0.92,133.13,103.68,13.72,251.46,0.916299167,0.079486832,-0.368950667,-0.133989126,0.2921273,-1.0021311,0.9821293
seq-01/frame-000518,1,0.00998036,0.280472,2657,1258,936,1.02,132.32,119.54,9.97,262.84,0.915482637,0.080110370,-0.371440842,-0.132308615,0.2891905,-1.0017603,0.9913991
seq-01/frame-000519,1,0.01028885,0.315743,2530,1310,985,0.93,130.94,98.65,16.41,246.94,0.914822877,0.080316984,-0.373604077,-0.130645629,0.2753922,-1.0003024,1.0008140
seq-01/frame-000520,1,0.01136709,0.272079,2711,1412,1068,0.92,136.36,111.79,10.16,259.23,0.914306365,0.080981316,-0.376045245,-0.126790660,0.2713636,-0.9991335,1.0096899
seq-01/frame-000521,1,0.01770408,0.423400,2710,1285,938,1.11,138.95,105.95,14.31,260.33,0.915268332,0.078127389,-0.374063777,-0.127500126,0.2602023,-1.0045408,1.0094619
seq-01/frame-000522,1,0.01658211,0.407444,2692,1355,1035,3.82,134.64,105.98,15.89,260.32,0.915281153,0.076394411,-0.375937046,-0.122864327,0.2455705,-1.0084841,1.0225115
seq-01/frame-000523,1,0.01603146,0.470620,2819,1318,992,1.66,124.30,114.76,10.66,251.38,0.915569704,0.076745632,-0.374931643,-0.123565728,0.2392559,-1.0046111,1.0280781
seq-01/frame-000524,1,0.01337314,0.360758,2345,1150,886,1.24,118.45,73.72,9.96,203.38,0.915781435,0.075061308,-0.374187545,-0.125275075,0.2194708,-1.0082179,1.0371527
seq-01/frame-000525,1,0.01585107,0.422038,2424,1227,919,1.02,118.67,81.57,22.78,224.05,0.914828138,0.074031896,-0.376216292,-0.126767730,0.2130470,-1.0121431,1.0382177
seq-01/frame-000526,1,0.01002799,0.293090,2710,1364,1036,1.15,131.51,98.58,10.31,241.55,0.914110563,0.075883070,-0.376831940,-0.129001273,0.2057224,-1.0167050,1.0531054
seq-01/frame-000527,1,0.00546557,0.196101,2767,1376,1015,1.43,136.83,98.33,11.25,247.90,0.914004829,0.075928909,-0.377153341,-0.128784048,0.2024575,-1.0154745,1.0566412
seq-01/frame-000528,1,0.00792148,0.258903,2744,1346,977,0.94,123.10,102.44,13.33,239.81,0.914108439,0.073061257,-0.377083377,-0.129907431,0.1904592,-1.0162042,1.0607167
seq-01/frame-000529,1,0.00905103,0.285310,2953,1445,1052,1.18,130.48,106.99,11.57,250.23,0.914407111,0.071487658,-0.376221157,-0.131174659,0.1820423,-1.0161953,1.0626192
seq-01/frame-000530,1,0.00744851,0.224426,2797,1402,1033,0.92,123.38,104.74,16.99,246.04,0.913995030,0.071504176,-0.377016303,-0.131753349,0.1661230,-1.0203959,1.0664424
seq-01/frame-000531,1,0.01004220,0.288417,2785,1338,965,1.61,154.64,112.08,15.08,283.41,0.913740908,0.072815208,-0.377303792,-0.131974798,0.1619109,-1.0175271,1.0637019
seq-01/frame-000532,1,0.01219669,0.348725,2843,1416,1026,1.13,118.78,88.85,11.58,220.34,0.914714030,0.072261336,-0.374432159,-0.133705273,0.1444354,-1.0156799,1.0640865
seq-01/frame-000533,1,0.01269666,0.315313,2850,1361,959,1.22,121.36,103.78,10.96,237.33,0.914770624,0.072884188,-0.373968644,-0.134276037,0.1409938,-1.0142828,1.0642022
seq-01/frame-000534,1,0.01189940,0.309202,2963,1410,991,0.99,105.96,104.34,9.63,220.92,0.915838236,0.071343879,-0.370504916,-0.137391715,0.1213590,-1.0111876,1.0625273
seq-01/frame-000535,1,0.01340130,0.374111,2969,1485,1051,0.97,117.63,92.82,9.59,221.01,0.916712663,0.071312025,-0.368159096,-0.137881722,0.1106621,-1.0120573,1.0604889
seq-01/frame-000536,1,0.00930856,0.290257,2740,1347,958,0.96,115.08,87.83,9.81,213.68,0.919173192,0.073123645,-0.362566963,-0.135346859,0.0944631,-1.0030256,1.0597564
seq-01/frame-000537,1,0.01015591,0.323837,2627,1274,929,0.96,123.75,99.77,20.50,244.99,0.920908575,0.073235979,-0.358119595,-0.135330126,0.0827042,-1.0021464,1.0560307
seq-01/frame-000538,1,0.00806365,0.238406,2855,1360,990,0.95,115.59,102.15,10.71,229.41,0.924577825,0.072706975,-0.349928961,-0.131982054,0.0579261,-0.9973946,1.0501797
seq-01/frame-000539,1,0.00826277,0.270853,2890,1409,1001,0.97,122.96,105.28,10.94,240.15,0.926325889,0.072790105,-0.345992384,-0.130043139,0.0479238,-0.9940709,1.0455852
seq-01/frame-000540,1,0.00811351,0.221286,2944,1396,988,0.97,116.74,115.93,15.52,249.18,0.929157912,0.069522899,-0.340545179,-0.125940948,0.0190472,-0.9943305,1.0346167
seq-01/frame-000541,1,0.01407990,0.382865,3040,1491,1087,1.10,115.11,123.25,10.36,249.83,0.930214784,0.071109049,-0.337572331,-0.125255256,0.0052380,-0.9923706,1.0273929
seq-01/frame-000542,1,0.00915268,0.241234,3071,1451,1012,1.00,103.87,122.95,13.38,241.20,0.932393096,0.071425887,-0.331770056,-0.124378807,-0.0196908,-0.9875323,1.0160778
seq-01/frame-000543,1,0.01223197,0.325383,3042,1426,1003,0.97,103.20,128.55,10.38,243.10,0.933623670,0.070702473,-0.328970433,-0.122989663,-0.0336751,-0.9839207,1.0088561
seq-01/frame-000544,1,0.00915311,0.216193,2860,1318,948,0.93,116.14,121.98,16.53,255.58,0.935786102,0.065908470,-0.324598835,-0.120814080,-0.0538975,-0.9803120,0.9995421
seq-01/frame-000545,1,0.00930681,0.231407,3058,1445,1068,0.94,121.10,106.58,14.73,243.35,0.936969920,0.063671438,-0.321907785,-0.120036223,-0.0658530,-0.9769862,0.9951277
seq-01/frame-000546,1,0.00968201,0.253006,3092,1471,1039,0.94,135.22,100.58,11.76,248.51,0.937817474,0.062154826,-0.320130490,-0.118960633,-0.0766529,-0.9725704,0.9920648
seq-01/frame-000547,1,0.01373547,0.368491,2843,1480,1070,1.32,129.77,102.98,10.23,244.29,0.940137089,0.060656296,-0.314234194,-0.117132140,-0.0935351,-0.9648590,0.9851224
seq-01/frame-000548,1,0.00956033,0.251169,3118,1538,1103,0.92,126.46,112.71,26.78,266.86,0.941218207,0.060108126,-0.311547601,-0.115902513,-0.1002540,-0.9684181,0.9863713
seq-01/frame-000549,1,0.01272480,0.300552,3110,1474,1044,1.08,134.24,97.60,7.47,240.40,0.943305036,0.060579131,-0.305982689,-0.113491728,-0.1198233,-0.9645108,0.9712373
seq-01/frame-000550,1,0.01091155,0.268685,3237,1587,1119,1.90,126.43,106.41,14.60,249.34,0.943866274,0.060516488,-0.304151549,-0.113780693,-0.1268802,-0.9663609,0.9706108
seq-01/frame-000551,1,0.00983716,0.212643,3184,1543,1074,1.00,122.52,106.59,9.40,239.52,0.944415205,0.061716788,-0.302400863,-0.113246086,-0.1324465,-0.9642990,0.9679981
seq-01/frame-000552,1,0.00656679,0.136056,3226,1532,1082,6.75,118.49,116.33,7.55,249.12,0.944930501,0.061949261,-0.300395476,-0.114154259,-0.1442108,-0.9612077,0.9640346
seq-01/frame-000553,1,0.00911122,0.213129,3215,1592,1135,1.32,130.92,95.65,13.47,241.37,0.945311179,0.061904042,-0.298780400,-0.115260298,-0.1465145,-0.9571634,0.9653064
seq-01/frame-000554,1,0.00870224,0.186551,3297,1576,1106,0.99,112.47,111.88,9.09,234.43,0.946929805,0.060142405,-0.293061803,-0.117565364,-0.1634057,-0.9569447,0.9613577
seq-01/frame-000555,1,0.01080094,0.269718,3205,1491,1045,1.02,102.50,116.59,12.23,232.35,0.947742601,0.058820809,-0.290376089,-0.118346107,-0.1759589,-0.9600422,0.9593883
seq-01/frame-000556,1,0.00872050,0.191722,3199,1470,1002,1.32,108.78,111.20,16.37,237.67,0.948142565,0.059860921,-0.288958616,-0.118090072,-0.1829780,-0.9592910,0.9631666
seq-01/frame-000557,1,0.00682234,0.128035,3183,1524,1086,0.98,127.72,108.00,7.84,244.55,0.948396622,0.059615747,-0.287638635,-0.119389387,-0.1884424,-0.9573061,0.9634217
seq-01/frame-000558,1,0.01023340,0.216742,3228,1408,982,0.99,108.83,105.55,24.58,239.95,0.948586452,0.059489207,-0.286549408,-0.120557925,-0.1937867,-0.9561450,0.9651781
seq-01/frame-000559,1,0.00701394,0.119048,3269,1555,1047,1.01,117.82,130.67,13.46,262.96,0.948570112,0.059104250,-0.286962923,-0.119890411,-0.2097650,-0.9562467,0.9673056
seq-01/frame-000560,1,0.01237677,0.349260,3278,1479,1006,1.01,141.40,114.22,7.80,264.43,0.948613088,0.060844532,-0.286528387,-0.119718989,-0.2177956,-0.9481332,0.9691060
seq-01/frame-000561,1,0.00479805,0.083036,3201,1555,1077,0.98,109.20,98.94,8.23,217.35,0.948588914,0.058460575,-0.287702008,-0.118275052,-0.2241015,-0.9563834,0.9743658
seq-01/frame-000562,1,0.00758603,0.182880,3391,1496,1043,0.98,116.28,106.11,6.80,230.18,0.948025966,0.059734582,-0.290094989,-0.116290347,-0.2336963,-0.9503321,0.9821892
seq-01/frame-000563,1,0.00582890,0.070542,3328,1487,1007,1.01,110.52,118.18,19.78,249.49,0.948321576,0.057390288,-0.289288084,-0.117068134,-0.2415243,-0.9559545,0.9845363
seq-01/frame-000564,1,0.00654667,0.152856,3331,1455,996,1.01,116.69,135.85,9.55,263.10,0.948717209,0.057653564,-0.288024755,-0.116848040,-0.2533256,-0.9511246,0.9878340
seq-01/frame-000565,1,0.00630518,0.119244,3159,1449,1006,0.98,99.50,123.17,9.19,232.85,0.948956977,0.054999325,-0.288678067,-0.114545643,-0.2740092,-0.9537411,0.9943924
seq-01/frame-000566,1,0.00792495,0.219574,3217,1467,1013,0.97,99.54,140.19,9.52,250.22,0.949050992,0.054649576,-0.288805525,-0.113609008,-0.2857220,-0.9549884,0.9985472
seq-01/frame-000567,1,0.00435704,0.162935,2899,1400,1022,1.00,108.99,97.76,13.68,221.43,0.948627271,0.054468302,-0.291912508,-0.109208935,-0.3050205,-0.9588828,1.0101322
seq-01/frame-000568,1,0.00474309,0.076986,3290,1437,952,1.01,118.31,116.71,12.52,248.55,0.948195172,0.053307522,-0.293419357,-0.109495686,-0.3116441,-0.9608465,1.0132157
seq-01/frame-000569,1,0.00643540,0.187723,3327,1361,890,1.01,135.97,221.27,15.41,373.67,0.948103339,0.053103364,-0.293212771,-0.110934042,-0.3210726,-0.9632105,1.0183166
seq-01/frame-000570,1,0.00546857,0.185562,3058,1432,1003,0.94,142.50,160.42,7.05,310.92,0.948332328,0.053473010,-0.292855399,-0.109736720,-0.3468720,-0.9690917,1.0242247
seq-01/frame-000571,1,0.00523479,0.118930,3161,1425,956,0.95,136.45,186.60,19.77,343.78,0.947649418,0.053828475,-0.295484713,-0.108405994,-0.3520493,-0.9733669,1.0323297
seq-01/frame-000572,1,0.00828599,0.252854,3331,1437,958,3.25,242.87,191.33,16.82,454.28,0.947282745,0.055599221,-0.296672220,-0.107469631,-0.3598563,-0.9710328,1.0397214
seq-01/frame-000573,1,0.00589348,0.137312,3259,1391,921,1.07,118.24,235.06,17.48,371.85,0.947422835,0.056033451,-0.296590735,-0.106226931,-0.3777321,-0.9784840,1.0443336
seq-01/frame-000574,1,0.00477456,0.147426,3298,1399,922,1.04,129.75,211.83,17.89,360.52,0.947802071,0.056081322,-0.295434375,-0.106040792,-0.3887745,-0.9770858,1.0483812
seq-01/frame-000575,1,0.00467846,0.095699,3244,1358,886,1.03,138.27,212.40,16.38,368.08,0.948186259,0.053350241,-0.294672765,-0.106134493,-0.3994190,-0.9838983,1.0504664
seq-01/frame-000576,1,0.00597582,0.192985,3210,1400,934,1.04,151.26,209.37,12.25,373.93,0.947812908,0.054055571,-0.295962556,-0.105521804,-0.4154799,-0.9812599,1.0645885
seq-01/frame-000577,1,0.00721499,0.220789,3261,1384,905,1.06,198.71,156.41,15.04,371.21,0.947763192,0.053745633,-0.296091397,-0.105764948,-0.4222713,-0.9824087,1.0676825
seq-01/frame-000578,1,0.00597212,0.245842,3287,1377,899,1.35,211.00,149.41,9.72,371.48,0.947976377,0.053702501,-0.295639696,-0.105138004,-0.4406899,-0.9839610,1.0770322
seq-01/frame-000579,1,0.00789335,0.286824,3305,1321,855,3.09,194.65,120.79,13.54,332.08,0.948111675,0.054326645,-0.295185476,-0.104873264,-0.4472031,-0.9825118,1.0784692
seq-01/frame-000580,1,0.00867045,0.290617,3464,1409,888,1.04,177.75,131.39,15.82,326.02,0.948086048,0.054108939,-0.295084840,-0.105498845,-0.4501431,-0.9822999,1.0840639
seq-01/frame-000581,1,0.00322701,0.086890,3424,1390,899,2.54,175.06,132.20,10.57,320.37,0.948817376,0.049124611,-0.292504815,-0.108504804,-0.4665288,-0.9916242,1.0866625
seq-01/frame-000582,1,0.00366037,0.131461,3508,1449,922,3.42,151.91,221.99,12.89,390.21,0.948737389,0.048904580,-0.292985450,-0.108005718,-0.4740088,-0.9931723,1.0901516
seq-01/frame-000583,1,0.00647741,0.239131,3647,1519,951,1.72,167.19,183.55,12.15,364.61,0.948576690,0.050878647,-0.293358969,-0.107490196,-0.4795910,-0.9907529,1.0912766
seq-01/frame-000584,1,0.00686744,0.229595,3585,1505,959,1.36,158.37,150.61,7.67,318.01,0.948552286,0.054070561,-0.292786550,-0.107707805,-0.4881993,-0.9926637,1.0984516
seq-01/frame-000585,1,0.00218093,0.108208,3581,1392,911,1.04,147.28,145.81,11.04,305.17,0.948763433,0.053758636,-0.291895352,-0.108420760,-0.4943219,-0.9952739,1.0987987
seq-01/frame-000586,1,0.00512461,0.119473,3080,1352,889,0.96,132.71,141.45,7.03,282.16,0.948903644,0.052062980,-0.291167968,-0.109966063,-0.4980171,-0.9929092,1.0972381
seq-01/frame-000587,1,0.00266350,0.164415,3430,1353,847,1.06,135.97,135.90,20.33,293.25,0.948628089,0.048232341,-0.291856658,-0.112241172,-0.5132623,-0.9958765,1.1069438
seq-01/frame-000588,1,0.00515821,0.158875,3616,1393,854,1.05,162.82,172.97,10.29,347.14,0.949037272,0.047566525,-0.290519195,-0.112535680,-0.5211854,-0.9955054,1.1042632
seq-01/frame-000589,1,0.00650021,0.248411,3705,1424,875,2.13,178.42,209.08,24.50,414.13,0.949346337,0.046985805,-0.289231644,-0.113485345,-0.5358329,-0.9966822,1.1104701
seq-01/frame-000590,1,0.00876792,0.235268,3689,1370,834,1.74,146.38,222.49,35.14,405.75,0.949844581,0.046929505,-0.287851827,-0.112845999,-0.5430175,-0.9989960,1.1083852
seq-01/frame-000591,1,0.00924869,0.261234,3746,1411,872,3.38,160.60,253.67,17.54,435.19,0.950379784,0.047091543,-0.286285244,-0.112256008,-0.5518540,-0.9950229,1.1077585
seq-01/frame-000592,1,0.00607179,0.186471,3793,1452,901,1.06,191.83,224.89,8.34,426.12,0.950813442,0.048219010,-0.284843515,-0.111771635,-0.5594008,-0.9932287,1.1162589
seq-01/frame-000593,1,0.00618832,0.145337,3695,1449,873,1.05,204.76,208.30,7.65,421.77,0.951822164,0.047385487,-0.281455224,-0.112125558,-0.5708482,-0.9952210,1.1137688
seq-01/frame-000594,1,0.00626175,0.152584,3690,1407,886,2.31,205.73,210.77,12.66,431.48,0.952617230,0.047121149,-0.278809902,-0.112093927,-0.5782095,-0.9936535,1.1151066
seq-01/frame-000595,1,0.00377638,0.140312,3740,1450,920,4.34,225.45,204.79,22.12,456.71,0.954172181,0.048673918,-0.273832323,-0.110463373,-0.5936956,-0.9926662,1.1217109
seq-01/frame-000596,1,0.00716368,0.228188,3694,1431,876,1.82,218.52,197.05,20.70,438.10,0.955270724,0.050168622,-0.270351261,-0.108862986,-0.6005411,-0.9879268,1.1230174
seq-01/frame-000597,1,0.00558952,0.171879,3852,1418,852,1.53,191.23,225.01,12.52,430.30,0.956875023,0.050407135,-0.265212809,-0.107291553,-0.6178300,-0.9863639,1.1185160
seq-01/frame-000598,1,0.00654678,0.124163,3858,1388,802,4.16,219.19,203.28,13.39,440.03,0.958617460,0.048196883,-0.260020273,-0.105447067,-0.6457429,-0.9870744,1.1107928
seq-01/frame-000599,1,0.00490820,0.057362,3769,1386,808,1.55,201.44,213.61,14.05,430.66,0.958971337,0.048044635,-0.258523481,-0.105977818,-0.6562611,-0.9855223,1.1104954
seq-01/frame-000600,1,0.00394937,0.089729,3901,1400,814,1.71,217.76,199.36,31.03,449.86,0.959126078,0.048548935,-0.257239443,-0.107461793,-0.6664082,-0.9831731,1.1105512
seq-01/frame-000601,1,0.00399919,0.082743,3798,1281,751,11.28,195.54,191.74,15.49,414.06,0.960523224,0.046453594,-0.251965322,-0.108400532,-0.6933883,-0.9841408,1.1069511
seq-01/frame-000602,1,0.00602020,0.208974,3817,1341,787,2.14,231.76,186.32,16.89,437.12,0.960902617,0.046062823,-0.251380179,-0.106547561,-0.7010014,-0.9837074,1.1091364
seq-01/frame-000603,1,0.00702291,0.161718,3842,1324,772,1.74,216.43,196.47,10.00,424.64,0.961531883,0.045903475,-0.249523868,-0.105295527,-0.7091052,-0.9816855,1.1055618
seq-01/frame-000604,1,0.00768697,0.236664,3904,1356,751,1.24,259.79,206.36,20.46,487.85,0.962877319,0.045137404,-0.244409745,-0.105326918,-0.7292140,-0.9833167,1.1073105
seq-01/frame-000605,1,0.01216008,0.342693,3947,1342,769,1.07,255.64,211.43,18.68,486.82,0.963389187,0.045967062,-0.242383102,-0.104970160,-0.7345133,-0.9825713,1.1064128
seq-01/frame-000606,1,0.00832268,0.231937,3971,1428,841,1.03,235.65,215.39,12.01,464.08,0.964364800,0.046539509,-0.238163580,-0.105416870,-0.7458711,-0.9793748,1.1024223
seq-01/frame-000607,1,0.00924140,0.229241,3946,1319,731,1.07,244.80,226.44,13.64,485.95,0.966234592,0.044301413,-0.230768554,-0.105707014,-0.7667363,-0.9773171,1.0969059
seq-01/frame-000608,1,0.01156496,0.345634,3979,1386,767,1.02,219.41,233.00,18.30,471.74,0.966688446,0.043352452,-0.229364612,-0.105004229,-0.7709124,-0.9758391,1.0996730
seq-01/frame-000609,1,0.01606120,0.469024,3704,1425,833,1.40,215.19,247.76,15.28,479.64,0.967460505,0.041861345,-0.226571844,-0.104560983,-0.7730160,-0.9758162,1.1014772
seq-01/frame-000610,1,0.01217901,0.216657,4000,1441,791,1.02,265.26,221.31,14.13,501.73,0.969979240,0.037268361,-0.217331731,-0.102558582,-0.7944261,-0.9743488,1.0935675
seq-01/frame-000611,1,0.01509324,0.421389,3526,1304,737,1.03,191.21,239.01,11.01,442.27,0.970460141,0.035503525,-0.215895348,-0.101665206,-0.7959622,-0.9772563,1.0999432
seq-01/frame-000612,1,0.01771271,0.472501,3430,1262,757,1.31,244.94,134.43,22.43,403.11,0.971696521,0.034014077,-0.211245478,-0.100121236,-0.8011971,-0.9786909,1.0984512
seq-01/frame-000613,1,0.01458980,0.380630,4000,1355,749,1.22,275.37,158.79,12.82,448.21,0.972850463,0.033890697,-0.206762290,-0.098299304,-0.8095454,-0.9737081,1.0964599
seq-01/frame-000614,1,0.01520896,0.372406,3035,1145,705,1.73,236.92,108.54,19.92,367.11,0.974691992,0.032611951,-0.198822600,-0.096858429,-0.8184009,-0.9717908,1.0970868
seq-01/frame-000615,1,0.01848396,0.519608,3801,1358,746,1.81,261.52,152.82,17.19,433.36,0.975371334,0.031766356,-0.195272703,-0.097520419,-0.8206365,-0.9724047,1.0990828
seq-01/frame-000616,1,0.01592601,0.403828,3845,1333,705,4.14,263.76,165.20,10.97,444.08,0.976249475,0.031529795,-0.191070837,-0.097132739,-0.8282484,-0.9704204,1.0969965
seq-01/frame-000617,1,0.01280858,0.358259,3156,1266,753,1.00,241.19,131.33,14.91,388.43,0.977815858,0.031735074,-0.183338061,-0.096209082,-0.8377083,-0.9688764,1.0999160
seq-01/frame-000618,1,0.01233445,0.341218,3516,1322,754,1.02,174.59,156.26,13.96,345.82,0.978598854,0.031983441,-0.178947862,-0.096431348,-0.8414591,-0.9650286,1.0992358
seq-01/frame-000619,1,0.01739071,0.523591,3439,1238,684,1.05,155.68,127.89,8.67,293.29,0.978928057,0.032864951,-0.176732749,-0.096877704,-0.8390260,-0.9619008,1.1026163
seq-01/frame-000620,1,0.00956654,0.257820,3172,1275,762,1.13,145.83,124.87,17.88,289.72,0.979924052,0.032161097,-0.170993407,-0.097343571,-0.8495852,-0.9652441,1.1018240
seq-01/frame-000621,1,0.01297620,0.431773,2786,1110,712,1.00,145.17,84.25,15.68,246.11,0.980876645,0.034253737,-0.164196984,-0.098727100,-0.8489880,-0.9618649,1.1073557
seq-01/frame-000622,1,0.01525363,0.456340,3097,1169,709,1.19,137.94,109.13,17.33,265.59,0.981385364,0.033156381,-0.160597417,-0.099959445,-0.8478063,-0.9694614,1.1089164
seq-01/frame-000623,1,0.01617809,0.510929,3406,1313,775,1.05,159.25,107.45,22.61,290.37,0.981884892,0.034957286,-0.157081000,-0.100028028,-0.8478964,-0.9648935,1.1095578
seq-01/frame-000624,1,0.01231814,0.394782,3868,1338,741,1.02,159.96,126.53,15.61,303.12,0.982472714,0.034462650,-0.153687261,-0.099699135,-0.8520462,-0.9676641,1.1106339
seq-01/frame-000625,1,0.01262190,0.338584,4000,1382,802,1.22,171.71,138.50,10.37,321.80,0.982905490,0.034541503,-0.151219334,-0.099178601,-0.8548874,-0.9712687,1.1091349
seq-01/frame-000626,1,0.01867943,0.602026,3795,1315,728,1.20,152.26,120.01,11.90,285.36,0.982947800,0.034301631,-0.151775498,-0.097985814,-0.8478397,-0.9757382,1.1155599
seq-01/frame-000627,1,0.02227787,0.639047,4000,1330,722,1.55,167.81,150.54,10.82,330.72,0.983733370,0.032707751,-0.147646251,-0.096950731,-0.8494438,-0.9842104,1.1146076
seq-01/frame-000628,1,0.01958531,0.566453,4001,1205,623,1.17,147.67,149.25,14.62,312.71,0.983755318,0.035740420,-0.147645648,-0.095649667,-0.8463767,-0.9776911,1.1170993
seq-01/frame-000629,1,0.01596251,0.468143,3810,1275,694,1.03,161.06,142.80,19.62,324.52,0.984078214,0.037701882,-0.145586062,-0.094727687,-0.8475746,-0.9720910,1.1186914
seq-01/frame-000630,1,0.01772543,0.470169,4000,1290,653,1.27,167.73,147.91,22.16,339.08,0.984569921,0.036206866,-0.144030376,-0.092554764,-0.8472069,-0.9761982,1.1183217
seq-01/frame-000631,1,0.01587774,0.415449,3984,1240,636,1.07,137.25,145.09,21.11,304.52,0.984803223,0.034652748,-0.143342349,-0.091732061,-0.8495661,-0.9819984,1.1198250
seq-01/frame-000632,1,0.01469970,0.330230,4001,1324,723,1.02,161.58,212.85,13.03,388.49,0.984819430,0.035804479,-0.143584549,-0.090731507,-0.8493209,-0.9829767,1.1205691
seq-01/frame-000633,1,0.01270318,0.375175,4000,1357,714,1.02,166.24,209.40,17.42,394.09,0.984243211,0.040288169,-0.144727491,-0.093252975,-0.8424412,-0.9820337,1.1264343
seq-01/frame-000634,1,0.02029432,0.554563,4001,1218,619,1.73,159.64,220.66,17.27,399.30,0.983952574,0.041833727,-0.145591740,-0.094288477,-0.8321403,-0.9831682,1.1256378
seq-01/frame-000635,1,0.02004055,0.563909,3825,1172,593,1.08,176.47,228.32,102.96,508.84,0.983810265,0.042692693,-0.145451513,-0.095595781,-0.8326304,-0.9837489,1.1240991
seq-01/frame-000636,1,0.01444405,0.473247,3927,1276,673,1.15,195.64,190.06,13.62,400.48,0.983851978,0.042852689,-0.144944950,-0.095863932,-0.8387572,-0.9819090,1.1265248
seq-01/frame-000637,1,0.01446039,0.353007,4000,1277,679,1.04,201.84,283.51,12.72,499.11,0.983796275,0.043154945,-0.145153137,-0.095984931,-0.8366806,-0.9777983,1.1211919
seq-01/frame-000638,1,0.01260612,0.375954,3953,1294,706,1.00,204.91,272.49,16.34,494.74,0.983571931,0.042746233,-0.146370592,-0.096616078,-0.8323724,-0.9736317,1.1269370
seq-01/frame-000639,1,0.01538180,0.447736,3383,1278,750,5.72,178.00,272.83,24.64,481.18,0.983592537,0.041468848,-0.145868386,-0.097716267,-0.8256351,-0.9706806,1.1264415
seq-01/frame-000640,1,0.01593985,0.335224,3813,1301,710,2.25,207.48,283.99,26.82,520.54,0.984127204,0.040440765,-0.141648541,-0.098964044,-0.8278687,-0.9696115,1.1215801
seq-01/frame-000641,1,0.01148295,0.217575,3860,1290,733,2.89,176.49,293.86,19.84,493.08,0.984589324,0.038844907,-0.139340067,-0.098281650,-0.8344448,-0.9723532,1.1197891
seq-01/frame-000642,1,0.01421665,0.368989,3038,1229,758,0.95,170.37,238.38,20.95,430.65,0.984588458,0.039423667,-0.138824674,-0.098787919,-0.8292070,-0.9753502,1.1228276
seq-01/frame-000643,1,0.01505836,0.463754,3252,1288,743,5.84,272.44,163.02,15.03,456.34,0.984894243,0.044733471,-0.135646269,-0.097889413,-0.8265312,-0.9631931,1.1217344
seq-01/frame-000644,1,0.01360344,0.463984,2897,1145,677,0.99,246.15,156.17,9.73,413.05,0.985528815,0.045528625,-0.131891364,-0.096253662,-0.8279965,-0.9634702,1.1213250
seq-01/frame-000645,1,0.01360347,0.403184,2192,939,630,1.03,193.22,108.05,17.85,320.15,0.986407606,0.044008291,-0.126733589,-0.094878352,-0.8292794,-0.9687347,1.1181408
seq-01/frame-000646,1,0.01191746,0.183480,2283,1003,680,1.85,170.76,118.35,11.92,302.88,0.987501402,0.045347108,-0.119016650,-0.092842110,-0.8342638,-0.9567447,1.1090705
seq-01/frame-000647,1,0.01428307,0.386322,2200,981,660,1.68,156.13,98.78,13.25,269.84,0.988131524,0.042160332,-0.115541376,-0.092026021,-0.8303406,-0.9599886,1.1139438
seq-01/frame-000648,1,0.01110865,0.278201,2222,938,587,0.96,165.00,86.55,9.56,262.07,0.989042507,0.039593591,-0.108961720,-0.091403560,-0.8365778,-0.9635731,1.1116387
seq-01/frame-000649,1,0.00638797,0.178364,2057,885,554,3.49,131.14,81.61,14.05,230.30,0.990835697,0.041212364,-0.093551346,-0.088285377,-0.8472686,-0.9516550,1.1073700
seq-01/frame-000650,1,0.01449430,0.296812,2307,998,644,1.61,124.87,84.67,9.59,220.74,0.991844977,0.035275287,-0.088011644,-0.085165409,-0.8445833,-0.9631674,1.0999856
seq-01/frame-000651,1,0.01259776,0.243302,2222,868,571,0.97,131.38,86.83,13.92,233.09,0.992544629,0.037221102,-0.081137548,-0.082984625,-0.8525321,-0.9525971,1.1005544
seq-01/frame-000652,1,0.00987603,0.263260,1983,815,509,1.78,121.60,71.69,12.66,207.73,0.993198965,0.037201476,-0.075198385,-0.080728371,-0.8526912,-0.9493545,1.1013581
seq-01/frame-000653,1,0.01304569,0.350129,2081,791,497,1.17,119.67,75.82,13.14,209.80,0.993766641,0.037155630,-0.067826558,-0.080292469,-0.8541692,-0.9437943,1.0981474
seq-01/frame-000654,1,0.01374819,0.424634,2037,792,470,1.44,99.51,75.59,13.20,189.73,0.994177257,0.037119443,-0.061814519,-0.080079300,-0.8554237,-0.9421045,1.0992917
seq-01/frame-000655,1,0.00983945,0.188777,1919,730,455,2.72,103.51,69.94,11.04,187.22,0.994697371,0.033924172,-0.056332595,-0.079075467,-0.8541201,-0.9525337,1.0967641
seq-01/frame-000656,1,0.01070531,0.218750,1891,730,435,0.93,104.62,70.06,11.79,187.40,0.995063964,0.035086129,-0.049901452,-0.078272071,-0.8535396,-0.9494286,1.0936822
seq-01/frame-000657,1,0.01429290,0.370671,1936,758,475,0.97,100.40,69.51,12.32,183.21,0.995402449,0.036071112,-0.042376694,-0.077955468,-0.8582049,-0.9440921,1.0911848
seq-01/frame-000658,1,0.01481065,0.373629,1917,757,461,0.92,110.25,70.82,9.79,191.79,0.995758728,0.031921895,-0.036731261,-0.078079212,-0.8578973,-0.9592798,1.0895505
seq-01/frame-000659,1,0.01399924,0.269334,1777,612,383,1.31,101.41,58.38,10.23,171.32,0.995896334,0.036169082,-0.033397154,-0.075940236,-0.8422420,-0.9472658,1.0887911
seq-01/frame-000660,1,0.01062736,0.117287,1842,657,397,1.63,98.16,62.80,12.39,174.99,0.996154701,0.035384632,-0.025516782,-0.075977847,-0.8453275,-0.9503412,1.0886580
seq-01/frame-000661,1,0.01270087,0.382437,1959,722,413,1.19,103.54,75.11,18.60,198.44,0.996209959,0.038406342,-0.020154615,-0.075395376,-0.8434854,-0.9394733,1.0907932
seq-01/frame-000662,1,0.01401410,0.356969,2059,765,464,1.20,111.02,81.55,13.26,207.04,0.996505672,0.037397692,-0.012163901,-0.073687842,-0.8522657,-0.9396920,1.0849443
seq-01/frame-000663,1,0.01196740,0.340500,2018,744,447,1.61,94.36,76.21,14.15,186.33,0.996610970,0.036877379,-0.006652313,-0.073228273,-0.8528870,-0.9385345,1.0879511
seq-01/frame-000664,1,0.01173297,0.301040,1950,710,413,0.99,100.95,82.90,13.38,198.22,0.996765963,0.035479043,-0.001261108,-0.072092046,-0.8509514,-0.9409421,1.0873553
seq-01/frame-000665,1,0.01789411,0.546824,1937,739,437,0.90,101.45,73.24,11.23,186.83,0.996884591,0.036910191,0.001583968,-0.069686735,-0.8379587,-0.9336258,1.0866332
seq-01/frame-000666,1,0.01389014,0.415977,2005,764,445,0.89,109.60,70.01,7.36,187.87,0.997059515,0.034735404,0.006489900,-0.067997467,-0.8364851,-0.9369039,1.0865704
seq-01/frame-000667,1,0.01492014,0.457004,1886,651,359,0.88,98.08,67.50,18.47,184.94,0.997105080,0.034350434,0.013859571,-0.066403455,-0.8433099,-0.9343159,1.0846103
seq-01/frame-000668,1,0.01035985,0.232013,1779,657,370,1.01,98.68,59.89,8.82,168.40,0.997252234,0.030980313,0.018414431,-0.064723339,-0.8380169,-0.9435405,1.0842121
seq-01/frame-000669,1,0.03587152,1.079140,1621,610,361,0.87,97.97,51.34,14.81,165.00,0.997575135,0.027740700,0.014903423,-0.062066029,-0.8042361,-0.9523238,1.0842295
seq-01/frame-000670,1,0.00876865,0.314464,1473,554,317,0.87,90.27,44.21,8.83,144.19,0.997321726,0.030318608,0.027642607,-0.060547863,-0.8300484,-0.9411651,1.0866018
seq-01/frame-000671,1,0.01448409,0.442713,1583,554,290,0.89,85.89,57.61,13.44,157.82,0.997213075,0.031158459,0.034264245,-0.058490980,-0.8290989,-0.9360066,1.0848547
seq-01/frame-000672,1,0.01930918,0.535848,1679,586,323,0.94,73.91,66.59,14.57,156.02,0.997316952,0.029420550,0.035540930,-0.056834588,-0.8115572,-0.9435402,1.0831329
seq-01/frame-000673,1,0.01005277,0.253402,1798,575,315,0.91,92.35,66.64,11.70,171.60,0.997113910,0.029473106,0.044420533,-0.054055547,-0.8206380,-0.9437883,1.0835531
seq-01/frame-000674,1,0.03232379,0.945424,1591,579,322,0.89,94.40,55.49,19.45,170.24,0.997219799,0.029760745,0.043700030,-0.052509787,-0.7940556,-0.9447178,1.0828389
seq-01/frame-000675,1,0.01474603,0.115861,1610,502,245,0.89,92.51,61.85,17.89,173.15,0.996527960,0.029438082,0.058217180,-0.051731854,-0.8218077,-0.9446167,1.0804891
seq-01/frame-000676,1,0.02874852,0.843454,1619,507,252,0.91,90.53,65.46,15.77,172.67,0.996733146,0.027642577,0.057087285,-0.049999661,-0.7880345,-0.9515535,1.0818108
seq-01/frame-000677,1,0.00836305,0.213409,1665,544,256,0.88,103.52,60.21,13.53,178.15,0.995964695,0.028526994,0.069574576,-0.048988935,-0.8062235,-0.9491873,1.0877619
seq-01/frame-000678,1,0.01867280,0.532657,1692,482,231,2.07,99.74,71.46,9.17,182.45,0.995672253,0.026334334,0.075282498,-0.047705473,-0.7972707,-0.9568754,1.0844070
seq-01/frame-000679,1,0.01050372,0.246377,1674,462,216,0.88,104.75,67.15,15.49,188.28,0.995006454,0.028684337,0.084107213,-0.045446035,-0.7997528,-0.9483148,1.0847316
seq-01/frame-000680,1,0.03606120,1.092935,1578,507,259,0.88,85.04,67.72,18.96,172.60,0.995031391,0.025884470,0.085920692,-0.043129567,-0.7750352,-0.9580709,1.0801211
seq-01/frame-000681,1,0.02877263,0.845656,1802,580,299,0.94,102.50,67.21,15.29,185.94,0.994171931,0.023386980,0.096459455,-0.042080807,-0.7854042,-0.9625154,1.0788686
seq-01/frame-000682,1,0.01360921,0.317069,1913,588,324,0.93,105.08,65.62,11.02,182.64,0.993333502,0.027432548,0.104609197,-0.039911453,-0.7927563,-0.9471001,1.0825746
seq-01/frame-000683,1,0.02011284,0.568394,1822,551,299,1.32,95.14,64.67,8.73,169.87,0.993015646,0.023158668,0.109349547,-0.037766107,-0.7853291,-0.9627544,1.0824918
seq-01/frame-000684,1,0.02220610,0.632830,1823,543,295,0.90,112.06,62.58,7.83,183.38,0.992437454,0.023314455,0.114984359,-0.036096170,-0.7791789,-0.9615056,1.0826359
seq-01/frame-000685,1,0.01626819,0.353561,1806,612,341,2.12,99.10,62.20,9.31,172.73,0.991663863,0.027949220,0.120978705,-0.034435105,-0.7776050,-0.9450380,1.0826142
seq-01/frame-000686,1,0.01408925,0.269171,2079,731,424,0.95,101.26,69.92,11.05,183.19,0.991133176,0.026648742,0.126104322,-0.032288883,-0.7816425,-0.9522101,1.0814229
seq-01/frame-000687,1,0.01949963,0.447001,1979,694,416,1.33,107.33,73.03,7.16,188.85,0.990947948,0.027843309,0.127681067,-0.030732047,-0.7716451,-0.9519572,1.0791417
seq-01/frame-000688,1,0.01454238,0.346671,1986,677,401,1.03,95.65,66.47,17.36,180.52,0.990329164,0.027797340,0.132547830,-0.030108610,-0.7734443,-0.9526607,1.0808722
seq-01/frame-000689,1,0.01241689,0.235198,2060,677,408,0.92,103.81,70.51,5.68,180.93,0.989655359,0.028303228,0.137662842,-0.028812135,-0.7773284,-0.9512332,1.0804988
seq-01/frame-000690,1,0.01906658,0.469741,2155,747,442,1.04,113.57,73.92,9.56,198.10,0.989458998,0.028091164,0.139306190,-0.027848920,-0.7669899,-0.9539463,1.0782700
seq-01/frame-000691,1,0.01181123,0.218393,2079,722,431,0.91,95.09,52.88,10.21,159.11,0.988744225,0.030339384,0.143978757,-0.027101588,-0.7705569,-0.9499908,1.0804688
seq-01/frame-000692,1,0.01754919,0.407103,1923,638,385,0.95,80.54,58.88,9.70,150.08,0.988295161,0.030027535,0.147014978,-0.027524871,-0.7642293,-0.9523340,1.0765208
seq-01/frame-000693,1,0.01347067,0.329258,1970,658,397,1.60,92.20,63.85,16.47,174.12,0.987524952,0.029919563,0.152331619,-0.026350825,-0.7661138,-0.9551220,1.0797052
seq-01/frame-000694,1,0.01468342,0.335656,1966,700,458,0.91,92.98,64.57,10.26,168.72,0.986917299,0.029925661,0.156312813,-0.025787684,-0.7633311,-0.9535517,1.0777372
seq-01/frame-000695,1,0.01141550,0.330507,1803,638,410,3.16,98.71,46.73,8.47,157.08,0.986176198,0.029793378,0.160993650,-0.025493241,-0.7635072,-0.9541662,1.0811480
seq-01/frame-000696,1,0.01590323,0.329119,1754,635,389,0.90,81.52,65.54,6.10,154.06,0.985548071,0.030562600,0.164762708,-0.024782594,-0.7589385,-0.9515924,1.0742663
seq-01/frame-000697,1,0.02017859,0.538794,1757,629,390,1.63,86.68,70.09,14.65,173.05,0.984849685,0.028609425,0.169380333,-0.023725535,-0.7555600,-0.9587801,1.0741466
seq-01/frame-000698,1,0.01431273,0.325859,1767,639,411,0.88,97.42,87.29,11.43,197.03,0.983841292,0.031019793,0.174850320,-0.022835262,-0.7552464,-0.9524644,1.0756364
seq-01/frame-000699,1,0.00951005,0.216440,1690,613,391,0.90,78.45,68.62,13.07,161.03,0.982704281,0.030529538,0.181316872,-0.022009872,-0.7595782,-0.9545381,1.0777721
seq-01/frame-000700,1,0.00707353,0.166651,1657,575,368,0.89,89.64,69.09,6.41,166.02,0.981760402,0.031506528,0.186320836,-0.020937934,-0.7551196,-0.9520958,1.0803713
seq-01/frame-000701,1,0.00682508,0.271491,1770,642,426,0.87,84.14,87.52,8.80,181.33,0.980751244,0.031500522,0.191598019,-0.020613434,-0.7538289,-0.9533979,1.0809506
seq-01/frame-000702,1,0.00995736,0.255969,1824,679,469,0.87,75.59,69.80,10.28,156.55,0.980289873,0.031942718,0.194040510,-0.018965995,-0.7465834,-0.9514672,1.0746685
seq-01/frame-000703,1,0.00732586,0.243431,1702,626,404,0.88,76.72,77.94,19.39,174.93,0.979133954,0.031766102,0.199848353,-0.018661487,-0.7480986,-0.9529592,1.0791959
seq-01/frame-000704,1,0.00559885,0.188109,1892,691,463,0.89,86.60,72.44,10.77,170.71,0.978249195,0.033120235,0.203966802,-0.018141266,-0.7453500,-0.9490211,1.0768336
seq-01/frame-000705,1,0.00912347,0.288686,1829,683,462,0.88,95.17,81.31,5.40,182.76,0.977551319,0.032836592,0.207400386,-0.017327900,-0.7445509,-0.9499998,1.0732691
seq-01/frame-000706,1,0.00946068,0.354987,1813,699,438,0.87,88.21,81.03,6.52,176.64,0.976808528,0.032676354,0.210972845,-0.016365011,-0.7405701,-0.9519608,1.0736759
seq-01/frame-000707,1,0.00690455,0.246965,1798,693,450,1.37,112.59,64.71,17.65,196.33,0.975718969,0.033267927,0.215997602,-0.014518074,-0.7432073,-0.9496767,1.0732627
seq-01/frame-000708,1,0.00518680,0.170823,1689,648,438,1.30,91.61,62.64,5.69,161.24,0.974952282,0.034229861,0.219355437,-0.013399900,-0.7384243,-0.9458098,1.0740193
seq-01/frame-000709,1,0.00548653,0.155293,1690,643,407,0.97,100.56,55.14,5.57,162.24,0.973815832,0.034450625,0.224365984,-0.012481425,-0.7373384,-0.9437303,1.0725738
seq-01/frame-000710,1,0.00367329,0.172651,1719,633,421,0.86,78.89,52.78,11.85,144.39,0.972528021,0.033027077,0.230159251,-0.011188385,-0.7389928,-0.9475326,1.0728050
seq-01/frame-000711,1,0.00511622,0.064735,1768,693,459,0.89,88.49,53.25,9.60,152.23,0.971397938,0.035146344,0.234666836,-0.009069543,-0.7387282,-0.9404829,1.0700999
seq-01/frame-000712,1,0.00952819,0.242566,1644,612,418,0.86,92.76,70.91,5.45,169.98,0.969474593,0.033542569,0.242780775,-0.007169683,-0.7317048,-0.9446980,1.0610576
seq-01/frame-000713,1,0.00729454,0.205261,1683,628,425,0.87,90.22,62.79,9.88,163.76,0.968377637,0.033671723,0.247136751,-0.005864549,-0.7283917,-0.9403559,1.0608942
seq-01/frame-000714,1,0.00670785,0.224299,1699,656,440,1.30,98.90,55.96,10.15,166.32,0.966938690,0.033033536,0.252826314,-0.004148448,-0.7286959,-0.9429320,1.0624287
seq-01/frame-000715,1,0.00541886,0.190405,1624,651,433,0.87,83.59,52.94,10.68,148.07,0.965517377,0.034137949,0.258074934,-0.002850362,-0.7308024,-0.9412917,1.0620200
seq-01/frame-000716,1,0.00720487,0.229667,1805,666,452,0.90,87.05,63.58,8.49,160.02,0.964506450,0.034105346,0.261839330,-0.002073212,-0.7249939,-0.9407181,1.0573610
seq-01/frame-000717,1,0.00382367,0.260517,1858,846,610,0.88,105.34,62.97,5.17,174.37,0.962763844,0.034605699,0.268117260,-0.001166957,-0.7301446,-0.9417902,1.0628738
seq-01/frame-000718,1,0.00283246,0.236178,1979,754,538,0.92,94.23,75.70,6.30,177.15,0.960791969,0.037189925,0.274764460,-0.000438886,-0.7280111,-0.9383692,1.0573004
seq-01/frame-000719,1,0.00495608,0.206005,1964,881,649,0.88,94.18,65.37,7.32,167.75,0.959801996,0.038579001,0.278012541,-0.000903195,-0.7264211,-0.9363712,1.0526599
seq-01/frame-000720,1,0.00244496,0.221269,2017,914,700,0.91,117.14,76.37,8.20,202.63,0.958605890,0.039557400,0.281974301,-0.000672942,-0.7283211,-0.9354162,1.0517815
seq-01/frame-000721,1,0.00468030,0.242109,2024,959,705,0.89,86.56,67.90,6.01,161.35,0.957587557,0.039399391,0.285434165,-0.001047058,-0.7298621,-0.9348376,1.0475937
seq-01/frame-000722,1,0.00316178,0.165367,2055,948,711,0.90,88.77,71.72,7.83,169.22,0.956628760,0.040100598,0.288534683,-0.001045959,-0.7270822,-0.9326776,1.0480178
seq-01/frame-000723,1,0.00474945,0.283190,2247,1106,834,0.91,101.05,73.43,12.76,188.15,0.954849618,0.039318420,0.294474282,-0.001080085,-0.7287566,-0.9329432,1.0438496
seq-01/frame-000724,1,0.00239535,0.137643,2015,991,776,1.30,90.49,74.36,13.26,179.41,0.954120365,0.040478813,0.296672855,-0.001005626,-0.7266223,-0.9307687,1.0397119
seq-01/frame-000725,1,0.00193999,0.227929,2142,1042,797,0.90,89.96,79.21,6.75,176.82,0.953109681,0.041041373,0.299823048,-0.001918820,-0.7277156,-0.9306678,1.0379755
seq-01/frame-000726,1,0.00289550,0.128669,2436,1127,860,0.94,109.39,67.54,10.98,188.85,0.951934062,0.043444535,0.303204480,-0.001075731,-0.7284703,-0.9267965,1.0315855
seq-01/frame-000727,1,0.00344651,0.153470,2449,1196,904,0.89,106.75,88.87,6.81,203.32,0.951578896,0.043974196,0.304236840,-0.001954627,-0.7270518,-0.9273343,1.0284550
seq-01/frame-000728,1,0.00836427,0.227775,2160,1103,843,0.86,114.64,68.20,13.98,197.68,0.950573251,0.047842540,0.306785255,-0.002095954,-0.7309397,-0.9226628,1.0327914
seq-01/frame-000729,1,0.00487970,0.159377,2315,1155,899,1.04,98.00,66.15,8.11,173.30,0.950322410,0.049716117,0.307262277,-0.002348990,-0.7310015,-0.9264948,1.0264482
seq-01/frame-000730,1,0.01097300,0.271834,2043,1036,774,0.95,96.66,75.68,7.34,180.63,0.949757992,0.055819680,0.307942060,-0.003950743,-0.7341261,-0.9186558,1.0180086
seq-01/frame-000731,1,0.01059157,0.269451,2239,895,639,0.87,99.50,90.96,15.60,206.93,0.949629711,0.058803790,0.307744299,-0.006242859,-0.7371966,-0.9170520,1.0146407
seq-01/frame-000732,1,0.01430863,0.325933,2182,1066,829,0.88,86.07,74.96,11.79,173.70,0.950287316,0.061764551,0.305095244,-0.007486642,-0.7347294,-0.9123678,1.0079581
seq-01/frame-000733,1,0.00810631,0.207897,2304,1133,855,0.89,91.30,84.64,12.81,189.65,0.950424650,0.064377822,0.304053175,-0.010007370,-0.7392613,-0.9216514,1.0084098
seq-01/frame-000734,1,0.01176607,0.306870,1920,1003,763,1.16,90.00,59.50,10.98,161.65,0.950209430,0.068253450,0.303881920,-0.009964145,-0.7426839,-0.9192327,1.0065646
seq-01/frame-000735,1,0.01188702,0.305679,2065,1040,806,0.86,81.61,99.99,8.34,190.79,0.950035707,0.072016313,0.303543025,-0.010365209,-0.7428928,-0.9211217,1.0099432
seq-01/frame-000736,1,0.00726982,0.192530,1823,796,578,0.85,88.58,51.41,5.98,146.83,0.949579077,0.077842120,0.303450141,-0.012577439,-0.7424146,-0.9240027,0.9997145
seq-01/frame-000737,1,0.00643081,0.139238,1889,878,634,0.88,84.57,75.70,6.97,168.12,0.948910068,0.082266015,0.304355737,-0.013021927,-0.7439393,-0.9240177,0.9966235
seq-01/frame-000738,1,0.01161814,0.280505,2052,1086,848,0.87,78.27,86.41,11.24,176.79,0.948711348,0.087979719,0.303401309,-0.012409409,-0.7432770,-0.9165708,0.9937247
seq-01/frame-000739,1,0.00896609,0.222029,1903,951,735,0.87,87.49,59.49,9.62,157.48,0.948719337,0.092815527,0.301949243,-0.011981300,-0.7458777,-0.9248810,0.9901837
seq-01/frame-000740,1,0.00924711,0.223882,2098,1032,791,0.90,84.90,72.68,7.57,166.06,0.948369854,0.096756281,0.301809567,-0.011992783,-0.7443810,-0.9227292,0.9889507
seq-01/frame-000741,1,0.01597637,0.411654,1939,967,753,0.85,88.68,74.49,6.14,170.17,0.948343086,0.101995059,0.300181711,-0.011547296,-0.7406503,-0.9162602,0.9868132
seq-01/frame-000742,1,0.01000093,0.225077,1856,961,758,0.86,85.85,55.77,7.56,150.04,0.947726299,0.108717890,0.299803414,-0.010639361,-0.7414930,-0.9218476,0.9768641
seq-01/frame-000743,1,0.00936928,0.226767,2092,1054,802,0.87,96.89,73.53,6.35,177.65,0.946965703,0.111974141,0.300995049,-0.010942058,-0.7396448,-0.9220015,0.9790175
seq-01/frame-000744,1,0.00623088,0.130073,1774,905,716,0.84,86.08,53.43,11.07,151.43,0.946770900,0.114420434,0.300692168,-0.010818827,-0.7352621,-0.9247998,0.9717285
seq-01/frame-000745,1,0.01278886,0.315608,1656,803,611,0.86,80.00,46.03,9.61,136.51,0.945346397,0.119988604,0.302949393,-0.012024537,-0.7399001,-0.9213357,0.9726444
seq-01/frame-000746,1,0.00649252,0.128127,1894,976,727,0.85,95.20,66.51,7.59,170.16,0.944555870,0.125284589,0.303335265,-0.010280855,-0.7332388,-0.9253768,0.9646369
seq-01/frame-000747,1,0.01418859,0.323907,1668,796,612,0.85,76.60,56.17,9.97,143.61,0.943409038,0.130628973,0.304634126,-0.010654039,-0.7340899,-0.9201073,0.9647701
seq-01/frame-000748,1,0.01182117,0.252863,1901,1000,794,0.86,95.45,64.82,13.40,174.53,0.942296897,0.136096880,0.305691170,-0.010349187,-0.7282810,-0.9225048,0.9580001
seq-01/frame-000749,1,0.00831637,0.141616,1612,861,659,0.85,75.36,57.96,10.51,144.68,0.941494555,0.138649644,0.307001606,-0.010690803,-0.7274282,-0.9264998,0.9559976
seq-01/frame-000750,1,0.01683500,0.375699,1786,927,735,0.84,90.11,65.42,7.47,163.84,0.940164869,0.144695986,0.308264433,-0.011230734,-0.7260353,-0.9171514,0.9569448
seq-01/frame-000751,1,0.01050550,0.200884,1669,891,696,0.83,81.89,48.17,8.20,139.09,0.938695263,0.148800814,0.310715162,-0.012868897,-0.7219203,-0.9243938,0.9515397
seq-01/frame-000752,1,0.00976205,0.189484,1617,819,643,0.85,79.90,44.11,6.31,131.16,0.937598515,0.153097809,0.311961872,-0.012242426,-0.7221488,-0.9253840,0.9527110
seq-01/frame-000753,1,0.01234939,0.242474,1762,927,725,0.84,97.77,64.66,12.07,175.35,0.936265906,0.158977847,0.312938265,-0.014207011,-0.7166478,-0.9240258,0.9482573
seq-01/frame-000754,1,0.01371588,0.296602,1479,757,572,0.83,68.00,47.89,13.84,130.56,0.934974671,0.162813043,0.314757248,-0.015561206,-0.7177285,-0.9229521,0.9482344
seq-01/frame-000755,1,0.01150811,0.174723,1831,959,755,0.86,92.58,71.01,11.39,175.85,0.933939265,0.167562653,0.315163846,-0.018760501,-0.7132795,-0.9290909,0.9413588
seq-01/frame-000756,1,0.00964606,0.140907,1589,790,601,0.84,87.54,57.79,10.87,157.04,0.933272353,0.169618339,0.315991116,-0.019543511,-0.7124619,-0.9323221,0.9414204
seq-01/frame-000757,1,0.01133092,0.205156,1773,950,728,0.86,95.77,60.90,7.97,165.50,0.931724161,0.176599792,0.316483698,-0.023252322,-0.7098410,-0.9292951,0.9423693
seq-01/frame-000758,1,0.01061556,0.147798,1606,858,662,0.84,90.36,62.97,11.56,165.73,0.930808186,0.179345814,0.317531692,-0.024593176,-0.7124148,-0.9293992,0.9452082
seq-01/frame-000759,1,0.01116960,0.227106,1862,983,752,0.90,105.44,65.99,8.42,180.75,0.930709117,0.182231519,0.315986278,-0.026923691,-0.7063459,-0.9306069,0.9388822
seq-01/frame-000760,1,0.01176600,0.227626,1603,821,626,0.83,91.10,62.14,8.24,162.31,0.930240079,0.184308100,0.316056391,-0.028147418,-0.7067028,-0.9311599,0.9449639
seq-01/frame-000761,1,0.00989965,0.159371,1898,978,761,0.90,112.11,82.97,8.61,204.60,0.929768911,0.189235705,0.314345019,-0.030113613,-0.7049977,-0.9311645,0.9445370
seq-01/frame-000762,1,0.00896017,0.263711,1741,841,645,0.85,94.46,63.92,11.92,171.15,0.929832554,0.188583119,0.314314966,-0.032464302,-0.7040573,-0.9371739,0.9459569
seq-01/frame-000763,1,0.01446138,0.298201,1573,818,627,0.83,99.30,59.31,6.68,166.12,0.929184015,0.192048691,0.313897367,-0.034681540,-0.7045529,-0.9343239,0.9435694
seq-01/frame-000764,1,0.01044289,0.192005,1877,953,717,0.89,95.42,65.51,6.40,168.23,0.928529971,0.196307746,0.312915045,-0.037142121,-0.7068927,-0.9295369,0.9523162
seq-01/frame-000765,1,0.01211770,0.313241,1460,719,537,0.84,82.03,37.71,10.34,130.92,0.928924973,0.196214265,0.311547453,-0.039198742,-0.7009649,-0.9411548,0.9501720
seq-01/frame-000766,1,0.01283326,0.207396,1805,892,682,0.89,89.47,56.75,7.80,154.91,0.926655605,0.203817744,0.312757607,-0.044163282,-0.7045284,-0.9323047,0.9519465
seq-01/frame-000767,1,0.01398623,0.279049,1703,858,642,0.86,94.07,86.80,20.16,201.89,0.926654086,0.203756957,0.312549788,-0.045912269,-0.7020415,-0.9377330,0.9485602
seq-01/frame-000768,1,0.01695074,0.295551,1604,795,632,1.43,79.60,83.28,21.63,185.93,0.925523507,0.207957886,0.312936161,-0.047230440,-0.7022839,-0.9318009,0.9517369
seq-01/frame-000769,1,0.01334311,0.281057,1593,776,598,0.88,88.59,83.84,9.86,183.17,0.924154443,0.212784311,0.312889636,-0.052549759,-0.7024781,-0.9360234,0.9548271
seq-01/frame-000770,1,0.01500495,0.308802,1528,796,623,0.84,88.04,87.98,8.61,185.47,0.923873408,0.214526581,0.312239224,-0.054248854,-0.7005779,-0.9381606,0.9503565
seq-01/frame-000771,1,0.01134337,0.195417,1753,890,684,1.30,103.06,72.90,13.94,191.20,0.923058944,0.216314703,0.313311913,-0.054825007,-0.7028351,-0.9382098,0.9527701
seq-01/frame-000772,1,0.01201271,0.211878,1427,712,535,0.82,121.09,49.64,16.49,188.04,0.921593804,0.220945291,0.314076037,-0.056606370,-0.7023213,-0.9356629,0.9565600
seq-01/frame-000773,1,0.01285649,0.259533,1537,799,619,0.81,115.31,62.46,14.92,193.50,0.921466134,0.223595163,0.312459643,-0.057221835,-0.7005154,-0.9392485,0.9522734
seq-01/frame-000774,1,0.00812891,0.096949,1759,892,677,0.89,123.42,77.49,15.87,217.67,0.921027832,0.224298949,0.313175554,-0.057608911,-0.7054860,-0.9397005,0.9533638
seq-01/frame-000775,1,0.01422885,0.213744,1430,728,568,0.82,103.71,60.04,16.60,181.17,0.919250670,0.230177677,0.314042928,-0.058081692,-0.7023692,-0.9328973,0.9573028
seq-01/frame-000776,1,0.01021487,0.165854,1664,824,613,0.86,113.76,79.14,8.57,202.33,0.919552000,0.231177848,0.312495523,-0.057684232,-0.7000811,-0.9384420,0.9498835
seq-01/frame-000777,1,0.01057081,0.166978,1691,841,632,3.63,103.27,61.60,14.83,183.33,0.919306458,0.232599196,0.312302467,-0.056924684,-0.6999032,-0.9372083,0.9487373
seq-01/frame-000778,1,0.01334821,0.259474,1441,701,505,0.82,104.04,50.60,6.25,161.71,0.919152669,0.233943615,0.311848702,-0.056383892,-0.6994623,-0.9430167,0.9460021
seq-01/frame-000779,1,0.01268337,0.247973,1591,769,590,0.85,109.85,59.48,12.94,183.12,0.917958818,0.239763733,0.311214136,-0.054870055,-0.6990592,-0.9414283,0.9446412
seq-01/frame-000780,1,0.01370312,0.237353,1517,752,582,0.84,90.01,48.32,5.96,145.14,0.917263123,0.242992975,0.310677578,-0.055337334,-0.6966349,-0.9377401,0.9450945
seq-01/frame-000781,1,0.01195689,0.194697,1451,729,549,0.85,85.64,45.55,10.80,142.85,0.916776016,0.245059423,0.310722630,-0.054028358,-0.6980518,-0.9429592,0.9462082
seq-01/frame-000782,1,0.01393578,0.259601,1512,721,530,0.83,90.32,48.94,19.27,159.37,0.915637264,0.251048863,0.309408253,-0.053379794,-0.6985485,-0.9450437,0.9442236
seq-01/frame-000783,1,0.01460886,0.298718,1516,723,520,0.97,84.58,43.94,13.57,143.06,0.915286900,0.254593825,0.307528233,-0.053462707,-0.6941363,-0.9392617,0.9420611
seq-01/frame-000784,1,0.01540587,0.259515,1258,564,405,0.82,81.36,44.67,7.92,134.77,0.914351741,0.257512652,0.307831002,-0.053742000,-0.6980962,-0.9421126,0.9429635
seq-01/frame-000785,1,0.01961242,0.401021,1322,635,460,0.81,74.66,47.33,12.13,134.94,0.913935484,0.262418281,0.304996891,-0.053249170,-0.6920909,-0.9384824,0.9376454
seq-01/frame-000786,1,0.01809930,0.310119,1313,609,446,0.81,94.30,45.90,9.25,150.27,0.913078929,0.267071821,0.303783512,-0.051721261,-0.6941525,-0.9401958,0.9366471
seq-01/frame-000787,1,0.02050759,0.394409,1301,606,438,0.82,78.95,39.90,10.42,130.09,0.912732205,0.269934243,0.302472891,-0.050651511,-0.6922141,-0.9430015,0.9330305
seq-01/frame-000788,1,0.02580389,0.408436,1408,650,459,1.01,78.63,46.75,8.23,134.63,0.912314566,0.273371454,0.300818859,-0.049580181,-0.6946352,-0.9362848,0.9248134
seq-01/frame-000789,1,0.01897094,0.271830,1260,598,441,0.82,69.61,47.72,5.77,123.92,0.911810705,0.275348120,0.300634144,-0.049028191,-0.6970533,-0.9372529,0.9315484
seq-01/frame-000790,1,0.02337451,0.419432,1185,554,383,0.80,68.31,37.94,6.02,113.07,0.911882539,0.279905402,0.296503728,-0.046997241,-0.6957922,-0.9375049,0.9267882
seq-01/frame-000791,1,0.03014552,0.657501,1094,492,354,0.81,62.69,40.12,11.30,114.91,0.912512396,0.281929952,0.292814843,-0.045783151,-0.6900830,-0.9424458,0.9203417
seq-01/frame-000792,1,0.01303215,0.345756,1046,465,327,0.80,73.36,40.88,6.83,121.88,0.910712595,0.288249168,0.292729293,-0.042714721,-0.6926201,-0.9363903,0.9388543
seq-01/frame-000793,1,0.02165254,0.424608,786,347,249,0.76,60.21,27.95,11.36,100.29,0.910972506,0.292467693,0.287691473,-0.042724206,-0.6929880,-0.9351480,0.9247121
seq-01/frame-000794,1,0.01392594,0.280295,1149,520,361,0.81,65.94,39.86,8.50,115.12,0.910784230,0.293408903,0.287361212,-0.042506887,-0.6978545,-0.9416499,0.9262082
seq-01/frame-000795,1,0.03381617,0.635055,1098,457,316,1.59,85.21,34.46,7.81,129.08,0.911274120,0.294981437,0.284076072,-0.043199704,-0.6946103,-0.9398116,0.9085406
seq-01/frame-000796,1,0.01518917,0.225390,1081,463,323,0.79,78.34,28.99,7.97,116.10,0.908287015,0.304765702,0.283305534,-0.043249737,-0.6982398,-0.9361334,0.9197530
seq-01/frame-000797,1,0.02264039,0.589251,905,330,212,0.78,71.33,27.46,11.42,111.00,0.909517965,0.303418147,0.280489424,-0.045168381,-0.6940531,-0.9519115,0.9133643
seq-01/frame-000798,1,0.01853475,0.542310,790,317,208,0.77,64.63,25.29,7.01,97.70,0.908012609,0.307363493,0.280255897,-0.049974171,-0.6993864,-0.9507109,0.9160146
seq-01/frame-000799,1,0.03377046,0.536052,1060,460,321,0.81,71.18,40.28,9.80,122.08,0.905985394,0.316074849,0.277662135,-0.046806984,-0.6994755,-0.9218165,0.9001488
seq-01/frame-000800,1,0.02682028,0.425438,1095,437,306,1.02,76.82,32.59,7.10,117.53,0.906654205,0.313748662,0.277828103,-0.048492000,-0.6987774,-0.9361412,0.9013989
seq-01/frame-000801,1,0.01947672,0.352477,842,310,202,0.76,62.19,31.09,9.30,103.35,0.905264206,0.316859668,0.278536578,-0.050140234,-0.7014780,-0.9429987,0.9126571
seq-01/frame-000802,1,0.02714912,0.420069,789,341,226,0.78,57.24,23.17,13.30,94.49,0.904455818,0.320897500,0.276380560,-0.050973066,-0.7012595,-0.9393413,0.8972223
seq-01/frame-000803,1,0.01179114,0.317398,931,403,250,1.31,65.37,26.07,5.96,98.70,0.901890204,0.326514520,0.277645073,-0.053810240,-0.7087793,-0.9412630,0.9165236
seq-01/frame-000804,1,0.03725635,0.655147,1040,387,237,0.83,63.27,28.51,4.82,97.45,0.902943979,0.329482888,0.270763702,-0.053105698,-0.6980470,-0.9257828,0.8852146
seq-01/frame-000805,1,0.01524595,0.518741,971,353,223,0.82,69.94,26.86,7.61,105.23,0.900401199,0.332407668,0.275904756,-0.051569262,-0.7106599,-0.9291806,0.9134891
seq-01/frame-000806,1,0.03483045,0.770714,856,287,156,0.78,61.61,27.94,8.99,99.32,0.903437154,0.330457866,0.267685974,-0.054250595,-0.6899770,-0.9384914,0.8845025
seq-01/frame-000807,1,0.04407827,0.677506,658,257,146,0.75,47.72,22.94,10.18,81.60,0.902563155,0.333757730,0.266291878,-0.055445147,-0.7026292,-0.9332270,0.8797361
seq-01/frame-000808,1,0.01874819,0.658213,817,291,182,0.77,73.06,22.59,5.57,101.99,0.898119995,0.341778496,0.271552852,-0.053169377,-0.7122620,-0.9256900,0.9185682
seq-01/frame-000809,1,0.02024964,0.249631,832,306,176,0.76,79.24,25.04,9.34,114.39,0.899472793,0.340778888,0.267292995,-0.058076667,-0.7101977,-0.9347535,0.8979401
seq-01/frame-000810,1,0.01769530,0.406431,730,264,155,0.76,59.50,28.23,9.32,97.82,0.898939560,0.343701552,0.265808301,-0.055882536,-0.7136176,-0.9347637,0.9055208
seq-01/frame-000811,1,0.01419266,0.317972,744,280,155,0.76,76.50,37.70,11.12,126.08,0.898400247,0.346928289,0.263208725,-0.056911557,-0.7103701,-0.9292606,0.9100560
seq-01/frame-000812,1,0.01725548,0.333487,837,315,186,0.77,71.54,28.19,8.32,108.82,0.900266316,0.345005683,0.259381793,-0.056680896,-0.7095208,-0.9386611,0.8961140
seq-01/frame-000813,1,0.03399862,0.534490,962,312,172,0.78,71.36,22.93,5.53,100.60,0.901271017,0.345002167,0.256032008,-0.055961320,-0.7097664,-0.9310829,0.8789591
seq-01/frame-000814,1,0.02427233,0.424162,881,296,152,0.79,62.88,32.11,12.98,108.76,0.900999485,0.344424641,0.257794309,-0.055800436,-0.7170261,-0.9402990,0.8936839
seq-01/frame-000815,1,0.03301951,0.497254,851,270,152,0.79,58.66,30.22,5.57,95.24,0.900863117,0.348069852,0.253518408,-0.054967614,-0.7120411,-0.9238585,0.8861160
seq-01/frame-000816,1,0.02799381,0.572876,786,236,109,0.77,60.48,48.32,6.57,116.14,0.901344334,0.349489165,0.250053204,-0.053936172,-0.7079696,-0.9216099,0.8932781
seq-01/frame-000817,1,0.00852329,0.300098,696,201,107,0.75,54.01,22.56,15.84,93.16,0.901415109,0.349145279,0.250186673,-0.054359958,-0.7133876,-0.9341836,0.9153183
seq-01/frame-000818,1,0.03812115,0.792061,835,236,113,0.75,59.53,44.54,7.90,112.73,0.904600474,0.348192385,0.239831766,-0.054228868,-0.6998564,-0.9272392,0.8800667
seq-01/frame-000819,1,0.02275966,0.505305,760,281,158,0.77,56.08,34.37,7.11,98.32,0.905464566,0.345341595,0.240727596,-0.054067800,-0.7073497,-0.9370535,0.8930074
seq-01/frame-000820,1,0.01043107,0.336942,831,262,138,0.75,56.59,35.03,11.73,104.11,0.904129939,0.349193573,0.240501567,-0.052648828,-0.7130602,-0.9320192,0.9133999
seq-01/frame-000821,1,0.01361704,0.343682,774,276,157,0.77,67.20,22.60,11.01,101.58,0.905955306,0.346870420,0.236586139,-0.054340535,-0.7136389,-0.9428971,0.9055391
seq-01/frame-000822,1,0.01231781,0.180314,792,261,137,1.19,53.58,25.78,9.14,89.69,0.905195498,0.350303986,0.234359969,-0.054622636,-0.7159480,-0.9292898,0.9156805
seq-01/frame-000823,1,0.01225498,0.265348,715,189,78,0.76,61.44,22.30,11.89,96.40,0.906121665,0.352494932,0.227364726,-0.054736934,-0.7199694,-0.9330049,0.9228659
seq-01/frame-000824,1,0.01637419,0.314086,655,215,100,0.75,63.02,23.71,13.97,101.45,0.906785757,0.353956986,0.222399935,-0.054702025,-0.7241279,-0.9286002,0.9137820
seq-01/frame-000825,1,0.02848737,0.255990,572,168,67,0.74,51.05,18.68,21.89,92.36,0.907146023,0.357735121,0.214568133,-0.055427364,-0.7254001,-0.9167896,0.9043660
seq-01/frame-000826,1,0.01584757,0.371872,640,207,93,0.76,69.45,27.04,5.93,103.18,0.909858152,0.354161852,0.208258160,-0.057931545,-0.7235056,-0.9349316,0.9028983
seq-01/frame-000827,1,0.01513630,0.643649,719,233,109,0.78,58.78,30.62,9.35,99.54,0.911831410,0.351001708,0.204895614,-0.058129760,-0.7196370,-0.9440009,0.9028897
seq-01/frame-000828,1,0.00772634,0.295858,604,185,79,1.95,65.31,22.84,15.42,105.53,0.911505657,0.354134570,0.201352761,-0.056596910,-0.7208641,-0.9365766,0.9112496
seq-01/frame-000829,1,0.01248757,0.404764,552,159,78,0.74,59.97,14.69,7.63,83.04,0.912965739,0.354357815,0.194171505,-0.056758475,-0.7196684,-0.9366387,0.9032476
seq-01/frame-000830,1,0.04321615,1.415269,675,191,57,0.77,67.65,24.81,8.65,101.88,0.916876528,0.349983002,0.183007432,-0.057944895,-0.6998621,-0.9575454,0.8846327
seq-01/frame-000831,1,0.01456102,0.307320,593,152,61,0.74,64.46,18.82,10.69,94.71,0.912074431,0.360292434,0.188046251,-0.054297345,-0.7341357,-0.9326327,0.9171235
seq-01/frame-000832,1,0.01787054,0.065838,638,173,67,0.76,63.45,23.75,12.79,100.75,0.912800014,0.362378077,0.180089190,-0.055191914,-0.7317833,-0.9308626,0.8999587
seq-01/frame-000833,1,0.00402413,0.177529,706,168,61,0.78,66.50,19.22,14.89,101.40,0.913146100,0.363886989,0.175045879,-0.055761991,-0.7297243,-0.9344190,0.9111238
seq-01/frame-000834,1,0.00474811,0.420089,594,135,37,0.77,58.98,20.54,17.64,97.94,0.913886972,0.364826272,0.168596535,-0.057337621,-0.7324557,-0.9381165,0.9111132
seq-01/frame-000835,1,0.01386926,0.614008,516,155,60,1.49,57.93,12.39,11.28,83.10,0.916083216,0.363753946,0.159134884,-0.056131075,-0.7349603,-0.9495679,0.8944754
seq-01/frame-000836,1,0.00605724,0.257390,564,178,65,0.78,52.69,21.95,7.29,82.72,0.915045810,0.368599093,0.153892603,-0.056061941,-0.7376690,-0.9332324,0.9072971
seq-01/frame-000837,1,0.04745156,1.768616,601,147,53,0.77,55.05,22.61,9.25,87.69,0.920098036,0.359095901,0.144259956,-0.060488033,-0.7211382,-0.9735155,0.8839739
seq-01/frame-000838,1,0.02690328,0.372633,550,164,68,0.90,70.18,18.28,6.60,95.96,0.915219018,0.372170816,0.142685958,-0.059192485,-0.7524008,-0.9290141,0.8937517
seq-01/frame-000839,1,0.02691638,0.895317,555,167,58,1.12,62.70,13.96,7.51,85.29,0.917115548,0.368618323,0.139752628,-0.059066117,-0.7614337,-0.9497528,0.9033656
seq-01/frame-000840,1,0.01567382,0.555139,529,154,71,1.13,62.93,13.66,11.13,88.86,0.917647033,0.372146240,0.126168273,-0.059267749,-0.7349292,-0.9383746,0.8921223
seq-01/frame-000841,1,0.00974852,0.467304,426,120,53,1.23,57.33,16.02,10.97,85.55,0.916511308,0.376313469,0.120968109,-0.061334429,-0.7375029,-0.9466907,0.9040882
seq-01/frame-000842,1,0.01510439,0.307156,523,135,54,0.83,56.25,11.47,13.47,82.02,0.915586221,0.381815858,0.112336702,-0.057436816,-0.7417452,-0.9222635,0.8876261
seq-01/frame-000843,1,0.01213948,0.359579,617,153,48,0.77,61.28,15.07,10.09,87.21,0.916774807,0.379149687,0.111020631,-0.058684649,-0.7508591,-0.9361634,0.9025396
seq-01/frame-000844,1,0.01354267,0.735146,689,157,48,0.78,63.65,26.14,10.51,101.09,0.918121280,0.376794033,0.107277202,-0.059759302,-0.7518167,-0.9468610,0.8989256
seq-01/frame-000845,1,0.00847167,0.238150,529,123,39,2.00,66.48,22.55,10.08,101.12,0.916687955,0.381922353,0.102312779,-0.057884401,-0.7530539,-0.9335517,0.8922249
seq-01/frame-000846,1,0.01134309,0.304150,500,128,36,0.75,53.40,21.09,15.40,90.64,0.914895842,0.387171981,0.098308077,-0.058300751,-0.7574209,-0.9262686,0.8982413
seq-01/frame-000847,1,0.09404043,2.753830,496,124,31,0.75,58.08,15.82,13.88,88.53,0.906395838,0.404250546,0.108741030,-0.056599198,-0.8090843,-0.8906294,0.9587718
seq-01/frame-000848,1,0.00385787,0.239665,611,137,39,0.79,55.90,14.32,12.56,83.58,0.915369276,0.388602885,0.087512305,-0.058553240,-0.7547264,-0.9344214,0.8904819
seq-01/frame-000849,1,0.01036099,0.228019,656,159,40,0.77,53.08,15.73,10.78,80.36,0.915069679,0.390200651,0.082772957,-0.059494299,-0.7582305,-0.9238639,0.8890753
seq-01/frame-000850,1,0.02971034,0.677957,822,195,47,0.95,63.17,25.89,15.10,105.11,0.915417233,0.391643638,0.073869734,-0.056301084,-0.7320077,-0.9273524,0.8804509
seq-01/frame-000851,1,0.05895384,2.776513,728,153,28,0.78,55.05,23.37,23.70,102.91,0.909727938,0.407579634,0.066446384,-0.043113799,-0.7329039,-0.8846414,0.8708611
seq-01/frame-000852,1,0.02011869,0.949616,560,135,37,1.27,65.90,18.83,12.55,98.56,0.917379249,0.386590132,0.072650025,-0.060707143,-0.7582985,-0.9516688,0.8793376
seq-01/frame-000853,1,0.07509251,2.260011,685,173,39,0.78,64.42,20.92,18.57,104.69,0.907088358,0.411108607,0.071325411,-0.055615734,-0.7610276,-0.8678913,0.9217408
seq-01/frame-000854,1,0.07508713,2.257104,685,173,39,0.77,50.87,18.33,12.16,82.14,0.907088358,0.411108607,0.071325411,-0.055615734,-0.7610276,-0.8678913,0.9217408
seq-01/frame-000855,1,0.08547590,2.391181,618,135,26,1.11,58.58,15.00,21.41,96.11,0.920755050,0.383075467,0.047357924,-0.056749895,-0.6968625,-0.9495589,0.8327365
seq-01/frame-000856,1,0.00805131,0.537796,588,139,43,0.76,67.35,21.81,17.02,106.94,0.916621457,0.391058414,0.058352951,-0.058935171,-0.7568969,-0.9337290,0.8807117
seq-01/frame-000857,1,0.07055112,1.969351,636,149,29,0.76,53.14,18.53,15.23,87.67,0.921084552,0.382982663,0.042436344,-0.055916769,-0.7353666,-0.9462103,0.8181298
seq-01/frame-000858,1,0.07055848,1.970617,636,149,29,0.77,59.45,22.02,13.93,96.18,0.921084552,0.382982663,0.042436344,-0.055916769,-0.7353666,-0.9462103,0.8181298
seq-01/frame-000859,1,0.14604616,2.487129,628,136,26,0.78,56.47,17.68,22.81,97.75,0.918948094,0.389488554,0.051295237,-0.034667935,-0.8423847,-0.9096319,0.7569616
seq-01/frame-000860,1,0.09012215,2.384117,687,163,35,1.28,54.17,21.99,16.88,94.33,0.916103255,0.396359687,0.026007148,-0.054566049,-0.6916673,-0.8899014,0.8468016
seq-01/frame-000861,1,0.09055643,2.391406,687,163,35,0.78,64.73,21.75,23.49,110.76,0.916103255,0.396359687,0.026007148,-0.054566049,-0.6916673,-0.8899014,0.8468016
seq-01/frame-000862,1,0.08913829,2.580419,858,174,44,0.79,60.89,24.27,17.71,103.67,0.923522804,0.378611380,0.026289937,-0.055388568,-0.7085594,-0.9521880,0.8148613
seq-01/frame-000863,1,0.04780176,1.196250,851,159,28,0.81,63.44,28.60,14.80,107.65,0.913537606,0.400474857,0.043401032,-0.056438296,-0.7564908,-0.8901623,0.9097659
seq-01/frame-000864,1,0.07240813,2.048851,725,163,26,0.79,60.04,21.70,28.01,110.55,0.916301216,0.393144318,0.056688320,-0.051147450,-0.8364587,-0.9064982,0.8911017
seq-01/frame-000865,1,0.02093894,0.594243,819,171,25,0.79,64.13,29.21,15.90,110.04,0.920343450,0.385471514,0.036893475,-0.054941029,-0.7641928,-0.9308497,0.8664611
seq-01/frame-000866,0,-1.00000000,-1.000000,677,121,0,0.79,53.51,14.85,14.32,83.47,0.000000000,0.000000000,0.000000000,0.000000000,0.0000000,0.0000000,0.0000000
seq-01/frame-000867,0,-1.00000000,-1.000000,677,121,0,0.75,56.75,29.27,18.83,105.60,0.000000000,0.000000000,0.000000000,0.000000000,0.0000000,0.0000000,0.0000000
seq-01/frame-000868,1,0.08145704,2.352492,748,140,18,0.79,57.10,21.68,17.33,96.90,0.921681294,0.383472369,0.012675444,-0.057374809,-0.6948703,-0.9426917,0.8423117
seq-01/frame-000869,0,-1.00000000,-1.000000,724,139,0,0.78,58.92,32.49,14.58,106.77,0.000000000,0.000000000,0.000000000,0.000000000,0.0000000,0.0000000,0.0000000
seq-01/frame-000870,0,-1.00000000,-1.000000,637,123,0,0.78,59.62,18.12,13.93,92.45,0.000000000,0.000000000,0.000000000,0.000000000,0.0000000,0.0000000,0.0000000
seq-01/frame-000871,1,0.01972333,0.507210,537,135,29,0.76,42.67,19.44,18.67,81.54,0.917105208,0.394218261,0.019026433,-0.056106987,-0.7659825,-0.9362784,0.9032584
seq-01/frame-000872,1,0.01962660,0.502598,537,135,29,0.76,56.49,14.66,25.07,96.99,0.917105208,0.394218261,0.019026433,-0.056106987,-0.7659825,-0.9362784,0.9032584
seq-01/frame-000873,0,-1.00000000,-1.000000,575,116,0,0.77,56.18,15.22,13.88,86.06,0.000000000,0.000000000,0.000000000,0.000000000,0.0000000,0.0000000,0.0000000
seq-01/frame-000874,1,0.09401321,2.794877,713,165,33,0.80,66.29,15.61,27.31,110.02,0.922971510,0.380709157,-0.009866738,-0.055558777,-0.7038227,-0.9652151,0.8197089
seq-01/frame-000875,0,-1.00000000,-1.000000,707,147,0,0.79,77.41,21.13,19.28,118.61,0.000000000,0.000000000,0.000000000,0.000000000,0.0000000,0.0000000,0.0000000
seq-01/frame-000876,0,-1.00000000,-1.000000,707,147,0,0.74,59.24,20.05,21.23,101.25,0.000000000,0.000000000,0.000000000,0.000000000,0.0000000,0.0000000,0.0000000
seq-01/frame-000877,0,-1.00000000,-1.000000,638,128,0,0.78,48.44,21.75,19.92,90.90,0.000000000,0.000000000,0.000000000,0.000000000,0.0000000,0.0000000,0.0000000
seq-01/frame-000878,0,-1.00000000,-1.000000,696,140,0,0.79,62.96,19.92,16.47,100.14,0.000000000,0.000000000,0.000000000,0.000000000,0.0000000,0.0000000,0.0000000
seq-01/frame-000879,0,-1.00000000,-1.000000,692,153,0,0.80,59.34,20.48,21.95,102.57,0.000000000,0.000000000,0.000000000,0.000000000,0.0000000,0.0000000,0.0000000
seq-01/frame-000880,0,-1.00000000,-1.000000,769,164,0,0.79,53.93,19.94,24.01,98.68,0.000000000,0.000000000,0.000000000,0.000000000,0.0000000,0.0000000,0.0000000
seq-01/frame-000881,0,-1.00000000,-1.000000,769,164,0,0.79,56.93,19.54,18.23,95.49,0.000000000,0.000000000,0.000000000,0.000000000,0.0000000,0.0000000,0.0000000
seq-01/frame-000882,0,-1.00000000,-1.000000,699,142,0,0.77,64.38,22.09,13.98,101.22,0.000000000,0.000000000,0.000000000,0.000000000,0.0000000,0.0000000,0.0000000
seq-01/frame-000883,0,-1.00000000,-1.000000,542,109,0,0.75,47.87,17.94,22.81,89.37,0.000000000,0.000000000,0.000000000,0.000000000,0.0000000,0.0000000,0.0000000
seq-01/frame-000884,0,-1.00000000,-1.000000,696,133,0,0.76,70.12,19.47,16.56,106.90,0.000000000,0.000000000,0.000000000,0.000000000,0.0000000,0.0000000,0.0000000
seq-01/frame-000885,0,-1.00000000,-1.000000,696,133,0,0.72,68.24,28.60,17.24,114.80,0.000000000,0.000000000,0.000000000,0.000000000,0.0000000,0.0000000,0.0000000
seq-01/frame-000886,0,-1.00000000,-1.000000,724,148,0,0.76,58.17,18.69,16.46,94.08,0.000000000,0.000000000,0.000000000,0.000000000,0.0000000,0.0000000,0.0000000
seq-01/frame-000887,0,-1.00000000,-1.000000,717,132,0,0.76,77.69,21.25,18.03,117.74,0.000000000,0.000000000,0.000000000,0.000000000,0.0000000,0.0000000,0.0000000
seq-01/frame-000888,0,-1.00000000,-1.000000,760,145,0,0.77,60.92,16.81,28.45,106.95,0.000000000,0.000000000,0.000000000,0.000000000,0.0000000,0.0000000,0.0000000
seq-01/frame-000889,0,-1.00000000,-1.000000,760,145,0,0.73,51.03,25.08,14.66,91.49,0.000000000,0.000000000,0.000000000,0.000000000,0.0000000,0.0000000,0.0000000
seq-01/frame-000890,0,-1.00000000,-1.000000,865,147,0,0.81,54.16,18.36,19.29,92.64,0.000000000,0.000000000,0.000000000,0.000000000,0.0000000,0.0000000,0.0000000
seq-01/frame-000891,0,-1.00000000,-1.000000,781,138,0,0.78,65.59,21.52,13.75,101.65,0.000000000,0.000000000,0.000000000,0.000000000,0.0000000,0.0000000,0.0000000
seq-01/frame-000892,0,-1.00000000,-1.000000,777,162,0,0.76,61.66,23.94,22.64,109.00,0.000000000,0.000000000,0.000000000,0.000000000,0.0000000,0.0000000,0.0000000
seq-01/frame-000893,0,-1.00000000,-1.000000,777,162,0,0.81,63.72,21.47,19.94,105.93,0.000000000,0.000000000,0.000000000,0.000000000,0.0000000,0.0000000,0.0000000
seq-01/frame-000894,0,-1.00000000,-1.000000,775,143,0,0.78,48.64,28.19,19.31,96.92,0.000000000,0.000000000,0.000000000,0.000000000,0.0000000,0.0000000,0.0000000
seq-01/frame-000895,1,0.01091593,0.405550,852,163,32,0.79,60.22,28.31,17.24,106.56,0.924118913,0.377369130,-0.036437540,-0.047634864,-0.7383093,-0.9418839,0.8893541
seq-01/frame-000896,0,-1.00000000,-1.000000,766,155,0,0.78,55.17,27.74,16.13,99.83,0.000000000,0.000000000,0.000000000,0.000000000,0.0000000,0.0000000,0.0000000
seq-01/frame-000897,1,0.02073823,0.926429,790,167,27,0.77,64.99,23.99,28.67,118.42,0.923442076,0.377293530,-0.045731812,-0.053037014,-0.7157328,-0.9238874,0.8775652
seq-01/frame-000898,1,0.02079654,0.930704,790,167,27,2.45,76.19,21.73,33.99,134.37,0.923442076,0.377293530,-0.045731812,-0.053037014,-0.7157328,-0.9238874,0.8775652
seq-01/frame-000899,0,-1.00000000,-1.000000,907,182,0,0.78,58.25,26.52,29.63,115.18,0.000000000,0.000000000,0.000000000,0.000000000,0.0000000,0.0000000,0.0000000
seq-01/frame-000900,0,-1.00000000,-1.000000,789,145,0,1.31,66.46,27.79,20.95,116.52,0.000000000,0.000000000,0.000000000,0.000000000,0.0000000,0.0000000,0.0000000
seq-01/frame-000901,0,-1.00000000,-1.000000,892,171,0,0.78,58.13,20.61,19.09,98.62,0.000000000,0.000000000,0.000000000,0.000000000,0.0000000,0.0000000,0.0000000
seq-01/frame-000902,0,-1.00000000,-1.000000,892,171,0,0.80,74.48,29.16,19.04,123.47,0.000000000,0.000000000,0.000000000,0.000000000,0.0000000,0.0000000,0.0000000
seq-01/frame-000903,0,-1.00000000,-1.000000,929,175,0,2.28,62.97,26.40,16.14,107.79,0.000000000,0.000000000,0.000000000,0.000000000,0.0000000,0.0000000,0.0000000
seq-01/frame-000904,0,-1.00000000,-1.000000,953,178,0,0.79,66.03,41.75,19.75,128.32,0.000000000,0.000000000,0.000000000,0.000000000,0.0000000,0.0000000,0.0000000
seq-01/frame-000905,0,-1.00000000,-1.000000,888,159,0,0.79,68.84,25.38,25.66,120.68,0.000000000,0.000000000,0.000000000,0.000000000,0.0000000,0.0000000,0.0000000
seq-01/frame-000906,0,-1.00000000,-1.000000,977,158,0,0.82,75.61,28.91,15.04,120.39,0.000000000,0.000000000,0.000000000,0.000000000,0.0000000,0.0000000,0.0000000
seq-01/frame-000907,0,-1.00000000,-1.000000,977,158,0,0.82,76.20,28.02,21.73,126.78,0.000000000,0.000000000,0.000000000,0.000000000,0.0000000,0.0000000,0.0000000
seq-01/frame-000908,1,0.02286708,0.833844,958,199,43,1.10,56.47,21.72,17.29,96.59,0.925791742,0.370229664,-0.059943543,-0.047396384,-0.7145703,-0.9381141,0.8670777
seq-01/frame-000909,0,-1.00000000,-1.000000,1017,188,0,0.83,71.12,39.74,17.80,129.49,0.000000000,0.000000000,0.000000000,0.000000000,0.0000000,0.0000000,0.0000000
seq-01/frame-000910,1,0.02543815,1.225889,1069,229,28,0.81,66.63,34.74,17.39,119.57,0.925445488,0.370203704,-0.062040115,-0.051486796,-0.7066498,-0.9481772,0.9072226
seq-01/frame-000911,1,0.02526832,1.221154,1069,229,28,0.81,77.31,31.35,16.88,126.36,0.925445488,0.370203704,-0.062040115,-0.051486796,-0.7066498,-0.9481772,0.9072226
seq-01/frame-000912,1,0.00979979,0.552973,864,178,25,0.79,55.76,20.56,25.44,102.55,0.925638099,0.370379094,-0.063463080,-0.044563148,-0.7174949,-0.9343002,0.8875061
seq-01/frame-000913,0,-1.00000000,-1.000000,1019,173,0,0.81,60.72,29.94,15.92,107.39,0.000000000,0.000000000,0.000000000,0.000000000,0.0000000,0.0000000,0.0000000
seq-01/frame-000914,1,0.05766661,0.594942,1072,196,31,0.85,69.82,44.44,21.94,137.05,0.926069586,0.367809518,-0.071379958,-0.044901911,-0.6929667,-0.9184658,0.8365470
seq-01/frame-000915,1,0.05766352,0.594998,1072,196,31,0.81,58.40,41.32,29.43,129.96,0.926069586,0.367809518,-0.071379958,-0.044901911,-0.6929667,-0.9184658,0.8365470
seq-01/frame-000916,1,0.03042734,0.427898,1067,198,32,0.90,74.31,31.68,20.52,127.41,0.926303808,0.367784451,-0.070277382,-0.041915896,-0.7067040,-0.9299285,0.8601425
seq-01/frame-000917,1,0.03200640,0.445315,1005,229,44,0.79,75.72,26.32,22.06,124.89,0.926131329,0.367498918,-0.072944672,-0.043639210,-0.7031361,-0.9263444,0.8578041
seq-01/frame-000918,1,0.03198424,0.444990,1005,229,44,0.76,78.31,37.42,24.07,140.56,0.926131329,0.367498918,-0.072944672,-0.043639210,-0.7031361,-0.9263444,0.8578041
seq-01/frame-000919,1,0.03219281,0.264413,930,182,39,0.78,82.93,34.55,27.68,145.95,0.925830055,0.367601895,-0.077412406,-0.041411050,-0.6994343,-0.9271554,0.8593500
seq-01/frame-000920,1,0.02887378,1.820097,1065,210,48,0.81,61.51,33.05,25.53,120.89,0.927843561,0.362771049,-0.082487976,-0.026442883,-0.6868238,-0.9578218,0.8967678
seq-01/frame-000921,1,0.01706670,0.397558,1079,215,36,0.81,72.37,34.70,28.58,136.47,0.926519401,0.365182004,-0.080219761,-0.042055843,-0.6909953,-0.9305459,0.8707446
seq-01/frame-000922,1,0.01164245,0.510240,1048,212,36,0.81,62.78,27.75,25.31,116.66,0.926098729,0.366140909,-0.079111650,-0.044981389,-0.7021163,-0.9407453,0.8946178
seq-01/frame-000923,1,0.01166209,0.512948,1048,212,36,0.83,64.17,31.81,34.73,131.54,0.926098729,0.366140909,-0.079111650,-0.044981389,-0.7021163,-0.9407453,0.8946178
seq-01/frame-000924,1,0.01224066,0.348468,1058,212,38,0.80,64.68,31.88,23.86,121.24,0.925964079,0.365771977,-0.083000218,-0.043730424,-0.6887863,-0.9341747,0.8769700
seq-01/frame-000925,1,0.01088747,0.343340,1105,217,44,0.82,61.83,39.34,26.03,128.01,0.926296885,0.364987876,-0.083486854,-0.042283298,-0.6930786,-0.9329546,0.8778837
seq-01/frame-000926,1,0.02740779,0.972432,1087,221,40,0.80,61.75,37.72,24.66,124.94,0.926917995,0.362964740,-0.082379523,-0.047887804,-0.7004718,-0.9329168,0.8633732
seq-01/frame-000927,0,-1.00000000,-1.000000,1047,187,0,0.79,68.42,30.19,15.54,114.94,0.000000000,0.000000000,0.000000000,0.000000000,0.0000000,0.0000000,0.0000000
seq-01/frame-000928,0,-1.00000000,-1.000000,1047,187,0,0.80,57.07,50.88,22.11,130.87,0.000000000,0.000000000,0.000000000,0.000000000,0.0000000,0.0000000,0.0000000
seq-01/frame-000929,1,0.11688750,0.538568,1056,227,42,0.79,68.39,30.71,34.03,133.92,0.927567472,0.360557331,-0.090147630,-0.038605714,-0.6810800,-0.8981914,0.7689618
seq-01/frame-000930,1,0.03843428,0.409076,1096,230,38,0.79,64.04,47.87,30.04,142.74,0.927263247,0.360515040,-0.091296352,-0.043321514,-0.6899265,-0.9214975,0.8441981
seq-01/frame-000931,1,0.00767254,0.273797,1118,234,38,0.81,75.73,36.41,26.04,139.00,0.926984704,0.360349540,-0.094748398,-0.043247075,-0.6837521,-0.9323131,0.8766939
seq-01/frame-000932,1,0.01931651,0.562113,1240,220,52,0.83,65.29,44.16,18.15,128.43,0.927560380,0.358822486,-0.093771967,-0.045661617,-0.6835636,-0.9283920,0.8639199
seq-01/frame-000933,1,0.02135975,0.535928,918,173,31,0.77,68.62,31.23,20.57,121.19,0.927438898,0.358384380,-0.096800098,-0.045248955,-0.6857135,-0.9307470,0.8641169
seq-01/frame-000934,1,0.01005357,0.437539,1000,194,41,0.79,62.58,31.39,30.65,125.41,0.927118871,0.358143336,-0.101340250,-0.043750478,-0.6827488,-0.9341047,0.8791155
seq-01/frame-000935,1,0.01006892,0.437035,1000,194,41,0.78,65.67,35.68,16.95,119.09,0.927118871,0.358143336,-0.101340250,-0.043750478,-0.6827488,-0.9341047,0.8791155
seq-01/frame-000936,1,0.01672150,0.381069,1154,237,36,0.92,73.93,28.08,19.64,122.56,0.927325200,0.357074637,-0.103807440,-0.042304747,-0.6793843,-0.9298904,0.8635345
seq-01/frame-000937,1,0.01567182,0.453253,1118,213,44,0.80,66.11,33.21,16.68,116.79,0.926974106,0.357491088,-0.107186502,-0.037817744,-0.6703440,-0.9263968,0.8640532
seq-01/frame-000938,1,0.02105072,1.353985,1015,206,38,0.78,59.50,28.72,17.57,106.58,0.927079148,0.355796746,-0.105959982,-0.052013565,-0.6860540,-0.9269790,0.8692377
seq-01/frame-000939,1,0.02354987,0.342301,1067,228,44,1.17,74.00,46.50,21.67,143.35,0.927097392,0.354740161,-0.112903112,-0.043620318,-0.6693908,-0.9241852,0.8525520
seq-01/frame-000940,1,0.02404871,0.233028,1164,236,53,0.80,73.28,56.36,22.67,153.12,0.927299048,0.353538176,-0.115659263,-0.041835012,-0.6691704,-0.9244417,0.8560042
seq-01/frame-000941,1,0.00981324,0.242130,982,196,42,0.86,67.47,34.10,18.27,120.69,0.927337712,0.351856280,-0.119701342,-0.043743729,-0.6673027,-0.9347756,0.8695165
seq-01/frame-000942,1,0.02399505,0.306996,1082,232,40,0.77,70.74,35.95,19.94,127.40,0.926836173,0.352025313,-0.121909804,-0.046806903,-0.6717241,-0.9201281,0.8565865
seq-01/frame-000943,1,0.06517082,2.637329,1140,222,33,0.79,67.17,41.87,28.24,138.07,0.924687524,0.346962484,-0.145006696,-0.059523741,-0.5975442,-0.9401865,0.8694423
seq-01/frame-000944,1,0.02694510,0.911718,1122,229,25,0.78,60.67,48.27,30.53,140.25,0.926131837,0.353047979,-0.122934852,-0.050239102,-0.6794961,-0.9109931,0.8708627
seq-01/frame-000945,1,0.01264912,0.426729,1052,209,38,0.80,61.79,35.50,29.01,127.09,0.927342496,0.347484764,-0.129433688,-0.050370176,-0.6657592,-0.9261766,0.8665563
seq-01/frame-000946,1,0.03449517,0.661367,1020,202,45,1.80,73.86,43.39,17.29,136.34,0.927260950,0.346741635,-0.131344592,-0.052018911,-0.6784388,-0.9225188,0.8568965
seq-01/frame-000947,1,0.05571713,0.506941,953,197,47,1.24,55.50,35.06,25.33,117.14,0.927015508,0.344679062,-0.138151247,-0.052467369,-0.6628728,-0.9158771,0.8242545
seq-01/frame-000948,1,0.05707352,0.524383,953,197,47,1.75,71.48,37.51,25.22,135.96,0.927015508,0.344679062,-0.138151247,-0.052467369,-0.6628728,-0.9158771,0.8242545
seq-01/frame-000949,1,0.02304142,0.603793,923,196,42,0.79,81.45,30.04,28.32,140.60,0.926627469,0.344037478,-0.143273133,-0.049724818,-0.6700875,-0.9296179,0.8639292
seq-01/frame-000950,1,0.02024715,0.466409,1077,205,49,0.79,68.42,36.24,23.09,128.55,0.926005847,0.342465373,-0.148596335,-0.056122803,-0.6558480,-0.9271631,0.8556794
seq-01/frame-000951,1,0.01136109,0.445087,1118,192,32,0.80,72.19,37.45,25.81,136.25,0.925519762,0.341827674,-0.152446139,-0.057681770,-0.6517608,-0.9372207,0.8766851
seq-01/frame-000952,1,0.01484624,0.539913,1112,216,37,0.80,75.32,30.22,31.49,137.82,0.925119612,0.342585134,-0.154986143,-0.052615833,-0.6564672,-0.9352392,0.8720793
seq-01/frame-000953,1,0.01218413,0.384998,1030,212,47,0.95,76.08,40.17,25.39,142.61,0.924609761,0.342008642,-0.158088746,-0.055989523,-0.6557973,-0.9308207,0.8722445
seq-01/frame-000954,1,0.02121115,0.476169,1159,227,35,1.89,68.91,31.68,19.32,121.80,0.924118850,0.341730000,-0.160319506,-0.059351614,-0.6546125,-0.9224719,0.8589603
seq-01/frame-000955,1,0.01539246,0.303264,1250,221,44,0.83,79.88,38.58,27.94,147.22,0.923522804,0.341488876,-0.164279087,-0.059189194,-0.6463279,-0.9258293,0.8607525
seq-01/frame-000956,1,0.02718846,0.415732,1384,282,59,0.97,79.82,36.12,20.48,137.40,0.924062541,0.340223685,-0.164245632,-0.058134639,-0.6482631,-0.9210716,0.8471800
seq-01/frame-000957,1,0.02870362,0.463935,1243,226,49,0.81,73.43,37.52,22.99,134.75,0.924085686,0.338608764,-0.167011281,-0.059304144,-0.6451750,-0.9205184,0.8462892
seq-01/frame-000958,1,0.01903818,0.309380,1161,235,50,0.85,65.34,32.77,20.27,119.23,0.922968212,0.339772859,-0.170512215,-0.060080516,-0.6389633,-0.9246966,0.8560328
seq-01/frame-000959,1,0.03057864,0.174487,1249,235,51,1.90,78.56,46.09,19.98,146.53,0.922261603,0.340480601,-0.173501792,-0.058340587,-0.6375190,-0.9134132,0.8475121
seq-01/frame-000960,1,0.04534930,0.357351,1212,226,44,0.80,73.11,45.26,18.84,138.02,0.922367596,0.338172348,-0.176810148,-0.060130300,-0.6327715,-0.9150959,0.8304929
seq-01/frame-000961,1,0.02516080,0.382244,1306,255,59,0.80,69.98,51.54,14.70,137.03,0.922047632,0.337409084,-0.179388896,-0.061667640,-0.6382614,-0.9225717,0.8494319
seq-01/frame-000962,1,0.01537153,0.566168,1362,264,46,0.81,71.76,65.59,21.61,159.77,0.922102729,0.335346647,-0.182474532,-0.063025616,-0.6338976,-0.9298090,0.8601675
seq-01/frame-000963,1,0.00856434,0.263591,1344,278,71,0.82,67.89,53.70,17.16,139.56,0.920821758,0.336793092,-0.186490934,-0.062280290,-0.6301251,-0.9247066,0.8665346
seq-01/frame-000964,1,0.01077091,0.386135,1368,268,60,0.82,72.03,49.70,18.37,140.94,0.921029219,0.335494400,-0.187474254,-0.063262074,-0.6319829,-0.9246638,0.8610187
seq-01/frame-000965,1,0.01451933,0.342596,1167,255,64,1.50,73.36,31.95,23.82,130.64,0.920853523,0.334641307,-0.190084869,-0.062543803,-0.6363853,-0.9222196,0.8593680
seq-01/frame-000966,1,0.01426561,0.347600,1186,245,58,0.93,59.59,41.30,19.06,120.88,0.920010264,0.333989058,-0.195163165,-0.062799386,-0.6352739,-0.9227198,0.8616240
seq-01/frame-000967,1,0.01532291,0.313579,1213,262,81,0.79,72.68,44.69,6.79,124.95,0.919033560,0.333733365,-0.200029895,-0.063145852,-0.6289415,-0.9230287,0.8606463
seq-01/frame-000968,1,0.01222506,0.414432,1309,298,94,0.81,60.30,47.41,9.79,118.30,0.919364739,0.330880332,-0.203001999,-0.063850381,-0.6270085,-0.9275577,0.8624778
seq-01/frame-000969,1,0.01128105,0.353372,1118,254,72,0.79,68.30,37.08,25.22,131.39,0.918849275,0.330042787,-0.206600918,-0.064061141,-0.6326746,-0.9262052,0.8664547
seq-01/frame-000970,1,0.01306650,0.396958,1062,222,66,0.80,57.78,44.63,13.79,117.00,0.917486727,0.329142369,-0.213528272,-0.065491103,-0.6291063,-0.9277923,0.8635336
seq-01/frame-000971,1,0.01106698,0.390276,1083,244,77,0.79,56.90,38.93,13.43,110.05,0.915787596,0.329470302,-0.220141211,-0.065728587,-0.6299448,-0.9274191,0.8672939
seq-01/frame-000972,1,0.00871780,0.171934,1188,277,106,0.79,69.05,42.76,15.18,127.78,0.915205918,0.328368355,-0.224202094,-0.065618381,-0.6271101,-0.9192658,0.8680244
seq-01/frame-000973,1,0.00939662,0.333431,1244,303,118,1.10,79.65,44.09,13.77,138.61,0.914617192,0.325974559,-0.229495375,-0.067437767,-0.6232075,-0.9229611,0.8712502
seq-01/frame-000974,1,0.01266779,0.362154,1299,333,132,0.79,76.27,37.02,10.27,124.35,0.913022465,0.326027816,-0.235362142,-0.068560225,-0.6181188,-0.9200976,0.8749116
seq-01/frame-000975,1,0.10275160,2.958359,1395,357,130,0.79,78.98,53.19,5.86,138.83,0.909952836,0.314894206,-0.260454632,-0.070646012,-0.5499841,-0.9725085,0.9234865
seq-01/frame-000976,1,0.00625465,0.180099,1256,329,150,1.12,74.88,36.10,14.96,127.06,0.913262753,0.321246539,-0.240569445,-0.069843740,-0.6251811,-0.9219785,0.8715556
seq-01/frame-000977,1,0.00673783,0.179614,1347,353,140,0.80,72.50,44.29,15.03,132.63,0.912131662,0.320130382,-0.245810054,-0.071482776,-0.6222409,-0.9192735,0.8742607
seq-01/frame-000978,1,0.01271032,0.131662,1639,415,171,0.81,77.84,52.57,6.60,137.82,0.911918680,0.319431037,-0.247567980,-0.071261693,-0.6264687,-0.9155128,0.8682509
seq-01/frame-000979,1,0.01350617,0.292513,1588,451,204,0.80,73.01,48.60,20.13,142.56,0.912402800,0.316337738,-0.249599372,-0.071775480,-0.6217761,-0.9195446,0.8655126
seq-01/frame-000980,1,0.01273718,0.268157,1544,412,184,0.80,60.80,51.47,10.34,123.41,0.912229487,0.313758218,-0.253095821,-0.073045533,-0.6169257,-0.9211150,0.8684946
seq-01/frame-000981,1,0.01722810,0.266937,1854,458,204,0.81,87.51,69.82,11.55,169.69,0.912147925,0.312710917,-0.254436994,-0.073890871,-0.6180548,-0.9179708,0.8654304
seq-01/frame-000982,1,0.02341522,0.627705,1739,445,201,0.81,87.57,57.74,8.04,154.16,0.911489965,0.309375067,-0.260820941,-0.073793959,-0.6021534,-0.9271876,0.8797029
seq-01/frame-000983,1,0.03354710,0.985001,1635,472,218,0.81,83.36,58.91,18.95,162.04,0.911688014,0.304973041,-0.265142682,-0.074268214,-0.5947611,-0.9360332,0.8912308
seq-01/frame-000984,1,0.01313265,0.313940,1848,490,213,0.84,87.94,53.93,10.33,153.03,0.913693837,0.304360007,-0.258539423,-0.075405077,-0.6190318,-0.9214505,0.8693351
seq-01/frame-000985,1,0.01210558,0.159516,1755,495,208,1.22,87.04,68.30,14.20,170.77,0.913814356,0.303813958,-0.259105467,-0.074194058,-0.6184804,-0.9149468,0.8731522
seq-01/frame-000986,1,0.01205329,0.131493,1841,541,243,0.82,94.96,61.04,21.03,177.86,0.914185181,0.301681438,-0.260387452,-0.073838604,-0.6181316,-0.9146393,0.8743709
seq-01/frame-000987,1,0.01151794,0.316773,1929,552,246,0.83,90.25,58.75,15.81,165.64,0.914289481,0.298616892,-0.263489488,-0.073999908,-0.6134918,-0.9208490,0.8788454
seq-01/frame-000988,1,0.01453219,0.242388,1917,560,252,0.83,87.85,65.00,12.93,166.62,0.914944385,0.296720682,-0.263678708,-0.072850173,-0.6109598,-0.9166163,0.8758677
seq-01/frame-000989,1,0.01192481,0.331601,1922,570,268,0.83,93.48,54.36,13.60,162.27,0.915322477,0.294250415,-0.265072568,-0.073061547,-0.6096242,-0.9210884,0.8808727
seq-01/frame-000990,1,0.01348357,0.338136,1867,588,284,1.33,80.75,80.43,8.15,170.65,0.915328413,0.292395289,-0.267151127,-0.072864020,-0.6067728,-0.9191724,0.8847597
seq-01/frame-000991,1,0.01203353,0.240815,2208,590,270,0.87,92.68,88.17,11.65,193.37,0.916211732,0.289664527,-0.267382133,-0.071814472,-0.6088674,-0.9178185,0.8829037
seq-01/frame-000992,1,0.01743554,0.326737,2170,633,282,0.87,89.06,73.71,19.29,182.93,0.916691217,0.287003372,-0.268571666,-0.071941214,-0.6024875,-0.9191420,0.8829207
seq-01/frame-000993,1,0.01508657,0.413607,1902,603,319,0.83,116.51,74.20,7.73,199.29,0.917898994,0.282250155,-0.269620044,-0.071423513,-0.6050753,-0.9198707,0.8863582
seq-01/frame-000994,1,0.01180512,0.384009,1937,650,342,0.83,94.56,75.85,17.19,188.42,0.918772575,0.277503920,-0.271457332,-0.071829297,-0.6068908,-0.9215378,0.8903891
seq-01/frame-000995,1,0.01877365,0.450737,2121,678,319,0.85,105.83,80.33,10.80,197.81,0.918936055,0.274420442,-0.274171785,-0.071272578,-0.5997610,-0.9150530,0.8952787
seq-01/frame-000996,1,0.01207729,0.267811,2222,672,331,0.85,115.82,81.00,13.30,210.97,0.919869373,0.271831655,-0.273229204,-0.072757747,-0.6071102,-0.9143189,0.8945529
seq-01/frame-000997,1,0.01692833,0.567671,1927,649,343,0.86,113.19,75.78,9.48,199.32,0.921607596,0.264329710,-0.274503696,-0.073600033,-0.6055116,-0.9268834,0.8980173
seq-01/frame-000998,1,0.01169701,0.252744,2367,802,409,0.88,108.97,100.75,17.56,228.16,0.922375050,0.262156613,-0.273861660,-0.074148283,-0.6084321,-0.9165425,0.8956654
seq-01/frame-000999,1,0.01009854,0.279675,2726,875,395,0.91,118.34,113.71,13.17,246.14,0.922708492,0.260290720,-0.274187836,-0.075357885,-0.6101298,-0.9187524,0.9001795
seq-07/frame-000000,1,0.01698210,0.187068,2888,1427,1097,1.01,126.89,130.46,12.82,271.17,0.993630241,0.011930223,-0.108988419,-0.026041088,-0.3674837,-0.5126025,0.0113816
seq-07/frame-000001,1,0.01362751,0.193449,2703,1328,1043,0.93,149.12,101.64,14.11,265.80,0.993520546,0.007847947,-0.110816388,-0.023980452,-0.3645913,-0.5146125,0.0161076
seq-07/frame-000002,1,0.02188851,0.328247,2796,1270,982,1.39,137.16,102.85,8.84,250.25,0.993804388,0.006204269,-0.108471722,-0.023414352,-0.3768816,-0.5118443,0.0116114
seq-07/frame-000003,1,0.01456182,0.152915,2739,1363,1064,0.96,142.79,124.62,13.46,281.84,0.993608204,0.005516687,-0.110347961,-0.023143692,-0.3662469,-0.5132854,0.0157713
seq-07/frame-000004,1,0.01163548,0.080821,2775,1283,983,1.30,153.85,119.98,8.32,283.45,0.993583357,0.006085328,-0.110601555,-0.022855597,-0.3648612,-0.5086032,0.0199912
seq-07/frame-000005,1,0.01621639,0.171924,2840,1400,1090,1.33,147.87,118.01,9.09,276.31,0.993557471,0.004739502,-0.110634964,-0.024103799,-0.3620446,-0.5188420,0.0174064
seq-07/frame-000006,1,0.01271899,0.160633,2811,1320,1013,0.94,131.76,120.55,9.88,263.14,0.993685809,0.007362211,-0.108558682,-0.027373772,-0.3621073,-0.5175966,0.0203941
seq-07/frame-000007,1,0.01840403,0.286446,2916,1387,1091,6.78,137.57,110.75,15.78,270.88,0.993865928,0.007293739,-0.106707440,-0.028121906,-0.3658138,-0.5218717,0.0155761
seq-07/frame-000008,1,0.01525148,0.161755,2865,1437,1108,0.97,147.17,124.31,8.90,281.36,0.993802650,0.008319726,-0.106641720,-0.030242672,-0.3629424,-0.5200303,0.0167143
seq-07/frame-000009,1,0.01532658,0.162713,2708,1357,1051,1.94,127.62,94.73,14.66,238.95,0.993708235,0.009304194,-0.107149597,-0.031246429,-0.3615576,-0.5172657,0.0161383
seq-07/frame-000010,1,0.01596182,0.205198,2658,1365,1093,2.22,119.25,96.83,16.35,234.66,0.993839211,0.008184468,-0.105665314,-0.032426524,-0.3726550,-0.5142793,0.0130502
seq-07/frame-000011,1,0.01509124,0.187336,2681,1336,1045,1.49,121.85,102.61,10.73,236.69,0.993376360,0.005734165,-0.109164451,-0.035406907,-0.3628987,-0.5214956,0.0190092
seq-07/frame-000012,1,0.01225761,0.107085,2795,1444,1120,1.97,125.90,111.10,8.00,246.98,0.993366121,0.006870961,-0.108803346,-0.036583752,-0.3611409,-0.5154773,0.0212558
seq-07/frame-000013,1,0.01672894,0.244032,2688,1373,1080,0.92,119.44,95.83,16.46,232.65,0.993782570,0.004832423,-0.104804732,-0.037266855,-0.3674472,-0.5226276,0.0181587
seq-07/frame-000014,1,0.01149154,0.120684,2620,1376,1128,0.94,109.04,101.19,12.19,223.37,0.993972688,0.005521922,-0.102314220,-0.038982114,-0.3692603,-0.5136023,0.0211448
seq-07/frame-000015,1,0.01605883,0.238358,2666,1449,1169,1.20,116.12,80.84,7.51,205.67,0.994105746,0.002065115,-0.100872787,-0.039675952,-0.3727285,-0.5207398,0.0201583
seq-07/frame-000016,1,0.01008984,0.020984,2578,1238,1004,0.90,112.49,88.70,7.84,209.94,0.993737375,0.002456734,-0.102851625,-0.043606624,-0.3788234,-0.5125220,0.0246503
seq-07/frame-000017,1,0.01137953,0.053207,2542,1275,1000,0.99,116.86,92.61,9.34,219.80,0.993399132,0.002200702,-0.104578017,-0.047082469,-0.3778153,-0.5112237,0.0263294
seq-07/frame-000018,1,0.01197995,0.111849,2730,1328,1028,1.21,112.97,91.16,9.44,214.78,0.993241583,0.001759496,-0.104859705,-0.049724281,-0.3850392,-0.5157509,0.0261547
seq-07/frame-000019,1,0.00874051,0.051419,2320,1153,911,1.67,101.20,78.31,7.99,189.17,0.993030042,0.002813550,-0.106275088,-0.050882462,-0.3927683,-0.5108973,0.0285290
seq-07/frame-000020,1,0.00984545,0.133376,1646,827,624,0.85,77.54,49.66,17.37,145.42,0.992779747,0.000847500,-0.108828693,-0.050437789,-0.4009387,-0.5118024,0.0281002
seq-07/frame-000021,1,0.01276005,0.188818,1491,756,600,0.83,73.31,52.86,7.23,134.24,0.991596704,-0.001068099,-0.119178080,-0.050313222,-0.4110389,-0.4991281,0.0287640
seq-07/frame-000022,1,0.01749647,0.314997,1699,875,701,0.85,94.62,53.60,8.65,157.71,0.991131530,-0.005685725,-0.122806141,-0.050444169,-0.4179938,-0.5085443,0.0295953
seq-07/frame-000023,1,0.01334241,0.279158,1672,791,630,1.15,91.58,56.41,8.10,157.25,0.990559320,-0.005111570,-0.127056869,-0.051211895,-0.4224037,-0.4953212,0.0372146
seq-07/frame-000024,1,0.00551256,0.118963,1945,956,794,1.13,94.81,69.18,8.17,173.29,0.989317375,-0.010702038,-0.134718014,-0.054659441,-0.4145367,-0.4954776,0.0394009
seq-07/frame-000025,1,0.02094294,0.400764,1692,875,705,0.85,86.09,56.83,10.42,154.20,0.989292444,-0.013511130,-0.134742597,-0.054427397,-0.4401095,-0.4945713,0.0383892
seq-07/frame-000026,1,0.03832731,0.752844,1080,510,406,0.79,89.92,32.75,9.20,132.66,0.988290549,-0.014128025,-0.141201386,-0.056074575,-0.4691052,-0.4697534,0.0388172
seq-07/frame-000027,1,0.01061389,0.122083,1200,606,440,0.80,79.37,40.26,7.93,128.36,0.986438915,-0.021026452,-0.151721318,-0.058964375,-0.4438972,-0.4897825,0.0400324
seq-07/frame-000028,1,0.02880919,0.604095,1305,604,457,0.83,76.88,54.01,10.09,141.81,0.986045099,-0.021320217,-0.153720436,-0.060253946,-0.4696557,-0.4807095,0.0395243
seq-07/frame-000029,1,0.02285745,0.507424,1287,579,431,0.81,71.45,46.37,9.92,128.55,0.983147474,-0.024578218,-0.168671847,-0.066081491,-0.4593513,-0.4644094,0.0507310
seq-07/frame-000030,1,0.01138758,0.164276,1370,659,489,0.84,64.48,45.25,6.72,117.30,0.981644430,-0.030046167,-0.175253347,-0.068976118,-0.4534620,-0.4826551,0.0449518
seq-07/frame-000031,1,0.01099155,0.133698,1195,588,460,0.81,61.30,49.02,7.83,118.96,0.979332627,-0.031556272,-0.186878788,-0.070626670,-0.4606350,-0.4664718,0.0468231
seq-07/frame-000032,1,0.01299346,0.077850,1204,561,418,0.83,65.03,36.55,6.15,108.56,0.977645430,-0.035006398,-0.194090436,-0.072889418,-0.4626412,-0.4727742,0.0516847
seq-07/frame-000033,1,0.00298886,0.040837,1518,679,484,0.83,91.44,38.78,9.79,140.84,0.974567129,-0.037128289,-0.205896777,-0.080292710,-0.4768422,-0.4689553,0.0490935
seq-07/frame-000034,1,0.01339956,0.101726,1627,722,528,2.74,79.09,49.98,11.17,142.98,0.972298475,-0.043526674,-0.213534454,-0.084523020,-0.4895632,-0.4702432,0.0448283
seq-07/frame-000035,1,0.00774756,0.080212,1766,860,670,0.85,84.88,64.70,6.60,157.04,0.971058212,-0.044466299,-0.218203291,-0.086348255,-0.4947316,-0.4650509,0.0475720
seq-07/frame-000036,1,0.01090757,0.070169,1792,877,678,1.96,108.23,57.10,9.40,176.70,0.969279927,-0.049634010,-0.223860693,-0.088990324,-0.5058563,-0.4708647,0.0483797
seq-07/frame-000037,1,0.00907558,0.112196,1947,898,667,1.40,90.03,67.88,7.12,166.44,0.968454586,-0.049779461,-0.226526283,-0.091123888,-0.5163923,-0.4644065,0.0492097
seq-07/frame-000038,1,0.01102459,0.139079,2133,1078,827,0.89,102.80,83.59,13.20,200.48,0.966876282,-0.052530794,-0.230755881,-0.095616387,-0.5337740,-0.4645374,0.0489816
seq-07/frame-000039,1,0.00845822,0.090820,2201,1141,896,0.89,96.20,81.81,17.65,196.56,0.966448179,-0.053141566,-0.232148460,-0.096234003,-0.5460357,-0.4644164,0.0491969
seq-07/frame-000040,1,0.01000114,0.137355,1973,968,758,0.87,89.89,72.63,16.39,179.79,0.965362127,-0.055500869,-0.236377491,-0.095505490,-0.5658963,-0.4628801,0.0504425
seq-07/frame-000041,1,0.01021058,0.088247,2350,1209,940,0.90,101.01,78.36,16.22,196.50,0.964789315,-0.056512240,-0.238885586,-0.094454329,-0.5877631,-0.4627762,0.0505514
seq-07/frame-000042,1,0.00981356,0.120235,2048,1060,851,0.87,75.42,69.08,10.22,155.59,0.964569392,-0.057109420,-0.240160361,-0.093098894,-0.6002534,-0.4672552,0.0513739
seq-07/frame-000043,1,0.01101296,0.172768,2549,1290,974,0.89,89.87,93.50,12.42,196.68,0.964609118,-0.054482015,-0.241170276,-0.091639828,-0.6255241,-0.4655719,0.0481533
seq-07/frame-000044,1,0.01081853,0.184760,2065,1096,853,0.85,79.50,82.72,10.98,174.05,0.964385258,-0.054101826,-0.242309149,-0.091215911,-0.6341522,-0.4714240,0.0509257
seq-07/frame-000045,1,0.01278306,0.184886,2417,1252,990,0.87,99.36,79.01,7.37,186.61,0.964226702,-0.050036263,-0.244032891,-0.090615608,-0.6559984,-0.4700444,0.0451171
seq-07/frame-000046,1,0.00873910,0.150036,2014,1045,839,0.85,84.96,72.30,6.76,164.88,0.963653872,-0.046418304,-0.246908142,-0.090845607,-0.6768862,-0.4712461,0.0456552
seq-07/frame-000047,1,0.01128084,0.182594,1984,1051,825,0.86,87.08,71.18,9.75,168.87,0.962714591,-0.043469233,-0.250663769,-0.091971280,-0.6974527,-0.4722499,0.0381751
seq-07/frame-000048,1,0.00548657,0.126592,1912,1013,791,0.90,87.63,72.23,9.95,170.72,0.961609832,-0.041251777,-0.254901521,-0.092897986,-0.7202694,-0.4699843,0.0396926
seq-07/frame-000049,1,0.00903815,0.177730,1716,879,685,0.86,66.70,68.91,6.98,143.44,0.961032072,-0.041051143,-0.256741806,-0.093892520,-0.7329440,-0.4741254,0.0365862
seq-07/frame-000050,1,0.00725612,0.191338,1772,879,688,0.85,82.03,55.68,9.13,147.70,0.959480376,-0.037675149,-0.262485407,-0.095285900,-0.7548968,-0.4758594,0.0350350
seq-07/frame-000051,1,0.00758653,0.201462,1589,738,570,0.83,64.24,61.25,5.71,132.03,0.957635613,-0.033965794,-0.269263204,-0.096320738,-0.7770672,-0.4794472,0.0325858
seq-07/frame-000052,1,0.01035240,0.230408,1999,990,768,0.85,80.98,78.35,9.31,169.50,0.956607742,-0.030862298,-0.273545819,-0.095508282,-0.7994577,-0.4857852,0.0301352
seq-07/frame-000053,1,0.00686907,0.195274,1488,665,508,0.81,66.10,46.30,11.81,125.03,0.955126127,-0.024786820,-0.280104653,-0.093064915,-0.8223326,-0.4900745,0.0338572
seq-07/frame-000054,1,0.00568732,0.187972,1597,764,578,0.85,76.50,49.73,5.73,132.82,0.953582035,-0.021168634,-0.284343854,-0.096859510,-0.8416060,-0.4943302,0.0272972
seq-07/frame-000055,1,0.00378183,0.184796,1475,634,467,0.84,93.60,48.17,11.11,153.73,0.950480372,-0.016030786,-0.293875782,-0.099835367,-0.8651132,-0.4953256,0.0268627
seq-07/frame-000056,1,0.00268221,0.159901,1944,918,687,0.89,89.42,72.38,16.08,178.77,0.949216791,-0.015224334,-0.297069583,-0.102495688,-0.8744538,-0.4966477,0.0264360
seq-07/frame-000057,1,0.00923904,0.266718,1611,675,480,0.82,77.59,52.84,5.43,136.68,0.947340380,-0.014110230,-0.302400356,-0.104408483,-0.8954752,-0.5035255,0.0248203
seq-07/frame-000058,1,0.00581554,0.186894,1963,850,620,0.89,92.76,63.47,5.87,162.99,0.944486423,-0.012843801,-0.310756510,-0.105881185,-0.9095480,-0.5092310,0.0239333
seq-07/frame-000059,1,0.00212031,0.197118,1474,581,385,0.82,80.25,48.58,5.52,135.17,0.941710475,-0.010491666,-0.318135218,-0.108909544,-0.9308186,-0.5150624,0.0228152
seq-07/frame-000060,1,0.00812132,0.225518,2535,980,688,1.26,107.44,77.71,11.56,197.96,0.938852593,-0.006404864,-0.325059639,-0.113362323,-0.9455892,-0.5228055,0.0236639
seq-07/frame-000061,1,0.00541659,0.202293,1436,483,305,0.82,73.37,50.98,5.12,130.29,0.936242565,-0.004765857,-0.331430992,-0.116536021,-0.9687709,-0.5305053,0.0245232
seq-07/frame-000062,1,0.00974872,0.255747,2656,975,645,0.91,93.84,72.17,6.30,173.21,0.931422350,0.000943089,-0.341447486,-0.125956864,-0.9879055,-0.5453796,0.0230519
seq-07/frame-000063,1,0.01107911,0.240985,2244,694,435,0.86,85.18,76.01,7.76,169.81,0.928209657,0.004293097,-0.348193273,-0.131033759,-1.0071244,-0.5605269,0.0275764
seq-07/frame-000064,1,0.01100435,0.271441,3026,965,618,0.91,107.60,103.16,6.11,217.78,0.926514307,0.009910906,-0.350577243,-0.136266686,-1.0186566,-0.5681318,0.0212858
seq-07/frame-000065,1,0.00888403,0.234738,2743,829,504,0.98,116.99,88.26,5.78,212.01,0.924807407,0.014684584,-0.354060135,-0.138408976,-1.0313291,-0.5774028,0.0202000
seq-07/frame-000066,1,0.00926475,0.287822,3068,935,566,0.93,112.03,100.91,9.52,223.38,0.923452818,0.018566016,-0.355452785,-0.143330087,-1.0438185,-0.5882158,0.0205468
seq-07/frame-000067,1,0.01155153,0.305388,3282,1032,609,0.98,131.93,115.58,8.14,256.63,0.923158657,0.024602046,-0.354040209,-0.147744251,-1.0482318,-0.5983681,0.0178071
seq-07/frame-000068,1,0.00704253,0.276460,2925,880,545,0.93,111.05,97.94,9.51,219.44,0.924205349,0.024565174,-0.349616780,-0.151687613,-1.0611695,-0.6139976,0.0228537
seq-07/frame-000069,1,0.01374841,0.291245,3318,921,499,0.94,127.86,114.28,7.29,250.38,0.924248690,0.031953623,-0.347334859,-0.155247611,-1.0702598,-0.6280155,0.0095166
seq-07/frame-000070,1,0.00843554,0.262685,2304,654,329,0.89,98.58,80.66,9.94,190.07,0.924999851,0.036110140,-0.343918549,-0.157452738,-1.0769998,-0.6495155,0.0215469
seq-07/frame-000071,1,0.00518278,0.210747,2971,808,416,0.94,108.19,100.88,11.28,221.28,0.924679949,0.048091743,-0.340500891,-0.163442098,-1.0826913,-0.6645314,0.0119632
seq-07/frame-000072,1,0.00999647,0.269719,2456,723,384,0.88,96.29,81.04,9.77,187.99,0.925278723,0.060363917,-0.335664237,-0.165966870,-1.0902349,-0.6882256,-0.0010084
seq-07/frame-000073,1,0.00773873,0.130455,2082,612,319,1.26,90.78,71.19,13.36,176.60,0.925273167,0.069625125,-0.333789611,-0.166151748,-1.0936588,-0.6947009,0.0033370
seq-07/frame-000074,1,0.00745132,0.246704,3558,1026,573,1.00,117.68,117.40,8.46,244.54,0.925252740,0.075139538,-0.333931502,-0.163557849,-1.0992811,-0.7093374,-0.0088501
seq-07/frame-000075,1,0.00785078,0.248045,2497,708,384,0.90,93.25,80.96,6.72,181.84,0.926499490,0.077697275,-0.331190980,-0.160855102,-1.1051821,-0.7317667,-0.0060286
seq-07/frame-000076,1,0.01289750,0.248690,3433,1047,555,1.00,145.21,117.85,6.33,270.40,0.925963282,0.081395796,-0.331954835,-0.160538819,-1.1061112,-0.7374865,-0.0181116
seq-07/frame-000077,1,0.00958223,0.200342,2948,920,546,0.93,99.81,85.26,6.36,192.36,0.926775549,0.084403014,-0.330237349,-0.157817956,-1.1123530,-0.7552952,-0.0125775
seq-07/frame-000078,1,0.01130025,0.212506,3210,955,532,0.91,129.74,105.08,8.20,243.93,0.925982251,0.084251129,-0.333711190,-0.155227123,-1.1160271,-0.7744513,-0.0151414
seq-07/frame-000079,1,0.01155086,0.242056,3351,988,541,0.98,128.55,123.88,11.18,264.59,0.925585327,0.088592047,-0.333794792,-0.154997705,-1.1164146,-0.7872919,-0.0187104
seq-07/frame-000080,1,0.01348865,0.287409,2910,892,488,0.94,107.52,98.20,7.92,214.59,0.925629973,0.090929420,-0.332542799,-0.156064985,-1.1229144,-0.8052134,-0.0197647
seq-07/frame-000081,1,0.00911721,0.198271,2943,888,467,0.95,106.88,98.36,9.71,215.91,0.924503723,0.096562172,-0.332712340,-0.158968900,-1.1224746,-0.8246879,-0.0168252
seq-07/frame-000082,1,0.01290399,0.106892,1505,430,194,0.86,74.85,43.12,5.82,124.65,0.922951717,0.103457717,-0.335461116,-0.157868518,-1.1190111,-0.8356522,-0.0121913
seq-07/frame-000083,1,0.00819434,0.198100,2995,932,523,1.00,107.07,95.85,16.16,220.08,0.923268862,0.106634858,-0.334128092,-0.156722792,-1.1231183,-0.8471512,-0.0262018
seq-07/frame-000084,1,0.00818073,0.268819,1779,627,377,0.86,74.78,57.77,8.06,141.47,0.923812774,0.110008607,-0.330938079,-0.157949524,-1.1196271,-0.8647209,-0.0278413
seq-07/frame-000085,1,0.00477918,0.146943,1192,428,252,1.87,63.23,33.74,8.35,107.20,0.925686976,0.116582506,-0.322817782,-0.159062320,-1.1098121,-0.8720616,-0.0297667
seq-07/frame-000086,1,0.00741516,0.238208,1082,336,172,0.80,61.25,35.69,10.39,108.13,0.927381098,0.118538984,-0.316644640,-0.160152992,-1.1137354,-0.8873708,-0.0243151
seq-07/frame-000087,1,0.02098244,0.456404,859,241,121,0.78,54.69,25.19,7.26,87.92,0.931094642,0.127127792,-0.303600734,-0.157251034,-1.1004348,-0.9145849,-0.0372099
seq-07/frame-000088,1,0.01086919,0.324853,1345,407,224,0.82,76.32,36.51,8.48,122.14,0.935129838,0.135240284,-0.291630485,-0.148976209,-1.1160840,-0.9224889,-0.0315964
seq-07/frame-000089,1,0.02310141,0.569841,1170,380,196,0.84,71.73,35.91,16.18,124.65,0.936724570,0.140504394,-0.284633396,-0.147612416,-1.0926930,-0.9381721,-0.0415775
seq-07/frame-000090,1,0.01578097,0.340439,1604,575,376,0.94,94.26,57.66,6.60,159.47,0.938589138,0.146687316,-0.274387317,-0.149147116,-1.1013397,-0.9456740,-0.0458810
seq-07/frame-000091,1,0.01668462,0.439699,1504,557,337,0.87,78.25,41.92,10.27,131.31,0.939140578,0.148815230,-0.270717993,-0.150268996,-1.0982182,-0.9475861,-0.0433880
seq-07/frame-000092,1,0.00844616,0.155503,1507,554,305,0.84,81.11,43.76,9.73,135.45,0.940753448,0.154422448,-0.263702229,-0.146961875,-1.0925481,-0.9569998,-0.0417332
seq-07/frame-000093,1,0.01411772,0.345572,1454,539,344,0.84,83.22,52.47,15.14,151.67,0.941905864,0.159552131,-0.256160125,-0.147439656,-1.0877622,-0.9683148,-0.0464603
seq-07/frame-000094,1,0.00817214,0.255898,1564,599,408,1.08,78.87,48.11,8.44,136.51,0.942814168,0.161810081,-0.252321984,-0.145782574,-1.0878886,-0.9731336,-0.0437375
seq-07/frame-000095,1,0.01848559,0.322795,1678,693,462,0.86,95.01,46.79,12.61,155.27,0.944432242,0.164674352,-0.246212319,-0.142511722,-1.0724333,-0.9831787,-0.0420232
seq-07/frame-000096,1,0.00989320,0.247872,2069,795,515,0.88,98.23,83.30,12.38,194.79,0.947280903,0.160066032,-0.239965647,-0.139478472,-1.0632134,-0.9927673,-0.0485643
seq-07/frame-000097,1,0.01024417,0.293171,2192,870,548,0.89,94.95,88.88,6.38,191.11,0.948892352,0.157407980,-0.237229904,-0.136191062,-1.0608357,-1.0046558,-0.0517859
seq-07/frame-000098,1,0.01403664,0.361788,1869,783,508,0.85,84.26,72.71,15.87,173.70,0.950806350,0.158693273,-0.232632334,-0.129096583,-1.0463679,-1.0208292,-0.0533394
seq-07/frame-000099,1,0.00967837,0.235426,1921,764,500,1.09,87.91,55.81,13.78,158.58,0.950724658,0.161133773,-0.231628321,-0.128478998,-1.0444182,-1.0246146,-0.0372497
seq-07/frame-000100,1,0.00699213,0.178057,2111,848,526,0.88,105.90,79.63,12.66,199.07,0.951761992,0.162799904,-0.228651205,-0.123951314,-1.0258958,-1.0324921,-0.0556107
seq-07/frame-000101,1,0.01575990,0.400905,1838,774,510,0.86,106.87,52.30,9.37,169.41,0.953524395,0.160597531,-0.226429761,-0.117171776,-1.0181819,-1.0459490,-0.0552343
seq-07/frame-000102,1,0.00342329,0.207006,1531,623,411,1.17,118.82,58.74,7.72,186.46,0.954585715,0.161654725,-0.223523795,-0.112565431,-1.0037022,-1.0432073,-0.0509344
seq-07/frame-000103,1,0.01673510,0.355531,1024,355,204,0.82,63.50,34.14,6.49,104.96,0.957075315,0.158128901,-0.217445782,-0.108256290,-0.9866777,-1.0555404,-0.0649770
seq-07/frame-000104,1,0.01870661,0.412996,1191,470,297,0.82,85.28,34.36,8.08,128.53,0.959073468,0.157073420,-0.212002667,-0.102766208,-0.9802705,-1.0628420,-0.0493932
seq-07/frame-000105,1,0.01435143,0.345088,1825,812,587,0.84,106.06,63.62,7.31,177.82,0.961126014,0.154810798,-0.206944411,-0.097182372,-0.9688351,-1.0679740,-0.0424703
seq-07/frame-000106,1,0.01697759,0.380343,1384,663,501,0.81,66.70,46.20,13.07,126.78,0.962533438,0.150793214,-0.204691248,-0.094298888,-0.9625996,-1.0718936,-0.0381175
seq-07/frame-000107,1,0.01097386,0.102775,1063,395,224,0.81,63.93,40.57,18.37,123.69,0.964351622,0.151844485,-0.196883493,-0.090587479,-0.9386700,-1.0623434,-0.0388633
seq-07/frame-000108,1,0.00854704,0.149725,1183,490,338,0.80,65.60,80.50,14.33,161.24,0.966187361,0.148932735,-0.190648408,-0.089186369,-0.9342363,-1.0673092,-0.0241951
seq-07/frame-000109,1,0.01313213,0.268932,1594,740,543,0.86,76.91,99.10,9.24,186.11,0.967320260,0.146554679,-0.186448128,-0.089723665,-0.9350523,-1.0786984,-0.0238963
seq-07/frame-000110,1,0.01266208,0.305899,1218,603,476,0.79,74.47,82.19,5.68,163.14,0.969064921,0.143903387,-0.182546288,-0.082956898,-0.9181285,-1.0775855,-0.0177864
seq-07/frame-000111,1,0.01473578,0.265408,1257,583,443,0.80,66.14,96.72,5.84,169.50,0.970823736,0.139055331,-0.179362294,-0.077421296,-0.9058043,-1.0791336,-0.0147391
seq-07/frame-000112,1,0.01224155,0.137794,1234,548,373,0.80,136.68,43.61,11.36,192.45,0.972595916,0.136560765,-0.174280711,-0.070954740,-0.8962538,-1.0754759,-0.0076360
seq-07/frame-000113,1,0.01824918,0.204126,919,366,233,0.81,113.50,33.08,8.91,156.32,0.973950446,0.135400078,-0.169042946,-0.067170161,-0.8769360,-1.0741967,-0.0131909
seq-07/frame-000114,1,0.01086329,0.198450,1555,729,548,0.82,121.84,54.51,6.84,184.01,0.976009526,0.135127747,-0.156855575,-0.067396031,-0.8807513,-1.0904524,-0.0012682
seq-07/frame-000115,1,0.00950660,0.176210,1482,724,536,1.15,138.38,53.60,8.75,201.88,0.976819117,0.133876680,-0.154426522,-0.063670220,-0.8705916,-1.0902341,-0.0011962
seq-07/frame-000116,1,0.00819496,0.153983,1562,783,594,0.83,117.58,70.47,9.66,198.55,0.977895194,0.131662705,-0.151649633,-0.058209192,-0.8648855,-1.0905106,0.0025372
seq-07/frame-000117,1,0.01368997,0.150809,1734,859,641,2.47,131.53,60.82,10.25,205.06,0.979039201,0.130530677,-0.147360107,-0.052239673,-0.8469262,-1.0899131,0.0054877
seq-07/frame-000118,1,0.01667474,0.207625,1299,642,458,6.31,71.16,47.38,14.72,139.58,0.978976817,0.134003051,-0.144769819,-0.051858208,-0.8400730,-1.0794132,0.0090860
seq-07/frame-000119,1,0.02375560,0.321967,946,453,307,0.81,59.83,38.11,9.16,107.91,0.979439966,0.135500805,-0.140079130,-0.052103000,-0.8269004,-1.0749473,0.0098891
seq-07/frame-000120,1,0.02830229,0.434020,1332,717,552,0.81,63.88,33.50,7.51,105.70,0.980581852,0.136759541,-0.130709414,-0.051682776,-0.8117796,-1.0789798,0.0099126
seq-07/frame-000121,1,0.01480892,0.096843,1894,932,679,0.84,80.46,73.73,7.91,162.95,0.981423104,0.134768642,-0.127327136,-0.049334628,-0.8173068,-1.0871826,0.0101559
seq-07/frame-000122,1,0.02259101,0.277158,1902,908,681,0.85,73.67,72.77,10.18,157.47,0.981601849,0.133628768,-0.128976979,-0.044340731,-0.8042870,-1.0869185,0.0123786
seq-07/frame-000123,1,0.02333196,0.367332,1804,895,663,0.84,77.49,53.07,7.21,138.62,0.982070521,0.132732751,-0.129005763,-0.035735451,-0.7869146,-1.0853669,0.0188961
seq-07/frame-000124,1,0.02137932,0.359521,1486,760,583,0.81,82.79,63.58,12.25,159.44,0.982180933,0.131703406,-0.129209039,-0.035775017,-0.7697718,-1.0920075,0.0282968
seq-07/frame-000125,1,0.01178472,0.127459,1359,725,579,0.80,88.60,45.27,7.67,142.34,0.983133055,0.128835796,-0.124844189,-0.035562104,-0.7677437,-1.0970873,0.0284314
seq-07/frame-000126,1,0.00799634,0.122766,1438,755,582,0.79,68.15,44.78,6.17,119.89,0.984145808,0.126011987,-0.120799302,-0.031393240,-0.7503424,-1.1032812,0.0357088
seq-07/frame-000127,1,0.01207590,0.074769,1646,858,673,0.81,76.54,55.20,11.68,144.24,0.984886636,0.124371539,-0.117778543,-0.025656361,-0.7402635,-1.0961154,0.0330722
seq-07/frame-000128,1,0.00717355,0.093018,2025,970,698,0.84,95.86,61.93,8.41,167.05,0.985377694,0.121971992,-0.117401094,-0.019251385,-0.7355552,-1.0997398,0.0376250
seq-07/frame-000129,1,0.02129199,0.354293,1249,691,544,0.77,83.41,44.86,13.10,142.14,0.985510517,0.119072332,-0.120429938,-0.009350472,-0.6965848,-1.0912831,0.0557765
seq-07/frame-000130,1,0.01600573,0.328319,870,410,288,0.76,70.80,26.53,11.07,109.16,0.986577865,0.117921722,-0.112710323,-0.007414010,-0.6979216,-1.0879780,0.0643062
seq-07/frame-000131,1,0.00995731,0.168205,975,448,320,0.77,70.70,33.20,8.73,113.40,0.987514957,0.115353194,-0.107190818,-0.004240072,-0.6710917,-1.0928226,0.0652332
seq-07/frame-000132,1,0.02407510,0.442520,1432,780,623,0.81,76.09,43.17,14.42,134.50,0.988154160,0.113778816,-0.102903207,-0.004082512,-0.6571902,-1.0940494,0.0698798
seq-07/frame-000133,1,0.02344641,0.410075,1952,1053,818,0.82,95.83,56.10,8.55,161.30,0.988880789,0.110918921,-0.099045798,-0.001307159,-0.6418595,-1.0895684,0.0729590
seq-07/frame-000134,1,0.02948220,0.554703,1670,862,681,0.82,86.38,59.31,10.02,156.54,0.988958535,0.112443585,-0.096525970,0.000439914,-0.6364097,-1.0822831,0.0801769
seq-07/frame-000135,1,0.02075123,0.358016,1522,815,638,0.84,85.98,44.22,8.87,139.90,0.989221432,0.112021876,-0.094291346,0.001095315,-0.6255808,-1.0952609,0.0839416
seq-07/frame-000136,1,0.01902515,0.293436,1553,833,663,0.80,78.61,46.36,9.61,135.38,0.989626616,0.112069696,-0.089886020,0.000219507,-0.6227819,-1.0911317,0.0803108
seq-07/frame-000137,1,0.02239979,0.363243,2398,1165,844,0.90,103.21,93.12,16.97,214.20,0.989833388,0.111641307,-0.088124408,-0.000414371,-0.6090800,-1.0956838,0.0782218
seq-07/frame-000138,1,0.02007261,0.277338,2415,1208,871,0.87,110.37,91.76,15.80,218.81,0.989807023,0.111848005,-0.088159266,-0.000155406,-0.6046189,-1.0929687,0.0779924
seq-07/frame-000139,1,0.01498102,0.180247,2146,1124,852,0.86,82.33,80.86,11.28,175.33,0.989940223,0.111242894,-0.087403869,0.001984208,-0.5982781,-1.0983024,0.0851608
seq-07/frame-000140,1,0.01335857,0.190196,2092,1074,841,0.81,96.97,69.55,18.18,185.51,0.990241551,0.110618323,-0.084634563,0.004716795,-0.5808377,-1.0957997,0.0888244
seq-07/frame-000141,1,0.01409923,0.157828,2276,1162,875,0.88,82.70,71.69,7.48,162.75,0.990596038,0.107868747,-0.083887189,0.006838313,-0.5768481,-1.1008387,0.0864140
seq-07/frame-000142,1,0.02129974,0.346936,2174,1085,839,0.87,93.42,91.14,11.70,197.13,0.990229207,0.109406444,-0.086197141,0.006811809,-0.5578794,-1.0953326,0.0970772
seq-07/frame-000143,1,0.01836983,0.297411,1464,694,509,0.85,63.33,44.15,7.08,115.41,0.990294657,0.110556871,-0.083999941,0.006138444,-0.5508904,-1.0925149,0.1070758
seq-07/frame-000144,1,0.01749399,0.243433,2396,1178,898,0.91,98.36,80.61,10.15,190.03,0.990873811,0.110049915,-0.077338009,0.008771498,-0.5395571,-1.0920888,0.0997345
seq-07/frame-000145,1,0.02184936,0.307677,2364,1251,933,0.89,82.75,85.33,8.57,177.56,0.990893980,0.108779387,-0.078580790,0.011010234,-0.5291106,-1.0911817,0.0986644
seq-07/frame-000146,1,0.01373902,0.139810,2258,1191,921,0.89,90.87,81.42,10.53,183.72,0.990993618,0.106897934,-0.079601108,0.012967031,-0.5187607,-1.0985448,0.1073449
seq-07/frame-000147,1,0.01917013,0.337434,1549,778,597,0.85,72.49,64.05,11.10,148.49,0.990955383,0.109353709,-0.076582654,0.013575434,-0.5146514,-1.0873745,0.1192990
seq-07/frame-000148,1,0.01612881,0.244734,1616,851,684,0.85,68.16,66.51,6.60,142.11,0.991124160,0.109702855,-0.074004274,0.012710250,-0.5022960,-1.0890234,0.1195868
seq-07/frame-000149,1,0.01401976,0.110312,2488,1314,974,0.90,97.87,87.20,9.25,195.23,0.992001670,0.103971532,-0.070624276,0.011611121,-0.4895569,-1.0907769,0.1146583
seq-07/frame-000150,1,0.01345173,0.150240,2497,1220,899,0.91,97.63,92.84,11.74,203.12,0.991939454,0.103584570,-0.072047420,0.011641533,-0.4770446,-1.0928978,0.1228610
seq-07/frame-000151,1,0.02329753,0.410504,1641,842,667,0.88,77.78,64.18,10.21,153.05,0.992044904,0.104781703,-0.068923896,0.010825856,-0.4803320,-1.0877712,0.1314831
seq-07/frame-000152,1,0.03401859,0.610807,1406,726,533,0.83,71.63,47.86,9.89,130.22,0.992027871,0.107906728,-0.064562907,0.008274782,-0.4778207,-1.0790158,0.1354534
seq-07/frame-000153,1,0.01100898,0.193714,2481,1217,921,0.90,90.95,79.56,9.12,180.53,0.992344803,0.107077696,-0.061407665,0.003906108,-0.4538080,-1.1015141,0.1323630
seq-07/frame-000154,1,0.01137180,0.093500,2486,1214,895,3.58,101.34,91.39,9.70,206.02,0.992230667,0.107781573,-0.061987558,0.004356560,-0.4474460,-1.0955105,0.1341098
seq-07/frame-000155,1,0.00833043,0.058876,2467,1175,859,0.91,102.33,79.53,8.72,191.49,0.992020037,0.108391374,-0.064279618,0.003960678,-0.4348168,-1.0974711,0.1424932
seq-07/frame-000156,1,0.01372089,0.154305,2481,1279,967,0.88,100.22,86.42,13.24,200.76,0.991701614,0.110821424,-0.065026472,0.004251827,-0.4299991,-1.0935375,0.1449715
seq-07/frame-000157,1,0.01734405,0.130305,2211,1200,929,0.88,91.06,85.94,7.62,185.51,0.991646933,0.111575974,-0.064276095,0.007466320,-0.4223113,-1.0933915,0.1450605
seq-07/frame-000158,1,0.01352116,0.129333,2431,1233,952,0.89,118.24,91.15,11.43,221.71,0.991463546,0.112499949,-0.065463133,0.007640455,-0.3996674,-1.0957347,0.1593892
seq-07/frame-000159,1,0.01760809,0.249567,1986,1063,842,0.87,94.81,77.55,7.00,180.23,0.991654688,0.113081479,-0.061309462,0.008643452,-0.4066773,-1.0907054,0.1634350
seq-07/frame-000160,1,0.01237808,0.097851,2296,1146,876,0.87,94.75,77.38,6.87,179.87,0.991545364,0.113565372,-0.061766984,0.011204346,-0.3884950,-1.0916474,0.1738137
seq-07/frame-000161,1,0.01472353,0.186596,2198,1198,966,0.87,80.64,77.43,8.91,167.86,0.991241074,0.116567688,-0.060929031,0.011864224,-0.3832772,-1.0891660,0.1792572
seq-07/frame-000162,1,0.01308698,0.158774,1873,989,775,0.86,71.91,69.13,8.34,150.24,0.991303030,0.117517180,-0.058094253,0.011535683,-0.3811317,-1.0851266,0.1859119
seq-07/frame-000163,1,0.01784804,0.249809,1724,893,711,0.88,88.28,57.25,15.45,161.87,0.991668388,0.116337771,-0.054398946,0.010004261,-0.3788577,-1.0886548,0.1928081
seq-07/frame-000164,1,0.00865204,0.109099,2394,1190,919,0.88,93.53,67.06,14.00,175.47,0.991985084,0.115790444,-0.049166917,0.011865079,-0.3572759,-1.0860285,0.2102512
seq-07/frame-000165,1,0.01385431,0.188513,2086,1055,796,0.85,83.23,63.27,10.39,157.74,0.991638688,0.117617112,-0.051461172,0.013064281,-0.3410028,-1.0879098,0.2195157
seq-07/frame-000166,1,0.01723225,0.230304,1779,902,694,0.88,87.93,55.52,12.44,156.77,0.991508434,0.120561658,-0.047746473,0.009807458,-0.3504443,-1.0875160,0.2243573
seq-07/frame-000167,1,0.02572581,0.318184,1608,797,587,0.83,82.94,53.46,8.64,145.88,0.991497982,0.122309216,-0.043503426,0.008925214,-0.3425308,-1.0868972,0.2281285
seq-07/frame-000168,1,0.01608766,0.194960,2135,1083,856,0.85,90.81,64.89,12.68,169.23,0.991000869,0.126395930,-0.042944786,0.009853569,-0.3271570,-1.0852347,0.2411939
seq-07/frame-000169,1,0.01675069,0.126977,2574,1249,937,0.89,109.01,78.66,10.79,199.35,0.990726324,0.127704358,-0.045474135,0.009222291,-0.3168759,-1.0878717,0.2409516
seq-07/frame-000170,1,0.01770553,0.159491,2564,1256,912,1.22,107.44,73.54,14.14,196.34,0.990401461,0.129080679,-0.048578138,0.009126286,-0.3109111,-1.0878291,0.2485453
seq-07/frame-000171,1,0.02003840,0.095408,2579,1318,962,0.92,107.33,77.80,7.73,193.78,0.990214650,0.129934418,-0.050184043,0.008576486,-0.3087175,-1.0883759,0.2559244
seq-07/frame-000172,1,0.01632532,0.154665,2343,1151,877,0.85,96.15,77.30,10.64,184.93,0.989642865,0.134182357,-0.050760876,0.005042664,-0.2973122,-1.0900604,0.2833384
seq-07/frame-000173,1,0.01397213,0.079614,2213,1062,818,0.87,99.38,74.94,12.27,187.45,0.989417740,0.136020799,-0.050264028,0.004940258,-0.2919477,-1.0935268,0.2931689
seq-07/frame-000174,1,0.01027089,0.059682,2241,1071,830,0.86,115.39,72.46,13.15,201.85,0.989391374,0.137050301,-0.047935326,0.004912053,-0.2889538,-1.0910351,0.3024966
seq-07/frame-000175,1,0.01423979,0.140175,2488,1180,887,0.89,103.86,87.00,10.76,202.51,0.989789406,0.133973470,-0.048153712,0.007018668,-0.2826408,-1.0953994,0.3051888
seq-07/frame-000176,1,0.01489662,0.220887,2495,1199,899,0.90,104.80,83.20,10.23,199.12,0.989645516,0.134156212,-0.050498319,0.007333681,-0.2684439,-1.0989261,0.3223862
seq-07/frame-000177,1,0.01003074,0.177742,1647,788,624,0.82,79.20,54.03,5.71,139.76,0.989823784,0.134410159,-0.046539250,0.004109055,-0.2735150,-1.0908736,0.3355536
seq-07/frame-000178,1,0.01240923,0.096255,1734,883,687,0.85,82.97,58.58,13.14,155.54,0.990077143,0.133208569,-0.044595357,0.003739403,-0.2617571,-1.0964655,0.3464962
seq-07/frame-000179,1,0.01854390,0.139059,1978,940,707,0.88,83.76,73.14,6.75,164.52,0.989744913,0.136704367,-0.041339738,0.002819614,-0.2620550,-1.0904766,0.3504705
seq-07/frame-000180,1,0.01461793,0.143373,2578,1215,882,0.89,100.05,88.65,9.11,198.70,0.989827744,0.135942649,-0.041875588,0.002658601,-0.2464507,-1.0915038,0.3567737
seq-07/frame-000181,1,0.01410962,0.056856,2636,1279,975,1.43,102.88,79.83,13.02,197.16,0.989921965,0.135433871,-0.041268007,0.003020063,-0.2441799,-1.0861812,0.3656399
seq-07/frame-000182,1,0.01675981,0.083303,2202,1181,910,0.87,89.86,67.96,12.81,171.51,0.990154757,0.133851006,-0.040655652,0.004958171,-0.2380125,-1.0841134,0.3761351
seq-07/frame-000183,1,0.01418960,0.089328,2473,1073,766,0.90,101.45,82.53,7.56,192.44,0.990206536,0.133269235,-0.040883941,0.007670084,-0.2238221,-1.0886704,0.3881241
seq-07/frame-000184,1,0.01068948,0.092610,2048,1019,800,0.87,92.59,67.40,6.64,167.51,0.990078138,0.134511535,-0.040131067,0.006436262,-0.2192431,-1.0842793,0.3982516
seq-07/frame-000185,1,0.01868568,0.358982,1394,723,587,0.82,68.15,47.02,7.64,123.64,0.990689835,0.131398563,-0.034915111,0.007000201,-0.2210838,-1.0781171,0.4044008
seq-07/frame-000186,1,0.01823071,0.150028,2403,1192,916,0.89,106.96,78.30,8.44,194.59,0.990635793,0.131707241,-0.034678108,0.009558112,-0.2072159,-1.0723653,0.4101836
seq-07/frame-000187,1,0.01847606,0.179117,2502,1096,776,0.91,115.28,79.55,9.69,205.44,0.990210605,0.134484720,-0.036249177,0.009100218,-0.1979895,-1.0680140,0.4164232
seq-07/frame-000188,1,0.00927476,0.179364,1576,814,644,1.35,82.04,49.44,10.66,143.50,0.990469074,0.133570818,-0.032862539,0.007064230,-0.1952973,-1.0696917,0.4335413
seq-07/frame-000189,1,0.01465057,0.261568,1398,719,584,0.80,81.23,45.09,9.16,136.28,0.990877453,0.131850321,-0.027331447,0.005509788,-0.1926681,-1.0674539,0.4351051
seq-07/frame-000190,1,0.01374743,0.110938,1735,1001,803,0.81,88.09,63.99,10.28,163.18,0.991024878,0.131295189,-0.024398366,0.005998640,-0.1841091,-1.0591073,0.4360836
seq-07/frame-000191,1,0.01414278,0.093461,2324,1218,940,0.86,95.15,76.32,7.27,179.60,0.991363623,0.128773250,-0.023558049,0.007786827,-0.1760988,-1.0573928,0.4378006
seq-07/frame-000192,1,0.01734167,0.069698,2464,1107,823,0.93,96.80,84.99,9.51,192.23,0.991383518,0.128360383,-0.024670550,0.008584691,-0.1684392,-1.0527372,0.4419872
seq-07/frame-000193,1,0.01185724,0.112955,1508,818,667,0.81,80.00,47.30,13.02,141.14,0.991375265,0.128725243,-0.022959648,0.008817563,-0.1608299,-1.0482351,0.4534005
seq-07/frame-000194,1,0.01308630,0.114289,1607,923,764,0.81,86.85,60.80,23.14,171.60,0.991778763,0.126013546,-0.019262147,0.011155352,-0.1519417,-1.0445825,0.4539194
seq-07/frame-000195,1,0.01791942,0.108846,2481,1284,994,0.90,99.60,70.83,9.86,181.18,0.991879657,0.125368047,-0.017608134,0.012147080,-0.1461253,-1.0402050,0.4502185
seq-07/frame-000196,1,0.01644716,0.086489,2474,1296,1005,0.89,98.21,74.66,8.32,182.09,0.991770973,0.125550573,-0.021058750,0.013561718,-0.1325907,-1.0408273,0.4524824
seq-07/frame-000197,1,0.01680254,0.122242,2418,1176,864,0.90,98.62,74.71,9.94,184.17,0.991487097,0.127576335,-0.021702905,0.014373576,-0.1301237,-1.0313663,0.4561377
seq-07/frame-000198,1,0.01683777,0.174165,1677,946,785,0.84,81.72,43.87,6.16,132.59,0.991662443,0.126235276,-0.019279751,0.017278452,-0.1229139,-1.0306205,0.4587097
seq-07/frame-000199,1,0.01155787,0.087796,2151,1218,957,0.84,88.57,71.10,14.88,175.40,0.991754216,0.125164549,-0.017786767,0.021000992,-0.1099072,-1.0245481,0.4610069
seq-07/frame-000200,1,0.01805732,0.210444,2459,1218,926,0.91,98.28,71.46,6.34,176.99,0.991878311,0.123609525,-0.016745609,0.024853285,-0.1085113,-1.0232462,0.4588821
seq-07/frame-000201,1,0.01684118,0.210947,2546,1261,962,0.91,114.02,90.66,11.30,216.89,0.991720213,0.123687331,-0.018098720,0.029409190,-0.0983006,-1.0210053,0.4623030
seq-07/frame-000202,1,0.01438588,0.108213,2256,1264,1019,0.86,97.03,90.12,8.71,196.72,0.991614873,0.123622756,-0.018952792,0.032529202,-0.0845317,-1.0154745,0.4630762
seq-07/frame-000203,1,0.01622581,0.252624,2309,1221,975,0.86,105.25,64.89,8.85,179.85,0.991657734,0.123048233,-0.017602094,0.034120934,-0.0777914,-1.0088716,0.4659368
seq-07/frame-000204,1,0.01698362,0.292960,2066,1073,879,1.51,108.38,75.22,9.21,194.32,0.991773782,0.122585514,-0.016713477,0.032836208,-0.0704493,-1.0036260,0.4703894
seq-07/frame-000205,1,0.01214410,0.176307,1694,903,743,0.82,75.91,59.10,8.72,144.55,0.991900759,0.121700492,-0.016824660,0.032230519,-0.0585685,-0.9919792,0.4711829
seq-07/frame-000206,1,0.01159467,0.084051,1601,857,676,0.82,77.66,54.10,10.91,143.49,0.992300921,0.117632710,-0.019325570,0.033584978,-0.0462506,-0.9805854,0.4710240
seq-07/frame-000207,1,0.01018177,0.053359,2352,1257,991,0.88,94.30,78.77,9.39,183.35,0.992879565,0.111156979,-0.022154336,0.036653523,-0.0299170,-0.9875771,0.4774979
seq-07/frame-000208,1,0.00955292,0.123497,2090,1167,963,0.89,89.13,70.02,8.75,168.80,0.992896793,0.110923061,-0.023595489,0.035990092,-0.0136477,-0.9907569,0.4857680
seq-07/frame-000209,1,0.01501585,0.119291,2402,1180,897,0.91,97.54,80.57,16.60,195.62,0.992780482,0.112898390,-0.020424556,0.034981505,-0.0178872,-0.9848642,0.4785259
seq-07/frame-000210,1,0.01374507,0.065274,2330,1150,890,0.90,89.89,86.19,7.83,184.81,0.992573263,0.113371162,-0.022273392,0.038068262,-0.0075733,-0.9811023,0.4785272
seq-07/frame-000211,1,0.01153273,0.102335,2060,1084,885,0.89,83.23,70.75,9.22,164.10,0.992266716,0.114772574,-0.026155768,0.039368732,-0.0004464,-0.9817234,0.4784860
seq-07/frame-000212,1,0.01294019,0.099749,2457,1176,891,0.93,101.93,104.91,9.93,217.71,0.992005223,0.117087632,-0.030427214,0.035920868,0.0118546,-0.9740025,0.4814557
seq-07/frame-000213,1,0.01311914,0.068336,1961,1122,946,0.89,91.70,84.00,10.20,186.78,0.992061255,0.118006989,-0.029225780,0.032166310,0.0140425,-0.9740547,0.4859815
seq-07/frame-000214,1,0.01163800,0.140906,1540,898,757,0.84,83.16,51.62,9.44,145.06,0.991934710,0.120713056,-0.026450795,0.028182333,0.0192725,-0.9768928,0.4941455
seq-07/frame-000215,1,0.01173213,0.135178,2226,1211,973,0.90,97.75,83.08,9.26,191.00,0.991627627,0.124270858,-0.025528758,0.024076649,0.0294152,-0.9740621,0.4855609
seq-07/frame-000216,1,0.01362688,0.088301,2302,1150,883,0.90,94.15,73.71,14.40,183.16,0.991618412,0.125070963,-0.026349465,0.018864908,0.0321391,-0.9698460,0.4843374
seq-07/frame-000217,1,0.01301973,0.155938,2461,1297,990,0.93,91.06,92.64,24.12,208.75,0.991622745,0.125525798,-0.027413827,0.013269788,0.0365005,-0.9742855,0.4893498
seq-07/frame-000218,1,0.01257741,0.201162,2464,1260,995,0.92,84.40,92.55,13.02,190.89,0.991752663,0.124978306,-0.026370852,0.010566797,0.0365602,-0.9743718,0.4903441
seq-07/frame-000219,1,0.01158650,0.069857,2351,1238,996,0.94,90.49,118.54,7.01,216.98,0.991639209,0.125577176,-0.028094241,0.009631473,0.0436030,-0.9709240,0.4955175
seq-07/frame-000220,1,0.01008323,0.139390,2220,1159,929,0.93,85.97,85.08,6.25,178.23,0.991609941,0.125532639,-0.029941097,0.007403473,0.0522430,-0.9761382,0.5005115
seq-07/frame-000221,1,0.01398750,0.197025,1697,851,685,0.87,87.76,60.63,5.68,154.94,0.991579536,0.126669557,-0.026221468,0.006105956,0.0522165,-0.9684471,0.5037227
seq-07/frame-000222,1,0.01167241,0.061693,1768,893,710,0.89,80.82,67.75,5.68,155.15,0.991795265,0.125411974,-0.024056245,0.005940241,0.0649257,-0.9702890,0.5079302
seq-07/frame-000223,1,0.01305573,0.213001,1727,981,821,0.86,87.94,72.64,8.03,169.47,0.992046464,0.124049234,-0.020622330,0.005506433,0.0686685,-0.9721767,0.5109800
seq-07/frame-000224,1,0.00956547,0.155637,1830,1012,848,1.21,88.00,66.55,10.49,166.25,0.992257255,0.122664460,-0.018418771,0.006302344,0.0789002,-0.9701590,0.5179085
seq-07/frame-000225,1,0.01142938,0.135819,1878,1104,915,0.88,79.01,88.13,6.47,174.50,0.992265915,0.123076886,-0.015441029,0.004691398,0.0817569,-0.9714158,0.5235621
seq-07/frame-000226,1,0.01135010,0.120057,1556,818,661,0.88,79.97,68.10,13.39,162.34,0.991949603,0.126021696,-0.012430335,0.000064426,0.0871046,-0.9661623,0.5257816
seq-07/frame-000227,1,0.01098353,0.160150,1373,693,554,0.88,66.20,45.94,8.70,121.73,0.992072769,0.125396151,-0.006923852,-0.004414264,0.0907660,-0.9668990,0.5305045
seq-07/frame-000228,1,0.00851072,0.042190,1713,835,689,0.89,86.99,50.97,10.11,148.97,0.992093332,0.125363577,-0.002842022,-0.005168777,0.0970377,-0.9699787,0.5365199
seq-07/frame-000229,1,0.00915323,0.147806,2168,1025,793,0.91,90.13,88.16,6.27,185.47,0.992106707,0.125294866,-0.001057050,-0.004935730,0.1017011,-0.9708041,0.5383709
seq-07/frame-000230,1,0.00672988,0.129963,1619,929,819,0.83,91.48,69.58,7.04,168.94,0.992218557,0.124396511,0.000585187,-0.005244146,0.1065965,-0.9653562,0.5431491
seq-07/frame-000231,1,0.01087251,0.140180,1461,778,630,0.87,79.43,75.69,11.94,167.92,0.992525813,0.121762432,0.003857733,-0.007179068,0.1127136,-0.9648517,0.5489128
seq-07/frame-000232,1,0.00790017,0.064789,1448,869,746,0.83,69.02,56.33,8.96,135.15,0.992171598,0.124371896,0.007298734,-0.008595338,0.1208741,-0.9668322,0.5598961
seq-07/frame-000233,1,0.00917734,0.039811,1977,1144,959,0.89,82.93,80.75,7.06,171.62,0.991823354,0.127130204,0.009852399,-0.005222703,0.1255457,-0.9665906,0.5583122
seq-07/frame-000234,1,0.00992569,0.105220,2148,1220,1003,0.90,88.66,86.64,10.65,186.85,0.991662686,0.128560920,0.008732084,-0.000978651,0.1302814,-0.9659581,0.5590076
seq-07/frame-000235,1,0.00642894,0.033943,2134,1165,942,0.92,99.29,85.20,8.02,193.43,0.991397155,0.130695792,0.006609665,0.002569806,0.1320239,-0.9629500,0.5665335
seq-07/frame-000236,1,0.01010738,0.027020,2177,1225,998,0.97,107.92,94.29,7.74,210.92,0.991241575,0.131828722,0.005625931,0.005447646,0.1382786,-0.9592422,0.5694605
seq-07/frame-000237,1,0.00769481,0.062034,2084,1214,992,0.91,78.51,85.49,11.54,176.45,0.991108402,0.132639311,0.006875218,0.007979928,0.1437980,-0.9576220,0.5745265
seq-07/frame-000238,1,0.00704247,0.152898,2118,1231,1033,0.89,92.35,80.03,12.68,185.95,0.991201855,0.131697843,0.008189529,0.010367907,0.1452292,-0.9565217,0.5771646
seq-07/frame-000239,1,0.00674779,0.107993,2144,1204,979,0.93,83.89,96.03,8.60,189.46,0.991420136,0.129908177,0.007956695,0.012110749,0.1513397,-0.9569200,0.5829923
seq-07/frame-000240,1,0.00802209,0.044655,1945,1065,883,0.91,93.93,77.85,17.66,190.36,0.991243784,0.131133887,0.008900512,0.012666665,0.1563796,-0.9506812,0.5864648
seq-07/frame-000241,1,0.00822230,0.200769,1886,1166,1008,0.86,85.17,91.48,8.16,185.68,0.991363734,0.130024585,0.011476714,0.012642740,0.1593617,-0.9496228,0.5894087
seq-07/frame-000242,1,0.00538714,0.098628,2144,1272,1064,0.87,81.75,72.18,8.30,163.10,0.991512934,0.128699037,0.013014871,0.013010471,0.1630656,-0.9458289,0.5947976
seq-07/frame-000243,1,0.00868471,0.185210,2049,1192,995,0.89,82.98,87.23,10.89,181.99,0.991842862,0.126051408,0.014314241,0.012404932,0.1674372,-0.9479827,0.5991612
seq-07/frame-000244,1,0.00427812,0.048344,2024,1133,946,0.89,85.96,64.03,14.22,165.10,0.991759254,0.126409076,0.016447070,0.012799270,0.1694599,-0.9415449,0.6067167
seq-07/frame-000245,1,0.00554612,0.112979,2188,1137,913,0.92,87.41,73.43,13.25,175.02,0.991840446,0.125446787,0.015638946,0.016463797,0.1802387,-0.9442299,0.6097834
seq-07/frame-000246,1,0.00589534,0.085452,2172,1130,934,0.91,92.66,95.66,12.44,201.69,0.991615962,0.126870000,0.013660028,0.020376218,0.1843901,-0.9387623,0.6104666
seq-07/frame-000247,1,0.00404736,0.113175,2192,1178,956,1.55,103.05,87.88,12.66,205.15,0.991636646,0.126193078,0.011975362,0.024262321,0.1858246,-0.9376945,0.6173968
seq-07/frame-000248,1,0.00837193,0.108328,2018,1028,849,0.92,92.08,73.91,6.32,173.23,0.991689713,0.126244066,0.010212721,0.022575425,0.1949936,-0.9327151,0.6186715
seq-07/frame-000249,1,0.00218875,0.078820,1373,778,657,0.85,76.55,41.73,11.96,131.08,0.991667529,0.126697584,0.014923594,0.017903109,0.1959805,-0.9235446,0.6268737
seq-07/frame-000250,1,0.00624017,0.146014,1570,905,772,0.87,81.27,44.43,8.04,134.60,0.991904582,0.124609172,0.019268018,0.015053149,0.2027547,-0.9250358,0.6283999
seq-07/frame-000251,1,0.00546045,0.149299,2118,1102,889,0.92,103.47,107.23,10.62,222.24,0.992029900,0.123527397,0.021138971,0.013069164,0.2077562,-0.9262347,0.6337045
seq-07/frame-000252,1,0.00585538,0.136434,2101,1091,886,0.92,99.95,69.49,14.09,184.46,0.991997326,0.124067363,0.020870357,0.010631241,0.2162974,-0.9200881,0.6343840
seq-07/frame-000253,1,0.00571115,0.156450,1839,1072,889,0.86,86.24,63.65,10.50,161.25,0.992202109,0.122496664,0.021611563,0.007904559,0.2243135,-0.9169968,0.6355250
seq-07/frame-000254,1,0.00179458,0.044787,2040,1130,939,0.89,92.53,63.15,6.44,163.01,0.992344677,0.121384538,0.021707478,0.006828030,0.2318550,-0.9079552,0.6405149
seq-07/frame-000255,1,0.00462791,0.120787,2158,1109,891,0.96,83.29,79.75,7.77,171.77,0.992543040,0.119934501,0.020645063,0.006914460,0.2354092,-0.9069974,0.6466482
seq-07/frame-000256,1,0.00137719,0.051509,2113,1154,950,0.90,75.87,84.84,11.56,173.18,0.992610597,0.120140183,0.016186794,0.005341048,0.2494256,-0.9030673,0.6491437
seq-07/frame-000257,1,0.00327738,0.074173,2168,1160,948,1.67,94.41,94.88,8.65,199.63,0.992717051,0.119629029,0.013981082,0.002506212,0.2573590,-0.8946154,0.6508173
seq-07/frame-000258,1,0.00737801,0.184761,2179,1145,909,0.95,94.80,69.87,13.39,179.02,0.992765440,0.119269302,0.013799841,0.001085791,0.2614297,-0.8906117,0.6576555
seq-07/frame-000259,1,0.00439449,0.082593,1701,936,788,0.88,79.93,72.51,8.06,161.38,0.992834117,0.119183056,0.008695936,0.000442458,0.2761122,-0.8854001,0.6598050
seq-07/frame-000260,1,0.00734309,0.207966,1221,719,595,0.82,58.80,49.06,7.64,116.33,0.993045096,0.117730463,-0.000766735,0.000622547,0.2917603,-0.8732257,0.6584445
seq-07/frame-000261,1,0.00659291,0.187854,1283,647,518,0.84,68.89,56.98,9.96,136.67,0.993441614,0.113812203,-0.010945441,0.000859838,0.3041086,-0.8686322,0.6618116
seq-07/frame-000262,1,0.00414938,0.123162,1622,875,730,0.84,70.33,66.77,7.68,145.62,0.993856427,0.109187644,-0.017922279,0.002500691,0.3138861,-0.8661704,0.6662806
seq-07/frame-000263,1,0.00643579,0.152818,1652,826,645,0.88,77.63,56.72,10.47,145.70,0.994305083,0.104130442,-0.022093410,0.005112074,0.3268235,-0.8592136,0.6691773
seq-07/frame-000264,1,0.00432118,0.152576,1538,741,573,0.85,66.35,68.56,5.91,141.67,0.994881896,0.097462547,-0.025539124,0.007669340,0.3393468,-0.8518817,0.6745380
seq-07/frame-000265,1,0.01077100,0.211914,1317,641,496,0.83,66.70,40.20,6.01,113.74,0.995148515,0.092774636,-0.031278934,0.009691619,0.3506294,-0.8380810,0.6759745
seq-07/frame-000266,1,0.00845443,0.143902,1228,496,332,0.80,68.71,45.23,10.38,125.13,0.995677045,0.084063851,-0.038846168,0.007173953,0.3621054,-0.8372608,0.6766996
seq-07/frame-000267,1,0.00566808,0.097115,1528,693,497,0.83,80.23,58.22,6.50,145.78,0.996223302,0.073318540,-0.046511456,-0.000455898,0.3785557,-0.8297695,0.6860728
seq-07/frame-000268,1,0.00298674,0.065276,2491,1168,895,0.94,98.07,83.02,13.69,195.72,0.996413925,0.068621177,-0.049386061,-0.003382349,0.3853110,-0.8320324,0.6947418
seq-07/frame-000269,1,0.00557866,0.149888,2269,1044,794,0.96,92.60,71.02,9.72,174.31,0.996184526,0.069189224,-0.053182400,-0.000934796,0.3944763,-0.8257875,0.6983578
seq-07/frame-000270,1,0.00291829,0.022745,1687,786,558,0.93,94.69,58.38,6.39,160.39,0.995684596,0.069401820,-0.061555804,0.002540676,0.4103114,-0.8220363,0.6968089
seq-07/frame-000271,1,0.00451264,0.091560,2226,1058,812,0.93,84.91,71.28,6.74,163.86,0.995195284,0.069136684,-0.069328553,-0.000131444,0.4252412,-0.8177340,0.6967238
seq-07/frame-000272,1,0.00581561,0.169855,2148,1047,801,1.21,100.90,78.60,7.38,188.10,0.995275196,0.066962746,-0.070299139,-0.001142575,0.4300883,-0.8104835,0.6962575
seq-07/frame-000273,1,0.00482963,0.112220,2127,996,751,0.92,91.09,79.49,10.67,182.18,0.995212993,0.064869226,-0.072978650,0.004147241,0.4414210,-0.8034276,0.6986330
seq-07/frame-000274,1,0.00883440,0.181073,1570,675,481,0.92,81.85,45.40,8.22,136.38,0.994526812,0.064240887,-0.081838448,0.009591509,0.4563162,-0.7965130,0.6974743
seq-07/frame-000275,1,0.00863186,0.109054,1868,790,537,0.90,79.73,70.62,6.95,158.20,0.993713775,0.063327471,-0.091538080,0.011972663,0.4643684,-0.7892640,0.6961361
seq-07/frame-000276,1,0.00256470,0.054017,2501,1102,796,0.94,103.19,83.56,11.09,198.79,0.993389086,0.060114860,-0.096887070,0.013312553,0.4762195,-0.7930206,0.7016148
seq-07/frame-000277,1,0.00949408,0.125505,2430,1101,818,0.94,104.59,75.24,7.23,188.00,0.993170768,0.058034712,-0.100287461,0.013646390,0.4910572,-0.7881845,0.6998526
seq-07/frame-000278,1,0.00726301,0.140779,2048,881,636,0.91,73.68,62.45,6.65,143.69,0.992887114,0.055798459,-0.104275874,0.013720538,0.4980497,-0.7845390,0.6996647
seq-07/frame-000279,1,0.00700108,0.150660,1902,763,564,0.90,96.98,51.86,20.94,170.69,0.992321859,0.052586291,-0.110828664,0.015780262,0.5084711,-0.7824272,0.7013193
seq-07/frame-000280,1,0.01108327,0.208923,1808,735,539,0.90,104.50,73.27,12.75,191.43,0.991626705,0.051147453,-0.117126366,0.018488631,0.5153869,-0.7710709,0.7001219
seq-07/frame-000281,1,0.01106679,0.205125,1808,735,539,0.91,78.87,60.92,8.67,149.37,0.991626705,0.051147453,-0.117126366,0.018488631,0.5153869,-0.7710709,0.7001219
seq-07/frame-000282,1,0.00928521,0.198093,1988,861,632,0.91,81.56,78.39,6.50,167.36,0.990841901,0.046086749,-0.125126743,0.021251767,0.5286528,-0.7780776,0.7011498
seq-07/frame-000283,1,0.00947188,0.210886,2058,858,607,0.90,97.11,72.99,5.99,176.99,0.990304259,0.042990940,-0.130363025,0.021324535,0.5400295,-0.7719863,0.7051807
seq-07/frame-000284,1,0.00636545,0.089856,1951,762,561,1.32,96.03,66.06,9.02,172.43,0.990307252,0.039798025,-0.131607741,0.019673991,0.5442996,-0.7656547,0.7051446
seq-07/frame-000285,1,0.00963981,0.188231,1682,694,526,0.86,77.10,52.16,6.42,136.53,0.990018702,0.034657313,-0.135356488,0.018451603,0.5557127,-0.7639502,0.7037782
seq-07/frame-000286,1,0.00841264,0.149614,1692,772,578,0.87,68.45,63.99,10.74,144.05,0.989282466,0.028524645,-0.141817234,0.019860002,0.5644689,-0.7661863,0.7042825
seq-07/frame-000287,1,0.01065387,0.190079,1931,833,606,0.89,99.03,79.80,7.69,187.41,0.988447475,0.025943546,-0.148076577,0.019283380,0.5748993,-0.7601534,0.7061995
seq-07/frame-000288,1,0.00626583,0.052535,1869,833,639,0.87,86.25,65.34,6.05,158.52,0.988143099,0.023088378,-0.150840589,0.016948710,0.5740923,-0.7570766,0.7042095
seq-07/frame-000289,1,0.00691564,0.166532,1986,871,668,0.91,82.85,57.99,9.66,151.41,0.987517042,0.017132134,-0.155526995,0.018108996,0.5853839,-0.7621671,0.7068953
seq-07/frame-000290,1,0.00486034,0.059864,2114,877,623,0.93,93.31,80.83,10.46,185.53,0.986708990,0.014391310,-0.160348744,0.022057627,0.5913059,-0.7622143,0.7103790
seq-07/frame-000291,1,0.00656771,0.147999,2347,934,692,0.94,105.25,93.64,6.71,206.55,0.985871473,0.013175503,-0.165277064,0.023818824,0.6016644,-0.7594840,0.7106607
seq-07/frame-000292,1,0.00628179,0.114052,2294,942,687,0.95,112.50,97.47,15.20,226.12,0.985087272,0.011827149,-0.169592080,0.026489841,0.6097446,-0.7570191,0.7125965
seq-07/frame-000293,1,0.00807543,0.068455,2121,864,613,0.91,82.83,66.48,10.01,160.24,0.984186031,0.010636177,-0.174398249,0.029154399,0.6174469,-0.7546374,0.7082572
seq-07/frame-000294,1,0.00695831,0.072231,2011,800,589,0.92,88.79,77.78,11.50,178.99,0.983312292,0.007923975,-0.178714528,0.033094769,0.6180912,-0.7525411,0.7048089
seq-07/frame-000295,1,0.00802796,0.054448,2408,1019,728,0.95,109.96,75.84,6.32,193.07,0.982029124,0.006442424,-0.185016421,0.036690854,0.6266813,-0.7512676,0.7087707
seq-07/frame-000296,1,0.00667015,0.074503,2745,1214,851,0.99,104.95,96.52,7.36,209.82,0.981388701,0.006470048,-0.187960119,0.038798833,0.6310050,-0.7479141,0.7133979
seq-07/frame-000297,1,0.00715362,0.142741,2490,1032,727,0.96,84.08,102.39,12.24,199.68,0.980695248,0.005223530,-0.191011601,0.041522438,0.6406057,-0.7472743,0.7162124
seq-07/frame-000298,1,0.00616878,0.167832,1801,654,439,0.94,72.05,61.36,7.30,141.65,0.979485981,0.001621344,-0.196460040,0.044811128,0.6487757,-0.7572141,0.7154617
seq-07/frame-000299,1,0.02132001,0.551217,1633,615,377,0.89,70.61,79.31,8.80,159.61,0.977501524,-0.001577749,-0.206037666,0.045130502,0.6590618,-0.7588521,0.7176807
seq-07/frame-000300,1,0.01083408,0.241394,1771,723,491,0.89,90.16,52.41,7.62,151.08,0.975912585,-0.002785223,-0.212920813,0.047450986,0.6593816,-0.7490198,0.7165652
seq-07/frame-000301,1,0.00891307,0.109513,2363,1055,798,0.91,94.27,87.19,10.30,192.66,0.975341068,-0.006151419,-0.214842868,0.050144827,0.6539077,-0.7429884,0.7096920
seq-07/frame-000302,1,0.01000023,0.205567,2565,1173,870,0.97,99.96,85.95,9.75,196.63,0.974642555,-0.008149885,-0.217229248,0.053074700,0.6616930,-0.7426330,0.7254577
seq-07/frame-000303,1,0.00710137,0.151596,2698,1217,891,0.97,106.74,88.96,13.89,210.57,0.974244749,-0.009104935,-0.218681603,0.054245978,0.6689465,-0.7472488,0.7260261
seq-07/frame-000304,1,0.01200854,0.194724,2158,999,757,0.89,106.81,76.83,6.73,191.27,0.974015621,-0.010035839,-0.219649693,0.054285026,0.6703340,-0.7408256,0.7145382
seq-07/frame-000305,1,0.00851708,0.156711,2610,1175,841,1.00,93.28,85.39,6.86,186.54,0.973267965,-0.013377052,-0.222754705,0.054321861,0.6767402,-0.7430370,0.7246090
seq-07/frame-000306,1,0.00896443,0.210958,2602,1150,840,0.99,102.90,80.82,13.36,198.08,0.973018557,-0.013634200,-0.224190739,0.052796873,0.6827566,-0.7447853,0.7332721
seq-07/frame-000307,1,0.00898992,0.220098,2664,1202,892,0.96,121.31,86.00,9.66,217.93,0.973557656,-0.012820591,-0.222465475,0.050301436,0.6827306,-0.7407803,0.7282147
seq-07/frame-000308,1,0.00983012,0.245705,2638,1235,917,0.96,96.96,100.58,19.77,218.29,0.973457924,-0.014129521,-0.223300588,0.048133922,0.6886431,-0.7417228,0.7286092
seq-07/frame-000309,1,0.01970617,0.500557,1604,723,522,0.86,66.91,53.14,11.94,132.84,0.973582921,-0.010188284,-0.223666383,0.044786654,0.6960618,-0.7348591,0.7470962
seq-07/frame-000310,1,0.01651022,0.384010,1617,660,479,0.85,71.12,58.54,5.97,136.48,0.974934522,-0.004949803,-0.218516217,0.041579319,0.7082630,-0.7434534,0.7479084
seq-07/frame-000311,1,0.01058062,0.189329,1996,906,677,0.90,75.20,59.50,9.15,144.74,0.975268661,-0.004789107,-0.216125803,0.046018924,0.7051508,-0.7479845,0.7244667
seq-07/frame-000312,1,0.02012694,0.540086,1426,561,368,0.85,64.75,46.02,10.51,122.14,0.972153193,-0.014026219,-0.226885940,0.056957925,0.7232936,-0.7723897,0.7241573
seq-07/frame-000313,1,0.00358389,0.098049,1805,752,542,0.88,85.57,58.31,10.24,155.00,0.969941125,-0.014214124,-0.234316689,0.064092601,0.7175324,-0.7572346,0.7211044
seq-07/frame-000314,1,0.01266973,0.318237,1827,774,568,0.96,93.64,66.20,11.35,172.16,0.969634136,-0.012080363,-0.236054723,0.062784349,0.7199445,-0.7339952,0.7306048
seq-07/frame-000315,1,0.01530467,0.392329,1541,597,411,0.88,78.34,42.01,6.26,127.49,0.970971199,-0.012944842,-0.231866659,0.057316792,0.7268438,-0.7299635,0.7458505
seq-07/frame-000316,1,0.00593256,0.142137,2239,1059,811,0.92,103.32,103.84,6.49,214.58,0.971825243,-0.016641413,-0.228854627,0.053891742,0.7365789,-0.7453798,0.7363639
seq-07/frame-000317,1,0.00695156,0.194331,1633,654,432,0.91,89.60,53.02,23.47,167.01,0.970674221,-0.019545613,-0.234243710,0.050392563,0.7451917,-0.7497496,0.7314019
seq-07/frame-000318,1,0.00948304,0.284993,1723,704,478,0.87,80.72,59.89,8.09,149.57,0.968355314,-0.025496296,-0.242367392,0.053814233,0.7502035,-0.7605409,0.7281117
seq-07/frame-000319,1,0.00857297,0.235779,2332,1069,801,0.93,94.60,73.01,8.41,176.95,0.967056544,-0.022496210,-0.247676716,0.054330529,0.7560028,-0.7442769,0.7471146
seq-07/frame-000320,1,0.01238196,0.289510,1436,560,370,0.84,76.97,49.20,9.37,136.39,0.968944836,-0.018990321,-0.241581347,0.049231350,0.7552926,-0.7325613,0.7419090
seq-07/frame-000321,1,0.00376679,0.067924,1933,843,603,0.85,94.35,63.26,8.35,166.82,0.969777240,-0.026713718,-0.237879802,0.047240678,0.7667636,-0.7418434,0.7385990
seq-07/frame-000322,1,0.00550766,0.154503,1846,846,611,0.89,77.13,62.29,11.31,151.63,0.967908783,-0.033362855,-0.244400139,0.048042481,0.7838898,-0.7575496,0.7475043
seq-07/frame-000323,1,0.01041924,0.257078,1667,633,445,0.87,66.17,59.89,6.19,133.13,0.966143279,-0.033633827,-0.251762312,0.045295343,0.7948007,-0.7534393,0.7510004
seq-07/frame-000324,1,0.01360938,0.363823,1695,670,445,0.87,84.59,57.53,5.50,148.50,0.964078004,-0.035566852,-0.259887790,0.041796384,0.8035210,-0.7492841,0.7571797
seq-07/frame-000325,1,0.01104032,0.267200,1847,807,542,0.88,89.31,55.32,7.33,152.83,0.961932494,-0.039295438,-0.267783044,0.037868027,0.8148715,-0.7556097,0.7649045
seq-07/frame-000326,1,0.00708600,0.155268,2081,935,696,0.86,103.08,69.11,9.49,182.55,0.959768786,-0.046726055,-0.274986774,0.032292827,0.8266746,-0.7565706,0.7661744
seq-07/frame-000327,1,0.00586802,0.142196,2337,1010,721,0.89,105.70,82.67,6.68,195.95,0.958076540,-0.049805009,-0.280004141,0.034734486,0.8392794,-0.7522523,0.7762231
seq-07/frame-000328,1,0.00650271,0.111806,2490,1134,838,0.93,96.81,90.57,20.17,208.48,0.957019318,-0.051874769,-0.283159255,0.035268527,0.8490436,-0.7510184,0.7827026
seq-07/frame-000329,1,0.00387882,0.093653,2515,1205,895,0.91,106.85,68.16,8.75,184.68,0.956599545,-0.052122606,-0.284749322,0.033442021,0.8577379,-0.7478342,0.7894821
seq-07/frame-000330,1,0.00841485,0.198614,2456,1143,883,0.92,106.17,84.19,11.38,202.66,0.955711270,-0.054871645,-0.287295301,0.032657012,0.8697015,-0.7521844,0.7952371
seq-07/frame-000331,1,0.00707627,0.110647,2020,898,707,1.22,85.58,77.62,7.72,172.15,0.954887189,-0.061702701,-0.288907392,0.030261386,0.8896113,-0.7481363,0.7942840
seq-07/frame-000332,1,0.01002734,0.246117,2318,1050,801,0.88,97.80,75.46,7.55,181.69,0.953777485,-0.063261648,-0.292094360,0.031422240,0.9013081,-0.7519015,0.8198697
seq-07/frame-000333,1,0.00244280,0.070025,2479,1116,840,0.91,110.88,84.98,8.37,205.14,0.954466772,-0.061469731,-0.290284249,0.030817319,0.9077713,-0.7487829,0.8124230
seq-07/frame-000334,1,0.00440545,0.150614,2445,1096,840,0.93,94.53,85.36,10.06,190.88,0.954391951,-0.062159864,-0.290397014,0.030687611,0.9180849,-0.7486887,0.8118689
seq-07/frame-000335,1,0.00753320,0.172525,2546,1137,857,0.90,85.66,80.04,7.91,174.53,0.953408690,-0.063418106,-0.293318138,0.030894722,0.9328629,-0.7561248,0.8233628
seq-07/frame-000336,1,0.00635988,0.230375,2406,1119,858,0.91,93.21,82.46,13.56,190.14,0.953594450,-0.059148032,-0.293913860,0.027816879,0.9418696,-0.7471177,0.8254765
seq-07/frame-000337,1,0.00540068,0.011038,1976,929,699,0.84,84.77,72.06,8.36,166.03,0.954291999,-0.060359096,-0.291904822,0.021797586,0.9585248,-0.7479388,0.8180615
seq-07/frame-000338,1,0.00666829,0.077453,2081,991,750,0.87,91.11,74.05,10.74,176.77,0.953848841,-0.064879452,-0.292644745,0.017947076,0.9684154,-0.7600144,0.8234599
seq-07/frame-000339,1,0.00760868,0.113179,1972,895,690,0.85,94.52,80.06,5.87,181.30,0.952435748,-0.065990508,-0.297242669,0.012577552,0.9851783,-0.7708210,0.8341685
seq-07/frame-000340,1,0.00842862,0.173303,1721,853,673,0.81,82.02,57.86,10.63,151.34,0.951373823,-0.063297235,-0.301367722,0.007668521,0.9936190,-0.7778274,0.8420044
seq-07/frame-000341,1,0.00818654,0.126124,1824,872,690,0.86,89.53,71.35,6.44,168.18,0.950924311,-0.058742331,-0.303738232,0.005948031,0.9993690,-0.7786707,0.8386810
seq-07/frame-000342,1,0.01083951,0.227251,2262,1116,863,0.93,88.46,85.42,6.70,181.51,0.949717284,-0.056748812,-0.307896379,0.004058564,1.0161106,-0.7846495,0.8374658
seq-07/frame-000343,1,0.00630227,0.070868,2247,1151,932,0.88,93.12,65.99,10.85,170.83,0.949033933,-0.053697543,-0.310541553,0.003887326,1.0266608,-0.7747551,0.8473448
seq-07/frame-000344,1,0.00823240,0.068061,1958,995,800,0.86,83.56,74.10,7.81,166.33,0.948673953,-0.051300493,-0.312062717,0.001688684,1.0427103,-0.7791861,0.8557864
seq-07/frame-000345,1,0.01071222,0.167491,2132,1090,867,0.88,84.52,71.90,12.74,170.04,0.949334463,-0.050102003,-0.310245939,-0.001150554,1.0477131,-0.7891853,0.8485688
seq-07/frame-000346,1,0.00899034,0.207780,1984,1011,824,1.01,73.22,67.02,10.10,151.34,0.949349917,-0.049291124,-0.310319546,-0.002626575,1.0567288,-0.7982496,0.8538395
seq-07/frame-000347,1,0.00964676,0.251941,2128,1102,859,0.88,90.73,79.47,11.57,182.65,0.948518547,-0.046224615,-0.313228689,-0.007977384,1.0760435,-0.8099970,0.8607676
seq-07/frame-000348,1,0.00875039,0.189913,1857,953,758,0.84,78.12,70.46,8.45,157.88,0.947981435,-0.043538646,-0.315082000,-0.012606322,1.0834480,-0.8201278,0.8582810
seq-07/frame-000349,1,0.00425825,0.024689,1747,866,703,0.83,85.98,64.54,10.59,161.94,0.947087832,-0.038438835,-0.318226675,-0.016699625,1.0898612,-0.8228760,0.8549558
seq-07/frame-000350,1,0.00628528,0.067025,1960,986,767,0.85,103.61,77.54,8.87,190.88,0.946477520,-0.034511486,-0.320402586,-0.018205608,1.0958017,-0.8246182,0.8578345
seq-07/frame-000351,1,0.00601846,0.082012,2161,1064,834,0.89,106.90,75.32,9.40,192.51,0.946800465,-0.024606204,-0.320120856,-0.022046577,1.1137427,-0.8347269,0.8564129
seq-07/frame-000352,1,0.01279048,0.274410,2061,1047,810,0.88,91.23,62.62,11.76,166.50,0.946223126,-0.024719083,-0.321618343,-0.024746790,1.1193141,-0.8459455,0.8474323
seq-07/frame-000353,1,0.00931847,0.210341,1953,981,775,0.89,81.92,57.80,12.69,153.30,0.944712012,-0.022855788,-0.325746905,-0.029762078,1.1272706,-0.8498420,0.8511135
seq-07/frame-000354,1,0.00581621,0.184597,2220,1141,915,0.90,94.41,67.43,8.11,170.86,0.943897605,-0.019709156,-0.327639762,-0.036346214,1.1326625,-0.8487636,0.8541786
seq-07/frame-000355,1,0.01029278,0.117206,2217,1128,885,0.89,88.73,69.40,12.36,171.38,0.944675268,-0.019110962,-0.324330957,-0.045087021,1.1449692,-0.8562536,0.8470604
seq-07/frame-000356,1,0.00967632,0.199666,2399,1158,903,0.91,93.98,85.46,11.56,191.92,0.944770010,-0.019808561,-0.323831852,-0.046370042,1.1517915,-0.8673298,0.8503934
seq-07/frame-000357,1,0.01486594,0.261796,2381,1148,897,0.98,101.15,91.15,6.55,199.85,0.944760858,-0.019287966,-0.323708596,-0.047619738,1.1585141,-0.8750120,0.8459670
seq-07/frame-000358,1,0.00970861,0.126030,2266,1164,899,0.89,92.15,70.99,8.87,172.91,0.944382226,-0.015706494,-0.324667044,-0.049868102,1.1662930,-0.8735514,0.8529432
seq-07/frame-000359,1,0.00448511,0.086593,2112,1070,835,0.89,89.64,77.23,7.73,175.49,0.943332827,-0.010353854,-0.327193752,-0.054407937,1.1827489,-0.8939409,0.8538308
seq-07/frame-000360,1,0.00105505,0.062327,2323,1157,916,0.98,98.20,77.79,14.39,191.37,0.942775725,-0.008242827,-0.328052158,-0.059057338,1.1881663,-0.8929417,0.8505193
seq-07/frame-000361,1,0.00174657,0.090458,2362,1132,889,0.94,101.26,89.45,10.02,201.66,0.942334949,-0.009461193,-0.328917450,-0.061062596,1.1940700,-0.9006992,0.8541378
seq-07/frame-000362,1,0.00653562,0.115355,1982,1007,809,0.86,86.88,72.18,9.13,169.05,0.941830740,-0.009994675,-0.329919366,-0.063310154,1.2102526,-0.9102733,0.8534741
seq-07/frame-000363,1,0.01628920,0.364812,1834,909,723,0.85,85.56,79.23,12.91,178.54,0.941940877,-0.004679794,-0.329222273,-0.065864847,1.2181108,-0.9126577,0.8560869
seq-07/frame-000364,1,0.01035272,0.149244,2147,1052,802,0.88,87.32,72.17,7.60,167.98,0.941700989,-0.002071261,-0.328565384,-0.072386082,1.2266084,-0.9355121,0.8481835
seq-07/frame-000365,1,0.00813422,0.095877,2183,1064,838,0.91,79.82,70.70,14.07,165.49,0.942054529,0.001027086,-0.326997297,-0.074866403,1.2313302,-0.9359843,0.8394874
seq-07/frame-000366,1,0.01112682,0.248206,1853,869,664,0.87,75.86,62.90,6.22,145.87,0.942473555,0.002245914,-0.325129775,-0.077647821,1.2377595,-0.9370721,0.8412322
seq-07/frame-000367,1,0.01701128,0.418491,1717,806,590,0.86,79.45,67.44,6.38,154.14,0.943258525,0.004664808,-0.322654262,-0.078331488,1.2458438,-0.9414765,0.8456313
seq-07/frame-000368,1,0.00579855,0.146176,2425,1134,840,0.93,109.06,90.38,8.02,208.40,0.944621311,-0.000479491,-0.318753546,-0.078016192,1.2498860,-0.9747828,0.8358877
seq-07/frame-000369,1,0.01345167,0.205684,1838,869,658,0.88,93.52,58.38,7.98,160.76,0.945064099,0.003065617,-0.317152579,-0.079111896,1.2550308,-0.9676568,0.8327500
seq-07/frame-000370,1,0.00935621,0.280174,1379,552,393,0.83,73.90,49.02,14.63,138.38,0.945293546,0.000877040,-0.316752445,-0.078020704,1.2593207,-0.9965329,0.8444117
seq-07/frame-000371,1,0.01098228,0.127068,1832,845,624,0.88,88.46,67.25,8.66,165.26,0.946957614,0.005267982,-0.311887677,-0.077263207,1.2679345,-0.9977883,0.8149106
seq-07/frame-000372,1,0.01154394,0.183373,2011,894,645,0.88,88.69,53.71,18.79,162.07,0.946978145,-0.001141452,-0.311019365,-0.080610447,1.2717516,-1.0120687,0.8109071
seq-07/frame-000373,1,0.01237539,0.254927,1993,887,660,0.87,76.51,68.23,13.57,159.20,0.946303853,-0.000081594,-0.312287934,-0.083577847,1.2776076,-1.0107574,0.8286499
seq-07/frame-000374,1,0.00714714,0.100735,2398,1075,787,0.97,89.41,78.22,8.98,177.58,0.947396879,-0.002309489,-0.308958754,-0.083536275,1.2805987,-1.0385115,0.8167000
seq-07/frame-000375,1,0.00644771,0.064587,1999,898,679,0.88,78.90,65.05,7.76,152.61,0.947328728,-0.001846849,-0.308592590,-0.085647442,1.2850809,-1.0414236,0.8237787
seq-07/frame-000376,1,0.00922269,0.081678,1872,789,542,0.86,83.46,55.00,9.19,148.51,0.947760056,-0.001115978,-0.306891196,-0.086990940,1.2870000,-1.0614554,0.8198251
seq-07/frame-000377,1,0.01339563,0.168564,2048,930,675,0.89,82.33,67.95,16.02,167.20,0.949322471,-0.002603386,-0.300350546,-0.092572235,1.2868261,-1.0727547,0.8010173
seq-07/frame-000378,1,0.00902526,0.152197,1745,797,602,0.85,79.47,68.88,7.05,156.25,0.948764750,-0.005223635,-0.301320764,-0.094994528,1.2890555,-1.1008181,0.8114196
seq-07/frame-000379,1,0.01289533,0.210137,1703,764,539,0.84,78.50,59.09,6.19,144.62,0.947967041,0.002421381,-0.302614380,-0.098879541,1.2906966,-1.1016681,0.8060206
seq-07/frame-000380,1,0.00882179,0.115156,1939,884,670,0.87,85.36,69.35,16.12,171.73,0.947679734,0.008933620,-0.301335683,-0.104976749,1.2879235,-1.1290994,0.7971863
seq-07/frame-000381,1,0.00730512,0.228787,2054,965,711,1.23,91.42,70.87,13.95,177.48,0.947089877,0.010422468,-0.302304935,-0.107349259,1.2874914,-1.1475678,0.7965089
seq-07/frame-000382,1,0.01456442,0.346562,2456,1146,826,0.94,104.84,73.80,9.39,188.98,0.947867915,0.011900100,-0.299449675,-0.108326796,1.2815728,-1.1484330,0.7725588
seq-07/frame-000383,1,0.00931943,0.268836,2003,1026,785,0.89,106.28,64.15,6.94,178.27,0.948335434,0.008849213,-0.295872738,-0.114196845,1.2802240,-1.1757389,0.7805683
seq-07/frame-000384,1,0.00172553,0.045713,1698,835,617,0.84,72.47,60.03,7.94,141.28,0.947349302,0.013883375,-0.296861919,-0.119203829,1.2815608,-1.1873486,0.7814529
seq-07/frame-000385,1,0.00884490,0.169434,2021,1006,755,0.88,93.98,75.56,13.45,183.86,0.947183042,0.017770519,-0.295516713,-0.123281650,1.2787553,-1.2004353,0.7687215
seq-07/frame-000386,1,0.00269192,0.086571,1565,748,542,1.26,91.21,43.33,10.44,146.25,0.947346068,0.024100118,-0.292372340,-0.128347290,1.2750319,-1.2226819,0.7651103
seq-07/frame-000387,1,0.01357288,0.306484,1981,993,745,0.89,87.49,73.06,7.13,168.58,0.948329324,0.026873461,-0.288249529,-0.129851909,1.2633057,-1.2393272,0.7444461
seq-07/frame-000388,1,0.01331127,0.320720,2203,1101,815,0.95,99.40,70.59,6.96,177.90,0.949879992,0.024996123,-0.282154841,-0.132256719,1.2586423,-1.2549886,0.7237633
seq-07/frame-000389,1,0.01360245,0.396305,2458,1193,872,0.97,94.25,73.47,7.80,176.50,0.950479792,0.021950412,-0.279671457,-0.133754331,1.2528931,-1.2658078,0.7204724
seq-07/frame-000390,1,0.01238724,0.353744,1970,966,715,0.90,90.91,55.38,10.31,157.50,0.951321954,0.020298797,-0.273424208,-0.140761149,1.2446177,-1.2827131,0.7114418
seq-07/frame-000391,1,0.01485435,0.322777,2121,973,706,0.92,106.48,60.66,7.95,176.01,0.951694185,0.019574695,-0.270245626,-0.144437914,1.2327266,-1.2962511,0.7103294
seq-07/frame-000392,1,0.01047066,0.323497,2314,1077,761,0.94,87.24,61.82,12.23,162.23,0.951964009,0.020202805,-0.267424862,-0.147784696,1.2221312,-1.3202102,0.6992155
seq-07/frame-000393,1,0.01504936,0.305582,1967,916,692,0.88,92.96,58.94,14.25,167.03,0.952076106,0.023111400,-0.264571798,-0.151719198,1.2073383,-1.3263609,0.6944253
seq-07/frame-000394,1,0.01342222,0.391532,1934,907,684,0.87,87.37,55.10,16.18,159.52,0.951020754,0.026650005,-0.264712982,-0.157405022,1.1914325,-1.3566660,0.6869069
seq-07/frame-000395,1,0.01827587,0.539123,2149,1018,758,0.91,99.18,70.39,6.83,177.31,0.950105845,0.028508080,-0.264830298,-0.162330176,1.1854408,-1.3696742,0.6799666
seq-07/frame-000396,1,0.00906496,0.266996,2208,1035,751,0.95,89.95,76.51,7.49,174.91,0.950228112,0.036634767,-0.260678050,-0.166647482,1.1705283,-1.3596575,0.6650088
seq-07/frame-000397,1,0.01422955,0.341786,2446,1164,846,0.96,114.99,70.81,10.81,197.57,0.951137402,0.033311020,-0.256380693,-0.168810424,1.1551599,-1.3734509,0.6572750
seq-07/frame-000398,1,0.00861613,0.296365,2503,1154,832,0.95,106.35,83.68,11.56,202.54,0.949960825,0.029044099,-0.257290405,-0.174735566,1.1376669,-1.3851060,0.6562003
seq-07/frame-000399,1,0.01668072,0.340517,2693,1246,905,0.98,113.94,86.77,7.15,208.84,0.949887380,0.028654203,-0.255564660,-0.177706520,1.1270752,-1.3829019,0.6489628
seq-07/frame-000400,1,0.01237220,0.275876,2436,1108,817,0.92,102.76,72.40,8.20,184.29,0.949299440,0.029959212,-0.254257709,-0.182444609,1.1075582,-1.3913327,0.6569074
seq-07/frame-000401,1,0.00895904,0.315284,2429,1086,764,0.93,100.83,74.47,6.27,182.50,0.949186118,0.029051093,-0.254440977,-0.182924945,1.0977605,-1.4035484,0.6579499
seq-07/frame-000402,1,0.01242040,0.271831,2325,1083,794,0.91,109.93,67.31,6.70,184.86,0.949396544,0.036771351,-0.252283888,-0.183430941,1.0808742,-1.3929944,0.6521210
seq-07/frame-000403,1,0.01503676,0.328444,2561,1254,893,0.96,104.64,82.87,13.71,202.19,0.950023816,0.035966522,-0.249072656,-0.184726747,1.0662256,-1.3987405,0.6414681
seq-07/frame-000404,1,0.01073140,0.246024,1764,802,550,0.88,77.20,59.93,6.25,144.26,0.949167689,0.037206865,-0.250281975,-0.187230556,1.0442520,-1.4104724,0.6559028
seq-07/frame-000405,1,0.01025595,0.344250,1519,690,471,0.88,73.84,47.86,13.97,136.55,0.948615181,0.036493015,-0.255023733,-0.183740018,1.0305803,-1.4139107,0.6605159
seq-07/frame-000406,1,0.01627273,0.437029,1655,647,420,0.87,78.40,51.42,5.80,136.49,0.949315753,0.036852665,-0.257411398,-0.176581012,1.0180008,-1.4112466,0.6572361
seq-07/frame-000407,1,0.01641099,0.353736,2402,1141,819,0.95,101.26,65.72,10.77,178.71,0.950533911,0.043931675,-0.257765748,-0.167666667,1.0118982,-1.3888219,0.6492115
seq-07/frame-000408,1,0.01632854,0.372239,2237,993,713,0.90,116.80,61.87,8.31,187.88,0.951331169,0.044195493,-0.254493373,-0.168074055,1.0035981,-1.3909971,0.6546587
seq-07/frame-000409,1,0.01528274,0.314232,2317,1036,728,0.96,97.80,71.44,9.13,179.33,0.950813404,0.049322219,-0.252756469,-0.172149230,0.9840792,-1.3977710,0.6583761
seq-07/frame-000410,1,0.01289416,0.275510,1660,758,505,1.37,101.31,43.28,7.20,153.17,0.950285052,0.054211508,-0.252424105,-0.174073269,0.9801799,-1.3960528,0.6669480
seq-07/frame-000411,1,0.01172841,0.276512,2354,984,703,0.93,111.93,82.57,8.28,203.71,0.951921837,0.058600894,-0.246360563,-0.172386848,0.9543627,-1.4038196,0.6593906
seq-07/frame-000412,1,0.01020569,0.386565,1635,730,509,1.50,87.16,39.78,6.19,134.64,0.951179995,0.055438038,-0.249652321,-0.172791663,0.9413774,-1.4193847,0.6750345
seq-07/frame-000413,1,0.01222473,0.293308,1674,794,561,2.14,90.16,53.97,7.91,154.20,0.948298474,0.064176292,-0.256107703,-0.176125671,0.9233394,-1.4044054,0.6737046
seq-07/frame-000414,1,0.01514219,0.363601,1522,651,447,0.83,89.61,43.76,10.36,144.56,0.947611473,0.071173098,-0.257954005,-0.174432273,0.9152493,-1.3945996,0.6746186
seq-07/frame-000415,1,0.01239053,0.275765,1669,702,489,0.86,88.42,58.24,9.20,156.72,0.948163131,0.076002714,-0.258237308,-0.168889781,0.9138704,-1.3949456,0.6694452
seq-07/frame-000416,1,0.00957821,0.177926,1502,620,411,0.83,74.00,47.82,9.89,132.54,0.950098016,0.082989216,-0.253755672,-0.161352436,0.9039221,-1.3975604,0.6757034
seq-07/frame-000417,1,0.01163831,0.263469,1457,612,420,0.83,69.64,79.82,7.79,158.08,0.951296380,0.088928129,-0.251235684,-0.154943912,0.8979986,-1.3924862,0.6766977
seq-07/frame-000418,1,0.01298770,0.272581,1408,582,404,0.81,75.40,52.01,6.01,134.23,0.952026250,0.093867782,-0.247190571,-0.154050904,0.8883153,-1.3942393,0.6719770
seq-07/frame-000419,1,0.00849922,0.137607,1260,512,338,0.81,71.18,71.40,8.73,152.13,0.950546627,0.099081194,-0.248089815,-0.158415501,0.8672345,-1.3892640,0.6738855
seq-07/frame-000420,1,0.01107823,0.281889,1501,663,466,0.99,87.59,61.65,11.93,162.16,0.949146083,0.095861484,-0.251822611,-0.162842442,0.8623135,-1.3934561,0.6645477
seq-07/frame-000421,1,0.00524429,0.200565,1995,896,655,0.87,92.73,75.89,10.80,180.29,0.947025403,0.094807315,-0.256426833,-0.168522219,0.8534730,-1.3919200,0.6735223
seq-07/frame-000422,1,0.01107850,0.267863,2003,915,678,0.96,93.05,80.43,10.62,185.05,0.946215680,0.094876575,-0.257966336,-0.170668367,0.8464709,-1.3905699,0.6695913
seq-07/frame-000423,1,0.00791454,0.161986,2307,1083,789,0.90,123.89,82.65,13.71,221.16,0.944848501,0.096722519,-0.260803377,-0.172880488,0.8465127,-1.3866999,0.6764402
seq-07/frame-000424,1,0.00671716,0.223205,1748,794,539,0.86,101.77,64.96,8.56,176.16,0.943245664,0.098586731,-0.263662854,-0.176210592,0.8340513,-1.3941250,0.6830424
seq-07/frame-000425,1,0.00413302,0.181704,1483,717,486,0.85,91.28,42.92,9.21,144.26,0.942073164,0.099959453,-0.266229841,-0.177842439,0.8230107,-1.3857030,0.6749929
seq-07/frame-000426,1,0.01674509,0.399232,1787,840,606,1.54,88.76,54.58,6.66,151.53,0.939961846,0.104065177,-0.269502805,-0.181687660,0.8193364,-1.3744138,0.6690919
seq-07/frame-000427,1,0.00662906,0.223767,1972,901,628,0.90,92.36,58.32,14.59,166.18,0.939135631,0.102612631,-0.272921081,-0.181683784,0.8120276,-1.3799227,0.6654832
seq-07/frame-000428,1,0.00202022,0.098650,1395,623,411,0.97,76.53,40.10,12.04,129.64,0.937748486,0.102282777,-0.278355882,-0.180787204,0.8098345,-1.3830466,0.6732639
seq-07/frame-000429,1,0.01758781,0.357995,1707,822,578,0.88,87.28,45.80,6.90,140.87,0.933818099,0.108517821,-0.285359551,-0.186487447,0.7981154,-1.3620830,0.6515469
seq-07/frame-000430,1,0.01246530,0.290673,2045,965,727,0.87,115.13,69.36,9.58,194.94,0.932286151,0.110047010,-0.289060984,-0.187552487,0.7953904,-1.3616108,0.6579421
seq-07/frame-000431,1,0.02480233,0.571512,1975,987,740,0.85,93.96,67.98,14.38,177.18,0.930856321,0.115455539,-0.290430048,-0.189279993,0.7922790,-1.3498137,0.6502952
seq-07/frame-000432,1,0.02277853,0.383056,2283,1130,871,0.87,99.75,88.89,12.11,201.63,0.929538960,0.116309544,-0.294207271,-0.189397712,0.7889427,-1.3461203,0.6340307
seq-07/frame-000433,1,0.02693757,0.552005,2324,1131,865,0.91,91.67,87.59,11.12,191.29,0.929053596,0.117951608,-0.294293405,-0.190625881,0.7868903,-1.3358157,0.6413469
seq-07/frame-000434,1,0.03580086,0.758846,2081,1023,778,0.88,99.89,90.61,13.91,205.30,0.928560718,0.123215429,-0.293449170,-0.190998786,0.7731415,-1.3280322,0.6311514
seq-07/frame-000435,1,0.01723079,0.398910,2114,1040,788,1.32,98.72,61.61,7.28,168.94,0.928175305,0.119762871,-0.298007218,-0.187987116,0.7756895,-1.3334676,0.6445113
seq-07/frame-000436,1,0.02016464,0.378053,1593,806,613,0.85,78.79,48.55,8.38,136.57,0.925292585,0.125530645,-0.304808617,-0.187529723,0.7686572,-1.3331876,0.6395648
seq-07/frame-000437,1,0.02894963,0.543811,1586,802,592,0.86,65.50,58.28,7.09,131.74,0.923479316,0.127905969,-0.307288388,-0.190787480,0.7636996,-1.3245752,0.6283922
seq-07/frame-000438,1,0.02327386,0.447909,2438,1249,933,0.94,82.17,82.77,16.28,182.15,0.921556602,0.131119541,-0.311510583,-0.191055625,0.7638419,-1.3214841,0.6324486
seq-07/frame-000439,1,0.03245170,0.611307,2489,1220,951,0.92,92.73,84.87,8.12,186.64,0.921536820,0.131683318,-0.310488079,-0.192422831,0.7579598,-1.3149353,0.6249841
seq-07/frame-000440,1,0.03838181,0.799045,2153,1122,890,0.86,112.46,75.39,14.71,203.42,0.920554429,0.138451543,-0.308025954,-0.196292448,0.7539612,-1.3039641,0.6272485
seq-07/frame-000441,1,0.02892114,0.564540,2382,1251,948,0.91,101.45,74.32,13.21,189.89,0.920406932,0.140360632,-0.306739130,-0.197638758,0.7491623,-1.3072550,0.6279058
seq-07/frame-000442,1,0.02451087,0.533435,2397,1274,1013,0.91,100.13,84.42,9.69,195.15,0.920754677,0.139438779,-0.305272844,-0.198937535,0.7402093,-1.2981236,0.6337061
seq-07/frame-000443,1,0.02762466,0.524155,2348,1230,949,1.33,100.11,88.99,13.71,204.14,0.920854464,0.138571016,-0.304497965,-0.200265120,0.7303019,-1.3014412,0.6288312
seq-07/frame-000444,1,0.02474166,0.469476,2355,1234,942,0.92,95.27,88.25,19.28,203.72,0.920323633,0.138241230,-0.305738800,-0.201041186,0.7218185,-1.2942047,0.6266214
seq-07/frame-000445,1,0.03286957,0.662170,2464,1259,951,1.08,91.14,71.74,8.56,172.53,0.921089854,0.139070854,-0.303766296,-0.199947032,0.7179621,-1.2848764,0.6271939
seq-07/frame-000446,1,0.03176566,0.605456,2384,1229,978,0.90,99.64,67.75,11.62,179.92,0.921340140,0.138151186,-0.301964027,-0.202149261,0.7044316,-1.2805298,0.6251335
seq-07/frame-000447,1,0.02651220,0.547112,2419,1237,952,0.93,107.11,72.52,13.22,193.77,0.921761552,0.137039583,-0.301846594,-0.201157718,0.7004129,-1.2778152,0.6328083
seq-07/frame-000448,1,0.03994960,0.740116,1887,1006,762,0.85,75.28,63.07,14.09,153.29,0.923157153,0.141432964,-0.295813128,-0.200679298,0.6879643,-1.2641823,0.6219774
seq-07/frame-000449,1,0.03825877,0.761234,1824,959,734,0.85,72.82,60.60,10.69,144.96,0.924790163,0.142489349,-0.291237454,-0.199099688,0.6839737,-1.2561280,0.6228101
seq-07/frame-000450,1,0.02293184,0.450704,2478,1310,996,0.93,94.96,73.74,9.36,179.00,0.926984855,0.137971360,-0.286791526,-0.198528596,0.6705649,-1.2609240,0.6343751
seq-07/frame-000451,1,0.02700145,0.564848,2447,1245,978,0.91,110.08,69.29,8.64,188.92,0.927452888,0.139343275,-0.284368803,-0.198869244,0.6651477,-1.2504312,0.6320618
seq-07/frame-000452,1,0.02868198,0.537669,2400,1240,948,0.91,117.76,80.71,12.43,211.82,0.929854927,0.134899472,-0.281770858,-0.194363397,0.6466170,-1.2502181,0.6271976
seq-07/frame-000453,1,0.02424297,0.473238,2552,1296,989,0.94,113.75,80.37,11.86,206.93,0.930012127,0.133740467,-0.282382792,-0.193522322,0.6409078,-1.2505571,0.6316557
seq-07/frame-000454,1,0.02942199,0.588431,2372,1205,935,0.99,100.62,75.28,8.76,185.65,0.930081085,0.136060539,-0.281332565,-0.193102803,0.6393294,-1.2369735,0.6313093
seq-07/frame-000455,1,0.02497815,0.516191,2483,1331,1032,0.91,93.69,82.04,20.22,196.86,0.933072462,0.130590228,-0.276826510,-0.188915473,0.6282611,-1.2277204,0.6415452
seq-07/frame-000456,1,0.02276479,0.456765,2531,1281,992,0.93,102.20,69.73,18.06,190.92,0.933329830,0.130464354,-0.275992003,-0.188952099,0.6229448,-1.2289046,0.6414861
seq-07/frame-000457,1,0.02858121,0.602619,1964,1032,799,0.84,93.09,63.12,13.09,170.13,0.936238160,0.124955094,-0.269711153,-0.187350541,0.6053979,-1.2102258,0.6370560
seq-07/frame-000458,1,0.01731580,0.329381,2283,1161,896,0.90,96.99,72.54,8.83,179.26,0.936797744,0.119258579,-0.271507535,-0.185663772,0.5981846,-1.2201125,0.6510148
seq-07/frame-000459,1,0.01842150,0.350101,1961,1067,860,0.84,98.63,59.03,6.75,165.24,0.936250740,0.117037688,-0.275563528,-0.183851770,0.5852150,-1.2060307,0.6502979
seq-07/frame-000460,1,0.02079423,0.430178,2483,1345,1096,0.89,95.86,75.74,9.35,181.84,0.935942962,0.115251273,-0.277425811,-0.183746663,0.5828345,-1.1996362,0.6557058
seq-07/frame-000461,1,0.01914191,0.371027,2637,1342,1069,0.95,117.71,77.92,12.66,209.26,0.936067699,0.113710569,-0.278166773,-0.182949215,0.5768533,-1.2009638,0.6624473
seq-07/frame-000462,1,0.01968700,0.380590,2253,1212,975,0.89,91.37,65.22,11.31,168.79,0.936863152,0.114074321,-0.278941958,-0.177386211,0.5634703,-1.1919751,0.6627206
seq-07/frame-000463,1,0.01967823,0.348528,2375,1296,1045,1.22,106.78,85.35,17.36,210.72,0.937059759,0.111937286,-0.280606854,-0.175068115,0.5621003,-1.1858489,0.6649986
seq-07/frame-000464,1,0.01980940,0.370695,2256,1216,977,1.34,103.69,63.75,10.33,179.11,0.938048727,0.111060697,-0.277498523,-0.175284558,0.5557187,-1.1748856,0.6725683
seq-07/frame-000465,1,0.01547837,0.321309,1917,1034,838,0.86,103.80,61.06,6.53,172.25,0.939154960,0.108454968,-0.274663061,-0.175458497,0.5490817,-1.1694569,0.6758734
seq-07/frame-000466,1,0.01186353,0.219240,2509,1346,1078,1.56,108.76,89.88,9.42,209.61,0.939910108,0.105028034,-0.273860820,-0.174752262,0.5434187,-1.1689637,0.6814209
seq-07/frame-000467,1,0.01741241,0.325605,2187,1146,926,0.87,96.40,65.04,9.87,172.18,0.941166713,0.101069927,-0.271731095,-0.173644177,0.5296827,-1.1560331,0.6797825
seq-07/frame-000468,1,0.01316453,0.246388,2257,1239,990,0.88,109.03,76.35,8.13,194.40,0.941046408,0.100032588,-0.272115681,-0.174293419,0.5292382,-1.1441181,0.6879338
seq-07/frame-000469,1,0.01511145,0.286608,2567,1391,1110,0.91,110.18,78.96,6.88,196.94,0.943584230,0.093912300,-0.267515414,-0.171069530,0.5194158,-1.1376793,0.6923095
seq-07/frame-000470,1,0.01004241,0.207909,2553,1357,1105,0.93,99.65,84.36,11.09,196.03,0.944186347,0.092392985,-0.266746979,-0.169769631,0.5136156,-1.1341913,0.6969220
seq-07/frame-000471,1,0.01140933,0.229514,2639,1414,1134,0.93,101.12,94.07,7.04,203.16,0.944363824,0.091373096,-0.266687012,-0.169428341,0.5094726,-1.1285946,0.6977758
seq-07/frame-000472,1,0.01573467,0.338244,2481,1332,1065,0.90,107.95,85.86,9.94,204.65,0.945285835,0.089246326,-0.264092919,-0.169483666,0.5022879,-1.1136112,0.7003419
seq-07/frame-000473,1,0.01061147,0.167608,2522,1372,1107,1.00,107.37,68.92,13.08,190.37,0.945846198,0.087543776,-0.262914084,-0.169077622,0.4991252,-1.1117027,0.7036475
seq-07/frame-000474,1,0.01384861,0.241520,1748,900,707,1.21,93.07,47.98,11.31,153.57,0.946140794,0.085086016,-0.262738496,-0.168956947,0.4900137,-1.1024613,0.7003697
seq-07/frame-000475,1,0.01055656,0.188185,2728,1445,1108,0.96,113.05,80.31,20.34,214.67,0.945147573,0.080677887,-0.265298843,-0.172637388,0.4861258,-1.0955526,0.7122370
seq-07/frame-000476,1,0.00783382,0.135692,2354,1322,1068,0.88,106.62,81.95,12.12,201.57,0.945305063,0.079298129,-0.265277244,-0.172447467,0.4784603,-1.0926557,0.7134513
seq-07/frame-000477,1,0.01190229,0.166015,2059,1134,914,0.87,92.38,65.46,10.03,168.73,0.944759174,0.077814385,-0.267433428,-0.172784220,0.4738732,-1.0864570,0.7103786
seq-07/frame-000478,1,0.00707318,0.109565,2729,1464,1136,0.95,105.86,78.60,10.67,196.08,0.944115224,0.078604013,-0.269791938,-0.172279317,0.4690463,-1.0770590,0.7211605
seq-07/frame-000479,1,0.01473550,0.217360,2501,1360,1082,0.90,103.44,75.79,11.84,191.97,0.944723648,0.077276395,-0.269071702,-0.170663435,0.4594389,-1.0705625,0.7123575
seq-07/frame-000480,1,0.01343721,0.203963,2561,1382,1084,0.94,104.61,73.92,6.81,186.28,0.944106009,0.077085078,-0.271367639,-0.170532516,0.4542531,-1.0674562,0.7180383
seq-07/frame-000481,1,0.00769460,0.111048,2738,1400,1090,0.93,108.62,81.57,12.41,203.52,0.943481622,0.079214702,-0.274842867,-0.167418216,0.4489326,-1.0542912,0.7229543
seq-07/frame-000482,1,0.00815366,0.106112,2823,1439,1116,0.96,115.29,82.42,10.73,209.40,0.943599918,0.078523936,-0.276384082,-0.164514516,0.4454631,-1.0488329,0.7245493
seq-07/frame-000483,1,0.00742251,0.121299,2774,1449,1142,0.95,107.17,88.30,13.78,210.20,0.943724604,0.078438446,-0.277162518,-0.162518373,0.4457638,-1.0419959,0.7282334
seq-07/frame-000484,1,0.01130465,0.123604,2810,1468,1141,0.93,116.77,89.40,7.33,214.43,0.944512137,0.076161412,-0.276133713,-0.160768264,0.4336059,-1.0307716,0.7257974
seq-07/frame-000485,1,0.01102946,0.174523,2619,1357,1072,0.94,108.19,82.37,8.49,200.00,0.944356419,0.076298274,-0.277850068,-0.158646988,0.4290079,-1.0233416,0.7283386
seq-07/frame-000486,1,0.00710827,0.090792,2918,1462,1135,0.98,117.61,102.51,19.26,240.36,0.943170103,0.077734862,-0.282811406,-0.156221501,0.4283854,-1.0153913,0.7405901
seq-07/frame-000487,1,0.00796961,0.118319,2785,1418,1145,0.94,116.91,91.83,8.81,218.50,0.942827316,0.080773201,-0.283028099,-0.156356764,0.4266710,-1.0082841,0.7431939
seq-07/frame-000488,1,0.00724302,0.098386,2939,1469,1137,0.98,113.59,100.85,9.58,225.00,0.943365266,0.083972291,-0.281231145,-0.154659859,0.4204939,-0.9970764,0.7376309
seq-07/frame-000489,1,0.01016013,0.090469,2728,1378,1035,0.99,107.96,86.91,15.33,211.19,0.943690339,0.085827003,-0.280773766,-0.152474134,0.4149940,-0.9824585,0.7385239
seq-07/frame-000490,1,0.00718687,0.142395,2327,1164,928,0.91,99.98,79.45,8.97,189.32,0.943059294,0.088833789,-0.282845051,-0.150819105,0.4165346,-0.9784634,0.7512507
seq-07/frame-000491,1,0.00880349,0.167690,2319,1111,856,0.92,108.25,78.55,6.64,194.37,0.942956076,0.093620496,-0.283144329,-0.147980847,0.4171701,-0.9717085,0.7487591
seq-07/frame-000492,1,0.00627419,0.117445,3013,1439,1113,0.98,118.06,84.24,6.90,210.18,0.942838322,0.099776689,-0.283286513,-0.144392738,0.4160994,-0.9547506,0.7462110
seq-07/frame-000493,1,0.00631820,0.095490,2516,1206,940,0.92,108.45,74.36,6.73,190.47,0.943203958,0.101589376,-0.281382836,-0.144463114,0.4179877,-0.9482693,0.7472837
seq-07/frame-000494,1,0.00579406,0.119297,2163,1063,787,0.89,92.88,61.10,14.75,169.62,0.944603499,0.104174738,-0.277124238,-0.141682778,0.4158103,-0.9392772,0.7457435
seq-07/frame-000495,1,0.01156617,0.217647,2053,1024,798,0.85,81.43,57.46,11.12,150.85,0.947981166,0.099281202,-0.268581670,-0.139064153,0.4111041,-0.9245452,0.7316511
seq-07/frame-000496,1,0.01027648,0.122492,2365,1154,885,0.91,102.41,99.41,13.75,216.50,0.948931528,0.097844491,-0.266396665,-0.137797778,0.4144242,-0.9157293,0.7343738
seq-07/frame-000497,1,0.01087424,0.144820,2617,1364,1036,0.92,104.68,87.13,10.14,202.88,0.950222798,0.095809804,-0.263592161,-0.135706625,0.4113561,-0.9114233,0.7291169
seq-07/frame-000498,1,0.00710133,0.062650,2743,1417,1085,0.94,103.13,110.32,17.68,232.07,0.950101093,0.098555250,-0.263416525,-0.134931500,0.4162607,-0.9046929,0.7378494
seq-07/frame-000499,1,0.00737591,0.071490,2866,1358,1037,0.96,113.22,124.07,12.73,250.99,0.950247362,0.100942290,-0.262477595,-0.133963122,0.4168712,-0.8977962,0.7334843
seq-07/frame-000500,1,0.00760067,0.095244,2759,1365,1024,0.96,112.89,116.22,11.83,241.90,0.950087999,0.103549950,-0.262848052,-0.132367306,0.4192401,-0.8905133,0.7350763
seq-07/frame-000501,1,0.01303709,0.268424,1933,959,732,0.86,109.67,81.89,10.95,203.37,0.952301144,0.102263357,-0.254943013,-0.132924024,0.4129328,-0.8737149,0.7197411
seq-07/frame-000502,1,0.01229148,0.199781,1936,962,741,0.88,95.22,86.12,13.83,196.06,0.953205217,0.099505211,-0.252355068,-0.133474517,0.4141384,-0.8652003,0.7158177
seq-07/frame-000503,1,0.00895969,0.178171,2220,1105,857,0.90,124.72,90.67,13.82,230.10,0.953806606,0.094727236,-0.252056094,-0.133219496,0.4156032,-0.8639106,0.7191523
seq-07/frame-000504,1,0.01508718,0.226575,2347,1227,943,1.61,123.05,85.31,11.94,221.99,0.954653368,0.090578956,-0.250917758,-0.132184259,0.4150260,-0.8488180,0.7110725
seq-07/frame-000505,1,0.01195276,0.165974,2011,977,754,0.89,111.00,65.97,8.81,186.67,0.955108540,0.088699153,-0.250149903,-0.131625089,0.4162674,-0.8367679,0.7119072
seq-07/frame-000506,1,0.01834698,0.303127,2004,954,699,0.88,115.51,96.14,15.83,228.36,0.955984474,0.084676695,-0.247628637,-0.132678563,0.4129540,-0.8291494,0.7043029
seq-07/frame-000507,1,0.00839419,0.135360,2152,1045,792,2.18,125.48,105.41,13.62,246.70,0.955925386,0.079708618,-0.249118415,-0.133391181,0.4157856,-0.8292740,0.7128954
seq-07/frame-000508,1,0.00920524,0.097885,2611,1197,913,0.92,136.23,108.41,13.83,259.39,0.956142805,0.074830972,-0.248769783,-0.135295444,0.4131025,-0.8188614,0.7111945
seq-07/frame-000509,1,0.00817073,0.054177,2416,1172,898,1.00,126.89,108.07,7.05,243.02,0.955781811,0.072985583,-0.251597526,-0.133614818,0.4116943,-0.8156230,0.7093968
seq-07/frame-000510,1,0.00842715,0.102645,2644,1207,901,1.84,151.80,89.44,14.70,257.77,0.955689812,0.071142180,-0.253662959,-0.131342595,0.4097180,-0.8084280,0.7075760
seq-07/frame-000511,1,0.00675606,0.042421,2326,1050,791,2.32,134.88,90.84,15.47,243.51,0.955462282,0.068237339,-0.256669486,-0.128671166,0.4084589,-0.8088170,0.7083372
seq-07/frame-000512,1,0.00665282,0.078381,2311,883,624,1.04,129.28,87.20,14.94,232.47,0.954714731,0.065425369,-0.263180301,-0.122374148,0.4009131,-0.7956615,0.6991374
seq-07/frame-000513,1,0.00573337,0.106977,2229,904,661,1.06,133.41,74.10,9.90,218.47,0.954050542,0.064275757,-0.266263498,-0.121490492,0.3968527,-0.7849612,0.7020467
seq-07/frame-000514,1,0.00710847,0.098397,2463,1116,815,1.25,140.63,76.82,15.55,234.26,0.953669664,0.060329282,-0.269695465,-0.118907130,0.3970634,-0.7858808,0.6988538
seq-07/frame-000515,1,0.00990395,0.150563,2425,1100,829,1.40,132.71,73.26,7.05,214.42,0.952561045,0.060245390,-0.275678287,-0.114015046,0.3918147,-0.7766165,0.6954770
seq-07/frame-000516,1,0.00748665,0.026251,2849,1327,1018,1.62,115.17,111.57,17.26,245.61,0.952260864,0.060116831,-0.276728487,-0.114046297,0.3862050,-0.7719076,0.6872499
seq-07/frame-000517,1,0.00752251,0.088322,2966,1346,999,1.05,122.14,119.73,11.67,254.59,0.952079818,0.060747369,-0.277470607,-0.113418869,0.3822511,-0.7661157,0.6844270
seq-07/frame-000518,1,0.00913119,0.148804,2502,1255,986,0.91,110.85,86.54,9.11,207.41,0.952361852,0.059222545,-0.276971393,-0.113077140,0.3744462,-0.7564127,0.6714192
seq-07/frame-000519,1,0.00837350,0.102556,2657,1235,935,0.94,111.13,106.59,12.27,230.94,0.952304260,0.057662962,-0.278220384,-0.111287899,0.3706783,-0.7496317,0.6707815
seq-07/frame-000520,1,0.00938355,0.147263,2698,1248,934,1.25,111.57,95.72,10.69,219.24,0.952445913,0.056482728,-0.281349174,-0.102465249,0.3651218,-0.7335686,0.6645752
seq-07/frame-000521,1,0.00881306,0.081894,2967,1324,994,1.07,128.69,112.70,10.85,253.31,0.953337631,0.053153234,-0.280510126,-0.098163966,0.3591881,-0.7279319,0.6580664
seq-07/frame-000522,1,0.00802409,0.085464,2503,1141,892,0.90,105.83,89.53,9.21,205.47,0.953748259,0.050718994,-0.280315752,-0.095994384,0.3511903,-0.7224118,0.6495219
seq-07/frame-000523,1,0.01186506,0.209046,2598,1149,855,0.96,100.45,90.20,13.13,204.75,0.953544223,0.043992760,-0.281725021,-0.097206298,0.3414345,-0.7113295,0.6476154
seq-07/frame-000524,1,0.01731331,0.325909,3087,1375,1007,0.93,126.68,99.32,12.19,239.13,0.953316069,0.040866324,-0.283490342,-0.095664219,0.3382728,-0.7092073,0.6509734
seq-07/frame-000525,1,0.01244591,0.222348,2968,1332,981,0.96,113.61,104.07,10.68,229.32,0.953597391,0.039236191,-0.283914769,-0.092222240,0.3315841,-0.7048167,0.6480642
seq-07/frame-000526,1,0.01005859,0.170355,3136,1338,988,0.98,116.99,119.57,9.31,246.86,0.953994940,0.038542326,-0.284716176,-0.085702052,0.3194355,-0.6972404,0.6476150
seq-07/frame-000527,1,0.01060116,0.170131,2624,1233,910,0.93,103.48,93.23,7.04,204.69,0.954568448,0.038636427,-0.283178303,-0.084358479,0.3118718,-0.6854992,0.6395137
seq-07/frame-000528,1,0.01147814,0.173927,2395,1126,828,0.89,108.13,74.45,11.40,194.88,0.954977492,0.034534839,-0.282233915,-0.084672031,0.3070271,-0.6865544,0.6394217
seq-07/frame-000529,1,0.01332026,0.239105,2078,1011,779,0.87,90.42,69.19,8.25,168.74,0.955837025,0.026523380,-0.280113913,-0.084901631,0.2909988,-0.6826390,0.6376076
seq-07/frame-000530,1,0.01540018,0.284269,2237,1065,810,0.86,99.47,79.05,6.59,185.98,0.956283733,0.022259288,-0.278539968,-0.086263736,0.2831179,-0.6787692,0.6380571
seq-07/frame-000531,1,0.00957896,0.150112,2303,1069,794,0.88,102.60,79.85,10.03,193.36,0.955967798,0.020178430,-0.279610379,-0.086812647,0.2720232,-0.6736879,0.6406513
seq-07/frame-000532,1,0.00958033,0.129490,2776,1320,957,0.92,113.32,86.36,13.26,213.86,0.955140775,0.020122006,-0.283644036,-0.082748211,0.2557715,-0.6674380,0.6400774
seq-07/frame-000533,1,0.01080010,0.192550,2750,1273,928,0.93,121.20,110.51,9.08,241.72,0.954954051,0.019813299,-0.285176544,-0.079652577,0.2487675,-0.6630390,0.6455658
seq-07/frame-000534,1,0.01389271,0.216603,2546,1201,888,0.90,112.17,83.79,7.54,204.40,0.956192388,0.017035962,-0.282530594,-0.074715169,0.2343045,-0.6629234,0.6314911
seq-07/frame-000535,1,0.00780886,0.126560,2763,1228,878,0.95,112.97,108.43,9.28,231.64,0.955673186,0.013783518,-0.285376332,-0.071127527,0.2180951,-0.6570325,0.6467972
seq-07/frame-000536,1,0.00586154,0.057495,2790,1274,907,0.95,109.41,93.69,6.89,210.93,0.955520979,0.016216307,-0.285910388,-0.070511984,0.2091437,-0.6474923,0.6479540
seq-07/frame-000537,1,0.01426804,0.247006,2887,1343,970,0.95,104.92,94.18,9.40,209.44,0.955586026,0.014445996,-0.286190843,-0.068858266,0.2087761,-0.6534782,0.6462206
seq-07/frame-000538,1,0.00776382,0.035738,2864,1304,931,0.90,98.03,105.71,9.47,214.12,0.957145631,0.012702595,-0.281932231,-0.065000782,0.1885196,-0.6360216,0.6446852
seq-07/frame-000539,1,0.00720569,0.059398,2884,1350,980,0.92,96.18,86.72,10.46,194.29,0.957763920,0.012006468,-0.280024679,-0.064267386,0.1817753,-0.6321020,0.6464850
seq-07/frame-000540,1,0.01218084,0.188657,2744,1231,869,0.94,104.46,102.13,15.07,222.60,0.958385355,0.008990087,-0.278270711,-0.063103887,0.1755284,-0.6284466,0.6543589
seq-07/frame-000541,1,0.00546558,0.098727,2846,1289,912,0.91,111.13,91.37,9.02,212.44,0.959364325,0.009412960,-0.275243547,-0.061420503,0.1625613,-0.6287929,0.6527472
seq-07/frame-000542,1,0.00800245,0.096345,2777,1302,951,1.27,100.00,101.05,13.43,215.76,0.960093726,0.010243407,-0.272749430,-0.061015225,0.1592263,-0.6256460,0.6500854
seq-07/frame-000543,1,0.01339364,0.105872,2532,1156,847,0.89,86.68,81.40,15.00,183.97,0.962252291,0.012085343,-0.265905101,-0.056735788,0.1431643,-0.6206729,0.6416882
seq-07/frame-000544,1,0.01191427,0.190815,2747,1296,932,0.92,101.77,88.53,8.17,199.40,0.962635703,0.012354228,-0.265108873,-0.053825289,0.1457127,-0.6198805,0.6500288
seq-07/frame-000545,1,0.00905985,0.099719,2853,1295,911,0.94,102.52,88.53,8.21,200.20,0.963616116,0.012501293,-0.261957934,-0.051630798,0.1344898,-0.6159841,0.6419515
seq-07/frame-000546,1,0.00883765,0.066089,2799,1267,914,0.93,102.54,94.41,13.83,211.72,0.964697690,0.013541760,-0.258686165,-0.047502157,0.1220762,-0.6044233,0.6410029
seq-07/frame-000547,1,0.01274695,0.238743,2810,1297,937,0.91,106.34,70.51,10.44,188.19,0.965469624,0.012545496,-0.256070126,-0.046250474,0.1132262,-0.6073643,0.6376864
seq-07/frame-000548,1,0.01168037,0.170374,2804,1314,923,0.93,110.08,115.55,35.09,261.64,0.966458401,0.012052150,-0.252752330,-0.043922250,0.1023412,-0.6003414,0.6329975
seq-07/frame-000549,1,0.00834382,0.074930,2734,1284,898,0.92,98.61,146.19,11.52,257.25,0.966552499,0.012776238,-0.252261381,-0.044466062,0.1026338,-0.5978712,0.6381955
seq-07/frame-000550,1,0.00985172,0.096613,2737,1180,844,0.96,96.24,197.18,37.57,331.95,0.967742689,0.012136940,-0.247969165,-0.042872797,0.0899293,-0.5967037,0.6312321
seq-07/frame-000551,1,0.00621571,0.043804,2786,1264,895,0.93,112.51,227.64,16.49,357.57,0.967833125,0.013835316,-0.247663086,-0.042078768,0.0849514,-0.5917750,0.6338886
seq-07/frame-000552,1,0.01168697,0.112247,2664,1208,866,0.96,111.38,243.38,10.08,365.82,0.968450622,0.014508628,-0.245518737,-0.040167673,0.0777624,-0.5899397,0.6237428
seq-07/frame-000553,1,0.00985863,0.084008,2301,1022,772,0.89,92.61,199.07,13.58,306.17,0.968343226,0.016836402,-0.245808568,-0.040075920,0.0640437,-0.5881554,0.6172024
seq-07/frame-000554,1,0.01208120,0.218211,2439,1184,851,0.89,146.39,170.45,9.91,327.66,0.967539836,0.017311918,-0.248521658,-0.042472917,0.0629570,-0.5899416,0.6157783
seq-07/frame-000555,1,0.01030291,0.079430,2354,1150,844,0.88,143.89,182.76,9.14,336.68,0.967496265,0.018490507,-0.248357450,-0.043905079,0.0509475,-0.5781371,0.6080934
seq-07/frame-000556,1,0.01585122,0.274400,2329,1129,838,0.90,218.98,109.87,17.83,347.57,0.967269255,0.017131649,-0.249063046,-0.045434504,0.0388117,-0.5783036,0.6018402
seq-07/frame-000557,1,0.01292032,0.129047,2383,1077,816,0.91,212.14,108.32,11.24,332.62,0.966090266,0.014767092,-0.253333345,-0.047683824,0.0332898,-0.5769432,0.5959755
seq-07/frame-000558,1,0.00775162,0.067730,2446,1174,862,2.00,186.19,104.07,7.33,299.61,0.965244124,0.015650243,-0.256099472,-0.049718322,0.0305243,-0.5742839,0.5997859
seq-07/frame-000559,1,0.01339770,0.205055,2112,1014,741,0.88,170.90,87.82,14.47,274.08,0.964344651,0.018570144,-0.258298153,-0.054558290,0.0121404,-0.5756846,0.5823627
seq-07/frame-000560,1,0.01792087,0.332218,2446,1117,837,0.92,127.30,100.83,13.73,242.79,0.963850940,0.019733195,-0.259908093,-0.055224533,0.0055585,-0.5680797,0.5763631
seq-07/frame-000561,1,0.01468776,0.245473,2171,1044,765,2.01,134.49,62.62,11.94,211.06,0.963209329,0.019235116,-0.262233762,-0.055599040,0.0009310,-0.5682137,0.5740020
seq-07/frame-000562,1,0.02012205,0.396229,2020,1078,855,0.87,126.17,80.80,9.04,216.89,0.962023765,0.020914616,-0.266483471,-0.055311971,-0.0153695,-0.5617149,0.5630789
seq-07/frame-000563,1,0.01847357,0.378262,2354,1263,946,0.90,116.59,89.55,15.28,222.32,0.961311460,0.023979283,-0.269039200,-0.054066434,-0.0183309,-0.5606241,0.5611039
seq-07/frame-000564,1,0.01584356,0.353118,1950,1025,793,0.87,95.50,69.98,15.85,182.21,0.961486652,0.030499322,-0.269014019,-0.047377917,-0.0216676,-0.5497715,0.5557520
seq-07/frame-000565,1,0.01003217,0.207466,2227,1166,906,2.61,108.39,73.84,14.81,199.65,0.961861296,0.034909620,-0.267917952,-0.042709923,-0.0226457,-0.5459523,0.5497838
seq-07/frame-000566,1,0.01168758,0.207541,2415,1226,918,0.90,107.25,89.51,9.58,207.24,0.962289506,0.039487068,-0.266217310,-0.039598254,-0.0244634,-0.5359645,0.5421457
seq-07/frame-000567,1,0.02107214,0.402530,2609,1245,940,0.93,111.21,95.94,11.09,219.19,0.963222440,0.042229641,-0.263155487,-0.034181552,-0.0446944,-0.5176593,0.5162078
seq-07/frame-000568,1,0.01107598,0.159179,2309,1226,944,0.90,99.01,86.77,9.48,196.16,0.962706019,0.040091012,-0.265487038,-0.033263552,-0.0364493,-0.5169330,0.5156601
seq-07/frame-000569,1,0.01018383,0.124834,2243,1172,927,1.32,109.94,71.70,10.68,193.65,0.963189676,0.036494503,-0.264606882,-0.030281946,-0.0464637,-0.5019730,0.5039107
seq-07/frame-000570,1,0.01577485,0.276782,1922,996,783,0.87,99.99,76.21,9.92,186.99,0.963613269,0.032568266,-0.263896564,-0.027338236,-0.0566223,-0.4944405,0.4934052
seq-07/frame-000571,1,0.00966339,0.186561,2309,1163,914,0.89,101.52,89.76,8.25,200.42,0.963683983,0.028723720,-0.264281434,-0.025366375,-0.0522018,-0.4904566,0.4948232
seq-07/frame-000572,1,0.01474711,0.276967,2570,1274,986,1.09,118.67,90.04,8.71,218.50,0.964643782,0.025303277,-0.261324387,-0.023058243,-0.0670914,-0.4818695,0.4809491
seq-07/frame-000573,1,0.00774790,0.137283,2638,1323,967,1.38,107.23,99.42,12.06,220.09,0.964469831,0.023891854,-0.262054386,-0.023550419,-0.0640203,-0.4850855,0.4834207
seq-07/frame-000574,1,0.01835442,0.365983,2689,1313,1016,0.95,113.34,82.67,17.12,214.09,0.965420479,0.025788981,-0.258478734,-0.022067436,-0.0814689,-0.4727588,0.4682547
seq-07/frame-000575,1,0.01711920,0.347399,2538,1252,958,1.51,128.84,79.09,7.44,216.88,0.965501673,0.024147381,-0.258164423,-0.023969845,-0.0881068,-0.4743893,0.4626360
seq-07/frame-000576,1,0.01529916,0.295836,2440,1264,959,0.88,99.40,89.20,6.85,196.33,0.965319478,0.020262636,-0.258987522,-0.025945985,-0.0968734,-0.4728493,0.4556154
seq-07/frame-000577,1,0.00873124,0.128367,2257,1149,894,0.87,103.76,68.08,6.43,179.14,0.964715181,0.019028171,-0.261212089,-0.027033185,-0.0958247,-0.4708193,0.4586259
seq-07/frame-000578,1,0.01683340,0.323051,2140,1113,864,0.86,93.62,67.92,9.02,171.42,0.965113968,0.016550288,-0.259823159,-0.027803664,-0.1120416,-0.4701550,0.4481938
seq-07/frame-000579,1,0.01077689,0.211492,1756,927,718,0.85,76.79,64.61,11.85,154.10,0.964376980,0.012276631,-0.262510776,-0.030239321,-0.1177929,-0.4717979,0.4496021
seq-07/frame-000580,1,0.02076098,0.369632,1478,709,559,0.81,82.45,61.29,13.29,157.84,0.964235593,0.007152096,-0.263080173,-0.031422788,-0.1250858,-0.4731540,0.4414836
seq-07/frame-000581,1,0.01116365,0.191166,2414,1247,940,0.88,91.75,100.36,10.90,203.90,0.963723336,0.003232420,-0.264977534,-0.031840061,-0.1427828,-0.4642401,0.4490395
seq-07/frame-000582,1,0.01777410,0.345973,2355,1240,964,1.08,99.50,98.56,16.89,216.03,0.964149290,0.002063810,-0.263539903,-0.030961362,-0.1604050,-0.4592760,0.4425541
seq-07/frame-000583,1,0.00939250,0.151190,2188,1152,862,0.88,87.03,86.83,15.72,190.47,0.963190977,-0.000192773,-0.267119489,-0.030170910,-0.1719146,-0.4585784,0.4498032
seq-07/frame-000584,1,0.01640918,0.331220,2293,1174,921,0.87,87.81,125.67,12.78,227.13,0.963340451,-0.000598342,-0.266696964,-0.029112672,-0.1874709,-0.4586277,0.4457824
seq-07/frame-000585,1,0.01230996,0.247503,2275,1127,869,0.91,108.88,135.29,14.04,259.12,0.962758055,-0.002264109,-0.268946689,-0.027558676,-0.2043576,-0.4539432,0.4449908
seq-07/frame-000586,1,0.01270368,0.206525,2136,1118,882,0.88,95.60,114.30,12.54,223.31,0.962169476,-0.003926591,-0.271058679,-0.027233701,-0.2104459,-0.4588709,0.4480137
seq-07/frame-000587,1,0.00763329,0.118347,2258,1118,821,0.89,87.31,120.77,22.60,231.58,0.961899534,-0.003646942,-0.271926161,-0.028145168,-0.2203934,-0.4580146,0.4506562
seq-07/frame-000588,1,0.00645803,0.056869,1972,990,776,1.02,100.52,104.38,11.78,217.70,0.960725159,-0.000599744,-0.276132151,-0.027528966,-0.2414120,-0.4509022,0.4539127
seq-07/frame-000589,1,0.01048995,0.139162,1816,946,741,0.86,89.28,94.13,11.99,196.26,0.959982636,-0.004990303,-0.278819764,-0.025845221,-0.2612618,-0.4560167,0.4499701
seq-07/frame-000590,1,0.01408582,0.196571,1551,785,588,1.21,81.74,73.33,14.53,170.81,0.959216797,-0.007278474,-0.281462470,-0.025080641,-0.2679218,-0.4551230,0.4484587
seq-07/frame-000591,1,0.01131360,0.139803,1565,764,594,0.84,117.92,76.23,13.74,208.73,0.959471651,-0.014964571,-0.280329337,-0.024610465,-0.3000832,-0.4422515,0.4418130
seq-07/frame-000592,1,0.00642339,0.128076,1704,890,710,0.84,98.95,83.22,17.00,200.01,0.959292389,-0.020643493,-0.280507944,-0.025441146,-0.3146691,-0.4495566,0.4473604
seq-07/frame-000593,1,0.00653997,0.083707,1888,973,751,0.88,120.98,74.61,8.92,205.39,0.958393799,-0.023695363,-0.282961083,-0.029204135,-0.3389632,-0.4533030,0.4498748
seq-07/frame-000594,1,0.00472801,0.076144,2183,1139,879,2.10,128.28,85.52,10.83,226.73,0.958133168,-0.025190338,-0.283715503,-0.029185488,-0.3520688,-0.4532677,0.4496352
seq-07/frame-000595,1,0.00936977,0.139811,2540,1222,874,2.98,136.57,78.11,16.82,234.48,0.958146292,-0.028064939,-0.283649100,-0.026668899,-0.3726212,-0.4585239,0.4512028
seq-07/frame-000596,1,0.00710723,0.086429,1890,1016,769,1.69,124.40,59.74,13.11,198.94,0.958045634,-0.027885005,-0.284059382,-0.026100911,-0.3854246,-0.4580955,0.4508446
seq-07/frame-000597,1,0.00692643,0.115115,2098,1111,877,2.06,120.63,67.75,7.22,197.66,0.957027424,-0.024599096,-0.287350776,-0.030379698,-0.4076700,-0.4611544,0.4513866
seq-07/frame-000598,1,0.00527282,0.105668,2540,1190,853,1.10,132.41,86.12,8.71,228.34,0.957213043,-0.022718225,-0.287231645,-0.026926856,-0.4259047,-0.4606549,0.4490893
seq-07/frame-000599,1,0.00724512,0.095580,2611,1261,902,1.60,134.73,75.96,12.31,224.60,0.957307905,-0.022412044,-0.287009362,-0.026170632,-0.4354383,-0.4610096,0.4485118
seq-07/frame-000600,1,0.00600213,0.152879,2437,1177,830,1.45,124.52,72.31,14.10,212.38,0.957747797,-0.020627720,-0.285828755,-0.024404459,-0.4529183,-0.4647125,0.4489357
seq-07/frame-000601,1,0.00532795,0.058982,2562,1323,973,0.91,102.39,87.57,14.12,204.99,0.958474913,-0.016569647,-0.283591221,-0.025046100,-0.4685411,-0.4659053,0.4389262
seq-07/frame-000602,1,0.00866560,0.128101,2373,1144,840,0.90,99.62,80.18,16.76,197.47,0.958408383,-0.014626227,-0.283648280,-0.027983898,-0.4727171,-0.4674188,0.4381614
seq-07/frame-000603,1,0.00567999,0.122916,2281,1098,811,1.00,104.07,76.71,11.67,193.45,0.959415824,-0.009918971,-0.280591795,-0.026289465,-0.4889164,-0.4706233,0.4340921
seq-07/frame-000604,1,0.00550520,0.059593,2437,1152,808,0.92,100.39,103.43,19.01,223.76,0.960350596,-0.005309695,-0.277362302,-0.027725311,-0.5028646,-0.4715291,0.4231561
seq-07/frame-000605,1,0.00643981,0.072764,2329,1258,952,0.88,83.64,82.80,17.42,184.74,0.960275844,-0.004018304,-0.277560792,-0.028533542,-0.5076060,-0.4744272,0.4216228
seq-07/frame-000606,1,0.00550124,0.079939,2239,1210,931,0.91,100.94,96.07,15.53,213.45,0.959241592,-0.000280431,-0.280961098,-0.030271300,-0.5207719,-0.4752208,0.4103460
seq-07/frame-000607,1,0.01332692,0.310134,1161,495,356,0.84,78.17,40.83,5.42,125.25,0.957984474,0.000086231,-0.285150237,-0.030904396,-0.5346805,-0.4905162,0.4033905
seq-07/frame-000608,1,0.00746073,0.123101,1433,710,544,1.67,81.29,62.32,16.44,161.72,0.956909713,0.005321377,-0.288499080,-0.032615405,-0.5422912,-0.4818027,0.3932456
seq-07/frame-000609,1,0.00711533,0.152760,1453,736,566,0.85,76.87,43.73,13.67,135.12,0.954753429,0.007033332,-0.295180563,-0.035564822,-0.5547543,-0.4847735,0.3858516
seq-07/frame-000610,1,0.01077923,0.266928,1103,487,346,0.80,62.89,39.97,5.52,109.18,0.951605666,0.008933581,-0.305035379,-0.036335468,-0.5755442,-0.4940883,0.3715375
seq-07/frame-000611,1,0.00823166,0.224219,1154,495,331,0.86,60.19,49.65,13.39,124.09,0.948285031,0.010577124,-0.315067125,-0.037098934,-0.5931885,-0.4934372,0.3544290
seq-07/frame-000612,1,0.00360863,0.271135,1065,448,303,0.82,62.24,52.15,16.17,131.38,0.946026970,0.007298412,-0.322118288,-0.034921546,-0.5985943,-0.4902075,0.3520647
seq-07/frame-000613,1,0.00693079,0.206518,1451,710,548,0.84,103.97,64.57,13.60,182.98,0.943382035,-0.013604218,-0.330233866,-0.028122150,-0.6134645,-0.4998956,0.3384857
seq-07/frame-000614,1,0.01381594,0.199293,787,295,166,0.78,53.07,36.88,10.01,100.81,0.939308154,-0.012262193,-0.341509554,-0.030348892,-0.6471149,-0.5153456,0.3670684
seq-07/frame-000615,1,0.00589025,0.184389,1618,753,532,0.84,85.78,72.92,12.23,171.78,0.932961074,-0.011126948,-0.356789402,-0.046488147,-0.6454292,-0.5167487,0.3256955
seq-07/frame-000616,1,0.01134792,0.327525,2412,1144,823,0.98,117.44,89.90,15.84,224.16,0.932569673,-0.015778529,-0.356836600,-0.052273168,-0.6610060,-0.5307913,0.3178792
seq-07/frame-000617,1,0.00791479,0.173954,1754,857,657,1.00,110.92,71.00,9.14,192.07,0.931738672,-0.016859882,-0.357807228,-0.059605188,-0.6702206,-0.5451305,0.3160680
seq-07/frame-000618,1,0.00826747,0.230306,1860,824,631,1.15,109.33,73.18,11.88,195.55,0.929696781,-0.022244897,-0.361044419,-0.069397312,-0.6844141,-0.5616049,0.3060355
seq-07/frame-000619,1,0.01536853,0.285369,1608,783,539,1.16,94.31,67.39,8.40,171.26,0.929040403,-0.029287777,-0.360378730,-0.078443147,-0.6863133,-0.5838353,0.3089952
seq-07/frame-000620,1,0.00725434,0.196844,1491,723,523,1.51,103.68,58.88,10.95,175.03,0.927281668,-0.037033227,-0.360315359,-0.094604918,-0.7094007,-0.5958421,0.3116399
seq-07/frame-000621,1,0.00572025,0.258730,1439,721,549,2.06,94.10,55.09,10.53,161.79,0.925459831,-0.037253580,-0.362367469,-0.104048496,-0.7162938,-0.6031539,0.3131841
seq-07/frame-000622,1,0.01276583,0.307869,1216,460,288,1.08,96.77,49.89,13.47,161.21,0.923184638,-0.033408449,-0.363628889,-0.119950119,-0.7409659,-0.6319631,0.3215065
seq-07/frame-000623,1,0.00243090,0.230258,2626,1124,761,0.94,122.23,112.36,11.93,247.47,0.920069424,-0.020989876,-0.370773739,-0.124733779,-0.7530732,-0.6448981,0.3178758
seq-07/frame-000624,1,0.00525418,0.187060,2249,956,681,1.42,102.49,86.80,9.36,200.07,0.919125580,-0.020833691,-0.372338845,-0.127035072,-0.7567917,-0.6573979,0.3191686
seq-07/frame-000625,1,0.00912929,0.308030,2398,953,653,1.00,113.70,95.50,9.60,219.80,0.917430580,-0.014389785,-0.373319144,-0.136919256,-0.7701301,-0.6708668,0.3134647
seq-07/frame-000626,1,0.00525249,0.252512,2319,681,408,0.92,123.46,102.49,8.84,235.72,0.915293784,-0.008334847,-0.376718190,-0.142306800,-0.7869694,-0.6998528,0.3272318
seq-07/frame-000627,1,0.01016926,0.165773,2247,818,548,0.89,123.26,88.13,15.00,227.28,0.913036249,-0.002325756,-0.380863598,-0.145953139,-0.7977333,-0.7199135,0.3246773
seq-07/frame-000628,1,0.00886851,0.295053,2958,1033,645,1.50,139.86,122.62,16.56,280.54,0.912723430,-0.001850725,-0.380696029,-0.148334245,-0.8068476,-0.7319637,0.3102729
seq-07/frame-000629,1,0.00832743,0.175033,1634,578,372,0.82,104.46,64.84,9.65,179.77,0.910526298,-0.009331015,-0.384766214,-0.151028980,-0.8163079,-0.7588618,0.3231349
seq-07/frame-000630,1,0.01137913,0.206891,1666,411,192,0.83,108.92,67.56,12.96,190.28,0.906000148,0.001322448,-0.395582634,-0.150586728,-0.8342956,-0.7755712,0.3254615
seq-07/frame-000631,1,0.01922036,0.500185,1196,312,161,1.89,86.47,50.93,9.39,148.69,0.903438417,0.009796263,-0.402326247,-0.147772291,-0.8607656,-0.7932190,0.3225804
seq-07/frame-000632,1,0.01327514,0.049118,2210,597,329,0.91,111.88,91.53,11.24,215.57,0.896219450,0.013244732,-0.417983429,-0.148003808,-0.8448170,-0.8070630,0.3138446
seq-07/frame-000633,1,0.01425538,0.182151,2570,690,357,2.61,123.44,107.19,6.00,239.24,0.893877996,0.015372576,-0.421853953,-0.150947190,-0.8600840,-0.8282450,0.3226898
seq-07/frame-000634,1,0.00466896,0.293539,3467,921,504,1.11,154.92,111.96,7.30,275.28,0.893320844,0.017347099,-0.422294620,-0.152788095,-0.8583382,-0.8362678,0.2976055
seq-07/frame-000635,1,0.00928674,0.254084,3038,770,351,0.94,144.23,100.94,13.83,259.94,0.894438917,0.021290983,-0.419684958,-0.152938726,-0.8730734,-0.8533746,0.3121767
seq-07/frame-000636,1,0.00816056,0.358657,2876,776,407,1.71,125.34,100.03,11.21,238.30,0.894789766,0.022467303,-0.418407206,-0.154213829,-0.8712838,-0.8765630,0.2985440
seq-07/frame-000637,1,0.02394364,0.135206,2923,653,301,1.32,130.04,99.40,7.37,238.15,0.896235456,0.025577422,-0.415406258,-0.153445249,-0.8941038,-0.8937874,0.3227984
seq-07/frame-000638,1,0.00747732,0.321290,2230,611,334,0.94,110.07,70.66,6.80,188.47,0.895383689,0.033111536,-0.414164769,-0.160184955,-0.8802307,-0.9048179,0.3001420
seq-07/frame-000639,1,0.02084691,0.298393,1664,436,210,1.02,97.31,60.97,11.70,171.01,0.900905819,0.037723515,-0.403922803,-0.154246590,-0.9010406,-0.9218766,0.3112098
seq-07/frame-000640,1,0.01050705,0.452272,1744,507,305,1.84,91.89,65.21,13.31,172.25,0.903743687,0.045844448,-0.394863899,-0.158833672,-0.8919077,-0.9484079,0.2912252
seq-07/frame-000641,1,0.01851522,0.239162,2041,488,213,1.22,101.29,71.83,13.30,187.65,0.905076956,0.055306860,-0.392402199,-0.154263962,-0.9025101,-0.9625324,0.3032806
seq-07/frame-000642,1,0.01477780,0.137318,2166,580,298,1.38,106.80,90.85,8.88,207.92,0.904428620,0.060527246,-0.392347711,-0.156232514,-0.9001432,-0.9729482,0.2956948
seq-07/frame-000643,1,0.01648079,0.319800,1635,429,207,1.09,86.19,57.86,9.77,154.92,0.906135138,0.071383515,-0.384923723,-0.160178753,-0.9082709,-0.9881251,0.2880169
seq-07/frame-000644,1,0.00609020,0.216151,2141,667,386,1.84,103.93,68.71,7.88,182.36,0.905614830,0.080710515,-0.382131002,-0.165298183,-0.8917053,-1.0061220,0.2692649
seq-07/frame-000645,1,0.00927445,0.301438,1109,323,174,0.82,78.34,36.52,10.16,125.85,0.907642558,0.092248677,-0.371010394,-0.173281434,-0.8952318,-1.0219160,0.2667574
seq-07/frame-000646,1,0.00660661,0.306930,1011,336,161,0.85,80.25,42.34,12.28,135.73,0.910883080,0.104511104,-0.358475428,-0.175683838,-0.8908305,-1.0346545,0.2526837
seq-07/frame-000647,1,0.01701117,0.717721,810,234,130,0.80,69.76,26.45,7.47,104.48,0.915726752,0.114782118,-0.340723054,-0.179380549,-0.8848091,-1.0644440,0.2398813
seq-07/frame-000648,1,0.00846839,0.399081,913,283,164,0.86,70.73,28.53,10.68,110.80,0.917337847,0.124061001,-0.333680269,-0.178206682,-0.8863528,-1.0601834,0.2524397
seq-07/frame-000649,1,0.01080241,0.240481,1825,603,344,0.84,98.73,62.45,10.86,172.88,0.921083877,0.132935187,-0.326121366,-0.166064995,-0.8782356,-1.0655484,0.2541080
seq-07/frame-000650,1,0.01191888,0.144674,1703,591,368,0.87,100.29,57.10,11.86,170.12,0.920446279,0.141326502,-0.329056399,-0.156612113,-0.8679037,-1.0805193,0.2494069
seq-07/frame-000651,1,0.01520041,0.430832,962,304,166,1.29,69.07,43.02,9.82,123.21,0.923179794,0.145613757,-0.318491699,-0.158425820,-0.8712085,-1.1090083,0.2514246
seq-07/frame-000652,1,0.01648932,0.173988,910,296,157,0.81,70.90,28.17,6.00,105.89,0.924747963,0.153157173,-0.311889602,-0.155270605,-0.8609988,-1.1014568,0.2518735
seq-07/frame-000653,1,0.02461866,0.426562,867,277,127,0.80,66.29,27.08,12.67,106.85,0.927619846,0.161414683,-0.296333394,-0.160166291,-0.8576123,-1.1274680,0.2586892
seq-07/frame-000654,1,0.01401611,0.497546,1147,318,145,0.81,77.01,38.32,7.29,123.44,0.930625775,0.162440269,-0.287393932,-0.157966938,-0.8346673,-1.1374379,0.2460693
seq-07/frame-000655,1,0.02815256,0.522684,1216,399,222,0.86,82.79,47.27,6.22,137.14,0.933423500,0.162818947,-0.281029766,-0.152423199,-0.8423488,-1.1459004,0.2693242
seq-07/frame-000656,1,0.02027321,0.353532,1065,348,182,0.82,65.43,30.80,10.01,107.07,0.936673935,0.169164516,-0.269632041,-0.146026946,-0.8358400,-1.1455349,0.2670275
seq-07/frame-000657,1,0.05097316,0.992294,855,266,137,0.79,66.89,22.56,6.55,96.79,0.936186233,0.176818667,-0.269873930,-0.139493939,-0.7926378,-1.1250240,0.2842999
seq-07/frame-000658,1,0.03750296,0.488051,562,190,96,0.74,58.16,19.63,8.94,87.48,0.939568274,0.177357774,-0.255215890,-0.143598495,-0.8508398,-1.1513807,0.2916295
seq-07/frame-000659,1,0.01966030,0.367571,712,254,143,1.05,57.86,26.32,9.34,94.58,0.943392588,0.185148829,-0.241520074,-0.131902952,-0.8042090,-1.1524084,0.2700845
seq-07/frame-000660,1,0.01990554,0.449783,671,231,137,0.75,57.05,26.64,9.40,93.84,0.944179091,0.190027446,-0.235898374,-0.129488881,-0.7960132,-1.1520655,0.2672276
seq-07/frame-000661,1,0.01930870,0.497197,623,224,133,0.73,66.52,25.48,18.64,111.37,0.945416918,0.192730466,-0.230199799,-0.126688082,-0.7983073,-1.1620898,0.2706013
seq-07/frame-000662,1,0.01587652,0.441827,643,245,161,1.05,56.37,21.82,15.40,94.63,0.945935657,0.196612209,-0.226701499,-0.123108907,-0.7877030,-1.1700362,0.2697915
seq-07/frame-000663,1,0.02222632,0.512975,636,258,158,0.73,59.89,22.67,7.55,90.85,0.947265457,0.201933041,-0.219792083,-0.116630362,-0.7612822,-1.1782274,0.2762157
seq-07/frame-000664,1,0.04871812,0.941055,679,274,168,0.73,57.22,27.44,13.54,98.93,0.946026572,0.207695488,-0.219831342,-0.116492450,-0.7276315,-1.1702587,0.2805925
seq-07/frame-000665,1,0.02565176,0.414698,781,309,198,0.72,64.34,28.16,12.28,105.50,0.947703143,0.207579366,-0.212974496,-0.115807702,-0.7450443,-1.1900973,0.2774944
seq-07/frame-000666,1,0.02418669,0.396524,940,353,214,0.75,77.05,40.83,15.66,134.30,0.947973311,0.210333757,-0.210748190,-0.112656614,-0.7351982,-1.1839402,0.2556194
seq-07/frame-000667,1,0.01857219,0.236428,980,344,178,0.76,63.42,39.60,8.27,112.06,0.948918866,0.209435774,-0.207023330,-0.113273926,-0.7380400,-1.1925579,0.2728520
seq-07/frame-000668,1,0.00659441,0.238386,918,307,161,0.73,75.06,46.91,8.55,131.26,0.950061134,0.210397205,-0.200609477,-0.113457903,-0.7307522,-1.2020641,0.2664693
seq-07/frame-000669,1,0.02243024,0.400910,879,337,208,0.74,69.91,40.50,9.79,120.94,0.949547332,0.214427491,-0.200633252,-0.110122719,-0.7064362,-1.1912932,0.2694048
seq-07/frame-000670,1,0.04317990,0.973477,1250,459,254,1.79,81.64,54.93,17.32,155.68,0.949473746,0.213141646,-0.204403332,-0.106252168,-0.6725831,-1.1975751,0.2720915
seq-07/frame-000671,1,0.03446029,0.696347,1359,459,228,0.97,92.41,48.42,9.28,151.08,0.950246655,0.211328488,-0.203857989,-0.103987912,-0.6699230,-1.2037397,0.2672051
seq-07/frame-000672,1,0.03607284,0.828205,1333,454,246,1.25,87.82,51.19,14.04,154.30,0.950053124,0.211529550,-0.206194245,-0.100688848,-0.6594682,-1.2056480,0.2777271
seq-07/frame-000673,1,0.02172295,0.442224,1274,432,240,1.71,86.19,46.87,9.85,144.63,0.950745255,0.210894520,-0.205177602,-0.097514682,-0.6615216,-1.2045876,0.2705459
seq-07/frame-000674,1,0.01940511,0.418676,1092,431,274,0.96,93.23,36.14,11.18,141.50,0.951076915,0.208005250,-0.206081566,-0.098574371,-0.6458226,-1.2072090,0.2889430
seq-07/frame-000675,1,0.02261737,0.388837,1210,489,293,0.77,80.84,43.50,18.73,143.84,0.951075927,0.210022798,-0.205919308,-0.094563443,-0.6348381,-1.2055978,0.2826448
seq-07/frame-000676,1,0.01465701,0.241335,1338,500,295,1.57,89.98,54.57,14.53,160.66,0.951382020,0.207106439,-0.207460451,-0.094548067,-0.6280299,-1.2166166,0.2744053
seq-07/frame-000677,1,0.01853707,0.229155,1402,501,277,0.95,93.15,54.98,11.97,161.06,0.950822114,0.208378598,-0.208360925,-0.095401215,-0.6204295,-1.2076342,0.2749755
seq-07/frame-000678,1,0.01917908,0.342754,1250,477,288,1.32,79.15,53.93,14.94,149.35,0.950548972,0.208255391,-0.210035635,-0.094717350,-0.6089324,-1.2143014,0.2862085
seq-07/frame-000679,1,0.02876951,0.528299,1239,483,276,1.32,88.87,44.64,18.74,153.57,0.949594429,0.209893611,-0.213905711,-0.091975212,-0.5889665,-1.2161557,0.2853364
seq-07/frame-000680,1,0.02543415,0.374600,1327,482,256,1.04,83.60,53.19,16.30,154.13,0.948823012,0.212700552,-0.213591136,-0.094192325,-0.5847646,-1.2099967,0.2752372
seq-07/frame-000681,1,0.00847081,0.088751,1108,436,246,0.75,87.25,37.38,8.28,133.67,0.949340782,0.212172678,-0.210089364,-0.097965778,-0.5931865,-1.2168007,0.2833533
seq-07/frame-000682,1,0.02429122,0.571313,1279,448,255,0.75,90.30,46.56,12.54,150.16,0.947431063,0.215655532,-0.213242919,-0.101953571,-0.5544526,-1.2186861,0.2903521
seq-07/frame-000683,1,0.01676091,0.164277,1208,453,252,1.49,77.23,43.87,11.43,134.02,0.948437349,0.215659501,-0.207753430,-0.103904215,-0.5692128,-1.2224426,0.2698703
seq-07/frame-000684,1,0.00675084,0.126456,1054,431,274,0.75,77.73,43.39,17.19,139.05,0.948030191,0.217414108,-0.207529901,-0.104408824,-0.5590819,-1.2247634,0.2829605
seq-07/frame-000685,1,0.01907635,0.257356,1103,439,271,0.78,86.61,39.69,10.19,137.27,0.947579791,0.219619414,-0.209563093,-0.099715414,-0.5369223,-1.2221984,0.2772250
seq-07/frame-000686,1,0.00718163,0.128187,732,280,154,0.74,68.12,27.85,21.88,118.60,0.947522621,0.220873351,-0.209946310,-0.096635359,-0.5351183,-1.2238507,0.2864599
seq-07/frame-000687,1,0.01236584,0.242232,761,285,160,1.20,60.32,39.46,13.68,114.67,0.946172920,0.222853089,-0.215866382,-0.092168390,-0.5203993,-1.2305845,0.2933542
seq-07/frame-000688,1,0.00697059,0.249804,921,318,185,0.77,77.50,51.71,8.75,138.73,0.945990947,0.223453358,-0.218665645,-0.085761649,-0.4992616,-1.2305322,0.2820764
seq-07/frame-000689,1,0.01483741,0.218912,1021,349,189,1.33,75.16,48.92,10.86,136.27,0.945713147,0.224867510,-0.220214634,-0.081035557,-0.4846376,-1.2272342,0.2702395
seq-07/frame-000690,1,0.02069417,0.230448,954,335,177,0.84,77.60,42.58,16.06,137.08,0.945742645,0.225100269,-0.219434465,-0.082153726,-0.4739038,-1.2311181,0.2613704
seq-07/frame-000691,1,0.01758564,0.180532,734,279,164,1.03,78.09,25.59,11.74,116.45,0.945319273,0.227283778,-0.219422460,-0.081039125,-0.4564976,-1.2258578,0.2703210
seq-07/frame-000692,1,0.01135986,0.100363,745,291,181,1.23,80.51,30.55,11.57,123.85,0.945403242,0.229787882,-0.216913917,-0.079740784,-0.4508281,-1.2237857,0.2741485
seq-07/frame-000693,1,0.00675597,0.197199,861,302,184,0.75,72.67,31.10,9.39,113.91,0.945622710,0.230109615,-0.214790681,-0.081928132,-0.4458782,-1.2242079,0.2756933
seq-07/frame-000694,1,0.00905038,0.130967,827,321,198,0.77,75.58,25.40,13.71,115.46,0.945716427,0.228918146,-0.214557531,-0.084746613,-0.4165203,-1.2214586,0.2792508
seq-07/frame-000695,1,0.01557321,0.337315,831,304,180,0.72,74.91,27.78,5.78,109.20,0.946424651,0.226116181,-0.213748033,-0.086392310,-0.4024863,-1.2256165,0.2913447
seq-07/frame-000696,1,0.01643643,0.138291,1023,364,206,3.64,77.80,35.98,4.39,121.80,0.947045331,0.226742884,-0.211036490,-0.084595540,-0.3993335,-1.2171145,0.2721247
seq-07/frame-000697,1,0.00363932,0.185665,791,268,152,1.08,72.23,25.53,9.34,108.19,0.947274972,0.226643197,-0.208867795,-0.087619823,-0.3992459,-1.2192228,0.2922390
seq-07/frame-000698,1,0.01260408,0.440166,615,209,98,0.74,57.13,22.69,10.48,91.04,0.948696955,0.226015855,-0.201999153,-0.089929214,-0.4009599,-1.2167510,0.2831706
seq-07/frame-000699,1,0.01986396,0.140358,1148,419,232,1.25,77.94,37.19,11.38,127.75,0.949148248,0.227311634,-0.200578574,-0.084942680,-0.3627641,-1.2047542,0.2816724
seq-07/frame-000700,1,0.01969167,0.097986,1046,406,250,1.43,68.90,33.12,13.45,116.91,0.948294110,0.228669342,-0.203432091,-0.084047595,-0.3579880,-1.2036295,0.2831352
seq-07/frame-000701,1,0.01486449,0.167005,1228,478,276,1.04,87.58,36.65,6.33,131.61,0.948051040,0.227206919,-0.206473107,-0.083337251,-0.3486069,-1.2067222,0.2876250
seq-07/frame-000702,1,0.01986617,0.224773,1052,435,242,0.78,70.13,28.42,14.88,114.22,0.948265009,0.227313082,-0.206239438,-0.081163594,-0.3388235,-1.2006517,0.2946834
seq-07/frame-000703,1,0.02292163,0.238167,1129,415,245,0.74,76.93,33.98,7.97,119.62,0.950051575,0.226016668,-0.201655824,-0.075189090,-0.3255640,-1.2051187,0.2927405
seq-07/frame-000704,1,0.01750740,0.108794,1185,437,242,0.77,73.41,32.95,10.24,117.38,0.950162057,0.226387472,-0.201465853,-0.073159328,-0.3262902,-1.1992297,0.3008332
seq-07/frame-000705,1,0.01524543,0.121224,1074,397,237,0.76,66.85,31.86,10.47,109.94,0.949485089,0.227252099,-0.204702085,-0.070225389,-0.3113092,-1.2007048,0.3153865
seq-07/frame-000706,1,0.01193941,0.186847,703,233,123,0.75,64.83,18.92,15.73,100.22,0.949770813,0.228609900,-0.202832720,-0.067318678,-0.3066091,-1.2030188,0.3290098
seq-07/frame-000707,1,0.01436175,0.174276,740,245,120,0.75,58.96,24.41,13.78,97.91,0.951203432,0.230592848,-0.193670776,-0.067309736,-0.2957039,-1.2000216,0.3241430
seq-07/frame-000708,1,0.00563922,0.156968,656,173,69,0.73,58.57,19.93,10.80,90.03,0.951597893,0.232635070,-0.188043163,-0.070584303,-0.2937670,-1.1949973,0.3450387
seq-07/frame-000709,1,0.01416366,0.226161,591,188,81,0.73,45.02,27.69,17.07,90.52,0.952184040,0.234358764,-0.181193268,-0.074769807,-0.2935200,-1.1860363,0.3353223
seq-07/frame-000710,1,0.01388438,0.078710,766,256,128,0.74,67.74,21.93,11.28,101.69,0.952544366,0.235519666,-0.176384490,-0.077962997,-0.2784550,-1.1825033,0.3496520
seq-07/frame-000711,1,0.01202156,0.296367,1045,373,201,0.74,64.71,28.90,11.84,106.19,0.953267190,0.232692164,-0.173998011,-0.082829425,-0.2599115,-1.1857266,0.3581056
seq-07/frame-000712,1,0.01232359,0.114815,661,251,153,0.79,53.12,17.58,5.06,76.55,0.953933861,0.231020219,-0.170920664,-0.086174092,-0.2640980,-1.1740147,0.3652594
seq-07/frame-000713,1,0.01048285,0.159517,872,362,250,0.73,60.26,22.26,15.66,98.91,0.955028911,0.227911326,-0.169034381,-0.086044079,-0.2540354,-1.1763031,0.3777222
seq-07/frame-000714,1,0.01457370,0.180345,1230,516,325,0.94,73.32,35.86,11.67,121.80,0.955719763,0.225559502,-0.168794308,-0.085036032,-0.2470231,-1.1715355,0.3837970
seq-07/frame-000715,1,0.02014025,0.254303,951,395,260,0.74,70.89,34.19,7.72,113.54,0.956557171,0.222179507,-0.168332446,-0.085433205,-0.2482872,-1.1661918,0.3837114
seq-07/frame-000716,1,0.01250178,0.220635,1237,563,357,0.74,87.08,41.56,13.95,143.34,0.957236443,0.218127695,-0.170400310,-0.084157202,-0.2370919,-1.1690465,0.4029209
seq-07/frame-000717,1,0.01287754,0.302537,1011,541,381,0.74,67.22,30.00,8.72,106.68,0.959449437,0.211332764,-0.167217204,-0.082665878,-0.2313374,-1.1669479,0.4214677
seq-07/frame-000718,1,0.01290114,0.215388,1067,466,302,0.73,67.89,35.81,11.30,115.73,0.960538197,0.207897233,-0.165477886,-0.082232491,-0.2296405,-1.1568498,0.4293658
seq-07/frame-000719,1,0.01520793,0.161970,1213,627,469,0.75,62.37,57.94,7.73,128.79,0.961011675,0.204226707,-0.166862947,-0.083094944,-0.2143955,-1.1531717,0.4418964
seq-07/frame-000720,1,0.01669309,0.213832,1106,526,403,0.77,59.35,51.74,7.35,119.21,0.962548168,0.199522499,-0.163647612,-0.083133965,-0.2158817,-1.1563245,0.4462987
seq-07/frame-000721,1,0.01836380,0.040730,1494,709,511,0.77,78.92,44.58,5.99,130.27,0.963601271,0.196865245,-0.161824311,-0.080805684,-0.2104401,-1.1473986,0.4528081
seq-07/frame-000722,1,0.01142937,0.148664,1593,729,508,0.79,81.79,50.59,10.84,144.01,0.964329082,0.193138161,-0.161724820,-0.081315154,-0.2003498,-1.1487734,0.4747053
seq-07/frame-000723,1,0.01435006,0.272098,1110,554,446,0.76,73.56,41.84,8.26,124.43,0.965503695,0.188818626,-0.160231281,-0.080474087,-0.1888786,-1.1488171,0.4831256
seq-07/frame-000724,1,0.01466710,0.097618,1896,905,623,0.81,87.89,62.19,8.03,158.93,0.966366702,0.187577618,-0.157041041,-0.079297834,-0.1862173,-1.1402042,0.4877491
seq-07/frame-000725,1,0.01573120,0.109964,2094,922,607,1.29,112.42,58.54,11.78,184.03,0.966706508,0.186684578,-0.155640203,-0.080022017,-0.1836674,-1.1398144,0.4912605
seq-07/frame-000726,1,0.01340832,0.249238,1611,790,597,0.79,91.57,50.99,7.39,150.73,0.967470753,0.183912022,-0.154974689,-0.078482833,-0.1737060,-1.1400874,0.5021677
seq-07/frame-000727,1,0.01549664,0.219186,2063,937,643,0.84,84.79,83.79,6.62,176.04,0.968214666,0.183087771,-0.152996312,-0.075042369,-0.1700302,-1.1321490,0.5079007
seq-07/frame-000728,1,0.01552442,0.264006,2163,979,680,0.85,82.83,72.46,12.42,168.57,0.968565899,0.182584816,-0.152187017,-0.073362084,-0.1646881,-1.1289212,0.5116783
seq-07/frame-000729,1,0.01227418,0.094285,1746,838,632,0.80,83.78,52.60,8.36,145.55,0.969466957,0.180435722,-0.149474378,-0.072347637,-0.1631145,-1.1232421,0.5156440
seq-07/frame-000730,1,0.01426934,0.089679,2404,1026,682,0.88,91.97,80.21,15.53,188.59,0.971214624,0.175527230,-0.147090929,-0.065548491,-0.1553245,-1.1269994,0.5244225
seq-07/frame-000731,1,0.01410746,0.152333,2468,1060,712,0.86,109.50,77.74,15.16,203.27,0.971441217,0.174486123,-0.147483899,-0.064070703,-0.1484747,-1.1246410,0.5284818
seq-07/frame-000732,1,0.01353471,0.161304,2370,1040,724,0.85,88.73,73.74,10.62,173.94,0.971537051,0.174369864,-0.147264188,-0.063436332,-0.1428874,-1.1184328,0.5363039
seq-07/frame-000733,1,0.01348033,0.211944,2409,1023,680,0.91,90.32,72.40,12.04,175.67,0.971833482,0.173344610,-0.147103995,-0.062062426,-0.1370825,-1.1191033,0.5430438
seq-07/frame-000734,1,0.01213411,0.176679,2441,1088,752,0.87,93.87,80.79,12.32,187.86,0.971966181,0.173663340,-0.146586613,-0.060292227,-0.1392923,-1.1126921,0.5424740
seq-07/frame-000735,1,0.01156159,0.127251,1680,836,625,0.82,85.25,73.91,11.45,171.45,0.972407862,0.171235863,-0.147880413,-0.056856076,-0.1448707,-1.1066660,0.5398159
seq-07/frame-000736,1,0.01115295,0.241937,1549,773,571,0.95,73.21,52.64,9.75,136.57,0.971860637,0.168690884,-0.155257003,-0.054088370,-0.1368431,-1.1158460,0.5493232
seq-07/frame-000737,1,0.01597786,0.300977,2328,1105,778,0.88,86.41,67.90,13.08,168.27,0.970256816,0.171801589,-0.161224361,-0.055611424,-0.1268449,-1.1081229,0.5560814
seq-07/frame-000738,1,0.01571067,0.262114,2534,1069,724,0.92,94.22,84.27,11.91,191.32,0.969681469,0.173193879,-0.162605371,-0.057281961,-0.1248281,-1.1006216,0.5596403
seq-07/frame-000739,1,0.01406622,0.080306,2430,1107,790,0.89,95.87,70.16,9.06,176.00,0.969985901,0.172085915,-0.161685209,-0.058066196,-0.1302753,-1.0967386,0.5590234
seq-07/frame-000740,1,0.01299781,0.127114,2411,1100,794,0.88,95.39,79.16,9.49,184.92,0.970030888,0.170391007,-0.162687719,-0.059495265,-0.1264892,-1.0931392,0.5634238
seq-07/frame-000741,1,0.01425364,0.141462,2512,1088,742,0.92,108.26,79.56,22.49,211.23,0.969874662,0.170167397,-0.163613962,-0.060138749,-0.1280737,-1.0913958,0.5682212
seq-07/frame-000742,1,0.01231153,0.084565,2376,1125,826,0.85,98.60,69.66,8.92,178.02,0.970180575,0.168939938,-0.163198039,-0.059794220,-0.1216049,-1.0781742,0.5772845
seq-07/frame-000743,1,0.01425485,0.070322,2476,1116,801,0.88,97.63,75.15,6.26,179.92,0.970611079,0.167283650,-0.162830260,-0.058451857,-0.1177597,-1.0728439,0.5799435
seq-07/frame-000744,1,0.01119236,0.126796,2531,1161,828,0.91,89.26,91.34,8.17,189.68,0.970932804,0.164811194,-0.164065529,-0.056650360,-0.1135003,-1.0761175,0.5867312
seq-07/frame-000745,1,0.01568480,0.123944,2548,1145,840,0.92,96.64,80.29,7.19,185.04,0.970885137,0.165683335,-0.164365319,-0.053991893,-0.1120206,-1.0656527,0.5864347
seq-07/frame-000746,1,0.01216240,0.155275,2513,1197,862,0.88,88.96,77.90,10.09,177.83,0.970831331,0.164768799,-0.165761556,-0.053487152,-0.1041883,-1.0623688,0.5939022
seq-07/frame-000747,1,0.00997577,0.089107,1457,734,564,0.83,79.27,42.21,10.03,132.35,0.971212029,0.164889676,-0.162663369,-0.055670615,-0.1012884,-1.0548529,0.6031089
seq-07/frame-000748,1,0.01341658,0.105774,1725,934,753,0.83,75.16,52.64,6.73,135.37,0.972542446,0.162417342,-0.157198641,-0.055411050,-0.0968823,-1.0494859,0.6035982
seq-07/frame-000749,1,0.00903786,0.121587,2519,1165,833,0.91,89.03,85.62,12.95,188.50,0.973248481,0.160136344,-0.155842981,-0.053448205,-0.0904851,-1.0539267,0.6068344
seq-07/frame-000750,1,0.01243840,0.108542,1388,706,575,0.81,73.60,38.55,5.99,118.94,0.974509075,0.156363096,-0.153099896,-0.049427395,-0.0803532,-1.0359868,0.6134891
seq-07/frame-000751,1,0.01150787,0.015277,1634,936,749,0.80,85.96,47.10,9.22,143.09,0.976281500,0.151552704,-0.148693649,-0.042384080,-0.0722627,-1.0304921,0.6174948
seq-07/frame-000752,1,0.00853525,0.152739,2400,1200,900,1.18,99.13,75.65,9.69,185.65,0.977247304,0.148177277,-0.146967840,-0.037837211,-0.0730434,-1.0378208,0.6194283
seq-07/frame-000753,1,0.01279987,0.068914,2423,1190,891,0.88,99.36,82.24,9.08,191.56,0.977066459,0.149867886,-0.147192306,-0.034859387,-0.0724039,-1.0307117,0.6117237
seq-07/frame-000754,1,0.00733266,0.116958,2000,1087,861,0.82,105.38,57.77,7.88,171.84,0.977202144,0.148974569,-0.147711307,-0.032617730,-0.0648759,-1.0235086,0.6204086
seq-07/frame-000755,1,0.00998928,0.153034,1772,990,803,0.83,90.89,50.71,6.80,149.24,0.977947670,0.146794406,-0.145041266,-0.032137029,-0.0597979,-1.0243884,0.6234319
seq-07/frame-000756,1,0.00926582,0.131266,1883,1043,830,0.85,72.54,55.98,7.77,137.14,0.978261810,0.147467590,-0.142081304,-0.032711514,-0.0546594,-1.0176710,0.6244167
seq-07/frame-000757,1,0.01328596,0.121135,2334,1151,854,0.90,89.51,75.31,10.03,175.76,0.978905652,0.146881995,-0.138870082,-0.029740610,-0.0564256,-1.0143691,0.6157458
seq-07/frame-000758,1,0.01003795,0.178634,2161,1172,910,0.88,90.68,65.12,6.86,163.54,0.978621168,0.146549856,-0.141584910,-0.027883027,-0.0503667,-1.0167880,0.6173214
seq-07/frame-000759,1,0.01060026,0.128677,2454,1186,890,0.89,100.05,92.82,6.31,200.08,0.978237745,0.147722215,-0.142915000,-0.028361319,-0.0508822,-1.0087203,0.6141725
seq-07/frame-000760,1,0.01396418,0.128566,2341,1167,887,0.85,86.38,92.55,6.84,186.63,0.978838112,0.145653823,-0.141427923,-0.025672088,-0.0533293,-1.0053334,0.6105782
seq-07/frame-000761,1,0.01054411,0.107580,2228,1114,847,0.85,95.27,66.17,14.10,176.39,0.979047327,0.143548522,-0.142344193,-0.024459837,-0.0422681,-1.0022377,0.6172960
seq-07/frame-000762,1,0.01172164,0.214130,2227,1194,891,0.86,83.73,68.68,10.01,163.28,0.979701186,0.140357496,-0.141174300,-0.023562186,-0.0404595,-1.0033458,0.6137866
seq-07/frame-000763,1,0.01042824,0.220586,2028,1145,939,0.94,101.24,56.59,13.02,171.80,0.979938813,0.137982813,-0.142230776,-0.021238464,-0.0394761,-0.9988685,0.6124380
seq-07/frame-000764,1,0.00897292,0.168348,2317,1178,922,0.86,90.71,74.06,11.33,176.96,0.979298668,0.138170575,-0.146040733,-0.023560873,-0.0300186,-0.9893736,0.6187342
seq-07/frame-000765,1,0.00634417,0.102006,1726,1003,829,0.81,86.20,65.22,13.62,165.85,0.979480392,0.136966500,-0.145503917,-0.026209736,-0.0256014,-0.9807096,0.6235484
seq-07/frame-000766,1,0.01129498,0.237143,2132,1115,870,0.85,94.11,59.52,8.34,162.82,0.980433630,0.131407103,-0.144765748,-0.022911770,-0.0187654,-0.9821565,0.6191771
seq-07/frame-000767,1,0.00724630,0.177641,1654,988,814,0.85,88.64,51.66,9.59,150.74,0.979572475,0.127408453,-0.154493312,-0.018348538,-0.0084713,-0.9708390,0.6198028
seq-07/frame-000768,1,0.00944911,0.247478,2131,1143,907,0.86,79.53,60.51,12.83,153.73,0.979328139,0.124753129,-0.158479186,-0.015407769,0.0002803,-0.9689576,0.6232928
seq-07/frame-000769,1,0.01006999,0.264979,1786,1020,859,0.83,86.83,56.58,7.75,152.00,0.979402434,0.121709195,-0.160538441,-0.013607127,0.0042861,-0.9619058,0.6209127
seq-07/frame-000770,1,0.00931177,0.198810,1827,1035,846,1.22,81.93,54.88,11.37,149.41,0.978948350,0.119475407,-0.164983726,-0.012888945,0.0106842,-0.9567694,0.6195694
seq-07/frame-000771,1,0.00939259,0.188455,1862,1020,815,0.89,84.09,57.66,6.28,148.93,0.978289116,0.117884284,-0.170062389,-0.011510212,0.0155181,-0.9543373,0.6194056
seq-07/frame-000772,1,0.00721225,0.187468,1862,1107,916,0.86,82.03,55.00,10.93,148.82,0.977390962,0.117460463,-0.175410994,-0.011871443,0.0230578,-0.9471986,0.6212105
seq-07/frame-000773,1,0.00863131,0.105685,2072,1117,882,1.13,101.83,59.23,6.91,169.11,0.976825671,0.116146065,-0.179440713,-0.011078357,0.0281229,-0.9403255,0.6176524
seq-07/frame-000774,1,0.00966795,0.122333,2044,1223,1024,0.87,90.80,70.39,8.83,170.90,0.975797856,0.116339502,-0.184853982,-0.010614572,0.0381592,-0.9410475,0.6211533
seq-07/frame-000775,1,0.00857477,0.090120,2342,1342,1049,0.89,103.51,70.17,27.14,201.72,0.974421764,0.120547179,-0.189140349,-0.014018966,0.0461676,-0.9364043,0.6254264
seq-07/frame-000776,1,0.00984366,0.168668,2515,1359,1072,1.24,106.15,66.12,14.57,188.08,0.973598507,0.124374908,-0.190525100,-0.018357999,0.0521913,-0.9262271,0.6227052
seq-07/frame-000777,1,0.00908705,0.129900,2425,1374,1106,0.89,98.20,73.42,7.28,179.79,0.973501201,0.124503914,-0.190717770,-0.020516305,0.0531370,-0.9194516,0.6146188
seq-07/frame-000778,1,0.00907966,0.141560,1494,861,707,0.84,73.89,52.41,14.07,141.21,0.971092134,0.126206855,-0.201896287,-0.017023124,0.0634873,-0.9130533,0.6116730
seq-07/frame-000779,1,0.00858491,0.225244,1926,1137,936,0.87,92.47,52.03,8.50,153.87,0.969660170,0.128053403,-0.207399653,-0.018624303,0.0682580,-0.9018881,0.6128016
seq-07/frame-000780,1,0.01044306,0.217406,2304,1334,1081,0.87,99.72,81.98,10.60,193.19,0.969387048,0.126510397,-0.209416315,-0.020704553,0.0778085,-0.8966950,0.6176552
seq-07/frame-000781,1,0.00748933,0.143746,2550,1444,1144,0.93,128.11,107.20,11.76,248.01,0.969652627,0.124721039,-0.209414202,-0.019082378,0.0808085,-0.8966852,0.6156894
seq-07/frame-000782,1,0.00622128,0.118281,1748,955,766,0.88,104.15,72.30,14.34,191.68,0.969245694,0.124901867,-0.211402510,-0.016470765,0.0785218,-0.8893227,0.6063130
seq-07/frame-000783,1,0.00251791,0.059295,1776,1001,825,0.84,108.18,76.10,10.01,195.13,0.968291484,0.124837577,-0.215755667,-0.016633509,0.0824441,-0.8758987,0.6073424
seq-07/frame-000784,1,0.00590756,0.140725,2201,1273,1021,0.86,118.91,89.53,11.17,220.47,0.968788457,0.116659886,-0.218175953,-0.015448283,0.0983445,-0.8696796,0.6159584
seq-07/frame-000785,1,0.00701246,0.161889,2383,1301,1044,0.88,124.06,96.35,14.04,235.33,0.969114353,0.113979404,-0.218262656,-0.013692272,0.1029523,-0.8674159,0.6137927
seq-07/frame-000786,1,0.00753495,0.221121,1962,1073,868,0.85,84.34,82.97,11.27,179.44,0.968857854,0.110850092,-0.221178567,-0.010332314,0.1075405,-0.8621223,0.6120568
seq-07/frame-000787,1,0.00732993,0.208840,2254,1264,993,0.89,94.88,81.00,10.28,187.05,0.968619844,0.107759033,-0.223867543,-0.006849203,0.1121543,-0.8554124,0.6151603
seq-07/frame-000788,1,0.01287684,0.289960,1644,807,623,0.82,78.20,61.27,12.57,152.87,0.970056141,0.100975200,-0.220851780,-0.004425301,0.1191961,-0.8395613,0.6222202
seq-07/frame-000789,1,0.01168416,0.234669,1663,765,554,0.84,96.58,68.24,13.66,179.33,0.971402680,0.096103371,-0.217098368,-0.003045289,0.1231339,-0.8319934,0.6197192
seq-07/frame-000790,1,0.01085161,0.240212,1873,885,666,0.89,98.79,79.37,10.14,189.19,0.972294555,0.090539022,-0.215503486,-0.002057143,0.1277843,-0.8246482,0.6201120
seq-07/frame-000791,1,0.00333879,0.084576,1840,781,582,0.94,99.46,61.48,9.03,170.91,0.972542203,0.086715467,-0.215950425,-0.002739430,0.1345392,-0.8131468,0.6276852
seq-07/frame-000792,1,0.00672287,0.213727,1752,875,657,0.92,105.38,54.85,7.98,169.13,0.973353678,0.079806041,-0.214954590,-0.002852602,0.1379969,-0.8126485,0.6326967
seq-07/frame-000793,1,0.00682108,0.203799,1335,656,499,0.95,89.88,42.30,7.46,140.59,0.974193543,0.076037137,-0.212477905,-0.004293493,0.1451390,-0.8032528,0.6368249
seq-07/frame-000794,1,0.00706837,0.146046,1524,748,564,1.55,92.76,51.97,6.61,152.90,0.976403895,0.066930601,-0.205218199,-0.006420226,0.1549886,-0.7933937,0.6424707
seq-07/frame-000795,1,0.00943998,0.178944,2197,1159,900,1.24,117.76,82.61,12.86,214.47,0.977291623,0.061197169,-0.202822778,-0.004348730,0.1592505,-0.7936389,0.6387229
seq-07/frame-000796,1,0.00879458,0.130824,2770,1363,1041,1.68,111.06,108.67,10.15,231.58,0.977281670,0.058580705,-0.203684560,-0.001199549,0.1664519,-0.7950642,0.6431405
seq-07/frame-000797,1,0.00491093,0.104512,1561,802,601,0.92,84.36,54.66,17.78,157.72,0.977558549,0.059478392,-0.202092851,-0.000290334,0.1702737,-0.7832636,0.6494192
seq-07/frame-000798,1,0.00857540,0.074065,1443,658,469,0.90,81.93,63.54,12.29,158.66,0.978749090,0.054401951,-0.197674077,0.003950534,0.1777306,-0.7792153,0.6531742
seq-07/frame-000799,1,0.00669814,0.124279,1642,764,551,1.23,73.89,73.56,10.29,158.97,0.979585873,0.053219007,-0.193724101,0.007087122,0.1841238,-0.7798545,0.6604528
seq-07/frame-000800,1,0.00533185,0.124427,1329,596,408,0.84,91.45,57.15,11.80,161.24,0.980621497,0.054730810,-0.188030311,0.005533616,0.1888511,-0.7681656,0.6617314
seq-07/frame-000801,1,0.00811243,0.177994,1402,626,453,0.84,92.89,56.37,9.34,159.43,0.982025652,0.051787862,-0.181428323,0.005234534,0.1960907,-0.7649756,0.6645055
seq-07/frame-000802,1,0.01058426,0.202252,2213,1078,857,0.87,109.18,85.24,7.76,203.05,0.983176278,0.049138122,-0.175821346,0.006058480,0.1955692,-0.7659174,0.6529247
seq-07/frame-000803,1,0.00804226,0.111967,2408,1146,890,0.88,128.03,87.32,11.13,227.37,0.983822246,0.049642645,-0.172088640,0.003859640,0.1921998,-0.7519778,0.6526714
seq-07/frame-000804,1,0.00725717,0.088948,2150,1036,780,0.88,120.33,75.29,11.41,207.91,0.984233647,0.047502567,-0.170373660,0.000670900,0.1982232,-0.7486245,0.6568448
seq-07/frame-000805,1,0.00745675,0.103416,2007,924,702,1.67,106.64,76.72,10.31,195.34,0.985094275,0.044637171,-0.166093536,-0.003119304,0.1956760,-0.7457598,0.6547218
seq-07/frame-000806,1,0.01417898,0.203648,2201,799,534,1.07,117.23,66.61,7.43,192.34,0.985919855,0.042797684,-0.161426662,-0.008475268,0.1901865,-0.7328398,0.6485267
seq-07/frame-000807,1,0.01938496,0.545666,1997,606,341,0.91,101.43,58.12,16.26,176.72,0.986789876,0.032178635,-0.158055646,-0.015122444,0.1884753,-0.7397663,0.6487948
seq-07/frame-000808,1,0.00670486,0.192246,2161,882,604,1.75,103.74,69.22,7.19,181.90,0.986939860,0.028388574,-0.157365992,-0.019487087,0.1960924,-0.7334821,0.6644926
seq-07/frame-000809,1,0.00793628,0.140385,2078,741,481,0.85,102.33,72.59,10.82,186.59,0.987310871,0.026869335,-0.154433951,-0.025405480,0.1981039,-0.7191301,0.6684568
seq-07/frame-000810,1,0.00524736,0.089079,2008,758,539,1.61,97.94,56.33,9.40,165.29,0.988062945,0.022742954,-0.149437074,-0.029714244,0.1966135,-0.7196738,0.6756041
seq-07/frame-000811,1,0.00469228,0.083206,2004,801,576,0.90,92.09,60.96,6.97,160.92,0.988853330,0.020888950,-0.143974138,-0.031688965,0.1972212,-0.7149343,0.6784456
seq-07/frame-000812,1,0.00606666,0.081810,2716,1138,816,0.91,117.47,107.69,14.72,240.80,0.989360098,0.016664346,-0.140817118,-0.032548963,0.1971380,-0.7177504,0.6778026
seq-07/frame-000813,1,0.00650858,0.119746,2566,1076,772,0.89,99.91,107.13,15.37,223.30,0.989549432,0.013300062,-0.140110825,-0.031368562,0.1937700,-0.7177995,0.6779118
seq-07/frame-000814,1,0.00642618,0.179013,2243,892,619,0.89,98.82,85.68,7.01,192.41,0.989433094,0.009356097,-0.141979097,-0.027866697,0.1900925,-0.7184606,0.6811071
seq-07/frame-000815,1,0.00630407,0.179838,1895,659,404,1.20,100.08,80.40,5.94,187.62,0.988767154,0.006567675,-0.147290496,-0.024533447,0.1875589,-0.7166026,0.6842490
seq-07/frame-000816,1,0.00969180,0.247259,2081,857,612,0.88,110.39,83.31,10.15,204.73,0.987865251,0.006958976,-0.152793088,-0.026983152,0.1890270,-0.7072712,0.6879900
seq-07/frame-000817,1,0.00869740,0.276183,1881,636,410,0.84,85.44,79.22,10.10,175.60,0.987962082,0.008641048,-0.150842557,-0.033208137,0.1813641,-0.6810813,0.6861261
seq-07/frame-000818,1,0.00467320,0.160904,1800,582,334,0.82,91.18,64.72,10.14,166.87,0.988746283,-0.000456443,-0.144449172,-0.038923208,0.1669890,-0.6837777,0.6824679
seq-07/frame-000819,1,0.01168397,0.210474,2158,928,650,0.89,92.35,95.04,12.79,201.07,0.988109388,-0.006026601,-0.146796675,-0.045323880,0.1894226,-0.6843565,0.6976420
seq-07/frame-000820,1,0.01042298,0.179644,2578,1184,825,0.88,104.13,118.37,13.32,236.70,0.988370145,-0.007613328,-0.143743728,-0.049033000,0.1862099,-0.6868047,0.6972926
seq-07/frame-000821,1,0.00982823,0.170363,3087,1240,817,0.93,106.57,117.96,11.19,236.65,0.988430215,-0.010447691,-0.143035756,-0.049369294,0.1878530,-0.6896754,0.6988387
seq-07/frame-000822,1,0.01664230,0.354819,2942,1215,821,0.92,115.95,133.65,11.72,262.25,0.988290017,-0.011425285,-0.144427440,-0.047885486,0.1896977,-0.6964321,0.6960648
seq-07/frame-000823,1,0.00802619,0.162985,2908,1178,785,1.15,132.81,130.16,13.64,277.77,0.988263297,-0.007895459,-0.144700192,-0.048323613,0.1839875,-0.6779999,0.6913684
seq-07/frame-000824,1,0.01113923,0.216348,2954,1181,767,2.10,117.07,123.17,8.78,251.12,0.987904869,-0.011356433,-0.146553795,-0.049365834,0.1884235,-0.6890107,0.6916139
seq-07/frame-000825,1,0.01257865,0.211875,2983,1167,759,1.94,124.03,131.09,9.27,266.36,0.987939967,-0.012055657,-0.146161351,-0.049660279,0.1861452,-0.6870159,0.6859429
seq-07/frame-000826,1,0.01262191,0.217497,2648,1113,783,0.90,113.22,121.72,15.32,251.16,0.987689664,-0.012903778,-0.148384639,-0.047797694,0.1919724,-0.6832488,0.6880759
seq-07/frame-000827,1,0.01220176,0.252179,1943,826,579,0.83,100.44,116.16,7.12,224.56,0.987636714,-0.014392161,-0.149772692,-0.043985539,0.1869837,-0.6785505,0.6836375
seq-07/frame-000828,1,0.01744469,0.391031,1467,546,358,1.84,89.06,88.79,7.99,187.70,0.986797249,-0.024477523,-0.154455328,-0.042137780,0.1849083,-0.6935560,0.6776864
seq-07/frame-000829,1,0.00666340,0.208517,2224,932,655,0.88,117.65,84.10,11.99,214.62,0.985466844,-0.020024860,-0.162162602,-0.046447776,0.2067552,-0.6642261,0.6982613
seq-07/frame-000830,1,0.01316431,0.342914,1969,813,553,0.85,110.70,62.30,11.04,184.88,0.985208368,-0.020594110,-0.160619698,-0.056050581,0.2080919,-0.6622569,0.6924818
seq-07/frame-000831,1,0.01899316,0.426037,1735,667,452,0.82,108.99,52.93,8.64,171.38,0.984740346,-0.026182755,-0.159711261,-0.063978341,0.2110623,-0.6660723,0.6881263
seq-07/frame-000832,1,0.01354308,0.342301,2100,821,557,0.87,87.36,68.16,6.81,163.20,0.983118629,-0.031660688,-0.165897251,-0.070380857,0.2266272,-0.6816925,0.7017804
seq-07/frame-000833,1,0.01401594,0.266813,2765,1216,872,0.91,104.07,82.73,13.29,201.00,0.982340081,-0.027837367,-0.169922580,-0.073207668,0.2373477,-0.6715711,0.7000906
seq-07/frame-000834,1,0.00938213,0.058984,2444,1055,749,0.88,111.83,70.20,11.37,194.28,0.982466650,-0.027680875,-0.170626125,-0.069855393,0.2359316,-0.6684920,0.6940013
seq-07/frame-000835,1,0.00856317,0.157570,2536,1034,708,0.88,103.92,69.72,9.10,183.62,0.982021922,-0.029094828,-0.174888218,-0.064811624,0.2421210,-0.6658321,0.6935481
seq-07/frame-000836,1,0.01374573,0.289085,2693,1051,709,0.87,109.43,101.91,8.64,220.84,0.981209422,-0.030733850,-0.180602741,-0.060548750,0.2609002,-0.6587931,0.7007492
seq-07/frame-000837,1,0.00394542,0.076614,1743,659,450,0.81,86.56,47.86,7.70,142.93,0.979690804,-0.033924786,-0.189433998,-0.056300949,0.2758821,-0.6524736,0.6999975
seq-07/frame-000838,1,0.00902085,0.167315,2204,908,638,0.85,92.10,68.48,5.75,167.18,0.978580437,-0.038536518,-0.194657879,-0.054804878,0.2853809,-0.6467316,0.7030134
seq-07/frame-000839,1,0.00742519,0.091701,2651,1095,776,0.92,97.63,79.95,13.12,191.62,0.977684753,-0.039324119,-0.199324270,-0.053441311,0.2992549,-0.6461519,0.7047099
seq-07/frame-000840,1,0.01768914,0.373202,2848,1174,815,0.90,109.22,98.15,11.56,219.83,0.976578487,-0.039585812,-0.204656876,-0.053319644,0.3204402,-0.6539477,0.7124257
seq-07/frame-000841,1,0.01446093,0.284854,2370,961,669,0.85,107.70,92.56,7.94,209.06,0.976250738,-0.037105054,-0.206637214,-0.053467505,0.3248505,-0.6522619,0.7141990
seq-07/frame-000842,1,0.01478591,0.298244,2415,991,699,0.89,85.57,65.56,15.07,167.09,0.975690590,-0.034988083,-0.210068582,-0.051719413,0.3327068,-0.6499567,0.7040375
seq-07/frame-000843,1,0.01732643,0.372163,2627,1106,789,1.24,101.84,93.23,9.96,206.28,0.974766258,-0.034548403,-0.214950634,-0.049329255,0.3479401,-0.6473164,0.7055606
seq-07/frame-000844,1,0.02620307,0.582377,2527,1089,804,0.87,107.03,78.04,13.21,199.16,0.974336255,-0.035982612,-0.217414991,-0.045878482,0.3624705,-0.6396482,0.7079667
seq-07/frame-000845,1,0.01018167,0.179041,2673,1189,838,0.98,113.04,85.61,14.99,214.62,0.974347267,-0.037816936,-0.217879211,-0.041784365,0.3688148,-0.6341239,0.7089436
seq-07/frame-000846,1,0.01143428,0.175639,2482,1105,814,0.88,107.14,86.79,15.99,210.81,0.973938087,-0.037229388,-0.220066397,-0.040365278,0.3807441,-0.6351960,0.7153893
seq-07/frame-000847,1,0.01072431,0.164354,2561,1184,842,0.89,103.63,86.31,16.33,207.16,0.973913981,-0.031654712,-0.220140849,-0.045028254,0.3903511,-0.6283041,0.7044704
seq-07/frame-000848,1,0.00877818,0.119154,2360,1028,750,0.86,90.71,77.00,7.50,176.08,0.973946566,-0.033378592,-0.220042315,-0.043535463,0.3939489,-0.6216459,0.6987831
seq-07/frame-000849,1,0.01845280,0.419518,2511,1053,753,1.22,101.60,77.24,10.81,190.87,0.972908281,-0.036820859,-0.224615021,-0.040519037,0.4145179,-0.6249252,0.7210200
seq-07/frame-000850,1,0.01281716,0.228201,2544,1100,810,0.87,88.33,80.45,11.98,181.63,0.973205947,-0.037325903,-0.223717691,-0.037780365,0.4193598,-0.6310770,0.7167629
seq-07/frame-000851,1,0.01441231,0.323983,2394,1058,765,0.87,95.95,78.63,10.07,185.54,0.973384482,-0.033775345,-0.223412923,-0.038321570,0.4220604,-0.6180235,0.7100419
seq-07/frame-000852,1,0.01305290,0.256316,1974,761,522,0.83,86.22,64.76,18.12,169.94,0.972948135,-0.037366251,-0.224371916,-0.040409573,0.4257493,-0.6177856,0.7074463
seq-07/frame-000853,1,0.01586103,0.372629,2573,1027,712,0.93,93.01,80.97,7.65,182.55,0.971801258,-0.040562722,-0.228569267,-0.041389249,0.4410825,-0.6210162,0.7242640
seq-07/frame-000854,1,0.02348263,0.526704,2301,1047,747,1.19,94.50,77.84,9.56,183.09,0.971062245,-0.041312330,-0.231428538,-0.042097967,0.4568788,-0.6263486,0.7363499
seq-07/frame-000855,1,0.01478706,0.330654,1768,825,625,0.83,104.27,48.29,7.20,160.58,0.971540783,-0.036636610,-0.229653330,-0.045006809,0.4642163,-0.6173663,0.7439146
seq-07/frame-000856,1,0.01555858,0.339854,1489,541,356,0.84,77.43,42.21,9.85,130.33,0.971984758,-0.023590881,-0.228655895,-0.049046738,0.4826403,-0.6259343,0.7478115
seq-07/frame-000857,1,0.01883021,0.438826,1389,464,273,0.83,87.25,40.06,10.06,138.21,0.971678937,-0.013388418,-0.229978670,-0.052636533,0.4896877,-0.6283712,0.7570372
seq-07/frame-000858,1,0.01764838,0.377868,1724,746,521,0.83,97.15,59.78,12.66,170.42,0.971896681,0.002814382,-0.227840105,-0.059142255,0.4916786,-0.6062834,0.7343876
seq-07/frame-000859,1,0.01217634,0.203433,1635,722,517,0.85,81.00,65.91,10.32,158.08,0.972053723,0.003836032,-0.225608490,-0.064789307,0.4972026,-0.6106604,0.7303662
seq-07/frame-000860,1,0.01101070,0.170081,1622,705,497,0.83,75.01,51.14,5.71,132.70,0.973034514,0.003811584,-0.219954714,-0.069348609,0.5005518,-0.5966398,0.7325496
seq-07/frame-000861,1,0.01425322,0.312769,2090,921,654,0.88,76.61,76.72,11.38,165.60,0.972833970,-0.000115317,-0.221052847,-0.068772762,0.5187228,-0.6134234,0.7454862
seq-07/frame-000862,1,0.01104782,0.191333,2023,915,674,0.87,77.21,74.79,8.17,161.04,0.973679234,0.002014449,-0.217477594,-0.068177623,0.5212886,-0.6031660,0.7416017
seq-07/frame-000863,1,0.00986686,0.196534,2366,996,735,0.90,98.66,72.19,15.14,186.89,0.973883282,0.001256227,-0.216841718,-0.067301143,0.5280923,-0.6034993,0.7467498
seq-07/frame-000864,1,0.01061533,0.136654,2042,917,666,0.88,96.11,63.11,7.61,167.71,0.974060020,0.000470885,-0.216473997,-0.065923174,0.5385613,-0.6073306,0.7496735
seq-07/frame-000865,1,0.01521197,0.322416,1693,760,588,0.83,86.04,51.35,7.35,145.57,0.974439466,0.001707416,-0.215225483,-0.064364613,0.5492258,-0.5968848,0.7560634
seq-07/frame-000866,1,0.02187884,0.383576,1473,516,337,0.84,81.55,47.57,11.65,141.61,0.976626160,0.003476162,-0.205935691,-0.061479680,0.5635368,-0.5968391,0.7648283
seq-07/frame-000867,1,0.01215866,0.314783,1420,534,341,0.81,77.91,34.62,5.98,119.32,0.976923503,0.007521114,-0.204042016,-0.062695750,0.5830157,-0.6042079,0.7865719
seq-07/frame-000868,1,0.02457634,0.656572,1460,518,336,0.84,68.92,37.27,8.05,115.08,0.977397474,0.014463870,-0.200982712,-0.063960335,0.6042073,-0.5976925,0.7875754
seq-07/frame-000869,1,0.01204641,0.299277,1285,488,340,1.05,67.88,32.39,5.95,107.28,0.979242936,0.009386677,-0.192585305,-0.062498503,0.6003743,-0.6075640,0.7805101
seq-07/frame-000870,1,0.01231557,0.292077,1705,691,476,0.82,84.92,83.70,7.17,176.61,0.979490124,0.005702096,-0.191744787,-0.061648350,0.6120384,-0.6050888,0.7882781
seq-07/frame-000871,1,0.01031088,0.202150,1773,709,502,0.84,74.94,65.53,9.05,150.35,0.979413155,0.000566710,-0.192159040,-0.061842171,0.6203459,-0.6090140,0.7955539
seq-07/frame-000872,1,0.01015682,0.119628,1526,673,476,1.15,86.11,52.43,13.80,153.50,0.979426771,-0.002216710,-0.191636757,-0.063195252,0.6297640,-0.6081675,0.8065192
seq-07/frame-000873,1,0.01248368,0.236188,1995,829,623,1.70,85.91,66.98,8.83,163.43,0.979264215,-0.004971271,-0.191508632,-0.065888749,0.6427524,-0.6218686,0.8211816
seq-07/frame-000874,1,0.00936098,0.196186,1727,715,493,0.85,70.85,62.99,7.20,141.90,0.979214716,-0.003214977,-0.190826353,-0.068654991,0.6542215,-0.6152508,0.8282556
seq-07/frame-000875,1,0.01041014,0.186485,1401,589,426,0.83,81.23,41.21,5.45,128.73,0.979485552,-0.003723370,-0.188959722,-0.069917185,0.6658779,-0.6150523,0.8402581
seq-07/frame-000876,1,0.01325910,0.244873,1584,618,420,0.87,96.54,56.34,7.95,161.71,0.979995528,-0.007422666,-0.186756730,-0.068378303,0.6773156,-0.6338563,0.8446494
seq-07/frame-000877,1,0.00883174,0.086126,1205,455,320,0.82,95.77,46.52,8.25,151.36,0.980632524,-0.002914566,-0.184474135,-0.065731658,0.6869909,-0.6296019,0.8536606
seq-07/frame-000878,1,0.01041890,0.115700,1189,459,296,0.84,65.02,37.48,7.05,110.40,0.981684667,-0.000756640,-0.179720672,-0.063206985,0.6938612,-0.6367339,0.8568339
seq-07/frame-000879,1,0.01182080,0.278991,1297,517,348,0.85,76.83,47.14,8.71,133.54,0.982106154,-0.000452107,-0.178058567,-0.061338766,0.7141285,-0.6505509,0.8692366
seq-07/frame-000880,1,0.01510832,0.446765,1199,491,350,0.82,64.81,40.93,13.28,119.84,0.982595895,0.006584406,-0.174823260,-0.062440216,0.7238317,-0.6406819,0.8784866
seq-07/frame-000881,1,0.01511820,0.434111,1193,477,320,0.84,64.44,39.71,12.32,117.31,0.983223046,0.011360401,-0.170204350,-0.064605442,0.7330594,-0.6409521,0.8862400
seq-07/frame-000882,1,0.00922292,0.232982,1316,500,329,0.90,74.25,48.98,10.29,134.42,0.984087775,0.011420101,-0.165535732,-0.063551182,0.7407886,-0.6473231,0.8880517
seq-07/frame-000883,1,0.00863292,0.235556,1777,713,509,0.88,84.92,60.07,6.17,152.04,0.984449962,0.011499976,-0.163854289,-0.062271940,0.7494305,-0.6519204,0.8921498
seq-07/frame-000884,1,0.01033436,0.259122,1410,617,409,1.23,73.02,47.88,10.76,132.89,0.984650864,0.013113653,-0.162164874,-0.063192256,0.7568457,-0.6527159,0.8957130
seq-07/frame-000885,1,0.01239288,0.065742,1179,468,292,0.86,84.10,37.85,10.24,133.04,0.985281494,0.011088047,-0.158428114,-0.063229475,0.7672302,-0.6654703,0.8977640
seq-07/frame-000886,1,0.02104921,0.557259,1324,538,351,1.25,77.08,34.19,9.70,122.21,0.986073616,0.016230983,-0.154282367,-0.059936045,0.7753110,-0.6541995,0.9084554
seq-07/frame-000887,1,0.00647442,0.233094,1347,570,411,0.88,78.96,52.13,11.41,143.38,0.986371564,0.014109520,-0.153273313,-0.058132187,0.7842241,-0.6700005,0.9120057
seq-07/frame-000888,1,0.00930907,0.201879,952,407,269,1.02,71.21,26.69,7.73,106.64,0.986815216,0.014455740,-0.150465885,-0.057851349,0.7922503,-0.6692192,0.9124467
seq-07/frame-000889,1,0.01224142,0.396356,968,428,283,0.79,64.92,36.01,9.90,111.63,0.987467483,0.016117019,-0.145696255,-0.058487722,0.8027246,-0.6723832,0.9217241
seq-07/frame-000890,1,0.01065361,0.393935,1107,463,333,0.83,63.79,39.36,7.77,111.75,0.987684280,0.017229136,-0.143774275,-0.059261094,0.8154296,-0.6810247,0.9224895
seq-07/frame-000891,1,0.00805735,0.207392,1122,442,293,0.84,75.41,32.98,6.01,115.23,0.988160768,0.019329040,-0.140024637,-0.059647183,0.8232997,-0.6817589,0.9237260
seq-07/frame-000892,1,0.00656481,0.124634,975,397,252,0.85,58.76,35.65,9.77,105.02,0.988796837,0.017801474,-0.136102883,-0.058650890,0.8338638,-0.6933868,0.9244438
seq-07/frame-000893,1,0.00778763,0.214653,1087,450,292,0.83,70.79,57.25,6.36,135.24,0.989399276,0.017090880,-0.132844918,-0.056117759,0.8462626,-0.7022828,0.9290666
seq-07/frame-000894,1,0.00666935,0.237518,1347,562,402,0.86,91.62,39.10,8.85,140.44,0.989837507,0.017738843,-0.129911031,-0.055046953,0.8515901,-0.7043811,0.9264228
seq-07/frame-000895,1,0.00348072,0.170107,1469,633,451,0.87,82.51,63.93,6.43,153.74,0.989926287,0.018781131,-0.128749278,-0.055828650,0.8586857,-0.7047808,0.9300468
seq-07/frame-000896,1,0.01056261,0.190397,1157,528,368,1.08,78.06,55.36,11.23,145.73,0.990437742,0.017098136,-0.125244171,-0.055268705,0.8623171,-0.7095391,0.9226358
seq-07/frame-000897,1,0.01986760,0.582292,1209,534,378,0.84,82.58,33.88,7.64,124.94,0.990756538,0.012615332,-0.123653019,-0.054334768,0.8725724,-0.7255196,0.9246930
seq-07/frame-000898,1,0.00606621,0.115142,1264,590,432,0.82,76.62,52.01,10.70,140.16,0.990838522,0.017152131,-0.122243501,-0.054784610,0.8807330,-0.7169046,0.9357939
seq-07/frame-000899,1,0.01243299,0.379484,997,424,316,0.81,66.19,45.04,7.74,119.77,0.990839048,0.016398465,-0.122350657,-0.054766677,0.8996372,-0.7293909,0.9373616
seq-07/frame-000900,1,0.00855410,0.223297,1082,493,353,0.79,72.63,30.83,12.12,116.37,0.991339900,0.019572667,-0.117786884,-0.054665922,0.9031564,-0.7292470,0.9378499
seq-07/frame-000901,1,0.01464991,0.447127,1409,642,467,0.82,75.62,54.55,11.97,142.96,0.991567842,0.019634963,-0.116588841,-0.053053988,0.9136622,-0.7378489,0.9360774
seq-07/frame-000902,1,0.01946809,0.445754,1578,680,480,0.84,64.89,66.64,7.29,139.67,0.991967489,0.021924882,-0.112557985,-0.053390078,0.9110652,-0.7368634,0.9294590
seq-07/frame-000903,1,0.01761218,0.549846,1793,767,533,0.91,101.00,72.78,9.32,184.00,0.991625402,0.021145097,-0.115318579,-0.054162464,0.9258026,-0.7475484,0.9414182
seq-07/frame-000904,1,0.01930959,0.563659,1803,756,520,0.91,73.38,52.49,7.61,134.39,0.991603401,0.020629247,-0.115498180,-0.054381059,0.9321983,-0.7503038,0.9378353
seq-07/frame-000905,1,0.02830485,0.864463,1605,742,534,1.34,93.47,53.32,5.60,153.73,0.991550553,0.018024228,-0.116077857,-0.055032337,0.9393702,-0.7592292,0.9388946
seq-07/frame-000906,1,0.02511794,0.754683,1440,631,471,0.90,82.15,48.82,5.93,137.81,0.991565674,0.018549623,-0.115343710,-0.056118212,0.9483424,-0.7599694,0.9416719
seq-07/frame-000907,1,0.02558326,0.765996,1531,675,479,0.87,88.08,56.53,10.17,155.66,0.991419496,0.018490067,-0.115796370,-0.057764180,0.9627619,-0.7643512,0.9434942
seq-07/frame-000908,1,0.01588962,0.415769,1399,644,469,0.84,88.97,48.38,15.86,154.06,0.991534133,0.020682962,-0.114063310,-0.058496492,0.9687231,-0.7607928,0.9446798
seq-07/frame-000909,1,0.01954456,0.563818,1046,560,453,0.79,92.12,38.03,9.31,140.25,0.991418544,0.020637101,-0.114533787,-0.059543192,0.9831903,-0.7732176,0.9491750
seq-07/frame-000910,1,0.01517021,0.473200,963,525,419,0.80,62.12,24.05,9.76,96.73,0.991219953,0.025981800,-0.113722754,-0.062250195,0.9985317,-0.7702827,0.9515955
seq-07/frame-000911,1,0.01208668,0.380703,1402,634,453,0.84,87.76,51.53,7.56,147.70,0.991602744,0.026472552,-0.109928284,-0.062761244,0.9995752,-0.7784946,0.9460335
seq-07/frame-000912,1,0.01877881,0.571965,1465,668,489,0.84,79.71,51.52,6.97,139.04,0.991594855,0.025289327,-0.109023102,-0.064915771,1.0074024,-0.7898745,0.9465643
seq-07/frame-000913,1,0.01840168,0.615774,1107,621,494,0.80,66.21,42.28,9.65,118.95,0.991250874,0.026739539,-0.109707710,-0.068344127,1.0230623,-0.7975237,0.9550890
seq-07/frame-000914,1,0.01719468,0.564649,1005,590,469,0.81,59.38,36.94,10.65,107.78,0.991134068,0.030020963,-0.107593447,-0.071942000,1.0294105,-0.8053937,0.9540078
seq-07/frame-000915,1,0.01812788,0.569840,1048,605,485,0.80,74.88,32.38,9.99,118.05,0.991069133,0.032659828,-0.105481294,-0.074759655,1.0389184,-0.8130413,0.9512610
seq-07/frame-000916,1,0.01362913,0.452159,1085,668,538,0.82,67.80,33.03,10.39,112.04,0.991018429,0.036668672,-0.103131430,-0.076823114,1.0454873,-0.8142820,0.9500628
seq-07/frame-000917,1,0.02340934,0.751270,1028,572,456,0.79,76.78,33.42,7.81,118.81,0.990993021,0.036524659,-0.102326420,-0.078282094,1.0533456,-0.8343694,0.9550815
seq-07/frame-000918,1,0.01867779,0.600538,994,552,456,0.79,90.84,28.43,10.05,130.12,0.990890725,0.041100078,-0.100934972,-0.079110590,1.0615748,-0.8379926,0.9533568
seq-07/frame-000919,1,0.01479205,0.532807,1105,675,525,0.80,77.87,34.26,6.38,119.31,0.990829597,0.045100419,-0.099062079,-0.080058517,1.0688597,-0.8413865,0.9501564
seq-07/frame-000920,1,0.01723553,0.566923,1606,736,540,0.85,91.32,44.69,14.82,151.69,0.991177767,0.044951462,-0.095009227,-0.080741853,1.0639225,-0.8534023,0.9422536
seq-07/frame-000921,1,0.01005829,0.402720,1348,748,591,0.83,79.40,56.47,8.11,144.81,0.990746214,0.047960542,-0.095789333,-0.083343449,1.0727714,-0.8576193,0.9467145
seq-07/frame-000922,1,0.01420861,0.506134,1226,722,580,0.82,76.14,42.78,9.93,129.68,0.990522480,0.049336033,-0.094783180,-0.086297865,1.0752170,-0.8729139,0.9434490
seq-07/frame-000923,1,0.01782363,0.597850,1191,671,528,1.33,84.60,35.88,6.79,128.59,0.990391667,0.051256241,-0.092562969,-0.089046280,1.0745149,-0.8845326,0.9402341
seq-07/frame-000924,1,0.00880223,0.347788,1282,744,599,0.82,81.67,48.04,10.44,140.98,0.989938973,0.055405141,-0.092153772,-0.091971639,1.0846421,-0.8886161,0.9412967
seq-07/frame-000925,1,0.01079278,0.373553,1376,714,565,1.09,94.51,55.28,5.90,156.78,0.989691168,0.056783161,-0.091941843,-0.093988101,1.0876168,-0.9016194,0.9377194
seq-07/frame-000926,1,0.01365115,0.393909,1439,814,646,0.84,82.51,46.92,9.26,139.53,0.989414299,0.059095750,-0.090319039,-0.097002621,1.0837597,-0.9097048,0.9366183
seq-07/frame-000927,1,0.01103277,0.390057,1291,734,592,0.84,82.05,49.04,7.44,139.38,0.988879327,0.061777232,-0.091123460,-0.099988823,1.0920055,-0.9192731,0.9370727
seq-07/frame-000928,1,0.00883081,0.329443,1156,640,534,0.83,80.84,39.90,17.52,139.08,0.988554407,0.065138389,-0.089791327,-0.102248192,1.0943814,-0.9306165,0.9378449
seq-07/frame-000929,1,0.00576077,0.259634,1143,564,444,0.82,65.14,49.94,14.59,130.51,0.988162883,0.069889163,-0.088691532,-0.103843310,1.0979109,-0.9404662,0.9395033
seq-07/frame-000930,1,0.00282117,0.220911,1146,590,472,0.82,76.93,35.15,9.80,122.69,0.988002288,0.075141073,-0.086038253,-0.103936124,1.0960978,-0.9455866,0.9348749
seq-07/frame-000931,1,0.00364898,0.133753,1031,524,405,0.79,77.40,43.78,5.63,127.60,0.987590116,0.080378165,-0.083730632,-0.105803093,1.0982333,-0.9545526,0.9358410
seq-07/frame-000932,1,0.00827473,0.326832,1213,635,501,0.82,68.91,30.76,8.33,108.81,0.987286991,0.083635326,-0.082642497,-0.106956758,1.1080414,-0.9678506,0.9309295
seq-07/frame-000933,1,0.00874975,0.221759,1437,797,638,0.85,79.02,49.18,9.56,138.61,0.987405095,0.085895556,-0.077892474,-0.107637792,1.0988074,-0.9740861,0.9245376
seq-07/frame-000934,1,0.00966979,0.322415,1433,794,632,2.22,99.47,48.08,9.56,159.32,0.986983312,0.087683042,-0.077820968,-0.110088703,1.1026140,-0.9856665,0.9242517
seq-07/frame-000935,1,0.01052323,0.292670,1410,716,562,0.85,63.93,49.01,14.14,127.93,0.986283119,0.090605524,-0.076215983,-0.115010317,1.1015182,-0.9942340,0.9232444
seq-07/frame-000936,1,0.00814499,0.227899,1290,721,569,0.82,70.59,47.17,16.37,134.96,0.985389703,0.094292225,-0.075959324,-0.119775998,1.1090760,-1.0009109,0.9206162
seq-07/frame-000937,1,0.01232844,0.429668,1381,684,536,0.83,109.36,57.72,13.08,181.00,0.985012987,0.095434701,-0.072924571,-0.123788689,1.1064372,-1.0143370,0.9165937
seq-07/frame-000938,1,0.01664163,0.447024,1516,750,585,1.08,108.73,62.76,11.62,184.20,0.984759004,0.096778553,-0.067833114,-0.127602052,1.0967246,-1.0191325,0.9097046
seq-07/frame-000939,1,0.01146023,0.306762,1239,616,482,0.80,94.96,49.75,10.83,156.35,0.984166562,0.098882829,-0.066233611,-0.131344866,1.1008520,-1.0293586,0.9135872
seq-07/frame-000940,1,0.01041724,0.291283,1168,583,433,0.80,69.22,45.45,14.45,129.93,0.983546187,0.102955117,-0.063012301,-0.134412020,1.0954561,-1.0437691,0.9146159
seq-07/frame-000941,1,0.00790787,0.179097,1329,738,582,0.83,96.63,55.42,8.67,161.55,0.982920874,0.107567060,-0.062732502,-0.135500981,1.1021434,-1.0482243,0.9046672
seq-07/frame-000942,1,0.00924279,0.359131,1194,606,459,2.22,82.91,51.23,11.49,147.86,0.982351069,0.109786875,-0.062336255,-0.138012358,1.1049155,-1.0620741,0.9057656
seq-07/frame-000943,1,0.01112962,0.384012,1147,573,443,0.91,73.34,51.97,14.24,140.46,0.981599074,0.113386866,-0.059966740,-0.141459065,1.1005581,-1.0768894,0.9033287
seq-07/frame-000944,1,0.01534490,0.390860,1133,639,512,0.83,74.67,42.36,12.22,130.08,0.980720090,0.118430068,-0.054921684,-0.145416753,1.0925510,-1.0816076,0.8913187
seq-07/frame-000945,1,0.01326588,0.313691,1111,560,424,0.97,71.83,41.32,9.81,123.93,0.979747414,0.123722940,-0.051526688,-0.148770425,1.0899137,-1.0866947,0.8908322
seq-07/frame-000946,1,0.02010187,0.634574,1094,539,409,0.90,73.70,44.03,6.73,125.37,0.978939992,0.124917607,-0.051440409,-0.153055442,1.0930365,-1.1124102,0.8861898
seq-07/frame-000947,1,0.02409193,0.714631,1075,543,403,0.81,81.38,39.66,5.97,127.82,0.977800018,0.129284055,-0.046916007,-0.158087466,1.0830330,-1.1203718,0.8792152
seq-07/frame-000948,1,0.01688635,0.455758,996,455,345,0.90,71.40,29.13,11.23,112.66,0.976069975,0.136868607,-0.042505074,-0.163547264,1.0824801,-1.1170000,0.8759143
seq-07/frame-000949,1,0.01499538,0.356079,1130,512,366,0.84,73.04,30.57,8.49,112.94,0.975213994,0.140409766,-0.038584820,-0.166595243,1.0780191,-1.1282197,0.8744136
seq-07/frame-000950,1,0.01514545,0.454596,930,414,298,1.06,72.25,43.59,10.71,127.62,0.974268500,0.144459382,-0.037965048,-0.168792869,1.0764391,-1.1452211,0.8731558
seq-07/frame-000951,1,0.01874965,0.442081,770,320,215,0.78,69.78,26.99,9.48,107.04,0.971847568,0.154065046,-0.034215402,-0.174944482,1.0719567,-1.1470632,0.8667236
seq-07/frame-000952,1,0.04327181,1.213847,620,225,129,3.18,63.38,31.18,6.96,104.70,0.970209619,0.159338469,-0.025727129,-0.180672805,1.0589342,-1.1721040,0.8560993
seq-07/frame-000953,1,0.01607473,0.427828,811,410,301,0.79,72.24,26.37,10.76,110.16,0.968477819,0.171925249,-0.024269069,-0.178615327,1.0814908,-1.1679890,0.8424756
seq-07/frame-000954,1,0.01342845,0.464622,909,415,298,0.91,62.31,29.13,17.54,109.89,0.967899606,0.176121009,-0.022452741,-0.177897771,1.0798372,-1.1772900,0.8408063
seq-07/frame-000955,1,0.02939941,0.794026,882,442,304,0.81,70.46,25.21,6.25,102.73,0.966289157,0.179803254,-0.007359567,-0.184124664,1.0532466,-1.1886560,0.8223008
seq-07/frame-000956,1,0.01502343,0.421950,1066,576,446,1.20,75.80,45.66,8.25,130.91,0.964965514,0.181099443,-0.006165381,-0.189753886,1.0642885,-1.1973979,0.8250552
seq-07/frame-000957,1,0.02393745,0.586740,880,439,332,0.79,77.81,48.88,10.29,137.76,0.963404995,0.186351091,-0.001841560,-0.192667317,1.0426176,-1.1955357,0.8253601
seq-07/frame-000958,1,0.02794504,0.818053,1222,610,456,0.80,60.07,52.53,9.96,123.38,0.962788474,0.187778377,-0.001688506,-0.194357361,1.0461749,-1.2057537,0.8128994
seq-07/frame-000959,1,0.02375319,0.603957,1233,627,478,0.91,79.18,53.23,11.34,144.66,0.960690399,0.193053640,-0.000312737,-0.199509777,1.0426003,-1.2143620,0.8075722
seq-07/frame-000960,1,0.02585222,0.631010,934,513,413,1.06,68.18,39.53,12.41,121.18,0.959510714,0.195423777,0.000239686,-0.202851373,1.0351408,-1.2172696,0.8034866
seq-07/frame-000961,1,0.02650263,0.633182,838,457,351,0.78,66.95,26.45,15.48,109.67,0.958036127,0.198586885,-0.000512901,-0.206711793,1.0365061,-1.2266195,0.7987369
seq-07/frame-000962,1,0.00906380,0.251767,986,452,343,0.79,60.13,44.25,6.22,111.39,0.954385950,0.207217948,0.000104051,-0.214960858,1.0398267,-1.2368107,0.7976140
seq-07/frame-000963,1,0.01966932,0.583262,1073,516,362,0.80,60.20,47.67,12.31,120.98,0.954327069,0.206907068,0.002785681,-0.215503017,1.0258609,-1.2442151,0.7912046
seq-07/frame-000964,1,0.01347010,0.324853,864,452,347,0.78,52.89,52.32,5.98,111.97,0.952543988,0.211396402,0.000966307,-0.219021868,1.0249760,-1.2419847,0.7941148
seq-07/frame-000965,1,0.02576874,0.739031,870,456,342,0.78,54.52,41.28,8.49,105.07,0.951225639,0.213405469,0.004197034,-0.222733641,1.0088887,-1.2478476,0.7867907
seq-07/frame-000966,1,0.01475330,0.412455,825,453,347,0.76,71.79,30.64,17.60,120.80,0.949933290,0.217700447,-0.000525393,-0.224127159,1.0072265,-1.2575654,0.7814483
seq-07/frame-000967,1,0.01257905,0.357278,920,493,386,0.77,61.32,29.52,7.95,99.56,0.948625998,0.220330786,-0.003162869,-0.227052983,1.0081547,-1.2616180,0.7827050
seq-07/frame-000968,1,0.01365900,0.370768,901,493,382,0.77,62.69,26.04,20.44,109.94,0.947413647,0.223912956,-0.002448602,-0.228614028,0.9994394,-1.2575033,0.7856215
seq-07/frame-000969,1,0.01314427,0.253156,1090,505,370,0.81,74.02,54.74,11.95,141.52,0.945801284,0.226409670,-0.005605537,-0.232738417,0.9935596,-1.2551319,0.7755492
seq-07/frame-000970,1,0.01427241,0.323280,909,426,302,0.79,69.51,21.15,7.23,98.67,0.945269895,0.226822947,-0.006850827,-0.234455204,0.9862652,-1.2597945,0.7808583
seq-07/frame-000971,1,0.01351032,0.251904,747,359,239,0.78,66.21,16.29,10.70,93.98,0.945364249,0.227130978,-0.009253174,-0.233692820,0.9814351,-1.2598566,0.7771510
seq-07/frame-000972,1,0.01387455,0.382286,746,381,280,0.75,69.70,35.70,8.99,115.14,0.944703156,0.229307281,-0.019484102,-0.233611832,0.9882544,-1.2673180,0.7840859
seq-07/frame-000973,1,0.02860770,0.751565,660,334,249,0.76,59.42,21.98,6.31,88.47,0.944820920,0.231217967,-0.013265819,-0.231680164,0.9440770,-1.2570128,0.7836788
seq-07/frame-000974,1,0.01224518,0.234170,676,321,222,0.75,52.39,22.90,6.38,82.43,0.945059005,0.233415834,-0.022314379,-0.227777510,0.9613776,-1.2545025,0.7844246
seq-07/frame-000975,1,0.00744828,0.216765,733,381,258,0.75,54.16,22.76,13.78,91.45,0.945640232,0.233664378,-0.032645365,-0.223829826,0.9618087,-1.2640189,0.7853293
seq-07/frame-000976,1,0.00929135,0.043181,708,337,221,0.75,54.54,27.50,6.29,89.09,0.945643919,0.234127791,-0.035370692,-0.222914042,0.9585219,-1.2616565,0.7837551
seq-07/frame-000977,1,0.01649314,0.376124,679,309,215,0.74,56.11,21.30,12.52,90.67,0.946083697,0.234172517,-0.036570214,-0.220797396,0.9377360,-1.2586280,0.7876385
seq-07/frame-000978,1,0.01546351,0.381927,724,348,232,0.74,60.35,26.35,13.70,101.14,0.945569263,0.234578287,-0.042992024,-0.221412473,0.9269235,-1.2656525,0.7902250
seq-07/frame-000979,1,0.01058671,0.236697,636,283,188,1.23,61.22,14.52,11.58,88.55,0.945860728,0.234919603,-0.048440352,-0.218663659,0.9223043,-1.2664583,0.7864959
seq-07/frame-000980,1,0.01607518,0.381644,625,278,193,0.76,53.61,19.82,17.51,91.70,0.945994055,0.235469288,-0.052853472,-0.216462407,0.9127608,-1.2651360,0.7877429
seq-07/frame-000981,1,0.01056892,0.212045,713,311,197,0.76,53.44,29.61,12.44,96.27,0.945512611,0.235867340,-0.059683424,-0.216357087,0.9130579,-1.2710453,0.7988555
seq-07/frame-000982,1,0.02839923,0.757230,594,261,156,0.75,53.42,14.02,8.93,77.12,0.946344548,0.236918967,-0.065299591,-0.209850809,0.8744791,-1.2628704,0.7910337
seq-07/frame-000983,1,0.01843208,0.470677,540,243,156,0.72,54.97,16.18,7.08,78.96,0.945940990,0.237394987,-0.074674966,-0.207997387,0.8792860,-1.2725349,0.7892854
seq-07/frame-000984,1,0.01060504,0.096401,683,305,201,0.81,52.13,24.44,11.02,88.40,0.945364703,0.236946699,-0.080559383,-0.208930672,0.8709841,-1.2811918,0.7851327
seq-07/frame-000985,1,0.00778128,0.128726,615,285,178,0.73,54.90,32.69,15.66,103.99,0.945703659,0.236444745,-0.085968902,-0.205785860,0.8644602,-1.2864933,0.7869839
seq-07/frame-000986,1,0.01379828,0.214348,647,308,183,0.75,53.11,16.57,13.25,83.67,0.945903132,0.235761210,-0.099674440,-0.199371316,0.8494192,-1.2881237,0.7799017
seq-07/frame-000987,1,0.01563370,0.141431,596,264,143,0.74,61.02,20.58,4.80,87.15,0.946540183,0.235881455,-0.103097371,-0.194403069,0.8318131,-1.2871869,0.7797170
seq-07/frame-000988,1,0.01187376,0.170788,644,266,142,0.74,62.91,21.60,11.75,97.00,0.946279859,0.236173577,-0.110597740,-0.191166444,0.8172914,-1.2903016,0.7836531
seq-07/frame-000989,1,0.00912396,0.182313,907,332,215,0.76,63.40,36.61,12.27,113.05,0.945150848,0.238361254,-0.116635541,-0.190446677,0.8170821,-1.2856579,0.7906500
seq-07/frame-000990,1,0.01628551,0.325697,745,303,189,1.02,61.09,23.28,8.34,93.74,0.945267611,0.235179471,-0.119276280,-0.192179420,0.7891796,-1.3001937,0.7809520
seq-07/frame-000991,1,0.00823972,0.190731,690,301,185,0.76,66.51,29.44,10.30,107.00,0.944843616,0.235565994,-0.123758778,-0.190952793,0.7745404,-1.2928589,0.7862931
seq-07/frame-000992,1,0.01095882,0.300052,724,309,195,0.75,64.65,27.85,6.88,100.13,0.945803837,0.234309348,-0.125879092,-0.186302672,0.7549239,-1.2898575,0.7827557
seq-07/frame-000993,1,0.01403863,0.113902,701,267,151,0.75,55.56,27.23,7.45,90.99,0.945618582,0.235081111,-0.132975666,-0.181272835,0.7486453,-1.2903493,0.7811717
seq-07/frame-000994,1,0.02148310,0.555299,745,289,178,0.76,56.35,19.94,13.92,90.97,0.945740633,0.231954374,-0.140147425,-0.179249891,0.7451633,-1.3028299,0.7828111
seq-07/frame-000995,1,0.00960212,0.287999,762,272,165,0.76,61.39,20.00,6.55,88.71,0.945540336,0.235935682,-0.140003787,-0.175176387,0.7194216,-1.2787891,0.7892364
seq-07/frame-000996,1,0.01364989,0.397933,777,321,183,0.76,56.84,16.45,7.98,82.04,0.944952063,0.236505465,-0.145755166,-0.172876242,0.7085726,-1.2767590,0.7988086
seq-07/frame-000997,1,0.00888781,0.322727,846,280,138,0.76,54.48,17.11,6.36,78.72,0.943866693,0.236490174,-0.153674676,-0.171965570,0.6790537,-1.2799454,0.7937022
seq-07/frame-000998,1,0.01524517,0.104127,820,319,195,0.75,51.53,15.59,12.19,80.07,0.943349025,0.234588938,-0.161295077,-0.170424603,0.6810817,-1.2770270,0.7830393
seq-07/frame-000999,1,0.01134258,0.197220,871,351,190,0.76,51.51,15.43,7.38,75.08,0.943124955,0.234448419,-0.167066276,-0.166247160,0.6689079,-1.2792307,0.7976985
