frame,ok,trans_err_m,rot_err_deg,keypoints,matches,inliers,ms_decode,ms_extract,ms_match,ms_pose,ms_total,qw,qx,qy,qz,tx,ty,tz
seq-03/frame-000000,1,0.00947879,0.056119,1805,960,783,0.94,128.68,113.85,6.97,250.44,0.950996218,0.157344191,-0.244187354,-0.105931747,-0.8628858,0.1238594,-0.1392918
seq-03/frame-000001,1,0.01106547,0.070821,1874,989,781,1.79,126.71,118.35,6.78,253.64,0.950979179,0.157653783,-0.245068784,-0.103562427,-0.8634500,0.1231703,-0.1382012
seq-03/frame-000002,1,0.01174683,0.119309,1797,991,780,1.03,116.13,103.67,8.95,229.78,0.951198766,0.156878332,-0.244088908,-0.105027144,-0.8700522,0.1194496,-0.1399635
seq-03/frame-000003,1,0.01279041,0.155392,1807,962,739,1.11,139.50,109.27,15.42,265.30,0.951062108,0.157055561,-0.244819534,-0.104296760,-0.8723165,0.1173009,-0.1401651
seq-03/frame-000004,1,0.01141598,0.097914,1794,925,766,0.95,109.97,114.15,15.46,240.54,0.950763499,0.157483899,-0.245281992,-0.105282164,-0.8729362,0.1192891,-0.1390247
seq-03/frame-000005,1,0.00913567,0.130292,1859,986,803,1.58,130.10,100.87,16.74,249.30,0.950803797,0.157640198,-0.244575981,-0.106321667,-0.8783062,0.1164256,-0.1360347
seq-03/frame-000006,1,0.01363418,0.128626,1868,1011,815,0.95,125.72,98.70,16.03,241.39,0.950578378,0.158250373,-0.244993226,-0.106470113,-0.8777727,0.1166365,-0.1399393
seq-03/frame-000007,1,0.00794080,0.105473,1839,985,799,1.52,126.45,122.88,9.47,260.32,0.950403664,0.158333216,-0.245280241,-0.107243049,-0.8823455,0.1161641,-0.1321386
seq-03/frame-000008,1,0.01089235,0.120487,1795,949,760,0.97,113.33,123.36,13.43,251.08,0.950311004,0.158455583,-0.245306621,-0.107821546,-0.8835220,0.1157701,-0.1351707
seq-03/frame-000009,1,0.01096857,0.192570,1837,946,785,1.30,125.53,125.17,12.16,264.16,0.950373817,0.157689643,-0.245207623,-0.108613103,-0.8924253,0.1110954,-0.1322578
seq-03/frame-000010,1,0.01041977,0.133521,1844,995,803,0.94,125.91,86.06,11.86,224.78,0.950332947,0.157885547,-0.245470720,-0.108090559,-0.8915702,0.1155448,-0.1322884
seq-03/frame-000011,1,0.01223849,0.300556,1862,1007,808,0.98,130.48,78.12,9.53,219.11,0.950701821,0.156411441,-0.244576982,-0.109011966,-0.9021188,0.1079074,-0.1296281
seq-03/frame-000012,1,0.00961883,0.046990,1901,1020,816,0.94,126.11,94.51,12.17,233.73,0.950248373,0.157541768,-0.246098206,-0.107908731,-0.9009024,0.1127865,-0.1233912
seq-03/frame-000013,1,0.00812148,0.145835,1804,971,780,1.61,112.89,76.70,7.08,198.28,0.950552534,0.157168401,-0.244952455,-0.108380206,-0.9060108,0.1096715,-0.1240671
seq-03/frame-000014,1,0.01067107,0.203870,1874,1021,830,0.93,106.54,90.77,13.06,211.30,0.950791776,0.156384103,-0.244751929,-0.107867992,-0.9099215,0.1064809,-0.1208618
seq-03/frame-000015,1,0.01345066,0.151090,1837,1006,791,1.02,96.15,77.90,10.27,185.35,0.950807375,0.156763858,-0.244741081,-0.107201830,-0.9112790,0.1041344,-0.1179156
seq-03/frame-000016,1,0.01049344,0.136156,1817,989,789,0.94,113.79,82.95,6.85,204.53,0.950989280,0.156935219,-0.243975764,-0.107081992,-0.9164825,0.1039814,-0.1130977
seq-03/frame-000017,1,0.00828100,0.173114,1764,992,799,1.40,113.69,76.42,13.74,205.26,0.951187771,0.156848850,-0.243720873,-0.106020749,-0.9262597,0.0999741,-0.1067926
seq-03/frame-000018,1,0.01089805,0.129903,1807,1008,796,1.81,121.00,95.71,8.92,227.44,0.950519714,0.158812294,-0.245725873,-0.104449624,-0.9238122,0.0982706,-0.1023038
seq-03/frame-000019,1,0.00839672,0.162566,1811,974,793,0.89,123.81,92.82,6.71,224.23,0.950866090,0.158528928,-0.245053745,-0.103300142,-0.9334147,0.0959368,-0.0952422
seq-03/frame-000020,1,0.01735697,0.334704,1466,898,754,2.94,96.60,47.62,11.15,158.32,0.951040900,0.158293953,-0.244743355,-0.102785800,-0.9480117,0.0903494,-0.0972702
seq-03/frame-000021,1,0.00592917,0.085241,1810,1001,805,0.93,104.01,82.51,11.38,198.82,0.949760553,0.161701648,-0.248311738,-0.100741006,-0.9493133,0.0909826,-0.0821134
seq-03/frame-000022,1,0.01080003,0.210470,1765,1013,810,0.89,115.33,94.59,7.23,218.05,0.949775134,0.161538382,-0.248183073,-0.101181563,-0.9563444,0.0896673,-0.0828605
seq-03/frame-000023,1,0.01224607,0.232406,1320,801,635,0.84,103.49,51.82,8.31,164.46,0.949674924,0.161506152,-0.249031495,-0.100083047,-0.9691467,0.0871834,-0.0778647
seq-03/frame-000024,1,0.01255772,0.147553,1846,995,783,0.89,120.20,80.29,12.88,214.25,0.948064471,0.163874816,-0.253357545,-0.100641728,-0.9723821,0.0857926,-0.0717328
seq-03/frame-000025,1,0.01749287,0.247654,1706,926,736,0.89,97.97,81.17,9.87,189.90,0.947709094,0.163760735,-0.254411979,-0.101510791,-0.9712589,0.0732737,-0.0638435
seq-03/frame-000026,1,0.01843109,0.132185,1492,893,727,0.83,88.16,54.06,9.29,152.34,0.947348470,0.166396698,-0.254595415,-0.100120880,-0.9760056,0.0827465,-0.0651336
seq-03/frame-000027,1,0.01485216,0.309343,1629,942,761,0.88,89.86,80.80,13.36,184.91,0.947333176,0.166884459,-0.256785544,-0.093651565,-0.9962035,0.0778954,-0.0594624
seq-03/frame-000028,1,0.01578308,0.144547,1689,949,745,0.90,93.28,81.00,9.35,184.52,0.947189289,0.165834213,-0.258982511,-0.090881921,-0.9873302,0.0797103,-0.0574781
seq-03/frame-000029,1,0.00873215,0.171675,1729,943,748,0.89,107.48,106.31,12.69,227.38,0.947881539,0.165141411,-0.257504394,-0.089108869,-0.9982868,0.0754820,-0.0469036
seq-03/frame-000030,1,0.00931757,0.149496,1687,957,765,0.90,97.57,66.29,9.05,173.82,0.948035086,0.164031431,-0.258038438,-0.087973466,-0.9920348,0.0684144,-0.0365115
seq-03/frame-000031,1,0.01485153,0.297316,1661,946,758,1.37,92.55,77.71,8.50,180.13,0.948761206,0.161989483,-0.256514135,-0.088385972,-0.9944556,0.0554985,-0.0357072
seq-03/frame-000032,1,0.00905975,0.079935,1712,992,778,0.95,94.06,64.68,13.26,172.95,0.948928173,0.163543277,-0.255195635,-0.087544885,-0.9957403,0.0628408,-0.0302284
seq-03/frame-000033,1,0.01018833,0.155163,1703,979,770,0.90,110.01,88.04,7.95,206.89,0.949552943,0.161882286,-0.253985422,-0.087376998,-0.9990544,0.0560076,-0.0209158
seq-03/frame-000034,1,0.00848135,0.188654,1679,990,789,2.13,90.67,68.93,6.48,168.21,0.949981380,0.160924067,-0.252729616,-0.088128103,-0.9992262,0.0509330,-0.0154301
seq-03/frame-000035,1,0.01122777,0.181212,1736,971,773,2.24,95.84,77.21,12.66,187.95,0.950277765,0.160851590,-0.251519999,-0.088524714,-1.0016377,0.0529997,-0.0123908
seq-03/frame-000036,1,0.01161841,0.278468,1662,973,794,1.00,87.27,57.60,7.76,153.63,0.950274609,0.161089361,-0.250928517,-0.089795685,-1.0116868,0.0504408,-0.0045064
seq-03/frame-000037,1,0.01155655,0.249388,1629,926,751,2.23,98.74,70.07,7.66,178.70,0.949791495,0.161794419,-0.250601252,-0.094433540,-1.0076846,0.0381256,0.0074407
seq-03/frame-000038,1,0.01311749,0.260844,1500,861,692,0.89,90.39,68.65,11.34,171.27,0.949505268,0.164041316,-0.249817982,-0.095504808,-1.0153395,0.0407222,0.0111206
seq-03/frame-000039,1,0.01350450,0.191653,1423,821,687,0.83,88.81,67.82,7.18,164.64,0.948483171,0.166069026,-0.253202824,-0.093215254,-1.0113737,0.0369460,0.0202248
seq-03/frame-000040,1,0.01569766,0.252634,1663,950,771,0.89,73.36,82.76,19.01,176.02,0.947591049,0.166791202,-0.255976858,-0.093422414,-1.0032657,0.0311353,0.0238841
seq-03/frame-000041,1,0.00917909,0.200656,1663,948,762,1.02,89.83,84.15,8.34,183.35,0.947495303,0.167038293,-0.255736452,-0.094602995,-1.0095780,0.0347820,0.0320573
seq-03/frame-000042,1,0.01001707,0.156947,1581,910,740,0.84,110.28,80.23,6.38,197.73,0.947255325,0.168410241,-0.256135918,-0.093486534,-1.0091006,0.0206726,0.0503387
seq-03/frame-000043,1,0.00488227,0.114954,1233,737,611,0.82,85.34,55.36,6.58,148.10,0.947359757,0.170107804,-0.255753597,-0.090348894,-1.0199639,0.0206861,0.0620706
seq-03/frame-000044,1,0.01398360,0.233252,1205,754,632,0.79,68.66,47.00,8.48,124.94,0.945824174,0.171673865,-0.260750333,-0.089185081,-1.0137435,0.0148355,0.0677141
seq-03/frame-000045,1,0.00889303,0.087491,1441,880,740,0.83,92.01,58.53,8.57,159.95,0.944688366,0.174252841,-0.263617531,-0.087781748,-1.0100655,0.0165047,0.0786797
seq-03/frame-000046,1,0.00833492,0.109289,1522,920,752,0.87,87.18,60.63,25.45,174.13,0.944639966,0.173917908,-0.263748603,-0.088569576,-1.0069257,0.0063239,0.0841259
seq-03/frame-000047,1,0.00554125,0.149239,1552,922,782,0.86,97.72,72.14,10.61,181.34,0.944729630,0.174504300,-0.263588981,-0.086919647,-1.0121910,0.0110787,0.0983459
seq-03/frame-000048,1,0.00774007,0.244269,1364,883,744,0.84,91.48,70.05,12.63,175.01,0.944780131,0.173045726,-0.264507414,-0.086495712,-1.0209898,0.0009801,0.1061989
seq-03/frame-000049,1,0.00835440,0.220413,1436,886,757,1.16,84.09,53.82,7.90,146.97,0.943795672,0.171225425,-0.268645806,-0.088096620,-1.0070516,-0.0148000,0.1211416
seq-03/frame-000050,1,0.00479391,0.121215,1474,983,835,1.29,91.88,61.06,6.85,161.07,0.943940040,0.171493099,-0.267522521,-0.089437227,-1.0122261,-0.0172124,0.1343817
seq-03/frame-000051,1,0.00594457,0.163735,1417,931,777,0.84,83.37,56.03,12.89,153.14,0.943804959,0.171728783,-0.268658425,-0.086971690,-1.0153259,-0.0163044,0.1436749
seq-03/frame-000052,1,0.00818631,0.267763,1434,928,775,0.84,106.73,53.91,9.81,171.30,0.943391250,0.169655903,-0.271911275,-0.085405400,-1.0177594,-0.0233499,0.1539600
seq-03/frame-000053,1,0.00979022,0.144723,1583,964,785,0.89,77.47,70.19,8.04,156.60,0.942537933,0.168416365,-0.275968986,-0.084257294,-1.0061962,-0.0301229,0.1650124
seq-03/frame-000054,1,0.01031046,0.210061,1498,964,807,0.85,82.78,62.33,25.35,171.33,0.942473688,0.167457814,-0.276346028,-0.085639365,-1.0065200,-0.0393222,0.1739536
seq-03/frame-000055,1,0.01201677,0.118812,1519,949,785,0.88,86.66,81.34,18.59,187.48,0.941824823,0.169263245,-0.277110978,-0.086749427,-1.0039781,-0.0365037,0.1854542
seq-03/frame-000056,1,0.00540859,0.168499,1554,1050,870,0.84,72.71,64.52,9.73,147.81,0.941863501,0.168997139,-0.277003853,-0.087189324,-1.0155807,-0.0441901,0.1953875
seq-03/frame-000057,1,0.00329477,0.127213,1393,915,763,1.09,80.65,66.74,11.05,159.53,0.941030337,0.169845815,-0.279397732,-0.086897706,-1.0200577,-0.0477052,0.2076810
seq-03/frame-000058,1,0.00905660,0.169591,1536,991,834,0.86,88.35,83.33,8.29,180.83,0.940145074,0.169643826,-0.282446587,-0.087018026,-1.0112684,-0.0540674,0.2110534
seq-03/frame-000059,1,0.00987648,0.156785,1576,1065,881,0.86,77.89,71.30,16.99,167.04,0.939667377,0.169220496,-0.284241381,-0.087157794,-1.0088523,-0.0585389,0.2217027
seq-03/frame-000060,1,0.00745404,0.223902,1233,826,691,0.82,75.14,49.52,14.15,139.64,0.939660149,0.169223942,-0.284474722,-0.086464985,-1.0266331,-0.0621843,0.2315057
seq-03/frame-000061,1,0.00659129,0.212846,1253,803,671,0.81,73.25,63.43,7.08,144.56,0.938059195,0.169528265,-0.289515205,-0.086522023,-1.0217564,-0.0684597,0.2414676
seq-03/frame-000062,1,0.00922486,0.266042,1646,1046,881,0.87,83.67,86.46,6.59,177.58,0.936792380,0.169724775,-0.292653311,-0.089261290,-1.0176970,-0.0760974,0.2482684
seq-03/frame-000063,1,0.00263020,0.073972,1499,960,819,0.87,77.07,63.19,9.79,150.92,0.935943613,0.170500270,-0.293778336,-0.092916628,-1.0140519,-0.0799715,0.2602308
seq-03/frame-000064,1,0.00916464,0.125733,1477,895,751,0.84,93.50,71.36,14.29,179.99,0.935618415,0.171657420,-0.293107188,-0.096125377,-1.0127932,-0.0865647,0.2648967
seq-03/frame-000065,1,0.00665913,0.113653,1357,888,738,0.81,73.66,65.31,8.35,148.12,0.935496092,0.172965717,-0.292406166,-0.097100758,-1.0067505,-0.0852233,0.2713595
seq-03/frame-000066,1,0.00489065,0.099103,1393,889,737,0.83,68.66,52.87,6.14,128.50,0.936395701,0.171271513,-0.290205231,-0.098031036,-1.0116820,-0.0861818,0.2804793
seq-03/frame-000067,1,0.00625219,0.189662,1605,969,792,0.87,84.87,69.48,10.00,165.23,0.937078817,0.169071315,-0.289703665,-0.096798596,-1.0204900,-0.0904379,0.2860445
seq-03/frame-000068,1,0.01002170,0.136629,1523,932,786,0.85,82.01,71.75,12.08,166.69,0.936744193,0.167473391,-0.292138652,-0.095488157,-1.0105197,-0.0957399,0.2933598
seq-03/frame-000069,1,0.00377938,0.115319,1439,884,750,0.80,73.14,69.98,10.00,153.93,0.937260465,0.167086449,-0.290561403,-0.095911475,-1.0120533,-0.0947560,0.3002129
seq-03/frame-000070,1,0.00710893,0.221943,1517,932,789,0.80,80.69,56.70,7.37,145.56,0.938206836,0.165789899,-0.287751557,-0.097368805,-1.0193203,-0.0928228,0.3111060
seq-03/frame-000071,1,0.00346258,0.112345,1571,1009,835,0.80,92.22,65.70,9.79,168.52,0.938776964,0.163433684,-0.287358588,-0.097016933,-1.0178638,-0.0978854,0.3203345
seq-03/frame-000072,1,0.00606510,0.063357,1492,925,781,0.82,74.33,61.00,6.24,142.40,0.939261955,0.161374960,-0.287140899,-0.096411656,-1.0119143,-0.0990124,0.3255888
seq-03/frame-000073,1,0.00463644,0.058422,1551,961,788,0.82,100.20,62.98,7.48,171.47,0.940306461,0.158447319,-0.285430676,-0.096164105,-1.0155634,-0.1027846,0.3341604
seq-03/frame-000074,1,0.00290630,0.110550,1686,1031,875,0.85,75.88,67.40,5.86,149.98,0.941242954,0.156021268,-0.283563994,-0.096491074,-1.0213887,-0.1092852,0.3411644
seq-03/frame-000075,1,0.00588818,0.086914,1663,995,820,0.83,130.24,63.38,11.57,206.02,0.941998406,0.155445264,-0.281813183,-0.095168812,-1.0209650,-0.1121663,0.3460822
seq-03/frame-000076,1,0.00589256,0.138871,1568,970,807,0.80,80.30,83.42,15.07,179.59,0.942619089,0.154990067,-0.280206751,-0.094506663,-1.0224790,-0.1087640,0.3579601
seq-03/frame-000077,1,0.00397957,0.072493,1744,1048,866,0.85,89.92,67.47,9.02,167.26,0.943712534,0.151728652,-0.277792182,-0.096002983,-1.0264087,-0.1199053,0.3630207
seq-03/frame-000078,1,0.00297571,0.152727,1712,1037,867,0.91,109.59,74.04,13.74,198.28,0.944632627,0.151591929,-0.275147727,-0.094777716,-1.0316976,-0.1199834,0.3726967
seq-03/frame-000079,1,0.00321478,0.048824,1716,1024,855,0.83,92.91,72.61,21.52,187.91,0.945371435,0.150094571,-0.273554250,-0.094406261,-1.0294677,-0.1244391,0.3803515
seq-03/frame-000080,1,0.00693784,0.099254,1780,1052,861,0.87,82.66,72.57,16.11,172.21,0.946478633,0.149084848,-0.270456422,-0.093836184,-1.0363600,-0.1307922,0.3851819
seq-03/frame-000081,1,0.00504920,0.092078,1594,996,822,0.85,97.94,74.30,11.36,184.45,0.947275050,0.149107792,-0.267985101,-0.092848436,-1.0383677,-0.1317286,0.3938184
seq-03/frame-000082,1,0.00653128,0.049159,1570,957,798,0.85,74.56,58.43,12.29,146.13,0.948241637,0.148319558,-0.264597542,-0.093953433,-1.0425223,-0.1364320,0.4027743
seq-03/frame-000083,1,0.00356360,0.088100,1474,930,771,0.82,86.05,49.98,6.81,143.66,0.949357864,0.149269950,-0.259901493,-0.094283309,-1.0528574,-0.1422973,0.4126417
seq-03/frame-000084,1,0.00241088,0.067806,1570,935,781,0.85,78.95,77.99,9.17,166.96,0.950274424,0.151325409,-0.255682845,-0.093302853,-1.0583647,-0.1460111,0.4217907
seq-03/frame-000085,1,0.00340108,0.140202,1719,1050,870,0.92,75.23,61.15,11.27,148.57,0.951460641,0.152647420,-0.251036058,-0.091664123,-1.0706517,-0.1490179,0.4290047
seq-03/frame-000086,1,0.00399002,0.088171,1638,988,837,0.81,108.04,61.31,10.26,180.42,0.952193421,0.153802840,-0.248174725,-0.089898170,-1.0744475,-0.1577615,0.4352416
seq-03/frame-000087,1,0.00756547,0.164691,1987,1208,998,1.53,103.13,74.06,11.42,190.14,0.952743094,0.155200655,-0.246209937,-0.087028853,-1.0759843,-0.1596277,0.4420709
seq-03/frame-000088,1,0.00357858,0.030786,2029,1172,972,1.40,116.16,89.98,15.73,223.27,0.953436287,0.154906459,-0.244560134,-0.084578812,-1.0865582,-0.1560390,0.4549465
seq-03/frame-000089,1,0.00393158,0.079909,1805,1127,921,1.07,84.86,82.39,14.36,182.68,0.953941199,0.153532109,-0.243115188,-0.085551652,-1.0891716,-0.1652300,0.4622216
seq-03/frame-000090,1,0.00484384,0.020081,1808,1137,956,0.86,89.47,83.46,6.85,180.64,0.955036271,0.152321042,-0.239073219,-0.086879323,-1.0953779,-0.1718510,0.4705239
seq-03/frame-000091,1,0.00395094,0.024437,2107,1289,1038,0.90,97.46,102.31,15.38,216.06,0.956118393,0.152326330,-0.234982583,-0.086124867,-1.1158822,-0.1720787,0.4800058
seq-03/frame-000092,1,0.00540841,0.067355,1874,1106,916,0.83,101.24,69.22,9.24,180.53,0.956346571,0.153270876,-0.234001321,-0.084573375,-1.1310665,-0.1782781,0.4859570
seq-03/frame-000093,1,0.01262570,0.192944,2058,1249,1037,0.88,90.67,75.34,7.42,174.32,0.955658401,0.154282106,-0.236357681,-0.083958914,-1.1251268,-0.1897448,0.4924838
seq-03/frame-000094,1,0.00591698,0.071534,2207,1303,1055,0.90,106.34,92.44,12.98,212.66,0.955831671,0.155622793,-0.234456962,-0.084836881,-1.1306791,-0.1920655,0.5008986
seq-03/frame-000095,1,0.00440005,0.059645,2256,1377,1096,0.89,96.44,94.41,18.80,210.55,0.956553480,0.155833421,-0.231119332,-0.085470695,-1.1473445,-0.1943601,0.5091071
seq-03/frame-000096,1,0.00444924,0.049945,2352,1381,1134,0.90,90.06,120.16,14.33,225.46,0.956583589,0.156654365,-0.230474935,-0.085373015,-1.1548744,-0.1996786,0.5160016
seq-03/frame-000097,1,0.00310821,0.108759,2321,1335,1084,0.92,112.71,115.93,11.22,240.79,0.956978785,0.156947143,-0.228845876,-0.084786587,-1.1638770,-0.2006508,0.5240307
seq-03/frame-000098,1,0.00488141,0.061008,2229,1310,1049,0.87,103.41,101.30,9.83,215.42,0.957129513,0.156563384,-0.228458690,-0.084838846,-1.1714291,-0.2074215,0.5334020
seq-03/frame-000099,1,0.00704512,0.086631,2321,1356,1119,0.92,99.45,96.29,11.46,208.11,0.956952019,0.157678506,-0.228618960,-0.084342715,-1.1737220,-0.2115324,0.5382086
seq-03/frame-000100,1,0.00394361,0.073755,2255,1310,1093,0.90,98.23,109.24,11.28,219.66,0.957468984,0.157781060,-0.226541210,-0.083888980,-1.1818620,-0.2151760,0.5458836
seq-03/frame-000101,1,0.00643419,0.081006,2313,1338,1087,0.92,87.34,108.37,19.98,216.62,0.957860630,0.158448967,-0.224727043,-0.083034302,-1.1891412,-0.2175825,0.5520006
seq-03/frame-000102,1,0.00369420,0.053085,2319,1413,1168,0.92,98.53,116.48,11.79,227.72,0.958181514,0.159176754,-0.223549910,-0.081094913,-1.1985478,-0.2160164,0.5599974
seq-03/frame-000103,1,0.00715453,0.072545,2282,1395,1124,0.93,93.93,113.90,12.69,221.46,0.958206800,0.158971737,-0.223996932,-0.079956801,-1.2009982,-0.2188426,0.5650906
seq-03/frame-000104,1,0.00986707,0.157161,2336,1348,1071,0.92,104.38,112.26,12.92,230.48,0.958309616,0.158364410,-0.224152343,-0.079492892,-1.2054251,-0.2217529,0.5724724
seq-03/frame-000105,1,0.00567744,0.046566,2313,1359,1091,0.92,91.53,109.12,11.99,213.56,0.958853843,0.157876825,-0.222386285,-0.078857823,-1.2174514,-0.2246320,0.5778639
seq-03/frame-000106,1,0.00427434,0.068941,2376,1503,1229,0.89,118.35,116.09,17.38,252.70,0.958692907,0.158640368,-0.222748800,-0.078256724,-1.2249475,-0.2223085,0.5833019
seq-03/frame-000107,1,0.00236793,0.096618,2362,1447,1159,1.02,120.49,110.49,7.42,239.42,0.958638456,0.157100773,-0.223689165,-0.079339876,-1.2321857,-0.2262904,0.5889928
seq-03/frame-000108,1,0.00228251,0.069289,2306,1391,1109,1.28,115.94,117.86,11.17,246.26,0.958317071,0.157043468,-0.224613242,-0.080713265,-1.2322059,-0.2282631,0.5954843
seq-03/frame-000109,1,0.00165534,0.070230,2336,1364,1116,0.88,122.00,133.96,8.97,265.82,0.958504471,0.156175277,-0.223819272,-0.082361367,-1.2392202,-0.2285068,0.6021206
seq-03/frame-000110,1,0.00189823,0.098335,2171,1398,1161,0.87,109.06,109.81,15.93,235.68,0.958888918,0.154410924,-0.223478665,-0.082137665,-1.2518289,-0.2310762,0.6067647
seq-03/frame-000111,1,0.00326844,0.144336,2179,1376,1122,0.86,115.51,117.23,11.59,245.19,0.958366744,0.153359994,-0.226524467,-0.081856964,-1.2552139,-0.2389905,0.6112594
seq-03/frame-000112,1,0.00451670,0.093095,2355,1340,1085,1.18,116.01,115.49,8.34,241.03,0.957668589,0.153639291,-0.229123383,-0.082269783,-1.2501297,-0.2421269,0.6155164
seq-03/frame-000113,1,0.00369009,0.082586,2328,1312,1050,1.11,113.53,132.81,7.59,255.05,0.957884476,0.152801120,-0.228344571,-0.083473982,-1.2522897,-0.2458518,0.6208127
seq-03/frame-000114,1,0.00274015,0.080939,2309,1476,1216,0.91,118.58,104.83,11.81,236.13,0.958033483,0.153323123,-0.227384425,-0.083427743,-1.2640893,-0.2429264,0.6276062
seq-03/frame-000115,1,0.00334844,0.131487,2392,1380,1083,1.24,123.32,104.52,9.06,238.14,0.957464688,0.153157517,-0.229766403,-0.083734972,-1.2671183,-0.2466357,0.6347581
seq-03/frame-000116,1,0.00226546,0.102920,2367,1324,1054,0.93,108.33,97.00,6.82,213.08,0.957197539,0.151663771,-0.231397183,-0.085007743,-1.2621883,-0.2518465,0.6389500
seq-03/frame-000117,1,0.00104834,0.052801,2357,1349,1075,0.90,117.68,92.61,6.82,218.01,0.957215893,0.150961141,-0.231243306,-0.086458092,-1.2658796,-0.2511446,0.6457830
seq-03/frame-000118,1,0.00331248,0.164215,2390,1410,1105,0.91,117.85,100.83,13.43,233.03,0.957477273,0.148861306,-0.230949670,-0.087976319,-1.2740014,-0.2565480,0.6504140
seq-03/frame-000119,1,0.00211587,0.134834,2327,1293,1011,1.54,109.96,94.61,12.75,218.86,0.956953846,0.148859152,-0.233055765,-0.088120940,-1.2759231,-0.2595177,0.6584476
seq-03/frame-000120,1,0.00228671,0.134618,2293,1293,1021,0.94,93.00,100.48,14.41,208.84,0.956658080,0.148979671,-0.233928160,-0.088814366,-1.2776704,-0.2621056,0.6655085
seq-03/frame-000121,1,0.00560371,0.121889,2386,1371,1080,0.94,103.88,133.23,8.44,246.49,0.956303627,0.148572529,-0.235013037,-0.090434775,-1.2755767,-0.2663275,0.6710446
seq-03/frame-000122,1,0.00336286,0.104816,2380,1386,1090,1.54,121.55,116.79,11.97,251.85,0.955948505,0.149586242,-0.235703007,-0.090722123,-1.2830873,-0.2673833,0.6787931
seq-03/frame-000123,1,0.00211391,0.117111,2304,1430,1149,0.92,94.94,87.57,7.08,190.52,0.955312073,0.150083573,-0.237794055,-0.091146864,-1.2869341,-0.2682417,0.6864878
seq-03/frame-000124,1,0.00388716,0.167713,2365,1323,1032,0.92,119.57,106.91,16.25,243.65,0.954700009,0.149305323,-0.239979980,-0.093088248,-1.2867110,-0.2743656,0.6939425
seq-03/frame-000125,1,0.00359337,0.152214,2302,1375,1077,0.92,107.32,101.42,10.96,220.62,0.954330499,0.149312061,-0.240797070,-0.094741634,-1.2857249,-0.2785234,0.7031737
seq-03/frame-000126,1,0.00274741,0.143428,2512,1389,1069,0.94,105.20,114.27,13.01,233.42,0.954415194,0.149418651,-0.240622949,-0.094161036,-1.2925911,-0.2786598,0.7148106
seq-03/frame-000127,1,0.00247529,0.153765,2384,1385,1081,0.88,103.59,109.27,15.95,229.69,0.954115565,0.148064829,-0.242479098,-0.094573689,-1.2939934,-0.2814466,0.7228254
seq-03/frame-000128,1,0.00493047,0.194629,1805,1030,805,0.85,90.96,63.91,9.95,165.68,0.954118573,0.147623484,-0.243096423,-0.093643929,-1.3042494,-0.2905039,0.7378524
seq-03/frame-000129,1,0.01034746,0.196240,1625,967,775,0.81,78.02,54.09,8.39,141.31,0.952912514,0.149520801,-0.246915403,-0.092919616,-1.2846762,-0.3061152,0.7409885
seq-03/frame-000130,1,0.00075530,0.118553,1797,1068,882,0.88,95.44,70.62,11.53,178.47,0.953467026,0.152130953,-0.244275108,-0.089924830,-1.2838040,-0.3044628,0.7535279
seq-03/frame-000131,1,0.00381883,0.171778,2502,1427,1131,0.92,107.66,95.36,11.94,215.88,0.954353276,0.153205305,-0.241475480,-0.086183251,-1.2977151,-0.3014987,0.7665501
seq-03/frame-000132,1,0.00207117,0.108961,2523,1460,1123,0.90,107.58,109.38,7.41,225.27,0.953909536,0.152547168,-0.244932028,-0.082427300,-1.2948389,-0.3062918,0.7759417
seq-03/frame-000133,1,0.00289018,0.079953,2423,1374,1083,0.91,96.15,104.41,14.45,215.92,0.953424729,0.150923403,-0.248306795,-0.080914448,-1.2888153,-0.3166176,0.7876277
seq-03/frame-000134,1,0.00372163,0.060012,2345,1371,1114,0.91,105.86,131.15,14.18,252.11,0.953385373,0.151231238,-0.248261290,-0.080943029,-1.2850877,-0.3221712,0.7957899
seq-03/frame-000135,1,0.00276593,0.148774,2486,1358,1033,0.93,97.99,132.31,16.56,247.79,0.953919261,0.151610361,-0.246169453,-0.080330208,-1.2944423,-0.3259039,0.8064457
seq-03/frame-000136,1,0.00152495,0.097959,2585,1427,1063,0.91,111.68,142.51,16.69,271.79,0.953455854,0.152595356,-0.248012480,-0.078271328,-1.2963365,-0.3281791,0.8169126
seq-03/frame-000137,1,0.00288254,0.119766,2666,1436,1057,0.93,109.85,137.78,7.93,256.50,0.952861216,0.151890101,-0.250851011,-0.077837457,-1.2949430,-0.3351118,0.8254257
seq-03/frame-000138,1,0.00320579,0.172685,2749,1447,1088,0.92,95.05,137.24,11.94,245.15,0.952436218,0.152368847,-0.252338314,-0.077293988,-1.2997374,-0.3386528,0.8364179
seq-03/frame-000139,1,0.00396810,0.164176,2629,1390,1029,0.95,128.21,144.10,30.73,303.99,0.951881319,0.152946156,-0.254179256,-0.076956704,-1.3003182,-0.3418540,0.8461442
seq-03/frame-000140,1,0.00120554,0.138053,2580,1383,1029,0.92,105.57,136.57,8.32,251.39,0.951431834,0.152709358,-0.255716811,-0.077886007,-1.3027833,-0.3464245,0.8541357
seq-03/frame-000141,1,0.00220278,0.070377,2766,1411,1041,0.94,108.18,177.43,10.71,297.26,0.950637538,0.152066656,-0.258913512,-0.078280242,-1.3000469,-0.3541889,0.8617202
seq-03/frame-000142,1,0.00384672,0.077808,2749,1416,1045,0.95,98.89,157.02,8.42,265.30,0.950253912,0.151834225,-0.260568810,-0.077895868,-1.3007241,-0.3571645,0.8693731
seq-03/frame-000143,1,0.00114287,0.115797,2505,1366,1048,0.90,102.39,166.57,7.24,277.10,0.950164424,0.150864234,-0.261685105,-0.077126235,-1.3072609,-0.3590405,0.8772543
seq-03/frame-000144,1,0.00296889,0.116077,2602,1364,1022,0.91,131.85,131.88,18.01,282.66,0.949475634,0.149065519,-0.265262039,-0.076886558,-1.3080326,-0.3632069,0.8849208
seq-03/frame-000145,1,0.00134453,0.144600,2624,1360,984,0.93,142.25,123.03,8.00,274.22,0.949085540,0.147883201,-0.267356429,-0.076731594,-1.3119988,-0.3680766,0.8925408
seq-03/frame-000146,1,0.00249649,0.141715,2749,1348,954,0.95,155.21,127.71,12.46,296.33,0.948445255,0.148243263,-0.268884336,-0.078592288,-1.3128783,-0.3720496,0.9001900
seq-03/frame-000147,1,0.00250880,0.121357,2667,1332,979,0.94,147.39,118.62,12.10,279.05,0.948254618,0.148398575,-0.268992224,-0.080213630,-1.3179669,-0.3725280,0.9077499
seq-03/frame-000148,1,0.00254467,0.150282,2624,1347,981,0.95,129.67,118.41,12.76,261.80,0.948074941,0.147611276,-0.269792328,-0.081098196,-1.3246944,-0.3757082,0.9143934
seq-03/frame-000149,1,0.00189321,0.140162,2692,1338,950,0.96,146.14,117.03,14.68,278.81,0.947723608,0.146826433,-0.271129654,-0.082162474,-1.3283832,-0.3799160,0.9201657
seq-03/frame-000150,1,0.00216635,0.034739,2638,1313,953,0.97,117.96,104.13,9.73,232.79,0.947019175,0.146847462,-0.273331798,-0.082947168,-1.3246890,-0.3844380,0.9273617
seq-03/frame-000151,1,0.00359365,0.044771,2685,1303,939,0.96,106.52,118.95,6.38,232.81,0.947181435,0.145993636,-0.272915490,-0.083966197,-1.3263798,-0.3889024,0.9333230
seq-03/frame-000152,1,0.00059680,0.075881,2702,1318,943,1.39,108.82,129.19,9.62,249.03,0.947425265,0.146120329,-0.271893954,-0.084308326,-1.3340575,-0.3893024,0.9398585
seq-03/frame-000153,1,0.00139836,0.119648,2661,1326,961,0.96,104.60,124.65,14.66,244.87,0.947616818,0.145405406,-0.271555523,-0.084482143,-1.3412129,-0.3942241,0.9473738
seq-03/frame-000154,1,0.00135916,0.119107,2661,1326,961,0.95,120.10,113.17,10.73,244.95,0.947616818,0.145405406,-0.271555523,-0.084482143,-1.3412129,-0.3942241,0.9473738
seq-03/frame-000155,1,0.00177780,0.070843,2541,1242,920,1.36,107.38,101.00,9.50,219.24,0.947369050,0.145415778,-0.272297317,-0.084854614,-1.3385099,-0.3995351,0.9537610
seq-03/frame-000156,1,0.00075262,0.090132,2596,1323,997,1.15,114.96,117.61,9.85,243.57,0.947901079,0.145490145,-0.270361848,-0.084974307,-1.3424435,-0.4017156,0.9621952
seq-03/frame-000157,1,0.00189267,0.052417,2572,1322,970,0.94,111.01,117.50,10.63,240.08,0.948530421,0.144945911,-0.268276273,-0.085490141,-1.3486361,-0.4052032,0.9684257
seq-03/frame-000158,1,0.00146937,0.086496,2483,1324,962,0.92,110.03,105.82,14.10,230.88,0.948889591,0.145773091,-0.266536948,-0.085538326,-1.3544327,-0.4091164,0.9751697
seq-03/frame-000159,1,0.00245800,0.163025,2045,1175,912,0.90,99.90,108.15,16.66,225.61,0.949580986,0.145598468,-0.263893487,-0.086355450,-1.3562007,-0.4161804,0.9808497
seq-03/frame-000160,1,0.00124066,0.111933,2101,1156,927,0.88,108.24,99.58,16.33,225.03,0.950560507,0.146907859,-0.259813698,-0.085730074,-1.3639368,-0.4201600,0.9909488
seq-03/frame-000161,1,0.00270922,0.080240,2031,1161,911,0.94,100.93,105.98,14.55,222.40,0.951345767,0.148592472,-0.256404566,-0.084369467,-1.3671121,-0.4219682,0.9978603
seq-03/frame-000162,1,0.00431513,0.066221,1879,1094,877,0.93,100.16,91.02,8.60,200.71,0.952323229,0.148721522,-0.252890357,-0.083718842,-1.3698182,-0.4291682,1.0044847
seq-03/frame-000163,1,0.00127120,0.086610,1587,884,703,0.88,85.03,67.03,16.89,169.84,0.953509254,0.149706683,-0.247957031,-0.083218519,-1.3759974,-0.4348154,1.0133937
seq-03/frame-000164,1,0.00124958,0.083145,1587,884,703,1.15,75.73,67.10,13.68,157.66,0.953509254,0.149706683,-0.247957031,-0.083218519,-1.3759974,-0.4348154,1.0133937
seq-03/frame-000165,1,0.00100158,0.098066,1543,923,753,0.86,87.37,64.80,13.14,166.17,0.955072771,0.151278104,-0.241180914,-0.082357169,-1.3836047,-0.4405764,1.0216581
seq-03/frame-000166,1,0.00095183,0.088016,1661,987,782,0.97,97.77,73.94,9.61,182.28,0.956280230,0.153414980,-0.235438001,-0.080999462,-1.3877035,-0.4433756,1.0284067
seq-03/frame-000167,1,0.00305685,0.186213,2027,1211,965,0.88,99.80,91.09,16.67,208.43,0.957962011,0.153716824,-0.229294247,-0.078128554,-1.4000591,-0.4463487,1.0338891
seq-03/frame-000168,1,0.00242048,0.160706,1873,1100,886,0.88,90.55,77.45,14.95,183.84,0.959044336,0.153726545,-0.225748526,-0.075098026,-1.4054878,-0.4507994,1.0437425
seq-03/frame-000169,1,0.00379376,0.202269,1521,843,653,0.87,79.66,78.28,11.31,170.12,0.960198871,0.152337084,-0.221870699,-0.074732410,-1.4049730,-0.4584174,1.0519513
seq-03/frame-000170,1,0.00404639,0.219761,1497,836,641,0.88,84.53,64.32,11.79,161.53,0.961810773,0.152474984,-0.214597085,-0.074963375,-1.4147032,-0.4636025,1.0592753
seq-03/frame-000171,1,0.00371193,0.210942,1497,836,641,0.87,83.92,63.69,8.24,156.73,0.961810773,0.152474984,-0.214597085,-0.074963375,-1.4147032,-0.4636025,1.0592753
seq-03/frame-000172,1,0.00536566,0.173263,1607,1024,832,0.87,82.91,67.21,8.66,159.65,0.963161333,0.152849984,-0.208748234,-0.073357366,-1.4185233,-0.4659116,1.0641559
seq-03/frame-000173,1,0.00663747,0.166051,1927,1111,894,0.88,96.71,112.98,12.64,223.21,0.964403650,0.151761871,-0.204055298,-0.072493922,-1.4240972,-0.4680712,1.0710688
seq-03/frame-000174,1,0.00637193,0.155046,1399,785,603,0.88,79.38,64.15,7.43,151.85,0.965456264,0.149942029,-0.200451143,-0.072325170,-1.4248201,-0.4767871,1.0796591
seq-03/frame-000175,1,0.00411739,0.136710,1045,555,440,0.84,60.01,54.43,7.45,122.73,0.966656362,0.151172857,-0.193530062,-0.072583466,-1.4299794,-0.4768338,1.0923341
seq-03/frame-000176,1,0.00262313,0.036129,1213,730,598,0.82,70.40,43.75,6.61,121.57,0.968267018,0.150028774,-0.185686874,-0.073964416,-1.4329283,-0.4799569,1.0971861
seq-03/frame-000177,1,0.00295183,0.084405,1913,1184,961,0.86,114.84,117.03,8.43,241.17,0.970283790,0.147893281,-0.177170997,-0.072714389,-1.4493063,-0.4814827,1.1013734
seq-03/frame-000178,1,0.00299885,0.084872,1913,1184,961,0.95,122.86,109.59,11.84,245.25,0.970283790,0.147893281,-0.177170997,-0.072714389,-1.4493063,-0.4814827,1.1013734
seq-03/frame-000179,1,0.00771631,0.123602,1920,1143,912,0.87,114.69,114.04,10.03,239.63,0.971154533,0.145700385,-0.174683437,-0.071525997,-1.4500549,-0.4880563,1.1066899
seq-03/frame-000180,1,0.00614936,0.106135,1246,711,586,1.13,112.89,75.50,5.95,195.47,0.972053099,0.143865797,-0.171078406,-0.071746666,-1.4484195,-0.4911874,1.1151104
seq-03/frame-000181,1,0.00518297,0.084149,1313,757,618,0.87,92.50,85.92,9.01,188.30,0.973699181,0.141513138,-0.163144027,-0.072580732,-1.4582296,-0.4970389,1.1222753
seq-03/frame-000182,1,0.00942972,0.208202,2080,1255,997,0.85,107.14,125.87,7.73,241.60,0.974756350,0.142252980,-0.156613335,-0.071319079,-1.4705261,-0.5007620,1.1289831
seq-03/frame-000183,1,0.00489484,0.036962,2248,1376,1065,5.14,89.61,127.48,9.10,231.34,0.975227753,0.145060296,-0.152743272,-0.067511730,-1.4805846,-0.4961519,1.1354672
seq-03/frame-000184,1,0.00467428,0.026579,2046,1200,964,0.90,116.24,115.50,8.58,241.24,0.975736595,0.144741166,-0.150628090,-0.065568827,-1.4812666,-0.5013433,1.1411166
seq-03/frame-000185,1,0.00437770,0.083052,1887,1133,913,0.90,75.23,106.83,10.62,193.58,0.976352161,0.144984831,-0.146611942,-0.064967650,-1.4860649,-0.5031774,1.1462384
seq-03/frame-000186,1,0.00443929,0.080613,1887,1133,913,0.88,94.27,90.74,16.16,202.05,0.976352161,0.144984831,-0.146611942,-0.064967650,-1.4860649,-0.5031774,1.1462384
seq-03/frame-000187,1,0.00445333,0.069588,2243,1255,990,0.94,110.64,78.86,9.50,199.94,0.976958921,0.145557947,-0.142284661,-0.064181199,-1.4919708,-0.5034629,1.1525824
seq-03/frame-000188,1,0.00869296,0.182336,2007,1199,929,0.87,99.38,61.68,9.78,171.72,0.977607375,0.144067594,-0.140798546,-0.060861471,-1.4982536,-0.5001780,1.1580918
seq-03/frame-000189,1,0.00347539,0.089746,2357,1269,997,0.91,96.97,89.59,7.78,195.24,0.978155602,0.142227296,-0.140071489,-0.057991315,-1.5119988,-0.5004831,1.1669793
seq-03/frame-000190,1,0.00462969,0.087807,2222,1290,978,0.87,92.07,68.59,8.23,169.76,0.978286784,0.139881302,-0.141200434,-0.058742032,-1.5083866,-0.5052810,1.1711729
seq-03/frame-000191,1,0.00577324,0.134797,1867,1111,917,0.84,110.29,69.51,15.07,195.72,0.978930600,0.136881647,-0.138555758,-0.061323704,-1.5074204,-0.5073881,1.1756320
seq-03/frame-000192,1,0.00549188,0.128127,1867,1111,917,0.84,116.29,65.28,10.39,192.80,0.978930600,0.136881647,-0.138555758,-0.061323704,-1.5074204,-0.5073881,1.1756320
seq-03/frame-000193,1,0.01100940,0.264718,2208,1303,1015,0.89,119.00,78.78,8.82,207.50,0.979519068,0.134252789,-0.136422269,-0.062510384,-1.5153397,-0.5086657,1.1829700
seq-03/frame-000194,1,0.00449848,0.154244,2355,1405,1076,0.91,128.94,116.98,8.27,255.10,0.979875756,0.133022469,-0.134542393,-0.063615019,-1.5318200,-0.5141845,1.1887768
seq-03/frame-000195,1,0.00518680,0.156217,2154,1139,864,0.94,84.47,84.76,17.29,187.47,0.979545887,0.132355961,-0.136942634,-0.064949750,-1.5254016,-0.5200762,1.1927382
seq-03/frame-000196,1,0.00709228,0.186894,2166,1192,919,0.94,104.28,99.68,10.22,215.12,0.979688352,0.132013559,-0.135280551,-0.066950167,-1.5301359,-0.5216833,1.1973976
seq-03/frame-000197,1,0.00780664,0.217547,2201,1245,933,0.95,121.99,80.13,6.78,209.85,0.979752367,0.131968199,-0.134014103,-0.068628815,-1.5354296,-0.5227790,1.2014563
seq-03/frame-000198,1,0.00210420,0.144167,2014,1187,941,0.85,92.92,80.10,7.17,181.04,0.979762144,0.132284998,-0.133341519,-0.069187138,-1.5471819,-0.5177970,1.2086527
seq-03/frame-000199,1,0.00365830,0.175415,2014,1187,941,0.85,117.21,79.04,7.64,204.75,0.979762144,0.132284998,-0.133341519,-0.069187138,-1.5471819,-0.5177970,1.2086527
seq-03/frame-000200,1,0.00330817,0.064715,2251,1238,934,0.92,93.10,99.72,7.31,201.05,0.979609380,0.129806149,-0.135748141,-0.071332097,-1.5463105,-0.5220424,1.2132287
seq-03/frame-000201,1,0.00703237,0.176966,2040,1071,823,0.90,83.96,90.10,7.13,182.09,0.979362505,0.128261964,-0.136456066,-0.076011153,-1.5407361,-0.5285323,1.2157821
seq-03/frame-000202,1,0.00249089,0.029341,2189,1152,875,0.95,101.72,74.77,7.03,184.48,0.979707530,0.127916070,-0.133065786,-0.078128945,-1.5512797,-0.5276898,1.2211423
seq-03/frame-000203,1,0.00525323,0.163068,2274,1225,914,0.93,97.32,89.82,13.56,201.63,0.979891447,0.126115890,-0.132569086,-0.079579976,-1.5576418,-0.5342574,1.2253403
seq-03/frame-000204,1,0.00768110,0.195905,2275,1148,843,0.93,102.32,88.55,9.98,201.78,0.979554365,0.126335738,-0.134855606,-0.079539258,-1.5542837,-0.5371322,1.2305591
seq-03/frame-000205,1,0.00583746,0.162017,2135,1080,812,0.95,91.09,107.88,12.37,212.30,0.979410038,0.126653217,-0.135497580,-0.079720426,-1.5534301,-0.5387290,1.2375841
seq-03/frame-000206,1,0.00574719,0.159679,2135,1080,812,0.95,99.58,88.57,10.67,199.77,0.979410038,0.126653217,-0.135497580,-0.079720426,-1.5534301,-0.5387290,1.2375841
seq-03/frame-000207,1,0.00207692,0.089525,2146,1136,851,0.90,104.32,90.58,6.29,202.09,0.979644931,0.125233469,-0.134265504,-0.081149010,-1.5539826,-0.5402409,1.2405576
seq-03/frame-000208,1,0.00942661,0.290192,2314,1165,850,0.94,92.15,120.82,7.29,221.21,0.979807852,0.123051357,-0.134368940,-0.082340293,-1.5539683,-0.5437072,1.2476565
seq-03/frame-000209,1,0.00486714,0.144771,2152,1081,800,0.95,97.19,94.88,9.25,202.27,0.979979583,0.122408932,-0.133613679,-0.082483063,-1.5600619,-0.5476324,1.2560133
seq-03/frame-000210,1,0.00462422,0.130164,2214,1156,856,0.95,109.48,111.46,6.92,228.81,0.979973349,0.122968625,-0.133740805,-0.081512885,-1.5586725,-0.5486910,1.2609607
seq-03/frame-000211,1,0.00289747,0.109648,2169,1163,844,0.92,91.23,92.05,9.91,194.12,0.980245615,0.121615650,-0.133169806,-0.081203267,-1.5592330,-0.5499620,1.2676258
seq-03/frame-000212,1,0.00351255,0.147507,2182,1099,828,0.91,88.26,95.74,11.63,196.54,0.980484518,0.120270987,-0.133053610,-0.080509227,-1.5611231,-0.5572439,1.2758910
seq-03/frame-000213,1,0.00433632,0.157366,2147,1245,961,0.88,88.48,74.66,10.62,174.64,0.980541956,0.121117598,-0.132859894,-0.078843189,-1.5593952,-0.5631922,1.2839410
seq-03/frame-000214,1,0.00455592,0.163866,2147,1245,961,0.84,75.99,83.29,11.46,171.59,0.980541956,0.121117598,-0.132859894,-0.078843189,-1.5593952,-0.5631922,1.2839410
seq-03/frame-000215,1,0.00468997,0.154710,2132,1184,904,0.91,81.02,98.55,7.11,187.60,0.980672209,0.122482737,-0.131960501,-0.076592587,-1.5537430,-0.5640191,1.2906287
seq-03/frame-000216,1,0.00538592,0.232995,2127,1112,837,0.91,83.55,95.83,13.58,193.88,0.981111394,0.123220239,-0.129765170,-0.073472481,-1.5612673,-0.5672536,1.2987182
seq-03/frame-000217,1,0.00278533,0.105964,2175,1102,824,0.91,97.15,95.27,15.49,208.81,0.980892116,0.124530227,-0.131728978,-0.070642450,-1.5562561,-0.5702027,1.3076208
seq-03/frame-000218,1,0.00497321,0.100423,1614,1008,808,0.84,93.46,74.09,12.47,180.87,0.980675174,0.125470838,-0.132383185,-0.070766973,-1.5438161,-0.5771522,1.3156383
seq-03/frame-000219,1,0.00496046,0.099683,1614,1008,808,0.85,76.45,66.81,6.23,150.33,0.980675174,0.125470838,-0.132383185,-0.070766973,-1.5438161,-0.5771522,1.3156383
seq-03/frame-000220,1,0.00430656,0.103790,1333,856,691,0.87,81.13,44.32,13.52,139.85,0.981132427,0.126463646,-0.127728186,-0.071215296,-1.5401676,-0.5788941,1.3223532
seq-03/frame-000221,1,0.00419160,0.130026,2221,1203,882,0.89,86.29,87.31,6.82,181.30,0.982051900,0.125877916,-0.122552970,-0.068626427,-1.5474780,-0.5840191,1.3292724
seq-03/frame-000222,1,0.00941206,0.268026,2185,1157,861,0.89,116.32,86.89,9.01,213.11,0.981875188,0.126842159,-0.124486906,-0.065842177,-1.5401234,-0.5904586,1.3373385
seq-03/frame-000223,1,0.00517061,0.136056,1695,1053,849,0.86,82.98,64.14,11.31,159.30,0.981928085,0.127634345,-0.123226692,-0.065893034,-1.5360057,-0.5967264,1.3445075
seq-03/frame-000224,1,0.00409440,0.121341,1474,980,800,0.86,77.41,67.54,10.40,156.22,0.982544380,0.128793835,-0.117671922,-0.064591089,-1.5364369,-0.6005054,1.3506660
seq-03/frame-000225,1,0.00419985,0.120628,1474,980,800,0.86,66.52,58.22,9.97,135.58,0.982544380,0.128793835,-0.117671922,-0.064591089,-1.5364369,-0.6005054,1.3506660
seq-03/frame-000226,1,0.00663333,0.240189,2260,1231,912,0.95,108.35,91.55,9.20,210.06,0.982928976,0.130374277,-0.114022616,-0.062064631,-1.5405799,-0.6004130,1.3582790
seq-03/frame-000227,1,0.00747882,0.265530,2309,1199,877,1.26,85.19,88.14,7.58,182.18,0.982967800,0.130287915,-0.114229080,-0.061246068,-1.5394254,-0.6042805,1.3645591
seq-03/frame-000228,1,0.00503818,0.147001,1888,1155,927,0.88,94.84,72.71,7.97,176.41,0.983156747,0.130252590,-0.112626498,-0.061256384,-1.5363583,-0.6047924,1.3706873
seq-03/frame-000229,1,0.00409765,0.096746,2150,1264,993,0.89,98.95,79.74,8.30,187.88,0.983501946,0.129216761,-0.109559897,-0.063431697,-1.5347400,-0.6109098,1.3783662
seq-03/frame-000230,1,0.00506578,0.187055,2367,1338,1015,0.91,120.44,93.18,10.32,224.85,0.983729823,0.129467776,-0.106398552,-0.064753987,-1.5357179,-0.6160772,1.3833787
seq-03/frame-000231,1,0.00519483,0.185524,2244,1276,978,0.92,105.14,107.87,7.99,221.94,0.984023603,0.129902890,-0.103576486,-0.063989835,-1.5376738,-0.6178245,1.3879717
seq-03/frame-000232,1,0.00399423,0.150619,2448,1367,1048,0.89,115.99,102.30,10.67,229.86,0.984273888,0.130710978,-0.101167801,-0.062326798,-1.5380440,-0.6144186,1.3944041
seq-03/frame-000233,1,0.00258329,0.080823,2448,1367,1048,0.87,101.98,111.89,15.28,230.02,0.984273888,0.130710978,-0.101167801,-0.062326798,-1.5380440,-0.6144186,1.3944041
seq-03/frame-000234,1,0.00642776,0.231455,2393,1290,951,0.92,103.30,98.77,11.77,214.77,0.984721235,0.128444215,-0.100181044,-0.061562426,-1.5368906,-0.6173151,1.3991199
seq-03/frame-000235,1,0.00626922,0.195144,2499,1343,1026,0.92,105.61,124.50,12.30,243.34,0.985021214,0.125956486,-0.100153336,-0.061947409,-1.5329519,-0.6231476,1.4043282
seq-03/frame-000236,1,0.00499892,0.152480,2139,1261,984,0.86,99.86,88.75,13.84,203.31,0.985363358,0.125253998,-0.096954325,-0.063010690,-1.5368406,-0.6214620,1.4098316
seq-03/frame-000237,1,0.00486039,0.148433,2139,1261,984,1.06,109.49,83.37,9.09,203.01,0.985363358,0.125253998,-0.096954325,-0.063010690,-1.5368406,-0.6214620,1.4098316
seq-03/frame-000238,1,0.00321168,0.143826,2179,1333,1054,0.88,106.36,81.12,16.75,205.12,0.985971229,0.121394478,-0.094378407,-0.064937139,-1.5353944,-0.6288883,1.4171813
seq-03/frame-000239,1,0.00339190,0.102748,2271,1388,1102,0.91,94.57,86.70,10.53,192.71,0.986451377,0.120451187,-0.090354850,-0.065124439,-1.5404750,-0.6354151,1.4236145
seq-03/frame-000240,1,0.00250043,0.099609,2437,1383,1078,0.94,121.63,85.40,8.54,216.52,0.986677585,0.121402553,-0.087671798,-0.063580025,-1.5403702,-0.6352322,1.4290315
seq-03/frame-000241,1,0.00886142,0.284305,2457,1362,1044,0.93,98.49,89.80,9.64,198.87,0.987170026,0.120447564,-0.083918617,-0.062812345,-1.5481756,-0.6379685,1.4351374
seq-03/frame-000242,1,0.00886062,0.284460,2457,1362,1044,0.93,105.73,124.49,10.58,241.74,0.987170026,0.120447564,-0.083918617,-0.062812345,-1.5481756,-0.6379685,1.4351374
seq-03/frame-000243,1,0.00431985,0.140783,1748,1115,922,0.86,90.86,61.09,7.47,160.64,0.987324199,0.119809926,-0.082836411,-0.063044724,-1.5403814,-0.6474944,1.4417515
seq-03/frame-000244,1,0.00632995,0.178148,1426,960,812,0.88,80.09,48.84,10.65,140.47,0.987645106,0.120869601,-0.077630555,-0.062619333,-1.5378889,-0.6460948,1.4450249
seq-03/frame-000245,1,0.00380277,0.120495,2355,1376,1091,0.95,116.15,96.16,8.36,221.62,0.988260156,0.119698081,-0.072148373,-0.061715853,-1.5433149,-0.6489686,1.4505226
seq-03/frame-000246,1,0.00617489,0.209008,2492,1370,1037,0.95,122.68,91.62,8.34,223.61,0.988644905,0.120262409,-0.068637042,-0.058370892,-1.5517030,-0.6479180,1.4583300
seq-03/frame-000247,1,0.00632959,0.213594,2492,1370,1037,0.91,125.99,85.31,11.55,223.77,0.988644905,0.120262409,-0.068637042,-0.058370892,-1.5517030,-0.6479180,1.4583300
seq-03/frame-000248,1,0.00485791,0.164044,2324,1292,999,0.96,99.31,93.75,9.48,203.51,0.988797698,0.119387794,-0.069450451,-0.056588879,-1.5468332,-0.6529457,1.4646409
seq-03/frame-000249,1,0.00319442,0.102074,1784,1169,954,0.91,112.65,71.38,6.77,191.71,0.989032031,0.117690596,-0.067569982,-0.058299773,-1.5433952,-0.6601932,1.4718812
seq-03/frame-000250,1,0.00744056,0.254791,1983,1280,1070,0.90,89.83,91.31,10.53,192.58,0.989435332,0.118022868,-0.060902567,-0.058130921,-1.5515356,-0.6619279,1.4785139
seq-03/frame-000251,1,0.00757257,0.258636,1983,1280,1070,0.91,96.36,98.77,6.27,202.30,0.989435332,0.118022868,-0.060902567,-0.058130921,-1.5515356,-0.6619279,1.4785139
seq-03/frame-000252,1,0.00766410,0.282587,2318,1248,996,0.98,94.78,86.82,10.33,192.91,0.989602288,0.118724357,-0.058359394,-0.056444833,-1.5561492,-0.6629950,1.4835823
seq-03/frame-000253,1,0.00580242,0.227416,2311,1284,1003,0.99,105.90,99.08,6.83,212.80,0.989680392,0.117704604,-0.060217868,-0.055246319,-1.5509797,-0.6670603,1.4877633
seq-03/frame-000254,1,0.00524317,0.178830,2137,1348,1104,0.92,98.21,94.29,8.03,201.45,0.989853634,0.116645607,-0.058826514,-0.055884045,-1.5491995,-0.6711847,1.4942768
seq-03/frame-000255,1,0.00528244,0.180174,2137,1348,1104,0.92,94.50,81.09,6.40,182.91,0.989853634,0.116645607,-0.058826514,-0.055884045,-1.5491995,-0.6711847,1.4942768
seq-03/frame-000256,1,0.00716530,0.224370,2196,1388,1104,1.66,97.57,84.77,10.84,194.84,0.989958544,0.117277246,-0.054206286,-0.057356840,-1.5543523,-0.6674609,1.5014736
seq-03/frame-000257,1,0.00767219,0.247868,2412,1361,1050,0.96,113.38,92.84,6.66,213.86,0.990355506,0.114826250,-0.051746187,-0.057734187,-1.5570785,-0.6732865,1.5044759
seq-03/frame-000258,1,0.00771195,0.253499,2478,1384,1062,0.96,110.69,108.48,7.53,227.66,0.990516167,0.114376165,-0.050357675,-0.057095717,-1.5588645,-0.6769153,1.5113324
seq-03/frame-000259,1,0.00493007,0.159456,2297,1401,1121,0.93,109.34,110.05,16.29,236.62,0.990559537,0.114646605,-0.049365519,-0.056665733,-1.5541826,-0.6799946,1.5164155
seq-03/frame-000260,1,0.00493425,0.160125,2297,1401,1121,0.94,106.81,100.06,11.45,219.26,0.990559537,0.114646605,-0.049365519,-0.056665733,-1.5541826,-0.6799946,1.5164155
seq-03/frame-000261,1,0.00638907,0.210904,2369,1419,1109,0.94,100.25,104.57,10.58,216.35,0.990835377,0.113452129,-0.046298629,-0.056835796,-1.5564659,-0.6845334,1.5193607
seq-03/frame-000262,1,0.00801375,0.249686,2471,1497,1165,0.90,103.72,101.93,15.82,222.37,0.991042901,0.113030813,-0.043516929,-0.056251941,-1.5590810,-0.6894557,1.5249334
seq-03/frame-000263,1,0.00798160,0.249521,2471,1497,1165,0.89,118.57,108.47,12.34,240.28,0.991042901,0.113030813,-0.043516929,-0.056251941,-1.5590810,-0.6894557,1.5249334
seq-03/frame-000264,1,0.00694376,0.226152,2184,1369,1095,0.91,97.46,91.44,13.31,203.13,0.990898550,0.115738915,-0.041036805,-0.055141172,-1.5577554,-0.6872972,1.5321901
seq-03/frame-000265,1,0.00692079,0.236897,2103,1340,1114,0.91,83.17,87.40,10.46,181.94,0.991276722,0.113356936,-0.038891832,-0.054846070,-1.5544964,-0.6972592,1.5329669
seq-03/frame-000266,1,0.00390691,0.122406,1637,1139,940,0.86,94.81,84.65,19.08,199.41,0.991269277,0.114408574,-0.035426220,-0.055144193,-1.5519379,-0.7001090,1.5401206
seq-03/frame-000267,1,0.00436543,0.162098,1327,910,776,0.91,67.84,47.83,8.01,124.59,0.991518799,0.114092714,-0.030045076,-0.054503376,-1.5504881,-0.7035354,1.5426739
seq-03/frame-000268,1,0.00448141,0.162505,1327,910,776,0.89,73.33,49.08,11.33,134.62,0.991518799,0.114092714,-0.030045076,-0.054503376,-1.5504881,-0.7035354,1.5426739
seq-03/frame-000269,1,0.00415612,0.163238,2166,1346,1096,0.91,100.72,80.69,6.32,188.64,0.991674129,0.115364085,-0.024549590,-0.051680433,-1.5550910,-0.7006279,1.5492865
seq-03/frame-000270,1,0.00663828,0.226651,2143,1389,1139,0.85,89.31,97.25,20.42,207.83,0.992015626,0.114217132,-0.022211175,-0.048642655,-1.5554366,-0.7092260,1.5530053
seq-03/frame-000271,1,0.00676789,0.230678,2143,1389,1139,0.87,101.61,100.52,12.92,215.92,0.992015626,0.114217132,-0.022211175,-0.048642655,-1.5554366,-0.7092260,1.5530053
seq-03/frame-000272,1,0.00236821,0.115036,1423,993,842,0.89,73.12,55.35,12.37,141.73,0.991932335,0.116344300,-0.020410319,-0.046018092,-1.5477278,-0.7069814,1.5591699
seq-03/frame-000273,1,0.00174623,0.067233,1677,1202,989,0.95,82.75,67.91,10.42,162.03,0.992198263,0.115617531,-0.015603036,-0.043951544,-1.5463017,-0.7067943,1.5634065
seq-03/frame-000274,1,0.00198323,0.070118,1677,1202,989,0.85,101.69,67.61,8.94,179.10,0.992198263,0.115617531,-0.015603036,-0.043951544,-1.5463017,-0.7067943,1.5634065
seq-03/frame-000275,1,0.00266177,0.073563,1629,1135,980,0.87,85.42,77.29,10.28,173.86,0.992404971,0.115403963,-0.010478855,-0.041285488,-1.5483166,-0.7116546,1.5693680
seq-03/frame-000276,1,0.00275217,0.073834,1664,1152,985,0.88,89.24,73.10,6.36,169.59,0.992473487,0.116362282,-0.007075730,-0.037498408,-1.5444357,-0.7133670,1.5735841
seq-03/frame-000277,1,0.00285074,0.067348,1664,1152,985,0.88,85.92,61.49,6.41,154.70,0.992473487,0.116362282,-0.007075730,-0.037498408,-1.5444357,-0.7133670,1.5735841
seq-03/frame-000278,1,0.00174701,0.070403,1316,937,803,0.89,77.87,50.27,8.08,137.11,0.992597321,0.116079009,-0.003120856,-0.035587682,-1.5402156,-0.7174821,1.5784062
seq-03/frame-000279,1,0.00378237,0.100682,1292,909,775,0.90,85.93,55.75,8.53,151.12,0.992565387,0.116812801,0.001998151,-0.034128132,-1.5342049,-0.7167189,1.5825136
seq-03/frame-000280,1,0.00200729,0.045405,1937,1294,1087,0.88,86.69,75.13,8.87,171.57,0.992595860,0.117107217,0.008177304,-0.031184787,-1.5377069,-0.7206170,1.5871376
seq-03/frame-000281,1,0.00184552,0.047281,1937,1294,1087,0.86,94.39,82.33,6.50,184.08,0.992595860,0.117107217,0.008177304,-0.031184787,-1.5377069,-0.7206170,1.5871376
seq-03/frame-000282,1,0.00610184,0.151526,2568,1521,1188,1.21,122.42,111.22,7.82,242.68,0.992412805,0.119196972,0.011002945,-0.028068503,-1.5368775,-0.7194510,1.5910884
seq-03/frame-000283,1,0.00560769,0.152894,2117,1386,1123,0.94,105.53,83.03,9.50,199.00,0.992449345,0.119089690,0.012433712,-0.026595991,-1.5306689,-0.7226973,1.5946872
seq-03/frame-000284,1,0.00522498,0.155868,1705,1125,928,1.26,85.17,73.20,15.58,175.23,0.992310646,0.119833802,0.015003348,-0.027098733,-1.5213083,-0.7212149,1.6000688
seq-03/frame-000285,1,0.00520635,0.154750,1705,1125,928,0.93,96.38,67.07,12.02,176.39,0.992310646,0.119833802,0.015003348,-0.027098733,-1.5213083,-0.7212149,1.6000688
seq-03/frame-000286,1,0.00269517,0.064881,1866,1267,1047,0.92,91.23,86.94,11.60,190.70,0.992287701,0.119347517,0.020828691,-0.026219358,-1.5208439,-0.7232919,1.6042545
seq-03/frame-000287,1,0.00691772,0.198424,2410,1532,1192,0.88,106.16,108.95,11.55,227.66,0.992071774,0.120903750,0.023650610,-0.024829979,-1.5184966,-0.7150845,1.6110273
seq-03/frame-000288,1,0.00702760,0.202821,2410,1532,1192,0.86,97.09,99.23,8.97,206.16,0.992071774,0.120903750,0.023650610,-0.024829979,-1.5184966,-0.7150845,1.6110273
seq-03/frame-000289,1,0.00572224,0.150357,2194,1404,1151,0.86,99.17,85.50,6.57,192.11,0.992440426,0.117576232,0.025525862,-0.024212844,-1.5146753,-0.7194144,1.6153486
seq-03/frame-000290,1,0.00458572,0.129519,1734,1205,976,0.89,85.02,72.55,8.98,167.44,0.992696621,0.114955813,0.027257544,-0.024405020,-1.5044734,-0.7242411,1.6201857
seq-03/frame-000291,1,0.00457716,0.129257,1734,1205,976,0.90,88.75,68.67,10.54,168.87,0.992696621,0.114955813,0.027257544,-0.024405020,-1.5044734,-0.7242411,1.6201857
seq-03/frame-000292,1,0.00343949,0.088946,1832,1192,993,0.92,88.33,64.73,8.25,162.23,0.992781718,0.113298357,0.031494855,-0.023579993,-1.5017559,-0.7292735,1.6265624
seq-03/frame-000293,1,0.00467362,0.145746,1949,1257,1033,0.91,86.18,79.03,11.37,177.50,0.992678099,0.113576801,0.034731156,-0.022005648,-1.4988646,-0.7310447,1.6329679
seq-03/frame-000294,1,0.00467454,0.146562,1949,1257,1033,0.92,97.27,73.56,7.60,179.36,0.992678099,0.113576801,0.034731156,-0.022005648,-1.4988646,-0.7310447,1.6329679
seq-03/frame-000295,1,0.00536683,0.166469,1644,1098,912,1.21,95.03,66.62,6.72,169.58,0.992669502,0.112941176,0.037481841,-0.021134371,-1.4923393,-0.7323753,1.6366217
seq-03/frame-000296,1,0.00364056,0.101981,1780,1162,954,0.92,92.08,69.83,10.59,173.44,0.992557729,0.113081908,0.040510581,-0.020013254,-1.4848965,-0.7319837,1.6442675
seq-03/frame-000297,1,0.00343067,0.094728,1780,1162,954,0.89,95.71,57.31,14.89,168.81,0.992557729,0.113081908,0.040510581,-0.020013254,-1.4848965,-0.7319837,1.6442675
seq-03/frame-000298,1,0.00724463,0.213008,2406,1438,1121,0.92,116.17,96.61,9.35,223.06,0.992309202,0.114654107,0.043436708,-0.017033390,-1.4815502,-0.7277769,1.6530482
seq-03/frame-000299,1,0.00721623,0.212193,2406,1438,1121,0.93,95.23,110.92,9.35,216.44,0.992309202,0.114654107,0.043436708,-0.017033390,-1.4815502,-0.7277769,1.6530482
seq-03/frame-000300,1,0.00803260,0.287152,2688,1504,1138,0.96,124.75,108.76,16.18,250.67,0.992664416,0.111701128,0.043529194,-0.015666045,-1.4758546,-0.7379157,1.6572056
seq-03/frame-000301,1,0.00366449,0.159914,1519,958,775,0.90,83.39,54.12,6.04,144.45,0.992821064,0.110886689,0.042110116,-0.015401811,-1.4580526,-0.7432607,1.6589988
seq-03/frame-000302,1,0.00362668,0.162140,1519,958,775,0.90,70.95,59.47,8.44,139.76,0.992821064,0.110886689,0.042110116,-0.015401811,-1.4580526,-0.7432607,1.6589988
seq-03/frame-000303,1,0.00881446,0.290583,1739,1139,921,0.92,84.60,69.53,8.19,163.25,0.992302675,0.112557853,0.049684279,-0.014057128,-1.4632346,-0.7413994,1.6673108
seq-03/frame-000304,1,0.01039830,0.343559,2651,1461,1120,0.95,113.73,98.22,9.04,221.95,0.992101929,0.113458605,0.052144039,-0.011912414,-1.4612937,-0.7407045,1.6749166
seq-03/frame-000305,1,0.01036979,0.343011,2651,1461,1120,0.93,129.18,104.96,9.17,244.24,0.992101929,0.113458605,0.052144039,-0.011912414,-1.4612937,-0.7407045,1.6749166
seq-03/frame-000306,1,0.01043652,0.334704,2764,1583,1199,1.36,121.20,112.02,20.53,255.12,0.992281117,0.112568531,0.051142674,-0.009536145,-1.4545268,-0.7462804,1.6809360
seq-03/frame-000307,1,0.00844803,0.310439,2063,1264,1025,1.24,90.44,91.68,8.79,192.17,0.992382240,0.112375090,0.049639802,-0.009231363,-1.4403293,-0.7517831,1.6832692
seq-03/frame-000308,1,0.00839875,0.309350,2063,1264,1025,0.91,94.24,87.94,11.34,194.44,0.992382240,0.112375090,0.049639802,-0.009231363,-1.4403293,-0.7517831,1.6832692
seq-03/frame-000309,1,0.00465180,0.123568,1731,1141,969,0.81,82.37,72.13,7.71,163.03,0.992082188,0.113691150,0.052502177,-0.009527618,-1.4341090,-0.7442098,1.6874817
seq-03/frame-000310,1,0.01183026,0.431558,2770,1562,1198,1.11,124.55,113.42,7.65,246.74,0.992381368,0.109391875,0.056093192,-0.008135861,-1.4352364,-0.7521382,1.6954194
seq-03/frame-000311,1,0.01192617,0.433976,2770,1562,1198,0.95,127.09,115.49,9.98,253.52,0.992381368,0.109391875,0.056093192,-0.008135861,-1.4352364,-0.7521382,1.6954194
seq-03/frame-000312,1,0.01425407,0.484790,2780,1573,1251,1.59,113.74,114.55,13.58,243.47,0.992377152,0.109339483,0.056317301,-0.007799220,-1.4312345,-0.7519327,1.7013410
seq-03/frame-000313,1,0.01425610,0.484735,2780,1573,1251,0.95,107.04,105.26,11.76,225.01,0.992377152,0.109339483,0.056317301,-0.007799220,-1.4312345,-0.7519327,1.7013410
seq-03/frame-000314,1,0.01090186,0.356153,2059,1383,1145,0.86,103.67,92.99,16.05,213.58,0.992470964,0.108121592,0.056818766,-0.009095818,-1.4221882,-0.7517862,1.7031702
seq-03/frame-000315,1,0.00527367,0.172573,1818,1278,1087,0.88,82.97,89.09,10.66,183.61,0.992655777,0.104819922,0.059497022,-0.010363287,-1.4142907,-0.7568865,1.7044272
seq-03/frame-000316,1,0.00528751,0.172875,1818,1278,1087,0.88,80.87,77.09,14.01,172.85,0.992655777,0.104819922,0.059497022,-0.010363287,-1.4142907,-0.7568865,1.7044272
seq-03/frame-000317,1,0.01522978,0.530159,2533,1469,1108,0.93,99.72,112.34,8.72,221.71,0.992522708,0.103193883,0.064594910,-0.008786029,-1.4180189,-0.7601451,1.7131375
seq-03/frame-000318,1,0.01198879,0.440130,2662,1483,1139,0.98,92.56,126.22,7.06,226.82,0.992539195,0.103414089,0.064238277,-0.006701967,-1.4131028,-0.7613005,1.7170325
seq-03/frame-000319,1,0.01199641,0.440519,2662,1483,1139,0.98,108.20,113.70,9.15,232.04,0.992539195,0.103414089,0.064238277,-0.006701967,-1.4131028,-0.7613005,1.7170325
seq-03/frame-000320,1,0.01637056,0.569870,2578,1463,1104,0.95,107.94,111.86,10.53,231.27,0.992578634,0.102660277,0.065002169,-0.004820850,-1.4120330,-0.7647952,1.7217125
seq-03/frame-000321,1,0.00998211,0.349887,1831,1255,1034,0.91,81.58,102.77,20.45,205.71,0.992709447,0.101438069,0.064794643,-0.006318708,-1.3993040,-0.7670383,1.7210984
seq-03/frame-000322,1,0.00983888,0.345383,1831,1255,1034,0.91,86.95,79.58,8.32,175.75,0.992709447,0.101438069,0.064794643,-0.006318708,-1.3993040,-0.7670383,1.7210984
seq-03/frame-000323,1,0.01038308,0.410905,1941,1216,1013,0.88,94.33,90.97,12.08,198.27,0.992675208,0.099172378,0.068548236,-0.007868247,-1.3950171,-0.7748776,1.7239289
seq-03/frame-000324,1,0.01519738,0.528847,2673,1552,1184,0.91,100.56,135.12,6.75,243.35,0.992197848,0.100510962,0.073342149,-0.007868040,-1.3990187,-0.7765322,1.7307880
seq-03/frame-000325,1,0.01863597,0.686808,2544,1399,1082,0.94,107.35,122.95,8.37,239.62,0.992055478,0.100133930,0.075867323,-0.006578330,-1.3988477,-0.7800460,1.7341157
seq-03/frame-000326,1,0.01862648,0.686854,2544,1399,1082,0.93,89.63,102.79,7.49,200.84,0.992055478,0.100133930,0.075867323,-0.006578330,-1.3988477,-0.7800460,1.7341157
seq-03/frame-000327,1,0.01915831,0.672467,2323,1420,1135,0.92,91.59,102.54,17.11,212.16,0.991897024,0.100531695,0.077466794,-0.005706850,-1.3950701,-0.7815820,1.7388118
seq-03/frame-000328,1,0.01743846,0.634065,2462,1449,1174,0.90,95.07,90.58,12.22,198.77,0.991764327,0.099840618,0.080087129,-0.004628530,-1.3919927,-0.7876434,1.7421972
seq-03/frame-000329,1,0.01743535,0.633904,2462,1449,1174,0.89,102.95,106.56,8.27,218.68,0.991764327,0.099840618,0.080087129,-0.004628530,-1.3919927,-0.7876434,1.7421972
seq-03/frame-000330,1,0.01812852,0.636735,2541,1454,1125,1.72,103.18,108.61,15.96,229.47,0.991400253,0.101573559,0.082420437,-0.003901565,-1.3897076,-0.7875800,1.7492950
seq-03/frame-000331,1,0.01072826,0.409742,1883,1267,1060,0.93,100.58,79.85,9.15,190.51,0.991348645,0.101755992,0.082815001,-0.003906237,-1.3787012,-0.7874636,1.7498837
seq-03/frame-000332,1,0.01071057,0.408006,1883,1267,1060,0.92,90.09,70.45,6.39,167.86,0.991348645,0.101755992,0.082815001,-0.003906237,-1.3787012,-0.7874636,1.7498837
seq-03/frame-000333,1,0.00609946,0.261895,1598,1013,855,0.90,85.81,65.70,9.33,161.75,0.991373216,0.100023893,0.084606257,-0.004018501,-1.3683930,-0.7927762,1.7504097
seq-03/frame-000334,1,0.01448008,0.511188,2102,1304,1080,0.90,94.45,89.63,6.81,191.79,0.990569888,0.100351922,0.093239774,-0.002670737,-1.3783228,-0.7964675,1.7624379
seq-03/frame-000335,1,0.01456292,0.514749,2102,1304,1080,0.91,91.15,94.74,7.90,194.70,0.990569888,0.100351922,0.093239774,-0.002670737,-1.3783228,-0.7964675,1.7624379
seq-03/frame-000336,1,0.01719090,0.622204,2387,1431,1145,0.92,104.78,104.76,10.86,221.33,0.990285465,0.099961838,0.096647109,-0.001290773,-1.3778653,-0.8024251,1.7692225
seq-03/frame-000337,1,0.00238619,0.087414,1716,1072,876,0.86,78.09,82.80,9.92,171.68,0.990155298,0.102261321,0.095577581,-0.000183852,-1.3597291,-0.8004350,1.7701006
seq-03/frame-000338,1,0.00253433,0.092958,1716,1072,876,0.87,81.16,66.91,6.80,155.75,0.990155298,0.102261321,0.095577581,-0.000183852,-1.3597291,-0.8004350,1.7701006
seq-03/frame-000339,1,0.00405503,0.149331,1400,871,719,0.92,83.17,55.31,9.87,149.27,0.989517580,0.101934609,0.102293615,0.000557202,-1.3592033,-0.8049373,1.7743787
seq-03/frame-000340,1,0.00405620,0.150411,1400,871,719,0.91,69.09,61.13,7.98,139.11,0.989517580,0.101934609,0.102293615,0.000557202,-1.3592033,-0.8049373,1.7743787
seq-03/frame-000341,1,0.01093352,0.402958,2066,1338,1080,0.93,83.99,92.79,9.31,187.03,0.988752291,0.100683857,0.110560782,0.002825180,-1.3662436,-0.8105334,1.7856187
seq-03/frame-000342,1,0.01712694,0.619592,2760,1495,1139,0.92,115.13,134.10,12.06,262.21,0.988277917,0.100751877,0.114555279,0.005736417,-1.3687771,-0.8149542,1.7964360
seq-03/frame-000343,1,0.01711558,0.619675,2760,1495,1139,0.90,103.57,117.84,10.47,232.78,0.988277917,0.100751877,0.114555279,0.005736417,-1.3687771,-0.8149542,1.7964360
seq-03/frame-000344,1,0.00685079,0.250028,1953,1239,1020,0.88,80.70,69.32,11.20,162.10,0.988275721,0.101100710,0.114223048,0.006545256,-1.3563013,-0.8197655,1.7973090
seq-03/frame-000345,1,0.00385265,0.168640,1524,885,738,0.91,91.79,56.58,8.02,157.30,0.987840355,0.100460030,0.118459036,0.006831662,-1.3496110,-0.8256658,1.8006732
seq-03/frame-000346,1,0.00384244,0.168295,1524,885,738,0.91,83.43,65.53,8.08,157.95,0.987840355,0.100460030,0.118459036,0.006831662,-1.3496110,-0.8256658,1.8006732
seq-03/frame-000347,1,0.00942429,0.350249,2023,1282,1056,0.92,93.84,81.47,8.82,185.05,0.986857695,0.100099638,0.126646164,0.007259551,-1.3560733,-0.8302535,1.8106476
seq-03/frame-000348,1,0.01255868,0.439818,2582,1433,1103,0.88,136.39,125.38,13.13,275.79,0.986069503,0.101348869,0.131584448,0.008993092,-1.3590160,-0.8330674,1.8195922
seq-03/frame-000349,1,0.01259275,0.440699,2582,1433,1103,0.89,116.74,103.88,10.46,231.97,0.986069503,0.101348869,0.131584448,0.008993092,-1.3590160,-0.8330674,1.8195922
seq-03/frame-000350,1,0.00943166,0.321919,2153,1260,989,0.86,91.91,85.61,8.34,186.73,0.985544227,0.102549475,0.134434607,0.010654509,-1.3553530,-0.8379939,1.8253840
seq-03/frame-000351,1,0.00932288,0.316935,2236,1332,1058,0.86,109.24,85.16,6.87,202.14,0.984882482,0.103341107,0.138447045,0.012630469,-1.3533602,-0.8429705,1.8292058
seq-03/frame-000352,1,0.00930603,0.315852,2236,1332,1058,0.86,82.01,97.48,9.64,189.99,0.984882482,0.103341107,0.138447045,0.012630469,-1.3533602,-0.8429705,1.8292058
seq-03/frame-000353,1,0.00837816,0.284354,2163,1233,984,0.86,82.45,94.51,8.34,186.16,0.984113815,0.105505193,0.142097214,0.014036937,-1.3520856,-0.8466438,1.8334862
seq-03/frame-000354,1,0.01254099,0.414844,2410,1302,1009,0.95,99.82,101.29,10.60,212.66,0.983013689,0.109072116,0.146568313,0.017466844,-1.3541517,-0.8439248,1.8398979
seq-03/frame-000355,1,0.01234274,0.405897,2410,1302,1009,1.06,111.74,104.10,15.19,232.09,0.983013689,0.109072116,0.146568313,0.017466844,-1.3541517,-0.8439248,1.8398979
seq-03/frame-000356,1,0.01585749,0.535840,2609,1372,1024,0.96,111.18,99.72,13.21,225.08,0.982451531,0.108735509,0.150330558,0.019138987,-1.3552563,-0.8461803,1.8472827
seq-03/frame-000357,1,0.01184708,0.382348,2262,1227,980,0.95,99.86,101.03,8.85,210.68,0.982378662,0.107512009,0.151643708,0.019429814,-1.3487350,-0.8500386,1.8503187
seq-03/frame-000358,1,0.01185963,0.382218,2262,1227,980,0.96,105.98,91.96,10.72,209.62,0.982378662,0.107512009,0.151643708,0.019429814,-1.3487350,-0.8500386,1.8503187
seq-03/frame-000359,1,0.01217291,0.388379,2492,1344,1039,0.90,109.56,98.69,7.97,217.12,0.981745039,0.106653301,0.156240147,0.019767870,-1.3491037,-0.8485863,1.8552066
seq-03/frame-000360,1,0.01505481,0.496114,2650,1364,991,0.98,110.26,104.33,11.88,227.46,0.981235122,0.103864641,0.161265001,0.019579865,-1.3525349,-0.8549585,1.8644299
seq-03/frame-000361,1,0.01502985,0.495841,2650,1364,991,0.94,114.26,104.35,8.50,228.05,0.981235122,0.103864641,0.161265001,0.019579865,-1.3525349,-0.8549585,1.8644299
seq-03/frame-000362,1,0.01330407,0.457035,2547,1314,962,1.00,86.00,107.51,6.78,201.30,0.980939766,0.102555063,0.163792178,0.020291783,-1.3506394,-0.8598993,1.8692728
seq-03/frame-000363,1,0.00891652,0.259125,2534,1309,967,0.97,119.61,112.67,6.97,240.21,0.980530198,0.103485702,0.165541025,0.021152074,-1.3472732,-0.8570208,1.8713142
seq-03/frame-000364,1,0.01285147,0.411138,2733,1351,979,0.96,117.61,123.30,12.57,254.45,0.979881279,0.102267171,0.169909270,0.022470970,-1.3500382,-0.8597896,1.8794515
seq-03/frame-000365,1,0.01283490,0.410740,2733,1351,979,0.96,123.74,108.09,12.83,245.63,0.979881279,0.102267171,0.169909270,0.022470970,-1.3500382,-0.8597896,1.8794515
seq-03/frame-000366,1,0.01318259,0.443133,2450,1273,975,0.96,92.97,98.92,6.44,199.28,0.979504357,0.099983092,0.173357827,0.022839887,-1.3505329,-0.8668255,1.8833023
seq-03/frame-000367,1,0.01025419,0.321411,2387,1285,976,0.95,107.59,100.15,17.57,226.28,0.978931613,0.100596388,0.176043461,0.024123934,-1.3473241,-0.8659659,1.8870222
seq-03/frame-000368,1,0.00767208,0.213099,2787,1411,1001,0.95,108.77,127.63,9.23,246.59,0.978381165,0.100794288,0.178730012,0.025814537,-1.3460252,-0.8634064,1.8906863
seq-03/frame-000369,1,0.00766560,0.213182,2787,1411,1001,0.96,106.78,115.88,7.28,230.90,0.978381165,0.100794288,0.178730012,0.025814537,-1.3460252,-0.8634064,1.8906863
seq-03/frame-000370,1,0.00881344,0.268605,2646,1341,1013,0.97,108.75,114.36,12.56,236.65,0.978069539,0.098150728,0.181590678,0.027771155,-1.3463997,-0.8695824,1.8950004
seq-03/frame-000371,1,0.00770194,0.217111,2411,1297,977,1.02,106.34,92.21,6.69,206.26,0.977493478,0.098154726,0.184460443,0.029094603,-1.3442206,-0.8704770,1.9005049
seq-03/frame-000372,1,0.00840643,0.232171,2721,1338,1000,0.93,124.93,98.60,10.98,235.46,0.976808288,0.097907491,0.188061456,0.029876088,-1.3453368,-0.8697654,1.9040886
seq-03/frame-000373,1,0.00837291,0.232989,2721,1338,1000,0.95,100.84,106.90,10.50,219.19,0.976808288,0.097907491,0.188061456,0.029876088,-1.3453368,-0.8697654,1.9040886
seq-03/frame-000374,1,0.00663395,0.209653,2859,1361,949,0.98,113.06,97.81,10.27,222.12,0.976435742,0.096343412,0.190523135,0.031497983,-1.3441693,-0.8719513,1.9091554
seq-03/frame-000375,1,0.00776685,0.197361,2887,1411,1021,0.96,126.86,122.13,12.34,262.29,0.975948522,0.095692219,0.193108450,0.032811706,-1.3442104,-0.8714447,1.9154658
seq-03/frame-000376,1,0.00775089,0.196769,2887,1411,1021,0.93,136.50,125.61,18.01,281.05,0.975948522,0.095692219,0.193108450,0.032811706,-1.3442104,-0.8714447,1.9154658
seq-03/frame-000377,1,0.00644936,0.174259,2870,1327,941,0.98,111.72,124.84,11.08,248.62,0.975610456,0.094574193,0.195127990,0.034132512,-1.3434426,-0.8724494,1.9190690
seq-03/frame-000378,1,0.00712914,0.181190,2646,1347,988,0.95,106.63,111.44,8.59,227.62,0.975057623,0.093315417,0.198130655,0.036043146,-1.3443538,-0.8737334,1.9239219
seq-03/frame-000379,1,0.00870798,0.303017,2831,1303,894,1.00,112.77,106.59,10.56,230.92,0.974436020,0.091657475,0.201549171,0.038095698,-1.3455842,-0.8785256,1.9300315
seq-03/frame-000380,1,0.00871355,0.302905,2831,1303,894,1.01,108.23,123.86,9.23,242.34,0.974436020,0.091657475,0.201549171,0.038095698,-1.3455842,-0.8785256,1.9300315
seq-03/frame-000381,1,0.00510635,0.135157,2977,1309,885,1.00,116.81,142.18,9.19,269.19,0.974028435,0.093426328,0.202164873,0.040859423,-1.3438438,-0.8765356,1.9337324
seq-03/frame-000382,1,0.00442860,0.057520,2961,1314,923,1.01,116.84,111.66,8.23,237.74,0.973582714,0.094962775,0.202809835,0.044575123,-1.3419211,-0.8755993,1.9365911
seq-03/frame-000383,1,0.00869334,0.264135,2910,1390,951,0.99,112.48,110.29,20.20,243.97,0.973066659,0.093752042,0.205205644,0.047354793,-1.3448375,-0.8791294,1.9387531
seq-03/frame-000384,1,0.00869319,0.265171,2910,1390,951,0.99,115.24,111.97,16.12,244.31,0.973066659,0.093752042,0.205205644,0.047354793,-1.3448375,-0.8791294,1.9387531
seq-03/frame-000385,1,0.00482904,0.064900,2637,1276,945,0.98,110.24,90.73,8.84,210.80,0.972699891,0.094716464,0.205978248,0.049564857,-1.3396460,-0.8768296,1.9415994
seq-03/frame-000386,1,0.00223474,0.140578,2914,1321,906,1.00,125.03,105.34,7.58,238.95,0.972329540,0.094197941,0.207269671,0.052357398,-1.3367861,-0.8786529,1.9417669
seq-03/frame-000387,1,0.00223256,0.141032,2914,1321,906,1.00,116.55,128.85,9.30,255.70,0.972329540,0.094197941,0.207269671,0.052357398,-1.3367861,-0.8786529,1.9417669
seq-03/frame-000388,1,0.00634613,0.123350,2788,1231,852,1.40,114.66,129.60,6.35,252.02,0.971642983,0.095089579,0.209349846,0.055140974,-1.3380829,-0.8769886,1.9494570
seq-03/frame-000389,1,0.00630685,0.159851,2879,1363,971,0.96,127.25,108.12,13.76,250.10,0.971594611,0.093773329,0.209869193,0.056261854,-1.3344374,-0.8793319,1.9504320
seq-03/frame-000390,1,0.00607292,0.112870,2866,1408,1001,0.91,126.39,129.99,14.07,271.36,0.971271107,0.093160127,0.211576552,0.056471138,-1.3318430,-0.8766419,1.9517513
seq-03/frame-000391,1,0.00525907,0.098720,3007,1310,914,1.00,105.76,123.36,9.49,239.62,0.970874111,0.091960898,0.213421553,0.058291471,-1.3295869,-0.8759772,1.9564530
seq-03/frame-000392,1,0.00527093,0.099041,3007,1310,914,1.04,115.10,104.89,11.54,232.57,0.970874111,0.091960898,0.213421553,0.058291471,-1.3295869,-0.8759772,1.9564530
seq-03/frame-000393,1,0.00633695,0.155319,2895,1332,923,1.02,103.84,105.63,16.58,227.06,0.971096636,0.089007964,0.213627085,0.058415532,-1.3275599,-0.8810444,1.9590463
seq-03/frame-000394,1,0.00423721,0.144363,2248,1206,910,0.89,110.08,97.21,10.97,219.15,0.971647380,0.084375407,0.213458912,0.056722592,-1.3177276,-0.8879697,1.9559891
seq-03/frame-000395,1,0.00524810,0.140640,2142,1133,845,0.86,107.07,73.08,11.35,192.36,0.970813481,0.083039713,0.218284273,0.054567092,-1.3165044,-0.8845829,1.9593802
seq-03/frame-000396,1,0.00541416,0.136269,3031,1401,967,0.98,122.20,119.01,9.02,251.22,0.970240771,0.079793035,0.222140621,0.054032042,-1.3153314,-0.8866297,1.9648192
seq-03/frame-000397,1,0.00540797,0.135898,3031,1401,967,1.25,121.70,127.02,13.57,263.55,0.970240771,0.079793035,0.222140621,0.054032042,-1.3153314,-0.8866297,1.9648192
seq-03/frame-000398,1,0.00589855,0.212756,2813,1180,803,1.04,111.47,137.27,10.25,260.03,0.970117059,0.079296880,0.222802821,0.054256794,-1.3121464,-0.8872282,1.9681812
seq-03/frame-000399,1,0.00547774,0.218838,2933,1336,915,0.94,109.53,103.37,16.51,230.35,0.970584296,0.077312883,0.221166049,0.055447463,-1.3038632,-0.8896739,1.9675058
seq-03/frame-000400,1,0.00814155,0.342586,2336,1296,990,0.92,103.39,94.93,14.89,214.13,0.970625203,0.072094274,0.223105919,0.053971099,-1.2978890,-0.8978455,1.9679410
seq-03/frame-000401,1,0.00807780,0.340295,2336,1296,990,1.27,106.02,84.73,15.92,207.96,0.970625203,0.072094274,0.223105919,0.053971099,-1.2978890,-0.8978455,1.9679410
seq-03/frame-000402,1,0.00814410,0.215841,2523,1202,874,0.95,111.02,101.97,11.30,225.24,0.969588601,0.073456215,0.227172477,0.053803298,-1.2956617,-0.8921751,1.9736781
seq-03/frame-000403,1,0.00756208,0.346211,2800,1331,973,1.03,129.81,117.30,9.94,258.07,0.969680871,0.073107197,0.226432397,0.055702032,-1.2870450,-0.8921820,1.9753821
seq-03/frame-000404,1,0.00666540,0.291529,2814,1418,1063,1.02,107.34,102.89,7.46,218.72,0.970076394,0.073415006,0.224566064,0.055965253,-1.2802876,-0.8924840,1.9798101
seq-03/frame-000405,1,0.00932598,0.417003,2404,1391,1101,1.34,105.81,96.24,15.94,219.34,0.970230728,0.070391093,0.225098127,0.055029641,-1.2727994,-0.8990760,1.9784075
seq-03/frame-000406,1,0.00932360,0.417142,2404,1391,1101,0.97,91.52,99.16,10.46,202.12,0.970230728,0.070391093,0.225098127,0.055029641,-1.2727994,-0.8990760,1.9784075
seq-03/frame-000407,1,0.00828598,0.348291,2919,1433,1002,1.00,127.84,108.82,12.21,249.88,0.969711296,0.072947609,0.226253946,0.056105273,-1.2667054,-0.8960854,1.9849782
seq-03/frame-000408,1,0.00650143,0.336457,3003,1376,987,1.11,147.20,110.39,9.16,267.87,0.969887536,0.074552550,0.224612018,0.057528485,-1.2564573,-0.8951804,1.9866010
seq-03/frame-000409,1,0.00711924,0.367462,3007,1459,1014,0.95,124.92,121.08,9.92,256.87,0.969936702,0.076604936,0.223456092,0.058496608,-1.2493598,-0.8954939,1.9902310
seq-03/frame-000410,1,0.00901191,0.465866,2708,1441,1067,0.96,133.91,122.66,16.94,274.48,0.970218489,0.075980989,0.222777363,0.057212064,-1.2401600,-0.9003858,1.9895574
seq-03/frame-000411,1,0.00898071,0.465558,2708,1441,1067,0.90,129.76,102.24,18.15,251.04,0.970218489,0.075980989,0.222777363,0.057212064,-1.2401600,-0.9003858,1.9895574
seq-03/frame-000412,1,0.00734609,0.304357,2865,1412,1012,1.02,107.38,125.98,15.10,249.49,0.969791968,0.079159166,0.223451502,0.057504706,-1.2343599,-0.8955051,1.9936065
seq-03/frame-000413,1,0.00700226,0.383700,2561,1258,879,0.93,102.04,115.00,10.94,228.92,0.970152021,0.080161068,0.221626674,0.057104080,-1.2243731,-0.8978331,1.9990345
seq-03/frame-000414,1,0.00512562,0.275403,2829,1312,931,0.97,118.43,116.03,13.04,248.48,0.970229930,0.084005607,0.219719835,0.057620613,-1.2183660,-0.8973651,2.0017030
seq-03/frame-000415,1,0.00516640,0.278229,2829,1312,931,0.97,112.64,115.25,13.25,242.12,0.970229930,0.084005607,0.219719835,0.057620613,-1.2183660,-0.8973651,2.0017030
seq-03/frame-000416,1,0.00845902,0.366758,3025,1472,1058,0.97,95.49,124.05,19.77,240.29,0.970620956,0.084297405,0.217782102,0.057964326,-1.2129007,-0.8960926,1.9994448
seq-03/frame-000417,1,0.00756844,0.320557,2904,1357,961,0.99,103.64,116.94,7.29,228.86,0.970914483,0.082157795,0.217502073,0.057166533,-1.2051700,-0.8987105,2.0060158
seq-03/frame-000418,1,0.00666892,0.309093,2986,1341,951,0.98,126.94,125.99,12.10,266.01,0.971143953,0.083146859,0.216440520,0.055852698,-1.1974911,-0.9002597,2.0090576
seq-03/frame-000419,1,0.00765074,0.364234,2803,1319,951,1.04,125.18,108.60,8.94,243.76,0.971405859,0.083636444,0.215126452,0.055643612,-1.1913248,-0.9011922,2.0126974
seq-03/frame-000420,1,0.00763628,0.362750,2803,1319,951,1.04,120.98,138.51,11.96,272.51,0.971405859,0.083636444,0.215126452,0.055643612,-1.1913248,-0.9011922,2.0126974
seq-03/frame-000421,1,0.00407880,0.238634,2903,1420,1008,0.96,99.73,116.47,10.32,227.49,0.972118559,0.082722031,0.212510225,0.054607483,-1.1809817,-0.9044779,2.0115942
seq-03/frame-000422,1,0.00763764,0.356199,2727,1468,1116,0.95,107.46,108.18,12.57,229.16,0.971890093,0.082155103,0.214278153,0.052583829,-1.1783961,-0.9095690,2.0134287
seq-03/frame-000423,1,0.00888824,0.388682,2571,1396,1047,0.95,104.48,102.80,23.04,231.29,0.971645748,0.081576352,0.215925388,0.051245158,-1.1744902,-0.9098566,2.0130265
seq-03/frame-000424,1,0.00887010,0.388969,2571,1396,1047,1.30,113.54,91.56,14.69,221.10,0.971645748,0.081576352,0.215925388,0.051245158,-1.1744902,-0.9098566,2.0130265
seq-03/frame-000425,1,0.00641026,0.316236,2731,1373,1022,0.97,100.85,116.31,12.94,231.07,0.971473519,0.081395522,0.216668276,0.051660715,-1.1672980,-0.9094918,2.0142921
seq-03/frame-000426,1,0.00795261,0.408914,2840,1449,1050,0.99,109.48,110.69,12.00,233.16,0.971160979,0.080652906,0.217940358,0.053324123,-1.1631595,-0.9113300,2.0163838
seq-03/frame-000427,1,0.00796324,0.410433,2840,1449,1050,0.99,124.77,94.86,8.35,228.98,0.971160979,0.080652906,0.217940358,0.053324123,-1.1631595,-0.9113300,2.0163838
seq-03/frame-000428,1,0.00823089,0.412645,2795,1504,1141,0.96,110.78,106.21,17.13,235.08,0.970981234,0.080591696,0.218635697,0.053841011,-1.1584539,-0.9138537,2.0173053
seq-03/frame-000429,1,0.00742174,0.326947,2301,1247,963,2.10,92.64,89.09,7.23,191.06,0.970918300,0.080172213,0.219305670,0.052868659,-1.1518335,-0.9144169,2.0138542
seq-03/frame-000430,1,0.00759304,0.335234,2548,1371,1065,0.91,115.90,122.34,13.21,252.37,0.970259543,0.077706681,0.223217275,0.052269863,-1.1493007,-0.9158597,2.0161861
seq-03/frame-000431,1,0.00753352,0.420692,2746,1494,1144,0.92,120.79,93.29,12.83,227.84,0.969919920,0.076689896,0.225228649,0.051439914,-1.1433181,-0.9198983,2.0200867
seq-03/frame-000432,1,0.00752629,0.420474,2746,1494,1144,0.91,106.34,105.00,15.52,227.77,0.969919920,0.076689896,0.225228649,0.051439914,-1.1433181,-0.9198983,2.0200867
seq-03/frame-000433,1,0.00512300,0.285142,2057,1170,912,0.91,107.75,72.09,8.23,188.98,0.969158275,0.077982859,0.227913355,0.052023203,-1.1384684,-0.9210449,2.0202048
seq-03/frame-000434,1,0.00770997,0.384609,2449,1289,1007,0.93,116.43,110.78,8.98,237.12,0.968230019,0.078079940,0.231403055,0.053728754,-1.1362018,-0.9204935,2.0199521
seq-03/frame-000435,1,0.00737701,0.386915,2890,1527,1136,0.96,129.22,121.40,10.38,261.97,0.967685538,0.077769518,0.233328951,0.055625553,-1.1326918,-0.9209892,2.0220991
seq-03/frame-000436,1,0.00700516,0.323917,2846,1526,1132,0.96,113.38,99.88,15.51,229.74,0.966893695,0.079159348,0.235733445,0.057272363,-1.1312150,-0.9219586,2.0259079
seq-03/frame-000437,1,0.00701970,0.324674,2846,1526,1132,0.96,109.56,105.60,13.27,229.41,0.966893695,0.079159348,0.235733445,0.057272363,-1.1312150,-0.9219586,2.0259079
seq-03/frame-000438,1,0.00845880,0.373647,2231,1265,983,0.93,108.98,94.98,11.10,215.99,0.966505283,0.077439559,0.238170357,0.056085065,-1.1283953,-0.9259335,2.0247227
seq-03/frame-000439,1,0.00654708,0.299841,2200,1257,1002,0.94,98.85,104.34,15.69,219.82,0.965593175,0.076588262,0.242093117,0.056169219,-1.1236585,-0.9272235,2.0280657
seq-03/frame-000440,1,0.00782413,0.392019,2980,1526,1124,0.98,114.92,114.82,12.46,243.19,0.964533718,0.077646698,0.245682413,0.057322331,-1.1229618,-0.9269056,2.0330629
seq-03/frame-000441,1,0.00627460,0.307096,2911,1494,1104,1.00,112.74,100.21,8.42,222.38,0.963970095,0.078756908,0.246903425,0.059980871,-1.1199954,-0.9260737,2.0352928
seq-03/frame-000442,1,0.00905786,0.509005,2379,1413,1099,0.93,104.57,99.17,12.08,216.76,0.963929643,0.075716572,0.247947292,0.060239386,-1.1141336,-0.9350099,2.0345259
seq-03/frame-000443,1,0.00908538,0.510253,2379,1413,1099,0.92,108.21,97.20,11.13,217.46,0.963929643,0.075716572,0.247947292,0.060239386,-1.1141336,-0.9350099,2.0345259
seq-03/frame-000444,1,0.00583139,0.232686,2313,1262,982,0.94,129.19,89.99,9.15,229.27,0.962415313,0.078040442,0.252657215,0.061893346,-1.1135370,-0.9314469,2.0383265
seq-03/frame-000445,1,0.00751676,0.385592,3073,1468,1093,1.03,106.87,126.40,9.49,243.80,0.961484685,0.078057288,0.255772109,0.063520766,-1.1130672,-0.9322360,2.0444086
seq-03/frame-000446,1,0.00460969,0.233024,3001,1494,1086,1.03,132.73,121.11,11.49,266.36,0.961323338,0.080506622,0.255102594,0.065565160,-1.1094977,-0.9314989,2.0503603
seq-03/frame-000447,1,0.00777375,0.415570,2667,1526,1171,0.95,98.38,91.94,8.31,199.59,0.961522380,0.077987824,0.255457834,0.064295471,-1.1062496,-0.9411367,2.0494993
seq-03/frame-000448,1,0.00753033,0.372208,2157,1260,998,0.95,95.49,80.91,7.89,185.23,0.960644379,0.077090659,0.259274848,0.063213607,-1.1040330,-0.9444506,2.0506624
seq-03/frame-000449,1,0.00896419,0.471622,2952,1542,1149,1.01,132.93,119.92,14.13,268.00,0.959735223,0.076981865,0.262519043,0.063763980,-1.1030213,-0.9448252,2.0538836
seq-03/frame-000450,1,0.00894232,0.470694,2952,1542,1149,1.00,120.75,127.36,20.91,270.03,0.959735223,0.076981865,0.262519043,0.063763980,-1.1030213,-0.9448252,2.0538836
seq-03/frame-000451,1,0.01012216,0.600780,2996,1535,1115,0.97,128.31,121.47,11.00,261.76,0.959300574,0.077609150,0.263594139,0.065094992,-1.0996123,-0.9481012,2.0590880
seq-03/frame-000452,1,0.00982375,0.523010,2688,1537,1185,0.95,129.65,102.68,8.17,241.46,0.958787822,0.078757426,0.264831565,0.066237618,-1.0972524,-0.9509828,2.0582609
seq-03/frame-000453,1,0.01064065,0.526184,2728,1500,1163,0.96,133.88,120.63,11.15,266.62,0.957922068,0.078725399,0.267718686,0.067188752,-1.0960524,-0.9510618,2.0578770
seq-03/frame-000454,1,0.00579664,0.280525,3021,1546,1117,1.03,110.74,131.02,8.95,251.74,0.956557315,0.080645647,0.271629129,0.068644002,-1.0968032,-0.9466548,2.0679330
seq-03/frame-000455,1,0.00834232,0.437770,3214,1629,1169,0.98,109.56,141.31,18.24,270.10,0.956616818,0.078742089,0.271817574,0.069275927,-1.0941644,-0.9480464,2.0655884
seq-03/frame-000456,1,0.00680772,0.378634,2970,1494,1104,1.21,107.51,112.41,9.50,230.63,0.956264596,0.077138837,0.273291830,0.070136991,-1.0914348,-0.9500592,2.0701975
seq-03/frame-000457,1,0.00681592,0.378860,2970,1494,1104,0.99,122.71,112.91,9.53,246.15,0.956264596,0.077138837,0.273291830,0.070136991,-1.0914348,-0.9500592,2.0701975
seq-03/frame-000458,1,0.00741611,0.350937,2943,1488,1135,1.00,113.10,118.57,7.97,240.64,0.955394711,0.076748650,0.276215295,0.070962682,-1.0923880,-0.9515715,2.0739038
seq-03/frame-000459,1,0.00886963,0.490937,2798,1500,1157,1.00,118.22,109.24,9.35,237.81,0.955208940,0.074515179,0.277579073,0.070521113,-1.0891712,-0.9551600,2.0733445
seq-03/frame-000460,1,0.00764931,0.385367,2938,1543,1157,1.01,124.51,110.64,17.53,253.69,0.954496444,0.075381445,0.279647492,0.071073593,-1.0877607,-0.9535382,2.0751331
seq-03/frame-000461,1,0.00745802,0.386980,3021,1459,1099,1.04,126.17,119.85,10.96,258.02,0.953921018,0.075395636,0.281376875,0.071953065,-1.0861559,-0.9538709,2.0758412
seq-03/frame-000462,1,0.00963797,0.511651,2878,1538,1164,1.00,126.34,125.44,16.65,269.44,0.953581973,0.073319386,0.282957097,0.072394542,-1.0840051,-0.9584499,2.0763107
seq-03/frame-000463,1,0.00941205,0.474105,2595,1435,1116,1.34,117.54,103.86,11.70,234.44,0.952692000,0.072889164,0.286173901,0.071900079,-1.0843635,-0.9599054,2.0771532
seq-03/frame-000464,1,0.00858367,0.426859,3060,1567,1137,1.03,130.41,145.51,8.86,285.81,0.951698261,0.074346242,0.288875250,0.072760888,-1.0836865,-0.9574854,2.0790354
seq-03/frame-000465,1,0.00647536,0.312800,2982,1390,1038,1.09,121.99,134.91,7.35,265.34,0.951252010,0.076200614,0.289545772,0.074002207,-1.0824331,-0.9543396,2.0803280
seq-03/frame-000466,1,0.00746110,0.401585,2987,1484,1060,1.08,130.92,138.65,12.08,282.73,0.951025857,0.074925652,0.290523449,0.074378035,-1.0815193,-0.9567646,2.0821926
seq-03/frame-000467,1,0.00749953,0.397048,3182,1539,1136,1.26,115.82,122.42,10.99,250.49,0.950801635,0.074509772,0.291234847,0.074878630,-1.0811854,-0.9563887,2.0828617
seq-03/frame-000468,1,0.00794698,0.411231,2946,1491,1126,1.02,110.98,126.30,14.53,252.84,0.950582484,0.074798361,0.291686404,0.075612095,-1.0810841,-0.9540311,2.0851076
seq-03/frame-000469,1,0.00593235,0.359117,2068,1155,922,0.91,99.61,97.42,11.44,209.40,0.950863032,0.079162885,0.289022157,0.077839093,-1.0805254,-0.9459384,2.0924097
seq-03/frame-000470,1,0.00601374,0.361847,2068,1155,922,0.91,96.20,98.97,12.57,208.66,0.950863032,0.079162885,0.289022157,0.077839093,-1.0805254,-0.9459384,2.0924097
seq-03/frame-000471,1,0.00698677,0.379971,2416,1349,1062,0.96,92.38,121.62,12.09,227.06,0.952232503,0.077858281,0.284583244,0.078763737,-1.0816370,-0.9509144,2.0938753
seq-03/frame-000472,1,0.00676582,0.392444,3044,1502,1106,1.06,120.19,135.31,14.42,270.98,0.953313988,0.076066547,0.281501462,0.078506350,-1.0784132,-0.9538982,2.0918409
seq-03/frame-000473,1,0.00670350,0.392780,2941,1521,1156,1.22,112.16,117.09,10.29,240.76,0.953566376,0.075894484,0.281110701,0.076993299,-1.0796610,-0.9528524,2.0969205
seq-03/frame-000474,1,0.00781056,0.435685,2851,1562,1140,0.95,136.22,113.71,11.03,261.92,0.954317151,0.074115739,0.279649307,0.074712100,-1.0817733,-0.9538727,2.1013224
seq-03/frame-000475,1,0.00798754,0.483234,2721,1472,1112,0.96,112.27,96.42,9.23,218.89,0.955287811,0.072729727,0.276955745,0.073696001,-1.0801365,-0.9540052,2.1032820
seq-03/frame-000476,1,0.00590575,0.363182,2345,1362,1035,0.89,102.34,85.90,17.49,206.62,0.956079411,0.072791771,0.274488628,0.072591395,-1.0817432,-0.9510800,2.1090444
seq-03/frame-000477,1,0.00760092,0.422595,2547,1446,1080,0.91,117.91,91.38,12.31,222.51,0.957015153,0.069863553,0.272282968,0.071435747,-1.0840807,-0.9519590,2.1150418
seq-03/frame-000478,1,0.00912326,0.545389,2329,1320,1029,0.94,110.63,92.02,9.55,213.14,0.958349822,0.067546557,0.268398712,0.070464270,-1.0832415,-0.9541138,2.1165385
seq-03/frame-000479,1,0.00964115,0.571086,2329,1320,1029,0.93,114.77,114.56,7.24,237.51,0.958349822,0.067546557,0.268398712,0.070464270,-1.0832415,-0.9541138,2.1165385
seq-03/frame-000480,1,0.00567787,0.353469,2113,1208,943,1.19,119.75,94.69,13.47,229.11,0.959469015,0.066835121,0.264621196,0.070198993,-1.0829406,-0.9504509,2.1200482
seq-03/frame-000481,1,0.00591053,0.322499,2639,1384,1048,0.93,120.97,121.57,12.92,256.39,0.960382348,0.063138429,0.262528007,0.068980657,-1.0855823,-0.9523960,2.1267796
seq-03/frame-000482,1,0.00782017,0.482081,2920,1502,1100,0.94,114.38,104.95,14.96,235.23,0.961612612,0.059840757,0.259107607,0.067701670,-1.0836236,-0.9551071,2.1268395
seq-03/frame-000483,1,0.00594086,0.395778,2352,1074,749,0.88,109.83,99.41,9.50,219.62,0.962650495,0.056927832,0.256132981,0.066776816,-1.0813225,-0.9507935,2.1266639
seq-03/frame-000484,1,0.00330204,0.131642,2814,1453,1075,0.92,98.78,133.55,10.87,244.13,0.962769031,0.054797947,0.256146504,0.066797808,-1.0850553,-0.9495710,2.1387689
seq-03/frame-000485,1,0.00580043,0.373522,2656,1450,1068,1.15,126.25,99.39,14.75,241.55,0.963800693,0.051228388,0.253390501,0.065246695,-1.0852785,-0.9508956,2.1380537
seq-03/frame-000486,1,0.00579944,0.374005,2656,1450,1068,0.89,106.79,125.32,9.25,242.26,0.963800693,0.051228388,0.253390501,0.065246695,-1.0852785,-0.9508956,2.1380537
seq-03/frame-000487,1,0.00811408,0.470839,1940,891,591,0.89,97.96,78.73,10.54,188.13,0.965170097,0.047127771,0.249194307,0.064248383,-1.0820898,-0.9465011,2.1345262
seq-03/frame-000488,1,0.00816304,0.435999,2230,1086,769,0.89,107.59,95.16,22.27,225.91,0.965436492,0.038408531,0.249900027,0.063301987,-1.0846105,-0.9508949,2.1411197
seq-03/frame-000489,1,0.00510405,0.333047,2755,1375,997,0.97,120.34,104.92,19.96,246.20,0.965786651,0.035456831,0.249248933,0.062240881,-1.0855417,-0.9487128,2.1496060
seq-03/frame-000490,1,0.00512027,0.334331,2755,1375,997,0.89,104.97,113.66,12.76,232.29,0.965786651,0.035456831,0.249248933,0.062240881,-1.0855417,-0.9487128,2.1496060
seq-03/frame-000491,1,0.00561352,0.344649,2551,1281,917,0.89,93.91,97.70,17.72,210.22,0.966309176,0.032406493,0.247467197,0.062899781,-1.0859897,-0.9481388,2.1543731
seq-03/frame-000492,1,0.00420182,0.308651,2394,1180,852,1.06,101.12,100.77,21.90,224.84,0.967014105,0.028214856,0.245517440,0.061715716,-1.0856105,-0.9461786,2.1544103
seq-03/frame-000493,1,0.00532891,0.336011,2650,1289,922,0.96,115.14,108.18,14.83,239.11,0.967332902,0.022624559,0.245165382,0.060407957,-1.0859662,-0.9482740,2.1579013
seq-03/frame-000494,1,0.00494726,0.288525,2746,1425,1027,0.99,114.69,115.70,19.23,250.62,0.967437777,0.019919545,0.245259424,0.059288909,-1.0872633,-0.9463815,2.1601877
seq-03/frame-000495,1,0.00494614,0.288797,2746,1425,1027,0.98,113.93,108.59,13.35,236.86,0.967437777,0.019919545,0.245259424,0.059288909,-1.0872633,-0.9463815,2.1601877
seq-03/frame-000496,1,0.00756636,0.468470,2618,1279,914,0.98,109.03,109.57,13.21,232.80,0.967349147,0.014860258,0.246160916,0.058477383,-1.0880525,-0.9493384,2.1625835
seq-03/frame-000497,1,0.00520620,0.310564,2618,1228,849,0.98,113.08,101.81,10.93,226.80,0.967373976,0.013127001,0.246379421,0.057553908,-1.0887734,-0.9446087,2.1641397
seq-03/frame-000498,1,0.01008878,0.600052,3105,1393,922,1.02,135.31,140.13,11.08,287.54,0.967489923,0.007523357,0.246474195,0.056188248,-1.0879244,-0.9490827,2.1647247
seq-03/frame-000499,1,0.01008291,0.599757,3105,1393,922,1.02,114.12,142.55,11.29,268.98,0.967489923,0.007523357,0.246474195,0.056188248,-1.0879244,-0.9490827,2.1647247
seq-03/frame-000500,1,0.00594724,0.386104,2960,1291,873,0.99,112.86,125.68,16.46,255.99,0.967127219,0.006644117,0.247982228,0.055907172,-1.0896525,-0.9451809,2.1690812
seq-03/frame-000501,1,0.00270741,0.108202,2348,1151,785,0.96,107.62,93.24,7.29,209.11,0.967076674,0.005262094,0.248000479,0.056839941,-1.0887705,-0.9399865,2.1694793
seq-03/frame-000502,1,0.00351125,0.170209,2821,1244,863,1.00,131.58,104.55,9.52,246.65,0.966859854,0.000719128,0.249042700,0.056207100,-1.0893886,-0.9392582,2.1704125
seq-03/frame-000503,1,0.00619317,0.277340,2979,1406,1013,1.70,141.18,140.97,17.39,301.25,0.966522353,-0.002960620,0.250486196,0.055519735,-1.0915313,-0.9405936,2.1715005
seq-03/frame-000504,1,0.00618726,0.277548,2979,1406,1013,1.01,103.88,114.47,13.94,233.30,0.966522353,-0.002960620,0.250486196,0.055519735,-1.0915313,-0.9405936,2.1715005
seq-03/frame-000505,1,0.00751540,0.484471,2462,1180,797,0.97,96.45,102.30,10.85,210.58,0.966954643,-0.007861686,0.248797911,0.055104548,-1.0864026,-0.9408512,2.1684692
seq-03/frame-000506,1,0.00624977,0.287047,3270,1514,1028,1.02,124.12,127.97,19.30,272.41,0.966303714,-0.009128686,0.251184272,0.055500097,-1.0924409,-0.9361135,2.1730994
seq-03/frame-000507,1,0.00546604,0.234826,3048,1451,977,1.01,112.21,153.98,26.53,293.74,0.966488500,-0.011372600,0.250400105,0.055411466,-1.0913647,-0.9349562,2.1725690
seq-03/frame-000508,1,0.00648206,0.310998,3203,1489,981,1.03,119.63,119.17,10.42,250.25,0.966187268,-0.014014270,0.251459355,0.055262604,-1.0928866,-0.9334007,2.1746432
seq-03/frame-000509,1,0.00648445,0.310521,3203,1489,981,1.03,143.01,117.34,16.78,278.16,0.966187268,-0.014014270,0.251459355,0.055262604,-1.0928866,-0.9334007,2.1746432
seq-03/frame-000510,1,0.00480998,0.194364,3341,1490,984,0.99,124.42,137.12,18.01,280.55,0.966275366,-0.013248952,0.251020246,0.055903653,-1.0934366,-0.9275582,2.1789699
seq-03/frame-000511,1,0.00506614,0.342118,3428,1527,1013,0.99,117.39,130.08,24.65,273.12,0.966909020,-0.016946977,0.248339637,0.055921117,-1.0915941,-0.9294048,2.1775747
seq-03/frame-000512,1,0.00592359,0.295906,3558,1655,1106,1.03,129.90,198.20,10.82,339.95,0.966959088,-0.017899998,0.248040207,0.056087154,-1.0943855,-0.9267997,2.1797461
seq-03/frame-000513,1,0.00760141,0.375741,3470,1535,1009,1.09,125.96,203.21,11.78,342.04,0.966855150,-0.019170002,0.248632262,0.054823610,-1.0968178,-0.9259729,2.1827073
seq-03/frame-000514,1,0.00759690,0.375373,3470,1535,1009,1.10,122.39,203.02,14.58,341.10,0.966855150,-0.019170002,0.248632262,0.054823610,-1.0968178,-0.9259729,2.1827073
seq-03/frame-000515,1,0.00723586,0.338043,3334,1507,1008,1.09,131.60,197.49,18.14,348.32,0.967089745,-0.019818729,0.247894485,0.053786304,-1.0970704,-0.9249909,2.1816891
seq-03/frame-000516,1,0.00592759,0.281518,2981,1392,973,1.00,125.10,164.62,11.80,302.53,0.967263413,-0.018175975,0.247099037,0.054892524,-1.0972424,-0.9201036,2.1857157
seq-03/frame-000517,1,0.00179421,0.167399,2356,1100,765,0.96,102.66,188.76,8.77,301.14,0.968545605,-0.016774709,0.242202118,0.054554131,-1.0951177,-0.9180277,2.1877466
seq-03/frame-000518,1,0.00530899,0.387469,3072,1362,921,1.01,124.68,164.60,20.12,310.41,0.969463836,-0.018289655,0.239015517,0.051739168,-1.0977588,-0.9213441,2.1866981
seq-03/frame-000519,1,0.00637376,0.252861,2870,1297,912,1.48,151.69,138.51,7.97,299.66,0.969730151,-0.015230351,0.238293288,0.051066431,-1.1022328,-0.9152154,2.1907761
seq-03/frame-000520,1,0.00629900,0.250641,2870,1297,912,2.60,111.50,117.69,8.61,240.40,0.969730151,-0.015230351,0.238293288,0.051066431,-1.1022328,-0.9152154,2.1907761
seq-03/frame-000521,1,0.00959638,0.363205,2268,1054,742,0.95,132.37,101.79,16.54,251.65,0.970424857,-0.014196050,0.235829766,0.049582155,-1.1060510,-0.9143496,2.1955820
seq-03/frame-000522,1,0.00655606,0.241698,2311,1105,766,0.97,104.81,93.38,18.30,217.48,0.971685680,-0.013095715,0.230750951,0.049086047,-1.1057300,-0.9135512,2.1942179
seq-03/frame-000523,1,0.00354617,0.231053,2089,1005,729,0.98,100.42,92.51,8.37,202.29,0.972986827,-0.012756591,0.225086924,0.049696882,-1.1039501,-0.9144533,2.1931092
seq-03/frame-000524,1,0.00353891,0.232414,2089,1005,729,0.97,101.59,96.91,8.23,207.71,0.972986827,-0.012756591,0.225086924,0.049696882,-1.1039501,-0.9144533,2.1931092
seq-03/frame-000525,1,0.00534247,0.317972,1623,770,550,0.91,83.45,69.86,7.26,161.48,0.974098117,-0.012743534,0.220070174,0.050394240,-1.1051716,-0.9152466,2.1973558
seq-03/frame-000526,1,0.00842987,0.327510,1719,698,449,0.90,92.61,73.98,8.17,175.67,0.975585741,-0.010503527,0.213559702,0.050143704,-1.1105949,-0.9145901,2.2037584
seq-03/frame-000527,1,0.00229516,0.269819,2060,1012,693,0.91,99.60,103.06,11.27,214.84,0.977852904,-0.009983530,0.202916870,0.050286887,-1.1072821,-0.9115683,2.1947255
seq-03/frame-000528,1,0.00229069,0.269714,2060,1012,693,1.18,110.56,93.26,15.58,220.59,0.977852904,-0.009983530,0.202916870,0.050286887,-1.1072821,-0.9115683,2.1947255
seq-03/frame-000529,1,0.00712594,0.149096,1696,784,523,0.91,76.51,75.41,14.10,166.93,0.978299123,-0.010484537,0.200116129,0.052672912,-1.1117586,-0.9104282,2.2057019
seq-03/frame-000530,1,0.00538715,0.203467,1579,657,414,0.91,76.22,71.24,9.34,157.71,0.979877944,-0.012089664,0.192262269,0.052232888,-1.1160031,-0.9124954,2.2067465
seq-03/frame-000531,1,0.00535688,0.199750,1579,657,414,0.92,83.11,61.17,11.68,156.89,0.979877944,-0.012089664,0.192262269,0.052232888,-1.1160031,-0.9124954,2.2067465
seq-03/frame-000532,1,0.00230713,0.154828,2054,931,645,0.92,88.73,83.90,12.15,185.70,0.981741907,-0.012268197,0.182806212,0.051129325,-1.1129837,-0.9106003,2.2032885
seq-03/frame-000533,1,0.00472566,0.136133,2014,861,552,0.89,96.21,92.39,6.73,196.22,0.982575810,-0.012173831,0.178066139,0.051855808,-1.1143407,-0.9072541,2.2081075
seq-03/frame-000534,1,0.00467891,0.134878,2014,861,552,0.88,92.90,68.89,9.23,171.90,0.982575810,-0.012173831,0.178066139,0.051855808,-1.1143407,-0.9072541,2.2081075
seq-03/frame-000535,1,0.00334175,0.113719,2355,983,644,0.91,103.19,111.96,11.21,227.28,0.983610025,-0.015590427,0.172897598,0.048730658,-1.1179913,-0.9093350,2.2076216
seq-03/frame-000536,1,0.00224369,0.072299,2317,1019,648,0.89,120.88,113.05,16.35,251.17,0.984324513,-0.017358753,0.169117652,0.046937698,-1.1193058,-0.9075658,2.2081088
seq-03/frame-000537,1,0.00225737,0.072544,2317,1019,648,0.90,104.86,99.78,19.95,225.50,0.984324513,-0.017358753,0.169117652,0.046937698,-1.1193058,-0.9075658,2.2081088
seq-03/frame-000538,1,0.00359789,0.231924,1973,901,611,0.91,78.10,79.46,10.80,169.27,0.984894372,-0.020996116,0.165688477,0.045711786,-1.1221022,-0.9111885,2.2107585
seq-03/frame-000539,1,0.00822814,0.262815,1697,719,441,0.87,89.29,62.22,7.09,159.46,0.985602404,-0.020464123,0.161676953,0.045052002,-1.1270351,-0.9076119,2.2183817
seq-03/frame-000540,1,0.00826877,0.265663,1697,719,441,0.88,77.15,72.22,5.69,155.94,0.985602404,-0.020464123,0.161676953,0.045052002,-1.1270351,-0.9076119,2.2183817
seq-03/frame-000541,1,0.00503554,0.203361,2135,865,552,0.87,85.30,97.01,7.70,190.89,0.987027371,-0.021696258,0.153031846,0.043445321,-1.1271950,-0.9048122,2.2162621
seq-03/frame-000542,1,0.00501506,0.204233,2135,865,552,0.87,88.39,84.55,8.07,181.88,0.987027371,-0.021696258,0.153031846,0.043445321,-1.1271950,-0.9048122,2.2162621
seq-03/frame-000543,1,0.00881748,0.400981,2329,1087,706,0.89,108.67,96.63,8.97,215.15,0.987421538,-0.023535775,0.150446058,0.042552983,-1.1313277,-0.9022390,2.2181503
seq-03/frame-000544,1,0.00757235,0.240175,1821,776,486,0.87,86.37,72.76,8.17,168.17,0.987956979,-0.029014532,0.146529773,0.040350836,-1.1339094,-0.9079379,2.2213634
seq-03/frame-000545,1,0.00769784,0.258102,1821,776,486,0.87,93.46,89.74,7.97,192.05,0.987956979,-0.029014532,0.146529773,0.040350836,-1.1339094,-0.9079379,2.2213634
seq-03/frame-000546,1,0.00369488,0.205760,1915,777,496,0.91,104.55,77.50,9.99,192.95,0.989251127,-0.030588597,0.138057690,0.037237332,-1.1340609,-0.9064404,2.2183834
seq-03/frame-000547,1,0.00372596,0.205938,1915,777,496,0.92,88.48,82.75,12.24,184.40,0.989251127,-0.030588597,0.138057690,0.037237332,-1.1340609,-0.9064404,2.2183834
seq-03/frame-000548,1,0.00417892,0.207978,2101,950,599,0.86,92.41,103.81,14.06,211.14,0.989812958,-0.031455250,0.134176679,0.035742049,-1.1381429,-0.9037898,2.2175451
seq-03/frame-000549,1,0.00590504,0.240847,1698,736,466,0.87,90.18,72.76,9.49,173.30,0.990236340,-0.033037425,0.130828624,0.034991299,-1.1423899,-0.9013324,2.2230584
seq-03/frame-000550,1,0.00587265,0.240076,1698,736,466,0.87,91.47,67.47,9.53,169.35,0.990236340,-0.033037425,0.130828624,0.034991299,-1.1423899,-0.9013324,2.2230584
seq-03/frame-000551,1,0.00778841,0.328453,1703,706,448,0.90,79.42,66.55,15.97,162.85,0.991200571,-0.033543947,0.123656496,0.033246107,-1.1426928,-0.8991613,2.2268596
seq-03/frame-000552,1,0.00477209,0.265791,2188,921,566,0.88,86.26,101.03,10.21,198.38,0.992150954,-0.034083889,0.115924610,0.032190960,-1.1421153,-0.8950059,2.2227274
seq-03/frame-000553,1,0.00478493,0.266843,2188,921,566,0.88,99.72,105.84,11.02,217.47,0.992150954,-0.034083889,0.115924610,0.032190960,-1.1421153,-0.8950059,2.2227274
seq-03/frame-000554,1,0.00262940,0.153729,1792,786,516,0.91,72.92,89.87,8.41,172.11,0.992348852,-0.039107823,0.112648817,0.032009042,-1.1463274,-0.9013346,2.2236026
seq-03/frame-000555,1,0.00328151,0.156909,2038,827,506,0.85,101.18,79.35,12.61,194.00,0.993156396,-0.038394932,0.106131909,0.030036990,-1.1460587,-0.8966941,2.2252612
seq-03/frame-000556,1,0.00332599,0.158179,2038,827,506,0.86,95.87,75.59,8.68,180.99,0.993156396,-0.038394932,0.106131909,0.030036990,-1.1460587,-0.8966941,2.2252612
seq-03/frame-000557,1,0.01269276,0.625640,2219,866,536,0.89,104.13,112.26,16.69,233.98,0.993086380,-0.038276956,0.107017517,0.029352462,-1.1559454,-0.8884482,2.2255423
seq-03/frame-000558,1,0.01270485,0.625424,2219,866,536,0.89,111.59,121.35,13.60,247.43,0.993086380,-0.038276956,0.107017517,0.029352462,-1.1559454,-0.8884482,2.2255423
seq-03/frame-000559,1,0.00637835,0.285359,2030,853,549,0.88,86.58,93.25,7.86,188.57,0.993283360,-0.043908489,0.103385797,0.027777463,-1.1518192,-0.8936292,2.2276013
seq-03/frame-000560,1,0.00287905,0.116595,1638,602,367,0.92,88.93,69.24,22.40,181.50,0.993769056,-0.046188669,0.098138028,0.025663147,-1.1525844,-0.8951223,2.2287936
seq-03/frame-000561,1,0.00284399,0.117304,1638,602,367,0.87,68.80,57.57,9.04,136.28,0.993769056,-0.046188669,0.098138028,0.025663147,-1.1525844,-0.8951223,2.2287936
seq-03/frame-000562,1,0.00344093,0.215110,2056,809,500,0.85,88.82,89.71,10.96,190.34,0.994450015,-0.046367454,0.091453482,0.023568795,-1.1534316,-0.8891926,2.2261609
seq-03/frame-000563,1,0.00344845,0.216216,2056,809,500,0.84,89.57,88.93,14.75,194.08,0.994450015,-0.046367454,0.091453482,0.023568795,-1.1534316,-0.8891926,2.2261609
seq-03/frame-000564,1,0.01302883,0.622789,2889,1092,633,0.90,106.15,115.23,15.58,237.87,0.994246995,-0.047642612,0.092859873,0.024086056,-1.1633036,-0.8864445,2.2304467
seq-03/frame-000565,1,0.01222641,0.567590,2609,1043,612,0.91,110.96,110.58,13.43,235.88,0.994299888,-0.050460559,0.091683247,0.020387422,-1.1642178,-0.8868034,2.2295963
seq-03/frame-000566,1,0.01224979,0.570078,2609,1043,612,0.91,136.43,115.84,15.34,268.52,0.994299888,-0.050460559,0.091683247,0.020387422,-1.1642178,-0.8868034,2.2295963
seq-03/frame-000567,1,0.00898625,0.463685,2318,896,540,0.86,120.33,87.83,6.32,215.34,0.994511481,-0.053012242,0.088646701,0.016684677,-1.1625553,-0.8867170,2.2296400
seq-03/frame-000568,1,0.00900621,0.466148,2318,896,540,0.87,98.98,83.27,11.03,194.15,0.994511481,-0.053012242,0.088646701,0.016684677,-1.1625553,-0.8867170,2.2296400
seq-03/frame-000569,1,0.01183794,0.539527,2701,978,570,1.51,110.37,106.93,17.22,236.03,0.994459028,-0.055746627,0.088065195,0.013714129,-1.1651658,-0.8869692,2.2294232
seq-03/frame-000570,1,0.01184655,0.540163,2701,978,570,0.98,118.03,109.17,12.23,240.41,0.994459028,-0.055746627,0.088065195,0.013714129,-1.1651658,-0.8869692,2.2294232
seq-03/frame-000571,1,0.01827890,0.872469,2639,896,501,0.97,107.77,119.95,9.70,238.40,0.994111125,-0.055149870,0.092543711,0.011714293,-1.1723746,-0.8835135,2.2296161
seq-03/frame-000572,1,0.01140263,0.542326,2304,923,560,0.98,102.20,98.21,13.20,214.58,0.994049189,-0.059071441,0.091238561,0.007231889,-1.1656120,-0.8875171,2.2285194
seq-03/frame-000573,1,0.01140263,0.542326,2304,923,560,0.97,95.83,98.89,9.93,205.63,0.994049189,-0.059071441,0.091238561,0.007231889,-1.1656120,-0.8875171,2.2285194
seq-03/frame-000574,1,0.00332025,0.106312,1961,799,512,0.89,86.35,69.80,16.69,173.73,0.994051099,-0.060249487,0.090574158,0.005360426,-1.1576373,-0.8918766,2.2247448
seq-03/frame-000575,1,0.00857265,0.367983,2362,891,521,0.92,100.62,105.28,12.40,219.22,0.993453358,-0.058810074,0.097812238,0.004956441,-1.1647133,-0.8911527,2.2248327
seq-03/frame-000576,1,0.00856800,0.367566,2362,891,521,0.90,92.51,111.17,15.83,220.41,0.993453358,-0.058810074,0.097812238,0.004956441,-1.1647133,-0.8911527,2.2248327
seq-03/frame-000577,1,0.01309526,0.621214,2345,848,443,0.89,118.11,81.86,8.77,209.63,0.993117854,-0.057551877,0.101951982,0.003240728,-1.1674282,-0.8919325,2.2261234
seq-03/frame-000578,1,0.01309505,0.621258,2345,848,443,0.98,111.56,94.93,11.17,218.64,0.993117854,-0.057551877,0.101951982,0.003240728,-1.1674282,-0.8919325,2.2261234
seq-03/frame-000579,1,0.00121546,0.056095,1666,716,466,0.87,83.25,70.15,6.76,161.04,0.993401258,-0.056971234,0.099506618,0.002579230,-1.1542383,-0.8950251,2.2183164
seq-03/frame-000580,1,0.00122653,0.056552,1666,716,466,0.89,93.13,68.54,7.08,169.65,0.993401258,-0.056971234,0.099506618,0.002579230,-1.1542383,-0.8950251,2.2183164
seq-03/frame-000581,1,0.00134925,0.153667,1606,686,438,0.87,73.89,64.98,6.11,145.86,0.992704375,-0.056424211,0.106540048,0.001884183,-1.1538678,-0.8959190,2.2157502
seq-03/frame-000582,1,0.00591586,0.243708,2058,902,582,0.91,102.02,82.16,13.09,198.18,0.992152645,-0.052666604,0.113381319,0.002008734,-1.1576912,-0.8918066,2.2162874
seq-03/frame-000583,1,0.00592285,0.244232,2058,902,582,0.91,103.80,72.78,15.08,192.58,0.992152645,-0.052666604,0.113381319,0.002008734,-1.1576912,-0.8918066,2.2162874
seq-03/frame-000584,1,0.00488807,0.261219,1952,841,554,0.88,84.80,78.10,7.74,171.51,0.991847900,-0.054726657,0.115060185,0.001972200,-1.1522000,-0.8984096,2.2106830
seq-03/frame-000585,1,0.00204909,0.194392,1724,721,457,0.86,97.46,65.92,9.41,173.64,0.991323092,-0.052181837,0.120574490,0.004168433,-1.1498152,-0.8974563,2.2089182
seq-03/frame-000586,1,0.00194743,0.190687,1724,721,457,0.86,95.42,64.24,6.32,166.84,0.991323092,-0.052181837,0.120574490,0.004168433,-1.1498152,-0.8974563,2.2089182
seq-03/frame-000587,1,0.00346538,0.129891,1980,884,576,0.87,91.69,88.15,6.40,187.12,0.990643234,-0.050008468,0.126820039,0.006466418,-1.1512268,-0.8973317,2.2075736
seq-03/frame-000588,1,0.00382535,0.216904,1486,728,450,0.83,75.96,56.34,11.58,144.70,0.990161838,-0.048585987,0.131054688,0.006603358,-1.1462063,-0.8997494,2.2053078
seq-03/frame-000589,1,0.00404154,0.230343,1486,728,450,0.84,70.90,54.41,11.57,137.71,0.990161838,-0.048585987,0.131054688,0.006603358,-1.1462063,-0.8997494,2.2053078
seq-03/frame-000590,1,0.00384324,0.303770,1450,617,357,0.86,76.73,69.71,8.98,156.28,0.989418247,-0.047258133,0.136935075,0.008184493,-1.1414221,-0.9004040,2.1967830
seq-03/frame-000591,1,0.00391997,0.306344,1450,617,357,0.85,82.27,59.35,11.63,154.10,0.989418247,-0.047258133,0.136935075,0.008184493,-1.1414221,-0.9004040,2.1967830
seq-03/frame-000592,1,0.00193257,0.147463,1898,858,568,0.93,95.44,73.51,10.51,180.40,0.988070695,-0.045479495,0.146813895,0.009674599,-1.1448833,-0.8976908,2.1965755
seq-03/frame-000593,1,0.00703741,0.270398,2716,1149,715,0.91,122.75,125.29,9.16,258.12,0.987139967,-0.042348241,0.153670453,0.012112151,-1.1494718,-0.8954891,2.1984614
seq-03/frame-000594,1,0.00702441,0.270243,2716,1149,715,0.91,114.41,90.12,10.77,216.22,0.987139967,-0.042348241,0.153670453,0.012112151,-1.1494718,-0.8954891,2.1984614
seq-03/frame-000595,1,0.00621716,0.218602,2497,1024,677,0.94,98.72,110.42,16.67,226.75,0.986854301,-0.040856201,0.155676507,0.014635010,-1.1478915,-0.8954195,2.1936134
seq-03/frame-000596,1,0.00621958,0.218033,2497,1024,677,1.15,115.73,87.75,11.43,216.05,0.986854301,-0.040856201,0.155676507,0.014635010,-1.1478915,-0.8954195,2.1936134
seq-03/frame-000597,1,0.00575829,0.188566,2133,961,626,0.92,84.82,92.35,8.25,186.35,0.986384320,-0.039878043,0.158693430,0.016495760,-1.1446205,-0.8965348,2.1917885
seq-03/frame-000598,1,0.00444578,0.164969,2438,1040,679,0.95,105.43,97.86,14.00,218.25,0.985730498,-0.040173013,0.162601989,0.016796046,-1.1435861,-0.8977675,2.1879111
seq-03/frame-000599,1,0.00445607,0.165455,2438,1040,679,0.94,95.32,87.98,9.99,194.23,0.985730498,-0.040173013,0.162601989,0.016796046,-1.1435861,-0.8977675,2.1879111
seq-03/frame-000600,1,0.00613643,0.299838,2964,1149,705,1.66,136.07,131.47,8.80,278.01,0.985131626,-0.040013413,0.166145357,0.017616085,-1.1443089,-0.9012871,2.1864585
seq-03/frame-000601,1,0.00617393,0.302534,2964,1149,705,0.92,109.16,128.16,10.09,248.33,0.985131626,-0.040013413,0.166145357,0.017616085,-1.1443089,-0.9012871,2.1864585
seq-03/frame-000602,1,0.00662625,0.229178,2687,1114,706,0.96,108.57,104.38,7.00,220.91,0.984875077,-0.035779593,0.168454536,0.019078056,-1.1426436,-0.8968440,2.1871301
seq-03/frame-000603,1,0.00286715,0.198388,2323,1015,669,0.93,91.85,100.90,15.37,209.06,0.984651274,-0.036730472,0.169485239,0.019684865,-1.1377232,-0.9006093,2.1806629
seq-03/frame-000604,1,0.00288345,0.207500,1916,937,655,0.92,91.47,78.71,10.80,181.90,0.983961121,-0.036621228,0.173471986,0.019668962,-1.1359932,-0.9019431,2.1769763
seq-03/frame-000605,1,0.00294217,0.208515,1916,937,655,0.92,96.01,82.34,12.24,191.52,0.983961121,-0.036621228,0.173471986,0.019668962,-1.1359932,-0.9019431,2.1769763
seq-03/frame-000606,1,0.00267741,0.218538,1902,877,604,0.88,97.15,71.13,12.25,181.41,0.983220632,-0.034857923,0.177923037,0.020137208,-1.1329273,-0.9031133,2.1744577
seq-03/frame-000607,1,0.00326452,0.151603,1859,834,601,1.00,99.58,80.57,14.81,195.96,0.982116392,-0.032762072,0.184205250,0.021034858,-1.1325793,-0.9008316,2.1741316
seq-03/frame-000608,1,0.00322456,0.147770,1859,834,601,0.89,96.26,70.25,18.06,185.47,0.982116392,-0.032762072,0.184205250,0.021034858,-1.1325793,-0.9008316,2.1741316
seq-03/frame-000609,1,0.00530367,0.339710,2471,1156,787,0.90,108.40,97.51,6.82,213.63,0.981222562,-0.034090403,0.188533466,0.022254469,-1.1330570,-0.9060245,2.1685947
seq-03/frame-000610,1,0.00596194,0.425218,1709,873,626,0.86,74.64,75.03,15.10,165.63,0.981137249,-0.030794079,0.189329758,0.023993018,-1.1234620,-0.9055843,2.1650213
seq-03/frame-000611,1,0.00588858,0.420999,1709,873,626,0.87,98.87,61.15,9.53,170.42,0.981137249,-0.030794079,0.189329758,0.023993018,-1.1234620,-0.9055843,2.1650213
seq-03/frame-000612,1,0.00466961,0.365380,1930,903,626,0.90,90.69,89.75,8.56,189.90,0.980002265,-0.028240187,0.195216100,0.026243592,-1.1235797,-0.9065408,2.1606007
seq-03/frame-000613,1,0.00614742,0.334246,2672,1185,820,0.96,113.78,114.07,7.21,236.02,0.978416522,-0.027135690,0.203115670,0.026623097,-1.1308097,-0.9055841,2.1610190
seq-03/frame-000614,1,0.00615464,0.334289,2672,1185,820,0.96,104.60,108.72,11.81,226.09,0.978416522,-0.027135690,0.203115670,0.026623097,-1.1308097,-0.9055841,2.1610190
seq-03/frame-000615,1,0.00407579,0.329764,2195,1101,760,0.87,102.00,90.19,9.21,202.28,0.978509494,-0.026338802,0.202452930,0.028952511,-1.1219548,-0.9098515,2.1563427
seq-03/frame-000616,1,0.00373512,0.305324,1801,916,657,0.89,101.43,75.93,9.38,187.63,0.977910446,-0.021800039,0.205386862,0.032127164,-1.1175501,-0.9085376,2.1518639
seq-03/frame-000617,1,0.00370227,0.305757,1801,916,657,0.88,81.08,84.54,8.57,175.07,0.977910446,-0.021800039,0.205386862,0.032127164,-1.1175501,-0.9085376,2.1518639
seq-03/frame-000618,1,0.00410203,0.314783,1720,869,620,0.91,87.95,65.45,10.73,165.04,0.977090516,-0.020974372,0.209328523,0.032183374,-1.1126962,-0.9093271,2.1464576
seq-03/frame-000619,1,0.00334212,0.281260,2066,1057,762,0.90,92.99,97.42,16.83,208.14,0.975310865,-0.021462777,0.217396476,0.032354886,-1.1159574,-0.9122680,2.1455993
seq-03/frame-000620,1,0.00335385,0.282246,2066,1057,762,0.91,107.73,87.23,14.72,210.60,0.975310865,-0.021462777,0.217396476,0.032354886,-1.1159574,-0.9122680,2.1455993
seq-03/frame-000621,1,0.00704719,0.459884,1865,1010,730,0.87,82.63,73.36,12.83,169.68,0.974483180,-0.020109146,0.220986653,0.033809076,-1.1121318,-0.9147152,2.1402737
seq-03/frame-000622,1,0.00607857,0.383261,2148,1081,782,0.90,95.82,74.16,8.50,179.39,0.972803628,-0.017077427,0.228222719,0.035719093,-1.1144770,-0.9156852,2.1397334
seq-03/frame-000623,1,0.00909045,0.549969,2515,1237,874,0.95,114.47,97.92,11.42,224.77,0.971913685,-0.016773180,0.231780974,0.037148757,-1.1140509,-0.9168644,2.1347522
seq-03/frame-000624,1,0.00561761,0.370441,2669,1323,924,0.93,111.99,103.92,11.02,227.86,0.971030108,-0.014084607,0.235237085,0.039568502,-1.1116988,-0.9150734,2.1346686
seq-03/frame-000625,1,0.00563688,0.372992,2669,1323,924,0.91,104.86,106.12,12.82,224.71,0.971030108,-0.014084607,0.235237085,0.039568502,-1.1116988,-0.9150734,2.1346686
seq-03/frame-000626,1,0.00964797,0.541477,2348,1189,875,0.95,113.21,111.34,11.88,237.39,0.969772220,-0.014265466,0.240104479,0.041087423,-1.1133815,-0.9178324,2.1333689
seq-03/frame-000627,1,0.00586309,0.321751,2555,1276,939,0.97,115.84,118.03,7.10,241.94,0.968969817,-0.011620859,0.243280616,0.042154365,-1.1108319,-0.9135919,2.1323525
seq-03/frame-000628,1,0.00718660,0.418959,2623,1258,930,0.98,109.77,101.99,10.88,223.63,0.968107604,-0.012418389,0.246491974,0.043071540,-1.1094340,-0.9171530,2.1297215
seq-03/frame-000629,1,0.00784628,0.457807,2403,1206,854,1.89,121.69,98.95,12.27,234.80,0.967212305,-0.012357854,0.249710090,0.044637543,-1.1083320,-0.9173691,2.1250320
seq-03/frame-000630,1,0.00785703,0.457520,2403,1206,854,0.94,109.84,107.19,7.81,225.79,0.967212305,-0.012357854,0.249710090,0.044637543,-1.1083320,-0.9173691,2.1250320
seq-03/frame-000631,1,0.00529371,0.271878,3200,1502,1086,1.02,113.84,137.87,10.31,263.05,0.966119004,-0.010324431,0.253678175,0.046420470,-1.1089885,-0.9113947,2.1251611
seq-03/frame-000632,1,0.00744997,0.416541,3043,1550,1111,0.98,108.45,115.68,16.34,241.46,0.965491454,-0.011180612,0.256006075,0.046498764,-1.1078993,-0.9145473,2.1248325
seq-03/frame-000633,1,0.00948800,0.535955,2391,1155,866,0.98,111.05,98.73,10.29,221.04,0.964687827,-0.012626413,0.258779375,0.047446872,-1.1047001,-0.9197422,2.1199636
seq-03/frame-000634,1,0.00654585,0.367072,3404,1575,1102,1.05,123.34,127.86,10.23,262.48,0.963603422,-0.008868772,0.262399229,0.050363029,-1.1053069,-0.9112999,2.1191600
seq-03/frame-000635,1,0.00888836,0.387364,3336,1568,1116,1.06,135.22,126.92,10.08,273.27,0.962643613,-0.008670919,0.265670449,0.051587820,-1.1080740,-0.9101523,2.1239142
seq-03/frame-000636,1,0.00893204,0.388571,3336,1568,1116,1.03,133.02,154.08,14.23,302.36,0.962643613,-0.008670919,0.265670449,0.051587820,-1.1080740,-0.9101523,2.1239142
seq-03/frame-000637,1,0.00624454,0.344994,2999,1507,1096,0.99,123.93,135.28,11.20,271.40,0.962430083,-0.009447281,0.266217149,0.052607166,-1.1028225,-0.9138626,2.1187845
seq-03/frame-000638,1,0.00627134,0.328150,3128,1495,1111,1.01,119.92,128.73,7.49,257.15,0.961550716,-0.008610537,0.269111807,0.054082479,-1.1025748,-0.9127295,2.1166151
seq-03/frame-000639,1,0.00692888,0.319517,3087,1578,1163,1.04,125.80,146.64,12.07,285.56,0.960717673,-0.008802915,0.271947782,0.054666847,-1.1022266,-0.9124147,2.1161641
seq-03/frame-000640,1,0.00738830,0.405924,3036,1565,1151,1.00,135.26,129.73,7.58,273.57,0.959995232,-0.009216584,0.274371852,0.055175142,-1.1000714,-0.9148418,2.1140552
seq-03/frame-000641,1,0.00640215,0.327967,2929,1509,1133,1.02,111.86,137.56,19.14,269.58,0.959118418,-0.008429997,0.277117636,0.056803273,-1.0986849,-0.9140458,2.1124507
seq-03/frame-000642,1,0.00662553,0.310995,3441,1597,1159,1.07,122.13,135.02,8.80,267.03,0.958249827,-0.006057272,0.279797198,0.058601247,-1.0981964,-0.9101154,2.1135325
seq-03/frame-000643,1,0.00631027,0.331497,3220,1648,1198,1.04,129.71,136.56,10.85,278.16,0.957900094,-0.006603801,0.280828337,0.059323232,-1.0966548,-0.9125265,2.1106137
seq-03/frame-000644,1,0.00696210,0.362534,2676,1443,1082,0.99,118.24,126.05,9.56,254.84,0.957102371,-0.008289329,0.283372958,0.059884103,-1.0950046,-0.9156201,2.1066936
seq-03/frame-000645,1,0.00600663,0.342801,2810,1489,1149,1.03,119.06,118.38,10.84,249.31,0.956043522,-0.007983681,0.286813677,0.060456267,-1.0931994,-0.9139844,2.1065075
seq-03/frame-000646,1,0.00633989,0.319825,3520,1718,1218,1.26,129.03,153.70,9.58,293.58,0.955099464,-0.006159763,0.289554731,0.062491028,-1.0933364,-0.9113590,2.1069753
seq-03/frame-000647,1,0.00633826,0.319699,3520,1718,1218,1.05,138.15,121.98,10.68,271.87,0.955099464,-0.006159763,0.289554731,0.062491028,-1.0933364,-0.9113590,2.1069753
seq-03/frame-000648,1,0.00682756,0.372971,3087,1635,1247,1.06,112.46,128.22,7.73,249.47,0.954653920,-0.006633658,0.290754545,0.063668534,-1.0915066,-0.9133069,2.1034291
seq-03/frame-000649,1,0.00627197,0.318618,2793,1413,1075,0.99,123.62,110.07,7.32,242.01,0.953612687,-0.006650825,0.293736425,0.065555482,-1.0909220,-0.9131737,2.1011464
seq-03/frame-000650,1,0.00605545,0.222098,3475,1688,1240,1.06,136.44,141.99,12.58,292.08,0.952440234,-0.005045971,0.297089106,0.067603262,-1.0920826,-0.9077140,2.1034245
seq-03/frame-000651,1,0.00571688,0.205637,3610,1773,1301,1.06,119.66,150.07,13.84,284.62,0.951799179,-0.004366268,0.298822705,0.069023544,-1.0909106,-0.9081732,2.1038783
seq-03/frame-000652,1,0.00539452,0.268922,3175,1651,1274,1.04,126.53,123.03,7.63,258.24,0.951420740,-0.005296705,0.299709199,0.070320094,-1.0884241,-0.9100747,2.0988579
seq-03/frame-000653,1,0.00610424,0.280959,2931,1552,1226,1.04,112.05,121.84,16.23,251.16,0.950417513,-0.005987951,0.302592673,0.071472862,-1.0875203,-0.9108738,2.0982021
seq-03/frame-000654,1,0.00556272,0.277552,3341,1715,1302,1.06,136.61,140.82,8.10,286.59,0.949442173,-0.004690405,0.305191703,0.073454643,-1.0860195,-0.9088328,2.0981016
seq-03/frame-000655,1,0.00618813,0.356684,3228,1696,1279,1.06,132.59,145.40,10.54,289.59,0.948774101,-0.004654997,0.306832726,0.075231071,-1.0843724,-0.9101532,2.0970270
seq-03/frame-000656,1,0.00570283,0.285888,2839,1606,1255,1.00,120.14,112.54,13.26,246.94,0.947803758,-0.004775131,0.309466911,0.076651590,-1.0834160,-0.9111290,2.0946473
seq-03/frame-000657,1,0.00570934,0.286131,2661,1467,1160,1.00,114.59,111.34,13.45,240.39,0.946601978,-0.003823246,0.312794276,0.078037295,-1.0819328,-0.9111726,2.0921891
seq-03/frame-000658,1,0.00499292,0.275046,2680,1509,1183,0.99,119.13,116.98,6.80,243.91,0.945469920,-0.003379052,0.315741181,0.079891919,-1.0798705,-0.9107637,2.0891184
seq-03/frame-000659,1,0.00566015,0.309201,2652,1581,1205,0.98,103.27,103.46,12.51,220.23,0.944102963,-0.002763213,0.319380137,0.081598334,-1.0785632,-0.9111462,2.0886049
seq-03/frame-000660,1,0.00391365,0.201313,2748,1559,1236,0.99,118.04,109.82,9.09,237.94,0.942738956,-0.000156217,0.322722565,0.084222220,-1.0773442,-0.9081408,2.0872510
seq-03/frame-000661,1,0.00587561,0.305364,2694,1532,1193,1.00,116.27,116.17,20.72,254.16,0.941672138,0.000481751,0.325136555,0.086830709,-1.0750673,-0.9099262,2.0813272
seq-03/frame-000662,1,0.00577143,0.303838,2530,1488,1195,0.99,91.16,103.50,7.52,203.18,0.940336866,0.001517361,0.328185745,0.089768553,-1.0726124,-0.9094763,2.0783619
seq-03/frame-000663,1,0.00464052,0.250031,2546,1473,1173,0.98,89.83,103.19,11.18,205.18,0.938657958,0.002939560,0.332285234,0.092190670,-1.0716137,-0.9088788,2.0778323
seq-03/frame-000664,1,0.00553088,0.265906,2358,1359,1085,0.98,103.54,97.46,9.69,211.68,0.937209774,0.003693589,0.335627633,0.094753832,-1.0695322,-0.9091197,2.0727679
seq-03/frame-000665,1,0.00490450,0.217595,2378,1400,1103,0.99,121.81,97.76,11.70,232.26,0.935493183,0.004039468,0.339673261,0.097253605,-1.0677545,-0.9090009,2.0689166
seq-03/frame-000666,1,0.00489330,0.236620,2521,1480,1171,1.01,104.75,101.03,12.41,219.21,0.933648603,0.005432643,0.343957707,0.099819182,-1.0659967,-0.9063484,2.0682468
seq-03/frame-000667,1,0.00504789,0.225606,2860,1653,1311,1.20,109.29,105.65,15.51,231.65,0.932101413,0.007410689,0.347335819,0.102420048,-1.0652631,-0.9046047,2.0672232
seq-03/frame-000668,1,0.00611950,0.357247,2505,1405,1086,0.97,93.63,107.71,8.55,210.86,0.931156184,0.006772442,0.349484762,0.103743410,-1.0611918,-0.9083122,2.0607924
seq-03/frame-000669,1,0.00607042,0.250082,2318,1303,1012,0.97,118.28,91.74,6.95,217.94,0.929261378,0.007345624,0.353694432,0.106393525,-1.0611179,-0.9066781,2.0546357
seq-03/frame-000670,1,0.00551516,0.230642,2851,1616,1260,1.00,101.00,120.85,7.21,230.06,0.926983361,0.009790508,0.358734920,0.109157005,-1.0598984,-0.9031674,2.0586611
seq-03/frame-000671,1,0.00677221,0.331735,2727,1584,1268,1.00,114.26,125.43,12.78,253.46,0.925845872,0.010672497,0.361178979,0.110658317,-1.0587991,-0.9039349,2.0529351
seq-03/frame-000672,1,0.00498890,0.224678,2686,1558,1226,0.99,104.48,103.94,10.12,219.54,0.924166601,0.012011221,0.364784960,0.112710947,-1.0572722,-0.9023483,2.0502549
seq-03/frame-000673,1,0.00483119,0.172709,2853,1637,1290,1.02,111.86,114.02,10.75,237.65,0.922787606,0.012904898,0.367976947,0.113531775,-1.0562198,-0.9007414,2.0469775
seq-03/frame-000674,1,0.00564667,0.192605,2680,1502,1211,1.02,110.17,99.07,19.41,229.68,0.921403343,0.013219208,0.370993852,0.114911680,-1.0548998,-0.9005385,2.0432589
seq-03/frame-000675,1,0.00612089,0.203913,2647,1484,1190,1.01,116.82,107.20,9.23,234.26,0.919794742,0.013121092,0.374505073,0.116410567,-1.0545875,-0.9002677,2.0393729
seq-03/frame-000676,1,0.00543191,0.231241,2808,1552,1236,1.03,119.67,119.52,8.23,248.45,0.918112495,0.013513493,0.378184778,0.117741692,-1.0540504,-0.8983045,2.0397930
seq-03/frame-000677,1,0.00508260,0.230705,2901,1603,1298,1.05,121.96,128.68,12.37,264.08,0.916761524,0.013734988,0.380758112,0.119928800,-1.0518833,-0.8982005,2.0375959
seq-03/frame-000678,1,0.00588461,0.175895,2854,1531,1214,2.20,115.54,107.24,9.14,234.12,0.915470564,0.014416751,0.383125464,0.122150250,-1.0518481,-0.8960835,2.0318840
seq-03/frame-000679,1,0.00663980,0.209599,2582,1372,1041,1.00,113.99,101.96,9.36,226.31,0.913798736,0.012946116,0.386536207,0.124072680,-1.0503396,-0.8970232,2.0288251
seq-03/frame-000680,1,0.00631766,0.168864,3090,1664,1330,1.08,139.65,128.28,9.68,278.69,0.911827390,0.014794455,0.390154706,0.127008820,-1.0495095,-0.8913718,2.0312295
seq-03/frame-000681,1,0.00666601,0.197219,2834,1545,1222,1.04,106.88,125.50,14.18,247.61,0.910870002,0.014507163,0.391735897,0.129028560,-1.0469811,-0.8933645,2.0265422
seq-03/frame-000682,1,0.00610238,0.120430,2513,1339,1043,1.01,106.50,95.84,7.36,210.72,0.909206671,0.014551143,0.394859299,0.131215958,-1.0468760,-0.8915358,2.0213223
seq-03/frame-000683,1,0.00681918,0.207426,2882,1569,1243,1.05,114.44,123.42,14.46,253.37,0.907489263,0.013724032,0.398415837,0.132437568,-1.0459307,-0.8906136,2.0205799
seq-03/frame-000684,1,0.00677982,0.209004,2976,1623,1261,1.04,113.27,123.20,11.10,248.61,0.904712240,0.013245035,0.403669692,0.135540071,-1.0434899,-0.8888219,2.0162517
seq-03/frame-000685,1,0.00769049,0.275833,3067,1630,1262,1.04,120.65,120.45,14.53,256.68,0.903527150,0.012569880,0.405943417,0.136713681,-1.0424582,-0.8873008,2.0129747
seq-03/frame-000686,1,0.00580705,0.156021,2927,1564,1236,1.07,109.73,121.81,10.65,243.26,0.901963440,0.012266228,0.409182099,0.137409978,-1.0429431,-0.8864431,2.0148741
seq-03/frame-000687,1,0.00796571,0.228330,2906,1603,1245,1.42,116.96,107.37,9.15,234.90,0.900725723,0.011508221,0.411548813,0.138521865,-1.0417712,-0.8866704,2.0094652
seq-03/frame-000688,1,0.00678588,0.219381,2919,1522,1187,1.04,111.11,126.15,12.19,250.50,0.898133312,0.010953352,0.416510364,0.140554949,-1.0411922,-0.8837120,2.0063375
seq-03/frame-000689,1,0.00506903,0.189260,2799,1474,1161,1.01,124.38,117.54,7.07,250.00,0.896600557,0.009668435,0.419478334,0.141604695,-1.0381661,-0.8845636,2.0065917
seq-03/frame-000690,1,0.00740491,0.243661,2824,1460,1150,1.44,108.31,127.84,13.30,250.89,0.895048271,0.009868172,0.422641634,0.142004440,-1.0389538,-0.8836337,2.0029914
seq-03/frame-000691,1,0.00387359,0.177447,2573,1299,1002,1.03,116.60,116.20,9.68,243.52,0.891746898,0.008524600,0.428588257,0.145006573,-1.0372649,-0.8818675,1.9990699
seq-03/frame-000692,1,0.00491975,0.193400,2865,1520,1192,1.02,123.19,128.93,6.79,259.94,0.889805610,0.008378267,0.432118002,0.146457547,-1.0369474,-0.8802867,1.9995413
seq-03/frame-000693,1,0.00549271,0.261777,2797,1480,1147,1.05,115.92,128.80,12.47,258.24,0.888446111,0.008447037,0.434577031,0.147427811,-1.0358578,-0.8803024,1.9964396
seq-03/frame-000694,1,0.00441198,0.136832,2634,1282,970,1.03,103.96,94.45,9.27,208.72,0.886724291,0.009041344,0.437490041,0.149133328,-1.0373773,-0.8772795,1.9922265
seq-03/frame-000695,1,0.00474999,0.118778,3034,1589,1231,1.06,111.35,132.80,12.45,257.67,0.883083780,0.007213058,0.443972162,0.151656616,-1.0365716,-0.8735625,1.9906227
seq-03/frame-000696,1,0.00521905,0.145774,3101,1577,1244,1.32,106.58,129.60,8.26,245.76,0.881760009,0.007489029,0.446394438,0.152234050,-1.0354266,-0.8735508,1.9887177
seq-03/frame-000697,1,0.00679708,0.232174,2518,1312,990,1.01,97.52,103.56,9.03,211.13,0.880631045,0.006221357,0.448651092,0.152192167,-1.0352354,-0.8758586,1.9813061
seq-03/frame-000698,1,0.00924211,0.318392,2730,1324,985,1.03,125.78,139.47,13.24,279.52,0.878778801,0.005524254,0.451816960,0.153553692,-1.0348418,-0.8745342,1.9763452
seq-03/frame-000699,1,0.00685242,0.193341,2942,1497,1169,1.04,124.36,134.74,7.93,268.08,0.875556476,0.007248641,0.456877909,0.156878584,-1.0343436,-0.8711592,1.9789226
seq-03/frame-000700,1,0.00543063,0.207048,2439,1248,962,1.03,93.85,104.71,7.25,206.85,0.874128288,0.006630059,0.459398458,0.157508205,-1.0337348,-0.8727236,1.9727568
seq-03/frame-000701,1,0.00843765,0.297048,2777,1409,1093,1.04,112.58,102.93,7.93,224.49,0.872123517,0.005747673,0.463006247,0.158090956,-1.0340829,-0.8720507,1.9696351
seq-03/frame-000702,1,0.00548025,0.132858,3215,1584,1220,1.06,111.00,159.85,11.06,282.98,0.868526714,0.009217689,0.468383076,0.161844603,-1.0343859,-0.8665519,1.9726014
seq-03/frame-000703,1,0.00804519,0.221586,2785,1392,1025,1.04,109.18,104.36,13.08,227.66,0.867836108,0.008488325,0.469740379,0.161655233,-1.0348277,-0.8681900,1.9619488
seq-03/frame-000704,1,0.00796409,0.206967,2838,1346,1025,1.04,98.69,107.70,11.52,218.96,0.865874227,0.007519478,0.473285793,0.161882176,-1.0355803,-0.8680424,1.9621176
seq-03/frame-000705,1,0.00736581,0.240298,2985,1387,1039,1.08,127.40,107.46,6.76,242.71,0.862715277,0.007189253,0.478265628,0.164111711,-1.0349889,-0.8661781,1.9592154
seq-03/frame-000706,1,0.00920329,0.269844,2978,1369,1023,1.07,128.86,114.68,7.44,252.05,0.861607430,0.006801133,0.479817016,0.165414671,-1.0351168,-0.8649270,1.9541955
seq-03/frame-000707,1,0.00962209,0.283298,2738,1240,911,1.04,121.33,106.85,7.48,236.70,0.860259863,0.006072595,0.481756161,0.166814546,-1.0349255,-0.8630692,1.9495184
seq-03/frame-000708,1,0.00860448,0.202195,2973,1376,992,1.09,121.20,137.88,7.18,267.35,0.856296529,0.005434300,0.487785389,0.169682463,-1.0356720,-0.8599683,1.9494152
seq-03/frame-000709,1,0.00984153,0.212354,3013,1327,958,1.09,116.59,125.63,8.11,251.43,0.855055695,0.004832006,0.489648607,0.170589133,-1.0371763,-0.8588927,1.9447957
seq-03/frame-000710,1,0.01120000,0.331229,2561,1105,805,1.06,105.32,99.79,7.53,213.71,0.853406113,0.002318923,0.492495709,0.170706198,-1.0369847,-0.8611674,1.9413357
seq-03/frame-000711,1,0.00846596,0.281115,3113,1344,946,1.10,117.21,114.33,7.23,239.87,0.849994301,0.002365130,0.497099321,0.174345519,-1.0355436,-0.8574217,1.9411300
seq-03/frame-000712,1,0.01216628,0.279066,2663,1127,784,1.03,92.65,135.20,9.71,238.61,0.848643271,0.001378146,0.498950340,0.175645257,-1.0391502,-0.8554713,1.9324393
seq-03/frame-000713,1,0.00920082,0.261291,2715,1186,837,1.50,105.07,106.49,8.92,221.98,0.846323304,-0.000502906,0.502461042,0.176831876,-1.0366777,-0.8554975,1.9351824
seq-03/frame-000714,1,0.00941520,0.253399,3115,1321,899,1.05,130.53,125.32,13.18,270.09,0.844585349,-0.000654386,0.504757787,0.178590975,-1.0370053,-0.8502198,1.9342700
seq-03/frame-000715,1,0.01054960,0.249689,2625,1084,737,1.02,111.58,111.17,6.47,230.26,0.841596527,-0.002609501,0.509043742,0.180507464,-1.0396530,-0.8480994,1.9259720
seq-03/frame-000716,1,0.00907073,0.216151,2707,1162,838,1.03,117.17,121.31,7.50,247.02,0.838924358,-0.005530690,0.512839521,0.182128962,-1.0382236,-0.8485577,1.9297116
seq-03/frame-000717,1,0.00826166,0.176020,3080,1273,863,1.09,129.20,132.73,9.01,272.02,0.835611490,-0.005023204,0.516815921,0.186090056,-1.0389733,-0.8430387,1.9276613
seq-03/frame-000718,1,0.01074520,0.214758,2687,1123,738,1.07,123.98,108.18,9.98,243.22,0.834276653,-0.006174483,0.518540422,0.187243618,-1.0403102,-0.8428771,1.9215589
seq-03/frame-000719,1,0.00722384,0.124821,2646,1082,738,1.06,118.95,112.24,12.35,244.60,0.831998624,-0.006207001,0.521770497,0.188401993,-1.0403695,-0.8393673,1.9229702
seq-03/frame-000720,1,0.00733771,0.143321,2986,1355,951,1.10,115.31,106.74,7.22,230.37,0.827719837,-0.007449964,0.527130422,0.192244346,-1.0401867,-0.8345364,1.9208122
seq-03/frame-000721,1,0.00795717,0.158418,2735,1202,862,1.04,117.50,113.01,10.36,241.92,0.826178566,-0.007347729,0.528693089,0.194572877,-1.0433069,-0.8321715,1.9162037
seq-03/frame-000722,1,0.00733811,0.157040,2458,1109,772,1.39,112.71,107.63,12.73,234.45,0.824369746,-0.009664710,0.530963076,0.195957463,-1.0416323,-0.8317038,1.9123591
seq-03/frame-000723,1,0.00759375,0.113672,2699,1228,865,1.02,109.67,112.50,6.85,230.05,0.819608273,-0.011183921,0.536620389,0.200389015,-1.0444560,-0.8253781,1.9107895
seq-03/frame-000724,1,0.00456454,0.167173,2856,1179,799,1.03,117.11,94.60,9.56,222.31,0.817578330,-0.012606376,0.538528956,0.203453476,-1.0400707,-0.8239268,1.9111351
seq-03/frame-000725,1,0.00754314,0.133500,2877,1302,924,1.06,109.43,98.30,16.14,224.93,0.816240029,-0.013893941,0.540219067,0.204260947,-1.0433724,-0.8227758,1.9073791
seq-03/frame-000726,1,0.00508306,0.146871,2863,1236,877,1.08,115.68,116.31,7.20,240.27,0.811987827,-0.016104613,0.545010305,0.208279085,-1.0419491,-0.8167548,1.9066855
seq-03/frame-000727,1,0.00580292,0.141259,3053,1344,923,1.12,120.58,122.16,9.90,253.76,0.810648903,-0.015633391,0.546390485,0.209908054,-1.0421066,-0.8140235,1.9049693
seq-03/frame-000728,1,0.00562780,0.115419,2758,1265,893,1.05,111.15,127.14,14.48,253.82,0.809066719,-0.015809824,0.547859859,0.212157179,-1.0440741,-0.8126263,1.9012097
seq-03/frame-000729,1,0.00762841,0.125688,2615,1150,801,1.04,135.21,104.62,8.28,249.16,0.804908158,-0.018432270,0.553079451,0.214210712,-1.0465622,-0.8097855,1.8958319
seq-03/frame-000730,1,0.00618825,0.144228,3049,1276,861,1.02,126.03,108.99,9.13,245.16,0.802930064,-0.019692138,0.554994090,0.216557364,-1.0460245,-0.8067536,1.8961356
seq-03/frame-000731,1,0.01019342,0.178583,2606,1157,796,0.94,98.21,113.59,11.85,224.61,0.799652892,-0.020342992,0.557526240,0.222049336,-1.0513579,-0.7995295,1.8890785
seq-03/frame-000732,1,0.00653168,0.098167,2855,1212,829,1.03,126.81,123.53,6.63,258.00,0.797877222,-0.021426955,0.559289493,0.223893027,-1.0491467,-0.7954286,1.8912684
seq-03/frame-000733,1,0.00779330,0.107845,2758,1264,870,0.94,112.45,129.39,11.96,254.75,0.796246957,-0.022181647,0.560727989,0.226015220,-1.0525539,-0.7920015,1.8868976
seq-03/frame-000734,1,0.00627627,0.155504,3152,1302,877,1.07,121.05,122.35,16.34,260.82,0.794492685,-0.023185640,0.561152630,0.230979493,-1.0521000,-0.7855858,1.8859874
seq-03/frame-000735,1,0.00882273,0.144108,3071,1289,880,1.02,108.72,128.05,12.38,250.17,0.793389655,-0.023354212,0.561654874,0.233519249,-1.0547895,-0.7844828,1.8840397
seq-03/frame-000736,1,0.00523342,0.155988,3288,1345,899,1.12,122.13,122.77,8.69,254.72,0.792585785,-0.022985528,0.561972003,0.235514132,-1.0503848,-0.7802287,1.8842349
seq-03/frame-000737,1,0.00844908,0.180321,3182,1310,914,1.00,131.61,140.01,9.01,281.64,0.789972528,-0.021831904,0.564117174,0.239245871,-1.0595781,-0.7753179,1.8801696
seq-03/frame-000738,1,0.00903036,0.158036,3235,1277,857,1.11,125.40,128.49,14.14,269.15,0.789767139,-0.022496119,0.563966838,0.240214896,-1.0593474,-0.7722971,1.8787307
seq-03/frame-000739,1,0.00655916,0.125573,3075,1319,888,0.99,135.34,142.60,7.03,285.96,0.788875491,-0.022760419,0.564551624,0.241741363,-1.0600955,-0.7681270,1.8788926
seq-03/frame-000740,1,0.00623600,0.090336,3294,1358,885,1.04,128.00,140.58,11.89,281.51,0.787090491,-0.023773659,0.566104831,0.243821024,-1.0620194,-0.7629977,1.8772179
seq-03/frame-000741,1,0.00646056,0.211482,3263,1232,805,1.11,122.55,143.68,17.71,285.05,0.786566982,-0.024583014,0.565965504,0.245746019,-1.0598949,-0.7606779,1.8738187
seq-03/frame-000742,1,0.00668497,0.138607,2963,1253,828,1.38,105.82,119.90,9.40,236.51,0.785956528,-0.025501651,0.567080572,0.245033929,-1.0637085,-0.7578394,1.8729599
seq-03/frame-000743,1,0.00974171,0.150450,2912,1240,821,0.92,104.34,118.20,9.91,233.36,0.783835464,-0.028002569,0.569267477,0.246479941,-1.0699052,-0.7569800,1.8724285
seq-03/frame-000744,1,0.00721352,0.172564,3131,1302,852,1.08,115.48,139.03,16.54,272.13,0.782969517,-0.028553095,0.569247891,0.249199308,-1.0666987,-0.7486222,1.8695865
seq-03/frame-000745,1,0.01209860,0.181226,2934,1232,831,0.94,110.01,121.58,9.95,242.48,0.780926456,-0.030056053,0.570986920,0.251444707,-1.0742910,-0.7500286,1.8679465
seq-03/frame-000746,1,0.01052022,0.139550,3336,1336,861,1.05,112.85,132.71,7.60,254.21,0.779833460,-0.030648082,0.571327151,0.253979836,-1.0728924,-0.7460598,1.8676191
seq-03/frame-000747,1,0.01321722,0.038672,2517,1030,702,1.01,114.17,99.64,13.41,228.24,0.777976442,-0.032353133,0.573774569,0.253946205,-1.0774850,-0.7384481,1.8612344
seq-03/frame-000748,1,0.01297332,0.201962,2800,1177,803,0.93,112.97,107.93,9.07,230.91,0.775167799,-0.034018976,0.575983403,0.257294990,-1.0795062,-0.7376559,1.8612954
seq-03/frame-000749,1,0.01126932,0.120715,3366,1226,772,1.13,123.59,125.41,17.69,267.82,0.774208535,-0.034545804,0.575942880,0.260187491,-1.0764498,-0.7363894,1.8613673
seq-03/frame-000750,1,0.01264289,0.197835,2802,1234,837,0.96,117.82,113.20,7.37,239.35,0.772235095,-0.033712342,0.577389536,0.262940601,-1.0806819,-0.7307709,1.8541484
seq-03/frame-000751,1,0.01285323,0.161957,2953,1156,788,1.06,130.02,150.37,9.09,290.55,0.771022818,-0.035820947,0.578655222,0.263436535,-1.0809782,-0.7289427,1.8531185
seq-03/frame-000752,1,0.01481149,0.049118,2842,1196,809,1.02,113.38,113.95,13.58,241.92,0.769794823,-0.036936534,0.580803893,0.262142064,-1.0865643,-0.7257821,1.8534338
seq-03/frame-000753,1,0.01287972,0.132356,3130,1235,818,0.98,134.17,143.11,7.00,285.27,0.768101296,-0.037475145,0.581786465,0.264840559,-1.0873998,-0.7221863,1.8528698
seq-03/frame-000754,1,0.01491750,0.182781,2685,1132,766,0.94,104.34,113.97,9.96,229.22,0.765789330,-0.039150145,0.583602371,0.267286815,-1.0909116,-0.7154646,1.8459038
seq-03/frame-000755,1,0.01078258,0.271703,2925,1237,834,0.95,116.61,142.95,13.70,274.22,0.763394040,-0.040805468,0.585004614,0.270802612,-1.0899176,-0.7134695,1.8481531
seq-03/frame-000756,1,0.01383795,0.200731,3343,1225,770,1.08,114.44,134.64,9.93,260.10,0.762457293,-0.040800672,0.584929399,0.273590534,-1.0927148,-0.7127047,1.8477507
seq-03/frame-000757,1,0.01641701,0.187504,2954,1237,832,0.96,107.82,105.36,12.47,226.61,0.762697541,-0.040555643,0.584495545,0.273884391,-1.0977901,-0.7073905,1.8438354
seq-03/frame-000758,1,0.00864233,0.269437,3487,1298,825,1.11,112.02,155.72,10.59,279.44,0.759753113,-0.042923385,0.585115818,0.280307457,-1.0898652,-0.7027216,1.8445907
seq-03/frame-000759,1,0.00925399,0.226258,3717,1454,936,1.02,126.27,172.88,10.62,310.79,0.759268139,-0.041492401,0.585468829,0.281098778,-1.0897164,-0.6996589,1.8432954
seq-03/frame-000760,1,0.01505770,0.182191,3420,1346,859,0.98,171.40,147.31,11.75,331.43,0.757808769,-0.039523524,0.587576317,0.280923179,-1.0953445,-0.7008754,1.8396279
seq-03/frame-000761,1,0.01081263,0.202756,3192,1256,810,1.06,117.41,127.44,10.25,256.17,0.756608130,-0.038112331,0.589675724,0.279953796,-1.0970541,-0.6951016,1.8403419
seq-03/frame-000762,1,0.01567049,0.155678,2937,1207,819,1.00,124.88,122.69,16.65,265.22,0.755804050,-0.039569344,0.591216851,0.278670307,-1.1045646,-0.6939473,1.8377086
seq-03/frame-000763,1,0.01192764,0.184341,3242,1235,831,1.03,122.10,139.28,15.12,277.53,0.753350867,-0.040219226,0.592734919,0.281975532,-1.1031704,-0.6932991,1.8410095
seq-03/frame-000764,1,0.01284642,0.162554,2890,1163,769,0.98,120.32,111.32,20.68,253.30,0.752759123,-0.035255511,0.593086349,0.283477219,-1.1042493,-0.6891740,1.8357291
seq-03/frame-000765,1,0.01367706,0.227651,2763,1110,701,0.92,114.97,109.25,14.32,239.45,0.750839966,-0.036473108,0.595168866,0.284047671,-1.1112279,-0.6861851,1.8349437
seq-03/frame-000766,1,0.01191501,0.243572,3659,1358,866,1.30,121.09,149.03,11.00,282.41,0.749327765,-0.037703246,0.595202682,0.287784873,-1.1059110,-0.6891778,1.8348938
seq-03/frame-000767,1,0.01147738,0.214515,3419,1284,809,1.02,114.84,143.21,14.40,273.47,0.749393108,-0.035314303,0.595633041,0.287026393,-1.1081367,-0.6846459,1.8325866
seq-03/frame-000768,1,0.00986656,0.205510,3116,1372,924,1.04,112.06,131.79,16.00,260.89,0.748421764,-0.035501471,0.596912055,0.286880650,-1.1096183,-0.6830594,1.8308482
seq-03/frame-000769,1,0.01074277,0.332441,3052,1189,784,1.03,144.57,127.31,9.63,282.53,0.747623077,-0.036355756,0.597650736,0.287317928,-1.1094192,-0.6820510,1.8259581
seq-03/frame-000770,1,0.01304749,0.161064,2913,1128,743,1.02,117.78,129.48,15.00,263.28,0.744800935,-0.036698990,0.602413464,0.284644990,-1.1194865,-0.6782278,1.8247923
seq-03/frame-000771,1,0.01313148,0.242536,3249,1279,800,1.03,123.79,134.35,14.57,273.74,0.742417203,-0.036608874,0.603866256,0.287788172,-1.1227231,-0.6795101,1.8246371
seq-03/frame-000772,1,0.01233167,0.276745,3457,1263,763,1.07,135.44,147.97,11.80,296.29,0.741772955,-0.036030167,0.603508025,0.290263283,-1.1212978,-0.6785486,1.8211074
seq-03/frame-000773,1,0.01289636,0.228462,3151,1300,820,1.01,123.55,130.71,11.86,267.13,0.741345612,-0.035220472,0.604600401,0.289179109,-1.1243253,-0.6751241,1.8185620
seq-03/frame-000774,1,0.01175916,0.253446,2752,1190,824,0.93,125.88,123.49,11.47,261.77,0.739989762,-0.037067983,0.605970092,0.289553732,-1.1275452,-0.6733405,1.8175939
seq-03/frame-000775,1,0.00932186,0.240710,3246,1377,909,1.08,118.35,143.03,20.43,282.90,0.738915635,-0.038858473,0.606663313,0.290608547,-1.1242337,-0.6701559,1.8167712
seq-03/frame-000776,1,0.00976918,0.231097,3110,1382,936,0.97,116.21,121.60,10.80,249.59,0.735380036,-0.037411191,0.610016274,0.292740074,-1.1324922,-0.6661471,1.8151646
seq-03/frame-000777,1,0.00730994,0.289080,3429,1285,803,1.10,114.57,142.53,15.51,273.71,0.734800396,-0.036488603,0.609420120,0.295540313,-1.1302466,-0.6615098,1.8142492
seq-03/frame-000778,1,0.01102412,0.177171,3100,1330,867,0.98,116.70,130.45,15.19,263.31,0.734305592,-0.036211777,0.610503961,0.294565643,-1.1373742,-0.6575764,1.8131278
seq-03/frame-000779,1,0.01084942,0.227794,3137,1357,895,1.00,120.80,130.39,10.13,262.31,0.732362132,-0.037070866,0.611434143,0.297354583,-1.1387002,-0.6579358,1.8121826
seq-03/frame-000780,1,0.00802576,0.314816,3364,1199,725,1.09,114.87,143.59,14.05,273.60,0.731027159,-0.037330949,0.611587472,0.300277301,-1.1364002,-0.6582818,1.8118189
seq-03/frame-000781,1,0.01059711,0.242202,3351,1358,865,1.06,126.14,136.88,17.03,281.10,0.731253645,-0.036606351,0.611763690,0.299454954,-1.1408520,-0.6555454,1.8101822
seq-03/frame-000782,1,0.01251563,0.147043,3004,1365,909,0.95,127.02,137.70,12.51,278.18,0.730498174,-0.037278485,0.613299641,0.298070936,-1.1474184,-0.6520906,1.8099594
seq-03/frame-000783,1,0.01103171,0.241747,3373,1140,692,1.08,138.05,162.30,28.23,329.66,0.729302100,-0.038686572,0.613679175,0.300032776,-1.1465462,-0.6514706,1.8093264
seq-03/frame-000784,1,0.01102602,0.304610,3509,1272,776,1.03,148.76,163.41,9.45,322.67,0.728322105,-0.038099180,0.613580744,0.302678103,-1.1514154,-0.6521927,1.8092824
seq-03/frame-000785,1,0.01077082,0.294561,3598,1317,816,1.05,129.56,154.71,10.92,296.24,0.729006695,-0.038722356,0.612816208,0.302499774,-1.1526881,-0.6505910,1.8080863
seq-03/frame-000786,1,0.00490158,0.306646,3214,1380,971,1.03,112.99,141.52,16.72,272.26,0.729534754,-0.039313444,0.612954844,0.300865178,-1.1490727,-0.6429989,1.8092868
seq-03/frame-000787,1,0.01072097,0.182255,3336,1365,886,0.96,108.07,140.52,19.49,269.04,0.727582615,-0.041397618,0.614785078,0.301577657,-1.1586851,-0.6484322,1.8103927
seq-03/frame-000788,1,0.00799996,0.241717,3329,1399,901,1.02,133.76,174.97,12.66,322.41,0.727632149,-0.041273953,0.613460665,0.304161024,-1.1566842,-0.6471000,1.8110395
seq-03/frame-000789,1,0.00809289,0.280557,3344,1181,721,1.09,126.91,139.68,10.10,277.77,0.728006611,-0.039642040,0.612335030,0.305746128,-1.1578764,-0.6458101,1.8097670
seq-03/frame-000790,1,0.01011986,0.266314,3429,1251,731,1.04,152.92,149.04,11.48,314.48,0.727949504,-0.039035126,0.612692444,0.305243750,-1.1631320,-0.6427178,1.8080829
seq-03/frame-000791,1,0.00655814,0.367417,3457,1244,769,1.08,132.81,156.50,19.84,310.23,0.727772603,-0.039940977,0.612145011,0.306643511,-1.1633012,-0.6407982,1.8093227
seq-03/frame-000792,1,0.00723402,0.270392,3365,1339,884,1.08,138.39,168.04,25.20,332.71,0.728208777,-0.040421394,0.612184514,0.305463924,-1.1662852,-0.6389971,1.8093940
seq-03/frame-000793,1,0.01086609,0.323862,3494,1409,887,2.14,138.89,170.39,12.63,324.06,0.727390443,-0.041252373,0.612426148,0.306815251,-1.1704655,-0.6420677,1.8076101
seq-03/frame-000794,1,0.00855524,0.360512,3306,1334,834,1.06,124.40,170.67,12.78,308.92,0.727397573,-0.041342873,0.612033836,0.307568075,-1.1703094,-0.6390550,1.8081166
seq-03/frame-000795,1,0.00830084,0.314888,3449,1246,753,1.08,147.40,163.66,16.17,328.32,0.727229551,-0.041787656,0.612058455,0.307856166,-1.1717605,-0.6380967,1.8081599
seq-03/frame-000796,1,0.00980509,0.330485,3434,1271,773,1.02,145.37,148.77,17.23,312.39,0.726759121,-0.041903845,0.612556976,0.307959735,-1.1763503,-0.6369697,1.8075074
seq-03/frame-000797,1,0.00762771,0.275506,3467,1430,920,1.00,130.82,164.45,10.46,306.74,0.727147266,-0.042995556,0.612091322,0.307818858,-1.1763031,-0.6342520,1.8077446
seq-03/frame-000798,1,0.00993326,0.302566,3493,1210,687,1.07,141.69,145.70,14.82,303.30,0.726463431,-0.043134267,0.611962422,0.309664838,-1.1797028,-0.6343433,1.8072213
seq-03/frame-000799,1,0.00797086,0.303523,2950,1284,856,0.94,139.95,137.10,19.06,297.05,0.727422776,-0.046027120,0.611461075,0.307982081,-1.1825998,-0.6298834,1.8069693
seq-03/frame-000800,1,0.00936690,0.281632,3358,1385,899,1.04,123.80,141.12,15.88,281.85,0.726019204,-0.046587603,0.611394673,0.311323408,-1.1819590,-0.6320192,1.8066765
seq-03/frame-000801,1,0.00821986,0.277228,3280,1347,863,1.35,138.42,141.06,7.79,288.63,0.726305542,-0.044046292,0.610600045,0.312582419,-1.1823070,-0.6320468,1.8081195
seq-03/frame-000802,1,0.00776313,0.430599,3399,1313,774,1.02,123.15,171.32,16.43,311.92,0.727117817,-0.041537138,0.610088722,0.312035411,-1.1842537,-0.6276279,1.8059228
seq-03/frame-000803,1,0.00488613,0.272124,3077,1309,844,0.95,115.38,137.05,10.80,264.18,0.727358667,-0.043466453,0.610796618,0.309818540,-1.1860186,-0.6223147,1.8075883
seq-03/frame-000804,1,0.00631693,0.416299,3331,1215,751,1.07,133.54,138.49,12.85,285.95,0.726564797,-0.044516107,0.610074196,0.312939910,-1.1843806,-0.6256338,1.8054906
seq-03/frame-000805,1,0.00703104,0.328567,3432,1436,956,1.01,121.91,155.86,23.55,302.34,0.726810529,-0.043606382,0.610247036,0.312159405,-1.1883892,-0.6257309,1.8066078
seq-03/frame-000806,1,0.00687074,0.393733,3377,1304,776,1.00,125.25,112.88,16.51,255.64,0.726883148,-0.043112556,0.609237395,0.314025465,-1.1904895,-0.6227049,1.8060340
seq-03/frame-000807,1,0.00760654,0.282065,3311,1350,869,0.98,119.08,121.47,16.37,257.90,0.728273637,-0.044320717,0.608642538,0.311781084,-1.1925068,-0.6209184,1.8073794
seq-03/frame-000808,1,0.00650333,0.239364,3299,1417,912,0.98,120.87,126.19,7.74,255.78,0.728477719,-0.046572868,0.608925481,0.310420585,-1.1931084,-0.6169580,1.8066415
seq-03/frame-000809,1,0.00447980,0.423018,3449,1241,732,1.08,131.24,141.24,10.37,283.93,0.727904250,-0.047292182,0.608482041,0.312519532,-1.1898633,-0.6168098,1.8055979
seq-03/frame-000810,1,0.00708793,0.463064,3361,1232,759,1.04,139.48,138.70,12.36,291.59,0.727672099,-0.047157842,0.608364035,0.313309200,-1.1941418,-0.6195091,1.8046644
seq-03/frame-000811,1,0.00548363,0.390783,3460,1385,878,1.04,145.82,161.09,8.48,316.43,0.729038270,-0.047963468,0.607488031,0.311706591,-1.1953570,-0.6093320,1.8039790
seq-03/frame-000812,1,0.00929113,0.264465,3182,1203,740,1.01,106.07,150.23,9.26,266.58,0.728768668,-0.050044776,0.608326655,0.310371437,-1.2017987,-0.6123090,1.8023263
seq-03/frame-000813,1,0.00423572,0.337573,3387,1345,843,1.01,110.19,147.55,12.55,271.32,0.727782868,-0.050554559,0.608984566,0.311310345,-1.1997956,-0.6105137,1.8029632
seq-03/frame-000814,1,0.00578648,0.268175,3408,1422,891,1.01,133.36,137.00,14.36,285.73,0.727894336,-0.051179688,0.608621076,0.311658244,-1.2036805,-0.6099841,1.8013252
seq-03/frame-000815,1,0.00720080,0.417269,3542,1236,751,1.06,131.61,143.49,12.82,288.99,0.727330272,-0.050931688,0.607959888,0.314295105,-1.2033026,-0.6088295,1.7970010
seq-03/frame-000816,1,0.00642715,0.416509,3596,1256,755,1.05,132.75,147.20,19.85,300.85,0.726805810,-0.050140014,0.609067548,0.313490055,-1.2041904,-0.6088661,1.7953294
seq-03/frame-000817,1,0.00586605,0.273730,3649,1433,905,1.01,160.15,133.37,13.49,308.02,0.726614477,-0.050899559,0.610330558,0.311347468,-1.2103413,-0.6062142,1.7954862
seq-03/frame-000818,1,0.00601862,0.367263,3637,1265,727,1.06,128.85,153.46,23.47,306.83,0.726202122,-0.052335553,0.609912883,0.312886151,-1.2117265,-0.6044939,1.7934143
seq-03/frame-000819,1,0.00523468,0.292258,3632,1471,917,1.04,119.56,136.04,17.93,274.58,0.726363957,-0.054013287,0.609770005,0.312503613,-1.2121998,-0.6034854,1.7927572
seq-03/frame-000820,1,0.00502996,0.309084,3618,1453,918,1.03,136.79,153.72,10.10,301.64,0.725961049,-0.054965174,0.610167913,0.312497206,-1.2131072,-0.6013631,1.7897234
seq-03/frame-000821,1,0.00721426,0.348681,3640,1298,746,1.02,153.86,139.03,14.33,308.24,0.725313047,-0.057053767,0.611006451,0.311988730,-1.2164623,-0.6011435,1.7864465
seq-03/frame-000822,1,0.00694762,0.388154,3569,1458,872,1.04,120.88,145.26,18.38,285.56,0.724349775,-0.059416910,0.611640821,0.312542062,-1.2157200,-0.6023603,1.7845822
seq-03/frame-000823,1,0.00645529,0.385560,3664,1272,729,1.05,135.02,150.41,9.97,296.45,0.723084162,-0.058982015,0.612794036,0.313295207,-1.2174816,-0.6005236,1.7825128
seq-03/frame-000824,1,0.00631721,0.454660,3560,1254,701,1.04,143.49,162.18,15.00,321.72,0.722493041,-0.059157497,0.613080059,0.314065340,-1.2196778,-0.5979481,1.7799153
seq-03/frame-000825,1,0.00627014,0.386328,3513,1226,726,1.00,149.77,171.84,18.99,341.60,0.721996281,-0.059984656,0.613983341,0.313285283,-1.2194609,-0.5972025,1.7777072
seq-03/frame-000826,1,0.00258702,0.299555,3597,1378,851,1.00,126.94,134.99,14.97,277.89,0.720389229,-0.059689723,0.616245554,0.312598644,-1.2208741,-0.5939930,1.7787037
seq-03/frame-000827,1,0.00476142,0.376246,3531,1303,754,1.06,123.91,151.74,21.65,298.35,0.719568812,-0.061183621,0.616143151,0.314396099,-1.2218765,-0.5958265,1.7750486
seq-03/frame-000828,1,0.00419982,0.372451,3343,1357,873,0.98,106.62,133.46,28.26,269.31,0.719097368,-0.061791301,0.617069314,0.313538312,-1.2201391,-0.5946253,1.7719871
seq-03/frame-000829,1,0.00368282,0.369497,3581,1442,886,1.01,109.96,135.03,19.33,265.33,0.716873968,-0.062361783,0.619837876,0.313055475,-1.2231171,-0.5946954,1.7718036
seq-03/frame-000830,1,0.00208750,0.319873,3679,1407,881,1.03,124.58,145.58,12.09,283.28,0.715533610,-0.063115498,0.621025099,0.313617462,-1.2250628,-0.5942495,1.7725132
seq-03/frame-000831,1,0.00347678,0.418262,3702,1431,868,0.99,127.52,156.39,12.19,297.09,0.714518661,-0.062552249,0.620928693,0.316224380,-1.2221793,-0.5941574,1.7687489
seq-03/frame-000832,1,0.00226786,0.326715,3503,1374,865,1.00,132.52,150.85,16.93,301.31,0.712584303,-0.061489686,0.623583705,0.315572484,-1.2269997,-0.5936257,1.7696122
seq-03/frame-000833,1,0.00471124,0.308939,3583,1399,850,1.00,141.52,153.71,15.37,311.60,0.711859822,-0.062150248,0.624461834,0.315341654,-1.2292310,-0.5904642,1.7701149
seq-03/frame-000834,1,0.00418746,0.346114,3609,1262,768,1.02,129.33,154.66,11.10,296.11,0.710095874,-0.063237284,0.624426251,0.319150047,-1.2319591,-0.5952889,1.7684015
seq-03/frame-000835,1,0.00174675,0.320784,3651,1362,846,1.01,157.04,155.14,20.80,334.00,0.708493684,-0.062149676,0.625245058,0.321314074,-1.2288343,-0.5944428,1.7694292
seq-03/frame-000836,1,0.00545839,0.312850,3469,1410,882,0.95,134.33,158.41,13.72,307.41,0.706793769,-0.061944267,0.626482386,0.322684514,-1.2371479,-0.5981341,1.7685798
seq-03/frame-000837,1,0.00330734,0.407672,3064,1287,852,0.95,104.00,115.97,15.42,236.34,0.706052011,-0.062949534,0.626847675,0.323403628,-1.2313810,-0.5901773,1.7688037
seq-03/frame-000838,1,0.00380649,0.373535,2795,1104,665,0.94,102.88,116.17,9.89,229.88,0.701762121,-0.064692154,0.631712482,0.322930628,-1.2356946,-0.5925825,1.7690085
seq-03/frame-000839,1,0.00701604,0.380342,3538,1299,786,0.97,124.36,139.07,9.72,274.13,0.698004554,-0.065490228,0.635694302,0.323099717,-1.2373823,-0.5915953,1.7741436
seq-03/frame-000840,1,0.00396416,0.380803,3608,1347,849,1.00,130.33,152.35,10.66,294.35,0.696311541,-0.067549526,0.635461350,0.326766233,-1.2413517,-0.6002703,1.7739855
seq-03/frame-000841,1,0.00406522,0.381024,3605,1275,757,0.99,123.10,162.27,15.07,301.44,0.695482114,-0.065811080,0.635805341,0.328215020,-1.2378611,-0.5997110,1.7761424
seq-03/frame-000842,1,0.00347687,0.374399,3152,1262,795,0.94,118.73,150.01,8.33,278.01,0.694161709,-0.064608423,0.637572083,0.327821769,-1.2464079,-0.6016267,1.7772926
seq-03/frame-000843,1,0.00601910,0.542983,3627,1153,602,0.93,139.80,159.68,14.54,314.95,0.692261218,-0.066266851,0.637480154,0.331665742,-1.2509273,-0.6063209,1.7785059
seq-03/frame-000844,1,0.00418083,0.451146,3663,1292,760,1.00,134.32,149.93,10.35,295.60,0.693367289,-0.067050356,0.635907793,0.332215789,-1.2454779,-0.6045619,1.7793739
seq-03/frame-000845,1,0.00445618,0.497186,3564,1239,718,1.01,129.47,152.04,13.72,296.25,0.691850340,-0.064379254,0.637141629,0.333540049,-1.2501373,-0.6058777,1.7794548
seq-03/frame-000846,1,0.00362902,0.412360,3641,1331,777,1.01,137.59,143.59,12.42,294.61,0.691816932,-0.064898638,0.637059999,0.333664587,-1.2518128,-0.6069807,1.7804311
seq-03/frame-000847,1,0.00439716,0.405033,3633,1358,824,0.97,119.26,139.08,13.40,272.72,0.691653436,-0.065644607,0.637034522,0.333906166,-1.2511591,-0.6081980,1.7785724
seq-03/frame-000848,1,0.00333036,0.365981,3595,1363,809,0.97,124.52,157.53,18.03,301.05,0.691137561,-0.065411959,0.638924214,0.331400055,-1.2531430,-0.6075605,1.7785749
seq-03/frame-000849,1,0.00306948,0.367796,3617,1320,767,1.01,117.55,150.67,14.28,283.51,0.690291047,-0.065816238,0.640196174,0.330628724,-1.2551522,-0.6066717,1.7777685
seq-03/frame-000850,1,0.00416382,0.437092,3659,1339,802,0.99,114.60,150.92,16.68,283.19,0.688989830,-0.064820361,0.640332513,0.333265070,-1.2569355,-0.6127293,1.7755815
seq-03/frame-000851,1,0.00287819,0.324753,3588,1390,822,1.01,153.67,127.51,12.04,294.23,0.691010397,-0.063945820,0.639907433,0.330051572,-1.2576687,-0.6098448,1.7746336
seq-03/frame-000852,1,0.00682450,0.405405,3345,1417,860,0.91,135.89,138.44,14.28,289.53,0.690978973,-0.064638205,0.640419575,0.328987430,-1.2591216,-0.6140242,1.7692166
seq-03/frame-000853,1,0.00393347,0.401061,3584,1300,790,1.01,132.64,146.97,13.93,294.54,0.690727648,-0.064059768,0.642188945,0.326167168,-1.2619394,-0.6134428,1.7692466
seq-03/frame-000854,1,0.00332233,0.262084,3369,1218,735,1.25,142.04,150.93,14.14,308.36,0.692750400,-0.065121602,0.641166297,0.323669335,-1.2642555,-0.6114043,1.7702828
seq-03/frame-000855,1,0.00299265,0.423414,3446,1239,701,1.00,135.91,144.24,16.36,297.50,0.693981596,-0.064131306,0.638887207,0.325729728,-1.2639507,-0.6147090,1.7656441
seq-03/frame-000856,1,0.00312774,0.485803,3492,1279,769,0.96,146.85,138.92,15.86,302.60,0.696394824,-0.063233415,0.637097827,0.324256293,-1.2672570,-0.6138622,1.7640935
seq-03/frame-000857,1,0.00307436,0.400368,3548,1289,805,0.99,126.82,156.74,13.94,298.49,0.699285821,-0.064236668,0.634437345,0.323051461,-1.2682452,-0.6103292,1.7603349
seq-03/frame-000858,1,0.00308907,0.338835,3342,1262,770,0.97,126.64,132.29,16.12,276.03,0.701370140,-0.065010361,0.632056427,0.323045279,-1.2703123,-0.6128323,1.7574775
seq-03/frame-000859,1,0.00353632,0.483805,3379,1270,768,0.98,137.70,133.35,18.01,290.04,0.705297857,-0.063960308,0.628394286,0.321845668,-1.2704866,-0.6102763,1.7523164
seq-03/frame-000860,1,0.00348253,0.343459,3288,1328,823,0.94,116.75,129.43,16.68,263.81,0.708579761,-0.066160207,0.627268164,0.316341902,-1.2743090,-0.6040414,1.7499122
seq-03/frame-000861,1,0.00178402,0.253289,3476,1253,799,0.97,148.16,124.40,18.33,291.85,0.709751095,-0.069688183,0.626508306,0.314458714,-1.2759894,-0.6037513,1.7480329
seq-03/frame-000862,1,0.00111256,0.240820,3293,1243,766,0.97,132.44,114.92,10.45,258.78,0.712064078,-0.070955713,0.623443162,0.315037551,-1.2760833,-0.6072600,1.7443530
seq-03/frame-000863,1,0.00431861,0.432255,3413,1265,770,0.97,141.13,145.63,9.57,297.30,0.715600489,-0.069194936,0.619930901,0.314346433,-1.2797738,-0.6054563,1.7383402
seq-03/frame-000864,1,0.00331239,0.280380,3573,1425,915,1.00,120.65,169.57,18.89,310.11,0.720083675,-0.073021970,0.616477173,0.310005143,-1.2818600,-0.6002351,1.7301081
seq-03/frame-000865,1,0.00206682,0.352887,3533,1345,832,0.99,138.82,143.85,11.26,294.92,0.721833497,-0.071845915,0.615050610,0.309042578,-1.2836370,-0.5980275,1.7255842
seq-03/frame-000866,1,0.00500837,0.390643,3203,1351,872,0.90,153.69,142.15,13.99,310.74,0.723738299,-0.071383175,0.613083791,0.308602630,-1.2889445,-0.5950460,1.7214351
seq-03/frame-000867,1,0.00538572,0.358593,3533,1346,845,1.00,131.75,152.28,25.60,310.64,0.725573189,-0.073738348,0.609864452,0.310115387,-1.2891481,-0.5953682,1.7163283
seq-03/frame-000868,1,0.00421208,0.319512,3553,1433,877,1.00,135.97,162.42,17.86,317.25,0.727712664,-0.072661051,0.608229094,0.308564448,-1.2885352,-0.5911017,1.7112862
seq-03/frame-000869,1,0.00470633,0.319536,3605,1414,875,0.98,133.28,155.32,16.39,305.98,0.728890121,-0.072634493,0.607854560,0.306522847,-1.2935275,-0.5886132,1.7074502
seq-03/frame-000870,1,0.00492626,0.367685,3536,1405,879,0.98,121.92,146.88,16.89,286.68,0.730945662,-0.073718184,0.605234564,0.306553733,-1.2944222,-0.5876211,1.7029048
seq-03/frame-000871,1,0.00336057,0.370154,3612,1449,898,1.02,121.72,158.34,13.23,294.31,0.733006553,-0.072823640,0.602897650,0.306451521,-1.2924988,-0.5826156,1.6981902
seq-03/frame-000872,1,0.00385313,0.341395,3653,1491,973,0.99,151.57,171.81,9.56,333.94,0.734567471,-0.072798663,0.602260565,0.303962495,-1.2957290,-0.5811931,1.6940776
seq-03/frame-000873,1,0.00522292,0.438607,3554,1449,923,1.03,131.18,142.75,16.76,291.73,0.735739486,-0.073375113,0.600842124,0.303796384,-1.2968440,-0.5811564,1.6893642
seq-03/frame-000874,1,0.00332426,0.389123,3495,1356,876,0.99,128.72,158.58,14.95,303.24,0.737623970,-0.072510916,0.599120269,0.302833204,-1.2985926,-0.5794978,1.6877585
seq-03/frame-000875,1,0.00500539,0.352128,3510,1341,845,1.02,155.74,155.09,13.98,325.83,0.740307799,-0.071734001,0.596016382,0.302593900,-1.3001038,-0.5774499,1.6815826
seq-03/frame-000876,1,0.00348261,0.334434,3536,1444,933,1.01,128.27,150.53,9.91,289.73,0.742124269,-0.071074110,0.594719807,0.300846126,-1.3002914,-0.5737072,1.6783583
seq-03/frame-000877,1,0.00384572,0.367513,3545,1462,919,1.01,129.41,147.92,10.76,289.10,0.743333228,-0.071816359,0.593748204,0.299601723,-1.3018309,-0.5705730,1.6735292
seq-03/frame-000878,1,0.00529426,0.383514,3451,1432,894,1.26,124.98,162.12,17.06,305.42,0.744424984,-0.072672653,0.592578248,0.299000249,-1.3012289,-0.5720949,1.6684538
seq-03/frame-000879,1,0.00496782,0.360411,3458,1376,912,1.02,135.17,153.65,9.44,299.29,0.745850591,-0.071376983,0.591330619,0.298228639,-1.3037978,-0.5717206,1.6660698
seq-03/frame-000880,1,0.00419520,0.330778,3519,1394,903,0.99,106.64,152.55,18.94,279.12,0.748481868,-0.070737091,0.589109506,0.296177562,-1.3062919,-0.5667618,1.6622830
seq-03/frame-000881,1,0.00482647,0.297224,3422,1362,913,1.02,109.18,143.06,12.77,266.04,0.749647680,-0.072040531,0.587944910,0.295227540,-1.3077740,-0.5657865,1.6588768
seq-03/frame-000882,1,0.00721810,0.302658,3445,1427,926,1.01,127.59,140.13,7.34,276.08,0.751333952,-0.072141155,0.585974305,0.294833952,-1.3100995,-0.5657120,1.6545678
seq-03/frame-000883,1,0.00372919,0.304833,3426,1368,889,1.02,122.55,153.52,7.05,284.14,0.753386773,-0.071013408,0.583801658,0.294178672,-1.3076455,-0.5617265,1.6526013
seq-03/frame-000884,1,0.00290509,0.307730,3529,1433,945,1.00,122.10,162.88,11.05,297.03,0.755534508,-0.070656905,0.581961146,0.292397731,-1.3077949,-0.5579277,1.6491900
seq-03/frame-000885,1,0.00195237,0.219771,3481,1255,762,1.01,127.05,146.35,8.98,283.40,0.757568631,-0.071630291,0.580852876,0.289082699,-1.3079608,-0.5550881,1.6474913
seq-03/frame-000886,1,0.00425441,0.315607,3336,1326,869,1.02,122.44,134.34,10.02,267.83,0.758937445,-0.071988354,0.579382917,0.288352331,-1.3096630,-0.5566065,1.6418736
seq-03/frame-000887,1,0.00308910,0.308193,3372,1474,996,0.99,120.10,140.06,25.58,286.74,0.760600440,-0.072144116,0.577732497,0.287240942,-1.3099005,-0.5557526,1.6403354
seq-03/frame-000888,1,0.00219454,0.260684,3360,1288,801,1.54,135.24,196.42,14.64,347.85,0.763189429,-0.072040633,0.575822526,0.284219038,-1.3094717,-0.5536568,1.6377067
seq-03/frame-000889,1,0.00359622,0.295019,3434,1423,919,1.01,123.83,185.26,14.23,324.33,0.764597121,-0.071529966,0.574830859,0.282567144,-1.3128048,-0.5518255,1.6337867
seq-03/frame-000890,1,0.00518963,0.257870,3346,1444,944,1.69,123.56,183.15,10.91,319.32,0.766137040,-0.072681363,0.573104816,0.281606687,-1.3141309,-0.5536605,1.6319006
seq-03/frame-000891,1,0.00533093,0.327553,3323,1444,940,0.99,101.45,186.65,13.49,302.58,0.768812353,-0.071651199,0.570060270,0.280757833,-1.3141521,-0.5517086,1.6281506
seq-03/frame-000892,1,0.00669715,0.305851,3395,1378,952,1.00,141.72,160.18,10.32,313.22,0.770682115,-0.071400092,0.567871510,0.280130420,-1.3157293,-0.5499521,1.6250604
seq-03/frame-000893,1,0.00310687,0.190337,3348,1380,882,1.01,145.96,141.69,8.83,297.49,0.772316496,-0.071751803,0.566668419,0.277967284,-1.3143721,-0.5466775,1.6254532
seq-03/frame-000894,1,0.00375029,0.234417,3407,1350,871,1.00,156.56,143.97,7.50,309.04,0.774412102,-0.071932776,0.564360638,0.276782662,-1.3142944,-0.5448194,1.6222257
seq-03/frame-000895,1,0.00234918,0.199881,3426,1292,838,0.96,147.16,141.62,12.93,302.66,0.776191231,-0.071443037,0.562328812,0.276060452,-1.3148693,-0.5416914,1.6220450
seq-03/frame-000896,1,0.00552678,0.200042,3427,1373,928,0.99,154.70,148.32,9.66,313.67,0.778030701,-0.072352443,0.559561603,0.276268283,-1.3161360,-0.5419900,1.6178902
seq-03/frame-000897,1,0.00548380,0.248928,3451,1419,948,1.39,162.10,150.21,14.62,328.33,0.779703773,-0.072940716,0.557726455,0.275105216,-1.3154037,-0.5396583,1.6155636
seq-03/frame-000898,1,0.00204435,0.182427,3408,1253,791,0.99,125.23,148.91,13.68,288.81,0.780936337,-0.073804292,0.556331039,0.274202734,-1.3145393,-0.5358911,1.6158553
seq-03/frame-000899,1,0.00484977,0.307465,3242,1430,976,0.94,121.72,136.49,16.98,276.15,0.782898794,-0.073812508,0.553277944,0.274781203,-1.3144584,-0.5360604,1.6125554
seq-03/frame-000900,1,0.00502519,0.160485,3205,1291,858,0.93,120.11,135.58,14.70,271.33,0.785115993,-0.074907377,0.550836646,0.273058147,-1.3166569,-0.5331946,1.6122123
seq-03/frame-000901,1,0.00433978,0.273720,3418,1427,917,1.01,118.76,146.18,15.21,281.17,0.786685194,-0.076341291,0.548298992,0.273251951,-1.3137816,-0.5301529,1.6085342
seq-03/frame-000902,1,0.00339645,0.310551,3194,1462,977,0.94,133.05,151.03,14.26,299.29,0.788089195,-0.077328661,0.546198141,0.273136027,-1.3117030,-0.5307107,1.6085421
seq-03/frame-000903,1,0.00452657,0.270894,3214,1405,933,0.92,103.24,127.69,9.23,241.08,0.790798108,-0.077293151,0.542367701,0.272949442,-1.3140508,-0.5293442,1.6069844
seq-03/frame-000904,1,0.00405475,0.208069,3431,1416,949,1.01,119.54,145.92,16.13,282.60,0.792706236,-0.077769043,0.539525143,0.272912842,-1.3117996,-0.5256401,1.6045570
seq-03/frame-000905,1,0.00571479,0.221510,3304,1544,1064,0.94,117.03,131.81,18.64,268.43,0.794107845,-0.079384655,0.538012107,0.271355447,-1.3125131,-0.5245914,1.6028830
seq-03/frame-000906,1,0.00318553,0.239690,3348,1295,811,0.95,159.61,156.02,11.84,328.43,0.795729730,-0.081306068,0.535848792,0.270313879,-1.3103466,-0.5197636,1.6014940
seq-03/frame-000907,1,0.00230767,0.237732,3416,1430,958,0.98,114.01,146.20,11.22,272.41,0.796240142,-0.082397390,0.534225527,0.271689884,-1.3074785,-0.5199417,1.6015970
seq-03/frame-000908,1,0.00370028,0.231872,3141,1328,878,0.90,133.09,128.58,11.76,274.33,0.798289279,-0.082250757,0.531358941,0.271342434,-1.3096484,-0.5190485,1.6005559
seq-03/frame-000909,1,0.00489484,0.185495,3386,1524,1049,1.01,138.40,128.74,15.19,283.34,0.799838585,-0.083356220,0.528302901,0.272407827,-1.3083022,-0.5184126,1.5995809
seq-03/frame-000910,1,0.00514418,0.100638,3424,1485,1023,0.98,135.40,127.69,11.81,275.88,0.800868874,-0.084180061,0.526460217,0.272694707,-1.3075540,-0.5166623,1.6000259
seq-03/frame-000911,1,0.00331315,0.151238,3474,1304,802,1.01,119.26,148.84,14.71,283.83,0.801905946,-0.083663114,0.524466913,0.273645381,-1.3032079,-0.5144829,1.5982723
seq-03/frame-000912,1,0.00332709,0.161827,3343,1445,949,1.02,109.87,157.35,17.12,285.37,0.802784555,-0.083232827,0.523379446,0.273282290,-1.3014650,-0.5123553,1.5974232
seq-03/frame-000913,1,0.00506200,0.143861,3395,1385,906,0.99,155.25,149.54,16.74,322.51,0.803176920,-0.083128766,0.522721236,0.273420834,-1.3032537,-0.5120005,1.5956836
seq-03/frame-000914,1,0.00137720,0.076724,3215,1402,957,0.97,143.49,103.78,12.81,261.06,0.804191557,-0.083032279,0.520753497,0.274221400,-1.2994200,-0.5098844,1.5975188
seq-03/frame-000915,1,0.00414625,0.064263,3385,1418,953,0.96,153.49,139.50,8.60,302.56,0.805856870,-0.081422855,0.518128247,0.274787451,-1.3000480,-0.5086182,1.5956806
seq-03/frame-000916,1,0.00346381,0.163506,3461,1407,931,1.03,155.75,141.44,9.53,307.75,0.806291085,-0.080718915,0.516138113,0.277453765,-1.2978529,-0.5054293,1.5941388
seq-03/frame-000917,1,0.00499130,0.156436,3312,1395,946,0.96,155.93,142.09,11.79,310.78,0.807076497,-0.080013541,0.513875689,0.279565979,-1.2952134,-0.5060886,1.5922212
seq-03/frame-000918,1,0.00352290,0.188679,3298,1385,939,0.93,166.84,141.99,8.87,318.64,0.808256902,-0.076795026,0.512032058,0.280439790,-1.2893787,-0.5033117,1.5903127
seq-03/frame-000919,1,0.00481714,0.200655,3535,1407,922,1.00,161.86,140.48,8.51,311.85,0.808426901,-0.074170741,0.512487983,0.279822648,-1.2938830,-0.5013656,1.5879723
seq-03/frame-000920,1,0.00339655,0.139508,3385,1281,805,1.01,139.35,139.80,10.84,290.99,0.809568903,-0.074910532,0.510733305,0.279531920,-1.2901656,-0.4987837,1.5872091
seq-03/frame-000921,1,0.00208914,0.168325,3330,1260,780,1.01,126.18,139.07,7.06,273.34,0.809915208,-0.073035776,0.509920305,0.280507423,-1.2867241,-0.4952121,1.5849631
seq-03/frame-000922,1,0.00446901,0.150821,3391,1338,853,1.02,123.87,145.93,14.30,285.12,0.809667702,-0.072327997,0.509701965,0.281799184,-1.2881526,-0.4968096,1.5809364
seq-03/frame-000923,1,0.00289415,0.140802,3321,1390,938,1.00,113.53,118.98,11.69,245.20,0.810645792,-0.070709488,0.507432190,0.283489225,-1.2846497,-0.4941268,1.5789933
seq-03/frame-000924,1,0.00338402,0.129167,3342,1334,872,0.98,124.30,141.36,16.86,283.50,0.811472599,-0.068025294,0.505013737,0.286087235,-1.2807378,-0.4934294,1.5749391
seq-03/frame-000925,1,0.00475729,0.160428,3083,1265,841,0.97,121.78,122.28,9.48,254.52,0.812666911,-0.066146230,0.503561352,0.285697624,-1.2774326,-0.4923427,1.5705067
seq-03/frame-000926,1,0.00376347,0.186990,2886,1238,873,0.93,124.65,135.40,10.57,271.55,0.814384520,-0.064735388,0.502562795,0.282874213,-1.2726789,-0.4882419,1.5654872
seq-03/frame-000927,1,0.00303054,0.165864,3227,1289,856,0.98,116.66,137.27,12.85,267.75,0.815722616,-0.064607290,0.502654240,0.278857001,-1.2730420,-0.4863212,1.5617372
seq-03/frame-000928,1,0.00294414,0.090039,3220,1355,904,0.97,145.80,142.20,13.44,302.42,0.817229668,-0.065438264,0.500821196,0.277545731,-1.2709436,-0.4871863,1.5585324
seq-03/frame-000929,1,0.00335798,0.132383,3143,1275,850,0.97,118.73,134.78,16.41,270.88,0.819824607,-0.063820700,0.497551177,0.276147349,-1.2665150,-0.4849904,1.5535017
seq-03/frame-000930,1,0.00345026,0.085012,3155,1309,879,0.96,133.88,131.88,14.92,281.64,0.822423371,-0.064616251,0.495188026,0.272457994,-1.2641885,-0.4833673,1.5491075
seq-03/frame-000931,1,0.00107931,0.093399,3073,1320,898,0.96,126.15,118.00,10.53,255.64,0.825812278,-0.065560063,0.491761704,0.268153662,-1.2585085,-0.4793894,1.5451204
seq-03/frame-000932,1,0.00080530,0.118522,3063,1319,934,0.96,115.54,112.62,9.51,238.64,0.828339291,-0.067171953,0.489294241,0.264448660,-1.2547023,-0.4750978,1.5392132
seq-03/frame-000933,1,0.00048767,0.086370,2855,1303,927,0.94,110.57,125.02,11.53,248.06,0.830406284,-0.070957654,0.487520308,0.260219836,-1.2506731,-0.4719968,1.5348453
seq-03/frame-000934,1,0.00279576,0.104674,2422,1227,924,0.89,97.53,95.34,7.38,201.15,0.832052754,-0.074461887,0.486196089,0.256431289,-1.2443553,-0.4722913,1.5275686
seq-03/frame-000935,1,0.00184062,0.113203,2842,1313,920,0.93,102.72,96.37,14.66,214.67,0.833484000,-0.075597421,0.487084370,0.249676327,-1.2415241,-0.4700869,1.5211411
seq-03/frame-000936,1,0.00108917,0.063371,3136,1281,869,0.98,116.06,130.47,8.85,256.36,0.833935101,-0.076824026,0.487157517,0.247644643,-1.2426462,-0.4684933,1.5193050
seq-03/frame-000937,1,0.00194110,0.164407,2786,1210,857,0.93,125.42,101.66,12.28,240.29,0.837318289,-0.077645090,0.481393173,0.247244690,-1.2395254,-0.4680782,1.5145655
seq-03/frame-000938,1,0.00091396,0.124935,2805,1305,921,0.94,128.97,127.66,25.67,283.24,0.841448819,-0.079177742,0.475854722,0.243427719,-1.2342197,-0.4624097,1.5092819
seq-03/frame-000939,1,0.00170691,0.105138,3232,1411,946,1.04,129.32,128.12,13.94,272.42,0.843085141,-0.082673074,0.473676226,0.240839034,-1.2308260,-0.4596224,1.5042520
seq-03/frame-000940,1,0.00257883,0.107623,2931,1285,908,0.94,130.81,106.57,7.53,245.85,0.845077689,-0.085189283,0.470546561,0.239107546,-1.2286696,-0.4643528,1.5012500
seq-03/frame-000941,1,0.00084873,0.042730,2910,1291,940,0.93,113.05,113.26,10.52,237.76,0.849548915,-0.085012006,0.464390066,0.235332671,-1.2219522,-0.4615454,1.4969047
seq-03/frame-000942,1,0.00134066,0.039078,3103,1396,997,0.95,131.08,148.41,15.76,296.20,0.852468979,-0.083268516,0.461366764,0.231308675,-1.2178798,-0.4580670,1.4910317
seq-03/frame-000943,1,0.00241209,0.048683,2893,1281,929,0.95,114.16,135.80,13.46,264.37,0.854438724,-0.084595583,0.459965969,0.226294855,-1.2176170,-0.4536189,1.4900561
seq-03/frame-000944,1,0.00181204,0.037428,3043,1358,934,0.94,120.35,128.86,7.14,257.29,0.857886214,-0.087930807,0.454301569,0.223404345,-1.2122536,-0.4571918,1.4856108
seq-03/frame-000945,1,0.00144928,0.046097,3094,1384,989,0.95,112.72,120.49,13.04,247.20,0.860721407,-0.086156188,0.450554911,0.220762412,-1.2073127,-0.4547599,1.4818110
seq-03/frame-000946,1,0.00230681,0.087196,3055,1393,991,0.96,111.56,135.22,7.91,255.64,0.863030393,-0.085638024,0.447747444,0.217639372,-1.2056436,-0.4547080,1.4795983
seq-03/frame-000947,1,0.00155210,0.090923,2863,1413,1055,0.90,118.73,112.80,17.79,250.23,0.866212634,-0.084739957,0.443083870,0.214875536,-1.1983890,-0.4546259,1.4768614
seq-03/frame-000948,1,0.00125276,0.031497,3213,1418,1013,0.97,115.27,125.07,17.30,258.61,0.868430192,-0.080865641,0.440366175,0.212996202,-1.1966742,-0.4520007,1.4735242
seq-03/frame-000949,1,0.00291408,0.080558,2837,1328,982,0.93,103.02,123.57,8.42,235.95,0.870941593,-0.080772020,0.436209095,0.211324982,-1.1971491,-0.4525368,1.4710275
seq-03/frame-000950,1,0.00234490,0.095826,2953,1414,1042,0.95,130.00,102.69,10.75,244.40,0.873930649,-0.080939255,0.430898524,0.209810675,-1.1906029,-0.4525073,1.4704186
seq-03/frame-000951,1,0.00327807,0.086436,3082,1388,998,0.96,118.41,145.23,7.20,271.81,0.876902973,-0.080238743,0.426708691,0.206210117,-1.1898918,-0.4506674,1.4673772
seq-03/frame-000952,1,0.00180746,0.051897,2630,1324,994,1.25,106.80,116.08,14.31,238.43,0.879712113,-0.081670697,0.421830120,0.203705291,-1.1847398,-0.4519831,1.4680585
seq-03/frame-000953,1,0.00516781,0.156689,2224,1133,872,0.91,93.64,96.04,10.65,201.25,0.883320683,-0.081848269,0.416645035,0.198626146,-1.1838716,-0.4528843,1.4694404
seq-03/frame-000954,1,0.00481986,0.143503,2529,1174,832,0.92,110.41,109.03,8.86,229.22,0.887953091,-0.083588597,0.408895120,0.193279681,-1.1827177,-0.4513880,1.4681394
seq-03/frame-000955,1,0.00317155,0.085313,3057,1401,966,0.96,109.82,127.27,10.96,249.02,0.891208952,-0.085250891,0.402717433,0.190519181,-1.1775325,-0.4516040,1.4673696
seq-03/frame-000956,1,0.00440425,0.073533,3086,1388,988,0.97,119.24,125.08,12.57,257.86,0.893604474,-0.085797658,0.398599338,0.187692232,-1.1756285,-0.4515110,1.4662643
seq-03/frame-000957,1,0.00431004,0.067326,2919,1341,920,0.95,123.09,105.53,9.79,239.36,0.896192650,-0.087515072,0.394080503,0.184066304,-1.1727844,-0.4534266,1.4667375
seq-03/frame-000958,1,0.00306756,0.052058,3218,1364,970,0.98,130.76,121.64,12.48,265.87,0.898769801,-0.086885143,0.390286930,0.179833057,-1.1686881,-0.4504464,1.4671047
seq-03/frame-000959,1,0.00348566,0.075679,3227,1436,1016,0.96,112.02,126.88,7.47,247.33,0.899995945,-0.086465263,0.388853788,0.176985279,-1.1669678,-0.4524267,1.4675828
seq-03/frame-000960,1,0.00248777,0.018995,3251,1400,943,1.01,120.17,150.69,12.79,284.67,0.902005640,-0.085778129,0.386079113,0.173120930,-1.1663393,-0.4504262,1.4668169
seq-03/frame-000961,1,0.00159868,0.039263,2889,1357,995,0.95,126.10,103.68,7.92,238.65,0.903394197,-0.084983280,0.383278053,0.172495509,-1.1621651,-0.4513817,1.4680536
seq-03/frame-000962,1,0.00266697,0.048434,2810,1312,928,0.92,124.09,116.69,8.21,249.91,0.905425666,-0.082955497,0.379954184,0.170169232,-1.1595083,-0.4545977,1.4689464
seq-03/frame-000963,1,0.00393215,0.050904,3331,1538,1108,1.02,116.94,138.99,7.27,264.22,0.907466830,-0.081583586,0.377251834,0.165919032,-1.1605663,-0.4533571,1.4647787
seq-03/frame-000964,1,0.00121896,0.025754,2496,1256,958,0.91,107.48,108.18,10.75,227.32,0.908580816,-0.082801079,0.375447844,0.163290536,-1.1556514,-0.4535397,1.4674334
seq-03/frame-000965,1,0.00335321,0.089862,2105,1055,830,0.89,94.45,92.00,13.62,200.96,0.909834258,-0.081189789,0.373463017,0.161663899,-1.1547911,-0.4568743,1.4687614
seq-03/frame-000966,1,0.00291139,0.037570,1870,968,736,0.87,79.50,70.46,11.11,161.95,0.911583815,-0.077646753,0.370197760,0.161057596,-1.1556380,-0.4540213,1.4709678
seq-03/frame-000967,1,0.00387987,0.079016,2656,1181,844,0.93,116.60,118.12,8.66,244.32,0.914802066,-0.078912498,0.362400516,0.159924555,-1.1540741,-0.4561193,1.4658817
seq-03/frame-000968,1,0.00309187,0.095619,3160,1272,867,0.98,124.29,140.16,10.33,275.77,0.916335918,-0.079189747,0.359616612,0.157268440,-1.1503986,-0.4542916,1.4661595
seq-03/frame-000969,1,0.00385669,0.038672,3170,1518,1094,0.97,114.24,130.46,10.98,256.66,0.917697068,-0.080598885,0.357644713,0.153056101,-1.1499525,-0.4545459,1.4640342
seq-03/frame-000970,1,0.00392604,0.093746,2212,1052,778,0.91,106.99,82.35,11.39,201.64,0.918872115,-0.082234494,0.355247642,0.150700489,-1.1498630,-0.4523291,1.4661555
seq-03/frame-000971,1,0.00388011,0.112898,2140,1039,803,0.95,98.95,95.02,8.82,203.74,0.920775170,-0.086217033,0.350021952,0.149078310,-1.1481762,-0.4562482,1.4666014
seq-03/frame-000972,1,0.00348325,0.066351,2637,1203,842,0.92,108.65,121.79,10.29,241.65,0.923594588,-0.086205396,0.344468100,0.144510880,-1.1470962,-0.4544117,1.4660581
seq-03/frame-000973,1,0.00275821,0.104298,2694,1260,920,0.90,124.08,116.16,8.55,249.69,0.925109959,-0.086705887,0.341470697,0.141603020,-1.1464376,-0.4493382,1.4649833
seq-03/frame-000974,1,0.00307290,0.176798,2204,1064,782,0.89,105.48,87.27,10.51,204.16,0.926344521,-0.090589866,0.337746231,0.140024241,-1.1459206,-0.4507779,1.4655453
seq-03/frame-000975,1,0.00186353,0.030760,2565,1203,878,0.92,111.07,107.45,15.20,234.64,0.928788882,-0.091062959,0.331697633,0.137968948,-1.1430679,-0.4498041,1.4645321
seq-03/frame-000976,1,0.00215455,0.073922,2416,1142,817,0.90,104.94,109.89,17.52,233.26,0.930517736,-0.091515269,0.327669741,0.135625363,-1.1424493,-0.4478727,1.4638857
seq-03/frame-000977,1,0.00198050,0.092398,2617,1174,842,0.93,103.25,102.55,8.21,214.95,0.932910922,-0.093690084,0.321860658,0.131548839,-1.1419047,-0.4468335,1.4613584
seq-03/frame-000978,1,0.00360725,0.076423,2978,1319,944,0.95,128.37,122.56,16.62,268.50,0.934615640,-0.094966039,0.317903615,0.128110691,-1.1414052,-0.4449763,1.4584238
seq-03/frame-000979,1,0.00314192,0.145697,2290,1086,763,0.91,102.88,95.17,18.26,217.22,0.936222901,-0.095860857,0.314090756,0.125077466,-1.1402601,-0.4431989,1.4585234
seq-03/frame-000980,1,0.00258649,0.226480,2072,979,713,0.89,96.06,90.05,8.73,195.73,0.938900861,-0.096886421,0.307017825,0.121730231,-1.1377007,-0.4425630,1.4557733
seq-03/frame-000981,1,0.00179320,0.151187,1971,911,646,0.87,97.61,76.22,10.59,185.29,0.941236246,-0.096743652,0.300957580,0.118909752,-1.1376219,-0.4374013,1.4534353
seq-03/frame-000982,1,0.00266915,0.141252,2342,1071,744,0.90,126.38,90.09,14.37,231.75,0.943444182,-0.098025842,0.293996362,0.117771596,-1.1360618,-0.4366816,1.4485915
seq-03/frame-000983,1,0.00315253,0.111688,2301,1056,751,0.90,106.48,103.40,7.92,218.71,0.945478360,-0.097217416,0.288398550,0.115955686,-1.1348446,-0.4343212,1.4442650
seq-03/frame-000984,1,0.00172772,0.134989,2384,1034,707,0.91,101.82,100.28,10.63,213.64,0.948024657,-0.098559550,0.281225905,0.111567270,-1.1323363,-0.4313934,1.4404589
seq-03/frame-000985,1,0.00174373,0.089995,2518,1115,811,0.93,93.63,106.60,10.69,211.85,0.950229839,-0.098528995,0.275840113,0.106148587,-1.1281349,-0.4256473,1.4348970
seq-03/frame-000986,1,0.00106924,0.030057,2115,1020,727,0.89,112.26,96.96,16.21,226.32,0.951313911,-0.100382442,0.274221342,0.098629932,-1.1240464,-0.4224072,1.4290528
seq-03/frame-000987,1,0.00207704,0.057551,2844,1211,842,0.92,113.00,129.83,16.38,260.13,0.951991483,-0.102012851,0.273845751,0.091181686,-1.1255822,-0.4238412,1.4240785
seq-03/frame-000988,1,0.00357115,0.205805,1261,672,474,0.84,68.84,59.28,15.04,144.00,0.953978978,-0.099141623,0.269499121,0.086401803,-1.1272079,-0.4187652,1.4217659
seq-03/frame-000989,1,0.00415351,0.227352,1267,634,464,0.83,79.41,54.11,12.04,146.39,0.956995571,-0.097038211,0.260078300,0.084275381,-1.1277905,-0.4167985,1.4182042
seq-03/frame-000990,1,0.00210521,0.159370,2386,1054,725,0.90,96.68,83.03,8.83,189.45,0.959974197,-0.096301230,0.250344155,0.080643780,-1.1266100,-0.4156666,1.4095867
seq-03/frame-000991,1,0.00253520,0.147518,2293,1026,707,0.91,117.10,106.83,12.81,237.65,0.961708418,-0.097016094,0.245092325,0.075063635,-1.1263238,-0.4129991,1.4038698
seq-03/frame-000992,1,0.00160067,0.146070,1912,884,610,0.87,91.72,77.00,10.66,180.25,0.963882846,-0.097750305,0.238566098,0.066790371,-1.1247063,-0.4077842,1.4016991
seq-03/frame-000993,1,0.00474178,0.213810,1434,674,491,0.85,71.01,65.83,10.87,148.56,0.966287957,-0.096832849,0.230130927,0.062854917,-1.1250228,-0.4032291,1.3945792
seq-03/frame-000994,1,0.00573151,0.187699,1348,622,419,0.85,75.20,59.30,6.28,141.64,0.968397378,-0.097009891,0.221859232,0.059783623,-1.1266920,-0.4013798,1.3900430
seq-03/frame-000995,1,0.00132943,0.090535,2050,912,587,0.89,94.16,83.29,10.37,188.71,0.970704664,-0.098041232,0.212371450,0.054943048,-1.1253399,-0.3999011,1.3856071
seq-03/frame-000996,1,0.00271340,0.123792,2329,997,664,0.91,99.79,111.28,10.30,222.29,0.972360237,-0.097933118,0.206163200,0.049207821,-1.1254940,-0.3960243,1.3800932
seq-03/frame-000997,1,0.00320392,0.215080,1709,774,525,0.87,79.69,65.88,6.58,153.03,0.973821886,-0.096626216,0.200580052,0.045847051,-1.1248886,-0.3902960,1.3772547
seq-03/frame-000998,1,0.00761890,0.296235,1211,548,365,0.85,68.00,48.74,17.68,135.27,0.975467517,-0.097878411,0.192727033,0.041704085,-1.1269694,-0.3872134,1.3725065
seq-03/frame-000999,1,0.00772942,0.329495,1310,552,362,0.86,71.21,56.61,10.31,139.00,0.977279575,-0.097847318,0.183696870,0.040074872,-1.1283835,-0.3831556,1.3690270
seq-04/frame-000000,1,0.00350081,0.116579,2700,1396,1093,1.01,112.31,115.69,12.16,241.17,0.988044305,0.092301695,0.104497952,0.065795343,1.2835452,-0.1463614,0.5472384
seq-04/frame-000001,1,0.00350597,0.118308,2659,1441,1165,0.98,121.77,111.21,7.19,241.15,0.988172429,0.092949941,0.104330871,0.063171426,1.2831072,-0.1468166,0.5473074
seq-04/frame-000002,1,0.00289796,0.139230,2742,1450,1126,1.00,121.64,120.86,12.58,256.08,0.988432234,0.092649357,0.104040036,0.059945690,1.2823501,-0.1477828,0.5454125
seq-04/frame-000003,1,0.00421253,0.114035,2806,1479,1162,1.00,121.83,102.79,10.85,236.48,0.988524998,0.091394110,0.104989972,0.058673257,1.2816255,-0.1486026,0.5478541
seq-04/frame-000004,1,0.00446107,0.123332,2670,1379,1112,1.03,106.90,112.57,14.38,234.89,0.988598145,0.090348338,0.105594788,0.057970910,1.2816388,-0.1506290,0.5498119
seq-04/frame-000005,1,0.00300851,0.076033,2766,1452,1131,1.00,111.31,125.61,10.89,248.80,0.988572347,0.089692204,0.105720028,0.059188673,1.2825054,-0.1514974,0.5499657
seq-04/frame-000006,1,0.00172843,0.114523,2675,1465,1137,0.96,92.02,108.23,10.36,211.57,0.988587192,0.088000257,0.106176096,0.060646152,1.2824334,-0.1528241,0.5478625
seq-04/frame-000007,1,0.00199632,0.083529,2801,1468,1158,1.01,118.96,113.70,9.99,243.66,0.988632304,0.086377489,0.106273449,0.062056844,1.2844863,-0.1538663,0.5506140
seq-04/frame-000008,1,0.00350763,0.088082,2815,1471,1177,1.01,103.09,111.95,10.57,226.64,0.988475927,0.086670192,0.106868976,0.063108169,1.2840881,-0.1537415,0.5536844
seq-04/frame-000009,1,0.00267010,0.084192,2736,1444,1134,1.00,105.96,124.92,22.40,254.28,0.988359420,0.086585494,0.107440481,0.064071462,1.2857852,-0.1542964,0.5531433
seq-04/frame-000010,1,0.00159526,0.084910,2771,1473,1163,1.02,104.12,109.18,7.21,221.53,0.988316477,0.086337312,0.108083026,0.063988036,1.2871824,-0.1551738,0.5542541
seq-04/frame-000011,1,0.00380024,0.075008,2763,1457,1151,0.99,107.21,141.38,7.88,257.46,0.988184108,0.086164954,0.109225676,0.064323560,1.2855646,-0.1522626,0.5545650
seq-04/frame-000012,1,0.00318166,0.057860,2807,1488,1167,1.01,109.69,94.85,10.94,216.49,0.988289647,0.084346782,0.109336234,0.064921352,1.2876042,-0.1539801,0.5551079
seq-04/frame-000013,1,0.00203476,0.061027,2771,1439,1142,1.02,115.11,120.39,11.13,247.66,0.988265871,0.083600419,0.109868973,0.065347887,1.2883484,-0.1547588,0.5570394
seq-04/frame-000014,1,0.00225164,0.061892,2767,1485,1145,1.03,106.31,129.41,12.40,249.16,0.988233698,0.083558688,0.110334812,0.065102479,1.2891428,-0.1542661,0.5574828
seq-04/frame-000015,1,0.00223826,0.075084,2685,1442,1147,0.96,104.02,112.13,10.96,228.08,0.988328329,0.082035791,0.110645849,0.065074879,1.2887111,-0.1534721,0.5562253
seq-04/frame-000016,1,0.00120762,0.059450,2766,1499,1173,1.01,104.94,113.70,10.69,230.34,0.988489027,0.080387763,0.110466350,0.064995672,1.2910982,-0.1556483,0.5594333
seq-04/frame-000017,1,0.00202674,0.054862,2873,1532,1221,1.00,116.49,113.23,20.15,250.88,0.988358295,0.080691911,0.111402975,0.065008254,1.2907391,-0.1555600,0.5602789
seq-04/frame-000018,1,0.00335374,0.087220,2836,1501,1186,1.33,130.38,166.90,28.07,326.68,0.988302905,0.081134028,0.112175401,0.063963398,1.2931678,-0.1548480,0.5612811
seq-04/frame-000019,1,0.00164503,0.093714,2866,1494,1203,1.01,107.10,180.04,19.89,308.04,0.988265426,0.081018335,0.113318827,0.062660351,1.2943429,-0.1561267,0.5606989
seq-04/frame-000020,1,0.00238088,0.093559,2935,1504,1194,1.04,103.06,225.41,16.84,346.36,0.988094026,0.081026397,0.114630102,0.062967114,1.2927496,-0.1560600,0.5610468
seq-04/frame-000021,1,0.00283496,0.082014,2814,1474,1166,1.03,219.40,195.14,14.55,430.12,0.988105415,0.080865889,0.114743619,0.062787727,1.2942724,-0.1568067,0.5614146
seq-04/frame-000022,1,0.00218675,0.119115,2868,1502,1189,0.98,207.65,208.49,13.85,430.97,0.988246110,0.080833400,0.115243997,0.059618854,1.2957459,-0.1567462,0.5622037
seq-04/frame-000023,1,0.00255444,0.102231,2926,1524,1192,1.33,201.69,183.63,18.59,405.24,0.988425929,0.079993125,0.115534342,0.057158535,1.2982423,-0.1586670,0.5625842
seq-04/frame-000024,1,0.00341601,0.150333,2546,1351,1074,0.94,175.79,153.14,20.93,350.80,0.988690336,0.078467545,0.115665863,0.054366100,1.2955654,-0.1587090,0.5616630
seq-04/frame-000025,1,0.00438303,0.210708,2110,1089,849,0.89,132.32,155.76,20.91,309.88,0.989443287,0.074605006,0.113955043,0.049500740,1.2971313,-0.1593776,0.5601140
seq-04/frame-000026,1,0.00160513,0.179907,2599,1407,1091,0.94,162.51,190.65,23.78,377.88,0.990106905,0.070672006,0.112891729,0.044150217,1.3004715,-0.1625148,0.5644254
seq-04/frame-000027,1,0.00212306,0.108675,2881,1480,1197,0.98,233.68,175.85,13.82,424.34,0.990253729,0.069371083,0.113526565,0.041193743,1.3039282,-0.1643714,0.5700379
seq-04/frame-000028,1,0.00231441,0.094071,2839,1493,1198,1.80,184.65,170.39,19.40,376.24,0.990310390,0.069002141,0.114215192,0.038456797,1.3051058,-0.1676201,0.5712859
seq-04/frame-000029,1,0.00340839,0.092482,2916,1541,1204,1.07,180.74,187.60,17.04,386.46,0.990271961,0.068728305,0.115011747,0.037552103,1.3061397,-0.1694892,0.5718246
seq-04/frame-000030,1,0.00237829,0.102182,1865,999,782,1.49,127.25,103.55,33.03,265.33,0.990385245,0.069436699,0.113189685,0.038777668,1.3074700,-0.1750574,0.5766991
seq-04/frame-000031,1,0.00427352,0.073525,1773,934,728,1.51,109.37,119.32,23.70,253.91,0.990397727,0.074838717,0.108839654,0.040809787,1.3085617,-0.1740130,0.5764724
seq-04/frame-000032,1,0.00485386,0.138768,1694,861,676,1.03,109.74,128.34,11.81,250.92,0.990707012,0.076010466,0.105100394,0.040938156,1.3087883,-0.1732121,0.5704979
seq-04/frame-000033,1,0.01395920,0.369104,1024,365,221,0.80,92.46,88.24,14.92,196.42,0.992056204,0.069376217,0.098161577,0.037090882,1.3153724,-0.1692915,0.5588579
seq-04/frame-000034,1,0.00503415,0.133603,2127,1185,961,1.27,150.67,123.92,10.29,286.16,0.993194081,0.061940218,0.093254016,0.032134325,1.3185587,-0.1754944,0.5755648
seq-04/frame-000035,1,0.00455598,0.134745,2601,1375,1079,1.71,155.92,158.33,22.56,338.52,0.993538182,0.059961822,0.091325951,0.030757636,1.3200246,-0.1792496,0.5779166
seq-04/frame-000036,1,0.00621549,0.267588,1639,588,401,0.98,96.47,114.37,9.50,221.33,0.994051071,0.054401984,0.088700510,0.032173146,1.3213642,-0.1774672,0.5715658
seq-04/frame-000037,1,0.00895263,0.301097,1283,522,363,0.87,113.16,75.08,6.82,195.93,0.994754085,0.047713364,0.085273180,0.030269299,1.3233496,-0.1818893,0.5749770
seq-04/frame-000038,1,0.01735592,0.428848,1013,388,237,1.84,97.51,53.80,12.56,165.72,0.995566381,0.041448812,0.078896463,0.030081973,1.3248412,-0.1785717,0.5686070
seq-04/frame-000039,1,0.00710166,0.204728,1638,647,435,5.43,110.48,83.57,12.48,211.95,0.996451813,0.031437243,0.073208170,0.027130218,1.3306273,-0.1837351,0.5784061
seq-04/frame-000040,1,0.00545683,0.139543,1992,1041,812,0.95,120.18,97.79,17.62,236.55,0.996874869,0.024359902,0.071907977,0.021825065,1.3292054,-0.1877495,0.5818107
seq-04/frame-000041,1,0.00374627,0.163850,2117,1176,922,1.28,123.89,103.97,13.83,242.98,0.997285009,0.018466749,0.070192130,0.012436059,1.3297767,-0.1902584,0.5848926
seq-04/frame-000042,1,0.00522916,0.137877,2462,1469,1231,2.48,135.09,133.44,18.03,289.04,0.997715399,0.013731855,0.065809166,0.006676216,1.3360359,-0.1955515,0.5859063
seq-04/frame-000043,1,0.00141105,0.007966,2622,1505,1245,4.09,127.30,128.59,15.85,275.83,0.997831392,0.011881553,0.064608412,0.004134515,1.3370001,-0.2037281,0.5914127
seq-04/frame-000044,1,0.00410237,0.104176,2524,1677,1411,3.70,129.11,126.41,13.52,272.74,0.997922019,0.013995393,0.062862371,0.002023741,1.3351616,-0.2048170,0.5873387
seq-04/frame-000045,1,0.00260635,0.090166,2534,1527,1296,0.95,114.54,129.53,10.12,255.14,0.998189213,0.013077874,0.058683749,-0.001865908,1.3404370,-0.2123859,0.5863566
seq-04/frame-000046,1,0.00325332,0.022481,2241,1374,1146,0.88,111.61,129.62,14.83,256.94,0.998299798,0.014537015,0.056417776,-0.001795237,1.3394652,-0.2214750,0.5856860
seq-04/frame-000047,1,0.00185596,0.053987,2994,1870,1567,1.00,146.53,159.79,13.35,320.67,0.998440565,0.015439538,0.053594342,-0.002388700,1.3419134,-0.2255245,0.5794009
seq-04/frame-000048,1,0.00169756,0.035658,2631,1496,1237,0.94,135.12,137.60,9.68,283.35,0.998536611,0.015037822,0.051752158,-0.004496070,1.3483417,-0.2329070,0.5793684
seq-04/frame-000049,1,0.00280108,0.047122,2823,1808,1534,0.96,144.67,138.25,19.25,303.13,0.998423984,0.016681515,0.053077624,-0.007351261,1.3487793,-0.2397754,0.5739917
seq-04/frame-000050,1,0.00232335,0.054422,3001,1844,1532,1.03,146.95,153.83,11.06,312.87,0.998386185,0.015893828,0.053678908,-0.009538654,1.3487069,-0.2423890,0.5695294
seq-04/frame-000051,1,0.00256827,0.074426,2786,1779,1521,0.99,138.84,139.04,16.14,295.00,0.998398121,0.013684727,0.053801051,-0.010925534,1.3512351,-0.2506406,0.5702704
seq-04/frame-000052,1,0.00689154,0.187160,2051,1218,1026,0.95,119.52,99.49,13.62,233.59,0.998400694,0.014639706,0.053428792,-0.011273777,1.3473682,-0.2516370,0.5638396
seq-04/frame-000053,1,0.00500655,0.103726,2180,1357,1148,1.02,103.57,124.57,15.38,244.55,0.998624737,0.009416700,0.049869692,-0.013151949,1.3511795,-0.2571053,0.5627763
seq-04/frame-000054,1,0.00405668,0.095568,2680,1709,1436,1.17,119.65,145.51,18.79,285.13,0.998637665,0.004477496,0.050005043,-0.014221897,1.3526804,-0.2639971,0.5627187
seq-04/frame-000055,1,0.02062566,0.552823,1080,399,257,1.07,73.57,51.11,12.76,138.52,0.998842860,0.002703912,0.046313453,-0.012676525,1.3464729,-0.2545617,0.5589574
seq-04/frame-000056,1,0.00418381,0.110615,2694,1702,1452,0.96,114.89,140.59,16.05,272.49,0.999024382,-0.006972025,0.039116766,-0.019275721,1.3519448,-0.2744092,0.5632002
seq-04/frame-000057,1,0.00481976,0.126991,2688,1635,1357,1.19,130.40,154.94,16.16,302.70,0.999027788,-0.009301705,0.037920885,-0.020468582,1.3517235,-0.2778455,0.5594052
seq-04/frame-000058,1,0.00395754,0.082299,2035,1181,965,1.57,114.38,124.44,11.46,251.85,0.998996988,-0.014329650,0.035109578,-0.023811675,1.3492816,-0.2797151,0.5597493
seq-04/frame-000059,1,0.00483463,0.134188,2585,1746,1494,1.61,144.27,139.02,19.60,304.50,0.999000306,-0.017965480,0.031375170,-0.026291245,1.3503219,-0.2881415,0.5597846
seq-04/frame-000060,1,0.00505186,0.189054,1645,979,819,1.13,115.49,84.67,13.12,214.41,0.999069859,-0.020500969,0.027902853,-0.025701305,1.3466342,-0.2896251,0.5575608
seq-04/frame-000061,1,0.00434487,0.089807,2853,1914,1645,1.34,139.89,157.72,11.08,310.04,0.999065338,-0.024674645,0.023145481,-0.026905373,1.3522794,-0.3033987,0.5577057
seq-04/frame-000062,1,0.00260068,0.058797,2887,1948,1700,1.84,139.10,147.25,16.86,305.05,0.999100390,-0.024819319,0.022320564,-0.026157312,1.3530601,-0.3077821,0.5559120
seq-04/frame-000063,1,0.00517437,0.236197,1077,595,463,1.88,81.83,55.67,16.97,156.35,0.999163979,-0.024861153,0.021119557,-0.024642065,1.3394050,-0.2973685,0.5472258
seq-04/frame-000064,1,0.00288703,0.070213,2484,1649,1427,1.60,125.31,130.73,8.58,266.22,0.999008523,-0.034004513,0.012407770,-0.025917410,1.3509302,-0.3171623,0.5515570
seq-04/frame-000065,1,0.00315135,0.073322,2714,1846,1590,0.95,139.92,140.08,19.16,300.12,0.999058397,-0.034388405,0.011100186,-0.024011291,1.3532941,-0.3257450,0.5488646
seq-04/frame-000066,1,0.01034349,0.509599,1033,521,387,1.63,76.16,43.12,20.23,141.15,0.999195302,-0.033594936,0.009090295,-0.019937308,1.3432177,-0.3107876,0.5419785
seq-04/frame-000067,1,0.00945704,0.350488,1188,694,570,0.83,95.55,64.15,13.90,174.43,0.998914436,-0.042954724,0.000094495,-0.018023129,1.3482278,-0.3279116,0.5463043
seq-04/frame-000068,1,0.00783484,0.241131,1753,1088,923,0.97,117.44,97.50,14.17,230.10,0.998803579,-0.046494975,-0.005776258,-0.014009380,1.3502718,-0.3364179,0.5377902
seq-04/frame-000069,1,0.00604268,0.141399,2922,1893,1658,1.64,133.72,151.70,12.82,299.88,0.998519134,-0.051736821,-0.010306624,-0.013289640,1.3607468,-0.3517968,0.5371979
seq-04/frame-000070,1,0.00383552,0.134933,924,541,420,0.79,75.28,45.99,9.94,132.00,0.998418769,-0.053749495,-0.008954277,-0.013812077,1.3741989,-0.3717479,0.5378766
seq-04/frame-000071,1,0.00665567,0.140985,2489,1588,1372,0.92,123.22,120.76,10.35,255.25,0.998691302,-0.048958968,0.000910112,-0.014760569,1.3628839,-0.3718069,0.5308365
seq-04/frame-000072,1,0.00469191,0.081526,2998,1989,1724,1.03,154.65,134.91,10.91,301.51,0.998746588,-0.048295182,0.001873438,-0.013012233,1.3606191,-0.3753801,0.5288577
seq-04/frame-000073,1,0.00161849,0.029608,1174,742,616,0.81,91.32,54.62,15.33,162.08,0.998777042,-0.048364672,0.002541468,-0.009940844,1.3705211,-0.3863022,0.5324012
seq-04/frame-000074,1,0.00424992,0.090529,2530,1598,1377,1.24,129.44,128.43,14.25,273.37,0.998942225,-0.044032137,0.009333835,-0.009406449,1.3653073,-0.3896451,0.5233828
seq-04/frame-000075,1,0.00163190,0.044439,2771,1891,1634,1.60,127.74,126.45,11.89,267.67,0.999006773,-0.042471049,0.010693977,-0.008204671,1.3601369,-0.3903068,0.5196411
seq-04/frame-000076,1,0.00450163,0.174212,1720,1034,889,0.96,100.34,90.49,12.25,204.04,0.998971462,-0.044248550,0.009388088,-0.003154084,1.3550299,-0.3904282,0.5154861
seq-04/frame-000077,1,0.00715810,0.239091,1356,896,774,1.60,94.86,65.05,8.07,169.59,0.998930782,-0.045982409,0.004778343,0.000281126,1.3509194,-0.3928234,0.5199950
seq-04/frame-000078,1,0.00152286,0.029487,2948,1990,1721,1.06,131.96,149.77,13.05,295.84,0.998874986,-0.047362671,-0.002120104,0.001022573,1.3621945,-0.4066397,0.5144057
seq-04/frame-000079,1,0.00190834,0.046154,2834,1867,1636,1.30,119.83,141.71,12.28,275.13,0.998818546,-0.048416064,-0.003260559,0.002601020,1.3710827,-0.4130128,0.5110569
seq-04/frame-000080,1,0.00597395,0.114635,1378,847,707,0.83,89.48,74.60,11.75,176.66,0.998804416,-0.048628340,-0.000053726,0.005001999,1.3741399,-0.4255187,0.5171646
seq-04/frame-000081,1,0.00223746,0.079698,1571,938,771,0.84,88.89,73.60,10.92,174.25,0.999051384,-0.042733619,0.005469827,0.006344430,1.3749244,-0.4259217,0.5104813
seq-04/frame-000082,1,0.00447022,0.112792,3059,1966,1707,1.10,125.97,151.19,13.88,292.14,0.999068611,-0.041695228,0.008415299,0.007252610,1.3750143,-0.4242680,0.5015129
seq-04/frame-000083,1,0.00402506,0.099080,2464,1567,1340,0.99,129.65,107.24,16.43,254.30,0.998965793,-0.043757403,0.009157088,0.008293440,1.3742180,-0.4345833,0.5078207
seq-04/frame-000084,1,0.00356178,0.083415,2540,1569,1314,0.89,112.59,116.29,13.49,243.26,0.999078254,-0.040330859,0.010477380,0.010309617,1.3770191,-0.4397147,0.5050234
seq-04/frame-000085,1,0.00207375,0.051771,3214,2001,1723,1.65,153.02,147.96,17.16,319.80,0.999147095,-0.038253633,0.012048203,0.009827634,1.3770376,-0.4402491,0.4984718
seq-04/frame-000086,1,0.00294647,0.070269,2865,1813,1538,1.86,140.44,137.43,8.85,288.58,0.999110509,-0.039113306,0.012174970,0.010005499,1.3765922,-0.4488218,0.4995819
seq-04/frame-000087,1,0.00190966,0.071157,1901,1174,990,1.34,101.85,79.52,12.90,195.60,0.999181720,-0.036252441,0.013845853,0.011399250,1.3808731,-0.4527853,0.5016101
seq-04/frame-000088,1,0.00328528,0.059956,3065,1940,1663,1.21,132.48,147.90,18.79,300.38,0.999241425,-0.034104532,0.015753173,0.010261264,1.3815807,-0.4575590,0.4932774
seq-04/frame-000089,1,0.00157004,0.050928,3192,1923,1672,1.10,140.56,156.95,11.72,310.33,0.999245685,-0.033878263,0.016045682,0.010142024,1.3823421,-0.4614531,0.4920846
seq-04/frame-000090,1,0.00368960,0.104718,3080,1940,1688,1.08,141.91,124.33,12.73,280.06,0.999228859,-0.034232305,0.016011460,0.010652191,1.3852654,-0.4681487,0.4905407
seq-04/frame-000091,1,0.00125361,0.043157,3027,1890,1634,1.24,133.27,127.65,15.53,277.69,0.999267902,-0.033284371,0.015965269,0.010045890,1.3846715,-0.4725668,0.4913139
seq-04/frame-000092,1,0.00142154,0.049039,3209,1940,1659,1.23,134.38,159.82,13.23,308.66,0.999307060,-0.032541551,0.014901307,0.010217595,1.3869250,-0.4782258,0.4899066
seq-04/frame-000093,1,0.00166525,0.056944,3213,1981,1696,1.48,137.77,157.78,14.05,311.08,0.999331758,-0.032328437,0.013623793,0.010261652,1.3878830,-0.4832052,0.4875260
seq-04/frame-000094,1,0.00238273,0.041125,2705,1602,1373,0.95,124.17,122.87,10.55,258.55,0.999381667,-0.031684801,0.011771581,0.009684402,1.3946121,-0.4898193,0.4897468
seq-04/frame-000095,1,0.00269743,0.056753,2353,1462,1257,0.97,108.51,109.98,9.99,229.46,0.999396352,-0.030286129,0.013973885,0.009716605,1.4003500,-0.4934507,0.4862068
seq-04/frame-000096,1,0.00246383,0.068113,2957,1808,1531,1.32,134.35,123.31,12.07,271.06,0.999373873,-0.030368154,0.015882383,0.008796949,1.3951707,-0.4963715,0.4862651
seq-04/frame-000097,1,0.00368420,0.097420,1854,1140,964,0.91,93.79,87.35,14.68,196.74,0.999367342,-0.031703182,0.012292151,0.010427204,1.3934513,-0.5008070,0.4828211
seq-04/frame-000098,1,0.00397781,0.121932,3218,1999,1681,1.19,140.44,148.99,20.33,310.95,0.999277801,-0.034983488,0.007372203,0.012871766,1.4082852,-0.5098228,0.4877789
seq-04/frame-000099,1,0.00279928,0.071071,3124,1922,1645,1.09,149.17,139.49,12.29,302.04,0.999277814,-0.035381450,0.006844274,0.012048193,1.4131422,-0.5141115,0.4895449
seq-04/frame-000100,1,0.00432409,0.122661,3257,2016,1724,1.65,143.91,152.03,12.77,310.36,0.999268917,-0.035986852,0.006447009,0.011180936,1.4176013,-0.5197197,0.4896855
seq-04/frame-000101,1,0.00293907,0.095165,3223,1975,1689,1.06,150.22,147.79,8.04,307.11,0.999226702,-0.037003047,0.006939747,0.011340760,1.4208718,-0.5236885,0.4923454
seq-04/frame-000102,1,0.00349727,0.100546,3137,1928,1633,1.36,145.36,143.88,13.23,303.83,0.999203634,-0.037945045,0.006479689,0.010501675,1.4260205,-0.5308842,0.4949117
seq-04/frame-000103,1,0.00286852,0.078166,3098,1873,1581,0.99,129.83,145.26,9.94,286.03,0.999249926,-0.037124766,0.006445961,0.008932389,1.4310658,-0.5346420,0.4972903
seq-04/frame-000104,1,0.00257130,0.075969,3206,1933,1639,1.08,145.36,144.07,9.30,299.82,0.999264191,-0.036815783,0.006954373,0.008204404,1.4320611,-0.5371684,0.4968130
seq-04/frame-000105,1,0.00345722,0.104745,2995,1856,1585,1.83,133.17,121.65,7.79,264.44,0.999205549,-0.038975386,0.005254453,0.006448263,1.4370863,-0.5452870,0.4989324
seq-04/frame-000106,1,0.00516439,0.114827,2183,1305,1084,0.88,103.17,106.03,10.96,221.04,0.999246416,-0.038057425,0.004767498,0.005958454,1.4457588,-0.5512323,0.5074562
seq-04/frame-000107,1,0.00317374,0.083468,2394,1509,1271,1.33,115.74,95.64,9.32,222.02,0.999354392,-0.035116450,0.006692520,0.003583821,1.4505469,-0.5521803,0.5047766
seq-04/frame-000108,1,0.00267081,0.045254,3094,1831,1552,1.03,122.10,129.06,10.62,262.81,0.999355059,-0.035072413,0.007700852,0.000298193,1.4546119,-0.5560211,0.5028304
seq-04/frame-000109,1,0.00184956,0.059077,3253,1910,1606,1.64,137.66,154.03,8.58,301.90,0.999321909,-0.035938554,0.007899365,-0.001320057,1.4568863,-0.5596926,0.5054633
seq-04/frame-000110,1,0.00215412,0.031160,3230,1964,1662,1.01,143.67,160.18,23.39,328.26,0.999297001,-0.036774717,0.007113691,-0.001586981,1.4583244,-0.5646372,0.5090843
seq-04/frame-000111,1,0.00576171,0.134359,2349,1471,1241,0.93,132.47,109.12,14.27,256.79,0.999314014,-0.036831998,0.003851496,-0.000268450,1.4611702,-0.5646623,0.5071877
seq-04/frame-000112,1,0.00319931,0.086334,3050,1835,1546,1.36,148.98,155.02,13.57,318.94,0.999183781,-0.040377396,-0.000823410,-0.000872152,1.4753968,-0.5736360,0.5110909
seq-04/frame-000113,1,0.00415369,0.074246,1448,823,641,0.85,73.59,67.36,7.49,149.30,0.999219480,-0.039449795,-0.000623883,-0.001937807,1.4878143,-0.5762738,0.5250122
seq-04/frame-000114,1,0.00695535,0.071313,2530,1572,1323,0.92,134.54,124.98,10.26,270.69,0.999334631,-0.036190691,0.003672530,-0.002653467,1.4908149,-0.5846913,0.5174824
seq-04/frame-000115,1,0.00389094,0.054198,3250,1897,1575,1.09,128.39,152.49,18.34,300.31,0.999357066,-0.035405992,0.004305199,-0.003651825,1.4905663,-0.5846912,0.5168757
seq-04/frame-000116,1,0.00335399,0.089243,2732,1584,1318,1.06,117.39,132.29,9.84,260.58,0.999340852,-0.036124489,0.001724101,-0.003148013,1.5000063,-0.5926804,0.5239275
seq-04/frame-000117,1,0.00437765,0.074066,2549,1589,1320,0.94,115.90,123.94,9.68,250.46,0.999436924,-0.033497579,0.000570240,-0.001849775,1.5102816,-0.5959586,0.5254975
seq-04/frame-000118,1,0.00462718,0.028348,2783,1739,1472,2.07,134.77,122.10,18.37,277.32,0.999499436,-0.031432910,0.000842476,-0.003484275,1.5158421,-0.5985707,0.5233410
seq-04/frame-000119,1,0.00357857,0.054747,2993,1765,1458,1.45,142.23,149.48,14.97,308.14,0.999512661,-0.030817382,-0.000026337,-0.004972779,1.5188380,-0.6041440,0.5254457
seq-04/frame-000120,1,0.00295597,0.088817,2943,1753,1443,1.74,133.34,142.33,16.66,294.07,0.999559667,-0.029357466,-0.001716624,-0.003957901,1.5291325,-0.6061140,0.5285872
seq-04/frame-000121,1,0.00507875,0.034371,2761,1670,1414,1.22,131.25,132.22,7.84,272.54,0.999616655,-0.027166030,-0.001432380,-0.005147636,1.5354948,-0.6072271,0.5286228
seq-04/frame-000122,1,0.00555335,0.054851,2981,1782,1479,2.09,131.81,124.03,24.55,282.50,0.999636884,-0.025728693,-0.002090650,-0.007730676,1.5383886,-0.6108637,0.5285374
seq-04/frame-000123,1,0.00280691,0.072171,2845,1676,1373,1.05,132.85,133.07,12.13,279.10,0.999638304,-0.025050751,-0.004015791,-0.008921564,1.5460722,-0.6145137,0.5330140
seq-04/frame-000124,1,0.00450044,0.058214,3057,1839,1531,1.10,141.71,141.00,10.83,294.64,0.999663130,-0.023698205,-0.004175503,-0.009725531,1.5520492,-0.6168546,0.5324895
seq-04/frame-000125,1,0.00459508,0.069838,3081,1853,1533,1.39,131.77,143.14,9.66,285.97,0.999670850,-0.022744205,-0.004768174,-0.010870001,1.5534832,-0.6166411,0.5354522
seq-04/frame-000126,1,0.00452347,0.076416,3176,1924,1600,1.57,147.85,125.81,14.76,290.00,0.999667422,-0.022166169,-0.006962062,-0.011190874,1.5563076,-0.6192466,0.5369297
seq-04/frame-000127,1,0.00639892,0.129026,3010,1853,1569,0.99,141.92,130.55,10.09,283.57,0.999633022,-0.021952347,-0.010012823,-0.012315024,1.5611406,-0.6186457,0.5373157
seq-04/frame-000128,1,0.00344539,0.100852,2923,1792,1495,1.11,106.03,109.25,13.63,230.03,0.999532071,-0.022894846,-0.014197728,-0.014487585,1.5682716,-0.6220990,0.5404544
seq-04/frame-000129,1,0.00360883,0.083131,3016,1800,1499,1.02,107.33,121.68,10.81,240.84,0.999492490,-0.022696389,-0.016104228,-0.015501328,1.5765560,-0.6235568,0.5470664
seq-04/frame-000130,1,0.00415268,0.095895,3079,1781,1470,1.35,123.29,133.97,11.61,270.22,0.999504964,-0.021241083,-0.014935983,-0.017763981,1.5798673,-0.6226781,0.5494459
seq-04/frame-000131,1,0.00240591,0.078741,3116,1797,1477,1.12,122.02,139.10,9.20,271.45,0.999476946,-0.020756515,-0.015100865,-0.019671421,1.5822673,-0.6238035,0.5518667
seq-04/frame-000132,1,0.00384063,0.056591,3263,1933,1577,1.08,131.23,128.96,13.56,274.82,0.999501179,-0.020438736,-0.015422656,-0.018487631,1.5815107,-0.6227657,0.5546977
seq-04/frame-000133,1,0.00362510,0.074099,3161,1879,1561,1.03,125.58,132.78,18.16,277.55,0.999490752,-0.020686149,-0.017528650,-0.016824569,1.5857898,-0.6235008,0.5581068
seq-04/frame-000134,1,0.00598871,0.150079,2739,1663,1380,1.02,109.96,135.33,9.42,255.72,0.999426335,-0.020676702,-0.020744940,-0.017003619,1.5906944,-0.6224316,0.5610301
seq-04/frame-000135,1,0.00371516,0.041818,3113,1906,1587,1.05,124.86,138.05,12.09,276.06,0.999240537,-0.024014616,-0.023200943,-0.020083904,1.5978319,-0.6254272,0.5746566
seq-04/frame-000136,1,0.00478976,0.107158,3133,1878,1585,0.98,118.84,137.31,8.29,265.41,0.999239232,-0.023176033,-0.024801117,-0.019202424,1.5970596,-0.6266967,0.5782422
seq-04/frame-000137,1,0.00204945,0.066068,3093,1840,1520,1.10,112.68,113.77,7.89,235.44,0.999168139,-0.023079195,-0.027576981,-0.019232540,1.6032933,-0.6274564,0.5828071
seq-04/frame-000138,1,0.00482382,0.074751,3278,1953,1605,1.05,123.40,136.23,8.32,269.00,0.999141088,-0.023121278,-0.028395998,-0.019394834,1.6031033,-0.6276871,0.5902259
seq-04/frame-000139,1,0.00221915,0.035505,3293,1922,1585,1.08,131.19,129.40,10.58,272.26,0.999127451,-0.022826472,-0.030116736,-0.017784023,1.6064689,-0.6302831,0.5945700
seq-04/frame-000140,1,0.00219306,0.096248,3250,1925,1594,1.05,116.11,129.97,10.03,257.16,0.999060252,-0.023262261,-0.031601168,-0.018407790,1.6125620,-0.6307589,0.5986793
seq-04/frame-000141,1,0.00393546,0.118325,3152,1857,1556,0.98,141.08,127.29,8.58,277.94,0.999000332,-0.024273539,-0.030241525,-0.022239219,1.6186597,-0.6347831,0.6148789
seq-04/frame-000142,1,0.00089360,0.064444,3020,1803,1470,1.05,124.07,130.31,12.78,268.25,0.999090146,-0.024724251,-0.027905225,-0.020709663,1.6174506,-0.6354645,0.6213098
seq-04/frame-000143,1,0.00183517,0.087712,3062,1822,1477,1.09,114.18,138.04,8.03,261.33,0.999065800,-0.025673996,-0.027973023,-0.020636943,1.6194409,-0.6368764,0.6273500
seq-04/frame-000144,1,0.00179861,0.073560,3160,1839,1532,1.08,119.39,127.89,20.55,268.92,0.998990844,-0.026957944,-0.028765905,-0.021519406,1.6187289,-0.6402346,0.6357304
seq-04/frame-000145,1,0.00109941,0.064722,3153,1850,1532,0.99,126.15,125.00,12.57,264.71,0.998989213,-0.026759225,-0.029313589,-0.021099997,1.6242995,-0.6392620,0.6444940
seq-04/frame-000146,1,0.00624183,0.156343,2250,1399,1144,0.89,83.52,96.39,7.41,188.21,0.999096413,-0.026477623,-0.026442191,-0.020152016,1.6264368,-0.6413829,0.6579845
seq-04/frame-000147,1,0.00186814,0.083841,3018,1780,1470,0.96,120.04,135.18,22.97,279.15,0.999165132,-0.026624216,-0.023591784,-0.020090261,1.6293034,-0.6444544,0.6627248
seq-04/frame-000148,1,0.00177859,0.055838,3118,1801,1446,1.08,132.16,117.81,14.32,265.38,0.999169493,-0.027247575,-0.022311774,-0.020495833,1.6296271,-0.6480670,0.6704916
seq-04/frame-000149,1,0.00290745,0.123660,2973,1756,1412,1.10,121.71,114.89,9.66,247.37,0.999152667,-0.027712193,-0.022543642,-0.020439355,1.6332985,-0.6530074,0.6811871
seq-04/frame-000150,1,0.01399749,0.385266,1882,1093,864,0.86,84.54,87.75,11.46,184.61,0.998983191,-0.031590227,-0.023565596,-0.021893027,1.6291387,-0.6560207,0.6865642
seq-04/frame-000151,1,0.00961039,0.157807,1311,749,596,0.84,68.49,59.73,14.20,143.26,0.998707458,-0.035800828,-0.027892731,-0.022884712,1.6218879,-0.6566355,0.7024791
seq-04/frame-000152,1,0.00214877,0.079273,3006,1824,1521,1.04,108.71,134.76,8.09,252.60,0.998372681,-0.040139994,-0.034253631,-0.021620794,1.6307616,-0.6674022,0.7187153
seq-04/frame-000153,1,0.00366392,0.130585,1922,1095,911,0.90,89.95,78.55,9.11,178.51,0.998297846,-0.040619373,-0.034841268,-0.023185429,1.6389641,-0.6682002,0.7353067
seq-04/frame-000154,1,0.00809183,0.237796,1424,839,669,0.86,69.43,63.43,6.71,140.43,0.998302135,-0.041479850,-0.030756545,-0.026950045,1.6437467,-0.6746713,0.7499595
seq-04/frame-000155,1,0.00753764,0.203323,2260,1321,1101,1.01,105.53,107.10,13.10,226.75,0.998441910,-0.041854094,-0.023189307,-0.028709641,1.6362343,-0.6806809,0.7555298
seq-04/frame-000156,1,0.00289107,0.090742,3174,1878,1536,0.97,135.83,127.18,13.71,277.70,0.998443697,-0.043679559,-0.020418809,-0.028024142,1.6375377,-0.6863068,0.7624559
seq-04/frame-000157,1,0.00285176,0.088335,3251,1899,1567,1.01,132.95,141.49,23.83,299.30,0.998369369,-0.046045740,-0.019192717,-0.027749458,1.6393168,-0.6909207,0.7722533
seq-04/frame-000158,1,0.00504455,0.099216,2918,1670,1376,0.94,118.02,121.83,21.28,262.08,0.998365609,-0.046441714,-0.017733439,-0.028192269,1.6412589,-0.6911377,0.7887298
seq-04/frame-000159,1,0.00164058,0.076705,1925,1153,941,0.90,91.95,80.28,7.09,180.22,0.998366792,-0.046342951,-0.016560234,-0.029014441,1.6510213,-0.6951691,0.8000627
seq-04/frame-000160,1,0.01016160,0.229361,2205,1338,1082,0.87,105.65,80.10,11.09,197.72,0.998465376,-0.045587532,-0.010666813,-0.029578505,1.6443467,-0.6974782,0.8108283
seq-04/frame-000161,1,0.00636324,0.146269,2691,1521,1232,0.92,108.40,118.33,14.60,242.24,0.998527039,-0.046482173,-0.007578915,-0.026939176,1.6493608,-0.7065916,0.8176655
seq-04/frame-000162,1,0.00441684,0.103655,3142,1779,1452,1.01,108.43,129.79,14.32,253.55,0.998578113,-0.047422363,-0.004933838,-0.023843862,1.6514874,-0.7118717,0.8238022
seq-04/frame-000163,1,0.00416921,0.144592,3207,1713,1397,1.03,122.35,116.54,12.51,252.43,0.998478023,-0.050087030,-0.004422637,-0.022657631,1.6556858,-0.7166377,0.8332079
seq-04/frame-000164,1,0.00411237,0.094721,3076,1679,1352,0.95,115.81,116.19,15.12,248.07,0.998413064,-0.051382394,-0.002631457,-0.022897144,1.6547961,-0.7166095,0.8439965
seq-04/frame-000165,1,0.00624670,0.117850,2575,1467,1186,0.90,120.67,101.69,11.91,235.17,0.998458023,-0.051455441,0.001046575,-0.020804306,1.6555877,-0.7159535,0.8578021
seq-04/frame-000166,1,0.00591418,0.075740,3014,1636,1295,1.01,123.90,116.18,9.52,250.61,0.998420252,-0.052808881,0.002700970,-0.018998090,1.6610337,-0.7234668,0.8660163
seq-04/frame-000167,1,0.00629559,0.068694,3029,1593,1255,1.01,118.31,127.11,10.91,257.34,0.998461136,-0.052374500,0.003009636,-0.017978131,1.6619727,-0.7288699,0.8767585
seq-04/frame-000168,1,0.00237847,0.101250,3269,1706,1314,1.07,122.37,106.68,9.77,239.89,0.998511786,-0.052076568,0.003338962,-0.015846009,1.6613567,-0.7307826,0.8818684
seq-04/frame-000169,1,0.00385924,0.159732,3362,1779,1427,1.01,121.05,139.62,13.71,275.39,0.998407317,-0.054842989,0.002897819,-0.012910431,1.6650123,-0.7372171,0.8899042
seq-04/frame-000170,1,0.00791109,0.188835,2622,1596,1342,1.58,117.27,92.61,9.07,220.53,0.998392959,-0.055423063,0.001914629,-0.011666935,1.6605816,-0.7347716,0.9014297
seq-04/frame-000171,1,0.00612253,0.203515,2828,1560,1274,0.98,106.67,121.72,7.70,237.06,0.998239531,-0.058284883,-0.002274387,-0.010748886,1.6665485,-0.7415527,0.9064070
seq-04/frame-000172,1,0.00635642,0.070750,3176,1723,1358,0.96,124.14,126.43,15.43,266.96,0.998124525,-0.059924959,-0.002492484,-0.012256416,1.6662930,-0.7408389,0.9179056
seq-04/frame-000173,1,0.00550351,0.043957,2865,1427,1103,1.00,110.60,116.97,7.38,235.95,0.998198144,-0.059053386,-0.000970571,-0.010593462,1.6689491,-0.7395509,0.9347212
seq-04/frame-000174,1,0.00384947,0.116682,3247,1662,1331,1.03,121.27,136.65,11.36,270.32,0.998134339,-0.060636617,0.000145599,-0.007142949,1.6697156,-0.7483817,0.9360920
seq-04/frame-000175,1,0.00708244,0.168278,2683,1557,1288,0.88,119.15,115.76,9.61,245.40,0.997945385,-0.063750437,-0.001722011,-0.006158397,1.6703541,-0.7534692,0.9405459
seq-04/frame-000176,1,0.00331114,0.084212,3098,1661,1316,1.03,114.96,148.35,17.56,281.89,0.997845185,-0.065316822,-0.004745550,-0.004022279,1.6734998,-0.7529375,0.9541617
seq-04/frame-000177,1,0.00589383,0.120256,2474,1366,1101,1.08,112.22,92.81,11.35,217.45,0.997959009,-0.063672706,-0.003805710,-0.003019841,1.6771468,-0.7467924,0.9678193
seq-04/frame-000178,1,0.00741311,0.131480,2380,1384,1116,0.86,108.86,111.24,11.47,232.43,0.997963223,-0.063699294,-0.000686829,-0.003366550,1.6811238,-0.7520669,0.9766813
seq-04/frame-000179,1,0.00609836,0.098135,3263,1672,1305,1.40,116.20,154.20,13.01,284.81,0.997903787,-0.064619356,0.000917553,-0.003395369,1.6831883,-0.7615381,0.9783759
seq-04/frame-000180,1,0.00545858,0.141106,3183,1598,1250,1.17,120.76,153.54,10.44,285.92,0.997765869,-0.066752160,0.001101685,-0.002491019,1.6826620,-0.7659360,0.9818497
seq-04/frame-000181,1,0.00832186,0.148602,1895,1149,930,0.84,90.07,82.61,7.47,180.99,0.997607946,-0.069074551,-0.001697492,-0.002052168,1.6830283,-0.7665484,0.9914141
seq-04/frame-000182,1,0.00790482,0.126625,1693,1049,885,0.86,105.00,91.54,11.48,208.90,0.997480147,-0.070569063,-0.007145963,-0.001516323,1.6844495,-0.7682287,1.0020544
seq-04/frame-000183,1,0.00497395,0.105341,3050,1482,1146,1.02,105.31,120.26,8.00,234.58,0.997353535,-0.071682339,-0.012147740,0.000031544,1.6952619,-0.7733615,1.0137059
seq-04/frame-000184,1,0.00946014,0.229376,2025,1135,880,0.84,104.70,90.91,7.56,204.02,0.997719616,-0.066338410,-0.012354718,-0.001464492,1.7039210,-0.7599755,1.0284483
seq-04/frame-000185,1,0.00604757,0.060304,2852,1575,1255,1.37,112.12,151.90,13.79,279.18,0.997766256,-0.065872717,-0.010496503,-0.003620412,1.7063039,-0.7727095,1.0328491
seq-04/frame-000186,1,0.00630652,0.147459,3275,1623,1248,1.03,133.88,164.50,8.75,308.15,0.997678656,-0.067144861,-0.009220223,-0.006622248,1.7032841,-0.7816522,1.0324085
seq-04/frame-000187,1,0.00224650,0.180669,2976,1504,1154,1.04,118.45,131.02,9.66,260.17,0.997504314,-0.069244919,-0.010993941,-0.008331723,1.7081233,-0.7858407,1.0465309
seq-04/frame-000188,1,0.00530673,0.054773,2854,1486,1147,0.98,114.61,136.94,16.38,268.92,0.997685053,-0.066431260,-0.011495237,-0.008904031,1.7130733,-0.7813566,1.0581070
seq-04/frame-000189,1,0.00853394,0.202678,3076,1544,1189,0.98,117.95,135.01,15.01,268.96,0.997686556,-0.066454575,-0.010650733,-0.009585793,1.7167871,-0.7940940,1.0635428
seq-04/frame-000190,1,0.00482450,0.200527,3148,1643,1294,0.93,136.20,153.46,11.18,301.78,0.997713771,-0.065925030,-0.011592896,-0.009312663,1.7209808,-0.7996715,1.0734713
seq-04/frame-000191,1,0.00424110,0.150263,3301,1714,1332,0.94,146.94,144.97,13.92,306.77,0.997718701,-0.065903548,-0.012401794,-0.007766056,1.7168312,-0.8027318,1.0738532
seq-04/frame-000192,1,0.00627537,0.258532,3187,1556,1212,1.00,131.17,146.53,16.85,295.55,0.997537868,-0.067743699,-0.016014747,-0.008515929,1.7248122,-0.8074497,1.0822441
seq-04/frame-000193,1,0.00622726,0.081399,3295,1648,1267,0.93,122.84,142.67,23.30,289.76,0.997614168,-0.066116404,-0.016446881,-0.011139719,1.7282679,-0.8036894,1.0931461
seq-04/frame-000194,1,0.00637689,0.192706,3157,1554,1188,1.01,155.80,131.13,7.90,295.85,0.997573363,-0.066039028,-0.017342241,-0.013619045,1.7352484,-0.8095402,1.1031694
seq-04/frame-000195,1,0.00612998,0.187626,3266,1558,1192,1.05,122.55,131.83,14.45,269.88,0.997526391,-0.066920260,-0.016623883,-0.013653751,1.7331994,-0.8177886,1.1092702
seq-04/frame-000196,1,0.00561056,0.235984,3269,1618,1234,1.61,125.36,134.17,14.76,275.90,0.997378501,-0.068931299,-0.018122535,-0.012496980,1.7350771,-0.8229765,1.1149297
seq-04/frame-000197,1,0.00571822,0.214436,3128,1533,1149,1.04,119.97,155.45,14.62,291.08,0.997173957,-0.070513179,-0.021477703,-0.014515473,1.7400676,-0.8265364,1.1259661
seq-04/frame-000198,1,0.00462057,0.225708,3147,1463,1101,1.06,112.65,143.38,16.62,273.71,0.997179527,-0.069411235,-0.023282573,-0.016522530,1.7437807,-0.8238690,1.1375140
seq-04/frame-000199,1,0.00693555,0.275766,3226,1494,1115,1.03,125.16,160.13,16.58,302.90,0.997167298,-0.069943479,-0.023109741,-0.015206217,1.7465944,-0.8309471,1.1465016
seq-04/frame-000200,1,0.01045440,0.345970,2944,1497,1150,0.97,127.26,164.65,13.49,306.38,0.996922165,-0.072542879,-0.024471352,-0.016878429,1.7494643,-0.8411199,1.1489092
seq-04/frame-000201,1,0.01183120,0.424362,2861,1448,1118,0.90,113.91,170.54,19.69,305.04,0.996914155,-0.069277108,-0.028901646,-0.022968349,1.7591671,-0.8235924,1.1628241
seq-04/frame-000202,1,0.01996353,0.582336,1383,718,566,0.83,94.59,83.50,15.34,194.28,0.997136680,-0.064266756,-0.027223467,-0.029105134,1.7617708,-0.8093507,1.1726096
seq-04/frame-000203,1,0.00752736,0.196000,2878,1434,1067,0.89,130.30,158.40,20.26,309.85,0.997016614,-0.067130298,-0.023426398,-0.030043270,1.7575774,-0.8336189,1.1825642
seq-04/frame-000204,1,0.00956714,0.351919,1640,843,631,0.85,85.37,93.35,14.63,194.21,0.996932636,-0.070468389,-0.022475937,-0.025580404,1.7486724,-0.8456367,1.1819405
seq-04/frame-000205,1,0.00961423,0.354400,1640,843,631,0.85,90.49,91.09,16.87,199.30,0.996932636,-0.070468389,-0.022475937,-0.025580404,1.7486724,-0.8456367,1.1819405
seq-04/frame-000206,1,0.01544998,0.487700,2246,1192,933,1.03,125.43,127.89,12.56,266.91,0.996518461,-0.074689284,-0.030107951,-0.021586554,1.7640546,-0.8450454,1.1903312
seq-04/frame-000207,1,0.01155226,0.392766,3172,1464,1104,1.30,158.67,171.13,11.47,342.57,0.996110027,-0.076878729,-0.034237864,-0.026119790,1.7668895,-0.8435970,1.2088022
seq-04/frame-000208,1,0.00557645,0.157129,3018,1436,1061,1.69,141.18,167.97,20.43,331.27,0.996377146,-0.073903221,-0.033320524,-0.025702919,1.7646363,-0.8308740,1.2210901
seq-04/frame-000209,1,0.00922959,0.267316,3230,1539,1093,2.47,170.85,135.45,13.56,322.33,0.996376581,-0.074979985,-0.032841078,-0.023090586,1.7702758,-0.8378611,1.2307229
seq-04/frame-000210,1,0.00705900,0.329559,3062,1543,1170,1.53,164.88,126.17,17.11,309.70,0.996210875,-0.076121540,-0.034824040,-0.023594287,1.7741901,-0.8402365,1.2445431
seq-04/frame-000211,1,0.00638307,0.317603,3068,1382,1009,1.05,173.07,138.20,14.27,326.60,0.996221629,-0.074601137,-0.036861416,-0.024867101,1.7749552,-0.8371198,1.2570636
seq-04/frame-000212,1,0.00638957,0.317435,3068,1382,1009,1.80,155.87,146.83,20.21,324.71,0.996221629,-0.074601137,-0.036861416,-0.024867101,1.7749552,-0.8371198,1.2570636
seq-04/frame-000213,1,0.00832322,0.232346,3327,1536,1142,1.21,163.68,129.08,15.23,309.21,0.996476944,-0.072522794,-0.036171429,-0.021581765,1.7746060,-0.8312136,1.2571659
seq-04/frame-000214,1,0.00717296,0.342815,2915,1660,1294,2.77,169.26,137.17,28.41,337.62,0.996176524,-0.076111975,-0.038374363,-0.019149633,1.7758451,-0.8431344,1.2720775
seq-04/frame-000215,1,0.00937988,0.396923,3323,1444,1032,1.01,151.98,165.44,12.58,331.01,0.996183277,-0.074761247,-0.041197107,-0.018232718,1.7808153,-0.8368872,1.2806390
seq-04/frame-000216,1,0.01166131,0.204698,2706,1242,886,1.21,132.14,139.86,9.13,282.34,0.996238508,-0.075453537,-0.036676366,-0.021689705,1.7704940,-0.8377311,1.2792307
seq-04/frame-000217,1,0.00507511,0.251411,2979,1267,901,0.98,131.13,169.61,9.23,310.95,0.996165878,-0.075451375,-0.037990025,-0.022746240,1.7796972,-0.8363343,1.3015334
seq-04/frame-000218,1,0.00508077,0.251381,2979,1267,901,0.98,141.21,169.21,9.03,320.44,0.996165878,-0.075451375,-0.037990025,-0.022746240,1.7796972,-0.8363343,1.3015334
seq-04/frame-000219,1,0.00608955,0.246138,2998,1419,1007,0.96,124.35,200.63,11.20,337.14,0.996434755,-0.073070873,-0.036190519,-0.021648871,1.7784659,-0.8330395,1.3115350
seq-04/frame-000220,1,0.00678103,0.285569,2990,1359,980,1.02,121.71,213.49,39.00,375.23,0.996267491,-0.075000147,-0.035673233,-0.023526242,1.7782930,-0.8470606,1.3159772
seq-04/frame-000221,1,0.00879377,0.351853,3160,1456,1039,1.02,155.51,238.93,30.59,426.05,0.996245456,-0.074785094,-0.036277117,-0.024210578,1.7758122,-0.8501654,1.3224177
seq-04/frame-000222,1,0.00944496,0.302535,3121,1437,1028,2.06,144.38,246.62,13.37,406.43,0.996274738,-0.075025213,-0.035147462,-0.023927397,1.7710035,-0.8531135,1.3260656
seq-04/frame-000223,1,0.01205537,0.375388,2941,1361,990,0.99,113.37,199.47,28.45,342.28,0.996107436,-0.076416049,-0.035608414,-0.025741105,1.7708183,-0.8558864,1.3324224
seq-04/frame-000224,1,0.00841994,0.290368,2890,1364,1007,0.94,132.27,220.70,13.23,367.15,0.996246650,-0.073970222,-0.036203877,-0.026651428,1.7645313,-0.8483116,1.3452255
seq-04/frame-000225,1,0.00840640,0.291785,2890,1364,1007,0.93,122.76,226.78,16.87,367.35,0.996246650,-0.073970222,-0.036203877,-0.026651428,1.7645313,-0.8483116,1.3452255
seq-04/frame-000226,1,0.00667886,0.242521,3108,1455,1043,1.00,145.13,481.15,13.55,640.84,0.996306170,-0.074035146,-0.035315083,-0.025409790,1.7583902,-0.8546939,1.3503289
seq-04/frame-000227,1,0.01184027,0.423154,2283,1328,1047,0.87,167.84,369.28,31.39,569.38,0.996178712,-0.075226573,-0.036761995,-0.024849384,1.7575286,-0.8592302,1.3583085
seq-04/frame-000228,1,0.00550113,0.273742,1759,982,777,0.86,127.02,361.44,19.55,508.87,0.996052453,-0.076548255,-0.037479940,-0.024801805,1.7448074,-0.8628309,1.3649509
seq-04/frame-000229,1,0.01663348,0.451837,2842,1344,971,2.42,340.76,268.65,38.83,650.66,0.996307976,-0.073141526,-0.039986897,-0.020537347,1.7463276,-0.8529331,1.3668396
seq-04/frame-000230,1,0.01662992,0.451475,2842,1344,971,5.58,427.82,236.94,58.36,728.70,0.996307976,-0.073141526,-0.039986897,-0.020537347,1.7463276,-0.8529331,1.3668396
seq-04/frame-000231,1,0.01021385,0.341493,2804,1339,973,4.54,413.02,223.07,11.74,652.37,0.996023338,-0.076186902,-0.041053077,-0.021159168,1.7463413,-0.8689982,1.3785472
seq-04/frame-000232,1,0.01252300,0.401760,2694,1422,1134,0.91,390.43,211.66,16.16,619.16,0.996111547,-0.074078162,-0.041831918,-0.022897642,1.7402649,-0.8648118,1.3868261
seq-04/frame-000233,1,0.00691290,0.269740,1980,1021,784,0.85,350.54,149.15,15.28,515.83,0.996132910,-0.073478418,-0.042504181,-0.022661459,1.7296758,-0.8703899,1.3947595
seq-04/frame-000234,1,0.01146462,0.472293,2881,1473,1162,0.94,375.48,228.44,17.95,622.82,0.995870740,-0.075659164,-0.045844443,-0.020382524,1.7302492,-0.8845036,1.4005243
seq-04/frame-000235,1,0.01398046,0.507570,2719,1380,1058,0.96,374.00,234.90,19.08,628.93,0.995843184,-0.073933330,-0.048298922,-0.022303109,1.7299882,-0.8804317,1.4059987
seq-04/frame-000236,1,0.01391741,0.505906,2719,1380,1058,0.96,189.37,216.66,24.82,431.81,0.995843184,-0.073933330,-0.048298922,-0.022303109,1.7299882,-0.8804317,1.4059987
seq-04/frame-000237,1,0.01095673,0.387292,2871,1403,1048,0.97,211.15,222.69,14.84,449.66,0.996104388,-0.070386235,-0.047791641,-0.023190190,1.7193063,-0.8750125,1.4105375
seq-04/frame-000238,1,0.01197787,0.416538,2876,1370,1015,1.29,211.38,174.23,12.53,399.45,0.996090451,-0.070795457,-0.047825500,-0.022461924,1.7155359,-0.8818666,1.4141578
seq-04/frame-000239,1,0.01331632,0.422538,2749,1369,1019,1.14,197.95,180.33,15.22,394.65,0.995950606,-0.071259971,-0.049127440,-0.024308462,1.7127687,-0.8871585,1.4178081
seq-04/frame-000240,1,0.00935303,0.306097,2849,1359,994,1.03,208.23,179.96,21.27,410.50,0.995945759,-0.070768957,-0.048878761,-0.026356530,1.7037737,-0.8898807,1.4226823
seq-04/frame-000241,1,0.01092363,0.389202,2860,1382,1025,1.56,219.08,229.83,12.89,463.36,0.996039367,-0.069449681,-0.049088237,-0.025935800,1.7005084,-0.8891284,1.4285467
seq-04/frame-000242,1,0.01011667,0.377085,2705,1204,875,0.95,176.52,170.96,33.45,381.88,0.996228572,-0.066783933,-0.049286137,-0.025286667,1.6963760,-0.8875142,1.4350003
seq-04/frame-000243,1,0.01022949,0.381340,2705,1204,875,0.96,171.02,186.28,41.89,400.16,0.996228572,-0.066783933,-0.049286137,-0.025286667,1.6963760,-0.8875142,1.4350003
seq-04/frame-000244,1,0.00971372,0.270308,2742,1279,914,0.98,162.11,181.75,24.05,368.89,0.996510308,-0.064384462,-0.047078226,-0.024606662,1.6893377,-0.8871756,1.4344774
seq-04/frame-000245,1,0.01100171,0.370430,2573,1177,855,0.98,169.89,197.45,27.49,395.81,0.996719429,-0.062265990,-0.045473726,-0.024606214,1.6885380,-0.8879059,1.4404844
seq-04/frame-000246,1,0.01228767,0.402121,2802,1310,920,1.59,145.38,232.74,16.33,396.05,0.996756738,-0.063626396,-0.043141591,-0.023801048,1.6833317,-0.8979340,1.4409895
seq-04/frame-000247,1,0.01223732,0.400151,2802,1310,920,1.04,174.92,203.92,12.80,392.69,0.996756738,-0.063626396,-0.043141591,-0.023801048,1.6833317,-0.8979340,1.4409895
seq-04/frame-000248,1,0.00916869,0.309767,2780,1316,932,1.02,168.27,220.37,19.35,409.02,0.996827981,-0.064543731,-0.040350142,-0.023236789,1.6758272,-0.9007300,1.4452329
seq-04/frame-000249,1,0.01188461,0.482756,2848,1375,1009,1.43,229.22,220.52,11.38,462.56,0.996769714,-0.065557432,-0.041380071,-0.020977358,1.6788530,-0.9036868,1.4563577
seq-04/frame-000250,1,0.00979276,0.357240,2879,1316,923,1.02,227.54,225.46,12.89,466.91,0.996966265,-0.064427782,-0.039509045,-0.018610834,1.6697437,-0.9013202,1.4559176
seq-04/frame-000251,1,0.00604157,0.128667,1917,990,742,1.46,157.51,186.19,9.07,354.24,0.997162103,-0.064485755,-0.033856111,-0.019054985,1.6566254,-0.8988884,1.4576400
seq-04/frame-000252,1,0.00976555,0.269631,1314,680,523,1.49,137.38,124.18,10.65,273.71,0.997382889,-0.063244595,-0.028473782,-0.020414130,1.6518440,-0.8917391,1.4651064
seq-04/frame-000253,1,0.00685069,0.235495,1968,952,694,3.08,142.98,157.36,17.44,320.86,0.997207593,-0.068302556,-0.021916891,-0.020770806,1.6438815,-0.9050852,1.4674696
seq-04/frame-000254,1,0.00684706,0.231856,1968,952,694,2.08,170.77,158.60,15.99,347.44,0.997207593,-0.068302556,-0.021916891,-0.020770806,1.6438815,-0.9050852,1.4674696
seq-04/frame-000255,1,0.01018561,0.295928,2579,1187,842,1.61,200.58,175.28,19.76,397.23,0.997107748,-0.069968254,-0.022555131,-0.019283369,1.6507747,-0.9011757,1.4735676
seq-04/frame-000256,1,0.01064224,0.367047,2714,1230,876,0.99,210.79,191.91,18.21,421.91,0.997157801,-0.069599622,-0.021968719,-0.018697281,1.6476463,-0.8947579,1.4806552
seq-04/frame-000257,1,0.01164809,0.255264,1878,982,771,2.44,192.09,87.73,13.11,295.37,0.997432652,-0.066505283,-0.018516121,-0.019034323,1.6437356,-0.8821050,1.4866793
seq-04/frame-000258,1,0.01695148,0.405482,2087,1069,792,3.97,209.35,94.23,12.02,319.57,0.997854908,-0.061969646,-0.012702066,-0.016852371,1.6372948,-0.8712481,1.4940223
seq-04/frame-000259,1,0.00924908,0.315562,2295,1111,832,0.91,146.81,92.29,9.95,249.96,0.997851077,-0.063062908,-0.009183877,-0.015230056,1.6363490,-0.8815122,1.4995631
seq-04/frame-000260,1,0.00921940,0.314481,2295,1111,832,0.96,116.44,104.15,9.47,231.04,0.997851077,-0.063062908,-0.009183877,-0.015230056,1.6363490,-0.8815122,1.4995631
seq-04/frame-000261,1,0.01384329,0.508570,2585,1143,827,0.96,134.66,113.84,18.75,268.21,0.997853326,-0.063676323,-0.007157225,-0.013521808,1.6382816,-0.8861333,1.5034996
seq-04/frame-000262,1,0.01545451,0.556123,2487,1106,773,1.00,117.63,111.42,16.61,246.66,0.997759220,-0.065209372,-0.005544241,-0.013911780,1.6351762,-0.8909197,1.5074636
seq-04/frame-000263,1,0.01277514,0.430796,2631,1117,791,0.99,108.48,115.45,9.29,234.22,0.997833041,-0.064263278,-0.002769868,-0.013848513,1.6245961,-0.8834766,1.5106901
seq-04/frame-000264,1,0.01276603,0.430409,2631,1117,791,0.99,111.37,116.43,9.44,238.24,0.997833041,-0.064263278,-0.002769868,-0.013848513,1.6245961,-0.8834766,1.5106901
seq-04/frame-000265,1,0.01257121,0.329128,2504,1064,716,0.99,120.38,105.32,13.34,240.03,0.997861623,-0.064154447,0.000143392,-0.012504676,1.6174285,-0.8800116,1.5132083
seq-04/frame-000266,1,0.01621523,0.517699,2715,1269,926,0.93,105.75,112.69,7.14,226.51,0.997931189,-0.063449621,-0.000751085,-0.010340385,1.6197134,-0.8747504,1.5210522
seq-04/frame-000267,1,0.00892975,0.270608,2459,1087,753,0.97,110.24,96.99,14.67,222.88,0.997925446,-0.063844827,0.002619319,-0.007860094,1.6053523,-0.8750512,1.5258855
seq-04/frame-000268,1,0.00818992,0.241829,2271,1071,774,0.90,111.23,98.92,11.73,222.79,0.998017945,-0.062367889,0.006738110,-0.005002533,1.5974280,-0.8697299,1.5311828
seq-04/frame-000269,1,0.00818992,0.241829,2271,1071,774,0.90,99.64,83.35,15.00,198.90,0.998017945,-0.062367889,0.006738110,-0.005002533,1.5974280,-0.8697299,1.5311828
seq-04/frame-000270,1,0.01075788,0.331351,2060,938,673,0.93,101.36,86.09,11.95,200.33,0.998130790,-0.060428877,0.009086214,-0.000846977,1.5981853,-0.8641768,1.5360967
seq-04/frame-000271,1,0.00888839,0.266840,2137,917,635,0.95,91.25,86.21,13.76,192.16,0.998145085,-0.059431161,0.012426060,0.004463168,1.5928506,-0.8649341,1.5408271
seq-04/frame-000272,1,0.01118491,0.358523,2330,1022,701,0.96,102.33,103.59,7.72,214.60,0.998097018,-0.059329424,0.013949005,0.009369461,1.5934838,-0.8675756,1.5438477
seq-04/frame-000273,1,0.01118491,0.358523,2330,1022,701,0.91,94.31,102.56,19.27,217.05,0.998097018,-0.059329424,0.013949005,0.009369461,1.5934838,-0.8675756,1.5438477
seq-04/frame-000274,1,0.01492220,0.442199,2373,1089,765,0.94,100.35,93.14,10.01,204.45,0.998093450,-0.057957139,0.016936493,0.012790249,1.5865601,-0.8622036,1.5449737
seq-04/frame-000275,1,0.01184086,0.479238,2411,1111,798,0.90,113.58,119.12,9.49,243.09,0.997696783,-0.062749566,0.020857594,0.015118903,1.5817123,-0.8762728,1.5530964
seq-04/frame-000276,1,0.01279248,0.221172,2364,1006,680,0.97,100.14,118.69,10.27,230.08,0.997725253,-0.060683727,0.023690772,0.017336414,1.5782574,-0.8635173,1.5518560
seq-04/frame-000277,1,0.01139749,0.350740,2392,1021,689,0.97,110.35,114.87,11.80,237.99,0.997598843,-0.061446165,0.025414236,0.019365775,1.5767178,-0.8652093,1.5585921
seq-04/frame-000278,1,0.01738102,0.565508,2413,1097,777,0.88,113.35,117.08,9.68,240.99,0.997490274,-0.062517872,0.024351447,0.022620237,1.5802680,-0.8631111,1.5609510
seq-04/frame-000279,1,0.02370054,0.680875,2355,1087,805,0.87,114.59,112.84,16.62,244.94,0.997596398,-0.059992517,0.022134218,0.026690838,1.5819827,-0.8500778,1.5612409
seq-04/frame-000280,1,0.02370719,0.680249,2355,1087,805,0.88,102.92,99.31,21.91,225.01,0.997596398,-0.059992517,0.022134218,0.026690838,1.5819827,-0.8500778,1.5612409
seq-04/frame-000281,1,0.01637573,0.388190,2428,952,635,1.41,129.27,118.74,9.11,258.53,0.997431146,-0.060539673,0.024802776,0.029169846,1.5720162,-0.8524434,1.5662192
seq-04/frame-000282,1,0.01275148,0.396077,1954,871,606,1.99,107.69,96.92,17.82,224.42,0.997507092,-0.056551930,0.028775259,0.030878242,1.5629816,-0.8428859,1.5765253
seq-04/frame-000283,1,0.01787375,0.562856,1738,702,452,1.47,114.20,89.12,13.01,217.80,0.997564226,-0.052110650,0.031345381,0.034169624,1.5668587,-0.8365949,1.5786906
seq-04/frame-000284,1,0.01376031,0.476462,2215,908,586,0.93,113.71,112.04,10.24,236.92,0.997273923,-0.052658460,0.033137364,0.039670188,1.5695040,-0.8487208,1.5802884
seq-04/frame-000285,1,0.01379007,0.477569,2215,908,586,0.94,121.72,120.18,6.44,249.29,0.997273923,-0.052658460,0.033137364,0.039670188,1.5695040,-0.8487208,1.5802884
seq-04/frame-000286,1,0.01436653,0.357041,2179,843,526,1.02,114.58,101.71,10.40,227.71,0.997202730,-0.049988203,0.035517365,0.042736532,1.5615434,-0.8468524,1.5788717
seq-04/frame-000287,1,0.00689552,0.262253,2084,869,576,0.93,109.08,107.40,9.60,227.01,0.997021296,-0.048076334,0.038353315,0.046542711,1.5537078,-0.8467223,1.5862886
seq-04/frame-000288,1,0.01305782,0.468504,2137,826,562,0.91,118.97,103.58,9.40,232.86,0.996785388,-0.046691535,0.038347823,0.052614013,1.5602364,-0.8460311,1.5880872
seq-04/frame-000289,1,0.02041664,0.697719,2060,743,456,1.88,123.86,102.95,8.91,237.60,0.996789288,-0.041991070,0.037215368,0.057121633,1.5639036,-0.8361237,1.5913606
seq-04/frame-000290,1,0.02034301,0.695588,2060,743,456,1.16,130.57,103.63,8.27,243.63,0.996789288,-0.041991070,0.037215368,0.057121633,1.5639036,-0.8361237,1.5913606
seq-04/frame-000291,1,0.01133635,0.188268,1919,734,466,0.92,109.13,100.16,10.71,220.93,0.996379882,-0.039874691,0.044496456,0.060474831,1.5425726,-0.8383111,1.5944197
seq-04/frame-000292,1,0.01112172,0.452148,2236,976,644,1.12,136.61,109.13,14.63,261.49,0.995963179,-0.043057527,0.044869724,0.064731005,1.5491992,-0.8519759,1.5960294
seq-04/frame-000293,1,0.01479804,0.561923,1784,779,514,2.03,103.91,90.00,10.60,206.54,0.995737267,-0.041496112,0.042999443,0.070259637,1.5537589,-0.8424679,1.6005750
seq-04/frame-000294,1,0.01575531,0.528861,2242,860,544,1.56,114.77,123.63,12.65,252.62,0.995430598,-0.040226534,0.043322223,0.074986229,1.5491587,-0.8383835,1.6027055
seq-04/frame-000295,1,0.01077845,0.420257,2301,915,596,0.94,109.21,104.48,9.46,224.10,0.994938268,-0.042761464,0.046663602,0.078050039,1.5422100,-0.8434999,1.6088531
seq-04/frame-000296,1,0.00956070,0.344732,2053,857,551,0.93,104.51,88.50,12.13,206.08,0.994649431,-0.040755054,0.049525076,0.080986427,1.5388023,-0.8336802,1.6144075
seq-04/frame-000297,1,0.01532630,0.521380,2061,845,582,2.46,112.10,91.58,9.68,215.81,0.994183432,-0.037538918,0.049670207,0.087880622,1.5445485,-0.8239679,1.6188158
seq-04/frame-000298,1,0.01528424,0.519839,2061,845,582,1.56,105.94,89.23,12.10,208.84,0.994183432,-0.037538918,0.049670207,0.087880622,1.5445485,-0.8239679,1.6188158
seq-04/frame-000299,1,0.00977439,0.309469,2355,894,581,0.95,110.67,100.18,14.14,225.94,0.993541711,-0.040459137,0.050118324,0.093413490,1.5446236,-0.8332999,1.6206623
seq-04/frame-000300,1,0.01441524,0.536013,2250,876,521,1.49,115.09,122.78,10.34,249.69,0.993494900,-0.035952789,0.049957571,0.095809819,1.5434262,-0.8184590,1.6297034
seq-04/frame-000301,1,0.01375377,0.414363,1257,488,328,0.83,84.01,58.98,10.40,154.22,0.993037634,-0.029864504,0.056367007,0.099030954,1.5350814,-0.8046006,1.6402523
seq-04/frame-000302,1,0.00725840,0.222564,1486,550,357,0.84,79.58,65.64,11.23,157.29,0.992530294,-0.026979589,0.060556667,0.102413900,1.5406542,-0.8085097,1.6459693
seq-04/frame-000303,1,0.00584465,0.214672,2088,809,469,1.06,87.35,112.40,7.49,208.31,0.992009947,-0.027735899,0.062922802,0.105771955,1.5430689,-0.8211366,1.6457428
seq-04/frame-000304,1,0.01314404,0.391333,2107,740,432,0.93,106.25,101.24,8.18,216.60,0.991763955,-0.023007977,0.063187097,0.109005876,1.5423439,-0.8082029,1.6486717
seq-04/frame-000305,1,0.00994785,0.353999,1639,584,352,0.88,94.80,65.80,10.00,171.48,0.991263299,-0.019287536,0.063437455,0.114020843,1.5465229,-0.8022538,1.6623674
seq-04/frame-000306,1,0.02178762,0.627954,1312,426,221,0.82,76.23,60.35,7.45,144.85,0.989541892,-0.013353484,0.070804998,0.124960714,1.5325286,-0.7994185,1.6780778
seq-04/frame-000307,1,0.00736013,0.333237,1658,640,400,0.83,95.70,97.63,17.88,212.05,0.989293110,-0.008878324,0.068220616,0.128710004,1.5515885,-0.8036287,1.6705225
seq-04/frame-000308,1,0.00624850,0.390522,1301,478,270,1.08,87.23,68.94,12.54,169.80,0.989178640,-0.006225528,0.068727107,0.129473727,1.5571024,-0.8046731,1.6724675
seq-04/frame-000309,1,0.02968135,1.107317,757,280,143,0.76,84.77,36.00,17.99,139.52,0.988519487,-0.000767401,0.070755209,0.133500320,1.5678967,-0.8171331,1.7030453
seq-04/frame-000310,1,0.02936909,1.086016,757,280,143,0.74,80.83,37.17,16.33,135.07,0.988519487,-0.000767401,0.070755209,0.133500320,1.5678967,-0.8171331,1.7030453
seq-04/frame-000311,1,0.00915200,0.450690,870,304,186,0.79,71.01,42.95,17.98,132.73,0.987563298,0.015581212,0.081912618,0.133290214,1.5508407,-0.8010355,1.6897253
seq-04/frame-000312,1,0.01143003,0.492843,1577,604,380,0.93,81.89,81.44,5.81,170.08,0.986771707,0.019383971,0.085555061,0.136331186,1.5545853,-0.7959674,1.6821296
seq-04/frame-000313,1,0.01223886,0.089289,1358,490,278,0.90,85.62,72.52,15.47,174.51,0.986164120,0.024158723,0.087355723,0.138800798,1.5469930,-0.7881858,1.6852319
seq-04/frame-000314,1,0.00556594,0.142084,1096,431,249,0.96,106.12,59.13,7.88,174.09,0.986099808,0.030580509,0.087838375,0.137682318,1.5494557,-0.7838837,1.6955871
seq-04/frame-000315,1,0.01071859,0.598633,940,354,220,1.07,107.44,54.38,14.25,177.14,0.985675532,0.034560305,0.091673753,0.137278014,1.5571734,-0.7830019,1.7011252
seq-04/frame-000316,1,0.01014014,0.428122,927,353,199,1.52,83.48,50.19,9.01,144.20,0.984706335,0.044355496,0.093205442,0.140352301,1.5597833,-0.7740984,1.7028244
seq-04/frame-000317,1,0.01455740,0.585989,1494,569,359,0.89,109.20,70.39,12.23,192.72,0.984649294,0.053296159,0.093178396,0.137633841,1.5558187,-0.7689865,1.7025278
seq-04/frame-000318,1,0.00637033,0.268699,1487,554,345,0.86,101.43,75.21,10.53,188.04,0.984026621,0.052735544,0.100623864,0.137059874,1.5414677,-0.7702761,1.7079223
seq-04/frame-000319,1,0.01767909,0.606340,1193,457,292,1.11,95.40,62.41,10.43,169.37,0.983550800,0.058150373,0.095339259,0.141974588,1.5530180,-0.7560234,1.7105284
seq-04/frame-000320,1,0.01037060,0.383193,1325,486,303,2.47,92.20,64.47,8.34,167.49,0.983523964,0.062727246,0.094267498,0.140923892,1.5490458,-0.7585061,1.7196867
seq-04/frame-000321,1,0.00965870,0.408403,1664,639,367,1.13,98.61,82.48,7.29,189.50,0.983307280,0.065114626,0.097791438,0.138937800,1.5440471,-0.7581089,1.7235911
seq-04/frame-000322,1,0.00965628,0.408881,1664,639,367,0.89,84.19,83.03,8.65,176.77,0.983307280,0.065114626,0.097791438,0.138937800,1.5440471,-0.7581089,1.7235911
seq-04/frame-000323,1,0.01772456,0.596747,1335,528,357,0.84,77.58,71.08,10.62,160.11,0.983291200,0.070444042,0.094465191,0.138752951,1.5475927,-0.7399124,1.7250869
seq-04/frame-000324,1,0.01875130,0.721864,1453,567,362,0.84,90.46,84.81,14.06,190.18,0.984327325,0.067945668,0.091404093,0.134641726,1.5499208,-0.7427368,1.7312869
seq-04/frame-000325,1,0.00986267,0.341770,1062,407,248,0.80,69.70,68.91,15.29,154.70,0.984347018,0.067840947,0.095413777,0.131737485,1.5324050,-0.7365854,1.7389269
seq-04/frame-000326,1,0.01684229,0.458581,785,342,220,0.76,69.06,46.97,12.00,128.79,0.985570621,0.067103015,0.086097407,0.129363719,1.5448522,-0.7208396,1.7411353
seq-04/frame-000327,1,0.01776657,0.606807,1321,554,379,0.83,96.83,51.98,6.85,156.50,0.986189590,0.067933343,0.080817533,0.127607526,1.5444126,-0.7157745,1.7569698
seq-04/frame-000328,1,0.01560407,0.548004,1349,516,312,1.15,90.18,54.31,7.92,153.57,0.986992485,0.066192685,0.082371602,0.121158084,1.5359955,-0.7170146,1.7595250
seq-04/frame-000329,1,0.01643979,0.609401,1473,580,366,0.85,93.13,74.14,10.99,179.11,0.987488059,0.069669847,0.079874901,0.116762350,1.5405086,-0.7020312,1.7727619
seq-04/frame-000330,1,0.01695857,0.625702,1155,475,277,0.81,92.99,50.07,13.47,157.35,0.987173179,0.076107079,0.077047037,0.117305500,1.5398066,-0.6926417,1.7827639
seq-04/frame-000331,1,0.01378781,0.482434,1619,593,345,0.90,82.95,74.05,9.28,167.18,0.986986425,0.077067738,0.079201768,0.116813699,1.5290829,-0.6988757,1.7834506
seq-04/frame-000332,1,0.01140963,0.552298,1018,396,224,1.70,76.53,52.22,10.31,140.77,0.987124725,0.071703335,0.083913374,0.115766808,1.5225186,-0.7040109,1.7891950
seq-04/frame-000333,1,0.01078687,0.539633,1018,396,224,0.78,81.18,46.89,12.16,141.02,0.987124725,0.071703335,0.083913374,0.115766808,1.5225186,-0.7040109,1.7891950
seq-04/frame-000334,1,0.00853372,0.486345,1197,456,311,0.80,73.43,55.11,6.16,135.49,0.986395675,0.069574739,0.088288955,0.119949940,1.5265243,-0.6992657,1.8001451
seq-04/frame-000335,1,0.01175579,0.607648,1296,506,307,0.83,80.83,60.99,18.84,161.51,0.986276413,0.065940204,0.091197651,0.120804450,1.5260369,-0.7017343,1.8000870
seq-04/frame-000336,1,0.00586579,0.300330,1535,566,343,0.85,86.85,92.28,16.86,196.85,0.985627451,0.067631501,0.092050908,0.124463397,1.5249343,-0.6898033,1.8094415
seq-04/frame-000337,1,0.01320241,0.529678,818,326,205,0.78,68.66,43.23,25.69,138.37,0.985286264,0.066834834,0.096076113,0.124553053,1.5287589,-0.6943367,1.8201795
seq-04/frame-000338,1,0.04665987,2.074078,656,212,106,0.75,69.34,34.91,7.77,112.77,0.986221845,0.059903275,0.096917073,0.119938114,1.5617328,-0.7137310,1.8091385
seq-04/frame-000339,1,0.03483167,1.197796,564,189,105,0.72,62.68,31.01,11.90,106.38,0.981255827,0.082149419,0.124432116,0.122086544,1.5126014,-0.6763567,1.8443446
seq-04/frame-000340,1,0.01020173,0.447197,708,275,159,1.13,67.23,44.75,11.11,124.23,0.981141535,0.094249148,0.121402605,0.117216865,1.5456995,-0.6634978,1.8325357
seq-04/frame-000341,1,0.00743351,0.427223,1289,445,260,0.83,108.76,70.59,8.45,188.63,0.980452504,0.097671522,0.126321568,0.114960958,1.5412571,-0.6689803,1.8264380
seq-04/frame-000342,1,0.00745744,0.427313,1289,445,260,0.83,107.72,63.27,9.72,181.54,0.980452504,0.097671522,0.126321568,0.114960958,1.5412571,-0.6689803,1.8264380
seq-04/frame-000343,1,0.01730602,0.427305,1500,476,243,2.30,116.93,71.94,13.98,205.14,0.979685781,0.103185996,0.128901330,0.113810669,1.5342502,-0.6534062,1.8217478
seq-04/frame-000344,1,0.01978047,0.665642,1303,501,275,0.82,122.67,74.11,14.29,211.90,0.979991205,0.105747768,0.124466299,0.113766379,1.5409222,-0.6502628,1.8250986
seq-04/frame-000345,1,0.02512654,0.931950,1498,485,264,2.45,117.33,70.97,13.58,204.33,0.980433477,0.107480045,0.121782021,0.111208706,1.5394391,-0.6426265,1.8235899
seq-04/frame-000346,1,0.00955303,0.263992,1219,415,238,0.99,112.40,57.81,9.02,180.23,0.979927452,0.104277960,0.128469523,0.111192972,1.5255414,-0.6492176,1.8322756
seq-04/frame-000347,1,0.01581908,0.856415,716,243,129,7.95,87.81,40.34,10.69,146.78,0.979603409,0.094166639,0.138037971,0.111603423,1.5196834,-0.6666675,1.8298069
seq-04/frame-000348,1,0.02703473,1.123511,707,256,135,3.07,80.62,34.45,12.28,130.41,0.977366119,0.085359145,0.153680201,0.117693170,1.5045448,-0.6699699,1.8355935
seq-04/frame-000349,1,0.02672383,1.145128,968,311,171,4.45,83.12,43.35,8.89,139.81,0.976738957,0.096530059,0.145395990,0.124591187,1.5488208,-0.6262544,1.8350994
seq-04/frame-000350,1,0.01797588,0.646910,1361,465,266,0.85,99.51,60.23,15.74,176.34,0.974073890,0.096327547,0.154487323,0.134293435,1.5332385,-0.6313331,1.8325121
seq-04/frame-000351,1,0.01265003,0.549117,1392,430,212,0.90,82.01,72.62,16.65,172.19,0.973174410,0.094343308,0.157048767,0.139163908,1.5261442,-0.6321992,1.8337563
seq-04/frame-000352,1,0.02060744,0.785543,1368,450,243,0.82,94.50,66.18,11.61,173.11,0.972596974,0.094476881,0.155266549,0.144988084,1.5330211,-0.6205515,1.8340330
seq-04/frame-000353,1,0.02059348,0.785652,1368,450,243,0.82,85.99,72.82,7.21,166.85,0.972596974,0.094476881,0.155266549,0.144988084,1.5330211,-0.6205515,1.8340330
seq-04/frame-000354,1,0.03003028,1.277821,993,327,177,0.79,79.12,49.41,12.21,141.54,0.971353562,0.093675271,0.159560311,0.149123134,1.5387917,-0.6182107,1.8349220
seq-04/frame-000355,1,0.01385492,0.591300,830,251,108,0.96,82.60,40.41,9.01,132.98,0.968691565,0.085568814,0.175116231,0.153782107,1.5053508,-0.6197326,1.8299713
seq-04/frame-000356,1,0.06945621,2.673964,901,277,126,1.11,66.38,44.38,13.92,125.78,0.971742776,0.077424776,0.156160167,0.159170923,1.5600270,-0.5961755,1.8068780
seq-04/frame-000357,1,0.01623376,0.661709,1106,383,210,0.79,85.62,57.49,13.15,157.05,0.968574825,0.068975212,0.173942555,0.163857307,1.5164000,-0.6111746,1.8375976
seq-04/frame-000358,1,0.00893552,0.485809,940,300,138,0.79,74.13,41.44,10.22,126.59,0.968109010,0.065783609,0.179919765,0.161450737,1.5178409,-0.6187956,1.8435836
seq-04/frame-000359,1,0.01443183,0.702663,1328,450,234,1.11,86.17,63.29,14.59,165.16,0.967234708,0.068138176,0.186646069,0.158042569,1.5183631,-0.6157607,1.8350063
seq-04/frame-000360,1,0.01587976,0.439647,1702,505,227,0.85,95.16,79.81,9.81,185.64,0.965253694,0.070250783,0.194164667,0.160156846,1.5017350,-0.6051510,1.8315092
seq-04/frame-000361,1,0.00575090,0.298562,1392,465,241,0.83,89.34,68.48,8.31,166.97,0.964853327,0.067207356,0.199020271,0.157899212,1.4966994,-0.6133733,1.8394563
seq-04/frame-000362,1,0.04763078,1.750354,805,229,83,1.00,65.63,38.33,11.46,116.43,0.960982000,0.060694432,0.219407802,0.157130512,1.4659288,-0.6455644,1.8513076
seq-04/frame-000363,1,0.01040780,0.591116,881,248,116,1.31,73.53,30.44,10.74,116.02,0.960294602,0.073365520,0.222251264,0.151842528,1.4845367,-0.6026856,1.8286496
seq-04/frame-000364,1,0.01075287,0.251783,1192,402,244,1.79,80.76,57.11,8.65,148.31,0.958052050,0.072609528,0.230644188,0.153842079,1.4790120,-0.6036936,1.8237543
seq-04/frame-000365,1,0.01041780,0.287528,1377,440,236,1.46,88.43,52.80,12.65,155.35,0.956769865,0.070368153,0.237179213,0.152924067,1.4728180,-0.6033706,1.8211060
seq-04/frame-000366,1,0.02020601,0.585340,1291,400,197,0.80,89.50,59.92,11.44,161.67,0.955702780,0.070919694,0.241447902,0.152661402,1.4706759,-0.5863782,1.8122324
seq-04/frame-000367,1,0.02393228,0.835563,1659,516,237,0.91,99.88,72.79,18.20,191.79,0.954951516,0.068100690,0.245268123,0.152556368,1.4726530,-0.5797863,1.8131086
seq-04/frame-000368,1,0.01780192,0.647756,1841,536,243,1.24,92.76,91.30,20.18,205.49,0.952370902,0.068935778,0.253676685,0.154549876,1.4557443,-0.5852060,1.8270144
seq-04/frame-000369,1,0.02340256,0.604563,2222,540,210,0.95,102.91,107.21,14.65,225.73,0.950684840,0.069945818,0.258593993,0.156317193,1.4368854,-0.5894752,1.8175996
seq-04/frame-000370,1,0.02111206,0.582956,1525,435,188,1.13,101.31,82.04,15.04,199.53,0.950363161,0.071935779,0.258285537,0.157872374,1.4356647,-0.5788443,1.8129151
seq-04/frame-000371,1,0.01582127,0.351233,2104,561,260,0.87,104.21,109.95,12.18,227.21,0.950538042,0.065255763,0.256749919,0.162168419,1.4374139,-0.5826683,1.8090591
seq-04/frame-000372,1,0.01130372,0.318649,2089,601,280,1.16,106.80,102.73,10.64,221.34,0.951147027,0.063734181,0.255518081,0.161145270,1.4352814,-0.5844952,1.8108403
seq-04/frame-000373,1,0.02088999,0.753308,1543,409,180,0.83,106.05,86.86,16.96,210.70,0.953145718,0.054743459,0.250298421,0.160832503,1.4476357,-0.5915553,1.7922142
seq-04/frame-000374,1,0.01758406,0.619853,2093,602,246,0.90,106.36,122.47,12.71,242.44,0.951072830,0.057870197,0.256564408,0.162130247,1.4332073,-0.5710593,1.8026604
seq-04/frame-000375,1,0.01305429,0.353097,2206,603,247,0.93,128.27,116.95,12.21,258.37,0.949217746,0.053748849,0.262865203,0.164312560,1.4183446,-0.5810547,1.8079749
seq-04/frame-000376,1,0.01959942,0.374911,1715,473,223,0.93,112.30,89.14,14.17,216.56,0.949203574,0.052906283,0.262699386,0.164931902,1.4179989,-0.5696632,1.7923483
seq-04/frame-000377,1,0.01548040,0.361473,1869,535,254,0.88,115.51,110.83,8.75,235.97,0.947842863,0.048757087,0.268246343,0.165107702,1.4106648,-0.5716170,1.7989321
seq-04/frame-000378,1,0.01830776,0.521663,1917,536,249,0.86,104.20,113.88,11.93,230.87,0.946214996,0.044642322,0.274358063,0.165565385,1.4021035,-0.5748381,1.8008490
seq-04/frame-000379,1,0.01844292,0.488609,1827,519,231,1.18,117.62,102.47,10.35,231.63,0.945083228,0.039905478,0.278550238,0.166237811,1.3962002,-0.5726772,1.7969135
seq-04/frame-000380,1,0.01112568,0.266801,2343,669,278,2.06,132.11,121.28,12.97,268.44,0.945723867,0.037753974,0.276861336,0.165918069,1.4076962,-0.5670417,1.7966688
seq-04/frame-000381,1,0.01353395,0.315707,1826,547,259,1.39,104.75,96.94,10.68,213.77,0.944352104,0.036335064,0.282430694,0.164656521,1.4005283,-0.5664106,1.7960299
seq-04/frame-000382,1,0.01396312,0.407744,1861,531,260,0.89,123.05,99.82,12.22,235.98,0.943140976,0.034708971,0.288318243,0.161718820,1.3966636,-0.5639567,1.7962978
seq-04/frame-000383,1,0.01126974,0.291260,1912,588,281,1.53,119.60,90.20,15.05,226.37,0.942372354,0.033612906,0.291723073,0.160318956,1.3989123,-0.5625444,1.7972010
seq-04/frame-000384,1,0.01122671,0.290070,1912,588,281,1.84,114.65,87.06,14.56,218.11,0.942372354,0.033612906,0.291723073,0.160318956,1.3989123,-0.5625444,1.7972010
seq-04/frame-000385,1,0.01587362,0.664781,1720,499,234,1.94,107.36,81.35,11.83,202.48,0.942404376,0.028555162,0.293331106,0.158162757,1.4081115,-0.5751213,1.7843097
seq-04/frame-000386,1,0.01732154,0.521611,1809,525,261,0.91,109.80,81.18,11.53,203.43,0.938354329,0.034614996,0.303978981,0.160902873,1.3863804,-0.5550939,1.7908920
seq-04/frame-000387,1,0.01044438,0.238161,2328,656,271,0.90,118.28,107.30,9.14,235.62,0.937314508,0.031579767,0.305016533,0.165557075,1.3916973,-0.5569337,1.7895214
seq-04/frame-000388,1,0.01715685,0.769966,1902,565,251,3.04,113.59,82.58,13.87,213.09,0.938614022,0.033589097,0.301582554,0.164083680,1.4142640,-0.5451525,1.7920730
seq-04/frame-000389,1,0.01244034,0.343497,1945,537,244,0.92,101.80,93.10,8.20,204.02,0.934834174,0.033181355,0.311490126,0.167206358,1.3921380,-0.5505814,1.7874329
seq-04/frame-000390,1,0.00935837,0.243655,2211,621,249,1.07,112.62,84.23,17.08,215.01,0.933552295,0.032027126,0.314373693,0.169184980,1.3918223,-0.5520623,1.7877325
seq-04/frame-000391,1,0.01020948,0.435810,1595,471,217,0.86,106.27,63.85,7.14,178.12,0.933563908,0.034272675,0.316297091,0.165045338,1.3945696,-0.5460811,1.7895329
seq-04/frame-000392,1,0.01404178,0.425310,1363,414,228,0.87,94.21,61.11,10.59,166.78,0.931593573,0.034834150,0.322782721,0.163497128,1.3871194,-0.5455460,1.7853647
seq-04/frame-000393,1,0.01494342,0.390908,2128,582,252,0.92,109.86,89.60,12.19,212.58,0.929477972,0.033085951,0.328903458,0.163702578,1.3774831,-0.5477715,1.7840316
seq-04/frame-000394,1,0.00622640,0.229143,2575,633,223,1.31,116.49,120.52,16.82,255.14,0.929776184,0.033108775,0.326857578,0.166084861,1.3910923,-0.5472863,1.7843159
seq-04/frame-000395,1,0.00814860,0.194399,2468,633,229,1.11,112.80,94.77,12.02,220.72,0.928359567,0.034303567,0.330377452,0.166800832,1.3827292,-0.5459015,1.7819207
seq-04/frame-000396,1,0.00778060,0.218275,2463,632,231,0.97,121.03,105.18,10.36,237.54,0.927708641,0.034050710,0.332185073,0.166884106,1.3811363,-0.5440498,1.7785430
seq-04/frame-000397,1,0.00572946,0.040439,2576,607,196,1.02,113.06,96.91,26.67,237.67,0.926861478,0.031888364,0.334461915,0.167469879,1.3783221,-0.5472781,1.7802267
seq-04/frame-000398,1,0.00613112,0.115975,2396,590,228,1.96,104.16,123.81,8.33,238.26,0.926948705,0.031930423,0.334129469,0.167642610,1.3747228,-0.5451340,1.7757355
seq-04/frame-000399,1,0.01171054,0.262376,2424,596,220,0.94,115.73,120.35,19.20,256.22,0.926199198,0.030706189,0.336790619,0.166686096,1.3641207,-0.5425425,1.7783891
seq-04/frame-000400,1,0.00425933,0.152177,2429,623,240,0.92,105.27,124.89,16.56,247.65,0.927182671,0.028284277,0.333949305,0.167362348,1.3706774,-0.5435808,1.7765267
seq-04/frame-000401,1,0.00561505,0.298228,2300,634,238,1.13,91.00,102.92,13.08,208.13,0.927957978,0.025438268,0.332112294,0.167177482,1.3691583,-0.5437755,1.7727012
seq-04/frame-000402,1,0.00896376,0.138632,2050,572,236,0.87,84.65,123.08,8.08,216.68,0.927157980,0.023357335,0.334877352,0.166402147,1.3559049,-0.5425416,1.7770810
seq-04/frame-000403,1,0.00644308,0.108402,1990,569,250,0.86,88.36,100.21,14.70,204.14,0.927922564,0.020335053,0.333192393,0.165918743,1.3551605,-0.5402396,1.7772254
seq-04/frame-000404,1,0.01528189,0.319741,2492,670,258,0.95,111.37,105.91,11.92,230.16,0.927880557,0.019299161,0.334171375,0.164300662,1.3472908,-0.5379349,1.7787400
seq-04/frame-000405,1,0.01094529,0.227602,2404,619,250,1.18,134.83,141.82,19.13,296.96,0.928266665,0.018146353,0.333895490,0.162805129,1.3497638,-0.5337446,1.7777723
seq-04/frame-000406,1,0.00603360,0.081519,2414,631,242,0.90,111.94,118.50,45.79,277.13,0.928872387,0.016112533,0.332981149,0.161431191,1.3498791,-0.5321517,1.7794774
seq-04/frame-000407,1,0.01173229,0.231745,2481,631,231,0.98,107.04,163.78,20.53,292.32,0.928628005,0.014830929,0.334431153,0.159955854,1.3439909,-0.5303018,1.7817988
seq-04/frame-000408,1,0.01217023,0.256996,2423,628,240,0.93,121.06,174.45,11.01,307.45,0.928375278,0.012780170,0.336495461,0.157247624,1.3400762,-0.5271370,1.7818497
seq-04/frame-000409,1,0.01157226,0.283277,2515,630,257,0.92,85.97,159.23,9.70,255.83,0.927772789,0.009467190,0.338203470,0.157373558,1.3357828,-0.5273475,1.7841666
seq-04/frame-000410,1,0.02024770,0.513366,2412,636,248,0.91,97.33,159.05,17.51,274.80,0.927385180,0.006411423,0.340558562,0.154710980,1.3269193,-0.5246488,1.7848719
seq-04/frame-000411,1,0.00749902,0.146271,2086,605,280,0.87,93.58,142.17,11.42,248.04,0.928140051,0.001995330,0.338413954,0.155009871,1.3355441,-0.5223350,1.7865284
seq-04/frame-000412,1,0.00828912,0.147570,1863,573,262,0.87,84.78,146.67,9.43,241.75,0.928122965,-0.001647699,0.337853670,0.156332803,1.3333704,-0.5212436,1.7862013
seq-04/frame-000413,1,0.00723357,0.098956,2086,631,302,0.89,146.57,124.17,9.38,281.01,0.928174922,-0.004378976,0.337234034,0.157306532,1.3328499,-0.5179028,1.7899208
seq-04/frame-000414,1,0.00587725,0.051634,2696,707,284,0.93,155.94,157.48,10.68,325.04,0.928320879,-0.005211373,0.336293218,0.158429984,1.3350919,-0.5114484,1.7915704
seq-04/frame-000415,1,0.01575073,0.365941,2747,733,280,1.42,139.70,147.87,19.73,308.72,0.927257462,-0.007631493,0.339403500,0.157926006,1.3238654,-0.5102362,1.7948602
seq-04/frame-000416,1,0.00636561,0.077526,2752,709,266,0.93,127.67,147.03,10.09,285.72,0.928616483,-0.011463661,0.336896433,0.155050979,1.3308236,-0.5082225,1.7942627
seq-04/frame-000417,1,0.00716589,0.172705,2386,649,298,2.35,153.19,132.48,10.89,298.91,0.928261942,-0.016092367,0.338081915,0.154179835,1.3268626,-0.5080777,1.7985598
seq-04/frame-000418,1,0.00891605,0.257285,1980,648,335,0.87,126.90,113.90,13.22,254.89,0.928476926,-0.020310218,0.337485032,0.153694328,1.3243894,-0.5069186,1.7994926
seq-04/frame-000419,1,0.01257990,0.340190,1626,442,194,0.88,109.29,79.45,22.88,212.50,0.928514892,-0.023590654,0.337289597,0.153425240,1.3156131,-0.5040858,1.8011539
seq-04/frame-000420,1,0.01345083,0.369734,1678,440,179,5.88,101.66,84.26,10.46,202.26,0.929275052,-0.030038777,0.335657587,0.151259824,1.3143247,-0.5025080,1.8057173
seq-04/frame-000421,1,0.03867199,1.398737,1760,665,382,0.86,92.78,82.27,10.46,186.37,0.934830711,-0.029392441,0.319480417,0.152183734,1.3567040,-0.4759994,1.7900486
seq-04/frame-000422,1,0.00771898,0.288983,1943,585,265,1.18,120.58,114.94,19.27,255.98,0.931810507,-0.038653015,0.328194811,0.150077613,1.3235399,-0.4965539,1.8114619
seq-04/frame-000423,1,0.00432557,0.254488,2447,668,309,0.91,115.01,120.32,19.27,255.51,0.933713469,-0.040664609,0.323921203,0.146971435,1.3305554,-0.4881752,1.8118409
seq-04/frame-000424,1,0.01551332,0.548116,1997,647,346,1.07,128.67,104.13,8.68,242.55,0.935131866,-0.041722461,0.320401020,0.145364420,1.3322298,-0.4763714,1.8060893
seq-04/frame-000425,1,0.02806212,0.970449,1538,536,300,0.82,101.52,74.46,11.16,187.96,0.936973437,-0.041847568,0.315668922,0.143814782,1.3321759,-0.4627242,1.8030280
seq-04/frame-000426,1,0.00779160,0.163654,1519,387,191,0.83,120.14,80.26,18.34,219.57,0.935146199,-0.054562276,0.319086310,0.143904382,1.3157944,-0.4895763,1.8186183
seq-04/frame-000427,1,0.06379882,2.259024,2093,673,359,0.86,126.29,120.63,12.07,259.85,0.940712494,-0.042438272,0.305261929,0.141683278,1.3395463,-0.4259561,1.7921736
seq-04/frame-000428,1,0.01382733,0.311998,2683,789,362,1.34,132.69,138.72,11.64,284.39,0.937543939,-0.061559750,0.313665752,0.137242691,1.3152252,-0.4759326,1.8203385
seq-04/frame-000429,1,0.01339603,0.431417,2003,617,320,2.48,110.48,108.72,17.76,239.45,0.938137570,-0.064556287,0.312077736,0.135417402,1.3144792,-0.4715256,1.8215573
seq-04/frame-000430,1,0.03447987,1.208964,2364,693,327,0.90,141.88,120.52,8.36,271.65,0.941298909,-0.061717727,0.304080761,0.132974345,1.3255066,-0.4444105,1.8113444
seq-04/frame-000431,1,0.02182398,0.727291,2273,745,414,1.70,146.78,118.95,8.95,276.38,0.940369911,-0.068786517,0.305257649,0.133381457,1.3195033,-0.4544627,1.8210213
seq-04/frame-000432,1,0.01726945,0.572785,2232,660,344,1.54,119.81,111.75,16.29,249.39,0.940684854,-0.075060372,0.303839261,0.130994848,1.3132808,-0.4620275,1.8251648
seq-04/frame-000433,1,0.04121038,1.492453,2647,814,395,0.94,137.49,141.53,20.25,300.22,0.944211816,-0.071956038,0.294383777,0.128936289,1.3324986,-0.4334370,1.8176433
seq-04/frame-000434,1,0.01159435,0.433871,2348,828,467,1.29,130.22,140.19,20.12,291.82,0.943053893,-0.083829722,0.296005317,0.126502116,1.3234813,-0.4590962,1.8318326
seq-04/frame-000435,1,0.03400037,1.220023,2486,789,444,0.90,138.72,145.29,10.59,295.51,0.946454241,-0.079513717,0.287150292,0.124284550,1.3343395,-0.4358130,1.8294120
seq-04/frame-000436,1,0.02341476,0.824979,2932,902,498,1.78,133.89,157.27,8.86,301.79,0.947762311,-0.084313415,0.282931756,0.120778609,1.3360735,-0.4458894,1.8310348
seq-04/frame-000437,1,0.00769779,0.343335,2280,710,406,0.88,150.89,116.38,6.78,274.94,0.948011046,-0.090211715,0.282072312,0.116499419,1.3262148,-0.4585544,1.8416918
seq-04/frame-000438,1,0.00859842,0.318441,2038,699,403,0.91,138.05,101.16,8.03,248.15,0.950384349,-0.091660438,0.274149607,0.114934533,1.3320982,-0.4582680,1.8426724
seq-04/frame-000439,1,0.04268830,1.536016,2488,934,557,0.94,148.12,122.97,12.07,284.10,0.954758625,-0.082941766,0.262176309,0.113226389,1.3428446,-0.4258439,1.8298869
seq-04/frame-000440,1,0.01433896,0.539413,3078,862,386,1.01,164.55,138.55,21.81,325.92,0.953901089,-0.092198393,0.264797298,0.107025975,1.3246222,-0.4503357,1.8487304
seq-04/frame-000441,1,0.02457278,0.852000,2766,876,474,0.93,155.77,116.69,14.07,287.47,0.956418324,-0.092024001,0.255960841,0.106205555,1.3419528,-0.4462912,1.8407185
seq-04/frame-000442,1,0.01740382,0.596300,2703,867,493,0.88,163.34,112.57,17.93,294.74,0.957161919,-0.092978247,0.254392967,0.102373459,1.3323612,-0.4481869,1.8462278
seq-04/frame-000443,1,0.01620089,0.611776,3376,999,476,1.12,137.07,149.31,19.79,307.29,0.958545060,-0.097041559,0.248069676,0.101171831,1.3404856,-0.4583136,1.8472859
seq-04/frame-000444,1,0.02311225,0.766848,3099,904,490,0.95,144.83,167.57,17.12,330.47,0.959764193,-0.093860229,0.245333071,0.099270517,1.3378231,-0.4480404,1.8433544
seq-04/frame-000445,1,0.01864166,0.708165,3415,1095,572,1.07,136.52,194.88,17.02,349.48,0.960527804,-0.095083922,0.243535078,0.095058147,1.3333750,-0.4495107,1.8525494
seq-04/frame-000446,1,0.02586177,0.900319,2549,898,542,0.90,118.93,145.23,24.62,289.67,0.961981442,-0.097459161,0.235154416,0.098973827,1.3503594,-0.4562540,1.8481866
seq-04/frame-000447,1,0.02586481,0.900298,2549,898,542,1.09,126.54,128.94,26.90,283.48,0.961981442,-0.097459161,0.235154416,0.098973827,1.3503594,-0.4562540,1.8481866
seq-04/frame-000448,1,0.01929990,0.671193,2901,807,399,1.01,129.22,161.60,21.70,313.53,0.963061370,-0.095408763,0.232474755,0.096775277,1.3435179,-0.4518869,1.8550320
seq-04/frame-000449,1,0.02037431,0.759851,3023,804,355,2.03,138.07,152.88,12.57,305.56,0.963166882,-0.094617951,0.234848358,0.090571795,1.3261325,-0.4551520,1.8620245
seq-04/frame-000450,1,0.02289779,0.783844,3369,953,448,1.65,160.53,174.36,16.03,352.56,0.965213488,-0.093792125,0.226383801,0.091193940,1.3449538,-0.4547742,1.8504703
seq-04/frame-000451,1,0.02547080,0.894477,3285,1044,542,0.95,165.29,185.40,20.34,371.99,0.966476211,-0.094360150,0.221153098,0.090062216,1.3484188,-0.4557578,1.8497907
seq-04/frame-000452,1,0.01543034,0.528275,3214,917,434,2.45,157.39,151.77,18.47,330.09,0.966639743,-0.096279303,0.219869318,0.089416927,1.3452327,-0.4626096,1.8577139
seq-04/frame-000453,1,0.00814398,0.101894,3164,829,383,1.21,142.88,156.57,18.40,319.07,0.966708628,-0.098696852,0.219794385,0.086161410,1.3372831,-0.4729476,1.8623023
seq-04/frame-000454,1,0.00814570,0.101676,3164,829,383,1.50,156.72,165.97,20.43,344.61,0.966708628,-0.098696852,0.219794385,0.086161410,1.3372831,-0.4729476,1.8623023
seq-04/frame-000455,1,0.01330360,0.504795,3454,1085,562,1.61,158.59,168.58,23.74,352.54,0.967902071,-0.095796749,0.216806464,0.083567457,1.3417287,-0.4630376,1.8609279
seq-04/frame-000456,1,0.02992781,1.079163,2585,1078,720,1.80,134.20,127.38,14.04,277.43,0.969429458,-0.094963579,0.209334933,0.085833150,1.3555298,-0.4560361,1.8537339
seq-04/frame-000457,1,0.02456710,0.900901,3402,1125,616,1.02,160.34,160.44,12.05,333.86,0.970126155,-0.097659245,0.205259116,0.084773881,1.3546146,-0.4601453,1.8570628
seq-04/frame-000458,1,0.00659671,0.279887,3136,851,366,1.65,153.25,158.01,17.56,330.47,0.969114813,-0.104339293,0.207149944,0.083777639,1.3506524,-0.4783618,1.8742272
seq-04/frame-000459,1,0.01910665,0.770959,3547,1151,619,1.11,161.75,188.62,15.69,367.18,0.970887651,-0.098826015,0.202520693,0.081215491,1.3559411,-0.4648941,1.8631494
seq-04/frame-000460,1,0.01707353,0.671760,3492,1255,738,1.41,158.65,151.47,13.65,325.19,0.971302026,-0.100232071,0.200331295,0.079957978,1.3546020,-0.4641524,1.8660526
seq-04/frame-000461,1,0.01706064,0.671227,3492,1255,738,1.89,164.04,149.80,21.85,337.58,0.971302026,-0.100232071,0.200331295,0.079957978,1.3546020,-0.4641524,1.8660526
seq-04/frame-000462,1,0.01662957,0.585136,3457,954,431,2.41,152.78,149.97,24.40,329.57,0.971596307,-0.101725369,0.198405620,0.079295500,1.3527466,-0.4662529,1.8683979
seq-04/frame-000463,1,0.01381139,0.573170,2993,1052,588,1.25,158.63,145.45,19.84,325.17,0.972313586,-0.105594574,0.192061127,0.081046895,1.3678580,-0.4816201,1.8747475
seq-04/frame-000464,1,0.00898836,0.350610,3164,919,445,1.80,145.20,159.98,15.59,322.56,0.972730755,-0.103807731,0.191957939,0.078555603,1.3626152,-0.4806166,1.8753357
seq-04/frame-000465,1,0.03097764,1.121093,2684,1141,768,1.44,140.99,135.97,18.50,296.91,0.974935164,-0.099850585,0.183313133,0.076990786,1.3760966,-0.4690613,1.8634124
seq-04/frame-000466,1,0.02535905,0.896660,3017,973,541,1.39,131.30,144.76,15.85,293.31,0.975720398,-0.102263006,0.178744582,0.074581210,1.3738460,-0.4709613,1.8689056
seq-04/frame-000467,1,0.01693744,0.667472,3213,1031,542,2.74,137.76,172.03,19.53,332.07,0.976000421,-0.105885185,0.175691746,0.073102096,1.3773292,-0.4833314,1.8807943
seq-04/frame-000468,1,0.02594757,0.976191,2929,1180,813,1.22,139.69,150.07,12.88,303.85,0.977077668,-0.100838612,0.173799384,0.070317696,1.3705880,-0.4709625,1.8690512
seq-04/frame-000469,1,0.02597108,0.976612,2929,1180,813,0.99,151.68,139.52,11.23,303.43,0.977077668,-0.100838612,0.173799384,0.070317696,1.3705880,-0.4709625,1.8690512
seq-04/frame-000470,1,0.02447799,0.869495,2016,680,382,0.83,114.96,99.51,10.46,225.77,0.977354482,-0.101235558,0.172653156,0.068705646,1.3563939,-0.4635542,1.8749233
seq-04/frame-000471,1,0.01536541,0.629819,2285,941,631,0.83,130.35,113.90,8.60,253.68,0.978649346,-0.105844937,0.162369242,0.068399829,1.3618952,-0.4675335,1.8782493
seq-04/frame-000472,1,0.01684992,0.654508,2467,803,429,2.05,121.48,124.21,18.33,266.08,0.978801758,-0.118751092,0.150594617,0.071878778,1.3884242,-0.4991022,1.8870237
seq-04/frame-000473,1,0.01924642,0.710187,3086,949,488,0.99,150.94,124.25,13.36,289.54,0.979917797,-0.114441017,0.147151505,0.070787002,1.3894580,-0.4990008,1.8849930
seq-04/frame-000474,1,0.02085392,0.743312,2419,1103,771,0.86,121.22,108.41,10.81,241.30,0.981050890,-0.110693043,0.143517791,0.068475135,1.3856419,-0.4918864,1.8792277
seq-04/frame-000475,1,0.02084626,0.742929,2419,1103,771,0.86,122.90,103.40,10.57,237.74,0.981050890,-0.110693043,0.143517791,0.068475135,1.3856419,-0.4918864,1.8792277
seq-04/frame-000476,1,0.01053323,0.292754,2237,977,679,1.20,133.35,96.28,19.78,250.62,0.981226354,-0.112358961,0.141771914,0.066865758,1.3736242,-0.4896117,1.8856498
seq-04/frame-000477,1,0.02039211,0.741955,3378,1251,767,1.25,150.94,157.88,15.14,325.22,0.982243315,-0.116231585,0.130136471,0.068940469,1.3953366,-0.4999687,1.8875354
seq-04/frame-000478,1,0.01491984,0.590830,3090,1153,722,1.08,122.09,127.28,12.45,262.91,0.982832195,-0.114976882,0.128392235,0.065853078,1.3923962,-0.4991121,1.8932702
seq-04/frame-000479,1,0.01090306,0.315545,3192,1221,758,1.09,136.19,126.84,16.66,280.79,0.983095497,-0.116467163,0.126296051,0.063308381,1.3912538,-0.5099912,1.8935400
seq-04/frame-000480,1,0.01080224,0.377548,3727,1411,854,1.06,155.15,152.26,16.35,324.82,0.983966980,-0.113986556,0.122273403,0.062171235,1.3944086,-0.5053302,1.8939791
seq-04/frame-000481,1,0.02820511,0.995678,3158,1058,619,0.93,144.19,133.24,12.93,291.29,0.984417717,-0.118381230,0.112959369,0.064403596,1.4140124,-0.5184891,1.8925669
seq-04/frame-000482,1,0.02820519,0.995780,3158,1058,619,0.94,126.00,135.86,12.06,274.87,0.984417717,-0.118381230,0.112959369,0.064403596,1.4140124,-0.5184891,1.8925669
seq-04/frame-000483,1,0.01568293,0.582902,3370,1353,836,1.18,135.76,154.27,14.59,305.80,0.984879832,-0.118458662,0.110652544,0.061116900,1.4102592,-0.5226962,1.9019193
seq-04/frame-000484,1,0.02126889,0.655360,3221,1158,705,0.90,147.82,138.29,15.40,302.41,0.985562178,-0.116495879,0.106928801,0.060515571,1.4107124,-0.5227438,1.8939633
seq-04/frame-000485,1,0.01503914,0.431551,2252,907,621,0.88,113.24,104.38,18.72,237.22,0.986608610,-0.112936431,0.102762896,0.057346321,1.4057886,-0.5108255,1.8963987
seq-04/frame-000486,1,0.01503914,0.431551,2252,907,621,1.31,114.48,110.84,13.20,239.84,0.986608610,-0.112936431,0.102762896,0.057346321,1.4057886,-0.5108255,1.8963987
seq-04/frame-000487,1,0.01616254,0.522487,2182,861,571,1.34,95.43,100.65,21.89,222.23,0.987281658,-0.113378623,0.095798777,0.056945683,1.4081708,-0.5090370,1.9003684
seq-04/frame-000488,1,0.01583955,0.403959,2009,803,504,1.15,106.77,86.31,19.16,213.40,0.987797771,-0.116123067,0.087690926,0.055509441,1.4095220,-0.5139096,1.8977992
seq-04/frame-000489,1,0.01584407,0.518076,2550,867,529,0.83,121.15,132.82,14.46,269.27,0.988333215,-0.120480521,0.076057910,0.053824671,1.4186467,-0.5248239,1.9036841
seq-04/frame-000490,1,0.01280818,0.264240,2489,998,645,1.01,117.22,104.70,9.69,232.63,0.989015069,-0.121946829,0.069534318,0.046294085,1.4212553,-0.5360469,1.9073418
seq-04/frame-000491,1,0.01199781,0.250769,2488,1018,657,1.10,110.70,96.27,14.56,222.63,0.989496999,-0.121913278,0.066337106,0.040400863,1.4227341,-0.5449168,1.9105946
seq-04/frame-000492,1,0.01200018,0.250908,2488,1018,657,1.05,104.61,116.65,15.77,238.09,0.989496999,-0.121913278,0.066337106,0.040400863,1.4227341,-0.5449168,1.9105946
seq-04/frame-000493,1,0.01758935,0.573720,3087,980,557,0.93,120.16,131.89,14.38,267.37,0.989910566,-0.121490288,0.061782604,0.038731001,1.4302883,-0.5522259,1.9131098
seq-04/frame-000494,1,0.01768909,0.535347,3381,1197,715,0.96,124.04,143.73,32.81,301.55,0.990877473,-0.115046376,0.057692595,0.039971605,1.4327453,-0.5421180,1.9081031
seq-04/frame-000495,1,0.01463190,0.366265,3321,1153,693,1.04,142.21,188.35,26.82,358.42,0.991003744,-0.116093011,0.054419341,0.038373532,1.4306638,-0.5513754,1.9098366
seq-04/frame-000496,1,0.01887556,0.595242,3012,1063,619,0.92,123.41,125.39,8.47,258.19,0.991259751,-0.116719978,0.048325789,0.038015396,1.4393271,-0.5574870,1.9131037
seq-04/frame-000497,1,0.01887197,0.595286,3012,1063,619,0.91,120.61,149.29,21.95,292.77,0.991259751,-0.116719978,0.048325789,0.038015396,1.4393271,-0.5574870,1.9131037
seq-04/frame-000498,1,0.01604049,0.517049,2420,898,530,1.08,114.44,132.96,23.07,271.54,0.991992779,-0.111931591,0.045598637,0.036638907,1.4379995,-0.5504628,1.9136918
seq-04/frame-000499,1,0.01023624,0.388238,1932,693,412,1.02,92.81,131.77,16.32,241.93,0.992576092,-0.108389676,0.042979145,0.034600177,1.4428960,-0.5497504,1.9194116
seq-04/frame-000500,1,0.00896330,0.320519,1793,813,536,0.88,90.39,111.34,78.69,281.29,0.993559178,-0.098512802,0.046808781,0.030729868,1.4356385,-0.5407447,1.9198172
seq-04/frame-000501,1,0.00898611,0.323341,1793,813,536,0.87,89.96,185.00,21.92,297.75,0.993559178,-0.098512802,0.046808781,0.030729868,1.4356385,-0.5407447,1.9198172
seq-04/frame-000502,1,0.00873831,0.476283,1584,633,388,1.65,71.96,174.47,20.65,268.74,0.994413257,-0.090725859,0.045341243,0.029244913,1.4494489,-0.5372031,1.9216548
seq-04/frame-000503,1,0.03991270,1.472374,1215,412,202,0.78,120.60,128.92,33.00,283.30,0.995413062,-0.078106279,0.046794103,0.029369330,1.4713994,-0.5223627,1.9332938
seq-04/frame-000504,1,0.01778789,0.605612,1568,593,333,0.83,215.34,77.74,12.21,306.13,0.995165467,-0.067062244,0.064948484,0.030496600,1.4363563,-0.5355599,1.9144687
seq-04/frame-000505,1,0.01146195,0.548330,1669,683,405,1.22,177.52,62.08,21.38,262.20,0.995165692,-0.064910779,0.065408070,0.033964995,1.4506789,-0.5463479,1.9111230
seq-04/frame-000506,1,0.01142862,0.548831,1669,683,405,0.85,153.09,72.26,17.91,244.10,0.995165692,-0.064910779,0.065408070,0.033964995,1.4506789,-0.5463479,1.9111230
seq-04/frame-000507,1,0.01350691,0.675841,1614,579,315,0.86,167.24,67.63,15.38,251.11,0.995075935,-0.057815674,0.069460521,0.040699726,1.4576265,-0.5463516,1.9130474
seq-04/frame-000508,1,0.02052880,0.821646,1646,600,367,1.19,164.24,84.76,10.71,260.90,0.994672877,-0.052437209,0.074619151,0.048043609,1.4593607,-0.5509903,1.9102075
seq-04/frame-000509,1,0.01615712,0.645205,1817,660,368,2.07,130.74,92.78,9.03,234.64,0.994288124,-0.050679811,0.076953296,0.053859761,1.4668109,-0.5611622,1.9085051
seq-04/frame-000510,1,0.01196988,0.487923,2165,799,485,3.32,121.54,94.30,15.94,235.11,0.993806320,-0.050281928,0.079500131,0.059164638,1.4702471,-0.5713238,1.9067441
seq-04/frame-000511,1,0.01266039,0.469600,1797,670,414,4.83,133.51,85.33,6.43,230.11,0.993504808,-0.047281812,0.081680543,0.063568200,1.4729142,-0.5722793,1.9057631
seq-04/frame-000512,1,0.01262723,0.467606,1797,670,414,1.92,107.18,93.21,10.75,213.06,0.993504808,-0.047281812,0.081680543,0.063568200,1.4729142,-0.5722793,1.9057631
seq-04/frame-000513,1,0.01040453,0.348734,2114,757,476,0.96,111.91,99.22,13.19,225.29,0.993370325,-0.046157382,0.079482447,0.069046610,1.4853849,-0.5797709,1.9055790
seq-04/frame-000514,1,0.00611939,0.250694,1721,621,378,1.19,85.84,67.12,7.94,162.10,0.993384601,-0.044489230,0.079099170,0.070363793,1.4873060,-0.5864840,1.9072289
seq-04/frame-000515,1,0.00996248,0.442094,1577,606,356,0.89,95.56,64.70,9.43,170.58,0.993415424,-0.038978389,0.080249474,0.071878384,1.4901731,-0.5871874,1.9060916
seq-04/frame-000516,1,0.01979040,0.630490,1593,556,311,0.84,90.32,75.35,11.92,178.44,0.993437515,-0.030380535,0.077982943,0.077958887,1.4973592,-0.5790541,1.9006201
seq-04/frame-000517,1,0.01840779,0.677638,2030,673,398,1.48,112.86,101.55,9.51,225.41,0.993506562,-0.028575100,0.074178883,0.081398209,1.5045465,-0.5926385,1.8963575
seq-04/frame-000518,1,0.01840779,0.677638,2030,673,398,0.94,109.19,97.57,8.82,216.52,0.993506562,-0.028575100,0.074178883,0.081398209,1.5045465,-0.5926385,1.8963575
seq-04/frame-000519,1,0.00872401,0.130873,1948,671,408,0.93,96.18,85.90,17.06,200.06,0.993002819,-0.029268366,0.077983466,0.083709870,1.4926842,-0.6063740,1.8976197
seq-04/frame-000520,1,0.01417144,0.570723,1627,638,393,1.34,84.83,85.56,9.09,180.83,0.993333655,-0.023751377,0.073656021,0.085433674,1.5074165,-0.6017815,1.8962102
seq-04/frame-000521,1,0.00946103,0.309989,1512,535,305,2.16,75.23,68.38,14.01,159.79,0.993215287,-0.019049902,0.073504399,0.088077229,1.5072201,-0.6048191,1.8959052
seq-04/frame-000522,1,0.00606744,0.074073,1526,584,341,1.32,92.94,79.77,10.84,184.86,0.992838482,-0.018466194,0.075683486,0.090569084,1.5013698,-0.6201744,1.8952231
seq-04/frame-000523,1,0.00642002,0.274218,1849,636,388,0.88,92.69,87.23,17.37,198.18,0.992946155,-0.016102754,0.072429251,0.092480473,1.5112411,-0.6253026,1.8896072
seq-04/frame-000524,1,0.01324488,0.467887,2131,724,420,0.89,111.21,102.83,20.67,235.61,0.993160723,-0.012397742,0.069248254,0.093181297,1.5166988,-0.6242085,1.8838625
seq-04/frame-000525,1,0.01762998,0.694242,2363,786,434,0.96,113.75,116.23,12.14,243.08,0.993294560,-0.013021182,0.068555955,0.092176176,1.5168859,-0.6298295,1.8790148
seq-04/frame-000526,1,0.00876500,0.423360,2333,778,429,0.93,116.25,133.35,14.16,264.69,0.993249369,-0.019158819,0.070634061,0.089997003,1.5133179,-0.6467692,1.8800513
seq-04/frame-000527,1,0.00880800,0.427191,2333,778,429,2.62,123.24,102.81,20.10,248.77,0.993249369,-0.019158819,0.070634061,0.089997003,1.5133179,-0.6467692,1.8800513
seq-04/frame-000528,1,0.01120541,0.407576,2272,803,465,1.21,114.57,102.49,8.31,226.58,0.993312676,-0.020961107,0.072369746,0.087482457,1.5105583,-0.6470842,1.8739706
seq-04/frame-000529,1,0.01178763,0.221715,2194,797,451,0.87,122.02,87.64,9.45,219.97,0.992893101,-0.026889957,0.078498456,0.085312438,1.5005129,-0.6565247,1.8675639
seq-04/frame-000530,1,0.01245326,0.438556,2402,795,454,0.91,114.67,103.35,13.31,232.24,0.992974301,-0.028790739,0.077509859,0.084648404,1.5090224,-0.6508532,1.8660760
seq-04/frame-000531,1,0.01320330,0.426716,2119,714,390,0.91,122.29,89.80,14.44,227.44,0.992444179,-0.037946764,0.080776672,0.084200494,1.5053531,-0.6685355,1.8600184
seq-04/frame-000532,1,0.00946296,0.093224,2297,776,443,1.17,129.57,88.62,11.57,230.93,0.992598973,-0.042605769,0.078656838,0.082128738,1.5109455,-0.6631501,1.8548714
seq-04/frame-000533,1,0.01210109,0.422750,2242,844,545,1.19,109.32,83.28,15.60,209.40,0.993271743,-0.042604910,0.069955037,0.081867940,1.5271171,-0.6554406,1.8543151
seq-04/frame-000534,1,0.01122116,0.279950,2271,799,505,1.19,106.03,94.31,8.06,209.60,0.993552491,-0.047618998,0.066108701,0.078838556,1.5270222,-0.6654153,1.8451665
seq-04/frame-000535,1,0.01121734,0.280724,2271,799,505,0.91,103.97,94.47,8.71,208.06,0.993552491,-0.047618998,0.066108701,0.078838556,1.5270222,-0.6654153,1.8451665
seq-04/frame-000536,1,0.00917824,0.149919,2163,810,500,0.93,101.05,87.19,11.58,200.75,0.994052528,-0.043368657,0.065614276,0.075322628,1.5204199,-0.6526866,1.8457101
seq-04/frame-000537,1,0.01071223,0.443951,2419,812,478,0.92,110.10,117.47,6.68,235.17,0.994658838,-0.039646180,0.062652523,0.071809733,1.5284070,-0.6550349,1.8403210
seq-04/frame-000538,1,0.01552231,0.620865,2262,778,480,0.88,98.30,100.07,8.08,207.33,0.994642476,-0.046402134,0.059520838,0.070643170,1.5314054,-0.6770036,1.8264413
seq-04/frame-000539,1,0.00840235,0.245000,2856,1055,640,0.95,103.47,119.76,7.01,231.18,0.994749379,-0.046223078,0.061162597,0.067795554,1.5183619,-0.6715218,1.8226920
seq-04/frame-000540,1,0.01661855,0.707356,1398,509,318,0.79,83.72,60.22,9.36,154.09,0.995005387,-0.039391084,0.066022638,0.063668148,1.5138147,-0.6581009,1.8190610
seq-04/frame-000541,1,0.01002627,0.460784,1876,785,522,1.14,96.85,87.86,10.31,196.17,0.994527767,-0.039546408,0.072974575,0.063445360,1.5150961,-0.6679133,1.8069097
seq-04/frame-000542,1,0.01002137,0.459679,1876,785,522,0.95,93.75,84.30,11.61,190.61,0.994527767,-0.039546408,0.072974575,0.063445360,1.5150961,-0.6679133,1.8069097
seq-04/frame-000543,1,0.01183605,0.493736,2161,849,575,0.86,104.85,89.73,6.82,202.27,0.994571700,-0.039216072,0.070201793,0.066037429,1.5323365,-0.6747241,1.8038534
seq-04/frame-000544,1,0.02056532,0.778291,1398,529,331,0.84,71.89,57.94,8.26,138.92,0.994565039,-0.041826330,0.064829755,0.069914546,1.5392050,-0.6858946,1.7905057
seq-04/frame-000545,1,0.01533850,0.487143,1546,616,393,0.82,82.81,67.35,5.91,156.88,0.994719096,-0.046382468,0.056412748,0.072112333,1.5395824,-0.6925420,1.7830204
seq-04/frame-000546,1,0.01665620,0.514629,2464,958,623,0.91,97.61,105.40,10.68,214.60,0.995267278,-0.043217399,0.049808011,0.071375507,1.5433187,-0.6851730,1.7802016
seq-04/frame-000547,1,0.02005955,0.659103,2691,1030,662,0.89,116.96,110.45,9.58,237.88,0.995709251,-0.042161478,0.045079278,0.068944590,1.5503910,-0.6899791,1.7741447
seq-04/frame-000548,1,0.01944391,0.438819,1665,655,433,0.82,85.93,64.26,8.91,159.93,0.996039564,-0.036129765,0.044482677,0.067978803,1.5395452,-0.6824059,1.7687350
seq-04/frame-000549,1,0.01952615,0.441560,1665,655,433,0.82,95.07,79.01,5.68,180.59,0.996039564,-0.036129765,0.044482677,0.067978803,1.5395452,-0.6824059,1.7687350
seq-04/frame-000550,1,0.01401250,0.437543,2358,925,559,0.87,107.68,96.68,9.53,214.77,0.996269584,-0.035875149,0.038304713,0.068502843,1.5464653,-0.6982687,1.7618911
seq-04/frame-000551,1,0.01124740,0.442137,2327,924,585,0.88,89.35,86.99,13.48,190.72,0.996629522,-0.034297424,0.034573697,0.066014711,1.5512158,-0.7046609,1.7580778
seq-04/frame-000552,1,0.01137076,0.493916,2096,922,620,0.87,95.01,100.37,9.05,205.30,0.996876520,-0.033260010,0.031178317,0.064489447,1.5517252,-0.7114912,1.7524524
seq-04/frame-000553,1,0.01074963,0.428806,1722,653,436,0.83,92.87,59.76,6.66,160.12,0.997338449,-0.026738095,0.025810749,0.062728764,1.5572398,-0.7037171,1.7476868
seq-04/frame-000554,1,0.00884502,0.329091,1472,633,460,0.82,74.08,65.21,13.90,154.02,0.997562272,-0.026335821,0.023436148,0.060221961,1.5528796,-0.7169557,1.7367279
seq-04/frame-000555,1,0.01350098,0.465137,1192,539,393,0.81,66.88,55.12,9.07,131.88,0.997874276,-0.022318735,0.016062746,0.059082927,1.5549117,-0.7141989,1.7288583
seq-04/frame-000556,1,0.01341591,0.381836,1262,589,438,0.82,66.06,62.37,8.34,137.60,0.997952010,-0.025153530,0.010385804,0.057889724,1.5504153,-0.7266352,1.7153992
seq-04/frame-000557,1,0.01577629,0.566666,1264,620,445,0.81,73.03,57.24,8.88,139.96,0.998122746,-0.023932021,0.000603872,0.056372665,1.5606005,-0.7223730,1.7145966
seq-04/frame-000558,1,0.01551522,0.539844,1264,620,445,0.83,85.91,50.04,7.47,144.26,0.998122746,-0.023932021,0.000603872,0.056372665,1.5606005,-0.7223730,1.7145966
seq-04/frame-000559,1,0.01417172,0.391753,1297,574,408,0.79,69.03,42.38,6.23,118.44,0.998352568,-0.015801623,-0.005950760,0.054836557,1.5595334,-0.7089627,1.7123507
seq-04/frame-000560,1,0.01963014,0.744736,1456,577,366,0.83,87.66,59.45,11.94,159.89,0.998523362,-0.006710820,-0.009089053,0.053136143,1.5602953,-0.7050005,1.7105398
seq-04/frame-000561,1,0.00916754,0.502049,1423,643,454,0.84,77.73,66.44,9.52,154.54,0.998539218,-0.006671987,-0.003452612,0.053506961,1.5488260,-0.7324025,1.7032109
seq-04/frame-000562,1,0.01407648,0.454320,1306,488,321,0.80,77.39,63.17,12.77,154.14,0.998577722,0.004149669,-0.006171238,0.052794210,1.5561896,-0.7171345,1.6951827
seq-04/frame-000563,1,0.01434794,0.459982,1306,488,321,0.80,77.31,49.24,12.06,139.41,0.998577722,0.004149669,-0.006171238,0.052794210,1.5561896,-0.7171345,1.6951827
seq-04/frame-000564,1,0.02295936,0.804865,1292,610,428,0.80,84.85,52.32,11.26,149.24,0.998482957,0.008681616,-0.011832221,0.053069887,1.5640764,-0.7237046,1.6873672
seq-04/frame-000565,1,0.01452978,0.552243,1764,701,477,0.87,97.10,74.88,6.47,179.32,0.998278231,0.009474614,-0.013950994,0.056179852,1.5613420,-0.7384280,1.6809302
seq-04/frame-000566,1,0.00836266,0.365107,1898,790,534,1.70,98.77,77.67,18.30,196.45,0.998265531,0.009317808,-0.011997231,0.056878586,1.5528468,-0.7499690,1.6771492
seq-04/frame-000567,1,0.01453077,0.499200,1137,491,333,0.80,60.90,44.72,9.06,115.49,0.998080298,0.017031740,-0.016776405,0.057133104,1.5623855,-0.7370881,1.6707038
seq-04/frame-000568,1,0.01967084,0.639744,1407,598,426,0.81,69.27,70.20,7.65,147.94,0.997693207,0.021304139,-0.022226856,0.060500956,1.5648187,-0.7379992,1.6631016
seq-04/frame-000569,1,0.01966498,0.638652,1407,598,426,0.82,82.63,59.32,6.43,149.22,0.997693207,0.021304139,-0.022226856,0.060500956,1.5648187,-0.7379992,1.6631016
seq-04/frame-000570,1,0.00978774,0.391306,1466,612,410,0.85,86.00,50.30,5.63,142.78,0.997542501,0.021597584,-0.021396260,0.063124507,1.5580825,-0.7529452,1.6601805
seq-04/frame-000571,1,0.01427067,0.510311,1483,621,401,0.84,77.71,74.87,10.88,164.30,0.997446920,0.025173544,-0.023582235,0.062528487,1.5657231,-0.7547857,1.6543173
seq-04/frame-000572,1,0.01535959,0.508299,1474,616,405,0.84,86.82,88.48,10.57,186.72,0.997285585,0.030275150,-0.024929074,0.062317087,1.5649158,-0.7540894,1.6487695
seq-04/frame-000573,1,0.01480621,0.566060,1586,597,381,0.83,113.04,76.95,10.91,201.74,0.997172640,0.031029358,-0.024554022,0.063882741,1.5622866,-0.7656386,1.6447575
seq-04/frame-000574,1,0.01475797,0.564495,1586,597,381,0.85,89.91,95.95,10.80,197.51,0.997172640,0.031029358,-0.024554022,0.063882741,1.5622866,-0.7656386,1.6447575
seq-04/frame-000575,1,0.01586485,0.485535,1763,683,423,0.87,86.39,85.65,10.37,183.29,0.996989608,0.034034785,-0.024122444,0.065356429,1.5625443,-0.7680302,1.6373772
seq-04/frame-000576,1,0.01661112,0.542802,1747,738,515,0.85,71.38,97.79,8.29,178.32,0.997018668,0.032763938,-0.026964106,0.064445606,1.5663629,-0.7737356,1.6311555
seq-04/frame-000577,1,0.01662695,0.561658,1658,706,475,0.83,89.90,72.49,7.44,170.66,0.996796625,0.035582687,-0.031612216,0.064273077,1.5690004,-0.7669609,1.6308417
seq-04/frame-000578,1,0.01014651,0.353804,1928,711,424,0.88,86.65,88.00,9.12,184.65,0.996733316,0.034763811,-0.031501232,0.065740756,1.5610042,-0.7775314,1.6285375
seq-04/frame-000579,1,0.01014221,0.353350,1928,711,424,0.88,89.17,90.89,10.22,191.17,0.996733316,0.034763811,-0.031501232,0.065740756,1.5610042,-0.7775314,1.6285375
seq-04/frame-000580,1,0.01049021,0.377574,1938,758,502,0.88,95.65,96.46,9.14,202.13,0.996658858,0.037403557,-0.032219315,0.065069272,1.5607263,-0.7773738,1.6258982
seq-04/frame-000581,1,0.01039555,0.308830,1871,702,436,0.89,103.71,95.08,10.13,209.82,0.996537989,0.040831805,-0.032620566,0.064658327,1.5609499,-0.7741789,1.6236181
seq-04/frame-000582,1,0.00988538,0.298649,1902,742,452,1.20,102.25,96.40,14.76,214.62,0.996465354,0.042089839,-0.034111561,0.064200048,1.5591672,-0.7783368,1.6191422
seq-04/frame-000583,1,0.01034050,0.315493,1685,628,393,0.85,103.95,80.47,13.71,198.98,0.996124975,0.045758703,-0.035649081,0.066108381,1.5581521,-0.7756380,1.6169414
seq-04/frame-000584,1,0.00621677,0.168684,1714,741,517,1.31,99.46,79.37,16.67,196.81,0.996228146,0.044678869,-0.036624083,0.064745312,1.5546295,-0.7859740,1.6131534
seq-04/frame-000585,1,0.00619086,0.168872,1714,741,517,0.85,103.92,83.36,9.97,198.12,0.996228146,0.044678869,-0.036624083,0.064745312,1.5546295,-0.7859740,1.6131534
seq-04/frame-000586,1,0.00524443,0.165803,1825,761,514,0.87,125.09,107.20,9.38,242.55,0.996177280,0.046149276,-0.038275342,0.063530068,1.5526566,-0.7844114,1.6112310
seq-04/frame-000587,1,0.01173779,0.324593,1363,611,398,2.16,96.08,69.10,11.33,178.68,0.995809101,0.050453015,-0.041095854,0.064263967,1.5565675,-0.7781676,1.6090812
seq-04/frame-000588,1,0.01652231,0.486025,1216,598,432,0.82,85.04,69.47,8.50,163.83,0.995645485,0.050056289,-0.047009637,0.063043882,1.5635026,-0.7819169,1.6015233
seq-04/frame-000589,1,0.01433820,0.487425,1646,707,480,0.87,91.30,93.71,12.56,198.45,0.995676700,0.048784452,-0.049893744,0.061307432,1.5615188,-0.7865759,1.6041256
seq-04/frame-000590,1,0.01433464,0.487570,1646,707,480,2.77,104.92,82.76,9.70,200.15,0.995676700,0.048784452,-0.049893744,0.061307432,1.5615188,-0.7865759,1.6041256
seq-04/frame-000591,1,0.01197566,0.358572,1663,683,453,1.41,108.67,79.26,10.72,200.07,0.995672555,0.050892753,-0.049993914,0.059554172,1.5555177,-0.7852396,1.6013994
seq-04/frame-000592,1,0.00678590,0.170032,1560,638,468,1.19,102.21,84.88,10.20,198.50,0.995700072,0.050638391,-0.051074512,0.058382475,1.5508712,-0.7909044,1.5976744
seq-04/frame-000593,1,0.01700656,0.586350,1207,564,419,0.97,88.60,69.28,8.13,166.99,0.995517894,0.050661911,-0.057553989,0.055362735,1.5617803,-0.7887413,1.5950918
seq-04/frame-000594,1,0.01832931,0.568186,1022,511,374,0.81,74.26,50.58,18.17,143.82,0.995266028,0.050576006,-0.063205105,0.053783980,1.5631773,-0.7851941,1.5915586
seq-04/frame-000595,1,0.01074096,0.212256,1162,619,469,0.84,91.44,55.09,8.61,155.98,0.995240606,0.050970339,-0.063842140,0.053125711,1.5478366,-0.7875080,1.5893380
seq-04/frame-000596,1,0.01076577,0.216105,1162,619,469,1.74,85.73,57.70,10.80,155.98,0.995240606,0.050970339,-0.063842140,0.053125711,1.5478366,-0.7875080,1.5893380
seq-04/frame-000597,1,0.01012358,0.218127,966,478,357,0.81,80.29,48.93,12.78,142.82,0.995031959,0.049785932,-0.069996923,0.050330830,1.5519045,-0.7912142,1.5862133
seq-04/frame-000598,1,0.01660389,0.400425,892,447,333,1.29,70.79,45.77,17.11,134.97,0.994741196,0.048395046,-0.076420649,0.048039112,1.5504591,-0.7900864,1.5843237
seq-04/frame-000599,1,0.01120434,0.227175,1090,568,434,0.81,77.61,57.01,9.58,145.01,0.994717641,0.044585283,-0.081415505,0.043823305,1.5483816,-0.7981361,1.5804013
seq-04/frame-000600,1,0.01067586,0.265487,1109,548,421,0.93,83.42,46.45,12.66,143.46,0.994421010,0.043917834,-0.086888658,0.040600973,1.5487069,-0.7986625,1.5819384
seq-04/frame-000601,1,0.01079524,0.269540,1109,548,421,1.47,80.63,57.79,11.79,151.68,0.994421010,0.043917834,-0.086888658,0.040600973,1.5487069,-0.7986625,1.5819384
seq-04/frame-000602,1,0.01157994,0.278418,1247,647,514,1.30,83.69,63.46,8.95,157.40,0.994282672,0.043151886,-0.090630728,0.036413665,1.5451281,-0.8013284,1.5793753
seq-04/frame-000603,1,0.01640107,0.370710,912,421,323,0.80,76.81,35.32,13.17,126.10,0.993951271,0.044137124,-0.095294568,0.032120558,1.5442449,-0.7979392,1.5754194
seq-04/frame-000604,1,0.02062225,0.528740,775,406,297,0.77,65.30,30.48,9.90,106.45,0.993283706,0.041709669,-0.104119514,0.028406143,1.5460684,-0.7980719,1.5759965
seq-04/frame-000605,1,0.00876108,0.254451,1154,638,509,1.18,75.51,57.07,7.92,141.69,0.992872900,0.038832002,-0.109673376,0.025830812,1.5401876,-0.8051852,1.5780932
seq-04/frame-000606,1,0.00854725,0.245742,1154,638,509,0.93,90.63,67.45,8.37,167.39,0.992872900,0.038832002,-0.109673376,0.025830812,1.5401876,-0.8051852,1.5780932
seq-04/frame-000607,1,0.00893569,0.083503,971,484,387,0.82,73.82,46.63,10.54,131.82,0.992593544,0.039802278,-0.112358328,0.023440176,1.5356500,-0.8056559,1.5747365
seq-04/frame-000608,1,0.02521608,0.847174,663,289,184,2.18,71.59,34.28,27.99,136.04,0.990568785,0.034799705,-0.131195524,0.018713534,1.5682864,-0.8182082,1.5858888
seq-04/frame-000609,1,0.00775433,0.151172,732,418,312,0.75,66.20,36.99,15.37,119.31,0.990331182,0.026604704,-0.135023224,0.017466235,1.5378778,-0.8238918,1.5762674
seq-04/frame-000610,1,0.00655353,0.295144,1486,806,660,1.35,103.99,76.95,7.93,190.23,0.989820396,0.032228280,-0.137976864,0.013390523,1.5272199,-0.8044876,1.5781817
seq-04/frame-000611,1,0.00660279,0.298502,1486,806,660,1.14,108.03,90.60,8.78,208.57,0.989820396,0.032228280,-0.137976864,0.013390523,1.5272199,-0.8044876,1.5781817
seq-04/frame-000612,1,0.00620468,0.193441,1301,699,568,1.74,94.34,70.21,9.89,176.18,0.989615322,0.032624233,-0.139495586,0.011753929,1.5269451,-0.8112674,1.5730093
seq-04/frame-000613,1,0.02265114,0.466112,656,313,204,1.54,69.47,34.68,15.26,120.95,0.988545113,0.025920594,-0.148423444,0.008784333,1.5362538,-0.8224534,1.5609819
seq-04/frame-000614,1,0.02419205,0.730706,522,242,151,1.43,69.95,26.54,15.40,113.31,0.985427868,0.008531673,-0.169632425,0.009163359,1.5517457,-0.8581458,1.5907889
seq-04/frame-000615,1,0.01270039,0.286226,838,484,367,0.81,81.53,41.03,8.50,131.87,0.984168800,0.017249964,-0.176206881,0.008083729,1.5278435,-0.8114849,1.5728110
seq-04/frame-000616,1,0.00608690,0.148484,1652,883,735,2.12,106.62,93.50,15.91,218.16,0.983418741,0.020589145,-0.180145720,0.003344664,1.5210881,-0.8084533,1.5692822
seq-04/frame-000617,1,0.00603488,0.150697,1652,883,735,1.18,104.46,85.04,11.62,202.31,0.983418741,0.020589145,-0.180145720,0.003344664,1.5210881,-0.8084533,1.5692822
seq-04/frame-000618,1,0.01159811,0.187304,999,512,387,1.26,81.61,53.28,14.83,150.99,0.983123236,0.018307248,-0.182025577,0.000486099,1.5153541,-0.8184086,1.5607531
seq-04/frame-000619,1,0.02727313,0.772714,596,243,143,1.29,66.31,33.05,9.13,109.78,0.979763205,0.006511835,-0.200046679,0.001727435,1.5329614,-0.8405414,1.5760016
seq-04/frame-000620,1,0.02380850,0.683085,727,376,239,0.77,65.95,38.32,7.81,112.86,0.974612726,-0.003458486,-0.223867728,0.001145892,1.5489065,-0.8470470,1.5878517
seq-04/frame-000621,1,0.00876585,0.215417,1909,1087,907,1.46,106.63,91.28,14.47,213.85,0.974733308,0.004134588,-0.223298939,-0.003932917,1.5190027,-0.8087844,1.5616656
seq-04/frame-000622,1,0.01195378,0.027564,1600,952,765,0.86,95.45,72.32,13.53,182.15,0.975337576,0.017317165,-0.219805702,-0.010108457,1.5110887,-0.7768924,1.5584226
seq-04/frame-000623,1,0.00803587,0.269423,1893,1141,947,1.42,115.31,85.49,13.34,215.56,0.975174108,0.013407260,-0.220786013,-0.010451840,1.5174317,-0.8085741,1.5645057
seq-04/frame-000624,1,0.00906065,0.300596,1205,701,559,1.36,84.33,58.00,7.70,151.40,0.974190353,0.009314884,-0.225365973,-0.008750248,1.5192266,-0.8193744,1.5646880
seq-04/frame-000625,1,0.00902048,0.302312,1205,701,559,0.85,97.71,57.04,8.63,164.22,0.974190353,0.009314884,-0.225365973,-0.008750248,1.5192266,-0.8193744,1.5646880
seq-04/frame-000626,1,0.00827376,0.306937,1499,891,754,0.96,94.37,75.36,10.92,181.61,0.972626695,0.008620424,-0.232023292,-0.009391081,1.5214068,-0.8195074,1.5641491
seq-04/frame-000627,1,0.00724624,0.214361,1733,1017,861,1.80,95.37,96.46,12.56,206.20,0.971716721,0.010589986,-0.235674080,-0.010592227,1.5202307,-0.8147281,1.5623241
seq-04/frame-000628,1,0.00645426,0.241472,1978,1191,1006,1.14,102.22,84.28,12.81,200.46,0.970942483,0.010307792,-0.238872951,-0.010205724,1.5184816,-0.8188645,1.5611811
seq-04/frame-000629,1,0.01026372,0.341455,1819,1086,919,0.91,93.72,89.18,16.50,200.31,0.970003369,0.010154841,-0.242680105,-0.009834128,1.5203151,-0.8198483,1.5625362
seq-04/frame-000630,1,0.01009983,0.378686,1615,996,839,1.40,97.27,72.52,13.78,184.96,0.968864674,0.007970923,-0.247269422,-0.009774547,1.5216251,-0.8264614,1.5619750
seq-04/frame-000631,1,0.00676866,0.271268,1510,925,773,0.89,88.87,86.77,10.38,186.91,0.967709149,0.008305844,-0.251724752,-0.010230583,1.5203057,-0.8226778,1.5624396
seq-04/frame-000632,1,0.01030268,0.356238,2130,1199,994,0.90,112.06,99.93,7.91,220.80,0.966631681,0.007308506,-0.255834146,-0.010893481,1.5211324,-0.8235167,1.5587834
seq-04/frame-000633,1,0.00836226,0.285424,2196,1291,1070,0.91,122.88,114.41,6.84,245.04,0.965823986,0.009526983,-0.258736800,-0.012187404,1.5199096,-0.8168786,1.5628293
seq-04/frame-000634,1,0.01026594,0.359223,1750,1013,850,0.87,98.48,88.68,9.93,197.96,0.964635976,0.008725564,-0.263116851,-0.013069861,1.5221346,-0.8259795,1.5652652
seq-04/frame-000635,1,0.00848547,0.306030,1880,1090,909,0.94,105.08,89.27,10.36,205.65,0.963650906,0.007982929,-0.266670661,-0.014140826,1.5221737,-0.8254971,1.5571894
seq-04/frame-000636,1,0.00892643,0.320098,1782,1107,958,0.89,108.12,92.55,17.12,218.68,0.962591020,0.009462083,-0.270336389,-0.015723647,1.5208164,-0.8205462,1.5622512
seq-04/frame-000637,1,0.00896050,0.323270,1782,1107,958,1.04,119.58,72.31,11.05,203.99,0.962591020,0.009462083,-0.270336389,-0.015723647,1.5208164,-0.8205462,1.5622512
seq-04/frame-000638,1,0.00630907,0.219267,2055,1189,1011,1.29,118.24,84.13,10.07,213.73,0.961881667,0.010585952,-0.272749785,-0.016707842,1.5183640,-0.8212477,1.5602240
seq-04/frame-000639,1,0.00895502,0.306697,2102,1233,1039,1.23,114.65,86.88,9.28,212.05,0.961050321,0.009839692,-0.275570522,-0.018610436,1.5197147,-0.8243437,1.5588932
seq-04/frame-000640,1,0.00754588,0.256702,1393,896,765,0.88,89.34,62.73,6.18,159.13,0.959934159,0.009231224,-0.279331419,-0.020375317,1.5185258,-0.8268462,1.5611597
seq-04/frame-000641,1,0.00674944,0.210452,1805,1063,905,0.95,106.01,77.30,6.77,191.02,0.958587368,0.009148172,-0.283819782,-0.021746270,1.5185055,-0.8273226,1.5595202
seq-04/frame-000642,1,0.00746177,0.232786,2372,1355,1136,1.13,109.49,93.57,8.21,212.40,0.957978244,0.009518694,-0.285678307,-0.023978823,1.5168077,-0.8222253,1.5569629
seq-04/frame-000643,1,0.00669767,0.240765,1951,1191,1025,0.89,85.55,76.23,14.28,176.97,0.956901661,0.009491806,-0.289140390,-0.025435249,1.5143727,-0.8251965,1.5662169
seq-04/frame-000644,1,0.01128799,0.389279,1645,974,835,0.89,99.54,70.84,10.17,181.45,0.955780683,0.008075075,-0.292713548,-0.027145130,1.5144300,-0.8352568,1.5637648
seq-04/frame-000645,1,0.00745911,0.293824,1640,919,747,0.89,94.68,58.95,7.42,161.96,0.954449986,0.004937886,-0.296944515,-0.028719281,1.5104340,-0.8394743,1.5587284
seq-04/frame-000646,1,0.00833094,0.186181,1920,1113,926,1.23,101.10,90.79,9.56,202.68,0.952756354,0.005735912,-0.301938216,-0.032492206,1.5116399,-0.8293496,1.5575001
seq-04/frame-000647,1,0.00412583,0.139866,1785,1135,974,0.89,96.28,69.11,9.33,175.62,0.951054117,0.006119828,-0.306757691,-0.036855566,1.5083839,-0.8287022,1.5695126
seq-04/frame-000648,1,0.00665322,0.184923,1821,1041,875,0.94,101.81,75.71,10.37,188.84,0.949500497,0.005468851,-0.311291581,-0.038941629,1.5084944,-0.8336058,1.5668558
seq-04/frame-000649,1,0.00837887,0.103481,2123,1221,1042,0.93,120.07,92.67,9.64,223.32,0.948500840,0.007852458,-0.313691561,-0.043383189,1.5053940,-0.8197349,1.5588145
seq-04/frame-000650,1,0.00581516,0.050239,2501,1473,1265,0.99,107.06,91.38,11.21,210.64,0.947320707,0.009040162,-0.316593947,-0.047644795,1.5013784,-0.8196193,1.5685726
seq-04/frame-000651,1,0.00895505,0.129679,2562,1600,1344,1.02,100.75,136.31,15.57,253.64,0.947111619,0.009633503,-0.316893255,-0.049653222,1.4983579,-0.8212891,1.5616593
seq-04/frame-000652,1,0.00538151,0.155507,2679,1582,1347,0.99,104.19,142.39,9.06,256.62,0.945985663,0.010295601,-0.319939852,-0.051416121,1.4978440,-0.8235256,1.5742739
seq-04/frame-000653,1,0.00490823,0.130591,2122,1308,1122,0.96,103.68,98.65,11.00,214.29,0.945500708,0.009500140,-0.321168124,-0.052812836,1.4954437,-0.8317805,1.5680082
seq-04/frame-000654,1,0.00391398,0.158329,2099,1283,1102,0.90,102.32,97.45,12.87,213.55,0.944433423,0.006024177,-0.324269420,-0.053465519,1.4917810,-0.8347982,1.5671218
seq-04/frame-000655,1,0.00547445,0.151998,2546,1492,1267,1.00,96.69,122.21,7.52,227.42,0.943234372,0.007663552,-0.327463088,-0.054937381,1.4888109,-0.8268809,1.5744325
seq-04/frame-000656,1,0.00694220,0.117272,2610,1600,1375,1.05,103.15,134.92,12.82,251.95,0.942999727,0.010360037,-0.327555551,-0.057892525,1.4852135,-0.8243853,1.5719313
seq-04/frame-000657,1,0.00562177,0.146241,2643,1624,1399,1.05,96.65,129.83,12.56,240.10,0.942678363,0.009363391,-0.328253280,-0.059326343,1.4831800,-0.8295329,1.5742176
seq-04/frame-000658,1,0.00655885,0.146979,2799,1718,1479,1.07,96.49,124.31,16.03,237.91,0.942410234,0.009129877,-0.328972705,-0.059636860,1.4797831,-0.8318484,1.5780767
seq-04/frame-000659,1,0.00539287,0.112538,2714,1530,1301,1.04,101.37,132.63,7.82,242.86,0.941755552,0.010312290,-0.330768625,-0.059851929,1.4795991,-0.8324147,1.5878619
seq-04/frame-000660,1,0.00564375,0.135865,2585,1490,1263,1.00,94.82,111.13,9.17,216.13,0.941406316,0.011906638,-0.331298314,-0.062079040,1.4753454,-0.8355016,1.5889127
seq-04/frame-000661,1,0.00348952,0.111877,2570,1451,1241,1.02,112.59,119.09,7.11,239.81,0.940834447,0.014233026,-0.332551320,-0.063541976,1.4729029,-0.8362858,1.5958071
seq-04/frame-000662,1,0.00600647,0.136308,2465,1437,1223,1.03,100.86,108.69,8.26,218.85,0.941284277,0.018041151,-0.330877477,-0.064641487,1.4714503,-0.8325299,1.5919355
seq-04/frame-000663,1,0.00705992,0.181717,2613,1541,1317,1.07,107.14,125.68,7.38,241.26,0.941722755,0.017492910,-0.329269460,-0.066587337,1.4683224,-0.8412314,1.5917013
seq-04/frame-000664,1,0.00431503,0.190935,2544,1532,1306,0.98,93.65,140.28,8.36,243.28,0.940820981,0.015106809,-0.331793607,-0.067384479,1.4657322,-0.8521263,1.6027081
seq-04/frame-000665,1,0.00601285,0.174629,2514,1481,1260,1.03,104.37,98.52,8.78,212.71,0.940104327,0.016426788,-0.333619176,-0.068060718,1.4623702,-0.8502133,1.6057493
seq-04/frame-000666,1,0.00853786,0.130318,2343,1419,1216,0.97,101.84,97.03,8.87,208.71,0.940260281,0.021542677,-0.332082446,-0.071887174,1.4612844,-0.8398308,1.6021055
seq-04/frame-000667,1,0.00393707,0.071001,2229,1332,1161,0.94,97.35,99.12,9.54,206.95,0.940117557,0.022536374,-0.331758972,-0.074880402,1.4582200,-0.8448889,1.6177207
seq-04/frame-000668,1,0.00812401,0.172799,2056,1211,1024,0.92,108.17,83.91,7.66,200.66,0.940157010,0.022983701,-0.331755005,-0.074264143,1.4512049,-0.8563891,1.6213768
seq-04/frame-000669,1,0.00542353,0.155562,2398,1457,1262,0.96,84.60,108.92,15.19,209.68,0.939346819,0.023149247,-0.333998895,-0.074407022,1.4512112,-0.8629043,1.6234359
seq-04/frame-000670,1,0.00577454,0.152344,2411,1433,1223,0.98,81.16,99.69,8.11,189.95,0.938389596,0.024369715,-0.336354097,-0.075478502,1.4482474,-0.8638387,1.6316740
seq-04/frame-000671,1,0.00497398,0.060733,2437,1440,1236,0.99,94.93,90.06,10.88,196.87,0.937688764,0.026722868,-0.337794698,-0.076944214,1.4454257,-0.8635854,1.6370673
seq-04/frame-000672,1,0.00429393,0.095565,2228,1347,1155,0.97,100.47,115.01,9.13,225.58,0.936969775,0.026300765,-0.339594257,-0.077920798,1.4406865,-0.8718698,1.6420491
seq-04/frame-000673,1,0.00385490,0.061853,1862,1133,986,0.92,89.21,74.12,7.08,171.34,0.935662688,0.027623075,-0.342339337,-0.081093020,1.4353779,-0.8735147,1.6477568
seq-04/frame-000674,1,0.00627062,0.127787,1577,1001,856,0.87,77.88,82.15,11.00,171.92,0.933802759,0.028851938,-0.346725412,-0.083435376,1.4305302,-0.8834962,1.6558047
seq-04/frame-000675,1,0.00590923,0.052319,1756,1080,946,0.92,100.78,79.09,6.75,187.54,0.930603922,0.031896367,-0.354145862,-0.086831270,1.4204092,-0.8857662,1.6597608
seq-04/frame-000676,1,0.00557676,0.093433,1578,975,832,0.89,77.51,68.80,7.16,154.37,0.928927675,0.031689248,-0.358067340,-0.088752158,1.4148212,-0.8926880,1.6643100
seq-04/frame-000677,1,0.00357019,0.097065,1588,1011,872,0.89,82.94,68.02,6.24,158.10,0.927114068,0.031596596,-0.362646631,-0.089154822,1.4087835,-0.8954845,1.6727505
seq-04/frame-000678,1,0.00586539,0.104272,1495,917,777,0.84,83.13,58.22,6.45,148.65,0.925458850,0.033543858,-0.366501867,-0.089872731,1.4022268,-0.8987625,1.6791437
seq-04/frame-000679,1,0.00308480,0.077612,1353,855,733,1.53,85.11,57.84,6.38,150.86,0.923721152,0.034950468,-0.370482677,-0.090886106,1.3955374,-0.9058951,1.6803240
seq-04/frame-000680,1,0.00423250,0.144783,1450,945,800,0.89,71.50,54.48,8.39,135.26,0.921734324,0.034607946,-0.375559733,-0.090349389,1.3908222,-0.9099212,1.6851642
seq-04/frame-000681,1,0.00370281,0.106735,1742,1053,895,0.89,87.23,93.95,9.79,191.85,0.919976463,0.037221558,-0.379522909,-0.090665452,1.3860491,-0.9094142,1.6920778
seq-04/frame-000682,1,0.01091214,0.293178,989,436,311,2.16,78.40,43.78,7.32,131.66,0.915183270,0.033399612,-0.390529747,-0.093864612,1.3674075,-0.9196361,1.6793620
seq-04/frame-000683,1,0.00768212,0.077465,1374,808,649,0.90,84.96,58.47,9.07,153.41,0.909874434,0.034309659,-0.401932287,-0.096962867,1.3671436,-0.9172093,1.6931328
seq-04/frame-000684,1,0.00570821,0.054790,2109,1199,1002,0.95,87.31,93.16,6.77,188.19,0.907365440,0.039342741,-0.406189563,-0.100747936,1.3612576,-0.9124509,1.7069167
seq-04/frame-000685,1,0.00651498,0.093470,1994,1127,949,0.90,123.35,91.12,13.64,229.02,0.906728848,0.041674413,-0.406825049,-0.102953478,1.3539389,-0.9183060,1.7066813
seq-04/frame-000686,1,0.00791091,0.157459,1366,738,569,0.85,104.86,67.57,8.69,181.97,0.901987953,0.035355970,-0.417349822,-0.104818000,1.3494360,-0.9158106,1.6984297
seq-04/frame-000687,1,0.00360275,0.101482,2302,1350,1142,1.01,121.05,93.19,8.44,223.68,0.899652461,0.034252620,-0.421457016,-0.108748295,1.3356810,-0.9190463,1.7189716
seq-04/frame-000688,1,0.00686573,0.092512,2508,1409,1170,1.00,114.93,106.66,11.50,234.10,0.899240588,0.036326732,-0.421559572,-0.111059720,1.3294885,-0.9219877,1.7203526
seq-04/frame-000689,1,0.00661434,0.128585,1619,927,748,0.91,85.95,64.86,10.94,162.67,0.898442585,0.035198198,-0.423035487,-0.112263015,1.3237541,-0.9232833,1.7114094
seq-04/frame-000690,1,0.00611090,0.071837,2578,1412,1173,1.04,122.46,99.14,10.38,233.03,0.893851120,0.033679724,-0.431417241,-0.117367013,1.3134195,-0.9223183,1.7329203
seq-04/frame-000691,1,0.00497427,0.143679,2646,1476,1220,1.06,111.56,120.99,10.24,243.85,0.894127622,0.034860781,-0.429953007,-0.120253617,1.3070048,-0.9241162,1.7345276
seq-04/frame-000692,1,0.00553723,0.058150,2711,1565,1300,1.05,96.95,154.32,12.11,264.43,0.893914813,0.034146883,-0.430267447,-0.120914105,1.3010272,-0.9302747,1.7389811
seq-04/frame-000693,1,0.00468125,0.088424,2527,1395,1158,1.02,114.62,119.98,13.84,249.47,0.893285357,0.034217925,-0.431349561,-0.121687963,1.2970451,-0.9310328,1.7384024
seq-04/frame-000694,1,0.00408245,0.100779,2709,1535,1293,1.04,120.61,131.60,9.31,262.56,0.892564319,0.033700059,-0.432267755,-0.123845997,1.2901195,-0.9308782,1.7411680
seq-04/frame-000695,1,0.00651611,0.072725,2805,1552,1283,1.06,122.78,136.21,7.35,267.40,0.891471484,0.034596807,-0.433328340,-0.127703577,1.2805458,-0.9370877,1.7497124
seq-04/frame-000696,1,0.00430232,0.166640,2839,1570,1281,1.02,107.54,132.74,10.50,251.81,0.891447549,0.033674544,-0.433250748,-0.128378664,1.2766030,-0.9378150,1.7489969
seq-04/frame-000697,1,0.00614191,0.132316,2817,1513,1233,1.46,125.19,130.30,18.62,275.57,0.890535558,0.032622637,-0.434863691,-0.129521249,1.2736099,-0.9404794,1.7583762
seq-04/frame-000698,1,0.00579928,0.118865,2784,1500,1203,1.10,146.34,108.20,11.04,266.69,0.890245717,0.032777962,-0.435112740,-0.130633346,1.2688499,-0.9432384,1.7603926
seq-04/frame-000699,1,0.00519301,0.168888,2848,1510,1214,1.09,122.71,116.78,7.73,248.31,0.890217485,0.031807262,-0.435106320,-0.131086299,1.2642145,-0.9457587,1.7610936
seq-04/frame-000700,1,0.00532196,0.136945,2723,1604,1288,1.04,125.55,124.01,16.73,267.34,0.890193162,0.029264110,-0.434991382,-0.132220438,1.2584198,-0.9468352,1.7655682
seq-04/frame-000701,1,0.00616279,0.117379,2892,1605,1333,1.10,119.59,122.12,14.96,257.78,0.889687013,0.028658363,-0.435663543,-0.133540234,1.2547549,-0.9483393,1.7726330
seq-04/frame-000702,1,0.00589010,0.117550,2893,1614,1338,1.30,108.93,111.44,10.27,231.94,0.889936377,0.028769995,-0.434576234,-0.135384743,1.2505780,-0.9482995,1.7761494
seq-04/frame-000703,1,0.00628580,0.123794,2441,1365,1141,1.48,114.30,101.56,9.24,226.58,0.889388580,0.024903278,-0.435414137,-0.137048570,1.2451623,-0.9526126,1.7797061
seq-04/frame-000704,1,0.00471168,0.141419,2509,1489,1261,0.99,115.07,114.31,15.06,245.44,0.888583963,0.021651823,-0.436713983,-0.138674570,1.2377628,-0.9559471,1.7839716
seq-04/frame-000705,1,0.00476116,0.116659,2907,1578,1324,0.99,105.74,128.34,7.18,242.25,0.887504678,0.020633107,-0.438234439,-0.140926569,1.2333758,-0.9561632,1.7889109
seq-04/frame-000706,1,0.00510441,0.135055,2684,1428,1199,1.02,115.82,118.03,8.35,243.23,0.886511790,0.018843610,-0.439607761,-0.143132039,1.2293656,-0.9579658,1.7941888
seq-04/frame-000707,1,0.00565793,0.076405,2728,1672,1396,1.03,102.64,109.90,8.88,222.45,0.884923281,0.017959131,-0.442327296,-0.144688701,1.2247538,-0.9615579,1.8049233
seq-04/frame-000708,1,0.00529598,0.029971,2442,1474,1240,1.04,116.74,93.67,8.92,220.37,0.882362375,0.018266682,-0.445821501,-0.149486309,1.2176899,-0.9629189,1.8130018
seq-04/frame-000709,1,0.00792954,0.107393,2243,1350,1121,0.95,106.12,80.84,9.17,197.09,0.880620807,0.017616080,-0.449086589,-0.150059665,1.2108681,-0.9665397,1.8173420
seq-04/frame-000710,1,0.00566947,0.063497,2566,1544,1274,1.03,107.64,105.11,9.80,223.57,0.878419249,0.018622688,-0.452629251,-0.152182719,1.2086581,-0.9672911,1.8244189
seq-04/frame-000711,1,0.00685409,0.029757,2197,1224,1016,1.00,106.87,87.78,6.55,202.21,0.876551255,0.017725318,-0.455785862,-0.153632544,1.2052430,-0.9716032,1.8286018
seq-04/frame-000712,1,0.00629068,0.058911,2288,1336,1128,0.98,105.40,88.59,13.57,208.55,0.870690995,0.015474521,-0.465119556,-0.159127399,1.1958725,-0.9749564,1.8441401
seq-04/frame-000713,1,0.00683107,0.075995,2664,1605,1346,0.99,113.28,101.10,7.50,222.88,0.867669849,0.018832257,-0.468601004,-0.164946897,1.1936082,-0.9752552,1.8538817
seq-04/frame-000714,1,0.00557985,0.048901,2944,1651,1392,1.01,130.57,125.57,7.85,265.01,0.865652258,0.020411811,-0.470369506,-0.170241160,1.1863476,-0.9806814,1.8638170
seq-04/frame-000715,1,0.00817129,0.077110,2586,1475,1215,1.00,118.03,106.53,7.74,233.31,0.862561350,0.023375007,-0.474335685,-0.174491219,1.1803821,-0.9863790,1.8733431
seq-04/frame-000716,1,0.00797461,0.039104,2340,1344,1142,1.00,106.51,101.55,12.18,221.25,0.859858346,0.023423565,-0.477876577,-0.178126190,1.1781860,-0.9912895,1.8771695
seq-04/frame-000717,1,0.00570839,0.048933,2870,1679,1393,1.02,111.54,103.84,9.23,225.63,0.857313059,0.022625989,-0.481814872,-0.179879993,1.1720013,-0.9947042,1.8902773
seq-04/frame-000718,1,0.00669271,0.082276,2808,1647,1356,1.62,120.85,139.27,7.45,269.20,0.854923760,0.024045406,-0.485052378,-0.182349589,1.1696120,-0.9997234,1.9018998
seq-04/frame-000719,1,0.00694306,0.032624,3016,1736,1424,0.98,121.95,130.30,8.00,261.24,0.850547174,0.026781007,-0.490980907,-0.186520859,1.1612020,-1.0112511,1.9196930
seq-04/frame-000720,1,0.00523457,0.074073,3029,1679,1371,1.03,123.29,143.08,9.75,277.16,0.849095691,0.028975815,-0.493162666,-0.187049445,1.1589102,-1.0134858,1.9308834
seq-04/frame-000721,1,0.00568595,0.019506,2532,1339,1098,0.97,124.22,96.46,9.88,231.53,0.848279933,0.030423350,-0.494375612,-0.187318792,1.1545007,-1.0220405,1.9382799
seq-04/frame-000722,1,0.00581055,0.156093,2846,1594,1305,1.02,114.23,112.70,13.45,241.41,0.845513539,0.031684380,-0.499219136,-0.186770472,1.1541392,-1.0311112,1.9530888
seq-04/frame-000723,1,0.00334904,0.026226,2156,1027,803,0.96,97.31,96.02,6.38,200.68,0.844277470,0.034688277,-0.501546478,-0.185589352,1.1472524,-1.0355766,1.9686415
seq-04/frame-000724,1,0.00432758,0.105990,2730,1415,1122,0.97,115.80,180.82,11.68,309.27,0.844443921,0.038843920,-0.501031069,-0.185400868,1.1493749,-1.0379064,1.9706970
seq-04/frame-000725,1,0.00601784,0.255199,2963,1628,1288,1.07,116.16,197.13,14.53,328.89,0.844097861,0.038897779,-0.503333800,-0.180667791,1.1486565,-1.0507319,1.9835034
seq-04/frame-000726,1,0.00564125,0.190330,2679,1457,1181,1.03,119.52,135.46,14.15,270.17,0.843094927,0.042343695,-0.504105715,-0.182415416,1.1480542,-1.0517218,1.9961790
seq-04/frame-000727,1,0.00619188,0.259989,2575,1426,1134,0.96,122.19,163.45,13.61,300.22,0.843479588,0.043881078,-0.503198142,-0.182779284,1.1454499,-1.0588801,2.0017817
seq-04/frame-000728,1,0.00885549,0.315480,2925,1611,1276,1.04,136.91,166.93,15.39,320.28,0.844728046,0.046638303,-0.501753650,-0.180284972,1.1488945,-1.0655283,2.0091312
seq-04/frame-000729,1,0.00671734,0.314449,2390,1146,885,0.98,104.26,152.12,11.69,269.05,0.844870641,0.044873814,-0.502091304,-0.179120808,1.1388748,-1.0753824,2.0218581
seq-04/frame-000730,1,0.00735523,0.257103,2737,1372,1082,1.01,99.36,161.83,15.17,277.38,0.845344368,0.048013198,-0.502152973,-0.175869338,1.1421052,-1.0744246,2.0225839
seq-04/frame-000731,1,0.00655978,0.230480,2512,1232,955,0.98,95.67,154.43,7.04,258.12,0.846738113,0.051827433,-0.500643542,-0.172350018,1.1392152,-1.0806941,2.0370982
seq-04/frame-000732,1,0.00664697,0.259659,2809,1475,1141,1.00,145.57,133.04,14.00,293.61,0.847337065,0.053007780,-0.499861607,-0.171313885,1.1383417,-1.0839888,2.0435915
seq-04/frame-000733,1,0.00655244,0.307501,2066,984,735,0.92,99.82,117.74,11.01,229.49,0.847842960,0.055041114,-0.499332228,-0.169705970,1.1325201,-1.0877294,2.0558375
seq-04/frame-000734,1,0.00810950,0.310264,2451,1231,935,1.00,120.32,120.66,7.30,249.28,0.850847650,0.059140466,-0.495096363,-0.165651058,1.1317523,-1.0975289,2.0515055
seq-04/frame-000735,1,0.00604064,0.234132,2484,1210,906,1.00,128.98,110.00,8.22,248.21,0.851003320,0.059624068,-0.496204034,-0.161306777,1.1270990,-1.1012469,2.0580966
seq-04/frame-000736,1,0.00889622,0.213202,2183,1062,806,0.95,106.82,99.34,17.88,225.00,0.852004132,0.067273933,-0.493437097,-0.161502348,1.1230460,-1.1036608,2.0664782
seq-04/frame-000737,1,0.00950586,0.226183,2758,1414,1084,1.02,143.25,138.90,17.48,300.66,0.853053443,0.067831262,-0.492197141,-0.159501468,1.1202477,-1.1094350,2.0655467
seq-04/frame-000738,1,0.00707175,0.205193,2823,1365,1016,1.47,133.60,139.92,15.93,290.93,0.852988527,0.069619872,-0.491765487,-0.160406830,1.1145100,-1.1109597,2.0679414
seq-04/frame-000739,1,0.00531851,0.300801,1658,730,522,1.36,95.85,87.38,13.93,198.51,0.853193009,0.077150312,-0.490550139,-0.159593483,1.0996946,-1.1155331,2.0876223
seq-04/frame-000740,1,0.00921130,0.173427,2554,1290,986,3.04,126.49,101.91,16.54,247.98,0.854933584,0.080805917,-0.487479473,-0.157869360,1.1020187,-1.1158684,2.0771432
seq-04/frame-000741,1,0.00910200,0.295023,2893,1326,983,1.80,141.38,137.36,9.23,289.77,0.855443975,0.079745804,-0.486855656,-0.157568339,1.0976788,-1.1200356,2.0787900
seq-04/frame-000742,1,0.01017271,0.197976,2662,1280,982,1.40,129.45,122.71,9.86,263.42,0.855339928,0.082428926,-0.486621696,-0.157475094,1.0824144,-1.1259631,2.0877742
seq-04/frame-000743,1,0.00798824,0.245809,2703,1301,1005,1.06,128.79,112.56,13.34,255.76,0.855504553,0.082374504,-0.486308845,-0.157575724,1.0725990,-1.1301229,2.0901273
seq-04/frame-000744,1,0.00868072,0.201553,2450,1244,953,1.58,102.49,101.26,12.75,218.09,0.854686969,0.083263844,-0.487440074,-0.158049017,1.0632337,-1.1348876,2.0969024
seq-04/frame-000745,1,0.00594059,0.235265,2414,1247,969,0.96,114.84,128.18,7.20,251.19,0.853497476,0.085674565,-0.488741495,-0.159165568,1.0431408,-1.1412248,2.0989310
seq-04/frame-000746,1,0.00402749,0.183680,2062,1046,815,0.90,101.73,111.01,12.19,225.83,0.852361178,0.086130370,-0.491114275,-0.157698290,1.0302171,-1.1463774,2.1050787
seq-04/frame-000747,1,0.00566332,0.182336,2413,1242,992,0.97,105.48,125.94,8.17,240.56,0.850868700,0.089422813,-0.492645681,-0.159142230,1.0246634,-1.1471339,2.1028846
seq-04/frame-000748,1,0.00682974,0.380541,2551,1288,994,0.97,118.77,107.29,12.39,239.42,0.849489538,0.091100460,-0.494952171,-0.158400063,1.0042570,-1.1548832,2.1057318
seq-04/frame-000749,1,0.00492992,0.236185,2643,1289,1006,0.98,107.13,129.21,10.21,247.54,0.848736967,0.093653690,-0.495530880,-0.159134200,0.9941454,-1.1554467,2.1078610
seq-04/frame-000750,1,0.00555280,0.294645,2474,1281,1000,0.93,104.15,135.97,8.45,249.50,0.847397070,0.096447573,-0.496820476,-0.160578600,0.9741123,-1.1627508,2.1096186
seq-04/frame-000751,1,0.00652783,0.323937,2545,1322,1066,0.99,113.21,114.45,13.78,242.43,0.846881353,0.096585538,-0.497929406,-0.159779578,0.9644566,-1.1660721,2.1109017
seq-04/frame-000752,1,0.00605354,0.312068,1977,1035,812,0.95,120.27,98.93,10.31,230.47,0.846241373,0.095342829,-0.499482029,-0.159069124,0.9512605,-1.1713914,2.1116211
seq-04/frame-000753,1,0.00580905,0.276181,1789,975,758,0.92,124.81,91.11,7.94,224.78,0.842342660,0.095738498,-0.506065754,-0.158714951,0.9305519,-1.1737478,2.1140924
seq-04/frame-000754,1,0.00608630,0.246389,2039,1122,904,0.94,96.17,91.46,12.54,201.11,0.840135851,0.097949075,-0.509300565,-0.158715676,0.9199558,-1.1719721,2.1191001
seq-04/frame-000755,1,0.00760760,0.334962,1998,1103,869,0.94,81.22,101.36,18.09,201.62,0.838938213,0.097754784,-0.511031673,-0.159603594,0.9117088,-1.1746630,2.1168059
seq-04/frame-000756,1,0.00499347,0.225913,1766,950,761,0.94,76.74,96.21,14.18,188.07,0.834809543,0.099412465,-0.517348310,-0.159877814,0.8917129,-1.1739365,2.1162839
seq-04/frame-000757,1,0.00594484,0.226512,1626,883,681,0.92,87.56,99.65,11.62,199.76,0.832548220,0.099764453,-0.520648707,-0.160734065,0.8812267,-1.1730998,2.1169220
seq-04/frame-000758,1,0.00585216,0.253551,1753,952,763,1.19,109.26,85.07,9.59,205.11,0.830382307,0.099789584,-0.523845045,-0.161535234,0.8767505,-1.1705341,2.1150603
seq-04/frame-000759,1,0.00543055,0.176430,2240,1257,1009,0.98,133.03,112.64,10.22,256.87,0.826642766,0.100476241,-0.529517763,-0.161793701,0.8633763,-1.1673994,2.1188655
seq-04/frame-000760,1,0.00550930,0.293987,1984,1184,979,0.94,127.20,81.67,7.04,216.85,0.825507974,0.098532780,-0.531449655,-0.162447347,0.8552035,-1.1716235,2.1201923
seq-04/frame-000761,1,0.00484125,0.237855,2261,1302,1072,0.96,122.69,110.65,11.94,246.24,0.824141402,0.098985112,-0.533791688,-0.161429029,0.8504751,-1.1698895,2.1213507
seq-04/frame-000762,1,0.00354068,0.164154,2515,1430,1169,1.30,149.76,99.99,17.75,268.80,0.822951836,0.098402344,-0.535263860,-0.162971945,0.8421550,-1.1680210,2.1234144
seq-04/frame-000763,1,0.00446256,0.200662,2501,1405,1158,1.38,128.62,113.25,13.34,256.60,0.822291954,0.096885790,-0.536333060,-0.163694638,0.8358647,-1.1684218,2.1268940
seq-04/frame-000764,1,0.00569991,0.283126,2616,1462,1170,1.64,129.62,113.34,8.58,253.18,0.821954906,0.095100190,-0.537200490,-0.163590099,0.8308149,-1.1703346,2.1336472
seq-04/frame-000765,1,0.00601803,0.265507,2716,1483,1163,1.05,115.78,124.42,12.54,253.80,0.821957559,0.094189238,-0.536861070,-0.165210020,0.8233345,-1.1733546,2.1393975
seq-04/frame-000766,1,0.00697718,0.326760,2777,1494,1179,1.06,110.31,109.73,22.11,243.22,0.821850015,0.092615446,-0.537487823,-0.164595786,0.8178254,-1.1749012,2.1444460
seq-04/frame-000767,1,0.00529792,0.297472,2735,1516,1206,1.05,109.69,149.91,15.42,276.07,0.822105264,0.091231136,-0.537461023,-0.164181190,0.8123366,-1.1777505,2.1494750
seq-04/frame-000768,1,0.00413927,0.251538,2619,1430,1141,1.05,102.36,114.98,11.24,229.63,0.822096922,0.091250577,-0.536968797,-0.165814639,0.8041217,-1.1825878,2.1530295
seq-04/frame-000769,1,0.00581437,0.313319,2626,1449,1172,1.03,108.11,115.71,8.18,233.03,0.821447308,0.087870408,-0.539118290,-0.163873672,0.7995042,-1.1869518,2.1600739
seq-04/frame-000770,1,0.00412468,0.209003,2330,1271,1010,0.99,110.47,111.31,7.48,230.26,0.818713122,0.094053656,-0.541657545,-0.165740275,0.7885373,-1.1906621,2.1768653
seq-04/frame-000771,1,0.00605515,0.342900,2723,1404,1110,1.06,107.08,116.22,13.51,237.89,0.819276992,0.094513341,-0.540908370,-0.165138045,0.7909206,-1.1933842,2.1710881
seq-04/frame-000772,1,0.00598775,0.260941,2645,1397,1107,1.05,134.66,132.66,9.11,277.47,0.818722962,0.094707871,-0.541702812,-0.165170198,0.7863292,-1.1937649,2.1803076
seq-04/frame-000773,1,0.00546619,0.260946,2462,1341,1073,0.96,154.08,107.23,12.51,274.78,0.817217049,0.092733496,-0.542493390,-0.171048867,0.7808977,-1.1981254,2.1813488
seq-04/frame-000774,1,0.00592794,0.293782,2516,1352,1050,1.01,123.77,107.67,10.49,242.95,0.816275495,0.092664525,-0.543603263,-0.172055500,0.7732272,-1.1975611,2.1950004
seq-04/frame-000775,1,0.00532072,0.289336,2687,1353,1048,1.00,108.65,141.00,7.80,258.46,0.816894474,0.094356777,-0.541406049,-0.175099135,0.7707957,-1.2025764,2.1957441
seq-04/frame-000776,1,0.00395572,0.221684,2691,1399,1127,1.64,118.02,120.90,10.66,251.21,0.816495475,0.091596618,-0.542452205,-0.175187912,0.7660982,-1.2038718,2.2012400
seq-04/frame-000777,1,0.00560437,0.275298,2745,1418,1123,1.04,125.99,137.64,13.54,278.21,0.815366953,0.091754433,-0.543792555,-0.176203047,0.7625607,-1.2053277,2.2112372
seq-04/frame-000778,1,0.00702949,0.413711,2729,1440,1120,1.02,130.21,122.44,13.62,267.30,0.816698979,0.087594032,-0.542459125,-0.176261627,0.7562278,-1.2109571,2.2193420
seq-04/frame-000779,1,0.00728402,0.368120,2742,1452,1145,1.01,129.23,131.86,7.11,269.21,0.816615895,0.088307857,-0.542913223,-0.174886921,0.7561008,-1.2095401,2.2259420
seq-04/frame-000780,1,0.00690289,0.327747,2688,1422,1082,1.32,133.14,126.60,12.46,273.54,0.817167501,0.087114155,-0.541834809,-0.176248230,0.7544575,-1.2112842,2.2281026
seq-04/frame-000781,1,0.00552947,0.289284,2705,1372,1054,1.02,120.19,133.67,18.21,273.09,0.817249761,0.084059035,-0.542086593,-0.176575856,0.7481520,-1.2126598,2.2341832
seq-04/frame-000782,1,0.00535393,0.231732,2822,1420,1107,1.05,118.09,125.95,11.70,256.80,0.816577415,0.083179698,-0.542645985,-0.178375443,0.7451273,-1.2126461,2.2390684
seq-04/frame-000783,1,0.00481567,0.205976,2835,1366,1050,1.39,132.28,139.68,7.27,280.63,0.816300701,0.084277444,-0.543221336,-0.177372654,0.7356003,-1.2117683,2.2479406
seq-04/frame-000784,1,0.00540571,0.209437,2644,1384,1064,1.03,112.90,139.69,9.27,262.90,0.816599547,0.082679172,-0.543187775,-0.176851279,0.7346008,-1.2143490,2.2450518
seq-04/frame-000785,1,0.00540763,0.243235,2683,1411,1110,1.52,122.99,129.96,9.39,263.86,0.815893209,0.080428907,-0.544847828,-0.176040642,0.7294317,-1.2164097,2.2474311
seq-04/frame-000786,1,0.00565103,0.234283,2726,1353,1043,1.07,127.79,122.80,11.43,263.09,0.815045379,0.082284356,-0.545551638,-0.176928587,0.7198080,-1.2127969,2.2548838
seq-04/frame-000787,1,0.00437879,0.217793,2832,1398,1079,1.11,125.56,134.73,11.43,272.83,0.815634676,0.082523418,-0.544572860,-0.177116799,0.7147614,-1.2138329,2.2531035
seq-04/frame-000788,1,0.00434250,0.233480,2777,1450,1109,3.51,152.23,121.88,9.00,286.62,0.815217765,0.081340964,-0.545297374,-0.177353931,0.7047312,-1.2167488,2.2520938
seq-04/frame-000789,1,0.00448865,0.221342,2746,1377,1047,1.03,127.51,110.49,11.85,250.90,0.814857196,0.084020447,-0.545451258,-0.177288575,0.6996943,-1.2135510,2.2568649
seq-04/frame-000790,1,0.00459819,0.226451,2724,1439,1121,1.67,127.93,120.34,12.10,262.05,0.816335326,0.081992750,-0.543648621,-0.176974581,0.6891931,-1.2171972,2.2503997
seq-04/frame-000791,1,0.00545430,0.247999,2872,1405,1051,1.08,130.17,126.46,13.83,271.55,0.815956961,0.082587559,-0.544347068,-0.176294648,0.6866366,-1.2151503,2.2506531
seq-04/frame-000792,1,0.00658215,0.320811,2895,1442,1083,1.65,112.35,126.22,22.17,262.39,0.816172524,0.082989255,-0.543611839,-0.177373515,0.6807651,-1.2150705,2.2520042
seq-04/frame-000793,1,0.00455942,0.252913,2806,1387,1080,1.07,125.38,156.73,12.37,295.55,0.818319387,0.080841950,-0.541731053,-0.174199390,0.6693767,-1.2130322,2.2495041
seq-04/frame-000794,1,0.00500024,0.270227,2830,1448,1109,1.06,114.27,134.71,16.52,266.58,0.818958662,0.078742930,-0.541243055,-0.173672726,0.6655997,-1.2133768,2.2473868
seq-04/frame-000795,1,0.00590276,0.310813,2758,1425,1122,1.01,107.51,136.19,19.84,264.56,0.819321000,0.076972601,-0.540648562,-0.174606560,0.6606599,-1.2118203,2.2480846
seq-04/frame-000796,1,0.00616041,0.301498,2787,1438,1119,1.02,119.11,174.21,18.80,313.14,0.820875590,0.077974332,-0.538267065,-0.174217784,0.6458061,-1.2099197,2.2557554
seq-04/frame-000797,1,0.00504122,0.219532,2841,1416,1095,1.06,130.27,159.67,9.39,300.39,0.822104735,0.079445398,-0.535775103,-0.175434524,0.6421862,-1.2071341,2.2514892
seq-04/frame-000798,1,0.00695976,0.361249,2646,1433,1129,1.00,113.07,160.22,11.67,285.96,0.824691287,0.072640666,-0.533118928,-0.174332507,0.6327544,-1.2063976,2.2470348
seq-04/frame-000799,1,0.00574504,0.280429,2600,1409,1106,0.98,133.88,142.81,9.00,286.67,0.825195712,0.072431688,-0.531806559,-0.176032583,0.6264194,-1.2020588,2.2505636
seq-04/frame-000800,1,0.00687823,0.337936,2330,1250,1002,1.72,127.86,128.73,7.91,266.22,0.826724254,0.070162435,-0.529018779,-0.178166697,0.6226559,-1.2005314,2.2469670
seq-04/frame-000801,1,0.00650814,0.335835,2252,1227,992,1.23,155.13,107.87,9.08,273.30,0.828877189,0.064562886,-0.525897465,-0.179516280,0.6090884,-1.1952096,2.2513756
seq-04/frame-000802,1,0.00799619,0.420140,2043,1131,910,1.64,128.90,97.99,12.60,241.14,0.830085413,0.062723135,-0.522848861,-0.183447770,0.6036006,-1.1930020,2.2510240
seq-04/frame-000803,1,0.00635541,0.336512,2545,1437,1165,1.19,144.77,112.06,9.61,267.64,0.832013752,0.058885478,-0.520043314,-0.183958065,0.5963262,-1.1916970,2.2525847
seq-04/frame-000804,1,0.00762119,0.421779,1840,1008,784,2.24,109.45,82.38,10.94,205.01,0.834435201,0.054105765,-0.515181119,-0.188092731,0.5877142,-1.1860531,2.2517258
seq-04/frame-000805,1,0.00697590,0.361596,2381,1324,1065,1.71,120.06,114.07,10.61,246.45,0.835687894,0.049090099,-0.512913496,-0.190093800,0.5804793,-1.1870559,2.2518604
seq-04/frame-000806,1,0.00778656,0.383230,2172,1239,986,0.94,111.48,84.81,9.66,206.89,0.836491800,0.046393923,-0.511548807,-0.190910687,0.5763057,-1.1835820,2.2530942
seq-04/frame-000807,1,0.00842395,0.378485,2234,1309,1085,1.72,109.11,102.85,9.66,223.34,0.838265338,0.042629352,-0.507207898,-0.195535443,0.5678477,-1.1772034,2.2589370
seq-04/frame-000808,1,0.00549410,0.280784,2586,1503,1244,0.95,116.69,115.88,10.24,243.77,0.839862331,0.040197955,-0.504193564,-0.196987918,0.5617293,-1.1750408,2.2610824
seq-04/frame-000809,1,0.00716319,0.337886,2868,1633,1340,0.95,112.36,132.23,7.77,253.31,0.840977344,0.038430022,-0.502468799,-0.196990726,0.5577993,-1.1737880,2.2645029
seq-04/frame-000810,1,0.00593862,0.303167,2450,1430,1210,0.94,113.85,108.30,11.99,235.09,0.844690833,0.036238372,-0.495355732,-0.199516606,0.5501531,-1.1686192,2.2684091
seq-04/frame-000811,1,0.00783147,0.362570,2545,1503,1223,0.93,124.21,110.97,8.83,244.95,0.846758167,0.033411322,-0.492006690,-0.199533725,0.5477659,-1.1687197,2.2651431
seq-04/frame-000812,1,0.00689288,0.342384,2728,1513,1192,0.93,120.82,137.67,10.44,269.86,0.847462795,0.029635833,-0.490471535,-0.200913421,0.5438629,-1.1685542,2.2658562
seq-04/frame-000813,1,0.00639675,0.325297,2966,1701,1410,2.46,129.36,132.10,18.35,282.27,0.847890174,0.028518121,-0.489513762,-0.201606664,0.5410045,-1.1642173,2.2700170
seq-04/frame-000814,1,0.00571821,0.293434,2537,1522,1264,0.97,110.18,157.43,19.22,287.80,0.851091818,0.027315284,-0.483340143,-0.203172089,0.5351708,-1.1587205,2.2766081
seq-04/frame-000815,1,0.00638731,0.282853,2774,1594,1325,0.94,127.34,167.08,16.48,311.83,0.853008662,0.026302041,-0.479639345,-0.204035596,0.5331171,-1.1577317,2.2730218
seq-04/frame-000816,1,0.00548922,0.237011,2694,1588,1322,0.94,131.54,148.97,12.67,294.13,0.854210442,0.024475320,-0.477317644,-0.204678643,0.5309011,-1.1556082,2.2742279
seq-04/frame-000817,1,0.00526554,0.285015,2129,1188,959,1.32,103.65,127.50,11.50,243.97,0.858104358,0.024766066,-0.470848992,-0.203334158,0.5250794,-1.1498109,2.2862701
seq-04/frame-000818,1,0.00606321,0.313786,2760,1534,1222,0.96,151.83,135.14,11.87,299.80,0.860769290,0.020249632,-0.467054902,-0.201310460,0.5248195,-1.1553543,2.2785272
seq-04/frame-000819,1,0.00833279,0.378235,2263,1255,1006,0.98,141.83,102.70,16.22,261.73,0.861690856,0.014811972,-0.465912980,-0.200485833,0.5239780,-1.1539187,2.2747078
seq-04/frame-000820,1,0.00612830,0.293592,2754,1606,1303,0.92,155.08,126.13,7.43,289.57,0.861446794,0.013799716,-0.465799174,-0.201866585,0.5212707,-1.1477620,2.2818737
seq-04/frame-000821,1,0.00550494,0.239089,3097,1900,1557,0.96,170.37,116.73,11.22,299.29,0.864454678,0.011459585,-0.460193303,-0.202012157,0.5173182,-1.1441870,2.2846675
seq-04/frame-000822,1,0.00689480,0.333101,2298,1307,1060,0.92,141.42,92.88,10.05,245.28,0.865023060,0.008444554,-0.458889559,-0.202692299,0.5171511,-1.1432480,2.2811041
seq-04/frame-000823,1,0.00411523,0.182854,2904,1708,1412,1.00,141.55,133.17,17.52,293.24,0.864983034,0.005497448,-0.459008743,-0.202694606,0.5140278,-1.1383843,2.2853426
seq-04/frame-000824,1,0.00462240,0.260202,2457,1482,1224,0.96,107.15,115.07,15.05,238.24,0.866963257,0.006353489,-0.454461567,-0.204448107,0.5108838,-1.1324293,2.2921728
seq-04/frame-000825,1,0.00473698,0.210222,3006,1782,1462,0.99,122.18,122.96,12.27,258.41,0.868885323,0.002943637,-0.451341787,-0.203273760,0.5105938,-1.1342553,2.2873877
seq-04/frame-000826,1,0.00718165,0.326352,2578,1555,1270,0.94,122.61,129.07,9.53,262.16,0.869372503,-0.000580547,-0.450738671,-0.202548180,0.5108223,-1.1324842,2.2864547
seq-04/frame-000827,1,0.00522366,0.213368,3008,1820,1498,0.96,123.35,115.86,14.10,254.27,0.869663006,-0.001989481,-0.449761967,-0.203461226,0.5089981,-1.1275998,2.2900532
seq-04/frame-000828,1,0.00443051,0.180069,3000,1858,1574,1.60,120.42,118.37,9.66,250.05,0.871438240,-0.004947064,-0.446022265,-0.204046708,0.5063908,-1.1229130,2.2939099
seq-04/frame-000829,1,0.00696270,0.310390,2536,1640,1369,0.93,117.73,116.22,9.07,243.96,0.872091956,-0.007391944,-0.444710061,-0.204043967,0.5067202,-1.1215867,2.2936244
seq-04/frame-000830,1,0.00546560,0.247463,2728,1742,1435,0.91,120.97,104.87,9.18,235.93,0.872682082,-0.008737806,-0.442763675,-0.205693857,0.5047350,-1.1176833,2.2954060
seq-04/frame-000831,1,0.00496233,0.197530,2895,1848,1534,0.93,117.65,124.28,16.31,259.17,0.873753811,-0.011010072,-0.440366832,-0.206179799,0.5033876,-1.1161550,2.2967197
seq-04/frame-000832,1,0.00477251,0.220380,3207,1928,1563,1.04,117.90,143.62,18.71,281.27,0.874968098,-0.014123243,-0.438210020,-0.205434515,0.4996807,-1.1111894,2.3046812
seq-04/frame-000833,1,0.00557138,0.228293,2962,1878,1586,0.96,130.67,119.35,14.65,265.63,0.876268543,-0.015268198,-0.435923763,-0.204672410,0.4998665,-1.1105814,2.3026825
seq-04/frame-000834,1,0.00477106,0.208794,2972,1768,1457,0.94,128.45,108.73,9.35,247.47,0.877150352,-0.016969658,-0.433668648,-0.205549981,0.4993669,-1.1084061,2.3027343
seq-04/frame-000835,1,0.00463096,0.176807,3443,1997,1588,1.07,166.76,128.18,13.75,309.77,0.877819535,-0.019177924,-0.432721162,-0.204493194,0.4967811,-1.1069537,2.3059070
seq-04/frame-000836,1,0.00518794,0.266979,2716,1716,1400,0.95,132.05,106.87,14.64,254.51,0.879776415,-0.019479608,-0.427896752,-0.206199839,0.4958386,-1.1011560,2.3086808
seq-04/frame-000837,1,0.00461401,0.181845,3428,2041,1623,1.07,138.87,125.03,11.95,276.92,0.881295405,-0.022374725,-0.425282697,-0.204822871,0.4933022,-1.1014139,2.3094862
seq-04/frame-000838,1,0.00500754,0.165334,3545,2136,1732,1.66,142.77,177.66,14.99,337.08,0.881680314,-0.023050679,-0.423951923,-0.205847654,0.4932033,-1.0998673,2.3073134
seq-04/frame-000839,1,0.00471014,0.199016,2815,1756,1464,1.01,134.93,119.86,21.79,277.59,0.881858206,-0.021277589,-0.422914571,-0.207404518,0.4912009,-1.0940825,2.3141297
seq-04/frame-000840,1,0.00494643,0.206438,2814,1729,1421,0.98,129.24,118.30,12.55,261.07,0.885603895,-0.018485332,-0.414188206,-0.209313554,0.4897690,-1.0929588,2.3128673
seq-04/frame-000841,1,0.00512215,0.154548,3489,2081,1690,1.05,134.26,179.27,18.55,333.14,0.886968646,-0.019934181,-0.411115668,-0.209459199,0.4886797,-1.0931992,2.3120644
seq-04/frame-000842,1,0.00504998,0.186685,3511,2028,1637,1.03,133.15,145.81,13.37,293.36,0.887337081,-0.021615463,-0.409948272,-0.210019264,0.4869948,-1.0926941,2.3115051
seq-04/frame-000843,1,0.00528184,0.195877,2995,1819,1473,0.95,143.58,142.19,16.92,303.64,0.887470934,-0.021603380,-0.408466122,-0.212330081,0.4874430,-1.0888270,2.3117435
seq-04/frame-000844,1,0.00437592,0.192782,3269,1744,1377,1.08,134.50,158.34,21.65,315.57,0.889307244,-0.028225825,-0.405523886,-0.209490587,0.4801318,-1.0907779,2.3186643
seq-04/frame-000845,1,0.00876748,0.273392,2253,1327,1065,0.92,98.67,113.92,7.52,221.03,0.889044363,-0.031425929,-0.405909955,-0.209403056,0.4848622,-1.0900328,2.3098878
seq-04/frame-000846,1,0.00447584,0.158283,2858,1599,1249,0.99,119.56,147.83,14.03,282.41,0.888485382,-0.034164651,-0.406293193,-0.210599961,0.4797627,-1.0819670,2.3162029
seq-04/frame-000847,1,0.00482616,0.126479,3266,1786,1444,0.98,147.29,192.37,8.07,348.71,0.888727908,-0.035271955,-0.405091122,-0.211706818,0.4775605,-1.0788442,2.3185542
seq-04/frame-000848,1,0.00455513,0.156010,2977,1728,1385,0.94,108.85,175.97,14.95,300.71,0.889040521,-0.036812655,-0.403447888,-0.213264113,0.4773404,-1.0766293,2.3195819
seq-04/frame-000849,1,0.00665856,0.264699,2363,1386,1094,1.17,109.16,142.64,17.54,270.51,0.888774531,-0.045079823,-0.402682422,-0.214230040,0.4749136,-1.0734486,2.3219442
seq-04/frame-000850,1,0.00475621,0.193966,2701,1468,1153,0.94,99.54,152.68,15.52,268.68,0.888421739,-0.047127917,-0.401869069,-0.216764907,0.4729848,-1.0675617,2.3236074
seq-04/frame-000851,1,0.00392769,0.176261,2864,1582,1283,0.94,148.55,152.22,15.43,317.14,0.888533873,-0.050163786,-0.400626942,-0.217920177,0.4711936,-1.0647099,2.3264794
seq-04/frame-000852,1,0.00390214,0.140220,3222,1777,1416,0.98,162.55,204.89,12.67,381.09,0.888710223,-0.054399348,-0.399631321,-0.218012974,0.4683607,-1.0641551,2.3293297
seq-04/frame-000853,1,0.00362217,0.138595,2795,1507,1184,0.95,146.20,142.51,11.39,301.05,0.888613281,-0.056624143,-0.398890412,-0.219195307,0.4683356,-1.0599594,2.3292483
seq-04/frame-000854,1,0.00262811,0.090116,3414,1860,1483,0.99,179.02,172.80,13.69,366.50,0.889069627,-0.062078900,-0.396330159,-0.220508082,0.4641431,-1.0532275,2.3362126
seq-04/frame-000855,1,0.00459515,0.167707,3106,1609,1267,0.99,176.91,174.96,10.00,362.86,0.888864724,-0.064627227,-0.396169373,-0.220890586,0.4657259,-1.0509730,2.3367444
seq-04/frame-000856,1,0.00283325,0.165379,3408,1817,1434,1.00,181.85,184.34,12.37,379.56,0.888394399,-0.067169598,-0.396225374,-0.221921359,0.4628532,-1.0474360,2.3409444
seq-04/frame-000857,1,0.00258860,0.100315,3292,1741,1350,0.99,165.78,173.51,14.73,355.02,0.888399068,-0.068172259,-0.395034428,-0.223712850,0.4629625,-1.0431571,2.3414739
seq-04/frame-000858,1,0.00258582,0.047129,3625,1867,1446,1.09,183.64,181.55,12.46,378.73,0.888610714,-0.069092573,-0.394208429,-0.224046713,0.4609457,-1.0392696,2.3466242
seq-04/frame-000859,1,0.00183175,0.125428,2973,1644,1307,0.97,162.68,163.18,12.63,339.46,0.888548145,-0.070787268,-0.392931037,-0.226001231,0.4619474,-1.0394298,2.3444958
seq-04/frame-000860,1,0.00189822,0.050080,3447,1818,1430,1.47,144.20,176.00,17.36,339.03,0.888354476,-0.074683309,-0.392345323,-0.226525665,0.4605429,-1.0313800,2.3502314
seq-04/frame-000861,1,0.00325711,0.107778,3592,1814,1379,1.10,169.08,183.07,11.03,364.28,0.888369190,-0.073375687,-0.392269042,-0.227026846,0.4608977,-1.0266552,2.3559155
seq-04/frame-000862,1,0.00354252,0.194278,2790,1609,1291,1.05,149.74,111.40,8.59,270.79,0.888623914,-0.073708990,-0.389888286,-0.230003583,0.4637005,-1.0280544,2.3514159
seq-04/frame-000863,1,0.00346315,0.155933,3274,1643,1211,1.07,153.63,168.59,16.54,339.84,0.888624636,-0.077345125,-0.389224834,-0.229930462,0.4615688,-1.0260971,2.3552966
seq-04/frame-000864,1,0.00340063,0.102764,3722,1875,1430,1.23,169.70,196.19,20.23,387.37,0.888077255,-0.078953475,-0.390352017,-0.229587544,0.4603083,-1.0241093,2.3575199
seq-04/frame-000865,1,0.00268898,0.138290,3279,1734,1340,1.87,153.33,167.77,16.93,339.91,0.887488174,-0.077291972,-0.389895834,-0.233177895,0.4627089,-1.0190634,2.3569697
seq-04/frame-000866,1,0.00371259,0.125076,3547,1708,1269,1.16,172.45,167.80,17.39,358.81,0.887859703,-0.077088654,-0.388762645,-0.233722256,0.4611885,-1.0154937,2.3609093
seq-04/frame-000867,1,0.00358678,0.196608,3680,1910,1463,1.05,161.32,205.08,16.40,383.86,0.887427531,-0.077234395,-0.389047470,-0.234838863,0.4621913,-1.0166833,2.3605537
seq-04/frame-000868,1,0.00435846,0.173730,3567,1779,1337,1.08,147.64,184.44,15.31,348.47,0.887137257,-0.076559252,-0.388232297,-0.237490738,0.4634967,-1.0086891,2.3641465
seq-04/frame-000869,1,0.00383231,0.151948,3687,1841,1433,1.04,167.37,219.38,13.39,401.18,0.887453336,-0.077008860,-0.386071931,-0.239676188,0.4638239,-1.0108452,2.3611008
seq-04/frame-000870,1,0.00450678,0.175506,3621,1776,1330,1.08,142.29,205.01,30.90,379.28,0.887175267,-0.078056462,-0.386580717,-0.239546622,0.4632341,-1.0090343,2.3644992
seq-04/frame-000871,1,0.00409788,0.181689,3588,1727,1247,1.16,172.71,196.07,9.87,379.81,0.887047512,-0.077695098,-0.387420368,-0.238779485,0.4622898,-1.0075451,2.3660486
seq-04/frame-000872,1,0.00398534,0.164712,3602,1733,1292,1.11,259.44,130.60,14.29,405.45,0.886469138,-0.077139159,-0.387961789,-0.240224203,0.4636504,-1.0076921,2.3648572
seq-04/frame-000873,1,0.00571677,0.254323,3409,1819,1390,1.06,152.47,144.00,14.00,311.55,0.885602802,-0.077400444,-0.389444894,-0.240934686,0.4634840,-1.0071100,2.3662796
seq-04/frame-000874,1,0.00629792,0.265930,2987,1646,1302,1.75,177.84,142.60,9.69,331.89,0.884651108,-0.078090358,-0.391989685,-0.240079987,0.4625125,-1.0077630,2.3659516
seq-04/frame-000875,1,0.00537333,0.227125,2751,1497,1165,1.09,156.00,146.57,10.30,313.95,0.880940555,-0.077691593,-0.399656562,-0.241210254,0.4624314,-1.0080628,2.3615677
seq-04/frame-000876,1,0.00535170,0.201139,2897,1455,1109,1.06,151.15,129.74,9.92,291.87,0.878975931,-0.075953688,-0.403660864,-0.242260722,0.4617188,-1.0069378,2.3622761
seq-04/frame-000877,1,0.00504084,0.205248,3302,1777,1367,1.04,140.69,148.18,8.89,298.80,0.877563485,-0.074093894,-0.406379001,-0.243410214,0.4632975,-1.0066955,2.3597600
seq-04/frame-000878,1,0.00522692,0.199263,3220,1695,1280,2.32,145.65,152.68,12.24,312.90,0.876316439,-0.071455538,-0.409154627,-0.244041177,0.4632150,-1.0060789,2.3594269
seq-04/frame-000879,1,0.00515945,0.244127,3459,1778,1414,0.97,131.83,180.98,17.04,330.82,0.875173975,-0.068718107,-0.411837147,-0.244414606,0.4647422,-1.0071383,2.3577793
seq-04/frame-000880,1,0.00538779,0.202295,3400,1665,1308,1.84,141.07,172.15,8.16,323.23,0.874746938,-0.067932052,-0.413388576,-0.243542431,0.4655260,-1.0096971,2.3521348
seq-04/frame-000881,1,0.00503869,0.182467,3290,1721,1352,0.98,132.44,146.75,12.17,292.35,0.873919087,-0.067312032,-0.415867847,-0.242463304,0.4658930,-1.0105961,2.3516269
seq-04/frame-000882,1,0.00494767,0.202080,2945,1581,1269,0.94,149.74,139.36,15.82,305.85,0.872122547,-0.063114799,-0.421466481,-0.240384672,0.4664635,-1.0132356,2.3487834
seq-04/frame-000883,1,0.00402779,0.164277,3580,1870,1460,1.14,136.63,186.05,14.87,338.70,0.871617333,-0.059771363,-0.423468671,-0.239551444,0.4690998,-1.0151192,2.3446909
seq-04/frame-000884,1,0.00355647,0.125826,2306,1261,969,0.90,120.27,121.49,17.53,260.21,0.870950898,-0.061279175,-0.426339076,-0.236483379,0.4666377,-1.0241605,2.3461554
seq-04/frame-000885,1,0.00547255,0.152679,3403,1733,1391,1.01,140.41,186.54,16.35,344.32,0.870653720,-0.055366666,-0.428692420,-0.234775300,0.4709646,-1.0211308,2.3369419
seq-04/frame-000886,1,0.00396375,0.188207,2404,1414,1075,0.93,121.60,125.44,15.76,263.73,0.869352665,-0.054555756,-0.431996317,-0.233728037,0.4711248,-1.0257981,2.3407203
seq-04/frame-000887,1,0.00451399,0.132138,2428,1303,1014,1.68,117.39,121.09,12.30,252.46,0.869549657,-0.049451860,-0.433714689,-0.230931755,0.4704599,-1.0280621,2.3366373
seq-04/frame-000888,1,0.00451674,0.170390,1856,1095,873,1.27,111.86,111.54,15.42,240.09,0.867398670,-0.049512471,-0.440366019,-0.226375423,0.4714258,-1.0402429,2.3287453
seq-04/frame-000889,1,0.00668974,0.139606,1904,1087,846,0.90,103.91,109.09,16.49,230.39,0.865235769,-0.046600284,-0.446175691,-0.223881062,0.4712933,-1.0427994,2.3261873
seq-04/frame-000890,1,0.00609206,0.163198,2765,1487,1166,1.05,126.40,163.30,12.55,303.30,0.862946063,-0.042904540,-0.450551986,-0.224691344,0.4782307,-1.0406938,2.3158851
seq-04/frame-000891,1,0.00573960,0.113133,3432,1873,1487,1.16,158.55,171.87,15.34,346.93,0.860564743,-0.040883708,-0.453868413,-0.227508920,0.4780387,-1.0379933,2.3177909
seq-04/frame-000892,1,0.00623322,0.047191,3332,1883,1523,0.99,164.15,162.80,15.56,343.50,0.858058586,-0.035314316,-0.459056307,-0.227498723,0.4776897,-1.0453712,2.3120507
seq-04/frame-000893,1,0.00662259,0.117775,3348,1961,1572,0.98,183.95,192.35,16.88,394.16,0.856597695,-0.034251082,-0.462117019,-0.226969411,0.4801124,-1.0467419,2.3107444
seq-04/frame-000894,1,0.00629526,0.057349,3288,1814,1478,1.42,167.38,202.59,16.87,388.27,0.855261158,-0.031761649,-0.464852030,-0.226786551,0.4775439,-1.0478211,2.3096115
seq-04/frame-000895,1,0.00552436,0.072939,3056,1774,1426,1.72,170.47,183.89,10.74,366.82,0.854247744,-0.028834837,-0.467163814,-0.226246140,0.4786238,-1.0497529,2.3085958
seq-04/frame-000896,1,0.00570040,0.132289,3095,1919,1608,1.58,171.97,177.70,18.69,369.95,0.852486629,-0.024286048,-0.472293333,-0.222745917,0.4814843,-1.0566786,2.3018929
seq-04/frame-000897,1,0.00568324,0.127024,3209,1909,1552,1.76,180.30,181.69,15.99,379.74,0.850977779,-0.022069489,-0.475201823,-0.222560072,0.4819455,-1.0563881,2.3013216
seq-04/frame-000898,1,0.00590763,0.141991,3099,1759,1404,1.26,176.37,180.22,20.10,377.95,0.850123817,-0.018396983,-0.477357220,-0.221542616,0.4810183,-1.0567002,2.3020199
seq-04/frame-000899,1,0.00517672,0.161339,2979,1870,1500,1.75,153.30,202.76,11.98,369.80,0.849306671,-0.017136345,-0.479293755,-0.220594696,0.4816075,-1.0623483,2.2969542
seq-04/frame-000900,1,0.00438447,0.161315,2382,1443,1173,1.30,163.45,134.93,13.35,313.03,0.846130846,-0.014493094,-0.485561112,-0.219278244,0.4796746,-1.0672464,2.2936414
seq-04/frame-000901,1,0.00528079,0.097748,2895,1758,1439,1.28,152.64,166.31,15.12,335.34,0.845162716,-0.008022224,-0.487636784,-0.218737274,0.4829116,-1.0660455,2.2884478
seq-04/frame-000902,1,0.00603941,0.140867,3519,2259,1868,2.09,181.68,195.58,21.53,400.89,0.844087165,-0.006964433,-0.489689592,-0.218340235,0.4868545,-1.0688947,2.2816536
seq-04/frame-000903,1,0.00550339,0.135435,2798,1806,1525,1.92,160.64,166.36,10.70,339.62,0.841165726,-0.003592268,-0.495657002,-0.216220844,0.4852710,-1.0735821,2.2758127
seq-04/frame-000904,1,0.00626231,0.185900,3211,2024,1671,0.99,176.86,197.99,9.99,385.84,0.839423138,-0.002209539,-0.498620250,-0.216198427,0.4877742,-1.0744129,2.2734554
seq-04/frame-000905,1,0.00469277,0.181814,2488,1523,1238,3.48,158.78,149.99,16.84,329.09,0.837814975,-0.000626003,-0.501730118,-0.215250003,0.4835158,-1.0775002,2.2744623
seq-04/frame-000906,1,0.00599119,0.199313,2751,1728,1395,2.17,159.15,165.03,12.58,338.94,0.836639712,0.001146807,-0.504244471,-0.213939688,0.4891730,-1.0804757,2.2651572
seq-04/frame-000907,1,0.00642625,0.275329,2411,1507,1251,1.62,160.06,154.40,8.13,324.21,0.831986617,0.002750128,-0.512201538,-0.213167283,0.4858700,-1.0833159,2.2675775
seq-04/frame-000908,1,0.00646908,0.158756,3099,2004,1675,1.30,180.07,173.88,23.67,378.92,0.830961727,0.007669160,-0.513809159,-0.213175843,0.4910816,-1.0812260,2.2584097
seq-04/frame-000909,1,0.00627650,0.214579,2815,1722,1394,1.06,168.09,165.13,26.33,360.62,0.829192408,0.007755706,-0.516808559,-0.212811450,0.4906805,-1.0852689,2.2572212
seq-04/frame-000910,1,0.00611155,0.199671,2473,1500,1250,1.13,159.22,142.55,14.29,317.19,0.827436434,0.009300085,-0.519619514,-0.212739318,0.4915856,-1.0870095,2.2499338
seq-04/frame-000911,1,0.00493190,0.149585,2482,1516,1246,1.25,137.14,154.45,28.81,321.65,0.822070271,0.009704911,-0.528127672,-0.212573391,0.4912238,-1.0880348,2.2470743
seq-04/frame-000912,1,0.00571452,0.183025,2639,1650,1412,1.76,153.39,178.85,10.44,344.46,0.819542137,0.013541590,-0.531351229,-0.214086855,0.4921347,-1.0877614,2.2435438
seq-04/frame-000913,1,0.00540153,0.177899,2759,1700,1398,0.96,152.87,171.83,11.99,337.66,0.817340330,0.015628844,-0.534353068,-0.214889094,0.4934531,-1.0884608,2.2406376
seq-04/frame-000914,1,0.00569801,0.192349,2636,1600,1325,1.29,150.55,164.14,11.18,327.17,0.815584489,0.017129309,-0.537378048,-0.213900354,0.4924289,-1.0908146,2.2392662
seq-04/frame-000915,1,0.00412425,0.184565,2444,1447,1190,1.16,146.08,149.43,10.40,307.07,0.811701570,0.021038004,-0.542909814,-0.214352275,0.4979109,-1.0909688,2.2278496
seq-04/frame-000916,1,0.00473620,0.167527,2399,1569,1293,0.98,178.41,144.00,14.36,337.75,0.809015843,0.021613691,-0.546741820,-0.214708166,0.4952790,-1.0928561,2.2302849
seq-04/frame-000917,1,0.00592719,0.118667,3137,1949,1604,1.02,178.76,167.23,8.69,355.71,0.807363798,0.025410469,-0.549180779,-0.214285969,0.4978594,-1.0917042,2.2280472
seq-04/frame-000918,1,0.00614410,0.140007,2658,1612,1343,1.69,149.39,154.33,14.60,320.02,0.805097347,0.027504516,-0.553230247,-0.212127455,0.5010811,-1.0971302,2.2189858
seq-04/frame-000919,1,0.00440514,0.176082,2472,1494,1246,1.02,135.99,147.94,14.68,299.63,0.802878344,0.028303608,-0.556739578,-0.211249409,0.5020190,-1.0971017,2.2165277
seq-04/frame-000920,1,0.00559517,0.141890,3203,1942,1603,1.38,187.17,162.22,13.62,364.39,0.800720004,0.028736642,-0.559910833,-0.211001281,0.5037579,-1.0968909,2.2167085
seq-04/frame-000921,1,0.00705653,0.109929,3378,2147,1761,6.69,171.74,149.54,10.54,338.52,0.797976466,0.033768282,-0.563634815,-0.210734569,0.5064805,-1.0990943,2.2133941
seq-04/frame-000922,1,0.00536804,0.097319,3317,1952,1582,1.39,146.02,140.40,14.72,302.53,0.796834594,0.035232037,-0.565498550,-0.209820695,0.5062320,-1.0994835,2.2127862
seq-04/frame-000923,1,0.00666510,0.188923,3227,1974,1603,1.07,135.10,152.19,14.26,302.63,0.795568527,0.036624369,-0.566925577,-0.210534473,0.5089463,-1.1020084,2.2077758
seq-04/frame-000924,1,0.00562343,0.144877,3252,1941,1609,1.05,141.82,154.33,9.03,306.23,0.793959796,0.037357966,-0.568666081,-0.211780814,0.5083916,-1.1026701,2.2057488
seq-04/frame-000925,1,0.00611305,0.093702,3240,1925,1613,1.06,149.86,153.35,11.24,315.51,0.791437728,0.039740236,-0.572617204,-0.210134657,0.5102040,-1.1038558,2.2029246
seq-04/frame-000926,1,0.00579378,0.119079,3297,2069,1717,1.08,125.48,155.50,19.18,301.25,0.790101384,0.041047839,-0.574038740,-0.211031758,0.5116894,-1.1042486,2.1997665
seq-04/frame-000927,1,0.00487692,0.137004,3189,1952,1578,1.00,147.68,140.12,11.12,299.91,0.788596935,0.041911554,-0.576350219,-0.210187344,0.5085951,-1.1057914,2.2040671
seq-04/frame-000928,1,0.00682390,0.120270,3497,2116,1735,1.16,134.62,144.44,13.98,294.20,0.787829558,0.046700903,-0.577034288,-0.210178600,0.5150310,-1.1056274,2.1933959
seq-04/frame-000929,1,0.00406570,0.116194,2666,1587,1288,0.98,119.81,121.19,14.81,256.80,0.786939152,0.045547895,-0.578945823,-0.208503944,0.5096960,-1.1094291,2.1924091
seq-04/frame-000930,1,0.00528369,0.113369,3028,1896,1561,1.09,119.62,152.15,9.08,281.95,0.784932029,0.047701299,-0.581522436,-0.208417733,0.5150502,-1.1080342,2.1876789
seq-04/frame-000931,1,0.00705248,0.100913,3347,2092,1691,1.31,113.92,145.56,9.14,269.93,0.782003768,0.050468817,-0.584884817,-0.209362741,0.5164263,-1.1087615,2.1835590
seq-04/frame-000932,1,0.00668028,0.123375,3163,1916,1586,2.67,139.17,181.90,14.12,337.86,0.780745519,0.050878302,-0.586025189,-0.210766008,0.5174513,-1.1085438,2.1790039
seq-04/frame-000933,1,0.00624877,0.091910,3082,1828,1505,1.41,136.51,187.92,10.61,336.44,0.779140228,0.051152825,-0.588185262,-0.210622865,0.5139941,-1.1097972,2.1787114
seq-04/frame-000934,1,0.00456656,0.107638,2562,1511,1216,1.03,124.53,152.83,8.20,286.59,0.775048044,0.053337585,-0.592963299,-0.211778557,0.5187201,-1.1072718,2.1676285
seq-04/frame-000935,1,0.00494740,0.103486,2950,1785,1514,1.05,153.28,194.94,19.99,369.25,0.772856644,0.051805883,-0.595749249,-0.212347805,0.5170435,-1.1083089,2.1687204
seq-04/frame-000936,1,0.00486612,0.103521,2763,1639,1320,1.02,130.19,150.62,16.34,298.17,0.769334506,0.054173938,-0.599641587,-0.213587384,0.5196060,-1.1082804,2.1597315
seq-04/frame-000937,1,0.00281228,0.090922,2547,1476,1167,1.01,122.53,147.27,15.15,285.96,0.767293392,0.053304740,-0.601646931,-0.215500407,0.5183805,-1.1054096,2.1558631
seq-04/frame-000938,1,0.00460948,0.072264,2943,1795,1466,1.04,145.93,231.21,10.75,388.94,0.762179317,0.052886219,-0.607698079,-0.216768958,0.5194093,-1.1056111,2.1513767
seq-04/frame-000939,1,0.00405101,0.081134,2771,1733,1437,1.06,157.02,180.91,27.86,366.86,0.759807134,0.052466225,-0.609987085,-0.218760531,0.5166364,-1.1069299,2.1515369
seq-04/frame-000940,1,0.00460646,0.091776,2357,1386,1100,2.25,131.31,133.59,52.85,320.01,0.757481931,0.053630422,-0.611901034,-0.221183243,0.5176429,-1.1065141,2.1434904
seq-04/frame-000941,1,0.00566047,0.047796,2983,1744,1428,1.06,161.88,218.32,12.15,393.42,0.751018174,0.054015975,-0.619275756,-0.222601695,0.5182592,-1.1045890,2.1429776
seq-04/frame-000942,1,0.00406908,0.099677,3100,1751,1395,1.01,201.47,145.05,16.41,363.95,0.749605818,0.054980976,-0.619813723,-0.225608418,0.5196632,-1.1041174,2.1355291
seq-04/frame-000943,1,0.00557126,0.072149,2579,1500,1212,1.07,136.69,129.63,17.00,284.38,0.744624130,0.050234844,-0.625427664,-0.227709469,0.5176719,-1.1038465,2.1325792
seq-04/frame-000944,1,0.00535844,0.115683,2695,1528,1236,1.87,197.65,149.47,8.81,357.80,0.741855012,0.051226157,-0.627769136,-0.230071585,0.5187405,-1.1015532,2.1294837
seq-04/frame-000945,1,0.00466959,0.054203,3188,1803,1455,1.07,215.13,164.30,14.13,394.64,0.737604350,0.049110206,-0.631451097,-0.234088708,0.5184324,-1.0996151,2.1254350
seq-04/frame-000946,1,0.00515165,0.069360,2597,1409,1118,1.28,186.78,122.60,13.76,324.43,0.735342685,0.049930892,-0.633020963,-0.236775215,0.5200331,-1.0959559,2.1211507
seq-04/frame-000947,1,0.00776100,0.329756,1708,774,562,2.14,140.36,82.64,14.75,239.90,0.732982308,0.047682899,-0.634843230,-0.239660909,0.5272088,-1.0870880,2.1150088
seq-04/frame-000948,1,0.00510671,0.124132,2776,1561,1261,1.05,159.69,141.50,17.14,319.37,0.726936233,0.038989217,-0.638872965,-0.248766736,0.5175417,-1.0942402,2.1174632
seq-04/frame-000949,1,0.00558376,0.108303,2595,1328,1048,0.97,149.03,135.24,9.82,295.07,0.724475362,0.037578688,-0.640896079,-0.250949216,0.5188994,-1.0904194,2.1143445
seq-04/frame-000950,1,0.00483129,0.078419,3238,1913,1572,1.33,158.05,149.74,8.93,318.05,0.719927783,0.035624658,-0.643685643,-0.257106328,0.5168398,-1.0898989,2.1148663
seq-04/frame-000951,1,0.00593669,0.130460,2863,1735,1414,1.21,139.72,134.68,16.52,292.13,0.718588468,0.034041171,-0.644527748,-0.258951337,0.5167140,-1.0895510,2.1117690
seq-04/frame-000952,1,0.00941523,0.208991,1903,1048,845,0.92,107.39,89.95,19.16,217.42,0.713419115,0.030072518,-0.647823041,-0.265431945,0.5217279,-1.0837824,2.1085320
seq-04/frame-000953,1,0.00590402,0.151115,2670,1485,1183,0.94,125.11,110.27,11.18,247.51,0.710491779,0.026396346,-0.649904151,-0.268568912,0.5165402,-1.0835993,2.1088276
seq-04/frame-000954,1,0.00708215,0.160066,2404,1378,1061,2.64,127.45,99.58,8.00,237.67,0.707999698,0.025456874,-0.651055859,-0.272423645,0.5178045,-1.0811363,2.1078163
seq-04/frame-000955,1,0.00735405,0.195358,2198,1280,1035,1.30,111.96,90.06,15.29,218.61,0.704014483,0.020327307,-0.652395703,-0.279875426,0.5162126,-1.0788745,2.1058687
seq-04/frame-000956,1,0.00788544,0.213063,1934,1160,935,0.90,101.68,76.45,9.35,188.38,0.700214204,0.012947405,-0.653554857,-0.287051357,0.5133256,-1.0759269,2.1034048
seq-04/frame-000957,1,0.00705336,0.172593,2442,1426,1128,1.17,132.77,101.34,17.68,252.96,0.698295338,0.008974840,-0.654324531,-0.290107705,0.5113962,-1.0769752,2.1039489
seq-04/frame-000958,1,0.00528071,0.095810,2909,1691,1346,0.96,122.87,124.09,12.85,260.78,0.696684173,0.005871358,-0.654746055,-0.293094344,0.5084793,-1.0762296,2.1031862
seq-04/frame-000959,1,0.00473618,0.090403,2770,1612,1311,0.96,123.17,124.07,11.80,260.01,0.693090698,-0.000359978,-0.657258107,-0.296035364,0.5063549,-1.0743472,2.1007824
seq-04/frame-000960,1,0.00489881,0.084937,3335,1866,1514,1.07,136.03,153.32,19.68,310.10,0.690734719,-0.002152921,-0.658701754,-0.298316798,0.5032458,-1.0758219,2.1025783
seq-04/frame-000961,1,0.00486906,0.089144,3316,1902,1521,1.08,141.26,172.67,32.33,347.34,0.689194122,-0.002589209,-0.659498650,-0.300110461,0.5019638,-1.0759686,2.0987423
seq-04/frame-000962,1,0.00421334,0.068469,3046,1771,1412,1.02,124.70,124.92,10.28,260.92,0.687622744,-0.002827156,-0.660778419,-0.300896743,0.5045892,-1.0727858,2.0981869
seq-04/frame-000963,1,0.00273178,0.031823,3407,1887,1499,1.08,158.50,128.10,13.33,301.00,0.684341384,-0.004100634,-0.662807148,-0.303886063,0.5025354,-1.0733754,2.0940600
seq-04/frame-000964,1,0.00355752,0.056108,3633,1922,1519,1.15,146.54,185.13,12.42,345.24,0.683401259,-0.005524095,-0.663827751,-0.303751412,0.5015409,-1.0745715,2.0940378
seq-04/frame-000965,1,0.00615323,0.122609,2880,1683,1331,0.96,148.08,115.31,20.86,285.21,0.680640565,-0.005131457,-0.665475940,-0.306339457,0.5085127,-1.0722662,2.0918413
seq-04/frame-000966,1,0.00329903,0.079344,3248,1780,1396,0.98,138.56,153.26,15.17,307.97,0.679901217,-0.009313569,-0.665597470,-0.307615995,0.5069322,-1.0716095,2.0918443
seq-04/frame-000967,1,0.00553981,0.129382,2443,1438,1150,1.05,115.22,96.22,19.06,231.55,0.678106238,-0.012654407,-0.665918210,-0.310748668,0.5083917,-1.0674235,2.0881852
seq-04/frame-000968,1,0.00136283,0.064160,3252,1786,1401,1.46,140.32,146.26,9.88,297.93,0.676351187,-0.016638540,-0.666474695,-0.313183192,0.5019509,-1.0686443,2.0856711
seq-04/frame-000969,1,0.00315130,0.039914,3767,1911,1447,1.07,148.58,189.66,15.10,354.41,0.674579403,-0.017927469,-0.666802588,-0.316220720,0.4988197,-1.0692366,2.0866035
seq-04/frame-000970,1,0.00226479,0.042475,2824,1564,1213,1.05,112.89,139.85,7.33,261.13,0.674580991,-0.019057102,-0.666741172,-0.316280767,0.4967072,-1.0660764,2.0786525
seq-04/frame-000971,1,0.00148740,0.053391,3518,1871,1445,1.26,126.41,150.26,10.16,288.10,0.670767439,-0.023189283,-0.670026172,-0.317172238,0.4975189,-1.0660664,2.0804340
seq-04/frame-000972,1,0.00137325,0.078839,3798,1961,1515,1.56,166.12,156.39,10.68,334.75,0.670324372,-0.024391256,-0.670329360,-0.317378090,0.4925038,-1.0657804,2.0780701
seq-04/frame-000973,1,0.00170771,0.083228,3171,1734,1333,1.29,147.12,126.81,11.53,286.75,0.668916651,-0.024541226,-0.672223138,-0.316329408,0.4954035,-1.0629229,2.0740501
seq-04/frame-000974,1,0.00064741,0.074354,3569,1977,1525,1.03,146.41,154.61,9.90,311.95,0.667226642,-0.025434236,-0.673549460,-0.317006043,0.4923178,-1.0648040,2.0712175
seq-04/frame-000975,1,0.00216919,0.070375,3216,1738,1366,1.91,144.11,120.80,15.21,282.03,0.664995273,-0.024209893,-0.676463628,-0.315582205,0.4955529,-1.0648132,2.0689379
seq-04/frame-000976,1,0.00225805,0.109334,3384,1792,1383,1.10,142.93,148.38,13.23,305.64,0.663069374,-0.023986907,-0.677669992,-0.317059956,0.4945982,-1.0667943,2.0659577
seq-04/frame-000977,1,0.00137054,0.062617,3352,1789,1428,1.08,135.15,143.88,11.13,291.24,0.661690707,-0.025312381,-0.680100558,-0.314623463,0.4962745,-1.0624495,2.0636263
seq-04/frame-000978,1,0.00142048,0.077841,3233,1745,1357,1.08,116.03,134.36,9.41,260.88,0.659918438,-0.025933617,-0.681251856,-0.315802172,0.4944521,-1.0641127,2.0624134
seq-04/frame-000979,1,0.00066096,0.072366,3535,1846,1378,1.14,122.08,144.46,13.37,281.06,0.658326837,-0.027170215,-0.682284598,-0.316789021,0.4931960,-1.0641338,2.0604242
seq-04/frame-000980,1,0.00051239,0.070630,3429,1869,1431,1.09,122.30,156.87,11.92,292.17,0.657828312,-0.027203913,-0.682569994,-0.317206655,0.4940369,-1.0617836,2.0591084
seq-04/frame-000981,1,0.00478417,0.124450,2288,1362,1100,0.96,94.84,90.85,7.33,193.98,0.656604176,-0.028871990,-0.683072177,-0.318511798,0.4996870,-1.0626094,2.0585260
seq-04/frame-000982,1,0.00024081,0.095934,3475,1847,1466,1.02,124.59,140.00,7.83,273.45,0.654512271,-0.035762218,-0.683351548,-0.321504920,0.4915514,-1.0582240,2.0557349
seq-04/frame-000983,1,0.00255520,0.087246,3527,1942,1536,1.65,132.61,146.24,14.86,295.36,0.653442180,-0.036728507,-0.683007086,-0.324292543,0.4905787,-1.0594981,2.0554596
seq-04/frame-000984,1,0.00245877,0.080501,3713,1961,1558,0.99,150.15,131.25,9.88,292.27,0.653367310,-0.040749424,-0.681113213,-0.327925958,0.4860682,-1.0566050,2.0530283
seq-04/frame-000985,1,0.00624132,0.126874,2402,1337,1022,0.90,103.90,94.77,9.01,208.58,0.653248199,-0.041888247,-0.680394519,-0.329507911,0.4897778,-1.0533561,2.0548528
seq-04/frame-000986,1,0.00348477,0.117325,2447,1352,1072,0.90,114.99,99.59,11.24,226.72,0.653179640,-0.044853150,-0.678532641,-0.333073578,0.4865683,-1.0504191,2.0520075
seq-04/frame-000987,1,0.00059317,0.076052,3451,1834,1401,1.05,122.30,134.83,12.20,270.38,0.652271115,-0.048244224,-0.677016685,-0.337436358,0.4777441,-1.0458192,2.0514020
seq-04/frame-000988,1,0.00100270,0.108670,3811,1967,1534,1.05,121.73,154.77,12.42,289.97,0.652450305,-0.048265754,-0.675890144,-0.339339843,0.4780766,-1.0452699,2.0501855
seq-04/frame-000989,1,0.00163211,0.077585,3638,1932,1503,1.01,133.75,147.88,7.76,290.40,0.653492040,-0.051451078,-0.674427308,-0.339777495,0.4802911,-1.0406049,2.0492256
seq-04/frame-000990,1,0.00136821,0.130572,3408,1785,1374,1.01,137.38,136.79,15.44,290.62,0.652873849,-0.052281722,-0.674354118,-0.340982231,0.4811736,-1.0362638,2.0481879
seq-04/frame-000991,1,0.00118297,0.083483,3370,1660,1234,1.13,143.63,112.94,9.05,266.75,0.651383563,-0.052464253,-0.674695035,-0.343123252,0.4790222,-1.0372335,2.0492488
seq-04/frame-000992,1,0.00210497,0.111359,3169,1718,1348,0.94,118.25,132.88,8.26,260.33,0.652083854,-0.052211578,-0.673608541,-0.343965307,0.4906012,-1.0323070,2.0462814
seq-04/frame-000993,1,0.00112403,0.154091,3120,1641,1302,1.02,119.54,131.40,14.51,266.48,0.650447061,-0.053543699,-0.674122513,-0.345847554,0.4899841,-1.0307644,2.0444809
seq-04/frame-000994,1,0.00227179,0.084484,3273,1619,1207,1.09,137.16,123.53,8.18,269.97,0.648771070,-0.053455049,-0.674687835,-0.347900822,0.4908552,-1.0341003,2.0466939
seq-04/frame-000995,1,0.00290127,0.104605,2943,1629,1276,0.92,118.87,105.26,7.70,232.75,0.649030163,-0.051244440,-0.674397966,-0.348311986,0.5039692,-1.0281742,2.0426668
seq-04/frame-000996,1,0.00187486,0.138917,3187,1590,1215,1.06,113.59,119.88,9.58,244.12,0.647835830,-0.052536056,-0.674924230,-0.349322178,0.5028192,-1.0240032,2.0410657
seq-04/frame-000997,1,0.00067192,0.126777,3472,1713,1294,1.09,138.75,140.37,10.60,290.81,0.646546339,-0.052308072,-0.675500392,-0.350629315,0.5030632,-1.0272983,2.0406516
seq-04/frame-000998,1,0.00119926,0.113661,3111,1694,1308,0.98,111.16,126.46,10.59,249.20,0.645895597,-0.051121158,-0.676466248,-0.350141288,0.5150491,-1.0217578,2.0387575
seq-04/frame-000999,1,0.00116666,0.103316,2955,1617,1267,1.00,118.23,117.39,7.24,243.87,0.645242109,-0.053351762,-0.677331703,-0.349339341,0.5189545,-1.0191848,2.0382589
seq-06/frame-000000,1,0.00816860,0.055798,3693,2114,1721,1.06,141.97,152.76,21.02,316.81,0.998052067,-0.054534872,0.030164942,0.002845333,-1.0599186,-0.0092486,-0.1607290
seq-06/frame-000001,1,0.00960334,0.080544,3638,1936,1509,1.02,146.52,133.76,9.09,290.40,0.998023422,-0.054001443,0.031983664,0.003184172,-1.0560448,-0.0145392,-0.1590149
seq-06/frame-000002,1,0.00754817,0.049933,3500,2040,1600,1.04,130.03,135.68,10.51,277.26,0.998015746,-0.052325735,0.034715939,0.004625200,-1.0542491,-0.0137809,-0.1573899
seq-06/frame-000003,1,0.00752026,0.084989,3579,1879,1490,1.11,136.82,136.06,8.23,282.22,0.998003781,-0.050552337,0.037460688,0.005441702,-1.0571603,-0.0123071,-0.1555327
seq-06/frame-000004,1,0.00867452,0.086248,3623,1869,1478,1.12,142.87,143.21,9.67,296.87,0.997995925,-0.049550903,0.038951669,0.005622219,-1.0581723,-0.0139854,-0.1554085
seq-06/frame-000005,1,0.00758434,0.080077,3535,1817,1460,1.15,137.62,165.33,9.81,313.93,0.997998163,-0.048841435,0.039799727,0.005492092,-1.0570405,-0.0148859,-0.1526180
seq-06/frame-000006,1,0.00733008,0.081157,3435,1798,1449,1.11,118.44,116.91,8.57,245.03,0.997992441,-0.048416627,0.040357424,0.006180307,-1.0546919,-0.0180761,-0.1488471
seq-06/frame-000007,1,0.00656344,0.087037,3601,1841,1459,1.09,126.45,154.24,12.65,294.44,0.997990826,-0.047482626,0.041426988,0.006596673,-1.0531789,-0.0219608,-0.1457220
seq-06/frame-000008,1,0.00871438,0.131338,3604,1833,1473,1.08,143.55,160.43,13.99,319.04,0.998025283,-0.046474478,0.041806791,0.006152280,-1.0490450,-0.0254138,-0.1435235
seq-06/frame-000009,1,0.00950299,0.069395,3566,1801,1425,1.13,106.85,157.49,16.55,282.03,0.998002110,-0.045715170,0.043285955,0.005313940,-1.0524105,-0.0310363,-0.1428092
seq-06/frame-000010,1,0.01058145,0.094520,3580,1870,1492,1.09,124.25,132.53,13.12,270.99,0.998051079,-0.044471134,0.043519758,0.004732168,-1.0487869,-0.0337422,-0.1401821
seq-06/frame-000011,1,0.00866103,0.053362,3719,2063,1693,0.99,142.54,150.09,12.01,305.63,0.998124613,-0.043245794,0.043118332,0.004226946,-1.0373619,-0.0386796,-0.1338631
seq-06/frame-000012,1,0.00713982,0.039173,3755,2123,1731,0.98,153.46,151.71,12.09,318.25,0.998068385,-0.042194405,0.045544151,0.002205036,-1.0341910,-0.0398003,-0.1297475
seq-06/frame-000013,1,0.00874048,0.071725,3707,1967,1593,1.03,138.78,180.66,13.29,333.75,0.997910831,-0.042546953,0.048597026,0.001434952,-1.0338092,-0.0470128,-0.1290311
seq-06/frame-000014,1,0.00817358,0.054841,3776,1898,1503,1.13,130.01,137.95,10.14,279.24,0.997776020,-0.042065180,0.051655327,0.002293893,-1.0367847,-0.0480921,-0.1266867
seq-06/frame-000015,1,0.01124377,0.006444,3729,1847,1478,1.19,109.84,147.30,9.31,267.65,0.997672570,-0.043195532,0.052668842,0.003095544,-1.0378179,-0.0545174,-0.1252123
seq-06/frame-000016,1,0.00986218,0.066936,3698,1876,1506,1.18,129.74,150.65,13.03,294.61,0.997648994,-0.044096480,0.052340216,0.003533791,-1.0342776,-0.0587031,-0.1175837
seq-06/frame-000017,1,0.01003510,0.018927,3732,1855,1471,1.18,126.32,149.81,15.05,292.36,0.997612278,-0.045027735,0.052227832,0.003807769,-1.0323724,-0.0641924,-0.1130955
seq-06/frame-000018,1,0.01091461,0.025401,3749,1933,1565,1.16,120.22,157.13,9.57,288.08,0.997587375,-0.046493037,0.051445584,0.003343554,-1.0276045,-0.0687761,-0.1079438
seq-06/frame-000019,1,0.01021644,0.073510,3583,1873,1513,1.17,127.03,128.58,10.90,267.69,0.997536721,-0.047777328,0.051206670,0.003961629,-1.0247463,-0.0729052,-0.0982335
seq-06/frame-000020,1,0.00912908,0.079456,3578,1858,1506,1.10,122.45,143.31,10.36,277.21,0.997519318,-0.048578054,0.050602103,0.005899993,-1.0170815,-0.0819030,-0.0859467
seq-06/frame-000021,1,0.00815534,0.031120,3453,1938,1592,0.97,126.80,140.95,13.21,281.93,0.997564783,-0.047818427,0.050304444,0.006882152,-1.0045355,-0.0872945,-0.0765451
seq-06/frame-000022,1,0.00615903,0.071612,2496,1366,1111,0.94,105.35,97.81,9.28,213.38,0.997498050,-0.047212866,0.052237888,0.006307819,-0.9921241,-0.0902870,-0.0648916
seq-06/frame-000023,1,0.00524163,0.098425,1968,1089,871,1.22,87.85,82.34,22.56,193.99,0.997338154,-0.046840066,0.055490208,0.006591770,-0.9814796,-0.0975275,-0.0552830
seq-06/frame-000024,1,0.00686424,0.180439,1772,983,830,0.88,93.08,71.26,6.41,171.63,0.997131275,-0.045663749,0.060015649,0.006493390,-0.9722492,-0.1042582,-0.0461516
seq-06/frame-000025,1,0.00439150,0.083059,1900,1102,926,0.90,76.44,84.88,8.34,170.56,0.996756445,-0.044888962,0.066445971,0.006819275,-0.9735213,-0.1105352,-0.0435514
seq-06/frame-000026,1,0.01059920,0.044146,2429,1437,1166,0.90,106.65,107.33,12.01,226.90,0.996367955,-0.045084787,0.071669815,0.009038630,-0.9716872,-0.1221389,-0.0374462
seq-06/frame-000027,1,0.00942065,0.097440,3057,1693,1411,1.00,117.57,123.09,10.20,251.86,0.996155863,-0.043833483,0.075127023,0.010394834,-0.9702848,-0.1277648,-0.0337331
seq-06/frame-000028,1,0.00969057,0.089558,3357,1876,1559,1.07,128.45,130.47,8.34,268.34,0.996096632,-0.043164884,0.076133925,0.011485592,-0.9692589,-0.1339195,-0.0290573
seq-06/frame-000029,1,0.00952714,0.055324,3475,1946,1637,1.07,131.06,133.06,12.91,278.10,0.996166425,-0.043006024,0.075161222,0.012398607,-0.9618940,-0.1376034,-0.0222058
seq-06/frame-000030,1,0.01049988,0.037144,3097,1814,1516,0.94,121.88,123.78,11.56,258.16,0.996136722,-0.043756072,0.074993254,0.013154776,-0.9500637,-0.1385217,-0.0144695
seq-06/frame-000031,1,0.00919436,0.033783,2710,1492,1256,0.93,130.57,108.35,8.57,248.42,0.995865238,-0.046369511,0.076803999,0.014263277,-0.9387687,-0.1429900,-0.0050504
seq-06/frame-000032,1,0.01006851,0.053921,2956,1844,1567,0.92,125.19,116.98,8.87,251.96,0.995507649,-0.049850520,0.078884037,0.016023570,-0.9291200,-0.1507650,0.0041977
seq-06/frame-000033,1,0.00958644,0.026435,2897,1751,1475,0.92,115.04,115.66,11.98,243.61,0.995186807,-0.052920352,0.080533428,0.017805139,-0.9180997,-0.1578721,0.0141284
seq-06/frame-000034,1,0.01140316,0.025087,3064,1792,1541,0.94,123.79,129.18,8.59,262.50,0.994925480,-0.055510792,0.081887093,0.018339741,-0.9080737,-0.1653822,0.0228655
seq-06/frame-000035,1,0.00829275,0.058705,3440,1977,1688,1.03,113.91,139.96,10.72,265.62,0.994803346,-0.057375581,0.082193386,0.017849164,-0.8966743,-0.1716031,0.0342571
seq-06/frame-000036,1,0.00850590,0.091511,3180,1954,1679,1.04,106.07,114.81,10.27,232.19,0.994782862,-0.058614233,0.081253932,0.019215289,-0.8837406,-0.1753282,0.0425266
seq-06/frame-000037,1,0.01141453,0.017296,3196,2002,1721,0.96,118.91,131.95,12.15,263.97,0.994689439,-0.060653333,0.079990595,0.022706776,-0.8681445,-0.1825626,0.0492395
seq-06/frame-000038,1,0.00681222,0.113672,1959,1395,1252,0.90,94.37,80.52,15.69,191.49,0.994626537,-0.061743844,0.079605444,0.023847890,-0.8483753,-0.1828153,0.0604330
seq-06/frame-000039,1,0.00633770,0.143352,1736,1166,1004,0.86,85.64,69.43,7.85,163.79,0.994296238,-0.063967386,0.081753524,0.024485210,-0.8321233,-0.1856112,0.0686122
seq-06/frame-000040,1,0.00799184,0.146212,1551,1036,865,0.85,83.76,56.94,6.44,148.00,0.993752178,-0.067284857,0.084781701,0.027229013,-0.8169008,-0.1911998,0.0756808
seq-06/frame-000041,1,0.00505808,0.189965,1376,930,814,0.87,86.82,53.94,7.93,149.57,0.993329880,-0.069626672,0.087067098,0.029448206,-0.7981786,-0.1955673,0.0847618
seq-06/frame-000042,1,0.00490431,0.147113,1418,934,822,0.87,86.88,53.03,8.39,149.18,0.992812902,-0.072731778,0.090194864,0.029958575,-0.7839999,-0.2020331,0.0877281
seq-06/frame-000043,1,0.00481273,0.145749,1418,934,822,0.85,76.11,63.47,10.29,150.73,0.992812902,-0.072731778,0.090194864,0.029958575,-0.7839999,-0.2020331,0.0877281
seq-06/frame-000044,1,0.00466862,0.140253,1344,889,774,0.89,82.85,59.29,8.63,151.65,0.992358815,-0.076052273,0.092540654,0.029601730,-0.7661420,-0.2100601,0.0932895
seq-06/frame-000045,1,0.00518670,0.160309,1137,739,624,1.42,69.61,47.11,6.91,125.05,0.991985419,-0.078053008,0.094887262,0.029479884,-0.7460904,-0.2163047,0.0968525
seq-06/frame-000046,1,0.00466068,0.106269,1043,652,526,0.80,59.32,46.38,14.16,120.67,0.991395574,-0.080180557,0.099679529,0.027746827,-0.7302464,-0.2186052,0.0995154
seq-06/frame-000047,1,0.01234035,0.052143,986,622,501,0.80,64.46,39.27,16.67,121.20,0.990345825,-0.085337219,0.105342318,0.028908528,-0.7131107,-0.2262715,0.0955919
seq-06/frame-000048,1,0.00395829,0.091231,940,557,445,0.80,64.41,56.40,6.43,128.06,0.989099597,-0.089888668,0.112013624,0.032480198,-0.6947500,-0.2313630,0.1097432
seq-06/frame-000049,1,0.00378717,0.093913,940,557,445,0.81,63.50,35.40,10.76,110.47,0.989099597,-0.089888668,0.112013624,0.032480198,-0.6947500,-0.2313630,0.1097432
seq-06/frame-000050,1,0.01086105,0.076936,901,520,405,1.12,84.77,31.88,9.42,127.20,0.987841872,-0.093865365,0.118813151,0.035230167,-0.6792489,-0.2405198,0.1095424
seq-06/frame-000051,1,0.00963654,0.124904,861,470,340,0.82,63.33,43.87,9.70,117.72,0.986304226,-0.097909288,0.127467858,0.037009317,-0.6605239,-0.2513596,0.1151109
seq-06/frame-000052,1,0.01775650,0.213818,890,494,370,0.83,73.65,28.69,7.09,110.27,0.984475519,-0.100853522,0.137631128,0.041160563,-0.6508370,-0.2653603,0.1181608
seq-06/frame-000053,1,0.01465865,0.225863,881,531,401,0.85,58.89,37.23,7.88,104.86,0.983045724,-0.101642768,0.146378904,0.043163289,-0.6393586,-0.2767735,0.1193311
seq-06/frame-000054,1,0.00779158,0.023340,1407,819,656,0.87,65.87,53.94,11.79,132.47,0.981629910,-0.102383298,0.154695534,0.044605747,-0.6283083,-0.2820111,0.1212635
seq-06/frame-000055,1,0.00861188,0.118835,1884,1163,978,0.92,87.01,86.53,11.17,185.64,0.980291480,-0.103476529,0.160505983,0.050587065,-0.6176117,-0.2873017,0.1330964
seq-06/frame-000056,1,0.00794460,0.162143,1959,1233,1044,0.90,89.41,82.70,10.27,183.28,0.979379924,-0.104312982,0.163325891,0.057082564,-0.6025564,-0.2957919,0.1389909
seq-06/frame-000057,1,0.00651880,0.118733,2039,1300,1100,0.94,107.51,72.19,16.09,196.74,0.978676340,-0.104489332,0.166017979,0.060931365,-0.5896532,-0.2985875,0.1432253
seq-06/frame-000058,1,0.00698342,0.144796,1913,1254,1048,0.92,84.84,90.15,12.67,188.58,0.977778030,-0.105877022,0.168121704,0.066897482,-0.5743921,-0.3060477,0.1486709
seq-06/frame-000059,1,0.00739114,0.187243,1934,1236,1045,0.91,83.97,82.53,13.96,181.38,0.976660571,-0.108009776,0.170805675,0.072756016,-0.5594780,-0.3135879,0.1512823
seq-06/frame-000060,1,0.01069970,0.244378,1577,977,820,0.88,84.05,56.64,6.53,148.10,0.975183311,-0.111324997,0.174501277,0.078572001,-0.5465676,-0.3226770,0.1548585
seq-06/frame-000061,1,0.01390624,0.388182,1108,598,448,0.85,67.67,44.01,6.50,119.03,0.973631920,-0.114686422,0.180008565,0.080528412,-0.5308612,-0.3315240,0.1637041
seq-06/frame-000062,1,0.01063172,0.328333,1584,949,720,0.85,78.46,64.07,8.90,152.28,0.971054873,-0.117546465,0.189644328,0.085266003,-0.5210361,-0.3398119,0.1753398
seq-06/frame-000063,1,0.00401935,0.151119,2060,1328,1072,0.91,96.96,96.31,14.56,208.74,0.969319109,-0.118519045,0.195620096,0.090035982,-0.5080111,-0.3416408,0.1840870
seq-06/frame-000064,1,0.00434275,0.094873,2287,1477,1225,0.94,96.49,92.13,8.85,198.40,0.968276632,-0.119365303,0.198763773,0.093194688,-0.4935646,-0.3456727,0.1916604
seq-06/frame-000065,1,0.00372301,0.115844,2273,1474,1226,1.11,86.18,98.16,12.16,197.61,0.966951953,-0.120504065,0.202428853,0.097494876,-0.4820947,-0.3529059,0.1996732
seq-06/frame-000066,1,0.00537164,0.148192,2284,1412,1163,0.92,110.66,83.18,8.87,203.63,0.965640146,-0.121977360,0.205863728,0.101394071,-0.4676140,-0.3591582,0.2075510
seq-06/frame-000067,1,0.00382930,0.069523,2339,1436,1194,0.94,93.73,89.58,8.24,192.49,0.964247123,-0.122611911,0.210127850,0.105071843,-0.4570943,-0.3622573,0.2159604
seq-06/frame-000068,1,0.00468544,0.134009,2266,1401,1170,0.95,101.17,95.56,9.43,207.12,0.962857652,-0.124468660,0.213230700,0.109294848,-0.4416132,-0.3691758,0.2252115
seq-06/frame-000069,1,0.00508073,0.150497,2336,1476,1204,0.93,92.82,93.21,9.82,196.78,0.961030561,-0.126628529,0.217871147,0.113655797,-0.4304626,-0.3762224,0.2346868
seq-06/frame-000070,1,0.00235697,0.106000,2330,1406,1129,0.92,98.25,98.31,11.74,209.22,0.959499526,-0.127767018,0.222226875,0.116839486,-0.4173912,-0.3777869,0.2453529
seq-06/frame-000071,1,0.00328562,0.091081,2609,1597,1292,0.97,95.54,103.30,7.54,207.35,0.957534536,-0.129812375,0.227174816,0.121111363,-0.4075072,-0.3849262,0.2569435
seq-06/frame-000072,1,0.00643616,0.160384,2787,1680,1377,0.94,98.10,114.36,13.06,226.46,0.955900723,-0.131100687,0.230084879,0.126993565,-0.3959751,-0.3911260,0.2684002
seq-06/frame-000073,1,0.00407287,0.089078,2123,1329,1117,0.90,94.11,82.05,9.41,186.48,0.954376995,-0.133251182,0.232111395,0.132412142,-0.3807840,-0.4025527,0.2733099
seq-06/frame-000074,1,0.00600593,0.154645,1580,976,766,0.85,76.00,62.17,12.94,151.95,0.951930117,-0.136056841,0.238530394,0.135723392,-0.3676942,-0.4163202,0.2839907
seq-06/frame-000075,1,0.00283009,0.104572,2167,1281,1016,0.87,95.65,79.55,13.32,189.40,0.949543618,-0.135094848,0.245715892,0.140499108,-0.3543822,-0.4184402,0.2966439
seq-06/frame-000076,1,0.00402923,0.085148,2466,1341,1075,1.33,107.76,113.27,10.84,233.21,0.947562910,-0.133524344,0.250615870,0.146586040,-0.3422535,-0.4234249,0.3084692
seq-06/frame-000077,1,0.00384388,0.059488,2680,1578,1271,0.95,111.79,108.46,15.94,237.15,0.945879010,-0.132891445,0.253607985,0.152760440,-0.3310388,-0.4292820,0.3147210
seq-06/frame-000078,1,0.00690908,0.179370,2596,1481,1207,0.89,105.36,97.80,10.82,214.87,0.944288113,-0.133933099,0.255377062,0.158633038,-0.3143847,-0.4381516,0.3217960
seq-06/frame-000079,1,0.00496938,0.122284,1368,723,540,0.79,83.09,43.92,9.70,137.51,0.942008656,-0.136004024,0.260496029,0.162063001,-0.2989583,-0.4552164,0.3335312
seq-06/frame-000080,1,0.00510770,0.045134,1577,910,697,0.82,81.55,54.14,6.88,143.39,0.939853194,-0.133654187,0.267747823,0.164692549,-0.2871481,-0.4592343,0.3382202
seq-06/frame-000081,1,0.00315283,0.067092,2142,1239,1005,0.84,90.72,96.79,16.18,204.54,0.937422503,-0.133165423,0.273960321,0.168676507,-0.2742928,-0.4639692,0.3463804
seq-06/frame-000082,1,0.00634668,0.099721,1387,754,574,0.79,85.66,68.31,8.15,162.92,0.935786138,-0.132285617,0.278640802,0.170775068,-0.2602222,-0.4700095,0.3551405
seq-06/frame-000083,1,0.00825459,0.163710,1297,610,433,0.76,81.23,46.98,6.65,135.63,0.934586078,-0.130602682,0.282596157,0.172137194,-0.2423425,-0.4827906,0.3630654
seq-06/frame-000084,1,0.00781712,0.128467,2390,1349,1046,0.86,98.63,84.61,12.25,196.35,0.933297185,-0.125851440,0.288002334,0.173702144,-0.2342484,-0.4823225,0.3664774
seq-06/frame-000085,1,0.01043202,0.228589,2867,1645,1320,0.86,109.56,122.68,9.54,242.63,0.932348837,-0.124053210,0.291150902,0.174835922,-0.2244251,-0.4837667,0.3728955
seq-06/frame-000086,1,0.01092560,0.236088,3114,1830,1489,0.88,127.53,114.78,14.11,257.30,0.931771315,-0.123765836,0.292964900,0.175087986,-0.2116699,-0.4892482,0.3786171
seq-06/frame-000087,1,0.00951301,0.196099,2546,1420,1151,0.89,115.86,100.42,11.45,228.64,0.931113073,-0.124640723,0.294712152,0.175036805,-0.1983113,-0.4958990,0.3806412
seq-06/frame-000088,1,0.00813353,0.163170,2212,1105,861,0.85,102.58,84.61,10.41,198.45,0.929611937,-0.126540057,0.298640451,0.174994688,-0.1841150,-0.5026080,0.3908940
seq-06/frame-000089,1,0.00770328,0.123373,2366,1128,889,0.82,102.61,93.22,7.67,204.33,0.928014367,-0.125933121,0.303136606,0.176177129,-0.1724949,-0.5081530,0.4009698
seq-06/frame-000090,1,0.01149241,0.191315,3013,1727,1369,0.84,129.69,141.24,15.70,287.48,0.927267216,-0.123313439,0.305859734,0.177254417,-0.1612050,-0.5092816,0.4063853
seq-06/frame-000091,1,0.01046214,0.182006,3544,1959,1552,0.91,138.30,124.76,10.25,274.23,0.926956240,-0.121115988,0.307286919,0.177926376,-0.1499840,-0.5097880,0.4110543
seq-06/frame-000092,1,0.00985409,0.190989,3466,1822,1409,0.92,126.18,143.21,8.22,278.55,0.926756388,-0.121132609,0.307821239,0.178032504,-0.1369901,-0.5119384,0.4138654
seq-06/frame-000093,1,0.01009851,0.177257,2793,1454,1166,0.85,129.36,111.68,11.45,253.35,0.926245259,-0.120966611,0.309123419,0.178548345,-0.1171376,-0.5161028,0.4205541
seq-06/frame-000094,1,0.01023932,0.160663,3300,1862,1496,0.90,125.88,169.56,8.38,304.73,0.925914178,-0.119836310,0.311032779,0.177709890,-0.1048366,-0.5195799,0.4232382
seq-06/frame-000095,1,0.01012939,0.181461,3483,1901,1539,0.92,123.62,135.80,20.97,281.31,0.925518383,-0.119222237,0.312859476,0.176976633,-0.0916779,-0.5181819,0.4281483
seq-06/frame-000096,1,0.01051362,0.199815,3195,1681,1342,0.87,121.17,154.26,13.00,289.31,0.925656258,-0.119000621,0.313589790,0.175102224,-0.0760166,-0.5184943,0.4346396
seq-06/frame-000097,1,0.00912983,0.193767,2776,1428,1112,0.84,124.62,120.21,11.19,256.87,0.926040100,-0.117947128,0.313897415,0.173224192,-0.0624547,-0.5197744,0.4404441
seq-06/frame-000098,1,0.01028741,0.148636,2366,1286,992,0.85,94.57,93.89,14.50,203.82,0.926619814,-0.116984595,0.313976939,0.170613033,-0.0500123,-0.5220900,0.4438815
seq-06/frame-000099,1,0.01028203,0.196974,2340,1296,1026,0.84,90.64,103.11,7.89,202.49,0.927759250,-0.116181945,0.313165703,0.166408451,-0.0328723,-0.5219822,0.4453194
seq-06/frame-000100,1,0.00998305,0.200449,2639,1398,1130,0.93,96.51,124.20,19.29,240.93,0.928535797,-0.115005399,0.312881725,0.163401525,-0.0181149,-0.5228326,0.4503039
seq-06/frame-000101,1,0.00997733,0.152008,2520,1380,1111,0.85,116.95,118.78,12.43,249.01,0.929261504,-0.113728050,0.312476397,0.160926966,-0.0056233,-0.5232347,0.4523065
seq-06/frame-000102,1,0.01097832,0.205498,2303,1237,975,0.85,93.46,96.57,7.05,197.93,0.930234391,-0.113547804,0.311279301,0.157721497,0.0121182,-0.5248447,0.4509233
seq-06/frame-000103,1,0.00865851,0.162785,2623,1448,1150,0.87,104.96,87.13,9.72,202.67,0.931464245,-0.113997628,0.311581431,0.149318158,0.0426791,-0.5264207,0.4537134
seq-06/frame-000104,1,0.00876689,0.125703,2690,1346,1016,0.87,108.04,122.67,12.79,244.37,0.931526521,-0.114512226,0.312207316,0.147213729,0.0584194,-0.5284809,0.4577852
seq-06/frame-000105,1,0.01112770,0.196669,1712,838,619,0.81,88.60,66.67,7.67,163.75,0.932114785,-0.113769881,0.312350080,0.143721498,0.0755852,-0.5344306,0.4610733
seq-06/frame-000106,1,0.01191080,0.233327,1830,978,757,0.81,88.97,72.71,7.65,170.15,0.933152769,-0.109766183,0.312265497,0.140241061,0.0892679,-0.5343648,0.4628975
seq-06/frame-000107,1,0.01311825,0.255607,2007,1009,759,0.84,87.25,81.35,6.73,176.17,0.934186339,-0.106796598,0.311272594,0.137839553,0.1035423,-0.5377702,0.4615206
seq-06/frame-000108,1,0.00928703,0.159357,2041,978,736,0.85,89.68,86.34,6.13,182.99,0.935516093,-0.104283481,0.309978514,0.133596093,0.1195101,-0.5368375,0.4567555
seq-06/frame-000109,1,0.01423042,0.241253,1404,666,492,0.80,97.90,56.84,16.41,171.95,0.935973114,-0.104398222,0.310682958,0.128574654,0.1370519,-0.5493419,0.4543040
seq-06/frame-000110,1,0.01015223,0.197332,1391,650,463,0.79,75.12,45.40,10.24,131.55,0.936009693,-0.099097502,0.314056186,0.124234666,0.1464753,-0.5467764,0.4583195
seq-06/frame-000111,1,0.00901503,0.206640,1497,741,546,0.80,88.47,55.80,7.65,152.72,0.936504059,-0.093931555,0.315823027,0.119970107,0.1545713,-0.5455548,0.4620603
seq-06/frame-000112,1,0.00907416,0.261847,1400,709,533,0.82,78.62,64.32,12.28,156.05,0.938011987,-0.089541100,0.314604915,0.114628315,0.1635625,-0.5447933,0.4589441
seq-06/frame-000113,1,0.01454419,0.301588,1120,537,385,0.78,76.36,44.78,10.01,131.94,0.941211596,-0.083966027,0.311603891,0.099867172,0.1909990,-0.5588681,0.4561043
seq-06/frame-000114,1,0.00780625,0.251358,1406,726,539,1.02,92.62,54.74,10.29,158.67,0.942287572,-0.077686527,0.312459494,0.091804133,0.1939409,-0.5512766,0.4585353
seq-06/frame-000115,1,0.00498935,0.297078,1412,675,500,0.81,96.44,51.91,6.98,156.15,0.943794989,-0.072919394,0.310979766,0.085002156,0.2003518,-0.5483187,0.4624312
seq-06/frame-000116,1,0.00438461,0.219747,1195,562,396,0.80,71.56,51.04,16.21,139.62,0.945331406,-0.068726925,0.308519376,0.080255443,0.2086906,-0.5536367,0.4669276
seq-06/frame-000117,1,0.00889862,0.263858,1296,598,432,0.81,77.78,51.34,8.24,138.18,0.947395383,-0.063793156,0.305053040,0.072904488,0.2130091,-0.5554867,0.4626831
seq-06/frame-000118,1,0.00834208,0.257255,1314,433,292,0.82,90.67,55.69,11.42,158.61,0.949162607,-0.059210909,0.301923104,0.066534602,0.2202963,-0.5538089,0.4632263
seq-06/frame-000119,1,0.00404434,0.253217,1277,555,398,0.81,79.28,56.01,9.11,145.21,0.950927271,-0.054928381,0.298489941,0.060199281,0.2306718,-0.5569629,0.4638903
seq-06/frame-000120,1,0.00929650,0.212118,1268,423,248,0.81,63.42,46.10,9.23,119.57,0.952622323,-0.049920264,0.295126534,0.054027819,0.2354627,-0.5605319,0.4602854
seq-06/frame-000121,1,0.00378778,0.171798,1264,565,420,0.81,70.81,59.60,12.52,143.75,0.954277790,-0.043760485,0.291681827,0.048586326,0.2414143,-0.5567639,0.4633635
seq-06/frame-000122,1,0.00660737,0.218377,1210,537,391,0.82,73.02,47.99,7.48,129.32,0.957332401,-0.033372872,0.284817276,0.035777720,0.2493784,-0.5589628,0.4679190
seq-06/frame-000123,1,0.00803839,0.184944,1236,440,265,0.81,84.85,55.05,9.80,150.52,0.959046493,-0.028484263,0.280050603,0.031466355,0.2518801,-0.5641668,0.4563273
seq-06/frame-000124,1,0.01122103,0.209364,1180,437,268,0.81,82.91,40.53,9.24,133.50,0.960575437,-0.023043701,0.275805323,0.026367414,0.2545017,-0.5636541,0.4560512
seq-06/frame-000125,1,0.01427416,0.256052,1194,537,374,0.81,83.89,52.46,11.94,149.11,0.962464200,-0.017928081,0.270061547,0.020199220,0.2540354,-0.5698780,0.4544543
seq-06/frame-000126,1,0.01075641,0.253211,1161,457,294,0.82,67.08,43.43,8.13,119.46,0.964609971,-0.011901623,0.262961982,0.015393244,0.2599669,-0.5683162,0.4562738
seq-06/frame-000127,1,0.01209050,0.188965,1250,435,275,0.83,71.71,54.35,15.49,142.38,0.968481513,-0.000011612,0.248998081,0.006596626,0.2650394,-0.5663144,0.4389383
seq-06/frame-000128,1,0.01302929,0.209658,1299,497,328,0.84,72.68,52.75,5.42,131.70,0.969867140,0.004446590,0.243583349,0.002260603,0.2649661,-0.5692046,0.4343149
seq-06/frame-000129,1,0.01383359,0.250416,1351,611,425,0.86,95.61,62.99,13.67,173.14,0.971234721,0.008786890,0.237953939,-0.001957088,0.2649533,-0.5689664,0.4303760
seq-06/frame-000130,1,0.01019853,0.195575,1391,577,391,0.87,78.05,57.19,8.26,144.37,0.972463277,0.012135266,0.232625167,-0.007310415,0.2602849,-0.5668216,0.4334829
seq-06/frame-000131,1,0.01784255,0.272991,1628,637,456,0.88,89.52,72.36,8.70,171.47,0.975121884,0.017336876,0.220132601,-0.019452054,0.2621067,-0.5623145,0.4176411
seq-06/frame-000132,1,0.01740735,0.282737,1714,718,505,0.88,81.43,64.25,13.16,159.72,0.975927264,0.017737342,0.215899193,-0.025276476,0.2599363,-0.5648560,0.4180760
seq-06/frame-000133,1,0.01398631,0.176587,1741,739,507,0.89,85.50,79.66,6.23,172.29,0.976312175,0.018599679,0.213428077,-0.030282752,0.2531327,-0.5623287,0.4206811
seq-06/frame-000134,1,0.01742168,0.302303,1575,608,436,1.02,82.43,75.20,7.64,166.29,0.977429787,0.020069056,0.207050412,-0.036856092,0.2435428,-0.5625026,0.4214518
seq-06/frame-000135,1,0.01230213,0.152323,1312,576,418,0.84,65.35,44.53,9.42,120.14,0.977672665,0.022599216,0.204836874,-0.041076634,0.2301469,-0.5596705,0.4287781
seq-06/frame-000136,1,0.01495393,0.119446,1212,495,336,0.85,64.46,58.70,13.14,137.14,0.978561874,0.024614481,0.199426636,-0.045164185,0.2233568,-0.5543985,0.4218819
seq-06/frame-000137,1,0.01387582,0.147621,1109,531,400,1.02,67.37,51.22,9.89,129.51,0.979233443,0.024287891,0.194949142,-0.050067902,0.2108841,-0.5556804,0.4260781
seq-06/frame-000138,1,0.01442183,0.153668,1673,728,557,0.86,92.10,71.53,5.57,170.06,0.980524960,0.025591821,0.185885695,-0.057985941,0.1991344,-0.5554083,0.4209273
seq-06/frame-000139,1,0.01588359,0.175657,1398,589,447,0.83,72.54,56.99,7.37,137.75,0.980790883,0.025359194,0.183187029,-0.062037633,0.1894040,-0.5514980,0.4177179
seq-06/frame-000140,1,0.00779174,0.170206,1273,564,410,0.83,66.97,56.52,5.26,129.58,0.980885877,0.023039414,0.180650623,-0.068537837,0.1758273,-0.5528041,0.4273670
seq-06/frame-000141,1,0.00909791,0.160920,1309,635,485,0.85,73.08,52.74,10.18,136.85,0.981499074,0.022241986,0.174225526,-0.076225501,0.1486421,-0.5562438,0.4347262
seq-06/frame-000142,1,0.01218268,0.152602,1431,603,449,0.86,83.64,49.55,10.18,144.24,0.981889473,0.023752768,0.170472714,-0.079170212,0.1371265,-0.5542167,0.4294823
seq-06/frame-000143,1,0.00908087,0.077749,1331,641,488,0.85,84.25,55.11,8.40,148.60,0.982045097,0.025056193,0.168292782,-0.081468729,0.1230117,-0.5521709,0.4333837
seq-06/frame-000144,1,0.01149377,0.174807,1240,610,466,0.85,73.82,46.76,8.08,129.51,0.982390179,0.025487211,0.165163214,-0.083552689,0.1096765,-0.5535104,0.4346367
seq-06/frame-000145,1,0.00966742,0.075630,1472,608,441,1.18,67.28,52.27,5.22,125.96,0.983208071,0.026890521,0.157759500,-0.087696799,0.0894009,-0.5511797,0.4297541
seq-06/frame-000146,1,0.00965026,0.131027,1407,717,544,1.19,85.16,51.74,11.38,149.48,0.983344361,0.027490012,0.155885946,-0.089318187,0.0744699,-0.5545170,0.4331594
seq-06/frame-000147,1,0.00864892,0.060249,1424,613,454,0.87,93.59,61.33,8.66,164.45,0.983557752,0.029774938,0.153063597,-0.091099598,0.0619860,-0.5478445,0.4318421
seq-06/frame-000148,1,0.00828689,0.084522,1526,640,494,0.86,83.01,71.50,12.04,167.42,0.983666455,0.030397156,0.150600873,-0.093785364,0.0500279,-0.5491383,0.4299777
seq-06/frame-000149,1,0.01106427,0.139002,1592,681,518,0.86,89.01,57.50,10.17,157.55,0.983821753,0.030982155,0.148430495,-0.095410968,0.0398640,-0.5505388,0.4269459
seq-06/frame-000150,1,0.01072905,0.138004,1895,1107,923,0.89,94.83,87.65,10.19,193.56,0.983716087,0.032125918,0.146911543,-0.098425523,0.0239915,-0.5493725,0.4262647
seq-06/frame-000151,1,0.01013410,0.076834,1931,1128,967,0.90,105.46,79.73,8.84,194.94,0.983761023,0.034361924,0.143521066,-0.102152880,-0.0016415,-0.5420506,0.4228080
seq-06/frame-000152,1,0.00959356,0.073716,1886,1134,941,0.90,105.91,81.66,7.73,196.21,0.983830470,0.034593057,0.142340294,-0.103054192,-0.0163918,-0.5390203,0.4238938
seq-06/frame-000153,1,0.01152447,0.111542,2091,1238,1027,0.93,99.68,96.52,9.49,206.62,0.984023762,0.034461674,0.139989871,-0.104462742,-0.0257704,-0.5391254,0.4187634
seq-06/frame-000154,1,0.01040249,0.056024,1997,1150,957,0.91,110.62,78.52,8.45,198.50,0.983829013,0.035177052,0.139374505,-0.106854088,-0.0408588,-0.5341809,0.4196001
seq-06/frame-000155,1,0.00836535,0.095617,2114,1257,1039,0.91,117.17,86.19,12.71,216.97,0.983764015,0.034588334,0.137540678,-0.109975321,-0.0522958,-0.5338934,0.4182428
seq-06/frame-000156,1,0.00867253,0.052979,2251,1258,1061,0.93,93.59,92.22,11.32,198.07,0.983491771,0.033783214,0.137106550,-0.113156637,-0.0677031,-0.5328608,0.4162780
seq-06/frame-000157,1,0.00829522,0.059335,1585,993,835,0.87,73.12,68.72,15.20,157.91,0.982918706,0.035678643,0.136013955,-0.118735233,-0.1001404,-0.5298277,0.4249911
seq-06/frame-000158,1,0.00779432,0.056116,1629,1032,856,0.90,86.58,59.12,8.82,155.43,0.983147783,0.037887254,0.132681877,-0.119918770,-0.1133631,-0.5246092,0.4206338
seq-06/frame-000159,1,0.00943010,0.088134,1853,1112,934,0.91,75.36,95.15,12.24,183.66,0.983154418,0.037632155,0.129865386,-0.122988589,-0.1256802,-0.5301157,0.4140506
seq-06/frame-000160,1,0.00777269,0.022026,1776,1150,978,0.91,88.48,86.17,12.30,187.86,0.982960477,0.039600111,0.128618409,-0.125211167,-0.1407044,-0.5254448,0.4128188
seq-06/frame-000161,1,0.00552781,0.115031,1599,1038,884,0.90,82.88,71.23,8.05,163.06,0.982834161,0.040886436,0.125665183,-0.128738387,-0.1524419,-0.5204878,0.4139663
seq-06/frame-000162,1,0.00670945,0.101138,1595,1005,855,0.88,77.33,60.04,7.70,145.97,0.982600015,0.041889834,0.123007105,-0.132709097,-0.1681629,-0.5149024,0.4131356
seq-06/frame-000163,1,0.00625965,0.092816,1678,1077,908,0.90,89.02,64.60,18.53,173.05,0.982343796,0.041299959,0.120055673,-0.137410389,-0.1826524,-0.5159731,0.4109622
seq-06/frame-000164,1,0.00702928,0.107600,1594,1004,857,0.91,85.55,82.79,9.22,178.47,0.982138831,0.041315976,0.116977781,-0.141465560,-0.1962917,-0.5145185,0.4107569
seq-06/frame-000165,1,0.00672777,0.085366,1480,950,786,0.90,86.22,64.64,15.62,167.38,0.981749672,0.043029726,0.114237243,-0.145828240,-0.2134470,-0.5102552,0.4127172
seq-06/frame-000166,1,0.00397401,0.061973,1531,974,812,0.92,81.90,68.20,9.91,160.94,0.981944214,0.045885932,0.103390020,-0.151626332,-0.2388042,-0.5095158,0.4096509
seq-06/frame-000167,1,0.00672127,0.105728,1780,1102,911,0.92,77.32,70.61,7.52,156.38,0.981730696,0.046456623,0.098066220,-0.156299838,-0.2453119,-0.5126421,0.3978784
seq-06/frame-000168,1,0.00684100,0.113307,1689,1061,903,0.91,78.54,62.65,8.45,150.54,0.981379069,0.048029788,0.095074378,-0.159840939,-0.2579562,-0.5060361,0.3977004
seq-06/frame-000169,1,0.00429845,0.136115,1574,989,839,0.92,84.17,75.96,9.13,170.18,0.980909988,0.049416725,0.091427477,-0.164361184,-0.2724177,-0.5010372,0.4004593
seq-06/frame-000170,1,0.00478644,0.087722,1473,934,779,0.90,71.32,56.95,12.59,141.77,0.980563551,0.050875608,0.087640378,-0.168005831,-0.2867561,-0.4940076,0.3980694
seq-06/frame-000171,1,0.00518133,0.106785,1591,988,843,0.92,88.69,58.74,11.31,159.66,0.980258915,0.050662681,0.082395016,-0.172443656,-0.2983857,-0.4969950,0.3941939
seq-06/frame-000172,1,0.00432961,0.079056,1654,1036,886,0.91,90.69,69.50,16.38,177.48,0.979889400,0.052269429,0.078657437,-0.175777353,-0.3101623,-0.4898987,0.3919759
seq-06/frame-000173,1,0.00839871,0.180659,1656,1029,870,0.93,95.33,66.63,8.63,171.52,0.979323249,0.051944262,0.069565461,-0.182724970,-0.3335192,-0.4888824,0.3831512
seq-06/frame-000174,1,0.00629615,0.055588,1738,1124,953,0.92,82.88,80.19,9.89,173.87,0.978637433,0.052385793,0.065790925,-0.187606124,-0.3448560,-0.4872430,0.3763325
seq-06/frame-000175,1,0.00316997,0.053103,1662,1079,931,0.99,85.71,54.84,11.79,153.33,0.977686157,0.054254920,0.062818082,-0.192976864,-0.3587664,-0.4785846,0.3793359
seq-06/frame-000176,1,0.00440428,0.082983,1447,921,752,0.90,91.46,52.09,7.15,151.61,0.976973359,0.056054671,0.059059981,-0.197212698,-0.3745325,-0.4709191,0.3789258
seq-06/frame-000177,1,0.00299463,0.051619,1391,893,740,0.91,79.05,51.60,7.98,139.55,0.976453949,0.056958261,0.054020482,-0.200935885,-0.3923537,-0.4703355,0.3765305
seq-06/frame-000178,1,0.00479714,0.070541,1581,970,798,0.90,71.44,55.18,14.09,141.62,0.976267939,0.058613273,0.046163969,-0.203308348,-0.3958140,-0.4677643,0.3638588
seq-06/frame-000179,1,0.00570066,0.121855,2021,1314,1141,0.93,102.53,78.43,11.44,193.32,0.975993443,0.056244778,0.040303777,-0.206516171,-0.3994276,-0.4760308,0.3488566
seq-06/frame-000180,1,0.00604795,0.121127,2171,1509,1326,0.95,86.56,101.60,13.28,202.39,0.975602922,0.056122800,0.039129327,-0.208609841,-0.4134711,-0.4733621,0.3457860
seq-06/frame-000181,1,0.00648925,0.129093,1540,939,753,0.92,86.15,63.48,11.71,162.27,0.975401608,0.058642288,0.038189120,-0.209031997,-0.4356157,-0.4590111,0.3516486
seq-06/frame-000182,1,0.01038665,0.292817,1262,681,528,0.89,78.49,37.51,9.61,126.50,0.975138621,0.061403050,0.025673452,-0.211365111,-0.4581766,-0.4542778,0.3438950
seq-06/frame-000183,1,0.00444605,0.135680,1423,926,771,0.90,72.18,53.87,9.20,136.16,0.974962931,0.061741721,0.019116511,-0.212767015,-0.4640567,-0.4553601,0.3338540
seq-06/frame-000184,1,0.01329657,0.283246,1670,943,781,0.89,105.05,74.86,8.79,189.60,0.974971891,0.060552785,0.014746051,-0.213414448,-0.4717249,-0.4611072,0.3208115
seq-06/frame-000185,1,0.01162008,0.279371,1444,814,645,0.91,84.65,57.25,9.83,152.64,0.974826853,0.061549281,0.011368233,-0.213997794,-0.4817588,-0.4537389,0.3182377
seq-06/frame-000186,1,0.00640707,0.177362,1374,779,643,0.87,76.65,64.19,10.65,152.36,0.974391110,0.061794536,0.008216907,-0.216046019,-0.4957969,-0.4479940,0.3170930
seq-06/frame-000187,1,0.00341767,0.061552,1502,989,836,0.89,67.06,52.14,24.89,144.99,0.973897018,0.061803988,0.004620118,-0.218365567,-0.5070237,-0.4440895,0.3134997
seq-06/frame-000188,1,0.00925597,0.199372,1645,917,739,0.92,84.35,76.34,7.91,169.53,0.973635686,0.061405424,0.000548210,-0.219687563,-0.5139777,-0.4446988,0.3099397
seq-06/frame-000189,1,0.00416246,0.174192,1414,815,652,0.90,67.99,53.38,13.76,136.04,0.973009030,0.062402145,-0.002224951,-0.222158614,-0.5285506,-0.4382669,0.3085575
seq-06/frame-000190,1,0.01351613,0.260156,1292,713,564,0.89,72.64,48.71,10.75,133.01,0.971753359,0.062142252,-0.009815829,-0.227458567,-0.5598395,-0.4418263,0.2966404
seq-06/frame-000191,1,0.01240504,0.305521,1238,695,524,0.88,64.78,53.96,12.15,131.78,0.970830533,0.065168676,-0.015136057,-0.230243393,-0.5729012,-0.4295024,0.2991057
seq-06/frame-000192,1,0.00945518,0.249230,1207,644,502,0.85,71.15,44.51,8.87,125.38,0.969442597,0.066320210,-0.024194942,-0.234941026,-0.5754075,-0.4240940,0.2989055
seq-06/frame-000193,1,0.00700885,0.144427,1631,1054,905,0.89,87.75,67.23,8.71,164.58,0.968385417,0.063013149,-0.029883614,-0.239511998,-0.5823164,-0.4334422,0.2891219
seq-06/frame-000194,1,0.00962590,0.172423,1659,1096,911,0.91,90.83,64.82,10.39,166.96,0.967636532,0.063013844,-0.032275628,-0.242212884,-0.5940907,-0.4337118,0.2889557
seq-06/frame-000195,1,0.02736392,0.490702,1129,632,478,0.87,71.36,55.71,9.15,137.09,0.966291028,0.066779669,-0.041802412,-0.245101375,-0.6343196,-0.4174141,0.2871002
seq-06/frame-000196,1,0.00997416,0.242734,1264,710,544,0.87,73.88,42.30,10.34,127.39,0.965317729,0.067484774,-0.052552011,-0.246669361,-0.6340035,-0.4160037,0.2882904
seq-06/frame-000197,1,0.01390331,0.240672,1857,1200,1019,0.94,100.21,95.07,9.91,206.12,0.964290495,0.064007027,-0.059339607,-0.250051499,-0.6362219,-0.4326612,0.2672916
seq-06/frame-000198,1,0.02525650,0.445899,1615,1106,928,0.89,78.70,65.59,7.78,152.96,0.963676884,0.063789390,-0.062049345,-0.251808770,-0.6464363,-0.4277410,0.2664147
seq-06/frame-000199,1,0.02352303,0.411039,1187,726,556,0.92,63.69,55.07,9.05,128.74,0.962873681,0.064336783,-0.065665027,-0.253817171,-0.6633855,-0.4144394,0.2697624
seq-06/frame-000200,1,0.02252693,0.421932,1565,1031,864,0.90,80.79,71.14,7.05,159.88,0.960726192,0.060805156,-0.076981809,-0.259579889,-0.6866046,-0.4228637,0.2636400
seq-06/frame-000201,1,0.01610347,0.232516,1654,1032,864,0.91,90.23,63.21,13.00,167.36,0.960063516,0.062975925,-0.080159849,-0.260550335,-0.6995833,-0.4123377,0.2643603
seq-06/frame-000202,1,0.01328833,0.189587,1715,1076,905,0.91,92.30,65.66,13.17,172.05,0.959938201,0.062857113,-0.083642537,-0.259945301,-0.7114168,-0.4108652,0.2580530
seq-06/frame-000203,1,0.01374773,0.200085,2143,1312,1116,0.93,81.56,96.70,24.95,204.15,0.959565317,0.061307159,-0.088547751,-0.260067550,-0.7164165,-0.4182897,0.2459522
seq-06/frame-000204,1,0.01331210,0.217768,2145,1448,1267,0.92,100.84,87.17,13.79,202.73,0.958757548,0.061565821,-0.092269762,-0.261686656,-0.7350439,-0.4016762,0.2462369
seq-06/frame-000205,1,0.01244618,0.219108,1949,1368,1211,0.89,93.04,81.51,7.17,182.63,0.959137125,0.061581126,-0.094494646,-0.259488923,-0.7457227,-0.3923882,0.2492440
seq-06/frame-000206,1,0.01061996,0.099165,2121,1453,1284,0.92,92.75,72.92,12.71,179.30,0.959880999,0.061110482,-0.096426940,-0.256116812,-0.7585369,-0.3870836,0.2445017
seq-06/frame-000207,1,0.00729804,0.094040,2074,1390,1236,0.92,95.12,95.95,7.82,199.81,0.960454890,0.061005998,-0.098587884,-0.253150355,-0.7699196,-0.3862502,0.2450948
seq-06/frame-000208,1,0.01230709,0.210015,1860,1226,1077,0.91,84.89,81.91,6.84,174.55,0.960900786,0.061411201,-0.101263915,-0.250287760,-0.7812585,-0.3821132,0.2392630
seq-06/frame-000209,1,0.00567749,0.073938,2837,1774,1539,1.37,103.19,104.39,21.12,230.07,0.960619131,0.060186574,-0.108229579,-0.248746497,-0.7831327,-0.3788108,0.2241632
seq-06/frame-000210,1,0.00705398,0.079053,2959,1820,1563,1.04,128.33,119.41,12.26,261.05,0.961057424,0.058134472,-0.106742952,-0.248183305,-0.7967541,-0.3764998,0.2180465
seq-06/frame-000211,1,0.01037605,0.128704,2352,1480,1282,0.95,95.33,87.89,9.30,193.48,0.961328305,0.056886194,-0.106347847,-0.247592382,-0.8111196,-0.3700248,0.2127223
seq-06/frame-000212,1,0.01164431,0.149849,1988,1242,1048,0.91,107.63,78.10,10.78,197.44,0.961035113,0.056341371,-0.108481010,-0.247929491,-0.8247167,-0.3618957,0.2112690
seq-06/frame-000213,1,0.00910766,0.105301,2721,1743,1518,0.95,132.99,125.15,11.77,270.87,0.960809572,0.054613689,-0.111319208,-0.247932139,-0.8337431,-0.3629299,0.2013848
seq-06/frame-000214,1,0.00479491,0.018693,2934,1807,1564,0.99,123.91,120.49,12.68,258.07,0.960858344,0.054947669,-0.112606354,-0.247086634,-0.8406665,-0.3542808,0.1995701
seq-06/frame-000215,1,0.00294596,0.047840,2509,1542,1317,0.96,109.99,99.52,11.31,221.78,0.961096253,0.054804489,-0.113971286,-0.245562632,-0.8491249,-0.3441208,0.1971178
seq-06/frame-000216,1,0.00261085,0.033755,2439,1502,1298,0.95,128.74,100.07,10.86,240.62,0.960971177,0.051914427,-0.116119483,-0.245673676,-0.8572118,-0.3419978,0.1895592
seq-06/frame-000217,1,0.00349733,0.041979,2491,1574,1356,0.98,89.41,101.32,7.70,199.42,0.960807190,0.050512726,-0.117505300,-0.245948190,-0.8654175,-0.3353779,0.1869598
seq-06/frame-000218,1,0.00394801,0.050987,2078,1179,970,0.94,108.89,70.77,9.65,190.26,0.959930098,0.046134555,-0.121536280,-0.248263453,-0.8821298,-0.3227460,0.1762317
seq-06/frame-000219,1,0.00383283,0.063235,2325,1477,1247,0.97,96.64,103.19,9.49,210.29,0.959409666,0.043130690,-0.123366302,-0.249907168,-0.8902858,-0.3189583,0.1719273
seq-06/frame-000220,1,0.00093182,0.063076,2199,1265,1033,1.27,104.31,89.24,9.86,204.68,0.959082467,0.040441209,-0.124774574,-0.250911610,-0.9008976,-0.3121885,0.1677497
seq-06/frame-000221,1,0.00675152,0.072839,1972,1167,936,0.93,74.64,84.21,7.56,167.34,0.958633879,0.037328556,-0.127906801,-0.251530348,-0.9061135,-0.3061011,0.1602339
seq-06/frame-000222,1,0.00483471,0.093553,2115,1225,992,0.93,84.83,75.79,17.05,178.62,0.957769861,0.034047321,-0.130437007,-0.253976102,-0.9201337,-0.3030082,0.1534415
seq-06/frame-000223,1,0.00419078,0.086739,2355,1307,1054,0.98,104.37,80.15,7.24,192.74,0.956671050,0.032104800,-0.133664224,-0.256678124,-0.9290446,-0.3008583,0.1471566
seq-06/frame-000224,1,0.00612883,0.079338,2624,1444,1191,1.00,117.15,103.45,11.36,232.97,0.955362203,0.031641497,-0.137188103,-0.259733134,-0.9290661,-0.2954645,0.1414346
seq-06/frame-000225,1,0.00536265,0.101713,3047,1906,1631,1.02,113.58,122.83,10.22,247.66,0.954567012,0.030555257,-0.138316732,-0.262176806,-0.9370192,-0.2899303,0.1353071
seq-06/frame-000226,1,0.00430950,0.097008,2720,1581,1331,0.98,115.65,111.16,12.05,239.85,0.954024928,0.030041038,-0.139457231,-0.263601314,-0.9481623,-0.2857037,0.1283399
seq-06/frame-000227,1,0.00773719,0.112110,2165,1193,961,0.94,111.86,84.66,10.06,207.53,0.952795768,0.029480676,-0.143188607,-0.266097985,-0.9547761,-0.2829569,0.1176161
seq-06/frame-000228,1,0.00538057,0.089988,2355,1390,1139,0.98,107.95,79.77,8.87,197.58,0.951105519,0.029564139,-0.147535059,-0.269736280,-0.9577918,-0.2781689,0.1123156
seq-06/frame-000229,1,0.00372962,0.099053,2897,1780,1493,1.04,121.64,128.28,10.80,261.76,0.950131841,0.030436963,-0.150616143,-0.271362954,-0.9546792,-0.2668119,0.1092915
seq-06/frame-000230,1,0.00373929,0.090177,3037,1905,1639,0.99,112.75,120.40,14.90,249.05,0.949816525,0.029098263,-0.151093690,-0.272346391,-0.9633451,-0.2610433,0.1020335
seq-06/frame-000231,1,0.00842780,0.008637,2033,1103,896,0.89,97.39,84.92,7.94,191.15,0.948789964,0.027976553,-0.157216380,-0.272576461,-0.9793558,-0.2475553,0.0847106
seq-06/frame-000232,1,0.00892090,0.118585,2250,1210,972,0.91,117.96,91.25,16.36,226.49,0.948155080,0.027763107,-0.161210459,-0.272474480,-0.9887733,-0.2427766,0.0748626
seq-06/frame-000233,1,0.00993078,0.141861,2330,1286,1012,0.92,88.73,91.54,15.20,196.40,0.946952711,0.028438844,-0.168569828,-0.272132337,-0.9828632,-0.2369959,0.0669458
seq-06/frame-000234,1,0.00396255,0.109682,2233,1217,979,0.97,94.31,95.83,7.32,198.44,0.945492609,0.029262938,-0.174724625,-0.273237466,-0.9786716,-0.2260636,0.0660662
seq-06/frame-000235,1,0.00360123,0.128709,2554,1439,1191,0.98,112.59,103.76,13.06,230.39,0.944515274,0.027678380,-0.178405434,-0.274401721,-0.9771957,-0.2198376,0.0614558
seq-06/frame-000236,1,0.00618746,0.162407,2349,1308,1054,0.94,109.35,77.25,11.04,198.59,0.943943628,0.025910614,-0.180784968,-0.274983387,-0.9796740,-0.2119855,0.0561747
seq-06/frame-000237,1,0.00339664,0.181771,1964,1036,783,0.92,94.01,82.83,9.10,186.86,0.943238196,0.022986247,-0.183924686,-0.275581292,-0.9887055,-0.2076598,0.0481481
seq-06/frame-000238,1,0.00496298,0.207787,2015,962,718,0.88,94.95,70.93,9.60,176.37,0.941479358,0.019766483,-0.188788527,-0.278540475,-0.9954007,-0.2060432,0.0372728
seq-06/frame-000239,1,0.00359200,0.050513,2069,977,755,0.87,91.91,74.38,12.31,179.48,0.940294724,0.019269517,-0.194312592,-0.278777930,-0.9950428,-0.1974292,0.0336993
seq-06/frame-000240,1,0.00574614,0.181069,2350,1209,916,0.93,100.19,93.49,11.81,206.42,0.939769335,0.019329769,-0.199649218,-0.276767315,-0.9932890,-0.1835727,0.0284478
seq-06/frame-000241,1,0.00416499,0.107291,2626,1409,1121,0.92,105.46,104.42,7.43,218.23,0.938987877,0.015980311,-0.204736879,-0.275915217,-0.9929648,-0.1826517,0.0214551
seq-06/frame-000242,1,0.00449667,0.070984,2615,1574,1272,0.91,112.98,111.21,11.38,236.49,0.938408693,0.011822457,-0.212821089,-0.271949516,-1.0015548,-0.1766146,0.0077672
seq-06/frame-000243,1,0.00462757,0.088193,2574,1321,1033,0.95,107.39,110.65,10.63,229.62,0.937169060,0.010606097,-0.217872526,-0.272274175,-1.0004492,-0.1755234,0.0055518
seq-06/frame-000244,1,0.00618703,0.095033,3592,2020,1652,0.97,126.74,148.62,11.79,288.11,0.936439484,0.009751729,-0.221108427,-0.272207752,-1.0012092,-0.1735123,0.0014546
seq-06/frame-000245,1,0.00841996,0.109407,3548,1938,1561,1.11,153.77,135.88,9.48,300.25,0.936448311,0.010057380,-0.223411078,-0.270279299,-0.9934692,-0.1713711,-0.0008765
seq-06/frame-000246,1,0.00884064,0.139260,3540,1929,1540,1.24,121.51,143.77,14.38,280.89,0.936827876,0.010169473,-0.222703491,-0.269542702,-0.9928312,-0.1693747,-0.0071042
seq-06/frame-000247,1,0.00538288,0.072769,3729,2059,1655,1.06,126.07,140.73,19.42,287.28,0.936891473,0.009757075,-0.221187983,-0.270582784,-0.9952124,-0.1677401,-0.0151770
seq-06/frame-000248,1,0.00573298,0.120256,3644,1941,1548,1.10,138.35,148.32,12.99,300.77,0.937150998,0.009752756,-0.219414535,-0.271127558,-0.9978662,-0.1622649,-0.0210965
seq-06/frame-000249,1,0.00840429,0.128055,3652,1953,1572,1.08,141.91,133.65,16.32,292.96,0.937794004,0.009570443,-0.218255646,-0.269843076,-0.9951888,-0.1577708,-0.0279627
seq-06/frame-000250,1,0.02076189,0.357472,2405,1128,882,0.95,91.69,88.59,14.90,196.14,0.941053434,0.010011752,-0.212719971,-0.262808699,-0.9903361,-0.1546681,-0.0357246
seq-06/frame-000251,1,0.01743205,0.264822,2037,985,757,0.92,88.67,74.75,18.05,182.40,0.944567279,0.011338619,-0.207367880,-0.254288526,-0.9817114,-0.1485259,-0.0395778
seq-06/frame-000252,1,0.01091481,0.186338,1945,956,717,0.90,89.04,82.95,11.05,183.94,0.949625968,0.010894739,-0.198887019,-0.241941686,-0.9820319,-0.1476203,-0.0419549
seq-06/frame-000253,1,0.01536919,0.268670,1950,1036,806,0.91,87.45,73.31,7.88,169.55,0.954558427,0.011323612,-0.190986705,-0.228503971,-0.9763730,-0.1431470,-0.0503349
seq-06/frame-000254,1,0.01457111,0.222999,1963,1040,799,0.92,100.43,66.15,7.46,174.97,0.958278025,0.011417537,-0.183180179,-0.219129844,-0.9775059,-0.1405073,-0.0563841
seq-06/frame-000255,1,0.02165829,0.408138,1800,933,699,0.89,89.98,74.56,12.37,177.81,0.961933075,0.011711494,-0.176421599,-0.208381910,-0.9698133,-0.1408974,-0.0627998
seq-06/frame-000256,1,0.02147139,0.392806,1724,776,546,0.88,100.26,57.71,17.05,175.91,0.965463740,0.012173477,-0.169865277,-0.197173428,-0.9557931,-0.1324334,-0.0651085
seq-06/frame-000257,1,0.01395244,0.228320,1772,835,588,0.92,98.69,71.41,14.02,185.04,0.970016082,0.010826205,-0.157315753,-0.184941469,-0.9689386,-0.1335656,-0.0741174
seq-06/frame-000258,1,0.01469079,0.244144,1692,976,751,0.92,84.88,64.46,10.36,160.61,0.973760334,0.012316224,-0.148014552,-0.172426258,-0.9696201,-0.1327937,-0.0814505
seq-06/frame-000259,1,0.01669694,0.288479,1524,800,568,0.85,81.42,55.89,11.02,149.19,0.976396511,0.011714182,-0.141305689,-0.162927389,-0.9583281,-0.1273835,-0.0857012
seq-06/frame-000260,1,0.01085940,0.120053,1578,764,549,0.89,78.61,59.18,6.93,145.62,0.983121340,0.009076453,-0.118821791,-0.138821581,-0.9685690,-0.1182010,-0.1021861
seq-06/frame-000261,1,0.01932151,0.356874,1522,730,523,0.88,69.41,58.97,7.65,136.91,0.985540617,0.008629538,-0.111192298,-0.127559772,-0.9578362,-0.1148579,-0.0960049
seq-06/frame-000262,1,0.00620180,0.072713,1846,1114,880,0.89,80.63,77.62,14.24,173.38,0.988134018,0.005974144,-0.097138580,-0.118825788,-0.9791681,-0.1215829,-0.1167408
seq-06/frame-000263,1,0.00628782,0.168193,1679,820,602,0.88,82.61,74.99,9.30,167.78,0.989782653,0.002574478,-0.087582871,-0.112485169,-0.9944501,-0.1157857,-0.1346185
seq-06/frame-000264,1,0.00804997,0.127717,2182,1248,1024,0.91,93.80,84.83,7.60,187.14,0.991477487,-0.005856458,-0.082894147,-0.100332723,-1.0012458,-0.1179480,-0.1355402
seq-06/frame-000265,1,0.00631059,0.092843,2437,1449,1210,0.97,101.28,98.37,18.34,218.97,0.992686803,-0.008531354,-0.079976727,-0.090021392,-1.0010265,-0.1210782,-0.1251435
seq-06/frame-000266,1,0.00595739,0.089402,1999,1234,1028,0.95,94.62,80.34,10.12,186.03,0.993531927,-0.009055708,-0.077072665,-0.082898183,-0.9900323,-0.1172458,-0.1243299
seq-06/frame-000267,1,0.00622005,0.095045,2028,1265,1067,0.92,104.11,71.33,9.44,185.81,0.994749415,-0.010801315,-0.069054799,-0.074755381,-0.9964138,-0.1147180,-0.1232125
seq-06/frame-000268,1,0.00605254,0.093611,2429,1511,1288,1.23,128.14,101.18,10.66,241.21,0.995767376,-0.013489779,-0.060652029,-0.067725103,-1.0101826,-0.1192411,-0.1271744
seq-06/frame-000269,1,0.00810298,0.130225,2404,1599,1380,0.96,121.80,90.14,10.38,223.29,0.996400517,-0.014880971,-0.055649613,-0.062190730,-1.0137895,-0.1187453,-0.1262127
seq-06/frame-000270,1,0.00649298,0.139317,2080,1252,1047,0.88,84.27,72.33,8.61,166.11,0.997127102,-0.017024139,-0.049887725,-0.054396095,-1.0135585,-0.1168761,-0.1222733
seq-06/frame-000271,1,0.00630970,0.082435,2270,1321,1098,0.96,99.69,108.06,15.74,224.45,0.997832520,-0.019876023,-0.043229632,-0.045457717,-1.0204831,-0.1200269,-0.1201764
seq-06/frame-000272,1,0.00819267,0.097931,2331,1349,1129,0.95,105.90,91.70,17.62,216.17,0.998328142,-0.021989327,-0.037698715,-0.037897194,-1.0285024,-0.1238138,-0.1198276
seq-06/frame-000273,1,0.00630439,0.125520,1892,1182,970,0.86,98.01,79.08,16.08,194.03,0.998746681,-0.023728521,-0.032915941,-0.029301297,-1.0259502,-0.1187447,-0.1131940
seq-06/frame-000274,1,0.00817052,0.177968,1541,911,727,1.18,91.03,55.43,9.51,157.15,0.999052468,-0.025014246,-0.027429704,-0.022717054,-1.0161126,-0.1159154,-0.0998627
seq-06/frame-000275,1,0.00279270,0.095345,1600,970,774,0.87,71.12,60.36,6.53,138.88,0.999301756,-0.026819467,-0.018365505,-0.018423462,-1.0209751,-0.1221929,-0.0978459
seq-06/frame-000276,1,0.00583003,0.054674,2102,1208,977,0.95,113.30,78.58,8.85,201.68,0.999500008,-0.028180421,-0.007402434,-0.012280112,-1.0398673,-0.1311297,-0.0947065
seq-06/frame-000277,1,0.00799630,0.127455,2212,1296,1046,0.94,112.64,91.85,9.26,214.71,0.999572015,-0.028460754,-0.000693072,-0.006729879,-1.0458174,-0.1357604,-0.0923995
seq-06/frame-000278,1,0.01010625,0.066041,2288,1278,1034,0.99,106.32,93.78,9.96,211.05,0.999558119,-0.029214445,0.005385923,-0.001036429,-1.0528137,-0.1460308,-0.0893238
seq-06/frame-000279,1,0.00949481,0.073749,2215,1257,1023,0.93,90.12,79.93,8.23,179.22,0.999539449,-0.027469045,0.011372384,0.006083568,-1.0579322,-0.1462889,-0.0811796
seq-06/frame-000280,1,0.00750013,0.183551,1695,914,704,0.90,85.69,78.92,8.06,173.58,0.999379188,-0.027466082,0.017395583,0.013573765,-1.0546397,-0.1472221,-0.0678359
seq-06/frame-000281,1,0.00848854,0.164451,1638,826,597,0.89,79.34,59.73,8.30,148.26,0.999003974,-0.027807553,0.026549424,0.022647903,-1.0571420,-0.1552058,-0.0602875
seq-06/frame-000282,1,0.00885293,0.200891,1869,999,775,0.89,95.87,80.73,12.75,190.25,0.998536281,-0.026386378,0.036210533,0.030296077,-1.0654472,-0.1658421,-0.0484866
seq-06/frame-000283,1,0.01139975,0.104684,2225,1266,1021,0.99,98.59,97.89,7.14,204.61,0.997994293,-0.027097272,0.045788008,0.034301424,-1.0871057,-0.1791110,-0.0486786
seq-06/frame-000284,1,0.01188627,0.076363,2807,1585,1362,1.00,117.31,123.54,17.96,259.80,0.997622000,-0.026471711,0.050650799,0.038523884,-1.1014403,-0.1900404,-0.0397935
seq-06/frame-000285,1,0.01142590,0.056051,2525,1400,1209,0.96,103.87,100.78,8.71,214.32,0.997382088,-0.025062160,0.052594397,0.042833250,-1.1017316,-0.1943800,-0.0262458
seq-06/frame-000286,1,0.00871476,0.084940,2180,1277,1085,0.92,98.05,83.88,10.02,192.88,0.997055268,-0.022841909,0.056412948,0.046654243,-1.1007614,-0.1975398,-0.0093889
seq-06/frame-000287,1,0.00955939,0.051465,1956,1094,919,1.23,78.96,68.20,6.58,154.97,0.996522843,-0.022906238,0.061934170,0.050810292,-1.1061884,-0.2111068,0.0016260
seq-06/frame-000288,1,0.00759687,0.190097,1690,947,749,0.86,90.85,65.44,7.63,164.78,0.995900533,-0.019274083,0.067890173,0.056582352,-1.1062792,-0.2158739,0.0187503
seq-06/frame-000289,1,0.00875844,0.020057,2318,1511,1312,0.95,99.89,102.74,10.99,214.58,0.995066196,-0.018667833,0.076125238,0.060825377,-1.1222597,-0.2253741,0.0258278
seq-06/frame-000290,1,0.00819787,0.047890,2606,1545,1356,0.95,107.35,95.17,7.65,211.12,0.994538956,-0.021182776,0.080457357,0.063009270,-1.1389521,-0.2353285,0.0290307
seq-06/frame-000291,1,0.00718365,0.116885,2419,1443,1255,0.97,108.14,96.46,7.28,212.86,0.994271116,-0.025074403,0.080379753,0.065843126,-1.1405576,-0.2421888,0.0494432
seq-06/frame-000292,1,0.00935768,0.096547,2593,1593,1408,0.96,118.37,103.88,20.46,243.66,0.993871606,-0.028086637,0.080879600,0.069920401,-1.1384761,-0.2568734,0.0653818
seq-06/frame-000293,1,0.01078550,0.043544,2565,1531,1345,0.92,106.93,103.37,8.00,219.22,0.993518583,-0.027655071,0.083618308,0.071860980,-1.1405408,-0.2668333,0.0788083
seq-06/frame-000294,1,0.01232753,0.117756,2425,1483,1280,0.90,115.01,101.25,7.28,224.43,0.992935582,-0.026842667,0.088151378,0.074751163,-1.1463627,-0.2777255,0.0927835
seq-06/frame-000295,1,0.00886811,0.041530,2410,1493,1299,0.96,104.87,107.12,9.92,222.87,0.992417367,-0.025514925,0.091898418,0.077533473,-1.1476416,-0.2804043,0.1066972
seq-06/frame-000296,1,0.00957365,0.045412,2560,1545,1334,0.98,117.16,102.81,19.37,240.32,0.991674102,-0.025998198,0.096090692,0.081689344,-1.1535250,-0.2892939,0.1175635
seq-06/frame-000297,1,0.01118616,0.059067,2365,1349,1155,0.96,114.97,120.89,9.90,246.72,0.990859968,-0.026920793,0.099944978,0.086503159,-1.1582750,-0.2999341,0.1288927
seq-06/frame-000298,1,0.00855487,0.045764,2206,1350,1175,0.90,110.48,83.70,8.73,203.81,0.990119016,-0.025805885,0.103828095,0.090653832,-1.1593049,-0.3063023,0.1450390
seq-06/frame-000299,1,0.01010152,0.111271,2321,1457,1257,0.92,96.24,96.38,15.07,208.62,0.989366450,-0.025690612,0.109077590,0.092715150,-1.1629417,-0.3091714,0.1570674
seq-06/frame-000300,1,0.00781773,0.133102,2481,1517,1321,1.26,93.48,110.43,18.66,223.84,0.988369519,-0.028289017,0.114454900,0.096049475,-1.1746715,-0.3174508,0.1667571
seq-06/frame-000301,1,0.00637191,0.080881,2285,1257,1030,0.92,97.04,96.49,6.35,200.80,0.987782836,-0.032659181,0.116708017,0.097967779,-1.1872492,-0.3258913,0.1803347
seq-06/frame-000302,1,0.00812001,0.089842,2518,1370,1195,0.95,102.88,112.92,9.35,226.11,0.987457075,-0.036184559,0.116353994,0.100403937,-1.1889542,-0.3312598,0.1973541
seq-06/frame-000303,1,0.00980635,0.041559,2829,1724,1484,0.98,102.61,119.18,7.52,230.30,0.986892026,-0.039325786,0.118035558,0.102787250,-1.1944780,-0.3405573,0.2131630
seq-06/frame-000304,1,0.00619459,0.062113,2529,1377,1159,0.94,107.91,98.22,11.50,218.57,0.986480551,-0.041259183,0.119302388,0.104502359,-1.2017559,-0.3439032,0.2266576
seq-06/frame-000305,1,0.00927054,0.076449,2546,1363,1138,0.92,113.47,99.80,7.91,222.10,0.985970159,-0.044972577,0.119611445,0.107393734,-1.2083058,-0.3514928,0.2411949
seq-06/frame-000306,1,0.00870260,0.045837,2766,1593,1370,0.94,123.08,122.38,11.26,257.66,0.985427420,-0.047080711,0.120139650,0.110827216,-1.2154687,-0.3574076,0.2584668
seq-06/frame-000307,1,0.00870917,0.042181,2769,1510,1286,0.98,117.47,125.60,6.94,250.98,0.985069778,-0.048596910,0.120060418,0.113407977,-1.2182523,-0.3611027,0.2765604
seq-06/frame-000308,1,0.00763405,0.059953,2928,1599,1380,0.95,114.95,145.03,10.80,271.73,0.984620027,-0.049782777,0.121368740,0.115389369,-1.2193181,-0.3609205,0.2951266
seq-06/frame-000309,1,0.00750026,0.065647,2701,1562,1361,0.96,123.09,110.42,7.47,241.94,0.983722424,-0.052349017,0.124955136,0.118050783,-1.2264021,-0.3693147,0.3114128
seq-06/frame-000310,1,0.00798656,0.067188,2820,1618,1381,0.98,114.86,145.98,12.36,274.18,0.982878664,-0.054135355,0.128207486,0.120754855,-1.2356808,-0.3750745,0.3255479
seq-06/frame-000311,1,0.00827496,0.094452,2625,1547,1297,0.96,107.90,119.52,11.50,239.89,0.982019920,-0.055669393,0.130675236,0.124345397,-1.2406146,-0.3802890,0.3433342
seq-06/frame-000312,1,0.00992100,0.104117,2395,1397,1183,0.92,80.94,97.27,12.47,191.60,0.980882116,-0.056581402,0.134637307,0.128614214,-1.2447421,-0.3855180,0.3589886
seq-06/frame-000313,1,0.01068370,0.152870,2228,1348,1118,2.02,90.49,94.15,13.29,199.95,0.979487734,-0.057652782,0.140478739,0.132460028,-1.2501617,-0.3931254,0.3747149
seq-06/frame-000314,1,0.01136527,0.085462,2608,1557,1319,0.94,91.78,142.68,8.44,243.85,0.978197036,-0.057734636,0.146891866,0.134981664,-1.2612593,-0.4010102,0.3908539
seq-06/frame-000315,1,0.00750742,0.064135,2432,1402,1184,0.91,105.10,110.43,7.01,223.45,0.977313823,-0.058274995,0.151688987,0.135838754,-1.2718409,-0.4009324,0.4032501
seq-06/frame-000316,1,0.00671845,0.092933,2085,1086,891,0.93,88.18,133.32,9.10,231.53,0.976128915,-0.064810100,0.156021722,0.136488879,-1.2851812,-0.4113601,0.4195385
seq-06/frame-000317,1,0.00951605,0.048811,2463,1458,1236,1.45,102.59,117.54,7.17,228.76,0.975255544,-0.069829016,0.157687048,0.138330500,-1.2896989,-0.4237288,0.4365561
seq-06/frame-000318,1,0.01092918,0.143589,2087,1156,976,0.93,101.88,149.57,17.16,269.54,0.974385220,-0.070870523,0.159734116,0.141547955,-1.2942433,-0.4370642,0.4543544
seq-06/frame-000319,1,0.01180068,0.134798,1963,1032,839,0.87,88.40,145.44,12.42,247.13,0.973802171,-0.067082431,0.161805814,0.145010892,-1.2951250,-0.4445130,0.4711492
seq-06/frame-000320,1,0.01173549,0.117589,2633,1531,1266,0.95,123.84,125.75,8.90,259.44,0.973848487,-0.064527100,0.164505628,0.142805031,-1.3047293,-0.4462338,0.4813597
seq-06/frame-000321,1,0.01218765,0.128653,2536,1583,1330,0.95,92.25,119.19,10.30,222.70,0.973560767,-0.063745450,0.167500173,0.141632067,-1.3150418,-0.4548412,0.4963524
seq-06/frame-000322,1,0.01138492,0.039105,2530,1565,1340,2.16,101.01,134.96,25.40,263.53,0.973085779,-0.061561525,0.170037348,0.142833981,-1.3262818,-0.4574524,0.5090510
seq-06/frame-000323,1,0.01446257,0.154957,1950,1109,887,1.73,90.91,109.16,14.14,215.94,0.972711869,-0.060417036,0.170353139,0.145468931,-1.3345839,-0.4699156,0.5239849
seq-06/frame-000324,1,0.00722377,0.083814,2398,1478,1251,0.91,84.18,128.08,9.57,222.74,0.973070146,-0.055755468,0.168883407,0.146643149,-1.3288447,-0.4672792,0.5426025
seq-06/frame-000325,1,0.00664813,0.076157,2267,1481,1281,0.94,156.33,162.32,10.20,329.79,0.972995823,-0.052814551,0.170556072,0.146288677,-1.3280175,-0.4620090,0.5495196
seq-06/frame-000326,1,0.00783665,0.101795,2678,1641,1392,0.97,123.07,209.76,9.90,343.71,0.971699939,-0.053038367,0.177278599,0.146827988,-1.3353793,-0.4653324,0.5653584
seq-06/frame-000327,1,0.00776301,0.084454,3357,2085,1761,0.98,126.35,189.13,10.02,326.48,0.970765097,-0.054586794,0.181274662,0.147563225,-1.3427051,-0.4718409,0.5764647
seq-06/frame-000328,1,0.00946751,0.079793,2728,1822,1592,2.93,133.02,128.97,14.57,279.50,0.970324655,-0.056391400,0.183042905,0.147598677,-1.3416106,-0.4779874,0.5873018
seq-06/frame-000329,1,0.00454483,0.087948,1554,903,767,4.17,81.88,83.07,11.99,181.12,0.969452716,-0.056566554,0.186999287,0.148300113,-1.3365345,-0.4855095,0.6005182
seq-06/frame-000330,1,0.00894033,0.142293,1500,851,675,0.83,101.82,96.21,10.57,209.43,0.968336905,-0.054575747,0.193212182,0.148371761,-1.3381084,-0.4929538,0.6091039
seq-06/frame-000331,1,0.00970322,0.120279,2348,1464,1232,0.89,136.45,101.75,10.63,249.73,0.967161246,-0.051485421,0.199886748,0.148302609,-1.3448845,-0.4982602,0.6262551
seq-06/frame-000332,1,0.00896403,0.091776,3147,1936,1652,0.95,143.11,126.34,12.34,282.75,0.966639384,-0.049012038,0.202693473,0.148732905,-1.3487816,-0.5003352,0.6378177
seq-06/frame-000333,1,0.00964727,0.079116,2432,1379,1177,0.93,129.29,106.29,10.83,247.35,0.966193898,-0.047955112,0.204449740,0.149565914,-1.3450013,-0.5035841,0.6450578
seq-06/frame-000334,1,0.00684906,0.044583,1773,1009,850,0.92,91.76,78.87,9.27,180.81,0.965356151,-0.047506523,0.208457429,0.149586541,-1.3414802,-0.5057928,0.6546967
seq-06/frame-000335,1,0.00683132,0.108467,1609,858,692,0.88,70.51,66.06,14.63,152.08,0.964049034,-0.047135434,0.213588754,0.150889213,-1.3348002,-0.5116563,0.6645886
seq-06/frame-000336,1,0.00909421,0.143765,1798,1006,827,0.91,92.01,82.66,6.85,182.43,0.962420827,-0.046110056,0.220152398,0.152160890,-1.3341856,-0.5180626,0.6756109
seq-06/frame-000337,1,0.00979329,0.112375,2124,1195,1015,0.91,107.32,102.04,7.18,217.45,0.960983777,-0.045257900,0.226102135,0.152773448,-1.3361297,-0.5245772,0.6880793
seq-06/frame-000338,1,0.00922736,0.106239,1868,1064,921,0.88,103.16,85.30,12.09,201.42,0.960029996,-0.044605694,0.229936655,0.153237963,-1.3319729,-0.5304972,0.6983206
seq-06/frame-000339,1,0.00759686,0.136574,1577,873,721,0.84,75.58,62.56,7.49,146.49,0.958963726,-0.042896831,0.234228152,0.153901287,-1.3262162,-0.5359647,0.7083189
seq-06/frame-000340,1,0.00707684,0.132652,1385,736,582,0.82,75.89,51.11,15.01,142.83,0.957459598,-0.040861107,0.239816234,0.155208446,-1.3217841,-0.5449856,0.7204384
seq-06/frame-000341,1,0.00668463,0.102572,1513,937,783,0.84,90.91,51.38,15.62,158.75,0.956299617,-0.037269984,0.245126718,0.154967357,-1.3210852,-0.5508387,0.7331736
seq-06/frame-000342,1,0.01199003,0.134460,1396,745,596,3.33,93.11,65.11,9.12,170.68,0.955380997,-0.035655143,0.248879280,0.155032140,-1.3220517,-0.5668769,0.7418286
seq-06/frame-000343,1,0.00826167,0.143033,1295,618,411,0.81,104.79,51.07,10.42,167.09,0.955102157,-0.028526665,0.250393301,0.155786053,-1.3137734,-0.5716232,0.7530949
seq-06/frame-000344,1,0.01004409,0.148355,1451,806,662,0.83,78.54,71.36,18.95,169.67,0.954882778,-0.022927925,0.251990678,0.155479542,-1.3067322,-0.5740455,0.7548182
seq-06/frame-000345,1,0.00957134,0.212645,1512,830,665,0.86,76.75,59.41,8.07,145.09,0.954029532,-0.019121910,0.255746729,0.155098729,-1.2980592,-0.5733235,0.7592051
seq-06/frame-000346,1,0.00937607,0.179231,1773,1031,882,0.92,83.78,66.71,10.16,161.57,0.952292584,-0.018391528,0.262460524,0.154644944,-1.2971424,-0.5779384,0.7705470
seq-06/frame-000347,1,0.00734165,0.084073,1900,1203,1021,0.90,96.67,99.57,6.96,204.11,0.950428984,-0.017768836,0.268638337,0.155571398,-1.2963802,-0.5837066,0.7860982
seq-06/frame-000348,1,0.01061907,0.097055,1774,1067,893,0.85,112.00,75.22,13.91,201.98,0.949282307,-0.016888080,0.271626107,0.157471113,-1.2915431,-0.5959252,0.7927921
seq-06/frame-000349,1,0.00835918,0.138605,1771,1059,900,0.88,85.06,93.83,10.39,190.15,0.948534612,-0.014422394,0.274496324,0.157244565,-1.2814087,-0.5977432,0.8007700
seq-06/frame-000350,1,0.00997164,0.237443,1652,939,777,0.91,79.75,64.76,7.39,152.80,0.947490065,-0.012998911,0.278368813,0.156857924,-1.2724524,-0.6005032,0.8066323
seq-06/frame-000351,1,0.01000161,0.164144,1752,1030,848,4.62,100.61,77.82,8.71,191.77,0.945409485,-0.013091193,0.285088987,0.157333389,-1.2714295,-0.6058625,0.8181581
seq-06/frame-000352,1,0.00806732,0.164481,1916,1148,980,0.94,96.29,91.11,14.20,202.54,0.943225501,-0.012353137,0.291034871,0.159598741,-1.2672726,-0.6103922,0.8306843
seq-06/frame-000353,1,0.01037007,0.194670,1890,1234,1061,1.25,101.55,109.11,9.31,221.22,0.941807051,-0.012796235,0.295129107,0.160419905,-1.2616668,-0.6135433,0.8365163
seq-06/frame-000354,1,0.00823242,0.149052,2127,1348,1159,1.39,101.21,83.56,14.04,200.21,0.940280354,-0.015799248,0.300671620,0.158807482,-1.2576891,-0.6207962,0.8504398
seq-06/frame-000355,1,0.00881598,0.192137,2012,1221,1033,0.92,116.10,75.37,7.09,199.49,0.939048755,-0.017274499,0.304961683,0.157757408,-1.2528777,-0.6286437,0.8611696
seq-06/frame-000356,1,0.00798987,0.167918,1914,1178,1006,0.93,77.75,81.32,17.44,177.45,0.937646531,-0.017528510,0.309689055,0.156857974,-1.2486442,-0.6355052,0.8717522
seq-06/frame-000357,1,0.00779229,0.151640,2356,1504,1304,0.96,102.16,102.02,9.76,214.90,0.936256422,-0.017055862,0.314503664,0.155629225,-1.2466886,-0.6370623,0.8834528
seq-06/frame-000358,1,0.00815710,0.123122,2509,1628,1415,0.98,114.09,85.60,8.32,208.99,0.934883935,-0.017085933,0.318415045,0.155922924,-1.2445760,-0.6412846,0.8942911
seq-06/frame-000359,1,0.00696574,0.130783,2301,1465,1278,0.98,109.97,94.25,11.62,216.82,0.933428917,-0.017591844,0.321938535,0.157342188,-1.2395707,-0.6476277,0.9042312
seq-06/frame-000360,1,0.00775633,0.123266,2170,1440,1245,0.97,118.55,95.78,8.08,223.38,0.931902665,-0.018298403,0.325937254,0.158074342,-1.2344619,-0.6533167,0.9128485
seq-06/frame-000361,1,0.00623772,0.161047,2325,1462,1240,0.93,92.17,86.49,9.17,188.77,0.928581507,-0.018307030,0.334571330,0.159572124,-1.2250926,-0.6653427,0.9387716
seq-06/frame-000362,1,0.00643855,0.073388,2427,1547,1302,0.95,101.26,110.91,16.54,229.67,0.926975719,-0.017252240,0.338617821,0.160487844,-1.2249413,-0.6710205,0.9515793
seq-06/frame-000363,1,0.00716775,0.136066,2111,1342,1130,0.90,103.41,81.17,9.36,194.83,0.925904390,-0.016101418,0.340809358,0.162144342,-1.2186987,-0.6787061,0.9605465
seq-06/frame-000364,1,0.00658585,0.102239,2075,1260,1066,0.91,90.81,92.63,11.35,195.70,0.924497110,-0.014598837,0.344586054,0.162334281,-1.2154199,-0.6854950,0.9712408
seq-06/frame-000365,1,0.00714364,0.146163,2035,1199,1002,0.89,101.81,83.73,11.54,197.97,0.923326549,-0.013375673,0.348067430,0.161673251,-1.2101231,-0.6913011,0.9824787
seq-06/frame-000366,1,0.00600491,0.130203,1917,1147,957,1.24,96.93,86.62,12.01,196.80,0.921740849,-0.011645436,0.352356407,0.161564706,-1.2071292,-0.6964437,0.9930301
seq-06/frame-000367,1,0.00769265,0.081657,2086,1305,1066,0.95,92.95,85.30,13.62,192.82,0.919727368,-0.010328526,0.357598959,0.161610257,-1.2072050,-0.6994716,1.0029347
seq-06/frame-000368,1,0.00687107,0.090099,1919,1176,1003,0.95,93.59,81.07,15.43,191.04,0.917276534,-0.011015482,0.363176648,0.163049509,-1.2030806,-0.7054465,1.0159680
seq-06/frame-000369,1,0.00573191,0.043232,1594,896,678,0.91,77.38,70.70,11.76,160.77,0.911946971,-0.011676238,0.375759041,0.164382272,-1.1917805,-0.7170692,1.0387428
seq-06/frame-000370,1,0.00687159,0.107013,2292,1399,1182,0.97,95.19,104.63,9.36,210.16,0.908478740,-0.011677365,0.383457937,0.165801173,-1.1934727,-0.7207789,1.0551024
seq-06/frame-000371,1,0.00557218,0.146434,2753,1604,1340,0.97,114.04,115.19,13.56,243.76,0.906177378,-0.014097678,0.387642347,0.168455409,-1.1904886,-0.7272202,1.0726232
seq-06/frame-000372,1,0.00690656,0.134902,2728,1499,1224,0.99,116.77,120.43,9.79,247.98,0.904975877,-0.016158432,0.389418487,0.170618899,-1.1846725,-0.7375577,1.0857680
seq-06/frame-000373,1,0.00595392,0.087759,2142,1141,914,0.90,101.95,100.82,15.98,219.66,0.903928661,-0.015953516,0.391719215,0.170922549,-1.1788040,-0.7474136,1.1000794
seq-06/frame-000374,1,0.00783179,0.125915,1941,1074,879,0.87,90.29,69.17,8.97,169.31,0.902992044,-0.013657738,0.393765807,0.171368967,-1.1749758,-0.7554712,1.1106444
seq-06/frame-000375,1,0.00648447,0.123558,2338,1323,1066,0.91,104.91,89.54,12.21,207.58,0.902079181,-0.009649637,0.395762884,0.171848117,-1.1696928,-0.7561865,1.1199802
seq-06/frame-000376,1,0.00824188,0.143088,2041,1110,879,0.90,82.49,91.43,11.55,186.37,0.901475860,-0.009159347,0.398634873,0.168367509,-1.1619442,-0.7705509,1.1372928
seq-06/frame-000377,1,0.00653598,0.192222,1832,957,751,0.88,81.81,70.29,17.34,170.33,0.901491553,-0.007411040,0.400326244,0.164307502,-1.1582392,-0.7757937,1.1502341
seq-06/frame-000378,1,0.00823208,0.205723,1789,928,728,0.87,88.46,75.22,8.27,172.83,0.901795660,-0.005182510,0.401137526,0.160705989,-1.1547492,-0.7811578,1.1569163
seq-06/frame-000379,1,0.00832588,0.193755,2000,1033,825,0.89,105.80,77.30,7.52,191.51,0.902309402,-0.003511753,0.401437975,0.157076295,-1.1502234,-0.7860584,1.1624359
seq-06/frame-000380,1,0.00805052,0.169933,2173,1170,911,0.90,89.43,96.15,12.28,198.76,0.902967928,-0.002305700,0.401553768,0.152964621,-1.1467038,-0.7904572,1.1672477
seq-06/frame-000381,1,0.00630921,0.140850,2411,1338,1084,0.95,89.14,99.67,8.57,198.33,0.904393970,-0.001453570,0.401815916,0.143573690,-1.1380878,-0.7940970,1.1787725
seq-06/frame-000382,1,0.00611462,0.144328,2384,1277,1001,0.96,98.55,89.60,14.03,203.14,0.906527369,-0.004116986,0.399267477,0.137027962,-1.1338547,-0.7968075,1.1800788
seq-06/frame-000383,1,0.00640832,0.090633,2313,1116,857,1.33,126.36,97.07,12.87,237.62,0.907561523,-0.008345543,0.399045182,0.130481326,-1.1292519,-0.8002251,1.1770431
seq-06/frame-000384,1,0.00827929,0.124943,2327,1185,911,0.93,104.53,85.42,8.11,198.99,0.907861344,-0.013469659,0.400452733,0.123466417,-1.1231969,-0.8052997,1.1764339
seq-06/frame-000385,1,0.00371908,0.124154,2482,1226,935,0.99,110.61,109.17,12.81,233.58,0.907951136,-0.017479770,0.402073105,0.116860649,-1.1164713,-0.8054723,1.1820609
seq-06/frame-000386,1,0.00874646,0.264986,2376,1245,971,0.89,107.43,88.13,7.23,203.69,0.909253714,-0.024187030,0.400457835,0.110933281,-1.1079709,-0.8036469,1.1848580
seq-06/frame-000387,1,0.00968806,0.269150,2060,1038,813,0.87,111.03,82.61,11.34,205.86,0.910831604,-0.027915387,0.396817319,0.110193173,-1.1023285,-0.8014996,1.1810785
seq-06/frame-000388,1,0.00896208,0.319748,1912,928,686,0.88,88.69,73.72,7.04,170.33,0.912314357,-0.033505264,0.393088076,0.109734567,-1.0940639,-0.8019384,1.1766671
seq-06/frame-000389,1,0.00899234,0.285255,2328,1159,875,0.92,96.94,75.86,12.96,186.69,0.913296069,-0.040130984,0.390465783,0.108702653,-1.0872924,-0.8052872,1.1746624
seq-06/frame-000390,1,0.00974319,0.251130,2598,1415,1100,0.93,127.85,105.05,8.89,242.73,0.914605091,-0.045001744,0.387273750,0.107198010,-1.0804670,-0.8091123,1.1706933
seq-06/frame-000391,1,0.00577732,0.186261,2881,1515,1197,0.97,136.79,105.45,10.78,253.99,0.918470944,-0.051927149,0.378841908,0.100962890,-1.0632726,-0.8067880,1.1558834
seq-06/frame-000392,1,0.00651763,0.146563,2724,1377,1087,0.98,105.45,101.58,11.96,219.97,0.919852481,-0.054879803,0.375992342,0.097413448,-1.0578047,-0.8070289,1.1437545
seq-06/frame-000393,1,0.00904604,0.210225,2339,1140,853,0.91,100.86,101.53,11.05,214.36,0.921404620,-0.057626277,0.372548510,0.094341643,-1.0514010,-0.8015624,1.1287871
seq-06/frame-000394,1,0.01084035,0.318798,2113,1000,748,0.89,105.97,94.04,8.76,209.66,0.923081571,-0.063702899,0.368365432,0.090383975,-1.0426015,-0.7990332,1.1170570
seq-06/frame-000395,1,0.00717443,0.206027,2365,1261,986,0.91,105.39,99.08,10.81,216.20,0.924729137,-0.069827018,0.364494616,0.084521505,-1.0364907,-0.7986384,1.1107226
seq-06/frame-000396,1,0.00496458,0.114808,2600,1369,1050,0.96,124.84,107.06,9.11,241.97,0.926689775,-0.073156064,0.359772965,0.080359604,-1.0266111,-0.7978166,1.0963008
seq-06/frame-000397,1,0.00463319,0.103831,2643,1309,986,0.95,116.11,106.93,13.47,237.46,0.929551798,-0.078529025,0.353088497,0.071380398,-1.0096057,-0.7897242,1.0634735
seq-06/frame-000398,1,0.00983169,0.184422,2192,1148,860,0.91,94.06,88.25,15.91,199.13,0.931201387,-0.082957871,0.348617459,0.066692096,-1.0027240,-0.7883330,1.0405747
seq-06/frame-000399,1,0.00565229,0.171159,1964,823,555,0.91,98.81,72.86,9.13,181.73,0.932652489,-0.088458313,0.344328360,0.061420212,-0.9885855,-0.7802878,1.0213558
seq-06/frame-000400,1,0.00863167,0.077302,1812,821,572,0.91,104.72,62.29,8.17,176.10,0.932836828,-0.095970396,0.342767443,0.055817702,-0.9821694,-0.7772106,1.0015968
seq-06/frame-000401,1,0.00864419,0.137155,1981,836,543,0.91,95.04,78.81,6.60,181.35,0.932746969,-0.104134639,0.341537119,0.049914586,-0.9691350,-0.7760661,0.9871350
seq-06/frame-000402,1,0.00602123,0.056380,1894,938,668,1.24,93.35,77.22,6.38,178.18,0.933311023,-0.110017412,0.339047197,0.043286288,-0.9596556,-0.7664075,0.9686946
seq-06/frame-000403,1,0.00937629,0.175514,1736,838,614,0.88,94.50,67.18,11.24,173.80,0.933220058,-0.116392261,0.337580461,0.039907367,-0.9460481,-0.7624915,0.9490673
seq-06/frame-000404,1,0.00973578,0.116858,1994,919,681,0.92,98.04,74.95,10.44,184.36,0.932397292,-0.123007233,0.337988258,0.035615278,-0.9360237,-0.7603084,0.9379607
seq-06/frame-000405,1,0.00524551,0.148595,1950,969,737,0.89,95.01,80.48,13.61,190.01,0.932851023,-0.124825555,0.336396623,0.032324321,-0.9257603,-0.7434194,0.9273016
seq-06/frame-000406,1,0.00728324,0.127462,1542,834,628,0.85,74.59,67.11,15.29,157.85,0.933934089,-0.128568494,0.332175213,0.029948087,-0.9182501,-0.7322047,0.9133420
seq-06/frame-000407,1,0.01153160,0.247026,1539,792,594,0.84,75.75,61.48,12.83,150.90,0.935711202,-0.135585776,0.324622912,0.026096159,-0.9033440,-0.7284387,0.8906063
seq-06/frame-000408,1,0.00965231,0.189364,1709,930,714,0.86,87.51,62.86,11.26,162.49,0.935487327,-0.144208712,0.321860170,0.021756371,-0.8862061,-0.7296245,0.8755928
seq-06/frame-000409,1,0.00448267,0.121787,2251,1052,781,0.91,105.77,94.43,8.03,209.15,0.934598314,-0.147356765,0.323231939,0.018250734,-0.8786647,-0.7195242,0.8719899
seq-06/frame-000410,1,0.00647430,0.210998,1936,1124,891,0.87,90.84,65.17,11.23,168.12,0.935413879,-0.148419953,0.320419281,0.017432045,-0.8684344,-0.7033080,0.8624742
seq-06/frame-000411,1,0.00641549,0.190711,2545,1574,1355,0.90,112.59,103.22,8.81,225.52,0.936387572,-0.151338252,0.316123034,0.018473641,-0.8569697,-0.7001067,0.8566472
seq-06/frame-000412,1,0.00471387,0.138126,3205,1749,1455,0.99,128.85,116.78,8.20,254.83,0.938374819,-0.152016215,0.309833560,0.018626182,-0.8413656,-0.6957391,0.8425590
seq-06/frame-000413,1,0.00390871,0.146983,2885,1564,1268,1.00,125.15,118.64,13.81,258.59,0.939944245,-0.151505192,0.305347702,0.017713660,-0.8256779,-0.6895045,0.8265881
seq-06/frame-000414,1,0.00439787,0.117361,2794,1566,1293,0.98,118.27,126.95,7.15,253.37,0.940646029,-0.151683967,0.303154243,0.016568882,-0.8129070,-0.6830395,0.8125552
seq-06/frame-000415,1,0.00337096,0.143599,2622,1493,1223,0.95,125.20,116.54,10.10,252.79,0.941004087,-0.152144993,0.301821137,0.016346594,-0.7979327,-0.6789345,0.8030424
seq-06/frame-000416,1,0.00412609,0.179778,2477,1362,1119,0.92,115.48,86.23,19.10,221.73,0.941270245,-0.150501763,0.301828565,0.016095404,-0.7852358,-0.6721827,0.7902526
seq-06/frame-000417,1,0.00439761,0.153694,2944,1685,1371,0.97,117.49,120.12,8.70,247.28,0.941394026,-0.149311232,0.302096097,0.014879254,-0.7746320,-0.6631810,0.7795695
seq-06/frame-000418,1,0.00334584,0.108782,3406,1906,1532,1.03,129.29,130.82,16.46,277.60,0.941595078,-0.149303510,0.301498334,0.014350142,-0.7642352,-0.6564396,0.7756205
seq-06/frame-000419,1,0.00267349,0.108539,3161,1770,1494,0.99,130.05,157.43,10.86,299.33,0.942549154,-0.147981529,0.299074340,0.016034286,-0.7522322,-0.6474456,0.7676065
seq-06/frame-000420,1,0.00454366,0.188246,2713,1506,1250,0.96,115.04,107.82,13.47,237.30,0.943589096,-0.148575251,0.295375320,0.017844712,-0.7358126,-0.6432308,0.7535324
seq-06/frame-000421,1,0.00431028,0.270731,2049,977,757,0.88,103.03,79.73,9.74,193.38,0.944316706,-0.150394308,0.292141078,0.017352294,-0.7147283,-0.6358872,0.7361665
seq-06/frame-000422,1,0.00708541,0.338563,1865,1100,865,1.20,89.16,71.62,10.69,172.67,0.943169662,-0.155421103,0.293251338,0.016700990,-0.6974742,-0.6323785,0.7277715
seq-06/frame-000423,1,0.00480770,0.158255,2757,1559,1272,0.93,115.58,102.27,11.06,229.85,0.941315323,-0.159677016,0.297001231,0.014798078,-0.6904712,-0.6286364,0.7333446
seq-06/frame-000424,1,0.00501674,0.185218,2714,1491,1229,1.31,122.96,105.89,7.29,237.47,0.941515110,-0.161768324,0.295350241,0.012187771,-0.6777529,-0.6227998,0.7289683
seq-06/frame-000425,1,0.00369445,0.146620,2484,1417,1128,0.92,99.88,105.33,9.07,215.20,0.941839062,-0.165687343,0.292290629,0.007285138,-0.6600344,-0.6203405,0.7228978
seq-06/frame-000426,1,0.00463617,0.208844,2842,1560,1260,0.97,117.88,147.96,8.46,275.27,0.941833622,-0.168131781,0.290986857,0.002789546,-0.6457210,-0.6187486,0.7218863
seq-06/frame-000427,1,0.00380492,0.158183,3029,1798,1504,0.97,115.39,160.56,11.67,288.59,0.942617986,-0.168022854,0.288505258,-0.002090269,-0.6339863,-0.6119505,0.7209837
seq-06/frame-000428,1,0.00480964,0.264774,2222,1401,1170,0.89,96.86,117.73,7.36,222.84,0.944487521,-0.167460316,0.282640881,-0.003807610,-0.6189390,-0.5991589,0.7128619
seq-06/frame-000429,1,0.00314543,0.173156,2422,1521,1255,0.89,114.93,125.22,12.90,253.94,0.944759863,-0.174224523,0.277513027,-0.007818993,-0.6031228,-0.6026035,0.7101130
seq-06/frame-000430,1,0.00470516,0.221024,2538,1553,1356,0.89,143.33,90.58,16.64,251.45,0.945189169,-0.178404400,0.273032343,-0.015577046,-0.5876641,-0.6046198,0.7086669
seq-06/frame-000431,1,0.00606512,0.285320,2798,1764,1498,0.94,122.73,105.34,11.62,240.63,0.946487040,-0.178579111,0.267818506,-0.023345900,-0.5743430,-0.5971828,0.7056982
seq-06/frame-000432,1,0.00435568,0.218873,1797,1181,1027,0.87,95.94,75.39,15.03,187.22,0.947733091,-0.178967433,0.262783675,-0.026784066,-0.5691903,-0.5877417,0.7094307
seq-06/frame-000433,1,0.00376751,0.204331,2193,1383,1186,0.91,104.77,84.68,7.38,197.75,0.950422321,-0.180235955,0.252044961,-0.026186840,-0.5513691,-0.5887287,0.7084673
seq-06/frame-000434,1,0.00505002,0.242030,2653,1704,1444,0.90,130.41,103.55,7.75,242.60,0.953147676,-0.180529843,0.241185845,-0.027347251,-0.5270223,-0.5878432,0.6952551
seq-06/frame-000435,1,0.00324173,0.152483,2997,1861,1579,0.95,150.21,130.57,11.30,293.03,0.953485258,-0.182985849,0.237447058,-0.031637581,-0.5142081,-0.5868198,0.6959197
seq-06/frame-000436,1,0.00440706,0.210638,2701,1722,1464,0.96,103.33,127.03,10.36,241.68,0.954776680,-0.182684747,0.232403153,-0.031883364,-0.4996312,-0.5826404,0.6952363
seq-06/frame-000437,1,0.00410159,0.194787,2701,1742,1503,0.93,129.02,119.01,11.72,260.70,0.956385049,-0.181697168,0.226749015,-0.029977685,-0.4852879,-0.5810243,0.6943535
seq-06/frame-000438,1,0.00483648,0.200728,2801,1802,1544,0.95,109.70,104.89,10.37,225.91,0.958395885,-0.180142508,0.219426289,-0.029632906,-0.4663158,-0.5820578,0.6881990
seq-06/frame-000439,1,0.00328872,0.163611,2848,1816,1541,1.23,126.29,131.89,11.16,270.57,0.959881023,-0.177856496,0.214608880,-0.030635245,-0.4520246,-0.5793080,0.6862608
seq-06/frame-000440,1,0.00465031,0.195148,2719,1772,1489,0.94,98.59,109.67,10.73,219.93,0.961790743,-0.174904433,0.208340437,-0.031004323,-0.4359337,-0.5769778,0.6812811
seq-06/frame-000441,1,0.00358405,0.126651,2782,1717,1465,0.97,127.21,104.38,10.69,243.26,0.963660392,-0.172199565,0.201652712,-0.032282233,-0.4184653,-0.5723946,0.6742908
seq-06/frame-000442,1,0.00520539,0.238045,2663,1543,1255,0.95,130.61,97.35,10.42,239.32,0.964960617,-0.171529516,0.195703565,-0.033596834,-0.3981464,-0.5708867,0.6683824
seq-06/frame-000443,1,0.00318728,0.107200,2647,1485,1243,0.94,97.58,105.34,11.80,215.66,0.965429676,-0.171076545,0.193348878,-0.035980110,-0.3831250,-0.5693592,0.6656170
seq-06/frame-000444,1,0.00354690,0.141221,2915,1650,1359,0.97,123.16,115.21,8.88,248.22,0.966102420,-0.169660089,0.190846039,-0.037938856,-0.3691647,-0.5635355,0.6631978
seq-06/frame-000445,1,0.00417706,0.162307,2831,1653,1394,0.94,115.76,118.82,12.57,248.09,0.966894048,-0.169523288,0.186680543,-0.039091309,-0.3522451,-0.5606256,0.6596473
seq-06/frame-000446,1,0.00535011,0.198880,2677,1527,1267,0.93,110.09,115.75,9.61,236.38,0.967440153,-0.169816649,0.182979531,-0.041717465,-0.3356440,-0.5587519,0.6569109
seq-06/frame-000447,1,0.00329521,0.080463,2551,1475,1195,0.93,113.66,103.05,9.83,227.47,0.967662842,-0.170381420,0.180456112,-0.045104177,-0.3214405,-0.5594005,0.6578581
seq-06/frame-000448,1,0.00317999,0.093789,2604,1478,1235,0.91,106.75,108.00,13.62,229.29,0.968361797,-0.168686416,0.177663038,-0.047499138,-0.3072709,-0.5583074,0.6577087
seq-06/frame-000449,1,0.00319570,0.138001,2725,1557,1293,0.93,111.02,115.41,12.08,239.44,0.969411240,-0.165540841,0.174135327,-0.050149442,-0.2940989,-0.5533452,0.6566674
seq-06/frame-000450,1,0.00400222,0.152149,2651,1498,1246,0.92,111.53,102.90,9.36,224.71,0.970768692,-0.163456239,0.167761763,-0.052404163,-0.2759233,-0.5512828,0.6510563
seq-06/frame-000451,1,0.00423133,0.110356,2176,1239,1044,0.89,91.00,86.42,14.77,193.08,0.971519198,-0.162983475,0.162600976,-0.056104886,-0.2574077,-0.5519585,0.6465782
seq-06/frame-000452,1,0.00561849,0.189078,2246,1303,1094,0.88,96.26,90.43,12.14,199.72,0.971980250,-0.162007668,0.158932276,-0.061224519,-0.2403337,-0.5521637,0.6435338
seq-06/frame-000453,1,0.00386032,0.124475,2523,1472,1257,0.88,107.18,101.11,8.30,217.47,0.972032566,-0.161468809,0.156450694,-0.067850534,-0.2310589,-0.5495936,0.6434166
seq-06/frame-000454,1,0.00364993,0.183855,2277,1390,1188,0.89,94.21,97.37,10.02,202.48,0.972286790,-0.162447551,0.149953100,-0.076047741,-0.2181445,-0.5531044,0.6445307
seq-06/frame-000455,1,0.00391964,0.178736,2276,1433,1197,1.00,99.42,115.33,8.25,224.01,0.972991511,-0.160732743,0.142566941,-0.084422584,-0.2051003,-0.5544525,0.6426914
seq-06/frame-000456,1,0.00394643,0.179062,2276,1433,1197,1.17,102.90,92.34,8.36,204.77,0.972991511,-0.160732743,0.142566941,-0.084422584,-0.2051003,-0.5544525,0.6426914
seq-06/frame-000457,1,0.00299684,0.210766,2141,1385,1178,0.86,99.83,77.00,6.99,184.68,0.973791931,-0.159083179,0.135400009,-0.089936948,-0.1928393,-0.5577565,0.6434322
seq-06/frame-000458,1,0.00653522,0.241830,1535,958,836,0.81,93.65,55.41,9.83,159.70,0.975413935,-0.155075844,0.127347202,-0.091114372,-0.1782552,-0.5634762,0.6431475
seq-06/frame-000459,1,0.00567305,0.148457,1694,1114,947,0.84,89.38,76.16,7.47,173.86,0.977168562,-0.148219219,0.117783403,-0.096435134,-0.1645521,-0.5645005,0.6370550
seq-06/frame-000460,1,0.00562606,0.160595,1828,1156,989,0.86,93.21,75.21,10.08,179.36,0.978456338,-0.142520794,0.107698407,-0.103499139,-0.1502290,-0.5641423,0.6345643
seq-06/frame-000461,1,0.00557413,0.155036,1828,1156,989,0.82,81.46,74.07,14.06,170.42,0.978456338,-0.142520794,0.107698407,-0.103499139,-0.1502290,-0.5641423,0.6345643
seq-06/frame-000462,1,0.00602579,0.170875,2071,1285,1079,0.89,89.59,82.57,13.25,186.29,0.979558662,-0.137621149,0.097555313,-0.109581966,-0.1334470,-0.5637427,0.6311077
seq-06/frame-000463,1,0.00570872,0.166450,2101,1301,1119,0.90,92.87,85.61,13.59,192.97,0.980046901,-0.134820745,0.089372414,-0.115516273,-0.1190478,-0.5660618,0.6312170
seq-06/frame-000464,1,0.00744975,0.237081,1991,1274,1106,0.88,95.58,94.36,12.27,203.08,0.980536823,-0.131430420,0.082585495,-0.120221540,-0.1087361,-0.5685956,0.6322721
seq-06/frame-000465,1,0.00606182,0.219902,1886,1068,890,0.87,90.38,72.35,8.16,171.77,0.981567827,-0.126495143,0.073849173,-0.122759441,-0.0946646,-0.5668845,0.6340755
seq-06/frame-000466,1,0.00606381,0.163394,1787,996,845,0.86,83.47,79.97,14.20,178.50,0.982281315,-0.122276586,0.065064886,-0.126247433,-0.0828868,-0.5672457,0.6353280
seq-06/frame-000467,1,0.00689154,0.125384,2045,1089,903,0.90,93.04,91.65,9.93,195.52,0.982906381,-0.117726724,0.055020463,-0.130415545,-0.0668645,-0.5678532,0.6357169
seq-06/frame-000468,1,0.00691237,0.117577,2045,1089,903,0.91,88.76,78.10,11.55,179.33,0.982906381,-0.117726724,0.055020463,-0.130415545,-0.0668645,-0.5678532,0.6357169
seq-06/frame-000469,1,0.00686723,0.161468,2212,1178,970,0.94,110.26,86.03,8.24,205.48,0.983448181,-0.114214151,0.045517834,-0.133089930,-0.0493856,-0.5648721,0.6373421
seq-06/frame-000470,1,0.00719872,0.121203,2356,1276,1068,0.92,101.78,109.01,10.63,222.34,0.983666846,-0.113048237,0.038134700,-0.134778990,-0.0376389,-0.5675661,0.6422250
seq-06/frame-000471,1,0.00620637,0.176231,2370,1244,1032,0.92,94.86,106.62,11.52,213.92,0.984189198,-0.111236170,0.029879750,-0.134556077,-0.0213765,-0.5706588,0.6474617
seq-06/frame-000472,1,0.00617053,0.176980,2370,1244,1032,0.92,100.18,84.61,7.85,193.55,0.984189198,-0.111236170,0.029879750,-0.134556077,-0.0213765,-0.5706588,0.6474617
seq-06/frame-000473,1,0.00739688,0.109783,2560,1338,1110,0.94,111.13,107.13,6.83,226.03,0.984870470,-0.108021299,0.022649569,-0.133598478,-0.0031618,-0.5716985,0.6498090
seq-06/frame-000474,1,0.00668659,0.101630,2570,1324,1075,0.97,100.95,105.09,11.85,218.87,0.985129262,-0.105597531,0.016093704,-0.134575225,0.0151384,-0.5727344,0.6535476
seq-06/frame-000475,1,0.00802205,0.123737,2800,1406,1127,1.00,108.65,118.20,7.64,235.50,0.985186461,-0.103703309,0.010204670,-0.136195173,0.0332010,-0.5703793,0.6564014
seq-06/frame-000476,1,0.00789960,0.100282,2874,1420,1140,1.01,119.99,107.73,12.69,241.43,0.985215922,-0.103751183,0.006301148,-0.136182138,0.0466606,-0.5733382,0.6633612
seq-06/frame-000477,1,0.00790281,0.100586,2874,1420,1140,0.99,118.97,119.50,7.22,246.68,0.985215922,-0.103751183,0.006301148,-0.136182138,0.0466606,-0.5733382,0.6633612
seq-06/frame-000478,1,0.00942573,0.125764,2699,1364,1087,1.00,110.75,105.91,10.24,227.91,0.985458083,-0.103040291,0.001883387,-0.135098181,0.0664045,-0.5739848,0.6664887
seq-06/frame-000479,1,0.00862590,0.122765,2745,1430,1133,0.99,111.62,112.26,11.72,236.59,0.985389842,-0.103182118,-0.000477666,-0.135499377,0.0797296,-0.5766452,0.6742648
seq-06/frame-000480,1,0.00645641,0.102432,2849,1464,1165,1.10,121.32,116.38,9.07,247.87,0.985822910,-0.100974625,-0.002993015,-0.133971478,0.0930735,-0.5761377,0.6815819
seq-06/frame-000481,1,0.00880894,0.105473,2623,1326,1076,1.47,121.78,117.14,6.60,246.99,0.986063706,-0.099469757,-0.006978344,-0.133174465,0.1113217,-0.5769931,0.6847181
seq-06/frame-000482,1,0.00881653,0.108003,2623,1326,1076,0.99,104.14,87.70,11.04,203.87,0.986063706,-0.099469757,-0.006978344,-0.133174465,0.1113217,-0.5769931,0.6847181
seq-06/frame-000483,1,0.00828003,0.109086,2420,1260,1037,0.96,95.86,91.69,10.43,198.94,0.986017385,-0.098741895,-0.009756910,-0.133882629,0.1275141,-0.5816926,0.6919230
seq-06/frame-000484,1,0.00959502,0.123457,2488,1347,1112,0.95,103.42,91.22,7.84,203.44,0.986283418,-0.096525134,-0.011647293,-0.133387625,0.1448591,-0.5834874,0.6968844
seq-06/frame-000485,1,0.00886093,0.079768,2515,1245,1026,0.96,108.06,92.85,12.22,214.10,0.986384922,-0.094561186,-0.013316278,-0.133886684,0.1574060,-0.5851104,0.7027583
seq-06/frame-000486,1,0.00967487,0.084671,2509,1325,1079,0.96,101.10,126.65,6.71,235.42,0.986499272,-0.091698336,-0.016746198,-0.134648304,0.1736823,-0.5860802,0.7064325
seq-06/frame-000487,1,0.00970269,0.084088,2509,1325,1079,0.95,120.99,92.67,9.99,224.60,0.986499272,-0.091698336,-0.016746198,-0.134648304,0.1736823,-0.5860802,0.7064325
seq-06/frame-000488,1,0.01136387,0.149275,2301,1302,1067,0.96,93.92,80.62,14.15,189.65,0.986254942,-0.090503551,-0.020355931,-0.136733072,0.1946580,-0.5906094,0.7104438
seq-06/frame-000489,1,0.00884232,0.093275,2290,1315,1094,0.93,101.39,93.29,15.28,210.90,0.985934310,-0.090028242,-0.020864332,-0.139259224,0.2066953,-0.5942547,0.7176317
seq-06/frame-000490,1,0.01056421,0.114588,2469,1268,1018,0.93,107.33,104.07,7.32,219.65,0.985854517,-0.087920344,-0.021646638,-0.141040093,0.2152915,-0.5991418,0.7242473
seq-06/frame-000491,1,0.01049305,0.111915,2469,1268,1018,1.07,111.05,103.80,7.39,223.31,0.985854517,-0.087920344,-0.021646638,-0.141040093,0.2152915,-0.5991418,0.7242473
seq-06/frame-000492,1,0.00678764,0.080534,1667,970,772,0.86,91.40,57.49,8.69,158.45,0.985818683,-0.084732268,-0.024743069,-0.142722625,0.2224783,-0.6002138,0.7295210
seq-06/frame-000493,1,0.00637206,0.123735,1749,1028,848,0.86,80.13,66.86,18.66,166.51,0.985673788,-0.080572393,-0.032257229,-0.144619310,0.2397781,-0.6037115,0.7349058
seq-06/frame-000494,1,0.01000911,0.037586,2110,1294,1062,0.90,107.83,78.43,9.95,197.12,0.985443901,-0.076401926,-0.038467351,-0.146912652,0.2594261,-0.6052612,0.7359293
seq-06/frame-000495,1,0.01137246,0.173432,2114,1128,922,0.93,113.42,84.52,8.00,206.88,0.985043056,-0.074744502,-0.043601531,-0.149004507,0.2829403,-0.6107746,0.7411905
seq-06/frame-000496,1,0.01384581,0.186060,2061,1097,890,0.90,85.33,100.62,11.37,198.22,0.984679523,-0.072759351,-0.045192798,-0.151887869,0.2982744,-0.6148667,0.7442952
seq-06/frame-000497,1,0.01158137,0.150839,2311,1257,1042,0.97,100.16,99.10,7.36,207.59,0.984377496,-0.070270407,-0.046342065,-0.154646136,0.3089567,-0.6126071,0.7494430
seq-06/frame-000498,1,0.01014357,0.074139,2636,1382,1108,1.03,108.60,109.39,17.70,236.72,0.984456484,-0.067785676,-0.048228512,-0.154675608,0.3176590,-0.6118548,0.7552180
seq-06/frame-000499,1,0.01018093,0.075864,2636,1382,1108,0.92,122.23,119.75,20.01,262.91,0.984456484,-0.067785676,-0.048228512,-0.154675608,0.3176590,-0.6118548,0.7552180
seq-06/frame-000500,1,0.00845835,0.076936,2761,1424,1146,1.17,119.62,103.45,12.71,236.96,0.984751176,-0.065039370,-0.053041688,-0.152386290,0.3332958,-0.6088069,0.7594041
seq-06/frame-000501,1,0.01037429,0.121201,2617,1428,1174,0.98,107.88,101.58,9.65,220.09,0.984612414,-0.064924921,-0.058895210,-0.151177060,0.3550780,-0.6116865,0.7615569
seq-06/frame-000502,1,0.01203286,0.173442,1948,1125,933,0.90,88.93,86.37,12.67,188.87,0.984784152,-0.065393547,-0.062547292,-0.148363386,0.3806768,-0.6153307,0.7644152
seq-06/frame-000503,1,0.01083954,0.110032,1954,1138,925,0.90,97.47,88.37,20.06,206.80,0.985332198,-0.065673454,-0.061545315,-0.144981485,0.3960677,-0.6132959,0.7669573
seq-06/frame-000504,1,0.01154694,0.118915,2739,1496,1204,0.95,126.45,109.51,11.13,248.05,0.985613322,-0.066035308,-0.061546627,-0.142890624,0.4067075,-0.6146253,0.7732029
seq-06/frame-000505,1,0.01038144,0.133422,2675,1499,1220,0.97,127.91,105.37,10.42,244.68,0.985812106,-0.064278532,-0.064552743,-0.140981224,0.4223963,-0.6128999,0.7771078
seq-06/frame-000506,1,0.01029490,0.132189,2675,1499,1220,0.97,106.36,106.27,11.42,225.02,0.985812106,-0.064278532,-0.064552743,-0.140981224,0.4223963,-0.6128999,0.7771078
seq-06/frame-000507,1,0.01302259,0.171946,2321,1323,1064,0.93,86.43,86.88,7.96,182.21,0.985757233,-0.062829387,-0.068415925,-0.140194173,0.4461059,-0.6137272,0.7759785
seq-06/frame-000508,1,0.01296195,0.075977,2129,1099,906,0.92,90.04,84.88,6.76,182.60,0.985935925,-0.061526613,-0.068738024,-0.139355344,0.4624470,-0.6103206,0.7753907
seq-06/frame-000509,1,0.01181250,0.118794,2488,1433,1194,0.97,116.11,103.74,11.79,232.61,0.985995414,-0.060458504,-0.069946112,-0.138799689,0.4769421,-0.6074406,0.7802448
seq-06/frame-000510,1,0.01243965,0.132027,2583,1469,1188,0.97,116.70,99.22,12.27,229.16,0.985860298,-0.059485774,-0.072625722,-0.138803531,0.4927160,-0.6074971,0.7816366
seq-06/frame-000511,1,0.01230221,0.121115,2509,1455,1193,0.94,104.70,93.99,13.35,212.98,0.985730395,-0.057109965,-0.075939737,-0.138950336,0.5103146,-0.6055643,0.7830647
seq-06/frame-000512,1,0.01219530,0.117508,2509,1455,1193,0.96,95.68,92.74,9.09,198.48,0.985730395,-0.057109965,-0.075939737,-0.138950336,0.5103146,-0.6055643,0.7830647
seq-06/frame-000513,1,0.01382576,0.161719,2432,1407,1162,0.95,115.49,92.86,13.61,222.90,0.985486006,-0.054471485,-0.079067400,-0.139994767,0.5304866,-0.6013639,0.7825435
seq-06/frame-000514,1,0.01260386,0.116775,2430,1468,1218,0.93,112.85,88.64,7.77,210.19,0.984975741,-0.052507809,-0.081948051,-0.142654255,0.5461528,-0.5941997,0.7840143
seq-06/frame-000515,1,0.01341544,0.135004,2528,1527,1277,0.92,99.53,104.76,13.11,218.32,0.984121734,-0.052514949,-0.085704919,-0.146291692,0.5596588,-0.5942673,0.7845175
seq-06/frame-000516,1,0.01394938,0.128252,2333,1384,1161,0.93,106.97,86.01,11.92,205.84,0.983338403,-0.051824922,-0.090158315,-0.149101446,0.5767778,-0.5917596,0.7858671
seq-06/frame-000517,1,0.01169820,0.139921,1887,964,789,0.87,109.55,73.55,8.28,192.25,0.982263911,-0.051491130,-0.093965790,-0.153872358,0.5936343,-0.5866788,0.7885300
seq-06/frame-000518,1,0.01060934,0.176360,1754,1013,813,0.86,86.86,75.95,10.23,173.91,0.980398657,-0.052665996,-0.097854963,-0.162693492,0.5986299,-0.5826897,0.7913485
seq-06/frame-000519,1,0.01055775,0.172772,1754,1013,813,1.36,96.92,76.56,13.48,188.32,0.980398657,-0.052665996,-0.097854963,-0.162693492,0.5986299,-0.5826897,0.7913485
seq-06/frame-000520,1,0.01065444,0.108399,1676,971,804,0.86,82.86,63.82,10.29,157.83,0.978900842,-0.053481758,-0.105679142,-0.166507543,0.6147729,-0.5834048,0.7927986
seq-06/frame-000521,1,0.01003065,0.139295,1672,952,773,0.85,79.54,70.59,7.23,158.21,0.977322362,-0.053420738,-0.112639108,-0.171171423,0.6283304,-0.5795556,0.7947252
seq-06/frame-000522,1,0.00794216,0.081019,1548,958,787,0.83,86.62,61.61,6.41,155.47,0.975829451,-0.054769162,-0.119856028,-0.174332310,0.6428635,-0.5791122,0.7969189
seq-06/frame-000523,1,0.00820966,0.129486,1629,907,741,0.85,81.94,69.94,8.58,161.31,0.973971249,-0.056862673,-0.127582578,-0.178519829,0.6572154,-0.5810587,0.7978400
seq-06/frame-000524,1,0.01044487,0.171119,2126,1188,962,0.90,96.49,79.83,6.97,184.19,0.971955473,-0.058934612,-0.135212290,-0.183158146,0.6710232,-0.5877446,0.7991295
seq-06/frame-000525,1,0.00992750,0.120539,2313,1373,1157,0.92,103.58,88.52,13.25,206.27,0.970498788,-0.058044885,-0.141624984,-0.186293473,0.6877579,-0.5872228,0.8000178
seq-06/frame-000526,1,0.01000544,0.108234,2156,1272,1062,0.88,93.67,105.54,7.77,207.88,0.969055586,-0.057777054,-0.146308105,-0.190228866,0.7017877,-0.5846080,0.8008091
seq-06/frame-000527,1,0.01004483,0.109904,2156,1272,1062,1.20,113.98,93.59,6.89,215.67,0.969055586,-0.057777054,-0.146308105,-0.190228866,0.7017877,-0.5846080,0.8008091
seq-06/frame-000528,1,0.00899220,0.172959,2022,1135,929,0.86,102.34,80.43,6.81,190.44,0.967291115,-0.058100900,-0.151080240,-0.195312432,0.7113659,-0.5825916,0.8017279
seq-06/frame-000529,1,0.00921686,0.114844,2672,1505,1235,0.91,112.82,131.35,7.14,252.22,0.965663731,-0.059439576,-0.157053918,-0.198228561,0.7260332,-0.5851217,0.8018324
seq-06/frame-000530,1,0.00836042,0.112873,2800,1574,1297,0.97,121.46,125.28,7.56,255.27,0.964874882,-0.059898820,-0.161105832,-0.198679402,0.7369399,-0.5852959,0.8034939
seq-06/frame-000531,1,0.00890534,0.091303,2492,1455,1204,0.92,107.12,108.57,10.29,226.90,0.964083855,-0.059084387,-0.165593919,-0.199072877,0.7516580,-0.5819218,0.8027943
seq-06/frame-000532,1,0.00861905,0.119831,2469,1433,1203,0.93,100.35,106.85,12.00,220.13,0.963202594,-0.060899304,-0.169209376,-0.199750407,0.7664448,-0.5848072,0.8034764
seq-06/frame-000533,1,0.00932319,0.075232,2240,1317,1117,0.91,88.35,96.88,13.57,199.71,0.963252738,-0.062324754,-0.170262443,-0.198167828,0.7806279,-0.5862669,0.8032832
seq-06/frame-000534,1,0.00844708,0.111424,2592,1445,1217,0.93,108.97,120.09,12.81,242.81,0.963474757,-0.063032417,-0.169732461,-0.197317505,0.7885196,-0.5830993,0.8038756
seq-06/frame-000535,1,0.01190623,0.204328,2684,1472,1227,0.97,100.66,114.27,8.28,224.17,0.963032463,-0.064149328,-0.171132994,-0.197906130,0.7985260,-0.5844066,0.8032688
seq-06/frame-000536,1,0.00847991,0.108024,2469,1401,1170,0.93,92.58,101.53,11.06,206.10,0.962830416,-0.064087207,-0.172399355,-0.197810220,0.8093758,-0.5818604,0.8039464
seq-06/frame-000537,1,0.01200571,0.141125,1921,1213,1012,0.85,109.42,73.06,8.19,191.53,0.962714401,-0.064668042,-0.172590100,-0.198019405,0.8233747,-0.5808833,0.8010616
seq-06/frame-000538,1,0.01202399,0.143135,1921,1213,1012,0.87,84.02,74.25,10.42,169.56,0.962714401,-0.064668042,-0.172590100,-0.198019405,0.8233747,-0.5808833,0.8010616
seq-06/frame-000539,1,0.01086258,0.133107,2913,1573,1299,0.96,123.24,114.21,11.76,250.19,0.962702254,-0.066104184,-0.171337391,-0.198690981,0.8285071,-0.5793639,0.8024525
seq-06/frame-000540,1,0.01043885,0.154307,3021,1604,1279,0.97,112.00,121.43,7.28,241.68,0.962917257,-0.066109342,-0.172311159,-0.196796279,0.8325226,-0.5786097,0.8038289
seq-06/frame-000541,1,0.01081889,0.123446,2063,1269,1062,1.00,96.75,83.60,6.90,188.25,0.962965301,-0.064698244,-0.175278745,-0.194394772,0.8497987,-0.5754637,0.8013117
seq-06/frame-000542,1,0.00398808,0.175545,1332,791,645,0.83,71.32,55.14,14.71,142.00,0.962811790,-0.063806211,-0.174328789,-0.196294927,0.8630235,-0.5674075,0.8082312
seq-06/frame-000543,1,0.01199176,0.163723,1792,990,830,0.88,76.51,63.53,6.99,147.90,0.962822064,-0.066413352,-0.169643261,-0.199459530,0.8668138,-0.5754852,0.7995581
seq-06/frame-000544,1,0.01070871,0.149941,2841,1510,1252,0.96,114.51,107.18,13.08,235.74,0.963344850,-0.065595219,-0.167809986,-0.198755567,0.8686829,-0.5734412,0.8004796
seq-06/frame-000545,1,0.01251542,0.216215,2744,1503,1225,1.63,115.70,103.52,10.72,231.57,0.963285607,-0.063074465,-0.169058624,-0.198800483,0.8770083,-0.5700630,0.7982802
seq-06/frame-000546,1,0.01040751,0.138545,2544,1400,1147,1.38,112.26,113.09,8.82,235.54,0.962705427,-0.061416150,-0.171462989,-0.200066889,0.8881736,-0.5717685,0.7989490
seq-06/frame-000547,1,0.01211283,0.175038,1596,981,843,0.83,93.34,55.89,13.65,163.71,0.962589752,-0.058610607,-0.172608973,-0.200479196,0.9040477,-0.5747835,0.7992922
seq-06/frame-000548,1,0.01174957,0.163192,1596,981,843,0.84,76.22,57.09,7.85,142.01,0.962589752,-0.058610607,-0.172608973,-0.200479196,0.9040477,-0.5747835,0.7992922
seq-06/frame-000549,1,0.01197904,0.185252,1444,973,835,0.85,76.71,53.15,13.49,144.21,0.962595939,-0.055273531,-0.170150838,-0.203476257,0.9152365,-0.5700703,0.8000809
seq-06/frame-000550,1,0.01120099,0.137786,2287,1366,1129,0.88,103.83,80.99,7.00,192.71,0.962478163,-0.053545803,-0.166509207,-0.207468832,0.9181851,-0.5715653,0.7970680
seq-06/frame-000551,1,0.01328656,0.180782,2193,1270,1065,0.88,112.94,94.98,14.66,223.46,0.962689078,-0.051556486,-0.165393102,-0.207886484,0.9264808,-0.5716805,0.7961479
seq-06/frame-000552,1,0.01381388,0.196016,2338,1296,1069,0.91,99.53,93.20,12.97,206.61,0.962513476,-0.049627489,-0.165219861,-0.209301977,0.9386099,-0.5704473,0.7958201
seq-06/frame-000553,1,0.01242067,0.207486,2886,1536,1213,0.97,112.70,107.88,11.75,233.30,0.962068993,-0.047808020,-0.164475918,-0.212333038,0.9412143,-0.5678815,0.7991434
seq-06/frame-000554,1,0.01546771,0.233912,2869,1545,1241,0.96,110.58,109.05,11.91,232.49,0.961592063,-0.046898154,-0.166797953,-0.212884265,0.9508240,-0.5717964,0.7997144
seq-06/frame-000555,1,0.01272104,0.215865,2536,1353,1117,0.92,100.28,87.85,12.47,201.52,0.961003876,-0.044905122,-0.169384034,-0.213925522,0.9619623,-0.5739581,0.8042015
seq-06/frame-000556,1,0.01361265,0.209432,2293,1311,1080,0.88,99.81,88.89,6.78,196.36,0.960861072,-0.043000375,-0.170329691,-0.214207292,0.9761260,-0.5760421,0.8050712
seq-06/frame-000557,1,0.01021917,0.132886,2561,1440,1187,1.39,117.18,97.22,13.40,229.20,0.961121206,-0.041060168,-0.169805292,-0.213836975,0.9862939,-0.5747396,0.8087834
seq-06/frame-000558,1,0.01042299,0.119442,2553,1422,1188,0.91,102.58,94.06,10.11,207.65,0.961535395,-0.039758129,-0.170018081,-0.212044399,0.9967525,-0.5746797,0.8125794
seq-06/frame-000559,1,0.01108608,0.153351,2411,1323,1112,0.91,113.64,83.38,10.76,208.69,0.962160265,-0.038928097,-0.170355335,-0.209072445,1.0095625,-0.5760264,0.8152364
seq-06/frame-000560,1,0.01184272,0.169375,2627,1431,1194,0.92,117.41,114.17,14.90,247.41,0.962828743,-0.037579048,-0.169750711,-0.206720396,1.0186290,-0.5744428,0.8181677
seq-06/frame-000561,1,0.01229854,0.169716,2827,1542,1248,0.97,105.05,106.40,13.07,225.49,0.963217917,-0.035512627,-0.170179383,-0.204912362,1.0274383,-0.5714305,0.8232740
seq-06/frame-000562,1,0.01228383,0.169095,2827,1542,1248,0.98,133.90,116.03,8.21,259.12,0.963217917,-0.035512627,-0.170179383,-0.204912362,1.0274383,-0.5714305,0.8232740
seq-06/frame-000563,1,0.01021579,0.138566,2959,1608,1287,0.96,118.86,106.64,10.01,236.48,0.963635496,-0.033284089,-0.171752200,-0.201990054,1.0349307,-0.5670464,0.8276600
seq-06/frame-000564,1,0.01116821,0.146627,2766,1595,1318,0.95,112.93,128.64,17.35,259.89,0.963821629,-0.032090136,-0.174531043,-0.198889431,1.0453841,-0.5636050,0.8278483
seq-06/frame-000565,1,0.00862183,0.089040,2418,1365,1113,0.90,113.21,83.79,7.39,205.29,0.963394910,-0.033005920,-0.178399999,-0.197368427,1.0630116,-0.5618156,0.8299691
seq-06/frame-000566,1,0.00555211,0.050460,2364,1337,1133,0.91,99.16,90.97,12.54,203.58,0.963328116,-0.035707382,-0.179271101,-0.196432678,1.0721789,-0.5618698,0.8352123
seq-06/frame-000567,1,0.00882347,0.113657,2592,1484,1241,0.94,104.60,97.54,13.33,216.42,0.963747598,-0.038397983,-0.179228257,-0.193890161,1.0805961,-0.5629215,0.8376553
seq-06/frame-000568,1,0.00994269,0.116429,2652,1506,1258,0.94,94.40,95.65,15.10,206.10,0.963715913,-0.039385329,-0.180329252,-0.192825819,1.0902066,-0.5607923,0.8392849
seq-06/frame-000569,1,0.00827554,0.083847,2798,1499,1261,0.96,126.97,99.91,9.71,237.56,0.963274502,-0.040267231,-0.181338951,-0.193899378,1.0978894,-0.5602580,0.8428329
seq-06/frame-000570,1,0.01119704,0.160796,2657,1490,1239,0.95,118.47,104.11,11.61,235.15,0.963144722,-0.041214234,-0.182480238,-0.193273364,1.1098566,-0.5631361,0.8426851
seq-06/frame-000571,1,0.00674009,0.078992,2870,1605,1325,0.98,108.78,103.02,16.25,229.03,0.963213198,-0.040413362,-0.182949838,-0.192656307,1.1166465,-0.5568301,0.8472294
seq-06/frame-000572,1,0.01157283,0.147665,3048,1622,1320,1.00,117.43,123.66,9.48,251.57,0.962905504,-0.040388991,-0.183611609,-0.193567811,1.1216515,-0.5576608,0.8464436
seq-06/frame-000573,1,0.01183435,0.161342,2868,1631,1333,0.96,121.28,117.51,16.72,256.48,0.962424774,-0.038509825,-0.185838143,-0.194215684,1.1282214,-0.5562158,0.8478207
seq-06/frame-000574,1,0.01313062,0.212602,2698,1517,1256,0.92,100.41,111.65,11.81,224.79,0.961367742,-0.035954095,-0.189624617,-0.196269898,1.1392576,-0.5568809,0.8492693
seq-06/frame-000575,1,0.01100869,0.138240,2503,1429,1187,0.93,117.76,95.71,11.16,225.56,0.960507250,-0.032194464,-0.192309451,-0.198510487,1.1431534,-0.5512358,0.8485896
seq-06/frame-000576,1,0.01058125,0.151372,2500,1430,1189,0.91,106.61,109.69,13.96,231.17,0.959175792,-0.030455267,-0.197502447,-0.200117616,1.1527119,-0.5480269,0.8494543
seq-06/frame-000577,1,0.01098290,0.147769,2256,1238,1041,0.90,92.20,85.91,9.83,188.84,0.957734541,-0.030209061,-0.202493733,-0.202060013,1.1619580,-0.5453011,0.8500673
seq-06/frame-000578,1,0.00854055,0.139586,2073,1267,1057,0.88,105.95,68.17,10.72,185.72,0.955734962,-0.031624438,-0.206933918,-0.206758144,1.1724140,-0.5443699,0.8524068
seq-06/frame-000579,1,0.00894914,0.129239,2399,1357,1147,0.90,105.95,103.54,6.90,217.29,0.954022132,-0.034040474,-0.210503937,-0.210644513,1.1793249,-0.5443345,0.8562935
seq-06/frame-000580,1,0.00939442,0.148881,2702,1553,1292,0.91,103.34,119.18,9.97,233.40,0.952807369,-0.036260317,-0.213489345,-0.212757154,1.1809598,-0.5460306,0.8601171
seq-06/frame-000581,1,0.01012676,0.154254,2098,1301,1117,0.90,88.15,95.16,10.63,194.85,0.951573471,-0.037401865,-0.217198281,-0.214322042,1.1831354,-0.5484314,0.8623375
seq-06/frame-000582,1,0.00889870,0.119127,1683,994,853,0.88,82.25,68.21,8.14,159.49,0.950198139,-0.036457463,-0.222050963,-0.215610110,1.1847488,-0.5475590,0.8651925
seq-06/frame-000583,1,0.00787414,0.155790,1491,961,798,1.39,84.00,57.34,16.53,159.26,0.947675942,-0.034537634,-0.228577143,-0.220158919,1.1873144,-0.5497607,0.8661822
seq-06/frame-000584,1,0.00947652,0.134430,1352,817,702,0.84,83.73,67.72,9.38,161.68,0.945131321,-0.032166626,-0.236236670,-0.223348004,1.1917675,-0.5537276,0.8709176
seq-06/frame-000585,1,0.00868792,0.129850,1358,845,714,0.84,90.88,49.72,12.84,154.28,0.943236558,-0.028758771,-0.242608393,-0.224986434,1.1919203,-0.5539323,0.8712724
seq-06/frame-000586,1,0.00747425,0.132842,1292,812,654,0.86,75.17,63.33,10.78,150.13,0.940619658,-0.024977285,-0.251836754,-0.226249959,1.1985536,-0.5525675,0.8749398
seq-06/frame-000587,1,0.00694326,0.124496,1272,805,672,0.84,71.34,48.74,7.20,128.12,0.937556249,-0.023013605,-0.260970424,-0.228807978,1.2046242,-0.5608426,0.8773913
seq-06/frame-000588,1,0.00881204,0.086055,1628,1056,890,0.87,73.84,81.78,13.77,170.26,0.934768461,-0.018512497,-0.269176659,-0.231104171,1.2107752,-0.5617267,0.8824010
seq-06/frame-000589,1,0.00724987,0.045251,1537,1018,857,0.88,93.01,53.26,12.92,160.07,0.932254801,-0.013940522,-0.275430770,-0.234189107,1.2144321,-0.5569810,0.8841772
seq-06/frame-000590,1,0.00968274,0.194706,1196,743,593,0.85,66.70,45.33,10.40,123.28,0.928477388,-0.011285928,-0.282888223,-0.240367679,1.2105255,-0.5596689,0.8845196
seq-06/frame-000591,1,0.01010090,0.163232,1201,754,616,0.86,78.67,37.73,6.85,124.11,0.924735052,-0.007244880,-0.292427697,-0.243513116,1.2100692,-0.5563949,0.8844948
seq-06/frame-000592,1,0.01188743,0.170709,1294,846,699,0.87,77.25,41.10,7.55,126.77,0.920932686,-0.006123282,-0.302432413,-0.245723684,1.2154060,-0.5618823,0.8870288
seq-06/frame-000593,1,0.01003693,0.153812,1397,940,794,0.89,81.53,48.00,7.09,137.52,0.916951218,-0.004008862,-0.311888893,-0.248816622,1.2193698,-0.5603809,0.8907860
seq-06/frame-000594,1,0.01067041,0.144316,1386,907,748,0.88,80.47,60.05,11.06,152.45,0.912814661,-0.002847202,-0.320462816,-0.253110394,1.2207585,-0.5625266,0.8933182
seq-06/frame-000595,1,0.01236153,0.099041,1416,979,825,0.92,81.08,56.86,7.20,146.06,0.908949780,-0.001885204,-0.329188258,-0.255816018,1.2241115,-0.5678946,0.8950161
seq-06/frame-000596,1,0.00917327,0.110485,1282,877,746,1.02,70.09,59.50,17.24,147.85,0.905329496,0.000781863,-0.336976912,-0.258504262,1.2226829,-0.5706700,0.8981989
seq-06/frame-000597,1,0.01459563,0.187250,1159,729,589,0.82,82.09,60.02,9.85,152.79,0.901751040,0.004600720,-0.344510667,-0.261029300,1.2206456,-0.5743251,0.8924174
seq-06/frame-000598,1,0.01233072,0.178945,1231,885,753,0.86,78.69,50.93,14.30,144.78,0.897604579,0.009919029,-0.354295926,-0.262072566,1.2243120,-0.5712594,0.8957493
seq-06/frame-000599,1,0.00920540,0.122176,1396,1001,861,0.85,69.60,59.12,10.15,139.73,0.893542968,0.012369449,-0.362813112,-0.264186688,1.2259240,-0.5769413,0.9001680
seq-06/frame-000600,1,0.00854800,0.073308,1346,942,807,0.84,80.93,55.56,9.44,146.76,0.890923103,0.015236769,-0.369190024,-0.264050358,1.2259735,-0.5822565,0.9028761
seq-06/frame-000601,1,0.00706231,0.078552,1329,833,711,0.83,76.61,52.05,6.21,135.69,0.888972044,0.019295881,-0.374912897,-0.262291238,1.2251120,-0.5855764,0.9020469
seq-06/frame-000602,1,0.00899057,0.083500,1240,790,673,0.83,77.33,55.48,17.07,150.71,0.886923423,0.024289029,-0.380322073,-0.261021082,1.2233209,-0.5848424,0.8966346
seq-06/frame-000603,1,0.00866570,0.040206,1191,755,629,0.82,74.53,63.49,6.42,145.27,0.884169143,0.027960879,-0.387494119,-0.259444454,1.2223224,-0.5904655,0.8990295
seq-06/frame-000604,1,0.01136899,0.131927,1203,779,643,0.82,75.42,44.22,6.58,127.04,0.882451349,0.032578057,-0.392862120,-0.256666401,1.2224439,-0.5977778,0.8976649
seq-06/frame-000605,1,0.00683061,0.065391,1211,795,643,0.83,65.83,52.34,9.44,128.44,0.881357158,0.039474150,-0.396692523,-0.253547616,1.2181835,-0.5953320,0.8953498
seq-06/frame-000606,1,0.01262599,0.130280,1332,862,686,0.83,68.07,57.71,10.47,137.09,0.879835319,0.044864136,-0.401704627,-0.250020827,1.2185906,-0.5932252,0.8899636
seq-06/frame-000607,1,0.00994115,0.067731,1175,695,558,0.82,79.14,47.23,8.31,135.50,0.878122348,0.048854238,-0.407382453,-0.246077107,1.2117934,-0.5962149,0.8910103
seq-06/frame-000608,1,0.00929985,0.073031,1172,723,579,0.81,63.71,50.02,6.79,121.34,0.876189501,0.055232776,-0.413201009,-0.241880600,1.2074460,-0.5958394,0.8876135
seq-06/frame-000609,1,0.01168616,0.187389,1344,839,703,0.84,84.93,50.72,12.47,148.97,0.873824418,0.061521675,-0.418446955,-0.239891884,1.2078839,-0.5914284,0.8845367
seq-06/frame-000610,1,0.00982118,0.053437,1366,879,724,0.86,72.49,52.20,9.81,135.37,0.871746824,0.065123808,-0.423536660,-0.237556441,1.1990948,-0.5879587,0.8846107
seq-06/frame-000611,1,0.01223351,0.135843,1429,933,772,0.84,78.94,54.38,7.04,141.20,0.869713901,0.067701510,-0.428406262,-0.235546834,1.1927088,-0.5933588,0.8825708
seq-06/frame-000612,1,0.01256130,0.143886,1761,1162,984,0.89,99.21,68.61,13.38,182.09,0.868011129,0.072433990,-0.432265963,-0.233358383,1.1896627,-0.5841242,0.8799738
seq-06/frame-000613,1,0.01104730,0.101878,1488,878,726,0.86,93.38,53.69,11.55,159.48,0.863424597,0.078183112,-0.439527604,-0.234948616,1.1688550,-0.5920928,0.8773370
seq-06/frame-000614,1,0.01240650,0.125497,1482,807,655,0.86,86.41,52.76,6.87,146.90,0.862774492,0.081789993,-0.441520435,-0.232358082,1.1587055,-0.5956247,0.8731682
seq-06/frame-000615,1,0.01612515,0.170626,1730,1002,837,0.87,91.02,70.97,11.11,173.98,0.861842743,0.086762442,-0.443552086,-0.230132378,1.1532329,-0.5897367,0.8658659
seq-06/frame-000616,1,0.01520682,0.170419,1568,874,706,0.86,80.19,58.65,16.10,155.81,0.860730727,0.089829803,-0.445708556,-0.228947822,1.1388256,-0.5916756,0.8617557
seq-06/frame-000617,1,0.01298017,0.076575,1909,1098,895,0.91,92.48,81.90,11.04,186.33,0.859747291,0.095748923,-0.449624417,-0.222496342,1.1251713,-0.5956306,0.8611179
seq-06/frame-000618,1,0.01460038,0.183708,1530,848,685,0.87,85.43,63.08,10.70,160.09,0.860607652,0.098559982,-0.449093161,-0.218987970,1.1078458,-0.5961755,0.8500199
seq-06/frame-000619,1,0.01541590,0.159453,1390,795,641,0.85,79.76,61.28,9.78,151.68,0.860300479,0.102382712,-0.451088629,-0.214289325,1.0949995,-0.5903623,0.8410819
seq-06/frame-000620,1,0.01140886,0.115993,2060,1246,1049,0.91,101.11,72.80,13.09,187.91,0.857960736,0.108334686,-0.456367972,-0.209511924,1.0671598,-0.5801681,0.8360887
seq-06/frame-000621,1,0.01097760,0.121022,2510,1502,1290,0.97,111.26,98.09,7.52,217.83,0.857450180,0.110048142,-0.457540090,-0.208148174,1.0562611,-0.5783795,0.8361955
seq-06/frame-000622,1,0.00958693,0.124940,2212,1322,1108,0.94,107.81,103.57,11.83,224.17,0.857204046,0.111229854,-0.457554790,-0.208501216,1.0394587,-0.5780653,0.8310992
seq-06/frame-000623,1,0.01623235,0.154551,1160,613,488,0.84,67.16,45.35,11.34,124.68,0.855880816,0.113724098,-0.459753754,-0.207753084,1.0032948,-0.5837792,0.8113113
seq-06/frame-000624,1,0.01881588,0.271336,1179,553,425,1.16,77.98,47.36,5.91,132.41,0.855118633,0.116809235,-0.461617239,-0.205029877,0.9818287,-0.5816092,0.7998703
seq-06/frame-000625,1,0.01104298,0.152756,1561,757,597,0.88,87.83,55.84,7.50,152.06,0.853621359,0.120361870,-0.465152747,-0.201187767,0.9668543,-0.5703736,0.8023995
seq-06/frame-000626,1,0.01462085,0.275825,1424,753,596,0.87,78.39,64.84,11.88,155.99,0.852280110,0.121486952,-0.468395503,-0.198658470,0.9341093,-0.5639478,0.7975951
seq-06/frame-000627,1,0.01275122,0.081132,1263,549,418,0.86,73.76,51.59,6.37,132.57,0.852015297,0.120693641,-0.471139177,-0.193728820,0.9175516,-0.5753675,0.7861268
seq-06/frame-000628,1,0.01642398,0.193889,1282,591,447,1.18,78.84,50.91,10.01,140.95,0.847009857,0.122475410,-0.479421350,-0.194240173,0.8841906,-0.5744048,0.7730225
seq-06/frame-000629,1,0.01999231,0.171021,1647,805,622,0.92,80.21,75.24,6.81,163.19,0.843620880,0.125641974,-0.483994552,-0.195619986,0.8578817,-0.5699641,0.7613654
seq-06/frame-000630,1,0.01963014,0.156881,1436,729,559,0.87,95.13,73.52,5.87,175.39,0.842066203,0.124857436,-0.486183158,-0.197385579,0.8391228,-0.5743022,0.7564226
seq-06/frame-000631,1,0.01780754,0.166684,2150,1022,839,0.97,96.29,93.29,7.02,197.58,0.840131451,0.126214239,-0.489573919,-0.196383522,0.8025932,-0.5688627,0.7477405
seq-06/frame-000632,1,0.01983790,0.187227,2260,1044,798,0.92,93.81,93.59,9.32,197.65,0.839628963,0.125671506,-0.489997201,-0.197819668,0.7869370,-0.5730473,0.7437294
seq-06/frame-000633,1,0.01529051,0.122218,1545,804,619,0.90,81.54,60.18,9.45,152.07,0.838249547,0.127815133,-0.490959893,-0.199898402,0.7521808,-0.5674315,0.7311222
seq-06/frame-000634,1,0.01765237,0.153231,1399,746,563,0.89,79.19,49.46,7.26,136.80,0.833935188,0.126283481,-0.496787180,-0.204467804,0.7193221,-0.5688179,0.7179200
seq-06/frame-000635,1,0.01744517,0.186896,1717,820,676,1.24,84.74,68.15,4.64,158.78,0.831766700,0.126739894,-0.499221571,-0.207072402,0.7031576,-0.5666417,0.7182759
seq-06/frame-000636,1,0.01778630,0.187050,1779,868,672,0.89,83.10,70.82,9.26,164.07,0.830659110,0.124153411,-0.501071470,-0.208611492,0.6696421,-0.5656141,0.7054035
seq-06/frame-000637,1,0.01593701,0.149614,1683,778,614,0.89,89.66,64.37,11.08,166.01,0.829807261,0.121812083,-0.503152075,-0.208373979,0.6523134,-0.5669648,0.7020623
seq-06/frame-000638,1,0.01307153,0.153459,2374,1131,886,0.98,109.84,94.79,10.68,216.29,0.828856969,0.119409434,-0.504801336,-0.209554582,0.6164724,-0.5684678,0.7043124
seq-06/frame-000639,1,0.01075137,0.098055,2400,1112,866,0.99,96.73,99.02,9.63,206.38,0.828353945,0.120403869,-0.504751148,-0.211089860,0.6021207,-0.5661318,0.7082521
seq-06/frame-000640,1,0.01475008,0.103959,2145,973,735,0.91,97.49,72.68,7.82,178.90,0.828851780,0.116853154,-0.504439346,-0.211874995,0.5761979,-0.5675478,0.6943951
seq-06/frame-000641,1,0.01916668,0.221047,2443,1154,862,0.94,103.69,91.21,6.54,202.38,0.828565505,0.114652463,-0.506294917,-0.209760516,0.5622163,-0.5709002,0.6995346
seq-06/frame-000642,1,0.01704999,0.228092,1858,898,693,0.90,95.91,74.12,6.41,177.33,0.832477879,0.111703296,-0.503462564,-0.202554687,0.5364608,-0.5637368,0.7080128
seq-06/frame-000643,1,0.01227218,0.203644,1903,873,668,0.88,103.99,79.79,15.59,200.26,0.835194183,0.109498274,-0.501124968,-0.198329448,0.5274838,-0.5571727,0.7119909
seq-06/frame-000644,1,0.02362239,0.312737,1349,653,477,0.86,75.11,50.04,9.54,135.55,0.841640443,0.098817758,-0.493507974,-0.195771027,0.5094144,-0.5578595,0.7158353
seq-06/frame-000645,1,0.01936840,0.329745,1634,773,599,0.88,88.31,60.47,10.75,160.41,0.845504345,0.095792765,-0.487425337,-0.195863955,0.4890908,-0.5614016,0.7179147
seq-06/frame-000646,1,0.01930030,0.304489,1720,856,659,0.86,79.71,68.62,5.73,154.92,0.848924810,0.093629362,-0.481631588,-0.196446487,0.4747670,-0.5605126,0.7112766
seq-06/frame-000647,1,0.01924683,0.275043,2075,1048,835,1.30,100.17,88.54,11.56,201.58,0.852240905,0.089978906,-0.476709863,-0.195798220,0.4575985,-0.5627599,0.7077011
seq-06/frame-000648,1,0.01623471,0.170563,1995,1126,899,0.96,95.65,88.73,9.12,194.46,0.857760259,0.087999939,-0.467455846,-0.194906081,0.4265296,-0.5636471,0.7086227
seq-06/frame-000649,1,0.01937921,0.221167,2359,1231,1012,0.96,93.49,84.25,6.56,185.25,0.860993092,0.086516904,-0.462335026,-0.193525308,0.4135340,-0.5648281,0.6984594
seq-06/frame-000650,1,0.01529873,0.206981,2688,1214,926,0.99,127.60,106.39,10.44,245.42,0.863430669,0.083088668,-0.459792588,-0.190196027,0.3954908,-0.5660731,0.6939865
seq-06/frame-000651,1,0.01575067,0.187611,2334,1210,966,0.95,86.81,96.29,10.48,194.54,0.866108939,0.080473989,-0.455133734,-0.190348433,0.3708035,-0.5667085,0.6965952
seq-06/frame-000652,1,0.01454336,0.202006,2397,1147,873,0.91,116.72,90.67,14.83,223.14,0.868749897,0.078065264,-0.450597944,-0.190107664,0.3566560,-0.5645748,0.6876570
seq-06/frame-000653,1,0.01330854,0.147335,2653,1325,1027,1.02,107.12,117.35,6.81,232.31,0.870645343,0.073056074,-0.447759789,-0.190133292,0.3383122,-0.5709025,0.6830123
seq-06/frame-000654,1,0.01796954,0.159370,2516,1269,980,0.96,100.59,92.04,7.05,200.64,0.871013079,0.071788615,-0.446861892,-0.191042041,0.3273000,-0.5785357,0.6856491
seq-06/frame-000655,1,0.01235411,0.067048,1776,826,600,0.86,99.99,82.32,14.34,197.52,0.872726984,0.073614197,-0.443677658,-0.189943930,0.3062257,-0.5835754,0.6831880
seq-06/frame-000656,1,0.01136268,0.076773,2560,1300,974,0.97,99.15,92.72,12.98,205.82,0.877205948,0.078799991,-0.437672604,-0.180950210,0.2819185,-0.5684538,0.6765680
seq-06/frame-000657,1,0.01430640,0.133422,2370,1142,897,0.96,97.54,82.79,8.35,189.65,0.878860484,0.078144242,-0.435654966,-0.178051894,0.2711271,-0.5681461,0.6765786
seq-06/frame-000658,1,0.01329180,0.108613,2301,1098,839,0.94,101.60,94.43,6.94,203.92,0.880789343,0.078319191,-0.433342973,-0.174040528,0.2502740,-0.5702160,0.6695402
seq-06/frame-000659,1,0.01233719,0.103697,2607,1215,908,1.01,101.58,99.21,9.09,210.89,0.881489980,0.080768871,-0.432750578,-0.170817864,0.2434480,-0.5580807,0.6732270
seq-06/frame-000660,1,0.01533377,0.167545,2500,1200,939,0.94,124.46,94.70,18.37,238.47,0.884961973,0.079253796,-0.429118854,-0.162536612,0.2189267,-0.5437955,0.6710545
seq-06/frame-000661,1,0.01531482,0.176289,1701,797,624,0.87,101.49,64.37,6.48,173.21,0.886995437,0.078458971,-0.426462527,-0.158786011,0.2109129,-0.5296538,0.6781980
seq-06/frame-000662,1,0.01220977,0.165238,1925,899,703,0.88,90.26,87.32,6.80,185.26,0.890263006,0.074713555,-0.421888026,-0.154467338,0.1935062,-0.5200048,0.6803275
seq-06/frame-000663,1,0.01263789,0.128558,1947,985,753,0.98,100.87,76.38,16.43,194.67,0.892651827,0.071948103,-0.418608258,-0.150875156,0.1807855,-0.5143426,0.6832694
seq-06/frame-000664,1,0.01174184,0.121871,1672,829,651,0.88,79.01,63.58,13.55,157.02,0.895494375,0.070204151,-0.414409597,-0.146375843,0.1674647,-0.5035321,0.6874480
seq-06/frame-000665,1,0.01272926,0.116126,2004,999,775,1.13,87.62,72.56,8.16,169.47,0.898601851,0.066508602,-0.409487269,-0.142868809,0.1523187,-0.4988033,0.6842629
seq-06/frame-000666,1,0.01120016,0.061210,2497,1228,990,1.00,114.42,104.79,8.38,228.60,0.901646768,0.064337341,-0.403852104,-0.140702845,0.1214563,-0.4894151,0.6870947
seq-06/frame-000667,1,0.01172415,0.075341,2444,1247,956,0.96,101.22,100.11,12.06,214.35,0.902727060,0.064578095,-0.402267429,-0.138182634,0.1053763,-0.4822406,0.6829076
seq-06/frame-000668,1,0.01120916,0.095441,2761,1280,969,1.00,107.33,107.14,13.03,228.51,0.902738650,0.065181197,-0.403142074,-0.135243522,0.0952235,-0.4724459,0.6870358
seq-06/frame-000669,1,0.01427577,0.168908,2791,1350,1023,1.00,110.05,119.33,11.13,241.52,0.902782926,0.064502089,-0.403251681,-0.134946476,0.0835193,-0.4687117,0.6883115
seq-06/frame-000670,1,0.01178594,0.107430,2726,1331,1022,1.02,114.34,105.88,16.41,237.65,0.902490429,0.065985577,-0.403618674,-0.135088475,0.0717790,-0.4592743,0.6950291
seq-06/frame-000671,1,0.01028509,0.067838,2650,1284,966,1.01,117.32,106.00,12.33,236.67,0.902824333,0.067314599,-0.402839372,-0.134526612,0.0580481,-0.4517597,0.6966875
seq-06/frame-000672,1,0.00973514,0.060348,2373,1217,922,0.91,94.29,87.16,6.72,189.07,0.902997659,0.068395942,-0.402788278,-0.132961743,0.0458293,-0.4486140,0.6961562
seq-06/frame-000673,1,0.01003827,0.096973,2541,1290,996,1.00,108.52,109.19,10.59,229.30,0.901772407,0.075780761,-0.404880936,-0.130901603,0.0261397,-0.4267882,0.7012726
seq-06/frame-000674,1,0.01111588,0.135838,2340,1208,930,0.98,101.03,94.60,24.97,221.59,0.902286034,0.076117888,-0.404235737,-0.129148942,0.0136258,-0.4199522,0.7008616
seq-06/frame-000675,1,0.01237776,0.129102,1712,818,612,0.88,86.54,74.44,6.37,168.23,0.902702198,0.076934648,-0.403990226,-0.126497819,0.0033119,-0.4228589,0.7020630
seq-06/frame-000676,1,0.01017677,0.083160,1642,806,641,0.85,70.23,63.67,10.45,145.20,0.903466747,0.082436580,-0.402476925,-0.122328950,-0.0049071,-0.4142755,0.7075834
seq-06/frame-000677,1,0.01186035,0.137016,2146,1100,886,0.89,99.22,85.36,19.11,204.59,0.905204119,0.086913846,-0.398839342,-0.118231409,-0.0157713,-0.4043096,0.7047789
seq-06/frame-000678,1,0.01551111,0.178467,1822,1012,816,0.88,93.55,61.77,8.66,164.87,0.906649817,0.088804357,-0.396125851,-0.114822497,-0.0301074,-0.4030834,0.6967489
seq-06/frame-000679,1,0.01243220,0.177396,1556,719,524,0.85,79.79,52.82,8.34,141.81,0.907326974,0.094085745,-0.394794361,-0.109740819,-0.0435251,-0.3967005,0.6964939
seq-06/frame-000680,1,0.01013353,0.100593,1804,885,683,0.86,95.60,65.83,16.59,178.89,0.907712072,0.100409885,-0.393643947,-0.104981387,-0.0500440,-0.3849366,0.7035963
seq-06/frame-000681,1,0.01210971,0.177486,2280,1208,952,0.93,107.87,78.70,12.99,200.49,0.909055052,0.104385059,-0.390069970,-0.102801215,-0.0593957,-0.3751559,0.7003494
seq-06/frame-000682,1,0.00994497,0.105096,1918,1000,798,0.87,91.85,81.85,17.21,191.79,0.911512171,0.113200960,-0.382987953,-0.098241196,-0.0814547,-0.3581488,0.7036800
seq-06/frame-000683,1,0.01070538,0.163530,2464,1279,1000,0.92,109.72,105.86,17.94,234.44,0.913170282,0.116352693,-0.378779313,-0.095437513,-0.0964685,-0.3504545,0.6971585
seq-06/frame-000684,1,0.01015925,0.157106,2495,1228,939,0.97,91.11,92.10,10.22,194.40,0.914195391,0.119447907,-0.375929146,-0.093039033,-0.1109608,-0.3394636,0.6909117
seq-06/frame-000685,1,0.00924683,0.128041,2495,1388,1127,0.94,113.60,99.81,8.12,222.46,0.914262340,0.122070471,-0.375178419,-0.092001779,-0.1177942,-0.3318552,0.6955596
seq-06/frame-000686,1,0.01036436,0.142334,2392,1320,1058,0.93,108.78,90.85,8.81,209.38,0.915098908,0.125813316,-0.371971792,-0.091662341,-0.1291519,-0.3232413,0.6941707
seq-06/frame-000687,1,0.00543650,0.149007,2233,1336,1069,0.92,103.65,108.70,11.76,225.03,0.916180551,0.129373946,-0.368157168,-0.091301036,-0.1488496,-0.3042910,0.6909300
seq-06/frame-000688,1,0.01639041,0.285474,1718,928,733,1.28,76.28,68.45,7.71,153.73,0.915921160,0.127980411,-0.369197943,-0.091664177,-0.1569235,-0.2979237,0.6815929
seq-06/frame-000689,1,0.00825427,0.183126,2258,1295,1052,0.90,101.11,103.94,10.22,216.17,0.915480566,0.128035317,-0.370661391,-0.090068998,-0.1674678,-0.2839849,0.6925511
seq-06/frame-000690,1,0.00765845,0.185127,1835,1086,894,0.86,86.59,84.97,8.20,180.63,0.915940956,0.127774131,-0.369394248,-0.090960572,-0.1722806,-0.2761140,0.6998622
seq-06/frame-000691,1,0.01098985,0.227281,1694,1019,828,0.86,107.99,66.01,7.37,182.23,0.918032163,0.127082265,-0.364523011,-0.090498734,-0.1810423,-0.2698737,0.6982043
seq-06/frame-000692,1,0.01109947,0.274115,1794,1019,840,0.85,93.08,63.37,8.97,166.28,0.920223610,0.128153784,-0.358459493,-0.090950026,-0.1966644,-0.2527115,0.6958569
seq-06/frame-000693,1,0.01343074,0.310729,1682,864,644,0.85,81.70,74.55,8.88,165.98,0.922429457,0.125662826,-0.353522908,-0.091401878,-0.2113784,-0.2409121,0.6923934
seq-06/frame-000694,1,0.00984227,0.228156,1423,722,543,0.86,78.13,53.76,17.17,149.91,0.924214612,0.119174616,-0.350326332,-0.094319795,-0.2332916,-0.2193473,0.6957807
seq-06/frame-000695,1,0.01464598,0.282403,1260,676,508,0.85,73.51,45.82,9.01,129.20,0.925671597,0.113324936,-0.347630860,-0.097171697,-0.2443872,-0.2158293,0.6919858
seq-06/frame-000696,1,0.01259999,0.269552,1499,793,599,0.87,78.20,58.68,9.29,147.04,0.927006573,0.108308657,-0.345082928,-0.099226110,-0.2561840,-0.2128124,0.6934129
seq-06/frame-000697,1,0.00868487,0.169037,2500,1443,1173,0.95,110.66,82.62,10.63,204.87,0.928128367,0.103866903,-0.343083502,-0.100414695,-0.2670013,-0.2155088,0.6990956
seq-06/frame-000698,1,0.01014310,0.157364,2611,1492,1168,0.98,108.83,92.86,10.10,212.77,0.929028901,0.104235169,-0.340151290,-0.101673157,-0.2759814,-0.2120514,0.6973096
seq-06/frame-000699,1,0.01116958,0.219483,2460,1443,1201,1.29,112.25,99.13,7.59,220.26,0.930237979,0.105395645,-0.336215525,-0.102509421,-0.2862977,-0.2035927,0.6974312
seq-06/frame-000700,1,0.01033415,0.241686,2343,1361,1107,0.93,104.40,90.21,11.40,206.95,0.931674504,0.105052437,-0.332022413,-0.103478122,-0.3016684,-0.1984958,0.6947245
seq-06/frame-000701,1,0.00873084,0.177919,1879,1025,824,0.87,101.39,77.73,13.94,193.93,0.932087584,0.104310477,-0.330588913,-0.105085823,-0.3134062,-0.1876108,0.6929415
seq-06/frame-000702,1,0.00648291,0.139506,2382,1399,1112,1.32,110.21,92.03,12.67,216.23,0.932665015,0.100796466,-0.330150135,-0.104770850,-0.3245879,-0.1863945,0.6953441
seq-06/frame-000703,1,0.00734731,0.154627,2674,1576,1272,0.92,122.99,101.08,11.55,236.54,0.933063451,0.100051301,-0.329717146,-0.103290546,-0.3294455,-0.1804904,0.6992364
seq-06/frame-000704,1,0.00726729,0.195072,2624,1554,1241,0.95,118.49,118.33,12.83,250.59,0.934835753,0.098324277,-0.325730990,-0.101556751,-0.3437193,-0.1763835,0.6961890
seq-06/frame-000705,1,0.00541598,0.118526,2697,1496,1183,1.00,108.54,108.80,11.13,229.49,0.935624307,0.097976108,-0.323807334,-0.100780196,-0.3538763,-0.1738935,0.6990387
seq-06/frame-000706,1,0.01039741,0.207179,2679,1549,1213,1.43,99.20,98.08,17.32,216.03,0.936571441,0.097819775,-0.321057594,-0.100931901,-0.3643008,-0.1718031,0.6939958
seq-06/frame-000707,1,0.00958059,0.208721,2653,1494,1193,1.02,111.28,128.11,11.11,251.53,0.937396689,0.098519016,-0.318392143,-0.101034123,-0.3765902,-0.1696623,0.6933761
seq-06/frame-000708,1,0.00887837,0.186631,2705,1562,1200,1.01,98.04,106.55,14.62,220.23,0.937985206,0.100658136,-0.315742528,-0.101775977,-0.3889334,-0.1631042,0.6926187
seq-06/frame-000709,1,0.00663629,0.164384,2442,1406,1096,0.97,107.58,91.22,11.98,211.75,0.938440569,0.101956681,-0.313811785,-0.102256042,-0.4032533,-0.1555549,0.6919873
seq-06/frame-000710,1,0.00929151,0.220264,2275,1277,1010,0.93,91.22,92.72,17.40,202.27,0.938591776,0.101195879,-0.313788533,-0.101693797,-0.4156614,-0.1512195,0.6885250
seq-06/frame-000711,1,0.00868972,0.164164,1463,810,614,0.85,77.00,58.87,7.58,144.31,0.938484434,0.099358054,-0.314757221,-0.101502886,-0.4261423,-0.1418192,0.6860191
seq-06/frame-000712,1,0.00690294,0.137759,2596,1424,1068,0.97,113.98,100.41,9.53,224.90,0.938182571,0.094464638,-0.317820797,-0.099397370,-0.4472611,-0.1453007,0.6878957
seq-06/frame-000713,1,0.00585505,0.150916,2481,1325,1008,0.99,103.13,100.77,13.05,217.95,0.938345332,0.094999949,-0.317475745,-0.098448971,-0.4553041,-0.1404632,0.6879779
seq-06/frame-000714,1,0.00632171,0.159533,2337,1329,1029,0.94,99.81,92.89,12.07,205.71,0.939220952,0.093701332,-0.315860317,-0.096521107,-0.4680095,-0.1385462,0.6836014
seq-06/frame-000715,1,0.00585490,0.102864,2425,1285,989,0.94,103.12,106.42,9.01,219.50,0.939303895,0.092519028,-0.316589237,-0.094444043,-0.4770962,-0.1374168,0.6844653
seq-06/frame-000716,1,0.00875814,0.182026,2698,1360,1057,1.00,100.78,110.22,11.14,223.14,0.939220229,0.091783992,-0.317178662,-0.094014663,-0.4837045,-0.1372151,0.6793286
seq-06/frame-000717,1,0.00425831,0.147220,2657,1499,1161,0.98,111.58,126.85,12.27,251.68,0.939745769,0.092239359,-0.315928300,-0.092515400,-0.4907954,-0.1331526,0.6835956
seq-06/frame-000718,1,0.00571579,0.222408,2675,1443,1097,0.99,121.19,107.30,18.34,247.82,0.940860358,0.092213081,-0.312995827,-0.091170974,-0.5031860,-0.1344411,0.6795015
seq-06/frame-000719,1,0.00582583,0.187336,2664,1440,1090,1.01,107.10,92.39,8.16,208.67,0.941228101,0.093183102,-0.311762547,-0.090612830,-0.5099130,-0.1295387,0.6765398
seq-06/frame-000720,1,0.00625177,0.183241,2776,1563,1207,1.00,107.98,114.67,17.32,240.98,0.941774551,0.092814737,-0.310418490,-0.089924864,-0.5150882,-0.1279764,0.6775060
seq-06/frame-000721,1,0.00854966,0.208029,2490,1375,1061,0.94,101.83,101.65,9.82,214.24,0.942498708,0.093094919,-0.307605074,-0.091698638,-0.5191826,-0.1303658,0.6757316
seq-06/frame-000722,1,0.00387083,0.138514,2184,1292,1018,0.90,103.50,90.00,17.86,212.25,0.943602362,0.096288857,-0.302581266,-0.093742283,-0.5276395,-0.1202028,0.6777979
seq-06/frame-000723,1,0.00452032,0.166668,2042,1095,861,0.87,92.57,71.29,6.50,171.23,0.945313762,0.095909696,-0.296773895,-0.095438336,-0.5403174,-0.1127033,0.6707840
seq-06/frame-000724,1,0.00259686,0.122987,2542,1318,1004,0.92,105.49,111.05,9.31,226.77,0.946359678,0.092545119,-0.294115506,-0.096616927,-0.5515524,-0.1123461,0.6696261
seq-06/frame-000725,1,0.00129639,0.119942,2506,1350,1045,0.92,108.03,100.94,14.43,224.33,0.946519751,0.091771742,-0.293079874,-0.098906495,-0.5563774,-0.1060938,0.6702746
seq-06/frame-000726,1,0.00303944,0.108134,2716,1409,1117,0.95,116.99,99.57,8.15,225.67,0.947164724,0.089863648,-0.291158021,-0.100152474,-0.5615127,-0.1060071,0.6702394
seq-06/frame-000727,1,0.00393315,0.169147,2775,1313,979,0.94,107.96,110.82,10.20,229.93,0.948064662,0.089575444,-0.287630882,-0.102069149,-0.5678104,-0.1064696,0.6684072
seq-06/frame-000728,1,0.00585812,0.120514,2615,1362,1052,0.92,121.75,113.05,7.31,243.03,0.949015560,0.091096470,-0.283415969,-0.103664304,-0.5737642,-0.0973739,0.6616072
seq-06/frame-000729,1,0.00594708,0.200523,2641,1328,1000,0.93,114.14,113.21,14.19,242.48,0.950164079,0.089914869,-0.279454859,-0.104921505,-0.5880340,-0.0911287,0.6560443
seq-06/frame-000730,1,0.00591684,0.167123,2898,1352,994,0.96,111.14,112.14,7.71,231.96,0.950384323,0.088762270,-0.278775194,-0.105713244,-0.5922957,-0.0883961,0.6541696
seq-06/frame-000731,1,0.00356537,0.198694,2185,941,696,0.89,93.37,93.30,9.15,196.71,0.950853387,0.088973667,-0.276395492,-0.107550249,-0.5957132,-0.0809642,0.6559940
seq-06/frame-000732,1,0.00934523,0.354857,1759,892,699,0.86,95.72,82.18,6.16,184.92,0.952943694,0.087246437,-0.269419951,-0.108163140,-0.6064391,-0.0743479,0.6460028
seq-06/frame-000733,1,0.00530288,0.167438,2115,867,593,0.88,93.21,81.08,16.93,192.09,0.954533141,0.085138362,-0.265151740,-0.106360225,-0.6153953,-0.0657349,0.6416134
seq-06/frame-000734,1,0.00544410,0.175076,2373,1151,861,0.87,97.96,107.01,10.90,216.75,0.955757084,0.082136299,-0.262660371,-0.103882403,-0.6227490,-0.0596324,0.6397622
seq-06/frame-000735,1,0.00873356,0.325814,1665,837,621,0.83,75.02,64.09,13.54,153.48,0.957468748,0.078163820,-0.258014244,-0.102823460,-0.6319888,-0.0546627,0.6351350
seq-06/frame-000736,1,0.00180850,0.141427,2126,902,640,0.90,96.19,97.75,10.42,205.27,0.959589636,0.074550283,-0.252386347,-0.099654995,-0.6427241,-0.0506660,0.6307050
seq-06/frame-000737,1,0.00401205,0.157378,3086,1290,924,0.97,104.19,125.63,10.07,240.86,0.961042373,0.072673607,-0.248284485,-0.097318648,-0.6524883,-0.0484200,0.6233507
seq-06/frame-000738,1,0.00553046,0.231471,1890,839,630,0.89,94.10,73.62,10.56,179.17,0.962263514,0.072927270,-0.243505681,-0.097136633,-0.6589221,-0.0408500,0.6192022
seq-06/frame-000739,1,0.00746260,0.285799,2020,849,598,0.94,90.33,75.75,9.15,176.18,0.964787948,0.071738076,-0.234871593,-0.094197657,-0.6714299,-0.0382724,0.6093117
seq-06/frame-000740,1,0.00217024,0.058284,2184,966,672,0.93,93.77,85.61,7.47,187.78,0.966521963,0.071626847,-0.229384571,-0.089931134,-0.6797730,-0.0308970,0.6021521
seq-06/frame-000741,1,0.00534487,0.189604,1948,819,581,0.87,92.85,78.45,6.52,178.69,0.968400152,0.068708526,-0.223536713,-0.086669615,-0.6918922,-0.0227464,0.5843626
seq-06/frame-000742,1,0.00691817,0.249061,1820,933,711,0.86,99.52,61.85,13.29,175.53,0.970201329,0.062535919,-0.218759439,-0.083324350,-0.7012875,-0.0203346,0.5729875
seq-06/frame-000743,1,0.00753559,0.287730,1725,910,727,1.23,90.90,75.85,10.65,178.64,0.971871734,0.058978783,-0.213217901,-0.080777243,-0.7103714,-0.0134257,0.5684206
seq-06/frame-000744,1,0.00811554,0.355471,1613,825,640,0.86,85.35,67.69,9.11,163.01,0.973683941,0.057012100,-0.206040850,-0.078970708,-0.7200893,-0.0068401,0.5627669
seq-06/frame-000745,1,0.00850681,0.365784,1418,756,590,0.83,73.34,56.05,6.19,136.41,0.975600527,0.055123225,-0.197388270,-0.078758568,-0.7311422,0.0026436,0.5517454
seq-06/frame-000746,1,0.00946340,0.356174,1514,832,671,0.84,78.97,68.48,20.28,168.58,0.977381849,0.052599082,-0.189735800,-0.077190574,-0.7397797,0.0083304,0.5425636
seq-06/frame-000747,1,0.00999833,0.358971,1412,723,551,0.86,74.28,51.96,7.93,135.03,0.979110477,0.051066236,-0.181467956,-0.076185913,-0.7471715,0.0139463,0.5335802
seq-06/frame-000748,1,0.01018461,0.358907,1385,602,426,0.83,76.62,54.49,6.54,138.48,0.981162682,0.047216382,-0.171836452,-0.074583092,-0.7592684,0.0197542,0.5161095
seq-06/frame-000749,1,0.00793327,0.264291,1992,1089,848,0.85,100.21,72.76,17.44,191.26,0.982586607,0.041911037,-0.165668345,-0.072945350,-0.7678201,0.0240646,0.5002841
seq-06/frame-000750,1,0.00570221,0.212973,1850,1027,813,0.85,89.16,69.84,7.14,166.99,0.983474572,0.038944705,-0.161752265,-0.071395241,-0.7725502,0.0328206,0.4972456
seq-06/frame-000751,1,0.00854137,0.333114,1565,812,633,0.83,90.96,70.99,7.29,170.08,0.984643181,0.034841789,-0.155845040,-0.070542046,-0.7782803,0.0385847,0.4862866
seq-06/frame-000752,1,0.00581187,0.164515,2480,1465,1226,0.89,123.06,89.22,11.83,225.00,0.985838468,0.030404352,-0.149799869,-0.068978907,-0.7874795,0.0419195,0.4748506
seq-06/frame-000753,1,0.00469215,0.173411,2289,1304,1082,0.88,115.82,93.19,14.02,223.92,0.986363700,0.028620141,-0.146309788,-0.069720768,-0.7897073,0.0469809,0.4707718
seq-06/frame-000754,1,0.00829664,0.249652,1738,987,778,0.88,97.31,63.76,6.73,168.68,0.987210327,0.027390437,-0.140837950,-0.069499684,-0.7917894,0.0513049,0.4653792
seq-06/frame-000755,1,0.00393992,0.227854,1417,769,611,0.88,84.56,51.24,8.96,145.64,0.988263724,0.028253147,-0.133538437,-0.068586126,-0.7901832,0.0609350,0.4600270
seq-06/frame-000756,1,0.00500520,0.222066,1558,902,744,0.86,71.08,69.36,18.21,159.52,0.989715009,0.026228091,-0.123630640,-0.067020545,-0.7979482,0.0626816,0.4454682
seq-06/frame-000757,1,0.00542565,0.192683,2026,1170,937,0.88,106.62,70.50,9.08,187.08,0.990459708,0.024436151,-0.117524845,-0.067678305,-0.8006409,0.0644299,0.4335725
seq-06/frame-000758,1,0.00571645,0.207741,1712,1012,820,0.84,95.19,72.78,14.70,183.51,0.990953600,0.023321590,-0.112478406,-0.069395060,-0.8023489,0.0726123,0.4234335
seq-06/frame-000759,1,0.00945039,0.301363,1403,725,543,0.82,70.90,63.94,6.60,142.26,0.991470475,0.020097873,-0.107726945,-0.070549828,-0.8007822,0.0795236,0.4121426
seq-06/frame-000760,1,0.01296831,0.174614,1052,525,370,0.79,65.16,39.42,9.13,114.51,0.992004494,0.016379721,-0.103313931,-0.070604681,-0.7934240,0.0911220,0.4021209
seq-06/frame-000761,1,0.01158000,0.248063,1062,497,336,0.79,70.68,48.43,14.20,134.10,0.992845896,0.011032222,-0.095543826,-0.070758002,-0.7889500,0.0991866,0.3974370
seq-06/frame-000762,1,0.00893246,0.204637,1181,563,376,0.80,76.18,52.70,12.38,142.06,0.993896377,0.004812639,-0.085540287,-0.069495963,-0.7919989,0.1034290,0.3903713
seq-06/frame-000763,1,0.00426686,0.144278,1211,582,427,0.81,80.33,40.55,14.48,136.19,0.994790878,0.000699105,-0.076149493,-0.067763372,-0.7957306,0.1125447,0.3832583
seq-06/frame-000764,1,0.00470752,0.130400,1267,580,395,0.80,68.65,54.82,11.76,136.03,0.995207022,-0.003247327,-0.069463164,-0.068755418,-0.7921800,0.1225483,0.3723701
seq-06/frame-000765,1,0.01404551,0.366471,1497,664,458,0.81,90.69,58.38,12.13,162.02,0.996081937,-0.009543433,-0.058106684,-0.065979622,-0.8015046,0.1315141,0.3516619
seq-06/frame-000766,1,0.01375661,0.272198,1813,1145,904,0.83,88.90,78.61,10.99,179.33,0.996688596,-0.016423581,-0.051352276,-0.060869146,-0.8044257,0.1316205,0.3418578
seq-06/frame-000767,1,0.00655667,0.220217,1594,824,619,0.83,90.91,55.82,8.19,155.75,0.996951129,-0.018500395,-0.047820385,-0.058816608,-0.7974428,0.1409416,0.3449069
seq-06/frame-000768,1,0.00934099,0.222715,1546,734,509,0.82,79.88,64.31,19.54,164.55,0.997428023,-0.020906052,-0.040836929,-0.055069248,-0.7908747,0.1489909,0.3305225
seq-06/frame-000769,1,0.01239895,0.214634,2200,1287,1015,0.85,95.70,90.45,9.44,196.45,0.998002008,-0.026158205,-0.030347467,-0.048854603,-0.8015624,0.1510962,0.3107849
seq-06/frame-000770,1,0.00820261,0.078244,1982,1172,897,0.90,97.10,90.59,15.53,204.12,0.998310245,-0.028152498,-0.026909193,-0.043127574,-0.7951847,0.1611078,0.3051856
seq-06/frame-000771,1,0.00504274,0.144731,1598,542,309,0.80,77.27,69.18,12.77,160.02,0.998638373,-0.029627233,-0.020450562,-0.037754499,-0.7911886,0.1745596,0.2989757
seq-06/frame-000772,1,0.00730270,0.053330,1936,1009,710,0.82,96.24,81.51,19.55,198.12,0.998832365,-0.035992076,-0.012323802,-0.029775842,-0.7912092,0.1769276,0.2841001
seq-06/frame-000773,1,0.01131053,0.365271,1666,621,367,0.80,73.23,59.34,8.02,141.40,0.998822936,-0.039485671,-0.006835688,-0.027329439,-0.7892653,0.1807163,0.2833345
seq-06/frame-000774,1,0.00973925,0.364110,1399,542,268,0.78,82.94,62.58,9.86,156.16,0.998814227,-0.041232522,0.000886182,-0.025869567,-0.7846590,0.1914947,0.2784565
seq-06/frame-000775,1,0.01764100,0.619806,1707,612,322,0.82,72.83,65.15,7.75,146.55,0.998500420,-0.050189025,0.013807235,-0.016950927,-0.7901614,0.1811205,0.2577226
seq-06/frame-000776,1,0.01372319,0.331524,1763,609,290,0.83,82.35,70.25,23.86,177.29,0.998245924,-0.054880978,0.019129287,-0.011279345,-0.7843374,0.1878673,0.2497276
seq-06/frame-000777,1,0.01706505,0.554754,1848,602,289,0.80,80.42,90.07,18.10,189.40,0.997644414,-0.063275942,0.026457921,-0.001325300,-0.7803311,0.1878062,0.2444330
seq-06/frame-000778,1,0.01922497,0.598987,1624,545,250,0.79,78.33,62.57,13.58,155.27,0.997298035,-0.063278761,0.037206522,0.002846493,-0.7886348,0.2028287,0.2374927
seq-06/frame-000779,1,0.01178018,0.413758,1610,478,199,0.85,95.18,58.09,14.81,168.93,0.996928694,-0.063541793,0.044735124,0.009715355,-0.7747224,0.2161016,0.2281243
seq-06/frame-000780,1,0.01173305,0.415599,1610,478,199,0.78,98.47,61.46,13.77,174.49,0.996928694,-0.063541793,0.044735124,0.009715355,-0.7747224,0.2161016,0.2281243
seq-06/frame-000781,1,0.00736316,0.232907,1663,499,220,0.78,75.55,73.65,14.56,164.54,0.995927712,-0.068503971,0.055490819,0.018867094,-0.7717713,0.2127087,0.2255010
seq-06/frame-000782,1,0.00911290,0.371323,1716,603,277,1.10,93.75,72.20,15.92,182.98,0.995263390,-0.071293554,0.061390659,0.024478566,-0.7589942,0.2154574,0.2275791
seq-06/frame-000783,1,0.00643723,0.511265,1715,513,219,0.79,68.69,89.39,11.75,170.62,0.994494054,-0.070664978,0.071952108,0.028476850,-0.7628886,0.2254218,0.2137729
seq-06/frame-000784,1,0.00622811,0.499606,1715,513,219,0.79,82.75,61.51,10.58,155.63,0.994494054,-0.070664978,0.071952108,0.028476850,-0.7628886,0.2254218,0.2137729
seq-06/frame-000785,1,0.00886572,0.534040,1687,487,189,0.79,85.02,78.88,18.84,183.53,0.993779904,-0.073082569,0.077236714,0.033089720,-0.7470913,0.2284121,0.2110074
seq-06/frame-000786,1,0.00943851,0.302281,1938,590,231,0.80,90.48,84.52,12.29,188.10,0.992123944,-0.077106105,0.090330448,0.039813810,-0.7536269,0.2242123,0.2004923
seq-06/frame-000787,1,0.01633483,0.429612,2273,700,326,0.83,104.49,80.79,24.87,210.99,0.990538483,-0.082304959,0.099437607,0.046600106,-0.7535340,0.2180315,0.1953040
seq-06/frame-000788,1,0.01630744,0.429806,2273,700,326,0.81,119.73,90.63,17.05,228.22,0.990538483,-0.082304959,0.099437607,0.046600106,-0.7535340,0.2180315,0.1953040
seq-06/frame-000789,1,0.01171718,0.359923,1957,658,334,0.81,81.39,68.49,14.15,164.85,0.989672076,-0.083090697,0.105588088,0.049962731,-0.7506467,0.2247347,0.1911681
seq-06/frame-000790,1,0.01090297,0.454560,2244,669,322,0.86,91.45,84.04,8.94,185.29,0.988883293,-0.082947141,0.110986485,0.053959282,-0.7422460,0.2328832,0.1828222
seq-06/frame-000791,1,0.01387045,0.469399,2861,1225,742,0.96,120.78,112.05,9.07,242.86,0.987452960,-0.085484936,0.118612670,0.059665837,-0.7433488,0.2319776,0.1769909
seq-06/frame-000792,1,0.01309367,0.401426,3044,1230,795,0.98,113.57,125.37,13.36,253.27,0.986427213,-0.086559348,0.123948614,0.064074748,-0.7469700,0.2332135,0.1713421
seq-06/frame-000793,1,0.01309322,0.401692,3044,1230,795,1.19,126.96,128.74,19.62,276.51,0.986427213,-0.086559348,0.123948614,0.064074748,-0.7469700,0.2332135,0.1713421
seq-06/frame-000794,1,0.00822804,0.345888,2710,863,394,0.90,107.68,96.14,8.32,213.04,0.985567390,-0.086453194,0.130416046,0.064609755,-0.7519409,0.2398552,0.1683718
seq-06/frame-000795,1,0.01273562,0.315297,2635,886,433,0.98,100.53,105.83,18.41,225.75,0.984011101,-0.088573028,0.137757054,0.069999756,-0.7542978,0.2400584,0.1631985
seq-06/frame-000796,1,0.01089550,0.349502,2899,1187,774,1.07,111.67,114.12,9.87,236.73,0.982920343,-0.090136676,0.141580963,0.075483843,-0.7540566,0.2438820,0.1562026
seq-06/frame-000797,1,0.01089988,0.348853,2899,1187,774,1.05,106.77,111.17,9.91,228.91,0.982920343,-0.090136676,0.141580963,0.075483843,-0.7540566,0.2438820,0.1562026
seq-06/frame-000798,1,0.01326014,0.367047,3673,1434,876,1.47,128.51,140.06,10.21,280.25,0.981572856,-0.092898797,0.146293812,0.080514977,-0.7589480,0.2411355,0.1562859
seq-06/frame-000799,1,0.01179693,0.272985,2820,857,375,0.91,99.76,89.98,8.01,198.66,0.980509287,-0.092451170,0.153202777,0.081137103,-0.7681503,0.2458046,0.1579499
seq-06/frame-000800,1,0.01252710,0.370716,3202,1284,753,1.07,97.34,105.70,16.32,220.43,0.979488306,-0.092751692,0.157878679,0.084107696,-0.7647803,0.2475349,0.1485597
seq-06/frame-000801,1,0.01063926,0.344891,3364,1376,859,1.12,131.83,125.77,14.62,273.35,0.978373961,-0.092213183,0.162718542,0.088339104,-0.7728390,0.2525871,0.1423908
seq-06/frame-000802,1,0.01065155,0.345753,3364,1376,859,1.13,122.61,121.36,9.46,254.56,0.978373961,-0.092213183,0.162718542,0.088339104,-0.7728390,0.2525871,0.1423908
seq-06/frame-000803,1,0.00709288,0.202007,3402,1319,804,1.10,125.55,102.93,13.38,242.96,0.977126108,-0.091976844,0.168139425,0.092162695,-0.7832042,0.2570518,0.1402491
seq-06/frame-000804,1,0.01078575,0.247076,3203,961,438,0.99,122.29,119.16,9.53,251.97,0.975569861,-0.093490969,0.174330678,0.095559929,-0.7900404,0.2551012,0.1403730
seq-06/frame-000805,1,0.02244701,0.695351,3084,1127,604,1.05,114.26,116.95,11.70,243.96,0.973829382,-0.096761490,0.181053330,0.097535846,-0.7931852,0.2472293,0.1391361
seq-06/frame-000806,1,0.01189241,0.343248,3367,1259,700,1.09,131.36,119.22,10.49,262.17,0.972387707,-0.093465744,0.187205866,0.103345375,-0.8050338,0.2616073,0.1302049
seq-06/frame-000807,1,0.01669795,0.514357,3544,1352,741,1.03,134.63,120.20,16.71,272.59,0.970880496,-0.096097265,0.190900990,0.108227489,-0.8120154,0.2590927,0.1255213
seq-06/frame-000808,1,0.01668075,0.514100,3544,1352,741,1.04,128.71,124.43,12.61,266.80,0.970880496,-0.096097265,0.190900990,0.108227489,-0.8120154,0.2590927,0.1255213
seq-06/frame-000809,1,0.00855613,0.205383,3632,1337,806,1.12,106.40,132.99,14.08,254.60,0.969210136,-0.095073757,0.195554909,0.115546399,-0.8205157,0.2687606,0.1250459
seq-06/frame-000810,1,0.00780332,0.271583,3667,1323,760,1.12,129.51,122.97,13.51,267.11,0.967847754,-0.095911577,0.199715622,0.119102326,-0.8238980,0.2681510,0.1256327
seq-06/frame-000811,1,0.00695591,0.179840,3700,1216,639,1.08,129.48,122.74,8.03,261.34,0.965502399,-0.096751755,0.208133688,0.122982048,-0.8361686,0.2651141,0.1292901
seq-06/frame-000812,1,0.00879794,0.237447,3679,1330,722,1.54,122.92,122.19,15.66,262.32,0.963544558,-0.095760531,0.214911019,0.127377626,-0.8473554,0.2639937,0.1280411
seq-06/frame-000813,1,0.01006511,0.284792,3703,1263,707,1.11,129.65,143.34,9.39,283.50,0.961793199,-0.094251516,0.220485230,0.132124025,-0.8605131,0.2688168,0.1236874
seq-06/frame-000814,1,0.00613904,0.125812,3693,1319,730,1.15,135.95,127.82,19.51,284.42,0.959660075,-0.094250343,0.225876704,0.138380375,-0.8685063,0.2708346,0.1239242
seq-06/frame-000815,1,0.00620407,0.127099,3693,1319,730,1.15,140.86,133.24,19.65,294.91,0.959660075,-0.094250343,0.225876704,0.138380375,-0.8685063,0.2708346,0.1239242
seq-06/frame-000816,1,0.00949599,0.249028,3491,1135,570,1.14,118.95,122.68,9.54,252.31,0.957209725,-0.095428632,0.233012610,0.142646560,-0.8777064,0.2655162,0.1259563
seq-06/frame-000817,1,0.00997307,0.356468,3900,1307,645,0.98,140.55,139.58,18.78,299.89,0.955326780,-0.094109053,0.237531059,0.148570609,-0.8865078,0.2708514,0.1125529
seq-06/frame-000818,1,0.00355903,0.116543,3780,1297,667,0.91,135.09,147.14,12.38,295.51,0.952935615,-0.094265297,0.240947177,0.158026027,-0.9005028,0.2762939,0.1136670
seq-06/frame-000819,1,0.01530491,0.427470,4000,1330,723,1.16,146.84,126.53,11.76,286.29,0.951276525,-0.099195549,0.242889748,0.161980821,-0.9100705,0.2631725,0.1175231
seq-06/frame-000820,1,0.01054081,0.236327,4000,1340,723,1.24,130.37,157.11,15.32,304.04,0.949669727,-0.098612952,0.248117260,0.163831376,-0.9233444,0.2657476,0.1205572
seq-06/frame-000821,1,0.01869931,0.545434,4000,1347,680,1.17,162.39,134.16,32.43,330.14,0.947634630,-0.101694750,0.252130353,0.167562138,-0.9315284,0.2553457,0.1209732
seq-06/frame-000822,1,0.01236878,0.325526,4001,1268,624,1.09,142.54,143.94,19.85,307.42,0.946441722,-0.100515996,0.255516377,0.169870486,-0.9476836,0.2575825,0.1246562
seq-06/frame-000823,1,0.00938377,0.247547,4000,1461,799,1.13,162.79,147.63,11.37,322.91,0.945429577,-0.099325469,0.257280772,0.173504959,-0.9577221,0.2602092,0.1232265
seq-06/frame-000824,1,0.01600417,0.498174,4000,1249,617,1.19,145.80,124.25,12.32,283.56,0.942938804,-0.101833468,0.260886641,0.180095857,-0.9616071,0.2513421,0.1255604
seq-06/frame-000825,1,0.00759949,0.172669,4001,1421,780,1.16,135.91,136.23,10.12,283.42,0.940193251,-0.100417715,0.267672388,0.185214541,-0.9766729,0.2461966,0.1337574
seq-06/frame-000826,1,0.00499613,0.194699,4000,1380,729,1.17,127.02,147.07,14.54,289.81,0.939108773,-0.096221119,0.270474071,0.188838518,-0.9845507,0.2489062,0.1294924
seq-06/frame-000827,1,0.00627849,0.195739,3836,1300,686,1.20,134.00,130.94,22.93,289.08,0.937271510,-0.094796573,0.274280918,0.193146848,-0.9972858,0.2381908,0.1354252
seq-06/frame-000828,1,0.00768353,0.132834,4000,1495,823,1.18,133.62,130.22,15.60,280.62,0.936369549,-0.092145133,0.277043703,0.194854124,-1.0084874,0.2310720,0.1398772
seq-06/frame-000829,1,0.01026726,0.313278,4000,1313,671,1.58,138.14,146.70,14.42,300.84,0.935632396,-0.089538341,0.278040694,0.198162250,-1.0137348,0.2275898,0.1358440
seq-06/frame-000830,1,0.01180571,0.286054,3373,1101,572,0.99,121.79,131.98,24.18,278.94,0.934785587,-0.082176082,0.281620043,0.200282675,-1.0392525,0.2394109,0.1478505
seq-06/frame-000831,1,0.01234143,0.397201,3323,929,412,0.89,133.19,120.59,13.83,268.50,0.936132274,-0.083237805,0.274880038,0.202900955,-1.0353652,0.2251030,0.1410483
seq-06/frame-000832,1,0.00623795,0.250214,3390,1301,723,0.96,123.37,135.17,15.80,275.31,0.935819243,-0.083071966,0.274419926,0.205024624,-1.0514604,0.2236634,0.1502857
seq-06/frame-000833,1,0.01127995,0.423302,3191,1153,636,1.07,113.19,122.45,21.65,258.36,0.935559631,-0.085975330,0.272230388,0.207911123,-1.0537489,0.2049338,0.1594420
seq-06/frame-000834,1,0.01115917,0.282157,3305,1341,772,0.96,122.49,119.45,23.65,266.56,0.936263371,-0.081613400,0.271869825,0.206970896,-1.0715033,0.2055640,0.1680214
seq-06/frame-000835,1,0.00834924,0.185320,3213,1138,585,0.90,116.18,128.41,13.69,259.19,0.936647008,-0.080027471,0.269956561,0.208354125,-1.0821939,0.2021578,0.1775122
seq-06/frame-000836,1,0.01645092,0.507442,3375,1105,576,0.92,121.13,133.82,12.76,268.63,0.937023807,-0.085160380,0.263870524,0.212382774,-1.0759726,0.1818448,0.1725240
seq-06/frame-000837,1,0.00718679,0.220837,3966,1512,854,1.02,126.13,127.86,26.33,281.35,0.936160999,-0.083636573,0.264510257,0.215967199,-1.0890509,0.1859942,0.1877131
seq-06/frame-000838,1,0.00770698,0.247292,3338,1267,720,1.18,111.49,126.96,13.63,253.26,0.935158933,-0.085585170,0.264854874,0.219100078,-1.0923723,0.1694672,0.2010909
seq-06/frame-000839,1,0.01140020,0.263263,3231,1263,732,1.08,112.53,112.66,17.44,243.71,0.934050949,-0.084826047,0.269025058,0.219040827,-1.1040396,0.1490261,0.2238561
seq-06/frame-000840,1,0.00523001,0.079707,3614,1344,777,1.15,116.65,148.72,18.18,284.70,0.934558438,-0.080881470,0.268362322,0.219181152,-1.1049150,0.1482057,0.2217572
seq-06/frame-000841,1,0.01045727,0.234800,3236,1316,806,1.12,119.82,109.23,11.97,242.15,0.933738145,-0.076445749,0.271245641,0.220714583,-1.1166450,0.1491191,0.2318486
seq-06/frame-000842,1,0.01635697,0.407600,3015,1115,631,1.07,113.50,109.03,15.35,238.96,0.933355741,-0.072736866,0.271312258,0.223486171,-1.1241321,0.1374006,0.2386455
seq-06/frame-000843,1,0.00714603,0.353398,3987,1433,774,1.04,134.18,137.97,11.12,284.31,0.933602113,-0.071393715,0.268627278,0.226118148,-1.1197791,0.1259853,0.2468497
seq-06/frame-000844,1,0.00830891,0.383089,4000,1479,839,1.36,139.31,154.99,8.57,304.24,0.932985138,-0.071404245,0.268588411,0.228692875,-1.1210336,0.1216687,0.2522265
seq-06/frame-000845,1,0.00664772,0.305020,4000,1519,864,1.01,145.71,164.01,18.27,329.00,0.931889174,-0.071010524,0.270615223,0.230884113,-1.1313827,0.1169436,0.2600914
seq-06/frame-000846,1,0.01875675,0.609923,3286,1144,652,0.91,119.17,122.50,9.55,252.14,0.931828499,-0.073412461,0.267914157,0.233512877,-1.1302213,0.1075755,0.2609698
seq-06/frame-000847,1,0.01288843,0.449227,2748,1106,663,0.89,115.32,126.56,7.82,250.59,0.930289709,-0.075041737,0.267845378,0.239141481,-1.1432137,0.1012834,0.2716225
seq-06/frame-000848,1,0.00780429,0.352864,3799,1460,866,1.07,117.83,145.35,14.47,278.73,0.930397429,-0.077198836,0.266334293,0.239722775,-1.1443713,0.0944343,0.2891267
seq-06/frame-000849,1,0.00838755,0.380817,3793,1467,881,1.15,138.60,129.90,9.82,279.49,0.930080472,-0.078487125,0.266334253,0.240533060,-1.1443204,0.0862549,0.3008174
seq-06/frame-000850,1,0.00826558,0.393776,3409,1316,792,0.99,139.91,114.96,14.97,270.84,0.928880046,-0.078326112,0.268110082,0.243236231,-1.1553213,0.0766564,0.3070283
seq-06/frame-000851,1,0.01399382,0.462947,2938,1110,606,0.94,112.86,117.69,13.79,245.28,0.929631958,-0.076292400,0.264909988,0.244512967,-1.1600110,0.0760335,0.3096876
seq-06/frame-000852,1,0.01536440,0.644048,3231,1315,816,1.55,105.42,117.44,10.89,235.30,0.930413413,-0.078075995,0.260142818,0.246090907,-1.1551944,0.0627610,0.3177008
seq-06/frame-000853,1,0.00523858,0.245944,4001,1591,992,1.18,132.50,153.89,10.71,298.28,0.930985628,-0.077141445,0.261464518,0.242798812,-1.1663805,0.0620828,0.3246034
seq-06/frame-000854,1,0.00817397,0.343151,4000,1564,971,1.18,137.28,140.48,10.85,289.79,0.930275702,-0.078715541,0.263063453,0.243287075,-1.1680668,0.0569181,0.3282384
seq-06/frame-000855,1,0.00874026,0.413168,3645,1472,938,1.10,148.38,129.90,13.79,293.18,0.929387289,-0.080982580,0.264021105,0.244895786,-1.1713345,0.0458569,0.3353086
seq-06/frame-000856,1,0.01117637,0.492674,3515,1450,913,1.11,120.61,118.09,8.98,248.79,0.930885715,-0.080361308,0.261397094,0.242209423,-1.1711469,0.0440744,0.3403756
seq-06/frame-000857,1,0.00381685,0.219649,4000,1672,1053,1.06,145.68,167.82,11.54,326.10,0.931301118,-0.079145020,0.263483298,0.238727556,-1.1812000,0.0412415,0.3481456
seq-06/frame-000858,1,0.00901376,0.391181,3867,1553,984,1.05,148.16,156.24,11.51,316.96,0.931604934,-0.077620939,0.263443785,0.238085299,-1.1815434,0.0382873,0.3492320
seq-06/frame-000859,1,0.00889123,0.403937,3729,1495,938,1.12,137.42,150.99,13.07,302.61,0.931876047,-0.076678399,0.264381309,0.236283684,-1.1869250,0.0337473,0.3549504
seq-06/frame-000860,1,0.01067977,0.451664,3928,1623,1002,1.11,131.70,169.50,13.21,315.52,0.931890108,-0.075181716,0.264542127,0.236529065,-1.1912683,0.0301491,0.3592576
seq-06/frame-000861,1,0.00695235,0.297135,4000,1660,1037,1.19,149.76,172.12,18.66,341.73,0.931454655,-0.073414162,0.266401342,0.236712720,-1.2012300,0.0296981,0.3618483
seq-06/frame-000862,1,0.00473415,0.233481,4000,1697,1075,1.12,144.90,167.56,12.42,326.00,0.930852081,-0.073395913,0.268539090,0.236673193,-1.2043932,0.0246890,0.3694063
seq-06/frame-000863,1,0.00942188,0.403316,4001,1687,1076,1.13,145.55,185.78,9.48,341.94,0.930636349,-0.072308762,0.269558196,0.236697715,-1.2063681,0.0232548,0.3705703
seq-06/frame-000864,1,0.01020535,0.406376,4001,1686,1086,1.14,145.97,160.23,12.01,319.36,0.929143995,-0.071386915,0.272514014,0.239439881,-1.2130904,0.0210832,0.3711839
seq-06/frame-000865,1,0.01003311,0.428463,4000,1634,1056,1.17,141.88,162.55,21.94,327.54,0.928268852,-0.070870441,0.274457178,0.240764567,-1.2171249,0.0212798,0.3771155
seq-06/frame-000866,1,0.00636207,0.323607,4000,1640,1026,1.03,132.92,177.88,11.86,323.71,0.926897858,-0.069758568,0.277985376,0.242318456,-1.2229454,0.0169480,0.3838073
seq-06/frame-000867,1,0.00758536,0.346303,4000,1600,969,1.00,160.11,175.96,8.09,345.16,0.926006968,-0.067256134,0.281290454,0.242617781,-1.2272958,0.0144203,0.3862400
seq-06/frame-000868,1,0.00770027,0.348499,4000,1617,1028,1.13,171.31,201.67,18.57,392.68,0.925233528,-0.065051566,0.284248673,0.242721865,-1.2361238,0.0140006,0.3850414
seq-06/frame-000869,1,0.00808234,0.315811,4000,1660,1029,1.00,165.12,234.90,14.76,415.78,0.923935076,-0.065218526,0.287086333,0.244278440,-1.2479253,0.0118959,0.3838421
seq-06/frame-000870,1,0.00828663,0.361167,4000,1571,965,1.13,154.06,207.65,20.12,382.97,0.923184484,-0.065356626,0.287679879,0.246372090,-1.2523134,0.0111940,0.3894540
seq-06/frame-000871,1,0.00909287,0.409689,4000,1635,1064,1.13,178.36,192.57,12.71,384.77,0.923028400,-0.065726060,0.288526866,0.245867659,-1.2549350,0.0077927,0.3927786
seq-06/frame-000872,1,0.00567030,0.300030,4000,1572,976,1.04,142.22,191.89,9.55,344.70,0.921762858,-0.064331184,0.292672650,0.246084238,-1.2646098,0.0052142,0.3976894
seq-06/frame-000873,1,0.00746219,0.408499,3223,1227,705,0.94,137.62,161.93,19.44,319.93,0.921139610,-0.062025011,0.294324810,0.247037696,-1.2676970,0.0007278,0.4018620
seq-06/frame-000874,1,0.00930864,0.427497,3451,1308,767,0.98,141.40,157.20,7.46,307.04,0.921650806,-0.058008848,0.295286455,0.244950353,-1.2747205,-0.0030826,0.4007743
seq-06/frame-000875,1,0.00741211,0.357447,4000,1564,950,0.99,175.31,162.84,12.91,352.05,0.921751157,-0.053828017,0.297210934,0.243193358,-1.2842470,-0.0016036,0.3960394
seq-06/frame-000876,1,0.00826150,0.384340,4001,1581,972,0.98,141.75,181.23,14.56,338.52,0.921045941,-0.051372866,0.300222650,0.242696443,-1.2931305,-0.0032579,0.3924615
seq-06/frame-000877,1,0.01266752,0.520100,3502,1358,829,0.96,129.55,145.76,17.51,293.79,0.921429175,-0.049508379,0.300739204,0.240983667,-1.2970101,-0.0050985,0.3897056
seq-06/frame-000878,1,0.00797112,0.383763,3776,1478,912,1.31,152.01,135.28,10.51,299.10,0.921684257,-0.047237808,0.302793140,0.237871887,-1.3087717,-0.0084156,0.3901898
seq-06/frame-000879,1,0.00696537,0.327846,4000,1626,1001,1.00,154.84,146.49,17.59,319.93,0.921614113,-0.045319300,0.304545559,0.236274398,-1.3166746,-0.0075477,0.3863517
seq-06/frame-000880,1,0.00895623,0.376183,2874,1114,672,0.88,114.44,109.78,14.40,239.50,0.921645627,-0.043627618,0.306554453,0.233859650,-1.3215243,-0.0078702,0.3817600
seq-06/frame-000881,1,0.00968322,0.422933,3348,1296,775,0.91,128.70,125.77,13.18,268.56,0.921850537,-0.041484719,0.309467337,0.229566055,-1.3274931,-0.0107924,0.3815111
seq-06/frame-000882,1,0.00770958,0.333177,3770,1445,872,1.06,124.82,144.48,13.62,284.00,0.921290590,-0.038809381,0.312605185,0.228025171,-1.3400393,-0.0121518,0.3753523
seq-06/frame-000883,1,0.00755589,0.344857,3778,1398,860,1.05,143.04,159.43,8.92,312.45,0.921279667,-0.037148742,0.313490982,0.227128046,-1.3466267,-0.0112162,0.3742541
seq-06/frame-000884,1,0.00923962,0.388678,3540,1364,830,2.05,133.75,141.24,8.93,285.98,0.922261419,-0.036899908,0.312775373,0.224151371,-1.3521716,-0.0155324,0.3694393
seq-06/frame-000885,1,0.00746352,0.322892,3117,1210,747,1.05,130.11,134.43,7.77,273.37,0.923013855,-0.034488677,0.313964243,0.219732585,-1.3610205,-0.0142520,0.3671197
seq-06/frame-000886,1,0.00624624,0.243757,2456,948,550,0.85,117.63,101.88,7.03,227.39,0.923395455,-0.032373329,0.315872867,0.215678311,-1.3649368,-0.0159737,0.3605924
seq-06/frame-000887,1,0.00945630,0.400559,3088,1244,719,1.40,123.09,117.33,9.01,250.83,0.923165455,-0.029663346,0.318418408,0.213296382,-1.3680571,-0.0169445,0.3551413
seq-06/frame-000888,1,0.00874371,0.324267,3657,1382,874,1.03,136.14,150.29,13.42,300.87,0.922658807,-0.027551681,0.321397277,0.211294629,-1.3820979,-0.0187021,0.3508486
seq-06/frame-000889,1,0.00991071,0.343225,3679,1380,849,1.03,136.24,127.69,12.01,276.97,0.923274522,-0.026167008,0.320736396,0.209779905,-1.3853156,-0.0207656,0.3450000
seq-06/frame-000890,1,0.01098896,0.400773,3540,1361,864,1.09,130.05,157.47,7.14,295.76,0.923448628,-0.024392190,0.320347427,0.209821777,-1.3899614,-0.0198839,0.3348477
seq-06/frame-000891,1,0.00839945,0.295901,3494,1271,783,1.10,134.59,131.58,10.26,277.53,0.922915630,-0.024218873,0.321680733,0.210146836,-1.3977248,-0.0202510,0.3323943
seq-06/frame-000892,1,0.01034595,0.307555,3903,1494,908,0.98,144.21,165.37,10.34,320.90,0.922656009,-0.024221622,0.322111330,0.210626428,-1.4013051,-0.0232918,0.3274078
seq-06/frame-000893,1,0.00959772,0.346953,2169,682,364,0.85,81.03,111.45,11.51,204.85,0.923119998,-0.023325655,0.322283155,0.208420131,-1.3990644,-0.0268672,0.3206197
seq-06/frame-000894,1,0.01227793,0.447632,1610,528,300,1.12,92.51,52.93,6.44,153.01,0.922773419,-0.020695399,0.324803978,0.206308736,-1.3976911,-0.0342530,0.3136940
seq-06/frame-000895,1,0.01226027,0.436010,2653,905,530,0.91,106.27,114.95,12.27,234.41,0.923045463,-0.011309692,0.327545834,0.201427136,-1.4154540,-0.0406807,0.3048488
seq-06/frame-000896,1,0.01043469,0.295464,3230,1169,715,0.94,113.11,131.10,14.23,259.38,0.923785480,-0.008109076,0.326784416,0.199415582,-1.4221600,-0.0427380,0.2957326
seq-06/frame-000897,1,0.01332805,0.313201,1897,587,330,0.83,95.29,75.46,9.51,181.09,0.924143724,-0.005985426,0.325935597,0.199219826,-1.4236085,-0.0496738,0.2828062
seq-06/frame-000898,1,0.01413274,0.383457,1290,415,232,0.80,67.29,62.68,9.27,140.04,0.924919379,-0.000825897,0.325576529,0.196273747,-1.4199875,-0.0525938,0.2695769
seq-06/frame-000899,1,0.01573318,0.402031,2785,968,538,0.88,115.66,110.11,9.76,236.41,0.923048796,0.006826843,0.334107251,0.190543064,-1.4355816,-0.0556096,0.2498569
seq-06/frame-000900,1,0.01538937,0.380312,3040,1086,687,0.96,115.05,104.54,9.71,230.27,0.922562227,0.009954661,0.335949667,0.189519558,-1.4435488,-0.0556185,0.2479934
seq-06/frame-000901,1,0.01064835,0.294062,3167,1421,1031,1.05,127.22,133.24,8.96,270.48,0.922566618,0.012165178,0.336335041,0.188683819,-1.4495783,-0.0515496,0.2391029
seq-06/frame-000902,1,0.01188436,0.226060,3159,1142,763,1.04,134.24,138.71,7.15,281.14,0.921667507,0.010361590,0.338058958,0.190099408,-1.4600023,-0.0590334,0.2324025
seq-06/frame-000903,1,0.01412665,0.242867,3373,1367,894,0.97,139.53,143.69,10.27,294.47,0.921939975,0.010708545,0.336727372,0.191119559,-1.4669617,-0.0582585,0.2221328
seq-06/frame-000904,1,0.01392889,0.327075,3313,1215,777,1.40,130.78,130.58,15.59,278.36,0.922648272,0.008903005,0.334399412,0.191880005,-1.4655990,-0.0607724,0.2148905
seq-06/frame-000905,1,0.01400714,0.239959,3560,1433,959,0.98,119.52,151.38,8.75,280.63,0.921803910,0.008373583,0.335821437,0.193471951,-1.4800598,-0.0664927,0.2047688
seq-06/frame-000906,1,0.01316811,0.317475,3333,1389,925,0.98,113.47,128.03,8.22,250.70,0.921741408,0.007002727,0.334486277,0.196119018,-1.4805357,-0.0697538,0.2039988
seq-06/frame-000907,1,0.01310905,0.335137,3418,1266,807,0.99,133.16,138.91,13.16,286.22,0.921706513,0.006298672,0.333389384,0.198163948,-1.4791333,-0.0784373,0.2015388
seq-06/frame-000908,1,0.01648737,0.291337,2542,1081,761,0.92,100.22,99.35,10.57,211.05,0.920698800,0.008788205,0.335081914,0.199891466,-1.4969815,-0.0784293,0.1915150
seq-06/frame-000909,1,0.02198297,0.422042,2276,893,595,0.91,96.93,85.50,7.16,190.50,0.920678814,0.007309619,0.332498704,0.204307864,-1.5024484,-0.0831453,0.1922678
seq-06/frame-000910,1,0.01731989,0.359929,2478,912,585,0.94,105.39,90.06,11.82,208.22,0.922966668,0.005404950,0.326991567,0.202928144,-1.5101377,-0.0971992,0.1918199
seq-06/frame-000911,1,0.02278714,0.314456,1680,657,431,0.86,90.49,68.60,11.63,171.59,0.923893419,0.004889347,0.324452132,0.202800046,-1.5207086,-0.0992195,0.1956327
seq-06/frame-000912,1,0.02345082,0.479585,2276,887,589,0.94,96.17,86.58,6.67,190.38,0.926276735,0.003338501,0.317342592,0.203209115,-1.5157867,-0.1098780,0.1916185
seq-06/frame-000913,1,0.01594947,0.344113,3046,1245,864,1.04,117.94,139.61,7.79,266.38,0.927562818,0.003038907,0.314781929,0.201321436,-1.5166368,-0.1137101,0.1923067
seq-06/frame-000914,1,0.02576286,0.432677,1837,639,394,0.91,91.50,72.40,11.25,176.06,0.929025089,0.004555427,0.311009559,0.200411293,-1.5352663,-0.1193711,0.2025570
seq-06/frame-000915,1,0.02804943,0.504084,2008,770,493,0.97,101.04,77.51,12.37,191.89,0.931270728,0.003597189,0.305698919,0.198166752,-1.5374725,-0.1241501,0.2002197
seq-06/frame-000916,1,0.02750831,0.499323,1981,751,499,0.94,87.37,71.19,7.67,167.18,0.932774115,0.003312339,0.302503213,0.195993073,-1.5423728,-0.1293609,0.2049404
seq-06/frame-000917,1,0.02162896,0.322798,2387,899,607,0.99,106.27,110.98,7.20,225.44,0.935061970,0.002854692,0.298753789,0.190780334,-1.5546422,-0.1371363,0.2175450
seq-06/frame-000918,1,0.02894333,0.468249,1891,694,469,0.90,93.36,68.12,9.32,171.71,0.936031058,0.002876518,0.296595193,0.189390799,-1.5621241,-0.1413739,0.2267206
seq-06/frame-000919,1,0.03121995,0.544600,1907,711,445,0.89,85.48,93.89,15.88,196.14,0.937348028,0.002888396,0.292664068,0.188992261,-1.5682237,-0.1474495,0.2333964
seq-06/frame-000920,1,0.01716819,0.382754,2676,1031,696,0.92,114.63,100.50,6.19,222.24,0.939656031,0.005118297,0.287355041,0.185600179,-1.5654374,-0.1574763,0.2564215
seq-06/frame-000921,1,0.01595453,0.326430,2163,833,549,0.88,95.59,76.96,8.29,181.72,0.939358160,0.007308925,0.288679081,0.184978959,-1.5705014,-0.1654631,0.2646256
seq-06/frame-000922,1,0.01728131,0.419235,1905,676,424,1.10,98.98,95.75,6.08,201.92,0.939195778,0.011421480,0.289028729,0.185049272,-1.5682522,-0.1717716,0.2732138
seq-06/frame-000923,1,0.01710624,0.291809,2157,922,642,0.94,104.54,97.13,9.89,212.50,0.938181429,0.015455010,0.291750535,0.185629672,-1.5818547,-0.1805210,0.2792519
seq-06/frame-000924,1,0.01879579,0.212776,2426,1104,830,0.93,102.57,100.26,10.98,214.75,0.937773449,0.018396558,0.292509327,0.186227865,-1.5951032,-0.1845090,0.2862230
seq-06/frame-000925,1,0.02104867,0.354096,2336,1035,767,0.94,101.14,93.33,8.47,203.88,0.939108974,0.019933235,0.286112681,0.189252571,-1.5969962,-0.1979312,0.3041973
seq-06/frame-000926,1,0.01112517,0.219554,2100,993,782,0.90,96.28,78.66,10.08,185.93,0.939581558,0.021895014,0.286319705,0.186354852,-1.5911603,-0.2003011,0.3199408
seq-06/frame-000927,1,0.01386018,0.265107,1895,892,668,0.86,88.26,74.31,17.08,180.51,0.938977160,0.023525227,0.289587398,0.184140151,-1.5908731,-0.2078420,0.3297958
seq-06/frame-000928,1,0.02058396,0.326814,2112,1000,755,0.93,86.07,89.94,12.29,189.22,0.938028519,0.024938013,0.292775535,0.183747324,-1.6044316,-0.2233470,0.3338754
seq-06/frame-000929,1,0.02450329,0.389404,1493,639,451,0.89,93.56,56.79,11.93,163.17,0.939923025,0.027041801,0.289002620,0.179696785,-1.6247195,-0.2337816,0.3567268
seq-06/frame-000930,1,0.02064351,0.349627,1746,764,555,0.92,77.05,73.43,14.19,165.59,0.941536636,0.026451082,0.284561738,0.178420069,-1.6254576,-0.2375218,0.3647607
seq-06/frame-000931,1,0.01908558,0.214310,2096,1054,815,0.95,92.07,95.51,15.66,204.23,0.942639439,0.025974698,0.282433825,0.176032209,-1.6277627,-0.2407589,0.3784449
seq-06/frame-000932,1,0.01597613,0.156897,2368,1132,883,0.90,111.73,81.36,12.39,206.40,0.943470773,0.026875262,0.281850853,0.172338960,-1.6220740,-0.2447844,0.3947765
seq-06/frame-000933,1,0.02021964,0.245326,2538,1252,965,0.98,92.92,95.13,11.00,200.02,0.943454415,0.027157827,0.283388714,0.169844208,-1.6252385,-0.2547264,0.3979022
seq-06/frame-000934,1,0.01992291,0.252129,1847,910,703,0.89,88.02,69.53,12.29,170.74,0.943362198,0.027863258,0.284127145,0.169006413,-1.6349524,-0.2623320,0.4094874
seq-06/frame-000935,1,0.01934408,0.345838,1491,677,470,0.86,88.53,53.35,16.55,159.29,0.948010266,0.028716009,0.273664369,0.159874134,-1.6339572,-0.2777471,0.4243282
seq-06/frame-000936,1,0.02183452,0.305318,1938,896,680,0.94,98.97,77.57,8.65,186.13,0.949831587,0.028774250,0.270247459,0.154784722,-1.6346066,-0.2825735,0.4340835
seq-06/frame-000937,1,0.02164878,0.250487,2428,1258,999,0.93,87.24,94.69,9.88,192.75,0.951024797,0.029349964,0.268694731,0.149978522,-1.6311364,-0.2855860,0.4472196
seq-06/frame-000938,1,0.01865020,0.184949,2722,1306,1015,1.35,120.63,113.66,10.20,245.85,0.951550317,0.029673431,0.269060108,0.145870286,-1.6321591,-0.2879837,0.4601703
seq-06/frame-000939,1,0.01648312,0.192208,2416,1279,1013,0.94,93.67,85.87,8.02,188.51,0.952128190,0.029417300,0.268206391,0.143707563,-1.6299057,-0.2945687,0.4695584
seq-06/frame-000940,1,0.01404580,0.228888,1980,888,679,0.92,104.03,82.79,6.29,194.03,0.952840024,0.028952731,0.266123849,0.142953575,-1.6320843,-0.3044462,0.4815959
seq-06/frame-000941,1,0.01946780,0.312298,2221,1049,816,0.96,104.56,94.82,14.63,214.98,0.953999812,0.028015969,0.263202368,0.140797651,-1.6308158,-0.3104482,0.4899751
seq-06/frame-000942,1,0.01824125,0.221263,2528,1303,1055,0.94,121.68,100.48,9.14,232.26,0.955741745,0.027855134,0.259879412,0.135072198,-1.6102985,-0.3161173,0.5143869
seq-06/frame-000943,1,0.01897306,0.224393,2662,1399,1121,0.96,98.73,111.11,8.81,219.61,0.955624604,0.028174116,0.261281885,0.133115036,-1.6085724,-0.3249001,0.5243161
seq-06/frame-000944,1,0.01883520,0.266070,2473,1348,1059,0.94,111.91,101.74,7.53,222.12,0.956108182,0.028554098,0.260371171,0.131334158,-1.6015232,-0.3328819,0.5342829
seq-06/frame-000945,1,0.01827638,0.250015,2378,1284,1013,0.92,99.24,104.99,11.93,217.07,0.956439903,0.030172551,0.259755953,0.129765844,-1.5978155,-0.3393166,0.5494210
seq-06/frame-000946,1,0.01399817,0.165913,2480,1341,1048,1.28,110.18,94.48,11.14,217.08,0.956970835,0.033366909,0.258010987,0.128544937,-1.5822679,-0.3351500,0.5579883
seq-06/frame-000947,1,0.01683193,0.200334,2628,1445,1158,0.94,93.80,104.63,14.74,214.12,0.956546982,0.034945515,0.261370745,0.124426749,-1.5712838,-0.3502904,0.5801618
seq-06/frame-000948,1,0.01752575,0.221014,2655,1455,1143,0.98,110.80,107.42,9.74,228.94,0.956627719,0.035616875,0.261707115,0.122899278,-1.5666426,-0.3573315,0.5925553
seq-06/frame-000949,1,0.01543637,0.164977,2609,1439,1177,0.95,113.29,107.25,10.94,232.43,0.956910101,0.037309721,0.260480979,0.122803515,-1.5563929,-0.3597350,0.6062750
seq-06/frame-000950,1,0.01731566,0.214814,2886,1502,1208,1.00,112.59,112.77,10.33,236.69,0.956970227,0.037954612,0.260541219,0.122006990,-1.5477618,-0.3654011,0.6164863
seq-06/frame-000951,1,0.01335682,0.126839,2682,1440,1133,0.97,107.65,99.15,8.90,216.67,0.957433011,0.036244350,0.260718785,0.118465570,-1.5278841,-0.3774959,0.6426681
seq-06/frame-000952,1,0.01430764,0.156265,2455,1319,1039,1.23,109.09,99.51,6.95,216.78,0.957733462,0.035163087,0.260837005,0.116078555,-1.5161466,-0.3889347,0.6540428
seq-06/frame-000953,1,0.01516547,0.189706,2661,1431,1161,0.94,123.14,109.96,11.85,245.90,0.957562954,0.036266050,0.261787392,0.115001414,-1.5079938,-0.3955743,0.6667264
seq-06/frame-000954,1,0.01607499,0.188001,2683,1492,1189,1.22,124.63,100.19,11.75,237.79,0.957497952,0.036718023,0.262457832,0.113865468,-1.5001862,-0.4026039,0.6776465
seq-06/frame-000955,1,0.01202257,0.210447,2853,1762,1465,1.02,124.60,100.25,12.82,238.69,0.957625063,0.037728565,0.262055282,0.113392343,-1.4882212,-0.4058456,0.6915846
seq-06/frame-000956,1,0.01460160,0.208204,2741,1663,1362,0.98,111.62,102.06,17.16,231.83,0.957716468,0.037450844,0.261705405,0.113520402,-1.4807928,-0.4117952,0.7026351
seq-06/frame-000957,1,0.01272040,0.195797,2879,1541,1242,0.99,99.38,112.78,7.47,220.63,0.957834232,0.036182257,0.262277459,0.111601801,-1.4600058,-0.4206110,0.7272440
seq-06/frame-000958,1,0.01237099,0.192852,2886,1696,1391,1.03,120.52,108.18,7.68,237.40,0.957638709,0.034921970,0.263066828,0.111823085,-1.4520217,-0.4293575,0.7411464
seq-06/frame-000959,1,0.01044679,0.176963,2829,1712,1422,1.63,148.51,110.90,18.77,279.81,0.957672348,0.034723842,0.262952921,0.111864604,-1.4434837,-0.4342951,0.7554176
seq-06/frame-000960,1,0.01116865,0.230649,2918,1662,1355,1.04,106.44,105.12,15.54,228.14,0.957758587,0.034451962,0.262359942,0.112600228,-1.4344381,-0.4391846,0.7669564
seq-06/frame-000961,1,0.01014182,0.197989,2889,1771,1471,1.03,108.95,125.53,15.15,250.65,0.957852171,0.033894593,0.262110299,0.112554725,-1.4281250,-0.4431712,0.7796991
seq-06/frame-000962,1,0.01144086,0.243563,2752,1555,1258,0.97,113.08,95.52,11.82,221.40,0.958085604,0.032055463,0.261123914,0.113396314,-1.4235217,-0.4510885,0.7930351
seq-06/frame-000963,1,0.01310630,0.272576,2491,1432,1132,0.94,105.09,98.00,15.87,219.91,0.958797521,0.030009387,0.258554391,0.113826083,-1.4173712,-0.4594419,0.8052867
seq-06/frame-000964,1,0.01072459,0.178998,2668,1490,1209,0.98,104.37,90.07,13.15,208.57,0.960527654,0.026690683,0.253044411,0.112440022,-1.4041302,-0.4682369,0.8348244
seq-06/frame-000965,1,0.00853010,0.148897,2606,1609,1341,0.97,99.84,110.76,10.71,222.28,0.961131789,0.025982622,0.251304279,0.111340681,-1.3974631,-0.4741967,0.8485719
seq-06/frame-000966,1,0.00806161,0.122444,2486,1408,1111,0.97,107.14,105.45,8.11,221.66,0.961895925,0.025052009,0.249935469,0.107985586,-1.3946718,-0.4809445,0.8639712
seq-06/frame-000967,1,0.01148076,0.176547,2791,1561,1252,1.52,116.29,121.18,9.79,248.79,0.962601166,0.024513933,0.248133348,0.105961801,-1.3909237,-0.4848781,0.8743136
seq-06/frame-000968,1,0.01085214,0.255488,2100,1199,989,0.92,112.45,91.26,11.51,216.14,0.963122035,0.023950266,0.246099498,0.106100743,-1.3876944,-0.4893620,0.8915677
seq-06/frame-000969,1,0.01234795,0.333118,1941,1144,950,0.90,92.18,71.32,10.80,175.20,0.964450732,0.022769622,0.241172065,0.105604756,-1.3807101,-0.4921085,0.9031943
seq-06/frame-000970,1,0.00953343,0.178860,2495,1412,1164,0.95,131.33,119.60,16.18,268.07,0.965159004,0.020975208,0.238684612,0.105156044,-1.3797939,-0.4978960,0.9177868
seq-06/frame-000971,1,0.01142778,0.163687,2799,1636,1356,0.99,119.67,96.48,13.91,231.05,0.965742912,0.019970844,0.236774622,0.104305182,-1.3753946,-0.5055112,0.9311131
seq-06/frame-000972,1,0.01193548,0.150136,2930,1475,1170,0.99,110.02,113.08,12.63,236.72,0.966152636,0.020124576,0.236287889,0.101548604,-1.3702426,-0.5084349,0.9425894
seq-06/frame-000973,1,0.01016560,0.132352,2964,1672,1365,1.00,121.23,101.49,7.39,231.11,0.966109156,0.020208152,0.237370346,0.099398435,-1.3685552,-0.5144320,0.9573042
seq-06/frame-000974,1,0.01259433,0.186950,2878,1724,1435,0.97,117.48,106.94,13.13,238.53,0.966234887,0.021379517,0.238029698,0.096306401,-1.3665956,-0.5265340,0.9843854
seq-06/frame-000975,1,0.00978982,0.097060,2976,1683,1356,0.99,119.12,126.06,7.19,253.36,0.966403534,0.023110143,0.237266850,0.096096683,-1.3642946,-0.5287412,0.9970153
seq-06/frame-000976,1,0.00817989,0.092497,2817,1522,1229,0.98,105.04,118.70,8.06,232.78,0.966655822,0.023295749,0.236140695,0.096288121,-1.3632154,-0.5324869,1.0097488
seq-06/frame-000977,1,0.00740982,0.146188,2573,1534,1239,0.93,105.88,99.09,13.14,219.04,0.967371150,0.021359769,0.233710257,0.095479492,-1.3604066,-0.5396671,1.0221982
seq-06/frame-000978,1,0.00869566,0.105718,2607,1536,1265,0.94,113.19,105.60,14.57,234.32,0.968014926,0.018758425,0.232009804,0.093630521,-1.3599679,-0.5468396,1.0364634
seq-06/frame-000979,1,0.00931669,0.149320,2580,1415,1138,0.97,87.19,93.89,13.10,195.15,0.968588923,0.017090351,0.230346026,0.092109312,-1.3578359,-0.5553580,1.0513445
seq-06/frame-000980,1,0.01156240,0.206450,2300,1264,1025,0.94,95.33,87.90,17.58,201.75,0.968939291,0.017257140,0.229445702,0.090628428,-1.3604335,-0.5627392,1.0666367
seq-06/frame-000981,1,0.00984192,0.166327,2255,1293,1054,0.92,108.33,84.43,18.42,212.10,0.969825971,0.018883404,0.226125642,0.089152662,-1.3563314,-0.5683493,1.0795922
seq-06/frame-000982,1,0.00881435,0.123140,2575,1472,1171,0.95,117.07,90.05,14.23,222.32,0.970478577,0.020672268,0.223753554,0.087626120,-1.3547230,-0.5710657,1.0887754
seq-06/frame-000983,1,0.00700427,0.109007,2392,1313,1043,0.93,87.46,91.11,6.67,186.18,0.970972918,0.021817579,0.221766659,0.086920277,-1.3543049,-0.5763862,1.1018304
seq-06/frame-000984,1,0.00510307,0.130924,1830,951,719,0.90,90.54,72.15,9.80,173.39,0.972067311,0.024048926,0.217215033,0.085582833,-1.3502620,-0.5766249,1.1161143
seq-06/frame-000985,1,0.00960979,0.165692,2077,1145,896,0.92,85.42,88.30,7.36,182.00,0.974214009,0.024686557,0.208927214,0.081529493,-1.3520887,-0.5934638,1.1321431
seq-06/frame-000986,1,0.00954647,0.153205,2603,1371,1079,0.95,114.62,111.30,7.83,234.70,0.975100688,0.025931644,0.205746262,0.078579095,-1.3484405,-0.5968866,1.1386139
seq-06/frame-000987,1,0.00717174,0.092284,2665,1427,1113,1.32,118.77,115.81,8.86,244.76,0.975523499,0.027933559,0.204282860,0.076433844,-1.3475800,-0.5980445,1.1499820
seq-06/frame-000988,1,0.00504105,0.153853,1806,1028,837,0.89,95.51,68.77,12.74,177.91,0.976006094,0.032380942,0.201248007,0.076569041,-1.3473617,-0.5916751,1.1633905
seq-06/frame-000989,1,0.01231990,0.235694,1359,713,535,0.90,66.82,52.37,9.54,129.64,0.976497764,0.032479854,0.198403762,0.077673184,-1.3617762,-0.5975268,1.1778840
seq-06/frame-000990,1,0.00547252,0.125628,1586,843,656,0.92,68.04,68.55,7.32,144.83,0.978532564,0.031136681,0.188349200,0.077647327,-1.3497812,-0.6036454,1.1798326
seq-06/frame-000991,1,0.00525438,0.085678,2559,1310,1055,0.93,112.54,99.08,7.34,219.90,0.979670766,0.028290582,0.183244385,0.076591961,-1.3457991,-0.6114227,1.1816820
seq-06/frame-000992,1,0.00527616,0.079642,3127,1603,1259,1.07,123.65,135.58,11.68,271.99,0.980284171,0.025846436,0.180982772,0.074967608,-1.3440118,-0.6134154,1.1886582
seq-06/frame-000993,1,0.00656669,0.093336,2538,1358,1067,0.90,114.43,89.27,11.37,215.97,0.980623402,0.024114690,0.179592199,0.074450436,-1.3452508,-0.6147765,1.1996210
seq-06/frame-000994,1,0.00495437,0.136551,2148,1218,981,0.93,103.55,75.01,10.41,189.90,0.981585698,0.022857550,0.175088458,0.072877172,-1.3391342,-0.6149643,1.2102843
seq-06/frame-000995,1,0.00630694,0.163577,2023,1193,952,0.92,89.94,74.12,8.61,173.59,0.982391360,0.021203880,0.171087066,0.072019631,-1.3379347,-0.6176106,1.2181917
seq-06/frame-000996,1,0.00765186,0.233064,1969,1161,904,0.89,88.71,78.71,6.86,175.17,0.983177270,0.020497894,0.166503830,0.072241035,-1.3348698,-0.6156850,1.2266774
seq-06/frame-000997,1,0.00558082,0.138615,1828,1016,812,0.91,85.56,81.36,8.71,176.55,0.983952016,0.018582646,0.162010543,0.072427197,-1.3354673,-0.6196286,1.2346444
seq-06/frame-000998,1,0.00412216,0.054891,2223,1218,955,0.91,91.85,112.53,9.40,214.68,0.984982313,0.015885113,0.156897777,0.070289353,-1.3333849,-0.6260915,1.2392322
seq-06/frame-000999,1,0.00782051,0.173731,2616,1489,1179,1.27,109.56,110.69,28.63,250.15,0.985706269,0.014081643,0.153406207,0.068201133,-1.3320847,-0.6287151,1.2450042
seq-12/frame-000000,1,0.00287466,0.051744,2628,1442,1150,0.95,102.72,120.07,14.22,237.97,0.994446164,-0.100695038,-0.028248816,-0.011804258,0.0356545,-0.0744362,0.2515200
seq-12/frame-000001,1,0.00267583,0.049937,2358,1377,1119,0.91,94.55,103.46,10.13,209.05,0.994397787,-0.101104867,-0.029132199,-0.010107488,0.0348910,-0.0749336,0.2533318
seq-12/frame-000002,1,0.00311285,0.080824,2040,1235,1042,1.86,94.21,80.32,8.92,185.32,0.994321533,-0.101648674,-0.030336416,-0.008481677,0.0314591,-0.0758660,0.2538275
seq-12/frame-000003,1,0.00332723,0.109069,1839,1072,841,1.01,87.21,68.47,6.49,163.18,0.994144940,-0.102642231,-0.032768354,-0.008163685,0.0285474,-0.0760500,0.2558153
seq-12/frame-000004,1,0.00718702,0.218455,1988,1064,847,1.00,101.57,80.21,13.34,196.12,0.993859790,-0.104489173,-0.035512988,-0.007972349,0.0259921,-0.0790916,0.2562526
seq-12/frame-000005,1,0.00320263,0.165933,2143,1182,978,0.86,111.32,89.90,8.39,210.47,0.993722815,-0.104953868,-0.037872292,-0.008083494,0.0240207,-0.0749473,0.2599531
seq-12/frame-000006,1,0.00130978,0.102245,2243,1206,957,0.87,96.01,101.69,7.53,206.11,0.993426899,-0.106742450,-0.040120562,-0.009969226,0.0222492,-0.0730233,0.2623371
seq-12/frame-000007,1,0.00343452,0.098633,2097,1152,921,0.87,102.55,86.46,10.89,200.78,0.993127155,-0.108926641,-0.040973529,-0.012434295,0.0161739,-0.0748856,0.2655977
seq-12/frame-000008,1,0.00559281,0.208402,1091,620,511,0.81,61.50,41.70,10.00,114.01,0.992940324,-0.110049267,-0.042443454,-0.012538953,0.0077056,-0.0796875,0.2701986
seq-12/frame-000009,1,0.00944387,0.429105,964,513,411,0.83,64.68,33.99,5.22,104.72,0.992893306,-0.108381295,-0.048002023,-0.010591666,0.0040045,-0.0782735,0.2720744
seq-12/frame-000010,1,0.00958451,0.431894,964,513,411,0.83,63.16,41.46,5.38,110.83,0.992893306,-0.108381295,-0.048002023,-0.010591666,0.0040045,-0.0782735,0.2720744
seq-12/frame-000011,1,0.00582763,0.141360,1778,781,559,0.87,84.92,72.13,5.87,163.80,0.992625913,-0.107702708,-0.054266746,-0.012208328,0.0032593,-0.0765862,0.2725158
seq-12/frame-000012,1,0.00268247,0.092594,2571,1346,1077,0.93,108.51,117.75,7.62,234.82,0.992734501,-0.105914862,-0.055207941,-0.014571747,-0.0061185,-0.0705401,0.2750242
seq-12/frame-000013,1,0.00268728,0.092018,2571,1346,1077,1.08,118.83,109.64,10.48,240.04,0.992734501,-0.105914862,-0.055207941,-0.014571747,-0.0061185,-0.0705401,0.2750242
seq-12/frame-000014,1,0.00435876,0.099803,2354,1298,1027,0.89,86.82,89.23,9.88,186.82,0.992526075,-0.107451250,-0.055874110,-0.014976775,-0.0118712,-0.0729620,0.2762843
seq-12/frame-000015,1,0.00366997,0.076886,2027,1054,842,0.87,102.88,61.88,9.44,175.08,0.992447837,-0.108086791,-0.056047578,-0.014940070,-0.0209300,-0.0718750,0.2794554
seq-12/frame-000016,1,0.00553082,0.043412,2052,1107,876,0.82,84.47,88.18,11.06,184.53,0.992409111,-0.107450057,-0.057918384,-0.014970022,-0.0261527,-0.0730801,0.2832655
seq-12/frame-000017,1,0.00455707,0.118195,1630,958,775,0.80,86.30,56.43,6.75,150.28,0.992587563,-0.105579309,-0.058121848,-0.015645771,-0.0354109,-0.0746367,0.2866822
seq-12/frame-000018,1,0.00451814,0.115445,1630,958,775,0.80,89.01,60.09,6.26,156.17,0.992587563,-0.105579309,-0.058121848,-0.015645771,-0.0354109,-0.0746367,0.2866822
seq-12/frame-000019,1,0.00217918,0.092980,1214,742,638,0.81,61.02,49.23,7.50,118.56,0.992805245,-0.103228689,-0.058780441,-0.015047995,-0.0462718,-0.0732180,0.2870117
seq-12/frame-000020,1,0.00401991,0.077160,1984,1028,813,0.86,95.73,78.74,11.12,186.45,0.992839465,-0.101136355,-0.062189324,-0.013180369,-0.0502411,-0.0706757,0.2866556
seq-12/frame-000021,1,0.00404857,0.075323,2781,1465,1173,1.03,108.64,102.65,7.19,219.51,0.992812280,-0.101324223,-0.062708198,-0.011174084,-0.0558089,-0.0691889,0.2895944
seq-12/frame-000022,1,0.00408876,0.075382,2781,1465,1173,0.96,112.25,110.05,14.17,237.43,0.992812280,-0.101324223,-0.062708198,-0.011174084,-0.0558089,-0.0691889,0.2895944
seq-12/frame-000023,1,0.00429627,0.033209,2603,1404,1156,0.91,111.82,104.63,9.11,226.47,0.992817547,-0.102811046,-0.060483215,-0.009218916,-0.0632234,-0.0684057,0.2907684
seq-12/frame-000024,1,0.00430646,0.030379,2448,1373,1144,0.87,88.13,85.85,8.79,183.65,0.992812017,-0.104065744,-0.058846513,-0.005630938,-0.0702724,-0.0676152,0.2948373
seq-12/frame-000025,1,0.00394337,0.069966,2075,1144,933,0.84,97.44,79.22,9.87,187.37,0.992993104,-0.103686429,-0.056599628,-0.003209759,-0.0812473,-0.0700395,0.3006012
seq-12/frame-000026,1,0.00389616,0.068302,2075,1144,933,0.82,102.60,87.71,8.21,199.34,0.992993104,-0.103686429,-0.056599628,-0.003209759,-0.0812473,-0.0700395,0.3006012
seq-12/frame-000027,1,0.00665947,0.155602,2256,1193,940,0.88,112.23,82.04,10.08,205.23,0.993366953,-0.100962013,-0.054918464,-0.003568143,-0.0888599,-0.0734013,0.3018141
seq-12/frame-000028,1,0.00501000,0.078836,2836,1558,1270,0.97,116.97,108.67,13.08,239.70,0.993682033,-0.099006073,-0.052693300,-0.004151048,-0.0981296,-0.0709974,0.2999814
seq-12/frame-000029,1,0.00498996,0.078340,2836,1558,1270,0.96,112.35,113.50,9.40,236.21,0.993682033,-0.099006073,-0.052693300,-0.004151048,-0.0981296,-0.0709974,0.2999814
seq-12/frame-000030,1,0.00580041,0.035475,2656,1429,1163,0.95,104.66,112.77,15.78,234.16,0.993840199,-0.099122114,-0.049420408,-0.003753367,-0.1081606,-0.0700311,0.3010451
seq-12/frame-000031,1,0.00492850,0.074908,2454,1325,1107,0.93,97.95,94.80,18.99,212.68,0.994021422,-0.099439195,-0.045078729,-0.001080264,-0.1185484,-0.0704406,0.3057869
seq-12/frame-000032,1,0.00693151,0.127271,2743,1507,1238,0.96,112.58,104.83,9.58,227.94,0.994133904,-0.100152570,-0.040791994,0.001804561,-0.1287511,-0.0736133,0.3069411
seq-12/frame-000033,1,0.00691960,0.128107,2743,1507,1238,0.98,110.95,97.62,7.20,216.76,0.994133904,-0.100152570,-0.040791994,0.001804561,-0.1287511,-0.0736133,0.3069411
seq-12/frame-000034,1,0.00596979,0.083838,2671,1496,1246,0.94,99.76,103.93,7.36,211.99,0.994177057,-0.101019291,-0.037409598,0.002757603,-0.1406126,-0.0739278,0.3098243
seq-12/frame-000035,1,0.00489752,0.056393,2383,1401,1166,1.20,100.37,87.74,20.86,210.18,0.994293945,-0.100683457,-0.035076873,0.003464859,-0.1519418,-0.0751875,0.3166963
seq-12/frame-000036,1,0.00423851,0.086553,2616,1441,1168,0.94,99.54,98.96,11.82,211.27,0.994431336,-0.100232814,-0.032385382,0.003299660,-0.1667396,-0.0776396,0.3190330
seq-12/frame-000037,1,0.00426138,0.085812,2616,1441,1168,0.93,112.42,109.46,14.11,236.92,0.994431336,-0.100232814,-0.032385382,0.003299660,-0.1667396,-0.0776396,0.3190330
seq-12/frame-000038,1,0.00491691,0.087768,2387,1390,1142,0.90,106.68,100.84,12.82,221.24,0.994449305,-0.100553659,-0.030868295,0.002586565,-0.1785583,-0.0775367,0.3220026
seq-12/frame-000039,1,0.00206098,0.074125,1633,1025,885,0.82,74.46,66.78,7.76,149.82,0.994532748,-0.100599484,-0.027833346,0.003108336,-0.1952089,-0.0794971,0.3309935
seq-12/frame-000040,1,0.00516266,0.040866,1719,988,845,0.80,79.52,71.17,6.04,157.55,0.994806029,-0.097955880,-0.026866262,0.006619217,-0.2057259,-0.0827145,0.3343480
seq-12/frame-000041,1,0.00526681,0.040721,1719,988,845,0.81,77.20,73.49,8.66,160.17,0.994806029,-0.097955880,-0.026866262,0.006619217,-0.2057259,-0.0827145,0.3343480
seq-12/frame-000042,1,0.00297703,0.101061,1491,943,778,0.80,86.49,70.48,12.80,170.57,0.995029077,-0.096135556,-0.025133150,0.006589021,-0.2206486,-0.0851299,0.3400006
seq-12/frame-000043,1,0.00271737,0.159201,905,606,530,0.76,74.63,34.13,8.75,118.27,0.995157954,-0.095148530,-0.023757696,0.006555547,-0.2398656,-0.0918237,0.3449683
seq-12/frame-000044,1,0.00293630,0.154403,1236,732,623,0.79,77.08,66.10,10.74,154.72,0.995615388,-0.090202553,-0.023726350,0.007110442,-0.2537217,-0.0902732,0.3489112
seq-12/frame-000045,1,0.00290796,0.151202,1236,732,623,0.79,74.95,46.28,6.77,128.79,0.995615388,-0.090202553,-0.023726350,0.007110442,-0.2537217,-0.0902732,0.3489112
seq-12/frame-000046,1,0.00358434,0.144211,1574,1087,932,1.36,92.61,82.64,13.36,189.97,0.995885490,-0.086777084,-0.023751657,0.010848371,-0.2617828,-0.0895330,0.3515801
seq-12/frame-000047,1,0.00499597,0.043950,2129,1299,1110,0.84,95.41,101.99,8.66,206.90,0.996041587,-0.084855873,-0.022303940,0.014253851,-0.2740788,-0.0915753,0.3552615
seq-12/frame-000048,1,0.00341799,0.048873,2482,1488,1247,0.91,100.81,172.89,9.18,283.79,0.996274676,-0.082523997,-0.019090841,0.016189466,-0.2881611,-0.0902103,0.3593956
seq-12/frame-000049,1,0.00342691,0.049671,2482,1488,1247,0.87,87.40,150.12,13.36,251.75,0.996274676,-0.082523997,-0.019090841,0.016189466,-0.2881611,-0.0902103,0.3593956
seq-12/frame-000050,1,0.00227005,0.114787,1744,1218,1088,0.86,83.41,86.83,10.72,181.83,0.996393702,-0.081456507,-0.015122618,0.018323047,-0.3016382,-0.0906612,0.3632468
seq-12/frame-000051,1,0.00793186,0.341462,1030,680,585,1.14,70.62,86.35,17.67,175.78,0.996519526,-0.079327647,-0.011751416,0.022756620,-0.3190498,-0.0946777,0.3691874
seq-12/frame-000052,1,0.00324730,0.115792,986,623,511,0.78,56.26,56.09,9.24,122.36,0.996686948,-0.074924589,-0.012113421,0.029235230,-0.3307617,-0.1008914,0.3709680
seq-12/frame-000053,1,0.00318009,0.121991,986,623,511,0.78,97.96,70.37,16.20,185.32,0.996686948,-0.074924589,-0.012113421,0.029235230,-0.3307617,-0.1008914,0.3709680
seq-12/frame-000054,1,0.00593720,0.134041,1794,1062,877,1.24,139.33,84.92,8.29,233.78,0.997062893,-0.068590668,-0.012375128,0.031745296,-0.3388869,-0.0985461,0.3736081
seq-12/frame-000055,1,0.00305653,0.063995,2560,1584,1366,0.96,147.47,121.38,7.62,277.43,0.997396622,-0.063995937,-0.010298983,0.031597922,-0.3484968,-0.0921494,0.3739806
seq-12/frame-000056,1,0.00305849,0.063909,2560,1584,1366,0.95,150.12,114.66,11.36,277.10,0.997396622,-0.063995937,-0.010298983,0.031597922,-0.3484968,-0.0921494,0.3739806
seq-12/frame-000057,1,0.00319737,0.161100,1653,1152,1034,0.87,79.64,135.50,12.27,228.29,0.997483984,-0.062935043,-0.007062130,0.031859208,-0.3628253,-0.0921526,0.3760560
seq-12/frame-000058,1,0.00453531,0.062882,726,470,380,0.76,47.15,48.23,7.44,103.58,0.997526213,-0.061882695,-0.005671565,0.032860604,-0.3871174,-0.1020532,0.3792692
seq-12/frame-000059,1,0.00199142,0.078356,805,491,384,1.02,51.54,39.34,7.18,99.07,0.997871558,-0.056571631,-0.010627335,0.030644161,-0.4038173,-0.0978352,0.3801920
seq-12/frame-000060,1,0.00295614,0.054918,1871,1072,898,0.89,77.95,83.31,13.14,175.29,0.997911351,-0.055865821,-0.017574825,0.027259335,-0.4070155,-0.0956498,0.3749908
seq-12/frame-000061,1,0.00298048,0.054212,1871,1072,898,0.89,83.58,71.69,9.20,165.35,0.997911351,-0.055865821,-0.017574825,0.027259335,-0.4070155,-0.0956498,0.3749908
seq-12/frame-000062,1,0.00428641,0.121384,1305,906,814,1.16,72.92,49.69,8.00,131.78,0.997976608,-0.056021069,-0.017182570,0.024679717,-0.4110492,-0.0857892,0.3803726
seq-12/frame-000063,1,0.00526420,0.107318,1809,1287,1144,0.87,85.80,72.06,10.48,169.21,0.997909778,-0.060258885,-0.009811440,0.021181997,-0.4247100,-0.0884941,0.3813390
seq-12/frame-000064,1,0.00519942,0.064762,2031,1333,1164,0.90,78.90,81.72,8.91,170.43,0.997846583,-0.062688461,-0.004864714,0.018673181,-0.4399242,-0.0952219,0.3799452
seq-12/frame-000065,1,0.00508571,0.066212,2031,1333,1164,0.92,95.47,82.83,15.25,194.48,0.997846583,-0.062688461,-0.004864714,0.018673181,-0.4399242,-0.0952219,0.3799452
seq-12/frame-000066,1,0.00418600,0.121082,854,569,493,1.39,60.01,38.10,6.24,105.75,0.998053216,-0.060470515,-0.002775396,0.015013081,-0.4630200,-0.0920630,0.3882706
seq-12/frame-000067,1,0.00388405,0.181125,717,424,336,0.77,55.52,33.35,6.33,95.98,0.998225885,-0.057646943,-0.006285509,0.013505724,-0.4829133,-0.0917394,0.3918235
seq-12/frame-000068,1,0.00550057,0.124836,793,474,381,0.78,60.85,30.64,5.92,98.19,0.998314147,-0.054668882,-0.013641490,0.013931503,-0.4892835,-0.0982600,0.3816662
seq-12/frame-000069,1,0.00610176,0.132603,793,474,381,0.77,60.83,35.94,5.94,103.48,0.998314147,-0.054668882,-0.013641490,0.013931503,-0.4892835,-0.0982600,0.3816662
seq-12/frame-000070,1,0.00669598,0.157214,1416,870,745,0.84,90.73,61.70,17.53,170.79,0.998590194,-0.049140676,-0.016454495,0.011492101,-0.5014132,-0.0920054,0.3777006
seq-12/frame-000071,1,0.00460141,0.075694,1657,950,777,0.91,81.14,70.76,6.51,159.33,0.998683955,-0.046866647,-0.018993064,0.008552188,-0.5121573,-0.0859822,0.3760656
seq-12/frame-000072,1,0.00375753,0.039885,1516,894,748,0.90,93.43,58.68,8.96,161.98,0.998728673,-0.045415370,-0.020791688,0.006796076,-0.5237547,-0.0801230,0.3785839
seq-12/frame-000073,1,0.00381344,0.038349,1516,894,748,0.90,96.18,67.63,10.70,175.41,0.998728673,-0.045415370,-0.020791688,0.006796076,-0.5237547,-0.0801230,0.3785839
seq-12/frame-000074,1,0.00408793,0.028709,1530,981,876,0.89,70.59,66.95,7.15,145.58,0.998771835,-0.043990424,-0.021944820,0.006171597,-0.5367014,-0.0763480,0.3778082
seq-12/frame-000075,1,0.00563134,0.057976,1539,1078,952,0.85,91.43,61.39,9.11,162.78,0.998827668,-0.042044951,-0.023061282,0.006609753,-0.5501724,-0.0742102,0.3768106
seq-12/frame-000076,1,0.00657785,0.064737,1574,1033,891,0.88,87.67,75.97,11.55,176.07,0.998878941,-0.039939451,-0.024593490,0.006392337,-0.5628166,-0.0713594,0.3714179
seq-12/frame-000077,1,0.00850322,0.040907,1734,1064,911,0.89,81.36,79.10,7.57,168.92,0.998915777,-0.038213940,-0.026067033,0.005241708,-0.5768543,-0.0659294,0.3666343
seq-12/frame-000078,1,0.00897538,0.096452,2133,1373,1196,0.91,95.27,104.12,11.04,211.35,0.998893520,-0.038118853,-0.027036458,0.005264872,-0.5888763,-0.0628920,0.3638284
seq-12/frame-000079,1,0.00906196,0.098078,2133,1373,1196,0.86,107.89,104.00,6.93,219.69,0.998893520,-0.038118853,-0.027036458,0.005264872,-0.5888763,-0.0628920,0.3638284
seq-12/frame-000080,1,0.00699894,0.054446,1675,1071,926,0.90,81.01,74.03,11.46,167.40,0.998934969,-0.037006445,-0.027134808,0.004811772,-0.6036247,-0.0582383,0.3670521
seq-12/frame-000081,1,0.00732166,0.080598,1071,722,600,0.81,67.54,55.30,11.39,135.04,0.999001607,-0.035052402,-0.027372653,0.004225721,-0.6213564,-0.0559649,0.3701284
seq-12/frame-000082,1,0.00700746,0.182840,826,522,434,0.89,61.57,32.55,10.98,105.99,0.999037790,-0.031732224,-0.029813087,0.005266878,-0.6398738,-0.0594631,0.3672229
seq-12/frame-000083,1,0.00573242,0.195768,960,538,421,0.78,59.77,50.08,8.08,118.72,0.999096840,-0.024472086,-0.034200808,0.006076682,-0.6490739,-0.0551290,0.3684109
seq-12/frame-000084,1,0.00589083,0.195061,960,538,421,0.79,65.20,41.56,11.02,118.57,0.999096840,-0.024472086,-0.034200808,0.006076682,-0.6490739,-0.0551290,0.3684109
seq-12/frame-000085,1,0.00440329,0.160407,1281,831,697,0.82,68.53,57.88,13.97,141.20,0.999182011,-0.016339458,-0.036135421,0.007909573,-0.6598020,-0.0471692,0.3674675
seq-12/frame-000086,1,0.00342201,0.095105,1257,760,650,0.84,65.97,48.07,13.17,128.05,0.999224306,-0.010551730,-0.036314548,0.010986372,-0.6718232,-0.0440034,0.3621984
seq-12/frame-000087,1,0.00476913,0.110523,1168,682,535,0.81,64.94,49.88,13.27,128.91,0.999207472,-0.005698019,-0.037127016,0.013173668,-0.6861428,-0.0467980,0.3579867
seq-12/frame-000088,1,0.00608179,0.113502,1314,850,729,0.83,77.32,44.41,6.99,129.56,0.999177145,0.001230564,-0.038293987,0.013307458,-0.7030530,-0.0383504,0.3500470
seq-12/frame-000089,1,0.01118312,0.137285,1554,1019,864,0.84,85.85,57.29,10.15,154.13,0.999068137,0.002244636,-0.040516573,0.014704631,-0.7193090,-0.0309933,0.3343265
seq-12/frame-000090,1,0.01107191,0.137818,1554,1019,864,0.84,84.85,72.10,8.98,166.76,0.999068137,0.002244636,-0.040516573,0.014704631,-0.7193090,-0.0309933,0.3343265
seq-12/frame-000091,1,0.00551363,0.052412,2376,1491,1288,0.89,121.24,88.42,11.95,222.51,0.998898419,0.000331119,-0.043899190,0.016574059,-0.7273239,-0.0264881,0.3431218
seq-12/frame-000092,1,0.00542782,0.050299,2618,1604,1369,0.89,109.18,111.94,12.18,234.20,0.998873083,0.000080323,-0.044375515,0.016833630,-0.7380128,-0.0281326,0.3499679
seq-12/frame-000093,1,0.00446204,0.037327,1351,794,649,1.21,74.96,57.55,10.54,144.26,0.998920909,0.002135808,-0.043735655,0.015480558,-0.7524472,-0.0341143,0.3506053
seq-12/frame-000094,1,0.00413755,0.126002,957,527,408,0.80,64.38,41.86,14.73,121.77,0.998916376,0.007441476,-0.044206773,0.012508378,-0.7723386,-0.0407763,0.3531772
seq-12/frame-000095,1,0.00444621,0.084919,1005,603,492,0.80,74.33,38.76,7.49,121.38,0.998716512,0.015251909,-0.047432307,0.009104072,-0.7845493,-0.0367628,0.3490427
seq-12/frame-000096,1,0.00439576,0.078566,1005,603,492,0.80,55.37,40.27,8.36,104.81,0.998716512,0.015251909,-0.047432307,0.009104072,-0.7845493,-0.0367628,0.3490427
seq-12/frame-000097,1,0.00749953,0.153115,1123,668,538,0.81,68.73,53.18,6.79,129.51,0.998488693,0.020440155,-0.050393674,0.007937734,-0.7965007,-0.0361078,0.3470980
seq-12/frame-000098,1,0.00137114,0.039251,1458,870,711,0.82,74.99,67.12,8.24,151.17,0.998210531,0.027189586,-0.052799784,0.006974625,-0.8063963,-0.0327890,0.3522024
seq-12/frame-000099,1,0.00811815,0.141605,1747,1116,978,0.88,86.51,78.65,19.98,186.02,0.998092976,0.030845045,-0.053155165,0.005789889,-0.8236088,-0.0291660,0.3386485
seq-12/frame-000100,1,0.00527448,0.136467,1680,1030,868,0.84,73.56,61.76,10.87,147.03,0.998043942,0.030358924,-0.054453825,0.004626733,-0.8420550,-0.0226958,0.3381256
seq-12/frame-000101,1,0.00418237,0.093293,2467,1401,1187,0.92,105.72,100.54,10.34,217.53,0.997934557,0.028341469,-0.057507299,0.004036352,-0.8482249,-0.0248675,0.3499044
seq-12/frame-000102,1,0.00511807,0.119821,2442,1388,1168,0.93,108.99,90.03,5.65,205.60,0.997907442,0.029067076,-0.057753560,0.000606398,-0.8587882,-0.0277547,0.3548215
seq-12/frame-000103,1,0.00424869,0.082429,2262,1346,1153,0.92,87.53,119.13,17.52,225.11,0.997857236,0.030601317,-0.057676664,-0.004230653,-0.8729487,-0.0283410,0.3569959
seq-12/frame-000104,1,0.00652330,0.149617,1930,1256,1098,0.87,117.72,98.22,16.36,233.16,0.997815097,0.031243459,-0.057661797,-0.007999729,-0.8895752,-0.0324833,0.3587437
seq-12/frame-000105,1,0.00655729,0.150321,1930,1256,1098,0.88,96.31,75.04,13.55,185.79,0.997815097,0.031243459,-0.057661797,-0.007999729,-0.8895752,-0.0324833,0.3587437
seq-12/frame-000106,1,0.00761453,0.144197,2092,1205,1024,0.89,97.24,85.70,16.54,200.38,0.997682848,0.032773950,-0.058683297,-0.010539125,-0.9063696,-0.0333515,0.3592809
seq-12/frame-000107,1,0.00690785,0.156852,2280,1231,1040,0.92,102.55,94.63,6.62,204.72,0.997503388,0.033960918,-0.060429280,-0.013488879,-0.9168377,-0.0329231,0.3668373
seq-12/frame-000108,1,0.00351201,0.097874,1581,1070,904,0.86,68.64,72.19,11.77,153.46,0.997357615,0.035223152,-0.061166033,-0.017199817,-0.9336399,-0.0348125,0.3735954
seq-12/frame-000109,1,0.00599168,0.124833,1806,1144,988,0.86,90.47,72.08,16.36,179.77,0.997034236,0.037036992,-0.064049866,-0.021180391,-0.9464788,-0.0376674,0.3780539
seq-12/frame-000110,1,0.00559099,0.126468,1838,1144,958,0.86,78.99,74.39,14.68,168.92,0.996776850,0.039245497,-0.065813451,-0.023754817,-0.9581194,-0.0387071,0.3892681
seq-12/frame-000111,1,0.00281939,0.074751,1427,842,700,0.83,69.82,57.71,8.27,136.64,0.996575158,0.042396529,-0.066387385,-0.025163545,-0.9770495,-0.0420509,0.3984144
seq-12/frame-000112,1,0.00955395,0.180374,1780,1152,968,0.86,105.13,67.30,7.89,181.18,0.996240878,0.045705234,-0.068806783,-0.026091582,-0.9907611,-0.0431114,0.3997959
seq-12/frame-000113,1,0.00648678,0.128496,2110,1223,1032,1.02,106.20,85.01,8.33,200.56,0.995895036,0.048583208,-0.071009050,-0.028115177,-0.9999385,-0.0421832,0.4119636
seq-12/frame-000114,1,0.00409281,0.078597,1801,1215,1033,1.40,80.41,72.39,10.35,164.55,0.995729479,0.051553452,-0.070378680,-0.030197473,-1.0184949,-0.0445271,0.4214246
seq-12/frame-000115,1,0.00686198,0.151770,1971,1295,1103,0.90,90.25,80.66,10.19,182.01,0.995610685,0.053903540,-0.070788063,-0.029031390,-1.0353684,-0.0460246,0.4251579
seq-12/frame-000116,1,0.01002515,0.200254,1921,1197,982,0.92,80.15,86.00,11.96,179.03,0.995518393,0.054689801,-0.071915464,-0.027934233,-1.0529685,-0.0485172,0.4321477
seq-12/frame-000117,1,0.00285101,0.071563,1737,1054,888,0.87,90.52,77.13,12.08,180.59,0.995247003,0.056589351,-0.073673798,-0.029209936,-1.0673344,-0.0504436,0.4472761
seq-12/frame-000118,1,0.00565485,0.138208,1881,1145,965,0.89,94.39,79.76,8.01,183.05,0.994968628,0.058783924,-0.075426666,-0.029878061,-1.0825337,-0.0525841,0.4542222
seq-12/frame-000119,1,0.00540594,0.119150,1853,1158,986,0.90,91.92,87.13,15.79,195.75,0.994795229,0.059576677,-0.077823591,-0.027866845,-1.0967123,-0.0505433,0.4619782
seq-12/frame-000120,1,0.00147295,0.068940,1496,893,710,0.87,84.76,56.20,5.07,146.90,0.994589072,0.059199268,-0.080798034,-0.027562704,-1.1115984,-0.0557324,0.4755682
seq-12/frame-000121,1,0.00500586,0.119489,1689,1005,843,0.84,83.87,82.88,9.39,177.00,0.994173799,0.061499268,-0.083677477,-0.028885576,-1.1262999,-0.0605072,0.4832005
seq-12/frame-000122,1,0.00747495,0.167090,2082,1179,972,0.94,88.85,78.22,13.35,181.36,0.993822697,0.063319440,-0.085897941,-0.030473585,-1.1369905,-0.0583613,0.4869626
seq-12/frame-000123,1,0.00743636,0.167770,2082,1179,972,0.93,96.52,85.63,15.24,198.33,0.993822697,0.063319440,-0.085897941,-0.030473585,-1.1369905,-0.0583613,0.4869626
seq-12/frame-000124,1,0.00428566,0.132209,2019,1231,1013,0.89,113.25,72.18,8.13,194.46,0.993591517,0.062177450,-0.088645786,-0.032431246,-1.1467417,-0.0594053,0.4980640
seq-12/frame-000125,1,0.00236945,0.129439,1453,829,649,1.15,81.78,51.10,5.84,139.87,0.993437507,0.061693361,-0.089929320,-0.034475591,-1.1676198,-0.0621139,0.5108696
seq-12/frame-000126,1,0.00192033,0.075421,1400,825,602,0.86,74.47,57.74,10.31,143.39,0.992819051,0.062635978,-0.095114220,-0.036610818,-1.1846146,-0.0634553,0.5185525
seq-12/frame-000127,1,0.00512823,0.157928,1998,1129,888,0.93,90.96,84.22,16.13,192.25,0.992061480,0.062661605,-0.101644563,-0.039445230,-1.1870026,-0.0670336,0.5249043
seq-12/frame-000128,1,0.00796303,0.212200,2130,1243,1018,0.93,102.73,86.55,14.33,204.55,0.991760306,0.061354178,-0.104067856,-0.042626773,-1.1970956,-0.0705613,0.5321474
seq-12/frame-000129,1,0.00772994,0.237074,1596,954,757,0.89,85.09,60.77,14.23,160.99,0.991403227,0.060938553,-0.106137143,-0.046271392,-1.2146633,-0.0706927,0.5423788
seq-12/frame-000130,1,0.00542450,0.151055,1630,938,731,0.90,81.13,58.59,12.47,153.09,0.990715626,0.060995048,-0.110708052,-0.050058770,-1.2249449,-0.0703012,0.5510025
seq-12/frame-000131,1,0.00797902,0.213335,1715,940,750,0.89,88.63,67.59,8.24,165.36,0.990222114,0.059761864,-0.114765962,-0.052129248,-1.2363844,-0.0750003,0.5607967
seq-12/frame-000132,1,0.00615059,0.198447,1567,834,627,0.88,90.29,72.55,5.68,169.40,0.989518085,0.059701783,-0.119972990,-0.053815788,-1.2489518,-0.0789652,0.5729919
seq-12/frame-000133,1,0.00803454,0.258031,1928,1059,819,1.13,91.20,72.76,6.81,171.91,0.988453880,0.059573687,-0.125794890,-0.059879445,-1.2529323,-0.0849227,0.5787405
seq-12/frame-000134,1,0.00648298,0.193839,2234,1276,1022,0.91,99.84,89.32,18.39,208.46,0.987737880,0.059569025,-0.129157821,-0.064371333,-1.2605080,-0.0855265,0.5883106
seq-12/frame-000135,1,0.00599466,0.185626,1807,1070,861,0.87,93.66,67.09,10.20,171.82,0.987309379,0.058885168,-0.131959982,-0.065873292,-1.2744212,-0.0872550,0.6004298
seq-12/frame-000136,1,0.00445001,0.150140,1596,927,731,0.87,83.65,62.31,8.22,155.05,0.986505252,0.058956803,-0.137155074,-0.067230714,-1.2828163,-0.0893760,0.6139540
seq-12/frame-000137,1,0.00512022,0.137561,1991,1102,841,0.89,91.73,91.92,8.71,193.26,0.985356866,0.058433156,-0.143502815,-0.071164287,-1.2831192,-0.0939199,0.6222921
seq-12/frame-000138,1,0.00464952,0.133517,2155,1229,992,0.86,110.79,89.44,8.97,210.06,0.984739178,0.057242815,-0.146126587,-0.075226532,-1.2934600,-0.0976413,0.6314160
seq-12/frame-000139,1,0.00427282,0.088213,1314,712,547,0.83,73.02,53.53,8.52,135.91,0.984211625,0.057747747,-0.148217760,-0.077615530,-1.3139581,-0.0957451,0.6465672
seq-12/frame-000140,1,0.00435730,0.159936,1405,755,564,0.82,68.55,50.39,5.70,125.46,0.982481250,0.056921578,-0.157509698,-0.081738750,-1.3173878,-0.0989284,0.6575142
seq-12/frame-000141,1,0.00381294,0.135887,1435,833,658,0.82,82.90,59.99,12.20,155.92,0.981056101,0.055096261,-0.164750123,-0.085736369,-1.3213713,-0.1036527,0.6678841
seq-12/frame-000142,1,0.00209923,0.055843,1375,772,600,0.82,90.33,56.65,9.48,157.28,0.979847500,0.054265430,-0.170353067,-0.089072845,-1.3303210,-0.1051366,0.6820996
seq-12/frame-000143,1,0.00278240,0.099202,1435,790,604,0.83,71.63,53.26,6.31,132.02,0.978487865,0.053544101,-0.176408882,-0.092598238,-1.3389734,-0.1100389,0.6942803
seq-12/frame-000144,1,0.00610383,0.232005,1466,853,639,0.83,72.01,78.23,6.06,157.14,0.977104281,0.052924072,-0.182346158,-0.096000756,-1.3491075,-0.1167697,0.7058284
seq-12/frame-000145,1,0.00755347,0.301614,1499,869,672,0.85,80.38,66.75,5.72,153.70,0.975655382,0.052560747,-0.188618965,-0.098776666,-1.3538346,-0.1221076,0.7180403
seq-12/frame-000146,1,0.00424368,0.198546,1531,840,625,0.83,77.80,56.98,7.56,143.18,0.974229075,0.052883618,-0.194405837,-0.101426833,-1.3619975,-0.1238822,0.7318701
seq-12/frame-000147,1,0.00548058,0.212526,1537,794,599,0.83,87.64,69.16,10.93,168.56,0.972632500,0.053286510,-0.200140373,-0.105310959,-1.3701863,-0.1285574,0.7442283
seq-12/frame-000148,1,0.00575360,0.221034,1646,900,692,0.83,85.73,61.78,9.39,157.74,0.970842940,0.053793805,-0.206459400,-0.109291946,-1.3742083,-0.1349992,0.7570264
seq-12/frame-000149,1,0.00370000,0.165741,1918,1038,783,0.86,90.43,86.02,13.53,190.85,0.969488121,0.054210019,-0.211787208,-0.110906425,-1.3795405,-0.1388706,0.7705579
seq-12/frame-000150,1,0.00287378,0.162106,1940,1100,830,0.82,87.05,78.91,13.42,180.21,0.968519192,0.053716620,-0.216485867,-0.110539444,-1.3879892,-0.1424124,0.7839935
seq-12/frame-000151,1,0.00486219,0.242621,1978,1124,826,0.83,90.07,84.09,10.50,185.49,0.967502205,0.052244916,-0.221455761,-0.110305479,-1.3958378,-0.1506880,0.7966182
seq-12/frame-000152,1,0.00510787,0.222170,2100,1180,871,0.83,87.56,82.90,8.91,180.20,0.966359730,0.051897111,-0.226130340,-0.110998344,-1.4025905,-0.1604073,0.8099472
seq-12/frame-000153,1,0.00570229,0.237230,2117,1191,905,0.83,99.39,88.07,12.31,200.60,0.965436179,0.052881237,-0.229631951,-0.111380991,-1.4088510,-0.1674665,0.8213360
seq-12/frame-000154,1,0.00326514,0.149184,2312,1301,957,0.86,103.68,103.50,15.85,223.89,0.964367764,0.054262529,-0.233622399,-0.111673491,-1.4130483,-0.1722232,0.8340845
seq-12/frame-000155,1,0.00465095,0.195673,2358,1275,974,0.88,93.59,77.73,7.01,179.20,0.963305308,0.054353448,-0.236796687,-0.114087316,-1.4182440,-0.1812559,0.8460848
seq-12/frame-000156,1,0.00329691,0.201830,2306,1252,917,0.87,90.76,87.92,14.25,193.81,0.962513916,0.055476909,-0.238941076,-0.115742977,-1.4270445,-0.1855731,0.8586042
seq-12/frame-000157,1,0.00330269,0.202002,2306,1252,917,0.87,121.50,85.95,14.35,222.68,0.962513916,0.055476909,-0.238941076,-0.115742977,-1.4270445,-0.1855731,0.8586042
seq-12/frame-000158,1,0.00464143,0.216000,2172,1186,874,0.84,87.99,84.99,9.52,183.36,0.961511560,0.056050653,-0.242874426,-0.115610804,-1.4345517,-0.1906438,0.8718214
seq-12/frame-000159,1,0.00436044,0.208000,2506,1316,950,0.88,115.80,88.29,6.59,211.56,0.960465130,0.055797014,-0.246643654,-0.116448856,-1.4405083,-0.1985049,0.8829618
seq-12/frame-000160,1,0.00324286,0.152814,2474,1339,984,0.90,116.04,95.79,7.25,219.98,0.959512074,0.056498055,-0.249444774,-0.117990904,-1.4453072,-0.2039756,0.8941420
seq-12/frame-000161,1,0.00194025,0.085786,2723,1428,1054,0.92,109.00,97.36,7.09,214.39,0.958284739,0.056805108,-0.252765412,-0.120719450,-1.4469304,-0.2108539,0.9058088
seq-12/frame-000162,1,0.00226389,0.131476,2689,1396,1050,0.91,130.23,102.41,9.34,242.90,0.957613757,0.056334668,-0.254371457,-0.122871724,-1.4540766,-0.2159328,0.9149125
seq-12/frame-000163,1,0.00173969,0.127109,2739,1451,1039,0.90,111.60,115.81,11.68,239.99,0.956783251,0.055399442,-0.256930555,-0.124432319,-1.4600007,-0.2206266,0.9265216
seq-12/frame-000164,1,0.00402462,0.189604,2707,1397,990,0.91,115.42,96.38,7.14,219.86,0.956240816,0.053979167,-0.258576686,-0.125808780,-1.4691341,-0.2277677,0.9382222
seq-12/frame-000165,1,0.00367368,0.172083,2954,1419,962,0.91,141.43,106.22,9.62,258.17,0.955605809,0.053668338,-0.259977303,-0.127863401,-1.4766049,-0.2369349,0.9492878
seq-12/frame-000166,1,0.00177480,0.123029,3005,1520,1077,0.88,122.44,105.84,11.40,240.56,0.955013311,0.055451214,-0.260949120,-0.129538782,-1.4803978,-0.2430413,0.9595644
seq-12/frame-000167,1,0.00263895,0.147076,2837,1481,1051,0.93,117.21,107.97,10.54,236.65,0.954544691,0.056340450,-0.262009359,-0.130465638,-1.4835547,-0.2489593,0.9682330
seq-12/frame-000168,1,0.00226445,0.141127,2976,1421,973,0.91,119.07,124.79,6.71,251.49,0.953923834,0.056373158,-0.262789861,-0.133389936,-1.4898740,-0.2572527,0.9796277
seq-12/frame-000169,1,0.00339087,0.180990,2513,1410,1027,0.86,108.88,108.02,8.09,225.85,0.953668661,0.057553953,-0.262681747,-0.134914520,-1.4971390,-0.2649285,0.9915782
seq-12/frame-000170,1,0.00128532,0.122660,2794,1431,1014,0.90,110.18,115.48,10.52,237.08,0.953504691,0.059319752,-0.263180566,-0.134335259,-1.5011195,-0.2702470,1.0024088
seq-12/frame-000171,1,0.00396046,0.168361,2566,1286,942,0.90,109.56,95.31,9.55,215.33,0.953455033,0.059678467,-0.262955399,-0.134968288,-1.5049949,-0.2798737,1.0124738
seq-12/frame-000172,1,0.00419116,0.224673,2385,1199,855,0.88,102.23,98.07,6.90,208.07,0.953748017,0.061437790,-0.261277417,-0.135367016,-1.5134246,-0.2871131,1.0255207
seq-12/frame-000173,1,0.00491479,0.273344,2621,1237,900,0.88,109.65,106.34,10.19,227.07,0.954020592,0.063298187,-0.259999782,-0.135048740,-1.5187231,-0.2951434,1.0387714
seq-12/frame-000174,1,0.00608034,0.184355,2759,1344,952,0.93,98.58,101.89,16.90,218.29,0.954106555,0.065167454,-0.259917000,-0.133705041,-1.5193111,-0.3001982,1.0508188
seq-12/frame-000175,1,0.00249675,0.136112,2774,1303,929,0.92,111.07,104.10,10.57,226.67,0.954204832,0.066710604,-0.258732519,-0.134537418,-1.5271890,-0.3057743,1.0635251
seq-12/frame-000176,1,0.00452784,0.225494,2602,1192,784,0.88,108.36,108.60,10.06,227.90,0.954419932,0.067654470,-0.256827850,-0.136179738,-1.5336739,-0.3159982,1.0762344
seq-12/frame-000177,1,0.00295312,0.168665,2637,1252,853,0.88,117.34,102.78,9.26,230.26,0.954979173,0.069589294,-0.254710868,-0.135257099,-1.5409445,-0.3222620,1.0906336
seq-12/frame-000178,1,0.00572771,0.302056,2156,1079,748,0.85,92.63,93.28,7.62,194.38,0.955770653,0.070885076,-0.250729149,-0.136428217,-1.5516257,-0.3334145,1.1023875
seq-12/frame-000179,1,0.00652216,0.334590,1621,839,625,0.82,80.94,68.22,6.31,156.30,0.956531499,0.072750163,-0.247430274,-0.136136570,-1.5553493,-0.3449298,1.1168198
seq-12/frame-000180,1,0.00454021,0.245105,1779,904,680,0.84,78.10,84.08,10.85,173.88,0.957878881,0.075786718,-0.242985290,-0.132975831,-1.5598668,-0.3509625,1.1290949
seq-12/frame-000181,1,0.00350283,0.224895,2056,1053,768,0.90,90.55,91.07,19.80,202.33,0.959169566,0.076634579,-0.239586824,-0.129302118,-1.5652753,-0.3567575,1.1416566
seq-12/frame-000182,1,0.00344842,0.223811,2056,1053,768,0.89,83.39,69.26,14.38,167.92,0.959169566,0.076634579,-0.239586824,-0.129302118,-1.5652753,-0.3567575,1.1416566
seq-12/frame-000183,1,0.00309011,0.177913,1958,948,676,0.90,91.51,77.79,10.32,180.53,0.960477606,0.075589310,-0.236354600,-0.126117122,-1.5720648,-0.3663688,1.1551490
seq-12/frame-000184,1,0.00510229,0.298618,1770,931,673,0.85,75.84,68.24,7.41,152.35,0.961624536,0.075104677,-0.232825087,-0.124217624,-1.5768180,-0.3769251,1.1681029
seq-12/frame-000185,1,0.00539677,0.280000,1762,870,648,0.86,91.78,57.92,6.47,157.03,0.962812684,0.075703843,-0.228491771,-0.122687304,-1.5827878,-0.3868117,1.1819702
seq-12/frame-000186,1,0.00444900,0.247020,1584,787,572,0.85,87.65,61.05,13.45,163.01,0.963964571,0.077660956,-0.223859235,-0.120946780,-1.5879502,-0.3931106,1.1958186
seq-12/frame-000187,1,0.00477555,0.238637,1645,828,614,0.84,92.76,61.42,10.26,165.29,0.965241336,0.078879218,-0.218617873,-0.119555252,-1.5925711,-0.4015109,1.2088890
seq-12/frame-000188,1,0.00680721,0.281564,1843,921,649,0.89,101.23,66.75,12.40,181.27,0.966446672,0.079658405,-0.214533546,-0.116665014,-1.5955277,-0.4079468,1.2202356
seq-12/frame-000189,1,0.00434841,0.214813,1822,941,696,0.87,98.08,73.90,6.77,179.63,0.967672499,0.080144217,-0.211017966,-0.112508920,-1.6019918,-0.4131226,1.2348046
seq-12/frame-000190,1,0.00645422,0.294117,1966,978,692,0.86,87.81,93.86,10.15,192.68,0.968588771,0.080591259,-0.207889043,-0.110104435,-1.6055838,-0.4212949,1.2465661
seq-12/frame-000191,1,0.00768043,0.333713,2015,1011,725,0.90,105.84,72.31,6.77,185.82,0.969433741,0.081152801,-0.204739793,-0.108139087,-1.6090904,-0.4283037,1.2587770
seq-12/frame-000192,1,0.00496961,0.173530,2137,1039,745,0.87,97.88,83.35,8.63,190.72,0.970044614,0.082541998,-0.202774578,-0.105274576,-1.6120675,-0.4321429,1.2708709
seq-12/frame-000193,1,0.00452185,0.209331,2129,1013,713,1.21,114.77,69.25,10.09,195.32,0.970657656,0.083359326,-0.199408037,-0.105410494,-1.6176697,-0.4388744,1.2826669
seq-12/frame-000194,1,0.00449239,0.210144,2129,1013,713,0.89,108.78,102.59,11.41,223.67,0.970657656,0.083359326,-0.199408037,-0.105410494,-1.6176697,-0.4388744,1.2826669
seq-12/frame-000195,1,0.00506437,0.295055,2211,965,647,0.92,89.45,79.74,9.51,179.62,0.971392018,0.083534875,-0.196003097,-0.104891650,-1.6258521,-0.4452095,1.2940596
seq-12/frame-000196,1,0.00696037,0.367230,2397,1083,737,0.91,124.27,99.80,16.30,241.28,0.971709582,0.082488561,-0.195417081,-0.103866690,-1.6237937,-0.4522389,1.3041763
seq-12/frame-000197,1,0.00629921,0.277926,2300,1069,743,0.92,120.50,90.18,8.65,220.25,0.972314177,0.081067060,-0.193923260,-0.102112889,-1.6263951,-0.4580488,1.3161228
seq-12/frame-000198,1,0.00539223,0.353106,2032,930,647,0.90,107.35,75.60,10.32,194.18,0.972905636,0.080121913,-0.191381122,-0.102021407,-1.6300809,-0.4645091,1.3281845
seq-12/frame-000199,1,0.00815045,0.291528,1825,917,657,0.87,109.54,74.48,8.85,193.74,0.973353375,0.080374888,-0.189868122,-0.100365240,-1.6269082,-0.4731015,1.3386781
seq-12/frame-000200,1,0.00946800,0.408567,2034,1020,697,0.87,98.32,75.82,7.39,182.40,0.974089629,0.081201916,-0.186259112,-0.099313575,-1.6305651,-0.4795754,1.3506626
seq-12/frame-000201,1,0.00828078,0.360956,2259,1049,723,0.89,97.04,97.06,7.53,202.52,0.974467021,0.082413067,-0.184699448,-0.097510131,-1.6318445,-0.4843315,1.3624784
seq-12/frame-000202,1,0.00824421,0.361602,2259,1049,723,0.86,105.64,83.63,8.19,198.32,0.974467021,0.082413067,-0.184699448,-0.097510131,-1.6318445,-0.4843315,1.3624784
seq-12/frame-000203,1,0.00615204,0.292632,2078,953,654,0.92,84.61,81.77,6.78,174.07,0.974660000,0.083389781,-0.183609898,-0.096806165,-1.6309908,-0.4887873,1.3751208
seq-12/frame-000204,1,0.00591918,0.268522,2147,935,623,0.92,94.73,88.82,11.95,196.42,0.975026209,0.083616751,-0.182295063,-0.095397282,-1.6306754,-0.4923489,1.3886363
seq-12/frame-000205,1,0.00429120,0.281700,2064,954,628,0.91,92.45,74.51,13.44,181.33,0.975487598,0.082889665,-0.180285866,-0.095132834,-1.6332116,-0.4981697,1.4016563
seq-12/frame-000206,1,0.00582224,0.292766,1768,909,654,0.89,92.98,72.02,11.25,177.14,0.975896556,0.082141669,-0.178569978,-0.094823109,-1.6305892,-0.5059085,1.4119857
seq-12/frame-000207,1,0.00641865,0.252616,1591,819,588,0.86,94.93,62.90,7.99,166.69,0.976330623,0.082782630,-0.176694610,-0.093298265,-1.6274607,-0.5128069,1.4259796
seq-12/frame-000208,1,0.00630276,0.271086,1415,749,536,0.83,76.62,57.39,5.31,140.15,0.976803396,0.084088881,-0.173578600,-0.093030401,-1.6220512,-0.5196026,1.4360635
seq-12/frame-000209,1,0.00630214,0.265937,1415,749,536,0.83,78.40,48.82,5.98,134.03,0.976803396,0.084088881,-0.173578600,-0.093030401,-1.6220512,-0.5196026,1.4360635
seq-12/frame-000210,1,0.00763776,0.346085,1532,780,563,0.86,78.32,62.32,8.47,149.97,0.977581092,0.084565022,-0.169841369,-0.091311961,-1.6200487,-0.5286075,1.4481379
seq-12/frame-000211,1,0.00714871,0.315755,1604,882,642,0.86,78.59,65.14,10.00,154.59,0.978261399,0.086899919,-0.165552569,-0.089696073,-1.6206523,-0.5303710,1.4597856
seq-12/frame-000212,1,0.00398623,0.130728,1454,776,573,0.87,65.04,58.42,9.89,134.22,0.978460698,0.088957033,-0.163893114,-0.088545779,-1.6128309,-0.5329882,1.4765354
seq-12/frame-000213,1,0.00649527,0.241853,1352,723,540,0.88,64.79,67.53,9.52,142.71,0.979196005,0.088601318,-0.160263146,-0.087411177,-1.6101205,-0.5414865,1.4906246
seq-12/frame-000214,1,0.00525029,0.241454,1325,748,580,0.99,72.39,58.59,11.48,143.46,0.980040748,0.088810744,-0.155832712,-0.085726013,-1.6093339,-0.5478031,1.5026920
seq-12/frame-000215,1,0.00485638,0.276494,1438,765,566,0.86,81.45,57.81,11.12,151.24,0.980805321,0.088928595,-0.152437965,-0.082917387,-1.6071043,-0.5540788,1.5146006
seq-12/frame-000216,1,0.01092166,0.434583,1267,684,505,0.82,75.76,48.17,10.64,135.39,0.981260315,0.087903111,-0.151345980,-0.080595477,-1.5941161,-0.5670610,1.5252365
seq-12/frame-000217,1,0.01033353,0.413859,1267,684,505,0.83,62.49,54.44,15.25,133.02,0.981260315,0.087903111,-0.151345980,-0.080595477,-1.5941161,-0.5670610,1.5252365
seq-12/frame-000218,1,0.00563777,0.269045,1319,749,578,0.80,84.92,49.57,7.42,142.72,0.982371615,0.090212550,-0.144420166,-0.077139628,-1.6001931,-0.5720413,1.5380491
seq-12/frame-000219,1,0.00768864,0.342253,1565,872,650,0.83,97.26,56.85,6.12,161.06,0.982637424,0.091915328,-0.142339569,-0.075595722,-1.5933370,-0.5791771,1.5496805
seq-12/frame-000220,1,0.00229650,0.149207,1362,744,550,0.85,69.93,46.67,8.32,125.78,0.983142478,0.093650065,-0.138089339,-0.074778797,-1.5916831,-0.5808476,1.5628182
seq-12/frame-000221,1,0.00396948,0.200851,1315,708,519,0.87,75.23,51.63,9.11,136.84,0.983645516,0.093302220,-0.135005401,-0.074227598,-1.5833695,-0.5877731,1.5765906
seq-12/frame-000222,1,0.00673110,0.368229,1236,695,520,0.97,68.93,55.04,7.34,132.28,0.984642810,0.090628704,-0.130154492,-0.072971107,-1.5817311,-0.5986248,1.5831028
seq-12/frame-000223,1,0.00672889,0.368448,1236,695,520,0.83,69.13,50.34,7.18,127.48,0.984642810,0.090628704,-0.130154492,-0.072971107,-1.5817311,-0.5986248,1.5831028
seq-12/frame-000224,1,0.01133313,0.476220,1231,683,522,0.87,65.41,49.25,9.05,124.59,0.985422467,0.089414959,-0.126462896,-0.070389358,-1.5749899,-0.6067339,1.5904771
seq-12/frame-000225,1,0.00873384,0.404510,1312,742,560,0.82,73.10,60.18,11.31,145.42,0.986011193,0.090359723,-0.122491998,-0.067917285,-1.5692368,-0.6120328,1.6035839
seq-12/frame-000226,1,0.00288146,0.156853,1228,741,576,0.81,84.36,41.03,8.98,135.17,0.986469060,0.093572717,-0.117515057,-0.065674594,-1.5668909,-0.6134071,1.6168421
seq-12/frame-000227,1,0.00295720,0.161907,1228,741,576,0.81,74.69,38.48,6.43,120.41,0.986469060,0.093572717,-0.117515057,-0.065674594,-1.5668909,-0.6134071,1.6168421
seq-12/frame-000228,1,0.00658757,0.245734,1174,665,486,0.88,72.67,47.80,15.59,136.94,0.987085355,0.094145841,-0.112308187,-0.064698797,-1.5628059,-0.6174110,1.6268383
seq-12/frame-000229,1,0.00766532,0.352746,1155,685,524,0.87,69.79,39.56,7.00,117.22,0.988027707,0.092965751,-0.105765909,-0.063025329,-1.5606244,-0.6234005,1.6324748
seq-12/frame-000230,1,0.00724284,0.340859,1076,641,487,0.86,77.93,44.30,8.60,131.70,0.988600373,0.092007787,-0.102024586,-0.061602388,-1.5526429,-0.6295361,1.6448156
seq-12/frame-000231,1,0.00877845,0.401559,1171,659,486,0.82,62.78,40.20,8.72,112.52,0.989399721,0.089956152,-0.097038816,-0.059829346,-1.5438175,-0.6344763,1.6469565
seq-12/frame-000232,1,0.00858543,0.398665,1171,659,486,0.83,80.43,51.66,5.90,138.82,0.989399721,0.089956152,-0.097038816,-0.059829346,-1.5438175,-0.6344763,1.6469565
seq-12/frame-000233,1,0.01059361,0.474449,1244,685,503,0.84,70.97,52.26,10.00,134.07,0.990475091,0.086737804,-0.091026499,-0.056123287,-1.5406554,-0.6420565,1.6557297
seq-12/frame-000234,1,0.01279452,0.600383,1109,709,551,0.87,62.46,55.14,15.81,134.28,0.991316911,0.084993194,-0.085939815,-0.051781145,-1.5369504,-0.6473919,1.6652369
seq-12/frame-000235,1,0.01220033,0.559797,988,545,391,0.85,65.70,38.35,5.61,110.52,0.992029530,0.084373818,-0.079945173,-0.048654295,-1.5338558,-0.6503758,1.6752440
seq-12/frame-000236,1,0.01239598,0.570113,988,545,391,0.83,67.17,41.39,8.97,118.36,0.992029530,0.084373818,-0.079945173,-0.048654295,-1.5338558,-0.6503758,1.6752440
seq-12/frame-000237,1,0.00872817,0.425393,1005,629,476,0.87,74.25,42.96,6.76,124.84,0.992661213,0.084267372,-0.073298824,-0.046368175,-1.5295342,-0.6513203,1.6836704
seq-12/frame-000238,1,0.01122330,0.514432,1164,756,618,0.86,69.70,47.88,12.06,130.50,0.993252344,0.083044551,-0.067392999,-0.044850494,-1.5262719,-0.6553210,1.6911770
seq-12/frame-000239,1,0.01116405,0.514387,1164,756,618,0.87,73.90,51.02,12.46,138.25,0.993252344,0.083044551,-0.067392999,-0.044850494,-1.5262719,-0.6553210,1.6911770
seq-12/frame-000240,1,0.01096129,0.496771,1073,612,439,0.87,67.02,38.67,11.94,118.50,0.993721387,0.081314734,-0.063793170,-0.042850338,-1.5163482,-0.6610418,1.7022014
seq-12/frame-000241,1,0.01538812,0.661701,948,539,394,0.87,66.56,37.63,5.58,110.63,0.994517982,0.078761342,-0.055523093,-0.040593361,-1.5177818,-0.6693011,1.7055209
seq-12/frame-000242,1,0.01107521,0.527561,900,496,348,0.96,65.50,32.74,10.07,109.28,0.994874056,0.078701919,-0.050032745,-0.039094062,-1.5067462,-0.6723624,1.7161385
seq-12/frame-000243,1,0.01110984,0.524231,900,496,348,0.82,65.29,31.98,8.05,106.13,0.994874056,0.078701919,-0.050032745,-0.039094062,-1.5067462,-0.6723624,1.7161385
seq-12/frame-000244,1,0.01402690,0.626425,864,508,377,0.87,64.97,36.01,5.50,107.36,0.995339532,0.078342459,-0.042418384,-0.036910097,-1.5008389,-0.6758546,1.7226211
seq-12/frame-000245,1,0.01479481,0.654385,924,559,410,0.85,74.04,34.62,7.82,117.34,0.995871382,0.077040541,-0.034108359,-0.033787056,-1.4984371,-0.6825896,1.7316168
seq-12/frame-000246,1,0.01046783,0.430903,1119,628,443,0.80,76.40,52.03,16.07,145.30,0.996085406,0.078636669,-0.025425889,-0.031363405,-1.4974171,-0.6833087,1.7358007
seq-12/frame-000247,1,0.00990786,0.416248,1119,628,443,0.80,69.25,40.81,20.24,131.11,0.996085406,0.078636669,-0.025425889,-0.031363405,-1.4974171,-0.6833087,1.7358007
seq-12/frame-000248,1,0.01107304,0.493699,828,470,334,0.81,74.51,39.52,21.26,136.11,0.996322682,0.077674110,-0.017456104,-0.031672238,-1.4923969,-0.6927962,1.7436882
seq-12/frame-000249,1,0.01041366,0.484435,828,470,334,0.82,65.12,26.39,12.92,105.26,0.996322682,0.077674110,-0.017456104,-0.031672238,-1.4923969,-0.6927962,1.7436882
seq-12/frame-000250,1,0.00965967,0.469970,934,489,352,0.84,67.05,28.56,7.84,104.29,0.996375966,0.078932533,-0.009016656,-0.030385666,-1.4831677,-0.6942683,1.7519292
seq-12/frame-000251,1,0.01340525,0.443760,963,517,322,0.80,68.78,32.70,12.49,114.79,0.996393932,0.080324042,0.001564862,-0.027289769,-1.4833137,-0.6973926,1.7626219
seq-12/frame-000252,1,0.01387606,0.468908,963,517,322,1.94,58.98,33.00,15.79,109.72,0.996393932,0.080324042,0.001564862,-0.027289769,-1.4833137,-0.6973926,1.7626219
seq-12/frame-000253,1,0.00865533,0.444400,832,428,280,0.81,65.63,33.79,19.30,119.54,0.996224752,0.082928575,0.010395588,-0.023473963,-1.4715442,-0.6958640,1.7674281
seq-12/frame-000254,1,0.02032170,0.624877,784,377,241,0.84,56.86,37.50,10.90,106.10,0.996387838,0.079613002,0.021647534,-0.020110455,-1.4693570,-0.7093736,1.7761151
seq-12/frame-000255,1,0.02206965,0.735573,784,377,241,0.82,64.46,32.77,7.92,105.97,0.996387838,0.079613002,0.021647534,-0.020110455,-1.4693570,-0.7093736,1.7761151
seq-12/frame-000256,1,0.01791881,0.836176,827,417,285,0.85,64.53,26.56,7.86,99.80,0.996332590,0.077129721,0.033512455,-0.015788992,-1.4654644,-0.7173471,1.7739150
seq-12/frame-000257,1,0.02097748,0.933472,929,515,367,0.86,59.86,37.54,13.18,111.43,0.996240950,0.076766120,0.038930476,-0.009764762,-1.4477659,-0.7189858,1.7802439
seq-12/frame-000258,1,0.00877814,0.373425,1056,580,414,0.79,76.65,43.96,8.58,129.98,0.995267483,0.080453496,0.054222087,-0.005462352,-1.4615986,-0.7086614,1.7974020
seq-12/frame-000259,1,0.00858636,0.365657,1056,580,414,0.76,75.55,40.83,8.87,126.01,0.995267483,0.080453496,0.054222087,-0.005462352,-1.4615986,-0.7086614,1.7974020
seq-12/frame-000260,1,0.01372305,0.486094,1013,503,362,0.80,72.59,39.33,9.88,122.60,0.995068463,0.076416818,0.063231426,-0.001005286,-1.4577666,-0.7145712,1.8065365
seq-12/frame-000261,1,0.01377744,0.491154,1013,503,362,0.79,78.60,39.18,12.16,130.73,0.995068463,0.076416818,0.063231426,-0.001005286,-1.4577666,-0.7145712,1.8065365
seq-12/frame-000262,1,0.01706698,0.808569,838,471,347,0.85,53.86,28.72,7.73,91.15,0.995289093,0.068545621,0.068531006,0.002149601,-1.4410223,-0.7326745,1.8034368
seq-12/frame-000263,1,0.01494613,0.731449,929,521,382,0.85,78.97,35.87,7.63,123.33,0.994248982,0.068476158,0.081950771,0.008003106,-1.4437011,-0.7328496,1.8112047
seq-12/frame-000264,1,0.01493487,0.728807,929,521,382,0.83,63.36,30.64,7.88,102.71,0.994248982,0.068476158,0.081950771,0.008003106,-1.4437011,-0.7328496,1.8112047
seq-12/frame-000265,1,0.00918609,0.464197,926,520,375,0.84,75.64,39.07,7.70,123.25,0.993383267,0.070288130,0.089843453,0.013319793,-1.4330283,-0.7274474,1.8217254
seq-12/frame-000266,1,0.00919796,0.457691,926,520,375,0.82,70.52,38.55,7.71,117.62,0.993383267,0.070288130,0.089843453,0.013319793,-1.4330283,-0.7274474,1.8217254
seq-12/frame-000267,1,0.01664691,0.785786,870,502,352,0.85,68.36,39.23,11.04,119.48,0.992589245,0.065528336,0.100694089,0.018257283,-1.4299749,-0.7391540,1.8250924
seq-12/frame-000268,1,0.01717804,0.870192,956,500,378,0.85,63.82,35.53,17.19,117.40,0.991255399,0.063438394,0.113591445,0.022029265,-1.4304326,-0.7438429,1.8305437
seq-12/frame-000269,1,0.01932325,0.959471,956,500,378,0.83,71.97,41.39,18.45,132.63,0.991255399,0.063438394,0.113591445,0.022029265,-1.4304326,-0.7438429,1.8305437
seq-12/frame-000270,1,0.00860811,0.393156,1115,588,410,0.82,76.16,47.84,11.51,136.33,0.989592518,0.067111255,0.124150272,0.028096945,-1.4259719,-0.7339402,1.8466399
seq-12/frame-000271,1,0.00717293,0.336984,1115,588,410,0.83,74.35,41.06,7.42,123.66,0.989592518,0.067111255,0.124150272,0.028096945,-1.4259719,-0.7339402,1.8466399
seq-12/frame-000272,1,0.01198587,0.593413,1117,521,357,0.84,73.95,37.09,7.10,118.98,0.988746269,0.063098325,0.131873474,0.031761679,-1.4149922,-0.7390008,1.8479289
seq-12/frame-000273,1,0.01471861,0.746782,1070,517,357,1.00,69.16,50.75,6.75,127.66,0.987577700,0.060363885,0.140535471,0.036003752,-1.4051819,-0.7435249,1.8532840
seq-12/frame-000274,1,0.01450999,0.736195,1070,517,357,0.81,74.01,45.13,6.90,126.86,0.987577700,0.060363885,0.140535471,0.036003752,-1.4051819,-0.7435249,1.8532840
seq-12/frame-000275,1,0.01019494,0.540272,1107,537,374,0.86,60.63,49.10,19.97,130.57,0.985697022,0.061815933,0.151220331,0.041383363,-1.4024767,-0.7388068,1.8629512
seq-12/frame-000276,1,0.01098554,0.601882,1116,553,393,0.84,55.90,41.27,7.57,105.58,0.984019883,0.058752034,0.161535771,0.046467863,-1.4003549,-0.7433529,1.8683943
seq-12/frame-000277,1,0.01009629,0.603381,1117,554,383,1.20,74.70,39.81,5.23,120.94,0.981980898,0.056360771,0.172881736,0.051467320,-1.4009321,-0.7485347,1.8774325
seq-12/frame-000278,1,0.01023258,0.610900,1117,554,383,0.87,71.13,39.70,10.14,121.85,0.981980898,0.056360771,0.172881736,0.051467320,-1.4009321,-0.7485347,1.8774325
seq-12/frame-000279,1,0.01345963,0.665467,1168,592,423,1.23,88.05,51.01,11.68,151.98,0.980043603,0.053921992,0.182546017,0.057305388,-1.4002892,-0.7537395,1.8805630
seq-12/frame-000280,1,0.02626966,1.200101,1177,565,379,0.87,58.44,41.12,11.00,111.44,0.979477916,0.049128237,0.186134565,0.059693822,-1.3820502,-0.7630282,1.8750123
seq-12/frame-000281,1,0.02644439,1.208864,1177,565,379,1.20,88.52,56.19,8.62,154.54,0.979477916,0.049128237,0.186134565,0.059693822,-1.3820502,-0.7630282,1.8750123
seq-12/frame-000282,1,0.00976237,0.514164,1368,714,485,0.84,93.31,63.17,12.55,169.87,0.976561956,0.051952422,0.198789894,0.064111379,-1.3879142,-0.7529465,1.8889291
seq-12/frame-000283,1,0.00711729,0.410251,1571,815,590,0.87,80.44,58.26,6.58,146.15,0.974956681,0.049711918,0.205990398,0.067499263,-1.3840136,-0.7538410,1.8958447
seq-12/frame-000284,1,0.00882746,0.421213,1553,760,547,0.86,84.17,68.60,12.64,166.28,0.973462194,0.045439214,0.213359812,0.069168094,-1.3820996,-0.7603080,1.8994734
seq-12/frame-000285,1,0.01228447,0.600788,1580,750,503,0.87,76.01,52.82,9.23,138.94,0.972291457,0.042727285,0.218947044,0.069899164,-1.3720428,-0.7623550,1.9027082
seq-12/frame-000286,1,0.01225049,0.599097,1580,750,503,0.87,79.18,65.71,8.80,154.56,0.972291457,0.042727285,0.218947044,0.069899164,-1.3720428,-0.7623550,1.9027082
seq-12/frame-000287,1,0.00941463,0.463907,1608,796,571,0.88,96.98,75.05,17.60,190.52,0.970282255,0.039665447,0.227882123,0.071054454,-1.3715020,-0.7666592,1.9096458
seq-12/frame-000288,1,0.01166872,0.554395,1652,815,590,0.90,89.53,71.14,13.44,175.02,0.968877973,0.037471248,0.233785712,0.072219244,-1.3660552,-0.7695475,1.9128977
seq-12/frame-000289,1,0.00909635,0.452877,1606,807,582,0.91,96.96,69.48,12.10,179.45,0.967304471,0.036485812,0.239812673,0.074031934,-1.3589370,-0.7696035,1.9161870
seq-12/frame-000290,1,0.00907251,0.449689,1606,807,582,0.90,68.28,59.26,10.67,139.11,0.967304471,0.036485812,0.239812673,0.074031934,-1.3589370,-0.7696035,1.9161870
seq-12/frame-000291,1,0.01132826,0.510918,1644,843,616,0.93,90.09,53.92,14.50,159.45,0.965578572,0.035383636,0.246091377,0.076452951,-1.3541804,-0.7710555,1.9202171
seq-12/frame-000292,1,0.01038720,0.533365,1627,862,659,0.94,74.07,70.45,9.09,154.55,0.963911244,0.034939434,0.252252988,0.077606570,-1.3484031,-0.7718153,1.9275690
seq-12/frame-000293,1,0.00736126,0.372991,1734,886,661,0.94,94.78,75.11,9.07,179.90,0.962545103,0.035148591,0.256939968,0.079078149,-1.3406576,-0.7696425,1.9283036
seq-12/frame-000294,1,0.00710104,0.368482,1819,956,730,0.95,94.55,85.25,13.48,194.25,0.961184116,0.034630502,0.261525006,0.080811470,-1.3333234,-0.7692854,1.9301558
seq-12/frame-000295,1,0.00581757,0.291079,1753,977,728,0.94,81.59,76.78,9.61,168.93,0.959768771,0.035274101,0.266057898,0.082539917,-1.3255082,-0.7673535,1.9334645
seq-12/frame-000296,1,0.00444373,0.208991,1675,838,628,0.94,74.61,72.91,9.98,158.44,0.958232482,0.034541625,0.271449755,0.083140951,-1.3188394,-0.7681861,1.9374119
seq-12/frame-000297,1,0.00440212,0.194778,1736,796,569,0.95,82.37,60.15,6.31,149.78,0.956784351,0.034534691,0.275984980,0.084872559,-1.3100304,-0.7675518,1.9354733
seq-12/frame-000298,1,0.00530196,0.226352,1743,834,591,0.94,77.12,64.88,7.89,150.83,0.954572022,0.034997515,0.282751980,0.087285428,-1.3053341,-0.7677096,1.9404454
seq-12/frame-000299,1,0.00452477,0.219211,1915,996,736,0.95,85.25,75.76,7.02,168.99,0.953300255,0.035104811,0.286877453,0.087678980,-1.2972641,-0.7661098,1.9386155
seq-12/frame-000300,1,0.00446545,0.202591,2029,1089,820,0.94,103.96,74.53,7.10,186.53,0.951994517,0.034636092,0.290871252,0.088885855,-1.2899838,-0.7651617,1.9383948
seq-12/frame-000301,1,0.00645474,0.228870,2139,1111,839,0.92,89.02,84.64,6.67,181.25,0.950793776,0.031899067,0.294707126,0.090118560,-1.2849264,-0.7671497,1.9349120
seq-12/frame-000302,1,0.00499986,0.145882,2192,1126,828,0.93,95.95,83.12,8.40,188.40,0.949565113,0.030020260,0.298110600,0.092492970,-1.2786877,-0.7644835,1.9351045
seq-12/frame-000303,1,0.00761045,0.326863,2289,1159,882,0.97,97.17,99.36,9.73,207.23,0.948208594,0.027428227,0.302422055,0.093215105,-1.2730684,-0.7665894,1.9388891
seq-12/frame-000304,1,0.00503642,0.216051,1978,885,633,1.88,100.54,84.98,5.79,193.19,0.947087321,0.026510778,0.305859735,0.093662198,-1.2653482,-0.7668027,1.9335437
seq-12/frame-000305,1,0.00439984,0.173557,2057,906,651,0.97,101.75,75.16,6.05,183.94,0.945115458,0.026667594,0.311329623,0.095495953,-1.2610830,-0.7638635,1.9308727
seq-12/frame-000306,1,0.00698553,0.238854,2391,1143,814,0.93,106.81,101.26,9.68,218.68,0.943364709,0.026226010,0.315803521,0.098200608,-1.2603749,-0.7599708,1.9288832
seq-12/frame-000307,1,0.00825022,0.356461,2147,987,718,0.95,100.67,104.18,10.15,215.95,0.942205894,0.022441329,0.318732428,0.100767448,-1.2538942,-0.7624228,1.9242955
seq-12/frame-000308,1,0.00771309,0.277420,2056,978,717,0.94,101.94,94.41,11.57,208.85,0.940254121,0.019006929,0.324088250,0.102604734,-1.2528266,-0.7632963,1.9196914
seq-12/frame-000309,1,0.00734533,0.279847,2193,1069,770,0.96,86.44,92.04,7.48,186.91,0.938272641,0.017039324,0.329382757,0.104216656,-1.2510878,-0.7602321,1.9186721
seq-12/frame-000310,1,0.00517413,0.115812,2025,844,567,0.94,81.90,87.79,7.71,178.34,0.935893695,0.016433891,0.335528461,0.106082850,-1.2512674,-0.7571283,1.9200203
seq-12/frame-000311,1,0.00930658,0.340349,2042,778,490,0.94,102.85,82.72,6.64,193.15,0.932941813,0.014419969,0.343292058,0.107527679,-1.2521853,-0.7615205,1.9153814
seq-12/frame-000312,1,0.01265584,0.560342,2021,763,449,0.97,82.79,82.62,6.38,172.75,0.930317281,0.012869899,0.349435710,0.110629144,-1.2508853,-0.7624993,1.9051482
seq-12/frame-000313,1,0.01503183,0.565550,1990,707,404,0.87,87.71,92.00,11.59,192.17,0.927928969,0.011498241,0.353543396,0.117569921,-1.2496451,-0.7577861,1.8883594
seq-12/frame-000314,1,0.01268567,0.371773,2078,889,597,0.94,96.71,105.00,6.88,209.53,0.923853687,0.011244029,0.361525943,0.125167603,-1.2550848,-0.7476188,1.8902512
seq-12/frame-000315,1,0.00630391,0.051329,2225,945,631,0.92,86.18,91.55,7.44,186.09,0.920604751,0.011616078,0.368558359,0.128517294,-1.2557672,-0.7429797,1.8950455
seq-12/frame-000316,1,0.00818351,0.242207,2071,843,496,0.92,92.35,70.90,7.58,171.75,0.917835586,0.008010508,0.375807367,0.127602868,-1.2586133,-0.7477496,1.8859218
seq-12/frame-000317,1,0.00942514,0.283823,2086,635,315,0.97,95.88,86.82,9.93,193.61,0.914403497,0.006349075,0.383132171,0.130520775,-1.2620655,-0.7454788,1.8766871
seq-12/frame-000318,1,0.00945395,0.113421,2271,941,599,0.92,98.28,85.10,7.05,191.35,0.910651154,0.007696143,0.390045019,0.136088678,-1.2672408,-0.7319713,1.8697942
seq-12/frame-000319,1,0.00817189,0.171424,2244,873,541,0.95,104.85,90.67,9.61,206.08,0.907417395,0.005187949,0.396113858,0.140216147,-1.2683531,-0.7333334,1.8703957
seq-12/frame-000320,1,0.00752760,0.131706,1920,869,579,0.91,76.02,82.99,8.44,168.36,0.903549954,0.002888074,0.404381776,0.141649280,-1.2725877,-0.7362689,1.8659203
seq-12/frame-000321,1,0.00949388,0.079802,1829,917,640,0.94,107.30,81.94,11.24,201.43,0.899737305,0.003526154,0.412047535,0.143795607,-1.2799227,-0.7275415,1.8596584
seq-12/frame-000322,1,0.00740309,0.111960,1877,1020,758,0.96,70.61,75.75,16.06,163.40,0.896850123,0.002892452,0.417789552,0.145270026,-1.2826419,-0.7217982,1.8570659
seq-12/frame-000323,1,0.01210446,0.184167,1744,714,448,0.96,90.17,63.16,6.23,160.53,0.894172822,0.000370782,0.422767211,0.147386265,-1.2858660,-0.7222314,1.8435139
seq-12/frame-000324,1,0.01445193,0.237408,1827,825,542,0.96,88.63,63.58,8.62,161.79,0.889971629,0.001335951,0.430085699,0.151575081,-1.2951895,-0.7136046,1.8417960
seq-12/frame-000325,1,0.00929668,0.132865,1684,784,531,0.84,86.22,69.16,8.03,164.26,0.884534792,-0.004731664,0.438133358,0.160046784,-1.3019804,-0.7087119,1.8269735
seq-12/frame-000326,1,0.01114252,0.108475,1776,831,565,0.87,88.35,69.36,12.63,171.22,0.881996822,-0.009956045,0.441487980,0.164532207,-1.3048491,-0.7075275,1.8226399
seq-12/frame-000327,1,0.01108457,0.037025,2088,979,654,0.87,87.74,102.96,23.25,214.83,0.879971395,-0.014860324,0.443956806,0.168320733,-1.3093703,-0.7064756,1.8204856
seq-12/frame-000328,1,0.00826990,0.063622,2243,1079,775,0.97,110.55,91.78,8.97,212.27,0.878393801,-0.020254922,0.446257709,0.169906224,-1.3077481,-0.7096540,1.8214824
seq-12/frame-000329,1,0.01102489,0.062816,2246,1080,796,0.88,101.86,107.08,13.91,223.73,0.874871616,-0.029237583,0.451550785,0.172761999,-1.3172417,-0.7104745,1.8109782
seq-12/frame-000330,1,0.00808069,0.135964,2979,1440,1016,0.96,125.57,126.09,14.24,266.86,0.873531923,-0.032604754,0.452312628,0.176896005,-1.3166319,-0.7111419,1.8100820
seq-12/frame-000331,1,0.00701605,0.070510,2809,1379,1030,1.01,109.62,129.24,7.55,247.42,0.873173527,-0.035572082,0.452187666,0.178406650,-1.3173426,-0.7135252,1.8018132
seq-12/frame-000332,1,0.00813278,0.045434,2584,1362,997,0.97,98.51,129.07,12.33,240.89,0.872028194,-0.038657718,0.453631061,0.179697717,-1.3231926,-0.7165572,1.7908496
seq-12/frame-000333,1,0.00950502,0.172572,3379,1597,1123,1.03,129.28,164.89,18.19,313.40,0.869762905,-0.043925465,0.455547406,0.184552440,-1.3313029,-0.7180748,1.7813616
seq-12/frame-000334,1,0.01040182,0.188238,3049,1519,1126,1.03,121.32,127.75,11.64,261.74,0.869374041,-0.045150706,0.455490210,0.186222606,-1.3356197,-0.7176148,1.7738052
seq-12/frame-000335,1,0.00965798,0.124737,2896,1435,1038,0.95,113.65,116.03,16.52,247.15,0.868726936,-0.047737021,0.455620890,0.188266547,-1.3399566,-0.7191056,1.7633167
seq-12/frame-000336,1,0.01488822,0.068106,1991,907,601,0.91,94.71,79.78,11.14,186.54,0.868573673,-0.049024951,0.454232045,0.191962438,-1.3495456,-0.7114563,1.7498822
seq-12/frame-000337,1,0.01538191,0.096654,1856,865,559,0.89,76.17,76.06,7.51,160.63,0.868033143,-0.054215645,0.452870430,0.196182315,-1.3551929,-0.7110074,1.7420759
seq-12/frame-000338,1,0.00977461,0.101079,2183,1056,753,0.89,98.58,83.65,11.74,194.86,0.865665379,-0.066424320,0.451164023,0.206548509,-1.3529013,-0.7195938,1.7218564
seq-12/frame-000339,1,0.00867907,0.072798,2305,1125,800,0.90,97.78,93.64,9.45,201.78,0.863786708,-0.070487590,0.452702879,0.209676244,-1.3528100,-0.7173695,1.7137243
seq-12/frame-000340,1,0.00902942,0.071159,2379,1244,916,0.90,99.56,79.88,12.22,192.56,0.861578103,-0.074157600,0.454756218,0.213027238,-1.3569234,-0.7151223,1.7093978
seq-12/frame-000341,1,0.00992526,0.169805,3299,1534,1082,0.96,124.98,134.07,11.99,272.00,0.860445208,-0.077866328,0.454264917,0.217288437,-1.3594275,-0.7165124,1.7026030
seq-12/frame-000342,1,0.00973855,0.113740,3379,1545,1083,1.09,145.14,154.93,9.11,310.27,0.860664603,-0.079618747,0.452602223,0.219245351,-1.3555031,-0.7157990,1.6919906
seq-12/frame-000343,1,0.01007114,0.095615,3101,1618,1173,1.05,133.96,128.14,8.62,271.77,0.859715273,-0.080257475,0.453516693,0.220841562,-1.3586696,-0.7173761,1.6834914
seq-12/frame-000344,1,0.00721040,0.087368,3180,1607,1159,1.00,129.27,140.36,10.44,281.08,0.858998752,-0.087375933,0.453971034,0.219992934,-1.3630124,-0.7168932,1.6659201
seq-12/frame-000345,1,0.00869753,0.110312,3776,1705,1170,1.08,128.44,157.53,20.81,307.87,0.857895739,-0.089755426,0.455014253,0.221180682,-1.3633440,-0.7197606,1.6609195
seq-12/frame-000346,1,0.01062152,0.130425,3691,1712,1183,1.06,130.43,147.27,17.01,295.78,0.857165251,-0.090258051,0.456419511,0.220912759,-1.3667613,-0.7238122,1.6551288
seq-12/frame-000347,1,0.00896270,0.134941,3058,1651,1216,1.04,131.05,129.37,9.66,271.12,0.856848310,-0.090656286,0.456975880,0.220829021,-1.3713828,-0.7244858,1.6437433
seq-12/frame-000348,1,0.01132726,0.165953,2622,1349,967,1.02,105.88,102.99,10.58,220.48,0.855076566,-0.091772828,0.459009830,0.223006258,-1.3749168,-0.7258688,1.6350468
seq-12/frame-000349,1,0.00973646,0.069432,2208,1099,787,0.89,97.09,88.65,7.54,194.18,0.852035278,-0.092797700,0.462830216,0.226302150,-1.3822816,-0.7228993,1.6267221
seq-12/frame-000350,1,0.01133502,0.211130,1824,956,660,0.83,74.58,73.09,25.84,174.34,0.847737629,-0.097919304,0.465919169,0.233820551,-1.3883770,-0.7276891,1.6182721
seq-12/frame-000351,1,0.00946650,0.234228,2043,1052,757,0.92,73.02,72.10,18.26,164.31,0.837821101,-0.103745411,0.472616864,0.252835899,-1.3903842,-0.7324425,1.6120350
seq-12/frame-000352,1,0.00456737,0.187093,2110,1050,768,0.89,86.13,77.71,10.57,175.30,0.832727758,-0.104797813,0.476858577,0.261127933,-1.3844011,-0.7371316,1.6095900
seq-12/frame-000353,1,0.00480677,0.278469,1431,778,564,0.83,72.90,54.99,16.51,145.23,0.829294162,-0.102257245,0.481714886,0.264131441,-1.3853953,-0.7471824,1.6053265
seq-12/frame-000354,1,0.00633443,0.269592,1521,823,589,0.84,72.39,68.51,10.41,152.14,0.826909236,-0.095688137,0.487246417,0.263923898,-1.3913373,-0.7514470,1.6001194
seq-12/frame-000355,1,0.00560564,0.307123,1471,832,614,0.83,88.78,57.55,13.39,160.54,0.825073913,-0.090545348,0.492066175,0.262536584,-1.3960315,-0.7531014,1.5948119
seq-12/frame-000356,1,0.00395900,0.333917,1589,720,512,0.84,86.64,54.21,10.07,151.76,0.823286442,-0.085862426,0.497316748,0.259813646,-1.4021481,-0.7547293,1.5952253
seq-12/frame-000357,1,0.00593753,0.159236,1752,1009,755,0.86,87.77,80.43,8.84,177.90,0.822369281,-0.078473455,0.504203979,0.251652598,-1.4171939,-0.7619250,1.5902180
seq-12/frame-000358,1,0.00617595,0.215652,2120,1259,942,0.88,109.83,92.98,18.25,221.94,0.821464766,-0.074360765,0.508304572,0.247573376,-1.4219602,-0.7597220,1.5850521
seq-12/frame-000359,1,0.00864098,0.176717,2761,1605,1230,0.94,113.20,104.29,9.43,227.86,0.819595108,-0.072464558,0.513132214,0.244352364,-1.4331210,-0.7602352,1.5843322
seq-12/frame-000360,1,0.00940893,0.237182,2486,1430,1079,0.98,100.33,93.75,7.01,202.07,0.817653605,-0.071895473,0.516584288,0.243750480,-1.4409670,-0.7592565,1.5804543
seq-12/frame-000361,1,0.00814776,0.241075,2918,1643,1254,0.98,109.26,119.46,11.28,240.98,0.814910793,-0.072897486,0.520020108,0.245327218,-1.4490746,-0.7595082,1.5800780
seq-12/frame-000362,1,0.00669582,0.229503,3207,1769,1345,1.43,135.15,129.03,11.16,276.77,0.810836478,-0.073582333,0.523835869,0.250451249,-1.4569842,-0.7592793,1.5802409
seq-12/frame-000363,1,0.01138209,0.139242,3221,1717,1292,1.05,130.38,109.48,9.40,250.31,0.808885504,-0.073402853,0.526241513,0.251766027,-1.4688684,-0.7631389,1.5804721
seq-12/frame-000364,1,0.00783961,0.193930,2833,1701,1284,0.99,110.24,102.62,10.11,223.96,0.807937857,-0.071901072,0.527149204,0.253338452,-1.4710536,-0.7570788,1.5791465
seq-12/frame-000365,1,0.00991511,0.246839,2065,1157,894,1.13,95.80,83.43,11.23,191.60,0.805818217,-0.071796317,0.529829339,0.254525365,-1.4777012,-0.7527042,1.5743603
seq-12/frame-000366,1,0.00754278,0.149160,1788,998,761,0.87,83.25,82.68,9.80,176.60,0.801539511,-0.072603248,0.535146391,0.256673960,-1.4876575,-0.7488367,1.5766984
seq-12/frame-000367,1,0.00855346,0.213014,1950,1066,826,0.89,102.16,74.42,10.22,187.69,0.792897078,-0.077549720,0.542516061,0.266414316,-1.4990854,-0.7504881,1.5761752
seq-12/frame-000368,1,0.00877910,0.265840,2009,1010,743,0.90,91.09,86.52,11.72,190.24,0.789214496,-0.079319821,0.546091170,0.269505621,-1.5025688,-0.7506499,1.5752971
seq-12/frame-000369,1,0.00819795,0.272665,2448,1391,1073,0.91,110.94,88.87,13.06,213.79,0.785575592,-0.080744228,0.549582067,0.272600276,-1.5092249,-0.7525640,1.5762707
seq-12/frame-000370,1,0.00803909,0.248949,2558,1437,1111,0.92,106.72,106.82,7.40,221.87,0.782718980,-0.080570065,0.552177341,0.275607778,-1.5155834,-0.7512136,1.5768406
seq-12/frame-000371,1,0.00629988,0.199093,2047,1209,938,0.83,103.36,80.53,10.64,195.36,0.780018138,-0.080850030,0.554903186,0.277700256,-1.5245630,-0.7480304,1.5783757
seq-12/frame-000372,1,0.00865474,0.354250,2160,1250,924,0.85,106.74,76.40,13.76,197.75,0.776737379,-0.083478457,0.556450681,0.282971785,-1.5287658,-0.7511785,1.5751829
seq-12/frame-000373,1,0.00682631,0.221284,2704,1468,1115,0.93,113.42,91.92,12.74,219.00,0.773385034,-0.084649830,0.558994130,0.286767430,-1.5342054,-0.7519416,1.5786920
seq-12/frame-000374,1,0.00979330,0.314300,2481,1420,1060,0.87,113.90,99.95,10.56,225.27,0.770692141,-0.084115458,0.561503362,0.289261453,-1.5385546,-0.7652953,1.5781786
seq-12/frame-000375,1,0.00908010,0.329142,2998,1563,1130,0.95,125.42,109.76,13.70,249.84,0.772061927,-0.081253942,0.562226786,0.284989856,-1.5454566,-0.7635878,1.5771096
seq-12/frame-000376,1,0.00772697,0.266436,2745,1494,1146,0.96,119.20,109.22,19.96,249.34,0.771997395,-0.078994402,0.564153784,0.281975911,-1.5568751,-0.7584270,1.5764150
seq-12/frame-000377,1,0.00739303,0.227884,2296,1293,953,0.89,110.82,87.42,8.69,207.83,0.769927498,-0.079680174,0.566782114,0.282171496,-1.5653599,-0.7562042,1.5751407
seq-12/frame-000378,1,0.01011353,0.227194,1996,1053,789,0.87,90.47,75.36,8.31,175.01,0.766986404,-0.082139987,0.569574956,0.283847227,-1.5716795,-0.7592809,1.5727240
seq-12/frame-000379,1,0.00913865,0.392785,2853,1537,1140,0.97,102.26,120.47,9.43,233.13,0.760966206,-0.086472734,0.574550441,0.288694805,-1.5772624,-0.7649146,1.5717531
seq-12/frame-000380,1,0.00774711,0.315201,2970,1493,1118,0.98,129.14,112.84,12.35,255.31,0.758516469,-0.086333160,0.577134382,0.290026303,-1.5827794,-0.7678568,1.5728948
seq-12/frame-000381,1,0.00868567,0.268177,2942,1603,1179,0.95,123.00,118.02,7.84,249.82,0.756625250,-0.086460459,0.579136108,0.290936742,-1.5914696,-0.7708042,1.5731532
seq-12/frame-000382,1,0.00828702,0.299863,2397,1313,965,0.89,104.52,100.53,11.46,217.40,0.755130960,-0.086161926,0.579953945,0.293269123,-1.5968873,-0.7677863,1.5698445
seq-12/frame-000383,1,0.01267095,0.328595,1951,1062,762,0.86,83.47,64.74,13.46,162.56,0.751041191,-0.087283079,0.582191529,0.298951196,-1.6040853,-0.7732595,1.5676691
seq-12/frame-000384,1,0.00836462,0.367878,2670,1407,1030,1.38,111.85,98.19,12.46,223.87,0.743953444,-0.085320360,0.584997872,0.311498314,-1.6057515,-0.7768021,1.5658537
seq-12/frame-000385,1,0.00910348,0.300298,2654,1355,994,0.95,105.95,103.38,9.34,219.63,0.741838813,-0.083710263,0.586168857,0.314759971,-1.6147542,-0.7784077,1.5656913
seq-12/frame-000386,1,0.00906639,0.405272,2463,1270,922,0.91,91.70,96.57,8.49,197.67,0.740431544,-0.082469582,0.586674633,0.317447272,-1.6159984,-0.7739010,1.5619630
seq-12/frame-000387,1,0.01015907,0.309475,1944,979,694,0.91,96.91,78.79,8.49,185.10,0.736777275,-0.083815702,0.589853269,0.319698758,-1.6226834,-0.7793341,1.5602457
seq-12/frame-000388,1,0.00987121,0.323430,1895,869,588,0.87,82.65,82.38,19.18,185.09,0.732731518,-0.083873129,0.593357100,0.322485927,-1.6289575,-0.7792542,1.5591974
seq-12/frame-000389,1,0.00904001,0.395264,1793,914,650,0.85,87.85,72.77,6.48,167.95,0.727670063,-0.084192258,0.596571498,0.327887772,-1.6342740,-0.7831331,1.5586694
seq-12/frame-000390,1,0.00829723,0.426549,2683,1288,895,0.91,96.69,98.40,9.07,205.09,0.718556115,-0.086886598,0.602434834,0.336452225,-1.6401547,-0.7874926,1.5557722
seq-12/frame-000391,1,0.01013397,0.381707,3081,1492,1068,0.93,114.60,119.69,10.95,246.16,0.714909067,-0.087041091,0.604422669,0.340590826,-1.6454397,-0.7987218,1.5548025
seq-12/frame-000392,1,0.00992396,0.337629,1868,803,522,0.85,74.02,64.28,14.36,153.51,0.712424412,-0.084430265,0.606831046,0.342168189,-1.6500215,-0.7926775,1.5533304
seq-12/frame-000393,1,0.01118164,0.326406,1505,686,449,0.84,77.41,52.59,13.79,144.62,0.706060975,-0.085053628,0.612090492,0.345816439,-1.6565687,-0.7920410,1.5518989
seq-12/frame-000394,1,0.00925506,0.418770,1997,913,619,0.85,97.84,82.69,8.11,189.50,0.698504409,-0.084756965,0.615736704,0.354649346,-1.6601137,-0.7986495,1.5510658
seq-12/frame-000395,1,0.01227887,0.357023,2920,1317,919,0.91,111.01,130.59,10.90,253.43,0.693352747,-0.084598350,0.616559133,0.363262884,-1.6666655,-0.8146253,1.5517117
seq-12/frame-000396,1,0.00800961,0.445845,3311,1461,962,1.00,125.79,133.84,9.46,270.10,0.692647503,-0.082179767,0.615949027,0.366186726,-1.6640761,-0.8124606,1.5522844
seq-12/frame-000397,1,0.01059032,0.479750,3289,1462,1010,0.98,127.47,145.45,12.80,286.69,0.690618224,-0.080991417,0.618313390,0.366299620,-1.6696071,-0.8222249,1.5498656
seq-12/frame-000398,1,0.00890237,0.372148,3415,1378,919,1.00,116.22,159.70,7.36,284.28,0.690338358,-0.080392594,0.618963870,0.365860232,-1.6784834,-0.8242672,1.5531224
seq-12/frame-000399,1,0.00756999,0.344831,3171,1428,956,0.94,113.19,143.50,8.90,266.53,0.689193448,-0.080116773,0.619805406,0.366653723,-1.6802713,-0.8237742,1.5535116
seq-12/frame-000400,1,0.01032236,0.473454,2842,1281,873,0.93,113.53,146.84,19.06,280.36,0.686698230,-0.079346993,0.620995113,0.369478910,-1.6803990,-0.8276676,1.5477164
seq-12/frame-000401,1,0.00958888,0.493200,3036,1404,952,0.94,107.30,138.29,8.70,255.24,0.683431552,-0.078401766,0.623568522,0.371398404,-1.6801742,-0.8307955,1.5485669
seq-12/frame-000402,1,0.01198454,0.433123,3368,1390,940,1.00,110.83,166.88,12.36,291.07,0.681332078,-0.077838577,0.625276355,0.372501322,-1.6883367,-0.8405890,1.5489077
seq-12/frame-000403,1,0.00858436,0.397992,3486,1435,929,1.00,108.10,156.65,12.24,278.00,0.681515933,-0.076350360,0.625587658,0.371949913,-1.6921888,-0.8464759,1.5493779
seq-12/frame-000404,1,0.00748779,0.331191,3303,1369,921,0.90,107.93,153.12,10.75,272.69,0.680721171,-0.076630252,0.626387548,0.372001522,-1.6966852,-0.8460047,1.5495239
seq-12/frame-000405,1,0.01065085,0.385662,2969,1379,950,0.88,103.44,139.36,8.22,251.90,0.678853661,-0.077731680,0.625936739,0.375923784,-1.6996256,-0.8527607,1.5456754
seq-12/frame-000406,1,0.00842843,0.280821,3107,1394,924,0.87,98.46,115.01,8.43,222.77,0.676902507,-0.079072461,0.626029321,0.378995820,-1.7017616,-0.8562592,1.5482277
seq-12/frame-000407,1,0.01074927,0.353915,3405,1398,916,0.90,119.90,136.18,11.39,268.38,0.676130497,-0.080627459,0.624879529,0.381932373,-1.7013012,-0.8590373,1.5454396
seq-12/frame-000408,1,0.00996633,0.340053,3409,1435,960,1.01,117.91,143.54,8.17,270.63,0.675847755,-0.084276804,0.623377445,0.384093469,-1.7030135,-0.8660246,1.5458587
seq-12/frame-000409,1,0.00899511,0.391107,3438,1442,937,1.01,105.73,140.98,12.64,260.37,0.676203546,-0.086480059,0.622785250,0.383938141,-1.7008954,-0.8699992,1.5432041
seq-12/frame-000410,1,0.01123996,0.425475,3606,1442,918,1.03,121.70,141.77,9.16,273.66,0.675600517,-0.087764493,0.622419009,0.385299769,-1.7010104,-0.8759798,1.5396000
seq-12/frame-000411,1,0.01110674,0.409637,3526,1472,988,0.99,118.28,158.64,12.71,290.62,0.675104033,-0.088470230,0.621710459,0.387148121,-1.7014688,-0.8834629,1.5404832
seq-12/frame-000412,1,0.01251287,0.439989,3580,1513,1006,1.01,122.79,140.28,9.92,274.00,0.675696837,-0.088773826,0.619979351,0.388816920,-1.7004835,-0.8877702,1.5366307
seq-12/frame-000413,1,0.01029442,0.432307,3707,1573,1001,1.02,120.50,143.29,11.98,276.79,0.675601305,-0.087888688,0.619852282,0.389386189,-1.6997914,-0.8914540,1.5331012
seq-12/frame-000414,1,0.01948443,0.476319,2873,1313,882,0.92,109.28,94.14,12.53,216.87,0.674668349,-0.088417317,0.617385361,0.394766150,-1.7062595,-0.9109023,1.5304986
seq-12/frame-000415,1,0.01783850,0.349807,3191,1420,961,0.96,111.16,119.25,7.51,238.89,0.676951610,-0.089431644,0.614785818,0.394685819,-1.7096769,-0.9148040,1.5292336
seq-12/frame-000416,1,0.01032172,0.383927,3637,1512,968,1.04,119.75,168.30,9.83,298.91,0.678672892,-0.089805443,0.612554213,0.395114444,-1.7038977,-0.9120932,1.5268025
seq-12/frame-000417,1,0.00603553,0.279562,3601,1566,1038,0.95,113.14,146.55,19.68,280.33,0.679053602,-0.091078048,0.612570007,0.394143351,-1.7051205,-0.9120291,1.5266658
seq-12/frame-000418,1,0.00574155,0.263593,3273,1379,901,0.92,122.32,126.49,13.68,263.42,0.678718426,-0.093374864,0.612458483,0.394356488,-1.7063291,-0.9138207,1.5261023
seq-12/frame-000419,1,0.01452499,0.297204,3339,1473,1006,0.94,123.92,122.82,13.92,261.60,0.678940105,-0.097746282,0.610376921,0.396138880,-1.7095860,-0.9290342,1.5220619
seq-12/frame-000420,1,0.02001312,0.378034,3093,1325,884,0.93,124.12,124.38,9.19,258.63,0.681471470,-0.101144921,0.607215059,0.395798197,-1.7095991,-0.9378644,1.5172477
seq-12/frame-000421,1,0.00672414,0.176655,2953,1349,889,0.87,121.10,108.70,11.49,242.16,0.683615567,-0.102436764,0.605538379,0.394334551,-1.7084695,-0.9324235,1.5198033
seq-12/frame-000422,1,0.01213297,0.382787,3420,1489,1020,1.04,119.79,140.18,9.67,270.68,0.682715029,-0.105872364,0.601126349,0.401669447,-1.7030735,-0.9427440,1.5111105
seq-12/frame-000423,1,0.01098121,0.362285,3777,1577,1057,1.00,123.05,157.10,13.99,295.14,0.682951148,-0.104502928,0.599775715,0.403640877,-1.7022782,-0.9461246,1.5093236
seq-12/frame-000424,1,0.01168966,0.280050,3551,1587,1073,1.23,142.24,121.96,8.39,273.83,0.682831602,-0.103981093,0.598514265,0.405844316,-1.7075189,-0.9510149,1.5086214
seq-12/frame-000425,1,0.01101437,0.230727,3667,1590,1045,0.97,125.61,125.11,10.56,262.26,0.682381938,-0.103098607,0.596945488,0.409123027,-1.7074228,-0.9519194,1.5081719
seq-12/frame-000426,1,0.01023748,0.372042,3777,1593,1049,1.06,128.63,150.79,11.27,291.75,0.682788478,-0.102774298,0.594744672,0.411723344,-1.7020845,-0.9523538,1.5040792
seq-12/frame-000427,1,0.01250722,0.308598,3721,1616,1070,1.05,130.76,147.55,10.93,290.29,0.683045976,-0.103921066,0.594003203,0.412078634,-1.7043349,-0.9586453,1.5030181
seq-12/frame-000428,1,0.01132068,0.356655,3875,1643,1086,1.08,134.91,135.82,17.32,289.14,0.685121077,-0.105417737,0.591081572,0.412454586,-1.7014696,-0.9615058,1.4983951
seq-12/frame-000429,1,0.00949102,0.341397,3857,1661,1080,1.09,130.79,145.18,9.90,286.96,0.684583319,-0.106140327,0.591285756,0.412869307,-1.7004523,-0.9630948,1.4987726
seq-12/frame-000430,1,0.01242017,0.397316,3926,1611,1027,1.09,141.77,172.89,7.83,323.57,0.684293284,-0.107030291,0.590574519,0.414136398,-1.6993098,-0.9706053,1.4952645
seq-12/frame-000431,1,0.01294575,0.353418,3945,1613,1082,1.08,134.43,166.93,8.11,310.56,0.684382614,-0.107777133,0.590487317,0.413919384,-1.7015305,-0.9745936,1.4959751
seq-12/frame-000432,1,0.01043365,0.366107,3968,1640,1094,0.99,132.43,163.39,17.62,314.44,0.685258977,-0.108461880,0.589795032,0.413277117,-1.6970152,-0.9783259,1.4949357
seq-12/frame-000433,1,0.01265872,0.325498,3895,1654,1097,0.99,137.75,154.84,9.19,302.77,0.686538026,-0.108967560,0.589406024,0.411572774,-1.6983392,-0.9856765,1.4935195
seq-12/frame-000434,1,0.01059979,0.403294,3738,1675,1119,0.98,120.31,164.63,8.04,293.97,0.688279085,-0.107595472,0.588199007,0.410751803,-1.6944198,-0.9932694,1.4885171
seq-12/frame-000435,1,0.00914554,0.334327,3873,1685,1099,1.37,123.35,164.40,14.51,303.63,0.689017785,-0.106352464,0.588053496,0.410044792,-1.6956790,-0.9966354,1.4878032
seq-12/frame-000436,1,0.01008184,0.402112,3076,1156,719,0.86,119.91,134.45,9.73,264.95,0.689223032,-0.105176525,0.588154313,0.409858530,-1.6957378,-0.9996530,1.4821075
seq-12/frame-000437,1,0.01169382,0.427494,2994,1120,706,0.84,104.98,117.56,17.00,240.39,0.688311412,-0.103481211,0.590242086,0.408819421,-1.6952209,-1.0056062,1.4801509
seq-12/frame-000438,1,0.01398021,0.449578,3617,1455,939,0.91,118.36,143.54,13.34,276.15,0.688328608,-0.101801654,0.590984528,0.408138994,-1.6977207,-1.0143586,1.4776190
seq-12/frame-000439,1,0.02093195,0.700677,2888,1194,738,0.85,103.91,105.29,13.43,223.49,0.690979838,-0.098082895,0.589363211,0.406912293,-1.6921310,-1.0290357,1.4670465
seq-12/frame-000440,1,0.01217016,0.410898,3619,1478,961,0.93,125.99,135.92,8.07,270.91,0.692040081,-0.096065891,0.591270948,0.402803348,-1.6977138,-1.0285207,1.4724820
seq-12/frame-000441,1,0.00932932,0.440922,3300,1279,822,0.89,114.66,135.22,13.27,264.04,0.692099331,-0.093914125,0.592245405,0.401776098,-1.6968991,-1.0255344,1.4692162
seq-12/frame-000442,1,0.01085795,0.531995,2166,927,585,0.81,104.23,79.11,6.85,191.00,0.691409491,-0.092843507,0.593506892,0.401350928,-1.6927589,-1.0311087,1.4644450
seq-12/frame-000443,1,0.00845184,0.425008,2269,955,619,0.82,96.45,89.68,8.11,195.06,0.691101135,-0.091449404,0.596731319,0.397401512,-1.6940919,-1.0341791,1.4663780
seq-12/frame-000444,1,0.01363038,0.396068,3598,1436,939,1.01,121.43,130.01,17.83,270.28,0.690272502,-0.091590680,0.600027756,0.393829547,-1.7016883,-1.0539352,1.4625615
seq-12/frame-000445,1,0.01831589,0.465714,2487,1059,718,0.85,116.22,101.01,8.52,226.60,0.690828023,-0.091473726,0.599652223,0.393454458,-1.7017691,-1.0626182,1.4589914
seq-12/frame-000446,1,0.01436542,0.622106,1638,663,441,0.90,88.74,83.49,8.28,181.42,0.692648454,-0.089330941,0.599265028,0.391330460,-1.6929730,-1.0631432,1.4538183
seq-12/frame-000447,1,0.01507062,0.440069,3143,1290,850,0.96,114.69,125.41,10.10,251.15,0.693355565,-0.087775601,0.601615409,0.386797626,-1.6998023,-1.0711153,1.4576941
seq-12/frame-000448,1,0.01327029,0.459062,2947,1124,702,0.89,113.94,121.22,15.12,251.17,0.694665919,-0.084708924,0.600666134,0.386605554,-1.6971615,-1.0769281,1.4519091
seq-12/frame-000449,1,0.01653320,0.608593,2355,869,578,0.85,89.66,89.26,6.12,185.89,0.694247963,-0.081630674,0.600930238,0.387606822,-1.6946604,-1.0820099,1.4468071
seq-12/frame-000450,1,0.02003584,0.527486,2675,1158,785,0.86,105.76,109.23,17.43,233.29,0.694601646,-0.079496750,0.601756790,0.386131565,-1.6980135,-1.0932344,1.4447606
seq-12/frame-000451,1,0.02061196,0.594877,1918,905,641,0.81,89.92,85.65,10.47,186.85,0.696164889,-0.077595355,0.601198084,0.384570243,-1.6979804,-1.0995928,1.4433694
seq-12/frame-000452,1,0.01142659,0.412489,1295,513,343,0.81,79.49,45.94,10.52,136.77,0.701583921,-0.071811117,0.600696715,0.376545643,-1.6862116,-1.1073094,1.4422631
seq-12/frame-000453,1,0.01327769,0.408524,2873,1167,799,0.89,111.30,123.36,15.05,250.60,0.703358289,-0.067526815,0.602000948,0.371916798,-1.6927419,-1.1020382,1.4392530
seq-12/frame-000454,1,0.01325218,0.438837,3288,1386,962,0.93,118.95,145.42,9.72,275.03,0.703580111,-0.066043657,0.602422747,0.371079637,-1.6929726,-1.1062433,1.4389771
seq-12/frame-000455,1,0.01382184,0.342492,3186,1379,987,0.96,114.43,131.91,11.07,258.37,0.705498501,-0.065008784,0.602576422,0.367351847,-1.6930068,-1.1142338,1.4366512
seq-12/frame-000456,1,0.01198806,0.319182,2900,1282,899,0.95,113.41,112.40,12.64,239.42,0.707431510,-0.064982282,0.601475097,0.365439008,-1.6900061,-1.1169181,1.4373203
seq-12/frame-000457,1,0.01137567,0.292511,2678,1439,1102,0.96,106.04,110.39,8.34,225.74,0.709905323,-0.065157779,0.599668101,0.363575391,-1.6874055,-1.1199389,1.4380249
seq-12/frame-000458,1,0.01389005,0.425311,2967,1375,995,1.00,115.42,133.95,12.13,262.51,0.714415556,-0.064278224,0.595278138,0.362108632,-1.6807934,-1.1220503,1.4315012
seq-12/frame-000459,1,0.01101888,0.315041,2984,1379,985,1.01,106.73,133.23,10.44,251.42,0.716033047,-0.064742017,0.594018367,0.360897943,-1.6784990,-1.1226186,1.4331876
seq-12/frame-000460,1,0.01272127,0.341131,3105,1416,1046,1.00,115.45,125.30,8.35,250.10,0.717373295,-0.065401727,0.591980720,0.361465071,-1.6761497,-1.1246240,1.4305460
seq-12/frame-000461,1,0.01109843,0.296875,3308,1530,1094,1.02,108.27,125.97,10.06,245.32,0.721100021,-0.066781447,0.588420645,0.359605536,-1.6650612,-1.1246288,1.4253320
seq-12/frame-000462,1,0.01580002,0.420985,2667,1284,951,0.92,113.36,120.47,11.29,246.03,0.721989146,-0.068027014,0.586127479,0.361328904,-1.6622667,-1.1310432,1.4242295
seq-12/frame-000463,1,0.01347183,0.372662,2725,1287,958,0.96,108.19,112.53,7.35,229.03,0.725131729,-0.068350994,0.581890504,0.361822550,-1.6533880,-1.1270615,1.4190946
seq-12/frame-000464,1,0.01617478,0.416100,2819,1346,1026,0.94,111.59,138.60,14.10,265.24,0.729992995,-0.068810739,0.575691407,0.361876656,-1.6456622,-1.1257010,1.4108311
seq-12/frame-000465,1,0.01251173,0.322460,3060,1500,1103,1.00,119.18,113.95,8.29,242.43,0.732113704,-0.069563985,0.572886497,0.361899762,-1.6366175,-1.1212971,1.4100943
seq-12/frame-000466,1,0.01105045,0.277892,3186,1477,1097,1.07,101.34,136.86,21.66,260.93,0.734131025,-0.069523333,0.570821967,0.361082300,-1.6299193,-1.1147770,1.4051697
seq-12/frame-000467,1,0.01292689,0.331957,3328,1563,1175,0.98,135.08,132.66,9.88,278.61,0.736096799,-0.070929450,0.567429910,0.362151643,-1.6208481,-1.1076360,1.3946941
seq-12/frame-000468,1,0.01125784,0.253351,3181,1575,1180,1.01,140.22,131.54,7.61,280.38,0.737241335,-0.072035270,0.565855609,0.362068450,-1.6115772,-1.1015239,1.3911353
seq-12/frame-000469,1,0.01117264,0.290816,3168,1544,1165,0.98,123.96,130.09,14.64,269.68,0.738807325,-0.073073089,0.565074437,0.359881842,-1.6026253,-1.0974441,1.3844298
seq-12/frame-000470,1,0.01326500,0.363276,3164,1560,1174,0.94,161.10,125.16,10.47,297.68,0.742185332,-0.075888829,0.561658071,0.357689850,-1.5938363,-1.0891962,1.3757061
seq-12/frame-000471,1,0.01199416,0.334698,3064,1540,1133,0.95,129.33,120.08,8.85,259.21,0.744199966,-0.077777100,0.559001664,0.357259392,-1.5868717,-1.0824300,1.3731453
seq-12/frame-000472,1,0.01101458,0.309062,2981,1489,1142,0.95,100.64,134.42,12.86,248.88,0.747201993,-0.080726386,0.555490580,0.355812658,-1.5793763,-1.0778357,1.3684250
seq-12/frame-000473,1,0.01035473,0.346988,3384,1659,1271,1.05,113.00,164.66,10.18,288.89,0.751601138,-0.084574944,0.550366853,0.353608732,-1.5594255,-1.0641428,1.3557980
seq-12/frame-000474,1,0.01120788,0.290294,3385,1733,1355,1.05,121.74,151.58,9.41,283.79,0.752703996,-0.085681721,0.549087435,0.352984882,-1.5548392,-1.0622810,1.3514036
seq-12/frame-000475,1,0.01058973,0.286566,3050,1640,1306,0.99,116.81,131.07,8.72,257.60,0.755192072,-0.086643166,0.546371268,0.351648025,-1.5465140,-1.0559553,1.3468464
seq-12/frame-000476,1,0.00991894,0.258200,3159,1619,1252,1.00,110.31,133.48,8.72,253.52,0.758460642,-0.087968995,0.543310562,0.349016537,-1.5395823,-1.0496965,1.3407134
seq-12/frame-000477,1,0.01063195,0.255788,3166,1658,1317,1.00,114.54,121.11,9.26,245.92,0.763846553,-0.089673437,0.537963350,0.345097887,-1.5260772,-1.0366368,1.3297975
seq-12/frame-000478,1,0.01143053,0.297567,2872,1565,1264,1.70,116.12,122.51,13.32,253.66,0.766446853,-0.091045036,0.535751426,0.342403903,-1.5159595,-1.0301657,1.3229007
seq-12/frame-000479,1,0.00946004,0.277115,3150,1665,1343,0.99,116.84,122.53,9.42,249.79,0.769257165,-0.091844911,0.534531880,0.337762633,-1.5090411,-1.0229410,1.3190042
seq-12/frame-000480,1,0.00970155,0.312008,2460,1494,1219,0.91,91.11,109.25,17.14,218.41,0.773980032,-0.095250600,0.529148003,0.334491590,-1.4962790,-1.0142393,1.3116523
seq-12/frame-000481,1,0.00781621,0.316767,1917,1193,958,0.88,85.71,76.04,10.65,173.28,0.779255237,-0.095221594,0.522752182,0.332301489,-1.4832054,-1.0098335,1.3080648
seq-12/frame-000482,1,0.00803377,0.223611,2397,1495,1203,0.92,103.70,96.63,8.24,209.49,0.785788652,-0.094240491,0.516980813,0.326168306,-1.4767607,-1.0001221,1.3018056
seq-12/frame-000483,1,0.00943324,0.257865,2489,1565,1269,0.94,95.09,103.35,13.05,212.43,0.790421092,-0.094420060,0.512845240,0.321417344,-1.4690876,-0.9939082,1.2959118
seq-12/frame-000484,1,0.00646376,0.275934,2046,1354,1106,0.88,94.86,91.08,14.90,201.72,0.800952908,-0.093298145,0.503414770,0.310392435,-1.4517641,-0.9798917,1.2892629
seq-12/frame-000485,1,0.00823766,0.305041,2211,1456,1179,0.89,109.43,94.32,8.27,212.90,0.807171764,-0.092305366,0.496651386,0.305435530,-1.4452106,-0.9718764,1.2836534
seq-12/frame-000486,1,0.00826182,0.336926,2315,1560,1278,0.91,101.00,85.72,18.89,206.52,0.813016731,-0.091595456,0.489710815,0.301326046,-1.4354489,-0.9630455,1.2770434
seq-12/frame-000487,1,0.00788373,0.273070,2347,1564,1281,1.25,98.06,77.31,9.08,185.70,0.818286002,-0.091367167,0.484369847,0.295712550,-1.4287373,-0.9568233,1.2731634
seq-12/frame-000488,1,0.00795554,0.230556,2612,1732,1438,0.93,109.93,107.69,8.40,226.95,0.823531875,-0.091019415,0.479327850,0.289405475,-1.4226619,-0.9470775,1.2680091
seq-12/frame-000489,1,0.00721734,0.226927,3136,1836,1492,0.97,138.67,126.23,9.87,275.74,0.831409516,-0.093057091,0.471145742,0.279500062,-1.4096090,-0.9262918,1.2559276
seq-12/frame-000490,1,0.00702989,0.198446,3346,2069,1731,1.02,140.24,139.41,8.40,289.07,0.834209819,-0.094891099,0.468394077,0.275130234,-1.4011103,-0.9162713,1.2504034
seq-12/frame-000491,1,0.00732942,0.189883,2300,1509,1258,0.87,113.48,78.15,9.30,201.81,0.836079716,-0.096149153,0.466595935,0.272055659,-1.3975963,-0.9036548,1.2511756
seq-12/frame-000492,1,0.00951959,0.271383,2405,1586,1322,0.90,95.27,93.17,8.67,198.01,0.839687550,-0.102698796,0.459773576,0.270159276,-1.3862944,-0.9073557,1.2478424
seq-12/frame-000493,1,0.00641383,0.118186,2392,1624,1345,0.92,92.78,106.02,12.95,212.67,0.844034243,-0.103024645,0.453350564,0.267330105,-1.3722047,-0.9022695,1.2430262
seq-12/frame-000494,1,0.00835137,0.158360,2515,1735,1461,0.93,118.28,94.76,12.17,226.14,0.848468175,-0.102313716,0.448299519,0.262032822,-1.3653061,-0.8972985,1.2365676
seq-12/frame-000495,1,0.00883562,0.153246,2686,1804,1489,0.97,104.07,99.73,10.75,215.52,0.853268248,-0.101934027,0.442618054,0.256187451,-1.3573280,-0.8886667,1.2298495
seq-12/frame-000496,1,0.00902324,0.168492,2897,1877,1589,0.95,109.65,112.71,9.21,232.52,0.861643222,-0.102021817,0.432765106,0.244697508,-1.3427118,-0.8741262,1.2196815
seq-12/frame-000497,1,0.00707990,0.180935,2577,1779,1470,0.92,103.17,113.39,14.58,232.07,0.865824747,-0.101752826,0.427044156,0.240056575,-1.3345832,-0.8658217,1.2163741
seq-12/frame-000498,1,0.00817600,0.203308,2354,1562,1297,0.91,112.40,83.70,7.52,204.52,0.870334757,-0.101413876,0.419917430,0.236436013,-1.3264321,-0.8616406,1.2094044
seq-12/frame-000499,1,0.00907328,0.225447,2242,1500,1232,0.90,90.85,78.79,13.29,183.84,0.875497694,-0.100066065,0.412134008,0.231594753,-1.3169800,-0.8556904,1.2022694
seq-12/frame-000500,1,0.00769835,0.186768,2574,1699,1409,0.94,100.57,108.61,8.45,218.57,0.880434484,-0.098267980,0.405050188,0.226081555,-1.3105810,-0.8469290,1.1945555
seq-12/frame-000501,1,0.00738279,0.182304,2845,1812,1501,0.97,103.45,112.95,13.03,230.40,0.884340064,-0.097137078,0.398994174,0.222060102,-1.3038644,-0.8361548,1.1859683
seq-12/frame-000502,1,0.00671575,0.079042,2735,1822,1526,0.96,113.24,107.96,12.16,234.32,0.892779984,-0.097864475,0.386519200,0.209688706,-1.2893740,-0.8251854,1.1689936
seq-12/frame-000503,1,0.00504091,0.112576,3140,2002,1704,1.01,114.47,117.26,14.63,247.37,0.896176322,-0.098141162,0.381273261,0.204614301,-1.2822216,-0.8160111,1.1598487
seq-12/frame-000504,1,0.00710567,0.103725,2693,1854,1581,0.97,105.68,101.66,14.44,222.75,0.898752644,-0.098519461,0.376812194,0.201370729,-1.2739089,-0.8153393,1.1528237
seq-12/frame-000505,1,0.00744767,0.113479,2508,1703,1447,1.37,107.35,88.82,8.27,205.81,0.902682890,-0.096596292,0.371051981,0.195328402,-1.2676852,-0.8099125,1.1447295
seq-12/frame-000506,1,0.00656418,0.118457,2862,1873,1559,2.04,117.00,102.89,9.77,231.71,0.906698094,-0.094215460,0.365014849,0.189172340,-1.2637966,-0.7983018,1.1343720
seq-12/frame-000507,1,0.00700637,0.105516,2654,1772,1516,0.97,119.77,99.66,15.25,235.66,0.910001789,-0.094472762,0.359006092,0.184624664,-1.2572626,-0.7958157,1.1251766
seq-12/frame-000508,1,0.00792993,0.201489,2249,1516,1292,0.92,102.00,95.39,10.17,208.48,0.914182452,-0.093069487,0.351649257,0.178749308,-1.2482477,-0.7923022,1.1167311
seq-12/frame-000509,1,0.00789368,0.172194,2417,1585,1337,0.92,99.30,99.01,14.64,213.88,0.918544461,-0.089452454,0.344426631,0.172176154,-1.2440076,-0.7828021,1.1059528
seq-12/frame-000510,1,0.00644904,0.199366,2402,1527,1264,0.94,100.38,104.75,11.99,218.07,0.922749436,-0.087130426,0.336435958,0.166591156,-1.2349411,-0.7752927,1.0937050
seq-12/frame-000511,1,0.00849119,0.239851,2368,1502,1265,0.92,96.33,90.90,12.10,200.24,0.926584408,-0.083962445,0.330038130,0.159582192,-1.2303066,-0.7681511,1.0847308
seq-12/frame-000512,1,0.00994434,0.290463,1976,1263,1063,0.90,78.86,78.04,10.79,168.58,0.934113302,-0.074937191,0.315653802,0.148927611,-1.2255381,-0.7435425,1.0678448
seq-12/frame-000513,1,0.00762804,0.260719,2190,1406,1183,0.93,92.36,84.61,7.09,184.99,0.937728806,-0.070462713,0.306746505,0.146990730,-1.2203624,-0.7310990,1.0542256
seq-12/frame-000514,1,0.00524696,0.121805,2830,1815,1517,0.97,111.83,104.50,21.12,238.43,0.941151128,-0.068809999,0.297580407,0.144726084,-1.2121515,-0.7252315,1.0360455
seq-12/frame-000515,1,0.00523566,0.132104,2946,1916,1621,0.97,107.86,117.28,9.53,235.64,0.943625531,-0.064885707,0.291710981,0.142356613,-1.2065359,-0.7105184,1.0230575
seq-12/frame-000516,1,0.00856875,0.235408,2301,1529,1272,0.94,102.83,101.07,8.11,212.96,0.945770859,-0.062171052,0.285545389,0.141831144,-1.2021597,-0.6969996,1.0092464
seq-12/frame-000517,1,0.00750693,0.216288,2360,1556,1336,0.92,103.12,99.03,11.63,214.70,0.948063558,-0.061374534,0.278042257,0.141778560,-1.1946121,-0.6856045,0.9938060
seq-12/frame-000518,1,0.00684626,0.141931,2528,1690,1439,0.95,103.94,86.13,10.40,201.42,0.950092071,-0.061897629,0.271620793,0.140413265,-1.1883520,-0.6762810,0.9806128
seq-12/frame-000519,1,0.00638316,0.130405,2647,1704,1451,0.95,111.22,108.96,8.32,229.47,0.952410111,-0.061762158,0.264518461,0.138312690,-1.1798390,-0.6671685,0.9664817
seq-12/frame-000520,1,0.00674100,0.159778,2379,1516,1311,0.92,95.59,92.39,8.78,197.68,0.954876908,-0.061522958,0.257667131,0.134285764,-1.1736590,-0.6553379,0.9503906
seq-12/frame-000521,1,0.00684170,0.127434,1913,1215,1032,0.86,89.86,75.44,9.85,176.01,0.956874992,-0.061743574,0.251552535,0.131526817,-1.1686318,-0.6397341,0.9326091
seq-12/frame-000522,1,0.00950826,0.231999,1845,1193,1020,0.84,88.94,86.15,11.84,187.78,0.958282186,-0.065694298,0.245746415,0.130338827,-1.1624381,-0.6321265,0.9179149
seq-12/frame-000523,1,0.00833256,0.237792,2004,1298,1106,0.86,78.21,90.53,10.15,179.76,0.959855284,-0.068898822,0.239219841,0.129246482,-1.1530248,-0.6224069,0.9022610
seq-12/frame-000524,1,0.00868319,0.220699,2293,1496,1300,0.89,113.77,80.88,14.68,210.22,0.961234788,-0.072081281,0.233421807,0.127852378,-1.1461380,-0.6169867,0.8866304
seq-12/frame-000525,1,0.00986448,0.251547,2378,1495,1270,0.95,101.11,85.41,10.89,198.37,0.962584526,-0.074662552,0.227809260,0.126330815,-1.1397456,-0.6112970,0.8723585
seq-12/frame-000526,1,0.00557378,0.132504,2530,1602,1356,0.91,99.33,94.76,11.06,206.05,0.964255316,-0.076120645,0.221681147,0.123591270,-1.1312841,-0.6014045,0.8571651
seq-12/frame-000527,1,0.00676315,0.116060,2546,1583,1342,0.90,100.95,112.84,8.00,222.68,0.965456501,-0.077962538,0.217179920,0.121030861,-1.1258662,-0.5931533,0.8403335
seq-12/frame-000528,1,0.00939058,0.199579,2391,1484,1296,0.89,105.38,83.19,9.13,198.59,0.966490840,-0.080040345,0.212402858,0.119891720,-1.1204890,-0.5864166,0.8281957
seq-12/frame-000529,1,0.00827631,0.154303,2433,1530,1333,0.92,116.20,95.20,10.73,223.05,0.967909714,-0.082413353,0.206266774,0.117528053,-1.1133354,-0.5818270,0.8151543
seq-12/frame-000530,1,0.00700616,0.163356,2452,1556,1336,1.28,98.35,106.94,11.57,218.15,0.969746635,-0.083585710,0.199676986,0.112845003,-1.1044710,-0.5734239,0.8002464
seq-12/frame-000531,1,0.00590323,0.104488,2537,1641,1429,0.95,99.89,87.58,9.25,197.68,0.971242026,-0.085649066,0.194777969,0.106839635,-1.0960704,-0.5682132,0.7864893
seq-12/frame-000532,1,0.00551446,0.093217,2876,1770,1538,0.97,111.44,111.94,7.47,231.82,0.972517206,-0.086688540,0.190881942,0.101289020,-1.0892235,-0.5631152,0.7734132
seq-12/frame-000533,1,0.00558277,0.094210,2875,1831,1584,0.97,102.84,105.43,7.94,217.18,0.973500225,-0.086000585,0.187798925,0.098146702,-1.0850238,-0.5553644,0.7642895
seq-12/frame-000534,1,0.00676339,0.133046,2285,1459,1263,0.94,106.14,99.77,9.11,215.97,0.974978811,-0.084993445,0.182131426,0.094976711,-1.0794029,-0.5475828,0.7535765
seq-12/frame-000535,1,0.00454895,0.086916,2702,1737,1491,1.35,114.52,101.05,9.97,226.90,0.976468504,-0.085171041,0.175390597,0.092159059,-1.0701359,-0.5426518,0.7393317
seq-12/frame-000536,1,0.00431610,0.042201,2861,1888,1658,1.10,123.42,109.81,12.32,246.65,0.977589807,-0.084729373,0.170775868,0.089301205,-1.0590723,-0.5363139,0.7273990
seq-12/frame-000537,1,0.00433897,0.061712,3003,1918,1685,0.99,117.54,112.97,10.28,241.78,0.978561760,-0.083934764,0.167373887,0.085777729,-1.0509731,-0.5300963,0.7160153
seq-12/frame-000538,1,0.00415269,0.062183,2873,1835,1598,0.98,113.66,121.49,13.84,249.97,0.979578105,-0.083049237,0.163431684,0.082581138,-1.0436330,-0.5224121,0.7060716
seq-12/frame-000539,1,0.00478434,0.096429,2908,1714,1488,1.00,107.18,121.15,9.51,238.84,0.980641863,-0.082294520,0.158692870,0.079910715,-1.0335407,-0.5164604,0.6955533
seq-12/frame-000540,1,0.00442532,0.075866,2895,1740,1521,0.98,119.58,102.05,10.33,232.94,0.981590526,-0.080807649,0.154940913,0.077093943,-1.0261891,-0.5089397,0.6865277
seq-12/frame-000541,1,0.00449922,0.087968,2754,1714,1484,0.94,104.42,111.47,7.99,224.82,0.982524393,-0.079335735,0.150638641,0.075230705,-1.0166532,-0.4973454,0.6753375
seq-12/frame-000542,1,0.00484051,0.063933,2468,1460,1249,0.90,100.01,98.37,14.25,213.54,0.983134352,-0.080291804,0.146693434,0.074034513,-1.0079348,-0.4893342,0.6652082
seq-12/frame-000543,1,0.00477650,0.101138,2286,1393,1195,0.89,95.46,103.39,13.51,213.25,0.983699990,-0.082086337,0.142087964,0.073533492,-0.9945185,-0.4812665,0.6573520
seq-12/frame-000544,1,0.00507048,0.046025,2456,1385,1186,0.90,97.84,82.10,9.00,189.84,0.984063689,-0.085030626,0.138310866,0.072515884,-0.9833009,-0.4762036,0.6502009
seq-12/frame-000545,1,0.00493534,0.101948,2774,1722,1506,0.96,106.51,102.94,11.87,222.28,0.984469832,-0.087004323,0.134616845,0.071607976,-0.9688439,-0.4732325,0.6446524
seq-12/frame-000546,1,0.00469328,0.098498,2795,1666,1454,0.97,108.87,120.53,10.61,240.97,0.985020584,-0.086630462,0.132051295,0.069224761,-0.9578156,-0.4673491,0.6375861
seq-12/frame-000547,1,0.00360836,0.068571,2774,1625,1402,1.34,112.46,113.04,11.08,237.92,0.985576621,-0.086449135,0.129383036,0.066522938,-0.9466120,-0.4612954,0.6313648
seq-12/frame-000548,1,0.00471987,0.116532,2915,1756,1553,0.98,120.11,124.44,7.47,253.01,0.986223510,-0.085878812,0.126202436,0.063725683,-0.9355554,-0.4552395,0.6247919
seq-12/frame-000549,1,0.00471302,0.111052,2915,1756,1553,0.95,115.97,124.66,9.87,251.45,0.986223510,-0.085878812,0.126202436,0.063725683,-0.9355554,-0.4552395,0.6247919
seq-12/frame-000550,1,0.00437096,0.107542,2624,1505,1301,0.93,109.92,101.76,7.55,220.16,0.986927552,-0.085110201,0.122051957,0.061915921,-0.9265940,-0.4474134,0.6183236
seq-12/frame-000551,1,0.00379080,0.057608,2062,1210,1057,0.87,91.26,99.14,15.50,206.77,0.987658600,-0.085143210,0.116826677,0.060271478,-0.9121804,-0.4350636,0.6099861
seq-12/frame-000552,1,0.00455105,0.094532,2290,1373,1196,0.92,98.43,98.85,7.83,206.03,0.987849140,-0.089140397,0.112919032,0.058799307,-0.8941534,-0.4338638,0.6037259
seq-12/frame-000553,1,0.00484036,0.081876,2597,1614,1417,0.95,97.92,118.84,9.02,226.73,0.988081556,-0.091182058,0.111133606,0.055045366,-0.8826483,-0.4333960,0.5987396
seq-12/frame-000554,1,0.00489610,0.081242,2597,1614,1417,0.96,98.64,101.41,11.57,212.59,0.988081556,-0.091182058,0.111133606,0.055045366,-0.8826483,-0.4333960,0.5987396
seq-12/frame-000555,1,0.00441118,0.086752,2874,1708,1467,0.97,104.29,118.14,7.71,231.11,0.988476862,-0.091171631,0.108971241,0.052215854,-0.8752909,-0.4293520,0.5942950
seq-12/frame-000556,1,0.00429924,0.050666,2434,1587,1380,1.40,92.64,92.59,7.26,193.89,0.989215761,-0.090931206,0.103799479,0.049085255,-0.8642162,-0.4224435,0.5885727
seq-12/frame-000557,1,0.00450576,0.053834,2519,1587,1405,0.94,105.16,102.93,7.01,216.04,0.989864724,-0.092130069,0.097823370,0.045939814,-0.8470543,-0.4212665,0.5807100
seq-12/frame-000558,1,0.00447484,0.055019,2519,1587,1405,0.95,99.32,97.76,8.07,206.10,0.989864724,-0.092130069,0.097823370,0.045939814,-0.8470543,-0.4212665,0.5807100
seq-12/frame-000559,1,0.00448306,0.055829,2653,1542,1342,0.94,108.52,111.03,7.74,228.23,0.990406190,-0.091667236,0.094111387,0.042845576,-0.8336309,-0.4195323,0.5746070
seq-12/frame-000560,1,0.00447109,0.058259,2591,1652,1469,0.95,109.52,104.13,7.44,222.05,0.991025160,-0.089588418,0.091071656,0.039357353,-0.8224001,-0.4124431,0.5667238
seq-12/frame-000561,1,0.00443825,0.114621,2586,1692,1498,0.95,108.07,113.02,17.84,239.89,0.991514366,-0.088597100,0.087677865,0.036910813,-0.8088908,-0.4041230,0.5589597
seq-12/frame-000562,1,0.00439076,0.119716,2586,1692,1498,0.91,101.12,106.27,15.08,223.38,0.991514366,-0.088597100,0.087677865,0.036910813,-0.8088908,-0.4041230,0.5589597
seq-12/frame-000563,1,0.00389751,0.077405,2836,1790,1552,0.98,114.41,109.90,13.17,238.46,0.991727419,-0.089977636,0.085004062,0.033986193,-0.8003083,-0.4037247,0.5546471
seq-12/frame-000564,1,0.00426134,0.105904,2752,1680,1450,0.95,104.66,103.69,9.37,218.68,0.992235933,-0.089349402,0.080569741,0.031512778,-0.7893508,-0.4025454,0.5482523
seq-12/frame-000565,1,0.00467067,0.067340,2879,1741,1510,0.98,116.51,102.66,7.90,228.06,0.992802880,-0.087647633,0.075974866,0.029801919,-0.7778002,-0.3982572,0.5392598
seq-12/frame-000566,1,0.00467052,0.066356,2879,1741,1510,0.95,107.09,105.65,10.83,224.52,0.992802880,-0.087647633,0.075974866,0.029801919,-0.7778002,-0.3982572,0.5392598
seq-12/frame-000567,1,0.00400141,0.082552,2826,1745,1529,0.94,119.34,109.51,12.13,241.94,0.993208099,-0.087098720,0.071742853,0.028362783,-0.7666860,-0.3970981,0.5337416
seq-12/frame-000568,1,0.00676044,0.029808,2650,1696,1464,0.94,110.91,114.81,11.40,238.06,0.993773839,-0.085105520,0.067073775,0.025917474,-0.7521989,-0.3946678,0.5237798
seq-12/frame-000569,1,0.00443744,0.069255,2963,1946,1706,0.97,117.76,112.94,8.79,240.46,0.994266878,-0.082640105,0.063534857,0.023818259,-0.7387796,-0.3878690,0.5173542
seq-12/frame-000570,1,0.00445173,0.069429,2963,1946,1706,0.97,113.14,114.79,11.60,240.50,0.994266878,-0.082640105,0.063534857,0.023818259,-0.7387796,-0.3878690,0.5173542
seq-12/frame-000571,1,0.00435471,0.076497,2957,1949,1728,0.95,115.81,113.79,15.62,246.18,0.994638044,-0.081336431,0.060057584,0.021740138,-0.7282916,-0.3849997,0.5100548
seq-12/frame-000572,1,0.00594909,0.030450,2848,1751,1541,0.96,106.01,113.49,9.46,229.92,0.995080631,-0.079561932,0.055604333,0.019814031,-0.7171223,-0.3807587,0.5014829
seq-12/frame-000573,1,0.00522811,0.065214,2891,1839,1620,0.97,108.45,112.61,13.92,235.95,0.995535124,-0.077409398,0.050507911,0.019145590,-0.7023394,-0.3722112,0.4952965
seq-12/frame-000574,1,0.00522206,0.068181,2891,1839,1620,0.97,103.63,116.30,9.60,230.50,0.995535124,-0.077409398,0.050507911,0.019145590,-0.7023394,-0.3722112,0.4952965
seq-12/frame-000575,1,0.00467212,0.059368,2887,1816,1616,0.96,113.07,119.17,9.50,242.69,0.995814240,-0.076566022,0.046279801,0.018703595,-0.6900063,-0.3666434,0.4884850
seq-12/frame-000576,1,0.00396417,0.063187,2645,1734,1554,0.94,105.20,100.69,8.11,214.95,0.996104775,-0.076129798,0.041143702,0.016932994,-0.6751799,-0.3616215,0.4813386
seq-12/frame-000577,1,0.00680990,0.011081,2538,1693,1520,0.92,107.12,98.80,8.58,215.43,0.996317218,-0.076184881,0.036522020,0.014628975,-0.6596553,-0.3559221,0.4722325
seq-12/frame-000578,1,0.00686362,0.011399,2538,1693,1520,0.88,113.60,90.19,9.83,214.51,0.996317218,-0.076184881,0.036522020,0.014628975,-0.6596553,-0.3559221,0.4722325
seq-12/frame-000579,1,0.00452889,0.039418,2689,1788,1593,0.94,109.41,108.54,8.26,227.16,0.996431313,-0.076780897,0.032882051,0.012169722,-0.6438544,-0.3511385,0.4675955
seq-12/frame-000580,1,0.00550624,0.042734,2648,1704,1525,0.95,106.26,115.85,8.16,231.22,0.996578987,-0.076514101,0.029622697,0.009920253,-0.6287933,-0.3467405,0.4602576
seq-12/frame-000581,1,0.00459944,0.042397,2804,1804,1613,0.95,102.09,110.60,11.71,225.35,0.996731641,-0.075774102,0.026756577,0.008270796,-0.6158979,-0.3407954,0.4538608
seq-12/frame-000582,1,0.00460161,0.041608,2804,1804,1613,0.95,111.55,114.18,8.29,234.97,0.996731641,-0.075774102,0.026756577,0.008270796,-0.6158979,-0.3407954,0.4538608
seq-12/frame-000583,1,0.00785576,0.063177,2270,1658,1496,0.89,103.91,92.45,9.98,207.23,0.996829958,-0.075907250,0.022623974,0.007502054,-0.6058971,-0.3348411,0.4442420
seq-12/frame-000584,1,0.00527004,0.033879,2021,1518,1347,0.86,76.91,78.86,10.46,167.09,0.996916759,-0.076432710,0.016374746,0.006847259,-0.5906871,-0.3262772,0.4394673
seq-12/frame-000585,1,0.01015349,0.084378,1907,1255,1111,0.84,78.71,72.66,10.27,162.47,0.996795718,-0.079143027,0.010345146,0.005258956,-0.5740531,-0.3212346,0.4290566
seq-12/frame-000586,1,0.01029443,0.086612,1907,1255,1111,0.83,93.62,61.90,8.65,165.00,0.996795718,-0.079143027,0.010345146,0.005258956,-0.5740531,-0.3212346,0.4290566
seq-12/frame-000587,1,0.00839529,0.072777,2030,1306,1143,0.86,92.55,72.85,10.24,176.50,0.996542097,-0.082857647,0.005661461,0.002531127,-0.5580937,-0.3175334,0.4239040
seq-12/frame-000588,1,0.00398912,0.041623,2274,1528,1352,0.87,98.21,92.22,7.79,199.08,0.996275919,-0.086205900,0.000610134,-0.001569863,-0.5438823,-0.3165405,0.4187693
seq-12/frame-000589,1,0.00733442,0.041756,2330,1656,1499,0.89,104.10,85.36,8.21,198.55,0.996131481,-0.087645707,-0.004785292,-0.004171823,-0.5259058,-0.3130021,0.4118007
seq-12/frame-000590,1,0.00730776,0.043005,2330,1656,1499,1.21,103.04,92.28,8.94,205.48,0.996131481,-0.087645707,-0.004785292,-0.004171823,-0.5259058,-0.3130021,0.4118007
seq-12/frame-000591,1,0.00967327,0.040467,2168,1437,1289,0.87,92.19,93.67,10.99,197.73,0.995979450,-0.088916661,-0.008678605,-0.006591268,-0.5104797,-0.3078220,0.4033813
seq-12/frame-000592,1,0.00875598,0.115760,2158,1357,1190,0.87,96.28,86.62,11.24,195.01,0.995691680,-0.091402900,-0.012663500,-0.009122674,-0.4939177,-0.3045018,0.3984415
seq-12/frame-000593,1,0.00699966,0.105506,2359,1521,1338,0.89,106.38,86.84,7.46,201.57,0.995397507,-0.093754084,-0.016232483,-0.011422829,-0.4796929,-0.3020790,0.3944160
seq-12/frame-000594,1,0.00708323,0.106309,2359,1521,1338,0.88,100.19,103.57,12.75,217.39,0.995397507,-0.093754084,-0.016232483,-0.011422829,-0.4796929,-0.3020790,0.3944160
seq-12/frame-000595,1,0.00744239,0.070766,2236,1425,1266,0.87,88.35,89.88,9.11,188.22,0.995124522,-0.095578934,-0.020120327,-0.013675719,-0.4656492,-0.2992550,0.3882877
seq-12/frame-000596,1,0.00609668,0.026665,2279,1599,1409,0.91,92.87,99.67,10.07,203.53,0.994926262,-0.096423288,-0.023878340,-0.015940756,-0.4492273,-0.2958529,0.3874907
seq-12/frame-000597,1,0.00505961,0.064860,1705,1226,1087,0.86,75.34,68.86,7.86,152.92,0.994848197,-0.096106462,-0.026581227,-0.018277053,-0.4287238,-0.2969407,0.3877280
seq-12/frame-000598,1,0.00498124,0.068040,1705,1226,1087,0.81,84.96,62.07,15.17,163.01,0.994848197,-0.096106462,-0.026581227,-0.018277053,-0.4287238,-0.2969407,0.3877280
seq-12/frame-000599,1,0.00754278,0.056110,2001,1373,1205,0.86,88.28,75.68,9.14,173.97,0.995043721,-0.093400529,-0.026781244,-0.021144722,-0.4131389,-0.2961683,0.3833557
seq-12/frame-000600,1,0.00718481,0.060973,2282,1542,1372,1.23,95.52,90.68,16.01,203.45,0.995294709,-0.090018952,-0.027448834,-0.023056281,-0.4003713,-0.2935927,0.3771817
seq-12/frame-000601,1,0.00717499,0.062103,2282,1542,1372,0.91,99.70,84.03,11.32,195.96,0.995294709,-0.090018952,-0.027448834,-0.023056281,-0.4003713,-0.2935927,0.3771817
seq-12/frame-000602,1,0.00714767,0.036293,2578,1670,1507,0.96,97.16,109.84,7.88,215.84,0.995449505,-0.087520438,-0.029342351,-0.023653385,-0.3860248,-0.2899960,0.3704998
seq-12/frame-000603,1,0.00650759,0.030966,2413,1548,1372,0.92,103.27,100.64,13.71,218.54,0.995529331,-0.085832045,-0.032026190,-0.022989855,-0.3708577,-0.2885222,0.3691153
seq-12/frame-000604,1,0.00804171,0.099261,1815,1284,1131,0.84,78.63,71.95,8.60,160.02,0.995688333,-0.082897567,-0.035135463,-0.022321199,-0.3521191,-0.2896873,0.3700213
seq-12/frame-000605,1,0.00757249,0.125076,2055,1409,1245,0.87,88.64,83.61,11.47,184.59,0.996029381,-0.077897203,-0.036606713,-0.022747431,-0.3356035,-0.2867241,0.3665141
seq-12/frame-000606,1,0.00741033,0.124377,2055,1409,1245,0.84,96.73,94.13,9.38,201.10,0.996029381,-0.077897203,-0.036606713,-0.022747431,-0.3356035,-0.2867241,0.3665141
seq-12/frame-000607,1,0.00546482,0.039967,2623,1714,1514,1.29,110.03,105.95,10.83,228.11,0.996253127,-0.074347503,-0.037425325,-0.023484071,-0.3231914,-0.2818360,0.3635809
seq-12/frame-000608,1,0.00768395,0.157977,2016,1464,1305,0.86,81.74,83.66,9.98,176.23,0.996310851,-0.072013663,-0.040832484,-0.022614797,-0.3070571,-0.2841551,0.3640253
seq-12/frame-000609,1,0.00607601,0.070015,2306,1591,1404,0.91,93.04,94.51,7.97,196.44,0.996558346,-0.066996469,-0.043536688,-0.022079255,-0.2913155,-0.2794039,0.3650481
seq-12/frame-000610,1,0.00590739,0.065509,2306,1591,1404,0.89,96.31,101.98,9.10,208.28,0.996558346,-0.066996469,-0.043536688,-0.022079255,-0.2913155,-0.2794039,0.3650481
seq-12/frame-000611,1,0.00409719,0.066734,2808,1939,1755,0.95,114.61,115.50,9.80,240.87,0.996705037,-0.063580726,-0.046117088,-0.020242900,-0.2754147,-0.2730338,0.3670509
seq-12/frame-000612,1,0.00421613,0.041303,2759,1823,1643,1.15,113.68,120.30,10.59,245.73,0.996735123,-0.061364557,-0.049198888,-0.018247049,-0.2606736,-0.2708652,0.3688127
seq-12/frame-000613,1,0.00461057,0.041992,2552,1727,1558,0.96,97.77,91.14,14.42,204.28,0.996731695,-0.059072944,-0.052767452,-0.015871752,-0.2413779,-0.2656243,0.3713569
seq-12/frame-000614,1,0.00609311,0.095620,2091,1454,1304,0.91,86.21,86.67,11.99,185.77,0.996648722,-0.058576250,-0.055348860,-0.014023268,-0.2202764,-0.2646059,0.3750218
seq-12/frame-000615,1,0.00603551,0.092948,2091,1454,1304,0.86,98.65,83.03,13.04,195.59,0.996648722,-0.058576250,-0.055348860,-0.014023268,-0.2202764,-0.2646059,0.3750218
seq-12/frame-000616,1,0.00403254,0.123158,1906,1316,1164,0.88,85.85,82.61,8.92,178.26,0.996652701,-0.057344430,-0.056616395,-0.013769278,-0.2006089,-0.2653206,0.3788147
seq-12/frame-000617,1,0.00535523,0.087548,2203,1454,1302,0.91,87.39,86.83,14.55,189.68,0.996809849,-0.054737287,-0.056286027,-0.014347062,-0.1851892,-0.2592777,0.3803146
seq-12/frame-000618,1,0.00608642,0.051005,2305,1501,1347,0.94,107.08,84.44,7.91,200.37,0.996781490,-0.054563303,-0.056862644,-0.014701933,-0.1707675,-0.2590981,0.3840662
seq-12/frame-000619,1,0.00606174,0.051057,2305,1501,1347,0.91,84.79,93.31,7.82,186.85,0.996781490,-0.054563303,-0.056862644,-0.014701933,-0.1707675,-0.2590981,0.3840662
seq-12/frame-000620,1,0.00338572,0.046950,2341,1519,1365,0.95,102.38,97.90,11.97,213.20,0.996702616,-0.053924472,-0.058670289,-0.015291978,-0.1546764,-0.2578677,0.3886770
seq-12/frame-000621,1,0.00772904,0.123316,2262,1524,1375,0.94,98.57,86.10,11.43,197.03,0.996466932,-0.053773308,-0.062234678,-0.016997904,-0.1335865,-0.2562962,0.3904524
seq-12/frame-000622,1,0.00497237,0.078402,1873,1215,1086,0.88,86.30,82.76,10.26,180.20,0.996235375,-0.055055532,-0.064452403,-0.018161897,-0.1143282,-0.2635831,0.3962677
seq-12/frame-000623,1,0.00499306,0.076941,1873,1215,1086,0.85,91.86,77.13,6.63,176.48,0.996235375,-0.055055532,-0.064452403,-0.018161897,-0.1143282,-0.2635831,0.3962677
seq-12/frame-000624,1,0.00589513,0.115311,1396,962,848,0.80,79.29,54.64,6.47,141.20,0.996193620,-0.053393907,-0.066263311,-0.018882176,-0.0901165,-0.2721363,0.3996280
seq-12/frame-000625,1,0.00884329,0.149264,1768,1122,1005,0.83,84.91,70.22,7.76,163.72,0.996425429,-0.048604011,-0.066258665,-0.019590921,-0.0699588,-0.2707265,0.3991701
seq-12/frame-000626,1,0.00584709,0.111951,2150,1502,1365,0.89,92.89,84.90,11.46,190.15,0.996515423,-0.045989228,-0.066811214,-0.019449033,-0.0564479,-0.2710174,0.4024212
seq-12/frame-000627,1,0.00501451,0.068223,1569,1009,895,0.84,75.92,59.83,7.85,144.44,0.996399359,-0.044590576,-0.069493304,-0.019253002,-0.0370197,-0.2787680,0.4050858
seq-12/frame-000628,1,0.00501234,0.069231,1569,1009,895,0.83,74.76,62.25,7.94,145.79,0.996399359,-0.044590576,-0.069493304,-0.019253002,-0.0370197,-0.2787680,0.4050858
seq-12/frame-000629,1,0.00656619,0.074314,1148,674,544,0.79,64.61,49.99,11.71,127.11,0.996322307,-0.040346426,-0.072409170,-0.021701102,-0.0107160,-0.2888765,0.4059743
seq-12/frame-000630,1,0.00641980,0.146006,1131,752,626,0.80,65.76,49.73,7.42,123.71,0.996540844,-0.032888837,-0.072375747,-0.024216140,0.0126559,-0.2886451,0.4074955
seq-12/frame-000631,1,0.00483502,0.064700,1209,835,743,0.99,68.96,41.54,5.98,117.47,0.996810166,-0.027098548,-0.070600592,-0.025509165,0.0339215,-0.2840219,0.4065108
seq-12/frame-000632,1,0.00481670,0.062567,1209,835,743,1.12,62.34,46.64,6.27,116.38,0.996810166,-0.027098548,-0.070600592,-0.025509165,0.0339215,-0.2840219,0.4065108
seq-12/frame-000633,1,0.00745385,0.145196,1035,715,624,0.79,61.74,38.82,7.84,109.19,0.997044244,-0.024835959,-0.067800853,-0.026248722,0.0546706,-0.2912803,0.4074530
seq-12/frame-000634,1,0.00440310,0.123212,1067,696,594,0.78,79.20,43.59,7.64,131.21,0.997343367,-0.018865033,-0.064745778,-0.027537306,0.0710822,-0.2915003,0.4112426
seq-12/frame-000635,1,0.00629688,0.122933,1471,1013,911,0.82,89.99,52.33,12.92,156.06,0.997595599,-0.013280616,-0.061665919,-0.028704724,0.0874761,-0.2882959,0.4087734
seq-12/frame-000636,1,0.00638066,0.124515,1471,1013,911,0.76,83.23,56.45,10.17,150.62,0.997595599,-0.013280616,-0.061665919,-0.028704724,0.0874761,-0.2882959,0.4087734
seq-12/frame-000637,1,0.00649560,0.131236,1998,1355,1236,0.89,100.40,72.93,13.30,187.53,0.997740259,-0.009924831,-0.060272743,-0.027983370,0.1018087,-0.2844176,0.4087590
seq-12/frame-000638,1,0.00699971,0.117710,2146,1433,1307,0.87,103.50,83.31,10.12,197.80,0.997841317,-0.008513568,-0.059697504,-0.026008322,0.1152132,-0.2868918,0.4091468
seq-12/frame-000639,1,0.00617947,0.117223,2323,1548,1409,0.89,98.43,93.59,10.27,203.18,0.997812522,-0.006036018,-0.060859502,-0.025096982,0.1327452,-0.2856546,0.4110913
seq-12/frame-000640,1,0.00677519,0.148353,2413,1616,1498,0.91,96.90,94.32,9.25,201.39,0.997771820,-0.004308820,-0.061797636,-0.024776629,0.1498041,-0.2847577,0.4120720
seq-12/frame-000641,1,0.00672151,0.145058,2413,1616,1498,0.92,109.36,97.27,8.51,216.07,0.997771820,-0.004308820,-0.061797636,-0.024776629,0.1498041,-0.2847577,0.4120720
seq-12/frame-000642,1,0.00657578,0.141644,2234,1550,1390,0.90,103.30,91.29,7.15,202.65,0.997723111,-0.003262355,-0.062653924,-0.024747471,0.1669903,-0.2866407,0.4130234
seq-12/frame-000643,1,0.00727942,0.115521,2109,1464,1341,0.89,122.48,92.58,13.43,229.38,0.997737054,-0.001323857,-0.062524302,-0.024692731,0.1825597,-0.2853727,0.4123570
seq-12/frame-000644,1,0.00764376,0.136260,2296,1600,1455,0.93,100.16,87.29,9.00,197.39,0.997752154,0.000362196,-0.062433605,-0.024342392,0.1972701,-0.2804841,0.4127128
seq-12/frame-000645,1,0.00753406,0.135200,2296,1600,1455,0.94,102.66,88.90,10.85,203.36,0.997752154,0.000362196,-0.062433605,-0.024342392,0.1972701,-0.2804841,0.4127128
seq-12/frame-000646,1,0.00688756,0.146151,2519,1679,1537,0.97,98.90,113.65,8.33,221.86,0.997706770,-0.000314021,-0.063411081,-0.023667198,0.2117179,-0.2795084,0.4145215
seq-12/frame-000647,1,0.00843881,0.149925,2338,1602,1458,0.96,92.64,96.19,13.91,203.71,0.997634493,-0.000966065,-0.065026037,-0.022273298,0.2277020,-0.2816686,0.4141717
seq-12/frame-000648,1,0.00750132,0.122032,2279,1559,1437,0.93,92.21,80.54,7.92,181.61,0.997550297,0.000331416,-0.066793737,-0.020782030,0.2471103,-0.2769534,0.4161889
seq-12/frame-000649,1,0.00802829,0.130136,2502,1632,1478,0.96,97.47,101.55,10.30,210.28,0.997512709,0.000050633,-0.067495567,-0.020316012,0.2614078,-0.2752800,0.4161877
seq-12/frame-000650,1,0.00815205,0.134417,2502,1632,1478,0.94,99.77,110.55,12.15,223.41,0.997512709,0.000050633,-0.067495567,-0.020316012,0.2614078,-0.2752800,0.4161877
seq-12/frame-000651,1,0.00792885,0.141826,2507,1642,1477,0.95,106.25,102.01,9.20,218.41,0.997331441,-0.000359233,-0.069946265,-0.020913838,0.2778249,-0.2798776,0.4172079
seq-12/frame-000652,1,0.00942474,0.139235,2345,1559,1408,0.93,111.54,95.60,8.18,216.25,0.997135435,0.001847618,-0.072372411,-0.021903094,0.2957651,-0.2789295,0.4157749
seq-12/frame-000653,1,0.00607732,0.089245,2445,1718,1565,0.95,107.00,100.71,10.18,218.84,0.996920191,0.005263952,-0.074422398,-0.024160499,0.3108090,-0.2718533,0.4163551
seq-12/frame-000654,1,0.00798998,0.104488,2314,1637,1493,0.95,99.58,93.81,9.70,204.05,0.996580127,0.006460349,-0.077509453,-0.027903393,0.3283666,-0.2696814,0.4140547
seq-12/frame-000655,1,0.00790799,0.101833,2314,1637,1493,0.92,97.59,96.27,17.52,212.29,0.996580127,0.006460349,-0.077509453,-0.027903393,0.3283666,-0.2696814,0.4140547
seq-12/frame-000656,1,0.00589015,0.070947,2264,1555,1402,0.93,92.28,92.58,7.67,193.46,0.996194983,0.007897756,-0.080554716,-0.032312815,0.3485672,-0.2665642,0.4150280
seq-12/frame-000657,1,0.00660471,0.070493,2137,1484,1348,0.92,86.67,99.64,7.33,194.57,0.995928576,0.009146728,-0.082032805,-0.036238484,0.3680273,-0.2631825,0.4129736
seq-12/frame-000658,1,0.00861855,0.103433,2189,1585,1443,0.91,91.85,74.69,8.11,175.55,0.995749177,0.009663975,-0.082361551,-0.040084410,0.3843499,-0.2589965,0.4093089
seq-12/frame-000659,1,0.00865623,0.102686,2189,1585,1443,0.89,89.38,85.12,8.13,183.52,0.995749177,0.009663975,-0.082361551,-0.040084410,0.3843499,-0.2589965,0.4093089
seq-12/frame-000660,1,0.00676195,0.086450,1898,1331,1200,0.85,91.29,73.61,7.42,173.17,0.995588491,0.009154723,-0.083557951,-0.041687135,0.4017688,-0.2509861,0.4073518
seq-12/frame-000661,1,0.00388902,0.061489,1883,1367,1224,0.84,98.52,80.62,7.40,187.38,0.995486817,0.005525944,-0.084785555,-0.042271392,0.4189324,-0.2496570,0.4067020
seq-12/frame-000662,1,0.00487162,0.051136,2213,1540,1390,0.91,100.16,84.91,12.89,198.88,0.995322580,0.001972533,-0.086373297,-0.043228752,0.4381770,-0.2543942,0.4046537
seq-12/frame-000663,1,0.00586486,0.065429,2096,1493,1364,0.88,96.98,82.15,7.34,187.35,0.995174646,0.001611207,-0.086893754,-0.045544521,0.4569437,-0.2522453,0.4016779
seq-12/frame-000664,1,0.00583513,0.064815,2096,1493,1364,0.88,88.52,79.65,7.50,176.55,0.995174646,0.001611207,-0.086893754,-0.045544521,0.4569437,-0.2522453,0.4016779
seq-12/frame-000665,1,0.00545232,0.057339,2467,1809,1637,0.90,120.19,102.94,9.22,233.25,0.995057228,0.000296217,-0.087341669,-0.047248903,0.4710789,-0.2497163,0.3972394
seq-12/frame-000666,1,0.00568374,0.071026,2310,1686,1529,0.88,98.64,89.15,8.15,196.82,0.994777780,-0.001173115,-0.090109743,-0.047916878,0.4862190,-0.2467265,0.3936208
seq-12/frame-000667,1,0.00541222,0.112378,2004,1445,1298,0.85,83.16,80.94,9.00,173.96,0.994400449,-0.003632823,-0.094154681,-0.047848155,0.5050975,-0.2429237,0.3911355
seq-12/frame-000668,1,0.00530367,0.068428,2320,1656,1493,0.90,90.51,98.94,12.19,202.54,0.993999580,-0.007120903,-0.097640898,-0.048789167,0.5260230,-0.2453367,0.3905141
seq-12/frame-000669,1,0.00656040,0.082061,2233,1583,1445,0.92,87.55,93.86,13.98,196.31,0.993716525,-0.007926459,-0.099430656,-0.050775825,0.5459218,-0.2448560,0.3884479
seq-12/frame-000670,1,0.00660256,0.083961,2233,1583,1445,0.91,92.51,80.90,9.35,183.67,0.993716525,-0.007926459,-0.099430656,-0.050775825,0.5459218,-0.2448560,0.3884479
seq-12/frame-000671,1,0.00597776,0.023821,2190,1548,1434,0.89,91.90,107.34,13.78,213.91,0.993584205,-0.007868433,-0.099625076,-0.052946754,0.5604948,-0.2397831,0.3842220
seq-12/frame-000672,1,0.00472930,0.055597,2470,1789,1632,0.95,98.66,83.62,10.58,193.81,0.993364512,-0.009952494,-0.101130383,-0.053856663,0.5754664,-0.2408765,0.3823598
seq-12/frame-000673,1,0.00654904,0.077491,2303,1696,1565,0.96,94.19,90.23,8.65,194.03,0.993107081,-0.010378725,-0.103358093,-0.054292841,0.5941310,-0.2424027,0.3806822
seq-12/frame-000674,1,0.00610641,0.066747,2427,1828,1667,1.29,104.28,97.52,9.87,212.96,0.992983603,-0.009229087,-0.104584957,-0.054409322,0.6102314,-0.2390848,0.3769887
seq-12/frame-000675,1,0.00625270,0.103602,2562,1872,1703,0.96,113.58,95.61,8.28,218.42,0.992888344,-0.009246920,-0.106489334,-0.052414245,0.6256733,-0.2362617,0.3742783
seq-12/frame-000676,1,0.00627132,0.105269,2562,1872,1703,0.93,99.70,100.17,8.14,208.94,0.992888344,-0.009246920,-0.106489334,-0.052414245,0.6256733,-0.2362617,0.3742783
seq-12/frame-000677,1,0.00702541,0.109656,2433,1851,1723,0.95,104.81,98.17,9.10,213.04,0.992696428,-0.010055945,-0.109457971,-0.049715505,0.6447948,-0.2359921,0.3732862
seq-12/frame-000678,1,0.00689010,0.063378,2151,1584,1467,0.92,92.97,81.75,11.58,187.23,0.992608882,-0.009639085,-0.110868644,-0.048402882,0.6630774,-0.2341306,0.3722293
seq-12/frame-000679,1,0.00733719,0.066164,1965,1452,1307,0.92,92.55,78.94,7.59,179.99,0.992536324,-0.008993239,-0.111315038,-0.048987025,0.6815694,-0.2327005,0.3710451
seq-12/frame-000680,1,0.00584562,0.098931,1790,1346,1217,0.91,86.33,77.13,10.68,175.05,0.992534501,-0.008022755,-0.110838139,-0.050257402,0.6981191,-0.2295431,0.3717579
seq-12/frame-000681,1,0.00578387,0.081092,1861,1403,1281,0.92,80.24,71.53,8.94,161.62,0.992690980,-0.007658597,-0.109273288,-0.050648922,0.7106816,-0.2277781,0.3684919
seq-12/frame-000682,1,0.00475861,0.034372,2024,1508,1370,0.91,88.47,78.84,9.62,177.84,0.992781457,-0.007358083,-0.108305425,-0.050997768,0.7227770,-0.2243733,0.3674427
seq-12/frame-000683,1,0.00471247,0.032427,2024,1508,1370,0.92,95.04,71.25,9.69,176.91,0.992781457,-0.007358083,-0.108305425,-0.050997768,0.7227770,-0.2243733,0.3674427
seq-12/frame-000684,1,0.00635070,0.104595,1960,1451,1342,0.92,93.01,74.77,7.47,176.18,0.992785439,-0.008122418,-0.108584082,-0.050205528,0.7392343,-0.2242169,0.3672736
seq-12/frame-000685,1,0.00429798,0.042367,2187,1555,1423,1.08,98.24,83.28,8.79,191.39,0.992933983,-0.008037724,-0.107929689,-0.048669119,0.7519312,-0.2199754,0.3683661
seq-12/frame-000686,1,0.00505587,0.076109,2358,1736,1601,0.90,110.72,83.62,8.01,203.26,0.992909263,-0.008962071,-0.108848919,-0.046933877,0.7649131,-0.2165040,0.3670744
seq-12/frame-000687,1,0.00598702,0.069775,2364,1783,1635,0.93,102.42,99.23,19.68,222.26,0.992641014,-0.010884644,-0.111388396,-0.046238148,0.7815508,-0.2163864,0.3679867
seq-12/frame-000688,1,0.00594930,0.047512,2168,1650,1513,0.96,102.39,84.02,14.30,201.68,0.992398618,-0.012045022,-0.113410405,-0.046238295,0.7981724,-0.2193630,0.3698384
seq-12/frame-000689,1,0.00715865,0.102128,2380,1682,1541,0.95,98.81,102.47,10.56,212.79,0.992225734,-0.011443751,-0.114994245,-0.046189352,0.8142392,-0.2206953,0.3705238
seq-12/frame-000690,1,0.00712314,0.102819,2380,1682,1541,0.95,105.62,102.10,11.29,219.96,0.992225734,-0.011443751,-0.114994245,-0.046189352,0.8142392,-0.2206953,0.3705238
seq-12/frame-000691,1,0.00591066,0.065197,2279,1566,1424,0.92,90.63,86.67,9.09,187.32,0.992078491,-0.010150274,-0.116470614,-0.045954717,0.8271913,-0.2219210,0.3713404
seq-12/frame-000692,1,0.00592762,0.090982,2007,1440,1297,1.23,96.10,89.64,10.50,197.47,0.991694094,-0.007229931,-0.119448532,-0.047144456,0.8431113,-0.2227906,0.3727643
seq-12/frame-000693,1,0.00435949,0.071095,2272,1479,1335,0.94,101.76,89.36,9.26,201.33,0.991325045,-0.003594754,-0.121613202,-0.049718822,0.8549852,-0.2195462,0.3724146
seq-12/frame-000694,1,0.00455050,0.079848,2307,1443,1274,0.92,94.02,95.09,6.36,196.40,0.990632546,-0.001442337,-0.125930746,-0.052787562,0.8709394,-0.2198471,0.3749988
seq-12/frame-000695,1,0.00558781,0.081545,2163,1611,1479,0.93,91.46,91.16,9.82,193.38,0.989886000,0.000289256,-0.130478947,-0.055685430,0.8880398,-0.2198878,0.3736896
seq-12/frame-000696,1,0.00680815,0.093064,2304,1722,1550,0.92,94.38,85.10,14.21,194.61,0.989118355,0.001613219,-0.134408862,-0.059804139,0.9040421,-0.2194690,0.3755504
seq-12/frame-000697,1,0.00370901,0.084779,2049,1427,1298,0.92,96.23,88.33,9.32,194.80,0.988293830,0.002850996,-0.138298443,-0.064348419,0.9189790,-0.2212180,0.3797081
seq-12/frame-000698,1,0.00369327,0.084175,2049,1427,1298,1.27,91.52,85.05,10.83,188.67,0.988293830,0.002850996,-0.138298443,-0.064348419,0.9189790,-0.2212180,0.3797081
seq-12/frame-000699,1,0.00821780,0.128423,2068,1485,1333,0.93,96.45,83.39,10.94,191.72,0.987336373,0.004310653,-0.142967983,-0.068618218,0.9381419,-0.2273333,0.3789438
seq-12/frame-000700,1,0.00319601,0.069180,2244,1518,1359,0.93,103.26,104.04,11.22,219.46,0.986562557,0.007323473,-0.146146791,-0.072676020,0.9483086,-0.2244884,0.3830119
seq-12/frame-000701,1,0.00165473,0.125642,2062,1385,1223,0.93,90.44,97.94,14.64,203.95,0.985514229,0.008647906,-0.151400415,-0.075926499,0.9619774,-0.2239436,0.3827651
seq-12/frame-000702,1,0.00620562,0.095130,1958,1434,1290,0.88,78.74,80.52,10.22,170.36,0.984190934,0.008483888,-0.158939254,-0.077682319,0.9882252,-0.2229328,0.3854779
seq-12/frame-000703,1,0.00892827,0.139328,1966,1335,1191,0.91,81.92,92.81,7.63,183.26,0.983402223,0.006533218,-0.162626375,-0.080187574,1.0122595,-0.2261216,0.3883327
seq-12/frame-000704,1,0.00720953,0.097435,2164,1486,1339,0.95,91.81,122.40,18.51,233.67,0.982971182,0.005522861,-0.163653308,-0.083395135,1.0281330,-0.2299254,0.3913002
seq-12/frame-000705,1,0.01007166,0.151382,2189,1491,1336,0.94,87.45,111.05,13.63,213.07,0.982469939,0.005431258,-0.165331465,-0.085958287,1.0450501,-0.2356747,0.3927850
seq-12/frame-000706,1,0.00686406,0.073159,2520,1659,1471,1.37,113.01,140.77,9.54,264.70,0.982153321,0.007138954,-0.166145256,-0.087861502,1.0562995,-0.2353809,0.3940216
seq-12/frame-000707,1,0.00681897,0.092604,2498,1715,1538,0.98,129.78,140.77,11.96,283.50,0.981581246,0.008171070,-0.168849474,-0.089001944,1.0708689,-0.2353351,0.3945816
seq-12/frame-000708,1,0.00809635,0.093600,2473,1673,1488,0.97,101.60,160.70,12.60,275.87,0.980776117,0.008401932,-0.172839867,-0.090188675,1.0869899,-0.2364402,0.3965544
seq-12/frame-000709,1,0.00727845,0.099640,2398,1673,1496,0.99,132.11,124.53,10.82,268.45,0.979938536,0.008494388,-0.177080182,-0.091054487,1.1037179,-0.2368981,0.4002885
seq-12/frame-000710,1,0.00852496,0.152839,2323,1540,1365,0.96,146.74,109.62,16.06,273.38,0.979322959,0.007996626,-0.180921526,-0.090166503,1.1232820,-0.2349048,0.4056303
seq-12/frame-000711,1,0.00939049,0.148314,2265,1495,1299,0.90,123.21,114.72,10.36,249.20,0.979142787,0.005477204,-0.182957943,-0.088180460,1.1389055,-0.2348341,0.4070378
seq-12/frame-000712,1,0.00764462,0.132564,2231,1507,1307,1.26,134.13,95.27,12.02,242.68,0.978564966,0.002932948,-0.186167047,-0.087999063,1.1545093,-0.2353249,0.4152041
seq-12/frame-000713,1,0.00739790,0.095743,2583,1733,1530,1.33,156.00,110.87,8.46,276.66,0.977971441,0.000931157,-0.188969182,-0.088665903,1.1700333,-0.2370452,0.4209441
seq-12/frame-000714,1,0.00736664,0.091137,2598,1706,1495,0.97,134.47,126.87,8.97,271.28,0.977386955,-0.000254258,-0.191833185,-0.088964627,1.1818633,-0.2379165,0.4259898
seq-12/frame-000715,1,0.00682377,0.105057,2374,1633,1449,2.72,126.36,100.44,10.04,239.56,0.976414443,-0.001204195,-0.196554884,-0.089328396,1.1967606,-0.2384055,0.4320565
seq-12/frame-000716,1,0.00606708,0.071439,2129,1462,1274,0.91,100.75,92.69,9.55,203.90,0.975305296,-0.001437015,-0.201249976,-0.090972313,1.2118527,-0.2332690,0.4395830
seq-12/frame-000717,1,0.00936303,0.122133,1879,1240,1072,0.87,86.92,88.03,7.64,183.45,0.974127055,-0.004275435,-0.205925579,-0.093020735,1.2308639,-0.2348395,0.4438334
seq-12/frame-000718,1,0.01219185,0.170702,1760,1110,953,1.03,99.84,85.65,10.56,197.09,0.973086777,-0.007082342,-0.209360393,-0.096021829,1.2489359,-0.2354811,0.4492528
seq-12/frame-000719,1,0.01147247,0.159707,1669,982,823,0.85,84.89,69.98,13.25,168.98,0.972341949,-0.010351599,-0.211265783,-0.099049219,1.2638508,-0.2350645,0.4561677
seq-12/frame-000720,1,0.00962572,0.121756,2127,1421,1263,0.92,96.19,99.70,12.16,208.97,0.971339345,-0.013478469,-0.214138979,-0.102287369,1.2782875,-0.2376916,0.4688217
seq-12/frame-000721,1,0.01348225,0.152744,1669,1121,989,0.88,84.13,73.15,14.45,172.62,0.970164702,-0.014625480,-0.217406438,-0.106306099,1.2964112,-0.2488337,0.4751511
seq-12/frame-000722,1,0.01183761,0.224578,1275,854,733,1.18,66.91,50.35,9.48,127.92,0.969515863,-0.010702757,-0.218712835,-0.109950618,1.3165580,-0.2552883,0.4891037
seq-12/frame-000723,1,0.01275266,0.130147,1758,1205,1038,0.92,71.76,79.58,12.38,164.65,0.969946895,-0.005607541,-0.215252920,-0.113303828,1.3283918,-0.2483084,0.4866406
seq-12/frame-000724,1,0.01108330,0.132535,2303,1544,1326,0.93,92.21,92.36,8.19,193.69,0.969798589,-0.005994251,-0.215221834,-0.114605092,1.3408316,-0.2481670,0.4949178
seq-12/frame-000725,1,0.01352402,0.169208,2287,1415,1205,0.97,92.24,105.53,11.78,210.52,0.969121274,-0.006279754,-0.216757296,-0.117391629,1.3561660,-0.2522316,0.5011209
seq-12/frame-000726,1,0.01189169,0.123963,2225,1307,1123,0.92,89.66,100.88,8.58,200.04,0.968403163,-0.006613421,-0.218223559,-0.120540679,1.3703440,-0.2579811,0.5106615
seq-12/frame-000727,1,0.01283961,0.140251,1627,951,818,0.85,87.71,58.91,6.63,154.09,0.967977174,-0.006093400,-0.219480908,-0.121701239,1.3873172,-0.2698531,0.5203140
seq-12/frame-000728,1,0.01350709,0.147402,1577,946,803,0.85,90.56,64.23,13.82,169.46,0.968116981,-0.002822891,-0.218829955,-0.121881060,1.4030958,-0.2750663,0.5264778
seq-12/frame-000729,1,0.01491634,0.136710,1518,862,723,0.83,75.15,64.93,15.77,156.69,0.968020281,0.001222144,-0.218235074,-0.123728310,1.4164541,-0.2813753,0.5341524
seq-12/frame-000730,1,0.01814702,0.189610,1116,667,553,0.82,66.32,48.80,6.04,121.97,0.967814138,0.005763879,-0.218192338,-0.125278396,1.4361553,-0.2889608,0.5432014
seq-12/frame-000731,1,0.01970193,0.213321,1197,661,531,0.81,60.07,53.19,8.17,122.25,0.967905907,0.012592669,-0.215232080,-0.129130673,1.4495765,-0.2931483,0.5490920
seq-12/frame-000732,1,0.00932734,0.143973,1769,1167,991,0.84,68.17,68.04,15.20,152.25,0.968196187,0.018387636,-0.212705757,-0.130438870,1.4573608,-0.2901229,0.5612365
seq-12/frame-000733,1,0.00938143,0.158822,1765,1150,994,0.88,75.49,71.20,7.07,154.64,0.968340404,0.022007707,-0.212038995,-0.129892215,1.4640668,-0.2937176,0.5727236
seq-12/frame-000734,1,0.00838315,0.116109,2071,1349,1177,0.90,95.50,77.38,11.41,185.19,0.968006995,0.026391903,-0.213499524,-0.129166090,1.4785375,-0.2957178,0.5807906
seq-12/frame-000735,1,0.01344632,0.179519,1986,1348,1181,0.87,102.20,86.34,13.87,203.29,0.967641058,0.028330478,-0.215330252,-0.128456411,1.4994742,-0.3016606,0.5869846
seq-12/frame-000736,1,0.01341018,0.154271,1515,914,767,0.83,88.36,56.91,8.39,154.50,0.967969079,0.029487161,-0.214247433,-0.127531981,1.5136846,-0.3086323,0.5995342
seq-12/frame-000737,1,0.01415908,0.159110,1609,1080,921,0.85,80.27,64.30,6.49,151.91,0.968297039,0.032194405,-0.212753618,-0.126886809,1.5262775,-0.3115303,0.6124800
seq-12/frame-000738,1,0.01008703,0.107568,1945,1263,1113,0.88,87.77,73.06,13.63,175.34,0.968686477,0.034617359,-0.210840804,-0.126468588,1.5358468,-0.3120427,0.6246401
seq-12/frame-000739,1,0.01130630,0.184588,1806,1166,990,0.87,96.57,75.32,8.61,181.38,0.968674311,0.036130793,-0.210673133,-0.126417863,1.5456025,-0.3201149,0.6427208
seq-12/frame-000740,1,0.00576078,0.108212,1291,681,536,0.80,82.89,47.97,8.61,140.27,0.968591346,0.042082607,-0.208614054,-0.128608069,1.5526285,-0.3270664,0.6589057
seq-12/frame-000741,1,0.00807663,0.099730,1502,868,706,0.84,85.85,57.64,7.70,152.03,0.968918258,0.048480697,-0.206244383,-0.127711725,1.5699746,-0.3291534,0.6673562
seq-12/frame-000742,1,0.00904897,0.158198,2324,1567,1360,0.95,103.66,91.18,8.81,204.60,0.969255835,0.051486731,-0.205202876,-0.125634477,1.5763242,-0.3251701,0.6848570
seq-12/frame-000743,1,0.00785673,0.134629,2289,1536,1351,0.96,94.23,89.82,8.25,193.27,0.969250543,0.053042270,-0.205918592,-0.123844399,1.5833393,-0.3278847,0.7021792
seq-12/frame-000744,1,0.00779923,0.118824,2137,1343,1158,0.91,95.85,84.23,10.07,191.06,0.969345314,0.053848537,-0.206534308,-0.121711036,1.5984543,-0.3359129,0.7160049
seq-12/frame-000745,1,0.00611645,0.087571,2157,1439,1238,0.92,94.15,84.69,7.17,186.93,0.969571297,0.055338452,-0.205454350,-0.121068848,1.6032234,-0.3376426,0.7351918
seq-12/frame-000746,1,0.00776942,0.116679,1745,1114,932,0.89,84.77,70.81,7.58,164.05,0.969517634,0.057499255,-0.204797652,-0.121603104,1.6106114,-0.3470922,0.7543519
seq-12/frame-000747,1,0.00973641,0.171635,1642,993,801,0.87,89.92,72.97,7.31,171.07,0.969548392,0.061171300,-0.203442218,-0.121841092,1.6194970,-0.3571293,0.7713350
seq-12/frame-000748,1,0.01025133,0.186149,1637,982,788,0.86,87.20,63.62,9.39,161.07,0.969566278,0.065579601,-0.201522882,-0.122593135,1.6269925,-0.3623944,0.7887989
seq-12/frame-000749,1,0.00746755,0.111087,1840,1239,1059,0.87,87.22,89.97,13.42,191.49,0.969532672,0.070093410,-0.198808158,-0.124774311,1.6306215,-0.3657188,0.8060250
seq-12/frame-000750,1,0.01014572,0.204776,1957,1197,1003,0.94,89.73,88.83,8.44,187.94,0.969215304,0.072131534,-0.197915569,-0.127468288,1.6369119,-0.3763208,0.8234969
seq-12/frame-000751,1,0.01553738,0.289893,1610,957,773,0.87,76.32,71.03,8.45,156.68,0.968649769,0.075705410,-0.196647930,-0.131589922,1.6404457,-0.3916431,0.8414545
seq-12/frame-000752,1,0.00491042,0.110292,1476,793,618,0.87,64.69,61.30,10.90,137.76,0.968374045,0.084232584,-0.193207600,-0.133519300,1.6327109,-0.3927924,0.8618994
seq-12/frame-000753,1,0.00874533,0.205444,1516,937,764,0.87,64.28,66.79,6.58,138.54,0.967736444,0.090129094,-0.193573133,-0.133762340,1.6455056,-0.4005584,0.8757223
seq-12/frame-000754,1,0.00825662,0.141315,1444,859,683,0.85,73.18,55.41,8.63,138.08,0.967370447,0.095476794,-0.191917007,-0.135079466,1.6481747,-0.4095268,0.8901309
seq-12/frame-000755,1,0.00650223,0.105761,1320,812,636,0.84,86.04,49.11,6.05,142.04,0.966763214,0.102898526,-0.190015051,-0.136656727,1.6457820,-0.4146832,0.9098738
seq-12/frame-000756,1,0.00661890,0.055113,1342,839,708,0.89,84.22,44.69,7.36,137.16,0.966424990,0.108788620,-0.189546361,-0.135129388,1.6489426,-0.4214590,0.9216823
seq-12/frame-000757,1,0.00527458,0.061146,1985,1344,1175,0.89,94.85,89.67,9.04,194.46,0.966112182,0.112969520,-0.190532991,-0.132522900,1.6532026,-0.4243322,0.9346660
seq-12/frame-000758,1,0.00578831,0.138974,2198,1492,1316,0.94,103.44,103.57,7.65,215.60,0.965932337,0.113288723,-0.193448044,-0.129299035,1.6605579,-0.4311212,0.9497690
seq-12/frame-000759,1,0.01009166,0.252871,2218,1493,1305,0.97,96.29,101.42,11.21,209.89,0.965980692,0.111992541,-0.196280336,-0.125749766,1.6705375,-0.4386600,0.9624697
seq-12/frame-000760,1,0.00829634,0.204917,2196,1497,1299,0.96,105.07,88.48,14.60,209.12,0.966177759,0.110556159,-0.197089797,-0.124231577,1.6730139,-0.4436375,0.9801661
seq-12/frame-000761,1,0.00912364,0.210880,2280,1601,1452,0.94,100.28,99.43,11.33,211.98,0.966295935,0.109089640,-0.198231870,-0.122783316,1.6735667,-0.4514282,0.9967274
seq-12/frame-000762,1,0.00404312,0.035797,1858,1234,1098,0.90,93.06,78.73,12.20,184.89,0.966298814,0.109625704,-0.199324515,-0.120492926,1.6687877,-0.4541045,1.0148418
seq-12/frame-000763,1,0.00468402,0.039595,1850,1240,1117,1.23,83.33,79.97,12.70,177.23,0.965335559,0.111417455,-0.203770020,-0.119126777,1.6724825,-0.4596450,1.0357333
seq-12/frame-000764,1,0.00606384,0.033615,1706,1149,996,0.88,75.70,60.97,11.60,149.15,0.964414610,0.114716153,-0.206243108,-0.119199178,1.6783078,-0.4659377,1.0518326
seq-12/frame-000765,1,0.00595623,0.042769,1463,986,852,0.86,66.62,59.32,10.57,137.36,0.964160896,0.117275106,-0.207221701,-0.117044791,1.6769581,-0.4738887,1.0648060
seq-12/frame-000766,1,0.00600330,0.055165,1872,1293,1146,0.87,75.69,80.96,18.87,176.39,0.963326744,0.120445937,-0.210094574,-0.115562238,1.6776838,-0.4754762,1.0801708
seq-12/frame-000767,1,0.00686218,0.066958,1862,1235,1062,0.92,87.04,73.62,7.06,168.64,0.962082377,0.122921856,-0.213876068,-0.116381888,1.6848149,-0.4805542,1.0979924
seq-12/frame-000768,1,0.00629917,0.104321,1885,1302,1137,1.07,90.34,79.53,9.32,180.26,0.961250332,0.126004997,-0.215503342,-0.116956616,1.6883235,-0.4849252,1.1157785
seq-12/frame-000769,1,0.00649686,0.043183,2011,1430,1282,0.90,97.11,70.71,12.31,181.02,0.960602098,0.127875478,-0.216830349,-0.117796739,1.6868810,-0.4904784,1.1277001
seq-12/frame-000770,1,0.00695914,0.077100,1928,1310,1172,0.91,97.88,79.62,15.92,194.32,0.959532243,0.129476749,-0.220017519,-0.118852590,1.6889048,-0.4947107,1.1443778
seq-12/frame-000771,1,0.00631680,0.073268,1643,1121,1011,0.88,90.35,65.31,7.06,163.60,0.958610108,0.130615549,-0.222981734,-0.119521482,1.6877970,-0.5010704,1.1586510
seq-12/frame-000772,1,0.00729406,0.109816,1288,910,780,0.82,64.80,50.61,6.63,122.86,0.957257146,0.132270184,-0.227401954,-0.120215252,1.6834250,-0.5082868,1.1740515
seq-12/frame-000773,1,0.00495100,0.091455,1921,1304,1148,0.92,80.58,85.84,11.93,179.27,0.953414901,0.137770950,-0.236529347,-0.126779572,1.6974608,-0.5175902,1.2065373
seq-12/frame-000774,1,0.00525878,0.121932,1702,1123,996,0.89,95.06,69.91,15.84,181.70,0.952219829,0.138056122,-0.238961559,-0.130825371,1.6950910,-0.5252363,1.2192359
seq-12/frame-000775,1,0.00704201,0.104976,1356,916,807,0.86,83.07,45.45,14.34,143.73,0.950874275,0.138357581,-0.242791904,-0.133219308,1.6893022,-0.5324732,1.2315385
seq-12/frame-000776,1,0.00386012,0.063602,1208,826,720,0.85,59.92,47.67,7.62,116.06,0.949269402,0.138452316,-0.248908447,-0.133278448,1.6895830,-0.5406352,1.2448080
seq-12/frame-000777,1,0.00584149,0.103402,1137,746,636,0.84,66.13,46.15,13.30,126.42,0.947683848,0.136808203,-0.256629674,-0.131605659,1.6908934,-0.5464079,1.2599232
seq-12/frame-000778,1,0.00628544,0.099228,1208,794,666,0.85,58.01,42.90,8.23,110.00,0.945820503,0.135648800,-0.264124034,-0.131382925,1.6910369,-0.5521266,1.2756203
seq-12/frame-000779,1,0.00620729,0.110581,1423,917,789,0.86,93.29,52.71,12.96,159.83,0.943630787,0.136009506,-0.270975528,-0.132795387,1.6926305,-0.5608028,1.2913031
seq-12/frame-000780,1,0.00439301,0.139552,1418,906,769,0.86,75.02,55.06,14.91,145.85,0.941611373,0.135752008,-0.277602174,-0.133702830,1.6970293,-0.5694984,1.3057893
seq-12/frame-000781,1,0.00516469,0.230548,1290,844,702,0.87,72.78,54.23,7.04,134.92,0.939357788,0.135033601,-0.284556342,-0.135648670,1.6969066,-0.5765953,1.3183098
seq-12/frame-000782,1,0.00445850,0.205211,1230,798,673,0.85,69.47,51.31,6.12,127.76,0.936982846,0.134928430,-0.291108009,-0.138251914,1.6943618,-0.5798786,1.3304332
seq-12/frame-000783,1,0.00353303,0.091841,1153,741,606,0.92,81.67,42.73,6.61,131.93,0.934835469,0.134015139,-0.297696847,-0.139639449,1.6887380,-0.5836670,1.3418363
seq-12/frame-000784,1,0.00323393,0.155752,1240,781,628,0.87,64.49,42.42,17.77,125.55,0.932051193,0.132682681,-0.306751299,-0.139926838,1.6888760,-0.5929591,1.3619072
seq-12/frame-000785,1,0.00779418,0.111039,1386,873,743,0.86,77.45,51.34,5.97,135.63,0.928369278,0.130812438,-0.318990226,-0.138794182,1.6885160,-0.5938513,1.3839904
seq-12/frame-000786,1,0.00393950,0.177034,1412,887,733,0.84,78.95,52.02,10.40,142.21,0.927033220,0.125139446,-0.325830701,-0.137054303,1.6860782,-0.5970391,1.3975416
seq-12/frame-000787,1,0.00231533,0.174265,1751,1067,914,0.91,80.05,67.11,7.35,155.43,0.925180121,0.122300025,-0.331683142,-0.138096853,1.6775757,-0.6047054,1.4156683
seq-12/frame-000788,1,0.00677901,0.238432,2003,1225,1044,0.94,91.98,70.73,12.75,176.41,0.923184235,0.121926262,-0.336438119,-0.140264917,1.6769056,-0.6109728,1.4294889
seq-12/frame-000789,1,0.00305205,0.157111,1851,1158,990,0.92,91.23,63.26,15.00,170.41,0.921623985,0.122040012,-0.339985564,-0.141863604,1.6701532,-0.6123385,1.4418301
seq-12/frame-000790,1,0.00457053,0.149885,2452,1515,1287,1.35,107.62,96.76,8.47,214.21,0.918410072,0.121616099,-0.347192156,-0.145568095,1.6604205,-0.6170205,1.4708851
seq-12/frame-000791,1,0.00387365,0.176634,2212,1299,1109,0.95,98.79,84.23,7.66,191.63,0.917845496,0.120025703,-0.349684301,-0.144479639,1.6515175,-0.6258208,1.4843051
seq-12/frame-000792,1,0.00302753,0.198246,1853,1132,948,0.90,88.07,75.78,6.95,171.71,0.916935949,0.118528909,-0.353577111,-0.141995036,1.6466506,-0.6229392,1.4927743
seq-12/frame-000793,1,0.00444485,0.183854,2086,1161,1008,1.62,102.58,82.70,17.33,204.23,0.915896280,0.115886460,-0.357273034,-0.141634428,1.6372068,-0.6225527,1.5061464
seq-12/frame-000794,1,0.00650144,0.253745,1926,1168,988,0.92,90.87,79.75,13.08,184.61,0.914546536,0.112333851,-0.361887060,-0.141504397,1.6289199,-0.6322106,1.5210546
seq-12/frame-000795,1,0.00213932,0.086730,2168,1259,1068,0.95,106.36,78.27,8.87,194.44,0.911158118,0.113547716,-0.369437466,-0.142876726,1.6131407,-0.6394325,1.5570353
seq-12/frame-000796,1,0.00652556,0.192795,2047,1232,1028,0.94,89.28,77.58,7.71,175.51,0.910637234,0.115569324,-0.370729285,-0.141220948,1.6021032,-0.6408853,1.5642775
seq-12/frame-000797,1,0.00604531,0.247995,2088,1233,1045,0.94,90.53,81.74,11.42,184.64,0.910413640,0.114684022,-0.372996296,-0.137362082,1.5944594,-0.6467834,1.5713052
seq-12/frame-000798,1,0.00657452,0.276083,2113,1206,985,0.94,85.19,81.84,14.78,182.76,0.909424110,0.113198426,-0.376802411,-0.134736218,1.5853440,-0.6514947,1.5810462
seq-12/frame-000799,1,0.00428208,0.168322,2002,1164,998,0.95,94.48,73.30,8.77,177.51,0.905603475,0.114941981,-0.383825159,-0.139100450,1.5655025,-0.6549619,1.6054477
seq-12/frame-000800,1,0.00444900,0.225463,1963,1100,924,0.92,83.91,74.70,12.78,172.31,0.904416476,0.114395667,-0.385621432,-0.142269391,1.5547710,-0.6568827,1.6113505
seq-12/frame-000801,1,0.00559832,0.143890,1767,1029,853,0.93,86.96,76.41,12.27,176.57,0.902352304,0.113732768,-0.389531502,-0.145225295,1.5430265,-0.6634488,1.6247139
seq-12/frame-000802,1,0.00485663,0.160089,1917,1112,920,0.92,86.27,70.34,10.71,168.24,0.900303701,0.113974667,-0.393537966,-0.146938391,1.5302087,-0.6731940,1.6355928
seq-12/frame-000803,1,0.00422004,0.132544,1640,965,821,0.93,79.62,57.56,10.67,148.78,0.896771701,0.115165375,-0.401227729,-0.146811995,1.5087923,-0.6758720,1.6498020
seq-12/frame-000804,1,0.00393782,0.237140,1773,928,770,0.94,93.47,68.10,11.50,174.02,0.895074551,0.112217474,-0.405622265,-0.147374914,1.4943783,-0.6804434,1.6569388
seq-12/frame-000805,1,0.00218672,0.187736,1556,837,660,0.90,85.95,53.87,18.67,159.39,0.893003705,0.109838780,-0.411199273,-0.146270241,1.4817099,-0.6847761,1.6714998
seq-12/frame-000806,1,0.00433307,0.226850,1757,944,752,0.92,86.79,92.35,8.46,188.52,0.888535456,0.108862830,-0.422001723,-0.143416085,1.4613406,-0.6890283,1.6877414
seq-12/frame-000807,1,0.00343846,0.127120,1847,996,801,0.93,89.44,75.95,7.23,173.55,0.886036661,0.108242038,-0.427659651,-0.142583024,1.4523463,-0.6894655,1.6993248
seq-12/frame-000808,1,0.00238551,0.120872,1898,1056,847,0.95,92.60,66.92,9.44,169.91,0.883853802,0.107513267,-0.432598295,-0.141781768,1.4405300,-0.6889522,1.7083288
seq-12/frame-000809,1,0.00304756,0.182311,2038,1163,955,0.96,81.98,83.62,6.69,173.25,0.882143356,0.106229951,-0.436526078,-0.141362233,1.4297227,-0.6893807,1.7160110
seq-12/frame-000810,1,0.00338607,0.142235,2189,1205,983,0.96,101.85,88.02,14.97,205.80,0.878500170,0.103206541,-0.444511863,-0.141403907,1.4063662,-0.6945059,1.7333282
seq-12/frame-000811,1,0.00501455,0.213618,1872,1030,826,0.93,91.53,77.06,23.17,192.70,0.876981322,0.102209262,-0.448001280,-0.140541382,1.3931741,-0.6993792,1.7394207
seq-12/frame-000812,1,0.00549750,0.154289,1618,792,592,8.92,81.39,63.57,13.20,167.08,0.874466665,0.101669609,-0.453640392,-0.138498150,1.3824231,-0.7038112,1.7490928
seq-12/frame-000813,1,0.00346093,0.192906,1997,1173,958,0.95,97.69,89.68,21.20,209.52,0.869491302,0.102239757,-0.463971131,-0.135139548,1.3627530,-0.6953138,1.7598031
seq-12/frame-000814,1,0.00406328,0.183670,1868,1113,887,0.94,88.94,66.47,11.64,168.00,0.867203553,0.100162988,-0.468860337,-0.134518987,1.3510555,-0.6975600,1.7681648
seq-12/frame-000815,1,0.00273898,0.146357,1853,1068,851,0.92,83.00,69.74,8.68,162.35,0.864642074,0.100593902,-0.473539384,-0.134295952,1.3363899,-0.6977111,1.7753421
seq-12/frame-000816,1,0.00293106,0.120209,1572,936,740,0.90,76.58,65.97,11.44,154.88,0.859074927,0.101917749,-0.483531186,-0.133419020,1.3170837,-0.7018409,1.7890854
seq-12/frame-000817,1,0.00645654,0.221298,1508,854,669,0.88,74.23,62.06,9.55,146.71,0.856450049,0.102400582,-0.488741829,-0.130915463,1.3067065,-0.7011828,1.7913490
seq-12/frame-000818,1,0.00331572,0.083427,1701,994,790,0.88,80.11,75.62,10.51,167.14,0.852246132,0.104602396,-0.495948830,-0.129497596,1.2975183,-0.7045758,1.8048719
seq-12/frame-000819,1,0.00503286,0.133113,2058,1235,1014,0.94,93.00,77.93,11.05,182.92,0.846650776,0.108216285,-0.503936170,-0.132363273,1.2855604,-0.6968207,1.8140704
seq-12/frame-000820,1,0.00446066,0.137706,2155,1214,980,0.96,98.66,89.80,14.59,204.01,0.844438569,0.106517804,-0.507355078,-0.134789781,1.2738037,-0.7038211,1.8230301
seq-12/frame-000821,1,0.00606042,0.148514,1613,1034,840,0.90,81.90,58.51,7.22,148.53,0.842126144,0.107031714,-0.510926917,-0.135356771,1.2672758,-0.7090296,1.8230283
seq-12/frame-000822,1,0.00525571,0.095326,1580,963,797,0.88,96.67,54.33,9.28,161.16,0.835142444,0.110221770,-0.521496002,-0.135757801,1.2527177,-0.7127984,1.8292325
seq-12/frame-000823,1,0.00344404,0.118030,1482,870,708,0.87,75.10,53.61,6.63,136.21,0.831875475,0.111613299,-0.526440191,-0.135596424,1.2443435,-0.7170178,1.8310609
seq-12/frame-000824,1,0.00797770,0.135626,1610,948,752,0.92,78.82,73.58,16.63,169.96,0.823732211,0.114199647,-0.539225963,-0.132887341,1.2376210,-0.7143980,1.8351485
seq-12/frame-000825,1,0.00402694,0.123900,1669,968,781,0.92,81.01,61.96,8.21,152.11,0.820048564,0.113638334,-0.544585443,-0.134288408,1.2271636,-0.7165590,1.8409537
seq-12/frame-000826,1,0.00110665,0.139942,1689,1066,858,0.90,90.01,64.83,6.83,162.56,0.817061835,0.113481742,-0.549095699,-0.134260070,1.2187210,-0.7187335,1.8422986
seq-12/frame-000827,1,0.00891979,0.145216,1651,991,830,1.56,77.78,73.06,10.34,162.74,0.809793766,0.113044807,-0.560113616,-0.133145279,1.2120097,-0.7197125,1.8471461
seq-12/frame-000828,1,0.00726272,0.145120,1681,899,728,0.92,73.04,67.36,8.55,149.88,0.806567118,0.111105697,-0.564943419,-0.133955003,1.2020431,-0.7236556,1.8500556
seq-12/frame-000829,1,0.00720674,0.118983,1648,990,815,1.07,80.12,53.88,5.29,140.36,0.800786312,0.111460750,-0.573006442,-0.134094744,1.1910361,-0.7196012,1.8515075
seq-12/frame-000830,1,0.00787355,0.159380,1583,899,703,1.11,90.83,57.10,6.68,155.72,0.797109256,0.110255381,-0.578255295,-0.134467088,1.1848707,-0.7202632,1.8513974
seq-12/frame-000831,1,0.00820637,0.164949,1721,930,735,0.93,86.28,72.30,9.78,169.30,0.789564604,0.108648370,-0.587801759,-0.138824929,1.1686449,-0.7164983,1.8542538
seq-12/frame-000832,1,0.01056129,0.221096,1624,874,681,0.95,97.24,74.85,9.34,182.38,0.786372199,0.106609880,-0.592427799,-0.138861088,1.1650136,-0.7171185,1.8542786
seq-12/frame-000833,1,0.00946474,0.194470,1868,971,768,0.95,86.61,86.30,14.67,188.54,0.778787178,0.105374968,-0.601681500,-0.142709564,1.1470869,-0.7114500,1.8555825
seq-12/frame-000834,1,0.00884800,0.186037,1694,917,733,0.93,94.58,74.45,6.35,176.31,0.776112472,0.104483184,-0.604789830,-0.144782448,1.1422418,-0.7057159,1.8527094
seq-12/frame-000835,1,0.01214596,0.197068,1832,911,701,1.02,88.96,66.61,7.77,164.37,0.768291982,0.099443425,-0.614205696,-0.150299030,1.1247551,-0.7047547,1.8575089
seq-12/frame-000836,1,0.01040329,0.165760,1793,919,700,0.93,86.57,70.49,6.73,164.72,0.765543963,0.099221934,-0.617320011,-0.151701853,1.1162855,-0.7043777,1.8561522
seq-12/frame-000837,1,0.00893196,0.156664,1850,966,745,0.97,79.55,85.15,15.49,181.16,0.759873535,0.098154388,-0.624278588,-0.152427594,1.1032890,-0.6980827,1.8514989
seq-12/frame-000838,1,0.01099262,0.179884,1885,1039,814,0.95,82.53,75.82,8.74,168.05,0.757008316,0.097574363,-0.627801907,-0.152585775,1.0984273,-0.6985781,1.8514046
seq-12/frame-000839,1,0.00964413,0.215085,1861,996,789,1.36,82.71,68.40,15.07,167.54,0.751917926,0.096641407,-0.633829698,-0.153426804,1.0862813,-0.6915418,1.8468593
seq-12/frame-000840,1,0.01252303,0.212113,1725,899,708,0.96,86.33,68.43,7.81,163.53,0.745875752,0.095352220,-0.640568096,-0.155723572,1.0775859,-0.6871397,1.8437587
seq-12/frame-000841,1,0.01104129,0.155968,1745,829,600,0.93,83.74,56.32,5.99,146.97,0.742568909,0.094755451,-0.643812161,-0.158488865,1.0719353,-0.6823553,1.8399934
seq-12/frame-000842,1,0.01224108,0.228207,1901,1002,761,1.31,94.45,81.23,6.72,183.71,0.736855947,0.091383065,-0.649517097,-0.163768097,1.0603820,-0.6812933,1.8367449
seq-12/frame-000843,1,0.00702197,0.171698,1978,895,658,1.10,101.26,82.08,10.02,194.46,0.734186181,0.090325067,-0.652423316,-0.164790325,1.0551240,-0.6757437,1.8348975
seq-12/frame-000844,1,0.00930205,0.212162,2521,1140,827,1.19,118.74,93.74,11.40,225.08,0.729680056,0.086426804,-0.657207673,-0.167855586,1.0442988,-0.6792611,1.8334577
seq-12/frame-000845,1,0.00931367,0.169135,2600,1187,849,1.02,116.15,94.73,6.99,218.89,0.727916395,0.086876138,-0.659072652,-0.167968741,1.0422056,-0.6763307,1.8331338
seq-12/frame-000846,1,0.00778268,0.175405,2760,1321,986,1.01,105.84,108.18,9.78,224.81,0.725096207,0.084809402,-0.662082616,-0.169379652,1.0361612,-0.6711209,1.8320491
seq-12/frame-000847,1,0.00726895,0.209892,2835,1348,1013,1.02,110.96,107.52,12.23,231.73,0.723928454,0.085066074,-0.662690494,-0.171850708,1.0332334,-0.6705422,1.8293705
seq-12/frame-000848,1,0.00773062,0.181205,2714,1261,926,1.02,108.46,107.68,15.78,232.94,0.721143263,0.086011211,-0.664564535,-0.175807979,1.0295978,-0.6694873,1.8272813
seq-12/frame-000849,1,0.00846194,0.164278,2812,1308,940,1.05,108.87,121.72,9.16,240.81,0.718402677,0.086239359,-0.666734844,-0.178675724,1.0265025,-0.6684097,1.8244766
seq-12/frame-000850,1,0.00695673,0.136202,2854,1299,960,1.12,120.51,131.95,10.39,263.96,0.717261065,0.087069029,-0.667660027,-0.179403560,1.0256195,-0.6644753,1.8233868
seq-12/frame-000851,1,0.00571580,0.199210,2397,1044,749,0.93,92.48,106.31,6.41,206.14,0.716001294,0.082738302,-0.668996711,-0.181493582,1.0272057,-0.6568927,1.8192422
seq-12/frame-000852,1,0.01340372,0.244199,2805,1306,925,1.05,104.32,114.92,12.76,233.05,0.714985769,0.079326337,-0.669899916,-0.183675762,1.0313766,-0.6636547,1.8179695
seq-12/frame-000853,1,0.00931069,0.216570,2829,1312,956,0.99,137.97,118.55,10.74,268.26,0.713863573,0.077885898,-0.671046737,-0.184469136,1.0322879,-0.6564082,1.8127485
seq-12/frame-000854,1,0.00767625,0.203183,2839,1342,971,0.97,131.61,121.52,9.35,263.45,0.713507163,0.076861447,-0.671249400,-0.185537301,1.0337067,-0.6518991,1.8099515
seq-12/frame-000855,1,0.00932973,0.220941,2971,1354,960,1.02,123.51,129.11,15.20,268.84,0.712650050,0.072098460,-0.671962109,-0.188145269,1.0383983,-0.6515573,1.8052011
seq-12/frame-000856,1,0.01365798,0.284067,2793,1204,840,0.97,130.05,118.04,14.35,263.42,0.712784402,0.070224951,-0.671731105,-0.189167055,1.0441860,-0.6513102,1.8030103
seq-12/frame-000857,1,0.00814381,0.205721,3050,1333,943,1.04,124.45,127.13,10.60,263.22,0.714052111,0.066911392,-0.670253995,-0.190819366,1.0460943,-0.6466913,1.7950885
seq-12/frame-000858,1,0.01726016,0.295596,2632,1242,862,0.97,107.34,104.50,7.52,220.33,0.714330369,0.064642498,-0.669843338,-0.191998370,1.0558353,-0.6487217,1.7912668
seq-12/frame-000859,1,0.01109712,0.263336,2821,1330,967,0.96,96.74,122.79,10.19,230.68,0.718639987,0.060994558,-0.665269611,-0.193009269,1.0574860,-0.6449656,1.7846319
seq-12/frame-000860,1,0.01142203,0.271713,2520,1194,868,0.93,96.92,99.55,8.40,205.81,0.720523613,0.059658337,-0.663153152,-0.193686609,1.0621678,-0.6424635,1.7804557
seq-12/frame-000861,1,0.01530195,0.240870,1877,785,536,0.88,83.95,76.66,8.13,169.62,0.724738207,0.056381597,-0.658318339,-0.195429299,1.0756324,-0.6361482,1.7711924
seq-12/frame-000862,1,0.01195822,0.310006,2261,1089,789,0.91,84.61,109.30,18.21,213.03,0.727956062,0.052213609,-0.654681038,-0.196841177,1.0751913,-0.6350547,1.7640800
seq-12/frame-000863,1,0.01613612,0.297887,2365,1167,859,0.92,97.29,96.17,8.77,203.16,0.730286188,0.049016054,-0.652225359,-0.197184156,1.0831303,-0.6361585,1.7577880
seq-12/frame-000864,1,0.01821786,0.339197,2151,1021,741,0.90,114.16,97.84,12.49,225.40,0.735085818,0.042796774,-0.646949932,-0.198174322,1.0940604,-0.6327091,1.7449508
seq-12/frame-000865,1,0.01550139,0.312741,2511,1200,897,1.00,104.85,104.39,7.06,217.30,0.738335529,0.038856401,-0.643588699,-0.197849469,1.0970738,-0.6353645,1.7383458
seq-12/frame-000866,1,0.01559634,0.279426,1855,923,693,0.90,86.58,66.61,8.77,162.87,0.745785505,0.036577455,-0.636541745,-0.193082046,1.1087793,-0.6281446,1.7269750
seq-12/frame-000867,1,0.01388886,0.258220,2186,1103,819,0.92,86.61,83.95,9.74,181.22,0.750638915,0.033399463,-0.631254599,-0.192206469,1.1154544,-0.6287809,1.7170214
seq-12/frame-000868,1,0.01392386,0.313442,2389,1220,939,0.95,106.46,89.10,9.37,205.89,0.754537513,0.033130890,-0.626822077,-0.191493002,1.1176766,-0.6252417,1.7074543
seq-12/frame-000869,1,0.01142439,0.215286,2387,1181,917,0.98,101.40,107.32,8.50,218.20,0.762018370,0.032270188,-0.617952501,-0.190843771,1.1322120,-0.6229686,1.6881657
seq-12/frame-000870,1,0.01127526,0.177820,2637,1215,880,1.15,98.19,108.91,7.95,216.21,0.764998651,0.032477169,-0.614907129,-0.188710150,1.1380086,-0.6192780,1.6781643
seq-12/frame-000871,1,0.01290182,0.281834,2296,1267,978,0.95,96.89,92.56,12.61,203.01,0.771376971,0.034505627,-0.607630334,-0.185936299,1.1501809,-0.6146377,1.6580119
seq-12/frame-000872,1,0.01147247,0.249665,2218,1185,916,0.96,91.63,102.81,9.03,204.43,0.775456393,0.034281579,-0.603053165,-0.183899526,1.1553504,-0.6133022,1.6485615
seq-12/frame-000873,1,0.01297001,0.290522,2052,1091,854,0.94,104.22,77.77,7.44,190.38,0.780088389,0.036114075,-0.597709720,-0.181386247,1.1636040,-0.6086783,1.6371298
seq-12/frame-000874,1,0.01530223,0.243659,1897,939,715,0.91,83.79,73.94,7.72,166.37,0.789175883,0.036709713,-0.586491803,-0.178553040,1.1807424,-0.5966721,1.6148372
seq-12/frame-000875,1,0.01341795,0.275311,2027,1048,796,0.92,94.00,84.09,9.55,188.56,0.793685298,0.037328906,-0.580366085,-0.178452817,1.1858475,-0.5909348,1.6033333
seq-12/frame-000876,1,0.01383367,0.252650,2292,1263,980,0.96,98.92,83.45,16.47,199.81,0.797852321,0.036127611,-0.574936493,-0.177692146,1.1915546,-0.5917424,1.5914226
seq-12/frame-000877,1,0.01140466,0.168598,2635,1334,1063,0.97,107.70,119.81,11.31,239.79,0.805715693,0.039298336,-0.565736644,-0.170938332,1.2023052,-0.5784247,1.5630384
seq-12/frame-000878,1,0.01147792,0.188984,2484,1301,1032,0.94,105.03,103.49,8.77,218.24,0.808603493,0.040569711,-0.562173084,-0.168748075,1.2085874,-0.5666817,1.5497143
seq-12/frame-000879,1,0.01640862,0.267759,2015,984,732,0.91,92.39,92.36,10.51,196.18,0.811672581,0.038621992,-0.558111862,-0.167949731,1.2176676,-0.5630665,1.5373800
seq-12/frame-000880,1,0.01110673,0.188454,2438,1305,994,0.94,104.41,90.00,11.71,207.07,0.815681998,0.037158991,-0.552795128,-0.166432067,1.2180776,-0.5564721,1.5236432
seq-12/frame-000881,1,0.01122144,0.202351,2019,1087,840,0.90,92.68,96.31,8.14,198.03,0.822241422,0.035514913,-0.543998719,-0.163472103,1.2282055,-0.5419188,1.4993371
seq-12/frame-000882,1,0.01108692,0.214277,1861,1010,774,0.86,82.73,81.03,15.59,180.22,0.825735694,0.034621894,-0.538810008,-0.163234994,1.2328025,-0.5327981,1.4846717
seq-12/frame-000883,1,0.01103148,0.206654,2118,1146,918,1.23,96.55,92.71,8.04,198.53,0.828799758,0.032389738,-0.534007754,-0.163943846,1.2381230,-0.5279737,1.4711061
seq-12/frame-000884,1,0.01006160,0.201499,2146,1196,969,0.90,90.03,90.72,8.78,190.43,0.831468198,0.031946445,-0.529451293,-0.165291829,1.2429364,-0.5228372,1.4592526
seq-12/frame-000885,1,0.00701884,0.141658,2836,1493,1199,1.01,104.49,119.07,11.35,235.92,0.836396582,0.032486772,-0.520634815,-0.168299603,1.2495954,-0.5109481,1.4262803
seq-12/frame-000886,1,0.00719349,0.130665,2722,1491,1219,0.98,98.76,116.19,13.31,229.24,0.837147963,0.032832332,-0.519170181,-0.169019671,1.2539244,-0.5059147,1.4123527
seq-12/frame-000887,1,0.01019741,0.156322,2443,1431,1206,0.95,102.05,109.35,9.03,221.39,0.837728372,0.032528625,-0.517965192,-0.169897389,1.2588562,-0.5001200,1.3949581
seq-12/frame-000888,1,0.00923641,0.120225,2422,1459,1223,0.99,113.29,104.75,7.70,226.74,0.837580762,0.030879054,-0.518286678,-0.169952555,1.2609479,-0.4964006,1.3829113
seq-12/frame-000889,1,0.00783919,0.138070,2601,1533,1270,0.98,104.34,96.67,8.53,210.51,0.837220268,0.029227458,-0.518880843,-0.170207666,1.2636173,-0.4899041,1.3597804
seq-12/frame-000890,1,0.00853930,0.116475,3030,1642,1352,0.99,119.05,134.57,9.25,263.87,0.837454990,0.028430191,-0.518954446,-0.168959010,1.2657834,-0.4890810,1.3506854
seq-12/frame-000891,1,0.00812819,0.139484,2922,1625,1340,0.98,119.68,120.09,11.31,252.06,0.838503341,0.029580807,-0.517460857,-0.168140967,1.2656422,-0.4872420,1.3415357
seq-12/frame-000892,1,0.00820878,0.143051,3051,1666,1366,1.02,114.43,127.98,7.42,250.86,0.839645129,0.032469683,-0.515281591,-0.168602073,1.2679046,-0.4816155,1.3311130
seq-12/frame-000893,1,0.00686537,0.140299,2776,1627,1356,0.97,103.82,120.71,10.67,236.17,0.842866968,0.033948037,-0.510127723,-0.167906254,1.2656220,-0.4737752,1.3110952
seq-12/frame-000894,1,0.00725580,0.137174,2666,1625,1355,0.94,93.39,110.49,11.07,215.88,0.845206127,0.034632064,-0.507214314,-0.164805528,1.2649927,-0.4704437,1.3009549
seq-12/frame-000895,1,0.00733779,0.138360,2576,1572,1330,0.93,94.79,105.33,12.31,213.38,0.847735580,0.035735031,-0.504103033,-0.161082358,1.2641446,-0.4672490,1.2910461
seq-12/frame-000896,1,0.00677210,0.113250,2364,1473,1266,0.92,98.07,95.47,9.75,204.20,0.850219172,0.037478307,-0.500986949,-0.157273051,1.2636149,-0.4628927,1.2837034
seq-12/frame-000897,1,0.00724544,0.117088,1975,1289,1104,0.89,81.04,78.39,9.70,170.03,0.853693553,0.038821900,-0.496318772,-0.152865475,1.2623941,-0.4611038,1.2731754
seq-12/frame-000898,1,0.00756781,0.106431,2294,1468,1294,0.91,105.70,84.98,14.43,206.02,0.860287995,0.042430586,-0.487700099,-0.142312422,1.2553695,-0.4485093,1.2464173
seq-12/frame-000899,1,0.00682221,0.090580,2285,1475,1288,0.90,87.61,100.49,7.25,196.25,0.862489417,0.042702885,-0.485489815,-0.136338217,1.2502980,-0.4446816,1.2365797
seq-12/frame-000900,1,0.00720108,0.130160,2198,1430,1241,0.90,99.91,93.54,12.99,207.34,0.864880735,0.043796292,-0.482912889,-0.129839674,1.2459298,-0.4394784,1.2262503
seq-12/frame-000901,1,0.00652802,0.101968,2660,1723,1502,0.97,103.83,121.32,14.53,240.65,0.867086017,0.045632302,-0.479976168,-0.125309261,1.2421442,-0.4291691,1.2147351
seq-12/frame-000902,1,0.00700798,0.115325,2666,1701,1478,1.01,94.13,112.49,7.37,215.01,0.869131922,0.045320803,-0.476691371,-0.123778284,1.2351198,-0.4239627,1.2008124
seq-12/frame-000903,1,0.00611504,0.109981,2331,1562,1370,0.94,99.99,101.94,13.43,216.30,0.872797980,0.042721007,-0.471991241,-0.116717053,1.2200410,-0.4110160,1.1753273
seq-12/frame-000904,1,0.00508127,0.086299,2669,1780,1565,0.99,108.29,110.31,10.45,230.04,0.874561303,0.040035199,-0.469922288,-0.112750844,1.2132987,-0.4076279,1.1673172
seq-12/frame-000905,1,0.00533903,0.093531,2728,1726,1515,0.99,102.19,131.24,14.11,248.54,0.876334323,0.039093021,-0.467030635,-0.111320599,1.2045397,-0.4073811,1.1570748
seq-12/frame-000906,1,0.00555640,0.095105,2586,1675,1452,0.93,109.03,109.98,10.04,229.99,0.878057286,0.040307466,-0.464186063,-0.109187954,1.1976343,-0.4055533,1.1465981
seq-12/frame-000907,1,0.00559010,0.099449,2805,1755,1524,0.99,98.19,117.40,8.08,224.66,0.879960617,0.042179103,-0.460831294,-0.107353410,1.1915376,-0.4008494,1.1350552
seq-12/frame-000908,1,0.00401396,0.093186,2780,1860,1599,1.28,112.13,125.87,7.77,247.06,0.882615735,0.045301835,-0.454686305,-0.110442616,1.1744886,-0.3914883,1.1143053
seq-12/frame-000909,1,0.00551168,0.141896,2783,1777,1558,1.01,94.55,122.71,12.32,230.60,0.884057691,0.045959148,-0.451027633,-0.113595021,1.1648184,-0.3918627,1.1039097
seq-12/frame-000910,1,0.00552052,0.108592,2617,1690,1476,0.98,93.55,120.30,13.91,228.75,0.885404971,0.046775658,-0.448099238,-0.114355357,1.1552765,-0.3921511,1.0930921
seq-12/frame-000911,1,0.00452049,0.091020,2799,1843,1569,0.96,100.85,118.34,8.83,228.99,0.886192072,0.049111081,-0.446417175,-0.113857011,1.1467775,-0.3896865,1.0847083
seq-12/frame-000912,1,0.00500915,0.100982,2212,1550,1349,0.92,93.00,105.34,14.87,214.13,0.889620147,0.054800054,-0.438486871,-0.115335216,1.1302624,-0.3864175,1.0700352
seq-12/frame-000913,1,0.00318878,0.079373,2555,1681,1442,0.93,90.83,97.72,7.92,197.41,0.891320715,0.058644161,-0.434706492,-0.114623345,1.1191744,-0.3822017,1.0601844
seq-12/frame-000914,1,0.00399769,0.083608,2315,1635,1424,1.28,91.60,98.54,8.47,199.89,0.892711498,0.061420955,-0.431752740,-0.113504269,1.1128010,-0.3787848,1.0544833
seq-12/frame-000915,1,0.00484349,0.098942,2389,1616,1397,0.93,90.13,94.68,16.26,202.01,0.895061557,0.063660843,-0.426820615,-0.112411160,1.1014140,-0.3766897,1.0416356
seq-12/frame-000916,1,0.00349824,0.087917,2360,1548,1344,0.97,106.27,118.14,9.81,235.18,0.896291485,0.066008886,-0.424326596,-0.110685774,1.0895115,-0.3722943,1.0299659
seq-12/frame-000917,1,0.00438874,0.101775,1909,1305,1139,0.89,86.49,82.24,9.36,178.99,0.898471085,0.070464570,-0.419631243,-0.108139139,1.0717354,-0.3703678,1.0202208
seq-12/frame-000918,1,0.00444925,0.086050,2296,1521,1312,0.94,112.46,91.36,7.73,212.49,0.900236966,0.074844601,-0.415395195,-0.106857487,1.0602410,-0.3654324,1.0104312
seq-12/frame-000919,1,0.00360577,0.068200,2582,1746,1534,0.97,104.56,138.95,15.14,259.62,0.901600594,0.078489837,-0.411982737,-0.105952527,1.0503590,-0.3597792,1.0031247
seq-12/frame-000920,1,0.00406835,0.069801,2557,1772,1541,0.98,97.90,130.66,10.61,240.15,0.903291240,0.080855403,-0.407891361,-0.105602927,1.0396979,-0.3565663,0.9953464
seq-12/frame-000921,1,0.00435362,0.098027,2648,1853,1613,0.99,118.47,114.37,10.26,244.09,0.905079407,0.083025958,-0.403554274,-0.105270629,1.0275331,-0.3531725,0.9852811
seq-12/frame-000922,1,0.00327336,0.112310,2263,1587,1374,0.95,92.37,102.07,11.63,207.02,0.907024661,0.084999851,-0.398832645,-0.104946709,1.0144976,-0.3502567,0.9794052
seq-12/frame-000923,1,0.00500696,0.106932,2516,1674,1463,1.01,118.80,127.92,15.25,262.99,0.911237506,0.088193810,-0.388647445,-0.104025108,0.9858874,-0.3394545,0.9512023
seq-12/frame-000924,1,0.00485585,0.111952,2581,1745,1531,0.98,102.25,110.77,8.09,222.10,0.912068127,0.086932000,-0.387130776,-0.103461691,0.9736647,-0.3347933,0.9441495
seq-12/frame-000925,1,0.00504094,0.113738,2550,1716,1490,0.97,91.70,127.46,14.21,234.34,0.913455013,0.085146500,-0.383861077,-0.104884151,0.9595621,-0.3326646,0.9381034
seq-12/frame-000926,1,0.00552831,0.120178,2552,1719,1486,1.02,89.41,119.90,12.49,222.83,0.915324647,0.083588068,-0.379509425,-0.105671292,0.9417529,-0.3330617,0.9271353
seq-12/frame-000927,1,0.00417668,0.104530,2450,1654,1449,1.02,83.04,115.66,8.60,208.32,0.916605248,0.083834561,-0.376589680,-0.104817933,0.9242713,-0.3282278,0.9155259
seq-12/frame-000928,1,0.00393583,0.084125,2433,1677,1443,1.01,85.85,111.43,8.77,207.07,0.917539445,0.082985757,-0.374885895,-0.103418067,0.9097768,-0.3250486,0.9079494
seq-12/frame-000929,1,0.00410965,0.069466,2444,1643,1428,1.01,100.91,106.09,12.05,220.06,0.918208402,0.082618664,-0.373551488,-0.102600066,0.8977801,-0.3250933,0.9023401
seq-12/frame-000930,1,0.00624227,0.114878,2379,1609,1410,0.99,101.80,99.92,7.41,210.12,0.919991020,0.086836870,-0.368439671,-0.101627208,0.8692433,-0.3187394,0.8818324
seq-12/frame-000931,1,0.00631509,0.118140,2282,1522,1361,0.98,92.57,85.30,15.23,194.08,0.920445354,0.087814110,-0.367334419,-0.100670043,0.8548395,-0.3144975,0.8726777
seq-12/frame-000932,1,0.00525329,0.134222,2546,1695,1498,0.99,98.34,114.95,9.19,223.46,0.920315938,0.089490252,-0.367045089,-0.101429642,0.8409770,-0.3098289,0.8677732
seq-12/frame-000933,1,0.00618920,0.131813,2602,1723,1514,1.00,97.90,114.45,7.58,220.93,0.920359868,0.090048306,-0.366274768,-0.103304451,0.8294587,-0.3083309,0.8621571
seq-12/frame-000934,1,0.00507136,0.108926,2398,1561,1341,0.95,105.40,91.69,18.51,216.56,0.920519557,0.091860018,-0.364753489,-0.105642673,0.8150252,-0.3078263,0.8551235
seq-12/frame-000935,1,0.00588863,0.119486,1760,1194,1028,0.91,87.55,68.23,10.15,166.85,0.920084597,0.097048558,-0.364577992,-0.105398292,0.7853369,-0.3031468,0.8371800
seq-12/frame-000936,1,0.00806471,0.133785,2276,1507,1321,0.96,92.49,104.17,9.86,207.48,0.919274362,0.098494458,-0.366359134,-0.104949862,0.7778838,-0.3014638,0.8326975
seq-12/frame-000937,1,0.00740080,0.151178,2070,1410,1214,0.96,79.65,103.95,9.48,194.06,0.919010060,0.100036228,-0.366481095,-0.105379644,0.7645020,-0.2983047,0.8268842
seq-12/frame-000938,1,0.00918559,0.193669,1771,1180,1035,0.95,83.13,86.94,8.34,179.36,0.918328226,0.100936996,-0.367403289,-0.107237193,0.7525997,-0.2970004,0.8198581
seq-12/frame-000939,1,0.00955318,0.200633,1747,1166,994,0.92,75.72,79.55,6.60,162.80,0.917463393,0.102104906,-0.368825145,-0.108644021,0.7376752,-0.2963662,0.8135086
seq-12/frame-000940,1,0.00922009,0.185730,1681,1098,948,1.17,84.53,75.22,6.59,167.51,0.916152204,0.104359356,-0.370915371,-0.110435733,0.7254969,-0.2983346,0.8109090
seq-12/frame-000941,1,0.01149093,0.200035,1675,1097,947,0.94,77.97,61.77,7.52,148.20,0.913844461,0.108849884,-0.374891139,-0.111788362,0.7005532,-0.2893283,0.8006064
seq-12/frame-000942,1,0.00788328,0.162382,1599,1020,880,0.94,70.91,67.86,11.62,151.32,0.912661340,0.109534928,-0.377340773,-0.112540301,0.6858044,-0.2866961,0.7993129
seq-12/frame-000943,1,0.00879502,0.149253,1583,1024,834,0.94,83.70,77.89,6.89,169.43,0.911603230,0.109736467,-0.379599763,-0.113320248,0.6721602,-0.2855258,0.7934409
seq-12/frame-000944,1,0.01163033,0.202524,1678,1102,938,0.94,89.12,71.99,11.17,173.22,0.910136803,0.110209349,-0.382755160,-0.114032392,0.6591871,-0.2831533,0.7919751
seq-12/frame-000945,1,0.01205758,0.203884,1903,1217,1050,0.97,84.12,73.90,7.10,166.09,0.909019477,0.110072117,-0.385117612,-0.115117957,0.6457977,-0.2812580,0.7917195
seq-12/frame-000946,1,0.01081803,0.184978,2000,1170,1001,0.97,78.00,93.42,8.71,181.10,0.908546731,0.110108232,-0.386064766,-0.115641738,0.6296333,-0.2789654,0.7917890
seq-12/frame-000947,1,0.01692523,0.274067,1788,1139,962,0.97,84.36,72.75,9.38,167.47,0.906939953,0.109598934,-0.389436304,-0.117419592,0.6013787,-0.2787249,0.7822676
seq-12/frame-000948,1,0.01277475,0.234857,1628,1002,831,0.94,75.69,60.45,6.98,144.05,0.906061161,0.109370757,-0.391294895,-0.118235001,0.5813009,-0.2774719,0.7800915
seq-12/frame-000949,1,0.01859232,0.303115,1725,1041,880,0.94,84.19,71.79,13.26,170.18,0.904663146,0.109648600,-0.394000558,-0.119688504,0.5675425,-0.2781798,0.7773852
seq-12/frame-000950,1,0.01132085,0.185718,1927,1200,990,0.96,81.40,65.93,10.31,158.60,0.903785107,0.111152519,-0.395243982,-0.120829605,0.5457575,-0.2735503,0.7800463
seq-12/frame-000951,1,0.01227506,0.150595,1657,1017,842,0.92,87.61,68.06,8.69,165.27,0.903290513,0.110802663,-0.396969468,-0.119181632,0.5299877,-0.2742562,0.7761261
seq-12/frame-000952,1,0.01616531,0.208062,1424,765,622,0.90,79.34,49.40,10.00,139.64,0.902594653,0.110097574,-0.400296990,-0.113858407,0.5132332,-0.2760256,0.7712568
seq-12/frame-000953,1,0.01506229,0.235552,2179,1316,1119,0.98,93.90,85.14,7.66,187.69,0.901361003,0.108671850,-0.404387509,-0.110496668,0.4802900,-0.2722209,0.7732239
seq-12/frame-000954,1,0.01226982,0.172298,1995,1182,1001,0.97,92.71,83.81,12.19,189.68,0.900925508,0.109101496,-0.404961488,-0.111518098,0.4623044,-0.2701847,0.7738111
seq-12/frame-000955,1,0.01123107,0.153640,2078,1245,1036,0.96,98.57,75.48,9.72,184.74,0.900506101,0.109073651,-0.405732542,-0.112128523,0.4428507,-0.2678993,0.7726581
seq-12/frame-000956,1,0.01724109,0.250942,1911,1102,926,0.95,94.54,89.68,13.88,199.06,0.900064114,0.107354678,-0.407372500,-0.111387659,0.4298757,-0.2717581,0.7681162
seq-12/frame-000957,1,0.01430111,0.206833,1617,765,581,0.91,96.20,69.67,5.99,172.77,0.899373215,0.106655535,-0.409635607,-0.109321027,0.4109118,-0.2726736,0.7667520
seq-12/frame-000958,1,0.02227371,0.311350,1605,771,604,0.89,76.95,75.61,7.74,161.19,0.897709909,0.106462058,-0.413499980,-0.108630186,0.4036099,-0.2798681,0.7651943
seq-12/frame-000959,1,0.01543220,0.252303,2448,1463,1216,0.96,92.71,98.74,16.85,209.28,0.896109585,0.111486564,-0.415044319,-0.110889910,0.3669643,-0.2716868,0.7676350
seq-12/frame-000960,1,0.01504822,0.233160,2284,1366,1151,0.95,99.63,81.71,6.79,189.09,0.895676294,0.112745872,-0.415019975,-0.113184649,0.3526094,-0.2715130,0.7651688
seq-12/frame-000961,1,0.01248726,0.195235,2209,1339,1111,0.96,91.85,79.72,10.32,182.86,0.895124697,0.114163300,-0.415421659,-0.114644505,0.3378276,-0.2677592,0.7652005
seq-12/frame-000962,1,0.01243073,0.191672,2015,1263,1056,0.96,81.10,81.73,12.12,175.93,0.894939712,0.113822964,-0.415876609,-0.114777569,0.3230134,-0.2653092,0.7619478
seq-12/frame-000963,1,0.01473064,0.232283,1888,1129,938,0.95,80.52,70.64,9.70,161.81,0.894315436,0.111885794,-0.417593519,-0.115313149,0.3093148,-0.2688510,0.7586743
seq-12/frame-000964,1,0.01417323,0.220976,2276,1370,1126,0.96,99.24,86.77,10.53,197.50,0.893335347,0.112287126,-0.419022947,-0.117317219,0.2969871,-0.2690527,0.7624584
seq-12/frame-000965,1,0.01394694,0.234537,2477,1448,1157,0.95,112.59,98.71,11.19,223.44,0.893098546,0.115013670,-0.417723240,-0.121054276,0.2695336,-0.2610471,0.7606062
seq-12/frame-000966,1,0.01308221,0.237283,2435,1373,1124,0.97,97.23,88.18,16.37,202.76,0.893419977,0.113367324,-0.417112792,-0.122333614,0.2541140,-0.2610559,0.7600597
seq-12/frame-000967,1,0.01340163,0.190070,2511,1462,1156,0.99,103.33,98.73,11.16,214.21,0.893858982,0.113042833,-0.416484156,-0.121566387,0.2412416,-0.2607000,0.7587730
seq-12/frame-000968,1,0.01197131,0.202350,2531,1469,1182,0.98,99.61,93.59,9.32,203.51,0.894244947,0.113494581,-0.415417057,-0.121957470,0.2274223,-0.2559900,0.7585011
seq-12/frame-000969,1,0.01464352,0.246294,2430,1400,1123,0.95,101.32,94.70,21.67,218.63,0.895227823,0.112169660,-0.413249292,-0.123329378,0.2005103,-0.2604399,0.7557614
seq-12/frame-000970,1,0.01329480,0.225260,2351,1286,1039,0.96,103.55,98.78,8.63,211.92,0.895999623,0.114271242,-0.411238239,-0.122514778,0.1867617,-0.2590624,0.7549646
seq-12/frame-000971,1,0.01551047,0.246191,2400,1397,1146,0.97,102.38,85.11,12.82,201.28,0.896753559,0.115921447,-0.409473112,-0.121355030,0.1738852,-0.2563382,0.7512798
seq-12/frame-000972,1,0.01085453,0.184955,2379,1450,1186,0.93,100.42,88.08,8.76,198.19,0.897816355,0.117506329,-0.407256769,-0.119415158,0.1598819,-0.2526969,0.7530559
seq-12/frame-000973,1,0.01421893,0.258216,2450,1378,1099,0.93,100.88,90.06,19.37,211.25,0.901466741,0.119843857,-0.399790471,-0.114729004,0.1344368,-0.2526470,0.7455706
seq-12/frame-000974,1,0.01255225,0.243014,2475,1379,1085,0.94,111.99,97.32,12.23,222.49,0.902864304,0.121728214,-0.396562279,-0.112945334,0.1208597,-0.2512632,0.7458154
seq-12/frame-000975,1,0.01628284,0.300160,2501,1401,1118,0.98,120.48,90.28,13.13,224.87,0.904575043,0.123518211,-0.392393485,-0.111868654,0.1073832,-0.2466242,0.7400603
seq-12/frame-000976,1,0.01363153,0.261020,2592,1277,970,0.99,101.68,99.11,11.74,213.52,0.906184694,0.124004393,-0.388918379,-0.110429636,0.0918569,-0.2415736,0.7385451
seq-12/frame-000977,1,0.01712000,0.299801,2617,1312,1001,0.97,96.05,91.39,11.97,200.39,0.907696201,0.122940485,-0.385873349,-0.109886319,0.0797889,-0.2405773,0.7310910
seq-12/frame-000978,1,0.01524911,0.254060,2447,1261,961,0.93,105.30,109.15,15.24,230.62,0.909024383,0.121809100,-0.383372748,-0.108915332,0.0678438,-0.2360471,0.7309191
seq-12/frame-000979,1,0.01255348,0.248420,2419,1188,893,0.95,101.03,83.86,10.91,196.77,0.912827450,0.117068113,-0.377132233,-0.103982603,0.0329907,-0.2357213,0.7231103
seq-12/frame-000980,1,0.01236164,0.215069,2537,1159,887,0.98,96.05,96.78,7.59,201.40,0.913716024,0.116195232,-0.376326992,-0.099998450,0.0224397,-0.2374263,0.7230156
seq-12/frame-000981,1,0.01734123,0.332426,2516,1352,1061,2.19,99.81,95.73,13.05,210.79,0.914993220,0.116938182,-0.373579807,-0.097729201,0.0126106,-0.2348276,0.7185623
seq-12/frame-000982,1,0.01124188,0.231186,2460,1200,913,0.93,103.40,102.80,9.77,216.90,0.916570590,0.117979257,-0.369791682,-0.096090378,-0.0008008,-0.2240142,0.7196462
seq-12/frame-000983,1,0.01456846,0.283304,2519,1183,892,0.97,98.38,102.71,6.37,208.43,0.918663647,0.114899699,-0.366280677,-0.093239630,-0.0159387,-0.2244135,0.7113837
seq-12/frame-000984,1,0.01490870,0.285374,2592,1182,871,0.97,107.02,99.06,12.54,219.60,0.919569782,0.113435579,-0.364886796,-0.091550046,-0.0269666,-0.2216927,0.7102834
seq-12/frame-000985,1,0.01119224,0.213366,2579,1211,907,0.99,112.97,91.72,6.62,212.31,0.920863294,0.109938192,-0.361935936,-0.094481567,-0.0523979,-0.2176214,0.7079725
seq-12/frame-000986,1,0.00837589,0.173649,2588,1310,1002,1.37,111.53,93.05,14.14,220.08,0.921163567,0.110168702,-0.360414963,-0.097064900,-0.0656488,-0.2133733,0.7084438
seq-12/frame-000987,1,0.01263446,0.229010,2168,1243,1006,0.89,101.00,86.63,8.93,197.46,0.921183225,0.109804630,-0.359588130,-0.100303472,-0.0746725,-0.2067003,0.7006259
seq-12/frame-000988,1,0.00887189,0.198204,2449,1302,1002,0.95,116.31,103.18,12.25,232.70,0.921610595,0.106736190,-0.358693558,-0.102860239,-0.0885471,-0.2092117,0.7030941
seq-12/frame-000989,1,0.01285444,0.271936,2640,1217,910,0.98,107.19,101.84,10.14,220.15,0.921782297,0.106175786,-0.357536336,-0.105886105,-0.1003359,-0.2126395,0.6966415
seq-12/frame-000990,1,0.01233507,0.244672,2658,1425,1096,0.98,106.40,107.50,9.16,224.04,0.921779324,0.107689676,-0.356659791,-0.107329425,-0.1115028,-0.2062282,0.6933501
seq-12/frame-000991,1,0.01327289,0.236907,2704,1359,1036,1.00,103.83,121.40,21.54,247.77,0.921725821,0.107375243,-0.356425244,-0.108872004,-0.1210811,-0.2053674,0.6914857
seq-12/frame-000992,1,0.00965584,0.159047,2520,1360,1072,0.95,97.49,96.74,17.52,212.70,0.921621084,0.109282838,-0.355232538,-0.111721452,-0.1444915,-0.2038624,0.6880697
seq-12/frame-000993,1,0.01383424,0.258045,2479,1338,1059,0.95,89.42,100.65,11.39,202.41,0.921550301,0.109575410,-0.354778847,-0.113447087,-0.1564400,-0.2022112,0.6801731
seq-12/frame-000994,1,0.00971464,0.216858,2464,1420,1128,0.92,98.08,98.22,9.54,206.76,0.920944544,0.110415503,-0.355723246,-0.114588554,-0.1668144,-0.2046527,0.6845134
seq-12/frame-000995,1,0.01255549,0.264156,2349,1283,1042,0.92,98.12,88.96,12.25,200.25,0.920782760,0.112698344,-0.355264781,-0.115087477,-0.1807335,-0.2022701,0.6779070
seq-12/frame-000996,1,0.01008818,0.220345,2160,1146,908,0.93,86.69,95.61,10.20,193.43,0.920017373,0.114219321,-0.356691463,-0.115296056,-0.1914593,-0.1980317,0.6761701
seq-12/frame-000997,1,0.01107176,0.188476,2084,1134,896,0.92,93.61,73.31,9.81,177.66,0.919228791,0.114381876,-0.358744937,-0.115053408,-0.2017788,-0.1977372,0.6735782
seq-12/frame-000998,1,0.01274181,0.279804,1991,944,690,0.92,92.81,72.72,10.33,176.78,0.918373910,0.115584959,-0.361317895,-0.112600428,-0.2270847,-0.1908490,0.6670835
seq-12/frame-000999,1,0.01128717,0.191450,1778,921,697,0.92,88.29,56.65,10.92,156.78,0.917340326,0.114720583,-0.364290626,-0.112331003,-0.2374049,-0.1886876,0.6662455
seq-14/frame-000000,1,0.00413947,0.095164,2694,1684,1472,1.02,113.56,109.33,7.31,231.22,0.998700519,0.034846694,0.036674610,-0.006160745,-0.2851989,0.1634150,-0.0004118
seq-14/frame-000001,1,0.00333541,0.089207,2655,1686,1473,0.96,97.36,102.70,7.04,208.06,0.998683997,0.034552768,0.037283557,-0.006805585,-0.2846882,0.1665717,-0.0006154
seq-14/frame-000002,1,0.00449260,0.107695,2672,1698,1483,1.03,106.13,112.11,7.48,226.75,0.998694095,0.033282627,0.038170520,-0.006736740,-0.2845697,0.1682512,-0.0004377
seq-14/frame-000003,1,0.00362568,0.089561,2754,1747,1517,0.96,107.23,118.30,8.11,234.60,0.998700429,0.031492874,0.039529312,-0.006564010,-0.2865635,0.1671559,0.0020281
seq-14/frame-000004,1,0.00274423,0.072302,2822,1748,1515,1.01,111.09,137.53,5.73,255.36,0.998696586,0.030797003,0.040259585,-0.005986651,-0.2881642,0.1679681,0.0043394
seq-14/frame-000005,1,0.00351055,0.076937,2842,1793,1557,1.00,123.98,119.40,10.30,254.68,0.998716986,0.029881527,0.040561191,-0.005125115,-0.2891329,0.1671697,0.0051085
seq-14/frame-000006,1,0.00382671,0.074826,2739,1731,1519,1.01,113.37,112.00,11.98,238.38,0.998707656,0.029618691,0.041160135,-0.003405126,-0.2895163,0.1677731,0.0055416
seq-14/frame-000007,1,0.00369012,0.103973,2612,1674,1442,0.95,108.07,122.26,8.83,240.11,0.998700277,0.029132024,0.041805840,-0.001163395,-0.2907833,0.1710320,0.0075070
seq-14/frame-000008,1,0.00263899,0.086065,2636,1679,1455,0.97,113.89,107.31,7.24,229.41,0.998722696,0.027255814,0.042523134,0.001370840,-0.2940353,0.1698330,0.0108699
seq-14/frame-000009,1,0.00198770,0.096786,2127,1496,1325,0.92,89.56,101.24,6.74,198.47,0.998703486,0.026754618,0.042970646,0.005390764,-0.2958777,0.1682749,0.0150162
seq-14/frame-000010,1,0.00170612,0.077720,1965,1341,1210,0.90,87.30,76.98,6.94,172.13,0.998620648,0.027747614,0.043036890,0.011605952,-0.2999200,0.1679486,0.0184189
seq-14/frame-000011,1,0.00192059,0.069626,2164,1486,1331,0.93,85.86,95.96,12.67,195.42,0.998519707,0.029274978,0.042304206,0.017655712,-0.3030448,0.1699186,0.0207392
seq-14/frame-000012,1,0.00310304,0.123195,2214,1482,1305,0.94,77.87,86.90,9.54,175.26,0.998486590,0.029301419,0.040873771,0.022255152,-0.3056187,0.1725152,0.0218229
seq-14/frame-000013,1,0.00350849,0.101341,2201,1426,1243,0.93,86.40,83.57,6.66,177.56,0.998490198,0.027811082,0.039741136,0.025778112,-0.3072833,0.1747369,0.0249067
seq-14/frame-000014,1,0.00101634,0.046283,2135,1500,1341,1.20,93.84,83.40,8.71,187.15,0.998414246,0.026053599,0.039700095,0.030234185,-0.3108146,0.1728509,0.0304016
seq-14/frame-000015,1,0.00181528,0.076052,1958,1361,1238,0.92,94.91,81.48,9.79,187.11,0.998271891,0.025729862,0.039116249,0.035512321,-0.3152819,0.1721283,0.0341589
seq-14/frame-000016,1,0.00099518,0.064807,2405,1606,1394,0.94,114.13,92.21,7.46,214.74,0.998131488,0.025490986,0.037538197,0.040922204,-0.3176137,0.1709149,0.0380718
seq-14/frame-000017,1,0.00194101,0.094913,2256,1521,1360,1.24,102.22,88.39,6.96,198.81,0.997921537,0.025670701,0.036996765,0.046096210,-0.3175907,0.1685847,0.0402178
seq-14/frame-000018,1,0.00246914,0.057653,1821,1306,1177,0.90,82.99,69.14,10.31,163.34,0.997524500,0.026704241,0.039035755,0.052038116,-0.3266911,0.1681959,0.0436168
seq-14/frame-000019,1,0.00249052,0.058160,1821,1306,1177,1.23,86.49,63.03,8.67,159.43,0.997524500,0.026704241,0.039035755,0.052038116,-0.3266911,0.1681959,0.0436168
seq-14/frame-000020,1,0.00270655,0.045210,1883,1335,1208,0.89,87.90,67.63,7.67,164.10,0.997150734,0.027049359,0.038375086,0.059043198,-0.3321340,0.1651673,0.0458588
seq-14/frame-000021,1,0.00263640,0.064608,1604,1108,1004,0.87,84.85,70.79,8.10,164.61,0.996657008,0.028058868,0.037828596,0.066757063,-0.3353783,0.1626175,0.0479060
seq-14/frame-000022,1,0.00193844,0.044024,1649,1163,1047,0.87,74.00,68.84,15.22,158.94,0.995956027,0.029508016,0.037583651,0.076081126,-0.3409381,0.1619399,0.0507444
seq-14/frame-000023,1,0.00158308,0.048610,1716,1209,1095,1.20,85.05,74.94,6.49,167.68,0.995223464,0.029539073,0.037083887,0.085337476,-0.3455875,0.1589346,0.0540818
seq-14/frame-000024,1,0.00192866,0.049195,1517,1068,955,0.85,88.91,61.01,10.68,161.46,0.994354347,0.030106268,0.037566289,0.094561197,-0.3528360,0.1542902,0.0563303
seq-14/frame-000025,1,0.00299049,0.054738,1372,943,841,0.85,79.77,55.79,6.30,142.71,0.993303828,0.031491692,0.036783069,0.104894160,-0.3612000,0.1467021,0.0580250
seq-14/frame-000026,1,0.00152941,0.068990,1351,902,775,0.86,69.80,50.70,9.99,131.36,0.992271031,0.034957607,0.034978496,0.113809803,-0.3672101,0.1412786,0.0615786
seq-14/frame-000027,1,0.00269509,0.050007,1594,1143,1029,0.89,77.84,62.76,9.96,151.45,0.991340217,0.038269830,0.032925713,0.121226612,-0.3734064,0.1425813,0.0614203
seq-14/frame-000028,1,0.00175455,0.048033,1694,1173,1053,0.90,82.23,64.47,8.62,156.22,0.990346929,0.039279231,0.030953032,0.129274946,-0.3780952,0.1378713,0.0666430
seq-14/frame-000029,1,0.00310882,0.077770,1691,1142,1019,0.89,87.39,82.37,6.44,177.09,0.989353301,0.041462489,0.030305019,0.136170896,-0.3845577,0.1345342,0.0695517
seq-14/frame-000030,1,0.00290355,0.056055,1759,1213,1091,0.90,83.93,70.03,8.14,162.99,0.988252986,0.043309397,0.029209348,0.143621538,-0.3901352,0.1302908,0.0713821
seq-14/frame-000031,1,0.00314746,0.094172,1647,1073,924,1.01,79.03,63.66,14.87,158.57,0.987162163,0.045437520,0.028686133,0.150410774,-0.3920471,0.1238474,0.0767747
seq-14/frame-000032,1,0.00145634,0.059128,1297,802,668,0.81,68.20,62.52,11.77,143.30,0.985728747,0.050327443,0.029197416,0.157966759,-0.3946041,0.1179004,0.0793306
seq-14/frame-000033,1,0.00192959,0.049651,1462,950,806,0.86,71.00,58.17,6.21,136.26,0.984371043,0.056192609,0.030490377,0.164092588,-0.4056779,0.1164457,0.0808235
seq-14/frame-000034,1,0.00331782,0.092306,2221,1423,1230,0.92,105.68,86.35,6.79,199.75,0.983299283,0.059987453,0.030427851,0.169109939,-0.4097107,0.1160204,0.0808588
seq-14/frame-000035,1,0.00325043,0.088653,2221,1423,1230,0.92,104.16,80.29,7.72,193.09,0.983299283,0.059987453,0.030427851,0.169109939,-0.4097107,0.1160204,0.0808588
seq-14/frame-000036,1,0.00261894,0.072040,2180,1431,1282,0.96,98.07,89.58,11.44,200.05,0.982424640,0.061986378,0.032048442,0.173125427,-0.4163852,0.1181555,0.0828094
seq-14/frame-000037,1,0.00549290,0.150779,2111,1376,1199,0.92,98.03,66.24,6.70,171.89,0.981343859,0.060837513,0.033692168,0.179242474,-0.4228162,0.1181081,0.0837910
seq-14/frame-000038,1,0.00669625,0.185731,1780,1199,1050,0.92,84.20,65.46,6.87,157.45,0.980400554,0.058593984,0.035624827,0.184695346,-0.4232545,0.1127363,0.0887047
seq-14/frame-000039,1,0.00805730,0.203467,1700,1103,953,1.08,83.07,71.08,13.97,169.21,0.979492127,0.058925477,0.040946631,0.188271970,-0.4255617,0.1078534,0.0894687
seq-14/frame-000040,1,0.00401279,0.101700,2168,1480,1304,0.95,98.63,77.24,12.29,189.11,0.979107006,0.060307338,0.046157222,0.188631935,-0.4332174,0.1065511,0.0905878
seq-14/frame-000041,1,0.00769718,0.163506,1890,1297,1154,0.95,84.23,80.05,8.17,173.39,0.978797045,0.061109057,0.050027194,0.188995521,-0.4369929,0.1043425,0.0894626
seq-14/frame-000042,1,0.00938763,0.214687,1421,977,879,0.98,85.23,50.89,7.72,144.82,0.978221327,0.061515013,0.055743596,0.190240873,-0.4414408,0.1044226,0.0897242
seq-14/frame-000043,1,0.00566204,0.170280,1374,995,891,0.86,70.57,53.94,8.70,134.08,0.977922584,0.061124583,0.062414291,0.189830612,-0.4464768,0.1045592,0.0939049
seq-14/frame-000044,1,0.00614589,0.187086,1178,827,711,0.84,74.81,40.08,6.39,122.13,0.978123863,0.060316271,0.069122914,0.186702115,-0.4500804,0.1040868,0.0931341
seq-14/frame-000045,1,0.00838594,0.276474,914,617,536,0.79,69.80,35.53,10.23,116.35,0.978540220,0.057910907,0.077740313,0.181829063,-0.4560189,0.1045801,0.0914442
seq-14/frame-000046,1,0.01026429,0.266896,820,533,438,0.77,69.62,33.55,10.79,114.74,0.978937477,0.054299135,0.086822405,0.176620752,-0.4595894,0.1047613,0.0845359
seq-14/frame-000047,1,0.01139242,0.276343,794,522,434,0.78,57.81,28.25,8.25,95.09,0.979441881,0.049596791,0.097077174,0.169734447,-0.4632930,0.1031581,0.0794331
seq-14/frame-000048,1,0.00612600,0.214699,925,604,501,0.79,66.21,42.08,7.12,116.21,0.979826835,0.045800931,0.107924715,0.161845307,-0.4708477,0.1016366,0.0812864
seq-14/frame-000049,1,0.00617013,0.215240,1092,731,647,0.81,70.44,32.75,13.62,117.64,0.980229574,0.042339974,0.117298260,0.153617795,-0.4783845,0.0988930,0.0804791
seq-14/frame-000050,1,0.00296929,0.126733,1028,688,591,0.82,63.91,38.90,8.04,111.68,0.980625137,0.040603466,0.125166864,0.145117040,-0.4817698,0.0988485,0.0783212
seq-14/frame-000051,1,0.00932372,0.266463,989,590,497,0.79,58.58,32.12,8.42,99.92,0.980825799,0.037812336,0.134722713,0.135649438,-0.4896182,0.0972026,0.0685631
seq-14/frame-000052,1,0.00448600,0.161317,1303,858,736,0.83,71.53,53.76,10.07,136.19,0.981209688,0.034116970,0.142307773,0.125746086,-0.4960974,0.0996880,0.0686854
seq-14/frame-000053,1,0.00630084,0.137112,1437,993,876,0.84,68.99,58.90,6.12,134.85,0.981640541,0.030977760,0.147872929,0.116429475,-0.5026858,0.0972675,0.0636966
seq-14/frame-000054,1,0.00310812,0.111079,1316,877,754,0.83,73.98,47.07,16.15,138.03,0.981878761,0.029623517,0.153465782,0.107167158,-0.5034135,0.0984773,0.0617511
seq-14/frame-000055,1,0.00533271,0.139395,1324,893,782,1.08,73.64,49.82,8.78,133.32,0.981859206,0.028407468,0.160198913,0.097374657,-0.5077313,0.0963045,0.0534564
seq-14/frame-000056,1,0.00529450,0.131252,1514,985,860,0.86,88.27,59.26,6.20,154.58,0.981700374,0.028307486,0.166910660,0.087200310,-0.5183953,0.0999866,0.0479123
seq-14/frame-000057,1,0.00621345,0.141180,1468,899,758,0.86,73.73,53.20,8.06,135.85,0.981766291,0.026532912,0.171440107,0.077712574,-0.5239104,0.1046917,0.0411805
seq-14/frame-000058,1,0.00433336,0.153207,1432,893,754,0.85,77.79,59.15,10.86,148.65,0.981871287,0.022668894,0.176062031,0.066460961,-0.5282565,0.1058975,0.0372830
seq-14/frame-000059,1,0.00559948,0.138252,1551,972,848,1.51,83.20,53.44,6.42,144.58,0.981682659,0.020652587,0.180717438,0.056690704,-0.5321547,0.1069025,0.0294235
seq-14/frame-000060,1,0.00563175,0.146175,1708,1050,900,0.87,83.89,55.68,13.07,153.50,0.981384871,0.019377821,0.185329292,0.046489660,-0.5385384,0.1093777,0.0242302
seq-14/frame-000061,1,0.00564388,0.144277,1583,949,803,0.87,80.51,57.14,7.18,145.70,0.981195894,0.017640227,0.188942715,0.035271664,-0.5439774,0.1107807,0.0166478
seq-14/frame-000062,1,0.00555875,0.150340,1670,1016,862,0.88,88.53,69.15,10.44,169.00,0.980875454,0.015999632,0.192389819,0.024769203,-0.5474967,0.1141702,0.0088780
seq-14/frame-000063,1,0.00531064,0.166268,1870,1167,1006,0.90,85.95,76.36,10.65,173.86,0.980309050,0.014677482,0.196315000,0.015464752,-0.5537890,0.1164839,0.0050425
seq-14/frame-000064,1,0.00247738,0.216065,1516,859,683,0.86,79.45,52.61,11.70,144.61,0.979684295,0.016258475,0.199857913,0.003340363,-0.5667310,0.1126550,0.0061099
seq-14/frame-000065,1,0.00586255,0.167464,1710,1028,880,0.88,90.43,79.65,13.16,184.13,0.979725477,0.020463897,0.199202286,-0.006137329,-0.5734230,0.1205176,-0.0035189
seq-14/frame-000066,1,0.00425190,0.125330,1695,1028,873,0.87,77.07,65.95,7.26,151.15,0.980008269,0.021234088,0.197308071,-0.014227851,-0.5731042,0.1257348,-0.0151882
seq-14/frame-000067,1,0.00413964,0.107958,1703,986,849,0.88,80.95,78.27,6.26,166.36,0.979712134,0.020227523,0.197924435,-0.024101878,-0.5733198,0.1302708,-0.0275645
seq-14/frame-000068,1,0.00623476,0.168777,1991,1233,1023,1.04,95.52,68.67,8.37,173.61,0.978796095,0.017925831,0.200868875,-0.035896573,-0.5821291,0.1309532,-0.0323790
seq-14/frame-000069,1,0.00542923,0.171950,1770,1036,835,0.87,81.50,74.63,10.31,167.32,0.978447671,0.017280736,0.200636126,-0.045680145,-0.5890145,0.1340655,-0.0350292
seq-14/frame-000070,1,0.00505399,0.140587,1703,1033,853,0.88,91.64,70.54,6.04,169.09,0.978157052,0.018659248,0.199533776,-0.055198612,-0.5954326,0.1348660,-0.0423302
seq-14/frame-000071,1,0.00527315,0.143775,1721,1048,896,0.88,81.38,73.37,9.95,165.59,0.977899836,0.019518610,0.198044193,-0.064104848,-0.5957569,0.1411952,-0.0566300
seq-14/frame-000072,1,0.00546895,0.145266,2075,1228,1047,0.91,86.35,80.82,10.67,178.76,0.976854090,0.017739537,0.199639166,-0.074736861,-0.6021147,0.1409246,-0.0634960
seq-14/frame-000073,1,0.00613597,0.170590,1952,1084,845,0.89,82.91,72.42,9.81,166.02,0.976065652,0.017431525,0.199867315,-0.083934750,-0.6106264,0.1453123,-0.0674361
seq-14/frame-000074,1,0.00553472,0.140148,2015,1134,917,0.89,87.08,80.52,6.20,174.69,0.975594953,0.014894001,0.198018393,-0.093708978,-0.6156983,0.1457844,-0.0746309
seq-14/frame-000075,1,0.00649517,0.141668,2251,1308,1103,0.92,91.31,83.46,8.81,184.51,0.975034687,0.013694748,0.196975723,-0.101589259,-0.6190237,0.1453643,-0.0826143
seq-14/frame-000076,1,0.00624695,0.138347,2353,1390,1160,0.94,108.91,94.60,10.22,214.68,0.974360221,0.013291878,0.196711692,-0.108397402,-0.6237895,0.1451798,-0.0888825
seq-14/frame-000077,1,0.00597542,0.163739,2190,1294,1062,0.91,88.58,91.41,13.70,194.61,0.973700784,0.013895028,0.196816086,-0.113917252,-0.6298928,0.1423436,-0.0888123
seq-14/frame-000078,1,0.00980273,0.162925,1721,977,794,0.93,78.05,70.57,7.06,156.61,0.973657861,0.016346944,0.195660412,-0.115931660,-0.6396472,0.1466926,-0.0928289
seq-14/frame-000079,1,0.00947858,0.145521,1892,1091,903,1.08,105.83,93.11,8.92,208.95,0.973974458,0.015509462,0.192516447,-0.118619686,-0.6465832,0.1442603,-0.0993132
seq-14/frame-000080,1,0.00960512,0.178918,1578,930,769,0.88,86.80,71.95,6.95,166.58,0.974007715,0.016465493,0.190012290,-0.122201425,-0.6515988,0.1417630,-0.0987245
seq-14/frame-000081,1,0.01185746,0.259044,1330,769,634,0.89,77.15,53.94,6.06,138.05,0.974592229,0.019050572,0.186389115,-0.122744287,-0.6586577,0.1450860,-0.0999311
seq-14/frame-000082,1,0.01195012,0.235461,1139,705,573,0.88,55.07,60.06,10.69,126.71,0.975728344,0.020490961,0.181066092,-0.121447062,-0.6662007,0.1485322,-0.1038232
seq-14/frame-000083,1,0.01067334,0.229235,1321,728,611,0.90,59.90,47.83,5.95,114.58,0.976833992,0.019066477,0.175424648,-0.121070289,-0.6739117,0.1444866,-0.1080355
seq-14/frame-000084,1,0.01003815,0.233465,1355,841,712,0.91,81.79,60.77,6.35,149.82,0.977516113,0.019209531,0.170840956,-0.122092634,-0.6789459,0.1425113,-0.1092159
seq-14/frame-000085,1,0.01216646,0.208457,1070,643,525,0.85,72.99,40.99,10.93,125.77,0.978184426,0.020367991,0.166839809,-0.122085430,-0.6918355,0.1482245,-0.1088839
seq-14/frame-000086,1,0.01715093,0.308903,968,508,398,0.84,58.44,36.56,6.88,102.71,0.979185572,0.018825313,0.160056629,-0.123381922,-0.6994812,0.1438062,-0.1051531
seq-14/frame-000087,1,0.01378166,0.306560,988,553,438,0.81,70.32,41.48,7.06,119.67,0.980034029,0.019194567,0.153375612,-0.125063152,-0.7112820,0.1329508,-0.1019940
seq-14/frame-000088,1,0.01746719,0.321162,1062,713,583,0.84,59.58,34.91,6.66,102.00,0.981149292,0.023646389,0.146384928,-0.123928881,-0.7150877,0.1376626,-0.1078453
seq-14/frame-000089,1,0.01825268,0.343412,950,583,464,0.85,67.98,37.41,6.37,112.60,0.982368693,0.025233395,0.140318489,-0.120936963,-0.7276884,0.1411578,-0.1054266
seq-14/frame-000090,1,0.01331472,0.268124,989,636,535,0.89,58.99,37.21,7.05,104.15,0.983786511,0.024562822,0.132085396,-0.118803272,-0.7318558,0.1394174,-0.1067675
seq-14/frame-000091,1,0.00899122,0.210876,1118,764,646,0.84,73.94,44.48,6.57,125.83,0.984887404,0.024900636,0.125937777,-0.116260206,-0.7406992,0.1348818,-0.1012746
seq-14/frame-000092,1,0.01228034,0.243120,1234,831,715,0.84,81.85,48.51,5.08,136.29,0.985869957,0.026635677,0.120587084,-0.113180053,-0.7460574,0.1295134,-0.1032596
seq-14/frame-000093,1,0.01472320,0.266136,1361,926,800,0.88,71.13,48.58,6.11,126.71,0.986732156,0.028746690,0.116420326,-0.109451301,-0.7542888,0.1273395,-0.1061060
seq-14/frame-000094,1,0.01354652,0.256641,1508,1004,867,0.90,79.65,64.33,13.66,158.53,0.987712961,0.030397037,0.112721470,-0.103889347,-0.7616243,0.1289603,-0.1066257
seq-14/frame-000095,1,0.01480025,0.274376,1537,988,842,1.21,80.62,61.91,9.98,153.71,0.988901180,0.030383271,0.108501052,-0.096844388,-0.7652595,0.1305833,-0.1078068
seq-14/frame-000096,1,0.01221605,0.261216,1711,1102,959,1.29,90.32,68.88,9.95,170.46,0.990043803,0.028909390,0.105037493,-0.089132712,-0.7699999,0.1268284,-0.1030505
seq-14/frame-000097,1,0.01341615,0.297789,1796,1143,975,0.92,91.88,66.53,7.12,166.45,0.990959906,0.028054031,0.102212574,-0.082243694,-0.7732639,0.1244865,-0.1013616
seq-14/frame-000098,1,0.01124976,0.247482,1609,991,842,0.88,76.92,67.04,5.96,150.80,0.991694403,0.026890972,0.100923099,-0.075057406,-0.7847877,0.1251153,-0.0960852
seq-14/frame-000099,1,0.01558818,0.315832,1418,884,748,0.85,78.35,53.06,10.80,143.05,0.992669827,0.024191754,0.098073666,-0.066354579,-0.7949330,0.1223919,-0.0919655
seq-14/frame-000100,1,0.01375334,0.332059,1534,995,844,0.88,74.09,57.70,11.22,143.88,0.993741261,0.021503054,0.093702903,-0.056883135,-0.7994102,0.1132293,-0.0858054
seq-14/frame-000101,1,0.00781822,0.192171,1830,1177,1007,1.27,89.02,78.94,6.69,175.92,0.994358669,0.021154008,0.091607655,-0.049105838,-0.8071531,0.1090563,-0.0783936
seq-14/frame-000102,1,0.00705640,0.135166,1468,854,696,0.84,67.81,58.27,9.10,136.02,0.994772860,0.021991630,0.089915504,-0.043110641,-0.8156123,0.0963093,-0.0730647
seq-14/frame-000103,1,0.00746210,0.210971,1660,996,831,0.87,78.55,67.82,11.21,158.46,0.995223171,0.028337608,0.087016059,-0.034000388,-0.8177898,0.0975532,-0.0729129
seq-14/frame-000104,1,0.00828750,0.199357,1697,1076,935,1.28,86.15,60.79,7.00,155.22,0.995469763,0.031237269,0.085897594,-0.026187534,-0.8240778,0.0985670,-0.0722023
seq-14/frame-000105,1,0.00712189,0.176629,1475,937,814,0.87,71.52,52.05,4.94,129.38,0.995785374,0.032617446,0.084194748,-0.016088393,-0.8348497,0.0954532,-0.0677196
seq-14/frame-000106,1,0.01236267,0.240679,1404,870,732,0.86,77.38,56.65,10.12,145.00,0.996198466,0.033044330,0.080515376,-0.003736671,-0.8439547,0.0878202,-0.0714287
seq-14/frame-000107,1,0.01671623,0.323048,1225,792,668,0.89,71.66,47.55,7.81,127.91,0.996578894,0.032650583,0.075556573,0.007460023,-0.8537008,0.0838511,-0.0700651
seq-14/frame-000108,1,0.01513314,0.343844,1375,931,814,0.85,77.35,55.72,15.64,149.56,0.997073154,0.030864137,0.067979651,0.016471098,-0.8499763,0.0729690,-0.0657224
seq-14/frame-000109,1,0.00467934,0.162093,2056,1170,952,0.94,92.75,91.39,11.24,196.32,0.997139748,0.031585096,0.064435669,0.023722322,-0.8483386,0.0657406,-0.0585787
seq-14/frame-000110,1,0.00662167,0.167796,1653,909,711,0.82,81.46,70.16,7.02,159.46,0.996801540,0.035090871,0.064851731,0.030815139,-0.8489335,0.0556096,-0.0567326
seq-14/frame-000111,1,0.00444147,0.111644,1367,730,559,0.81,71.00,52.81,12.41,137.04,0.996275184,0.039865345,0.067126300,0.036613819,-0.8539161,0.0470264,-0.0573661
seq-14/frame-000112,1,0.00973758,0.177918,1442,776,613,0.83,73.53,50.21,7.71,132.28,0.995643793,0.045580620,0.068891086,0.043241919,-0.8606150,0.0405206,-0.0581163
seq-14/frame-000113,1,0.01330620,0.203690,1534,841,690,0.86,73.17,56.05,8.29,138.38,0.995082607,0.050915455,0.068644248,0.050061845,-0.8667323,0.0361646,-0.0610909
seq-14/frame-000114,1,0.00931772,0.171558,1771,1030,847,0.90,81.23,68.27,10.92,161.33,0.994393255,0.056587382,0.067412713,0.058612708,-0.8702451,0.0360995,-0.0568996
seq-14/frame-000115,1,0.01089787,0.177742,2072,1286,1125,0.93,95.45,82.63,7.93,186.94,0.993808097,0.059853685,0.065554981,0.066824745,-0.8700587,0.0364943,-0.0571051
seq-14/frame-000116,1,0.01110699,0.204243,2125,1355,1186,0.94,107.77,90.71,9.94,209.36,0.993366857,0.059735346,0.063146647,0.075275999,-0.8691504,0.0346753,-0.0559125
seq-14/frame-000117,1,0.01185841,0.174371,1854,1160,969,0.92,81.74,71.29,6.73,160.69,0.992797527,0.059201225,0.061401689,0.084131552,-0.8591054,0.0289872,-0.0503365
seq-14/frame-000118,1,0.01712586,0.295129,1416,863,711,0.88,74.22,54.70,11.61,141.42,0.991571982,0.060405598,0.064166984,0.094967188,-0.8514607,0.0245047,-0.0465426
seq-14/frame-000119,1,0.01526948,0.338498,1603,987,820,0.88,82.72,66.45,14.16,164.21,0.990034232,0.060192499,0.068203754,0.107505022,-0.8498207,0.0177430,-0.0440870
seq-14/frame-000120,1,0.01165907,0.298256,1717,1155,984,0.89,81.14,73.16,7.92,163.12,0.988649648,0.059874590,0.069821644,0.118793284,-0.8497590,0.0156251,-0.0405558
seq-14/frame-000121,1,0.00876551,0.283582,1755,1142,986,0.90,82.00,73.47,11.03,167.41,0.987170508,0.058423459,0.068617538,0.131805622,-0.8463814,0.0078404,-0.0335351
seq-14/frame-000122,1,0.01231270,0.260516,1665,1067,927,1.05,80.80,75.77,9.82,167.45,0.985459400,0.058193587,0.066891380,0.144944196,-0.8408715,-0.0003818,-0.0311668
seq-14/frame-000123,1,0.00774012,0.184545,1612,1049,879,0.85,69.07,73.95,6.90,150.77,0.983280312,0.060423142,0.065201189,0.158926643,-0.8291868,-0.0072333,-0.0267889
seq-14/frame-000124,1,0.01043229,0.218825,1946,1283,1099,0.93,73.65,80.72,8.10,163.41,0.981017363,0.063138308,0.065185138,0.171374985,-0.8224394,-0.0093455,-0.0236657
seq-14/frame-000125,1,0.01114963,0.180200,2257,1445,1258,0.94,90.04,82.75,7.26,180.99,0.979634553,0.062282595,0.065762113,0.179199234,-0.8171680,-0.0148608,-0.0224812
seq-14/frame-000126,1,0.01314069,0.212956,2033,1304,1141,0.93,101.79,87.49,12.54,202.76,0.978212909,0.061731573,0.066315830,0.186791133,-0.8100835,-0.0219235,-0.0193664
seq-14/frame-000127,1,0.01012158,0.172152,2160,1378,1214,0.92,94.71,82.96,8.60,187.19,0.976605418,0.062320145,0.066515139,0.194765997,-0.8019245,-0.0268302,-0.0154405
seq-14/frame-000128,1,0.00897500,0.144598,2343,1482,1311,0.94,104.31,96.06,9.16,210.47,0.975115171,0.062707285,0.065924929,0.202168503,-0.7965807,-0.0315547,-0.0115414
seq-14/frame-000129,1,0.01153641,0.174268,2324,1536,1363,5.99,106.54,97.72,9.28,219.53,0.973567427,0.062879940,0.064653102,0.209839356,-0.7880098,-0.0363159,-0.0096474
seq-14/frame-000130,1,0.00702448,0.141217,2375,1574,1406,0.95,94.87,96.90,7.73,200.45,0.972068464,0.063456374,0.063636545,0.216810011,-0.7769994,-0.0354056,-0.0040488
seq-14/frame-000131,1,0.00959222,0.177350,2447,1544,1361,0.96,102.73,101.84,7.61,213.15,0.970891674,0.061104091,0.063802844,0.222631634,-0.7705746,-0.0411493,-0.0024596
seq-14/frame-000132,1,0.01116292,0.168218,2444,1608,1405,0.98,99.26,92.61,14.72,207.57,0.969869977,0.059232005,0.063463081,0.227631796,-0.7613723,-0.0472348,0.0011434
seq-14/frame-000133,1,0.01103009,0.179205,2524,1593,1425,0.98,99.65,100.39,9.62,210.64,0.968562733,0.058772197,0.063668388,0.233191760,-0.7535355,-0.0510921,0.0059657
seq-14/frame-000134,1,0.00856148,0.171817,2373,1508,1312,0.94,90.63,90.16,6.42,188.15,0.967435333,0.058328910,0.063338943,0.238022675,-0.7444203,-0.0496315,0.0120956
seq-14/frame-000135,1,0.00900000,0.151292,2443,1457,1278,0.94,104.94,102.97,6.85,215.71,0.966390258,0.055693547,0.062949496,0.242951556,-0.7334937,-0.0534927,0.0152435
seq-14/frame-000136,1,0.01168799,0.189111,2254,1511,1334,0.99,112.67,86.90,12.99,213.55,0.965512456,0.053879094,0.063531499,0.246670811,-0.7220817,-0.0586789,0.0199559
seq-14/frame-000137,1,0.00916306,0.153929,2160,1384,1219,0.94,99.33,76.51,10.59,187.39,0.964539601,0.053035498,0.064816747,0.250298588,-0.7103891,-0.0608857,0.0260580
seq-14/frame-000138,1,0.00903495,0.151316,2515,1672,1471,0.98,110.60,101.68,7.93,221.20,0.963681131,0.051987532,0.066095073,0.253470739,-0.7007573,-0.0634060,0.0297111
seq-14/frame-000139,1,0.00969155,0.169649,2541,1609,1437,0.96,106.40,101.70,16.84,225.91,0.963185299,0.050566278,0.066066117,0.255641155,-0.6878618,-0.0654555,0.0341522
seq-14/frame-000140,1,0.00772740,0.106291,1832,1273,1150,0.94,92.35,73.21,7.02,173.52,0.962724968,0.049814037,0.066522487,0.257398440,-0.6708034,-0.0643338,0.0434448
seq-14/frame-000141,1,0.01039760,0.219826,1527,1046,924,0.91,77.39,68.26,6.34,152.90,0.962048303,0.048781336,0.068857534,0.259503534,-0.6520169,-0.0687365,0.0475714
seq-14/frame-000142,1,0.00623642,0.159603,1273,826,713,0.88,67.83,50.82,6.42,125.95,0.961317237,0.049102606,0.073413026,0.260899659,-0.6352732,-0.0679618,0.0537923
seq-14/frame-000143,1,0.01128830,0.235868,1135,794,696,0.85,76.73,48.14,9.36,135.09,0.960721802,0.048170491,0.079524033,0.261474953,-0.6237381,-0.0709527,0.0557050
seq-14/frame-000144,1,0.00642668,0.163444,1436,1009,888,0.90,65.77,53.04,8.01,127.72,0.960050485,0.047266666,0.083764807,0.262778206,-0.6098369,-0.0741916,0.0589418
seq-14/frame-000145,1,0.00790077,0.151164,1309,894,779,0.88,73.31,48.66,6.10,128.95,0.959602026,0.046311851,0.087247915,0.263452017,-0.5948869,-0.0778090,0.0594910
seq-14/frame-000146,1,0.01075367,0.207556,1232,810,682,0.86,71.19,44.25,7.95,124.26,0.959267608,0.045567343,0.091234472,0.263449322,-0.5758989,-0.0794927,0.0623003
seq-14/frame-000147,1,0.00922127,0.206897,1108,647,545,0.86,65.67,40.87,8.83,116.22,0.958814244,0.044196795,0.096326170,0.263520699,-0.5587661,-0.0837479,0.0626950
seq-14/frame-000148,1,0.00792586,0.203176,1165,727,598,0.86,69.64,50.69,6.96,128.15,0.957988886,0.043873153,0.101893008,0.264481105,-0.5390935,-0.0850635,0.0673942
seq-14/frame-000149,1,0.00595019,0.143519,1127,747,626,0.87,65.85,46.25,13.81,126.78,0.957302171,0.043228789,0.107374241,0.264904882,-0.5211551,-0.0876722,0.0671000
seq-14/frame-000150,1,0.01068302,0.195791,1033,692,574,0.83,74.31,40.21,8.14,123.49,0.956326109,0.041814024,0.112724872,0.266430224,-0.5072852,-0.0904983,0.0648661
seq-14/frame-000151,1,0.00284648,0.136117,1081,703,592,0.84,66.84,37.78,10.08,115.54,0.955116411,0.040280439,0.117636407,0.268871351,-0.4876694,-0.0921801,0.0704665
seq-14/frame-000152,1,0.00475532,0.143447,1069,656,557,0.82,66.49,51.94,8.94,128.19,0.953656350,0.036240672,0.127719818,0.270025605,-0.4531495,-0.1002848,0.0700248
seq-14/frame-000153,1,0.00372900,0.113836,1066,666,526,0.84,63.33,39.87,9.90,113.94,0.952453397,0.034122287,0.132419240,0.272274386,-0.4287902,-0.1041499,0.0701530
seq-14/frame-000154,1,0.00350330,0.145226,1241,773,596,1.20,62.89,53.43,7.03,124.56,0.950637540,0.032311705,0.138886669,0.275598827,-0.4142722,-0.1146707,0.0663689
seq-14/frame-000155,1,0.00450849,0.158149,1292,767,616,0.88,71.58,47.59,10.03,130.08,0.949135105,0.033264005,0.143057333,0.278515094,-0.3957963,-0.1176531,0.0664901
seq-14/frame-000156,1,0.00353864,0.052772,1308,773,629,0.87,72.88,53.12,10.34,137.22,0.947784605,0.034741705,0.147532335,0.280591460,-0.3797741,-0.1186558,0.0708008
seq-14/frame-000157,1,0.00591794,0.080660,1262,780,629,0.88,70.43,46.94,8.25,126.51,0.946243107,0.035638951,0.152461741,0.283035801,-0.3652988,-0.1218910,0.0660519
seq-14/frame-000158,1,0.00707146,0.192590,1359,803,652,0.89,77.99,51.28,12.52,142.69,0.945265487,0.035930264,0.156940213,0.283816745,-0.3477192,-0.1253226,0.0652054
seq-14/frame-000159,1,0.00390879,0.133273,1375,833,682,0.92,70.42,58.56,5.94,135.84,0.944495597,0.037221985,0.161219565,0.283814805,-0.3337721,-0.1249376,0.0680144
seq-14/frame-000160,1,0.00326123,0.128056,1177,692,561,0.82,73.97,51.16,5.73,131.68,0.944788091,0.036382457,0.170503473,0.277453320,-0.3098240,-0.1234840,0.0691709
seq-14/frame-000161,1,0.00796694,0.161131,1026,590,499,0.81,67.79,41.08,8.11,117.79,0.945560826,0.033982255,0.176264829,0.271460201,-0.2967941,-0.1233821,0.0692697
seq-14/frame-000162,1,0.00849106,0.179320,1093,628,522,0.80,66.18,35.54,5.77,108.30,0.946193014,0.030483444,0.182513243,0.265477790,-0.2844287,-0.1267396,0.0686040
seq-14/frame-000163,1,0.00792832,0.222926,1152,620,501,0.80,63.77,44.69,11.28,120.53,0.947048461,0.026825914,0.188154471,0.258800073,-0.2740243,-0.1275229,0.0740769
seq-14/frame-000164,1,0.01611044,0.311459,974,521,420,0.78,59.53,35.83,16.27,112.41,0.948076765,0.021844502,0.193375427,0.251553590,-0.2583805,-0.1302838,0.0718682
seq-14/frame-000165,1,0.01215282,0.244422,1059,662,521,0.79,73.89,29.51,6.85,111.05,0.949067838,0.017301626,0.199814506,0.242991884,-0.2437322,-0.1332362,0.0775852
seq-14/frame-000166,1,0.01212764,0.303935,1003,639,510,0.79,67.79,34.92,15.01,118.51,0.950427038,0.013669210,0.205560894,0.232908388,-0.2248902,-0.1379282,0.0797045
seq-14/frame-000167,1,0.01041448,0.211304,960,613,495,0.77,68.60,35.66,6.07,111.10,0.950666641,0.012059373,0.212634279,0.225553039,-0.2153038,-0.1375597,0.0823905
seq-14/frame-000168,1,0.00683000,0.266779,1201,684,535,0.80,74.35,57.13,5.84,138.12,0.951795584,0.007961116,0.224547526,0.208806600,-0.1864035,-0.1455555,0.0947515
seq-14/frame-000169,1,0.00686322,0.225737,1333,684,547,1.31,75.27,49.71,5.59,131.89,0.952491492,0.008646974,0.229987519,0.199476638,-0.1799042,-0.1477739,0.0974336
seq-14/frame-000170,1,0.00560680,0.209141,1577,943,779,0.83,81.45,52.76,12.37,147.41,0.953153198,0.008696980,0.233956098,0.191540824,-0.1697781,-0.1449368,0.1039003
seq-14/frame-000171,1,0.00687298,0.199490,1618,938,792,0.86,83.95,64.29,16.67,165.78,0.953960464,0.007604248,0.236236349,0.184645595,-0.1597673,-0.1492393,0.1089410
seq-14/frame-000172,1,0.00871278,0.320982,1432,862,717,0.82,79.65,50.21,6.01,136.69,0.956101275,0.007517261,0.236911596,0.172298397,-0.1502894,-0.1555961,0.1141377
seq-14/frame-000173,1,0.00616072,0.240631,1898,1197,1024,0.85,96.35,86.81,6.66,190.67,0.958264383,0.008861452,0.236394210,0.160526085,-0.1434434,-0.1502332,0.1237070
seq-14/frame-000174,1,0.00802623,0.245873,1812,1177,1020,0.86,90.51,93.74,6.88,192.00,0.960025813,0.006347895,0.234797069,0.152251366,-0.1335760,-0.1561939,0.1267653
seq-14/frame-000175,1,0.00545256,0.245989,1624,947,804,0.83,85.52,73.25,6.11,165.71,0.964169117,0.006288180,0.228993535,0.133792125,-0.1069793,-0.1660379,0.1395011
seq-14/frame-000176,1,0.00498499,0.273778,1602,914,776,0.84,89.39,59.38,7.67,157.29,0.965859209,0.006923168,0.226478810,0.125600184,-0.0930480,-0.1678980,0.1450342
seq-14/frame-000177,1,0.00788769,0.269856,1388,746,616,0.83,76.86,58.58,6.83,143.10,0.967399468,0.006661773,0.224400854,0.117209844,-0.0755464,-0.1747036,0.1445591
seq-14/frame-000178,1,0.00885223,0.273782,1238,630,489,0.82,64.17,47.08,7.06,119.13,0.968675089,0.007511630,0.224124422,0.106678919,-0.0586540,-0.1820035,0.1477762
seq-14/frame-000179,1,0.00614742,0.292638,1230,592,456,0.81,63.46,46.41,7.56,118.24,0.969484503,0.010291909,0.225945896,0.094563880,-0.0490655,-0.1870071,0.1547154
seq-14/frame-000180,1,0.00836538,0.344938,1443,739,616,0.81,75.17,50.47,12.92,139.38,0.970008685,0.013316920,0.227656348,0.084133214,-0.0501795,-0.1930398,0.1626007
seq-14/frame-000181,1,0.00613274,0.294911,1509,810,638,0.84,83.57,58.47,6.67,149.56,0.971686132,0.016675719,0.223331336,0.075306676,-0.0426116,-0.1906254,0.1738221
seq-14/frame-000182,1,0.00870240,0.269089,1375,727,609,0.82,63.27,58.58,9.87,132.55,0.974016061,0.016671262,0.215895726,0.066361260,-0.0273692,-0.1975297,0.1738975
seq-14/frame-000183,1,0.01109253,0.289209,1270,653,517,1.20,78.86,43.93,8.23,132.22,0.975620543,0.017198728,0.210989501,0.057898098,-0.0062703,-0.2069566,0.1724042
seq-14/frame-000184,1,0.00820633,0.214064,1178,522,407,0.82,69.49,50.45,8.53,129.29,0.976043208,0.018944678,0.211323303,0.048199769,0.0165761,-0.2114569,0.1729682
seq-14/frame-000185,1,0.01185284,0.253007,1124,510,381,0.83,71.78,39.62,5.48,117.72,0.975255000,0.020692059,0.217314616,0.034984005,0.0241364,-0.2157740,0.1765048
seq-14/frame-000186,1,0.01142134,0.312845,1263,621,457,0.83,71.25,46.63,11.36,130.08,0.974227209,0.021387860,0.223355698,0.023154646,0.0310114,-0.2187375,0.1850187
seq-14/frame-000187,1,0.00667375,0.229876,1491,766,612,0.84,82.05,62.86,5.93,151.69,0.973492697,0.023123611,0.227198883,0.012567230,0.0363811,-0.2180957,0.1964796
seq-14/frame-000188,1,0.00834951,0.219232,2025,1161,957,1.15,97.60,76.66,6.98,182.39,0.973841604,0.024103246,0.225939425,-0.001714833,0.0500263,-0.2234392,0.2100243
seq-14/frame-000189,1,0.00799664,0.210145,2408,1241,1009,0.94,102.88,84.38,7.16,195.36,0.973935080,0.023487658,0.225517501,-0.006375490,0.0606905,-0.2260682,0.2140747
seq-14/frame-000190,1,0.00653233,0.160859,2329,1225,990,0.94,92.89,85.51,11.54,190.89,0.973864800,0.022826673,0.225763827,-0.009848237,0.0713431,-0.2284498,0.2211043
seq-14/frame-000191,1,0.00739278,0.180037,2298,1209,957,0.94,107.98,79.80,9.55,198.27,0.973834857,0.022890066,0.225750649,-0.012584142,0.0829732,-0.2315385,0.2259279
seq-14/frame-000192,1,0.00742281,0.194504,2133,1122,885,0.91,102.66,78.55,6.88,189.01,0.973647725,0.023794730,0.226331741,-0.014760162,0.0906283,-0.2340692,0.2324735
seq-14/frame-000193,1,0.00914962,0.208947,1784,992,804,0.89,86.68,71.58,10.98,170.13,0.973639098,0.024922163,0.225797337,-0.020526948,0.1016226,-0.2338058,0.2341193
seq-14/frame-000194,1,0.00718294,0.189989,1872,981,788,0.89,88.48,70.60,9.26,169.23,0.973525067,0.024407772,0.225631367,-0.027270675,0.1149593,-0.2345604,0.2362297
seq-14/frame-000195,1,0.00678364,0.162536,2035,1072,842,0.91,93.78,69.50,6.31,170.51,0.973006452,0.022983055,0.227256366,-0.032935808,0.1249905,-0.2351250,0.2407911
seq-14/frame-000196,1,0.00682654,0.156745,1945,993,780,0.90,91.60,72.82,7.42,172.75,0.972635699,0.021105356,0.228061895,-0.039014516,0.1363190,-0.2341773,0.2435941
seq-14/frame-000197,1,0.00773139,0.176635,1721,892,716,1.57,95.63,74.84,5.86,177.91,0.972133568,0.017727993,0.229505977,-0.044373986,0.1487478,-0.2374925,0.2434976
seq-14/frame-000198,1,0.00364970,0.114970,2237,1169,927,0.91,95.68,82.03,5.59,184.22,0.971121908,0.016069979,0.233004167,-0.048713999,0.1559703,-0.2362033,0.2562631
seq-14/frame-000199,1,0.00816013,0.198811,2636,1356,1096,0.99,115.69,87.67,8.74,213.09,0.970928833,0.014743048,0.233372352,-0.051158461,0.1660476,-0.2380820,0.2592893
seq-14/frame-000200,1,0.00793051,0.164351,2530,1304,1074,0.98,101.35,103.99,6.48,212.79,0.970890210,0.014864949,0.233317986,-0.052095590,0.1787707,-0.2355506,0.2625764
seq-14/frame-000201,1,0.00658070,0.136360,1891,1010,792,0.90,81.85,75.84,7.97,166.57,0.970444774,0.011355656,0.233766626,-0.058831584,0.2092638,-0.2341822,0.2629519
seq-14/frame-000202,1,0.00534088,0.136890,1813,970,759,0.89,93.18,71.43,7.71,173.22,0.969742538,0.009935592,0.236001314,-0.061677165,0.2222543,-0.2352785,0.2687400
seq-14/frame-000203,1,0.00578313,0.139450,1920,1002,784,0.90,88.62,65.41,7.66,162.59,0.969134033,0.009806384,0.237747287,-0.064492545,0.2350927,-0.2348464,0.2690395
seq-14/frame-000204,1,0.00637399,0.132019,1877,1028,813,1.24,93.38,65.40,11.13,171.15,0.968574865,0.009942828,0.239645660,-0.065831819,0.2476084,-0.2336918,0.2706984
seq-14/frame-000205,1,0.00762547,0.150945,2577,1450,1188,0.96,101.24,99.75,11.81,213.77,0.968028975,0.011127921,0.241318595,-0.067538198,0.2563090,-0.2302810,0.2769602
seq-14/frame-000206,1,0.00923791,0.173822,2803,1601,1330,0.99,117.53,107.85,7.32,233.69,0.968463424,0.012406255,0.239259125,-0.068408711,0.2700131,-0.2256317,0.2761490
seq-14/frame-000207,1,0.01070753,0.205455,2462,1417,1180,0.93,106.40,93.87,10.76,211.96,0.969130177,0.011001293,0.236572970,-0.068548536,0.2876461,-0.2257146,0.2706528
seq-14/frame-000208,1,0.00790395,0.173871,2406,1362,1134,0.94,100.77,85.55,11.12,198.38,0.969072939,0.009152079,0.236479990,-0.069936352,0.3022333,-0.2263203,0.2733180
seq-14/frame-000209,1,0.00778251,0.142558,2235,1305,1081,0.94,109.05,82.07,8.31,200.37,0.968995676,0.009324705,0.236255474,-0.071720163,0.3317450,-0.2270207,0.2740463
seq-14/frame-000210,1,0.00785062,0.163648,1846,990,786,0.88,91.96,65.30,6.21,164.35,0.968828260,0.010810338,0.236204708,-0.073907206,0.3469696,-0.2274128,0.2772882
seq-14/frame-000211,1,0.00779008,0.114395,2072,1098,884,1.07,98.34,73.72,9.17,182.30,0.968592422,0.013749681,0.236141849,-0.076659596,0.3614707,-0.2239922,0.2740001
seq-14/frame-000212,1,0.00969266,0.156046,2705,1556,1264,0.98,128.71,96.18,11.32,237.19,0.968422137,0.015568762,0.236304995,-0.077949522,0.3723607,-0.2206996,0.2732033
seq-14/frame-000213,1,0.00804506,0.162492,2743,1600,1338,1.01,103.61,105.86,11.83,222.31,0.968631443,0.017120524,0.235064614,-0.078769559,0.3840393,-0.2142353,0.2781721
seq-14/frame-000214,1,0.00882887,0.150643,2639,1511,1257,1.02,110.17,103.68,10.43,225.30,0.969988032,0.017599651,0.228319064,-0.081754972,0.4104693,-0.2117098,0.2763601
seq-14/frame-000215,1,0.00749131,0.120964,2367,1410,1191,1.36,107.11,105.70,9.83,224.01,0.970227783,0.018784006,0.226508829,-0.083659789,0.4219573,-0.2105275,0.2801725
seq-14/frame-000216,1,0.00401853,0.072667,2127,1274,1053,0.91,98.06,82.42,15.13,196.52,0.970384787,0.021170852,0.224567589,-0.086455525,0.4324370,-0.2084708,0.2849998
seq-14/frame-000217,1,0.01041174,0.171474,1542,931,753,0.85,77.93,71.83,9.38,159.99,0.970916420,0.024450684,0.221291430,-0.088054372,0.4406297,-0.2096023,0.2852445
seq-14/frame-000218,1,0.00990303,0.207004,1260,749,600,0.85,74.83,45.76,12.41,133.85,0.971754794,0.029568266,0.216478169,-0.089193832,0.4489393,-0.2086091,0.2905255
seq-14/frame-000219,1,0.00731599,0.090783,1525,914,749,0.85,80.01,60.73,6.44,148.04,0.973979503,0.041856540,0.203861187,-0.089736132,0.4705520,-0.2053381,0.2859099
seq-14/frame-000220,1,0.01404064,0.234210,1647,946,780,0.91,88.97,61.73,6.20,157.81,0.974850747,0.045992005,0.198687978,-0.089854574,0.4829621,-0.2058808,0.2794128
seq-14/frame-000221,1,0.01220199,0.148580,1602,944,751,0.90,76.42,59.14,7.96,144.42,0.975225906,0.050498831,0.195473162,-0.090413182,0.4903174,-0.2053310,0.2817130
seq-14/frame-000222,1,0.01280041,0.220369,1677,958,789,1.00,81.09,70.73,6.82,159.65,0.975984277,0.055314998,0.190998682,-0.088963174,0.5003102,-0.2016263,0.2829040
seq-14/frame-000223,1,0.01543683,0.214246,1317,676,532,0.83,73.89,49.32,7.78,131.83,0.976648873,0.058935924,0.186187350,-0.089542208,0.5072687,-0.2031541,0.2850774
seq-14/frame-000224,1,0.01239615,0.196992,1178,638,512,0.83,82.16,46.33,8.61,137.93,0.977756051,0.071312009,0.175617934,-0.089811158,0.5201570,-0.2008116,0.2889493
seq-14/frame-000225,1,0.01074545,0.192681,1178,614,499,0.85,70.46,42.60,5.65,119.56,0.978768169,0.075990454,0.168226039,-0.089097262,0.5291927,-0.1991827,0.2918718
seq-14/frame-000226,1,0.01062965,0.215967,1040,486,371,0.79,70.50,45.47,5.62,122.38,0.979301806,0.080614760,0.161968710,-0.090748938,0.5353342,-0.2040974,0.2921073
seq-14/frame-000227,1,0.01342560,0.238616,1085,604,489,0.80,62.85,44.89,10.76,119.29,0.979586973,0.087072601,0.156116004,-0.091953889,0.5439364,-0.2049053,0.2889425
seq-14/frame-000228,1,0.01427757,0.265557,1100,576,444,0.80,66.45,51.21,5.46,123.92,0.979948732,0.098335231,0.144715365,-0.095331674,0.5518987,-0.2057962,0.2953796
seq-14/frame-000229,1,0.01722139,0.253101,1516,986,849,0.83,84.83,62.02,13.42,161.11,0.980143812,0.105360190,0.137902555,-0.095917795,0.5614407,-0.2002770,0.2874336
seq-14/frame-000230,1,0.01337734,0.232795,1401,804,669,0.85,70.64,50.94,7.45,129.88,0.980261358,0.109602567,0.132998003,-0.096883836,0.5644653,-0.1947272,0.2942022
seq-14/frame-000231,1,0.01505442,0.228805,1097,683,582,0.82,72.03,50.37,6.68,129.90,0.981140678,0.115918593,0.118453988,-0.099471113,0.5654751,-0.1923141,0.3014591
seq-14/frame-000232,1,0.01449148,0.227536,1114,727,611,0.83,61.93,39.18,6.24,108.18,0.981712100,0.118945614,0.109782005,-0.100205813,0.5711431,-0.1908722,0.3048289
seq-14/frame-000233,1,0.01626368,0.272200,1178,777,674,0.83,71.12,48.81,8.46,129.23,0.982149790,0.121283715,0.101972981,-0.101358577,0.5766575,-0.1920977,0.3051778
seq-14/frame-000234,1,0.01458186,0.275505,1157,683,589,0.83,69.59,59.55,9.74,139.72,0.982691522,0.123252657,0.094660577,-0.100824250,0.5801729,-0.1894902,0.3082844
seq-14/frame-000235,1,0.01394957,0.260187,1265,768,661,0.83,77.97,58.64,14.18,151.62,0.983122042,0.124409766,0.087562753,-0.101617048,0.5839182,-0.1879047,0.3129612
seq-14/frame-000236,1,0.01034273,0.191171,1326,911,792,0.85,75.41,63.70,11.20,151.17,0.983661732,0.125541801,0.075882014,-0.104358869,0.5872398,-0.1862372,0.3197657
seq-14/frame-000237,1,0.01152637,0.186188,1038,675,578,0.84,71.37,43.16,11.87,127.24,0.983730105,0.127056037,0.069685990,-0.106187135,0.5860296,-0.1833259,0.3270073
seq-14/frame-000238,1,0.00687569,0.173997,1020,663,571,0.83,64.58,40.29,8.88,114.58,0.983787592,0.128284150,0.061627064,-0.109120374,0.5851251,-0.1820303,0.3351236
seq-14/frame-000239,1,0.01297981,0.240886,1320,895,791,0.85,63.67,47.46,11.59,123.57,0.984108992,0.127918622,0.053582073,-0.110884079,0.5906425,-0.1881478,0.3304871
seq-14/frame-000240,1,0.00813136,0.151120,1708,1179,1057,0.87,96.52,69.18,16.68,183.24,0.984209920,0.128815687,0.049223553,-0.110970240,0.5913006,-0.1877959,0.3325415
seq-14/frame-000241,1,0.00732601,0.132568,1403,946,836,0.86,70.92,55.23,6.39,133.41,0.984356199,0.129622931,0.045945231,-0.110135395,0.5873862,-0.1880917,0.3376815
seq-14/frame-000242,1,0.00994552,0.208372,1125,768,669,0.84,63.38,46.60,10.14,120.98,0.984360054,0.131008621,0.040143060,-0.110727411,0.5846073,-0.1868334,0.3419638
seq-14/frame-000243,1,0.01130003,0.209619,1252,847,754,0.84,85.54,46.93,8.94,142.26,0.984311064,0.131761905,0.033645137,-0.112421235,0.5844903,-0.1900706,0.3434026
seq-14/frame-000244,1,0.01018559,0.169366,1484,1083,973,0.85,74.76,51.70,9.22,136.53,0.984260661,0.132534625,0.028498776,-0.113372588,0.5859412,-0.1916801,0.3407739
seq-14/frame-000245,1,0.01037287,0.179431,1267,966,860,0.85,65.32,44.91,11.00,122.09,0.984243287,0.133481317,0.024811842,-0.113279577,0.5799333,-0.1908250,0.3432775
seq-14/frame-000246,1,0.01536114,0.289300,1155,773,671,0.84,75.66,41.91,8.91,127.32,0.984161994,0.133748320,0.018750102,-0.114825914,0.5760583,-0.1941789,0.3456447
seq-14/frame-000247,1,0.00970255,0.202858,1168,806,709,0.83,70.88,42.64,11.21,125.56,0.983819568,0.135204442,0.013161874,-0.116814300,0.5697575,-0.1937253,0.3513616
seq-14/frame-000248,1,0.01318761,0.268392,1098,734,635,0.83,67.38,42.33,5.83,116.37,0.983657034,0.136201674,0.006630813,-0.117575408,0.5662120,-0.1966180,0.3508842
seq-14/frame-000249,1,0.01574164,0.274661,1045,706,617,0.82,61.77,45.27,5.99,113.85,0.983257505,0.138058323,-0.000552754,-0.118929697,0.5613482,-0.1978242,0.3492609
seq-14/frame-000250,1,0.01679493,0.299655,1141,768,655,0.83,74.78,50.06,6.70,132.37,0.982990947,0.139629101,-0.008176165,-0.119019586,0.5596390,-0.1982797,0.3456646
seq-14/frame-000251,1,0.01219841,0.220780,1422,1061,965,1.21,88.98,55.26,10.24,155.68,0.982598467,0.140700718,-0.014308401,-0.120411087,0.5587798,-0.1974503,0.3461165
seq-14/frame-000252,1,0.01728808,0.245769,1478,1051,947,0.87,72.73,58.55,8.95,141.11,0.982269199,0.141214759,-0.018669013,-0.121889627,0.5583995,-0.1992159,0.3401835
seq-14/frame-000253,1,0.01615546,0.210485,1258,850,761,0.86,73.49,54.88,7.62,136.85,0.981968732,0.142157532,-0.022452958,-0.122574509,0.5490251,-0.1951618,0.3418133
seq-14/frame-000254,1,0.01260212,0.166771,1218,878,796,0.86,72.72,49.10,6.21,128.89,0.981614140,0.142151621,-0.028156390,-0.124232907,0.5442763,-0.1951336,0.3449896
seq-14/frame-000255,1,0.00990638,0.210881,1115,722,632,0.85,69.00,49.01,14.14,133.01,0.981068257,0.143045994,-0.033446581,-0.126191305,0.5340305,-0.1974732,0.3516715
seq-14/frame-000256,1,0.00560312,0.130879,945,589,490,0.86,61.80,40.11,7.96,110.73,0.980103641,0.145678304,-0.039991066,-0.128745485,0.5219883,-0.1984969,0.3518390
seq-14/frame-000257,1,0.00968813,0.179037,935,550,435,0.83,63.09,32.41,10.14,106.48,0.979166098,0.148750595,-0.049613440,-0.129017513,0.5131360,-0.1982344,0.3529466
seq-14/frame-000258,1,0.00544106,0.165124,1029,647,537,0.84,66.44,48.16,10.45,125.89,0.978159800,0.151377791,-0.060151082,-0.129112423,0.5051308,-0.1975980,0.3477896
seq-14/frame-000259,1,0.01223114,0.157163,1754,1170,1026,0.92,73.15,65.59,11.36,151.02,0.977023825,0.153689349,-0.069401596,-0.130335907,0.5199893,-0.1961421,0.3424429
seq-14/frame-000260,1,0.01560471,0.195565,2158,1267,1091,0.96,86.24,85.91,6.63,179.74,0.976504400,0.154252162,-0.071752486,-0.132276259,0.5251471,-0.1953304,0.3384405
seq-14/frame-000261,1,0.01648095,0.177571,2026,1233,1082,0.93,97.35,89.74,10.82,198.84,0.976069166,0.154097272,-0.070463234,-0.136300940,0.5123218,-0.1942461,0.3382126
seq-14/frame-000262,1,0.01824058,0.220365,1638,1052,935,0.90,87.42,53.72,8.63,150.67,0.975548189,0.154238259,-0.071865367,-0.139110243,0.5023623,-0.1921553,0.3399413
seq-14/frame-000263,1,0.01272706,0.184070,1302,849,758,0.88,70.23,50.22,9.28,130.61,0.975040896,0.154333240,-0.074731658,-0.141037873,0.4868893,-0.1913129,0.3463453
seq-14/frame-000264,1,0.00974591,0.156998,1216,857,751,0.88,68.93,45.62,6.73,122.17,0.974183007,0.155059522,-0.080194033,-0.143153524,0.4767648,-0.1925058,0.3486967
seq-14/frame-000265,1,0.00938886,0.099617,1288,868,781,0.87,73.40,55.66,6.10,136.03,0.973104834,0.156418511,-0.085260481,-0.146050955,0.4699317,-0.1958573,0.3475905
seq-14/frame-000266,1,0.00783173,0.135690,1208,836,729,0.86,71.32,46.00,7.58,125.77,0.972137189,0.157972594,-0.089883140,-0.148037045,0.4577346,-0.1997066,0.3493669
seq-14/frame-000267,1,0.01270206,0.229906,1072,722,636,0.90,75.34,50.85,9.43,136.52,0.971118368,0.159829692,-0.096574987,-0.148515509,0.4487649,-0.2037807,0.3497612
seq-14/frame-000268,1,0.00616938,0.101962,1159,828,739,0.87,68.81,47.75,11.41,128.84,0.969919405,0.162940482,-0.103163653,-0.148539581,0.4413601,-0.1991140,0.3509586
seq-14/frame-000269,1,0.00801785,0.151696,1383,925,835,0.86,64.63,63.59,7.08,136.16,0.968834965,0.164502626,-0.109303690,-0.149500503,0.4415791,-0.2046612,0.3525469
seq-14/frame-000270,1,0.00965263,0.155207,1276,907,817,0.85,74.85,43.16,9.10,127.96,0.967789089,0.166750159,-0.112455620,-0.151434465,0.4304981,-0.2070959,0.3498180
seq-14/frame-000271,1,0.00807769,0.141312,1101,762,683,1.18,68.51,49.26,9.24,128.20,0.966699005,0.169786952,-0.117167120,-0.151450621,0.4171527,-0.2032474,0.3549889
seq-14/frame-000272,1,0.01027774,0.136216,1154,789,700,0.86,69.79,51.89,12.17,134.71,0.965362623,0.171563121,-0.124252616,-0.152323305,0.4135606,-0.2055130,0.3539738
seq-14/frame-000273,1,0.01227095,0.179200,1435,1028,945,0.85,72.06,64.51,9.05,146.48,0.964233948,0.173088905,-0.129851386,-0.153074301,0.4103127,-0.2113794,0.3536202
seq-14/frame-000274,1,0.01385102,0.204524,1356,982,874,0.87,73.01,47.27,9.24,130.40,0.963417354,0.175123582,-0.132980184,-0.153215544,0.3999075,-0.2111149,0.3542199
seq-14/frame-000275,1,0.01177404,0.147131,1255,940,859,0.85,81.62,43.53,9.47,135.47,0.962402543,0.177041533,-0.137439928,-0.153453273,0.3918829,-0.2126331,0.3571387
seq-14/frame-000276,1,0.01102713,0.165104,1328,961,889,0.87,72.43,54.24,7.11,134.65,0.961685778,0.178562796,-0.141582098,-0.152414898,0.3821376,-0.2142884,0.3572151
seq-14/frame-000277,1,0.01288822,0.136052,1563,1109,1027,0.90,87.42,67.15,8.07,163.54,0.960628608,0.180123915,-0.146428317,-0.152665651,0.3804434,-0.2103153,0.3595268
seq-14/frame-000278,1,0.00992067,0.147043,1943,1387,1247,0.92,85.31,74.57,8.63,169.42,0.960132342,0.179630905,-0.148172198,-0.154672634,0.3708920,-0.2146477,0.3616395
seq-14/frame-000279,1,0.01030825,0.120083,1617,1145,1051,0.90,76.30,69.91,9.45,156.57,0.959543082,0.180130440,-0.150094181,-0.155890457,0.3625762,-0.2142204,0.3649605
seq-14/frame-000280,1,0.00822782,0.102121,1220,895,801,0.89,83.83,44.31,7.58,136.60,0.959022081,0.180369836,-0.152717046,-0.156271798,0.3460159,-0.2129709,0.3687718
seq-14/frame-000281,1,0.00788588,0.122952,1265,923,820,0.88,68.39,44.02,15.56,128.85,0.958387251,0.180226376,-0.157847666,-0.155230292,0.3384527,-0.2153798,0.3715064
seq-14/frame-000282,1,0.00710115,0.079594,1172,855,776,0.88,64.92,50.41,15.02,131.24,0.957413528,0.180709782,-0.163280131,-0.155057761,0.3309416,-0.2126435,0.3748797
seq-14/frame-000283,1,0.00688213,0.112232,1260,913,834,0.89,76.85,54.43,9.91,142.08,0.956362762,0.180265146,-0.168609493,-0.156350836,0.3247027,-0.2157277,0.3778604
seq-14/frame-000284,1,0.00827573,0.102999,1180,851,764,0.91,73.91,44.77,10.52,130.11,0.955402662,0.180534692,-0.173514504,-0.156542952,0.3174247,-0.2160997,0.3793577
seq-14/frame-000285,1,0.01073353,0.165962,1058,655,558,1.03,82.34,37.50,5.92,126.79,0.954037838,0.181045125,-0.179733286,-0.157259060,0.3071462,-0.2119955,0.3820051
seq-14/frame-000286,1,0.00693467,0.092103,1067,748,644,0.84,61.99,35.54,7.87,106.24,0.952284927,0.181130319,-0.187772484,-0.158387880,0.3029668,-0.2096083,0.3868504
seq-14/frame-000287,1,0.00899990,0.154908,1097,756,657,0.83,66.78,53.19,13.62,134.42,0.950752923,0.179533632,-0.195953196,-0.159495766,0.3033455,-0.2077345,0.3933920
seq-14/frame-000288,1,0.01015296,0.208082,1076,718,628,0.80,66.60,42.46,10.34,120.20,0.949461772,0.176296636,-0.203636387,-0.161164703,0.3017465,-0.2061418,0.3964922
seq-14/frame-000289,1,0.00816364,0.223343,1049,677,568,1.12,66.02,46.98,11.17,125.29,0.948610211,0.171758570,-0.210644218,-0.162069970,0.2987892,-0.2056453,0.4022763
seq-14/frame-000290,1,0.00695162,0.129551,1024,647,540,0.81,76.90,33.70,7.80,119.22,0.947567457,0.167250369,-0.217870852,-0.163326421,0.2914414,-0.2032434,0.4069659
seq-14/frame-000291,1,0.01097482,0.218516,1085,651,549,0.83,70.92,42.36,12.15,126.27,0.946025827,0.162280421,-0.227790895,-0.163742202,0.2923953,-0.2079883,0.4101152
seq-14/frame-000292,1,0.01359786,0.213630,1133,686,573,0.82,65.38,36.19,6.26,108.64,0.944454438,0.157900623,-0.237645871,-0.163087851,0.2928711,-0.2082761,0.4133397
seq-14/frame-000293,1,0.00564306,0.104105,1507,960,834,0.87,81.11,53.95,6.65,142.58,0.943102369,0.152876674,-0.246657649,-0.162316505,0.2993823,-0.2128430,0.4229334
seq-14/frame-000294,1,0.00947142,0.166281,1525,997,858,0.84,82.87,64.37,6.54,154.61,0.942455232,0.148396583,-0.252072434,-0.161913799,0.3107209,-0.2181771,0.4278014
seq-14/frame-000295,1,0.01270617,0.211392,1392,935,811,0.82,90.39,51.83,13.49,156.53,0.942018591,0.144618953,-0.255472745,-0.162542331,0.3143456,-0.2192494,0.4290190
seq-14/frame-000296,1,0.01878020,0.308059,1134,701,573,0.80,59.30,43.68,9.00,112.78,0.941241654,0.140404491,-0.260002942,-0.163551818,0.3177737,-0.2166503,0.4286086
seq-14/frame-000297,1,0.00997292,0.113285,1145,652,546,0.82,75.33,49.00,11.44,136.60,0.940327421,0.136069602,-0.265644710,-0.163408361,0.3189032,-0.2126483,0.4372934
seq-14/frame-000298,1,0.01578151,0.231799,1597,1016,860,0.86,86.52,60.38,7.61,155.38,0.939419051,0.130372052,-0.271616731,-0.163460469,0.3291511,-0.2222689,0.4406323
seq-14/frame-000299,1,0.01185000,0.175929,1591,976,807,0.85,83.53,52.35,6.75,143.49,0.937972661,0.123316062,-0.280865979,-0.161600548,0.3422436,-0.2193280,0.4524631
seq-14/frame-000300,1,0.01390558,0.170925,1945,1096,887,0.87,101.32,74.43,11.91,188.53,0.936870464,0.119015053,-0.286148960,-0.161950374,0.3592208,-0.2232295,0.4574472
seq-14/frame-000301,1,0.01225065,0.155172,2017,1216,1031,0.86,107.03,70.81,7.17,185.87,0.937110265,0.114641998,-0.287271602,-0.161729991,0.3712420,-0.2261495,0.4619893
seq-14/frame-000302,1,0.01059929,0.143675,2678,1712,1495,0.95,107.54,100.67,7.92,217.08,0.937629807,0.111630149,-0.286835574,-0.161599529,0.3743732,-0.2285374,0.4654257
seq-14/frame-000303,1,0.00952829,0.132988,2685,1705,1488,0.97,115.50,115.77,12.17,244.41,0.937283949,0.109747677,-0.288581745,-0.161786348,0.3802772,-0.2300241,0.4659627
seq-14/frame-000304,1,0.00816412,0.096923,2392,1420,1194,0.94,95.73,99.24,9.41,205.33,0.936829868,0.107884051,-0.292226506,-0.159105306,0.3916897,-0.2277641,0.4698889
seq-14/frame-000305,1,0.01131169,0.130581,2273,1413,1219,0.91,94.56,90.77,17.76,204.01,0.936724620,0.103924924,-0.295750602,-0.155814563,0.4113133,-0.2335372,0.4743436
seq-14/frame-000306,1,0.01352544,0.169764,1795,1110,938,1.39,95.08,71.04,12.34,179.86,0.938543142,0.098564266,-0.293600246,-0.152383566,0.4385949,-0.2367762,0.4798268
seq-14/frame-000307,1,0.01096746,0.148620,1970,1368,1205,0.90,96.75,84.11,17.29,199.05,0.939678192,0.095972361,-0.292068090,-0.149968105,0.4471390,-0.2378570,0.4831990
seq-14/frame-000308,1,0.01019325,0.101310,2047,1271,1064,0.87,91.74,82.56,13.03,188.19,0.940555723,0.093802416,-0.291488554,-0.146936928,0.4578339,-0.2329132,0.4856827
seq-14/frame-000309,1,0.01078134,0.157748,1550,879,733,0.82,75.03,63.01,12.41,151.26,0.941238329,0.089759791,-0.291327366,-0.145402730,0.4683438,-0.2314146,0.4866276
seq-14/frame-000310,1,0.01512102,0.228351,1259,627,487,0.82,57.40,41.35,14.20,113.77,0.941955894,0.083334755,-0.291690310,-0.143844277,0.4908037,-0.2349159,0.4921302
seq-14/frame-000311,1,0.01716255,0.217903,1090,551,419,1.02,64.96,42.61,10.42,119.02,0.943732765,0.076584061,-0.288922089,-0.141518112,0.5086750,-0.2362955,0.4947626
seq-14/frame-000312,1,0.01169902,0.215442,1220,717,553,0.83,66.92,51.18,8.33,127.25,0.945640051,0.070057865,-0.284546619,-0.141031950,0.5148524,-0.2358943,0.5035671
seq-14/frame-000313,1,0.00947120,0.168396,1597,961,788,0.85,75.50,58.04,15.06,149.45,0.948665600,0.060070486,-0.277893199,-0.138565821,0.5310106,-0.2392405,0.5146515
seq-14/frame-000314,1,0.00669449,0.125115,1843,1156,996,0.88,94.29,69.83,7.04,172.04,0.949698429,0.054196474,-0.277157234,-0.135349562,0.5401365,-0.2425558,0.5217023
seq-14/frame-000315,1,0.00876136,0.112445,1864,1192,1033,0.87,95.50,74.08,8.39,178.84,0.950069159,0.050719194,-0.277136002,-0.134133490,0.5537100,-0.2451881,0.5279537
seq-14/frame-000316,1,0.01186603,0.166219,1606,1050,910,0.86,88.28,68.68,6.70,164.53,0.950726377,0.047487921,-0.275712764,-0.133591639,0.5672806,-0.2474056,0.5335411
seq-14/frame-000317,1,0.01254610,0.176217,1392,866,723,0.86,78.51,62.27,6.61,148.25,0.951367682,0.044379909,-0.274453633,-0.132684441,0.5843584,-0.2492647,0.5412251
seq-14/frame-000318,1,0.00808118,0.094078,1441,873,732,0.87,82.47,53.90,8.23,145.47,0.952692392,0.042218829,-0.270647315,-0.131699686,0.5935934,-0.2495347,0.5495309
seq-14/frame-000319,1,0.00575032,0.085653,1739,1179,1028,0.90,94.51,72.42,11.52,179.36,0.953924037,0.039871453,-0.267403283,-0.130133325,0.6011855,-0.2518438,0.5554631
seq-14/frame-000320,1,0.00448059,0.049308,1665,1167,1032,0.91,67.96,68.66,6.84,144.37,0.954700059,0.038222558,-0.265812695,-0.128181293,0.6121498,-0.2545856,0.5633520
seq-14/frame-000321,1,0.00686314,0.097029,1794,1258,1116,0.91,91.71,82.88,11.47,186.97,0.955467092,0.037548582,-0.264193340,-0.125994523,0.6243080,-0.2588684,0.5677780
seq-14/frame-000322,1,0.00647516,0.099730,1535,1075,960,0.91,77.14,64.56,7.70,150.31,0.955803830,0.037592902,-0.263654211,-0.124548262,0.6405868,-0.2597506,0.5767422
seq-14/frame-000323,1,0.01222843,0.144893,1224,725,616,0.89,69.93,45.33,12.60,128.74,0.956538911,0.037210848,-0.261094379,-0.124412179,0.6569182,-0.2628538,0.5795517
seq-14/frame-000324,1,0.01075832,0.145041,1155,637,523,0.87,63.14,36.44,7.48,107.94,0.957617686,0.037082205,-0.257568449,-0.123498065,0.6741154,-0.2663469,0.5895397
seq-14/frame-000325,1,0.00904087,0.186083,1034,558,456,0.85,80.77,62.02,17.65,161.29,0.959090029,0.037655720,-0.252405794,-0.122554793,0.6905340,-0.2659742,0.6008929
seq-14/frame-000326,1,0.00759691,0.182703,958,536,435,0.85,58.20,37.50,9.12,105.66,0.961069700,0.036251187,-0.246406925,-0.119643260,0.7077510,-0.2680544,0.6083423
seq-14/frame-000327,1,0.00417744,0.195170,909,501,402,0.83,80.08,55.40,12.61,148.92,0.962787769,0.036052651,-0.240349406,-0.118203557,0.7194078,-0.2692484,0.6230686
seq-14/frame-000328,1,0.01193932,0.188445,976,580,487,0.83,83.46,53.49,8.23,146.01,0.964550306,0.034327335,-0.233758468,-0.117564112,0.7378120,-0.2839041,0.6201450
seq-14/frame-000329,1,0.01215861,0.203841,896,560,475,0.83,51.62,33.29,16.94,102.68,0.965956321,0.035863099,-0.227693324,-0.117464779,0.7543144,-0.2800058,0.6309318
seq-14/frame-000330,1,0.01317139,0.217214,836,378,286,0.82,58.70,34.73,9.76,104.01,0.967695874,0.033915974,-0.220006182,-0.118370953,0.7746658,-0.2881321,0.6361748
seq-14/frame-000331,1,0.00952775,0.143347,1006,612,485,0.82,58.46,39.61,20.65,119.54,0.969821002,0.032032198,-0.212277192,-0.115583547,0.7868385,-0.3017349,0.6429015
seq-14/frame-000332,1,0.01145847,0.196817,1455,946,798,0.86,68.10,59.60,7.55,136.11,0.971845596,0.032373988,-0.207009249,-0.107773994,0.7955807,-0.3097548,0.6440238
seq-14/frame-000333,1,0.01067231,0.159150,1948,1355,1195,0.90,73.12,89.01,12.62,175.66,0.972211162,0.034361826,-0.208043228,-0.101699246,0.8110069,-0.3116950,0.6522026
seq-14/frame-000334,1,0.02093605,0.252023,1195,650,548,0.84,61.82,61.82,10.69,135.18,0.971889945,0.034861558,-0.210552016,-0.099410535,0.8427914,-0.3192048,0.6611472
seq-14/frame-000335,1,0.01565242,0.213080,904,549,438,0.83,53.83,36.08,12.07,102.82,0.972763816,0.037285905,-0.206247541,-0.099006426,0.8587835,-0.3217402,0.6752321
seq-14/frame-000336,1,0.00814555,0.122345,1269,989,874,0.86,65.79,53.89,17.53,138.08,0.974098443,0.038833838,-0.200470976,-0.097136726,0.8689356,-0.3230450,0.6832990
seq-14/frame-000337,1,0.00913560,0.135920,1566,887,789,0.90,77.58,54.53,6.25,139.26,0.974614148,0.038651541,-0.197825359,-0.097459982,0.8795299,-0.3276069,0.6877046
seq-14/frame-000338,1,0.01359208,0.175775,1401,953,821,0.87,75.38,54.36,16.80,147.41,0.974953565,0.037747673,-0.196501262,-0.097097439,0.8944125,-0.3387745,0.6923802
seq-14/frame-000339,1,0.01165658,0.153461,1328,954,844,0.86,76.12,48.07,12.19,137.24,0.975382044,0.039058125,-0.194723162,-0.095849999,0.9078346,-0.3447270,0.7031436
seq-14/frame-000340,1,0.00894850,0.167878,1568,1130,998,0.86,82.42,66.94,8.70,158.92,0.975793953,0.040468203,-0.192645513,-0.095269056,0.9175554,-0.3501326,0.7120429
seq-14/frame-000341,1,0.01224388,0.192626,1369,941,820,0.84,69.88,55.64,6.34,132.70,0.975799332,0.042280683,-0.191455045,-0.096814113,0.9292768,-0.3617769,0.7175292
seq-14/frame-000342,1,0.01064691,0.154742,1401,931,785,0.83,70.87,61.61,6.43,139.74,0.976101838,0.046142495,-0.189265527,-0.096304891,0.9348966,-0.3676543,0.7237277
seq-14/frame-000343,1,0.00838985,0.134666,1938,1270,1114,0.89,82.28,73.17,14.93,171.27,0.976125834,0.050316695,-0.189053551,-0.094368119,0.9436471,-0.3686476,0.7317795
seq-14/frame-000344,1,0.01271420,0.209128,1868,1264,1129,0.90,80.55,64.65,16.02,162.13,0.975766730,0.051611498,-0.190549452,-0.094373983,0.9586115,-0.3772683,0.7410825
seq-14/frame-000345,1,0.01084417,0.136570,1182,771,655,0.82,76.62,41.55,9.58,128.57,0.975760204,0.053974611,-0.189956733,-0.094314392,0.9718001,-0.3850636,0.7529058
seq-14/frame-000346,1,0.01045205,0.178625,1275,769,653,0.84,68.53,41.42,8.09,118.87,0.976465611,0.056448482,-0.186741623,-0.091956757,0.9817331,-0.3906588,0.7635880
seq-14/frame-000347,1,0.01015946,0.161393,1878,1263,1093,1.12,91.75,73.72,10.91,177.51,0.977117030,0.058199813,-0.184318060,-0.088780310,0.9884971,-0.3913955,0.7719342
seq-14/frame-000348,1,0.01291306,0.246721,1763,1109,935,0.88,93.49,63.68,12.89,170.95,0.977203935,0.058338419,-0.184334810,-0.087691373,0.9955282,-0.4024896,0.7847228
seq-14/frame-000349,1,0.01339729,0.267658,1762,1116,976,0.87,106.10,71.61,11.60,190.19,0.976889452,0.060852962,-0.185634027,-0.086740550,1.0086224,-0.4084576,0.7977050
seq-14/frame-000350,1,0.01085543,0.113187,1118,724,613,0.81,73.42,50.47,8.04,132.74,0.976902211,0.064891054,-0.183966168,-0.087221959,1.0172594,-0.4101652,0.8118649
seq-14/frame-000351,1,0.00741030,0.107074,1290,778,657,0.83,70.46,49.40,9.58,130.28,0.977385333,0.067229789,-0.181363915,-0.085470445,1.0285513,-0.4156592,0.8271033
seq-14/frame-000352,1,0.01190645,0.154633,1454,836,683,0.84,74.79,55.52,10.89,142.05,0.978035777,0.067976484,-0.178286962,-0.083898610,1.0360020,-0.4251734,0.8330348
seq-14/frame-000353,1,0.01371658,0.263650,1516,883,729,1.17,84.10,61.80,6.57,153.65,0.978357666,0.069366188,-0.177712935,-0.080141891,1.0465889,-0.4324965,0.8478573
seq-14/frame-000354,1,0.01390077,0.207964,1104,685,573,0.83,68.69,43.56,12.12,125.21,0.978306452,0.071912540,-0.177766413,-0.078384792,1.0633921,-0.4363796,0.8661988
seq-14/frame-000355,1,0.00804669,0.108503,853,493,379,0.80,56.66,32.02,20.28,109.76,0.979084480,0.073892198,-0.173793623,-0.075692145,1.0733329,-0.4400542,0.8830665
seq-14/frame-000356,1,0.01534820,0.299460,871,498,398,0.80,61.14,33.77,9.93,105.65,0.979742101,0.075529449,-0.169808797,-0.074603559,1.0928148,-0.4486327,0.8980410
seq-14/frame-000357,1,0.01421299,0.248000,855,481,383,0.82,59.08,36.95,12.96,109.81,0.980769027,0.078358073,-0.161948640,-0.075662190,1.0965372,-0.4463846,0.9100146
seq-14/frame-000358,1,0.01549147,0.287392,1096,670,558,0.83,62.34,41.44,7.85,112.46,0.981871016,0.077139312,-0.155311445,-0.076532275,1.1031518,-0.4579660,0.9176629
seq-14/frame-000359,1,0.01340447,0.157578,1831,1070,881,0.88,80.72,64.82,15.21,161.63,0.982033214,0.078076978,-0.152084874,-0.079905840,1.1053008,-0.4620039,0.9288833
seq-14/frame-000360,1,0.01242845,0.254045,2089,1187,964,0.91,84.93,80.02,7.85,173.71,0.981988139,0.077249766,-0.152146515,-0.081136956,1.1137039,-0.4715950,0.9446583
seq-14/frame-000361,1,0.01389039,0.217189,2042,1164,948,1.18,105.01,79.48,7.09,192.76,0.981884427,0.077338080,-0.152570463,-0.081511029,1.1182347,-0.4773826,0.9579482
seq-14/frame-000362,1,0.01366503,0.252168,1844,1060,864,0.85,79.96,69.16,7.33,157.29,0.981282661,0.078894535,-0.155000965,-0.082672196,1.1322957,-0.4849811,0.9770922
seq-14/frame-000363,1,0.01147078,0.190681,1553,937,775,0.97,88.17,67.80,13.57,170.53,0.981168375,0.081408592,-0.153892819,-0.083655615,1.1405469,-0.4855811,0.9914155
seq-14/frame-000364,1,0.01356922,0.220863,1691,938,779,0.86,95.86,63.10,7.94,167.76,0.981080087,0.081492822,-0.152518871,-0.087056166,1.1502567,-0.4911731,1.0027550
seq-14/frame-000365,1,0.01100448,0.178487,1934,1053,858,0.88,98.59,72.12,10.53,182.13,0.981405830,0.080851894,-0.149966500,-0.088405975,1.1509667,-0.4978914,1.0145087
seq-14/frame-000366,1,0.00878322,0.171574,2128,1166,943,0.95,104.75,85.86,12.35,203.91,0.981566860,0.080202694,-0.149343302,-0.088264407,1.1516905,-0.5027435,1.0299896
seq-14/frame-000367,1,0.01075040,0.221100,2284,1245,1025,0.95,96.71,94.23,13.69,205.59,0.981602110,0.078740692,-0.150792501,-0.086711148,1.1545483,-0.5102086,1.0415498
seq-14/frame-000368,1,0.01307910,0.286239,1996,1089,899,0.90,96.95,72.19,9.77,179.81,0.981580765,0.077220062,-0.152948533,-0.084516335,1.1642713,-0.5175398,1.0538342
seq-14/frame-000369,1,0.01744610,0.390200,1709,893,736,0.86,84.51,61.83,6.04,153.24,0.981781631,0.077265936,-0.153047612,-0.081922108,1.1737800,-0.5200835,1.0680148
seq-14/frame-000370,1,0.02215353,0.427350,1449,809,653,0.84,72.74,52.89,15.28,141.76,0.982429854,0.076735673,-0.150420722,-0.079478459,1.1788170,-0.5217977,1.0754898
seq-14/frame-000371,1,0.01009015,0.054249,1215,629,477,0.83,74.38,40.93,11.49,127.64,0.983488452,0.078432814,-0.144649719,-0.075334033,1.1735497,-0.5151797,1.0912614
seq-14/frame-000372,1,0.01476063,0.250147,1673,948,778,0.86,87.31,76.34,10.91,175.41,0.984400479,0.075409224,-0.142399314,-0.070651128,1.1801657,-0.5286951,1.1040789
seq-14/frame-000373,1,0.01071307,0.174221,1923,979,798,0.88,89.43,78.83,10.47,179.62,0.985073193,0.073256920,-0.140812007,-0.066604851,1.1794260,-0.5317723,1.1177648
seq-14/frame-000374,1,0.00926916,0.165144,2042,1022,816,0.90,91.77,77.99,9.56,180.22,0.985550932,0.071190683,-0.140699400,-0.061845982,1.1800149,-0.5341468,1.1340863
seq-14/frame-000375,1,0.00914397,0.161052,2042,1022,816,0.86,96.03,71.22,9.53,177.64,0.985550932,0.071190683,-0.140699400,-0.061845982,1.1800149,-0.5341468,1.1340863
seq-14/frame-000376,1,0.01113671,0.297020,2273,1183,948,0.91,93.20,81.05,11.40,186.56,0.985822822,0.069176545,-0.141369509,-0.058160397,1.1794525,-0.5404748,1.1485287
seq-14/frame-000377,1,0.01106481,0.289842,2215,1114,899,0.90,94.78,84.35,7.21,187.23,0.985919809,0.067889965,-0.142730602,-0.054599060,1.1817297,-0.5416980,1.1620509
seq-14/frame-000378,1,0.01395709,0.247683,1898,958,775,0.85,79.20,64.18,6.96,151.20,0.985976535,0.068046311,-0.143350235,-0.051678636,1.1867273,-0.5354536,1.1743236
seq-14/frame-000379,1,0.01488681,0.203553,1449,771,599,0.82,84.45,53.03,11.66,149.95,0.987006395,0.066843542,-0.138794716,-0.045676510,1.1832488,-0.5353602,1.1852115
seq-14/frame-000380,1,0.01473050,0.200103,1449,771,599,0.78,68.91,60.81,16.49,146.99,0.987006395,0.066843542,-0.138794716,-0.045676510,1.1832488,-0.5353602,1.1852115
seq-14/frame-000381,1,0.01566274,0.307359,1583,865,690,0.85,77.15,71.76,10.54,160.30,0.988037347,0.062838888,-0.135733422,-0.037548800,1.1831425,-0.5467465,1.1994240
seq-14/frame-000382,1,0.01709737,0.350565,1660,899,722,0.84,84.52,59.13,10.83,155.32,0.988670387,0.061050385,-0.133739490,-0.030289690,1.1829554,-0.5427621,1.2120579
seq-14/frame-000383,1,0.02185771,0.431462,1666,849,676,0.82,77.20,60.48,11.95,150.46,0.989348016,0.058980752,-0.130828222,-0.024408006,1.1825380,-0.5421419,1.2243156
seq-14/frame-000384,1,0.01549313,0.289187,1633,974,795,0.82,78.17,62.48,13.93,155.39,0.990184347,0.057094742,-0.126214467,-0.018575717,1.1741061,-0.5430321,1.2405722
seq-14/frame-000385,1,0.02047852,0.427415,1513,884,712,0.79,82.74,51.00,7.18,141.71,0.991036724,0.053640981,-0.121660979,-0.012940721,1.1702212,-0.5464872,1.2532377
seq-14/frame-000386,1,0.01632633,0.190075,1689,1000,802,0.85,89.05,66.44,14.29,170.63,0.991883046,0.053295483,-0.115249979,-0.006712406,1.1576552,-0.5401663,1.2651844
seq-14/frame-000387,1,0.01638212,0.190692,1689,1000,802,0.85,85.36,70.65,19.29,176.15,0.991883046,0.053295483,-0.115249979,-0.006712406,1.1576552,-0.5401663,1.2651844
seq-14/frame-000388,1,0.01838938,0.427871,2054,1091,894,1.03,82.77,84.45,13.10,181.34,0.991878129,0.051771812,-0.116159516,-0.002103115,1.1641306,-0.5492262,1.2870126
seq-14/frame-000389,1,0.02029588,0.524027,2028,1034,839,0.89,89.13,79.29,8.28,177.59,0.992062663,0.052038903,-0.114456870,0.001802585,1.1584904,-0.5515757,1.2980854
seq-14/frame-000390,1,0.01748701,0.350891,1965,1077,831,0.83,83.03,82.92,7.54,174.33,0.992304419,0.054750323,-0.110884539,0.006241875,1.1490738,-0.5462657,1.3103602
seq-14/frame-000391,1,0.01543569,0.354233,1763,1000,815,0.83,85.06,63.78,6.76,156.44,0.992186567,0.056202649,-0.110985078,0.009454667,1.1453408,-0.5489511,1.3259846
seq-14/frame-000392,1,0.01553900,0.359271,1763,1000,815,0.85,86.49,67.21,6.82,161.37,0.992186567,0.056202649,-0.110985078,0.009454667,1.1453408,-0.5489511,1.3259846
seq-14/frame-000393,1,0.01775903,0.464912,1714,938,783,0.83,70.18,62.82,18.94,152.78,0.991930437,0.055479623,-0.113252933,0.013030437,1.1422706,-0.5600327,1.3391749
seq-14/frame-000394,1,0.01242676,0.256983,2114,1162,936,1.19,95.03,77.69,11.99,185.90,0.991949138,0.058292066,-0.111296167,0.015877820,1.1216451,-0.5557504,1.3443765
seq-14/frame-000395,1,0.01513875,0.292417,1803,881,690,0.84,73.85,77.71,17.15,169.56,0.991862343,0.061504431,-0.109703201,0.019786510,1.1136138,-0.5516990,1.3532990
seq-14/frame-000396,1,0.01933170,0.483466,1798,959,771,0.84,93.74,62.29,7.32,164.20,0.991683957,0.062006707,-0.110070265,0.024548629,1.1130985,-0.5602824,1.3654687
seq-14/frame-000397,1,0.01930930,0.483086,1798,959,771,0.82,82.34,82.65,7.82,173.65,0.991683957,0.062006707,-0.110070265,0.024548629,1.1130985,-0.5602824,1.3654687
seq-14/frame-000398,1,0.01184283,0.217005,1946,1044,830,1.02,99.86,76.91,9.32,187.11,0.991751077,0.064777494,-0.106786889,0.028813832,1.0918882,-0.5557359,1.3689588
seq-14/frame-000399,1,0.01527915,0.368161,1710,928,736,0.83,83.73,60.69,13.63,158.88,0.991405627,0.066453987,-0.107461981,0.033921568,1.0908587,-0.5574235,1.3798166
seq-14/frame-000400,1,0.01612314,0.412205,1891,1008,808,0.84,97.01,69.00,10.65,177.50,0.991192032,0.065167985,-0.109025353,0.037482832,1.0880846,-0.5686451,1.3878222
seq-14/frame-000401,1,0.01459047,0.410811,2166,1125,902,0.91,85.92,73.92,13.46,174.21,0.991341762,0.065629016,-0.106854498,0.038941745,1.0694801,-0.5721551,1.3889888
seq-14/frame-000402,1,0.01460580,0.410141,2166,1125,902,0.92,93.87,82.26,11.31,188.36,0.991341762,0.065629016,-0.106854498,0.038941745,1.0694801,-0.5721551,1.3889888
seq-14/frame-000403,1,0.01358181,0.346333,1798,832,626,0.85,83.33,69.73,8.92,162.83,0.991043977,0.070480666,-0.105696882,0.041139758,1.0622023,-0.5610746,1.4001694
seq-14/frame-000404,1,0.02171310,0.588273,1461,783,626,0.81,86.97,59.96,10.36,158.10,0.990567723,0.070323252,-0.108351085,0.045719468,1.0677891,-0.5712445,1.4106005
seq-14/frame-000405,1,0.01495533,0.390482,1728,935,747,0.82,73.96,73.96,13.77,162.51,0.990130885,0.072736990,-0.109355992,0.048902221,1.0554859,-0.5699326,1.4126941
seq-14/frame-000406,1,0.01496573,0.389920,1728,935,747,0.83,76.04,60.19,10.96,148.03,0.990130885,0.072736990,-0.109355992,0.048902221,1.0554859,-0.5699326,1.4126941
seq-14/frame-000407,1,0.01365162,0.218531,1768,862,684,0.86,96.83,63.23,6.50,167.42,0.990317636,0.076722846,-0.104753791,0.049104246,1.0339025,-0.5621578,1.4110324
seq-14/frame-000408,1,0.01703800,0.426088,1804,959,780,0.87,83.60,69.10,10.31,163.89,0.990493913,0.077513996,-0.103014367,0.047973211,1.0354000,-0.5649746,1.4189358
seq-14/frame-000409,1,0.01713301,0.448657,1547,840,668,1.51,84.34,72.43,7.52,165.80,0.990833942,0.074726472,-0.101435562,0.048732745,1.0283641,-0.5800573,1.4185521
seq-14/frame-000410,1,0.01712595,0.448916,1547,840,668,0.80,76.92,63.32,10.90,151.96,0.990833942,0.074726472,-0.101435562,0.048732745,1.0283641,-0.5800573,1.4185521
seq-14/frame-000411,1,0.01257151,0.263645,1172,619,473,0.83,74.53,45.69,6.83,127.88,0.990300913,0.075453996,-0.104951434,0.050950886,1.0188258,-0.5804682,1.4289247
seq-14/frame-000412,1,0.01343804,0.409040,1386,683,549,0.85,78.20,51.80,12.34,143.19,0.989855053,0.072400352,-0.110843532,0.051564279,1.0126881,-0.5883188,1.4296262
seq-14/frame-000413,1,0.00882232,0.309530,1324,656,515,0.83,65.02,53.67,8.48,128.00,0.989565486,0.071984509,-0.114062077,0.050677629,1.0015388,-0.5860028,1.4332838
seq-14/frame-000414,1,0.00876806,0.306883,1324,656,515,0.84,75.33,53.50,8.31,137.97,0.989565486,0.071984509,-0.114062077,0.050677629,1.0015388,-0.5860028,1.4332838
seq-14/frame-000415,1,0.00953284,0.211073,1521,744,575,0.83,67.99,57.54,9.95,136.32,0.989462586,0.072185645,-0.117071374,0.045247293,0.9902393,-0.5845966,1.4324855
seq-14/frame-000416,1,0.01276648,0.115266,1409,754,606,0.83,71.37,56.45,10.39,139.05,0.989423515,0.074179858,-0.118006532,0.040161117,0.9743424,-0.5747754,1.4336393
seq-14/frame-000417,1,0.01054107,0.321020,1037,553,421,0.83,65.98,37.62,6.45,110.88,0.989174199,0.072417539,-0.122091120,0.037200300,0.9654901,-0.5819706,1.4404594
seq-14/frame-000418,1,0.01069626,0.322996,1037,553,421,0.83,69.30,42.29,10.63,123.05,0.989174199,0.072417539,-0.122091120,0.037200300,0.9654901,-0.5819706,1.4404594
seq-14/frame-000419,1,0.02054696,0.639682,912,418,287,0.79,74.29,40.87,13.26,129.22,0.988176974,0.069030234,-0.131950999,0.036469549,0.9645042,-0.5902247,1.4494846
seq-14/frame-000420,1,0.02848906,0.832409,749,326,227,0.78,54.03,29.99,6.32,91.12,0.986489779,0.064193840,-0.146602950,0.034994899,0.9622043,-0.6003262,1.4547184
seq-14/frame-000421,1,0.01803166,0.516470,895,426,296,0.80,63.89,33.19,8.08,105.96,0.985618005,0.067523875,-0.150816257,0.035385463,0.9291666,-0.5777728,1.4444085
seq-14/frame-000422,1,0.01659153,0.477162,917,495,353,0.91,65.66,39.82,15.23,121.63,0.984351956,0.064704215,-0.159849466,0.036231757,0.9231571,-0.5811667,1.4436304
seq-14/frame-000423,1,0.02581044,0.684515,926,442,317,0.80,51.42,35.61,8.44,96.27,0.983689786,0.067208334,-0.163262483,0.034391942,0.8974414,-0.5625959,1.4282456
seq-14/frame-000424,1,0.02624145,0.701811,926,442,317,0.77,64.76,42.14,10.64,118.31,0.983689786,0.067208334,-0.163262483,0.034391942,0.8974414,-0.5625959,1.4282456
seq-14/frame-000425,1,0.01619499,0.254591,903,499,369,0.81,70.74,32.86,14.33,118.75,0.982595382,0.061671348,-0.171454512,0.036142916,0.8863491,-0.5698478,1.4241982
seq-14/frame-000426,1,0.01276862,0.430023,752,415,299,1.09,60.69,23.41,6.38,91.57,0.980954692,0.057363935,-0.181607855,0.038155709,0.8871526,-0.5805489,1.4329874
seq-14/frame-000427,1,0.03024271,0.714688,717,321,232,0.75,59.19,23.23,14.01,97.19,0.979958530,0.057745228,-0.185414940,0.044362924,0.8587023,-0.5642958,1.4140516
seq-14/frame-000428,1,0.01676529,0.354707,682,324,233,0.76,54.04,29.39,14.75,98.95,0.977505885,0.050918908,-0.198059640,0.051593493,0.8581607,-0.5727907,1.4103190
seq-14/frame-000429,1,0.01662716,0.355817,682,324,233,0.74,63.84,28.18,10.99,103.76,0.977505885,0.050918908,-0.198059640,0.051593493,0.8581607,-0.5727907,1.4103190
seq-14/frame-000430,1,0.00627486,0.227714,826,528,412,0.78,60.27,30.54,11.19,102.77,0.975036090,0.046087054,-0.208891120,0.059540805,0.8595233,-0.5670543,1.4098486
seq-14/frame-000431,1,0.01897331,0.154015,936,479,376,0.78,66.28,40.40,6.56,114.02,0.973480781,0.044286271,-0.214523275,0.065982263,0.8475577,-0.5549560,1.3988543
seq-14/frame-000432,1,0.02281073,0.580701,913,529,381,1.12,66.05,45.73,16.65,129.54,0.971647628,0.042685398,-0.221870745,0.069657854,0.8401043,-0.5451244,1.3952982
seq-14/frame-000433,1,0.01655833,0.170855,930,592,478,0.81,69.54,42.59,13.34,126.28,0.969999433,0.037942759,-0.228379227,0.074191486,0.8399872,-0.5398946,1.3908592
seq-14/frame-000434,1,0.01778037,0.423358,897,457,320,0.79,62.06,42.00,11.25,116.10,0.968070053,0.033805844,-0.235969699,0.077561842,0.8339435,-0.5362084,1.3884071
seq-14/frame-000435,1,0.01372265,0.377294,855,381,279,0.79,62.64,33.51,16.71,113.66,0.965053034,0.025865566,-0.248254216,0.079833939,0.8376723,-0.5435516,1.3930390
seq-14/frame-000436,1,0.01079701,0.096740,1126,661,484,0.80,60.86,45.58,11.78,119.03,0.963278684,0.023545453,-0.254173554,0.083280207,0.8227541,-0.5244151,1.3807362
seq-14/frame-000437,1,0.01329908,0.123508,1192,689,547,1.11,74.78,51.97,6.26,134.12,0.961798371,0.017490369,-0.259124058,0.086560406,0.8226764,-0.5184610,1.3769897
seq-14/frame-000438,1,0.01496733,0.134067,1081,674,553,0.82,63.31,41.29,13.26,118.68,0.960775181,0.012555148,-0.262503285,0.088574522,0.8132531,-0.5125420,1.3736165
seq-14/frame-000439,1,0.01258537,0.146390,1188,697,559,1.00,71.97,43.16,9.90,126.03,0.958933890,0.007016108,-0.268256455,0.091842495,0.8087872,-0.5149050,1.3720051
seq-14/frame-000440,1,0.01358548,0.152623,1612,990,829,0.87,77.66,65.79,11.80,156.12,0.957142579,0.006384149,-0.273161667,0.096020989,0.8012892,-0.5009147,1.3728388
seq-14/frame-000441,1,0.00909069,0.197977,1431,877,729,0.88,76.61,53.14,8.07,138.70,0.955561871,0.002185656,-0.277244272,0.100161608,0.8004469,-0.5001270,1.3719108
seq-14/frame-000442,1,0.00942010,0.093332,1219,800,646,0.86,73.67,54.92,11.25,140.70,0.953835964,-0.001993651,-0.281959148,0.103402217,0.7998478,-0.4980239,1.3642915
seq-14/frame-000443,1,0.00711588,0.057267,1442,846,676,0.88,83.12,53.56,9.88,147.44,0.951695265,-0.003980783,-0.287646702,0.107329636,0.7930739,-0.4896113,1.3677292
seq-14/frame-000444,1,0.00899983,0.096995,1624,941,794,0.90,81.47,63.74,11.31,157.41,0.950139118,-0.006780549,-0.291370952,0.110872219,0.7893041,-0.4848950,1.3627288
seq-14/frame-000445,1,0.01268037,0.279524,1902,1047,838,0.93,94.24,73.78,10.85,179.81,0.948512959,-0.009096525,-0.296312129,0.111532695,0.7899013,-0.4857557,1.3644713
seq-14/frame-000446,1,0.00831800,0.181334,2884,1640,1295,1.03,118.24,117.62,9.75,246.64,0.947840911,-0.008422639,-0.298499586,0.111465971,0.7827570,-0.4800348,1.3661601
seq-14/frame-000447,1,0.00822392,0.136987,2900,1599,1269,0.99,116.73,118.37,11.83,247.92,0.947832482,-0.007806212,-0.298331572,0.112030898,0.7779361,-0.4786727,1.3634415
seq-14/frame-000448,1,0.00734119,0.108869,2777,1619,1299,1.37,108.18,111.39,7.93,228.87,0.947898401,-0.006389157,-0.298331306,0.111562682,0.7728099,-0.4771248,1.3567508
seq-14/frame-000449,1,0.00808481,0.174202,2901,1611,1277,1.01,114.98,125.20,8.90,250.09,0.947708795,-0.006853959,-0.298502667,0.112681942,0.7688580,-0.4791482,1.3511694
seq-14/frame-000450,1,0.00732343,0.165402,2686,1424,1108,0.99,93.32,100.06,17.19,211.57,0.947362695,-0.006185592,-0.298195145,0.116384355,0.7639361,-0.4784898,1.3468439
seq-14/frame-000451,1,0.00830033,0.176314,2785,1536,1229,0.98,131.70,99.90,10.31,242.90,0.946913295,-0.005239610,-0.297993456,0.120530733,0.7600903,-0.4760736,1.3392417
seq-14/frame-000452,1,0.00764059,0.200496,2834,1573,1262,1.00,107.99,102.67,8.34,220.00,0.946371690,-0.003891614,-0.298664682,0.123145795,0.7582281,-0.4735820,1.3339875
seq-14/frame-000453,1,0.00823896,0.202268,2713,1449,1132,0.97,98.49,106.45,7.40,213.31,0.946372636,-0.002382745,-0.297318329,0.126392122,0.7516136,-0.4701213,1.3275686
seq-14/frame-000454,1,0.00955357,0.229681,2620,1477,1186,0.96,103.12,99.66,11.23,214.97,0.945976859,-0.001575234,-0.296925174,0.130233411,0.7501707,-0.4711662,1.3184130
seq-14/frame-000455,1,0.00971721,0.270779,2775,1499,1197,0.99,90.00,120.87,21.37,233.23,0.945624946,0.000896266,-0.297571897,0.131314984,0.7469049,-0.4672436,1.3109699
seq-14/frame-000456,1,0.00425263,0.155921,2852,1468,1160,1.00,114.54,103.06,11.43,230.02,0.945778140,0.005337591,-0.296447294,0.132643210,0.7395260,-0.4566555,1.3082140
seq-14/frame-000457,1,0.00701251,0.147866,2847,1585,1270,1.02,104.31,113.97,10.56,229.87,0.946407635,0.007788924,-0.294103145,0.133248869,0.7359353,-0.4540512,1.2955970
seq-14/frame-000458,1,0.00751831,0.210330,2719,1522,1227,1.03,102.90,99.64,10.79,214.36,0.947060087,0.010372012,-0.293024936,0.130789906,0.7331803,-0.4519009,1.2859188
seq-14/frame-000459,1,0.00700223,0.161502,2773,1626,1291,1.00,111.27,136.12,14.06,262.45,0.948209041,0.013838646,-0.289658066,0.129639155,0.7231311,-0.4450739,1.2739959
seq-14/frame-000460,1,0.01009301,0.230465,2494,1409,1144,1.00,100.45,107.16,17.00,225.61,0.949155458,0.014941415,-0.286244863,0.130171229,0.7165136,-0.4445015,1.2560274
seq-14/frame-000461,1,0.01172778,0.227131,2146,1300,1103,0.94,107.93,89.83,10.80,209.50,0.949370129,0.014669006,-0.285752852,0.129716944,0.7106073,-0.4432689,1.2390186
seq-14/frame-000462,1,0.00968137,0.196486,2489,1488,1256,0.96,101.38,108.51,12.23,223.08,0.949448520,0.016428765,-0.285874953,0.128658911,0.7000049,-0.4357438,1.2312731
seq-14/frame-000463,1,0.00903119,0.208261,2439,1478,1242,0.97,109.85,116.05,14.67,241.54,0.949788383,0.017799848,-0.285449724,0.126900150,0.6919509,-0.4291440,1.2234073
seq-14/frame-000464,1,0.00970887,0.216339,2734,1598,1314,0.98,92.23,111.04,7.43,211.68,0.950453392,0.020023537,-0.284842145,0.122891664,0.6842873,-0.4217580,1.2191536
seq-14/frame-000465,1,0.00957714,0.238747,2325,1419,1217,0.95,94.07,109.95,13.06,218.03,0.951802269,0.023846961,-0.282258530,0.117617539,0.6768616,-0.4124865,1.2165818
seq-14/frame-000466,1,0.01033075,0.269301,2231,1360,1128,0.95,124.73,109.39,19.63,254.70,0.954229697,0.025293261,-0.275983740,0.112422911,0.6664266,-0.4071755,1.2017094
seq-14/frame-000467,1,0.01020339,0.247431,1914,1257,1077,0.90,112.14,97.01,9.20,219.24,0.955729526,0.023340303,-0.272405295,0.108773431,0.6556626,-0.4077654,1.1833705
seq-14/frame-000468,1,0.01350489,0.297264,1741,1134,982,0.92,94.37,101.89,10.83,208.00,0.955969949,0.021657016,-0.273190217,0.104973974,0.6461158,-0.4073940,1.1707690
seq-14/frame-000469,1,0.01016788,0.245727,1903,1223,1065,0.92,91.60,103.85,8.90,205.27,0.955918493,0.023285793,-0.275189156,0.099742344,0.6363104,-0.3962218,1.1704871
seq-14/frame-000470,1,0.01173287,0.285473,2054,1277,1089,0.92,105.99,105.84,11.91,224.66,0.956791603,0.023494539,-0.274459532,0.093111757,0.6263490,-0.3903948,1.1631863
seq-14/frame-000471,1,0.00995710,0.265509,1848,1111,936,0.91,94.13,102.70,13.72,211.46,0.957838780,0.023503068,-0.273388453,0.085154162,0.6163361,-0.3836590,1.1547304
seq-14/frame-000472,1,0.00866958,0.204396,2252,1379,1172,0.95,124.39,114.73,7.26,247.33,0.958606789,0.023177220,-0.273039180,0.077365669,0.6070898,-0.3808555,1.1485623
seq-14/frame-000473,1,0.00801657,0.222852,2563,1560,1303,0.97,111.90,125.26,18.17,256.31,0.959287465,0.024645435,-0.272489172,0.070070059,0.5974244,-0.3774840,1.1429573
seq-14/frame-000474,1,0.00661063,0.203134,2629,1591,1339,0.96,125.43,123.56,12.36,262.31,0.960090585,0.027487729,-0.271158537,0.062797624,0.5883703,-0.3732995,1.1364828
seq-14/frame-000475,1,0.00503909,0.159678,2645,1592,1345,1.40,120.55,129.03,12.93,263.92,0.961088195,0.031089348,-0.268999696,0.054608592,0.5787858,-0.3688343,1.1292895
seq-14/frame-000476,1,0.00694758,0.198662,2653,1599,1359,1.82,141.47,128.09,15.37,286.75,0.962208286,0.034686879,-0.266148696,0.046009848,0.5692859,-0.3666263,1.1193570
seq-14/frame-000477,1,0.00566277,0.176435,2359,1444,1248,0.97,115.92,123.17,14.20,254.26,0.963047554,0.038625900,-0.263909873,0.037403575,0.5589671,-0.3619036,1.1115605
seq-14/frame-000478,1,0.00795431,0.249644,1975,1322,1125,0.95,114.95,92.33,14.59,222.82,0.963751593,0.041255837,-0.262169182,0.027352212,0.5474362,-0.3620166,1.1003644
seq-14/frame-000479,1,0.00859539,0.266923,1865,1179,1018,0.93,111.99,91.51,12.89,217.33,0.963764408,0.045452055,-0.262271740,0.017487464,0.5374198,-0.3605753,1.0926870
seq-14/frame-000480,1,0.00884628,0.272219,1959,1269,1085,2.03,112.90,99.87,11.27,226.07,0.963796361,0.050838031,-0.261670748,0.006363049,0.5278560,-0.3559607,1.0863868
seq-14/frame-000481,1,0.00682912,0.220814,2038,1276,1090,1.26,118.64,103.57,12.28,235.75,0.963927640,0.055923516,-0.260155650,-0.005924707,0.5188021,-0.3529364,1.0812066
seq-14/frame-000482,1,0.00848403,0.260843,1894,1207,1060,1.30,102.93,87.39,11.58,203.21,0.964134727,0.060641215,-0.257718131,-0.018661105,0.5065425,-0.3528867,1.0715228
seq-14/frame-000483,1,0.00748030,0.240462,1775,1129,944,1.58,93.07,74.74,15.82,185.22,0.963843326,0.067092359,-0.255976611,-0.031315065,0.4918758,-0.3507836,1.0634630
seq-14/frame-000484,1,0.00631062,0.189402,1751,1106,970,0.95,91.59,86.84,12.25,191.64,0.963231144,0.073304518,-0.254815060,-0.043376205,0.4780467,-0.3474909,1.0551409
seq-14/frame-000485,1,0.00904723,0.261526,1410,950,825,1.93,84.32,70.33,7.80,164.39,0.962431595,0.077602074,-0.254882304,-0.052329288,0.4664336,-0.3448259,1.0477913
seq-14/frame-000486,1,0.00741935,0.227760,1392,971,840,1.23,88.87,51.69,8.33,150.12,0.961630964,0.081268825,-0.254869580,-0.060850344,0.4503961,-0.3399626,1.0416529
seq-14/frame-000487,1,0.00929834,0.271125,1409,974,836,0.89,80.31,56.32,11.31,148.83,0.960425868,0.083523832,-0.256407949,-0.069720053,0.4372774,-0.3370303,1.0372310
seq-14/frame-000488,1,0.00840339,0.261341,1491,1046,914,0.89,87.86,66.63,7.57,162.95,0.959155467,0.084757080,-0.258144131,-0.078731416,0.4262879,-0.3359707,1.0334086
seq-14/frame-000489,1,0.00836718,0.243238,1594,1149,995,0.93,102.37,76.89,9.67,189.86,0.958043806,0.086840553,-0.258818853,-0.087313149,0.4137536,-0.3345688,1.0291935
seq-14/frame-000490,1,0.00654329,0.186438,1977,1274,1100,0.95,96.19,99.73,10.63,207.51,0.956778267,0.089794851,-0.259310609,-0.096282087,0.4047469,-0.3340379,1.0281099
seq-14/frame-000491,1,0.00609631,0.171239,2258,1416,1216,0.95,106.72,121.34,12.23,241.24,0.956136099,0.093519560,-0.256536019,-0.106052455,0.3920646,-0.3327124,1.0237817
seq-14/frame-000492,1,0.00608974,0.173729,1945,1279,1127,0.92,90.65,102.52,11.62,205.72,0.955482883,0.098226720,-0.252975826,-0.115789481,0.3763470,-0.3265017,1.0177981
seq-14/frame-000493,1,0.00907700,0.258332,1599,1071,934,0.93,97.41,87.53,14.68,200.56,0.954407401,0.101236379,-0.251385984,-0.125151089,0.3606133,-0.3214258,1.0130574
seq-14/frame-000494,1,0.00667441,0.200538,1645,1043,884,1.12,83.23,88.22,9.90,182.47,0.952862186,0.103462712,-0.250785688,-0.135851610,0.3450366,-0.3171586,1.0097144
seq-14/frame-000495,1,0.00563288,0.179485,1788,1114,963,0.94,89.21,93.24,10.32,193.71,0.951099133,0.105516447,-0.250788424,-0.146225462,0.3328300,-0.3142624,1.0078897
seq-14/frame-000496,1,0.00417475,0.163909,1945,1233,1059,1.18,98.09,97.00,16.10,212.37,0.949164798,0.108281103,-0.249568543,-0.158356974,0.3218311,-0.3141396,1.0073230
seq-14/frame-000497,1,0.00533242,0.195897,1873,1192,1021,1.36,89.37,96.25,12.32,199.31,0.947415042,0.112046163,-0.246431104,-0.170652002,0.3132980,-0.3150640,1.0050638
seq-14/frame-000498,1,0.00679100,0.228396,1824,1114,927,0.95,94.82,93.21,11.01,200.00,0.945626505,0.117770941,-0.240594673,-0.184485017,0.2991139,-0.3137240,1.0014476
seq-14/frame-000499,1,0.00548847,0.167273,2048,1189,985,2.79,108.33,98.98,11.64,221.75,0.943522674,0.124008117,-0.235666983,-0.197099020,0.2880597,-0.3120029,0.9973082
seq-14/frame-000500,1,0.00664395,0.180293,1724,1094,923,0.92,111.80,71.86,10.77,195.36,0.941815843,0.129148845,-0.230750069,-0.207503976,0.2701375,-0.3064791,0.9919020
seq-14/frame-000501,1,0.00688990,0.215475,1396,935,789,1.12,107.60,58.55,9.45,176.72,0.938456667,0.133669910,-0.232205269,-0.217972823,0.2575852,-0.3017932,0.9922367
seq-14/frame-000502,1,0.00451149,0.159660,1415,891,732,1.08,91.34,70.59,11.31,174.32,0.933956344,0.138525479,-0.234366233,-0.231535545,0.2368915,-0.3087706,0.9856884
seq-14/frame-000503,1,0.00479410,0.149053,1555,957,791,1.31,106.50,77.44,15.05,200.30,0.932108339,0.143781419,-0.235461921,-0.234645760,0.2326649,-0.3117989,0.9826151
seq-14/frame-000504,1,0.00617394,0.168233,1997,1374,1185,1.70,120.38,87.60,13.62,223.29,0.930429369,0.149638615,-0.234514078,-0.238563663,0.2255325,-0.3079041,0.9790117
seq-14/frame-000505,1,0.00935875,0.223354,1521,1007,856,0.95,99.66,68.07,13.22,181.90,0.928396210,0.153918885,-0.234487854,-0.243731205,0.2159298,-0.3047202,0.9751430
seq-14/frame-000506,1,0.00709482,0.197698,1791,1065,911,1.14,98.72,73.46,7.69,181.01,0.925645454,0.157924638,-0.237049984,-0.249093573,0.2093300,-0.3033067,0.9751012
seq-14/frame-000507,1,0.00895206,0.207873,1672,1041,881,1.26,89.30,71.24,9.91,171.72,0.922962959,0.160503416,-0.238335966,-0.256074203,0.2051120,-0.3060090,0.9696970
seq-14/frame-000508,1,0.00970277,0.215652,1525,1023,874,0.90,73.69,66.89,8.89,150.37,0.920211980,0.164877930,-0.238452918,-0.262993131,0.1949536,-0.3051030,0.9659278
seq-14/frame-000509,1,0.00766936,0.195097,1495,1003,857,0.90,87.89,64.26,12.82,165.88,0.917321054,0.169316027,-0.239876256,-0.268911785,0.1866201,-0.3046387,0.9646654
seq-14/frame-000510,1,0.00857581,0.226617,1737,1161,1015,0.92,89.21,70.90,11.39,172.42,0.914692765,0.173880052,-0.240439588,-0.274393292,0.1800213,-0.3027713,0.9597762
seq-14/frame-000511,1,0.00816907,0.195853,1627,1101,956,0.92,92.18,68.51,7.69,169.30,0.912008519,0.177595580,-0.241237594,-0.280186893,0.1734829,-0.3013229,0.9559405
seq-14/frame-000512,1,0.00866763,0.199647,1507,993,829,0.96,75.95,68.79,9.71,155.41,0.910000570,0.180704627,-0.242748983,-0.283403833,0.1623378,-0.2976628,0.9535511
seq-14/frame-000513,1,0.00840157,0.203066,1433,911,767,1.11,80.41,64.22,7.81,153.55,0.907837851,0.182920679,-0.246935932,-0.285294771,0.1543910,-0.2958961,0.9518153
seq-14/frame-000514,1,0.00874291,0.185605,2391,1539,1340,0.95,102.10,109.05,8.26,220.36,0.903753530,0.187388908,-0.251840387,-0.291017823,0.1466343,-0.3006950,0.9407821
seq-14/frame-000515,1,0.01180905,0.264280,2095,1402,1220,0.96,94.81,78.33,16.02,190.14,0.902751753,0.189982558,-0.252061023,-0.292251845,0.1391953,-0.2948500,0.9396530
seq-14/frame-000516,1,0.00843294,0.219141,1150,762,624,0.85,66.08,45.36,6.43,118.72,0.901443814,0.191978706,-0.254933603,-0.292492880,0.1264014,-0.2799204,0.9438065
seq-14/frame-000517,1,0.00956088,0.237171,1237,750,594,0.87,82.28,52.05,8.95,144.15,0.899284505,0.189658961,-0.262073558,-0.294337064,0.1216095,-0.2806824,0.9415063
seq-14/frame-000518,1,0.00790132,0.155833,1681,1102,916,0.93,84.42,55.75,12.72,153.83,0.896815896,0.188916774,-0.266395235,-0.298438068,0.1151469,-0.2841623,0.9371773
seq-14/frame-000519,1,0.01259608,0.263452,1805,1164,988,0.95,97.57,77.07,10.51,186.11,0.894327415,0.189708029,-0.270291180,-0.301880798,0.1141732,-0.2866559,0.9323156
seq-14/frame-000520,1,0.01020198,0.207693,1728,1177,997,0.93,73.78,75.48,11.89,162.08,0.891749757,0.192418566,-0.272213447,-0.306034811,0.1076548,-0.2793023,0.9324105
seq-14/frame-000521,1,0.01389095,0.285659,1337,743,573,0.89,74.00,45.25,18.23,138.38,0.889476522,0.193213998,-0.276030128,-0.308718702,0.1023943,-0.2743555,0.9299721
seq-14/frame-000522,1,0.00740109,0.165252,1348,791,588,0.91,81.70,51.79,10.31,144.71,0.885811924,0.195099026,-0.281626155,-0.312986126,0.0932229,-0.2662771,0.9328597
seq-14/frame-000523,1,0.01228158,0.207404,1739,1094,888,0.94,85.12,100.32,18.17,204.56,0.882017913,0.194551422,-0.288843932,-0.317432401,0.0999743,-0.2737753,0.9255381
seq-14/frame-000524,1,0.00814852,0.161129,2172,1352,1148,0.94,105.05,116.84,9.62,232.45,0.879638015,0.195761432,-0.291555465,-0.320795629,0.0978630,-0.2746706,0.9217030
seq-14/frame-000525,1,0.01520161,0.283828,1626,930,732,0.91,88.96,84.64,13.68,188.19,0.876519504,0.198793606,-0.298560071,-0.321024214,0.0969760,-0.2657948,0.9176655
seq-14/frame-000526,1,0.02040041,0.424269,1294,648,468,0.89,69.14,57.01,21.98,149.02,0.874129951,0.198314227,-0.305962848,-0.320866065,0.0972966,-0.2665242,0.9128492
seq-14/frame-000527,1,0.00944683,0.164905,1266,744,554,1.30,83.10,62.05,13.13,159.58,0.871255745,0.199771407,-0.313480355,-0.320522822,0.0947213,-0.2646527,0.9129640
seq-14/frame-000528,1,0.00988568,0.205112,1507,953,795,0.87,77.25,74.16,17.93,170.21,0.867990284,0.201500035,-0.320728992,-0.321128505,0.1036254,-0.2685257,0.9081895
seq-14/frame-000529,1,0.01109669,0.218191,1592,978,816,0.88,81.87,76.53,14.24,173.52,0.865502578,0.203800364,-0.325775142,-0.321311773,0.1097421,-0.2688439,0.9043254
seq-14/frame-000530,1,0.01269492,0.233395,1471,960,821,0.87,82.71,76.75,13.47,173.80,0.862898307,0.205843794,-0.330884402,-0.321792414,0.1168348,-0.2710562,0.8998099
seq-14/frame-000531,1,0.01193447,0.268757,1411,933,800,0.85,91.56,71.18,9.50,173.08,0.861356806,0.208186048,-0.334259687,-0.320925978,0.1174989,-0.2703457,0.8952983
seq-14/frame-000532,1,0.01325958,0.244229,1870,1216,1045,1.18,94.02,92.17,16.83,204.20,0.859274697,0.210536057,-0.340005694,-0.318932111,0.1304330,-0.2715759,0.8923535
seq-14/frame-000533,1,0.01924870,0.344296,1623,873,711,1.04,104.04,76.47,12.69,194.25,0.857528755,0.210878041,-0.346703135,-0.316183210,0.1452387,-0.2691180,0.8844170
seq-14/frame-000534,1,0.01999967,0.337208,1349,711,589,0.87,94.66,61.66,10.52,167.71,0.856143066,0.209981323,-0.353644455,-0.312829816,0.1552620,-0.2664240,0.8856344
seq-14/frame-000535,1,0.01584170,0.300586,1849,1187,985,0.88,101.74,83.22,10.77,196.62,0.855603214,0.206838302,-0.359379525,-0.309850633,0.1646079,-0.2703621,0.8827034
seq-14/frame-000536,1,0.01668239,0.302311,2495,1463,1219,1.02,134.06,106.17,10.25,251.51,0.855030777,0.203947988,-0.363331717,-0.308735570,0.1784165,-0.2744342,0.8802328
seq-14/frame-000537,1,0.01573088,0.292344,2559,1445,1192,1.43,118.28,121.88,7.21,248.80,0.854854893,0.202709808,-0.364968585,-0.308106763,0.1831349,-0.2757353,0.8770161
seq-14/frame-000538,1,0.01612338,0.290073,2544,1481,1227,1.46,142.45,105.48,9.00,258.40,0.854079844,0.202605012,-0.368073830,-0.306627600,0.1961945,-0.2756371,0.8765595
seq-14/frame-000539,1,0.01860503,0.328586,2536,1526,1252,2.99,115.50,100.47,7.60,226.57,0.853808717,0.201723498,-0.370192535,-0.305410858,0.2088506,-0.2754406,0.8749298
seq-14/frame-000540,1,0.02508617,0.431707,1725,770,575,1.72,96.37,81.48,11.78,191.34,0.854305408,0.197506808,-0.375268111,-0.300544797,0.2316581,-0.2701009,0.8686774
seq-14/frame-000541,1,0.02191701,0.394463,1882,826,618,1.01,108.85,77.21,5.58,192.65,0.854805078,0.193536292,-0.378750213,-0.297321809,0.2383179,-0.2681667,0.8684664
seq-14/frame-000542,1,0.01959837,0.348922,1983,942,738,1.21,99.44,75.48,9.01,185.14,0.854842736,0.189243703,-0.383871107,-0.293383179,0.2544459,-0.2711096,0.8695201
seq-14/frame-000543,1,0.01540912,0.282258,2673,1542,1243,0.95,106.10,105.57,13.35,225.97,0.855703267,0.185933536,-0.386858263,-0.289035161,0.2660054,-0.2730770,0.8731209
seq-14/frame-000544,1,0.01602900,0.241198,2684,1540,1251,1.00,119.65,101.32,12.41,234.39,0.856584260,0.184342346,-0.388325097,-0.285455643,0.2789615,-0.2749695,0.8706281
seq-14/frame-000545,1,0.01340086,0.229375,2381,1360,1123,0.93,107.87,85.71,7.70,202.22,0.857752109,0.183328228,-0.390394073,-0.279722268,0.2896588,-0.2715290,0.8723900
seq-14/frame-000546,1,0.01508800,0.338201,1523,668,475,1.22,100.75,54.66,12.62,169.25,0.859349186,0.175193454,-0.398723899,-0.268040075,0.3069138,-0.2659659,0.8688951
seq-14/frame-000547,1,0.01345031,0.252666,1796,1004,828,0.89,95.13,71.59,14.65,182.25,0.859011205,0.169175437,-0.405718460,-0.262434664,0.3247163,-0.2705260,0.8700251
seq-14/frame-000548,1,0.01047512,0.168465,2550,1424,1147,1.14,113.19,104.02,10.39,228.74,0.858830023,0.165548616,-0.410324405,-0.258144398,0.3388651,-0.2783740,0.8762301
seq-14/frame-000549,1,0.01668490,0.267715,2308,1333,1061,0.92,97.03,93.85,8.83,200.64,0.859881717,0.163435179,-0.411971837,-0.253321103,0.3559793,-0.2864520,0.8746515
seq-14/frame-000550,1,0.01555207,0.250021,2212,1264,1045,0.94,90.40,90.24,9.47,191.06,0.861110298,0.163405954,-0.411781554,-0.249446388,0.3678121,-0.2886280,0.8752454
seq-14/frame-000551,1,0.01338598,0.221095,2643,1456,1200,0.96,99.88,121.23,9.62,231.70,0.862716822,0.163005253,-0.411537707,-0.244511121,0.3774881,-0.2863591,0.8743075
seq-14/frame-000552,1,0.01572839,0.235453,2380,1369,1114,0.92,86.95,86.61,8.28,182.77,0.863654560,0.158613443,-0.416486107,-0.235545962,0.4025297,-0.2938939,0.8775708
seq-14/frame-000553,1,0.02105154,0.329552,1744,1013,835,0.94,85.04,70.86,6.76,163.60,0.864664259,0.157504862,-0.417399065,-0.230924138,0.4195939,-0.3002924,0.8813042
seq-14/frame-000554,1,0.01639310,0.252159,1986,1232,1024,0.96,94.00,88.23,6.51,189.70,0.866081645,0.157817779,-0.415995805,-0.227911438,0.4299368,-0.3001386,0.8844535
seq-14/frame-000555,1,0.02480553,0.383379,1755,998,799,0.90,90.00,68.37,9.75,169.01,0.867048282,0.156335474,-0.415333970,-0.226460130,0.4450683,-0.3101941,0.8828069
seq-14/frame-000556,1,0.02684605,0.401444,1264,614,480,0.86,69.80,41.99,5.68,118.33,0.868910931,0.156913534,-0.412970339,-0.223220597,0.4578148,-0.3158604,0.8807444
seq-14/frame-000557,1,0.02466976,0.354113,1295,623,485,0.88,77.77,60.58,6.71,145.94,0.871294501,0.159128164,-0.410205385,-0.217383675,0.4723307,-0.3144111,0.8889349
seq-14/frame-000558,1,0.01651710,0.260760,1722,1033,866,0.89,80.88,70.03,6.41,158.21,0.877098898,0.156429855,-0.404917245,-0.205594863,0.4911882,-0.3132979,0.8971119
seq-14/frame-000559,1,0.01564938,0.236877,1933,1119,913,0.91,93.43,75.97,7.45,177.75,0.879754029,0.152228793,-0.404720065,-0.197638336,0.4978628,-0.3094372,0.8971646
seq-14/frame-000560,1,0.02003081,0.340471,2059,1094,876,0.90,104.81,99.40,10.27,215.38,0.880493861,0.145137338,-0.408875054,-0.191015452,0.5141320,-0.3160611,0.9039305
seq-14/frame-000561,1,0.01808700,0.285466,1681,1019,821,0.89,94.55,91.30,10.65,197.39,0.881980546,0.139027226,-0.411005836,-0.183999865,0.5294042,-0.3214452,0.9154167
seq-14/frame-000562,1,0.01687903,0.274916,1642,1042,873,0.91,78.12,59.19,14.28,152.50,0.883895023,0.134985982,-0.410649121,-0.178537593,0.5425599,-0.3247926,0.9235026
seq-14/frame-000563,1,0.01525846,0.204609,1456,928,786,0.91,82.41,81.60,5.16,170.08,0.885940159,0.131453288,-0.409677911,-0.173187980,0.5561760,-0.3304527,0.9278548
seq-14/frame-000564,1,0.01515437,0.241494,2045,1245,1029,0.93,89.42,102.35,14.54,207.25,0.890106939,0.126408719,-0.407328434,-0.160667421,0.5804379,-0.3318455,0.9368106
seq-14/frame-000565,1,0.01114073,0.179764,2618,1471,1202,0.95,111.08,116.77,10.91,239.72,0.890946789,0.123607379,-0.408304809,-0.155634887,0.5891413,-0.3301553,0.9411348
seq-14/frame-000566,1,0.00640359,0.163340,2636,1489,1238,0.99,106.92,122.34,14.47,244.72,0.890760350,0.120454108,-0.411181275,-0.151547898,0.5979096,-0.3344446,0.9471995
seq-14/frame-000567,1,0.00974374,0.188110,2130,1271,1094,0.95,109.06,110.60,11.96,232.56,0.889720940,0.119465841,-0.414796485,-0.148554492,0.6162393,-0.3421938,0.9560774
seq-14/frame-000568,1,0.01011256,0.190125,1799,1091,931,0.93,107.90,83.93,13.20,205.96,0.890416887,0.119069117,-0.414844423,-0.144514421,0.6322291,-0.3473360,0.9596921
seq-14/frame-000569,1,0.01204445,0.215812,2440,1429,1203,0.96,114.00,116.84,8.35,240.16,0.890960761,0.119363045,-0.414961662,-0.140528309,0.6458189,-0.3490904,0.9591068
seq-14/frame-000570,1,0.00877367,0.175362,2418,1444,1233,0.98,109.39,117.47,11.94,239.77,0.890809488,0.119624376,-0.416534781,-0.136554901,0.6587916,-0.3493973,0.9646025
seq-14/frame-000571,1,0.00943315,0.190433,2455,1467,1252,0.98,127.15,122.36,12.36,262.85,0.890429652,0.119714110,-0.418553440,-0.132727482,0.6757501,-0.3504168,0.9711108
seq-14/frame-000572,1,0.01041542,0.197844,2156,1302,1120,1.16,111.95,107.74,13.17,234.02,0.891758283,0.117574064,-0.418641871,-0.125229743,0.7071818,-0.3559491,0.9741123
seq-14/frame-000573,1,0.00774125,0.166992,2278,1407,1199,0.98,105.43,112.06,8.47,226.95,0.892155296,0.116820231,-0.419372337,-0.120576961,0.7192008,-0.3566871,0.9781009
seq-14/frame-000574,1,0.01229343,0.214477,1598,1031,880,1.16,88.64,78.01,8.30,176.10,0.892134978,0.116020901,-0.420777301,-0.116536663,0.7375444,-0.3616685,0.9846706
seq-14/frame-000575,1,0.01210728,0.266186,1167,661,520,0.91,78.12,54.19,7.58,140.80,0.893804207,0.115800757,-0.418650081,-0.111518315,0.7561372,-0.3671853,0.9915911
seq-14/frame-000576,1,0.01390120,0.245512,1284,754,615,1.15,88.88,61.94,9.27,161.24,0.896641396,0.117024751,-0.413605056,-0.106161537,0.7701878,-0.3615690,0.9936892
seq-14/frame-000577,1,0.01173418,0.229397,1594,1001,860,1.10,93.96,80.42,8.69,184.17,0.899164232,0.115475411,-0.409503227,-0.102353412,0.7805188,-0.3600734,0.9908209
seq-14/frame-000578,1,0.01131940,0.225322,1674,1055,903,1.20,99.58,90.33,11.69,202.80,0.902228448,0.107034939,-0.408270168,-0.088559690,0.8026787,-0.3618018,0.9962144
seq-14/frame-000579,1,0.01197412,0.214555,1544,971,834,1.38,93.55,72.39,14.98,182.29,0.903960133,0.102904570,-0.406827971,-0.082205409,0.8147351,-0.3619684,0.9983681
seq-14/frame-000580,1,0.00814280,0.156052,1704,1105,946,1.37,93.11,84.88,9.77,189.12,0.906199754,0.098291465,-0.404358549,-0.075066349,0.8207583,-0.3625582,0.9976179
seq-14/frame-000581,1,0.00600603,0.111318,1820,1212,1054,0.92,111.34,73.64,9.51,195.41,0.907590779,0.093744650,-0.403876029,-0.066144330,0.8271009,-0.3644986,0.9981333
seq-14/frame-000582,1,0.00978652,0.192215,1620,1093,947,1.81,104.48,74.64,10.74,191.67,0.910293800,0.082934166,-0.403146813,-0.044269268,0.8395475,-0.3656939,0.9937841
seq-14/frame-000583,1,0.00715116,0.137668,1868,1221,1064,0.93,103.72,88.29,12.00,204.94,0.910607112,0.079356438,-0.404175279,-0.033757778,0.8409063,-0.3665182,0.9933888
seq-14/frame-000584,1,0.00831017,0.137043,1833,1229,1081,1.04,95.97,81.03,7.89,185.93,0.910421248,0.076955560,-0.405780063,-0.023527300,0.8459726,-0.3663372,0.9947543
seq-14/frame-000585,1,0.00861867,0.128583,1780,1199,1054,1.12,117.74,76.47,8.38,203.71,0.910924574,0.074246333,-0.405634224,-0.012836651,0.8453770,-0.3656524,0.9904420
seq-14/frame-000586,1,0.00576070,0.123836,1573,1077,943,0.95,89.59,67.31,7.04,164.89,0.910700247,0.071942368,-0.406731752,-0.004317132,0.8409707,-0.3644557,0.9842336
seq-14/frame-000587,1,0.01143958,0.257097,1131,751,647,0.87,74.10,46.33,10.53,131.84,0.908308488,0.063972101,-0.413172948,0.013091069,0.8274782,-0.3635600,0.9685132
seq-14/frame-000588,1,0.01224019,0.245789,1149,704,602,1.59,74.36,50.42,11.60,137.97,0.905508060,0.059973803,-0.419617803,0.019472923,0.8280567,-0.3653126,0.9655674
seq-14/frame-000589,1,0.00698641,0.135229,1268,792,673,1.61,74.29,61.37,9.68,146.95,0.903642542,0.056305686,-0.423715377,0.026927796,0.8151743,-0.3593297,0.9668950
seq-14/frame-000590,1,0.00689628,0.174884,1335,865,754,0.94,71.60,48.67,16.83,138.05,0.901920465,0.051453061,-0.427405788,0.034876195,0.8043878,-0.3634701,0.9645804
seq-14/frame-000591,1,0.00889742,0.179761,1600,1032,884,0.92,85.38,66.32,12.84,165.46,0.898885059,0.050249703,-0.432681637,0.047615319,0.7809968,-0.3592852,0.9640077
seq-14/frame-000592,1,0.01001546,0.197992,1729,1096,956,0.91,85.65,74.22,7.96,168.75,0.897690631,0.051045720,-0.434365131,0.053598488,0.7686484,-0.3560978,0.9608818
seq-14/frame-000593,1,0.00821446,0.182391,2197,1371,1179,0.96,98.87,90.40,14.50,204.73,0.897347457,0.053562160,-0.434209623,0.057971023,0.7534684,-0.3466589,0.9646942
seq-14/frame-000594,1,0.01040990,0.216031,2142,1336,1151,0.95,97.19,80.84,7.66,186.64,0.899712778,0.055692321,-0.427822968,0.066202645,0.7235417,-0.3372802,0.9494402
seq-14/frame-000595,1,0.00932864,0.181931,1767,1056,914,0.88,90.01,87.98,10.22,189.09,0.900596008,0.054907363,-0.425078391,0.072252152,0.7072817,-0.3389882,0.9443338
seq-14/frame-000596,1,0.02072746,0.392644,1085,646,496,0.88,72.75,53.89,10.96,138.49,0.904225399,0.066902932,-0.413526360,0.083044417,0.6739940,-0.3155840,0.9507338
seq-14/frame-000597,1,0.01279169,0.309684,1454,862,708,0.87,80.43,69.43,6.57,157.31,0.910233418,0.064105696,-0.399542088,0.087930117,0.6538467,-0.3199156,0.9273467
seq-14/frame-000598,1,0.01085746,0.225290,2233,1402,1221,0.98,100.96,88.29,11.54,201.77,0.912710330,0.062779352,-0.393919200,0.088579172,0.6355525,-0.3271884,0.9143996
seq-14/frame-000599,1,0.00975657,0.234038,1761,1156,1008,0.93,79.49,77.85,6.68,164.96,0.916716870,0.068080412,-0.382612538,0.092751734,0.5895651,-0.3138217,0.9068666
seq-14/frame-000600,1,0.00734520,0.169547,2409,1471,1254,1.33,104.61,111.90,9.54,227.38,0.918785027,0.067272940,-0.377253576,0.094805933,0.5703229,-0.3175149,0.8991653
seq-14/frame-000601,1,0.01054792,0.266052,2170,1338,1146,0.98,100.04,98.59,8.57,208.18,0.920401662,0.068743491,-0.372938285,0.095142778,0.5487744,-0.3162755,0.8965998
seq-14/frame-000602,1,0.00905328,0.212661,1897,1225,1074,1.09,89.47,79.17,8.54,178.27,0.922516463,0.070791891,-0.366834117,0.096874221,0.5263753,-0.3144871,0.8939291
seq-14/frame-000603,1,0.00929843,0.228924,2311,1462,1255,0.98,107.48,115.54,13.45,237.45,0.925818643,0.074371852,-0.357337568,0.098176020,0.4876540,-0.3118458,0.8840162
seq-14/frame-000604,1,0.00856383,0.183600,2382,1472,1276,0.98,98.75,123.62,12.70,236.05,0.927345508,0.075303052,-0.352891051,0.099134580,0.4687593,-0.3139663,0.8798763
seq-14/frame-000605,1,0.00916169,0.208233,2325,1460,1249,0.99,91.19,118.53,7.76,218.48,0.928579489,0.077396568,-0.349092124,0.099421286,0.4497884,-0.3120467,0.8793303
seq-14/frame-000606,1,0.00913679,0.209054,2001,1370,1209,0.93,101.91,100.63,14.82,218.30,0.930071358,0.077953287,-0.344897286,0.099681579,0.4343389,-0.3178221,0.8792383
seq-14/frame-000607,1,0.01101936,0.239132,1664,1142,1005,0.91,83.12,78.66,11.05,173.75,0.932679176,0.085812693,-0.336405509,0.097862507,0.4011696,-0.3209543,0.8804495
seq-14/frame-000608,1,0.01270641,0.301862,1687,1199,1053,0.91,82.32,85.95,16.98,186.16,0.934688635,0.089401275,-0.330705723,0.094859325,0.3857175,-0.3205504,0.8789402
seq-14/frame-000609,1,0.01282522,0.281315,1598,1097,932,0.90,66.02,73.75,12.30,152.97,0.936871899,0.090980223,-0.324337206,0.093803098,0.3718553,-0.3243065,0.8773189
seq-14/frame-000610,1,0.00990043,0.229221,2007,1428,1267,1.41,106.99,97.75,11.82,217.97,0.939409942,0.092747699,-0.316553347,0.093278099,0.3490770,-0.3273775,0.8720651
seq-14/frame-000611,1,0.00521415,0.152925,2310,1510,1277,1.85,119.69,112.06,20.41,254.01,0.940647747,0.093659929,-0.312606603,0.093202709,0.3309603,-0.3303839,0.8696737
seq-14/frame-000612,1,0.01109918,0.229515,1897,1302,1156,0.93,102.50,84.80,13.65,201.89,0.942355675,0.096575613,-0.307134949,0.091143056,0.3054726,-0.3381321,0.8766406
seq-14/frame-000613,1,0.01180818,0.256355,1794,1223,1112,1.17,111.36,83.07,12.94,208.55,0.944247678,0.097928712,-0.301455469,0.089055551,0.2898949,-0.3417564,0.8786106
seq-14/frame-000614,1,0.01210193,0.243613,1546,988,871,1.12,95.85,66.95,8.39,172.31,0.945925906,0.099027914,-0.296605718,0.086271093,0.2773657,-0.3478312,0.8840917
seq-14/frame-000615,1,0.01910845,0.450221,1252,819,692,1.29,88.30,59.36,8.46,157.41,0.947887049,0.100210141,-0.290153158,0.085318314,0.2643974,-0.3574410,0.8921684
seq-14/frame-000616,1,0.01679166,0.391575,1174,757,639,1.27,84.11,60.98,13.32,159.68,0.950861377,0.103447278,-0.279425839,0.084157602,0.2451699,-0.3510605,0.8905140
seq-14/frame-000617,1,0.01428309,0.336205,1601,1115,994,2.73,105.11,82.68,11.72,202.24,0.953748307,0.102045155,-0.270837790,0.081227123,0.2281782,-0.3591265,0.8915652
seq-14/frame-000618,1,0.01506927,0.347391,1448,984,872,1.38,94.99,62.61,12.12,171.10,0.955297720,0.103086539,-0.266458137,0.076022971,0.2203099,-0.3658759,0.9067257
seq-14/frame-000619,1,0.01981018,0.442136,1326,856,747,1.44,79.64,56.79,12.11,149.98,0.958217336,0.105703838,-0.256125901,0.071033495,0.1932173,-0.3647199,0.8983950
seq-14/frame-000620,1,0.00897077,0.248083,1727,1250,1111,1.21,117.92,76.45,14.97,210.56,0.962187375,0.102209509,-0.244116938,0.064463876,0.1610863,-0.3746972,0.9182306
seq-14/frame-000621,1,0.01484592,0.362739,1338,913,818,0.97,96.73,55.44,8.99,162.13,0.963824659,0.102584797,-0.237829994,0.062891014,0.1460403,-0.3759236,0.9256365
seq-14/frame-000622,1,0.01562418,0.398848,1282,837,734,0.85,100.03,48.86,12.46,162.21,0.965924246,0.100976698,-0.229963875,0.062535378,0.1315305,-0.3784002,0.9344341
seq-14/frame-000623,1,0.01159520,0.306884,1535,990,881,0.87,95.51,57.87,7.05,161.29,0.967735999,0.097490146,-0.223275395,0.064271349,0.1143875,-0.3850307,0.9428581
seq-14/frame-000624,1,0.00987154,0.337484,1447,920,773,1.10,105.27,57.07,11.38,174.82,0.969203737,0.095327676,-0.216437454,0.068640947,0.0951449,-0.3858112,0.9542297
seq-14/frame-000625,1,0.00914558,0.271814,1603,1024,879,1.37,104.07,64.45,20.53,190.41,0.970310124,0.091134159,-0.211855333,0.072870750,0.0849768,-0.3947222,0.9627107
seq-14/frame-000626,1,0.01877425,0.545465,1335,892,751,1.33,94.41,50.69,9.04,155.47,0.971185799,0.087821445,-0.207143967,0.078593350,0.0773837,-0.4059974,0.9740806
seq-14/frame-000627,1,0.01590599,0.439700,1197,761,605,2.12,95.81,55.38,6.27,159.58,0.972053236,0.089281132,-0.200175121,0.084091058,0.0658431,-0.4063871,0.9865747
seq-14/frame-000628,1,0.01326511,0.365907,1201,723,576,0.88,92.04,48.61,9.08,150.61,0.973390104,0.091921435,-0.190941832,0.087197320,0.0576274,-0.4021805,0.9946209
seq-14/frame-000629,1,0.01331246,0.370715,1122,620,486,0.88,79.43,49.26,7.30,136.88,0.975323666,0.091514971,-0.181190332,0.086826376,0.0457475,-0.4009142,1.0034940
seq-14/frame-000630,1,0.00373667,0.133070,1499,955,806,1.09,77.74,59.66,8.37,146.87,0.977043111,0.089626906,-0.171503462,0.089108587,0.0269317,-0.4034834,1.0101847
seq-14/frame-000631,1,0.00463905,0.099260,1851,1085,919,0.89,110.50,84.16,9.81,205.37,0.978014761,0.089039943,-0.165235933,0.090863092,0.0133924,-0.4008789,1.0188844
seq-14/frame-000632,1,0.00249482,0.069396,1780,1048,874,0.88,89.30,71.78,8.25,170.21,0.978862110,0.086906270,-0.161506087,0.090509965,0.0082939,-0.4036714,1.0294989
seq-14/frame-000633,1,0.00725194,0.252295,1471,845,704,1.29,87.85,62.74,7.72,159.60,0.980339408,0.083499129,-0.155217803,0.088712877,-0.0028132,-0.4111455,1.0340378
seq-14/frame-000634,1,0.00761764,0.170882,1313,826,682,0.87,79.52,60.94,9.39,150.73,0.981573500,0.083423117,-0.149086202,0.085599954,-0.0069007,-0.4110813,1.0452986
seq-14/frame-000635,1,0.00782720,0.162161,1352,734,587,1.33,73.11,49.83,7.43,131.69,0.983046152,0.083816224,-0.140199273,0.083302265,-0.0139313,-0.4103733,1.0495722
seq-14/frame-000636,1,0.00772785,0.265602,1698,899,720,0.87,92.29,70.06,6.38,169.60,0.984855250,0.080858731,-0.129913412,0.081513854,-0.0363772,-0.4166272,1.0514834
seq-14/frame-000637,1,0.00251145,0.078351,1811,994,811,0.88,83.48,69.75,9.09,163.20,0.985785683,0.079097160,-0.125389276,0.079042749,-0.0429520,-0.4144367,1.0646723
seq-14/frame-000638,1,0.00609330,0.185360,1461,807,663,0.88,84.03,78.14,8.25,171.29,0.986773791,0.076156087,-0.120803211,0.076709317,-0.0434171,-0.4201261,1.0721796
seq-14/frame-000639,1,0.00680844,0.236846,1170,619,481,1.11,81.25,56.49,14.08,152.93,0.988233829,0.073550162,-0.112103740,0.073600435,-0.0537445,-0.4253149,1.0758221
seq-14/frame-000640,1,0.00837261,0.246850,1242,655,508,0.87,72.29,49.00,7.72,129.88,0.989725575,0.072768321,-0.101849909,0.069098875,-0.0653768,-0.4272978,1.0832844
seq-14/frame-000641,1,0.00384140,0.137098,1974,1008,795,0.89,88.16,75.15,9.97,174.17,0.990941954,0.071523868,-0.092398869,0.066187837,-0.0798257,-0.4280552,1.0876641
seq-14/frame-000642,1,0.00415100,0.094469,2235,1104,858,0.96,98.10,103.48,6.69,209.23,0.991902612,0.068664040,-0.086135791,0.063206668,-0.0981713,-0.4320961,1.0940396
seq-14/frame-000643,1,0.00187909,0.098635,2114,1162,943,1.13,98.56,88.93,9.49,198.11,0.992437979,0.067608875,-0.083186374,0.059799033,-0.1016208,-0.4367257,1.1029155
seq-14/frame-000644,1,0.00578172,0.174509,1910,991,795,0.89,94.19,78.29,6.47,179.84,0.993234171,0.066474408,-0.077525245,0.055288979,-0.1104820,-0.4385759,1.1032165
seq-14/frame-000645,1,0.00378368,0.163014,1496,807,631,1.10,77.82,51.85,6.09,136.87,0.994131264,0.063098844,-0.072511173,0.049635637,-0.1160969,-0.4416562,1.1147858
seq-14/frame-000646,1,0.00430974,0.193106,2032,1047,814,0.89,91.09,85.42,12.94,190.34,0.995126397,0.059040060,-0.064278318,0.045891430,-0.1315732,-0.4499813,1.1177721
seq-14/frame-000647,1,0.00290002,0.092632,2510,1143,818,0.98,103.29,97.08,9.10,210.45,0.995815557,0.057500417,-0.057876173,0.041175561,-0.1476747,-0.4507840,1.1235464
seq-14/frame-000648,1,0.00669924,0.141211,2272,1058,805,0.92,100.61,87.20,11.49,200.23,0.996394056,0.055289343,-0.053034819,0.036459309,-0.1660441,-0.4530265,1.1258425
seq-14/frame-000649,1,0.00422282,0.044582,1736,781,588,0.88,77.72,72.69,6.47,157.76,0.996844622,0.052682744,-0.051349880,0.029808034,-0.1772999,-0.4509446,1.1304269
seq-14/frame-000650,1,0.00441113,0.129204,1980,869,627,0.87,84.51,78.46,8.07,171.93,0.997499079,0.046609906,-0.048718012,0.021205182,-0.1927553,-0.4573298,1.1386256
seq-14/frame-000651,1,0.00611054,0.237725,1824,920,742,0.93,92.47,59.54,6.30,159.24,0.997791756,0.042872926,-0.048983473,0.013196348,-0.1938736,-0.4678078,1.1450056
seq-14/frame-000652,1,0.00640699,0.249892,1824,920,742,0.86,90.74,74.79,7.79,174.19,0.997791756,0.042872926,-0.048983473,0.013196348,-0.1938736,-0.4678078,1.1450056
seq-14/frame-000653,1,0.00760345,0.126184,1556,805,623,0.85,83.40,57.58,8.46,150.29,0.997872750,0.048395585,-0.043573562,-0.003030965,-0.2037121,-0.4605247,1.1557474
seq-14/frame-000654,1,0.00516558,0.200760,1460,807,643,0.83,82.75,51.02,14.28,148.89,0.998059316,0.049767673,-0.032083230,-0.019272948,-0.2214846,-0.4618996,1.1516446
seq-14/frame-000655,1,0.00552064,0.120956,1722,834,616,0.84,82.25,79.82,14.16,177.07,0.998109299,0.049820533,-0.020025070,-0.029912172,-0.2579045,-0.4510976,1.1566397
seq-14/frame-000656,1,0.00553521,0.123126,1722,834,616,0.85,83.34,97.06,10.28,191.53,0.998109299,0.049820533,-0.020025070,-0.029912172,-0.2579045,-0.4510976,1.1566397
seq-14/frame-000657,1,0.01256780,0.398409,1091,459,296,0.80,59.95,47.87,6.20,114.83,0.997945156,0.047406596,-0.020792821,-0.037758946,-0.2791962,-0.4413538,1.1713309
seq-14/frame-000658,1,0.00541877,0.185953,1576,720,531,1.17,74.97,66.27,11.49,153.91,0.997597542,0.043145811,-0.024208188,-0.048492757,-0.2991786,-0.4455457,1.1672746
seq-14/frame-000659,1,0.00332772,0.094786,2155,1071,798,0.90,86.46,84.15,5.89,177.41,0.997223388,0.038849047,-0.024803543,-0.058489745,-0.3108637,-0.4487341,1.1661137
seq-14/frame-000660,1,0.00334758,0.098110,2155,1071,798,0.91,90.40,98.12,5.86,195.29,0.997223388,0.038849047,-0.024803543,-0.058489745,-0.3108637,-0.4487341,1.1661137
seq-14/frame-000661,1,0.00800972,0.243547,1764,808,595,0.88,94.30,72.52,7.39,175.08,0.996832591,0.036883753,-0.023287449,-0.066498638,-0.3287963,-0.4521372,1.1699537
seq-14/frame-000662,1,0.00525757,0.192765,1787,804,582,0.90,93.64,69.55,9.77,173.86,0.996090116,0.040731940,-0.022732165,-0.075024251,-0.3531902,-0.4486696,1.1744391
seq-14/frame-000663,1,0.00684562,0.151888,1944,1025,804,0.90,95.87,76.35,11.67,184.78,0.995598887,0.041596903,-0.023344882,-0.080669509,-0.3664912,-0.4448285,1.1666945
seq-14/frame-000664,1,0.00329949,0.071259,1710,932,724,0.86,92.20,67.88,8.39,169.34,0.994781007,0.042851814,-0.022269098,-0.089880793,-0.3834824,-0.4367329,1.1734823
seq-14/frame-000665,1,0.00318469,0.067243,1710,932,724,0.88,69.98,70.32,7.15,148.33,0.994781007,0.042851814,-0.022269098,-0.089880793,-0.3834824,-0.4367329,1.1734823
seq-14/frame-000666,1,0.00095909,0.069220,1588,816,641,0.87,76.38,62.34,8.34,147.93,0.993767267,0.039216770,-0.021482048,-0.102113595,-0.3992568,-0.4381407,1.1690283
seq-14/frame-000667,1,0.00526663,0.202571,1463,735,554,1.18,74.11,55.77,8.94,140.00,0.992877364,0.036905321,-0.020203448,-0.111464606,-0.4208667,-0.4336904,1.1754515
seq-14/frame-000668,1,0.01232393,0.411758,1354,558,345,0.86,68.13,53.78,14.38,137.16,0.991801460,0.037696912,-0.022422908,-0.120025080,-0.4411060,-0.4315320,1.1894397
seq-14/frame-000669,1,0.01043795,0.300508,1497,748,541,1.25,65.90,58.09,18.71,143.95,0.990288161,0.038011870,-0.026020191,-0.131177005,-0.4570436,-0.4355906,1.1743782
seq-14/frame-000670,1,0.01035185,0.296445,1497,748,541,0.89,84.33,54.27,11.86,151.34,0.990288161,0.038011870,-0.026020191,-0.131177005,-0.4570436,-0.4355906,1.1743782
seq-14/frame-000671,1,0.00716879,0.233435,1687,888,691,0.89,76.77,72.55,8.22,158.43,0.989021493,0.037716821,-0.027179140,-0.140268391,-0.4718007,-0.4383416,1.1712423
seq-14/frame-000672,1,0.00782424,0.137848,1395,664,437,2.19,77.73,48.88,9.16,137.96,0.987808862,0.041260084,-0.026473577,-0.147751168,-0.4941827,-0.4313125,1.1834698
seq-14/frame-000673,1,0.01149864,0.319351,1253,561,411,0.87,66.54,43.73,8.14,119.29,0.986288168,0.045709352,-0.028069500,-0.156071801,-0.5183452,-0.4166593,1.1852363
seq-14/frame-000674,1,0.00498819,0.149420,1474,695,496,0.87,76.76,53.91,11.77,143.32,0.984865441,0.043015956,-0.033072775,-0.164608269,-0.5322529,-0.4222742,1.1773647
seq-14/frame-000675,1,0.00377807,0.125374,1301,734,536,0.88,85.31,51.40,14.17,151.77,0.983579263,0.040387750,-0.036566314,-0.172056873,-0.5470153,-0.4326442,1.1751215
seq-14/frame-000676,1,0.01473977,0.411975,1013,550,389,0.82,66.63,38.81,8.46,114.72,0.982255443,0.043723839,-0.038422095,-0.178286883,-0.5691163,-0.4355122,1.1739642
seq-14/frame-000677,1,0.01481628,0.408547,1013,550,389,0.78,64.36,37.82,8.57,111.53,0.982255443,0.043723839,-0.038422095,-0.178286883,-0.5691163,-0.4355122,1.1739642
seq-14/frame-000678,1,0.01155272,0.398398,977,472,327,0.81,65.19,44.21,16.68,126.89,0.981553855,0.049257717,-0.043995022,-0.179416121,-0.5858362,-0.4344204,1.1789988
seq-14/frame-000679,1,0.00639279,0.276088,920,489,354,0.80,55.73,39.15,10.82,106.51,0.980540557,0.053851709,-0.050660352,-0.181861866,-0.6051916,-0.4377965,1.1761876
seq-14/frame-000680,1,0.01378393,0.344407,945,471,352,0.81,68.46,39.14,14.06,122.47,0.979060249,0.060199424,-0.056667084,-0.186026609,-0.6135914,-0.4367971,1.1747012
seq-14/frame-000681,1,0.00685510,0.170768,1324,633,457,0.85,81.85,44.33,17.15,144.18,0.978279743,0.062356647,-0.059745457,-0.188443292,-0.6365173,-0.4413819,1.1637216
seq-14/frame-000682,1,0.00720963,0.224590,1092,618,470,0.82,76.80,37.38,14.36,129.36,0.976981744,0.063616053,-0.063722527,-0.193388491,-0.6512215,-0.4488311,1.1582058
seq-14/frame-000683,1,0.00977243,0.223367,1059,531,377,0.88,73.22,46.16,11.42,131.68,0.975471370,0.069095089,-0.068405960,-0.197489490,-0.6629481,-0.4511936,1.1651683
seq-14/frame-000684,1,0.00624479,0.115298,1094,548,402,0.83,67.34,36.55,18.49,123.23,0.974045194,0.076131933,-0.069668649,-0.201460089,-0.6914222,-0.4421542,1.1628223
seq-14/frame-000685,1,0.00604800,0.113059,1094,548,402,0.82,70.22,39.69,13.20,123.93,0.974045194,0.076131933,-0.069668649,-0.201460089,-0.6914222,-0.4421542,1.1628223
seq-14/frame-000686,1,0.00757607,0.249649,1338,620,429,0.85,80.30,77.74,27.28,186.18,0.973387553,0.076077868,-0.074727557,-0.202841373,-0.7071729,-0.4544740,1.1514445
seq-14/frame-000687,1,0.00784665,0.245459,1221,563,388,0.85,75.78,72.83,66.08,215.54,0.972580257,0.078897372,-0.079064370,-0.203989396,-0.7281854,-0.4553349,1.1476585
seq-14/frame-000688,1,0.01723290,0.472901,1303,615,436,0.85,69.74,59.00,42.80,172.40,0.971255446,0.080739636,-0.087171263,-0.206264736,-0.7306387,-0.4652997,1.1493426
seq-14/frame-000689,1,0.01705983,0.465011,1209,577,390,0.86,67.30,137.57,11.92,217.64,0.970343359,0.083460980,-0.091303438,-0.207681759,-0.7491874,-0.4687124,1.1520803
seq-14/frame-000690,1,0.01384800,0.445275,1207,544,371,0.86,140.04,232.30,30.03,403.24,0.968936165,0.087703562,-0.097910612,-0.209485812,-0.7659410,-0.4667593,1.1591273
seq-14/frame-000691,1,0.00875892,0.278841,1168,617,442,0.86,188.66,211.56,19.14,420.23,0.967340567,0.090538100,-0.101829635,-0.213742379,-0.7882878,-0.4682229,1.1565560
seq-14/frame-000692,1,0.03724546,1.114174,1036,463,327,0.86,151.19,201.49,38.36,391.91,0.966966533,0.086671759,-0.106708981,-0.214655360,-0.8137053,-0.4958673,1.1487789
seq-14/frame-000693,1,0.03703056,1.109623,1036,463,327,0.85,130.89,91.38,127.10,350.24,0.966966533,0.086671759,-0.106708981,-0.214655360,-0.8137053,-0.4958673,1.1487789
seq-14/frame-000694,1,0.04792428,1.414578,1177,560,358,1.97,169.90,210.46,12.06,394.39,0.966082199,0.088807353,-0.110671488,-0.215755092,-0.8473807,-0.4952314,1.1393552
seq-14/frame-000695,1,0.02405521,0.705927,1270,564,376,0.88,173.87,204.00,7.37,386.12,0.963808958,0.096470245,-0.117575670,-0.218956037,-0.8595410,-0.4745608,1.1441153
seq-14/frame-000696,1,0.01273330,0.436143,1379,581,380,1.40,252.57,105.67,6.06,365.71,0.962251525,0.100613707,-0.124105249,-0.220333319,-0.8659539,-0.4682008,1.1540667
seq-14/frame-000697,1,0.02023423,0.637756,1333,521,318,1.60,303.05,68.19,11.69,384.54,0.961667968,0.101497540,-0.127013690,-0.220817779,-0.8984219,-0.4628400,1.1481725
seq-14/frame-000698,1,0.02985747,0.863355,1401,622,428,1.25,271.02,73.95,9.70,355.92,0.960336549,0.099534990,-0.134145034,-0.223274739,-0.9172531,-0.4723650,1.1448430
seq-14/frame-000699,1,0.02519747,0.691399,1663,833,596,1.00,268.60,111.65,6.39,387.65,0.958757366,0.104223269,-0.138086683,-0.225508074,-0.9298063,-0.4613299,1.1450632
seq-14/frame-000700,1,0.02691191,0.840257,1490,642,443,2.74,103.13,93.75,18.79,218.41,0.957024847,0.102480081,-0.148038946,-0.227344994,-0.9241342,-0.4783335,1.1448924
seq-14/frame-000701,1,0.02299476,0.685133,1526,676,452,4.26,114.94,114.27,6.66,240.13,0.955441256,0.105414143,-0.153084036,-0.229314506,-0.9382345,-0.4674160,1.1462239
seq-14/frame-000702,1,0.01875155,0.596991,1521,640,437,0.92,103.00,118.84,9.28,232.05,0.954268191,0.105991344,-0.158044845,-0.230564269,-0.9563942,-0.4661250,1.1521282
seq-14/frame-000703,1,0.01706035,0.564791,1521,640,437,0.92,84.38,110.57,15.38,211.26,0.954268191,0.105991344,-0.158044845,-0.230564269,-0.9563942,-0.4661250,1.1521282
seq-14/frame-000704,1,0.02070737,0.611519,1443,611,429,0.92,101.15,162.12,7.26,271.44,0.953595009,0.108490747,-0.161309938,-0.229924816,-0.9790323,-0.4562172,1.1488874
seq-14/frame-000705,1,0.02218914,0.615514,1423,605,404,0.91,100.99,152.57,16.81,271.28,0.952265431,0.108384348,-0.167637372,-0.230956910,-0.9911059,-0.4562079,1.1498267
seq-14/frame-000706,1,0.02551846,0.714937,1290,573,376,0.88,91.65,177.52,15.04,285.09,0.950824580,0.107167151,-0.174550064,-0.232336170,-1.0059562,-0.4586675,1.1473241
seq-14/frame-000707,1,0.01926150,0.614286,1162,562,388,1.83,79.85,141.27,10.62,233.58,0.948588187,0.106714152,-0.185508573,-0.233193290,-1.0028499,-0.4548758,1.1482390
seq-14/frame-000708,1,0.00743682,0.225111,1035,505,355,0.84,82.78,128.42,17.26,229.31,0.947099834,0.109000858,-0.191566776,-0.233287135,-1.0198058,-0.4419435,1.1632135
seq-14/frame-000709,1,0.00853338,0.330693,948,390,261,0.84,74.06,119.03,11.05,204.98,0.946268501,0.107231342,-0.200290421,-0.230132812,-1.0451278,-0.4360754,1.1618039
seq-14/frame-000710,1,0.00682045,0.315467,940,402,267,1.47,84.99,79.97,17.19,183.63,0.944344639,0.106016794,-0.213389122,-0.226801068,-1.0496418,-0.4346863,1.1668092
seq-14/frame-000711,1,0.01612962,0.465218,870,300,175,1.23,77.39,71.85,6.35,156.83,0.942373527,0.101043966,-0.227719758,-0.223306886,-1.0503095,-0.4351671,1.1467966
seq-14/frame-000712,1,0.01019886,0.555193,979,381,229,0.86,98.52,88.87,33.83,222.08,0.938542796,0.098624126,-0.242682864,-0.224757046,-1.0518921,-0.4383447,1.1617468
seq-14/frame-000713,1,0.00790429,0.279500,1212,431,245,0.91,113.35,126.28,25.97,266.52,0.934302007,0.098296511,-0.254769950,-0.229150230,-1.0492009,-0.4404927,1.1628494
seq-14/frame-000714,1,0.00933189,0.216914,1119,425,250,0.89,146.91,107.23,7.51,262.54,0.932402873,0.098329159,-0.260026466,-0.230959944,-1.0748738,-0.4411418,1.1649668
seq-14/frame-000715,1,0.01478970,0.362066,1064,376,229,0.86,118.39,130.49,23.18,272.92,0.928856474,0.099942499,-0.273902173,-0.228505464,-1.0651658,-0.4301434,1.1665445
seq-14/frame-000716,1,0.01523118,0.329526,1063,392,222,0.84,129.47,108.60,15.66,254.57,0.927725398,0.095241203,-0.280003351,-0.227712150,-1.0947743,-0.4363131,1.1618042
seq-14/frame-000717,1,0.01205421,0.413815,1052,386,219,0.85,143.74,104.07,29.08,277.75,0.925005333,0.094236683,-0.292056702,-0.224025588,-1.0903089,-0.4266147,1.1506561
seq-14/frame-000718,1,0.00967547,0.336029,1521,577,351,1.49,193.19,105.82,10.55,311.05,0.921588605,0.092103552,-0.304676692,-0.222178962,-1.0847948,-0.4259208,1.1557182
seq-14/frame-000719,1,0.01103035,0.445658,2145,936,613,0.96,191.92,146.86,15.52,355.27,0.919215616,0.087329291,-0.310462412,-0.225896741,-1.0844709,-0.4435482,1.1487653
seq-14/frame-000720,1,0.00463937,0.219657,1986,816,525,0.93,189.25,119.82,16.12,326.11,0.917463659,0.086829641,-0.315255426,-0.226572428,-1.0846937,-0.4392984,1.1494031
seq-14/frame-000721,1,0.01004619,0.376562,1711,823,580,5.28,184.89,116.24,11.16,317.58,0.915919934,0.085598662,-0.319761288,-0.226971942,-1.0883260,-0.4377713,1.1497301
seq-14/frame-000722,1,0.00436902,0.224173,1320,651,441,3.84,149.07,62.15,30.93,246.00,0.914152738,0.082163587,-0.326336255,-0.226005675,-1.0845086,-0.4357030,1.1535422
seq-14/frame-000723,1,0.00870424,0.289212,1475,730,518,0.97,126.81,85.47,11.20,224.45,0.912312509,0.078471565,-0.332019209,-0.226475927,-1.0890191,-0.4326653,1.1533912
seq-14/frame-000724,1,0.00885276,0.214203,1768,935,645,1.15,149.54,106.59,14.25,271.53,0.909780784,0.074002386,-0.339079828,-0.227700333,-1.0768798,-0.4407085,1.1529640
seq-14/frame-000725,1,0.00755707,0.127955,1168,523,358,0.84,190.81,71.42,14.11,277.18,0.908424385,0.068943420,-0.344324593,-0.226831471,-1.0776807,-0.4386507,1.1562998
seq-14/frame-000726,1,0.00606631,0.267147,1005,471,333,1.07,91.51,54.50,19.36,166.45,0.906419196,0.063972979,-0.350560434,-0.226757760,-1.0850473,-0.4310710,1.1590584
seq-14/frame-000727,1,0.00727936,0.266489,1111,531,375,0.84,87.50,56.53,11.51,156.38,0.902511461,0.058419947,-0.359072619,-0.230493008,-1.0765236,-0.4348059,1.1610069
seq-14/frame-000728,1,0.00870889,0.390907,1036,575,414,0.80,87.54,71.45,11.32,171.13,0.899628874,0.050651121,-0.364625940,-0.234840962,-1.0736698,-0.4409130,1.1591303
seq-14/frame-000729,1,0.00889104,0.099056,2389,1106,717,1.30,126.55,114.01,8.91,250.78,0.896946190,0.044380753,-0.367738922,-0.241424866,-1.0730806,-0.4507715,1.1604454
seq-14/frame-000730,1,0.00937193,0.071593,2557,1209,731,0.90,130.69,111.96,16.02,259.57,0.895726207,0.042637611,-0.369749024,-0.243191807,-1.0704863,-0.4501931,1.1640692
seq-14/frame-000731,1,0.00897187,0.346198,1261,695,513,1.18,107.49,61.17,8.80,178.65,0.894935838,0.041581388,-0.371086445,-0.244245131,-1.0766158,-0.4381733,1.1644387
seq-14/frame-000732,1,0.00694497,0.364292,1199,578,407,1.11,102.22,57.95,17.00,178.29,0.892125464,0.038123298,-0.375843012,-0.247791848,-1.0807709,-0.4356022,1.1704454
seq-14/frame-000733,1,0.01258291,0.566432,1040,483,319,0.87,83.10,44.93,8.47,137.37,0.889479219,0.032348352,-0.383833408,-0.245870329,-1.0774909,-0.4292580,1.1727957
seq-14/frame-000734,1,0.00941796,0.268076,1785,786,514,0.90,123.57,71.23,9.48,205.19,0.884064845,0.025916565,-0.392283521,-0.252727761,-1.0705015,-0.4444701,1.1741137
seq-14/frame-000735,1,0.00725119,0.220681,2790,1128,664,0.96,132.67,122.63,12.58,268.85,0.882587927,0.021976756,-0.394988066,-0.254047241,-1.0721316,-0.4554910,1.1720984
seq-14/frame-000736,1,0.00757606,0.192898,2401,1130,695,0.95,121.39,86.62,7.82,216.78,0.881431517,0.021119109,-0.398651250,-0.252407697,-1.0666110,-0.4550775,1.1752366
seq-14/frame-000737,1,0.00810219,0.220974,2513,1107,687,0.93,110.55,88.60,10.64,210.72,0.879312921,0.018976131,-0.403028473,-0.253015302,-1.0596073,-0.4590549,1.1774970
seq-14/frame-000738,1,0.00947008,0.175858,2598,1139,682,0.93,110.85,110.99,7.01,229.78,0.878063782,0.017085889,-0.405782444,-0.253086300,-1.0578807,-0.4606204,1.1794911
seq-14/frame-000739,1,0.00697443,0.264212,2232,950,553,1.09,92.53,98.53,24.01,216.16,0.877118607,0.016606922,-0.410597505,-0.248589717,-1.0573795,-0.4544661,1.1879382
seq-14/frame-000740,1,0.00577214,0.191811,1696,724,430,0.96,95.20,81.37,8.25,185.78,0.875250948,0.013259640,-0.416593566,-0.245376774,-1.0542309,-0.4556018,1.1901488
seq-14/frame-000741,1,0.00779903,0.282789,1945,791,464,2.48,88.51,74.39,9.54,174.93,0.872410634,0.006563928,-0.422102061,-0.246346200,-1.0475650,-0.4674998,1.1875768
seq-14/frame-000742,1,0.00847152,0.321317,2162,878,517,0.91,91.42,82.34,8.40,183.07,0.870653491,0.003971722,-0.426971706,-0.244216884,-1.0433592,-0.4641432,1.1953435
seq-14/frame-000743,1,0.00643729,0.180708,1796,804,505,1.57,84.13,69.33,13.12,168.15,0.867814268,-0.000293674,-0.432857320,-0.243993546,-1.0368494,-0.4672879,1.2025516
seq-14/frame-000744,1,0.01185550,0.431739,2274,931,550,0.93,104.08,97.50,9.33,211.83,0.865903972,-0.003510132,-0.436401175,-0.244442231,-1.0348550,-0.4679045,1.2030124
seq-14/frame-000745,1,0.00768459,0.195329,2393,937,529,0.93,98.50,90.22,11.49,201.14,0.863392076,-0.008927442,-0.441031676,-0.244878510,-1.0268058,-0.4786987,1.2080955
seq-14/frame-000746,1,0.00568828,0.120177,2305,916,533,0.96,98.74,101.76,8.66,210.12,0.862551800,-0.014547169,-0.443299795,-0.243470870,-1.0248632,-0.4844636,1.2115553
seq-14/frame-000747,1,0.00772354,0.271999,2324,924,516,0.96,88.38,82.79,12.11,184.24,0.862547348,-0.016984789,-0.445245252,-0.239750401,-1.0224218,-0.4789457,1.2170109
seq-14/frame-000748,1,0.00543444,0.207177,2285,870,528,0.98,91.32,93.98,14.71,200.99,0.861622424,-0.020116170,-0.448088451,-0.237526584,-1.0213689,-0.4774095,1.2230224
seq-14/frame-000749,1,0.00507538,0.161033,2423,943,539,1.09,106.93,84.75,14.77,207.54,0.859642004,-0.024466844,-0.452210383,-0.236479952,-1.0146915,-0.4817709,1.2283275
seq-14/frame-000750,1,0.00786787,0.129061,2524,1025,615,0.98,92.81,104.34,7.85,205.98,0.859107500,-0.027681777,-0.453987559,-0.234655744,-1.0124368,-0.4851032,1.2313381
seq-14/frame-000751,1,0.00660518,0.068805,2370,943,547,0.95,91.91,98.09,12.56,203.52,0.858028134,-0.027801171,-0.457874474,-0.231010351,-1.0113394,-0.4807620,1.2408181
seq-14/frame-000752,1,0.00931982,0.344009,1730,737,457,1.26,86.73,59.32,20.77,168.08,0.856796652,-0.027703744,-0.461050129,-0.229270097,-1.0114538,-0.4741443,1.2385080
seq-14/frame-000753,1,0.00704013,0.255440,1939,849,517,0.95,87.47,81.17,6.05,175.63,0.853213856,-0.031070265,-0.467213714,-0.229721789,-1.0069303,-0.4819719,1.2426875
seq-14/frame-000754,1,0.01205112,0.215982,2574,988,533,1.00,96.15,103.82,11.66,212.64,0.848712205,-0.035225560,-0.473331404,-0.233246939,-0.9897933,-0.5002854,1.2493233
seq-14/frame-000755,1,0.01072042,0.188388,2516,947,539,1.01,102.54,81.04,9.45,194.05,0.848496668,-0.036819679,-0.473755980,-0.232922705,-0.9907261,-0.5037560,1.2506901
seq-14/frame-000756,1,0.01029286,0.303517,2297,925,525,0.97,97.59,76.67,7.67,182.91,0.848564103,-0.036066280,-0.475506412,-0.229198252,-0.9857275,-0.4959178,1.2502179
seq-14/frame-000757,1,0.00939066,0.044984,2484,984,577,1.01,95.96,92.15,11.40,200.52,0.845352789,-0.037867480,-0.480181617,-0.231020198,-0.9781864,-0.5012423,1.2575223
seq-14/frame-000758,1,0.00725341,0.157357,2565,977,563,0.97,103.76,106.51,13.17,224.42,0.844634378,-0.038450273,-0.482105477,-0.229540089,-0.9805771,-0.4991572,1.2573597
seq-14/frame-000759,1,0.00725761,0.156645,2565,977,563,0.95,98.31,104.42,8.40,212.08,0.844634378,-0.038450273,-0.482105477,-0.229540089,-0.9805771,-0.4991572,1.2573597
seq-14/frame-000760,1,0.00912237,0.172822,2345,974,603,0.93,108.77,89.63,12.20,211.53,0.842333106,-0.039203031,-0.485636151,-0.230424802,-0.9759178,-0.5025756,1.2584738
seq-14/frame-000761,1,0.01270083,0.200858,2379,954,566,0.89,101.65,108.59,6.62,217.75,0.839081878,-0.039532275,-0.491255479,-0.230319031,-0.9704978,-0.5066228,1.2657197
seq-14/frame-000762,1,0.01133873,0.190912,1701,731,467,1.61,85.20,72.51,10.35,169.67,0.837768053,-0.038422151,-0.494955514,-0.227348778,-0.9735442,-0.5024601,1.2630898
seq-14/frame-000763,1,0.01603502,0.369758,1480,608,404,0.82,87.13,49.86,11.90,149.73,0.834686552,-0.038989882,-0.501184521,-0.224927155,-0.9705958,-0.5079403,1.2617412
seq-14/frame-000764,1,0.00871786,0.230783,2662,1078,596,0.91,102.26,100.61,12.10,215.88,0.830935135,-0.039694548,-0.508049361,-0.223286792,-0.9626442,-0.5180250,1.2658982
seq-14/frame-000765,1,0.01135050,0.206192,3096,1111,594,1.00,123.03,113.83,7.12,244.98,0.829099192,-0.039774195,-0.510674781,-0.224106698,-0.9563406,-0.5282729,1.2671110
seq-14/frame-000766,1,0.00844861,0.145749,3018,1041,563,1.01,104.32,109.57,9.94,224.85,0.828534904,-0.038516566,-0.511384603,-0.224793626,-0.9537537,-0.5297017,1.2681914
seq-14/frame-000767,1,0.01094189,0.146793,3095,1149,614,0.99,118.57,117.70,13.53,250.81,0.826661837,-0.036718348,-0.514440040,-0.225018701,-0.9439810,-0.5268004,1.2746544
seq-14/frame-000768,1,0.00829442,0.103393,2943,1077,607,0.95,129.37,113.34,6.23,249.89,0.825626083,-0.036053372,-0.515231116,-0.227109275,-0.9469901,-0.5265983,1.2712352
seq-14/frame-000769,1,0.00934310,0.184514,2443,973,590,0.88,101.29,95.72,11.38,209.28,0.823659265,-0.035264697,-0.518277589,-0.227442645,-0.9456596,-0.5265610,1.2714834
seq-14/frame-000770,1,0.00959150,0.179033,2176,891,559,0.85,96.77,89.87,5.57,193.07,0.820332675,-0.034512191,-0.523256739,-0.228178869,-0.9429852,-0.5313359,1.2746331
seq-14/frame-000771,1,0.00810672,0.129203,2976,1139,614,0.90,122.81,124.42,18.10,266.24,0.818032194,-0.032679907,-0.526952464,-0.228202661,-0.9414682,-0.5325473,1.2741986
seq-14/frame-000772,1,0.00716542,0.142939,2765,1063,592,0.92,105.74,110.68,6.74,224.09,0.816695369,-0.032789047,-0.529413436,-0.227277289,-0.9367026,-0.5356011,1.2727121
seq-14/frame-000773,1,0.00851303,0.141510,2473,953,558,0.95,105.29,110.84,7.48,224.56,0.813338905,-0.032847777,-0.533469583,-0.229806557,-0.9320907,-0.5400684,1.2747627
seq-14/frame-000774,1,0.00854237,0.190824,2940,1057,571,1.00,102.03,110.12,6.55,219.70,0.812618094,-0.032911228,-0.532121755,-0.235404167,-0.9365619,-0.5492554,1.2656015
seq-14/frame-000775,1,0.00506909,0.047509,3106,1105,566,0.99,110.58,126.51,11.10,249.18,0.812235804,-0.030495346,-0.531849198,-0.237654083,-0.9342779,-0.5496878,1.2675095
seq-14/frame-000776,1,0.00769807,0.115036,3036,1086,575,1.01,117.84,104.95,12.43,236.23,0.811438263,-0.028167186,-0.532618793,-0.238938857,-0.9263428,-0.5473785,1.2714022
seq-14/frame-000777,1,0.00734552,0.077576,2936,1023,552,0.97,110.49,108.09,11.41,230.97,0.811058627,-0.026813208,-0.531961867,-0.241829542,-0.9261296,-0.5521749,1.2686831
seq-14/frame-000778,1,0.00800692,0.101368,2873,1061,593,0.93,106.50,113.19,8.20,228.82,0.810344108,-0.023038010,-0.532399772,-0.243643509,-0.9223572,-0.5524522,1.2687322
seq-14/frame-000779,1,0.00580386,0.024154,2521,986,554,0.90,107.19,90.75,10.81,209.65,0.809589923,-0.019977343,-0.533345071,-0.244352403,-0.9226102,-0.5541178,1.2683777
seq-14/frame-000780,1,0.00795399,0.081296,2410,937,515,0.86,102.88,99.09,7.93,210.76,0.808331551,-0.016831430,-0.535560250,-0.243909872,-0.9164775,-0.5581398,1.2692462
seq-14/frame-000781,1,0.01144575,0.357939,2489,980,565,0.88,105.37,100.48,11.39,218.13,0.808092036,-0.014418010,-0.535835675,-0.244252965,-0.9174423,-0.5641768,1.2617751
seq-14/frame-000782,1,0.00983286,0.293217,2577,1009,550,0.88,100.13,102.91,8.34,212.27,0.808835406,-0.011687261,-0.535762584,-0.242089131,-0.9178757,-0.5638155,1.2572996
seq-14/frame-000783,1,0.00808659,0.219586,2318,917,510,0.85,96.16,90.41,9.22,196.64,0.808459941,-0.008003163,-0.536722487,-0.241365792,-0.9135696,-0.5680111,1.2608912
seq-14/frame-000784,1,0.00835345,0.200159,2384,966,551,0.87,86.86,87.61,8.13,183.48,0.808436633,-0.004603084,-0.537484023,-0.239833165,-0.9103128,-0.5715707,1.2625274
seq-14/frame-000785,1,0.00826015,0.206899,2558,1007,540,0.91,114.57,99.94,10.02,225.44,0.809325134,-0.002167749,-0.536970920,-0.238013361,-0.9063282,-0.5745481,1.2594766
seq-14/frame-000786,1,0.00783320,0.149952,2771,1035,554,0.94,119.27,112.57,14.92,247.71,0.809479866,0.000060493,-0.536804219,-0.237873021,-0.9032969,-0.5763327,1.2589469
seq-14/frame-000787,1,0.00740914,0.136606,2523,1009,564,1.24,120.91,95.36,7.70,225.21,0.811030916,0.001385522,-0.532995797,-0.241127381,-0.9027384,-0.5815668,1.2528796
seq-14/frame-000788,1,0.00903839,0.248403,2535,1034,562,0.93,112.64,100.36,11.05,224.98,0.812187965,0.002171013,-0.530960615,-0.241716407,-0.9009518,-0.5824286,1.2554214
seq-14/frame-000789,1,0.00753133,0.248862,2833,1073,590,0.92,103.61,123.21,9.50,237.24,0.813862428,0.003170518,-0.528892684,-0.240604290,-0.9017933,-0.5815740,1.2539215
seq-14/frame-000790,1,0.00910083,0.153390,2655,1022,569,0.91,109.01,108.10,8.37,226.40,0.814872241,0.004219045,-0.529007227,-0.236889813,-0.8953941,-0.5800964,1.2579120
seq-14/frame-000791,1,0.00884301,0.215910,2610,1036,602,0.93,107.82,93.62,6.22,208.58,0.816530990,0.003786546,-0.527580879,-0.234352770,-0.8941414,-0.5834252,1.2574255
seq-14/frame-000792,1,0.01037269,0.303976,2584,1004,567,0.93,112.45,101.40,13.48,228.27,0.817918623,0.003513915,-0.525328426,-0.234577968,-0.8920209,-0.5893051,1.2550886
seq-14/frame-000793,1,0.01003083,0.149787,2149,864,519,0.90,93.82,89.13,13.98,197.83,0.819815102,0.004193349,-0.522479846,-0.234308397,-0.8863325,-0.5913140,1.2529429
seq-14/frame-000794,1,0.01118063,0.315349,2341,912,548,0.93,81.37,92.88,13.54,188.72,0.820467026,0.005016245,-0.521780709,-0.233567095,-0.8814618,-0.5922364,1.2614386
seq-14/frame-000795,1,0.00633249,0.137801,2342,917,569,0.92,94.76,81.94,6.47,184.09,0.823725464,0.006969719,-0.516965789,-0.232753424,-0.8834898,-0.5887984,1.2535315
seq-14/frame-000796,1,0.00647469,0.086434,2406,952,540,0.93,109.40,94.20,15.56,220.09,0.825648260,0.008235658,-0.514730189,-0.230846176,-0.8767503,-0.5900006,1.2531323
seq-14/frame-000797,1,0.00496101,0.079726,2348,909,517,0.93,111.61,92.70,8.95,214.19,0.826536410,0.008470046,-0.513043139,-0.231414259,-0.8709594,-0.5952817,1.2543550
seq-14/frame-000798,1,0.00737639,0.182061,2103,802,499,0.93,90.16,72.80,9.33,173.23,0.828106060,0.010469285,-0.510881694,-0.230500850,-0.8645337,-0.5948199,1.2571395
seq-14/frame-000799,1,0.00554390,0.072431,2257,863,504,0.99,121.26,89.78,11.96,223.99,0.830033968,0.012730017,-0.507244641,-0.231483114,-0.8608232,-0.5994052,1.2547592
seq-14/frame-000800,1,0.00702800,0.192910,2648,1023,575,0.91,108.76,97.74,9.18,216.58,0.831636003,0.015386810,-0.505306196,-0.229805251,-0.8537332,-0.5971573,1.2543329
seq-14/frame-000801,1,0.00541655,0.121654,2168,864,510,0.92,106.63,87.50,8.31,203.36,0.833230984,0.015401392,-0.502086513,-0.231080197,-0.8491684,-0.6045688,1.2489848
seq-14/frame-000802,1,0.00638339,0.151788,2094,818,485,0.92,94.02,75.74,7.55,178.24,0.835679798,0.017972435,-0.498601928,-0.229591776,-0.8428912,-0.6018628,1.2486266
seq-14/frame-000803,1,0.00823718,0.173382,2437,1015,602,0.91,104.38,100.56,13.28,219.13,0.837811320,0.019596169,-0.495623749,-0.228134350,-0.8395252,-0.6049998,1.2448504
seq-14/frame-000804,1,0.00741036,0.191657,2522,1028,597,0.89,91.08,99.40,11.41,202.78,0.839412367,0.022188377,-0.494525474,-0.224363789,-0.8332173,-0.6011978,1.2443370
seq-14/frame-000805,1,0.01057640,0.247712,2719,1038,574,0.92,117.67,85.37,7.67,211.63,0.840728558,0.023869457,-0.494546392,-0.219156581,-0.8217608,-0.5974841,1.2462989
seq-14/frame-000806,1,0.01258971,0.408589,2872,1073,606,0.94,99.03,115.57,5.89,221.44,0.842872918,0.023769248,-0.492386522,-0.215767883,-0.8206733,-0.5968069,1.2399978
seq-14/frame-000807,1,0.01020049,0.277976,2376,965,569,0.92,102.76,84.43,11.48,199.60,0.844413876,0.021265937,-0.490021038,-0.215388830,-0.8139238,-0.6091977,1.2337490
seq-14/frame-000808,1,0.00771163,0.217212,2335,937,569,0.89,96.96,88.56,7.60,194.03,0.846736929,0.021451857,-0.488485644,-0.209662028,-0.8086024,-0.6062350,1.2353405
seq-14/frame-000809,1,0.01239031,0.388201,2384,978,590,0.89,102.70,101.11,10.61,215.32,0.849338608,0.022667289,-0.486822670,-0.202765408,-0.8038384,-0.5991812,1.2337648
seq-14/frame-000810,1,0.00803436,0.222281,2238,946,589,0.90,93.92,80.64,9.88,185.34,0.851216227,0.021641482,-0.485369275,-0.198442053,-0.7952377,-0.6067940,1.2311597
seq-14/frame-000811,1,0.01102655,0.284207,2743,1082,586,0.94,104.82,100.33,6.39,212.48,0.852977307,0.022226700,-0.484975172,-0.191663167,-0.7825143,-0.5999164,1.2310377
seq-14/frame-000812,1,0.01085237,0.291901,2959,1130,626,0.93,112.54,121.44,11.90,246.81,0.853313571,0.020132402,-0.485824515,-0.188215772,-0.7727805,-0.6003386,1.2307844
seq-14/frame-000813,1,0.01537020,0.468438,2491,1034,619,0.91,108.77,83.84,19.63,213.15,0.856319733,0.017725018,-0.482362882,-0.183652903,-0.7727374,-0.5967750,1.2208304
seq-14/frame-000814,1,0.01524706,0.464429,2491,1034,619,0.87,95.15,89.66,16.10,201.78,0.856319733,0.017725018,-0.482362882,-0.183652903,-0.7727374,-0.5967750,1.2208304
seq-14/frame-000815,1,0.00984865,0.219333,2874,1103,608,0.98,97.46,104.46,10.88,213.79,0.856186225,0.016710586,-0.484234851,-0.179394852,-0.7615138,-0.5972699,1.2268019
seq-14/frame-000816,1,0.01317735,0.341905,2853,1114,638,1.31,117.37,102.09,9.93,230.71,0.856861678,0.016767863,-0.484030703,-0.176695168,-0.7567465,-0.5887355,1.2180159
seq-14/frame-000817,1,0.01257790,0.351389,2860,1115,636,0.97,125.31,100.69,9.48,236.46,0.856538022,0.014565220,-0.484972698,-0.175874825,-0.7513410,-0.5909857,1.2137572
seq-14/frame-000818,1,0.00943167,0.262583,2915,1102,599,0.98,117.18,130.70,9.67,258.54,0.855402295,0.012811947,-0.486787563,-0.176523757,-0.7420144,-0.5976505,1.2154922
seq-14/frame-000819,1,0.01187606,0.346031,2947,1117,628,0.97,114.58,114.93,17.75,248.24,0.856598555,0.013174145,-0.485361991,-0.174611269,-0.7377775,-0.5923106,1.2096874
seq-14/frame-000820,1,0.01013097,0.281491,3044,1196,688,0.93,110.37,114.36,12.25,237.91,0.856466769,0.012988587,-0.485554468,-0.174736457,-0.7294019,-0.5879113,1.2041252
seq-14/frame-000821,1,0.00804210,0.224019,2964,1148,646,0.98,107.79,103.57,10.59,222.94,0.855720556,0.010884285,-0.486631087,-0.175539306,-0.7215614,-0.5912509,1.2043822
seq-14/frame-000822,1,0.00763325,0.205234,2845,1069,610,0.98,102.81,131.75,12.58,248.12,0.856201574,0.010598734,-0.485763053,-0.175615451,-0.7176058,-0.5916009,1.1995634
seq-14/frame-000823,1,0.01464238,0.441472,3053,1175,638,0.95,110.60,104.47,6.14,222.17,0.857457305,0.010246233,-0.483281828,-0.176353792,-0.7146085,-0.5920712,1.1876367
seq-14/frame-000824,1,0.01382877,0.436593,2833,1136,673,0.91,100.25,126.33,15.62,243.11,0.858074374,0.011910557,-0.482946643,-0.174152368,-0.7020261,-0.5814720,1.1908938
seq-14/frame-000825,1,0.01051552,0.333402,2599,1113,674,0.89,103.78,102.68,6.38,213.72,0.859271668,0.009304075,-0.480676966,-0.174686261,-0.6936908,-0.5881663,1.1866250
seq-14/frame-000826,1,0.00909676,0.267550,2328,915,597,0.91,98.39,97.32,8.09,204.72,0.860682283,0.008240648,-0.478888166,-0.172696912,-0.6800293,-0.5887670,1.1872246
seq-14/frame-000827,1,0.01173172,0.318349,2138,911,575,0.89,99.25,83.57,7.80,191.52,0.863405304,0.007427784,-0.474514935,-0.171206559,-0.6743153,-0.5908401,1.1777403
seq-14/frame-000828,1,0.00514365,0.121607,2003,863,565,0.88,80.58,74.39,8.08,163.93,0.864817957,0.007229384,-0.473279886,-0.167462792,-0.6610241,-0.5870526,1.1849910
seq-14/frame-000829,1,0.01022057,0.328807,2130,918,607,0.89,108.32,77.34,17.75,204.30,0.867224464,0.007017149,-0.470626544,-0.162428888,-0.6494534,-0.5774953,1.1866189
seq-14/frame-000830,1,0.01184068,0.244695,2153,943,644,0.83,88.69,87.79,11.29,188.60,0.869642672,0.005077135,-0.465998010,-0.162916238,-0.6383275,-0.5804226,1.1764429
seq-14/frame-000831,1,0.01443321,0.361939,1794,778,495,0.84,81.73,74.00,8.23,164.81,0.871492509,0.001503013,-0.462624540,-0.162717799,-0.6269773,-0.5854467,1.1748651
seq-14/frame-000832,1,0.00823794,0.185933,1529,613,415,0.84,74.40,70.84,12.24,158.32,0.873873440,0.000862524,-0.458676781,-0.161121315,-0.6139127,-0.5809163,1.1760857
seq-14/frame-000833,1,0.01107286,0.192614,1640,684,457,0.85,84.26,58.57,8.12,151.80,0.876037178,-0.000309694,-0.453967504,-0.162703019,-0.5995368,-0.5852003,1.1749977
seq-14/frame-000834,1,0.00686343,0.150439,1937,789,536,0.88,82.56,79.65,12.78,175.87,0.879243586,-0.001381395,-0.447984221,-0.161984403,-0.5886806,-0.5866049,1.1663493
seq-14/frame-000835,1,0.00809938,0.146696,2163,979,622,0.92,96.62,74.80,14.75,187.10,0.881884013,-0.002773520,-0.443270339,-0.160574910,-0.5831662,-0.5915530,1.1607341
seq-14/frame-000836,1,0.00654823,0.144757,2023,879,582,0.89,88.79,80.66,12.95,183.29,0.883213337,-0.000171116,-0.442199591,-0.156184809,-0.5659162,-0.5818418,1.1665733
seq-14/frame-000837,1,0.00918196,0.082149,1682,701,455,0.94,88.08,60.63,7.79,157.44,0.885175687,0.000190802,-0.438646635,-0.155090604,-0.5489506,-0.5826551,1.1662890
seq-14/frame-000838,1,0.01181478,0.206097,1540,642,430,0.84,91.08,61.99,6.32,160.23,0.887497883,0.000103978,-0.433885803,-0.155211492,-0.5364374,-0.5818191,1.1649844
seq-14/frame-000839,1,0.00544226,0.114757,1540,654,429,0.85,81.71,58.12,7.78,148.46,0.890239209,0.001521531,-0.427879466,-0.156176179,-0.5286000,-0.5749110,1.1620071
seq-14/frame-000840,1,0.00552379,0.165499,1958,811,511,0.88,91.32,65.82,7.46,165.49,0.892962509,0.000490781,-0.421901751,-0.156896876,-0.5165309,-0.5805444,1.1571655
seq-14/frame-000841,1,0.00889152,0.045006,2703,1266,839,0.93,117.28,102.25,12.46,232.92,0.895410289,0.000615815,-0.417124760,-0.155714384,-0.5070862,-0.5799449,1.1470955
seq-14/frame-000842,1,0.00772897,0.095466,2846,1287,837,0.90,108.72,103.10,11.29,224.01,0.895909543,0.002168687,-0.416552179,-0.154355659,-0.4950096,-0.5718291,1.1506597
seq-14/frame-000843,1,0.00885836,0.061961,1967,807,551,0.86,87.67,82.27,8.23,179.03,0.896722177,0.001475817,-0.413982944,-0.156541630,-0.4798988,-0.5799937,1.1505974
seq-14/frame-000844,1,0.00640452,0.187693,1921,762,489,0.88,86.97,75.10,7.90,170.86,0.899092954,0.003086479,-0.408436067,-0.157487502,-0.4710020,-0.5804342,1.1501349
seq-14/frame-000845,1,0.00617597,0.035926,2671,1167,791,0.96,100.99,109.98,29.78,241.72,0.902067055,0.004377376,-0.401878992,-0.157318604,-0.4654213,-0.5808191,1.1376398
seq-14/frame-000846,1,0.00920320,0.086654,2939,1373,909,0.95,130.15,105.61,6.70,243.41,0.902695463,0.005987366,-0.400657313,-0.156776176,-0.4505035,-0.5783982,1.1353281
seq-14/frame-000847,1,0.00605923,0.051415,1990,825,565,0.89,91.53,80.61,6.36,179.39,0.903031644,0.006351916,-0.399185179,-0.158570794,-0.4360456,-0.5873740,1.1439585
seq-14/frame-000848,1,0.00400289,0.093905,1656,692,456,0.90,88.03,60.48,8.41,157.82,0.905524974,0.009460728,-0.393029746,-0.159570156,-0.4263834,-0.5878741,1.1430943
seq-14/frame-000849,1,0.00198381,0.020544,2059,860,586,0.91,92.29,80.80,8.23,182.23,0.908182477,0.011541399,-0.386668800,-0.159870648,-0.4162117,-0.5903715,1.1350547
seq-14/frame-000850,1,0.00722240,0.176924,2530,1177,804,0.95,102.42,102.28,13.33,218.98,0.910576678,0.013877471,-0.381577375,-0.158291616,-0.4102395,-0.5835979,1.1263717
seq-14/frame-000851,1,0.00659836,0.162782,2460,1127,788,0.94,106.59,93.42,6.76,207.72,0.911142260,0.014807274,-0.379959522,-0.158843596,-0.3976794,-0.5891811,1.1273577
seq-14/frame-000852,1,0.00630628,0.186359,2053,944,655,0.93,87.85,69.56,9.96,168.32,0.912359589,0.017398389,-0.376901485,-0.158879033,-0.3875636,-0.5916611,1.1287602
seq-14/frame-000853,1,0.00903899,0.042786,2528,1211,872,0.94,103.41,112.16,8.37,224.89,0.913832827,0.019276687,-0.373378458,-0.158513405,-0.3757963,-0.5964368,1.1200431
seq-14/frame-000854,1,0.00953758,0.030832,3087,1399,974,0.99,120.61,118.21,10.44,250.25,0.914372585,0.020736334,-0.372070074,-0.158292898,-0.3684549,-0.5982754,1.1183356
seq-14/frame-000855,1,0.01153956,0.091991,2654,1282,894,0.94,107.64,100.60,8.67,217.85,0.913947557,0.021556467,-0.372984180,-0.158486541,-0.3537529,-0.6061160,1.1205885
seq-14/frame-000856,1,0.00608983,0.115641,1701,797,567,0.89,81.41,60.37,6.97,149.64,0.915182763,0.025554996,-0.370302143,-0.157047050,-0.3501143,-0.6081998,1.1232656
seq-14/frame-000857,1,0.00824333,0.118199,2198,1074,780,2.71,92.08,83.49,12.38,190.66,0.917161763,0.028978422,-0.366769440,-0.153149370,-0.3413604,-0.6085960,1.1194546
seq-14/frame-000858,1,0.00696881,0.023339,3114,1453,1001,1.02,116.74,139.23,11.60,268.59,0.918030430,0.031262412,-0.366220298,-0.148746375,-0.3328022,-0.6018498,1.1155800
seq-14/frame-000859,1,0.00755497,0.029789,2883,1416,983,0.95,124.15,118.58,7.72,251.40,0.917759113,0.030630979,-0.367981142,-0.146184242,-0.3180111,-0.6049746,1.1202610
seq-14/frame-000860,1,0.00521041,0.040861,2256,1104,764,0.91,106.12,89.69,8.66,205.39,0.918789174,0.029497048,-0.366495794,-0.143656575,-0.3076271,-0.6029969,1.1270677
seq-14/frame-000861,1,0.00476411,0.146197,2177,970,668,1.38,92.55,91.06,9.65,194.64,0.920103404,0.028085373,-0.364125229,-0.141540647,-0.2976612,-0.6035874,1.1339039
seq-14/frame-000862,1,0.00746001,0.104657,2591,1218,862,1.00,102.17,105.83,6.71,215.72,0.922355540,0.026736087,-0.359653266,-0.138545902,-0.2930871,-0.6044096,1.1285918
seq-14/frame-000863,1,0.00935585,0.061723,2523,1189,848,0.96,103.88,104.55,6.75,216.15,0.922632832,0.025861635,-0.359847188,-0.136344545,-0.2777496,-0.6069424,1.1355289
seq-14/frame-000864,1,0.00468264,0.142514,1714,771,542,0.87,68.76,78.08,6.31,154.02,0.923705698,0.027695838,-0.357940491,-0.133713611,-0.2690676,-0.5944146,1.1489439
seq-14/frame-000865,1,0.00257029,0.064201,1576,703,500,0.86,74.75,67.62,6.67,149.91,0.925945517,0.024219656,-0.352605858,-0.133069214,-0.2593856,-0.5975226,1.1498368
seq-14/frame-000866,1,0.00569027,0.095267,2440,1154,838,1.28,95.76,95.57,7.88,200.51,0.927896624,0.020088093,-0.348281277,-0.131546476,-0.2512540,-0.6022178,1.1474512
seq-14/frame-000867,1,0.00755671,0.131162,2942,1370,965,0.95,96.80,105.80,14.07,217.61,0.928983022,0.017176850,-0.346068900,-0.130122313,-0.2443149,-0.6055364,1.1473480
seq-14/frame-000868,1,0.00932149,0.102934,2224,1046,765,0.93,97.38,71.90,11.45,181.67,0.929013414,0.016417486,-0.346099918,-0.129920706,-0.2284364,-0.6083892,1.1563988
seq-14/frame-000869,1,0.00744937,0.170624,1570,694,494,0.89,77.69,52.75,8.71,140.05,0.930155274,0.017308685,-0.342852463,-0.130245015,-0.2187682,-0.6037677,1.1680563
seq-14/frame-000870,1,0.00674613,0.136963,1754,847,597,0.88,89.03,70.76,12.09,172.76,0.932000910,0.015871831,-0.337579810,-0.131004809,-0.2051583,-0.6039412,1.1666543
seq-14/frame-000871,1,0.00806719,0.136646,2496,1205,855,1.31,114.41,101.28,7.10,224.11,0.933144326,0.010971747,-0.334278000,-0.131831353,-0.1950492,-0.6169260,1.1653366
seq-14/frame-000872,1,0.01111682,0.219311,2261,1151,851,0.89,100.64,96.31,16.59,214.43,0.934089470,0.010193231,-0.331639916,-0.131863286,-0.1875243,-0.6131033,1.1655123
seq-14/frame-000873,1,0.01128573,0.239057,1839,827,581,0.86,95.29,71.86,6.82,174.84,0.934536639,0.007402398,-0.329824639,-0.133424819,-0.1763632,-0.6092610,1.1690172
seq-14/frame-000874,1,0.01238498,0.230652,1764,767,531,0.85,83.55,68.77,10.03,163.19,0.934666839,0.003722730,-0.328069176,-0.136947643,-0.1651955,-0.6082350,1.1742466
seq-14/frame-000875,1,0.00651242,0.101091,1628,696,450,0.86,80.79,71.80,11.87,165.32,0.934073516,-0.002684956,-0.327267083,-0.142813566,-0.1463328,-0.6167709,1.1896891
seq-14/frame-000876,1,0.00852587,0.158864,2049,969,723,1.24,97.74,85.25,6.44,190.68,0.934770747,-0.006771899,-0.323161588,-0.147391928,-0.1379335,-0.6230767,1.1916618
seq-14/frame-000877,1,0.00716211,0.046577,2383,1060,793,0.91,102.65,92.31,6.98,202.86,0.935348167,-0.009240755,-0.319237886,-0.152070996,-0.1283972,-0.6271810,1.1912594
seq-14/frame-000878,1,0.00551538,0.119597,3153,1355,934,0.97,121.64,121.76,8.64,253.01,0.935506945,-0.013280696,-0.317229480,-0.154970434,-0.1242527,-0.6335005,1.1905879
seq-14/frame-000879,1,0.00848605,0.062293,3422,1471,980,1.04,129.21,129.81,8.36,268.43,0.934994850,-0.017233142,-0.317847495,-0.156398913,-0.1168148,-0.6420019,1.1900059
seq-14/frame-000880,1,0.00937493,0.184176,3349,1469,1005,0.99,134.70,132.56,9.38,277.63,0.934397595,-0.018211005,-0.319039123,-0.157427860,-0.1096022,-0.6395992,1.1918682
seq-14/frame-000881,1,0.01057262,0.123893,3155,1434,964,0.98,126.08,136.26,14.42,277.75,0.932627089,-0.020795929,-0.322430035,-0.160664602,-0.0916271,-0.6489281,1.2027057
seq-14/frame-000882,1,0.00512808,0.111276,3125,1391,951,0.98,112.72,133.27,10.03,257.00,0.932909883,-0.021124208,-0.320411639,-0.163000922,-0.0889745,-0.6458909,1.2052034
seq-14/frame-000883,1,0.01089268,0.237233,2412,1075,728,0.91,109.62,89.42,7.27,207.22,0.932164384,-0.022782405,-0.320233126,-0.167335794,-0.0835115,-0.6472941,1.2064147
seq-14/frame-000884,1,0.00653483,0.198119,1939,672,372,1.03,92.61,80.05,7.60,181.29,0.931074603,-0.023870199,-0.320531181,-0.172597970,-0.0723448,-0.6317346,1.2100608
seq-14/frame-000885,1,0.00428495,0.187961,2619,980,605,0.96,101.86,106.71,14.55,224.08,0.930171893,-0.035253958,-0.319854275,-0.176721958,-0.0687405,-0.6506692,1.2087270
seq-14/frame-000886,1,0.00887104,0.109702,3439,1459,978,1.03,114.55,135.82,19.98,271.39,0.928687600,-0.040487055,-0.322230311,-0.179074750,-0.0635708,-0.6606642,1.2090068
seq-14/frame-000887,1,0.00964978,0.110905,3518,1339,836,1.08,117.12,118.57,10.67,247.45,0.926949657,-0.042565104,-0.326156300,-0.180484383,-0.0552894,-0.6673284,1.2126601
seq-14/frame-000888,1,0.01013070,0.182924,3496,1328,816,1.07,131.23,122.91,9.61,264.83,0.925743642,-0.043963027,-0.329163428,-0.180879513,-0.0474727,-0.6714614,1.2143653
seq-14/frame-000889,1,0.01019489,0.134654,3472,1405,882,1.03,128.95,131.50,9.76,271.24,0.924913669,-0.045387598,-0.331248548,-0.180967043,-0.0449668,-0.6756141,1.2144788
seq-14/frame-000890,1,0.01036021,0.159893,3232,1333,888,1.03,115.94,126.19,11.50,254.66,0.923540869,-0.044311113,-0.334558543,-0.182152053,-0.0382524,-0.6753218,1.2115088
seq-14/frame-000891,1,0.00698575,0.111778,3452,1317,814,1.05,122.52,133.23,10.03,266.83,0.921995188,-0.045450850,-0.338465148,-0.182484074,-0.0279144,-0.6757710,1.2154518
seq-14/frame-000892,1,0.01141247,0.212039,3421,1298,810,1.07,124.31,159.13,14.79,299.31,0.921340053,-0.048510116,-0.340585323,-0.181055000,-0.0220895,-0.6814447,1.2132533
seq-14/frame-000893,1,0.00885764,0.119202,3188,1320,872,3.61,123.10,131.06,8.53,266.29,0.920164623,-0.047092489,-0.343402648,-0.182082361,-0.0152442,-0.6780099,1.2113202
seq-14/frame-000894,1,0.00890696,0.097997,3400,1348,841,1.07,121.82,144.83,14.56,282.29,0.918359318,-0.047974065,-0.347186455,-0.183783072,-0.0070511,-0.6818660,1.2104663
seq-14/frame-000895,1,0.00830757,0.127290,3504,1345,853,1.05,119.53,151.68,12.39,284.66,0.917310672,-0.047925824,-0.349737824,-0.184194736,-0.0019051,-0.6819158,1.2103220
seq-14/frame-000896,1,0.01036591,0.146156,3312,1427,945,1.27,117.48,127.77,8.81,255.33,0.916152932,-0.046950473,-0.352269765,-0.185379262,0.0041795,-0.6867760,1.2074948
seq-14/frame-000897,1,0.00721506,0.109040,3274,1286,824,1.02,105.60,119.93,11.84,238.40,0.915159914,-0.044275484,-0.355117616,-0.185508737,0.0148903,-0.6801664,1.2035890
seq-14/frame-000898,1,0.01037422,0.115632,3137,1345,934,0.98,117.58,132.21,7.05,257.83,0.914472214,-0.045196797,-0.356030709,-0.186922319,0.0207416,-0.6780024,1.1954447
seq-14/frame-000899,1,0.00895018,0.116261,2900,1234,795,0.93,113.57,121.78,8.14,244.43,0.913076289,-0.045730257,-0.358060528,-0.189718454,0.0276323,-0.6730965,1.1912064
seq-14/frame-000900,1,0.00884522,0.105158,3185,1337,883,0.99,127.22,117.63,8.81,254.66,0.911302386,-0.048892688,-0.360774029,-0.192300721,0.0344815,-0.6756350,1.1893557
seq-14/frame-000901,1,0.01004623,0.127675,3660,1370,860,1.06,132.22,153.36,7.59,294.23,0.909443406,-0.051589772,-0.364207860,-0.193917050,0.0432200,-0.6802386,1.1899462
seq-14/frame-000902,1,0.01062247,0.146633,3857,1436,884,1.08,136.07,139.34,10.79,287.29,0.908584840,-0.052891046,-0.366162227,-0.193910673,0.0483186,-0.6831270,1.1873499
seq-14/frame-000903,1,0.01140094,0.185881,3489,1308,816,1.03,124.32,137.28,9.37,272.00,0.907815998,-0.051225712,-0.368693110,-0.193161668,0.0560406,-0.6854097,1.1840901
seq-14/frame-000904,1,0.01043060,0.159549,3597,1374,880,1.03,127.85,145.38,13.22,287.49,0.906808984,-0.047002834,-0.371142446,-0.194271679,0.0690302,-0.6784104,1.1788914
seq-14/frame-000905,1,0.01237373,0.192781,3627,1378,877,0.99,134.23,148.87,12.08,296.18,0.905975864,-0.046291704,-0.372431337,-0.195856355,0.0826957,-0.6747909,1.1736470
seq-14/frame-000906,1,0.00903124,0.172886,3627,1390,868,1.07,119.13,165.96,8.73,294.89,0.905654785,-0.047048309,-0.373126036,-0.195838784,0.0914526,-0.6701773,1.1721794
seq-14/frame-000907,1,0.00885419,0.114981,3127,1204,786,0.99,117.08,140.24,13.58,271.89,0.904967847,-0.045710997,-0.373934716,-0.197778991,0.1015907,-0.6647658,1.1658047
seq-14/frame-000908,1,0.00943039,0.106881,3036,1227,809,0.96,110.42,127.00,12.13,250.51,0.904155960,-0.046814442,-0.375025215,-0.199164494,0.1143390,-0.6617659,1.1608564
seq-14/frame-000909,1,0.00824744,0.083270,3652,1420,936,1.06,122.10,146.76,10.00,279.92,0.903681926,-0.049101663,-0.375936853,-0.199046442,0.1207395,-0.6594788,1.1567785
seq-14/frame-000910,1,0.00853083,0.095133,3353,1308,873,1.00,116.63,133.28,8.54,259.45,0.902459373,-0.047774470,-0.378684553,-0.199706510,0.1338876,-0.6603190,1.1518420
seq-14/frame-000911,1,0.01292685,0.157691,3105,1368,933,1.00,121.39,144.13,8.04,274.56,0.901171986,-0.045627392,-0.381716721,-0.200248690,0.1543034,-0.6637689,1.1517422
seq-14/frame-000912,1,0.00130051,0.171376,2685,1109,717,0.98,92.19,114.23,16.35,223.75,0.903399657,-0.042578492,-0.379515190,-0.194998340,0.1683354,-0.6542453,1.1488448
seq-14/frame-000913,1,0.00966175,0.137117,3044,1331,938,0.97,121.94,115.88,7.60,246.39,0.905786383,-0.042292292,-0.376575331,-0.189613845,0.1786844,-0.6558105,1.1388270
seq-14/frame-000914,1,0.01013012,0.113087,3146,1344,932,1.00,111.69,117.71,9.68,240.09,0.906079637,-0.037919586,-0.377923491,-0.186428623,0.1967958,-0.6500743,1.1329888
seq-14/frame-000915,1,0.00859791,0.048329,3113,1486,1104,0.99,109.71,127.88,10.46,249.04,0.906387038,-0.034645840,-0.379448296,-0.182431338,0.2164444,-0.6442485,1.1297147
seq-14/frame-000916,1,0.01143480,0.123900,3010,1464,1091,0.97,113.44,148.11,9.74,272.25,0.907419771,-0.032024381,-0.379146362,-0.178358724,0.2335401,-0.6375584,1.1249981
seq-14/frame-000917,1,0.01312141,0.146859,2851,1329,995,1.28,106.63,121.42,7.04,236.38,0.907355037,-0.029635648,-0.380129059,-0.177004135,0.2530372,-0.6236612,1.1217361
seq-14/frame-000918,1,0.00984991,0.065117,2903,1256,920,0.97,112.74,128.29,10.65,252.65,0.907482372,-0.031877565,-0.380040107,-0.176150738,0.2639750,-0.6188167,1.1167532
seq-14/frame-000919,1,0.01642997,0.198024,2619,1209,912,0.96,106.89,104.72,13.85,226.43,0.907164662,-0.034501054,-0.381516166,-0.174090116,0.2786102,-0.6154606,1.1118171
seq-14/frame-000920,1,0.01677347,0.227384,1895,833,591,0.88,85.82,71.89,5.99,164.58,0.906327032,-0.036504881,-0.384040520,-0.172486473,0.2951032,-0.6052650,1.1121880
seq-14/frame-000921,1,0.00918849,0.049478,2804,1253,861,0.95,102.75,120.52,12.12,236.34,0.905975652,-0.041046476,-0.384507899,-0.172270081,0.3067597,-0.6028445,1.1113213
seq-14/frame-000922,1,0.01204403,0.143633,3013,1346,996,1.00,110.76,145.48,14.63,271.88,0.905064756,-0.042671627,-0.386280029,-0.172698171,0.3164787,-0.6038098,1.1111501
seq-14/frame-000923,1,0.01312575,0.145749,2513,1202,938,0.91,109.05,103.19,6.98,220.14,0.904061606,-0.040538121,-0.388030268,-0.174533048,0.3316108,-0.5931124,1.1074015
seq-14/frame-000924,1,0.00776730,0.077929,3131,1336,950,1.00,112.92,117.07,7.12,238.12,0.902922760,-0.042250534,-0.389407924,-0.176937417,0.3407424,-0.5912700,1.1122529
seq-14/frame-000925,1,0.01080206,0.051792,2873,1336,996,0.96,113.54,129.32,6.91,250.73,0.901985714,-0.040372568,-0.390391695,-0.179961529,0.3518449,-0.5879705,1.1081873
seq-14/frame-000926,1,0.01082187,0.070220,1949,1126,915,0.89,79.42,71.36,9.04,160.71,0.900618148,-0.038348549,-0.391975688,-0.183769962,0.3660715,-0.5750655,1.1072685
seq-14/frame-000927,1,0.01044648,0.080210,2075,953,677,0.90,90.72,70.88,7.53,170.04,0.899676224,-0.041577429,-0.391792512,-0.188022971,0.3740717,-0.5736379,1.1041417
seq-14/frame-000928,1,0.01296135,0.118026,2510,1360,1084,0.92,106.17,109.29,8.70,225.09,0.898346328,-0.044164512,-0.393134133,-0.190968385,0.3790744,-0.5733955,1.1025128
seq-14/frame-000929,1,0.00876152,0.107222,3039,1359,1016,0.99,107.74,110.08,16.67,235.49,0.896409790,-0.045042848,-0.396322366,-0.193259442,0.3852608,-0.5718527,1.1049992
seq-14/frame-000930,1,0.01068636,0.096338,3249,1407,1033,1.03,117.57,124.52,13.57,256.70,0.894668136,-0.045103321,-0.399754571,-0.194244434,0.3987493,-0.5736095,1.1095344
seq-14/frame-000931,1,0.01361283,0.171393,3328,1354,991,1.06,115.91,129.71,9.07,255.76,0.894053816,-0.044999293,-0.400882812,-0.194771168,0.4074245,-0.5762860,1.1098767
seq-14/frame-000932,1,0.01085938,0.106467,3287,1392,978,1.02,109.29,131.05,11.50,252.86,0.894034215,-0.042444964,-0.401561792,-0.194034469,0.4136119,-0.5730078,1.1084777
seq-14/frame-000933,1,0.01170965,0.124593,3296,1392,1015,1.03,126.01,131.33,11.90,270.28,0.893358108,-0.040510565,-0.403813630,-0.192885294,0.4244342,-0.5713072,1.1091663
seq-14/frame-000934,1,0.01220949,0.104679,2940,1302,967,0.98,123.78,125.64,13.88,264.29,0.892963157,-0.038467293,-0.405608761,-0.191359871,0.4335096,-0.5713387,1.1065794
seq-14/frame-000935,1,0.01104517,0.143845,2630,1252,940,0.94,113.89,100.74,7.17,222.73,0.892504858,-0.035940406,-0.408729272,-0.187306563,0.4428943,-0.5722299,1.1086957
seq-14/frame-000936,1,0.01341065,0.156512,3065,1335,1007,0.99,114.96,118.17,12.70,246.83,0.891873904,-0.032329720,-0.412155822,-0.183421122,0.4603126,-0.5699324,1.1109820
seq-14/frame-000937,1,0.01217527,0.147802,3013,1380,1057,1.00,109.27,125.26,11.64,247.17,0.892060054,-0.030874344,-0.413479895,-0.179749857,0.4725797,-0.5681496,1.1146808
seq-14/frame-000938,1,0.01198867,0.142683,3302,1516,1124,1.03,121.57,120.45,7.76,250.81,0.892267919,-0.029235839,-0.414571108,-0.176448357,0.4846313,-0.5643844,1.1162120
seq-14/frame-000939,1,0.01098760,0.129496,3316,1673,1258,1.02,106.31,121.13,7.55,236.01,0.891893667,-0.028014252,-0.416460813,-0.174072629,0.4967000,-0.5624952,1.1205369
seq-14/frame-000940,1,0.00883829,0.050183,2940,1624,1277,0.98,108.97,110.86,9.82,230.63,0.891748241,-0.026044130,-0.418213194,-0.170893249,0.5113120,-0.5585810,1.1263753
seq-14/frame-000941,1,0.01345510,0.133743,2727,1252,965,0.97,109.58,107.82,11.12,229.51,0.891779775,-0.025016612,-0.418633840,-0.169849080,0.5294304,-0.5571090,1.1264870
seq-14/frame-000942,1,0.01138159,0.116601,3325,1715,1328,1.53,123.27,126.56,8.79,260.14,0.891815843,-0.025164060,-0.418649597,-0.169598901,0.5357871,-0.5553008,1.1290003
seq-14/frame-000943,1,0.01047619,0.134436,3127,1711,1366,1.00,132.97,136.96,10.19,281.12,0.890818672,-0.024078159,-0.420928276,-0.169356792,0.5475892,-0.5503836,1.1310583
seq-14/frame-000944,1,0.00950105,0.127958,3160,1766,1380,1.01,125.35,140.36,13.35,280.08,0.889353305,-0.024410127,-0.423782921,-0.169890791,0.5594046,-0.5489325,1.1360244
seq-14/frame-000945,1,0.01298375,0.157876,2810,1490,1209,1.14,113.37,112.24,9.11,235.86,0.887587557,-0.024094744,-0.426677794,-0.171912281,0.5730651,-0.5500787,1.1401202
seq-14/frame-000946,1,0.01279228,0.159299,2123,1190,959,0.91,92.88,77.97,9.47,181.24,0.885798559,-0.021989105,-0.428902838,-0.175840119,0.5887771,-0.5439791,1.1531025
seq-14/frame-000947,1,0.01632008,0.240238,1631,761,576,0.88,90.57,76.25,5.83,173.53,0.886407817,-0.022499161,-0.426248701,-0.179128486,0.6047709,-0.5444160,1.1545883
seq-14/frame-000948,1,0.01551287,0.233835,1568,730,511,0.83,73.04,58.26,7.47,139.60,0.887152908,-0.024035821,-0.423586033,-0.181540271,0.6161644,-0.5344195,1.1546640
seq-14/frame-000949,1,0.01213675,0.101978,2027,835,608,0.87,77.30,82.46,7.87,168.51,0.886359828,-0.028907376,-0.423194664,-0.185571803,0.6236611,-0.5348595,1.1575678
seq-14/frame-000950,1,0.01344678,0.131123,2277,1235,982,0.90,85.13,94.24,7.37,187.65,0.884887344,-0.031588979,-0.424697348,-0.188702645,0.6343996,-0.5368278,1.1646178
seq-14/frame-000951,1,0.01322802,0.126041,1880,812,609,0.87,94.04,76.04,5.62,176.57,0.884572163,-0.033722575,-0.424408950,-0.190451881,0.6500727,-0.5354197,1.1684074
seq-14/frame-000952,1,0.01083097,0.073915,2586,1360,1079,0.91,111.99,124.22,12.85,249.97,0.884736875,-0.036545772,-0.423401703,-0.191405504,0.6590990,-0.5361930,1.1703677
seq-14/frame-000953,1,0.01358435,0.106605,2341,1034,780,0.89,104.62,108.90,6.98,221.39,0.884207896,-0.038812020,-0.424324746,-0.191359698,0.6741443,-0.5360319,1.1721740
seq-14/frame-000954,1,0.01405003,0.140453,1636,892,696,0.83,82.73,62.87,10.52,156.95,0.883828463,-0.040356555,-0.424476490,-0.192453388,0.6891411,-0.5288396,1.1754195
seq-14/frame-000955,1,0.01239852,0.083576,1819,785,587,0.85,81.28,72.63,5.91,160.68,0.883535219,-0.045652539,-0.423526346,-0.194696677,0.7027046,-0.5324740,1.1753226
seq-14/frame-000956,1,0.01102064,0.088136,2078,1006,792,0.91,94.19,96.95,8.27,200.31,0.883401344,-0.049205602,-0.423165505,-0.195222513,0.7137548,-0.5347697,1.1787247
seq-14/frame-000957,1,0.00668584,0.037482,2305,1255,1048,0.93,96.80,110.74,11.93,220.40,0.883663229,-0.049847992,-0.422334243,-0.195673870,0.7251223,-0.5345480,1.1825476
seq-14/frame-000958,1,0.00944291,0.089701,1761,888,698,0.91,80.59,84.51,11.25,177.26,0.884690937,-0.050193540,-0.421049546,-0.193700374,0.7430594,-0.5360823,1.1812899
seq-14/frame-000959,1,0.00945097,0.096393,1666,820,648,1.27,85.39,75.31,13.88,175.85,0.886497138,-0.050536633,-0.418232502,-0.191443063,0.7586475,-0.5295942,1.1770051
seq-14/frame-000960,1,0.00857306,0.027515,2031,1136,927,0.86,76.99,86.12,6.44,170.40,0.886883338,-0.052323333,-0.417285598,-0.191240540,0.7713170,-0.5256584,1.1745086
seq-14/frame-000961,1,0.00794254,0.055678,1821,985,803,0.85,93.63,85.69,9.87,190.04,0.886714251,-0.054804587,-0.417680648,-0.190465667,0.7859981,-0.5221092,1.1748222
seq-14/frame-000962,1,0.00778667,0.045397,1774,877,676,0.87,82.73,72.34,11.12,167.06,0.886816464,-0.058644983,-0.417369656,-0.189525448,0.8018612,-0.5229511,1.1763343
seq-14/frame-000963,1,0.00553338,0.089367,1702,876,681,0.89,86.76,69.09,6.38,163.12,0.887540669,-0.060130467,-0.415951792,-0.188785580,0.8154778,-0.5196101,1.1773573
seq-14/frame-000964,1,0.00598488,0.036207,1657,965,800,0.90,72.74,81.53,16.63,171.80,0.888478689,-0.060764024,-0.413801951,-0.188894939,0.8307617,-0.5205986,1.1767444
seq-14/frame-000965,1,0.00511419,0.072589,1647,858,682,0.92,99.92,74.44,8.33,183.62,0.890155918,-0.060292285,-0.410839454,-0.187611899,0.8471954,-0.5176394,1.1736073
seq-14/frame-000966,1,0.00578109,0.063187,1892,991,821,0.91,95.20,88.92,7.06,192.10,0.892106501,-0.060312729,-0.407192206,-0.186287070,0.8602445,-0.5157053,1.1656681
seq-14/frame-000967,1,0.00553965,0.050999,2070,1298,1074,0.91,91.82,101.25,11.28,205.26,0.893064308,-0.059721590,-0.405865795,-0.184776702,0.8747310,-0.5109341,1.1613555
seq-14/frame-000968,1,0.00497886,0.090158,2041,1293,1084,0.92,87.08,85.82,7.87,181.69,0.893887210,-0.060065561,-0.405024067,-0.182519284,0.8898559,-0.5074299,1.1589017
seq-14/frame-000969,1,0.00662678,0.060604,1691,1057,888,0.90,83.49,84.71,7.64,176.74,0.895042078,-0.060108844,-0.403600798,-0.179980558,0.9087194,-0.5032320,1.1547581
seq-14/frame-000970,1,0.00534362,0.080073,1843,1185,1013,0.91,76.86,75.02,11.61,164.40,0.896501993,-0.060405643,-0.400692255,-0.179111841,0.9227268,-0.4998018,1.1498020
seq-14/frame-000971,1,0.00895840,0.045452,1671,1112,955,0.89,71.79,69.35,9.20,151.23,0.897588598,-0.060006616,-0.398982929,-0.177613449,0.9409027,-0.4954434,1.1445895
seq-14/frame-000972,1,0.00584736,0.058223,1346,886,746,0.86,60.88,61.29,14.20,137.22,0.899421917,-0.060691348,-0.395714917,-0.175403762,0.9558869,-0.4891873,1.1422748
seq-14/frame-000973,1,0.00661346,0.051168,1363,857,705,0.86,68.31,54.55,6.61,130.34,0.901823525,-0.060960737,-0.390744224,-0.174117977,0.9730150,-0.4854479,1.1350734
seq-14/frame-000974,1,0.00440950,0.114540,1596,1099,955,0.88,74.09,62.57,8.32,145.87,0.903491103,-0.061240568,-0.386789418,-0.174204952,0.9849682,-0.4804198,1.1287604
seq-14/frame-000975,1,0.00425321,0.105879,1744,1170,1006,0.87,82.22,67.67,6.54,157.29,0.905847104,-0.060591257,-0.382592857,-0.171442202,1.0134274,-0.4711925,1.1176506
seq-14/frame-000976,1,0.00572637,0.071857,1409,951,818,0.82,74.88,53.17,7.33,136.20,0.906440823,-0.060926303,-0.381097955,-0.171514921,1.0301541,-0.4619879,1.1103810
seq-14/frame-000977,1,0.00557097,0.058155,1726,1168,1009,0.84,92.01,68.48,10.79,172.12,0.906531089,-0.064087000,-0.380249298,-0.171769358,1.0412985,-0.4593326,1.1056205
seq-14/frame-000978,1,0.00638513,0.088271,1440,967,855,0.82,87.90,58.23,10.40,157.35,0.906572967,-0.065685256,-0.380048062,-0.171389537,1.0544294,-0.4529994,1.1014307
seq-14/frame-000979,1,0.00810632,0.056063,1153,698,566,0.78,84.66,47.12,5.79,138.36,0.906407257,-0.067831281,-0.379778642,-0.172026118,1.0681352,-0.4434190,1.0962247
seq-14/frame-000980,1,0.00405413,0.108265,2092,1374,1185,0.88,93.40,95.17,6.87,196.32,0.905397163,-0.073328510,-0.380447563,-0.173604604,1.0792942,-0.4401548,1.0917967
seq-14/frame-000981,1,0.00537544,0.154352,1976,1266,1091,0.87,90.70,80.86,12.77,185.19,0.904215488,-0.076081775,-0.382520716,-0.174022461,1.0934596,-0.4359969,1.0904599
seq-14/frame-000982,1,0.00450080,0.055483,1819,1145,964,0.84,81.54,69.20,8.53,160.12,0.903478922,-0.079070255,-0.382128496,-0.177345835,1.1058418,-0.4329776,1.0894490
seq-14/frame-000983,1,0.00369261,0.176795,2179,1373,1184,0.87,93.48,83.98,13.93,192.28,0.903863923,-0.081277087,-0.379281981,-0.180469451,1.1136475,-0.4307337,1.0855785
seq-14/frame-000984,1,0.00388910,0.160999,2320,1455,1228,1.31,97.31,79.92,12.26,190.80,0.904048455,-0.082598699,-0.378184534,-0.181246529,1.1253727,-0.4285502,1.0829241
seq-14/frame-000985,1,0.00492221,0.124537,2407,1485,1297,0.88,105.09,97.94,10.05,213.97,0.904361450,-0.083995818,-0.376601091,-0.182336747,1.1367488,-0.4268879,1.0776855
seq-14/frame-000986,1,0.00402351,0.129320,2685,1662,1426,0.91,107.21,113.03,7.33,228.49,0.904339709,-0.085683361,-0.375882430,-0.183140524,1.1443176,-0.4242675,1.0734477
seq-14/frame-000987,1,0.00392286,0.130469,2773,1674,1423,0.93,105.72,112.93,14.19,233.77,0.903605647,-0.087728885,-0.377189279,-0.183108510,1.1534344,-0.4242643,1.0709783
seq-14/frame-000988,1,0.00392298,0.173726,2776,1638,1373,1.01,107.11,109.26,16.15,233.53,0.902736994,-0.088033880,-0.378964683,-0.183580294,1.1642958,-0.4235426,1.0697642
seq-14/frame-000989,1,0.00410735,0.176286,2658,1597,1318,0.95,98.25,118.82,7.80,225.83,0.902462018,-0.087994262,-0.379647685,-0.183540052,1.1753975,-0.4244807,1.0695905
seq-14/frame-000990,1,0.00452035,0.136980,2478,1464,1265,0.92,114.16,109.03,7.39,231.50,0.903115600,-0.086451853,-0.378692070,-0.183031710,1.1871115,-0.4235661,1.0666235
seq-14/frame-000991,1,0.00396766,0.132420,2677,1590,1326,0.94,108.93,104.50,7.69,222.06,0.904158890,-0.085305331,-0.376532118,-0.182875005,1.1969689,-0.4211617,1.0617384
seq-14/frame-000992,1,0.00440437,0.175223,2935,1636,1354,0.96,104.06,113.70,7.30,226.02,0.904149049,-0.085044807,-0.376657381,-0.182787022,1.2063416,-0.4200459,1.0590445
seq-14/frame-000993,1,0.00371932,0.161057,2856,1595,1314,0.96,123.12,96.59,9.69,230.37,0.903532653,-0.085197052,-0.378229437,-0.182517669,1.2160015,-0.4209853,1.0590797
seq-14/frame-000994,1,0.00451933,0.120742,2741,1640,1381,0.94,107.51,91.53,7.26,207.25,0.903498465,-0.084955484,-0.378867517,-0.181473120,1.2269553,-0.4239764,1.0592618
seq-14/frame-000995,1,0.00475193,0.157151,2536,1528,1295,0.92,112.08,73.74,7.43,194.19,0.904197793,-0.082376568,-0.378478470,-0.179984720,1.2388137,-0.4214520,1.0596123
seq-14/frame-000996,1,0.00409356,0.174387,2920,1642,1366,0.95,112.99,81.05,8.62,203.62,0.904933706,-0.080683644,-0.376985955,-0.180185256,1.2478426,-0.4197385,1.0581270
seq-14/frame-000997,1,0.00368500,0.117660,2914,1754,1478,1.43,100.97,77.88,9.11,189.39,0.905267843,-0.080135585,-0.376743501,-0.179256116,1.2559073,-0.4177333,1.0541202
seq-14/frame-000998,1,0.00438306,0.092426,2861,1713,1445,0.93,101.05,74.62,7.32,183.92,0.904451690,-0.081368864,-0.378506657,-0.179105999,1.2642772,-0.4160535,1.0519866
seq-14/frame-000999,1,0.00352697,0.125122,2918,1684,1407,0.96,98.14,78.16,7.04,184.30,0.902889842,-0.082284103,-0.381854056,-0.179462362,1.2735803,-0.4151938,1.0551715
