frame,ok,trans_err_m,rot_err_deg,keypoints,matches,inliers,ms_decode,ms_extract,ms_match,ms_pose,ms_total,qw,qx,qy,qz,tx,ty,tz
seq-01/frame-000000,1,0.07103360,1.947725,1549,401,150,1.17,104.54,39.98,17.90,163.60,0.963666344,-0.205672422,0.138053949,0.099935675,-1.5105769,-0.5531765,-0.0943220
seq-01/frame-000001,1,0.04253408,1.169387,1603,442,159,0.86,99.26,37.53,14.32,151.97,0.964582027,-0.205791759,0.127094182,0.105253663,-1.4583377,-0.5433116,-0.0743577
seq-01/frame-000002,1,0.06809975,1.572326,1545,406,162,1.15,94.77,44.96,22.67,163.55,0.963011645,-0.208102815,0.132822947,0.107980806,-1.4825416,-0.5648558,-0.0954345
seq-01/frame-000003,1,0.03701964,0.861378,1518,428,165,0.82,95.08,41.39,27.47,164.75,0.964258128,-0.203320779,0.129212656,0.110322316,-1.4670346,-0.5381396,-0.0907240
seq-01/frame-000004,1,0.05637531,1.352300,1605,432,151,1.18,107.69,36.06,20.09,165.01,0.963643482,-0.207730667,0.130110696,0.106350442,-1.4730194,-0.5537661,-0.0948933
seq-01/frame-000005,1,0.01726451,0.596112,1613,431,156,1.01,96.75,64.95,15.59,178.30,0.965602017,-0.199942027,0.127702357,0.106433260,-1.4549008,-0.5131674,-0.0690101
seq-01/frame-000006,1,0.02430555,0.616690,1551,430,168,0.86,102.72,32.00,22.06,157.64,0.964615990,-0.201518676,0.130322876,0.109188662,-1.4676379,-0.5244607,-0.0859201
seq-01/frame-000007,1,0.01592024,0.536736,1624,447,172,1.16,109.27,57.57,19.85,187.85,0.964944460,-0.200369350,0.130636230,0.108020775,-1.4709473,-0.5152869,-0.0813145
seq-01/frame-000008,1,0.05002876,1.225668,1593,426,162,1.15,110.61,38.46,11.14,161.36,0.963218328,-0.207147981,0.132067764,0.108895693,-1.4739811,-0.5488016,-0.0872846
seq-01/frame-000009,1,0.07224937,1.783556,1589,424,150,0.86,96.40,44.62,32.27,174.16,0.962104034,-0.212386647,0.130856534,0.110110436,-1.4678559,-0.5717164,-0.0930252
seq-01/frame-000010,1,0.00769473,0.585737,1653,459,172,0.82,103.22,40.20,9.10,153.35,0.965496987,-0.198351834,0.130814408,0.106581938,-1.4646383,-0.4999515,-0.0712286
seq-01/frame-000011,1,0.06803205,1.545898,1584,422,163,0.81,100.41,42.16,17.47,160.85,0.962002918,-0.210793248,0.132609475,0.111943372,-1.4764298,-0.5650248,-0.0985961
seq-01/frame-000012,1,0.06050357,1.534935,1635,413,157,0.82,83.80,41.59,20.40,146.60,0.962556567,-0.211164422,0.128521829,0.111250083,-1.4569762,-0.5596331,-0.0870698
seq-01/frame-000013,1,0.04149670,1.066352,1625,416,156,0.80,87.89,34.30,18.38,141.37,0.963485847,-0.205959247,0.132887220,0.107781251,-1.4739728,-0.5413703,-0.0870544
seq-01/frame-000014,1,0.03992808,1.023196,1648,429,152,0.80,104.33,35.55,24.18,164.87,0.963261260,-0.207221845,0.131737918,0.108774877,-1.4714490,-0.5384050,-0.0879057
seq-01/frame-000015,1,0.01860366,0.503087,1554,432,148,0.81,81.63,39.33,25.52,147.29,0.964044259,-0.203503703,0.130011860,0.110913596,-1.4550908,-0.5156130,-0.0674866
seq-01/frame-000016,1,0.06619800,2.100599,1632,413,150,0.80,95.95,31.41,19.50,147.67,0.963248229,-0.201470558,0.145360828,0.102140559,-1.5242301,-0.5224173,-0.0897593
seq-01/frame-000017,1,0.06344498,1.446562,1653,444,180,0.80,94.13,30.32,16.72,141.97,0.961480576,-0.213121263,0.132599222,0.112035156,-1.4606373,-0.5636638,-0.0928895
seq-01/frame-000018,1,0.05234471,1.326835,1592,410,155,0.83,89.73,33.42,10.63,134.61,0.961297145,-0.210858861,0.137565515,0.111902054,-1.4719641,-0.5517097,-0.0851228
seq-01/frame-000019,1,0.02927171,0.769464,1620,440,161,0.83,89.37,36.77,22.55,149.52,0.962546519,-0.204228269,0.139604913,0.110930071,-1.4823215,-0.5205203,-0.0863302
seq-01/frame-000020,1,0.06602766,1.477522,1629,421,143,0.81,94.45,32.62,23.06,150.95,0.960115893,-0.214257837,0.138292457,0.114657087,-1.4736704,-0.5606058,-0.0980130
seq-01/frame-000021,1,0.02020736,0.430867,1616,415,158,0.81,95.26,35.80,29.06,160.92,0.962048200,-0.205193730,0.136951033,0.116632797,-1.4475080,-0.5150175,-0.0703224
seq-01/frame-000022,1,0.07193684,1.526234,1583,421,157,0.80,80.66,34.18,17.37,133.01,0.959186485,-0.214702268,0.143502971,0.115200351,-1.4765216,-0.5622278,-0.1012387
seq-01/frame-000023,1,0.02266855,0.520219,1464,405,153,1.13,97.59,27.10,10.98,136.80,0.962551079,-0.203601105,0.135919055,0.116481851,-1.4345064,-0.4989431,-0.0722485
seq-01/frame-000024,1,0.05117832,1.157225,1515,426,166,1.03,92.56,36.15,16.64,146.38,0.958996285,-0.213124131,0.146825383,0.115527215,-1.4584863,-0.5476402,-0.0914607
seq-01/frame-000025,1,0.14810052,3.754819,1609,411,155,0.80,100.41,37.88,9.81,148.91,0.953529987,-0.234935530,0.154046417,0.108883254,-1.4823447,-0.6425086,-0.0880716
seq-01/frame-000026,1,0.01844132,0.376766,1497,408,161,0.79,85.95,31.92,24.54,143.20,0.959901359,-0.207525387,0.149396136,0.114905999,-1.4546525,-0.5119493,-0.0837857
seq-01/frame-000027,1,0.07874782,2.021531,1654,431,158,0.82,94.72,32.90,15.30,143.74,0.954961034,-0.221496553,0.158112199,0.118276088,-1.4597369,-0.5748631,-0.0815047
seq-01/frame-000028,1,0.07368981,1.649926,1612,390,156,0.80,87.66,33.26,9.86,131.58,0.955397000,-0.217091643,0.161073135,0.118925340,-1.4691543,-0.5626886,-0.0911196
seq-01/frame-000029,1,0.05422073,1.238796,1580,428,166,0.80,88.68,48.73,15.18,153.39,0.955844024,-0.214101068,0.159166310,0.123243744,-1.4447297,-0.5497257,-0.0881436
seq-01/frame-000030,1,0.04080118,0.955814,1585,434,171,0.81,82.18,31.54,14.53,129.05,0.955988569,-0.209713860,0.164526777,0.122625012,-1.4403135,-0.5352101,-0.0831707
seq-01/frame-000031,1,0.03321644,0.647554,1600,434,163,0.79,79.17,27.07,16.43,123.47,0.955539693,-0.207908106,0.167359244,0.125335542,-1.4324263,-0.5281632,-0.0818692
seq-01/frame-000032,1,0.03000657,0.684933,1554,426,165,0.80,89.05,34.21,16.67,140.74,0.955411210,-0.206425270,0.171349859,0.123358229,-1.4331426,-0.5227062,-0.0834390
seq-01/frame-000033,1,0.04418589,1.167249,1607,466,178,0.99,104.72,40.32,13.06,159.09,0.953342810,-0.211087046,0.175381217,0.125782250,-1.4266122,-0.5406966,-0.0746045
seq-01/frame-000034,1,0.04614274,0.966209,1589,444,166,0.79,91.79,40.19,19.68,152.45,0.951873320,-0.208005050,0.183605806,0.130230528,-1.4265487,-0.5352374,-0.0913933
seq-01/frame-000035,1,0.08356363,2.024867,1665,444,188,0.89,90.07,38.92,7.67,137.56,0.948554282,-0.217233486,0.188640894,0.132170342,-1.4216007,-0.5778998,-0.0844747
seq-01/frame-000036,1,0.03810665,0.994270,1644,431,178,0.80,111.94,65.21,19.54,197.49,0.950326099,-0.206694022,0.191969849,0.131550237,-1.4204314,-0.5332160,-0.0761936
seq-01/frame-000037,1,0.07974324,1.913815,1769,464,179,0.80,102.34,50.03,19.52,172.70,0.948102462,-0.214319184,0.192233950,0.134963391,-1.4042456,-0.5698441,-0.0897644
seq-01/frame-000038,1,0.03944446,0.954430,1899,519,186,0.81,98.26,69.72,21.35,190.14,0.947230783,-0.205427815,0.204508394,0.136856027,-1.4162503,-0.5341033,-0.0759342
seq-01/frame-000039,1,0.02644078,0.674701,1850,502,183,0.82,82.25,49.41,31.63,164.12,0.947103406,-0.201709915,0.207283213,0.139075229,-1.4131584,-0.5202702,-0.0680611
seq-01/frame-000040,1,0.05637240,1.428184,1760,478,171,0.81,94.21,56.87,14.46,166.35,0.945685114,-0.207301793,0.208490318,0.138699027,-1.4014871,-0.5511710,-0.0781419
seq-01/frame-000041,1,0.06907152,1.875082,1775,469,176,0.81,90.73,49.32,11.15,152.01,0.943923467,-0.208468900,0.213918401,0.140670264,-1.4001353,-0.5653626,-0.0643474
seq-01/frame-000042,1,0.04980385,1.348742,1776,501,193,0.88,86.37,42.86,14.60,144.72,0.943701201,-0.199483158,0.222616559,0.141691144,-1.4033582,-0.5476933,-0.0675625
seq-01/frame-000043,1,0.07962426,2.055280,1753,475,170,0.79,84.34,49.03,22.99,157.15,0.942243038,-0.203956948,0.222104719,0.145770762,-1.3759921,-0.5722233,-0.0780864
seq-01/frame-000044,1,0.03904659,0.913472,1897,516,193,0.81,95.88,43.45,13.59,153.72,0.942909455,-0.192265931,0.228733390,0.147093876,-1.3846592,-0.5316555,-0.0745260
seq-01/frame-000045,1,0.07033820,1.760962,1881,498,183,0.82,99.92,40.90,17.37,159.01,0.939815308,-0.199521274,0.234392571,0.148319153,-1.3713045,-0.5633433,-0.0809199
seq-01/frame-000046,1,0.04592374,1.247279,1868,501,186,6.35,92.26,51.40,15.93,165.95,0.939287821,-0.193552848,0.241964869,0.147406536,-1.3794969,-0.5416195,-0.0687272
seq-01/frame-000047,1,0.05978950,1.553067,2241,612,235,0.84,96.65,69.27,12.65,179.41,0.937596536,-0.195821538,0.245591745,0.149168881,-1.3746692,-0.5542978,-0.0733506
seq-01/frame-000048,1,0.01696813,0.448296,2163,657,314,0.98,106.49,49.36,17.20,174.04,0.937833786,-0.186077776,0.251479500,0.150335996,-1.3898014,-0.5104055,-0.0680093
seq-01/frame-000049,1,0.05248118,1.343289,2087,642,293,1.20,110.86,49.37,8.63,170.07,0.934293740,-0.192722276,0.256543183,0.155367072,-1.3664903,-0.5493630,-0.0770886
seq-01/frame-000050,1,0.03228322,0.797530,2225,695,344,0.85,115.46,59.54,8.79,184.64,0.934160107,-0.187746256,0.260379199,0.155881081,-1.3700831,-0.5279350,-0.0782585
seq-01/frame-000051,1,0.02209380,0.469419,2188,698,338,0.84,92.25,49.66,14.53,157.29,0.933358383,-0.184387726,0.264058901,0.158480889,-1.3719706,-0.5134273,-0.0753607
seq-01/frame-000052,1,0.05335191,1.245760,2159,748,356,0.98,110.81,54.75,29.59,196.13,0.930403156,-0.189076250,0.269485646,0.161175760,-1.3536033,-0.5415798,-0.0826753
seq-01/frame-000053,1,0.04917654,1.224932,2207,723,354,0.83,109.64,59.42,21.06,190.95,0.928783155,-0.188594463,0.274698488,0.162279757,-1.3573311,-0.5401633,-0.0764284
seq-01/frame-000054,1,0.05636517,1.390273,2074,674,312,1.03,104.48,51.40,8.77,165.68,0.927477531,-0.188639034,0.277183989,0.165438147,-1.3473923,-0.5428458,-0.0797142
seq-01/frame-000055,1,0.02699221,0.621198,2008,662,318,0.91,101.63,51.72,11.65,165.92,0.925169988,-0.182032904,0.287584856,0.167986504,-1.3487076,-0.5175523,-0.0786556
seq-01/frame-000056,1,0.03214604,0.791602,1902,604,278,0.82,93.62,54.23,24.92,173.60,0.923204173,-0.183646030,0.291754749,0.169845096,-1.3394168,-0.5244779,-0.0779602
seq-01/frame-000057,1,0.03095301,0.709424,2036,661,303,0.84,104.30,60.03,18.63,183.80,0.921356075,-0.181588708,0.298325210,0.170676868,-1.3445165,-0.5216443,-0.0745109
seq-01/frame-000058,1,0.03823979,0.799595,2060,693,332,2.07,97.88,58.50,8.69,167.14,0.919260218,-0.179288181,0.303287293,0.175593899,-1.3268937,-0.5173505,-0.0914423
seq-01/frame-000059,1,0.01909958,0.258239,1990,616,272,0.84,103.16,44.03,9.68,157.72,0.917304059,-0.173991820,0.311599118,0.176595865,-1.3393236,-0.5028401,-0.0788830
seq-01/frame-000060,1,0.03187665,0.599922,2043,621,275,0.89,89.92,48.08,13.32,152.22,0.914357468,-0.175536916,0.317944403,0.179021140,-1.3257490,-0.5067669,-0.0885870
seq-01/frame-000061,1,0.00784878,0.100325,2116,648,288,0.84,106.05,61.84,15.81,184.54,0.910640197,-0.173158524,0.328539295,0.181142180,-1.3286335,-0.4925160,-0.0748871
seq-01/frame-000062,1,0.00969449,0.225248,1988,602,261,0.84,93.38,43.09,10.37,147.68,0.907971944,-0.174874957,0.334702037,0.181604637,-1.3319559,-0.4977456,-0.0657923
seq-01/frame-000063,1,0.03111515,0.805563,2127,650,303,0.84,97.98,57.86,10.75,167.44,0.903898289,-0.179971085,0.340691592,0.185762027,-1.3169029,-0.5239177,-0.0686685
seq-01/frame-000064,1,0.02195748,0.467256,1946,670,309,1.15,94.94,48.04,11.59,155.72,0.901424017,-0.173837579,0.347469235,0.190998347,-1.3157534,-0.5130011,-0.0727532
seq-01/frame-000065,1,0.02233240,0.524583,2080,704,325,0.85,116.89,65.52,15.02,198.28,0.900087104,-0.174420133,0.349951546,0.192236153,-1.3116026,-0.5138739,-0.0738840
seq-01/frame-000066,1,0.04377536,0.958124,1879,638,318,0.82,95.81,52.93,12.00,161.57,0.897147466,-0.175918568,0.354560650,0.196127071,-1.2945479,-0.5321837,-0.0724025
seq-01/frame-000067,1,0.02326329,0.513417,1958,700,323,1.32,85.05,46.82,17.77,150.96,0.896221826,-0.171415147,0.359174990,0.195950537,-1.3006396,-0.5151569,-0.0707057
seq-01/frame-000068,1,0.02327331,0.464162,2157,779,394,0.85,93.94,65.89,11.43,172.11,0.894775857,-0.169618570,0.362297489,0.198358856,-1.2917040,-0.5149250,-0.0751225
seq-01/frame-000069,1,0.02642954,0.540511,2252,769,373,0.98,90.19,65.33,17.68,174.18,0.892698508,-0.169244747,0.366114669,0.201011537,-1.2868427,-0.5192076,-0.0736636
seq-01/frame-000070,1,0.01703597,0.286026,2115,745,367,0.83,81.76,53.57,11.99,148.15,0.892107681,-0.166198257,0.368245324,0.202280513,-1.2832622,-0.5090783,-0.0732757
seq-01/frame-000071,1,0.01789484,0.378851,2212,783,377,0.86,94.70,49.49,16.51,161.56,0.890129580,-0.164664820,0.371943606,0.205457495,-1.2753380,-0.5125640,-0.0726248
seq-01/frame-000072,1,0.03236870,0.762305,2099,794,407,0.83,81.82,49.06,23.22,154.95,0.888059700,-0.166876343,0.374695293,0.207619104,-1.2612472,-0.5250842,-0.0696564
seq-01/frame-000073,1,0.02072547,0.414784,2078,741,364,0.82,94.30,50.43,6.43,151.98,0.887617309,-0.163303929,0.377180622,0.207851190,-1.2666462,-0.5140027,-0.0696227
seq-01/frame-000074,1,0.02594307,0.576150,2054,739,405,0.83,98.22,49.78,19.26,168.09,0.885998447,-0.164544635,0.378331248,0.211653685,-1.2488016,-0.5210059,-0.0708109
seq-01/frame-000075,1,0.03006577,0.619597,2175,769,381,0.84,102.88,63.57,16.08,183.37,0.885448010,-0.164774843,0.378376726,0.213686981,-1.2381320,-0.5242096,-0.0771393
seq-01/frame-000076,1,0.03032925,0.612036,2224,795,401,0.92,117.33,65.93,17.60,201.78,0.884826121,-0.163773481,0.378997595,0.215920832,-1.2287190,-0.5248592,-0.0761074
seq-01/frame-000077,1,0.02760826,0.589980,2123,757,384,0.83,103.28,66.58,17.20,187.90,0.884861397,-0.163930066,0.379746287,0.214336182,-1.2263129,-0.5215865,-0.0747570
seq-01/frame-000078,1,0.03470706,0.784510,2155,809,413,0.83,87.11,65.87,7.96,161.77,0.883612300,-0.163869531,0.382070770,0.215401968,-1.2101324,-0.5259544,-0.0598250
seq-01/frame-000079,1,0.02382081,0.501673,2114,780,412,0.83,96.50,76.62,12.24,186.21,0.884518618,-0.161194823,0.381033790,0.215537222,-1.2073428,-0.5187021,-0.0705980
seq-01/frame-000080,1,0.02913851,0.623068,1820,748,422,0.82,91.44,56.00,11.21,159.48,0.883847614,-0.159160851,0.383012474,0.216293003,-1.1929127,-0.5211563,-0.0627807
seq-01/frame-000081,1,0.01570957,0.394194,2048,791,412,0.83,78.30,57.22,7.07,143.43,0.884583594,-0.156378854,0.384792315,0.212114107,-1.1876179,-0.5126819,-0.0728042
seq-01/frame-000082,1,0.01465955,0.423981,2073,770,428,0.85,85.03,62.25,13.38,161.51,0.884999401,-0.156380577,0.384445027,0.211005203,-1.1821464,-0.5147788,-0.0800389
seq-01/frame-000083,1,0.01697555,0.405380,1769,722,430,0.82,91.27,51.85,13.96,157.89,0.883858051,-0.151123033,0.387165848,0.214614494,-1.1674179,-0.5153435,-0.0720998
seq-01/frame-000084,1,0.01322064,0.402202,1965,791,443,0.83,88.71,55.66,8.55,153.75,0.883034958,-0.148067070,0.388374191,0.217924054,-1.1567699,-0.5142875,-0.0793507
seq-01/frame-000085,1,0.03423527,0.762040,1990,779,422,0.84,99.95,75.84,10.22,186.85,0.881094453,-0.147704023,0.390931692,0.221423800,-1.1403440,-0.5391769,-0.0831111
seq-01/frame-000086,1,0.02134210,0.540172,1709,735,422,0.95,96.68,49.87,11.59,159.08,0.880766387,-0.143208435,0.393994306,0.220250773,-1.1374650,-0.5228160,-0.0781202
seq-01/frame-000087,1,0.01458257,0.326253,2299,923,526,0.85,106.62,68.93,11.20,187.60,0.880936613,-0.137813537,0.394277977,0.222492672,-1.1251746,-0.5213127,-0.0922007
seq-01/frame-000088,1,0.02258628,0.527339,1862,747,409,1.10,95.55,62.45,18.98,178.10,0.880224940,-0.137495359,0.396364277,0.221798200,-1.1080958,-0.5306944,-0.0942658
seq-01/frame-000089,1,0.00514507,0.179787,1781,728,396,0.83,86.81,48.69,9.74,146.08,0.880272270,-0.133372115,0.398145135,0.220936782,-1.1023883,-0.5162993,-0.1022216
seq-01/frame-000090,1,0.01788596,0.333266,2215,882,481,0.86,78.81,71.60,13.39,164.66,0.876837165,-0.130921335,0.403382093,0.226492998,-1.1036529,-0.5293420,-0.1041806
seq-01/frame-000091,1,0.02113358,0.411940,2388,937,490,0.86,89.60,58.85,10.93,160.24,0.876058535,-0.134121866,0.403856450,0.226787868,-1.0837973,-0.5388685,-0.1095048
seq-01/frame-000092,1,0.01431541,0.307492,2286,964,535,0.86,96.36,74.75,9.53,181.50,0.875102931,-0.133490998,0.405679125,0.227594950,-1.0762523,-0.5311563,-0.1083007
seq-01/frame-000093,1,0.01522989,0.282534,2206,878,489,0.84,97.36,61.46,18.57,178.25,0.874337736,-0.130222858,0.407134073,0.229820314,-1.0645145,-0.5319738,-0.1154906
seq-01/frame-000094,1,0.00886276,0.212139,2227,929,533,0.83,93.45,65.80,16.57,176.66,0.872978667,-0.125988949,0.411668540,0.229268502,-1.0574374,-0.5263116,-0.1134429
seq-01/frame-000095,1,0.01286753,0.155789,2555,1043,598,0.88,105.98,69.28,11.56,187.70,0.872434034,-0.121501453,0.414318151,0.228990659,-1.0614379,-0.5222685,-0.1140728
seq-01/frame-000096,1,0.01443410,0.271083,2528,1054,593,0.86,116.28,70.13,7.61,194.89,0.872226364,-0.122737617,0.413412973,0.230751730,-1.0442481,-0.5337387,-0.1155924
seq-01/frame-000097,1,0.01034762,0.135005,2318,1035,608,0.84,101.52,64.08,11.74,178.18,0.872504470,-0.121168662,0.412899824,0.231447273,-1.0477282,-0.5292094,-0.1148057
seq-01/frame-000098,1,0.01423059,0.282729,2429,954,538,0.85,101.69,80.74,20.32,203.60,0.872453417,-0.123888143,0.412321981,0.231230073,-1.0349206,-0.5321694,-0.1105571
seq-01/frame-000099,1,0.01918158,0.356715,2551,1103,642,0.89,119.44,65.67,9.63,195.63,0.870885540,-0.122934896,0.413792429,0.234991944,-1.0294179,-0.5376620,-0.1090374
seq-01/frame-000100,1,0.01256236,0.210664,2476,1012,564,0.85,104.17,66.30,14.40,185.72,0.870207751,-0.123273898,0.415438937,0.234419507,-1.0226435,-0.5255947,-0.1019192
seq-01/frame-000101,1,0.02112820,0.369385,2533,1002,544,0.86,108.34,67.93,11.27,188.41,0.868624297,-0.124040704,0.418190212,0.234995066,-1.0117309,-0.5353183,-0.0997123
seq-01/frame-000102,1,0.01136346,0.104671,2504,1056,590,3.16,96.22,75.91,19.07,194.36,0.868660471,-0.121855059,0.419037953,0.234494188,-1.0116152,-0.5197635,-0.1021508
seq-01/frame-000103,1,0.01403448,0.239397,2488,1098,632,0.86,106.17,81.48,12.27,200.78,0.867012741,-0.127306092,0.420876177,0.234404159,-0.9997134,-0.5235557,-0.0899199
seq-01/frame-000104,1,0.01399750,0.282607,2502,1042,573,0.87,97.87,78.23,16.67,193.64,0.867376938,-0.131505429,0.418531088,0.234936797,-0.9671296,-0.5277718,-0.0818799
seq-01/frame-000105,1,0.01386331,0.198363,2542,1005,602,0.90,99.90,63.84,9.38,174.02,0.868336045,-0.131873818,0.419176978,0.229983633,-0.9624318,-0.5268763,-0.0736930
seq-01/frame-000106,1,0.01375294,0.228723,2616,1102,626,0.88,100.40,67.20,11.16,179.64,0.868389950,-0.133252736,0.418538344,0.230148338,-0.9530436,-0.5297808,-0.0699490
seq-01/frame-000107,1,0.00963584,0.211415,2516,1059,585,0.88,104.58,58.07,16.74,180.27,0.867686450,-0.133956022,0.417967310,0.233408088,-0.9372217,-0.5311582,-0.0572844
seq-01/frame-000108,1,0.01229023,0.283504,2554,1134,649,1.27,102.37,77.33,9.02,189.98,0.868080942,-0.134699909,0.415780119,0.235410930,-0.9208325,-0.5330970,-0.0449015
seq-01/frame-000109,1,0.00914997,0.188732,2545,1123,676,0.87,113.22,65.89,18.00,197.98,0.867588198,-0.136324098,0.415379975,0.236993535,-0.9015139,-0.5387619,-0.0356725
seq-01/frame-000110,1,0.00906986,0.095529,2524,1105,653,0.88,109.72,61.97,21.22,193.79,0.869173421,-0.137022601,0.413083292,0.234786212,-0.8807632,-0.5425291,-0.0311704
seq-01/frame-000111,1,0.00311293,0.114481,2387,1039,602,0.85,101.39,71.05,14.54,187.83,0.869986925,-0.136145083,0.413899647,0.230812365,-0.8644989,-0.5460128,-0.0150353
seq-01/frame-000112,1,0.01182469,0.158452,2474,1018,578,0.86,97.26,62.45,9.85,170.42,0.872661477,-0.135108788,0.408084556,0.231677700,-0.8552883,-0.5475688,-0.0094752
seq-01/frame-000113,1,0.01117577,0.103758,2363,1124,738,0.85,103.48,54.49,7.47,166.29,0.874616450,-0.134970163,0.404721595,0.230281461,-0.8341093,-0.5510770,0.0016919
seq-01/frame-000114,1,0.00802801,0.101457,2572,1149,713,0.88,107.23,54.54,11.25,173.90,0.875175715,-0.135077346,0.404622279,0.228259479,-0.8181559,-0.5571912,0.0126481
seq-01/frame-000115,1,0.00998442,0.075358,2016,934,571,0.84,94.09,53.03,8.92,156.89,0.877080216,-0.136749078,0.398352557,0.230965854,-0.8091630,-0.5666983,0.0184697
seq-01/frame-000116,1,0.01541773,0.326660,1962,841,517,0.84,97.54,44.10,8.64,151.14,0.880043692,-0.140909592,0.389808393,0.231769289,-0.7999667,-0.5680732,0.0338187
seq-01/frame-000117,1,0.00740929,0.189312,2037,917,584,0.88,91.25,34.14,8.92,135.19,0.885467953,-0.143073363,0.374862737,0.234423646,-0.7686532,-0.5734892,0.0341631
seq-01/frame-000118,1,0.00492209,0.065796,2343,1112,733,0.88,104.84,57.96,14.41,178.09,0.887266219,-0.143134314,0.371730760,0.232567124,-0.7615271,-0.5709967,0.0462880
seq-01/frame-000119,1,0.00853462,0.088080,2299,1144,710,0.88,124.07,59.49,7.12,191.56,0.888947164,-0.142396974,0.367257607,0.233704709,-0.7570113,-0.5811441,0.0493710
seq-01/frame-000120,1,0.00635858,0.143643,2229,1116,702,0.87,94.55,51.82,8.90,156.14,0.892217859,-0.141100352,0.360489809,0.232561993,-0.7442935,-0.5825650,0.0561785
seq-01/frame-000121,1,0.00941185,0.180303,2320,1146,732,0.89,97.89,51.46,14.19,164.42,0.895261380,-0.142580798,0.352071186,0.232859736,-0.7392657,-0.5916169,0.0571633
seq-01/frame-000122,1,0.00426012,0.113740,1910,892,580,0.86,115.25,56.51,15.66,188.29,0.898555036,-0.143599628,0.342821482,0.233348293,-0.7164108,-0.5987108,0.0639676
seq-01/frame-000123,1,0.02784668,0.426980,1845,679,363,0.84,111.94,38.45,8.90,160.13,0.899589477,-0.147401344,0.337937233,0.234115450,-0.7413143,-0.6171317,0.0605634
seq-01/frame-000124,1,0.00640964,0.194880,2686,1263,787,0.92,114.84,73.30,15.11,204.17,0.904637179,-0.152451069,0.326125139,0.228106642,-0.7049329,-0.5949522,0.0738575
seq-01/frame-000125,1,0.01330990,0.402221,2143,1017,633,0.94,98.79,63.39,13.91,177.03,0.906302859,-0.158769945,0.318149358,0.228447410,-0.6804139,-0.6131707,0.0736058
seq-01/frame-000126,1,0.01328785,0.326161,2282,1128,725,0.88,104.87,57.18,7.62,170.56,0.910426714,-0.160710442,0.310693308,0.220828034,-0.6661303,-0.6025663,0.0795511
seq-01/frame-000127,1,0.00677005,0.219612,2328,1072,660,0.89,97.87,55.80,7.44,162.00,0.913365551,-0.161135461,0.306297644,0.214430610,-0.6646698,-0.6125006,0.0804598
seq-01/frame-000128,1,0.00992756,0.291872,2104,960,608,0.89,85.73,55.55,12.14,154.31,0.917520677,-0.163247003,0.295186583,0.210644499,-0.6467835,-0.6239372,0.0837953
seq-01/frame-000129,1,0.00944606,0.293764,2488,1136,676,0.91,99.47,53.69,10.48,164.57,0.921239149,-0.165530048,0.284817648,0.206874698,-0.6398720,-0.6268215,0.0811430
seq-01/frame-000130,1,0.02444283,0.757810,2235,1004,593,0.89,104.25,62.69,14.10,181.95,0.924262502,-0.165833126,0.274891867,0.206573628,-0.6126062,-0.6362661,0.0824562
seq-01/frame-000131,1,0.01063906,0.299870,2479,1142,687,0.92,100.82,53.06,16.91,171.71,0.927374416,-0.166701474,0.268349423,0.200439265,-0.6240677,-0.6329038,0.0830341
seq-01/frame-000132,1,0.01531569,0.502545,2458,1121,666,0.92,102.07,57.74,19.91,180.64,0.929778635,-0.167798746,0.259948893,0.199453866,-0.6126191,-0.6395671,0.0787566
seq-01/frame-000133,1,0.01838618,0.468907,2502,1114,663,0.92,130.06,73.47,22.94,227.38,0.931472717,-0.168389612,0.255333452,0.196998337,-0.6079236,-0.6419260,0.0782600
seq-01/frame-000134,1,0.01848566,0.607394,2558,1177,680,0.92,111.05,63.49,11.75,187.21,0.933004039,-0.171127815,0.248773123,0.195782193,-0.5979968,-0.6444373,0.0794760
seq-01/frame-000135,1,0.01890091,0.577908,2441,1064,635,0.92,109.46,66.17,18.18,194.73,0.935437313,-0.172725758,0.238149095,0.195979219,-0.5825157,-0.6463556,0.0754059
seq-01/frame-000136,1,0.01542477,0.426656,2750,1191,668,0.92,100.06,67.85,12.08,180.91,0.938303270,-0.174386407,0.228640340,0.192093594,-0.5595920,-0.6385335,0.0745260
seq-01/frame-000137,1,0.01932591,0.514998,2499,1030,583,0.90,103.06,69.55,16.57,190.09,0.938555315,-0.174243532,0.228522427,0.191129832,-0.5716111,-0.6469471,0.0732092
seq-01/frame-000138,1,0.01559723,0.346432,2714,1098,651,0.90,107.09,61.53,13.48,183.01,0.941201752,-0.177324272,0.218700572,0.186722854,-0.5517498,-0.6447363,0.0740191
seq-01/frame-000139,1,0.01769647,0.479185,2430,1032,590,0.91,90.15,48.52,8.50,148.07,0.943268578,-0.178505693,0.209602069,0.185599244,-0.5361993,-0.6534933,0.0712644
seq-01/frame-000140,1,0.01665373,0.418224,2616,1075,587,0.92,91.61,65.69,9.07,167.30,0.944981939,-0.179059365,0.203686372,0.182917306,-0.5261008,-0.6499380,0.0710926
seq-01/frame-000141,1,0.01583170,0.269992,3027,1273,679,0.96,108.97,58.70,8.28,176.92,0.946999340,-0.180369476,0.198896658,0.176349715,-0.5275427,-0.6526201,0.0683544
seq-01/frame-000142,1,0.01471453,0.396624,2457,1029,550,0.92,97.50,62.03,13.49,173.95,0.947367097,-0.183187063,0.193585758,0.177377104,-0.5135557,-0.6610453,0.0734362
seq-01/frame-000143,1,0.00736610,0.203865,2420,943,497,1.27,107.15,60.48,18.55,187.46,0.949129374,-0.184462076,0.187708504,0.172895033,-0.5112906,-0.6511931,0.0722676
seq-01/frame-000144,1,0.01285052,0.254425,2843,1197,688,0.94,116.61,73.60,14.39,205.55,0.949970398,-0.187820679,0.181470440,0.171312915,-0.5008006,-0.6581338,0.0760949
seq-01/frame-000145,1,0.01659526,0.284339,2780,1167,639,1.29,148.27,69.86,20.30,239.72,0.950206164,-0.189565044,0.180256157,0.169354830,-0.5025561,-0.6610431,0.0771697
seq-01/frame-000146,1,0.01365357,0.187475,2843,1284,673,0.94,117.41,59.17,9.62,187.15,0.952007346,-0.188637071,0.176423368,0.164234176,-0.4949646,-0.6611811,0.0777474
seq-01/frame-000147,1,0.01867173,0.492965,2589,1134,664,0.92,114.58,66.94,21.37,203.81,0.952621530,-0.187992813,0.170438829,0.167694746,-0.4823774,-0.6698134,0.0798728
seq-01/frame-000148,1,0.01756076,0.331984,2514,1065,603,0.92,112.58,68.02,11.75,193.26,0.953472822,-0.189275933,0.167461521,0.164380165,-0.4854659,-0.6696516,0.0825813
seq-01/frame-000149,1,0.00943749,0.130800,2353,916,471,0.90,101.66,62.97,13.45,178.99,0.955541044,-0.188375017,0.163209812,0.157539591,-0.4713485,-0.6596231,0.0904533
seq-01/frame-000150,1,0.01483982,0.132420,2722,1166,643,0.94,97.72,66.34,17.78,182.79,0.955977342,-0.186223663,0.164325778,0.156285340,-0.4837584,-0.6678964,0.0882111
seq-01/frame-000151,1,0.01660886,0.318377,2519,1083,609,0.91,91.16,60.65,12.09,164.81,0.956003958,-0.190822167,0.155977735,0.159104618,-0.4702635,-0.6808053,0.0947158
seq-01/frame-000152,1,0.01371918,0.198620,2683,1154,601,0.92,94.52,71.60,17.53,184.58,0.957206988,-0.186679654,0.154716182,0.158013898,-0.4664287,-0.6702389,0.0966971
seq-01/frame-000153,1,0.01817976,0.565476,2775,1233,658,0.94,115.76,65.56,18.13,200.40,0.958497934,-0.184492561,0.153948582,0.153440674,-0.4641977,-0.6600915,0.1077285
seq-01/frame-000154,1,0.01736156,0.443573,2884,1161,638,0.95,131.08,78.04,22.39,232.46,0.958142231,-0.186335919,0.155748966,0.151606896,-0.4757789,-0.6715985,0.1088132
seq-01/frame-000155,1,0.01000954,0.273467,2814,1101,621,0.93,114.66,71.36,9.77,196.72,0.957992134,-0.187240662,0.156167307,0.151009200,-0.4631474,-0.6827624,0.1199381
seq-01/frame-000156,1,0.00911648,0.325876,2733,1143,625,0.94,106.35,66.00,15.88,189.18,0.958630783,-0.186056877,0.154612254,0.150016373,-0.4587228,-0.6805466,0.1247147
seq-01/frame-000157,1,0.01899434,0.528312,2314,994,549,1.17,115.83,68.02,14.45,199.47,0.959731331,-0.185178265,0.152792513,0.145874022,-0.4465052,-0.6806515,0.1272688
seq-01/frame-000158,1,0.01914218,0.614078,2801,1090,598,0.95,103.44,74.36,18.09,196.85,0.960077674,-0.182379972,0.155321829,0.144442151,-0.4483080,-0.6797942,0.1346585
seq-01/frame-000159,1,0.03063052,0.939808,2673,1130,610,0.92,111.50,66.82,17.41,196.65,0.961315251,-0.179535018,0.154429775,0.140682656,-0.4440747,-0.6747687,0.1405075
seq-01/frame-000160,1,0.02578492,0.793314,2727,1164,620,0.93,108.81,67.10,18.97,195.81,0.961077864,-0.179573762,0.157087763,0.139305555,-0.4462851,-0.6829278,0.1462351
seq-01/frame-000161,1,0.02587961,0.794743,2992,1256,653,0.96,113.24,65.41,22.40,202.00,0.960701207,-0.178158123,0.159146434,0.141369326,-0.4479642,-0.6902561,0.1587706
seq-01/frame-000162,1,0.02405320,0.778973,2989,1260,663,0.96,101.45,94.48,13.33,210.21,0.961247012,-0.178307792,0.156990887,0.139872713,-0.4383525,-0.6901452,0.1634441
seq-01/frame-000163,1,0.01833379,0.623453,3084,1244,644,0.97,113.64,66.91,16.20,197.72,0.961374248,-0.178639192,0.159732768,0.135399544,-0.4382825,-0.6973186,0.1803865
seq-01/frame-000164,1,0.03704956,1.141018,3013,1167,595,0.96,122.60,68.63,13.94,206.14,0.962393529,-0.175854414,0.159834184,0.131631890,-0.4443729,-0.6833091,0.1769467
seq-01/frame-000165,1,0.03841029,1.239000,3096,1283,664,0.97,128.59,74.58,21.12,225.27,0.963232835,-0.172909719,0.159101627,0.130274353,-0.4320581,-0.6830723,0.1912462
seq-01/frame-000166,1,0.03559192,1.145956,2986,1217,631,1.11,128.69,70.09,14.11,214.01,0.963029527,-0.173874572,0.158361522,0.131390228,-0.4220575,-0.6848810,0.1995978
seq-01/frame-000167,1,0.03779064,1.233630,2923,1142,586,0.95,129.45,80.74,26.07,237.21,0.963063032,-0.171711978,0.158649704,0.133622093,-0.4265131,-0.6892205,0.2063159
seq-01/frame-000168,1,0.02531193,0.780541,2896,1176,574,0.95,124.76,78.80,30.62,235.13,0.962199733,-0.178286788,0.157684098,0.132367748,-0.4104527,-0.7017556,0.2186927
seq-01/frame-000169,1,0.04078504,1.330325,3009,1185,602,0.98,118.82,70.92,26.30,217.03,0.963385452,-0.168960708,0.160747811,0.132290932,-0.4220248,-0.6846145,0.2259697
seq-01/frame-000170,1,0.05653352,1.821473,3003,1057,469,0.97,124.35,66.82,19.56,211.71,0.964367194,-0.167230447,0.158171557,0.130428719,-0.4082906,-0.6752843,0.2309886
seq-01/frame-000171,1,0.05174399,1.679248,3175,1145,521,0.98,118.89,66.33,36.65,222.86,0.963229552,-0.167910058,0.162307114,0.132858737,-0.4213580,-0.6884727,0.2356665
seq-01/frame-000172,1,0.02895383,1.012300,3065,1096,468,0.98,103.54,62.05,27.22,193.80,0.961893344,-0.172430983,0.163718528,0.134999976,-0.4129929,-0.7037290,0.2543726
seq-01/frame-000173,1,0.01629505,0.575564,3024,1149,549,0.95,138.41,58.85,22.76,220.98,0.960098352,-0.177778510,0.168401040,0.135081624,-0.4218519,-0.7233714,0.2689613
seq-01/frame-000174,1,0.05107776,1.594443,2929,1145,547,0.95,110.06,66.76,23.65,201.43,0.962128461,-0.172135818,0.162107925,0.135643302,-0.4021536,-0.6907823,0.2595031
seq-01/frame-000175,1,0.03659076,1.172859,2850,1025,510,0.94,115.04,55.54,24.40,195.93,0.961096794,-0.176781963,0.163055829,0.135845082,-0.3961933,-0.7062637,0.2704701
seq-01/frame-000176,1,0.01021525,0.348048,3097,1141,514,0.96,134.03,79.82,34.06,248.87,0.958416293,-0.183916357,0.171303368,0.135159677,-0.4077783,-0.7358751,0.2862813
seq-01/frame-000177,1,0.02382639,0.794440,3141,1140,514,0.97,112.30,75.40,23.60,212.27,0.958971921,-0.182863922,0.170440104,0.133730372,-0.3978594,-0.7252260,0.2888891
seq-01/frame-000178,1,0.02459039,0.814024,3002,1088,486,0.96,116.67,72.16,27.29,217.08,0.958751258,-0.181003808,0.172382940,0.135343148,-0.3886865,-0.7282175,0.2933673
seq-01/frame-000179,1,0.01286075,0.408391,3142,1047,472,1.02,124.36,77.75,33.63,236.77,0.957508816,-0.183476009,0.173408942,0.139437302,-0.3807507,-0.7444847,0.3030690
seq-01/frame-000180,1,0.07325796,2.325723,3295,1115,481,0.97,142.22,70.73,36.57,250.48,0.961740438,-0.165630573,0.171004778,0.135569941,-0.3826056,-0.6857506,0.2881382
seq-01/frame-000181,1,0.02283991,0.725566,3194,1121,509,0.97,111.68,73.31,34.63,220.60,0.958422966,-0.179241794,0.172051436,0.140342796,-0.3764442,-0.7383911,0.3057903
seq-01/frame-000182,1,0.05558220,1.741930,3162,1076,477,0.97,127.53,69.25,42.44,240.20,0.960213784,-0.169589079,0.173271080,0.138586313,-0.3854170,-0.7037515,0.3032910
seq-01/frame-000183,1,0.03518677,1.123159,3099,1085,473,0.94,118.99,75.80,30.50,226.23,0.959389661,-0.176183409,0.172604012,0.136889519,-0.3874313,-0.7255442,0.3080784
seq-01/frame-000184,1,0.01671746,0.489567,3190,1083,469,0.96,108.94,71.13,36.21,217.24,0.958584495,-0.182292072,0.167703911,0.140572984,-0.3641137,-0.7552478,0.3114678
seq-01/frame-000185,1,0.01409618,0.541255,3103,1049,447,0.95,119.12,69.90,26.78,216.77,0.958630791,-0.181945939,0.170227821,0.137641457,-0.3757582,-0.7498862,0.3191573
seq-01/frame-000186,1,0.00752978,0.273412,3169,1032,447,0.94,119.89,83.43,30.16,234.42,0.958315872,-0.180865387,0.169392577,0.142213064,-0.3698063,-0.7540335,0.3236290
seq-01/frame-000187,1,0.03122198,0.914603,2962,1051,428,0.94,121.41,65.30,26.25,213.91,0.959345287,-0.179631655,0.161872270,0.145555682,-0.3380257,-0.7547561,0.3152728
seq-01/frame-000188,1,0.01362017,0.523800,2989,1029,427,0.94,127.51,69.06,26.28,223.79,0.959163490,-0.177465970,0.168197318,0.142200180,-0.3596184,-0.7498915,0.3272157
seq-01/frame-000189,1,0.09910095,3.047731,2938,1005,396,0.92,113.96,68.47,43.29,226.65,0.964337847,-0.155177324,0.165568442,0.136233646,-0.3530532,-0.6694309,0.3145632
seq-01/frame-000190,1,0.03604817,1.056992,2970,1053,460,0.93,111.56,64.17,33.60,210.27,0.960830202,-0.171515311,0.163614415,0.143590196,-0.3337013,-0.7410396,0.3251490
seq-01/frame-000191,1,0.02115318,0.595312,3114,1047,444,0.93,115.31,72.15,38.85,227.25,0.960563045,-0.174991702,0.162107432,0.142890591,-0.3214879,-0.7639560,0.3297096
seq-01/frame-000192,1,0.01829781,0.540807,2991,1043,452,0.92,109.65,76.40,29.83,216.80,0.960958432,-0.173890488,0.161775958,0.141949042,-0.3178759,-0.7645618,0.3324872
seq-01/frame-000193,1,0.00993738,0.218403,3041,999,432,0.94,135.14,63.63,26.41,226.12,0.960422717,-0.173579723,0.163992409,0.143404234,-0.3237281,-0.7704000,0.3377747
seq-01/frame-000194,1,0.03941462,1.113156,2911,974,414,0.92,113.91,64.07,29.72,208.62,0.963534512,-0.167575759,0.152058548,0.142820892,-0.2909082,-0.7568450,0.3289764
seq-01/frame-000195,1,0.03432707,0.992862,3004,1033,427,0.92,111.49,73.61,33.04,219.07,0.964469124,-0.163990592,0.152968511,0.139667568,-0.3007004,-0.7474628,0.3297047
seq-01/frame-000196,1,0.05118100,1.606681,2982,999,393,0.93,102.07,70.28,33.27,206.55,0.966326978,-0.155458433,0.151703708,0.137952283,-0.3065233,-0.7222344,0.3357840
seq-01/frame-000197,1,0.03676188,1.046807,2878,960,389,0.93,126.89,61.12,30.29,219.24,0.966672388,-0.162674838,0.145002563,0.134371305,-0.2845556,-0.7472678,0.3292179
seq-01/frame-000198,1,0.02033045,0.597721,2841,968,392,0.93,116.67,62.27,34.76,214.63,0.965558188,-0.169644133,0.142497029,0.136428921,-0.2749364,-0.7857489,0.3358172
seq-01/frame-000199,1,0.02085637,0.574483,3072,1036,401,0.93,117.20,87.36,23.99,229.49,0.965313296,-0.170407726,0.146584308,0.132832556,-0.2941787,-0.7954777,0.3423143
seq-01/frame-000200,1,0.03163979,0.935436,2660,903,382,0.90,117.66,51.86,28.20,198.64,0.968215579,-0.162066813,0.133622327,0.135786654,-0.2440554,-0.7702247,0.3328071
seq-01/frame-000201,1,0.04041679,1.187606,3003,1011,398,0.94,121.62,69.89,32.11,224.56,0.969700321,-0.154198355,0.135232937,0.132726064,-0.2520403,-0.7475254,0.3291707
seq-01/frame-000202,1,0.01509936,0.436025,2753,967,372,0.91,110.58,62.59,36.98,211.08,0.968548290,-0.166059893,0.133878951,0.128120057,-0.2432499,-0.7826686,0.3432854
seq-01/frame-000203,1,0.01380524,0.249158,2875,963,409,0.93,123.82,66.14,25.83,216.72,0.969071903,-0.162191619,0.135341698,0.127578015,-0.2496007,-0.7789877,0.3374742
seq-01/frame-000204,1,0.01903042,0.488300,2939,1034,448,0.95,105.92,83.95,32.01,222.84,0.969442301,-0.162209115,0.132196852,0.128038352,-0.2399762,-0.7840952,0.3340385
seq-01/frame-000205,1,0.02687981,0.803565,2937,1036,415,0.94,119.45,85.32,30.57,236.29,0.970334549,-0.163182077,0.124729115,0.127534784,-0.2186419,-0.7866743,0.3372512
seq-01/frame-000206,1,0.02604545,0.820863,2626,999,447,0.90,105.39,55.30,21.73,183.33,0.970536159,-0.162331928,0.123177690,0.128589140,-0.2100745,-0.7918745,0.3391741
seq-01/frame-000207,1,0.03268363,1.032344,2947,1058,459,1.01,131.45,78.75,26.02,237.24,0.971960470,-0.159666565,0.118600527,0.125432641,-0.1977513,-0.7905640,0.3366856
seq-01/frame-000208,1,0.01746350,0.523537,2979,1072,481,1.00,110.49,70.09,27.29,208.88,0.971963950,-0.158481213,0.122465723,0.123174397,-0.2142223,-0.7943503,0.3390027
seq-01/frame-000209,1,0.02122225,0.545778,2837,925,325,0.92,105.76,83.34,22.29,212.31,0.972652684,-0.156261886,0.118520022,0.124426621,-0.2072341,-0.7928280,0.3360632
seq-01/frame-000210,1,0.02297371,0.671358,2907,1004,419,0.93,114.25,69.54,26.19,210.91,0.972823882,-0.158741103,0.115013160,0.123235267,-0.1991019,-0.8033786,0.3403667
seq-01/frame-000211,1,0.03283787,0.987959,2745,1079,496,1.20,127.07,77.52,32.20,237.99,0.974398988,-0.155373157,0.109576008,0.119995386,-0.1752845,-0.8005143,0.3432872
seq-01/frame-000212,1,0.04474293,1.127454,2831,853,322,0.92,102.20,62.18,24.61,189.91,0.975831752,-0.142414804,0.117768339,0.116623466,-0.2236009,-0.7638378,0.3266098
seq-01/frame-000213,1,0.02958984,0.843218,2939,919,326,0.94,112.64,71.84,30.96,216.38,0.975193924,-0.152230518,0.107760759,0.119206959,-0.1827864,-0.7957936,0.3345830
seq-01/frame-000214,1,0.02459102,0.747615,3133,1008,340,0.95,114.92,72.02,29.02,216.91,0.974182606,-0.155899262,0.109927367,0.120746196,-0.1840415,-0.8146663,0.3425959
seq-01/frame-000215,1,0.02412747,0.663086,3025,952,332,0.94,131.24,61.93,18.81,212.93,0.974631930,-0.153769216,0.108628686,0.121026601,-0.1838949,-0.8063018,0.3367263
seq-01/frame-000216,1,0.02346750,0.767750,2774,985,410,0.94,100.55,58.66,18.37,178.52,0.973932394,-0.157707419,0.108745252,0.121484695,-0.1748856,-0.8187770,0.3485320
seq-01/frame-000217,1,0.03447640,1.169272,2861,979,369,0.94,111.01,86.38,20.55,218.87,0.973864264,-0.160045368,0.106144646,0.121273199,-0.1566274,-0.8265863,0.3528163
seq-01/frame-000218,1,0.03095168,0.943265,2970,950,364,0.95,123.62,84.53,25.75,234.85,0.974267806,-0.157690976,0.107919328,0.119537510,-0.1611437,-0.8317097,0.3503947
seq-01/frame-000219,1,0.04049463,1.350374,2907,919,331,0.93,121.71,82.02,35.03,239.69,0.973441697,-0.161569311,0.108674709,0.120401109,-0.1583037,-0.8467346,0.3594408
seq-01/frame-000220,1,0.02592746,0.866561,2920,980,385,1.24,121.57,69.82,28.28,220.91,0.974674305,-0.154523337,0.108019734,0.120267510,-0.1633902,-0.8354096,0.3507336
seq-01/frame-000221,1,0.03869340,1.297881,2772,971,384,0.93,101.13,63.92,25.45,191.43,0.974722332,-0.156152945,0.103460926,0.121772209,-0.1448976,-0.8432358,0.3548107
seq-01/frame-000222,1,0.02461356,0.776667,2916,980,368,0.95,109.39,79.41,19.51,209.26,0.976946332,-0.146159262,0.103709347,0.116007353,-0.1491306,-0.8212011,0.3488722
seq-01/frame-000223,1,0.02669796,0.909221,2807,935,389,1.28,104.68,66.54,17.03,189.54,0.976614481,-0.149058364,0.103009158,0.115736223,-0.1507974,-0.8364203,0.3532451
seq-01/frame-000224,1,0.03064747,1.069075,2920,968,373,0.94,110.86,58.03,18.90,188.73,0.976015632,-0.151710479,0.104852567,0.115686455,-0.1556338,-0.8526247,0.3641302
seq-01/frame-000225,1,0.01871838,0.619672,2959,1009,399,0.96,111.13,63.27,30.60,205.96,0.976696292,-0.147110680,0.106365937,0.114494931,-0.1656627,-0.8438026,0.3559394
seq-01/frame-000226,1,0.02270741,0.755299,2858,928,382,0.94,118.29,68.79,23.24,211.26,0.977313508,-0.146350226,0.099283937,0.116544491,-0.1464083,-0.8415702,0.3593685
seq-01/frame-000227,1,0.01612186,0.556361,3017,1034,424,1.03,117.34,72.92,31.58,222.87,0.976989634,-0.145856402,0.104025642,0.115740356,-0.1631581,-0.8473872,0.3653182
seq-01/frame-000228,1,0.02691416,0.877870,2790,935,394,0.92,102.15,60.79,28.29,192.15,0.976592066,-0.148290563,0.101069985,0.118586271,-0.1529287,-0.8624250,0.3681118
seq-01/frame-000229,1,0.02008009,0.491363,2938,989,403,0.95,128.55,58.01,21.76,209.27,0.978769768,-0.136409558,0.100735069,0.115128708,-0.1586046,-0.8262887,0.3568646
seq-01/frame-000230,1,0.02469123,0.846273,2473,881,362,0.90,105.01,58.99,20.26,185.16,0.977124216,-0.145429010,0.099887504,0.118748290,-0.1435737,-0.8623802,0.3744070
seq-01/frame-000231,1,0.01897209,0.663124,2825,1000,426,0.93,116.75,59.56,23.27,200.52,0.977803695,-0.140362114,0.100604691,0.118646989,-0.1479904,-0.8582547,0.3718093
seq-01/frame-000232,1,0.01779589,0.546699,2929,1038,464,0.96,110.72,65.09,17.49,194.26,0.977709243,-0.139915765,0.104596703,0.116480664,-0.1592028,-0.8646390,0.3782340
seq-01/frame-000233,1,0.01278773,0.403866,2673,936,412,0.92,119.15,61.86,13.31,195.24,0.978383217,-0.136013052,0.102029761,0.117714309,-0.1474508,-0.8589847,0.3791017
seq-01/frame-000234,1,0.01210362,0.448875,2947,1009,420,0.96,112.07,67.18,20.96,201.17,0.978338280,-0.134101312,0.105307582,0.117394043,-0.1559803,-0.8649150,0.3859220
seq-01/frame-000235,1,0.01081225,0.391503,2832,979,417,0.94,114.93,54.98,14.72,185.57,0.978754760,-0.132502302,0.103703068,0.117166266,-0.1498888,-0.8654142,0.3867809
seq-01/frame-000236,1,0.01757194,0.594175,2914,983,413,0.96,125.70,66.00,20.51,213.17,0.979440186,-0.130936170,0.103064047,0.113712108,-0.1421746,-0.8694445,0.3907266
seq-01/frame-000237,1,0.01097800,0.358564,2959,979,407,0.95,133.77,63.60,21.09,219.42,0.979841496,-0.127998889,0.103804942,0.112922372,-0.1445155,-0.8650832,0.3913481
seq-01/frame-000238,1,0.01315316,0.441837,3012,1033,439,0.97,117.71,67.09,19.07,204.84,0.979858591,-0.128837081,0.105560558,0.110159509,-0.1529499,-0.8769972,0.4002547
seq-01/frame-000239,1,0.01136601,0.367870,2764,1008,435,0.93,128.73,56.54,16.78,202.98,0.979852140,-0.127431641,0.106501385,0.110943303,-0.1520201,-0.8782857,0.4066800
seq-01/frame-000240,1,0.01486839,0.558607,2982,1055,437,0.96,103.02,58.57,15.26,177.81,0.979729736,-0.127482335,0.104223098,0.114085249,-0.1417604,-0.8857737,0.4146415
seq-01/frame-000241,1,0.00877820,0.321496,2781,956,416,0.94,122.17,56.59,11.93,191.64,0.979942414,-0.125892301,0.106758222,0.111654270,-0.1502464,-0.8852497,0.4260520
seq-01/frame-000242,1,0.01011994,0.317336,2590,866,389,0.91,105.25,60.82,14.38,181.36,0.980415470,-0.122462767,0.105798847,0.112227364,-0.1365194,-0.8827935,0.4263337
seq-01/frame-000243,1,0.00826574,0.329995,3094,1056,453,0.97,116.77,77.62,13.37,208.73,0.980015891,-0.123010501,0.110582659,0.110493190,-0.1462658,-0.8950308,0.4362958
seq-01/frame-000244,1,0.01718826,0.696966,2534,943,435,0.92,109.35,55.65,13.79,179.72,0.979663047,-0.123932267,0.110150134,0.112995818,-0.1319306,-0.9043903,0.4449806
seq-01/frame-000245,1,0.01011061,0.185270,3073,1007,407,0.97,124.86,59.80,20.95,206.59,0.979970428,-0.118779704,0.115880504,0.110095645,-0.1563578,-0.9052300,0.4437421
seq-01/frame-000246,1,0.00868172,0.333358,2891,1023,435,0.95,118.07,60.14,14.03,193.19,0.979864896,-0.119822278,0.114665801,0.111171768,-0.1469859,-0.9096604,0.4553237
seq-01/frame-000247,1,0.00795107,0.311828,2955,1015,421,0.97,122.21,68.38,27.97,219.54,0.980121715,-0.118002543,0.115338411,0.110153865,-0.1479173,-0.9178749,0.4621249
seq-01/frame-000248,1,0.01128721,0.438773,3081,1095,454,0.97,133.60,69.26,24.62,228.45,0.980109641,-0.119093300,0.114861924,0.109583833,-0.1489726,-0.9211641,0.4654859
seq-01/frame-000249,1,0.00864480,0.405849,3062,1058,430,0.96,129.19,77.41,15.19,222.75,0.980014448,-0.119483408,0.115495142,0.109344729,-0.1512253,-0.9260681,0.4771988
seq-01/frame-000250,1,0.00457554,0.215753,2937,1022,409,0.96,124.91,66.82,13.69,206.39,0.980339116,-0.119653770,0.116028241,0.105620263,-0.1538107,-0.9208062,0.4841974
seq-01/frame-000251,1,0.00492410,0.281210,3107,1101,472,0.98,128.77,81.50,18.54,229.79,0.980431513,-0.119378407,0.119240683,0.101412547,-0.1540165,-0.9270294,0.4925446
seq-01/frame-000252,1,0.01239695,0.539703,3060,1092,427,0.97,116.15,89.33,23.51,229.97,0.979815495,-0.123151480,0.119259152,0.102822973,-0.1485192,-0.9402378,0.5009879
seq-01/frame-000253,1,0.01575126,0.632416,2926,1008,413,0.97,108.89,74.92,22.41,207.20,0.980154596,-0.121964757,0.121278887,0.098554545,-0.1486778,-0.9450955,0.5090563
seq-01/frame-000254,1,0.02071787,0.783003,2848,1009,400,0.96,103.77,71.25,26.95,202.94,0.979374887,-0.126374204,0.124280013,0.096999333,-0.1478312,-0.9562168,0.5214780
seq-01/frame-000255,1,0.00958421,0.311345,3140,1062,441,0.99,110.99,71.17,18.71,201.86,0.979613139,-0.121528326,0.130038210,0.093161302,-0.1640010,-0.9530197,0.5314515
seq-01/frame-000256,1,0.01489840,0.536525,3019,1077,444,0.98,107.20,63.71,17.94,189.84,0.979489404,-0.124293969,0.127410653,0.094435389,-0.1539358,-0.9620104,0.5343223
seq-01/frame-000257,1,0.00964046,0.371612,3021,1061,428,0.98,112.40,60.40,32.71,206.50,0.979381525,-0.120410639,0.130467830,0.096391137,-0.1559449,-0.9653585,0.5470821
seq-01/frame-000258,1,0.01453398,0.628054,3023,1053,417,0.99,118.91,70.49,21.78,212.17,0.979187673,-0.121971098,0.128687696,0.098762486,-0.1513920,-0.9723735,0.5521380
seq-01/frame-000259,1,0.01217085,0.489647,2913,1040,431,0.97,117.17,54.69,16.06,188.89,0.979004037,-0.124522836,0.129640599,0.096116981,-0.1580840,-0.9736999,0.5659173
seq-01/frame-000260,1,0.01706547,0.617612,2813,1031,419,0.95,127.59,58.42,36.12,223.09,0.979065888,-0.126463299,0.127933539,0.095236703,-0.1462665,-0.9826749,0.5774902
seq-01/frame-000261,1,0.01449036,0.481212,3066,1079,461,0.98,118.44,63.04,12.97,195.43,0.979068656,-0.125398471,0.130584887,0.092991281,-0.1620718,-0.9820300,0.5752360
seq-01/frame-000262,1,0.01542997,0.636391,3049,1068,432,0.99,129.77,63.39,37.26,231.42,0.978963099,-0.126692991,0.128397256,0.095363939,-0.1496732,-0.9880091,0.5873069
seq-01/frame-000263,1,0.01999248,0.760218,2855,993,409,0.97,122.18,79.91,21.24,224.30,0.978356565,-0.130093886,0.128574763,0.096760235,-0.1527103,-0.9977325,0.5969868
seq-01/frame-000264,1,0.01273460,0.479337,3084,1050,409,0.98,112.53,71.21,21.21,205.94,0.978793620,-0.127016347,0.127617243,0.097692050,-0.1543599,-0.9940969,0.6064214
seq-01/frame-000265,1,0.00892572,0.252338,3143,1125,425,1.35,120.17,75.65,17.25,214.43,0.979038636,-0.126492621,0.128623021,0.094546730,-0.1585727,-0.9889269,0.6108291
seq-01/frame-000266,1,0.00924223,0.149342,2985,1042,413,0.98,120.20,67.87,22.30,211.36,0.979195212,-0.125079209,0.129483459,0.093626713,-0.1589234,-0.9918771,0.6231467
seq-01/frame-000267,1,0.01665667,0.674505,2771,982,403,0.96,98.82,72.04,25.41,197.22,0.979105155,-0.126016959,0.126156357,0.097761933,-0.1399258,-1.0046536,0.6332440
seq-01/frame-000268,1,0.00829951,0.303392,2990,1067,445,0.99,129.25,66.68,18.48,215.41,0.979723629,-0.122724767,0.128094248,0.093124143,-0.1502181,-0.9972181,0.6319969
seq-01/frame-000269,1,0.01801544,0.707588,2556,939,381,0.93,116.59,61.38,35.55,214.46,0.979241662,-0.123524974,0.129809773,0.094745821,-0.1450136,-1.0161221,0.6488272
seq-01/frame-000270,1,0.00909477,0.335265,3080,1096,430,0.98,118.66,64.54,29.89,214.07,0.979747262,-0.119169141,0.132331689,0.091555130,-0.1573109,-1.0103078,0.6486205
seq-01/frame-000271,1,0.01075289,0.362072,2933,1056,437,0.97,116.09,71.93,18.16,207.16,0.979690409,-0.118235222,0.132584885,0.092996686,-0.1576577,-1.0141683,0.6595553
seq-01/frame-000272,1,0.00768919,0.168882,3090,1102,432,1.00,113.29,91.23,23.45,228.97,0.979882460,-0.115761599,0.134921835,0.090695726,-0.1631952,-1.0097372,0.6572940
seq-01/frame-000273,1,0.01751832,0.611362,2756,1018,426,0.96,108.20,66.05,23.56,198.77,0.978856529,-0.118681057,0.136389669,0.095669016,-0.1508349,-1.0303939,0.6723715
seq-01/frame-000274,1,0.00809773,0.185242,3035,1075,431,1.34,122.52,63.73,17.70,205.30,0.979084309,-0.113920492,0.140212308,0.093576414,-0.1708161,-1.0175583,0.6714899
seq-01/frame-000275,1,0.01442186,0.463103,3028,1072,448,1.00,126.50,57.35,18.29,203.14,0.978254757,-0.117832303,0.140069651,0.097538056,-0.1602475,-1.0289714,0.6826145
seq-01/frame-000276,1,0.00730315,0.227201,2992,1066,415,0.98,109.36,62.49,28.43,201.26,0.978185881,-0.116036353,0.141693172,0.098035669,-0.1649340,-1.0227275,0.6828121
seq-01/frame-000277,1,0.00426627,0.181651,2953,1037,418,1.17,123.05,71.54,18.66,214.43,0.978431401,-0.118528315,0.139670374,0.095473652,-0.1591179,-1.0187971,0.6859367
seq-01/frame-000278,1,0.00951899,0.424541,3130,1069,440,1.01,118.12,66.74,16.24,202.11,0.977630052,-0.123612857,0.139656530,0.097238862,-0.1487569,-1.0286083,0.6982299
seq-01/frame-000279,1,0.00814255,0.262351,3074,1072,448,1.01,126.17,65.67,15.26,208.11,0.977294316,-0.123043672,0.142942197,0.096558805,-0.1589197,-1.0258936,0.7064966
seq-01/frame-000280,1,0.00246136,0.133127,2957,1048,424,0.98,116.05,71.66,25.11,213.81,0.977205834,-0.123031116,0.143345114,0.096872499,-0.1530745,-1.0225852,0.7105231
seq-01/frame-000281,1,0.01454917,0.621749,3000,1019,409,1.00,128.35,77.53,22.15,229.03,0.976828929,-0.126234241,0.140286299,0.100945106,-0.1339616,-1.0337093,0.7147159
seq-01/frame-000282,1,0.00331086,0.146919,3005,1016,418,1.00,104.19,81.53,14.67,201.39,0.977145998,-0.123771224,0.142593439,0.097639614,-0.1407911,-1.0274339,0.7232280
seq-01/frame-000283,1,0.00570778,0.206647,2787,1030,443,0.96,116.71,72.35,23.04,213.06,0.977131106,-0.122493348,0.142056982,0.100149866,-0.1279206,-1.0262751,0.7323015
seq-01/frame-000284,1,0.00064303,0.137934,3021,1083,436,0.99,114.89,76.55,15.80,208.23,0.977417230,-0.120546329,0.142405965,0.099220369,-0.1307476,-1.0301322,0.7328621
seq-01/frame-000285,1,0.00573444,0.149102,2845,1013,437,0.97,108.04,69.00,13.38,191.39,0.977544577,-0.120669710,0.142438326,0.097758603,-0.1286007,-1.0299791,0.7395636
seq-01/frame-000286,1,0.00407551,0.087858,2926,1040,441,1.00,103.21,60.13,17.64,181.98,0.977959108,-0.118299654,0.140313937,0.099564928,-0.1241505,-1.0368877,0.7413020
seq-01/frame-000287,1,0.00601620,0.282667,2805,1001,420,0.98,100.75,74.27,10.90,186.91,0.978289112,-0.120088714,0.138116553,0.097226193,-0.1128428,-1.0424962,0.7485667
seq-01/frame-000288,1,0.00323211,0.039393,3049,1083,429,1.01,124.38,67.27,16.03,208.69,0.978981509,-0.116994646,0.138061350,0.094055946,-0.1122687,-1.0396250,0.7517015
seq-01/frame-000289,1,0.00776368,0.262233,2995,1016,430,0.99,116.36,76.67,10.06,204.08,0.978512904,-0.118886462,0.139793790,0.094001078,-0.1178351,-1.0441392,0.7573413
seq-01/frame-000290,1,0.00707339,0.160024,2718,984,441,0.97,109.99,60.67,8.68,180.31,0.979611293,-0.114874341,0.136273882,0.092709383,-0.0936829,-1.0405732,0.7653314
seq-01/frame-000291,1,0.01012451,0.294342,3041,1038,431,1.00,115.89,85.13,16.53,218.55,0.979187944,-0.115314349,0.140017994,0.091041381,-0.1058145,-1.0476664,0.7692913
seq-01/frame-000292,1,0.00906136,0.230706,2811,990,424,0.99,121.31,86.10,14.02,222.42,0.979637506,-0.115148964,0.137300793,0.090551453,-0.0977597,-1.0462176,0.7717642
seq-01/frame-000293,1,0.00519788,0.082161,2873,1058,436,1.12,104.23,73.16,9.17,187.67,0.980200059,-0.113416061,0.135008474,0.090096351,-0.0820740,-1.0545409,0.7782785
seq-01/frame-000294,1,0.00368367,0.147876,2938,1005,427,1.00,109.72,66.64,14.01,191.38,0.980179175,-0.114616830,0.134589008,0.089429110,-0.0795156,-1.0610195,0.7824372
seq-01/frame-000295,1,0.00932059,0.249858,2798,982,409,0.97,118.45,72.05,12.83,204.31,0.981053233,-0.112095244,0.132876509,0.085516339,-0.0763973,-1.0601470,0.7928325
seq-01/frame-000296,1,0.00783868,0.182787,2914,1020,434,0.98,109.47,89.83,15.83,216.10,0.981708192,-0.110944041,0.129541005,0.084614260,-0.0685589,-1.0573131,0.7939034
seq-01/frame-000297,1,0.00339627,0.070929,2592,923,400,0.96,92.30,57.35,11.32,161.94,0.982364028,-0.111210021,0.123766029,0.085294890,-0.0582237,-1.0672981,0.8024441
seq-01/frame-000298,1,0.00416560,0.066248,2685,978,410,0.95,99.55,71.29,13.19,184.99,0.982897242,-0.110716924,0.121826518,0.082541343,-0.0558610,-1.0698132,0.8068900
seq-01/frame-000299,1,0.00395257,0.099615,2722,968,404,1.59,110.80,62.42,8.15,182.97,0.983346274,-0.110208643,0.119565363,0.081168253,-0.0546137,-1.0724297,0.8084981
seq-01/frame-000300,1,0.01384133,0.416936,2475,862,398,0.94,110.47,56.81,13.19,181.41,0.984730433,-0.104665029,0.114502907,0.078995511,-0.0470221,-1.0687589,0.8177568
seq-01/frame-000301,1,0.01416657,0.418632,2846,1016,418,0.98,122.49,69.62,17.12,210.21,0.985309222,-0.103743472,0.111702340,0.076978023,-0.0456936,-1.0700643,0.8155703
seq-01/frame-000302,1,0.00760256,0.223850,2453,902,393,0.92,94.90,61.55,11.08,168.45,0.985589187,-0.104893470,0.108156731,0.076898870,-0.0374755,-1.0798604,0.8219348
seq-01/frame-000303,1,0.00514017,0.166645,2838,1024,457,0.97,109.37,69.13,13.09,192.56,0.986174198,-0.102751487,0.104669143,0.077116496,-0.0385608,-1.0863229,0.8234149
seq-01/frame-000304,1,0.00674545,0.168711,2436,863,396,0.93,102.88,59.92,8.92,172.65,0.986525553,-0.102635259,0.101798919,0.076617999,-0.0307412,-1.0874407,0.8326888
seq-01/frame-000305,1,0.00862186,0.227803,2515,919,436,0.92,103.96,59.72,9.83,174.47,0.987593462,-0.096865186,0.097251359,0.076278845,-0.0406625,-1.0891471,0.8275715
seq-01/frame-000306,1,0.00434093,0.169619,2762,1029,464,0.95,106.80,64.11,8.74,180.60,0.987553401,-0.100779444,0.094029776,0.075764010,-0.0259393,-1.0946123,0.8410895
seq-01/frame-000307,1,0.00791858,0.235154,2804,1030,444,0.95,113.03,69.99,8.07,192.04,0.987853421,-0.097884645,0.096673237,0.072239181,-0.0319145,-1.0909906,0.8414803
seq-01/frame-000308,1,0.01327965,0.334235,2427,910,419,0.93,95.62,59.27,15.70,171.53,0.987880211,-0.098908619,0.096309745,0.070952139,-0.0338702,-1.0862982,0.8510622
seq-01/frame-000309,1,0.00678222,0.086101,2546,963,426,0.94,112.19,49.98,9.01,172.13,0.987471501,-0.102169494,0.094602784,0.074241103,-0.0359588,-1.0995867,0.8557083
seq-01/frame-000310,1,0.00992102,0.263135,2577,974,460,0.95,104.52,55.13,9.89,170.48,0.987670837,-0.102680049,0.091236993,0.075092850,-0.0288181,-1.0935560,0.8687085
seq-01/frame-000311,1,0.00620783,0.139383,2490,971,453,0.94,113.09,70.56,8.59,193.19,0.987880957,-0.103076771,0.088946653,0.074531117,-0.0242014,-1.0974152,0.8780011
seq-01/frame-000312,1,0.00927742,0.236071,2636,1005,466,0.95,103.09,57.07,9.41,170.51,0.988078857,-0.103727641,0.089369378,0.070383687,-0.0323548,-1.0995196,0.8906091
seq-01/frame-000313,1,0.00939080,0.223729,2823,993,452,0.97,112.74,86.08,14.05,213.84,0.988058278,-0.102526408,0.090150314,0.071428953,-0.0363829,-1.1004329,0.8947154
seq-01/frame-000314,1,0.01092181,0.302284,2678,1031,454,0.94,107.58,68.29,13.65,190.47,0.988082624,-0.100704766,0.089841933,0.074025038,-0.0321766,-1.0984904,0.9041268
seq-01/frame-000315,1,0.00461724,0.167940,2890,1090,470,0.97,117.41,64.98,17.59,200.95,0.987769682,-0.100595369,0.092846714,0.074639899,-0.0382381,-1.1094158,0.9125801
seq-01/frame-000316,1,0.00524029,0.066962,2591,1014,457,0.92,109.70,58.43,13.94,182.99,0.987583093,-0.099692195,0.094732109,0.075940290,-0.0381169,-1.1113274,0.9230121
seq-01/frame-000317,1,0.00224959,0.040503,2598,953,433,0.95,99.39,55.81,16.35,172.51,0.987708136,-0.095087693,0.100412609,0.072857921,-0.0420589,-1.1138237,0.9381391
seq-01/frame-000318,1,0.00884373,0.248697,2545,929,412,0.93,101.63,60.66,13.92,177.15,0.987833382,-0.091547847,0.102824273,0.072328213,-0.0448419,-1.1100994,0.9435747
seq-01/frame-000319,1,0.01016508,0.245816,2481,945,440,0.92,88.96,50.11,9.62,149.61,0.987672610,-0.089280895,0.105893120,0.072927254,-0.0572611,-1.1144940,0.9489144
seq-01/frame-000320,1,0.00494238,0.207465,2602,954,410,0.94,108.79,53.85,16.75,180.34,0.986936108,-0.090705409,0.109806593,0.075313737,-0.0623779,-1.1204001,0.9650269
seq-01/frame-000321,1,0.00780668,0.233503,2047,746,349,0.88,91.68,47.17,12.79,152.53,0.986883913,-0.086016396,0.110427234,0.080418584,-0.0541772,-1.1236836,0.9761778
seq-01/frame-000322,1,0.00744841,0.151004,2228,859,365,0.92,103.48,41.10,19.96,165.47,0.986756966,-0.083741654,0.113199215,0.080523066,-0.0852457,-1.1203108,0.9783664
seq-01/frame-000323,1,0.01141617,0.512581,2752,970,439,0.94,108.90,69.08,11.86,190.79,0.985960222,-0.089714004,0.112368499,0.084894983,-0.0765283,-1.1413792,0.9928269
seq-01/frame-000324,1,0.00743301,0.316376,2672,986,420,0.93,138.04,60.96,16.99,216.92,0.986477627,-0.083188469,0.111535456,0.086610698,-0.0705526,-1.1314639,0.9926791
seq-01/frame-000325,1,0.00347494,0.133117,2688,961,406,0.94,120.33,66.73,18.48,206.48,0.986133383,-0.080725032,0.115536562,0.087611199,-0.0862387,-1.1353996,1.0031702
seq-01/frame-000326,1,0.00616928,0.252412,2845,982,414,0.98,133.92,82.42,12.44,229.76,0.985968855,-0.078905580,0.115703415,0.090840776,-0.0901124,-1.1352814,1.0044681
seq-01/frame-000327,1,0.02978925,1.214517,2604,940,395,0.95,110.32,57.19,22.70,191.16,0.984931435,-0.087893796,0.115950218,0.093489550,-0.0810375,-1.1603161,1.0125952
seq-01/frame-000328,1,0.00940315,0.437294,2278,817,354,0.92,90.59,52.67,28.81,172.99,0.985363032,-0.081661074,0.122043455,0.086582669,-0.0885058,-1.1409793,1.0192643
seq-01/frame-000329,1,0.01138625,0.221408,2944,996,403,0.99,109.53,76.36,25.20,212.08,0.984632725,-0.080667659,0.130805981,0.082951315,-0.0953526,-1.1330880,1.0313647
seq-01/frame-000330,1,0.00218648,0.111054,2959,1012,406,0.99,113.63,71.15,37.23,223.00,0.984195460,-0.082130895,0.133142135,0.082987860,-0.1030182,-1.1393153,1.0349253
seq-01/frame-000331,1,0.00798026,0.180377,2947,980,411,0.99,127.97,82.69,23.53,235.18,0.983453224,-0.084321954,0.137096714,0.083150800,-0.0991554,-1.1377640,1.0481442
seq-01/frame-000332,1,0.01023906,0.245866,2780,975,397,0.97,92.40,66.37,29.62,189.36,0.982921880,-0.083573161,0.140398721,0.084665837,-0.1105939,-1.1371731,1.0545641
seq-01/frame-000333,1,0.00321775,0.148964,2593,918,401,0.95,102.38,67.15,24.23,194.70,0.982758614,-0.088604022,0.138216763,0.085035049,-0.0982221,-1.1495806,1.0712994
seq-01/frame-000334,1,0.01479070,0.162308,2352,849,355,0.93,101.91,53.18,40.21,196.23,0.982812526,-0.084276461,0.138840329,0.087751803,-0.0948817,-1.1490537,1.0846122
seq-01/frame-000335,1,0.00970542,0.315391,1984,753,345,0.91,82.69,54.41,27.06,165.08,0.983005081,-0.086106370,0.136337067,0.087743423,-0.1032166,-1.1542494,1.0798624
seq-01/frame-000336,1,0.01450837,0.437447,2407,880,385,0.94,99.84,52.22,29.40,182.41,0.984892501,-0.081054267,0.129940962,0.080822725,-0.0984444,-1.1409282,1.0909522
seq-01/frame-000337,1,0.04544287,0.775761,2581,898,333,0.96,104.65,62.15,35.85,203.61,0.985958141,-0.080040759,0.125210661,0.076172901,-0.0745504,-1.1295110,1.1180440
seq-01/frame-000338,1,0.00745906,0.227860,2274,858,353,0.95,93.94,49.58,21.85,166.32,0.986103283,-0.081725910,0.123576442,0.075166844,-0.0970060,-1.1496646,1.1029572
seq-01/frame-000339,1,0.01341991,0.395144,2608,947,386,0.94,108.09,63.25,29.13,201.41,0.986521473,-0.083269848,0.119281396,0.074923059,-0.0880557,-1.1530742,1.1115786
seq-01/frame-000340,1,0.02467772,0.429405,2330,858,362,0.92,92.43,51.67,22.28,167.29,0.987035262,-0.081074786,0.116810062,0.074455898,-0.0732621,-1.1489952,1.1294017
seq-01/frame-000341,1,0.01683491,0.574608,2845,996,411,0.96,115.18,70.67,24.27,211.08,0.987845424,-0.079942922,0.113139408,0.070498381,-0.0751610,-1.1540703,1.1270591
seq-01/frame-000342,1,0.02067538,0.547539,2779,962,413,0.97,104.36,62.74,24.43,192.50,0.987848618,-0.079431322,0.114142986,0.069405699,-0.0699756,-1.1512235,1.1379049
seq-01/frame-000343,1,0.04441294,1.313911,2409,793,320,0.92,105.78,62.94,21.88,191.53,0.989083435,-0.073893293,0.110054723,0.064356022,-0.0432496,-1.1403116,1.1664526
seq-01/frame-000344,1,0.01870570,0.526549,2642,1014,435,0.95,111.46,64.39,25.73,202.54,0.988499137,-0.074759786,0.109962930,0.072031827,-0.0551399,-1.1566445,1.1544828
seq-01/frame-000345,1,0.00882796,0.240887,2522,966,425,0.94,105.07,58.75,10.74,175.50,0.987811354,-0.073910150,0.110730367,0.080652366,-0.0576644,-1.1690040,1.1660764
seq-01/frame-000346,1,0.01359804,0.453241,2237,906,404,0.91,95.00,50.76,10.48,157.16,0.987889731,-0.076598591,0.107889450,0.081033338,-0.0453921,-1.1654490,1.1695304
seq-01/frame-000347,1,0.01936012,0.621553,2119,864,409,0.90,90.34,46.23,11.26,148.73,0.988165767,-0.077500936,0.103834196,0.082100435,-0.0158507,-1.1684189,1.1846928
seq-01/frame-000348,1,0.01293021,0.465494,2616,964,434,0.94,113.63,77.61,15.35,207.54,0.988556376,-0.075849662,0.109813495,0.070314414,-0.0214235,-1.1691859,1.1960655
seq-01/frame-000349,1,0.00960193,0.314796,2076,832,396,0.88,87.46,60.82,7.83,156.99,0.988506825,-0.076181083,0.110014160,0.070339061,-0.0106379,-1.1765666,1.2043863
seq-01/frame-000350,1,0.01875714,0.793372,1981,773,360,0.87,82.34,48.06,13.49,144.76,0.988544299,-0.075772459,0.108273988,0.072907113,0.0082235,-1.1908311,1.2065965
seq-01/frame-000351,1,0.00841311,0.355930,2445,914,411,0.93,107.08,65.38,12.89,186.29,0.987839813,-0.075680460,0.122291636,0.059073924,-0.0184134,-1.1883725,1.2210281
seq-01/frame-000352,1,0.01783581,0.565907,1975,711,333,0.89,105.07,52.36,17.92,176.25,0.988523963,-0.076694886,0.113755497,0.063229396,0.0136372,-1.1937871,1.2323665
seq-01/frame-000353,1,0.01788280,0.698469,1804,757,384,0.89,94.91,39.65,9.98,145.42,0.988108853,-0.079086873,0.116153113,0.062406852,-0.0048544,-1.2174384,1.2391731
seq-01/frame-000354,1,0.01507262,0.505091,1994,817,380,0.88,99.84,54.30,12.43,167.46,0.990017161,-0.079633261,0.102890428,0.054204468,0.0281978,-1.2188404,1.2484441
seq-01/frame-000355,1,0.00714041,0.360180,2193,813,428,0.92,111.93,64.97,11.96,189.78,0.989374774,-0.083555018,0.105866426,0.054299323,0.0115250,-1.2380210,1.2494257
seq-01/frame-000356,1,0.00820701,0.174982,1501,622,326,0.87,65.01,44.63,10.04,120.54,0.989728411,-0.083179429,0.100382771,0.058669876,0.0168585,-1.2428170,1.2554884
seq-01/frame-000357,1,0.01015604,0.350237,1671,676,345,0.88,77.94,40.61,9.76,129.20,0.990719301,-0.079788792,0.091989361,0.060390170,0.0218868,-1.2419212,1.2511567
seq-01/frame-000358,1,0.00546856,0.191248,2151,882,471,1.09,90.90,59.93,11.81,163.73,0.990850743,-0.083461175,0.085062452,0.063351529,0.0263710,-1.2598290,1.2584168
seq-01/frame-000359,1,0.00397602,0.185269,2191,910,465,0.89,89.25,51.10,17.07,158.32,0.990646010,-0.084798745,0.083500670,0.066762971,0.0247191,-1.2705695,1.2589337
seq-01/frame-000360,1,0.00515988,0.222185,2077,948,472,0.88,85.16,57.18,12.86,156.08,0.990496693,-0.084698628,0.080534634,0.072502532,0.0293926,-1.2793567,1.2624417
seq-01/frame-000361,1,0.00343381,0.221962,2210,976,519,0.90,90.62,45.55,7.80,144.87,0.990516405,-0.084070825,0.077004231,0.076679172,0.0389539,-1.2830733,1.2623096
seq-01/frame-000362,1,0.00576229,0.173731,2200,990,495,0.91,104.58,49.91,6.94,162.33,0.990466741,-0.081091587,0.077942546,0.079528295,0.0393736,-1.2860146,1.2649670
seq-01/frame-000363,1,0.00508038,0.126946,1734,765,426,0.86,78.72,38.17,6.12,123.86,0.990614064,-0.081950688,0.077768875,0.076940641,0.0521285,-1.2927564,1.2700337
seq-01/frame-000364,1,0.01110007,0.392997,2281,985,516,0.91,97.84,49.94,8.02,156.72,0.990132728,-0.081523955,0.085588261,0.075270679,0.0341891,-1.2989958,1.2668328
seq-01/frame-000365,1,0.00587324,0.315447,2408,1050,546,0.93,107.81,53.90,21.16,183.82,0.990159982,-0.083540043,0.083940230,0.074554072,0.0433988,-1.3003203,1.2703089
seq-01/frame-000366,1,0.01052321,0.267861,2199,910,485,0.90,112.06,47.60,6.16,166.73,0.990055127,-0.080803923,0.090413778,0.071322650,0.0412477,-1.2985954,1.2759321
seq-01/frame-000367,1,0.01125552,0.472656,2432,979,517,0.93,96.26,45.88,8.26,151.33,0.989272445,-0.085363497,0.093615928,0.072726617,0.0395219,-1.3122414,1.2794187
seq-01/frame-000368,1,0.00519084,0.112013,2472,1017,514,0.93,107.23,70.25,8.84,187.26,0.989306931,-0.083082929,0.093058322,0.075559057,0.0467667,-1.3081741,1.2842669
seq-01/frame-000369,1,0.00326348,0.167388,2228,940,488,0.92,97.45,63.34,12.25,173.96,0.989183683,-0.082656785,0.096210074,0.073668982,0.0483725,-1.3082253,1.2931309
seq-01/frame-000370,1,0.00474866,0.213155,2102,908,485,0.89,91.03,56.01,11.85,159.80,0.988984846,-0.083018110,0.097639223,0.074050990,0.0563415,-1.3138320,1.3008439
seq-01/frame-000371,1,0.00180087,0.249621,2473,1019,539,0.93,105.22,56.25,11.29,173.69,0.988918806,-0.083445323,0.101773916,0.068691653,0.0475565,-1.3171499,1.3096005
seq-01/frame-000372,1,0.00557797,0.289923,2370,938,487,0.91,106.58,47.01,7.70,162.21,0.988783481,-0.082560577,0.102734551,0.070260885,0.0492185,-1.3171285,1.3219748
seq-01/frame-000373,1,0.00303177,0.311747,2264,935,490,0.91,91.24,54.31,17.29,163.76,0.988346519,-0.084303116,0.103889718,0.072602126,0.0405655,-1.3239250,1.3242535
seq-01/frame-000374,1,0.00176939,0.260809,2322,997,507,0.91,106.13,61.87,13.28,182.19,0.987818755,-0.087852432,0.104909960,0.074094249,0.0394567,-1.3272397,1.3452012
seq-01/frame-000375,1,0.00309735,0.328194,2363,970,508,0.92,100.10,59.30,15.03,175.36,0.987861558,-0.089323811,0.102162509,0.075588502,0.0482803,-1.3313011,1.3551840
seq-01/frame-000376,1,0.00509485,0.282111,2202,920,481,0.92,90.05,49.92,9.57,150.46,0.988011856,-0.087465988,0.103502232,0.073956489,0.0416834,-1.3267217,1.3639059
seq-01/frame-000377,1,0.00517203,0.253135,2124,868,452,0.90,92.87,48.66,6.53,148.97,0.987602737,-0.092745113,0.103142711,0.073489862,0.0399481,-1.3384203,1.3855647
seq-01/frame-000378,1,0.00342163,0.350338,1952,784,413,0.90,79.87,42.95,15.05,138.77,0.987723631,-0.091450307,0.102738856,0.074051314,0.0345144,-1.3407988,1.3907086
seq-01/frame-000379,1,0.00562269,0.555503,1834,788,430,0.89,79.96,32.61,7.22,120.68,0.987925395,-0.093130223,0.100384464,0.072478508,0.0309139,-1.3422272,1.3987173
seq-01/frame-000380,1,0.00762742,0.468969,1736,737,388,1.93,82.39,54.45,14.97,153.74,0.988052281,-0.093471757,0.099643254,0.071322807,0.0288321,-1.3499570,1.4224014
seq-01/frame-000381,1,0.00823085,0.704888,1517,565,284,0.88,89.75,34.64,11.35,136.62,0.988440386,-0.092999304,0.095286636,0.072506478,0.0246557,-1.3566867,1.4236029
seq-01/frame-000382,1,0.00125815,0.213741,2011,834,404,0.88,93.01,59.04,18.23,171.16,0.988600480,-0.094236162,0.091533191,0.073554816,0.0177846,-1.3681500,1.4421720
seq-01/frame-000383,1,0.00294641,0.387958,1634,682,326,0.87,80.23,37.36,16.56,135.02,0.988724797,-0.092896023,0.091231147,0.073962704,0.0157328,-1.3730556,1.4525915
seq-01/frame-000384,1,0.00237281,0.341484,1941,798,406,0.89,94.10,46.76,15.15,156.91,0.988720831,-0.092127796,0.092157290,0.073828327,0.0039320,-1.3797773,1.4560462
seq-01/frame-000385,1,0.00560742,0.266353,1904,785,378,0.88,87.10,46.38,15.57,149.93,0.988585703,-0.090947145,0.092958088,0.076063905,-0.0029204,-1.3903090,1.4703966
seq-01/frame-000386,1,0.01018797,0.424581,2006,810,388,0.91,96.76,48.55,13.97,160.19,0.988229296,-0.092589071,0.094235887,0.077134426,-0.0127154,-1.4027243,1.4761266
seq-01/frame-000387,1,0.00742054,0.430522,2246,906,405,0.90,88.86,63.07,15.41,168.25,0.988214392,-0.094242309,0.094553302,0.074902440,-0.0177749,-1.4058395,1.4821912
seq-01/frame-000388,1,0.00829808,0.446114,2057,816,389,0.90,97.83,57.91,16.64,173.28,0.987488061,-0.098022823,0.097651875,0.075650292,-0.0126898,-1.4193925,1.5021079
seq-01/frame-000389,1,0.01750004,0.643253,2169,835,383,0.90,100.95,51.74,15.84,169.43,0.987161390,-0.098375080,0.101863356,0.073882275,-0.0244946,-1.4298265,1.5045220
seq-01/frame-000390,1,0.01453380,0.648668,2025,806,381,0.89,80.71,60.63,15.83,158.06,0.987100807,-0.096583364,0.107857584,0.068340268,-0.0466846,-1.4212101,1.5078699
seq-01/frame-000391,1,0.00686510,0.455320,2097,841,409,0.91,96.61,44.45,12.61,154.58,0.986415936,-0.105647304,0.102650463,0.072698909,-0.0372185,-1.4402316,1.5237997
seq-01/frame-000392,1,0.00858726,0.457616,2297,834,361,0.92,93.90,59.33,14.23,168.38,0.986428056,-0.108872722,0.099865040,0.071647717,-0.0284887,-1.4448944,1.5287672
seq-01/frame-000393,1,0.00547220,0.303480,2350,911,387,0.93,98.61,71.44,23.55,194.52,0.985476268,-0.113099898,0.106261438,0.068945231,-0.0409879,-1.4584001,1.5400813
seq-01/frame-000394,1,0.01173409,0.470091,2272,852,362,0.93,95.95,70.98,26.60,194.48,0.984824993,-0.115807504,0.108029691,0.070978461,-0.0429966,-1.4683852,1.5462918
seq-01/frame-000395,1,0.00553206,0.299083,2311,865,391,0.93,92.01,73.06,27.62,193.61,0.984951698,-0.113892076,0.106847542,0.074042894,-0.0367829,-1.4677513,1.5472237
seq-01/frame-000396,1,0.00823827,0.340919,2362,868,357,0.94,110.64,67.50,17.46,196.53,0.984555987,-0.115087688,0.108696358,0.074762519,-0.0430000,-1.4708137,1.5504484
seq-01/frame-000397,1,0.00642529,0.403934,2230,811,359,0.92,95.10,44.44,10.08,150.53,0.984073587,-0.114723519,0.108645114,0.081448932,-0.0338710,-1.4800782,1.5544916
seq-01/frame-000398,1,0.00953901,0.430775,2180,813,364,0.93,97.17,44.21,27.14,169.44,0.983392472,-0.117267350,0.110214569,0.083906867,-0.0381460,-1.4848675,1.5579646
seq-01/frame-000399,1,0.02178838,0.932144,1698,637,298,0.87,84.67,38.30,10.82,134.65,0.983246155,-0.120599646,0.106386948,0.085816908,-0.0144922,-1.4991969,1.5643029
seq-01/frame-000400,1,0.01054119,0.457955,2424,839,348,0.96,115.13,58.30,18.30,192.69,0.983157113,-0.114824325,0.117320434,0.080332945,-0.0348932,-1.4974525,1.5647548
seq-01/frame-000401,1,0.01807498,0.711090,2327,833,337,0.93,89.39,61.86,10.53,162.71,0.982514064,-0.116090563,0.119371602,0.083303755,-0.0406693,-1.5041328,1.5687555
seq-01/frame-000402,1,0.01615751,0.683162,2213,812,345,0.94,91.36,52.05,18.18,162.53,0.982747180,-0.114452795,0.116775046,0.086441462,-0.0309125,-1.5048974,1.5682446
seq-01/frame-000403,1,0.00943211,0.497553,2183,759,332,0.93,94.34,49.44,9.36,154.09,0.983190331,-0.113529394,0.115741404,0.083974857,-0.0259903,-1.5003892,1.5705212
seq-01/frame-000404,1,0.01528858,0.620882,2131,780,333,0.94,98.35,50.60,13.51,163.39,0.982933290,-0.116660863,0.116408630,0.081739959,-0.0354636,-1.5069934,1.5739030
seq-01/frame-000405,1,0.01763273,0.821124,1747,597,283,0.89,86.25,37.56,9.89,134.59,0.983632463,-0.116807092,0.110576041,0.081217122,-0.0130938,-1.5092539,1.5799792
seq-01/frame-000406,1,0.00983078,0.464336,2113,717,313,0.93,92.89,53.39,10.60,157.81,0.983993164,-0.108735900,0.116047444,0.080417333,-0.0237370,-1.5082450,1.5803691
seq-01/frame-000407,1,0.02523212,0.980143,2250,780,322,0.94,102.60,57.62,9.77,170.94,0.983476602,-0.110399515,0.117920113,0.081734734,-0.0326003,-1.5229748,1.5793529
seq-01/frame-000408,1,0.02096411,0.904102,2387,818,351,0.96,106.36,58.49,21.11,186.91,0.983701933,-0.107914983,0.116782992,0.083944002,-0.0276960,-1.5199632,1.5813549
seq-01/frame-000409,1,0.02168207,0.841805,2172,771,329,0.94,96.49,41.31,14.63,153.37,0.983899636,-0.106527164,0.116616655,0.083630288,-0.0269044,-1.5217655,1.5831624
seq-01/frame-000410,1,0.02303191,0.949531,2329,779,332,0.95,94.87,65.95,17.90,179.68,0.983521648,-0.106561470,0.118561061,0.085282443,-0.0309926,-1.5248675,1.5812217
seq-01/frame-000411,1,0.02297621,0.963190,2077,768,361,0.92,89.90,46.58,17.00,154.41,0.983419795,-0.106621723,0.117914196,0.087255696,-0.0219928,-1.5262188,1.5903610
seq-01/frame-000412,1,0.01683100,0.661887,2323,842,357,0.95,95.69,55.82,12.36,164.82,0.983983283,-0.102073987,0.117401827,0.087032240,-0.0251609,-1.5206692,1.5927323
seq-01/frame-000413,1,0.01958031,0.896796,2253,767,328,0.94,102.58,49.23,11.21,163.96,0.984238911,-0.103751949,0.114274318,0.086317317,-0.0108537,-1.5247428,1.5969476
seq-01/frame-000414,1,0.02471694,1.060586,2128,784,336,0.91,95.49,47.19,9.47,153.06,0.984072637,-0.103786714,0.114905936,0.087326914,-0.0080323,-1.5320966,1.6032525
seq-01/frame-000415,1,0.01063395,0.488576,2065,729,326,0.93,104.38,59.15,6.79,171.25,0.984970892,-0.098034858,0.113738191,0.085352993,-0.0122733,-1.5257944,1.6061569
seq-01/frame-000416,1,0.01000435,0.511973,1897,720,371,0.90,91.07,48.94,9.37,150.28,0.985590853,-0.098104021,0.109072472,0.084198976,0.0002678,-1.5263320,1.6124456
seq-01/frame-000417,1,0.01082607,0.456263,2074,724,332,0.91,87.82,53.18,6.84,148.75,0.986037261,-0.093621548,0.109339991,0.083727490,-0.0037138,-1.5315197,1.6201901
seq-01/frame-000418,1,0.01202328,0.536693,2204,792,366,0.93,90.58,47.63,18.03,157.18,0.986053306,-0.092761886,0.109055731,0.084858457,-0.0044705,-1.5348087,1.6232823
seq-01/frame-000419,1,0.01482630,0.711521,1760,668,337,0.88,93.60,43.03,13.87,151.38,0.986638374,-0.092002558,0.103626372,0.085684443,0.0160068,-1.5385565,1.6294895
seq-01/frame-000420,1,0.01439714,0.639458,2020,718,327,0.91,88.95,54.85,10.89,155.60,0.986582472,-0.091826802,0.107085880,0.082191724,0.0109260,-1.5436273,1.6347171
seq-01/frame-000421,1,0.00727783,0.392044,2011,750,341,0.90,93.37,41.63,18.84,154.75,0.987048067,-0.088034816,0.106413093,0.081622537,0.0190200,-1.5416091,1.6380110
seq-01/frame-000422,1,0.01131339,0.492511,2194,794,363,0.90,111.09,46.99,11.54,170.52,0.986065893,-0.090444580,0.109827885,0.086207121,0.0200074,-1.5545846,1.6487654
seq-01/frame-000423,1,0.01253893,0.624649,2338,803,359,0.92,104.66,37.48,10.10,153.17,0.985949733,-0.091658137,0.109505550,0.086662816,0.0222989,-1.5579226,1.6531974
seq-01/frame-000424,1,0.01214192,0.583568,2288,807,389,0.93,99.41,35.02,9.18,144.54,0.986026237,-0.092632468,0.109964335,0.084138766,0.0270674,-1.5575256,1.6587655
seq-01/frame-000425,1,0.00620976,0.314440,2162,766,364,0.92,89.89,41.66,8.81,141.28,0.985966477,-0.091944727,0.112409485,0.082343064,0.0363680,-1.5606079,1.6732502
seq-01/frame-000426,1,0.01074106,0.484727,2403,855,384,0.93,112.69,45.00,7.21,165.83,0.985592729,-0.093992245,0.113376605,0.083175567,0.0355846,-1.5691140,1.6753160
seq-01/frame-000427,1,0.01025560,0.503417,2327,796,392,0.92,101.63,50.66,7.31,160.52,0.985603567,-0.095442632,0.112083510,0.083148053,0.0444816,-1.5726913,1.6831377
seq-01/frame-000428,1,0.01136366,0.537138,2163,777,388,0.92,104.10,37.96,7.28,150.26,0.985210184,-0.098290597,0.112221313,0.084298444,0.0495864,-1.5820331,1.6984699
seq-01/frame-000429,1,0.01266728,0.605725,2270,787,383,0.94,111.37,49.27,14.42,176.00,0.985172084,-0.099987150,0.110446699,0.085088551,0.0518127,-1.5917145,1.6989933
seq-01/frame-000430,1,0.00638437,0.408620,2222,793,392,0.92,108.89,47.58,6.14,163.53,0.985674419,-0.100275369,0.106497894,0.083958253,0.0620459,-1.5914539,1.7015652
seq-01/frame-000431,1,0.01047493,0.515374,2162,769,376,0.92,104.85,49.67,11.21,166.65,0.985087497,-0.103253134,0.108507632,0.084661133,0.0626209,-1.6069539,1.7107947
seq-01/frame-000432,1,0.00500047,0.309301,1788,673,357,0.88,88.03,52.64,7.54,149.09,0.985311026,-0.101370491,0.104327825,0.089453400,0.0761078,-1.6100861,1.7158512
seq-01/frame-000433,1,0.00447062,0.244189,2106,758,373,0.99,110.47,50.44,7.22,169.13,0.985511735,-0.100236734,0.103754560,0.089186367,0.0725586,-1.6133692,1.7154731
seq-01/frame-000434,1,0.00814451,0.465976,1953,691,355,0.90,92.07,43.57,8.53,145.08,0.985626116,-0.104115558,0.100444890,0.087246399,0.0837987,-1.6326968,1.7191802
seq-01/frame-000435,1,0.00322784,0.283529,1761,667,329,0.88,84.29,30.33,7.02,122.52,0.985937118,-0.103141010,0.098689347,0.086892713,0.0846751,-1.6360272,1.7234912
seq-01/frame-000436,1,0.00277991,0.196631,1834,674,351,1.09,80.34,43.59,5.39,130.41,0.986122977,-0.101530146,0.096704453,0.088889555,0.0831726,-1.6403295,1.7252596
seq-01/frame-000437,1,0.00247169,0.234442,2054,729,370,1.06,88.38,52.81,10.73,152.99,0.986039629,-0.100006805,0.093114067,0.095153875,0.0849934,-1.6520531,1.7242926
seq-01/frame-000438,1,0.00449774,0.317357,1703,642,344,0.86,89.63,39.49,5.33,135.32,0.986411977,-0.099458725,0.089108961,0.095702493,0.0919392,-1.6571681,1.7263420
seq-01/frame-000439,1,0.00537908,0.330805,1910,649,326,0.89,89.39,49.18,4.01,143.47,0.986682516,-0.099013234,0.089191728,0.093267506,0.0886894,-1.6669486,1.7294968
seq-01/frame-000440,1,0.00421218,0.238751,2041,684,355,0.90,99.38,43.44,4.08,147.79,0.986964014,-0.096602848,0.088598982,0.093381721,0.0852282,-1.6700119,1.7256778
seq-01/frame-000441,1,0.00381192,0.264704,2099,712,358,0.91,89.85,46.60,5.44,142.80,0.987158036,-0.096111287,0.088270338,0.092141082,0.0852272,-1.6695084,1.7289818
seq-01/frame-000442,1,0.00220181,0.145855,2025,715,342,0.91,109.70,45.62,5.75,161.98,0.987639622,-0.094461792,0.088239598,0.088649419,0.0838562,-1.6741622,1.7316042
seq-01/frame-000443,1,0.00420212,0.264584,2102,695,323,1.00,84.31,45.10,8.76,139.17,0.987742077,-0.094852555,0.088250808,0.087065359,0.0832221,-1.6775336,1.7327516
seq-01/frame-000444,1,0.00654331,0.311422,1945,696,344,0.89,86.16,60.78,16.83,164.66,0.987748393,-0.093285615,0.088487266,0.088435908,0.0746902,-1.6810703,1.7350715
seq-01/frame-000445,1,0.00603491,0.268291,1890,672,346,0.89,89.25,45.63,8.87,144.65,0.988029535,-0.094851732,0.085153269,0.086889056,0.0851385,-1.6831049,1.7458706
seq-01/frame-000446,1,0.00170365,0.095228,1945,674,345,0.88,93.00,48.14,5.62,147.64,0.988099298,-0.093192069,0.087139305,0.085917151,0.0786929,-1.6875408,1.7479841
seq-01/frame-000447,1,0.00659296,0.325757,1761,639,315,0.88,75.70,41.98,8.45,127.01,0.989030860,-0.090027035,0.082864884,0.082743586,0.0780191,-1.6901616,1.7526952
seq-01/frame-000448,1,0.00244971,0.126180,1697,605,309,0.86,83.66,40.12,5.32,129.97,0.989386311,-0.087844124,0.082189305,0.081504947,0.0777211,-1.6925064,1.7582318
seq-01/frame-000449,1,0.00688635,0.370138,1623,555,283,0.86,77.72,44.35,7.03,129.96,0.990067479,-0.082656832,0.080248109,0.080588311,0.0715904,-1.7001226,1.7620044
seq-01/frame-000450,1,0.00535131,0.274198,1724,586,309,0.86,93.49,41.93,7.66,143.94,0.990587974,-0.079730604,0.077878485,0.079457146,0.0719831,-1.7015294,1.7655841
seq-01/frame-000451,1,0.00699662,0.341735,1715,625,315,0.85,77.53,36.35,7.07,121.80,0.990709597,-0.078705695,0.078507949,0.078335236,0.0650816,-1.7091530,1.7688009
seq-01/frame-000452,1,0.00571517,0.201060,1688,525,258,0.86,77.82,38.40,5.33,122.41,0.991286003,-0.070041432,0.079754678,0.078009287,0.0666178,-1.7070145,1.7855485
seq-01/frame-000453,1,0.00428164,0.174270,1942,638,289,0.88,92.03,50.64,5.91,149.47,0.991314137,-0.068830682,0.082639259,0.075692617,0.0510419,-1.7128199,1.7888559
seq-01/frame-000454,1,0.00593521,0.181334,1776,630,280,0.86,100.84,41.51,9.51,152.73,0.991317090,-0.066325226,0.082486669,0.078021416,0.0498373,-1.7193494,1.8040445
seq-01/frame-000455,1,0.00484769,0.383088,1818,604,285,0.88,88.41,40.99,7.00,137.28,0.991284610,-0.066281864,0.081343278,0.079654298,0.0495774,-1.7254378,1.8086135
seq-01/frame-000456,1,0.00777363,0.405785,1746,576,255,0.87,84.16,49.37,9.30,143.70,0.991421974,-0.067141182,0.080882151,0.077669869,0.0365907,-1.7305639,1.8243876
seq-01/frame-000457,1,0.00233136,0.199224,1963,617,263,0.86,90.60,47.70,10.87,150.04,0.991268120,-0.068745296,0.079249398,0.079881990,0.0400939,-1.7359962,1.8334990
seq-01/frame-000458,1,0.00946844,0.476390,1771,580,258,0.87,90.39,52.54,14.11,157.92,0.991232857,-0.072008948,0.078728627,0.077935474,0.0367133,-1.7390004,1.8506287
seq-01/frame-000459,1,0.01124921,0.507841,1556,452,192,0.83,72.54,38.71,11.80,123.89,0.991447656,-0.072777518,0.075506986,0.077676721,0.0555491,-1.7476083,1.8649479
seq-01/frame-000460,1,0.02349682,0.883264,1525,482,206,0.86,85.13,44.77,7.19,137.94,0.991261494,-0.067245553,0.081607203,0.078860323,0.0350504,-1.7561502,1.8770624
seq-01/frame-000461,1,0.00859299,0.461435,1453,441,198,0.84,71.70,46.43,16.55,135.54,0.991314678,-0.066525577,0.078865337,0.081546401,0.0282543,-1.7645159,1.8784022
seq-01/frame-000462,1,0.02017895,0.730963,1783,516,198,0.86,79.66,54.07,9.87,144.47,0.991896135,-0.064465698,0.078024847,0.076800750,0.0256688,-1.7577526,1.8873545
seq-01/frame-000463,1,0.02339346,0.961643,1600,467,164,0.86,72.81,42.50,20.69,136.87,0.992391832,-0.060043009,0.078350090,0.073583635,0.0192463,-1.7691264,1.8912506
seq-01/frame-000464,1,0.01277626,0.495958,1676,510,197,0.86,82.94,35.89,24.00,143.70,0.991997400,-0.064279665,0.081437129,0.071953298,0.0044671,-1.7805470,1.9003148
seq-01/frame-000465,1,0.00338606,0.296512,1678,471,157,0.86,79.65,52.92,28.94,162.37,0.991677629,-0.064654620,0.084827027,0.072108495,-0.0095368,-1.8036157,1.9100372
seq-01/frame-000466,1,0.00709365,0.395762,1540,443,153,1.19,88.40,28.43,24.55,142.56,0.992085503,-0.063575921,0.081471385,0.071322293,-0.0094353,-1.8031421,1.9083796
seq-01/frame-000467,1,0.02529600,0.893011,1656,474,149,0.85,88.46,35.56,17.31,142.19,0.992745695,-0.060309423,0.076736123,0.070216278,0.0000358,-1.8025766,1.9168478
seq-01/frame-000468,1,0.03456456,1.236418,1643,451,142,0.85,71.25,31.25,28.94,132.30,0.993113669,-0.057315779,0.073913096,0.070547833,0.0098349,-1.8016303,1.9136825
seq-01/frame-000469,1,0.01710434,0.609983,1636,464,136,0.87,77.14,28.29,24.69,130.99,0.992581873,-0.060404962,0.081583106,0.066907875,-0.0231340,-1.8179434,1.9266298
seq-01/frame-000470,1,0.28171823,10.780230,1716,409,57,0.86,92.23,49.23,29.68,172.00,0.982519334,-0.063637676,0.068194690,0.161107075,0.1057207,-1.7246038,1.7090775
seq-01/frame-000471,1,0.01138945,0.489489,1710,439,135,0.86,87.95,40.06,24.14,153.01,0.992193705,-0.065174975,0.086836796,0.061345300,-0.0383036,-1.8372768,1.9403911
seq-01/frame-000472,0,-1.00000000,-1.000000,1397,295,0,0.84,84.60,31.18,22.54,139.16,0.000000000,0.000000000,0.000000000,0.000000000,0.0000000,0.0000000,0.0000000
seq-01/frame-000473,1,0.00448050,0.388324,1682,436,122,0.86,80.25,37.39,24.07,142.57,0.992721083,-0.068128773,0.079613100,0.059372357,-0.0298231,-1.8500606,1.9445681
seq-01/frame-000474,1,0.01362083,0.458830,1647,473,139,0.85,84.80,37.20,19.37,142.23,0.992573224,-0.067466309,0.081397281,0.060176196,-0.0349278,-1.8577919,1.9489597
seq-01/frame-000475,1,0.06708015,2.779852,1734,421,107,0.86,84.63,47.94,21.85,155.29,0.994211189,-0.053826852,0.083006185,0.041913652,-0.0396974,-1.7998949,1.9585857
seq-01/frame-000476,1,0.03172602,0.993579,1599,439,134,0.91,78.30,45.48,29.40,154.08,0.993943799,-0.058639069,0.071630642,0.059213467,-0.0027463,-1.8384815,1.9429333
seq-01/frame-000477,1,0.02035785,0.684643,1693,443,124,0.84,90.64,39.74,23.05,154.28,0.992540225,-0.067186994,0.083521115,0.058086427,-0.0432939,-1.8737365,1.9465879
seq-01/frame-000478,1,0.34752185,11.205104,1466,373,65,0.83,81.34,44.25,27.10,153.53,0.999027359,0.016587530,0.018515128,0.036419486,0.1924313,-1.6025864,2.0140164
seq-01/frame-000479,1,0.02720641,1.016549,1589,429,119,0.87,81.00,42.78,33.77,158.43,0.994652338,-0.049314294,0.070331121,0.057344229,-0.0107326,-1.8485179,1.9306685
seq-01/frame-000480,1,0.08302127,2.977820,1236,303,83,0.82,57.87,33.20,19.89,111.78,0.996503096,-0.030387561,0.062151916,0.046854183,0.0179492,-1.7959028,1.9374102
seq-01/frame-000481,1,0.03491371,1.218134,1599,434,116,0.84,80.29,42.75,41.20,165.08,0.994467872,-0.040228669,0.081248534,0.053046982,-0.0431427,-1.8443820,1.9452396
seq-01/frame-000482,1,0.12491637,4.557211,1475,379,95,0.83,69.19,30.65,24.73,125.40,0.996955414,-0.018817450,0.044779231,0.060996935,0.0649508,-1.7920585,1.9074820
seq-01/frame-000483,1,0.06023389,2.090180,1672,405,114,0.85,78.80,30.60,27.29,137.54,0.996028676,-0.028238382,0.066581687,0.051926376,-0.0017838,-1.8190310,1.9288230
seq-01/frame-000484,1,0.10297308,3.658907,1572,411,99,0.83,80.17,27.33,21.19,129.52,0.996824061,-0.018266936,0.054207580,0.055404403,0.0374060,-1.7958844,1.9154821
seq-01/frame-000485,1,0.54895264,18.926891,1572,381,51,0.84,97.41,53.74,40.56,192.56,0.994539906,0.091372686,-0.027528882,0.042232313,0.2531460,-1.4336820,1.7675276
seq-01/frame-000486,1,0.04921515,1.830259,1603,431,107,0.93,75.64,59.75,33.98,170.31,0.996304169,-0.025500698,0.065404806,0.049496747,0.0010070,-1.8365680,1.9171935
seq-01/frame-000487,1,0.03166985,1.198515,1514,394,102,1.17,86.09,53.15,30.24,170.65,0.996192417,-0.026421232,0.067874524,0.047912785,-0.0000924,-1.8568749,1.9234579
seq-01/frame-000488,1,0.10327081,3.651936,1554,396,86,0.82,84.81,46.01,20.79,152.44,0.997386511,-0.007900826,0.051365286,0.050192948,0.0557756,-1.8049363,1.9018472
seq-01/frame-000489,1,0.60777659,22.037349,1283,330,49,0.80,88.16,32.10,37.32,158.39,0.989443497,0.071667908,0.055761642,-0.112942091,-0.1251708,-1.3601516,1.6318630
seq-01/frame-000490,1,0.01428562,0.459625,1328,367,114,0.81,75.70,48.67,21.63,146.81,0.995893010,-0.013403320,0.072872407,0.052029568,0.0000601,-1.8603270,1.9215537
seq-01/frame-000491,1,0.01942449,0.707505,1562,407,123,0.81,66.55,43.25,21.89,132.51,0.996370552,-0.008457806,0.068800760,0.049402880,0.0128791,-1.8561782,1.9135585
seq-01/frame-000492,1,0.03212345,1.168036,1670,420,115,0.83,81.58,56.23,27.60,166.24,0.996312308,-0.001203323,0.070354440,0.049097750,0.0120305,-1.8439783,1.9152596
seq-01/frame-000493,1,0.05675162,1.710352,1756,433,101,0.83,71.39,52.97,38.57,163.76,0.996546748,0.001713165,0.064801774,0.051888091,0.0371063,-1.8316602,1.9163519
seq-01/frame-000494,1,0.01945650,0.672118,1662,419,110,0.81,66.77,53.76,24.95,146.28,0.996126517,-0.003566316,0.071087272,0.051631814,0.0156950,-1.8587658,1.9133646
seq-01/frame-000495,1,0.09617084,3.398117,1782,426,110,0.83,88.77,46.96,34.68,171.25,0.997302047,0.011480235,0.052917623,0.049563663,0.0716850,-1.8092026,1.8935056
seq-01/frame-000496,1,1.56365425,30.345995,1693,439,125,1.25,102.24,52.28,39.30,195.08,0.968485867,0.080839361,0.144515508,-0.186052120,-0.8931855,-0.9564555,1.0188201
seq-01/frame-000497,1,0.05683665,2.059602,1566,389,108,1.19,90.95,49.44,25.18,166.77,0.996683216,0.013028861,0.064268356,0.048191230,0.0321120,-1.8279323,1.8903186
seq-01/frame-000498,1,0.02787213,0.988734,1566,442,119,0.80,84.51,51.19,34.51,171.01,0.996393768,0.003228959,0.071192381,0.046050825,0.0118390,-1.8491799,1.9016440
seq-01/frame-000499,1,0.02445991,0.702679,1200,348,115,0.78,67.36,26.87,29.41,124.41,0.995991982,0.006183426,0.074648969,0.048880149,0.0066199,-1.8591019,1.9025964
seq-04/frame-000000,1,0.01630070,0.267572,2880,966,482,0.91,136.60,69.80,13.92,221.24,0.982182285,-0.172387572,0.074805534,-0.002148601,-0.2155431,-1.0520927,-0.2762738
seq-04/frame-000001,1,0.01035302,0.273298,3021,999,473,0.91,132.30,89.05,18.21,240.48,0.981786523,-0.168713455,0.087346455,-0.001261202,-0.2148302,-1.0510126,-0.2382779
seq-04/frame-000002,1,0.01501902,0.478323,2959,970,453,0.92,128.48,96.00,15.78,241.18,0.981427315,-0.170182848,0.088518455,0.001645468,-0.2075153,-1.0561130,-0.2169397
seq-04/frame-000003,1,0.00616829,0.170661,3038,1023,467,0.94,124.99,97.93,10.09,233.95,0.981317869,-0.169090894,0.091778875,0.000384201,-0.2260610,-1.0549729,-0.2148999
seq-04/frame-000004,1,0.01173792,0.293303,2993,1005,476,1.49,124.28,83.17,12.86,221.81,0.981503241,-0.168804190,0.090271437,0.002757037,-0.2189676,-1.0581544,-0.1978822
seq-04/frame-000005,1,0.01541772,0.408618,2995,998,480,0.93,117.75,100.75,14.93,234.37,0.981349423,-0.167039398,0.095062354,0.003781275,-0.2310068,-1.0620028,-0.1918013
seq-04/frame-000006,1,0.01520175,0.404696,3109,1019,468,0.93,129.25,82.63,10.60,223.46,0.980930649,-0.168352713,0.097053720,0.003605688,-0.2310909,-1.0627714,-0.1820384
seq-04/frame-000007,1,0.01784714,0.498580,3239,1065,480,0.93,123.43,115.97,12.75,253.08,0.980990565,-0.166399877,0.099737972,0.004574783,-0.2327456,-1.0602680,-0.1670092
seq-04/frame-000008,1,0.01398236,0.405881,3210,1031,482,0.92,127.66,87.97,9.15,225.71,0.980317086,-0.168965695,0.102036246,0.004196273,-0.2443290,-1.0660398,-0.1605697
seq-04/frame-000009,1,0.01606842,0.334977,3172,1038,445,0.93,124.33,102.43,16.87,244.56,0.980005579,-0.169034472,0.104643470,0.008133621,-0.2523043,-1.0769417,-0.1472243
seq-04/frame-000010,1,0.01209340,0.326580,3195,1017,446,0.93,116.71,111.89,12.36,241.89,0.979477890,-0.170379071,0.107505938,0.006042306,-0.2647751,-1.0745529,-0.1377421
seq-04/frame-000011,1,0.00546782,0.204491,3296,1108,501,0.93,134.54,95.79,16.62,247.88,0.979218938,-0.171521610,0.108036594,0.006221156,-0.2587482,-1.0682352,-0.1173983
seq-04/frame-000012,1,0.01283320,0.347850,3182,1005,437,0.94,115.67,71.39,21.44,209.43,0.978837528,-0.172918383,0.109109006,0.008458753,-0.2644824,-1.0798840,-0.1074965
seq-04/frame-000013,1,0.02167792,0.475009,3298,1049,441,0.92,133.08,84.53,21.61,240.14,0.978475594,-0.172914422,0.112298433,0.008670436,-0.2872876,-1.0886909,-0.0965239
seq-04/frame-000014,1,0.01007536,0.310353,3244,997,414,0.94,107.30,81.84,12.81,202.90,0.979050383,-0.172084566,0.108327555,0.010601433,-0.2665066,-1.0813969,-0.0871581
seq-04/frame-000015,1,0.01780807,0.421593,3361,1062,430,0.94,116.80,92.81,19.46,230.02,0.979016163,-0.169225165,0.113211507,0.008564525,-0.2950522,-1.0841154,-0.0788254
seq-04/frame-000016,1,0.01833242,0.437732,3299,1046,417,0.93,120.17,70.97,11.85,203.92,0.978782740,-0.170898861,0.112454114,0.011489072,-0.2873312,-1.0895766,-0.0738298
seq-04/frame-000017,1,0.00626605,0.205375,3428,1029,409,4.30,121.33,82.78,13.10,221.51,0.979715141,-0.165315006,0.112569036,0.012546044,-0.2727484,-1.0767942,-0.0616028
seq-04/frame-000018,1,0.01039588,0.298149,3518,1088,420,0.94,140.22,97.54,16.41,255.12,0.978811680,-0.166713573,0.118297935,0.011826977,-0.2952476,-1.0834117,-0.0559369
seq-04/frame-000019,1,0.00695375,0.184966,3420,1048,421,0.94,130.39,83.34,13.95,228.62,0.978802738,-0.166383733,0.118615435,0.013857596,-0.2826631,-1.0840376,-0.0375499
seq-04/frame-000020,1,0.00308647,0.147375,3382,1018,403,0.93,124.41,105.08,16.75,247.18,0.978829011,-0.165075233,0.120222735,0.013799628,-0.2838988,-1.0835553,-0.0389485
seq-04/frame-000021,1,0.00613544,0.085181,3474,1106,448,0.93,114.77,117.38,17.08,250.16,0.978577079,-0.164701672,0.122603417,0.015121552,-0.2863426,-1.0830358,-0.0300539
seq-04/frame-000022,1,0.03223675,0.530743,3476,1044,417,0.92,118.43,106.16,10.38,235.89,0.979228612,-0.162088382,0.120840266,0.015372432,-0.2760352,-1.0612261,-0.0229843
seq-04/frame-000023,1,0.01266410,0.337532,3491,1036,450,0.93,137.04,102.95,11.39,252.31,0.977404407,-0.169106410,0.125766713,0.016321202,-0.3035292,-1.0927478,-0.0064214
seq-04/frame-000024,1,0.01717604,0.268506,3386,1065,429,0.94,117.12,95.29,13.46,226.80,0.977948026,-0.167338231,0.123726325,0.017532008,-0.2927778,-1.0765308,-0.0004138
seq-04/frame-000025,1,0.01129049,0.274293,3405,1038,428,0.93,122.51,95.19,17.70,236.33,0.977232355,-0.172554643,0.122229380,0.017372322,-0.3021565,-1.0966710,0.0018283
seq-04/frame-000026,1,0.01646786,0.456520,3458,1113,450,0.93,112.56,97.45,21.28,232.22,0.976538577,-0.175785444,0.123050012,0.018181834,-0.3017152,-1.1036992,0.0153661
seq-04/frame-000027,1,0.01671753,0.467218,3390,1054,438,0.93,112.74,113.28,10.69,237.64,0.976462108,-0.175417390,0.124268358,0.017546097,-0.2908630,-1.1016802,0.0300303
seq-04/frame-000028,1,0.01480070,0.331959,3473,1055,408,0.93,129.12,100.80,10.95,241.81,0.976199759,-0.174935492,0.127247503,0.015481503,-0.3008680,-1.1010911,0.0292882
seq-04/frame-000029,1,0.00314982,0.049305,3533,1091,467,0.95,111.24,128.90,9.55,250.65,0.976469711,-0.173848568,0.126379076,0.017660930,-0.2828613,-1.0934593,0.0368426
seq-04/frame-000030,1,0.01087750,0.234636,3691,1117,468,0.95,123.24,122.24,9.15,255.58,0.976098039,-0.174558757,0.128032508,0.019223301,-0.2821307,-1.0939385,0.0514630
seq-04/frame-000031,1,0.01672886,0.348033,3593,1149,446,0.94,125.96,125.53,22.83,275.26,0.976725846,-0.172417296,0.126215409,0.018669981,-0.2745286,-1.0807894,0.0448714
seq-04/frame-000032,1,0.00876408,0.278363,3423,1058,445,0.94,136.50,109.10,19.76,266.31,0.975945553,-0.177237367,0.125412066,0.019723242,-0.2517485,-1.0951584,0.0704652
seq-04/frame-000033,1,0.00986051,0.223157,3489,1051,432,0.96,130.74,119.83,13.26,264.79,0.975542990,-0.177815804,0.127889960,0.018481710,-0.2617008,-1.1025194,0.0664498
seq-04/frame-000034,1,0.01156265,0.322357,3448,1065,424,0.96,110.59,100.02,9.37,220.94,0.975338700,-0.176854936,0.130869050,0.017608035,-0.2625410,-1.0922365,0.0812406
seq-04/frame-000035,1,0.02336176,0.548346,3520,1081,429,0.95,127.05,95.85,16.73,240.59,0.975454577,-0.176771102,0.130047739,0.018108874,-0.2513977,-1.0841240,0.0960159
seq-04/frame-000036,1,0.01319176,0.319834,3423,1098,437,0.94,133.87,82.91,17.57,235.29,0.975013259,-0.179236304,0.129671919,0.020215980,-0.2484373,-1.0999106,0.1047244
seq-04/frame-000037,1,0.01587481,0.316734,3454,1109,444,0.95,106.74,92.25,13.94,213.89,0.975728540,-0.177069301,0.127422151,0.019075484,-0.2296008,-1.0902804,0.1075570
seq-04/frame-000038,1,0.01677505,0.371690,3569,1129,458,0.96,112.23,85.98,8.62,207.79,0.975337409,-0.177916969,0.129301835,0.018534445,-0.2258366,-1.0934098,0.1164471
seq-04/frame-000039,1,0.03100231,0.868905,3217,1028,420,0.93,102.51,74.75,23.28,201.46,0.973153510,-0.189396980,0.129323208,0.019404586,-0.2206805,-1.1392550,0.1279981
seq-04/frame-000040,1,0.01531498,0.529080,2784,898,355,0.90,117.23,72.34,26.12,216.60,0.973420286,-0.186568470,0.131583869,0.018188951,-0.2056346,-1.1227976,0.1369684
seq-04/frame-000041,1,0.00957037,0.315360,3458,1090,460,0.94,144.96,85.25,13.50,244.65,0.973532041,-0.184531768,0.133619331,0.018145687,-0.1905266,-1.1273156,0.1512960
seq-04/frame-000042,1,0.00722472,0.163724,3421,1061,448,0.95,140.66,81.78,18.34,241.72,0.974118593,-0.181688446,0.133359679,0.017247356,-0.1896404,-1.1212564,0.1479002
seq-04/frame-000043,1,0.00655578,0.160713,3447,1073,434,0.96,133.10,70.72,17.19,221.97,0.974107884,-0.182761434,0.132172059,0.015576750,-0.1837108,-1.1307065,0.1629854
seq-04/frame-000044,1,0.01022892,0.406339,3423,1008,418,0.94,127.77,86.57,23.71,239.00,0.974509505,-0.181868644,0.130278927,0.016805448,-0.1672157,-1.1299185,0.1705198
seq-04/frame-000045,1,0.01474926,0.353122,3621,1051,419,0.96,129.70,105.08,22.28,258.03,0.974385908,-0.181288621,0.132120293,0.015835582,-0.1737659,-1.1349516,0.1636506
seq-04/frame-000046,1,0.01257000,0.312684,3426,1031,419,0.94,133.07,85.78,18.37,238.17,0.973877419,-0.183826474,0.132649052,0.013222317,-0.1677222,-1.1373327,0.1739300
seq-04/frame-000047,1,0.00953849,0.200419,3244,1058,413,0.94,128.32,87.59,20.85,237.70,0.973862902,-0.183691055,0.133105561,0.011469728,-0.1598205,-1.1344678,0.1832204
seq-04/frame-000048,1,0.01052646,0.304968,3422,1041,414,0.96,116.58,86.84,22.62,227.00,0.973816005,-0.181447449,0.136637590,0.009454092,-0.1535765,-1.1260983,0.1938759
seq-04/frame-000049,1,0.01294279,0.139649,3564,1118,434,0.95,123.46,87.85,17.05,229.33,0.973414237,-0.182619511,0.137962907,0.009004142,-0.1556177,-1.1316892,0.1970440
seq-04/frame-000050,1,0.01327187,0.334599,3629,1080,416,0.96,114.30,97.18,15.61,228.05,0.973531720,-0.182284695,0.137499364,0.010109627,-0.1473073,-1.1291675,0.2049207
seq-04/frame-000051,1,0.01389950,0.301558,3479,1057,434,0.96,130.02,92.23,10.83,234.05,0.973149808,-0.184148654,0.137845416,0.008207684,-0.1456669,-1.1228619,0.2205390
seq-04/frame-000052,1,0.00695329,0.117554,3424,1037,431,0.95,124.95,81.71,10.43,218.04,0.972873555,-0.185244879,0.138367632,0.007468569,-0.1387910,-1.1350420,0.2353216
seq-04/frame-000053,1,0.00712214,0.052118,3511,1046,415,0.95,142.02,83.75,15.19,241.92,0.972526732,-0.186569300,0.138977035,0.008308707,-0.1426327,-1.1404524,0.2365654
seq-04/frame-000054,1,0.00906085,0.229893,3526,1098,464,0.95,131.34,91.15,8.09,231.53,0.972530175,-0.187513419,0.137605256,0.009411135,-0.1371445,-1.1373000,0.2439125
seq-04/frame-000055,1,0.00582926,0.185180,3534,1072,432,0.95,129.99,89.92,12.64,233.52,0.972406848,-0.189655089,0.135457569,0.010349721,-0.1252813,-1.1400353,0.2574157
seq-04/frame-000056,1,0.00471725,0.097017,3390,1045,416,0.94,130.53,86.97,16.59,235.04,0.972248170,-0.190009058,0.136029833,0.011222252,-0.1311174,-1.1420741,0.2593396
seq-04/frame-000057,1,0.01157256,0.341508,3366,1041,420,0.96,119.61,87.57,22.15,230.29,0.972629099,-0.191108504,0.131702652,0.011161870,-0.1155673,-1.1353274,0.2729925
seq-04/frame-000058,1,0.01207431,0.334514,3285,1030,442,0.95,111.71,75.72,11.21,199.59,0.972748558,-0.190571748,0.131578509,0.011390649,-0.1112079,-1.1354064,0.2781558
seq-04/frame-000059,1,0.01068793,0.287388,3580,1075,429,0.96,129.58,82.98,18.83,232.35,0.972507454,-0.190496927,0.133553455,0.010180766,-0.1160170,-1.1387440,0.2805295
seq-04/frame-000060,1,0.00886364,0.242211,3437,1008,408,0.97,103.58,78.89,10.20,193.64,0.972251419,-0.190305990,0.135654181,0.010428434,-0.1144812,-1.1374925,0.2908248
seq-04/frame-000061,1,0.01347562,0.408083,3414,1016,422,0.96,119.47,81.44,11.06,212.94,0.972418724,-0.189446566,0.135537758,0.011888618,-0.1071291,-1.1369940,0.2913634
seq-04/frame-000062,1,0.01309609,0.389553,3469,1090,431,0.95,126.71,71.19,11.99,210.85,0.972262395,-0.189362744,0.136823757,0.011262598,-0.1042188,-1.1399414,0.2999326
seq-04/frame-000063,1,0.02317628,0.589916,3404,1039,413,0.95,133.37,63.35,12.59,210.26,0.972175951,-0.187447705,0.140116638,0.010227730,-0.1086741,-1.1306201,0.3179384
seq-04/frame-000064,1,0.01116626,0.327314,3172,934,380,0.92,122.78,62.81,28.71,215.22,0.972023121,-0.188346020,0.139759662,0.012808805,-0.1056736,-1.1472335,0.3222355
seq-04/frame-000065,1,0.01279537,0.353719,3380,1044,417,0.95,137.16,73.35,11.73,223.18,0.972334002,-0.186651767,0.139641419,0.015099040,-0.1046001,-1.1487533,0.3260569
seq-04/frame-000066,1,0.01489720,0.369598,3433,1045,406,0.95,136.81,78.00,14.85,230.61,0.972492937,-0.185889789,0.139630220,0.014348359,-0.1072485,-1.1489596,0.3276283
seq-04/frame-000067,1,0.01095127,0.389701,3026,926,368,0.92,116.34,71.66,14.17,203.08,0.972637484,-0.186817359,0.137079910,0.016872992,-0.0899042,-1.1601579,0.3380069
seq-04/frame-000068,1,0.01105544,0.420500,3146,960,373,0.93,125.07,69.59,18.64,214.24,0.973027973,-0.182525408,0.139911620,0.018049316,-0.0952816,-1.1559501,0.3446124
seq-04/frame-000069,1,0.01209174,0.201533,3550,1075,382,0.98,128.88,86.23,16.98,233.07,0.972118325,-0.184381931,0.143850578,0.017212723,-0.1121275,-1.1698020,0.3490361
seq-04/frame-000070,1,0.00848969,0.203633,3457,1038,390,0.95,124.77,76.89,10.83,213.45,0.972641266,-0.182103450,0.142873709,0.019859641,-0.0966307,-1.1689452,0.3561515
seq-04/frame-000071,1,0.01215150,0.309253,3603,1114,405,0.97,134.18,85.92,18.06,239.14,0.972506985,-0.180365851,0.145826461,0.020807877,-0.1025385,-1.1647225,0.3624300
seq-04/frame-000072,1,0.01484631,0.315676,3626,1058,390,0.98,135.52,82.40,13.40,232.30,0.972479564,-0.180251528,0.146215541,0.020344547,-0.1032354,-1.1666650,0.3636504
seq-04/frame-000073,1,0.00933879,0.150201,3266,991,362,0.97,127.62,70.92,12.95,212.46,0.972060563,-0.181767322,0.147033710,0.020975968,-0.0989562,-1.1763776,0.3743916
seq-04/frame-000074,1,0.01264715,0.323092,3462,1061,369,0.97,135.57,88.10,15.96,240.60,0.972617589,-0.178444539,0.147332479,0.021580362,-0.0969672,-1.1698532,0.3739038
seq-04/frame-000075,1,0.01215425,0.318383,3645,1107,402,0.98,125.11,76.46,9.88,212.44,0.972342424,-0.178855253,0.148582764,0.022003905,-0.0996827,-1.1722528,0.3773007
seq-04/frame-000076,1,0.01761372,0.434543,3402,1034,381,0.96,122.77,85.17,14.17,223.07,0.972311636,-0.177393372,0.150571298,0.021678530,-0.1018971,-1.1685887,0.3803365
seq-04/frame-000077,1,0.01563016,0.417988,3391,1037,366,0.95,131.58,76.60,21.78,230.90,0.972531127,-0.176333730,0.150324680,0.022183626,-0.0938057,-1.1692622,0.3864602
seq-04/frame-000078,1,0.01412139,0.420691,3234,1011,362,0.96,121.64,83.97,24.22,230.79,0.972764890,-0.175057481,0.150312930,0.022121696,-0.0883994,-1.1713144,0.3931327
seq-04/frame-000079,1,0.03609993,0.946482,2878,934,319,0.94,103.72,72.36,18.45,195.47,0.973474733,-0.169464742,0.152072981,0.022415470,-0.1064397,-1.1600145,0.3897832
seq-04/frame-000080,1,0.01934871,0.502296,2687,870,310,0.92,99.52,66.40,23.25,190.09,0.972936432,-0.175205583,0.148710271,0.024144541,-0.1066117,-1.1788945,0.4005013
seq-04/frame-000081,1,0.02850777,0.765987,2731,882,338,0.93,100.70,63.92,12.36,177.91,0.974210773,-0.171083853,0.145098757,0.024290669,-0.1021983,-1.1681934,0.4067181
seq-04/frame-000082,1,0.01258965,0.225931,3319,1048,390,0.95,126.63,59.15,15.42,202.14,0.973823245,-0.174840951,0.143134702,0.024726246,-0.1043415,-1.1915353,0.4053414
seq-04/frame-000083,1,0.01902929,0.498953,3347,1035,357,0.96,117.47,60.05,18.74,197.22,0.975159238,-0.170801652,0.138663472,0.025762336,-0.0910850,-1.1768460,0.4039194
seq-04/frame-000084,1,0.02150292,0.599983,2768,873,310,0.92,115.90,48.82,19.46,185.10,0.975788007,-0.168504100,0.137180348,0.025013699,-0.0891630,-1.1740790,0.4137295
seq-04/frame-000085,1,0.02664740,0.720418,3281,1071,396,0.96,134.26,71.57,26.29,233.09,0.977693390,-0.161119690,0.132827387,0.022648765,-0.0903154,-1.1740391,0.4014859
seq-04/frame-000086,1,0.01719949,0.442049,3127,990,359,0.94,116.42,79.09,18.34,214.80,0.977536111,-0.163374772,0.130969429,0.024059192,-0.0892230,-1.1818915,0.4063803
seq-04/frame-000087,1,0.02131561,0.585701,2546,816,305,0.91,111.27,53.58,21.90,187.66,0.978366164,-0.159184593,0.129805172,0.024708941,-0.0888732,-1.1815241,0.4129648
seq-04/frame-000088,1,0.03542075,0.962600,2967,969,352,0.94,123.39,67.79,25.30,217.43,0.979609758,-0.153047278,0.127969084,0.023773235,-0.0944082,-1.1687288,0.4057790
seq-04/frame-000089,1,0.00554977,0.150698,2524,836,312,0.90,106.04,72.49,28.06,207.49,0.980104822,-0.158027432,0.117290135,0.025785504,-0.0726234,-1.1986352,0.4188200
seq-04/frame-000090,1,0.02037086,0.502053,2833,909,349,0.95,115.10,52.26,16.42,184.73,0.981658296,-0.149511135,0.115929092,0.023534126,-0.0806513,-1.1796044,0.4086767
seq-04/frame-000091,1,0.01971021,0.455867,3082,978,381,0.96,112.26,84.66,15.83,213.71,0.981716638,-0.149782863,0.115233479,0.022776800,-0.0894393,-1.1845484,0.4040576
seq-04/frame-000092,1,0.02257625,0.566518,3075,979,371,1.00,103.33,85.84,22.96,213.14,0.982445133,-0.147478985,0.111607808,0.024396844,-0.0789600,-1.1761479,0.4076182
seq-04/frame-000093,1,0.02037132,0.561137,2898,920,336,0.94,133.70,58.85,13.14,206.64,0.982778107,-0.147338166,0.108581165,0.025471322,-0.0786060,-1.1854075,0.4049559
seq-04/frame-000094,1,0.02423599,0.576273,2594,861,326,0.93,118.59,55.98,16.32,191.83,0.984210943,-0.143115044,0.101206813,0.024578152,-0.0766953,-1.1875041,0.4027164
seq-04/frame-000095,1,0.02066430,0.511338,2447,824,313,0.92,86.27,42.85,24.89,154.93,0.985340059,-0.140092488,0.093911021,0.025686229,-0.0599684,-1.1833910,0.4012917
seq-04/frame-000096,1,0.02024431,0.563999,2427,804,319,8.06,99.47,49.93,15.74,173.20,0.986555324,-0.136775462,0.085655968,0.025770543,-0.0392154,-1.1820293,0.3960027
seq-04/frame-000097,1,0.03686576,0.935649,3135,983,376,0.95,120.96,69.22,14.47,205.61,0.987832831,-0.128513955,0.084764838,0.022031405,-0.0608410,-1.1708665,0.3823983
seq-04/frame-000098,1,0.01120277,0.286698,3206,983,398,0.97,136.64,79.19,16.98,233.77,0.987488061,-0.134568588,0.078905045,0.023078528,-0.0381211,-1.1944438,0.3829722
seq-04/frame-000099,1,0.02115562,0.599248,3034,935,346,0.95,123.50,56.26,25.51,206.23,0.988045376,-0.131861594,0.076933399,0.021450082,-0.0267297,-1.1786021,0.3833110
seq-04/frame-000100,1,0.03330684,0.960589,3058,949,372,0.96,112.98,57.47,21.35,192.76,0.989008424,-0.125678882,0.074871965,0.021478919,-0.0164338,-1.1676521,0.3729986
seq-04/frame-000101,1,0.02985666,0.812984,3117,920,342,0.97,130.96,70.64,24.11,226.68,0.989040778,-0.126122964,0.073811685,0.021051668,-0.0097871,-1.1678726,0.3763963
seq-04/frame-000102,1,0.03645030,1.096707,3044,893,348,0.96,114.31,54.53,19.57,189.38,0.989497345,-0.124523869,0.069955157,0.022250532,0.0092737,-1.1674016,0.3692109
seq-04/frame-000103,1,0.02043389,0.521091,3170,928,348,1.13,141.28,83.49,24.20,250.10,0.989148958,-0.127264959,0.071224443,0.017749563,-0.0019223,-1.1807654,0.3680326
seq-04/frame-000104,1,0.03287978,0.911056,3112,929,373,1.14,128.75,66.39,14.79,211.07,0.989639480,-0.128407571,0.062480400,0.014879352,0.0255551,-1.1727662,0.3659911
seq-04/frame-000105,1,0.02066898,0.587694,3059,910,349,1.48,120.44,69.80,21.86,213.59,0.989547703,-0.129912796,0.061192419,0.013171834,0.0302687,-1.1807755,0.3695007
seq-04/frame-000106,1,0.01235101,0.320835,3139,909,366,1.32,123.08,84.50,20.01,228.91,0.989476054,-0.129812477,0.063018036,0.010704525,0.0176859,-1.1872023,0.3646941
seq-04/frame-000107,1,0.01299278,0.312407,2722,806,319,0.93,99.21,82.96,14.41,197.52,0.990110002,-0.128597208,0.055632313,0.007070234,0.0301633,-1.1878807,0.3653156
seq-04/frame-000108,1,0.03815531,1.040597,2703,810,299,0.93,101.48,66.23,20.64,189.29,0.991367309,-0.121379866,0.048918392,0.008048431,0.0505121,-1.1660011,0.3534850
seq-04/frame-000109,1,0.02587424,0.722162,2784,793,288,0.94,108.90,72.85,15.63,198.32,0.991295116,-0.122713903,0.047301091,0.006156063,0.0439567,-1.1753364,0.3540399
seq-04/frame-000110,1,0.02038201,0.480706,2668,762,278,0.92,103.10,67.35,24.85,196.23,0.991228046,-0.124618978,0.043466377,0.006909817,0.0489257,-1.1817336,0.3548297
seq-04/frame-000111,1,0.01044704,0.351956,3005,874,346,0.94,114.92,71.81,11.58,199.25,0.991485435,-0.125864950,0.033102730,0.004342398,0.0650198,-1.1864624,0.3595738
seq-04/frame-000112,1,0.01718205,0.497276,2950,838,312,0.94,116.89,75.32,22.74,215.89,0.991886946,-0.123289090,0.030684814,0.004304631,0.0746024,-1.1800603,0.3563011
seq-04/frame-000113,1,0.04579441,1.192419,2946,786,294,0.93,112.25,62.12,17.25,192.56,0.992765071,-0.117052239,0.026051086,0.006134237,0.0904053,-1.1560125,0.3456962
seq-04/frame-000114,1,0.05085301,1.291257,2810,739,257,0.93,112.90,59.05,25.50,198.38,0.992921501,-0.115141873,0.028657006,0.005293260,0.0690723,-1.1507712,0.3353080
seq-04/frame-000115,1,0.01678816,0.419117,2655,729,291,0.92,104.14,63.83,21.04,189.93,0.992279638,-0.122477389,0.019424765,0.001757070,0.0835048,-1.1817215,0.3490256
seq-04/frame-000116,1,0.01953697,0.432285,2483,694,257,0.91,104.28,55.47,15.19,175.86,0.992392519,-0.122174986,0.014904748,0.002865207,0.0905227,-1.1803589,0.3431252
seq-04/frame-000117,1,0.05043711,1.363505,2597,739,263,0.90,104.97,55.03,17.74,178.65,0.993468762,-0.113843443,0.006987120,0.003266484,0.1120659,-1.1471192,0.3381754
seq-04/frame-000118,1,0.02753357,0.698276,2290,639,246,0.90,93.48,52.41,20.45,167.25,0.993012274,-0.118000513,-0.000691986,0.001422304,0.1132881,-1.1683961,0.3427464
seq-04/frame-000119,1,0.00799095,0.203386,2251,674,267,0.88,93.30,54.53,14.80,163.51,0.992200400,-0.124606918,-0.003351814,-0.000496507,0.1064442,-1.1982623,0.3432668
seq-04/frame-000120,1,0.08790680,2.293583,2314,647,223,0.89,91.47,71.04,29.47,192.87,0.994324751,-0.104821796,-0.017971681,0.002774813,0.1408265,-1.1106309,0.3245740
seq-04/frame-000121,1,0.02400974,0.631465,2065,610,228,0.87,98.08,47.60,16.50,163.05,0.992560711,-0.119460550,-0.023501752,0.000280507,0.1462794,-1.1802310,0.3405046
seq-04/frame-000122,1,0.00420094,0.151871,1982,592,255,0.87,93.79,46.46,8.81,149.94,0.992360479,-0.120888775,-0.024401379,-0.003340209,0.1314637,-1.1977772,0.3446507
seq-04/frame-000123,1,0.01130612,0.303190,1533,490,186,0.86,79.33,37.14,18.90,136.23,0.992781874,-0.114317369,-0.035871827,-0.005376120,0.1388109,-1.1850921,0.3326314
seq-04/frame-000124,1,0.07774384,2.050577,1421,492,190,0.86,74.50,33.55,20.75,129.66,0.994430495,-0.098961866,-0.036139001,-0.002917478,0.1173559,-1.1206012,0.3079655
seq-04/frame-000125,1,0.02976092,0.747487,1485,480,204,0.86,83.39,39.52,14.09,137.86,0.992483119,-0.108465783,-0.055879550,-0.009482054,0.1418644,-1.1643617,0.3192225
seq-04/frame-000126,1,0.03255283,0.803820,1501,472,193,0.92,75.88,34.81,24.53,136.15,0.992302761,-0.107369423,-0.060824960,-0.010361512,0.1417595,-1.1617283,0.3138271
seq-04/frame-000127,1,0.02358030,0.610825,1639,553,236,0.85,81.08,39.36,21.09,142.39,0.991022268,-0.110736174,-0.074423385,-0.008574667,0.1678841,-1.1812790,0.3171177
seq-04/frame-000128,1,0.03592519,0.837933,1643,535,230,0.87,82.38,41.37,16.15,140.77,0.991505906,-0.103326118,-0.078001173,-0.012472736,0.1616901,-1.1578283,0.3109809
seq-04/frame-000129,1,0.02776810,0.673284,1581,526,234,0.87,82.19,33.04,15.47,131.58,0.991309643,-0.100830595,-0.082749539,-0.017055706,0.1496744,-1.1604772,0.3023264
seq-04/frame-000130,1,0.02471226,0.510121,1640,546,244,0.87,78.71,46.36,12.19,138.13,0.990827018,-0.102730667,-0.085638462,-0.019346437,0.1432838,-1.1693095,0.3155583
seq-04/frame-000131,1,0.03661037,0.844901,1476,536,256,1.19,87.15,31.40,10.36,130.10,0.990820693,-0.097044921,-0.091743653,-0.020969983,0.1451907,-1.1569399,0.3010527
seq-04/frame-000132,1,0.00969053,0.269685,1394,483,224,0.86,86.59,27.92,14.65,130.02,0.989717181,-0.102720227,-0.096974226,-0.022460098,0.1538034,-1.1877512,0.3056554
seq-04/frame-000133,1,0.04735590,1.124373,1321,470,216,0.86,85.30,25.88,6.77,118.81,0.990051615,-0.089750968,-0.106205358,-0.021517092,0.1677997,-1.1441633,0.2900222
seq-04/frame-000134,1,0.01114868,0.267620,1245,448,200,0.86,73.27,26.11,15.97,116.21,0.988951636,-0.095986352,-0.109968000,-0.025851917,0.1631071,-1.1756327,0.2919820
seq-04/frame-000135,1,0.03285775,0.810652,1274,485,217,0.86,84.90,29.74,15.41,130.92,0.988554315,-0.091222537,-0.116762142,-0.028379865,0.1540623,-1.1643812,0.2852571
seq-04/frame-000136,1,0.03225265,0.763937,1187,449,213,0.86,66.71,27.62,15.80,111.00,0.987744948,-0.088263048,-0.125421023,-0.028967542,0.1761811,-1.1586968,0.2789400
seq-04/frame-000137,1,0.01790870,0.470194,1306,508,254,0.88,74.87,31.92,12.85,120.52,0.986452058,-0.091659751,-0.133084958,-0.028270513,0.1745481,-1.1701087,0.2856299
seq-04/frame-000138,1,0.01983614,0.437949,1332,501,255,0.89,79.15,27.10,15.35,122.49,0.986110713,-0.090965426,-0.134734161,-0.034024382,0.1694037,-1.1780863,0.2716771
seq-04/frame-000139,1,0.02215468,0.467757,1290,477,232,0.87,67.71,31.11,15.36,115.06,0.985064522,-0.089022144,-0.143862038,-0.032041517,0.1918182,-1.1692568,0.2809856
seq-04/frame-000140,1,0.06150723,1.436452,1228,452,207,0.86,57.44,36.03,8.56,102.89,0.985626521,-0.078969199,-0.145793446,-0.032380512,0.1925117,-1.1317173,0.2617554
seq-04/frame-000141,1,0.00982910,0.311704,1190,455,234,0.87,67.94,32.06,10.49,111.36,0.984231405,-0.086916461,-0.149263690,-0.038136875,0.1759707,-1.1821284,0.2687776
seq-04/frame-000142,1,0.05029301,1.189529,1112,452,222,0.86,63.23,24.59,21.42,110.10,0.984925898,-0.080872311,-0.148236222,-0.037505569,0.1561623,-1.1571503,0.2563415
seq-04/frame-000143,1,0.04520572,1.128568,1026,404,206,0.86,75.73,24.08,6.50,107.17,0.983882822,-0.075686176,-0.157105647,-0.039547575,0.1649675,-1.1473257,0.2514990
seq-04/frame-000144,1,0.03388052,0.839023,1049,416,200,0.86,68.76,21.51,7.09,98.22,0.983109257,-0.075512813,-0.161885097,-0.039839913,0.1725889,-1.1540222,0.2516969
seq-04/frame-000145,1,0.03489417,0.879017,1020,397,188,0.86,63.34,23.65,10.15,97.99,0.982017588,-0.073269322,-0.168371457,-0.043864751,0.1759919,-1.1545240,0.2432116
seq-04/frame-000146,1,0.05563919,1.402846,936,378,177,0.85,76.46,19.79,10.60,107.71,0.981502557,-0.068656091,-0.172627639,-0.046246850,0.1597869,-1.1376849,0.2398176
seq-04/frame-000147,1,0.04926342,1.267670,965,370,168,0.87,61.62,20.64,20.56,103.69,0.980572123,-0.069356947,-0.177470302,-0.046607054,0.1623159,-1.1428144,0.2366465
seq-04/frame-000148,1,0.04364360,1.111535,864,333,172,1.08,72.77,15.56,13.79,103.19,0.979095470,-0.069264586,-0.185251737,-0.047500236,0.1638780,-1.1486132,0.2379350
seq-04/frame-000149,1,0.05181914,1.309353,891,345,178,0.85,58.92,14.23,13.57,87.57,0.978715152,-0.067688717,-0.187913062,-0.047154750,0.1597645,-1.1455628,0.2381717
seq-04/frame-000150,1,0.05968458,1.430782,942,336,161,0.86,68.32,22.04,5.96,97.18,0.977303933,-0.065212118,-0.195258092,-0.049986805,0.1571401,-1.1282221,0.2328338
seq-04/frame-000151,1,0.02840966,0.762274,936,348,170,0.85,71.98,15.12,12.86,100.82,0.975027652,-0.070923362,-0.204036640,-0.051575234,0.1689394,-1.1639633,0.2347646
seq-04/frame-000152,1,0.02447533,0.663740,844,345,177,0.88,74.10,23.70,9.31,107.98,0.973465131,-0.068387278,-0.212285929,-0.051220151,0.1702734,-1.1614891,0.2450005
seq-04/frame-000153,1,0.05781892,1.369194,781,285,117,0.83,60.18,12.90,16.67,90.58,0.973664767,-0.062242916,-0.213474341,-0.050313477,0.1619068,-1.1373386,0.2294318
seq-04/frame-000154,1,0.02259785,0.579099,781,287,152,0.88,55.46,16.80,6.11,79.25,0.970183008,-0.070137378,-0.226085147,-0.052069035,0.1799264,-1.1718651,0.2372747
seq-04/frame-000155,1,0.07617171,1.841849,725,275,142,0.81,54.76,13.98,11.80,81.35,0.969875694,-0.059807271,-0.229833829,-0.054227666,0.1652831,-1.1169480,0.2106375
seq-04/frame-000156,1,0.03751908,0.983372,849,334,173,0.83,62.24,19.83,7.99,90.90,0.967766903,-0.069799808,-0.235503952,-0.055615616,0.1722569,-1.1584147,0.2226295
seq-04/frame-000157,1,0.01240307,0.356414,899,331,174,1.15,61.95,23.37,8.69,95.16,0.965330387,-0.075589625,-0.243762057,-0.054804311,0.1774989,-1.1859587,0.2380421
seq-04/frame-000158,1,0.05147132,1.174307,963,336,157,0.83,81.60,25.23,9.89,117.55,0.964855550,-0.066303049,-0.248085798,-0.055777321,0.1691100,-1.1357412,0.2425971
seq-04/frame-000159,1,0.03878121,0.985527,826,325,177,0.83,61.08,19.21,7.03,88.15,0.964449708,-0.070656963,-0.248045954,-0.057598258,0.1590366,-1.1612831,0.2434809
seq-04/frame-000160,1,0.03153982,0.880739,769,291,146,0.81,55.62,19.94,5.88,82.25,0.962600022,-0.071106002,-0.254997501,-0.057631660,0.1673085,-1.1703452,0.2329770
seq-04/frame-000161,1,0.00721096,0.378340,787,298,159,0.81,67.85,29.65,7.30,105.61,0.959932592,-0.072825630,-0.264338376,-0.057888424,0.1885645,-1.1868937,0.2447979
seq-04/frame-000162,1,0.08405090,1.952056,776,296,147,0.80,59.50,19.50,13.77,93.58,0.960113789,-0.054972237,-0.268231593,-0.056669029,0.1783133,-1.1062568,0.2267084
seq-04/frame-000163,1,0.02710424,0.728139,827,314,167,0.80,61.33,14.33,7.40,83.86,0.957399948,-0.063072993,-0.275319152,-0.060054151,0.1816587,-1.1639969,0.2359375
seq-04/frame-000164,1,0.02593888,0.624626,783,299,154,0.82,54.52,14.49,17.10,86.94,0.956361643,-0.063473250,-0.278594680,-0.061061920,0.1878748,-1.1640849,0.2356998
seq-04/frame-000165,1,0.04679666,1.212134,754,283,145,0.80,63.32,15.73,9.91,89.76,0.956459474,-0.060554912,-0.278543869,-0.062703194,0.1620706,-1.1544579,0.2287772
seq-04/frame-000166,1,0.03015599,0.788596,749,297,168,0.79,61.89,18.65,10.08,91.42,0.954156815,-0.063333213,-0.285726196,-0.062723347,0.1730141,-1.1678550,0.2296214
seq-04/frame-000167,1,0.03102457,0.815696,692,287,161,0.81,65.64,18.51,10.36,95.32,0.952792322,-0.061893716,-0.290252571,-0.064104637,0.1772967,-1.1652155,0.2293752
seq-04/frame-000168,1,0.06735363,1.720625,722,293,149,0.80,59.92,16.37,6.22,83.31,0.952256991,-0.056410895,-0.292370331,-0.067409372,0.1626862,-1.1402745,0.2125052
seq-04/frame-000169,1,0.03484357,0.901986,673,270,143,0.78,61.75,14.58,10.08,87.20,0.948970326,-0.061880160,-0.301664504,-0.068005092,0.1821030,-1.1761240,0.2102397
seq-04/frame-000170,1,0.07745785,1.786553,731,289,148,0.79,60.55,14.17,9.94,85.46,0.949294203,-0.053431501,-0.302416836,-0.067302666,0.1700048,-1.1261730,0.2210053
seq-04/frame-000171,1,0.02036636,0.439483,675,249,145,0.79,61.98,14.39,10.05,87.20,0.945371060,-0.067537928,-0.311442540,-0.068671186,0.1962451,-1.1928927,0.2116751
seq-04/frame-000172,1,0.02993030,0.783383,693,272,157,0.78,51.94,21.75,5.81,80.28,0.944115547,-0.066457584,-0.314894046,-0.071210696,0.1871497,-1.1714751,0.2078820
seq-04/frame-000173,1,0.07342263,1.747559,646,272,152,0.77,52.00,20.75,7.92,81.45,0.945152880,-0.062082346,-0.312339445,-0.072635305,0.1668179,-1.1352868,0.1928474
seq-04/frame-000174,1,0.05378115,1.236980,822,314,178,0.78,67.94,17.58,7.62,93.93,0.942365129,-0.067858609,-0.319627413,-0.071982565,0.1791265,-1.1431316,0.2081413
seq-04/frame-000175,1,0.17111719,3.954157,640,273,141,0.76,63.10,14.37,7.78,86.02,0.941368310,-0.045995878,-0.326883299,-0.069695006,0.2298867,-1.0300608,0.1666218
seq-04/frame-000176,1,0.03184123,0.924116,666,280,154,0.76,53.79,20.55,6.40,81.50,0.939557855,-0.084464924,-0.323116520,-0.075448183,0.1844378,-1.1886314,0.1980300
seq-04/frame-000177,1,0.05877973,1.529064,727,308,185,0.77,61.30,21.33,10.30,93.70,0.939621041,-0.085020147,-0.322816103,-0.075323549,0.1682539,-1.1662967,0.1911681
seq-04/frame-000178,1,0.04215181,1.124388,713,297,170,0.76,55.44,16.54,8.52,81.27,0.937266400,-0.090509580,-0.328221992,-0.074900173,0.1798594,-1.1774192,0.1973276
seq-04/frame-000179,1,0.02916542,0.757751,654,300,166,0.74,54.77,19.95,12.03,87.50,0.934034583,-0.098079196,-0.335417478,-0.073857864,0.1904867,-1.1831767,0.1929703
seq-04/frame-000180,1,0.02624238,0.507514,597,227,121,1.15,62.92,15.17,10.48,89.72,0.929026311,-0.103567329,-0.348033645,-0.071109098,0.2123684,-1.1804531,0.1982031
seq-04/frame-000181,1,0.08357529,2.021584,752,275,160,0.75,64.65,17.08,5.23,87.71,0.929741507,-0.095731664,-0.348362653,-0.071131147,0.1903121,-1.1171352,0.2027765
seq-04/frame-000182,1,0.05126060,1.290163,727,275,175,0.76,51.75,19.83,11.09,83.54,0.926698142,-0.104819164,-0.353837118,-0.071012613,0.1830403,-1.1547222,0.2089616
seq-04/frame-000183,1,0.03421515,0.901750,747,290,165,0.76,58.49,18.68,13.99,91.93,0.924324092,-0.108144554,-0.358735848,-0.072376237,0.1951829,-1.1676832,0.2091961
seq-04/frame-000184,1,0.09351152,2.232377,824,312,175,0.81,68.80,15.35,8.27,93.24,0.924405618,-0.096444742,-0.361719812,-0.073016726,0.1871565,-1.0965769,0.2106888
seq-04/frame-000185,1,0.05427026,1.379623,802,333,198,0.84,59.78,16.82,17.21,94.65,0.923635189,-0.105875435,-0.360738888,-0.074537810,0.1712291,-1.1408200,0.2226012
seq-04/frame-000186,1,0.02886193,0.774127,780,346,214,0.75,59.29,26.73,6.01,92.79,0.921046060,-0.109317237,-0.366782373,-0.072073485,0.1955343,-1.1608704,0.2232965
seq-04/frame-000187,1,0.01010556,0.398537,735,323,207,0.75,62.35,17.46,8.49,89.06,0.918831140,-0.117317131,-0.369793227,-0.072380915,0.1980042,-1.1923068,0.2318676
seq-04/frame-000188,1,0.01188094,0.385770,644,237,130,0.75,49.48,13.89,10.29,74.42,0.917140970,-0.116189819,-0.374732121,-0.070201177,0.2012022,-1.1829808,0.2316593
seq-04/frame-000189,1,0.01526423,0.383129,655,265,164,0.75,60.71,23.60,10.09,95.15,0.913612089,-0.118948193,-0.381834081,-0.073259893,0.2075787,-1.1935934,0.2200701
seq-04/frame-000190,1,0.02713990,0.814701,678,287,178,0.75,59.23,21.42,9.00,90.41,0.913571194,-0.114246146,-0.383106443,-0.074598554,0.1959330,-1.1662700,0.2181001
seq-04/frame-000191,1,0.02931183,0.103822,647,256,162,1.10,56.14,18.40,6.06,81.69,0.909163241,-0.119460267,-0.392351259,-0.072193735,0.2231317,-1.1906136,0.2154343
seq-04/frame-000192,1,0.13235939,3.244354,659,273,166,0.74,55.20,18.93,5.59,80.46,0.912244986,-0.103131978,-0.388669909,-0.078157426,0.1919610,-1.0821300,0.1736150
seq-04/frame-000193,1,0.03286981,0.977639,786,295,172,0.75,54.80,20.34,6.50,82.39,0.907360855,-0.126070553,-0.393384069,-0.077791179,0.1927902,-1.1673165,0.2190266
seq-04/frame-000194,1,0.00744641,0.285654,838,347,218,0.97,68.36,27.69,6.02,103.04,0.903434217,-0.137637019,-0.398648262,-0.077085856,0.2130776,-1.1881196,0.2307005
seq-04/frame-000195,1,0.02193451,0.713137,819,355,212,0.83,58.05,20.45,6.12,85.45,0.903914396,-0.143299296,-0.395063299,-0.079555431,0.1911799,-1.1964287,0.2344708
seq-04/frame-000196,1,0.02036391,0.463143,802,350,221,0.74,53.95,16.96,7.63,79.27,0.903990089,-0.145007703,-0.394514413,-0.078313873,0.2093019,-1.1718743,0.2387125
seq-04/frame-000197,1,0.01758864,0.560365,840,378,248,0.74,67.36,25.02,9.42,102.53,0.904931779,-0.149934226,-0.390070859,-0.080392338,0.2003583,-1.1803433,0.2335569
seq-04/frame-000198,1,0.01926673,0.597646,777,340,220,0.75,65.22,18.51,9.51,93.99,0.907048782,-0.155902569,-0.382900012,-0.079652227,0.1894857,-1.1775483,0.2359241
seq-04/frame-000199,1,0.01446442,0.537378,738,338,215,0.74,64.63,20.72,8.47,94.56,0.907154911,-0.159778924,-0.380966946,-0.080030300,0.1976438,-1.1821441,0.2330816
seq-04/frame-000200,1,0.01761139,0.574711,858,399,241,0.75,67.30,22.55,8.16,98.75,0.908266765,-0.171896664,-0.373473459,-0.077592502,0.1884686,-1.1876368,0.2367109
seq-04/frame-000201,1,0.01345595,0.486605,731,325,216,0.96,67.29,21.85,6.44,96.54,0.908346468,-0.175794350,-0.371537643,-0.077219295,0.1930005,-1.1882784,0.2379503
seq-04/frame-000202,1,0.02389885,0.650823,787,376,250,0.74,55.85,21.40,10.55,88.55,0.909400242,-0.176131034,-0.368869122,-0.076841590,0.1961862,-1.1673591,0.2284059
seq-04/frame-000203,1,0.02580065,0.804462,833,391,258,0.77,58.34,22.28,13.69,95.09,0.910465858,-0.186829930,-0.360714480,-0.077663128,0.1772475,-1.1737580,0.2401206
seq-04/frame-000204,1,0.02366133,0.764505,850,420,290,0.77,64.20,34.67,9.51,109.15,0.910712223,-0.189829181,-0.358623170,-0.077185174,0.1816022,-1.1804502,0.2341452
seq-04/frame-000205,1,0.02058012,0.611023,957,449,301,0.77,69.08,30.35,17.09,117.30,0.911005346,-0.192414610,-0.356758870,-0.075953840,0.1919189,-1.1636748,0.2388183
seq-04/frame-000206,1,0.03012541,0.832659,951,452,281,0.77,59.91,33.45,13.61,107.75,0.913416490,-0.193052115,-0.350550714,-0.074265691,0.1714083,-1.1486536,0.2391320
seq-04/frame-000207,1,0.01210257,0.444987,882,423,281,0.78,60.84,30.24,10.73,102.59,0.912469769,-0.197799084,-0.350221328,-0.074963083,0.1803835,-1.1660185,0.2439272
seq-04/frame-000208,1,0.02452010,0.805005,866,448,286,0.77,59.07,34.82,7.52,102.18,0.914159211,-0.200983441,-0.343596592,-0.076550475,0.1810112,-1.1650027,0.2346055
seq-04/frame-000209,1,0.01852871,0.593394,886,439,301,0.77,70.16,30.09,7.76,108.79,0.914697918,-0.205694904,-0.340212373,-0.072614502,0.1798501,-1.1682216,0.2446145
seq-04/frame-000210,1,0.02075817,0.621897,892,420,271,0.77,63.11,21.20,13.11,98.19,0.915456418,-0.206926792,-0.337690263,-0.071317155,0.1866157,-1.1629882,0.2395328
seq-04/frame-000211,1,0.02560900,0.544174,835,397,254,0.77,58.17,34.43,9.52,102.89,0.915655928,-0.212172553,-0.334047741,-0.070492097,0.1796541,-1.1617153,0.2513169
seq-04/frame-000212,1,0.02402180,0.695271,883,420,287,0.76,57.85,32.40,11.32,102.34,0.917673256,-0.220295090,-0.324348344,-0.064374069,0.1793991,-1.1558112,0.2463687
seq-04/frame-000213,1,0.02965226,0.836561,884,444,292,0.77,63.86,37.31,15.38,117.32,0.918260042,-0.224654744,-0.319544536,-0.064961766,0.1723194,-1.1622074,0.2442235
seq-04/frame-000214,1,0.04623382,1.294264,905,442,292,0.78,57.70,50.07,8.27,116.82,0.920234637,-0.226638762,-0.312771270,-0.063065186,0.1639579,-1.1542254,0.2322368
seq-04/frame-000215,1,0.03490370,0.948519,915,460,294,0.77,76.47,34.96,6.50,118.71,0.919248967,-0.231584080,-0.312400750,-0.061285573,0.1743236,-1.1564027,0.2397017
seq-04/frame-000216,1,0.02572574,0.711368,969,447,305,0.79,61.97,37.90,6.66,107.32,0.918943549,-0.236912602,-0.309677472,-0.059287732,0.1705313,-1.1578905,0.2547406
seq-04/frame-000217,1,0.02487981,0.712860,1037,445,284,0.80,66.32,41.17,9.65,117.94,0.919616271,-0.240064688,-0.305492606,-0.057871650,0.1613123,-1.1588899,0.2610128
seq-04/frame-000218,1,0.01559312,0.523397,1045,486,321,0.80,86.22,32.80,9.61,129.43,0.920236442,-0.239850339,-0.303943756,-0.057051724,0.1704328,-1.1605023,0.2593544
seq-04/frame-000219,1,0.01037025,0.388533,1024,508,313,0.80,70.73,35.45,8.70,115.69,0.920786109,-0.243198818,-0.299579271,-0.057092359,0.1745651,-1.1613179,0.2630795
seq-04/frame-000220,1,0.02443331,0.714923,1046,492,316,0.81,71.85,39.04,12.89,124.59,0.922183277,-0.244646355,-0.294024196,-0.057235796,0.1590023,-1.1561081,0.2664000
seq-04/frame-000221,1,0.01385436,0.454865,1002,480,309,0.80,54.96,35.28,13.64,104.69,0.921698607,-0.247548131,-0.293342569,-0.056051208,0.1710201,-1.1743689,0.2725202
seq-04/frame-000222,1,0.02501867,0.785516,1020,486,301,0.81,70.06,35.89,9.91,116.67,0.923973865,-0.245852161,-0.287591601,-0.055857703,0.1644235,-1.1648723,0.2647956
seq-04/frame-000223,1,0.02444308,0.683988,981,487,299,0.82,57.60,37.96,14.71,111.08,0.924874217,-0.246204863,-0.284571043,-0.054865015,0.1664989,-1.1578185,0.2662646
seq-04/frame-000224,1,0.03319781,0.925144,1022,461,293,0.81,64.91,62.43,13.18,141.33,0.926622238,-0.245840605,-0.279614668,-0.052433417,0.1625581,-1.1506591,0.2640188
seq-04/frame-000225,1,0.02565064,0.728726,1100,510,320,0.81,72.36,43.83,15.43,132.42,0.928358790,-0.248141897,-0.272300772,-0.049273171,0.1625479,-1.1524279,0.2731354
seq-04/frame-000226,1,0.02083899,0.648881,1086,501,300,0.82,71.35,41.16,10.99,124.32,0.929331864,-0.251342943,-0.266485662,-0.046415562,0.1516170,-1.1644463,0.2810865
seq-04/frame-000227,1,0.02852307,0.838739,1102,530,312,0.81,86.94,45.76,15.21,148.72,0.931609987,-0.247871240,-0.262129888,-0.044165616,0.1465507,-1.1537500,0.2790308
seq-04/frame-000228,1,0.02013237,0.637445,1190,521,325,0.81,89.53,36.42,9.93,136.69,0.931591458,-0.248824582,-0.261799522,-0.041045021,0.1606604,-1.1654855,0.2797442
seq-04/frame-000229,1,0.02547363,0.695424,1087,483,295,1.27,82.76,42.98,15.32,142.33,0.932812538,-0.247437604,-0.259036026,-0.039188484,0.1620793,-1.1532318,0.2796411
seq-04/frame-000230,1,0.01914143,0.623107,1061,486,297,0.82,86.17,31.79,16.18,134.96,0.932715206,-0.255313489,-0.251508342,-0.040011512,0.1475593,-1.1816553,0.2858862
seq-04/frame-000231,1,0.04202833,1.121433,1119,524,318,0.82,82.72,36.42,15.03,134.99,0.936357249,-0.253510265,-0.240162832,-0.035909094,0.1389277,-1.1628043,0.2895779
seq-04/frame-000232,1,0.02495513,0.753654,1042,492,297,0.81,69.73,38.17,18.97,127.68,0.935946321,-0.255774480,-0.239477204,-0.035136438,0.1599165,-1.1738827,0.2829174
seq-04/frame-000233,1,0.01633305,0.424769,1009,444,265,0.83,65.83,36.75,12.12,115.53,0.935895953,-0.258718105,-0.237047906,-0.031176883,0.1644662,-1.1636007,0.3047684
seq-04/frame-000234,1,0.03062410,0.998720,1057,438,258,0.82,92.52,40.31,18.55,152.21,0.938767690,-0.257019136,-0.226956819,-0.033867237,0.1392212,-1.1605271,0.3019251
seq-04/frame-000235,1,0.02483889,0.615561,1155,516,312,0.82,71.45,53.59,23.78,149.64,0.938843066,-0.260257174,-0.223604713,-0.028997120,0.1479421,-1.1681356,0.3087661
seq-04/frame-000236,1,0.03793264,1.073885,1165,485,282,0.84,107.00,46.70,15.48,170.02,0.940934397,-0.258447716,-0.216918395,-0.028171781,0.1396237,-1.1565599,0.3015109
seq-04/frame-000237,1,0.02448566,0.742279,1186,482,285,0.83,104.90,60.59,7.05,173.37,0.941230002,-0.261310432,-0.212554475,-0.024970705,0.1365568,-1.1624591,0.3150340
seq-04/frame-000238,1,0.01231538,0.333637,1292,546,303,2.95,133.84,30.80,19.13,186.72,0.941404630,-0.261848967,-0.211497824,-0.021473509,0.1494946,-1.1647748,0.3223770
seq-04/frame-000239,1,0.02754352,0.848719,1195,501,270,0.85,134.89,42.61,15.28,193.63,0.943508702,-0.264105924,-0.199152824,-0.019430457,0.1311267,-1.1694025,0.3232074
seq-04/frame-000240,1,0.03938391,1.164792,1177,471,273,1.99,117.69,29.48,18.31,167.47,0.945712126,-0.260665708,-0.193256565,-0.018271934,0.1249805,-1.1565160,0.3212208
seq-04/frame-000241,1,0.02316792,0.694354,1104,441,245,3.06,79.37,52.23,9.07,143.73,0.945990829,-0.260776194,-0.191961414,-0.015746223,0.1407890,-1.1606515,0.3270659
seq-04/frame-000242,1,0.02552494,0.891517,1126,435,242,0.83,131.63,42.19,8.47,183.12,0.947588909,-0.261417807,-0.182916373,-0.016661050,0.1255857,-1.1683440,0.3272724
seq-04/frame-000243,1,0.02437267,0.839218,1098,416,229,0.84,118.09,50.17,47.69,216.79,0.948972628,-0.261364883,-0.175804300,-0.015238053,0.1218957,-1.1612265,0.3321926
seq-04/frame-000244,1,0.01219940,0.471260,1030,393,209,0.84,100.98,33.59,5.89,141.31,0.949537911,-0.263749345,-0.169297329,-0.012347172,0.1302216,-1.1698559,0.3413881
seq-04/frame-000245,1,0.07809521,2.151461,1090,394,191,0.89,103.49,31.73,15.75,151.86,0.954649080,-0.247377557,-0.165469608,-0.008323852,0.1457225,-1.0999365,0.3316299
seq-04/frame-000246,1,0.02052742,0.662296,971,360,178,0.83,82.90,27.77,8.64,120.15,0.953150020,-0.260090156,-0.154127581,-0.010140982,0.1267439,-1.1598235,0.3566005
seq-04/frame-000247,1,0.01959412,0.665713,1175,450,225,0.84,71.09,32.25,7.55,111.73,0.954470801,-0.260914554,-0.144324040,-0.008925085,0.1209435,-1.1723852,0.3577636
seq-04/frame-000248,1,0.03142500,1.039372,1282,533,292,0.85,67.36,54.71,12.67,135.59,0.956942559,-0.255747759,-0.137130973,-0.007008509,0.1152292,-1.1622066,0.3509593
seq-04/frame-000249,1,0.04393141,1.232836,1373,590,330,0.85,75.10,34.50,11.15,121.60,0.958734673,-0.248775462,-0.137608458,-0.001583727,0.1394065,-1.1464468,0.3446774
seq-04/frame-000250,1,0.04812024,1.294283,1463,613,332,0.86,79.33,36.64,9.12,125.96,0.959605580,-0.247266243,-0.134219589,0.001279754,0.1442262,-1.1413907,0.3423845
seq-04/frame-000251,1,0.04561117,1.311978,1249,494,262,3.26,73.86,31.78,13.65,122.55,0.960205107,-0.248490000,-0.127496369,0.001883735,0.1310346,-1.1380213,0.3503494
seq-04/frame-000252,1,0.05430022,1.613974,1280,504,266,0.83,67.05,37.90,10.08,115.87,0.962050971,-0.246995855,-0.115974529,0.000940654,0.1089320,-1.1358120,0.3492733
seq-04/frame-000253,1,0.03886025,1.086694,1443,576,309,0.85,84.03,43.18,11.16,139.22,0.961735606,-0.249106812,-0.114007973,0.003550035,0.1276642,-1.1472929,0.3646768
seq-04/frame-000254,1,0.03679511,1.031970,1641,673,375,0.85,75.97,42.76,17.93,137.51,0.962671468,-0.247698254,-0.109038388,0.004455277,0.1246917,-1.1466377,0.3691384
seq-04/frame-000255,1,0.03021023,0.900719,1558,613,342,0.84,79.13,46.31,9.88,136.17,0.964295530,-0.244308971,-0.102183801,0.002393232,0.1143226,-1.1542516,0.3841751
seq-04/frame-000256,1,0.02878765,0.887964,1804,728,418,0.84,90.48,48.71,23.67,163.71,0.965797926,-0.239478411,-0.099341765,0.003958649,0.1086853,-1.1546206,0.3832069
seq-04/frame-000257,1,0.02278156,0.654367,1703,743,410,0.86,91.66,46.43,12.44,151.40,0.965868239,-0.238829208,-0.100159978,0.005209034,0.1187072,-1.1602553,0.3958163
seq-04/frame-000258,1,0.03118265,0.892702,1777,708,381,0.86,87.41,40.34,13.65,142.25,0.967561514,-0.234613574,-0.093567949,0.005121260,0.0942195,-1.1548365,0.3932120
seq-04/frame-000259,1,0.02406984,0.734681,1629,631,365,0.84,84.20,55.20,11.08,151.32,0.967946360,-0.232152511,-0.095697149,0.005206838,0.1061975,-1.1570563,0.4022993
seq-04/frame-000260,1,0.01181586,0.243973,1430,523,283,0.85,73.57,39.14,14.31,127.88,0.968883012,-0.229052700,-0.093449420,0.008232573,0.1052506,-1.1666232,0.4126502
seq-04/frame-000261,1,0.01069149,0.308046,1667,670,356,0.84,94.27,47.43,8.72,151.26,0.970042976,-0.224864516,-0.091615862,0.007688197,0.1002426,-1.1758036,0.4162271
seq-04/frame-000262,1,0.02969939,0.884322,1623,642,353,0.84,72.71,36.86,6.94,117.35,0.972178839,-0.216578853,-0.089034155,0.005901217,0.0885345,-1.1641624,0.4071825
seq-04/frame-000263,1,0.02216062,0.687745,1643,646,347,0.85,71.57,44.59,14.10,131.10,0.973011472,-0.212265550,-0.090252437,0.006819816,0.0910678,-1.1647901,0.4161285
seq-04/frame-000264,1,0.02171547,0.626234,1583,622,323,0.84,79.24,39.68,11.25,131.01,0.973728071,-0.208682746,-0.090824072,0.007492918,0.0894654,-1.1675033,0.4215720
seq-04/frame-000265,1,0.00944865,0.238617,1698,697,377,0.85,89.68,37.36,12.79,140.68,0.973604228,-0.209014545,-0.091385747,0.007508100,0.0905940,-1.1892905,0.4291057
seq-04/frame-000266,1,0.03950400,1.102388,1707,687,384,0.95,86.57,46.93,9.34,143.80,0.975555762,-0.198570204,-0.093638153,0.009629388,0.1009299,-1.1599743,0.4242131
seq-04/frame-000267,1,0.03538323,0.954679,1539,603,324,0.85,82.69,52.30,14.24,150.08,0.975998363,-0.197459168,-0.091141947,0.011411269,0.0967087,-1.1694091,0.4326000
seq-04/frame-000268,1,0.03046169,0.845886,1615,659,342,0.85,82.50,47.65,10.67,141.67,0.977084674,-0.194145275,-0.086581096,0.010810485,0.0853641,-1.1746984,0.4323991
seq-04/frame-000269,1,0.01968372,0.497488,1475,610,328,0.86,84.59,48.77,16.79,151.02,0.977790528,-0.194691757,-0.076826166,0.010887724,0.0697598,-1.1911186,0.4382186
seq-04/frame-000270,1,0.01892615,0.485860,1373,532,281,0.85,73.16,40.00,12.81,126.82,0.978664603,-0.191936937,-0.072095458,0.013343583,0.0720849,-1.1889490,0.4480156
seq-04/frame-000271,1,0.04298690,1.218687,1440,539,264,0.84,73.11,36.79,13.24,123.99,0.981018780,-0.182126188,-0.065069780,0.014075819,0.0604974,-1.1596115,0.4477111
seq-04/frame-000272,1,0.03664819,0.983794,1352,541,281,0.87,74.68,40.95,15.28,131.79,0.981033675,-0.182364168,-0.063382247,0.017289563,0.0848441,-1.1682273,0.4509092
seq-04/frame-000273,1,0.02779968,0.727958,1418,550,261,0.86,67.88,47.23,14.39,130.36,0.981619452,-0.183274225,-0.050695642,0.016240763,0.0593564,-1.1772984,0.4460792
seq-04/frame-000274,1,0.04056162,1.170594,1445,578,273,0.85,67.14,38.64,24.10,130.73,0.981783046,-0.182703000,-0.048278425,0.019770133,0.0771454,-1.1741923,0.4617798
seq-04/frame-000275,1,0.02460067,0.668468,1521,571,299,0.86,76.87,37.37,12.19,127.30,0.982014228,-0.185544182,-0.027761136,0.021230438,0.0479315,-1.1851805,0.4624081
seq-04/frame-000276,1,0.05369564,1.537242,1564,588,325,0.87,81.05,26.71,12.49,121.13,0.983189646,-0.179247161,-0.025696039,0.023415584,0.0665232,-1.1548471,0.4662274
seq-04/frame-000277,1,0.03053041,0.864056,1620,620,313,0.85,78.86,31.73,8.73,120.18,0.982609899,-0.183761228,-0.015192519,0.021881130,0.0453214,-1.1764639,0.4768356
seq-04/frame-000278,1,0.04008054,1.187229,1735,658,314,1.13,94.17,45.48,11.85,152.63,0.983378594,-0.180050006,-0.008887933,0.021668896,0.0432541,-1.1738627,0.4702094
seq-04/frame-000279,1,0.01676458,0.411851,1995,773,377,0.86,92.66,64.93,12.03,170.48,0.982176368,-0.186721752,-0.001262538,0.021516888,0.0287380,-1.1999943,0.4832264
seq-04/frame-000280,1,0.01236286,0.338455,1936,761,386,0.85,97.12,51.92,11.19,161.09,0.982216371,-0.186290075,0.003193491,0.023169178,0.0431869,-1.2047897,0.4991535
seq-04/frame-000281,1,0.02523435,0.734374,2277,811,391,0.87,97.58,60.75,18.71,177.92,0.983106252,-0.181461544,0.007048284,0.022893812,0.0402987,-1.1919977,0.4963460
seq-04/frame-000282,1,0.03120175,0.901255,2473,854,407,0.90,109.16,80.68,18.17,208.92,0.983312698,-0.180276967,0.008500013,0.022893273,0.0432458,-1.1881631,0.5009354
seq-04/frame-000283,1,0.02552318,0.715412,2387,901,421,1.41,108.88,63.36,13.17,186.82,0.983114613,-0.181187684,0.011623527,0.022838006,0.0388091,-1.1932788,0.5063010
seq-04/frame-000284,1,0.01847077,0.545818,2519,888,413,0.90,96.97,65.48,8.35,171.71,0.983182819,-0.180601354,0.017738327,0.020495043,0.0220395,-1.1947176,0.5085279
seq-04/frame-000285,1,0.04390102,1.271540,2118,764,352,0.88,108.37,56.68,15.38,181.32,0.982727065,-0.182921085,0.013947031,0.024348987,0.0609416,-1.2063582,0.5263572
seq-04/frame-000286,1,0.01914383,0.626162,2021,753,351,0.87,93.67,48.52,11.86,154.91,0.983125965,-0.179922436,0.024700323,0.021935103,0.0304546,-1.2064771,0.5234888
seq-04/frame-000287,1,0.04466819,1.315277,2204,795,376,0.89,93.78,51.89,15.10,161.66,0.983800238,-0.176304347,0.022922805,0.022987237,0.0539281,-1.1974987,0.5236746
seq-04/frame-000288,1,0.02753701,0.851613,2519,882,428,0.91,97.69,59.60,14.68,172.88,0.984192611,-0.172608021,0.035254059,0.018125292,0.0104430,-1.1901273,0.5201172
seq-04/frame-000289,1,0.02934489,0.851875,2453,887,404,0.90,93.08,63.23,13.57,170.80,0.983609491,-0.175390344,0.037314495,0.018926834,0.0284457,-1.2045060,0.5343464
seq-04/frame-000290,1,0.04803317,1.405837,2750,941,420,0.91,107.74,66.50,18.20,193.35,0.984740031,-0.168104581,0.041224634,0.018123229,0.0201022,-1.1782487,0.5255489
seq-04/frame-000291,1,0.02308209,0.686406,2759,974,431,0.92,118.48,78.84,17.22,215.46,0.983625323,-0.173324684,0.046750793,0.015941809,0.0021746,-1.1956828,0.5361657
seq-04/frame-000292,1,0.05162282,1.525029,2787,967,431,0.92,111.10,64.39,19.48,195.90,0.984695628,-0.167897546,0.043311658,0.017579385,0.0231236,-1.1763831,0.5330871
seq-04/frame-000293,1,0.02308853,0.690697,2794,945,411,0.94,115.85,70.37,9.73,196.89,0.983413795,-0.173436622,0.050305936,0.016922110,0.0001992,-1.1997570,0.5466075
seq-04/frame-000294,1,0.02564049,0.713555,2793,995,456,0.94,129.94,69.96,15.58,216.42,0.983702420,-0.172077107,0.049564468,0.016198199,0.0022426,-1.1943329,0.5508517
seq-04/frame-000295,1,0.01275257,0.347582,2776,1012,446,0.93,115.29,65.81,16.20,198.23,0.983226512,-0.174010895,0.052728595,0.014336332,-0.0156131,-1.2067369,0.5547289
seq-04/frame-000296,1,0.02783819,0.797592,2613,970,429,0.91,104.93,67.17,15.50,188.51,0.983872447,-0.170656173,0.051992176,0.012972711,-0.0211761,-1.1941670,0.5498658
seq-04/frame-000297,1,0.02115464,0.585132,2486,946,422,0.92,99.80,71.87,17.48,190.08,0.983518036,-0.174161458,0.046048334,0.015479385,-0.0099037,-1.2007666,0.5610215
seq-04/frame-000298,1,0.01831234,0.540710,2460,922,428,0.91,98.91,65.20,16.43,181.45,0.983615850,-0.174150600,0.044363504,0.014258627,-0.0146129,-1.2015712,0.5640882
seq-04/frame-000299,1,0.02377406,0.620237,2427,890,422,0.90,96.45,67.41,12.95,177.70,0.983004898,-0.176278606,0.049455915,0.013466113,-0.0439641,-1.2134415,0.5688321
seq-04/frame-000300,1,0.02241372,0.621588,2329,877,405,0.89,87.84,54.50,12.40,155.64,0.984055034,-0.172323558,0.041293370,0.015334268,-0.0187361,-1.1986949,0.5693133
seq-04/frame-000301,1,0.01648637,0.403342,2090,786,388,0.89,94.35,47.93,21.44,164.62,0.984250999,-0.172279098,0.036587832,0.015205712,-0.0216433,-1.2056957,0.5814284
seq-04/frame-000302,1,0.02894006,0.799063,1880,713,342,0.88,84.06,38.35,17.25,140.55,0.984393074,-0.171338752,0.037610083,0.014099264,-0.0452675,-1.2107562,0.5847944
seq-04/frame-000303,1,0.02838152,0.788257,1794,688,311,0.87,88.12,34.01,14.21,137.21,0.985796812,-0.164713133,0.027874786,0.017240207,-0.0261197,-1.1958930,0.5789815
seq-04/frame-000304,1,0.00781114,0.144649,1752,657,314,0.87,84.07,36.49,10.77,132.20,0.984840395,-0.170958747,0.021392985,0.020120737,-0.0204902,-1.2176346,0.5864452
seq-04/frame-000305,1,0.03000971,0.842884,2378,853,405,0.91,102.60,60.45,8.97,172.94,0.985750582,-0.166400255,0.015557822,0.019097084,-0.0280766,-1.1926260,0.5778553
seq-04/frame-000306,1,0.01959870,0.552312,2525,937,452,2.00,114.19,62.22,15.36,193.77,0.984557748,-0.173384033,0.008675098,0.022555724,-0.0012180,-1.2134054,0.5910195
seq-04/frame-000307,1,0.01621309,0.507828,2308,864,447,0.89,97.95,47.80,12.29,158.94,0.984247828,-0.175147957,0.007275096,0.022945137,0.0031304,-1.2256465,0.5972397
seq-04/frame-000308,1,0.01245089,0.316339,2282,858,419,0.90,95.67,68.10,10.56,175.23,0.985401462,-0.168762269,0.008102696,0.020918910,-0.0046405,-1.2171765,0.5971108
seq-04/frame-000309,1,0.00375872,0.159546,2035,801,410,0.88,101.48,51.68,13.28,167.32,0.985170835,-0.170210197,0.006977767,0.020450554,-0.0105970,-1.2298216,0.6020327
seq-04/frame-000310,1,0.00465203,0.156465,2097,804,400,0.87,94.73,70.08,13.29,178.98,0.985754261,-0.166928766,0.003243752,0.020317545,-0.0061014,-1.2264007,0.5994473
seq-04/frame-000311,1,0.00565811,0.155954,1971,751,359,0.89,90.55,54.72,16.66,162.83,0.986012694,-0.165268276,0.001223496,0.021537598,-0.0047710,-1.2264325,0.6017820
seq-04/frame-000312,1,0.01754843,0.480547,1785,683,362,0.87,79.35,55.06,13.03,148.31,0.986510732,-0.161967238,-0.008658247,0.022095803,0.0036761,-1.2152290,0.6021457
seq-04/frame-000313,1,0.00705641,0.190971,1842,703,375,0.89,83.95,46.44,14.35,145.63,0.986237449,-0.163233777,-0.011741754,0.023506566,0.0050891,-1.2229678,0.6097559
seq-04/frame-000314,1,0.00370774,0.069850,2027,747,383,0.91,80.69,44.41,17.22,143.24,0.986336012,-0.162572349,-0.013076928,0.023248604,0.0014845,-1.2259839,0.6108776
seq-04/frame-000315,1,0.01675602,0.469452,1994,772,406,0.91,85.50,54.11,8.04,148.56,0.986129450,-0.163319107,-0.020248039,0.021577645,0.0260167,-1.2249235,0.6187938
seq-04/frame-000316,1,0.01801651,0.453762,1826,724,376,0.88,72.67,47.73,9.01,130.28,0.986290520,-0.162715002,-0.019750956,0.019098126,0.0328117,-1.2207314,0.6217856
seq-04/frame-000317,1,0.02206862,0.593117,1906,725,355,0.88,85.07,50.12,12.84,148.91,0.986777469,-0.160248580,-0.017102056,0.017266706,0.0343192,-1.2140987,0.6233164
seq-04/frame-000318,1,0.02643716,0.793387,2045,740,344,0.88,100.50,48.07,11.18,160.63,0.987206165,-0.157481056,-0.016570207,0.018685090,0.0354346,-1.2115378,0.6273305
seq-04/frame-000319,1,0.00404191,0.107046,1710,643,304,1.79,87.02,48.08,22.89,159.79,0.986534352,-0.161152430,-0.019671098,0.019822052,0.0503558,-1.2393935,0.6465481
seq-04/frame-000320,1,0.00721590,0.250545,1589,614,301,0.86,76.13,27.72,16.87,121.58,0.987353958,-0.156049377,-0.019856130,0.019659275,0.0574111,-1.2365915,0.6497262
seq-04/frame-000321,1,0.00619353,0.136355,1752,646,310,0.87,84.30,37.28,9.98,132.42,0.987859927,-0.153251273,-0.016929624,0.018978916,0.0549154,-1.2387967,0.6507438
seq-04/frame-000322,1,0.00946293,0.225020,1838,673,317,1.20,90.15,43.64,7.57,142.57,0.987969349,-0.152404356,-0.018833565,0.018296867,0.0806037,-1.2494591,0.6637901
seq-04/frame-000323,1,0.01492048,0.468602,2014,715,335,0.89,99.58,39.91,11.19,151.57,0.987807155,-0.154022923,-0.016390357,0.015662701,0.0701225,-1.2597427,0.6768858
seq-04/frame-000324,1,0.01014752,0.312965,2080,718,321,0.90,84.37,45.48,28.48,159.23,0.988371824,-0.150650111,-0.015139217,0.014017366,0.0675115,-1.2487935,0.6744874
seq-04/frame-000325,1,0.00302182,0.081646,1789,622,299,0.88,103.92,53.31,19.42,177.53,0.988195255,-0.151465137,-0.017705865,0.014661253,0.0850930,-1.2455391,0.6823494
seq-04/frame-000326,1,0.01357945,0.449187,1453,522,225,0.86,81.45,39.34,11.82,133.47,0.988089804,-0.151880792,-0.018584069,0.016290988,0.1051909,-1.2447792,0.7004303
seq-04/frame-000327,1,0.00318669,0.259433,1580,554,230,0.88,75.26,34.28,38.12,148.54,0.988294109,-0.151778291,-0.007957842,0.013220304,0.1118325,-1.2493183,0.7023793
seq-04/frame-000328,1,0.00887831,0.306471,1622,573,254,0.87,86.89,33.68,18.31,139.75,0.988640438,-0.149696495,-0.005727471,0.012175404,0.1172636,-1.2425311,0.7058882
seq-04/frame-000329,1,0.00734778,0.315616,1670,551,241,0.86,88.09,31.42,18.23,138.60,0.988167654,-0.152695137,-0.004537107,0.013722157,0.1318670,-1.2587742,0.7172184
seq-04/frame-000330,1,0.01415186,0.356859,2089,636,284,0.89,83.62,49.79,18.27,152.57,0.989136342,-0.146384503,-0.002548173,0.013205360,0.1320958,-1.2453943,0.7075673
seq-04/frame-000331,1,0.00946166,0.320758,2105,663,262,0.89,94.56,42.95,8.73,147.13,0.987734616,-0.155837743,-0.001373551,0.009645702,0.1328013,-1.2617396,0.7204794
seq-04/frame-000332,1,0.02478807,0.656720,1905,618,251,0.87,96.65,46.40,23.64,167.56,0.988851139,-0.148675590,0.001130304,0.008229022,0.1313936,-1.2419945,0.7135684
seq-04/frame-000333,1,0.01879170,0.511159,1824,648,279,0.89,94.52,45.43,23.86,164.71,0.988536591,-0.150879678,0.003076186,0.004611638,0.1350632,-1.2548283,0.7203855
seq-04/frame-000334,1,0.01145628,0.348225,2131,675,272,0.89,98.83,53.70,20.63,174.06,0.988002386,-0.154232569,0.003430301,0.007199561,0.1457329,-1.2652961,0.7318895
seq-04/frame-000335,1,0.02068411,0.521047,1955,586,237,0.88,86.97,37.94,20.88,146.66,0.988678933,-0.149851026,0.005415778,0.005413628,0.1411534,-1.2612249,0.7276915
seq-04/frame-000336,1,0.01480517,0.348630,2359,725,311,0.91,100.86,57.52,17.61,176.89,0.989041505,-0.147503355,0.002362961,0.005837631,0.1437519,-1.2582210,0.7290723
seq-04/frame-000337,1,0.02713390,0.915387,2086,637,255,0.89,99.86,55.15,11.49,167.39,0.988090087,-0.153704444,-0.000304028,0.007268554,0.1590143,-1.2861767,0.7454265
seq-04/frame-000338,1,0.02088066,0.527903,1933,631,258,0.87,86.16,49.08,16.78,152.90,0.989361652,-0.145393793,0.000744861,0.004859274,0.1498723,-1.2736270,0.7406018
seq-04/frame-000339,1,0.02510693,0.873382,2116,669,271,0.89,86.27,49.82,14.10,151.09,0.988749325,-0.149418463,-0.004805726,0.005079368,0.1551513,-1.2882176,0.7475038
seq-04/frame-000340,1,0.00803194,0.181480,1998,625,245,0.87,91.33,51.24,21.15,164.61,0.989754408,-0.142350817,-0.009672781,0.005375257,0.1645797,-1.2694304,0.7503844
seq-04/frame-000341,1,0.06103457,1.628559,2007,627,252,0.88,87.22,45.11,16.65,149.86,0.991170631,-0.132557907,0.000854302,0.002907098,0.1144645,-1.2465293,0.7406913
seq-04/frame-000342,1,0.02115961,0.597959,2091,659,258,0.89,94.21,47.28,24.28,166.65,0.990248179,-0.138935263,-0.008769449,0.005351011,0.1464872,-1.2683779,0.7494419
seq-04/frame-000343,1,0.03515115,1.106042,2172,678,277,0.90,87.28,45.38,23.77,157.33,0.989503392,-0.143988405,-0.012143983,0.001703039,0.1450644,-1.2932663,0.7621445
seq-04/frame-000344,1,0.01785193,0.631771,2253,696,274,0.91,111.09,51.42,13.82,177.24,0.989863219,-0.140863308,-0.017933452,0.002593701,0.1650190,-1.2820976,0.7665232
seq-04/frame-000345,1,0.01207578,0.367800,2157,684,265,0.90,99.58,45.44,21.72,167.64,0.990368599,-0.137200861,-0.018516732,0.001758809,0.1672173,-1.2748496,0.7638796
seq-04/frame-000346,1,0.02741298,0.889621,1959,637,269,0.89,84.86,40.40,13.97,140.13,0.990473768,-0.136732995,-0.016240523,-0.001431486,0.1431954,-1.2817441,0.7717410
seq-04/frame-000347,1,0.04757334,1.447855,1919,618,248,0.89,102.99,58.53,21.97,184.37,0.990025331,-0.140030546,-0.015140956,-0.003470159,0.1297677,-1.2995189,0.7728664
seq-04/frame-000348,1,0.03402618,1.086978,1933,605,243,0.89,83.83,42.49,17.91,145.12,0.990392163,-0.137226003,-0.016917246,-0.002488848,0.1308434,-1.2843817,0.7760894
seq-04/frame-000349,1,0.01914441,0.668587,2057,651,276,0.90,95.61,46.01,14.37,156.89,0.990175351,-0.138072674,-0.021996022,-0.002210347,0.1443606,-1.2816797,0.7806069
seq-04/frame-000350,1,0.02442923,0.905634,2075,652,269,2.48,118.77,50.54,25.96,197.75,0.989705467,-0.140981797,-0.024638308,0.000418654,0.1553790,-1.2895945,0.7970074
seq-04/frame-000351,1,0.01816829,0.631334,1882,650,279,0.90,89.48,61.81,27.83,180.01,0.990221393,-0.137801276,-0.021732060,0.000345810,0.1385657,-1.2826720,0.7881168
seq-04/frame-000352,1,0.01159893,0.322091,2117,663,278,0.89,99.11,49.67,11.91,161.59,0.990530156,-0.135433547,-0.022533578,-0.000046074,0.1397217,-1.2702040,0.7925392
seq-04/frame-000353,1,0.01854588,0.627443,1980,650,268,0.89,91.02,54.30,21.59,167.80,0.989959144,-0.139851195,-0.020296532,0.003253840,0.1345222,-1.2777919,0.8082127
seq-04/frame-000354,1,0.02471755,0.856059,1902,673,307,0.90,87.87,45.88,17.89,152.54,0.989736061,-0.141939151,-0.016453991,0.002252490,0.1248686,-1.2793942,0.8073901
seq-04/frame-000355,1,0.01618866,0.568424,1884,671,272,0.86,89.24,33.44,17.75,141.30,0.989789244,-0.141610186,-0.016066255,0.002383826,0.1248347,-1.2639374,0.8084986
seq-04/frame-000356,1,0.00838946,0.391617,2095,732,303,0.89,102.80,60.56,24.80,189.05,0.988975839,-0.146821462,-0.018357898,0.005765054,0.1453736,-1.2630825,0.8240065
seq-04/frame-000357,1,0.01012297,0.213084,1934,681,276,0.87,90.65,52.98,18.62,163.13,0.989419233,-0.144062600,-0.016694836,0.004102527,0.1395599,-1.2482965,0.8154484
seq-04/frame-000358,1,0.03683307,1.193069,2090,691,304,0.90,93.76,49.30,10.25,154.20,0.987926454,-0.154655920,-0.008930118,0.001766742,0.1087994,-1.2773652,0.8275405
seq-04/frame-000359,1,0.03438420,1.250014,2038,688,285,0.89,89.32,50.42,20.51,161.14,0.987182015,-0.158704431,-0.015728155,0.006099006,0.1364369,-1.2880334,0.8439952
seq-04/frame-000360,1,0.03756108,1.143788,1567,586,260,0.87,86.82,40.02,16.50,144.21,0.988112239,-0.153116743,-0.011488144,0.007582196,0.0959301,-1.2582360,0.8337110
seq-04/frame-000361,1,0.00725004,0.326856,1934,697,327,0.89,86.71,42.00,16.12,145.73,0.987978522,-0.152667067,-0.021248778,0.011819339,0.1309101,-1.2554524,0.8382606
seq-04/frame-000362,1,0.01313749,0.345524,2002,658,305,0.89,87.80,57.47,19.86,166.02,0.988629911,-0.148320644,-0.021126522,0.012866857,0.1258297,-1.2385531,0.8378030
seq-04/frame-000363,1,0.02657023,0.795952,1938,681,324,0.89,81.77,52.70,15.62,150.98,0.987807807,-0.154452957,-0.016924590,0.009673628,0.1059429,-1.2580489,0.8351318
seq-04/frame-000364,1,0.01800205,0.533286,2099,685,314,0.89,95.45,62.17,10.15,168.66,0.987918222,-0.153480259,-0.019529666,0.008943670,0.1144942,-1.2451528,0.8422626
seq-04/frame-000365,1,0.00606030,0.326965,1654,591,284,0.84,80.75,42.86,10.16,134.61,0.987293514,-0.157556849,-0.018833484,0.008523878,0.1176326,-1.2443862,0.8401699
seq-04/frame-000366,1,0.01607648,0.627094,1941,674,311,0.87,82.60,39.61,13.64,136.72,0.986337687,-0.163724000,-0.017105415,0.006310600,0.1127781,-1.2500461,0.8451639
seq-04/frame-000367,1,0.01863208,0.725052,2141,741,331,0.89,98.84,47.78,20.18,167.70,0.986300353,-0.164068454,-0.015893012,0.006369287,0.1119583,-1.2470591,0.8499707
seq-04/frame-000368,1,0.01678717,0.682773,1997,695,299,0.89,96.66,49.37,15.37,162.29,0.986135029,-0.164801921,-0.018079012,0.007154077,0.1274778,-1.2455021,0.8515457
seq-04/frame-000369,1,0.02054300,0.623482,2037,752,345,0.89,99.23,49.78,12.13,162.04,0.986442394,-0.163657837,-0.011016670,0.005113663,0.1017033,-1.2409215,0.8434941
seq-04/frame-000370,1,0.01893626,0.595941,2067,775,365,0.89,104.51,35.75,14.03,155.19,0.986228757,-0.164882075,-0.011747894,0.005359862,0.1027543,-1.2379520,0.8474252
seq-04/frame-000371,1,0.02411534,0.928125,2148,737,328,0.90,93.04,56.85,12.29,163.08,0.985185589,-0.170435148,-0.017404076,0.007636302,0.1225109,-1.2517121,0.8543310
seq-04/frame-000372,1,0.02023357,0.696495,2042,727,332,0.89,85.62,61.44,11.00,158.96,0.985648585,-0.167930221,-0.015277462,0.007931445,0.1092863,-1.2437537,0.8507634
seq-04/frame-000373,1,0.01485546,0.485206,1976,721,338,0.88,107.29,69.10,17.05,194.32,0.985925368,-0.165995545,-0.018508888,0.007353210,0.1078998,-1.2348212,0.8464790
seq-04/frame-000374,1,0.02725916,0.979757,2047,722,338,0.88,104.57,62.47,18.50,186.42,0.985345166,-0.169543440,-0.017049879,0.007695980,0.0980072,-1.2461780,0.8450916
seq-04/frame-000375,1,0.01433779,0.498090,2035,750,350,1.40,122.37,57.35,18.22,199.34,0.985811426,-0.166387432,-0.021133648,0.006665140,0.1064758,-1.2337394,0.8442194
seq-04/frame-000376,1,0.00687642,0.230694,2084,790,374,0.88,80.80,67.88,10.80,160.37,0.986084092,-0.164354322,-0.023989617,0.007093564,0.1123637,-1.2284088,0.8445506
seq-04/frame-000377,1,0.01196085,0.350974,1995,758,355,0.89,104.61,61.64,17.44,184.58,0.986968199,-0.158979581,-0.024323430,0.005257235,0.1089568,-1.2098845,0.8352818
seq-04/frame-000378,1,0.01428921,0.422670,1943,723,374,0.89,89.31,48.97,13.41,152.57,0.986119200,-0.164241723,-0.024271366,0.002116527,0.0974503,-1.2148033,0.8378929
seq-04/frame-000379,1,0.01069666,0.292333,1674,698,347,0.88,96.13,42.29,15.78,155.08,0.985941125,-0.164770711,-0.027573939,0.003223215,0.0999877,-1.2173446,0.8389865
seq-04/frame-000380,1,0.01570677,0.463183,1602,650,307,0.87,90.81,54.29,25.20,171.17,0.986390217,-0.161757328,-0.029405089,0.002060756,0.0945557,-1.2027800,0.8375366
seq-04/frame-000381,1,0.00445808,0.249559,1704,673,336,0.88,92.97,49.04,22.88,165.77,0.985371922,-0.166953435,-0.034103407,0.002384092,0.1018150,-1.2130082,0.8405853
seq-04/frame-000382,1,0.02447867,0.724338,1979,729,333,0.89,111.31,57.09,10.50,179.79,0.986138292,-0.162936388,-0.031348698,-0.000512424,0.0844471,-1.1985131,0.8353478
seq-04/frame-000383,1,0.01775309,0.510142,1921,693,320,0.89,106.51,50.72,10.42,168.55,0.985983612,-0.163467247,-0.033354717,-0.001496379,0.0907305,-1.2009349,0.8362521
seq-04/frame-000384,1,0.01456404,0.463750,1854,663,322,0.88,175.37,61.60,10.94,248.79,0.985528829,-0.166264311,-0.032845205,-0.003208997,0.0840947,-1.2068189,0.8358052
seq-04/frame-000385,1,0.01125909,0.351423,1786,698,334,0.88,101.95,50.20,9.26,162.30,0.985345028,-0.166559425,-0.036635785,-0.003309504,0.0836631,-1.1965569,0.8387729
seq-04/frame-000386,1,0.01721126,0.548214,1725,693,360,0.89,90.71,59.55,22.17,173.32,0.985212539,-0.167146366,-0.037436523,-0.004105045,0.0779670,-1.1967653,0.8354870
seq-04/frame-000387,1,0.01403291,0.431575,1660,668,346,0.88,99.83,48.80,20.00,169.51,0.984712197,-0.169619195,-0.039394911,-0.004388481,0.0763039,-1.1948074,0.8401649
seq-04/frame-000388,1,0.01039191,0.333637,1645,663,333,3.04,97.46,45.04,15.56,161.11,0.984380837,-0.170839631,-0.042382253,-0.003454341,0.0809632,-1.1923048,0.8406389
seq-04/frame-000389,1,0.01973289,0.615471,1787,714,367,0.89,94.63,59.09,14.78,169.39,0.983885801,-0.173793436,-0.041737941,-0.004745136,0.0718245,-1.1982545,0.8430226
seq-04/frame-000390,1,0.01096735,0.383154,1643,696,348,0.88,87.57,41.36,20.01,149.81,0.984103877,-0.172063139,-0.043745081,-0.004494777,0.0761479,-1.1877372,0.8415551
seq-04/frame-000391,1,0.00522289,0.174210,1832,700,360,0.90,100.24,51.47,28.58,181.19,0.983152495,-0.176772502,-0.046284269,-0.004518806,0.0818862,-1.1833153,0.8488888
seq-04/frame-000392,1,0.01265090,0.403155,1810,753,400,0.89,98.43,56.01,13.51,168.83,0.983299475,-0.176248021,-0.045081552,-0.005141207,0.0749938,-1.1813723,0.8495556
seq-04/frame-000393,1,0.01694776,0.559395,1557,670,365,0.86,101.08,37.54,16.97,156.45,0.983779035,-0.173457119,-0.045514541,-0.004457011,0.0752116,-1.1662029,0.8446396
seq-04/frame-000394,1,0.01145019,0.360241,1659,681,367,0.87,103.45,43.64,8.04,156.00,0.982987974,-0.177823676,-0.045825350,-0.003663324,0.0778669,-1.1672062,0.8476791
seq-04/frame-000395,1,0.02665692,0.809054,1713,685,347,0.89,87.69,35.65,14.08,138.31,0.982957269,-0.179280080,-0.040410665,-0.004542945,0.0600854,-1.1656946,0.8530100
seq-04/frame-000396,1,0.02636515,0.826189,1440,605,323,0.87,87.35,26.11,14.38,128.71,0.981913568,-0.185187824,-0.039188158,-0.003937342,0.0545719,-1.1639405,0.8550567
seq-04/frame-000397,1,0.01998804,0.675750,1616,667,354,0.86,91.37,30.86,10.96,134.06,0.981939696,-0.183773856,-0.044861048,-0.003014887,0.0729111,-1.1484193,0.8541203
seq-04/frame-000398,1,0.00325280,0.070904,1572,634,353,0.87,84.30,38.71,6.38,130.25,0.980694484,-0.189966801,-0.046359947,-0.001303292,0.0777422,-1.1593699,0.8626547
seq-04/frame-000399,1,0.01796828,0.601766,1668,645,341,0.85,87.86,48.86,9.96,147.54,0.981071073,-0.188797113,-0.043007817,-0.002350862,0.0620017,-1.1479776,0.8604826
seq-04/frame-000400,1,0.01333558,0.400870,1748,735,387,0.86,89.73,52.90,10.15,153.64,0.980241774,-0.192453967,-0.045661100,-0.001612490,0.0698631,-1.1518143,0.8662649
seq-04/frame-000401,1,0.02239809,0.769420,1687,710,396,0.87,82.65,40.02,8.35,131.89,0.980857279,-0.188917915,-0.047176130,-0.001852662,0.0761154,-1.1323688,0.8633212
seq-04/frame-000402,1,0.01227514,0.398727,1754,735,385,0.90,96.18,34.18,15.31,146.57,0.979790356,-0.194552748,-0.046417509,-0.002345413,0.0769592,-1.1424228,0.8704242
seq-04/frame-000403,1,0.00819134,0.255162,1791,706,376,0.88,84.46,39.09,10.00,134.43,0.979508572,-0.196157338,-0.045617862,-0.002065723,0.0755417,-1.1430425,0.8740372
seq-04/frame-000404,1,0.00870444,0.231953,1779,741,391,0.88,93.67,43.51,14.49,152.55,0.978895944,-0.199463381,-0.044435401,-0.001607914,0.0783265,-1.1429726,0.8799754
seq-04/frame-000405,1,0.00889422,0.257606,1763,721,350,0.87,88.43,42.15,11.92,143.36,0.978995027,-0.199361283,-0.042700839,-0.000674371,0.0778485,-1.1394708,0.8818713
seq-04/frame-000406,1,0.01147699,0.358674,1838,761,400,0.87,87.72,32.84,10.50,131.94,0.979158813,-0.198600866,-0.042487540,-0.000723457,0.0802574,-1.1327032,0.8862488
seq-04/frame-000407,1,0.00907619,0.283005,1807,758,413,1.47,85.20,35.50,14.43,136.61,0.979364271,-0.197762784,-0.041658801,-0.000225839,0.0811841,-1.1308092,0.8871336
seq-04/frame-000408,1,0.01318462,0.452229,1807,774,396,0.87,88.03,39.63,13.87,142.40,0.979641861,-0.196647248,-0.040391042,0.000498184,0.0782527,-1.1242958,0.8861475
seq-04/frame-000409,1,0.01049378,0.322851,1790,797,438,0.88,96.59,44.36,14.42,156.25,0.979105864,-0.199383534,-0.039966481,0.000771362,0.0774201,-1.1270591,0.8907239
seq-04/frame-000410,1,0.00606139,0.159729,1874,829,455,0.88,93.09,48.81,14.23,157.02,0.978871480,-0.200485395,-0.040163439,0.001769380,0.0811358,-1.1276357,0.8951038
seq-04/frame-000411,1,0.01685164,0.525172,1769,781,429,0.88,83.09,37.48,10.15,131.61,0.978687956,-0.201803389,-0.037956414,0.002141995,0.0723883,-1.1203762,0.8977350
seq-04/frame-000412,1,0.01542772,0.504588,1787,785,440,0.88,85.57,33.70,17.97,138.12,0.978912897,-0.200606315,-0.038483416,0.002381958,0.0731128,-1.1163978,0.9002764
seq-04/frame-000413,1,0.01973500,0.623822,1659,731,396,0.86,81.46,34.35,9.30,125.97,0.978895965,-0.200734594,-0.038234779,0.002532666,0.0715254,-1.1142762,0.8982009
seq-04/frame-000414,1,0.01332827,0.433618,1761,731,399,0.88,93.89,48.31,11.45,154.53,0.978455801,-0.202592054,-0.039614777,0.003372671,0.0769315,-1.1144170,0.9035065
seq-04/frame-000415,1,0.01353293,0.466922,1763,728,408,0.88,95.25,42.81,10.87,149.81,0.977993807,-0.205006986,-0.038412391,0.004973690,0.0746131,-1.1222226,0.9101090
seq-04/frame-000416,1,0.01758196,0.569789,1666,703,388,0.86,82.06,40.73,12.99,136.63,0.978817585,-0.200988258,-0.038589964,0.005538065,0.0713799,-1.1108053,0.9041345
seq-04/frame-000417,1,0.01222840,0.406480,1772,753,416,0.88,82.83,43.49,9.00,136.19,0.978317642,-0.202975491,-0.040658243,0.006515304,0.0783876,-1.1090899,0.9092258
seq-04/frame-000418,1,0.01503489,0.486773,1815,747,402,0.88,84.79,52.33,11.69,149.69,0.978017304,-0.204719604,-0.038999253,0.007148105,0.0737016,-1.1113349,0.9163129
seq-04/frame-000419,1,0.00787424,0.251596,1741,736,408,1.00,82.97,37.72,11.85,133.54,0.978048929,-0.204162944,-0.040614664,0.009393255,0.0836271,-1.1093957,0.9205927
seq-04/frame-000420,1,0.01303848,0.437984,1652,716,382,1.28,87.11,41.51,18.04,147.94,0.978104773,-0.204131576,-0.039703893,0.008059325,0.0799741,-1.1036247,0.9200522
seq-04/frame-000421,1,0.01303054,0.422961,1734,716,389,0.88,75.05,34.52,10.29,120.75,0.977841126,-0.205351222,-0.039795319,0.008598873,0.0798732,-1.1037577,0.9255233
seq-04/frame-000422,1,0.01308716,0.438366,1783,755,403,0.89,86.14,40.75,10.26,138.04,0.978190889,-0.203635731,-0.040177086,0.007802229,0.0816784,-1.0998678,0.9261367
seq-04/frame-000423,1,0.01549863,0.478208,1643,702,387,0.86,84.41,40.18,11.43,136.89,0.978181698,-0.203881113,-0.039163515,0.007699098,0.0800303,-1.0972514,0.9259171
seq-04/frame-000424,1,0.00880732,0.254681,1739,729,406,0.87,89.67,43.85,7.37,141.76,0.977817924,-0.205514910,-0.039796693,0.007207821,0.0854709,-1.0958692,0.9308940
seq-04/frame-000425,1,0.01749727,0.597659,1685,693,384,0.87,95.88,46.27,11.07,154.09,0.977781492,-0.206364540,-0.036030959,0.007668117,0.0754237,-1.0953463,0.9347235
seq-04/frame-000426,1,0.01398373,0.457629,1588,658,375,0.85,85.17,38.15,9.92,134.10,0.977289248,-0.208519614,-0.036884107,0.008053509,0.0786940,-1.0941471,0.9340940
seq-04/frame-000427,1,0.00806994,0.208158,1798,740,396,0.87,88.15,44.47,9.60,143.10,0.976737346,-0.210854609,-0.038037890,0.008809607,0.0892241,-1.0910101,0.9393796
seq-04/frame-000428,1,0.01443591,0.484721,1696,691,381,1.20,80.10,40.18,11.39,132.87,0.976903095,-0.210258604,-0.037118566,0.008594969,0.0848151,-1.0852965,0.9397647
seq-04/frame-000429,1,0.01362962,0.455520,1707,708,385,0.87,78.81,47.32,20.44,147.45,0.976633472,-0.211268350,-0.038253797,0.009454800,0.0860699,-1.0846749,0.9423910
seq-04/frame-000430,1,0.00983301,0.348593,1761,719,380,0.87,75.28,37.51,12.01,125.68,0.976635548,-0.211229154,-0.038656335,0.008422493,0.0851934,-1.0805540,0.9448569
seq-04/frame-000431,1,0.00953877,0.290276,1724,684,354,0.88,73.35,37.00,12.03,123.27,0.976050742,-0.213838759,-0.038932800,0.009064883,0.0868694,-1.0860688,0.9486587
seq-04/frame-000432,1,0.01695039,0.639055,1478,622,354,0.84,72.04,48.63,15.46,136.98,0.976770685,-0.210631186,-0.038431657,0.008748733,0.0846779,-1.0704619,0.9428451
seq-04/frame-000433,1,0.01355229,0.514627,1665,686,380,0.85,77.42,42.80,15.47,136.55,0.975960941,-0.214246783,-0.039044943,0.008605276,0.0898865,-1.0699990,0.9493655
seq-04/frame-000434,1,0.00774736,0.251008,1719,721,391,0.87,78.86,44.25,12.73,136.71,0.975403055,-0.216744738,-0.039040794,0.009296004,0.0939920,-1.0732272,0.9538901
seq-04/frame-000435,1,0.00791134,0.248716,1599,673,380,0.85,89.35,28.69,12.41,131.30,0.975231561,-0.217813696,-0.037301027,0.009446181,0.0889319,-1.0729348,0.9525038
seq-04/frame-000436,1,0.00879107,0.358047,1558,658,354,0.85,74.64,41.11,20.17,136.76,0.974793744,-0.219932260,-0.036428777,0.008938759,0.0858413,-1.0669037,0.9549934
seq-04/frame-000437,1,0.00510487,0.142693,1821,708,382,0.86,81.09,62.11,8.86,152.93,0.973599025,-0.224980365,-0.037274273,0.009970057,0.0894386,-1.0727490,0.9628557
seq-04/frame-000438,1,0.00993481,0.329779,1790,670,366,0.87,88.21,57.13,14.10,160.31,0.974029556,-0.223216137,-0.036389387,0.010807099,0.0855282,-1.0647418,0.9622263
seq-04/frame-000439,1,0.01528159,0.564220,1403,619,347,0.84,72.31,35.28,9.38,117.81,0.974152261,-0.222544510,-0.037067852,0.011282169,0.0840738,-1.0571991,0.9575678
seq-04/frame-000440,1,0.00945550,0.204298,1516,625,354,0.84,74.78,28.31,14.22,118.15,0.972043208,-0.231378431,-0.037700820,0.013216348,0.0864453,-1.0676426,0.9662627
seq-04/frame-000441,1,0.01049316,0.283675,1760,674,350,0.86,75.89,51.30,10.26,138.31,0.972182803,-0.230859081,-0.037510136,0.012556764,0.0855881,-1.0594784,0.9698223
seq-04/frame-000442,1,0.00885836,0.256127,1684,679,360,0.87,84.22,39.28,13.06,137.42,0.972292610,-0.230244284,-0.038307299,0.012930621,0.0868145,-1.0578455,0.9710901
seq-04/frame-000443,1,0.00825675,0.213668,1526,631,332,0.84,75.16,46.63,12.07,134.72,0.971766261,-0.232432253,-0.038317911,0.013316112,0.0843192,-1.0567710,0.9719083
seq-04/frame-000444,1,0.00790870,0.157475,1710,677,366,0.88,80.30,45.90,8.32,135.40,0.971014304,-0.235350691,-0.039340124,0.013915007,0.0871726,-1.0591738,0.9767136
seq-04/frame-000445,1,0.00873519,0.300947,1696,683,351,0.86,72.81,44.00,20.57,138.24,0.971806478,-0.232294941,-0.037856129,0.014076301,0.0830233,-1.0471022,0.9750721
seq-04/frame-000446,1,0.01400991,0.443748,1678,701,374,0.85,72.52,34.29,13.47,121.14,0.971399762,-0.234099550,-0.037189618,0.014029814,0.0819431,-1.0472345,0.9750636
seq-04/frame-000447,1,0.00567294,0.134314,1674,671,360,0.86,88.17,33.51,8.58,131.13,0.970685546,-0.237173842,-0.036511081,0.013604391,0.0828497,-1.0482975,0.9815975
seq-04/frame-000448,1,0.00604378,0.121360,1717,637,329,0.87,91.01,40.87,10.17,142.93,0.970780645,-0.236683739,-0.036993624,0.014043461,0.0894412,-1.0459450,0.9841311
seq-04/frame-000449,1,0.01022065,0.334591,1708,661,355,0.85,77.78,39.32,13.46,131.42,0.971270611,-0.235094482,-0.034192656,0.013958760,0.0831060,-1.0393682,0.9821376
seq-04/frame-000450,1,0.00837980,0.154005,1650,661,361,0.85,80.28,38.81,16.26,136.20,0.969959791,-0.240433667,-0.034300720,0.013896588,0.0868907,-1.0468565,0.9871540
seq-04/frame-000451,1,0.00691037,0.234795,1741,666,347,1.19,87.93,41.33,14.71,145.16,0.970583307,-0.237797438,-0.034800849,0.014468038,0.0927676,-1.0351474,0.9882313
seq-04/frame-000452,1,0.01126785,0.266057,1740,684,363,0.87,83.55,48.66,10.19,143.28,0.969848009,-0.241128522,-0.031852999,0.015403307,0.0875577,-1.0433181,0.9920504
seq-04/frame-000453,1,0.00905375,0.215114,1631,669,349,0.86,84.80,46.83,7.58,140.07,0.969778076,-0.241491234,-0.031561431,0.014708589,0.0882978,-1.0397278,0.9932082
seq-04/frame-000454,1,0.00831247,0.192782,1773,701,342,0.87,103.19,45.80,14.49,164.35,0.969528082,-0.242452602,-0.031785486,0.014890126,0.0909781,-1.0358996,0.9982818
seq-04/frame-000455,1,0.01127422,0.276497,1831,736,383,0.86,95.99,42.93,13.08,152.86,0.969456502,-0.242723320,-0.031308081,0.016102347,0.0902489,-1.0381965,1.0005092
seq-04/frame-000456,1,0.01102812,0.319094,1667,638,328,0.85,71.48,48.01,14.52,134.86,0.969798516,-0.241382843,-0.031062130,0.016133964,0.0870344,-1.0345454,1.0002094
seq-04/frame-000457,1,0.00873508,0.070851,1653,658,358,0.85,96.30,32.66,18.77,148.58,0.969594308,-0.241886252,-0.033417149,0.016162062,0.0907655,-1.0294991,0.9983136
seq-04/frame-000458,1,0.00597001,0.026763,1759,670,349,0.86,77.94,41.10,12.20,132.10,0.969336109,-0.242850040,-0.033789435,0.016420714,0.0955216,-1.0255019,1.0038531
seq-04/frame-000459,1,0.00971377,0.247678,1728,663,327,0.86,96.90,44.76,10.09,152.61,0.968821106,-0.245032700,-0.032588419,0.016811794,0.0936303,-1.0293342,1.0074856
seq-04/frame-000460,1,0.00840454,0.183329,1408,580,315,0.83,77.83,29.23,14.27,122.17,0.969065633,-0.244265356,-0.031085020,0.016731892,0.0889022,-1.0215706,1.0034515
seq-04/frame-000461,1,0.01030044,0.334897,1667,669,326,0.84,78.93,45.89,11.00,136.67,0.968900123,-0.244757742,-0.032436867,0.016554436,0.0942881,-1.0121330,1.0049732
seq-04/frame-000462,1,0.00671102,0.156295,1731,671,347,1.18,99.46,39.38,6.31,146.33,0.968640678,-0.245592299,-0.032750330,0.018629980,0.0979171,-1.0117863,1.0119027
seq-04/frame-000463,1,0.01160489,0.285893,1647,665,352,0.86,79.17,38.23,8.65,126.91,0.968859220,-0.245096792,-0.030005076,0.018413871,0.0883130,-1.0127913,1.0106522
seq-04/frame-000464,1,0.01506731,0.561564,1394,541,300,0.84,69.99,34.49,6.52,111.84,0.969052561,-0.244258209,-0.030551607,0.018484066,0.0891069,-1.0012748,1.0082286
seq-04/frame-000465,1,0.00999807,0.375738,1621,644,314,0.85,73.30,40.57,12.14,126.86,0.968209939,-0.247273342,-0.032613124,0.019020842,0.0959938,-1.0000579,1.0147526
seq-04/frame-000466,1,0.00904211,0.193695,1629,626,316,0.86,92.59,34.80,10.20,138.46,0.967837846,-0.248718306,-0.032490801,0.019325007,0.0945974,-1.0028590,1.0185293
seq-04/frame-000467,1,0.01278852,0.475540,1517,598,318,0.84,83.15,29.51,16.38,129.88,0.968437206,-0.246410070,-0.032644421,0.018595631,0.0944913,-0.9926789,1.0168546
seq-04/frame-000468,1,0.00888900,0.190998,1581,601,299,0.85,85.00,32.03,12.26,130.14,0.967480056,-0.250108227,-0.032416945,0.019425718,0.0954902,-0.9968779,1.0216213
seq-04/frame-000469,1,0.00838384,0.027009,1658,604,314,0.85,81.92,37.72,8.17,128.66,0.967247981,-0.251063948,-0.031830898,0.019622211,0.0948477,-0.9969943,1.0265181
seq-04/frame-000470,1,0.00852310,0.179538,1593,599,313,0.86,83.69,41.00,18.85,144.41,0.967817895,-0.248899338,-0.031538081,0.019570156,0.0963452,-0.9912116,1.0263356
seq-04/frame-000471,1,0.00898995,0.316263,1518,633,317,0.84,86.16,42.81,12.51,142.32,0.967726708,-0.249182859,-0.032078768,0.019592725,0.0997465,-0.9878958,1.0260653
seq-04/frame-000472,1,0.00885603,0.152740,1679,642,331,0.85,88.77,37.38,12.14,139.14,0.967194619,-0.251703478,-0.028959732,0.018473287,0.0923279,-0.9874619,1.0306550
seq-04/frame-000473,1,0.00875673,0.164971,1614,586,317,0.85,75.33,36.98,7.78,120.95,0.967366729,-0.251066892,-0.028349988,0.019060595,0.0936610,-0.9870209,1.0367702
seq-04/frame-000474,1,0.00871121,0.121009,1598,606,314,0.86,84.97,43.13,9.74,138.70,0.967389456,-0.251104552,-0.027077899,0.019259610,0.0931958,-0.9884671,1.0359517
seq-04/frame-000475,1,0.00769256,0.104694,1636,591,305,0.86,87.17,40.31,12.53,140.87,0.967170461,-0.251815634,-0.027714882,0.020051705,0.0977317,-0.9861795,1.0383045
seq-04/frame-000476,1,0.00656350,0.078177,1647,617,295,0.85,86.58,37.22,13.36,138.02,0.967219449,-0.251629742,-0.027715770,0.020021143,0.0989561,-0.9833122,1.0416215
seq-04/frame-000477,1,0.00837619,0.145215,1620,608,301,0.85,81.10,29.66,9.66,121.28,0.967732311,-0.249830807,-0.025732271,0.020410606,0.0927612,-0.9780802,1.0399457
seq-04/frame-000478,1,0.00871917,0.377915,1486,569,279,0.84,73.50,33.15,5.77,113.26,0.967678999,-0.249965033,-0.025807370,0.021185317,0.0940959,-0.9714412,1.0418780
seq-04/frame-000479,1,0.01228777,0.425897,1540,590,297,0.85,73.59,30.14,6.03,110.62,0.967451573,-0.250817794,-0.025787475,0.021514984,0.0959027,-0.9663462,1.0415364
seq-04/frame-000480,1,0.00826426,0.356357,1629,569,268,0.86,80.45,38.67,13.51,133.50,0.967117125,-0.251964367,-0.026452015,0.022331938,0.1016114,-0.9649470,1.0471634
seq-04/frame-000481,1,0.00930864,0.276025,1631,626,298,0.85,82.80,40.83,13.15,137.63,0.966612177,-0.254090001,-0.024016295,0.022855814,0.0923717,-0.9679006,1.0481171
seq-04/frame-000482,1,0.00671324,0.106493,1664,626,296,0.85,87.11,44.92,6.99,139.87,0.965691046,-0.257347637,-0.025487858,0.023735329,0.0978826,-0.9694004,1.0538060
seq-04/frame-000483,1,0.01184500,0.269455,1751,625,291,0.87,87.54,34.92,11.81,135.14,0.965742616,-0.257308336,-0.023895575,0.023719624,0.0923008,-0.9687679,1.0561539
seq-04/frame-000484,1,0.01321588,0.327246,1465,542,272,0.84,78.96,33.44,10.78,124.02,0.966224775,-0.255467342,-0.023823176,0.024053636,0.0887222,-0.9612377,1.0518533
seq-04/frame-000485,1,0.01342072,0.419694,1507,545,261,0.84,86.99,40.33,7.18,135.34,0.965460929,-0.258155777,-0.024106010,0.025684419,0.0873451,-0.9578181,1.0562663
seq-04/frame-000486,1,0.01127343,0.164794,1763,626,290,0.98,80.83,45.13,14.08,141.02,0.964485482,-0.261472858,-0.027471650,0.025397017,0.0957489,-0.9609800,1.0609600
seq-04/frame-000487,1,0.01231185,0.247265,1639,547,246,0.85,79.91,41.83,13.33,135.92,0.964329544,-0.262049395,-0.027257671,0.025605934,0.0966953,-0.9615164,1.0631016
seq-04/frame-000488,1,0.00937235,0.188898,1502,539,259,0.84,75.33,45.06,19.38,140.62,0.964630743,-0.260980046,-0.026914359,0.025545309,0.0941125,-0.9531654,1.0638748
seq-04/frame-000489,1,0.00768441,0.130343,1628,588,284,0.85,81.76,42.40,11.83,136.85,0.964663399,-0.260595560,-0.028855366,0.026112239,0.1020238,-0.9485968,1.0671729
seq-04/frame-000490,1,0.00760294,0.074180,1545,557,264,0.85,66.70,39.22,8.68,115.45,0.964492241,-0.261444894,-0.027627816,0.025258431,0.1016207,-0.9504221,1.0693317
seq-04/frame-000491,1,0.01538977,0.723962,1322,473,221,0.84,64.52,33.67,14.45,113.48,0.965296374,-0.258715931,-0.026044181,0.024303872,0.0998435,-0.9351626,1.0646431
seq-04/frame-000492,1,0.00682390,0.073855,1424,502,249,1.32,81.75,24.59,7.78,115.45,0.963485562,-0.265630644,-0.024230272,0.023427067,0.1008767,-0.9425042,1.0728162
seq-04/frame-000493,1,0.01010791,0.215249,1506,529,244,0.83,73.82,28.83,9.37,112.86,0.962627655,-0.268999079,-0.021613036,0.022811636,0.0987601,-0.9463756,1.0759995
seq-04/frame-000494,1,0.00812691,0.163826,1496,554,259,0.85,71.82,29.38,10.83,112.88,0.962706001,-0.268865185,-0.020845407,0.021774701,0.0979827,-0.9393978,1.0756865
seq-04/frame-000495,1,0.00775382,0.230932,1610,554,257,0.86,75.43,27.99,12.17,116.44,0.962120681,-0.271001308,-0.020079425,0.021883854,0.0981110,-0.9365685,1.0808129
seq-04/frame-000496,1,0.00648768,0.152604,1595,551,243,0.86,71.77,22.96,6.65,102.24,0.962123705,-0.270727624,-0.020828788,0.024304124,0.0998111,-0.9357326,1.0818037
seq-04/frame-000497,1,0.01374729,0.596687,1509,514,226,1.24,77.10,20.10,8.42,106.86,0.962967991,-0.267415911,-0.024351039,0.024257092,0.1074014,-0.9228006,1.0768586
seq-04/frame-000498,1,0.01042172,0.394643,1546,513,237,0.85,72.37,21.27,8.18,102.67,0.961385015,-0.272904200,-0.025812374,0.024410473,0.1144572,-0.9317311,1.0846528
seq-04/frame-000499,1,0.00879751,0.379928,1592,566,254,0.85,73.03,21.06,7.98,102.92,0.962106341,-0.270599834,-0.022791381,0.024650990,0.1083303,-0.9243342,1.0848138
