frame,ok,trans_err_m,rot_err_deg,keypoints,matches,inliers,ms_decode,ms_extract,ms_match,ms_pose,ms_total,qw,qx,qy,qz,tx,ty,tz
seq-03/frame-000000,1,0.04459031,1.079366,1832,1441,1297,1.83,393.91,105.96,11.66,513.36,0.982336710,-0.184747422,0.023313668,-0.018424228,-0.0088442,-0.7887264,-0.6882724
seq-03/frame-000001,1,0.03962266,0.972815,1824,1484,1335,2.38,391.69,113.56,12.54,520.18,0.982218270,-0.185396058,0.023246470,-0.018307715,-0.0134705,-0.7842905,-0.6856303
seq-03/frame-000002,1,0.04123392,1.018442,1724,1407,1274,1.84,419.91,109.79,11.45,543.00,0.982024984,-0.186496014,0.022598068,-0.018316510,-0.0102573,-0.7857069,-0.6835991
seq-03/frame-000003,1,0.04449135,1.100664,1811,1437,1316,1.23,414.11,104.07,10.68,530.09,0.981837169,-0.187578600,0.022223238,-0.017781169,-0.0087918,-0.7877734,-0.6797556
seq-03/frame-000004,1,0.04372651,1.109684,1770,1411,1289,1.21,418.12,94.88,14.05,528.27,0.982113179,-0.186327978,0.021046643,-0.017106359,-0.0069121,-0.7839783,-0.6796573
seq-03/frame-000005,1,0.04457950,1.082824,1751,1392,1243,1.16,377.77,129.52,11.42,519.87,0.981983401,-0.186998705,0.021398737,-0.016798175,-0.0074914,-0.7868452,-0.6786077
seq-03/frame-000006,1,0.04581449,1.137579,1817,1505,1368,1.05,381.56,128.74,15.00,526.35,0.982044476,-0.186763620,0.020965364,-0.016384501,-0.0048448,-0.7872610,-0.6750163
seq-03/frame-000007,1,0.04501188,1.143427,1803,1478,1344,2.69,413.39,106.81,15.88,538.79,0.982160299,-0.186297088,0.020705963,-0.015026823,-0.0054104,-0.7861634,-0.6745579
seq-03/frame-000008,1,0.04707734,1.190868,1765,1434,1289,1.13,434.81,94.33,10.93,541.20,0.982072422,-0.186876088,0.020166332,-0.014297029,-0.0038316,-0.7852622,-0.6722078
seq-03/frame-000009,1,0.03596720,0.745236,1841,1516,1378,1.10,431.25,100.74,16.80,549.90,0.981991889,-0.187079547,0.021484224,-0.015218427,-0.0121556,-0.7844736,-0.6726518
seq-03/frame-000010,1,0.03015763,0.705431,1233,1076,985,0.96,73.22,94.42,9.91,178.51,0.982036704,-0.187133777,0.018279650,-0.015834001,-0.0192048,-0.7819294,-0.6657357
seq-03/frame-000011,1,0.02284748,0.517998,1099,917,810,1.33,94.86,65.40,13.20,174.79,0.982353061,-0.185610847,0.014711574,-0.017738274,-0.0267213,-0.7763435,-0.6613016
seq-03/frame-000012,1,0.01732574,0.468438,994,843,743,0.91,93.95,66.23,18.42,179.52,0.982441743,-0.185365108,0.009257114,-0.019034308,-0.0271845,-0.7841245,-0.6682021
seq-03/frame-000013,1,0.02427120,0.628870,1188,1060,944,1.02,108.08,81.39,17.21,207.69,0.982678730,-0.183756725,-0.005805179,-0.023286883,-0.0200149,-0.7848935,-0.6413536
seq-03/frame-000014,1,0.01244566,0.336821,1236,1058,955,1.03,108.20,78.12,8.15,195.50,0.982621530,-0.183534903,-0.009045719,-0.026230568,-0.0301988,-0.7854614,-0.6377222
seq-03/frame-000015,1,0.02317513,0.567764,1323,1174,1042,1.38,93.30,72.82,12.33,179.82,0.981296435,-0.188596842,-0.022508549,-0.031335333,-0.0190651,-0.7906603,-0.6086863
seq-03/frame-000016,1,0.02383200,0.574583,1414,1216,1066,0.95,102.68,86.54,22.72,212.89,0.980549620,-0.191350057,-0.027595945,-0.033853550,-0.0177497,-0.7943533,-0.5965744
seq-03/frame-000017,1,0.01926321,0.307120,1484,1235,1097,1.39,108.13,86.66,15.70,211.88,0.979815895,-0.193615964,-0.032932658,-0.037270768,-0.0147171,-0.7935399,-0.5796672
seq-03/frame-000018,1,0.02308981,0.567820,1529,1328,1176,0.98,118.89,80.97,8.56,209.40,0.978650417,-0.196756966,-0.041771352,-0.042251779,-0.0140013,-0.7970630,-0.5508783
seq-03/frame-000019,1,0.02514131,0.634346,1667,1418,1270,0.96,107.65,88.31,11.58,208.50,0.977991750,-0.198571232,-0.046809256,-0.043709229,-0.0097633,-0.7974589,-0.5327742
seq-03/frame-000020,1,0.02395616,0.572090,1649,1403,1251,0.97,78.18,72.09,10.66,161.91,0.976797619,-0.202023719,-0.054371447,-0.045788368,-0.0078740,-0.8067782,-0.5044067
seq-03/frame-000021,1,0.02413604,0.582698,1707,1470,1303,0.99,119.59,93.74,14.65,228.98,0.976415074,-0.202035436,-0.059578829,-0.047388271,-0.0034387,-0.8029504,-0.4869132
seq-03/frame-000022,1,0.02143627,0.462415,1750,1478,1342,0.97,140.95,83.26,14.29,239.48,0.975877470,-0.203461051,-0.062402072,-0.048710831,-0.0041082,-0.8073764,-0.4713841
seq-03/frame-000023,1,0.02294906,0.514180,1834,1537,1386,0.97,103.61,108.40,12.46,225.45,0.975322524,-0.203342802,-0.068678573,-0.051777729,0.0007410,-0.8148678,-0.4419797
seq-03/frame-000024,1,0.01950627,0.393683,1912,1593,1454,0.99,96.60,93.41,13.68,204.69,0.975274564,-0.202359232,-0.071208931,-0.053099480,0.0020173,-0.8140005,-0.4283848
seq-03/frame-000025,1,0.01721996,0.321437,1877,1555,1426,0.99,85.15,88.02,10.90,185.07,0.974729730,-0.201690261,-0.075286185,-0.059623667,0.0038859,-0.8184817,-0.4033139
seq-03/frame-000026,1,0.01956493,0.351803,1760,1455,1334,1.19,83.97,96.70,19.68,201.54,0.974013263,-0.202331642,-0.078912285,-0.064287807,0.0075695,-0.8245893,-0.3870489
seq-03/frame-000027,1,0.01738323,0.284451,1632,1352,1226,1.43,85.50,89.38,23.01,199.31,0.973560077,-0.199038351,-0.086801377,-0.070922720,0.0136783,-0.8273320,-0.3594679
seq-03/frame-000028,1,0.01565200,0.243131,1606,1380,1253,0.90,84.86,89.12,13.86,188.74,0.973169574,-0.197702975,-0.091320542,-0.074263535,0.0161837,-0.8301446,-0.3461511
seq-03/frame-000029,1,0.02584448,0.809220,1869,1644,1493,0.97,91.76,84.41,12.34,189.49,0.972619485,-0.194394794,-0.097051752,-0.082480049,0.0202304,-0.8406210,-0.3237778
seq-03/frame-000030,1,0.01222224,0.187087,1635,1403,1290,0.94,71.52,86.75,11.87,171.09,0.972563390,-0.192103765,-0.099191496,-0.085893206,0.0280517,-0.8437126,-0.3082640
seq-03/frame-000031,1,0.01238798,0.254284,1598,1396,1272,0.94,80.95,83.43,13.63,178.95,0.972667965,-0.189067266,-0.101213709,-0.089030240,0.0326897,-0.8501838,-0.2962597
seq-03/frame-000032,1,0.01762731,0.354656,1922,1695,1570,1.34,137.36,106.31,14.88,259.89,0.971957549,-0.189185159,-0.104067211,-0.093153181,0.0384350,-0.8697005,-0.2745234
seq-03/frame-000033,1,0.01685856,0.354417,1731,1509,1393,0.94,95.53,86.03,16.23,198.74,0.971893669,-0.187509745,-0.104221570,-0.096956984,0.0446733,-0.8745702,-0.2639438
seq-03/frame-000034,1,0.01612934,0.388420,1837,1594,1471,0.94,80.64,94.51,17.08,193.18,0.972116491,-0.183484231,-0.105139250,-0.101335102,0.0525398,-0.8792135,-0.2386104
seq-03/frame-000035,1,0.02048906,0.466996,1635,1388,1288,0.91,117.82,90.24,17.44,226.41,0.972065095,-0.182360060,-0.108951755,-0.099818712,0.0586286,-0.8877889,-0.2270611
seq-03/frame-000036,1,0.02825171,1.143679,1777,1468,1357,0.94,100.98,101.83,10.84,214.59,0.972156806,-0.180135751,-0.113235287,-0.098183633,0.0638062,-0.8919250,-0.2184731
seq-03/frame-000037,1,0.01728566,0.474027,2231,1899,1758,1.04,102.77,121.80,14.63,240.23,0.971108751,-0.180115617,-0.122428609,-0.097557133,0.0846043,-0.8945335,-0.1963992
seq-03/frame-000038,1,0.02169972,0.130536,1673,1312,1198,1.30,88.14,88.42,25.36,203.22,0.970717940,-0.181687799,-0.123028761,-0.097776010,0.0952914,-0.8995936,-0.1830030
seq-03/frame-000039,1,0.02242191,0.580169,1586,1282,1161,0.96,89.70,84.48,10.96,186.10,0.970703335,-0.184169550,-0.117017076,-0.100616185,0.1047547,-0.9064362,-0.1598862
seq-03/frame-000040,1,0.01728572,0.505508,1785,1407,1291,0.97,74.32,90.99,15.19,181.47,0.971022233,-0.183415397,-0.115814394,-0.100307735,0.1134291,-0.9018815,-0.1415753
seq-03/frame-000041,1,0.02032155,0.598432,1958,1533,1366,0.99,93.27,100.55,20.78,215.60,0.972053605,-0.183248702,-0.112974304,-0.093640317,0.1248953,-0.8973452,-0.1205207
seq-03/frame-000042,1,0.02745438,0.714726,1626,1339,1173,0.94,102.99,84.33,21.53,209.81,0.971530242,-0.186666151,-0.112000899,-0.093490828,0.1303055,-0.9021394,-0.1089082
seq-03/frame-000043,1,0.02580930,0.744164,1381,1175,1011,0.92,73.05,67.35,16.40,157.72,0.971824017,-0.190157385,-0.105793747,-0.090586598,0.1444221,-0.8978799,-0.0799826
seq-03/frame-000044,1,0.02130626,0.660983,1430,1191,1028,0.93,82.54,73.83,15.30,172.61,0.972083309,-0.190926908,-0.103335836,-0.089009334,0.1536526,-0.8921423,-0.0647337
seq-03/frame-000045,1,0.02452343,0.747973,1141,887,742,0.94,77.52,48.69,12.64,139.81,0.972114069,-0.195646923,-0.096454600,-0.086098950,0.1669249,-0.8952092,-0.0367210
seq-03/frame-000046,1,0.02118389,0.606801,1133,890,722,1.37,87.41,69.39,19.55,177.73,0.971859171,-0.198794350,-0.092533911,-0.086069932,0.1848728,-0.9032855,-0.0200483
seq-03/frame-000047,1,0.01478420,0.474192,1716,1357,1202,0.97,77.49,89.43,10.57,178.47,0.973411843,-0.194958170,-0.085236952,-0.084825460,0.1989731,-0.8973820,0.0047767
seq-03/frame-000048,1,0.01218266,0.302591,1460,1177,1013,0.96,80.81,68.24,10.44,160.46,0.973769188,-0.195133355,-0.084664383,-0.080799044,0.2114155,-0.8998682,0.0172496
seq-03/frame-000049,1,0.01413620,0.535256,1138,898,747,0.91,81.76,65.12,14.34,162.14,0.974666114,-0.196065964,-0.076126441,-0.076084619,0.2318635,-0.9069646,0.0474280
seq-03/frame-000050,1,0.00753531,0.441211,1400,1112,963,0.91,81.02,65.54,12.86,160.34,0.975609953,-0.192620112,-0.071847703,-0.076945559,0.2350514,-0.9013028,0.0561590
seq-03/frame-000051,1,0.01098802,0.516335,1588,1263,1106,0.97,93.79,82.11,18.82,195.69,0.976087799,-0.191453316,-0.070564907,-0.074958863,0.2435043,-0.9052504,0.0734647
seq-03/frame-000052,1,0.01690373,0.422896,1877,1460,1323,1.04,89.09,97.20,9.37,196.70,0.976578555,-0.190081723,-0.076564610,-0.065582969,0.2746029,-0.9088011,0.0935525
seq-03/frame-000053,1,0.02185998,0.557953,1550,1131,1000,0.97,93.96,85.24,14.48,194.65,0.976251586,-0.191709875,-0.078300970,-0.063632714,0.2876580,-0.9129102,0.1094494
seq-03/frame-000054,1,0.02337329,0.781969,1261,955,841,1.52,92.57,67.45,14.16,175.71,0.976130535,-0.193134391,-0.075790832,-0.064218654,0.2951512,-0.9156201,0.1222254
seq-03/frame-000055,1,0.02144481,0.591142,1823,1426,1275,4.31,97.00,95.14,9.75,206.21,0.976754893,-0.191477176,-0.073809623,-0.061955703,0.3175409,-0.9060036,0.1496813
seq-03/frame-000056,1,0.02320551,0.559794,1823,1464,1319,1.02,78.91,118.03,9.54,207.51,0.976648635,-0.191074821,-0.077630711,-0.060177476,0.3317586,-0.9048567,0.1649944
seq-03/frame-000057,1,0.02084432,0.530720,1739,1325,1186,1.01,89.20,94.74,18.32,203.27,0.976197098,-0.188907751,-0.088198162,-0.059784370,0.3506326,-0.9035628,0.1886048
seq-03/frame-000058,1,0.01912976,0.492593,1807,1416,1285,0.99,105.18,86.94,14.98,208.10,0.976157529,-0.186768622,-0.093775794,-0.058652028,0.3630384,-0.8980707,0.2013602
seq-03/frame-000059,1,0.02247318,0.542369,1880,1479,1319,1.02,106.78,92.37,8.90,209.07,0.975764967,-0.185884304,-0.100134597,-0.057470142,0.3798834,-0.8959815,0.2131505
seq-03/frame-000060,1,0.02512359,0.606241,1797,1417,1252,1.01,87.81,93.19,16.48,198.49,0.973732484,-0.187851929,-0.111888311,-0.063542971,0.4111385,-0.8936091,0.2350037
seq-03/frame-000061,1,0.02111770,0.505308,1856,1434,1289,1.02,102.76,110.45,14.37,228.62,0.973172064,-0.187420476,-0.115711330,-0.066487492,0.4223655,-0.8909025,0.2465073
seq-03/frame-000062,1,0.01577183,0.380722,1856,1508,1332,1.03,103.68,93.11,15.01,212.84,0.972773387,-0.185951152,-0.120464425,-0.067988446,0.4340842,-0.8877232,0.2530442
seq-03/frame-000063,1,0.01003145,0.322136,1245,1006,865,0.94,70.06,62.26,16.55,149.82,0.971080282,-0.182704458,-0.138498249,-0.066636345,0.4648639,-0.8816957,0.2655988
seq-03/frame-000064,1,0.00955706,0.238374,1339,1096,955,0.96,77.03,76.20,12.38,166.56,0.969405010,-0.181361138,-0.151265574,-0.066938710,0.4840085,-0.8791020,0.2730150
seq-03/frame-000065,1,0.00732440,0.112943,1464,1211,1041,0.98,94.89,79.56,17.64,193.07,0.966169056,-0.178612187,-0.171391861,-0.072386956,0.5154082,-0.8808769,0.2843263
seq-03/frame-000066,1,0.00309633,0.073557,1177,946,816,0.90,91.66,57.95,10.09,160.62,0.964656224,-0.175568611,-0.182418055,-0.073059461,0.5304214,-0.8810786,0.2929857
seq-03/frame-000067,1,0.01662895,0.323911,1226,969,855,0.92,79.55,64.59,14.64,159.70,0.960488501,-0.171999820,-0.207665343,-0.068942056,0.5699771,-0.8726047,0.2942521
seq-03/frame-000068,1,0.01437715,0.294371,1450,1167,1030,0.99,88.52,69.27,21.37,180.16,0.957349522,-0.173398301,-0.219453786,-0.072491084,0.5850540,-0.8739933,0.3030655
seq-03/frame-000069,1,0.01031134,0.107124,1544,1315,1205,0.92,88.97,84.39,15.21,189.49,0.951934656,-0.177515274,-0.237264350,-0.077552350,0.6199526,-0.8801852,0.3175771
seq-03/frame-000070,1,0.00724736,0.117546,1749,1510,1388,0.97,96.62,93.30,9.35,200.25,0.949378695,-0.180808969,-0.243876500,-0.080699831,0.6352834,-0.8806343,0.3292349
seq-03/frame-000071,1,0.01212056,0.795750,1903,1615,1504,1.03,79.67,91.53,13.49,185.72,0.947627954,-0.181118214,-0.249279809,-0.084006136,0.6472856,-0.8807472,0.3361060
seq-03/frame-000072,1,0.00560322,0.238890,1794,1447,1323,1.01,94.46,89.99,15.59,201.05,0.943960468,-0.180693376,-0.263467377,-0.082906457,0.6775290,-0.8845826,0.3483161
seq-03/frame-000073,1,0.01046988,0.274273,1952,1635,1500,1.01,85.14,93.51,20.53,200.21,0.942022825,-0.179342782,-0.271168955,-0.083045543,0.6977955,-0.8846770,0.3601341
seq-03/frame-000074,1,0.01711559,0.371226,1662,1372,1269,0.96,95.75,68.62,13.78,179.12,0.940525625,-0.177668895,-0.275308981,-0.089723343,0.7283856,-0.8841359,0.3751609
seq-03/frame-000075,1,0.01259687,0.333834,2202,1787,1626,1.04,94.81,109.24,14.72,219.81,0.940044026,-0.177066314,-0.276812892,-0.091320165,0.7389256,-0.8875021,0.3762772
seq-03/frame-000076,1,0.01530072,0.396255,2068,1755,1611,1.03,90.80,93.36,18.37,203.57,0.937202491,-0.176094398,-0.287318473,-0.089946372,0.7675523,-0.8892442,0.3905881
seq-03/frame-000077,1,0.01908283,0.514016,1943,1539,1427,1.00,88.34,95.93,10.22,195.50,0.936066782,-0.175535949,-0.291080028,-0.090766337,0.7823287,-0.8922517,0.3986826
seq-03/frame-000078,1,0.02355334,0.538461,1535,1308,1186,0.92,75.93,69.38,13.98,160.22,0.935126735,-0.172187523,-0.295382427,-0.092944431,0.8162801,-0.8840218,0.4082673
seq-03/frame-000079,1,0.02361144,0.568344,1625,1286,1182,0.92,82.11,95.83,10.39,189.26,0.934206399,-0.174829244,-0.295746279,-0.096058718,0.8257895,-0.8878597,0.4183536
seq-03/frame-000080,1,0.02403613,0.609972,1803,1506,1382,0.97,84.77,98.14,8.64,192.54,0.933717914,-0.171976955,-0.297289095,-0.101064223,0.8523317,-0.8908451,0.4305336
seq-03/frame-000081,1,0.01611608,0.990298,1829,1497,1377,0.97,90.75,80.21,17.95,189.90,0.933068128,-0.172534209,-0.298923414,-0.101294657,0.8647319,-0.8962994,0.4402162
seq-03/frame-000082,1,0.03003080,0.804815,1961,1568,1448,1.02,111.37,91.30,13.95,217.64,0.932357474,-0.165259732,-0.305775333,-0.099499782,0.9022661,-0.8895365,0.4536352
seq-03/frame-000083,1,0.01152830,0.707730,1597,1318,1220,0.95,94.85,83.96,14.01,193.76,0.931697227,-0.161869681,-0.308099788,-0.103985599,0.9167181,-0.8803642,0.4585317
seq-03/frame-000084,1,0.02369782,0.570273,1864,1557,1442,1.01,94.10,91.22,20.05,206.38,0.931162280,-0.164598090,-0.307099403,-0.107397552,0.9415634,-0.8868353,0.4682337
seq-03/frame-000085,1,0.00744821,0.565481,1829,1603,1490,0.96,80.19,108.31,19.41,208.88,0.930344479,-0.164178745,-0.310077509,-0.106566547,0.9581872,-0.8833551,0.4735915
seq-03/frame-000086,1,0.03413562,0.940695,1401,1153,1041,1.33,72.71,82.21,16.17,172.42,0.928592574,-0.166732087,-0.313976607,-0.106465638,0.9938676,-0.8798851,0.4948742
seq-03/frame-000087,1,0.04352547,1.210713,1246,1058,958,0.93,70.68,54.52,11.45,137.58,0.927854547,-0.168252781,-0.313518467,-0.111727844,1.0266168,-0.8766532,0.5122753
seq-03/frame-000088,1,0.03994269,1.112416,1573,1278,1165,0.96,84.73,70.31,9.12,165.13,0.928211236,-0.169461291,-0.311643574,-0.112183133,1.0380204,-0.8771311,0.5147340
seq-03/frame-000089,1,0.04385410,1.237556,1564,1297,1190,0.95,88.61,79.66,13.67,182.90,0.926807397,-0.171833713,-0.315792342,-0.108519221,1.0641369,-0.8711971,0.5289935
seq-03/frame-000090,1,0.04693405,1.353436,1356,1154,1068,0.91,68.20,60.03,18.66,147.80,0.925656186,-0.176000573,-0.317058999,-0.107972284,1.0899063,-0.8644441,0.5403751
seq-03/frame-000091,1,0.04956600,1.346775,1425,1194,1080,0.93,66.39,70.94,9.33,147.59,0.925846595,-0.176213362,-0.316435363,-0.107822055,1.1011949,-0.8568655,0.5463512
seq-03/frame-000092,1,0.04797016,1.306704,1637,1327,1210,0.96,88.15,67.39,9.93,166.44,0.926178124,-0.176907640,-0.316053792,-0.104917916,1.1231355,-0.8490542,0.5510285
seq-03/frame-000093,1,0.05313725,1.510419,1391,1209,1090,0.92,83.39,77.18,12.02,173.51,0.925748912,-0.176946988,-0.317293888,-0.104896637,1.1392380,-0.8449489,0.5545360
seq-03/frame-000094,1,0.05123928,1.430102,1544,1290,1170,0.93,94.33,76.38,13.37,185.03,0.926996233,-0.175008769,-0.313729845,-0.107812330,1.1579900,-0.8319995,0.5517485
seq-03/frame-000095,1,0.04708154,1.340322,1677,1397,1265,0.96,91.97,85.43,9.93,188.29,0.926402864,-0.172016558,-0.316716307,-0.108989991,1.1726839,-0.8195693,0.5457789
seq-03/frame-000096,1,0.04314413,1.252945,1476,1204,1084,0.95,77.23,62.06,13.10,153.34,0.925215083,-0.171710296,-0.320061435,-0.109787537,1.1789496,-0.8165129,0.5429153
seq-03/frame-000097,1,0.04582501,1.284536,1549,1277,1147,0.94,94.42,79.04,17.48,191.88,0.922977071,-0.167822379,-0.328535939,-0.109604341,1.2018090,-0.8035226,0.5347752
seq-03/frame-000098,1,0.04496073,1.271106,1451,1165,1043,1.05,90.56,68.93,11.99,172.53,0.921643698,-0.166931000,-0.331804185,-0.112307251,1.2106720,-0.7954202,0.5317030
seq-03/frame-000099,1,0.05601890,1.520466,1719,1367,1209,0.95,77.03,94.39,19.13,191.51,0.919243055,-0.167464218,-0.336977946,-0.115731611,1.2338303,-0.7827662,0.5321218
seq-03/frame-000100,1,0.05777193,1.647059,1428,1087,949,0.93,71.92,78.18,23.32,174.35,0.916606421,-0.163404195,-0.346541951,-0.114194629,1.2539965,-0.7619371,0.5284653
seq-03/frame-000101,1,0.05936588,1.572961,1848,1467,1259,0.98,81.13,127.48,17.95,227.55,0.914620979,-0.158449517,-0.354862697,-0.111510906,1.2697595,-0.7446959,0.5266712
seq-03/frame-000102,1,0.05815715,1.491334,1883,1486,1304,1.00,80.16,119.69,10.09,210.95,0.914567624,-0.154965854,-0.356933274,-0.110228319,1.2752949,-0.7339036,0.5215598
seq-03/frame-000103,1,0.05899317,1.511528,1879,1445,1279,0.99,106.63,119.99,11.12,238.74,0.914188413,-0.149170752,-0.361472389,-0.106514528,1.2851038,-0.7134599,0.5181494
seq-03/frame-000104,1,0.05885605,1.507840,1839,1450,1295,0.99,107.57,115.35,9.85,233.76,0.913114999,-0.146905825,-0.366214340,-0.102599878,1.2941069,-0.6970348,0.5134845
seq-03/frame-000105,1,0.05484453,1.392859,1896,1490,1331,1.00,112.43,95.37,9.75,218.56,0.912716139,-0.143158752,-0.369057048,-0.101250762,1.2943061,-0.6793863,0.5034724
seq-03/frame-000106,1,0.05808864,1.479868,1950,1516,1346,1.02,124.99,112.21,13.05,251.28,0.912439468,-0.141677679,-0.369973123,-0.102477027,1.2964478,-0.6733388,0.5025075
seq-03/frame-000107,1,0.05695607,1.451998,2078,1569,1360,1.05,126.18,111.31,10.50,249.05,0.913371470,-0.139321139,-0.368305525,-0.103408024,1.2919729,-0.6600239,0.4931451
seq-03/frame-000108,1,0.05243966,1.324501,2032,1567,1363,1.04,118.75,122.08,23.18,265.04,0.915434142,-0.132557567,-0.366165350,-0.101645264,1.2821528,-0.6451635,0.4811315
seq-03/frame-000109,1,0.05197476,1.298820,1801,1383,1219,1.65,112.82,105.16,16.59,236.23,0.917629524,-0.127358494,-0.362687888,-0.100962201,1.2747412,-0.6346728,0.4734263
seq-03/frame-000110,1,0.05133085,1.331822,1884,1417,1223,0.97,106.25,90.00,11.19,208.40,0.919533719,-0.123078116,-0.360279631,-0.097509512,1.2699476,-0.6192458,0.4606219
seq-03/frame-000111,1,0.04538627,1.170277,2090,1623,1396,1.04,99.85,115.51,11.65,228.05,0.919964888,-0.123574336,-0.358848067,-0.098092064,1.2604403,-0.6157245,0.4527718
seq-03/frame-000112,1,0.04283588,1.085882,1940,1493,1300,1.01,87.25,92.59,12.49,193.34,0.921307839,-0.123663810,-0.355173803,-0.098745619,1.2489537,-0.6046751,0.4414976
seq-03/frame-000113,1,0.03768923,0.948255,1973,1441,1235,1.03,83.28,106.45,13.40,204.17,0.923301109,-0.124127356,-0.350443428,-0.096420257,1.2319914,-0.5972870,0.4301068
seq-03/frame-000114,1,0.04647977,1.170240,1588,1194,997,0.92,98.77,69.13,10.08,178.90,0.925874243,-0.122789980,-0.342945893,-0.100337540,1.2227212,-0.5840660,0.4254134
seq-03/frame-000115,1,0.01327937,0.381393,1913,1298,1083,0.97,101.96,113.86,28.35,245.15,0.929379819,-0.127499110,-0.331315409,-0.101129759,1.1853413,-0.5921256,0.4001497
seq-03/frame-000116,1,0.03370558,0.894925,1727,1227,1031,0.96,87.07,102.10,13.33,203.46,0.928568962,-0.127685861,-0.334830913,-0.096665729,1.1815690,-0.5698782,0.4066185
seq-03/frame-000117,1,0.04191963,1.060951,1913,1429,1189,1.00,113.63,118.80,16.72,250.15,0.928620666,-0.128289851,-0.334851010,-0.095289946,1.1687362,-0.5560467,0.4014846
seq-03/frame-000118,1,0.02055968,0.476074,1765,1228,1040,0.95,86.85,123.56,14.47,225.83,0.931644794,-0.130496585,-0.325073112,-0.096623450,1.1244231,-0.5589656,0.3780727
seq-03/frame-000119,1,0.00574334,0.343734,1251,898,761,0.90,82.92,87.54,25.15,196.51,0.932749134,-0.131656845,-0.322882995,-0.091608400,1.0925518,-0.5455805,0.3688592
seq-03/frame-000120,1,0.02181212,0.741135,1166,758,604,2.74,77.07,82.40,22.44,184.65,0.932251965,-0.134977652,-0.325513543,-0.082025856,1.0575246,-0.5293840,0.3551331
seq-03/frame-000121,1,0.01845481,0.735684,1331,853,713,0.90,74.06,73.42,18.35,166.74,0.930418176,-0.140929186,-0.329851188,-0.075227496,1.0396056,-0.5138713,0.3526751
seq-03/frame-000122,1,0.01939827,0.716516,1284,876,719,0.90,75.70,82.52,11.14,170.26,0.929611545,-0.145154502,-0.331053947,-0.071804109,1.0291100,-0.5078120,0.3490218
seq-03/frame-000123,1,0.00538854,0.474334,1265,892,743,0.87,99.39,69.37,10.60,180.24,0.927566587,-0.149994418,-0.335581475,-0.067134008,1.0286033,-0.4967157,0.3487513
seq-03/frame-000124,1,0.01122904,0.577124,1592,1122,920,0.94,92.46,76.58,10.74,180.72,0.926950756,-0.160501177,-0.332828307,-0.065015279,1.0142112,-0.4867797,0.3462119
seq-03/frame-000125,1,0.00644650,0.386740,1903,1331,1090,9.01,102.41,85.18,16.66,213.26,0.926905054,-0.164712618,-0.331351470,-0.062633677,1.0102774,-0.4894873,0.3400107
seq-03/frame-000126,1,0.00838330,0.280663,1365,995,831,0.89,78.07,70.43,12.74,162.13,0.927349775,-0.165025059,-0.329966840,-0.062538064,1.0006252,-0.4717912,0.3333948
seq-03/frame-000127,1,0.00671549,0.316079,1650,1194,980,0.93,93.06,81.18,24.67,199.84,0.926968476,-0.169029049,-0.328713085,-0.064080682,1.0002189,-0.4729940,0.3300734
seq-03/frame-000128,1,0.00382904,0.255572,1314,1011,857,0.87,80.15,56.76,10.06,147.85,0.926703683,-0.169095541,-0.328872644,-0.066856313,0.9959758,-0.4708539,0.3103224
seq-03/frame-000129,1,0.01526935,0.537048,1277,981,839,0.91,79.53,70.07,17.29,167.81,0.925526030,-0.167706124,-0.331072967,-0.075278906,0.9827635,-0.4620252,0.2969134
seq-03/frame-000130,1,0.02204286,0.691018,1013,718,579,0.87,68.45,57.91,10.60,137.83,0.924585624,-0.164881478,-0.334764699,-0.076734080,0.9787946,-0.4539542,0.2879005
seq-03/frame-000131,1,0.02275175,0.779525,1209,876,734,0.89,71.24,51.36,8.79,132.27,0.919752013,-0.161976995,-0.347952121,-0.082152357,0.9848095,-0.4503321,0.2705278
seq-03/frame-000132,1,0.02186030,0.869829,1521,1156,966,0.94,84.29,80.25,13.50,178.98,0.916828966,-0.159929892,-0.355014476,-0.088384378,0.9954660,-0.4441597,0.2539987
seq-03/frame-000133,1,0.02657232,1.141001,1451,1078,930,0.92,78.78,73.11,10.20,163.01,0.915789694,-0.157489063,-0.358408962,-0.089830101,1.0001684,-0.4389220,0.2462903
seq-03/frame-000134,1,0.01909103,0.951264,1568,1128,956,0.91,79.25,76.12,13.76,170.05,0.912918220,-0.155122491,-0.366134183,-0.091995092,1.0150210,-0.4292215,0.2314400
seq-03/frame-000135,1,0.02145845,1.089523,1492,1098,931,0.90,78.65,85.97,8.55,174.07,0.912521194,-0.152936834,-0.367834833,-0.092805874,1.0231720,-0.4213701,0.2188490
seq-03/frame-000136,1,0.02375404,1.125337,1766,1173,962,0.96,106.44,95.20,11.11,213.71,0.910800046,-0.148667453,-0.373918213,-0.092338691,1.0356661,-0.4106252,0.2019798
seq-03/frame-000137,1,0.01788623,1.228684,1859,1155,906,0.97,104.30,87.93,10.61,203.81,0.911891845,-0.142303524,-0.372728663,-0.096313616,1.0499351,-0.4013281,0.1905878
seq-03/frame-000138,1,0.02135105,0.980779,1799,1168,932,0.97,82.56,88.83,8.46,180.82,0.912617768,-0.139324562,-0.372769456,-0.093597056,1.0544870,-0.3932569,0.1834597
seq-03/frame-000139,1,0.02338361,1.051105,1544,941,734,0.95,88.43,76.61,12.18,178.17,0.913382577,-0.134167809,-0.373165749,-0.092079265,1.0647632,-0.3822648,0.1731509
seq-03/frame-000140,1,0.02257906,1.043066,1543,998,784,1.41,84.06,87.04,14.14,186.66,0.916884317,-0.129635919,-0.364944595,-0.096608080,1.0689238,-0.3642809,0.1695940
seq-03/frame-000141,1,0.01962534,0.977371,1602,954,749,0.91,92.17,82.26,18.97,194.31,0.919064689,-0.125220480,-0.362282274,-0.091605034,1.0779584,-0.3493927,0.1648851
seq-03/frame-000142,1,0.01561314,0.955027,1677,989,756,0.93,88.56,71.95,12.50,173.95,0.922578719,-0.122157523,-0.356077700,-0.084467261,1.0851173,-0.3377807,0.1610139
seq-03/frame-000143,1,0.01972629,0.943602,1553,869,656,1.32,74.00,89.04,13.34,177.71,0.924351799,-0.119592510,-0.352998915,-0.081628119,1.0850978,-0.3298447,0.1571544
seq-03/frame-000144,1,0.01359713,0.803734,1490,889,678,0.90,75.98,66.36,15.33,158.57,0.927429740,-0.113413812,-0.348371947,-0.075155653,1.0950699,-0.3181153,0.1583112
seq-03/frame-000145,1,0.02071485,0.982066,1316,683,512,0.94,72.68,60.74,6.81,141.18,0.930801688,-0.111571899,-0.340096445,-0.074123802,1.0983541,-0.3128288,0.1469799
seq-03/frame-000146,1,0.00883187,0.595064,1708,887,656,0.94,84.44,90.46,12.69,188.53,0.933118888,-0.110502360,-0.335577952,-0.066826702,1.1067507,-0.2923217,0.1512876
seq-03/frame-000147,1,0.01440097,0.683826,1131,597,430,0.88,69.10,49.68,13.04,132.71,0.935840128,-0.108728217,-0.329393866,-0.062298566,1.1040043,-0.2834737,0.1548485
seq-03/frame-000148,1,0.02448698,0.995875,1389,695,502,1.49,97.75,71.08,13.26,183.60,0.941424145,-0.105085785,-0.314631300,-0.060701740,1.0949771,-0.2753092,0.1495742
seq-03/frame-000149,1,0.01327354,0.912763,1682,835,571,0.92,74.29,87.23,16.22,178.67,0.941442859,-0.104332788,-0.315718997,-0.055870632,1.1144422,-0.2723412,0.1527546
seq-03/frame-000150,1,0.00736024,0.605305,1297,653,486,1.27,73.81,71.84,13.96,160.89,0.943842714,-0.101868956,-0.309984380,-0.051897313,1.1192101,-0.2622327,0.1550011
seq-03/frame-000151,1,0.01386466,0.508610,1627,772,551,0.92,93.16,81.60,8.91,184.59,0.948107262,-0.096474994,-0.299050590,-0.048517415,1.1083318,-0.2509567,0.1484514
seq-03/frame-000152,1,0.00831526,0.427931,1747,759,516,0.94,93.86,91.20,32.61,218.61,0.949703149,-0.093560717,-0.295004981,-0.047774290,1.1146753,-0.2438971,0.1547454
seq-03/frame-000153,1,0.00840526,0.312814,1429,688,480,0.87,67.85,95.42,14.18,178.32,0.951202586,-0.093506209,-0.289865988,-0.049476635,1.1132146,-0.2303185,0.1554980
seq-03/frame-000154,1,0.01422857,0.403435,1687,798,548,0.92,75.91,106.77,19.74,203.35,0.952951530,-0.095369375,-0.283752655,-0.047670681,1.1073126,-0.2260499,0.1515226
seq-03/frame-000155,1,0.01002496,0.414103,1807,730,465,0.97,75.37,120.44,18.31,215.10,0.952120925,-0.099021120,-0.285418768,-0.046868853,1.1157077,-0.2301723,0.1553157
seq-03/frame-000156,1,0.01468305,0.441527,1881,869,615,0.96,74.45,126.38,12.62,214.42,0.953381974,-0.099104179,-0.281222052,-0.046425549,1.1064278,-0.2196856,0.1519494
seq-03/frame-000157,1,0.01692145,0.478654,1817,774,493,0.95,129.89,102.20,14.96,248.00,0.953358190,-0.100263963,-0.280595208,-0.048183293,1.1026894,-0.2255089,0.1543466
seq-03/frame-000158,1,0.01298777,0.402436,1691,797,582,1.25,139.30,94.05,16.32,250.93,0.951441549,-0.102047017,-0.285934932,-0.050858622,1.1072943,-0.2342703,0.1550803
seq-03/frame-000159,1,0.01612703,0.492435,1328,697,500,1.17,111.35,78.78,11.22,202.53,0.948934373,-0.107977131,-0.291442513,-0.054090262,1.1045992,-0.2448012,0.1527647
seq-03/frame-000160,1,0.00816288,0.299620,1415,760,568,1.46,110.53,78.11,6.88,196.98,0.946714844,-0.111128736,-0.297234601,-0.055072676,1.1124816,-0.2487073,0.1569807
seq-03/frame-000161,1,0.01463186,0.472765,1301,699,524,0.87,136.19,64.96,9.67,211.70,0.943710833,-0.120185861,-0.302638859,-0.058094262,1.1060973,-0.2632969,0.1553761
seq-03/frame-000162,1,0.01663402,0.486542,1052,562,426,1.44,92.05,47.86,10.19,151.55,0.939527599,-0.125931835,-0.312836725,-0.059684561,1.1076465,-0.2753401,0.1501512
seq-03/frame-000163,1,0.02324261,0.706953,1178,661,502,0.88,76.87,62.64,17.30,157.70,0.934589023,-0.133266642,-0.324118522,-0.061078175,1.1025285,-0.2928062,0.1530844
seq-03/frame-000164,1,0.02394186,1.266658,1126,668,511,0.87,75.57,66.17,15.58,158.19,0.931930581,-0.138620844,-0.329051640,-0.063361436,1.1026976,-0.3070719,0.1543791
seq-03/frame-000165,1,0.03304374,0.875964,948,545,416,0.85,56.59,50.86,13.81,122.12,0.926994107,-0.148589754,-0.338422245,-0.063823148,1.0943902,-0.3191896,0.1553915
seq-03/frame-000166,1,0.02235506,0.723487,1076,604,446,1.25,57.64,50.08,10.83,119.80,0.917814735,-0.161506507,-0.357341349,-0.061959029,1.1084064,-0.3379692,0.1620352
seq-03/frame-000167,1,0.03102867,1.087274,1311,820,657,0.87,66.43,74.48,12.97,154.75,0.912261474,-0.174416289,-0.364035847,-0.069540368,1.1014020,-0.3611161,0.1614668
seq-03/frame-000168,1,0.02807828,1.126091,1189,732,580,0.88,93.64,76.06,10.30,180.87,0.906011590,-0.181962142,-0.374547077,-0.075810721,1.1056233,-0.3837936,0.1640858
seq-03/frame-000169,1,0.02983609,1.197617,1141,728,574,0.86,72.10,75.86,14.83,163.65,0.901491098,-0.190390092,-0.380530879,-0.079130673,1.1020527,-0.3975246,0.1704117
seq-03/frame-000170,1,0.02866566,1.185585,1420,975,801,0.89,76.66,105.31,10.43,193.29,0.894468730,-0.197528029,-0.391751446,-0.086250650,1.1089171,-0.4261806,0.1796449
seq-03/frame-000171,1,0.03029348,2.213597,1533,989,783,0.91,93.12,92.05,9.62,195.71,0.887849237,-0.208111408,-0.397055452,-0.103732068,1.1089305,-0.4566639,0.1887117
seq-03/frame-000172,1,0.01614098,1.193245,1620,1092,887,0.92,87.35,106.97,10.80,206.05,0.885689082,-0.210015580,-0.399389859,-0.109252212,1.1155033,-0.4714257,0.1974338
seq-03/frame-000173,1,0.01177459,1.326227,1696,1138,937,0.92,115.77,111.37,11.05,239.12,0.881859731,-0.217753061,-0.399887875,-0.122461038,1.1212745,-0.5004636,0.2065326
seq-03/frame-000174,1,0.02211194,1.419888,1539,1053,836,0.92,82.92,84.64,21.47,189.95,0.876755534,-0.227078443,-0.402541120,-0.133025413,1.1314862,-0.5308929,0.2266884
seq-03/frame-000175,1,0.02143586,1.500090,1165,847,679,0.86,69.28,72.25,17.41,159.80,0.875661807,-0.231756915,-0.399917817,-0.139895931,1.1285343,-0.5463101,0.2277321
seq-03/frame-000176,1,0.07051369,2.377630,1413,999,821,0.91,82.01,77.78,12.58,173.29,0.870098997,-0.238336627,-0.404428018,-0.150204415,1.1542700,-0.5636680,0.2600674
seq-03/frame-000177,1,0.02735100,2.444483,1190,898,741,0.92,68.85,65.56,19.50,154.83,0.871854070,-0.248765203,-0.387304874,-0.167276084,1.0999427,-0.6213044,0.2513183
seq-03/frame-000178,1,0.04298563,1.802040,1074,762,642,0.85,59.19,51.97,10.90,122.92,0.870463083,-0.245816511,-0.390969656,-0.170326134,1.1314048,-0.6270152,0.2640724
seq-03/frame-000179,1,0.03549306,1.395111,746,461,362,0.81,47.95,45.84,17.68,112.29,0.874725542,-0.245113035,-0.375606710,-0.183560413,1.1220972,-0.6617584,0.2637485
seq-03/frame-000180,1,0.04004340,1.515280,963,689,597,1.22,66.55,38.44,7.73,113.93,0.876573832,-0.242764814,-0.369157177,-0.190804982,1.1241952,-0.6775959,0.2647681
seq-03/frame-000181,1,0.02965845,1.052102,1423,1095,977,0.89,81.69,87.82,12.60,183.00,0.877224454,-0.244257725,-0.363219453,-0.197197997,1.1252561,-0.7192708,0.2646180
seq-03/frame-000182,1,0.01589249,1.458173,1326,1044,925,0.88,80.32,74.42,12.25,167.87,0.875080672,-0.243101394,-0.363793121,-0.206857666,1.1273092,-0.7532750,0.2676474
seq-03/frame-000183,1,0.02502029,1.087114,1213,919,810,0.86,75.59,70.13,14.46,161.05,0.873863710,-0.243400742,-0.363506273,-0.212088391,1.1288522,-0.7797198,0.2707424
seq-03/frame-000184,1,0.03976462,1.225967,1184,952,843,0.85,81.65,64.44,8.75,155.70,0.872577617,-0.240171909,-0.367937928,-0.213418457,1.1552992,-0.8045948,0.2928081
seq-03/frame-000185,1,0.04512911,1.302116,1054,808,708,0.86,62.83,60.16,11.13,134.98,0.872510947,-0.238645841,-0.368492332,-0.214443960,1.1711339,-0.8188558,0.3045574
seq-03/frame-000186,1,0.03848128,1.125248,1285,1040,940,0.88,75.59,55.93,8.66,141.07,0.873394750,-0.238001878,-0.360433255,-0.224999080,1.1714518,-0.8508250,0.3129597
seq-03/frame-000187,1,0.04025521,1.129950,1469,1233,1136,1.65,71.92,92.44,18.02,184.04,0.873879170,-0.233830047,-0.358601939,-0.230354848,1.1800557,-0.8706950,0.3284054
seq-03/frame-000188,1,0.05006537,1.232958,1156,915,816,0.86,71.55,72.95,10.23,155.59,0.872608281,-0.232001301,-0.360646357,-0.233804169,1.1964541,-0.9003854,0.3549455
seq-03/frame-000189,1,0.05058791,1.241312,1074,825,717,1.70,68.28,66.65,22.89,159.54,0.873908265,-0.228432887,-0.358279431,-0.236090257,1.2052532,-0.9050037,0.3667897
seq-03/frame-000190,1,0.04479352,1.054989,1568,1270,1126,0.92,76.56,89.29,18.33,185.11,0.874258198,-0.223003384,-0.353422414,-0.247052000,1.2071597,-0.9279827,0.3843045
seq-03/frame-000191,1,0.04506004,1.157755,1443,1155,1056,0.91,68.60,69.82,12.68,152.00,0.870931409,-0.216832372,-0.359546118,-0.255320961,1.2128919,-0.9453265,0.4113756
seq-03/frame-000192,1,0.04428266,1.103350,1654,1348,1238,0.94,69.68,92.86,11.40,174.88,0.868350651,-0.213809058,-0.364414389,-0.259720979,1.2178273,-0.9534167,0.4261876
seq-03/frame-000193,1,0.04003709,1.016125,1347,1073,932,0.90,87.07,79.95,23.66,191.58,0.864085151,-0.207477581,-0.370911046,-0.269694090,1.2226390,-0.9713066,0.4531736
seq-03/frame-000194,1,0.03495093,0.948469,1390,1113,970,0.92,66.74,73.23,19.84,160.72,0.857954347,-0.195844933,-0.381257282,-0.283199549,1.2220177,-0.9846198,0.4838741
seq-03/frame-000195,1,0.03538384,0.949481,1279,1003,856,0.89,61.25,67.06,9.11,138.32,0.849991411,-0.187009254,-0.397740840,-0.290421012,1.2306416,-1.0059301,0.5222945
seq-03/frame-000196,1,0.04926249,1.346614,1333,1013,864,0.89,67.51,68.87,12.41,149.70,0.843731598,-0.172154244,-0.411331260,-0.298808471,1.2460416,-1.0089256,0.5613894
seq-03/frame-000197,1,0.03118346,0.487642,1418,1057,926,1.28,89.00,84.50,12.42,187.20,0.839974581,-0.168755327,-0.417317381,-0.303002553,1.2433773,-1.0190594,0.5778732
seq-03/frame-000198,1,0.06531890,2.018966,1838,1317,1161,1.01,77.35,91.18,17.02,186.57,0.827724051,-0.160358790,-0.435953535,-0.314805447,1.2524059,-1.0368766,0.6351106
seq-03/frame-000199,1,0.04811143,1.324504,1879,1484,1311,1.00,86.44,89.03,21.83,198.30,0.825888883,-0.155904525,-0.438321174,-0.318552790,1.2535526,-1.0351358,0.6472259
seq-03/frame-000200,1,0.05500142,1.542311,1947,1576,1386,1.00,108.32,105.59,14.63,229.54,0.819084096,-0.153748344,-0.447163718,-0.324818871,1.2568441,-1.0404103,0.6855881
seq-03/frame-000201,1,0.04741450,1.340295,1823,1430,1250,0.99,101.27,118.88,15.16,236.30,0.815689092,-0.149678424,-0.446876693,-0.335483079,1.2510936,-1.0421698,0.7090804
seq-03/frame-000202,1,0.05204141,1.503975,1973,1499,1260,1.05,99.34,97.15,19.13,216.67,0.812111635,-0.146610292,-0.453640845,-0.336437361,1.2498939,-1.0326873,0.7435212
seq-03/frame-000203,1,0.04697948,1.364717,1847,1356,1160,0.99,98.63,112.55,19.02,231.20,0.807147502,-0.145593233,-0.455482336,-0.346195554,1.2412208,-1.0264036,0.7714348
seq-03/frame-000204,1,0.04566051,1.404655,1799,1353,1152,0.98,108.39,106.57,11.46,227.40,0.805173569,-0.143004309,-0.460365203,-0.345411596,1.2336946,-1.0133260,0.8001310
seq-03/frame-000205,1,0.04101395,1.254501,1703,1247,1022,0.98,91.61,92.41,11.83,196.83,0.800585826,-0.144068447,-0.470202173,-0.342369004,1.2282093,-1.0045762,0.8254415
seq-03/frame-000206,1,0.04598484,1.373132,1854,1356,1144,1.00,79.89,102.05,20.92,203.86,0.797357250,-0.144219999,-0.476212096,-0.341531912,1.2277720,-1.0002645,0.8465295
seq-03/frame-000207,1,0.04371626,1.337001,1928,1389,1129,1.04,91.10,109.60,16.46,218.20,0.794567327,-0.141398600,-0.482781145,-0.339987595,1.2231731,-0.9894599,0.8720341
seq-03/frame-000208,1,0.03852793,1.233909,1352,958,811,0.90,72.23,59.96,7.45,140.54,0.792754878,-0.139809546,-0.488267816,-0.337027498,1.2083720,-0.9678771,0.8883957
seq-03/frame-000209,1,0.03521537,1.114070,1867,1338,1102,1.00,80.55,112.77,12.11,206.43,0.787354272,-0.141418782,-0.499896550,-0.331929839,1.2050589,-0.9651143,0.9172135
seq-03/frame-000210,1,0.02844280,1.160006,1317,924,733,0.93,71.16,69.92,11.32,153.33,0.788176254,-0.131522292,-0.500885994,-0.332555711,1.1897509,-0.9528073,0.9277540
seq-03/frame-000211,1,0.03109027,1.096208,1328,912,739,0.89,90.35,72.74,19.26,183.25,0.786495156,-0.129554816,-0.507901276,-0.326614777,1.1890353,-0.9475074,0.9453566
seq-03/frame-000212,1,0.02790735,0.977954,1453,1018,823,0.93,83.26,98.02,11.03,193.23,0.782076114,-0.125238429,-0.519345452,-0.320862260,1.1853819,-0.9372272,0.9641562
seq-03/frame-000213,1,0.02230860,0.777656,1646,1145,919,0.95,97.49,79.39,11.36,189.20,0.777481571,-0.120587372,-0.528168948,-0.319403592,1.1774928,-0.9344671,0.9823608
seq-03/frame-000214,1,0.02289457,0.869151,1146,708,520,0.87,83.87,61.74,15.31,161.80,0.774598950,-0.111638850,-0.537102905,-0.314727982,1.1684893,-0.9221923,0.9873774
seq-03/frame-000215,1,0.06096520,1.442435,1123,543,336,0.82,78.41,55.50,21.89,156.63,0.770588804,-0.107500187,-0.546149595,-0.310414601,1.1251640,-0.9550966,0.9640905
seq-03/frame-000216,1,0.02406041,0.901067,1577,1006,778,1.30,84.13,99.39,26.83,211.66,0.758838320,-0.085583808,-0.572062472,-0.299306438,1.1559218,-0.9055016,1.0165554
seq-03/frame-000217,1,0.02619325,0.855952,1321,839,657,0.88,79.41,61.36,25.99,167.64,0.753242045,-0.080264543,-0.579960806,-0.299715679,1.1493280,-0.9036096,1.0234852
seq-03/frame-000218,1,0.03625799,1.088327,1111,659,474,0.83,64.95,62.08,13.57,141.43,0.750655990,-0.075902804,-0.586070919,-0.295423809,1.1429959,-0.8956182,1.0211729
seq-03/frame-000219,1,0.04522633,1.384819,1176,724,539,0.89,82.50,58.01,10.45,151.86,0.740488385,-0.069834238,-0.600884859,-0.292809695,1.1383759,-0.8871918,1.0175209
seq-03/frame-000220,1,0.02358256,0.658227,1846,1321,1034,0.94,91.90,111.97,20.25,225.06,0.730021838,-0.068918145,-0.616015491,-0.287825156,1.1476627,-0.8970770,1.0351320
seq-03/frame-000221,1,0.02509249,0.693948,1224,794,615,0.92,72.06,67.26,18.45,158.70,0.726418622,-0.064139207,-0.620692871,-0.287997409,1.1496880,-0.8857834,1.0301761
seq-03/frame-000222,1,0.02605165,0.974588,1088,725,518,0.82,77.67,58.24,17.43,154.18,0.718373776,-0.069992469,-0.632082098,-0.281979422,1.1568595,-0.8683131,1.0307081
seq-03/frame-000223,1,0.03183659,1.199338,1097,692,516,0.85,67.40,56.76,13.44,138.45,0.707554506,-0.071970710,-0.642762949,-0.284679872,1.1540304,-0.8567834,1.0217875
seq-03/frame-000224,1,0.00626901,0.590372,1893,1230,936,1.26,97.85,111.11,10.29,220.52,0.699477283,-0.080235090,-0.650138250,-0.285681844,1.1620216,-0.8680908,1.0281729
seq-03/frame-000225,1,0.01255692,0.720587,1795,1177,926,0.95,98.28,99.96,21.81,221.01,0.697867020,-0.076757710,-0.650210722,-0.290371993,1.1527276,-0.8610372,1.0133726
seq-03/frame-000226,1,0.02181742,1.616824,1674,1183,924,1.28,93.99,100.82,15.72,211.81,0.699952995,-0.076560324,-0.648942224,-0.288233087,1.1462447,-0.8530959,1.0002653
seq-03/frame-000227,1,0.01837370,0.919368,1609,1128,873,0.94,91.49,84.98,10.81,188.22,0.697821433,-0.079492746,-0.654875209,-0.279042312,1.1497507,-0.8517362,0.9978495
seq-03/frame-000228,1,0.02308753,1.129836,1711,1212,920,0.90,92.69,99.89,25.45,218.93,0.697380158,-0.077440223,-0.657073564,-0.275532683,1.1467447,-0.8473892,0.9847809
seq-03/frame-000229,1,0.02189312,1.069399,1663,1172,924,0.91,73.80,74.23,13.08,162.02,0.700819679,-0.079934197,-0.657149569,-0.265738115,1.1468505,-0.8460076,0.9740555
seq-03/frame-000230,1,0.01581827,0.940664,1490,1059,858,0.89,69.60,72.63,11.83,154.95,0.706627079,-0.083096764,-0.653837375,-0.257429187,1.1564142,-0.8532355,0.9651865
seq-03/frame-000231,1,0.01543179,0.782277,1677,1210,969,0.90,78.92,86.93,10.39,177.15,0.717752659,-0.085067752,-0.646374828,-0.244528486,1.1578307,-0.8507518,0.9477014
seq-03/frame-000232,1,0.01700027,0.728360,1812,1355,1096,0.94,76.51,96.06,17.53,191.04,0.721785670,-0.086515548,-0.643207239,-0.240468200,1.1544798,-0.8419828,0.9350406
seq-03/frame-000233,1,0.02081876,0.809508,1678,1249,1024,0.92,73.33,81.74,12.17,168.17,0.726201086,-0.091566033,-0.642009119,-0.228192761,1.1535776,-0.8418854,0.9132514
seq-03/frame-000234,1,0.01728723,0.752857,1587,1264,1066,0.91,86.32,82.73,11.29,181.25,0.733093448,-0.095152613,-0.634781538,-0.224883025,1.1496937,-0.8377930,0.8890491
seq-03/frame-000235,1,0.01481952,0.629288,1452,1175,1007,1.10,86.74,66.98,10.19,165.01,0.744743028,-0.098676050,-0.621547647,-0.222034639,1.1486896,-0.8295639,0.8621281
seq-03/frame-000236,1,0.02618818,0.794376,1658,1400,1201,0.89,95.29,92.12,11.45,199.75,0.752858076,-0.103757772,-0.613461333,-0.214718969,1.1295070,-0.8229822,0.8297854
seq-03/frame-000237,1,0.01514121,0.904894,1856,1513,1300,0.91,105.73,80.30,13.12,200.07,0.755071999,-0.104974687,-0.611895353,-0.210785835,1.1269181,-0.8197107,0.8138874
seq-03/frame-000238,1,0.03238849,0.953198,1803,1503,1322,0.93,82.52,85.47,14.17,183.10,0.758886070,-0.106317212,-0.608106283,-0.207353156,1.1176148,-0.8148114,0.7813334
seq-03/frame-000239,1,0.04159078,1.180208,1354,1070,953,0.88,69.13,62.98,17.06,150.06,0.759204494,-0.105180339,-0.606435980,-0.211615297,1.1056658,-0.8125680,0.7435166
seq-03/frame-000240,1,0.05234857,1.561981,1168,882,735,0.85,62.25,54.94,20.90,138.94,0.757260497,-0.104966334,-0.608394085,-0.213061599,1.0856807,-0.8088816,0.7018579
seq-03/frame-000241,1,0.04948052,1.602648,1316,1052,904,0.85,85.13,53.57,11.59,151.14,0.753907855,-0.104530449,-0.611332547,-0.216722976,1.0814465,-0.8003631,0.6733732
seq-03/frame-000242,1,0.04892133,1.560010,1393,1118,962,0.86,73.68,71.39,12.37,158.31,0.752616438,-0.107035365,-0.611078827,-0.220668518,1.0756260,-0.8017847,0.6609306
seq-03/frame-000243,1,0.06171669,1.959235,1175,816,661,0.84,59.16,42.31,11.33,113.64,0.751414159,-0.108927027,-0.611295173,-0.223226065,1.0501354,-0.8022964,0.6249521
seq-03/frame-000244,1,0.04751148,1.705963,1802,1339,1154,0.93,75.68,82.18,13.44,172.24,0.749157851,-0.109337783,-0.615984729,-0.217647828,1.0440615,-0.8041461,0.6084325
seq-03/frame-000245,1,0.05130127,1.808298,1643,1290,1101,1.38,109.95,67.81,15.15,194.30,0.753450152,-0.113498807,-0.610413772,-0.216392965,1.0320344,-0.8038108,0.5817818
seq-03/frame-000246,1,0.05514851,1.970107,1820,1322,1130,1.29,89.49,83.01,14.77,188.57,0.756208888,-0.115733081,-0.606444584,-0.216746254,1.0190830,-0.8006818,0.5691809
seq-03/frame-000247,1,0.05781571,2.120603,1890,1382,1202,0.96,92.58,93.68,17.64,204.86,0.760883119,-0.115618537,-0.601551604,-0.214067516,1.0054532,-0.7937620,0.5440444
seq-03/frame-000248,1,0.06867006,2.469915,1844,1314,1107,1.30,95.86,88.34,16.80,202.31,0.766708870,-0.115765387,-0.594428749,-0.213097032,0.9847002,-0.7851300,0.5166666
seq-03/frame-000249,1,0.06088927,2.199041,1649,1145,946,0.89,87.71,69.83,13.43,171.87,0.769681261,-0.121923502,-0.591591274,-0.206749075,0.9822938,-0.7804749,0.4956066
seq-03/frame-000250,1,0.06223969,2.233693,1575,1039,847,0.88,101.46,73.25,15.20,190.81,0.770434312,-0.123962533,-0.590566828,-0.205657685,0.9713361,-0.7704818,0.4830564
seq-03/frame-000251,1,0.06845483,2.417883,1595,1069,867,0.88,81.46,74.59,9.35,166.28,0.773100325,-0.130379828,-0.585810317,-0.205288240,0.9498538,-0.7655491,0.4503628
seq-03/frame-000252,1,0.07240618,2.610687,1642,1088,885,0.89,74.45,70.02,18.20,163.56,0.777465910,-0.135802798,-0.576659481,-0.211111824,0.9179712,-0.7590810,0.4211331
seq-03/frame-000253,1,0.07375583,2.708838,1669,1085,862,0.91,74.14,80.96,10.99,167.00,0.779419506,-0.136271072,-0.573589853,-0.211967235,0.9045210,-0.7501373,0.4060810
seq-03/frame-000254,1,0.07344327,2.593559,1464,888,680,0.86,82.93,65.65,13.48,162.92,0.781645441,-0.143782360,-0.569109227,-0.210883202,0.8839138,-0.7490455,0.3745418
seq-03/frame-000255,1,0.07845121,2.745734,1138,647,480,0.83,65.67,44.85,7.74,119.09,0.783013746,-0.148700499,-0.567086603,-0.207823047,0.8541235,-0.7312845,0.3378739
seq-03/frame-000256,1,0.07993866,2.706996,1036,571,417,0.82,59.67,58.82,9.47,128.79,0.780852672,-0.153756176,-0.569205892,-0.206477106,0.8382846,-0.7274822,0.3253649
seq-03/frame-000257,1,0.08486847,3.087665,1770,1207,965,0.93,82.29,106.72,15.34,205.28,0.780696931,-0.162012689,-0.568684684,-0.202143316,0.8074442,-0.7296555,0.3059737
seq-03/frame-000258,1,0.08058142,2.910447,1425,1032,837,0.88,85.70,54.51,18.34,159.42,0.789888243,-0.161308004,-0.556217295,-0.201689395,0.7920188,-0.7277168,0.2821587
seq-03/frame-000259,1,0.07724909,2.743205,1578,1078,885,0.88,76.55,76.85,15.84,170.12,0.793212015,-0.160884624,-0.550423953,-0.204851922,0.7834084,-0.7229198,0.2692452
seq-03/frame-000260,1,0.06919940,2.470008,1225,760,598,0.88,79.32,53.86,11.64,145.70,0.795383062,-0.167397535,-0.544226042,-0.207754339,0.7802328,-0.7148341,0.2406100
seq-03/frame-000261,1,0.07769414,2.765257,1643,1139,934,0.88,78.78,86.80,23.51,189.99,0.795604309,-0.175507090,-0.539280918,-0.213042568,0.7517976,-0.7162009,0.2183028
seq-03/frame-000262,1,0.08265261,2.946505,1291,958,797,0.85,70.65,64.55,7.96,144.01,0.798860816,-0.178010647,-0.533025124,-0.214517653,0.7426011,-0.7159211,0.2064975
seq-03/frame-000263,1,0.07499688,2.742065,1200,879,722,0.86,71.82,65.14,14.35,152.16,0.807201092,-0.180833644,-0.518388675,-0.216792001,0.7345945,-0.7175687,0.1848151
seq-03/frame-000264,1,0.04292422,1.911600,854,531,417,0.82,63.57,40.87,22.73,127.98,0.815376784,-0.174728945,-0.507241975,-0.217568551,0.7485598,-0.7070098,0.1796176
seq-03/frame-000265,1,0.06079848,2.339214,1037,713,589,0.86,66.34,51.61,7.48,126.29,0.824555082,-0.174523845,-0.491061321,-0.220247870,0.7301753,-0.7104234,0.1526352
seq-03/frame-000266,1,0.06202150,2.207832,1500,1136,970,0.89,91.37,82.32,20.12,194.70,0.833973607,-0.172957276,-0.477401694,-0.216012560,0.7245774,-0.6906893,0.1266756
seq-03/frame-000267,1,0.06091277,1.969197,1052,827,687,0.88,59.23,42.43,14.65,117.20,0.842088064,-0.174230562,-0.463726894,-0.213280968,0.7190097,-0.6904484,0.0970918
seq-03/frame-000268,1,0.05679155,1.829536,1144,933,801,1.41,86.67,61.38,15.65,165.11,0.853772485,-0.175133471,-0.444069570,-0.207853380,0.7168176,-0.6824087,0.0629629
seq-03/frame-000269,1,0.05895111,1.765140,1260,1032,903,0.89,75.70,59.32,12.70,148.61,0.862810981,-0.177859418,-0.428466226,-0.200848033,0.7097572,-0.6776847,0.0272070
seq-03/frame-000270,1,0.05439079,1.590552,1084,907,796,0.86,68.60,51.53,9.88,130.87,0.867173593,-0.178378510,-0.421637175,-0.195992756,0.7108465,-0.6745219,0.0114684
seq-03/frame-000271,1,0.06208745,1.832414,1166,970,852,0.85,67.89,58.70,7.74,135.19,0.878635720,-0.179241807,-0.403626651,-0.181541102,0.6996998,-0.6744544,-0.0295709
seq-03/frame-000272,1,0.05208297,1.499722,1042,812,695,0.88,73.91,43.04,7.70,125.52,0.889600420,-0.178782188,-0.385336412,-0.167820950,0.7027691,-0.6659927,-0.0710121
seq-03/frame-000273,1,0.05696008,1.592164,1264,1054,924,0.87,68.83,62.86,12.72,145.28,0.899084049,-0.179061761,-0.367932196,-0.155597745,0.6953060,-0.6649875,-0.1141847
seq-03/frame-000274,1,0.03687171,1.208299,917,640,513,0.84,68.60,44.12,11.95,125.50,0.906202924,-0.178429254,-0.354733387,-0.145339209,0.6984579,-0.6609124,-0.1444964
seq-03/frame-000275,1,0.03401031,1.161203,923,646,528,0.84,60.68,39.38,15.96,116.86,0.912397649,-0.175889572,-0.341084348,-0.142319553,0.6963393,-0.6586756,-0.1666463
seq-03/frame-000276,1,0.04138199,1.098688,1701,1328,1166,0.93,80.24,72.50,11.36,165.04,0.919653548,-0.176502057,-0.324064629,-0.134411651,0.6911912,-0.6639359,-0.2110073
seq-03/frame-000277,1,0.03031728,0.815381,1244,965,827,0.86,80.91,56.75,15.52,154.04,0.923651525,-0.174084971,-0.315911351,-0.129469306,0.6954235,-0.6560453,-0.2488011
seq-03/frame-000278,1,0.02371660,0.684550,1209,941,807,0.85,75.93,46.53,13.89,137.21,0.925557009,-0.175623898,-0.308873660,-0.130757533,0.6945707,-0.6563840,-0.2662825
seq-03/frame-000279,1,0.02633860,0.733486,1490,1168,1042,0.86,72.75,87.83,11.42,172.86,0.927781509,-0.179313691,-0.299636412,-0.131476584,0.6846580,-0.6449560,-0.2960703
seq-03/frame-000280,1,0.02302831,0.803675,1208,941,794,0.81,71.44,54.91,12.61,139.78,0.929312105,-0.182658440,-0.293207223,-0.130554322,0.6840347,-0.6346367,-0.3251922
seq-03/frame-000281,1,0.02339389,0.857208,1628,1263,1089,0.88,88.07,65.41,8.50,162.85,0.931127624,-0.189624564,-0.283371108,-0.129401267,0.6744899,-0.6276251,-0.3465318
seq-03/frame-000282,1,0.02416687,0.811921,1647,1254,1074,0.93,90.50,74.84,15.72,181.99,0.931896872,-0.190633312,-0.280205260,-0.129275567,0.6681405,-0.6261969,-0.3571647
seq-03/frame-000283,1,0.02660955,0.851005,1291,1015,886,0.85,87.92,72.86,11.04,172.66,0.932027600,-0.192976496,-0.277253107,-0.131207239,0.6556849,-0.6146463,-0.3767847
seq-03/frame-000284,1,0.02096616,0.711717,1053,770,653,0.80,60.89,50.61,10.85,123.15,0.931724890,-0.195653794,-0.277726321,-0.128360483,0.6439071,-0.6027336,-0.4064535
seq-03/frame-000285,1,0.02377392,0.752607,1116,875,740,0.82,75.87,57.26,9.40,143.35,0.931080690,-0.200630533,-0.275743669,-0.129620854,0.6371104,-0.5957294,-0.4181479
seq-03/frame-000286,1,0.02846090,0.957366,1471,1124,982,0.90,78.90,63.02,13.32,156.14,0.931555354,-0.204651970,-0.272139721,-0.127523198,0.6163475,-0.5854572,-0.4400244
seq-03/frame-000287,1,0.03644708,1.159538,1523,1135,987,0.91,73.47,66.90,10.83,152.11,0.934111094,-0.205117104,-0.266764615,-0.119164076,0.5930107,-0.5783595,-0.4632205
seq-03/frame-000288,1,0.02799429,0.889233,1431,1091,928,0.86,86.87,63.45,16.90,168.08,0.935580197,-0.204996349,-0.263491189,-0.115059051,0.5879520,-0.5762729,-0.4747772
seq-03/frame-000289,1,0.03729821,1.182792,1236,989,853,0.83,75.77,57.77,9.06,143.43,0.935646859,-0.211999345,-0.256490257,-0.117617945,0.5638992,-0.5677004,-0.4951903
seq-03/frame-000290,1,0.03571841,1.104670,1556,1192,1015,0.89,82.47,66.45,9.78,159.60,0.935922945,-0.215592067,-0.255251634,-0.111422188,0.5404391,-0.5727806,-0.5195674
seq-03/frame-000291,1,0.03950711,1.145789,1718,1216,1043,1.00,83.62,74.15,8.03,166.80,0.936193513,-0.216422497,-0.253208992,-0.112197219,0.5305334,-0.5717898,-0.5284930
seq-03/frame-000292,1,0.03711776,1.099070,1677,1223,1045,0.90,84.98,75.38,11.92,173.18,0.937898780,-0.214967460,-0.245940316,-0.116825640,0.5090397,-0.5776392,-0.5432263
seq-03/frame-000293,1,0.03895017,1.151971,1675,1266,1073,0.89,92.22,65.27,15.48,173.86,0.939216046,-0.213626438,-0.241888165,-0.117162621,0.5007313,-0.5784750,-0.5525484
seq-03/frame-000294,1,0.04080637,1.158207,1585,1194,1037,0.88,78.15,85.14,11.62,175.79,0.941924463,-0.210997351,-0.233338751,-0.117522129,0.4808720,-0.5836079,-0.5709652
seq-03/frame-000295,1,0.03964787,1.135354,1388,1096,960,0.86,78.22,69.26,8.99,157.33,0.943105642,-0.210125103,-0.229980638,-0.116224333,0.4669802,-0.5900484,-0.5793249
seq-03/frame-000296,1,0.04461849,1.223754,1355,1067,938,0.84,80.60,75.03,7.87,164.34,0.945428118,-0.203966567,-0.226878343,-0.114409488,0.4433989,-0.5933493,-0.5981278
seq-03/frame-000297,1,0.04794522,1.320205,1224,954,827,0.83,75.75,65.66,15.16,157.40,0.947088351,-0.199900353,-0.224864395,-0.111801197,0.4395694,-0.5952734,-0.6050077
seq-03/frame-000298,1,0.04308609,1.208447,1345,1090,981,0.86,83.59,74.48,8.63,167.56,0.951077828,-0.194318031,-0.214857883,-0.107366467,0.4053567,-0.6018873,-0.6278057
seq-03/frame-000299,1,0.04481561,1.164475,1115,886,776,0.81,67.28,60.80,10.93,139.81,0.952319457,-0.192729764,-0.212693182,-0.103462557,0.3862369,-0.6087081,-0.6304940
seq-03/frame-000300,1,0.04256813,1.163985,1374,1148,1027,0.85,80.34,66.71,17.14,165.04,0.955826115,-0.182618785,-0.208073380,-0.098753663,0.3520986,-0.6132687,-0.6464451
seq-03/frame-000301,1,0.04461592,1.190617,1096,833,712,0.82,61.69,47.27,10.14,119.93,0.957447781,-0.179926687,-0.203665379,-0.097162478,0.3302557,-0.6186804,-0.6517984
seq-03/frame-000302,1,0.03611914,1.046421,1442,1200,1096,0.89,87.77,69.51,13.19,171.36,0.960248123,-0.173253097,-0.200493029,-0.087803480,0.2975464,-0.6251685,-0.6694174
seq-03/frame-000303,1,0.03780229,1.109700,1270,1041,955,0.85,62.36,68.06,9.31,140.59,0.960901725,-0.174352276,-0.197746877,-0.084648282,0.2748735,-0.6329262,-0.6710540
seq-03/frame-000304,1,0.03765389,1.138962,1267,1042,936,0.84,68.48,60.91,11.71,141.94,0.963184519,-0.167765749,-0.196268735,-0.074892056,0.2388656,-0.6406769,-0.6756641
seq-03/frame-000305,1,0.03509519,1.031024,1473,1227,1138,0.87,71.35,73.80,9.30,155.33,0.963912026,-0.166135477,-0.194891264,-0.072732421,0.2206345,-0.6457038,-0.6799407
seq-03/frame-000306,1,0.02860212,0.857144,1071,876,783,0.83,65.65,62.26,7.44,136.18,0.963741503,-0.165610187,-0.195372075,-0.074868776,0.2028514,-0.6568067,-0.6777764
seq-03/frame-000307,1,0.02933991,0.833127,1035,872,792,0.86,69.27,41.35,12.69,124.17,0.963262911,-0.163848167,-0.198715795,-0.076094517,0.1701423,-0.6604998,-0.6875418
seq-03/frame-000308,1,0.03353039,0.929485,1258,1001,911,0.90,81.11,56.85,13.85,152.72,0.962328403,-0.165102824,-0.201593328,-0.077622375,0.1520600,-0.6610607,-0.6826801
seq-03/frame-000309,1,0.02976176,0.914036,1903,1546,1409,0.95,110.43,104.17,9.21,224.76,0.961605071,-0.168695975,-0.198892383,-0.085435207,0.1178583,-0.6769088,-0.6774457
seq-03/frame-000310,1,0.03440230,0.967658,1794,1467,1338,0.93,87.10,90.76,9.48,188.28,0.962101090,-0.168618791,-0.195307815,-0.088227284,0.0955054,-0.6804523,-0.6756543
seq-03/frame-000311,1,0.04034058,1.091438,1372,1108,982,0.86,73.41,72.27,16.14,162.70,0.962408135,-0.167313651,-0.194588264,-0.088950157,0.0766258,-0.6808988,-0.6726710
seq-03/frame-000312,1,0.03916592,1.095720,1320,1066,934,0.83,78.08,66.49,12.13,157.54,0.961907911,-0.164312102,-0.198723996,-0.090793595,0.0489226,-0.6908702,-0.6628634
seq-03/frame-000313,1,0.04638909,1.239461,1400,1116,960,0.86,79.11,105.24,8.27,193.48,0.962583930,-0.160602559,-0.198570737,-0.090601644,0.0310911,-0.6894072,-0.6609530
seq-03/frame-000314,1,0.04733967,1.281153,1162,913,761,0.82,78.50,52.96,24.96,157.25,0.962463186,-0.156229644,-0.201758436,-0.092468626,0.0006402,-0.6994409,-0.6464138
seq-03/frame-000315,1,0.05511688,1.495962,1338,1036,905,0.82,83.45,79.72,23.46,187.45,0.963057344,-0.152228448,-0.201660868,-0.093166224,-0.0209759,-0.7018994,-0.6403498
seq-03/frame-000316,1,0.05837235,1.591450,1218,887,725,0.82,70.57,60.34,10.03,141.76,0.963136230,-0.146203424,-0.205510046,-0.093588368,-0.0464942,-0.7099680,-0.6305513
seq-03/frame-000317,1,0.06372233,1.679656,1128,791,647,0.81,73.31,79.83,7.70,161.65,0.962995806,-0.142718566,-0.208458901,-0.093890227,-0.0653727,-0.7169306,-0.6208841
seq-03/frame-000318,1,0.05945397,1.623158,1120,784,644,0.80,71.10,70.43,12.62,154.96,0.962526195,-0.139429836,-0.213109541,-0.093203908,-0.0723137,-0.7250754,-0.6149110
seq-03/frame-000319,1,0.05471603,1.540412,1280,850,706,0.81,63.96,61.04,8.35,134.16,0.962153772,-0.129764417,-0.219377950,-0.096408664,-0.0959166,-0.7405293,-0.5905722
seq-03/frame-000320,1,0.06190818,1.693700,1143,758,623,0.79,65.18,55.73,8.87,130.58,0.962183181,-0.126387437,-0.220679433,-0.097623410,-0.1127977,-0.7517385,-0.5876129
seq-03/frame-000321,1,0.06797787,1.816794,920,597,455,0.78,62.07,41.75,9.56,114.16,0.960301490,-0.118712867,-0.232538170,-0.098256309,-0.1387689,-0.7701508,-0.5666192
seq-03/frame-000322,1,0.07065742,1.998614,1080,701,574,0.79,64.20,61.40,8.61,135.00,0.959520642,-0.116373610,-0.237533209,-0.096722774,-0.1522187,-0.7720020,-0.5558776
seq-03/frame-000323,1,0.04567615,1.392048,1605,1044,868,0.82,96.70,98.02,24.10,219.66,0.957553423,-0.109420459,-0.247244438,-0.099943952,-0.1508301,-0.7824619,-0.5257376
seq-03/frame-000324,1,0.05647911,1.701495,1445,977,841,0.81,70.03,79.58,17.83,168.25,0.957833626,-0.106564067,-0.247488893,-0.099740129,-0.1688886,-0.7814546,-0.5159925
seq-03/frame-000325,1,0.04811321,1.438737,1033,664,538,0.83,69.33,67.47,15.34,152.97,0.954923928,-0.106157970,-0.259320145,-0.097999179,-0.1843435,-0.7825825,-0.4790414
seq-03/frame-000326,1,0.04622253,1.445962,973,644,530,0.79,65.02,53.70,14.84,134.36,0.952886835,-0.108397043,-0.265777126,-0.098077929,-0.1914691,-0.7845548,-0.4642593
seq-03/frame-000327,1,0.03846601,1.312224,1872,1239,1048,0.88,106.61,117.04,11.37,235.90,0.949957675,-0.110105570,-0.273235709,-0.103920294,-0.2069163,-0.7964792,-0.4414214
seq-03/frame-000328,1,0.03961567,1.366579,1849,1229,1066,0.87,88.56,111.69,15.51,216.62,0.949868502,-0.110815704,-0.272429859,-0.106073945,-0.2186648,-0.7983925,-0.4286876
seq-03/frame-000329,1,0.03126892,1.154426,1365,840,706,0.79,75.31,87.85,23.51,187.47,0.948041899,-0.109211947,-0.277200766,-0.111575285,-0.2322475,-0.8037433,-0.3907132
seq-03/frame-000330,1,0.03547851,1.222187,1871,1179,998,0.87,108.92,113.24,10.76,233.79,0.948319116,-0.107655109,-0.275916399,-0.113891931,-0.2456847,-0.8065506,-0.3806998
seq-03/frame-000331,1,0.02698495,1.051559,1480,905,748,0.79,90.53,81.55,17.95,190.83,0.948097905,-0.103260720,-0.277283202,-0.116454337,-0.2553415,-0.8074927,-0.3471138
seq-03/frame-000332,1,0.03326058,1.204128,1949,1222,1051,0.85,85.83,141.40,16.47,244.55,0.948774841,-0.100892436,-0.275592256,-0.117029597,-0.2689897,-0.8097212,-0.3361749
seq-03/frame-000333,1,0.03247254,1.243588,1668,1067,935,0.83,92.89,98.32,23.46,215.51,0.949481735,-0.101630384,-0.273882766,-0.114646980,-0.2823470,-0.8097268,-0.3027540
seq-03/frame-000334,1,0.03544291,1.337702,1357,883,745,0.80,101.81,79.68,11.78,194.07,0.950121753,-0.100509183,-0.272582068,-0.113426520,-0.2929337,-0.8185888,-0.2705984
seq-03/frame-000335,1,0.02918452,1.136540,1361,943,814,0.77,98.83,75.79,26.24,201.63,0.951108605,-0.098681269,-0.270118052,-0.112652862,-0.2984011,-0.8202836,-0.2581363
seq-03/frame-000336,1,0.02321856,1.230647,903,606,516,1.28,85.86,58.94,16.90,162.98,0.951939031,-0.100301917,-0.266732624,-0.112273392,-0.2983412,-0.8334578,-0.2302582
seq-03/frame-000337,1,0.02677845,1.023488,1013,665,572,0.80,77.49,60.79,19.96,159.03,0.953572832,-0.101478716,-0.260199901,-0.112680683,-0.3126674,-0.8356684,-0.2114691
seq-03/frame-000338,1,0.02962185,1.557733,910,648,566,0.77,88.10,52.68,17.07,158.62,0.955940449,-0.100902657,-0.251885520,-0.112027661,-0.3212949,-0.8428257,-0.1857198
seq-03/frame-000339,1,0.02994094,1.151814,870,678,585,1.12,71.79,57.01,11.26,141.18,0.957565238,-0.097565194,-0.247737427,-0.110344985,-0.3254040,-0.8416452,-0.1693222
seq-03/frame-000340,1,0.02676836,1.054631,926,671,598,1.72,73.86,52.73,12.60,140.92,0.958721134,-0.098267076,-0.243674361,-0.108720632,-0.3257845,-0.8484261,-0.1604834
seq-03/frame-000341,1,0.02833591,1.057285,1215,880,780,0.82,94.66,84.13,11.94,191.55,0.960318437,-0.099813522,-0.237967006,-0.105818068,-0.3310343,-0.8537396,-0.1365357
seq-03/frame-000342,1,0.02611835,1.069746,1118,796,698,0.79,94.64,59.15,15.60,170.19,0.960640120,-0.101274534,-0.235473330,-0.107080997,-0.3332904,-0.8596846,-0.1202208
seq-03/frame-000343,1,0.02336459,0.929546,863,644,561,1.23,79.00,54.87,12.54,147.65,0.962611115,-0.102491201,-0.227238937,-0.106008772,-0.3359608,-0.8681752,-0.0985978
seq-03/frame-000344,1,0.02231227,0.922943,972,704,617,0.81,77.32,58.19,13.05,149.37,0.963816597,-0.103239583,-0.222265333,-0.104867909,-0.3400041,-0.8680796,-0.0824495
seq-03/frame-000345,1,0.02489160,1.038296,1010,767,678,1.98,88.96,50.66,14.18,155.78,0.964939299,-0.103766754,-0.216825534,-0.105410141,-0.3460704,-0.8719902,-0.0727256
seq-03/frame-000346,1,0.02451793,1.027321,919,672,589,0.76,85.32,49.87,12.17,148.13,0.967239173,-0.103798148,-0.207664405,-0.102712323,-0.3456411,-0.8739564,-0.0522502
seq-03/frame-000347,1,0.02586844,1.086864,928,686,590,0.77,79.51,52.07,17.44,149.79,0.968730530,-0.104968685,-0.200317578,-0.102056860,-0.3530851,-0.8793353,-0.0418168
seq-03/frame-000348,1,0.02894555,0.949767,1068,758,648,0.76,67.92,60.46,17.33,146.47,0.970646804,-0.110235171,-0.190115800,-0.097718842,-0.3488920,-0.8875418,-0.0315553
seq-03/frame-000349,1,0.02730280,1.124791,1066,756,672,0.94,69.93,55.15,20.91,146.93,0.971722866,-0.112726172,-0.184130468,-0.095621400,-0.3546088,-0.8836265,-0.0133664
seq-03/frame-000350,1,0.02396007,1.107325,1008,718,632,0.77,64.84,62.80,18.64,147.06,0.972584582,-0.115667777,-0.178710615,-0.093609359,-0.3539401,-0.8851805,0.0009569
seq-03/frame-000351,1,0.02847074,1.230900,983,734,636,0.78,73.37,51.78,11.57,137.51,0.975068594,-0.117327267,-0.165396988,-0.090107630,-0.3600013,-0.8870295,0.0241155
seq-03/frame-000352,1,0.03004056,1.235981,891,647,543,0.75,71.32,49.59,7.76,129.42,0.976200121,-0.119068956,-0.158368872,-0.088177136,-0.3564063,-0.8875875,0.0272591
seq-03/frame-000353,1,0.03023904,1.306900,902,632,535,0.75,72.29,43.58,14.19,130.80,0.978368733,-0.126581478,-0.142182782,-0.080967940,-0.3537060,-0.8880143,0.0489500
seq-03/frame-000354,1,0.03702914,1.555979,916,664,551,3.24,83.99,48.30,11.75,147.28,0.979483274,-0.129984903,-0.132667632,-0.078203194,-0.3613642,-0.8836936,0.0641218
seq-03/frame-000355,1,0.03336775,1.398061,945,704,608,0.86,88.79,57.13,11.30,158.08,0.979726189,-0.134652366,-0.125968042,-0.078341476,-0.3569501,-0.8885240,0.0786058
seq-03/frame-000356,1,0.04332601,1.735270,1048,766,635,0.78,76.09,57.15,11.40,145.43,0.981304828,-0.143102694,-0.106943018,-0.071593610,-0.3576519,-0.8903280,0.0962030
seq-03/frame-000357,1,0.02905596,1.208631,1121,866,748,0.85,66.20,62.66,13.40,143.12,0.981312059,-0.146792646,-0.104594793,-0.067368318,-0.3414676,-0.8918011,0.1131150
seq-03/frame-000358,1,0.02896454,1.310391,1132,850,748,0.83,68.33,71.05,17.07,157.27,0.981905701,-0.148947723,-0.098251252,-0.063422876,-0.3384875,-0.8901057,0.1272627
seq-03/frame-000359,1,0.02972366,1.344585,1201,889,770,0.86,68.45,69.21,8.47,146.98,0.982646586,-0.155100189,-0.084168892,-0.057142071,-0.3368993,-0.8943676,0.1609055
seq-03/frame-000360,1,0.02235729,1.154903,1199,880,761,0.88,74.24,61.44,16.73,153.29,0.982981255,-0.156692545,-0.079336096,-0.053861709,-0.3261957,-0.8952889,0.1753147
seq-03/frame-000361,1,0.01609551,0.929062,1322,969,811,0.89,95.42,55.99,18.29,170.59,0.983299441,-0.158346108,-0.074253880,-0.050349582,-0.3162974,-0.9020191,0.1821697
seq-03/frame-000362,1,0.01573705,0.711962,1405,1000,842,0.90,76.44,78.92,15.46,171.72,0.983207196,-0.163847832,-0.065646657,-0.046346662,-0.3052184,-0.9079174,0.2040873
seq-03/frame-000363,1,0.01955104,0.948583,1256,916,784,0.89,74.26,60.16,13.27,148.58,0.983391805,-0.166172829,-0.057946914,-0.044376850,-0.3122847,-0.9083514,0.2198326
seq-03/frame-000364,1,0.01110890,0.670270,1206,834,708,0.87,73.88,81.77,17.29,173.81,0.983502094,-0.167370989,-0.053852588,-0.042549757,-0.3025757,-0.9087977,0.2324556
seq-03/frame-000365,1,0.00838673,0.437153,1439,961,817,0.92,106.88,94.15,18.55,220.51,0.983029376,-0.172615536,-0.046589653,-0.041067336,-0.2928265,-0.9117525,0.2540658
seq-03/frame-000366,1,0.01294771,0.570864,1373,933,792,0.88,72.56,81.55,17.28,172.27,0.983052771,-0.174465593,-0.040940982,-0.038637313,-0.2952035,-0.9119735,0.2634399
seq-03/frame-000367,1,0.01066509,0.328682,1500,1009,846,0.92,80.95,93.99,12.36,188.22,0.982492407,-0.178479203,-0.039199830,-0.036293505,-0.2843944,-0.9166455,0.2754977
seq-03/frame-000368,1,0.01357660,0.291679,1546,1101,954,0.89,68.14,92.48,32.43,193.94,0.982240400,-0.181168402,-0.035055162,-0.033954990,-0.2842285,-0.9175437,0.2839898
seq-03/frame-000369,1,0.01657890,0.223254,1366,896,765,0.91,72.19,78.53,12.45,164.08,0.980825520,-0.190513229,-0.025690573,-0.032031287,-0.2869756,-0.9287697,0.3089409
seq-03/frame-000370,1,0.01370684,0.259294,1175,776,650,0.89,60.51,98.32,24.69,184.41,0.980644834,-0.191893550,-0.021371388,-0.032493682,-0.2853618,-0.9286777,0.3227142
seq-03/frame-000371,1,0.01133682,0.447559,1227,788,648,0.87,72.46,80.24,34.06,187.62,0.980582836,-0.192706547,-0.016028381,-0.032627897,-0.2867469,-0.9217706,0.3322723
seq-03/frame-000372,1,0.02947942,1.280388,1481,984,826,0.90,81.19,127.13,9.95,219.18,0.979885306,-0.196549298,-0.013812453,-0.031660348,-0.2773679,-0.9260811,0.3401286
seq-03/frame-000373,1,0.02727657,0.717162,1132,758,636,0.87,86.40,108.31,11.45,207.02,0.978380669,-0.204774637,-0.006001803,-0.028330083,-0.2735726,-0.9337643,0.3605140
seq-03/frame-000374,1,0.01043292,0.644246,1002,600,482,0.84,88.21,94.52,22.31,205.89,0.978014804,-0.206580477,0.003325747,-0.028292920,-0.2861603,-0.9216919,0.3846534
seq-03/frame-000375,1,0.01767663,0.606691,1083,646,514,0.88,108.72,66.59,20.77,196.96,0.976920849,-0.211722583,0.010022394,-0.026433953,-0.2809286,-0.9293090,0.3918268
seq-03/frame-000376,1,0.02813296,0.728771,1155,724,588,0.87,130.63,56.68,45.63,233.80,0.975629974,-0.217472189,0.014964237,-0.025061373,-0.2764719,-0.9417268,0.3987383
seq-03/frame-000377,1,0.02947227,0.602798,924,481,364,0.82,112.18,59.22,12.47,184.70,0.973074807,-0.227801336,0.026756628,-0.022716837,-0.2703637,-0.9440076,0.4186134
seq-03/frame-000378,1,0.02172775,0.370880,862,506,385,0.83,52.26,52.51,23.65,129.25,0.970272262,-0.237229408,0.042116897,-0.022805984,-0.2926379,-0.9559193,0.4395430
seq-03/frame-000379,1,0.02226120,0.540018,870,493,355,0.82,70.51,65.72,12.43,149.48,0.967925647,-0.243445881,0.056772221,-0.025118926,-0.3079684,-0.9625858,0.4532598
seq-03/frame-000380,1,0.03781058,0.733239,1074,575,421,0.86,71.44,55.02,30.83,158.15,0.966188845,-0.249523204,0.060712239,-0.023050153,-0.2800721,-0.9711440,0.4531116
seq-03/frame-000381,1,0.04447091,1.257278,1301,735,564,0.90,66.25,104.14,26.77,198.06,0.965126154,-0.253325308,0.062662666,-0.020764987,-0.2670559,-0.9688968,0.4615719
seq-03/frame-000382,1,0.05360168,0.960991,1013,515,346,6.01,75.38,63.87,14.16,159.42,0.959330240,-0.271605466,0.075594708,-0.014191589,-0.2760307,-0.9902470,0.4726086
seq-03/frame-000383,1,0.05731400,1.459376,959,517,357,0.83,58.49,61.08,14.03,134.44,0.956516642,-0.280466463,0.079186568,-0.011998488,-0.2611615,-0.9840266,0.4879440
seq-03/frame-000384,1,0.05665622,1.362608,1032,559,406,0.83,102.08,89.47,15.68,208.07,0.951800660,-0.293169145,0.089396290,-0.011647253,-0.2671983,-0.9950480,0.4981268
seq-03/frame-000385,1,0.05439779,1.294823,1034,524,361,0.87,88.77,69.32,11.84,170.80,0.947514925,-0.304023469,0.098489119,-0.009224459,-0.2723411,-1.0005386,0.5071523
seq-03/frame-000386,1,0.06597861,1.818398,1098,529,359,1.24,116.02,75.34,8.24,200.84,0.944162513,-0.313655373,0.100656029,-0.006769070,-0.2618552,-1.0033349,0.5077727
seq-03/frame-000387,1,0.06235343,2.029475,983,423,272,0.82,80.76,66.81,17.00,165.39,0.936717611,-0.333578608,0.106228329,0.000985663,-0.2560755,-0.9859009,0.5257363
seq-03/frame-000388,1,0.06415611,2.036449,993,420,256,0.86,56.75,85.74,13.17,156.52,0.929410017,-0.351738269,0.111687371,0.001772684,-0.2604969,-1.0109976,0.5298143
seq-03/frame-000389,1,0.06043012,1.997387,1034,454,288,0.86,68.96,78.25,29.38,177.45,0.923948714,-0.364121922,0.116870131,0.008681701,-0.2591476,-1.0144303,0.5434240
seq-03/frame-000390,1,0.06478933,2.233806,1096,480,321,4.27,78.69,74.89,11.20,169.06,0.916760171,-0.379961703,0.123130463,0.004333903,-0.2687825,-1.0420007,0.5494819
seq-03/frame-000391,1,0.06895956,2.157283,968,408,255,1.54,75.61,58.84,9.95,145.95,0.909843990,-0.393107368,0.132228666,0.012887657,-0.2614420,-1.0374253,0.5465659
seq-03/frame-000392,1,0.05827520,1.615367,974,397,220,0.83,59.78,73.13,9.37,143.11,0.902446277,-0.406297500,0.141987778,0.018775742,-0.2806986,-1.0531427,0.5551760
seq-03/frame-000393,1,0.03362290,1.436761,982,370,216,0.81,66.07,109.19,24.80,200.88,0.897985530,-0.416079820,0.141203309,0.023689592,-0.2825590,-1.0312452,0.5727960
seq-03/frame-000394,1,0.03456502,1.323137,1017,410,225,0.85,109.74,67.53,12.44,190.56,0.894961480,-0.424350666,0.134848999,0.028039414,-0.2789529,-1.0286572,0.5682295
seq-03/frame-000395,1,0.05887745,1.966615,1033,436,244,1.68,74.43,72.22,12.44,160.78,0.887258699,-0.441910633,0.129328382,0.027589165,-0.2611770,-1.0542165,0.5645347
seq-03/frame-000396,1,0.04081358,1.377098,1143,483,303,0.90,88.74,95.52,9.95,195.10,0.881924507,-0.450943361,0.135191472,0.024135341,-0.2718193,-1.0500333,0.5754171
seq-03/frame-000397,1,0.04118464,1.385726,1186,554,365,1.40,68.78,90.58,18.58,179.33,0.873748475,-0.464553170,0.141935497,0.024663123,-0.2827530,-1.0784439,0.5768572
seq-03/frame-000398,1,0.03625117,1.265869,1280,643,455,7.22,69.60,118.03,19.01,213.86,0.870626003,-0.469440968,0.144893811,0.025324392,-0.2954714,-1.0869215,0.5794524
seq-03/frame-000399,1,0.02821622,0.995508,1168,568,404,0.86,104.19,71.43,23.70,200.18,0.870212542,-0.470861605,0.142233468,0.028091290,-0.2976957,-1.0853432,0.5777102
seq-03/frame-000400,1,0.04206363,1.173276,1180,532,368,0.86,73.82,73.05,21.43,169.17,0.868385764,-0.475514137,0.137128843,0.031434867,-0.2879044,-1.0993662,0.5636999
seq-03/frame-000401,1,0.03343259,1.054872,1286,706,518,0.90,73.48,63.78,16.08,154.24,0.865592118,-0.480258446,0.137382301,0.035045864,-0.2915035,-1.0996659,0.5648779
seq-03/frame-000402,1,0.03042617,0.961529,1393,675,488,0.91,73.43,82.06,17.62,174.03,0.863921731,-0.483178552,0.137767921,0.034608230,-0.2938765,-1.1031938,0.5626329
seq-03/frame-000403,1,0.03111339,0.974694,1122,491,296,1.43,62.75,65.15,11.77,141.10,0.861395453,-0.487453312,0.137457241,0.038634831,-0.3015936,-1.1146347,0.5640962
seq-03/frame-000404,1,0.02517835,0.959570,1141,540,372,0.89,71.31,65.03,10.37,147.60,0.860267516,-0.490733535,0.132481581,0.039610965,-0.3003917,-1.1132446,0.5609279
seq-03/frame-000405,1,0.03976980,1.130567,1046,413,255,2.10,80.78,58.35,12.90,154.13,0.858235088,-0.495237003,0.129056871,0.038950839,-0.3091343,-1.1401038,0.5528974
seq-03/frame-000406,1,0.01765974,0.516681,929,418,257,1.01,88.65,40.88,13.22,143.77,0.861060623,-0.491305667,0.124279541,0.041808381,-0.3054458,-1.1104818,0.5527686
seq-03/frame-000407,1,0.02161318,1.130507,956,426,253,0.91,90.64,47.36,19.55,158.45,0.858391996,-0.497529785,0.117080379,0.043811850,-0.3131666,-1.1311541,0.5574214
seq-03/frame-000408,1,0.02301980,0.818425,1323,548,365,0.93,91.15,72.04,13.60,177.73,0.860205937,-0.495829575,0.109002764,0.048137066,-0.3071029,-1.1415562,0.5406130
seq-03/frame-000409,1,0.02088277,0.758197,1563,719,519,0.97,80.03,61.77,16.03,158.80,0.861402708,-0.494759428,0.104755994,0.047166362,-0.3066241,-1.1443987,0.5317853
seq-03/frame-000410,1,0.03379620,1.116894,1552,688,470,0.97,76.77,75.92,16.39,170.06,0.860821640,-0.496586472,0.102053029,0.044420264,-0.3025696,-1.1628365,0.5166903
seq-03/frame-000411,1,0.02030918,0.818580,1611,866,621,0.97,76.73,70.45,12.31,160.46,0.860737131,-0.495818042,0.106248900,0.044802138,-0.3119868,-1.1580887,0.5126702
seq-03/frame-000412,1,0.02012707,0.680356,1469,648,424,0.94,77.50,111.64,18.26,208.34,0.861007505,-0.494988547,0.108012003,0.044562564,-0.3184834,-1.1685756,0.5051290
seq-03/frame-000413,1,0.01829802,0.710829,1122,508,349,0.90,70.18,97.11,11.50,179.69,0.859984957,-0.496669641,0.106938035,0.048056194,-0.3267217,-1.1786233,0.5076567
seq-03/frame-000414,1,0.01773333,0.507732,1623,769,544,0.98,77.70,90.99,11.14,180.82,0.862348292,-0.493489605,0.101474024,0.050263857,-0.3189153,-1.1756665,0.4911640
seq-03/frame-000415,1,0.03967140,1.244748,1253,576,397,0.90,66.30,61.93,7.07,136.20,0.861756713,-0.495706352,0.096035156,0.049272998,-0.3008110,-1.1945199,0.4786203
seq-03/frame-000416,1,0.04105903,1.240059,1106,463,323,0.89,56.61,51.18,14.19,122.87,0.859866410,-0.498045678,0.101859608,0.046956144,-0.3085393,-1.2102545,0.4721967
seq-03/frame-000417,1,0.03875508,1.636838,1155,517,355,0.89,74.73,62.54,15.93,154.10,0.859729066,-0.497074475,0.106536426,0.049324334,-0.3047564,-1.2112979,0.4675684
seq-03/frame-000418,1,0.02061062,0.656813,1603,861,629,0.98,77.16,72.75,18.34,169.24,0.860252487,-0.494366618,0.116680104,0.044193430,-0.3292686,-1.2117570,0.4519283
seq-03/frame-000419,1,0.02143214,0.591577,1566,770,535,1.06,72.75,63.78,8.57,146.16,0.860140370,-0.494241157,0.118388821,0.043223951,-0.3311715,-1.2220976,0.4489357
seq-03/frame-000420,1,0.02164222,0.671942,1522,677,455,0.95,86.90,65.85,10.25,163.95,0.861153802,-0.492675194,0.118051122,0.041823632,-0.3354761,-1.2285151,0.4388323
seq-03/frame-000421,1,0.04570137,1.318973,947,442,288,0.88,65.73,52.74,17.99,137.34,0.860635020,-0.493955305,0.115776685,0.043718171,-0.3118642,-1.2463983,0.4279478
seq-03/frame-000422,1,0.04790058,1.579116,966,437,287,0.88,60.44,44.22,9.95,115.48,0.858960377,-0.495182243,0.123407063,0.041860640,-0.3124825,-1.2544922,0.4312935
seq-03/frame-000423,1,0.03128129,1.039196,1401,784,579,0.92,88.54,79.08,15.20,183.75,0.862031453,-0.486989345,0.132659877,0.046308853,-0.3264296,-1.2451710,0.4167348
seq-03/frame-000424,1,0.02503401,0.806273,1259,617,440,0.91,77.04,81.71,11.84,171.50,0.863667233,-0.483122498,0.136102170,0.046343948,-0.3346970,-1.2474302,0.4131118
seq-03/frame-000425,1,0.02385293,0.762709,1452,831,624,1.27,74.31,69.90,20.75,166.23,0.865754214,-0.480012990,0.134004724,0.045824710,-0.3436220,-1.2545576,0.4007018
seq-03/frame-000426,1,0.02876079,0.712567,1553,893,680,0.96,78.82,75.10,13.80,168.69,0.868327241,-0.476766964,0.129836244,0.042937345,-0.3439133,-1.2631484,0.3778132
seq-03/frame-000427,1,0.04228485,1.241710,1600,708,519,0.94,87.97,67.30,10.59,166.81,0.869169944,-0.475826257,0.127373724,0.043691147,-0.3328219,-1.2718525,0.3675229
seq-03/frame-000428,1,0.04067591,1.297082,1360,711,513,0.91,86.91,74.10,12.00,173.92,0.869147015,-0.475144469,0.130070364,0.043622239,-0.3343741,-1.2736654,0.3621777
seq-03/frame-000429,1,0.03694599,1.239040,1538,809,598,0.93,81.27,74.90,10.78,167.88,0.869359256,-0.473523914,0.134530784,0.043486266,-0.3404981,-1.2732262,0.3559276
seq-03/frame-000430,1,0.02947585,0.840395,1490,774,585,0.92,66.72,61.22,13.48,142.35,0.869319193,-0.472753791,0.137894643,0.042107726,-0.3560434,-1.2791078,0.3377451
seq-03/frame-000431,1,0.03464261,1.055216,1145,561,398,0.87,58.80,62.40,10.25,132.32,0.870519156,-0.471379547,0.134309246,0.044257747,-0.3521746,-1.2839443,0.3381419
seq-03/frame-000432,1,0.02576164,0.924975,1224,740,578,0.90,79.86,77.63,12.39,170.78,0.875076058,-0.464084308,0.130946324,0.041481422,-0.3635789,-1.2780321,0.3253686
seq-03/frame-000433,1,0.03188538,1.037305,1607,858,635,0.95,95.95,74.10,7.94,178.94,0.878217759,-0.459583271,0.126758909,0.038065249,-0.3618660,-1.2817335,0.3066886
seq-03/frame-000434,1,0.03959471,0.677254,1515,908,709,0.93,75.74,82.68,11.75,171.11,0.879383058,-0.455958438,0.132331486,0.035717184,-0.3638101,-1.2856671,0.2834814
seq-03/frame-000435,1,0.03520164,1.116221,1618,882,655,0.99,79.91,85.87,13.95,180.72,0.882199030,-0.450266927,0.133472683,0.034199549,-0.3636210,-1.2769332,0.2705836
seq-03/frame-000436,1,0.03051500,1.060620,1654,978,769,0.98,89.80,95.22,17.70,203.71,0.883726881,-0.447437174,0.133252287,0.032720066,-0.3714297,-1.2787362,0.2616341
seq-03/frame-000437,1,0.03907226,1.240384,1502,747,563,0.96,70.10,62.96,11.17,145.20,0.887411026,-0.442177578,0.127724594,0.025828053,-0.3605379,-1.2763282,0.2354090
seq-03/frame-000438,1,0.04205148,1.420243,1390,673,502,0.94,85.83,63.50,8.62,158.89,0.888382497,-0.442239985,0.121351317,0.021775990,-0.3529448,-1.2722387,0.2258616
seq-03/frame-000439,1,0.03241307,1.207911,1577,1005,788,0.97,71.20,74.18,10.86,157.21,0.889534086,-0.440745002,0.118885068,0.018419914,-0.3612021,-1.2685515,0.2149248
seq-03/frame-000440,1,0.03513043,1.236353,1539,677,469,1.47,73.16,65.49,11.67,151.79,0.893144633,-0.435744978,0.110870685,0.011254806,-0.3500859,-1.2612027,0.1876410
seq-03/frame-000441,1,0.02336196,0.999369,1402,901,723,0.93,67.57,62.61,10.60,141.72,0.895419726,-0.431627296,0.109093132,0.004481101,-0.3535770,-1.2487410,0.1784282
seq-03/frame-000442,1,0.02438503,0.975254,1207,749,582,0.88,63.72,51.42,10.56,126.59,0.897358201,-0.428797304,0.104290538,-0.002148464,-0.3563525,-1.2510374,0.1699524
seq-03/frame-000443,1,0.01958675,0.842846,1084,668,522,0.87,87.01,73.17,7.56,168.61,0.901684192,-0.421798450,0.094897211,-0.006797386,-0.3471438,-1.2400654,0.1529214
seq-03/frame-000444,1,0.01719625,0.738434,1526,1007,812,1.07,106.04,77.34,10.95,195.41,0.910546600,-0.405236594,0.079702007,-0.018324350,-0.3293091,-1.2181129,0.1169178
seq-03/frame-000445,1,0.01474735,0.638920,1670,1159,947,0.99,90.21,96.82,10.94,198.97,0.912385649,-0.401797652,0.074100402,-0.024903903,-0.3234435,-1.2142790,0.1026935
seq-03/frame-000446,1,0.01326280,0.571932,1630,1121,917,0.98,119.15,90.14,10.04,220.31,0.914834612,-0.396713723,0.070155383,-0.027822250,-0.3154120,-1.2055496,0.0883755
seq-03/frame-000447,1,0.00963072,0.533289,1695,1142,942,1.32,112.69,125.86,10.53,250.40,0.917143642,-0.391443461,0.067155773,-0.033311555,-0.3098927,-1.1939430,0.0701507
seq-03/frame-000448,1,0.01974496,0.642742,1450,1017,855,0.92,99.01,90.31,14.52,204.76,0.918590600,-0.387603776,0.064041907,-0.043049480,-0.2948726,-1.1837335,0.0366739
seq-03/frame-000449,1,0.01408693,0.614633,1435,1058,895,1.93,108.87,85.61,12.17,208.59,0.919224293,-0.385620900,0.060878447,-0.051156959,-0.2924395,-1.1702779,0.0295364
seq-03/frame-000450,1,0.00441080,0.480899,1165,880,733,0.88,98.36,54.13,13.33,166.70,0.920557854,-0.382069679,0.055903201,-0.058913747,-0.2960261,-1.1602072,0.0247736
seq-03/frame-000451,1,0.00722174,0.347170,1297,914,756,0.92,98.43,69.94,11.41,180.70,0.925167973,-0.370357610,0.041554945,-0.071921128,-0.2936775,-1.1472440,-0.0021183
seq-03/frame-000452,1,0.00554490,0.358212,1285,930,765,1.40,110.86,69.57,19.54,201.37,0.927131493,-0.364956571,0.031991566,-0.078806317,-0.2788271,-1.1380650,-0.0125023
seq-03/frame-000453,1,0.00987876,0.393182,1185,772,634,0.90,75.04,63.00,7.36,146.30,0.929609372,-0.356753178,0.028883385,-0.087859745,-0.2882178,-1.1258184,-0.0212046
seq-03/frame-000454,1,0.01638439,0.619565,1150,820,669,0.91,57.45,72.40,12.10,142.87,0.933749370,-0.343955068,0.009554993,-0.098568387,-0.2843737,-1.1029985,-0.0508447
seq-03/frame-000455,1,0.02426962,0.793359,1298,893,720,0.92,87.90,69.95,10.80,169.57,0.934647927,-0.339134517,0.000701614,-0.106866927,-0.2861345,-1.0915644,-0.0523231
seq-03/frame-000456,1,0.01701052,0.653875,1260,883,735,0.91,72.02,54.12,8.31,135.37,0.936417718,-0.331850624,-0.010110946,-0.113555232,-0.2751386,-1.0850488,-0.0671034
seq-03/frame-000457,1,0.02470812,0.805452,1217,865,718,0.90,100.68,72.93,17.12,191.63,0.938549172,-0.317746832,-0.026001694,-0.132235831,-0.2755950,-1.0667677,-0.0889500
seq-03/frame-000458,1,0.02832959,0.974409,1238,835,679,0.89,79.39,55.66,10.55,146.50,0.939680488,-0.311289062,-0.033554562,-0.137745387,-0.2736839,-1.0569556,-0.0931933
seq-03/frame-000459,1,0.03106272,1.075595,1397,1029,900,0.93,65.84,65.60,12.56,144.94,0.942884104,-0.294930608,-0.045172885,-0.148138157,-0.2712330,-1.0392231,-0.1210202
seq-03/frame-000460,1,0.03110303,1.053845,1242,868,734,0.88,71.43,68.66,9.12,150.10,0.943416956,-0.290167977,-0.050706315,-0.152301880,-0.2702219,-1.0395178,-0.1310136
seq-03/frame-000461,1,0.04298584,1.418768,1277,964,810,0.91,70.42,68.50,15.05,154.88,0.945952399,-0.274492759,-0.059874281,-0.161996465,-0.2758186,-1.0154984,-0.1557506
seq-03/frame-000462,1,0.04033627,1.345882,1157,766,624,0.88,78.99,52.93,16.59,149.39,0.946370285,-0.269481925,-0.067091466,-0.165110603,-0.2730582,-1.0128733,-0.1617392
seq-03/frame-000463,1,0.04660123,1.467758,1279,983,833,0.90,61.06,60.83,10.97,133.76,0.946801196,-0.255655086,-0.080591843,-0.178081240,-0.2746186,-0.9984639,-0.1881097
seq-03/frame-000464,1,0.05103157,1.579965,1100,776,635,0.87,71.99,53.22,8.90,134.97,0.947546764,-0.247833874,-0.087309940,-0.181962839,-0.2744299,-0.9835672,-0.1922591
seq-03/frame-000465,1,0.05650400,1.679342,1101,805,671,0.87,62.65,56.46,9.75,129.73,0.947472832,-0.232830752,-0.105878288,-0.192028286,-0.2751280,-0.9656673,-0.2109255
seq-03/frame-000466,1,0.06024538,1.767991,1209,902,758,0.89,68.33,66.01,12.09,147.33,0.946801998,-0.229877178,-0.113052852,-0.194785809,-0.2820728,-0.9669341,-0.2224443
seq-03/frame-000467,1,0.06161482,1.787516,1146,877,736,1.31,73.87,60.97,10.43,146.59,0.946029927,-0.218837496,-0.130080013,-0.200541060,-0.2775129,-0.9496000,-0.2360881
seq-03/frame-000468,1,0.05989800,1.729805,1086,788,659,0.88,70.88,59.15,15.63,146.54,0.945310133,-0.214470706,-0.140848501,-0.201377179,-0.2710634,-0.9401069,-0.2451694
seq-03/frame-000469,1,0.06337450,1.910029,953,660,507,0.83,66.20,51.55,14.09,132.68,0.944221859,-0.202933016,-0.165137609,-0.199982104,-0.2649806,-0.9217782,-0.2522331
seq-03/frame-000470,1,0.05825140,1.852431,945,612,465,0.82,69.09,47.65,11.45,129.02,0.941817471,-0.199229408,-0.181189680,-0.201141230,-0.2583398,-0.9212204,-0.2529632
seq-03/frame-000471,1,0.05988708,1.982797,963,735,604,0.82,65.18,38.12,10.34,114.46,0.940695595,-0.186004621,-0.200146279,-0.201085913,-0.2582066,-0.9241297,-0.2742763
seq-03/frame-000472,1,0.07285565,2.332254,831,529,390,0.78,66.40,33.86,8.99,110.03,0.939306237,-0.172620402,-0.216635981,-0.202422433,-0.2624434,-0.9113728,-0.2806176
seq-03/frame-000473,1,0.07530436,2.464425,711,449,334,0.78,60.09,36.91,11.55,109.34,0.938047561,-0.160579609,-0.231279888,-0.201966768,-0.2561427,-0.8987414,-0.2881971
seq-03/frame-000474,1,0.05963949,2.005354,823,563,451,0.79,55.21,42.13,20.04,118.17,0.935020207,-0.147796932,-0.255902640,-0.195977342,-0.2336093,-0.8955523,-0.2977025
seq-03/frame-000475,1,0.06186218,2.096933,905,593,498,0.78,57.00,50.79,14.83,123.41,0.934649473,-0.142312273,-0.261465515,-0.194456585,-0.2316686,-0.8948217,-0.3067487
seq-03/frame-000476,1,0.07248659,2.469375,800,509,419,0.77,58.92,28.43,13.14,101.27,0.932392458,-0.130033106,-0.277150267,-0.192154691,-0.2238118,-0.8708330,-0.3133481
seq-03/frame-000477,1,0.07308606,2.483357,718,479,397,0.76,72.68,28.79,12.13,114.37,0.928224478,-0.119709963,-0.296603412,-0.189987523,-0.2086105,-0.8619650,-0.3315181
seq-03/frame-000478,1,0.06786406,2.423088,789,486,386,1.12,82.69,40.57,9.68,134.05,0.925392280,-0.113997082,-0.306335515,-0.191865436,-0.1976542,-0.8588578,-0.3330067
seq-03/frame-000479,1,0.06100317,2.182929,928,596,496,0.75,62.36,42.95,7.24,113.31,0.923683501,-0.104616280,-0.317360685,-0.187473784,-0.1789865,-0.8605593,-0.3434649
seq-03/frame-000480,1,0.07016174,2.533955,692,401,312,0.73,56.66,34.57,9.85,101.81,0.919358519,-0.086509323,-0.334432035,-0.188285064,-0.1588014,-0.8414917,-0.3695834
seq-03/frame-000481,1,0.05773884,2.165391,899,518,410,0.77,64.70,35.84,17.61,118.91,0.917172618,-0.080227522,-0.344124378,-0.184218203,-0.1328113,-0.8357261,-0.3726741
seq-03/frame-000482,1,0.04518540,1.918288,1036,623,520,1.13,69.16,46.30,7.82,124.41,0.912304695,-0.072314599,-0.359683261,-0.181930462,-0.0941464,-0.8311402,-0.3858000
seq-03/frame-000483,1,0.05284315,2.225081,1239,667,510,0.77,65.07,71.69,14.06,151.58,0.909531242,-0.074030674,-0.367526455,-0.179434346,-0.0680627,-0.8240107,-0.4119731
seq-03/frame-000484,1,0.04582320,1.856924,1269,604,458,0.75,92.49,59.43,14.09,166.77,0.908339782,-0.080191937,-0.369166933,-0.179454366,-0.0512708,-0.8305799,-0.4118238
seq-03/frame-000485,1,0.05559960,1.808359,820,463,352,0.73,58.36,51.39,13.31,123.80,0.911843208,-0.088250682,-0.359060275,-0.178408241,-0.0381012,-0.8146610,-0.4199782
seq-03/frame-000486,1,0.04523301,1.343240,790,466,374,0.73,59.32,46.67,11.49,118.21,0.914265541,-0.098193306,-0.351794734,-0.175262832,-0.0063880,-0.8051842,-0.4196024
seq-03/frame-000487,1,0.05538278,1.904661,890,542,436,0.73,57.59,45.82,19.37,123.52,0.917387802,-0.097208912,-0.345351776,-0.172285225,-0.0001912,-0.7803271,-0.4273481
seq-03/frame-000488,1,0.03056888,1.056083,1066,716,614,0.78,79.90,56.93,6.96,144.57,0.918281884,-0.109633024,-0.343112743,-0.164355188,0.0213409,-0.7809021,-0.4098519
seq-03/frame-000489,1,0.04326309,1.949897,878,620,511,0.75,88.58,44.17,6.63,140.14,0.923670473,-0.107676654,-0.331744541,-0.158695162,0.0365705,-0.7579714,-0.4218192
seq-03/frame-000490,1,0.03567020,1.287521,879,591,478,1.08,83.91,44.27,12.77,142.03,0.925621511,-0.110247940,-0.326783732,-0.155828758,0.0473094,-0.7540454,-0.4224333
seq-03/frame-000491,1,0.04093223,1.547747,802,579,475,0.77,59.79,39.12,8.35,108.04,0.931021996,-0.112217678,-0.311721293,-0.153085174,0.0595111,-0.7413674,-0.4343374
seq-03/frame-000492,1,0.04462067,1.628197,820,566,453,0.79,57.88,43.60,11.66,113.93,0.934542111,-0.112597366,-0.302583877,-0.149652507,0.0631862,-0.7321067,-0.4363233
seq-03/frame-000493,1,0.03399298,1.189839,906,648,545,0.82,65.34,48.23,15.20,129.59,0.939642952,-0.113186522,-0.289460607,-0.143082115,0.0896367,-0.7279525,-0.4466085
seq-03/frame-000494,1,0.04577770,2.308569,869,614,502,0.81,59.21,60.48,21.09,141.59,0.946613406,-0.110245291,-0.270570825,-0.136236796,0.0933445,-0.7144328,-0.4587823
seq-03/frame-000495,1,0.03109706,1.147695,993,728,624,0.85,70.75,57.56,9.66,138.82,0.949683166,-0.108821262,-0.262736986,-0.131259642,0.1029409,-0.7133820,-0.4595248
seq-03/frame-000496,1,0.02396537,0.904822,1059,776,669,0.84,60.08,68.32,13.88,143.13,0.954903412,-0.106385047,-0.248838890,-0.122151144,0.1117193,-0.7098762,-0.4761094
seq-03/frame-000497,1,0.02125779,0.805598,975,683,556,0.81,71.46,55.92,9.59,137.78,0.957820094,-0.103880245,-0.240070603,-0.118977592,0.1120129,-0.7071733,-0.4826531
seq-03/frame-000498,1,0.02029629,0.746311,1060,824,719,0.83,75.49,62.06,12.00,150.38,0.964103986,-0.099154871,-0.219622725,-0.111524319,0.1184174,-0.6938619,-0.5019745
seq-03/frame-000499,1,0.01862605,0.716221,1232,982,866,0.84,85.57,68.18,9.22,163.81,0.966567088,-0.096793877,-0.212020137,-0.106894675,0.1198128,-0.6889076,-0.5097318
seq-03/frame-000500,1,0.02322341,0.761144,1202,980,868,1.13,82.59,61.62,9.57,154.91,0.970766373,-0.094762819,-0.198643377,-0.095778214,0.1255230,-0.6741735,-0.5280135
seq-03/frame-000501,1,0.01394271,0.499712,1455,1185,1051,0.86,99.77,79.00,12.31,191.93,0.972688468,-0.094730599,-0.192728875,-0.088084273,0.1262961,-0.6740814,-0.5264066
seq-03/frame-000502,1,0.01684523,0.618791,1786,1491,1386,0.87,109.42,106.02,9.98,226.29,0.974328945,-0.092975473,-0.187185993,-0.083666433,0.1244422,-0.6652820,-0.5349710
seq-03/frame-000503,1,0.01875847,0.614233,1510,1234,1124,0.86,86.44,85.30,11.43,184.04,0.976688237,-0.092308859,-0.179521414,-0.073015233,0.1290139,-0.6559520,-0.5425815
seq-03/frame-000504,1,0.01965274,0.576501,1555,1257,1131,0.82,79.95,81.43,22.20,184.40,0.977987590,-0.093528765,-0.173674828,-0.068041877,0.1282617,-0.6518183,-0.5530351
seq-03/frame-000505,1,0.02416767,0.618598,1342,1042,954,0.85,72.75,71.49,20.08,165.17,0.979583620,-0.099260019,-0.162353667,-0.064843396,0.1291416,-0.6492590,-0.5585731
seq-03/frame-000506,1,0.01830202,0.365154,1288,965,830,0.82,79.49,61.16,12.01,153.49,0.980988961,-0.100991540,-0.152545168,-0.064740551,0.1202317,-0.6463169,-0.5666974
seq-03/frame-000507,1,0.01349310,0.295932,1457,1095,994,1.58,86.27,77.76,22.47,188.08,0.982443142,-0.102936035,-0.143154259,-0.060963130,0.1118630,-0.6419046,-0.5696135
seq-03/frame-000508,1,0.01413822,0.411895,1721,1421,1312,1.62,85.63,83.50,10.52,181.28,0.983575706,-0.105250719,-0.136014353,-0.054783327,0.1093048,-0.6334975,-0.5689869
seq-03/frame-000509,1,0.02090753,0.439833,1277,947,829,1.30,91.68,50.87,11.56,155.41,0.984025654,-0.108327108,-0.130906153,-0.053125604,0.1122025,-0.6314203,-0.5750131
seq-03/frame-000510,1,0.01830170,0.421930,1366,1108,996,0.98,80.92,64.96,9.53,156.39,0.984841365,-0.115934021,-0.115849683,-0.056794719,0.1009066,-0.6300559,-0.5715331
seq-03/frame-000511,1,0.00917335,0.304681,1983,1677,1542,0.93,95.97,82.93,15.04,194.86,0.985428700,-0.118713887,-0.109014669,-0.054342364,0.0874161,-0.6275178,-0.5697566
seq-03/frame-000512,1,0.00365884,0.143046,2149,1780,1643,0.98,106.99,96.60,14.60,219.17,0.985095521,-0.121134391,-0.110425510,-0.052148639,0.0722286,-0.6267861,-0.5629177
seq-03/frame-000513,1,0.00477293,0.216910,1711,1465,1373,0.92,87.27,98.99,10.67,197.86,0.984966121,-0.121767872,-0.109486139,-0.055019194,0.0718006,-0.6282081,-0.5604510
seq-03/frame-000514,1,0.00478323,0.779676,1553,1294,1210,0.91,83.83,79.58,12.36,176.67,0.985886983,-0.122080285,-0.097208714,-0.060611268,0.0617172,-0.6252208,-0.5570515
seq-03/frame-000515,1,0.00848824,0.365537,2159,1838,1687,0.99,91.57,117.72,13.09,223.37,0.986190752,-0.122964104,-0.093125887,-0.060292606,0.0544319,-0.6236092,-0.5494614
seq-03/frame-000516,1,0.01107259,0.392205,1959,1717,1598,0.95,100.32,92.49,14.63,208.40,0.986135658,-0.124979911,-0.091981126,-0.058787402,0.0552114,-0.6245602,-0.5430685
seq-03/frame-000517,1,0.01048676,0.387252,1797,1549,1434,0.95,73.66,101.32,16.77,192.71,0.986224091,-0.130107695,-0.083066989,-0.059446659,0.0381071,-0.6262350,-0.5288432
seq-03/frame-000518,1,0.00946194,0.320970,2084,1803,1666,0.96,82.72,96.82,25.15,205.66,0.986571394,-0.130244956,-0.079265612,-0.058567041,0.0291399,-0.6291432,-0.5193356
seq-03/frame-000519,1,0.00915637,0.372115,2157,1872,1733,0.98,86.19,100.97,16.22,204.37,0.986560595,-0.131459717,-0.076864528,-0.059231574,0.0188068,-0.6344331,-0.5068621
seq-03/frame-000520,1,0.00740552,0.323222,2069,1794,1653,1.00,84.67,99.61,9.15,194.43,0.986501893,-0.133521016,-0.074795474,-0.058239089,0.0098628,-0.6371776,-0.4960900
seq-03/frame-000521,1,0.00930241,0.356732,2114,1825,1685,0.99,79.19,102.96,11.11,194.25,0.986037907,-0.137902863,-0.073393222,-0.057666985,-0.0011007,-0.6447201,-0.4757678
seq-03/frame-000522,1,0.01145245,0.349163,2112,1818,1656,0.99,86.38,103.87,19.10,210.35,0.985824424,-0.139522431,-0.073481627,-0.057307472,-0.0052579,-0.6519019,-0.4621764
seq-03/frame-000523,1,0.00412641,0.187075,1542,1339,1181,0.89,90.94,87.62,19.08,198.52,0.985549136,-0.142770668,-0.072421787,-0.055358131,-0.0229482,-0.6630244,-0.4456370
seq-03/frame-000524,1,0.01716437,0.413672,1076,916,770,0.85,79.09,55.06,15.36,150.37,0.985295051,-0.143731670,-0.073615122,-0.055818302,-0.0435327,-0.6736178,-0.4414486
seq-03/frame-000525,1,0.01235989,0.298957,2024,1735,1585,0.98,89.04,111.60,13.33,214.96,0.983206009,-0.144724158,-0.091875204,-0.062608371,-0.0293959,-0.6827589,-0.4019405
seq-03/frame-000526,1,0.01045593,0.195481,1860,1596,1455,0.95,90.93,91.00,24.09,206.96,0.983112676,-0.145875945,-0.088540893,-0.066107378,-0.0377702,-0.6889370,-0.3913772
seq-03/frame-000527,1,0.03200426,0.904878,1051,856,711,0.87,63.07,59.70,13.81,137.45,0.983059925,-0.147746227,-0.084620131,-0.067850348,-0.0855070,-0.6941707,-0.3757199
seq-03/frame-000528,1,0.01721711,0.468336,1061,905,784,0.88,69.40,51.66,12.84,134.78,0.982236022,-0.148474819,-0.095598602,-0.063470721,-0.0778186,-0.6913885,-0.3620641
seq-03/frame-000529,1,0.02177619,0.124743,2038,1767,1586,0.99,99.48,96.43,14.18,211.08,0.980617760,-0.153427493,-0.104862372,-0.062070087,-0.0855632,-0.6965472,-0.3253875
seq-03/frame-000530,1,0.00714829,0.252052,2080,1733,1570,1.01,83.92,106.81,13.38,205.12,0.980183705,-0.156177376,-0.104652768,-0.062420595,-0.0929643,-0.7037369,-0.3129142
seq-03/frame-000531,1,0.01240914,0.397564,1342,1177,1025,0.91,68.07,78.84,8.45,156.27,0.979691409,-0.158779425,-0.104409120,-0.063973223,-0.1040056,-0.7062247,-0.3033277
seq-03/frame-000532,1,0.02496236,0.710398,1170,969,829,0.90,79.32,64.19,8.35,152.77,0.976370436,-0.168445162,-0.117817601,-0.066678418,-0.1300192,-0.7127255,-0.2711752
seq-03/frame-000533,1,0.01539800,0.468793,1917,1633,1498,0.98,86.01,86.29,10.92,184.20,0.975458514,-0.169881102,-0.122602146,-0.067748159,-0.1284720,-0.7151544,-0.2523543
seq-03/frame-000534,1,0.01763679,0.610119,1304,1106,990,0.88,85.47,74.07,10.14,170.56,0.975353124,-0.171571429,-0.118628481,-0.071950060,-0.1374833,-0.7194182,-0.2398699
seq-03/frame-000535,1,0.02909271,0.878831,1994,1617,1479,1.00,131.04,101.17,17.05,250.25,0.976144296,-0.174295347,-0.108334611,-0.070901748,-0.1616385,-0.7226119,-0.2104325
seq-03/frame-000536,1,0.02940102,0.917046,2025,1627,1478,0.98,111.10,98.47,8.33,218.89,0.975991380,-0.176457683,-0.107001423,-0.069672140,-0.1687762,-0.7235446,-0.1930566
seq-03/frame-000537,1,0.02714335,0.886821,1795,1447,1308,0.97,94.46,95.92,13.20,204.55,0.975814147,-0.179184920,-0.104789266,-0.068547243,-0.1746427,-0.7297730,-0.1769222
seq-03/frame-000538,1,0.02639247,0.850997,1876,1463,1338,0.97,94.63,105.36,11.49,212.46,0.975932745,-0.181656372,-0.098596377,-0.069534128,-0.1887445,-0.7357322,-0.1452808
seq-03/frame-000539,1,0.02801140,0.850849,1897,1495,1369,3.89,87.76,99.04,11.04,201.74,0.976062733,-0.181787954,-0.096948617,-0.069682467,-0.1988100,-0.7347439,-0.1287836
seq-03/frame-000540,1,0.02946205,0.807450,1641,1358,1246,0.94,81.72,78.34,7.83,168.84,0.975556885,-0.184133840,-0.098278643,-0.068737193,-0.2069004,-0.7393385,-0.1112399
seq-03/frame-000541,1,0.02442318,0.915310,1516,1233,1114,1.33,74.55,74.78,12.00,162.67,0.975318013,-0.186237291,-0.097490008,-0.067573239,-0.2161557,-0.7464467,-0.0808318
seq-03/frame-000542,1,0.02623195,0.954080,1683,1396,1263,0.97,90.42,80.70,11.85,183.94,0.975866424,-0.186263478,-0.092597967,-0.066454911,-0.2253478,-0.7498435,-0.0654999
seq-03/frame-000543,1,0.01981814,0.691185,1419,1147,1015,0.89,69.11,70.46,14.40,154.86,0.975663129,-0.189693806,-0.088647282,-0.065110503,-0.2325436,-0.7671155,-0.0320533
seq-03/frame-000544,1,0.01885738,0.709986,1123,870,739,0.86,60.78,58.78,18.04,138.45,0.976594894,-0.188087838,-0.081897441,-0.064638904,-0.2380544,-0.7738853,-0.0140490
seq-03/frame-000545,1,0.01449889,0.518263,1294,1065,955,0.91,82.69,56.93,8.90,149.44,0.977704315,-0.185474459,-0.075516224,-0.063172763,-0.2422476,-0.7789350,-0.0058924
seq-03/frame-000546,1,0.01721657,0.611231,1792,1428,1283,0.97,92.53,99.51,10.75,203.76,0.978846284,-0.182938616,-0.069076419,-0.060181919,-0.2566448,-0.7821774,0.0207425
seq-03/frame-000547,1,0.01315955,0.522922,1696,1388,1250,0.96,98.40,102.71,11.07,213.14,0.978971335,-0.183395640,-0.067343262,-0.058703063,-0.2585271,-0.7866921,0.0324525
seq-03/frame-000548,1,0.01595151,0.389217,1540,1210,1070,0.94,70.46,89.40,11.79,172.59,0.979017539,-0.185215464,-0.062439671,-0.057629662,-0.2646027,-0.7918122,0.0466191
seq-03/frame-000549,1,0.01286411,0.562405,1762,1393,1221,0.99,118.04,84.73,21.27,225.03,0.978785131,-0.188316480,-0.055830093,-0.058305840,-0.2716223,-0.7988396,0.0718314
seq-03/frame-000550,1,0.01067466,0.520419,1885,1388,1198,0.98,100.68,91.37,16.92,209.95,0.978416241,-0.191199293,-0.053607719,-0.057190052,-0.2728065,-0.7998260,0.0870323
seq-03/frame-000551,1,0.00877365,0.317149,1985,1525,1304,1.02,84.66,107.41,9.46,202.56,0.976510162,-0.201142883,-0.053110647,-0.056113314,-0.2758448,-0.8086913,0.1180245
seq-03/frame-000552,1,0.01001650,0.417057,1563,1172,1010,0.93,97.79,78.90,18.98,196.60,0.975777727,-0.205239386,-0.050678044,-0.056270397,-0.2789983,-0.8140262,0.1311199
seq-03/frame-000553,1,0.00833759,0.465939,1293,859,715,0.91,61.43,59.00,16.51,137.85,0.975108637,-0.208587467,-0.046886173,-0.058788620,-0.2801620,-0.8161763,0.1465010
seq-03/frame-000554,1,0.00659688,0.244576,1825,1396,1200,1.44,83.01,93.64,12.44,190.53,0.973842317,-0.216761253,-0.040498314,-0.054823246,-0.2795066,-0.8199612,0.1796071
seq-03/frame-000555,1,0.00352793,0.232060,2024,1322,1102,1.04,85.44,94.75,11.74,192.97,0.973180176,-0.219789235,-0.042351386,-0.053098006,-0.2753177,-0.8205764,0.1968601
seq-03/frame-000556,1,0.01819900,0.543182,1628,1186,1025,0.96,76.59,89.07,8.79,175.42,0.972969175,-0.221362992,-0.040263867,-0.052040665,-0.2768010,-0.8252409,0.2086125
seq-03/frame-000557,1,0.00840696,0.221683,1396,910,769,0.94,76.28,70.98,12.92,161.13,0.972358556,-0.224892600,-0.032323542,-0.053826996,-0.2725955,-0.8298252,0.2387538
seq-03/frame-000558,1,0.01116263,0.193708,1739,1158,969,0.99,81.50,64.93,9.91,157.34,0.971617145,-0.228521188,-0.029403080,-0.053606432,-0.2738703,-0.8333029,0.2558722
seq-03/frame-000559,1,0.00849142,0.419561,1719,1063,850,1.00,84.75,83.81,11.32,180.88,0.971332547,-0.229615667,-0.032067630,-0.052548985,-0.2692629,-0.8259047,0.2759232
seq-03/frame-000560,1,0.01151184,0.333365,1713,1142,952,0.96,84.33,95.25,20.63,201.18,0.970425549,-0.232811992,-0.036106455,-0.052622745,-0.2684307,-0.8387298,0.3039636
seq-03/frame-000561,1,0.00940997,0.207355,1391,993,849,1.39,86.19,62.66,21.45,171.69,0.970651670,-0.231641175,-0.034082586,-0.054918842,-0.2664279,-0.8382660,0.3178496
seq-03/frame-000562,1,0.01610965,0.374705,1845,1152,957,1.01,94.24,87.54,13.98,196.77,0.969978584,-0.233903980,-0.034446940,-0.056955091,-0.2590232,-0.8429988,0.3319786
seq-03/frame-000563,1,0.02082817,0.862953,1385,890,735,0.93,73.85,60.65,23.98,159.42,0.969157376,-0.237326619,-0.040477807,-0.052646022,-0.2563129,-0.8336102,0.3677425
seq-03/frame-000564,1,0.01216374,0.522102,1836,1038,816,1.01,75.91,99.86,9.57,186.36,0.967864505,-0.241316205,-0.046322769,-0.053469527,-0.2457268,-0.8415545,0.3761856
seq-03/frame-000565,1,0.01286750,0.380671,1436,957,783,0.92,72.68,57.09,19.02,149.70,0.967361610,-0.243380254,-0.045625568,-0.053813338,-0.2433258,-0.8487097,0.3910310
seq-03/frame-000566,1,0.01537935,0.292442,1483,1017,851,0.95,94.22,67.70,15.52,178.40,0.967662044,-0.242896346,-0.041542771,-0.053904842,-0.2405021,-0.8519216,0.4011285
seq-03/frame-000567,1,0.01824306,0.631874,1863,1025,840,1.03,114.12,76.84,14.15,206.14,0.967081786,-0.244641756,-0.044042386,-0.054438024,-0.2295021,-0.8521004,0.4150637
seq-03/frame-000568,1,0.01929690,0.735173,1862,1043,856,1.01,85.37,90.93,13.98,191.30,0.966184111,-0.245523027,-0.052891986,-0.058387883,-0.2148540,-0.8496809,0.4389448
seq-03/frame-000569,1,0.02008754,0.695330,1844,999,813,1.01,110.61,98.77,17.95,228.35,0.964974743,-0.249225621,-0.054304780,-0.061329656,-0.2125410,-0.8573736,0.4537062
seq-03/frame-000570,1,0.01554426,0.768577,1751,970,804,0.99,93.75,92.38,13.04,200.17,0.964815493,-0.248821647,-0.057757099,-0.062313478,-0.2057831,-0.8505614,0.4686091
seq-03/frame-000571,1,0.02285522,0.812545,1789,1145,957,1.01,87.27,99.65,8.30,196.23,0.964655184,-0.248815282,-0.063239731,-0.059431212,-0.1896841,-0.8542755,0.4841821
seq-03/frame-000572,1,0.02363588,0.860745,1860,1172,959,0.98,95.39,91.71,11.35,199.43,0.963713998,-0.251632337,-0.064689574,-0.061251585,-0.1833192,-0.8597807,0.4982408
seq-03/frame-000573,1,0.02408182,0.805945,1674,1057,867,0.98,85.91,87.19,7.80,181.88,0.963517276,-0.252372655,-0.064448479,-0.061554012,-0.1779715,-0.8617346,0.5085690
seq-03/frame-000574,1,0.02557163,0.849639,1845,1149,974,1.04,81.97,78.19,20.18,181.39,0.963438595,-0.252397939,-0.065761768,-0.061292276,-0.1687585,-0.8611058,0.5182978
seq-03/frame-000575,1,0.02938860,1.144681,1802,1139,971,1.75,101.82,94.29,14.70,212.57,0.963685725,-0.250280228,-0.069624293,-0.061823040,-0.1555825,-0.8503187,0.5288181
seq-03/frame-000576,1,0.02539073,0.825070,1676,1086,911,0.98,90.24,102.72,19.70,213.64,0.962755366,-0.252869199,-0.074256404,-0.060375985,-0.1456367,-0.8650374,0.5533393
seq-03/frame-000577,1,0.03127757,1.098740,1528,1022,880,1.21,74.20,109.13,23.66,208.20,0.962697185,-0.252280258,-0.076129882,-0.061425103,-0.1307016,-0.8617893,0.5627069
seq-03/frame-000578,1,0.02392989,0.875995,1434,972,824,1.27,94.80,97.18,9.60,202.86,0.962221172,-0.253181197,-0.075872716,-0.065368402,-0.1289524,-0.8671707,0.5796051
seq-03/frame-000579,1,0.02658281,0.814917,1639,1157,986,1.83,94.85,102.39,24.81,223.89,0.962447391,-0.251296081,-0.076719984,-0.068259385,-0.1196885,-0.8698325,0.5842698
seq-03/frame-000580,1,0.02431183,0.769638,1896,1301,1109,1.39,121.95,102.36,16.35,242.05,0.961992658,-0.252530173,-0.078307143,-0.068312722,-0.1114914,-0.8726369,0.5987016
seq-03/frame-000581,1,0.02473643,0.807835,1862,1307,1116,1.25,105.53,84.76,19.59,211.13,0.962035505,-0.251629267,-0.081283133,-0.067553318,-0.0999919,-0.8698518,0.6061954
seq-03/frame-000582,1,0.02878811,0.862288,1229,835,725,1.24,117.70,72.04,26.97,217.95,0.961029285,-0.254631001,-0.084499023,-0.066675940,-0.0751255,-0.8764345,0.6266294
seq-03/frame-000583,1,0.02418254,0.900775,1197,830,716,0.89,86.01,57.04,15.98,159.93,0.961317779,-0.252708524,-0.083592828,-0.070843264,-0.0672500,-0.8733184,0.6370799
seq-03/frame-000584,1,0.03027625,1.027922,1105,744,616,0.97,93.50,73.69,11.14,179.31,0.961211799,-0.252060528,-0.085720488,-0.072037253,-0.0501070,-0.8826983,0.6479607
seq-03/frame-000585,1,0.03254143,1.189830,1167,778,666,0.87,108.40,56.52,16.34,182.12,0.961981343,-0.248167717,-0.087519795,-0.073109275,-0.0340109,-0.8814730,0.6546260
seq-03/frame-000586,1,0.02668958,0.929701,1448,1050,911,0.91,93.39,81.25,30.37,205.93,0.963623231,-0.240362185,-0.089209302,-0.075485022,-0.0136362,-0.8833741,0.6691050
seq-03/frame-000587,1,0.02857410,0.990380,1676,1194,1042,1.00,97.87,125.71,40.44,265.02,0.963198420,-0.240411569,-0.094108802,-0.074797150,0.0025888,-0.8842682,0.6789564
seq-03/frame-000588,1,0.02760073,1.065684,1642,1214,1076,0.98,94.58,104.64,31.96,232.16,0.962836011,-0.239674029,-0.098575094,-0.076066600,0.0153205,-0.8811803,0.6813839
seq-03/frame-000589,1,0.02362320,0.902635,1607,1148,1027,0.94,81.61,92.02,17.26,191.83,0.962209831,-0.240906534,-0.101981720,-0.075604307,0.0255544,-0.8887263,0.6936568
seq-03/frame-000590,1,0.02270934,0.800644,1141,875,789,0.92,88.51,86.31,17.90,193.64,0.962665738,-0.239085298,-0.102396905,-0.075018473,0.0384422,-0.8849578,0.6944992
seq-03/frame-000591,1,0.01907502,0.766340,1338,1025,912,1.32,102.68,120.62,121.76,346.39,0.962975841,-0.237777310,-0.101646703,-0.076206486,0.0499013,-0.8849161,0.6996918
seq-03/frame-000592,1,0.02230012,0.770950,1097,775,648,0.88,85.67,54.60,11.80,152.95,0.962205170,-0.241054814,-0.100922804,-0.076605322,0.0691644,-0.8967984,0.7118868
seq-03/frame-000593,1,0.02383226,0.753777,1315,978,899,2.61,79.41,118.71,7.71,208.44,0.962002211,-0.240144519,-0.105128270,-0.076357080,0.0987604,-0.8837639,0.7133766
seq-03/frame-000594,1,0.02393775,0.921048,1669,1296,1150,1.92,118.54,186.90,53.68,361.04,0.962473412,-0.237061681,-0.108083221,-0.075925670,0.1162493,-0.8777718,0.7168723
seq-03/frame-000595,1,0.02579842,1.042691,1699,1324,1170,1.17,126.02,189.10,16.29,332.60,0.962252899,-0.235797358,-0.113169737,-0.075243436,0.1340603,-0.8769509,0.7248496
seq-03/frame-000596,1,0.01285423,0.548808,1298,1079,976,0.90,252.41,92.67,10.93,356.92,0.962885647,-0.232573653,-0.116595192,-0.071876895,0.1539194,-0.8762732,0.7280659
seq-03/frame-000597,1,0.02354929,0.857485,1441,1184,1062,0.94,174.67,134.55,18.50,328.67,0.963197332,-0.229834998,-0.121040965,-0.069107580,0.1794870,-0.8717324,0.7292643
seq-03/frame-000598,1,0.02005904,0.780873,1657,1327,1193,1.42,173.57,126.62,12.32,313.93,0.962665905,-0.229471265,-0.124905747,-0.070822655,0.1948162,-0.8706083,0.7340530
seq-03/frame-000599,1,0.03697406,1.077136,1419,1163,1040,0.90,245.53,125.87,38.11,410.42,0.961651477,-0.229693533,-0.131686872,-0.071595284,0.2286791,-0.8647075,0.7358229
seq-03/frame-000600,1,0.01850364,0.714524,1549,1280,1146,1.10,243.44,126.34,31.61,402.49,0.961099695,-0.228949212,-0.135526538,-0.074176755,0.2441577,-0.8603568,0.7349751
seq-03/frame-000601,1,0.02250181,0.871389,1583,1298,1166,1.04,209.75,126.50,51.97,389.27,0.960386488,-0.226835284,-0.142303515,-0.077157354,0.2661791,-0.8537301,0.7335961
seq-03/frame-000602,1,0.02485004,0.928313,1573,1293,1159,1.53,230.59,146.53,11.20,389.86,0.959642118,-0.225998317,-0.147914678,-0.078313564,0.2875505,-0.8516373,0.7343928
seq-03/frame-000603,1,0.03107835,1.180335,1479,1254,1116,0.94,263.79,268.86,19.07,552.66,0.957796047,-0.224161833,-0.160363396,-0.081619763,0.3292412,-0.8403635,0.7305968
seq-03/frame-000604,1,0.02676010,1.094590,1547,1277,1169,7.61,109.71,154.13,66.89,338.34,0.956750015,-0.223090146,-0.166921991,-0.083649534,0.3445998,-0.8369240,0.7298112
seq-03/frame-000605,1,0.02291428,0.909895,1433,1199,1090,0.91,77.03,142.68,21.52,242.15,0.955597020,-0.223171266,-0.171720840,-0.086838209,0.3600323,-0.8370608,0.7247993
seq-03/frame-000606,1,0.02337117,0.852988,1148,856,721,1.62,131.84,259.69,18.76,411.91,0.952112930,-0.227453377,-0.182495346,-0.091876976,0.3964953,-0.8374754,0.7132966
seq-03/frame-000607,1,0.04156535,1.540109,1109,839,711,0.83,116.53,215.56,25.43,358.37,0.948469564,-0.230309296,-0.197004039,-0.092479852,0.4361608,-0.8308839,0.7134894
seq-03/frame-000608,1,0.03264961,1.276232,1281,1024,916,0.96,163.63,232.86,33.31,430.77,0.946601010,-0.231649338,-0.204418977,-0.092184560,0.4476993,-0.8209650,0.7168162
seq-03/frame-000609,1,0.02539895,1.077469,1518,1231,1096,3.53,312.97,118.47,18.56,453.54,0.942977897,-0.231074251,-0.218043512,-0.099269346,0.4778890,-0.8089521,0.7211452
seq-03/frame-000610,1,0.01856010,0.770965,1569,1323,1165,2.21,303.23,129.82,12.54,447.81,0.942003424,-0.232792304,-0.219369731,-0.101558915,0.4899661,-0.8100257,0.7170499
seq-03/frame-000611,1,0.02629565,1.060270,1738,1402,1233,0.91,300.90,152.44,22.60,476.86,0.941073603,-0.231096411,-0.225209641,-0.101269635,0.5141713,-0.7972801,0.7208865
seq-03/frame-000612,1,0.02647421,1.045117,1691,1383,1236,1.02,319.15,147.54,28.70,496.42,0.938037427,-0.233173183,-0.235534762,-0.101190062,0.5514463,-0.7915589,0.7220306
seq-03/frame-000613,1,0.02695094,1.003259,1809,1455,1290,1.06,318.07,140.45,25.14,484.72,0.937271393,-0.233606978,-0.239934788,-0.096857692,0.5677645,-0.7862571,0.7250378
seq-03/frame-000614,1,0.04601053,1.784266,1898,1467,1299,83.14,200.16,166.55,17.70,467.55,0.935152901,-0.231616148,-0.251613559,-0.092377646,0.6015794,-0.7796355,0.7338919
seq-03/frame-000615,1,0.03299484,1.166627,1757,1393,1208,1.18,154.55,161.75,34.89,352.37,0.934057877,-0.232460190,-0.255577457,-0.090433985,0.6242741,-0.7788895,0.7361408
seq-03/frame-000616,1,0.03003956,1.134976,1821,1428,1239,3.21,158.94,172.47,24.62,359.24,0.933829996,-0.231243352,-0.257033305,-0.091771078,0.6354696,-0.7743752,0.7373929
seq-03/frame-000617,1,0.02924882,1.084040,1789,1380,1229,1.05,146.61,147.09,24.48,319.22,0.932601355,-0.227048474,-0.265784817,-0.089789387,0.6662864,-0.7689560,0.7466139
seq-03/frame-000618,1,0.03749705,1.260774,1715,1262,1099,6.43,141.50,154.03,31.07,333.03,0.930744801,-0.228783678,-0.272285861,-0.085044426,0.6913337,-0.7660414,0.7524611
seq-03/frame-000619,1,0.03314968,1.136983,1794,1391,1209,1.71,157.92,137.97,8.94,306.53,0.930261531,-0.227552832,-0.275141214,-0.084442322,0.7006677,-0.7586331,0.7576937
seq-03/frame-000620,1,0.03854440,1.305154,1491,1109,962,1.01,135.99,136.60,12.36,285.96,0.928705756,-0.227035504,-0.280894892,-0.084015227,0.7367363,-0.7532533,0.7704230
seq-03/frame-000621,1,0.04003197,1.321572,1421,1066,926,2.41,163.22,100.55,22.73,288.91,0.928133046,-0.226166386,-0.282635689,-0.086803695,0.7537178,-0.7475996,0.7781070
seq-03/frame-000622,1,0.04354992,1.411217,1698,1255,1077,6.03,124.45,140.11,23.35,293.94,0.927470056,-0.223728189,-0.287005434,-0.085865440,0.7848444,-0.7388171,0.7969833
seq-03/frame-000623,1,0.05887989,1.988365,1657,1224,1067,0.98,145.30,126.12,23.36,295.78,0.925345801,-0.221661642,-0.295466932,-0.085443293,0.8110032,-0.7364117,0.8154322
seq-03/frame-000624,1,0.06390468,2.123674,1567,1210,1071,0.96,121.53,111.41,8.85,242.76,0.924184217,-0.220537845,-0.300332253,-0.083947182,0.8317278,-0.7363978,0.8253787
seq-03/frame-000625,1,0.06019715,2.062075,1435,1155,992,0.95,102.65,121.43,14.55,239.59,0.923944842,-0.214042847,-0.303630753,-0.091213782,0.8584944,-0.7314115,0.8374100
seq-03/frame-000626,1,0.04667154,1.696306,1788,1381,1204,0.99,156.40,136.77,14.70,308.87,0.924045781,-0.212420080,-0.304213949,-0.092037913,0.8664883,-0.7391059,0.8353589
seq-03/frame-000627,1,0.05429698,1.925500,1627,1266,1107,0.95,114.35,121.19,27.95,264.45,0.921067565,-0.208978893,-0.316497576,-0.088270306,0.8976540,-0.7318332,0.8527553
seq-03/frame-000628,1,0.05085800,1.836195,1802,1376,1173,16.33,101.90,147.95,24.20,290.39,0.919766821,-0.207220003,-0.322114692,-0.085621208,0.9108159,-0.7319665,0.8592594
seq-03/frame-000629,1,0.04837273,1.736431,1627,1306,1155,2.17,127.27,107.46,23.48,260.38,0.918782630,-0.205897354,-0.325977184,-0.084756316,0.9218073,-0.7314246,0.8664210
seq-03/frame-000630,1,0.04398756,1.521640,1613,1230,1070,0.97,112.54,101.23,10.69,225.44,0.919161393,-0.197772809,-0.329962202,-0.084576564,0.9471688,-0.7229363,0.8728307
seq-03/frame-000631,1,0.04452318,1.603688,1747,1310,1119,1.00,133.87,100.87,26.61,262.35,0.918166390,-0.196525334,-0.333217128,-0.085525544,0.9588672,-0.7224124,0.8816002
seq-03/frame-000632,1,0.03458872,1.194053,1645,1257,1078,0.96,141.59,83.10,7.55,233.21,0.917896263,-0.196615085,-0.335662921,-0.078354077,0.9798007,-0.7242308,0.8864495
seq-03/frame-000633,1,0.01628322,0.659501,1586,1249,1100,0.96,129.73,89.09,18.29,238.06,0.918925791,-0.197339300,-0.333142728,-0.075156597,0.9801550,-0.7328246,0.8784901
seq-03/frame-000634,1,0.01924979,0.686152,1233,946,821,0.91,107.08,67.68,15.16,190.84,0.919073649,-0.193453656,-0.335463523,-0.073099495,1.0103470,-0.7224750,0.8896442
seq-03/frame-000635,1,0.02137263,0.721106,1484,1162,1030,0.95,127.02,88.65,16.75,233.37,0.919277861,-0.193447697,-0.335258081,-0.071471821,1.0220558,-0.7204647,0.8945302
seq-03/frame-000636,1,0.01632784,0.549955,1596,1206,1043,2.57,84.45,85.12,15.69,187.84,0.918026550,-0.192503025,-0.339056560,-0.072183710,1.0442274,-0.7080059,0.8993248
seq-03/frame-000637,1,0.01635250,0.480840,1674,1233,1047,1.00,92.76,91.75,14.28,199.78,0.917537409,-0.191506987,-0.341648254,-0.068750622,1.0582541,-0.7011452,0.9033246
seq-03/frame-000638,1,0.01729455,0.477724,1593,1199,1035,0.96,78.35,92.56,12.57,184.45,0.915955779,-0.187495845,-0.347855116,-0.069764873,1.0792922,-0.6875862,0.9074735
seq-03/frame-000639,1,0.01136845,0.281072,1650,1217,1046,0.96,95.12,100.74,16.07,212.89,0.915047613,-0.186311921,-0.350511670,-0.071535331,1.0889022,-0.6885290,0.9065101
seq-03/frame-000640,1,0.00463063,0.077486,1492,1085,935,0.94,99.26,85.85,17.22,203.27,0.912609285,-0.180798111,-0.359284448,-0.073287258,1.1072731,-0.6778995,0.9062016
seq-03/frame-000641,1,0.00754520,0.101785,1414,1054,912,1.00,110.46,94.87,13.37,219.70,0.910979157,-0.177870883,-0.365419100,-0.070340640,1.1235924,-0.6707527,0.9102211
seq-03/frame-000642,1,0.00744997,0.142589,1254,969,811,1.43,100.47,79.96,14.03,195.90,0.906095007,-0.176977011,-0.378375168,-0.067105937,1.1518415,-0.6636316,0.9160465
seq-03/frame-000643,1,0.01128160,0.294979,1381,1031,857,1.20,92.94,71.98,22.16,188.28,0.902215225,-0.174043847,-0.389414647,-0.063817399,1.1807913,-0.6426821,0.9183658
seq-03/frame-000644,1,0.02251913,0.889969,1350,958,807,0.92,100.35,80.80,18.84,200.92,0.900919671,-0.181686213,-0.388859995,-0.064201021,1.1819694,-0.6645463,0.9080216
seq-03/frame-000645,1,0.01172664,0.225865,1368,963,789,2.49,94.12,69.83,12.00,178.45,0.896050454,-0.173733387,-0.403404116,-0.064617444,1.2257383,-0.6352481,0.9179354
seq-03/frame-000646,1,0.01070584,0.090368,1338,968,774,0.91,104.38,79.08,16.10,200.46,0.890996766,-0.169308377,-0.415616312,-0.068720574,1.2527007,-0.6213717,0.9238710
seq-03/frame-000647,1,0.03007782,0.587117,1110,761,605,0.86,84.33,69.82,11.17,166.19,0.890762385,-0.171036960,-0.415700278,-0.066947826,1.2626880,-0.6221864,0.9011502
seq-03/frame-000648,1,0.01868916,0.463571,1426,1081,867,1.11,88.55,85.19,11.25,186.11,0.882422689,-0.167261057,-0.435330621,-0.061977311,1.2931136,-0.5874300,0.9431256
seq-03/frame-000649,1,0.02394941,0.761290,1427,1024,862,0.89,94.88,77.25,12.87,185.89,0.880241425,-0.160375314,-0.442084412,-0.063373227,1.3194162,-0.5618275,0.9423204
seq-03/frame-000650,1,0.02743698,0.754217,1701,1186,985,0.93,92.94,93.54,13.46,200.87,0.881004675,-0.156423504,-0.442107115,-0.062479986,1.3373144,-0.5461178,0.9560151
seq-03/frame-000651,1,0.03074236,0.807132,1158,815,676,0.86,83.24,59.51,13.74,157.36,0.883224808,-0.148556642,-0.441182937,-0.056590442,1.3619213,-0.5280589,0.9445367
seq-03/frame-000652,1,0.02974930,0.854797,1039,649,519,0.86,76.64,52.17,9.70,139.38,0.887188759,-0.138649153,-0.436436255,-0.056532410,1.3794555,-0.5138678,0.9549883
seq-03/frame-000653,1,0.03210594,0.899362,959,566,425,0.86,81.09,57.68,18.28,157.91,0.894521777,-0.128213739,-0.423898032,-0.060848059,1.3929079,-0.5016690,0.9422095
seq-03/frame-000654,1,0.02225256,0.519525,1132,728,579,0.86,74.90,60.44,7.10,143.30,0.894810140,-0.126298915,-0.423967271,-0.060126120,1.4073060,-0.5012834,0.9620858
seq-03/frame-000655,1,0.02234176,0.716342,1062,658,510,0.87,79.35,69.55,11.22,160.99,0.898571112,-0.117862849,-0.418463714,-0.059719555,1.4221225,-0.4848952,0.9672556
seq-03/frame-000656,1,0.02785621,0.664210,777,404,282,0.80,60.43,32.63,14.36,108.21,0.902723790,-0.116869908,-0.409242706,-0.062861677,1.4550453,-0.4785499,0.9600792
seq-03/frame-000657,1,0.02747259,0.731717,1146,664,497,1.16,83.07,53.35,9.75,147.33,0.908653942,-0.117344640,-0.396137887,-0.060440248,1.4603530,-0.4652738,0.9759595
seq-03/frame-000658,1,0.02662509,0.664663,1226,749,586,1.88,80.05,77.83,11.57,171.33,0.909867433,-0.114230927,-0.394595737,-0.058195818,1.4653117,-0.4518334,0.9819417
seq-03/frame-000659,1,0.03383668,0.705270,802,374,252,0.80,88.15,48.07,10.30,147.33,0.915607949,-0.109842000,-0.382005987,-0.060566041,1.4981937,-0.4469204,0.9697101
seq-03/frame-000660,1,0.04630539,1.165101,1076,606,451,1.18,83.74,46.00,19.48,150.39,0.919713217,-0.105657650,-0.372889656,-0.062588843,1.5065331,-0.4239577,0.9905154
seq-03/frame-000661,1,0.03208780,0.770898,1123,620,449,1.76,74.21,48.45,14.34,138.76,0.922271691,-0.106741477,-0.366659559,-0.059849415,1.5044001,-0.4281655,0.9834464
seq-03/frame-000662,1,0.04118956,1.055964,1090,597,437,1.42,86.97,53.92,8.11,150.43,0.924509657,-0.106196919,-0.361008926,-0.060635504,1.5206307,-0.4224500,0.9939711
seq-03/frame-000663,1,0.04753534,1.274623,1099,590,427,1.36,86.20,49.98,14.16,151.71,0.927487262,-0.098625838,-0.354184744,-0.067775298,1.5296587,-0.3994143,0.9917613
seq-03/frame-000664,1,0.04255254,1.111323,1451,762,557,1.24,97.07,77.91,13.42,189.64,0.928829582,-0.098847886,-0.350155412,-0.069970641,1.5322473,-0.4015504,0.9902761
seq-03/frame-000665,1,0.04142103,1.265234,1489,761,584,0.96,97.93,74.83,12.59,186.31,0.928622794,-0.099699237,-0.350269360,-0.070930558,1.5315579,-0.4077324,0.9992260
seq-03/frame-000666,1,0.02938399,0.705916,1250,598,434,1.37,76.16,63.50,12.83,153.86,0.932081923,-0.090147349,-0.342268689,-0.077129035,1.5397457,-0.3866237,0.9716405
seq-03/frame-000667,1,0.04887329,1.448270,1288,676,472,6.26,72.92,60.85,15.39,155.42,0.930803843,-0.089132843,-0.344936012,-0.081723245,1.5472861,-0.3815516,0.9963096
seq-03/frame-000668,1,0.05368932,1.805968,1165,624,460,0.87,75.69,51.08,13.30,140.94,0.928911870,-0.095095163,-0.348459307,-0.081582832,1.5395004,-0.3962969,1.0115813
seq-03/frame-000669,1,0.03867064,1.022071,1029,547,364,0.83,74.77,49.95,22.27,147.82,0.931215033,-0.083461599,-0.343770062,-0.087720400,1.5498792,-0.3669670,0.9841291
seq-03/frame-000670,1,0.04485670,1.422283,1507,776,563,0.88,108.17,80.48,6.64,196.18,0.931476826,-0.084813936,-0.342106353,-0.090115269,1.5462636,-0.3692730,0.9987363
seq-03/frame-000671,1,0.03701830,1.185827,1455,792,592,0.90,77.10,76.11,7.12,161.24,0.931917177,-0.083313454,-0.341293562,-0.090044147,1.5435070,-0.3608122,0.9907667
seq-03/frame-000672,1,0.03769615,1.228748,1203,639,449,1.11,83.27,75.87,8.59,168.83,0.934043604,-0.081014102,-0.333234452,-0.099770042,1.5434441,-0.3560798,0.9927014
seq-03/frame-000673,1,0.04144295,1.435413,1516,810,604,1.38,78.14,80.77,15.65,175.94,0.933996362,-0.082315665,-0.333136834,-0.099472489,1.5350862,-0.3526617,1.0035554
seq-03/frame-000674,1,0.03742284,1.140251,1556,824,619,0.91,86.47,75.13,15.39,177.91,0.934576011,-0.077968682,-0.333572631,-0.096009712,1.5422119,-0.3306328,0.9892682
seq-03/frame-000675,1,0.03805337,1.277027,1348,689,506,0.98,80.90,63.93,18.33,164.15,0.934244139,-0.080964693,-0.332735506,-0.099597643,1.5388687,-0.3388299,0.9968820
seq-03/frame-000676,1,0.03596475,1.286188,1580,866,646,1.26,99.43,92.20,11.65,204.54,0.935023716,-0.083758411,-0.329726157,-0.099979204,1.5316353,-0.3308835,0.9966478
seq-03/frame-000677,1,0.03282579,1.133582,1458,813,623,0.91,84.21,95.23,15.35,195.70,0.936533548,-0.080477233,-0.324610427,-0.105149412,1.5270012,-0.3252758,0.9947089
seq-03/frame-000678,1,0.04468038,1.638815,1604,843,650,0.94,82.52,91.86,10.74,186.06,0.935504233,-0.084808402,-0.325854078,-0.107044310,1.5180929,-0.3392341,1.0094605
seq-03/frame-000679,1,0.04220146,1.544156,1550,846,644,1.05,76.83,103.96,9.72,191.56,0.935838409,-0.079085827,-0.326249535,-0.107299327,1.5226826,-0.3299221,1.0030796
seq-03/frame-000680,1,0.03904688,1.383579,1472,822,641,0.91,90.12,83.64,9.90,184.57,0.936278111,-0.076570169,-0.324240337,-0.111303695,1.5166718,-0.3261946,1.0018112
seq-03/frame-000681,1,0.04943148,1.742606,1568,859,635,0.93,100.79,79.23,7.55,188.50,0.936219235,-0.075515924,-0.324195465,-0.112641866,1.5171208,-0.3258185,1.0086797
seq-03/frame-000682,1,0.04330550,1.503426,1584,827,639,0.93,81.67,79.76,16.80,179.16,0.936426129,-0.072151320,-0.324292532,-0.112847888,1.5167173,-0.3203502,0.9974036
seq-03/frame-000683,1,0.04022549,1.380464,1540,855,678,1.40,106.23,80.99,9.84,198.47,0.936445620,-0.072525279,-0.323578047,-0.114485513,1.5195404,-0.3240687,0.9917878
seq-03/frame-000684,1,0.04630955,1.583325,1559,868,674,0.95,112.23,91.53,12.93,217.64,0.936044265,-0.075261202,-0.323249191,-0.116905287,1.5137709,-0.3294634,1.0011615
seq-03/frame-000685,1,0.05028638,1.698802,1577,873,673,0.91,100.02,89.32,8.79,199.05,0.935758940,-0.077788145,-0.323622180,-0.116502772,1.5078036,-0.3397303,1.0072797
seq-03/frame-000686,1,0.06430807,2.007872,1081,537,388,0.86,57.07,72.84,29.68,160.45,0.934534272,-0.077507676,-0.328860863,-0.111753248,1.5051997,-0.3506377,1.0193371
seq-03/frame-000687,1,0.06178387,2.002382,1192,615,458,0.87,98.73,62.29,9.57,171.46,0.935454979,-0.073947646,-0.329609712,-0.103986373,1.5133053,-0.3563859,1.0128322
seq-03/frame-000688,1,0.06515032,2.057954,1237,635,455,0.87,97.63,59.20,9.81,167.51,0.935055749,-0.075517875,-0.331223428,-0.101285921,1.5146641,-0.3713303,1.0149674
seq-03/frame-000689,1,0.05712571,1.696807,1322,685,500,0.88,80.43,76.42,9.54,167.27,0.936867486,-0.070245473,-0.330149305,-0.091358212,1.5241768,-0.3703669,0.9995046
seq-03/frame-000690,1,0.03881441,1.255698,1280,641,471,0.88,75.47,72.90,8.62,157.87,0.938109173,-0.071638249,-0.326669383,-0.090034746,1.5206321,-0.3886093,0.9799732
seq-03/frame-000691,1,0.05064561,1.437060,1227,584,441,1.01,81.08,76.79,9.41,168.29,0.938628487,-0.070211434,-0.326869254,-0.084872898,1.5342369,-0.3977397,0.9827456
seq-03/frame-000692,1,0.05935798,1.775630,1453,746,559,0.87,83.87,74.33,12.46,171.53,0.939651005,-0.070876252,-0.324858150,-0.080620894,1.5415226,-0.4040127,0.9755415
seq-03/frame-000693,1,0.04855019,1.468276,983,518,392,1.12,73.22,53.28,9.85,137.47,0.941639550,-0.075308964,-0.317671774,-0.082025375,1.5380753,-0.4377198,0.9695101
seq-03/frame-000694,1,0.05122451,1.570402,1091,536,381,1.21,67.12,65.55,13.46,147.33,0.942950082,-0.074678850,-0.315416508,-0.076030505,1.5426037,-0.4584874,0.9622741
seq-03/frame-000695,1,0.05848337,1.740696,1229,648,483,0.97,97.27,59.80,19.88,177.92,0.942780716,-0.075059259,-0.316359813,-0.073804460,1.5509272,-0.4721105,0.9600617
seq-03/frame-000696,1,0.05137549,1.410619,1066,578,427,1.20,66.22,58.81,8.63,134.85,0.945646451,-0.071299196,-0.309010569,-0.071983906,1.5559244,-0.4888041,0.9371285
seq-03/frame-000697,1,0.05534735,1.584494,1032,519,394,0.84,74.41,47.83,11.61,134.70,0.947217633,-0.074112110,-0.304584076,-0.067191458,1.5531897,-0.5205403,0.9301913
seq-03/frame-000698,1,0.05902543,1.719284,1164,561,433,0.87,68.27,53.66,16.58,139.38,0.947541314,-0.074487986,-0.304519146,-0.062330474,1.5530728,-0.5312894,0.9257170
seq-03/frame-000699,1,0.06357437,2.107484,1139,538,384,1.81,67.94,60.52,11.39,141.67,0.948260810,-0.084730056,-0.300237126,-0.058990859,1.5367314,-0.6004703,0.9056977
seq-03/frame-000700,1,0.04152391,1.307424,1447,917,732,0.91,85.38,79.81,15.71,181.81,0.949740891,-0.079201880,-0.297894032,-0.054575154,1.5339938,-0.6050199,0.8739680
seq-03/frame-000701,1,0.04849409,1.580559,1322,821,652,1.35,84.01,69.62,8.07,163.05,0.949941136,-0.083020931,-0.295933588,-0.056059556,1.5233835,-0.6302519,0.8679981
seq-03/frame-000702,1,0.04824043,1.452205,961,620,482,2.07,86.33,46.22,22.00,156.63,0.948600027,-0.084518586,-0.301010881,-0.049061670,1.5241971,-0.6538473,0.8522278
seq-03/frame-000703,1,0.03470536,1.069847,1451,944,772,1.27,108.20,87.03,14.73,211.23,0.949174476,-0.083829960,-0.299673349,-0.047288845,1.5205843,-0.6748666,0.8124631
seq-03/frame-000704,1,0.03170782,1.046829,1257,878,711,1.31,99.44,77.91,18.98,197.64,0.948769642,-0.085960919,-0.300218334,-0.048123153,1.5055441,-0.6903325,0.8063609
seq-03/frame-000705,1,0.02733798,0.843384,1145,811,664,0.87,81.43,68.29,20.75,171.34,0.947078154,-0.084901138,-0.305139343,-0.052199129,1.5002373,-0.7121727,0.7793078
seq-03/frame-000706,1,0.03005791,0.928903,1199,881,738,0.88,84.77,79.91,10.27,175.83,0.946264661,-0.086878083,-0.306618335,-0.054959862,1.4918059,-0.7283664,0.7659033
seq-03/frame-000707,1,0.03474353,1.009511,1184,873,720,0.87,71.62,82.77,8.87,164.13,0.945107954,-0.092358033,-0.305830044,-0.068621673,1.4662880,-0.7528074,0.7245641
seq-03/frame-000708,1,0.02323836,0.888681,911,667,522,0.86,70.68,68.79,25.20,165.53,0.942353692,-0.097631519,-0.311848738,-0.072027561,1.4447582,-0.7551486,0.7295311
seq-03/frame-000709,1,0.03997607,1.428055,834,549,401,0.84,60.17,65.67,25.32,152.00,0.938737000,-0.103642695,-0.320909180,-0.071051637,1.4375015,-0.7790821,0.7215021
seq-03/frame-000710,1,0.03384634,0.918482,1476,1110,954,0.91,112.49,67.95,10.15,191.50,0.932749317,-0.098696171,-0.337380855,-0.080074568,1.4527522,-0.7638005,0.7044285
seq-03/frame-000711,1,0.02462397,0.644574,919,666,538,0.85,99.51,52.12,19.66,172.14,0.931092269,-0.100484104,-0.339896828,-0.086257041,1.4292491,-0.7665838,0.6723127
seq-03/frame-000712,1,0.01820863,0.533264,1244,929,788,0.90,104.38,50.32,9.56,165.16,0.925059294,-0.102759626,-0.353049230,-0.095194549,1.4011495,-0.7792719,0.6555427
seq-03/frame-000713,1,0.02767672,0.813741,1596,1261,1125,0.93,78.20,74.64,13.06,166.83,0.922226427,-0.104306272,-0.358038138,-0.102114199,1.3979005,-0.7830137,0.6590507
seq-03/frame-000714,1,0.01204366,0.394910,1202,942,820,0.91,81.60,55.72,21.43,159.67,0.921063894,-0.101632170,-0.359626245,-0.109458524,1.3679858,-0.7844153,0.6316081
seq-03/frame-000715,1,0.01404253,0.445117,1185,918,787,0.88,71.62,46.09,17.44,136.03,0.918301029,-0.102994323,-0.367081578,-0.106613814,1.3523337,-0.7953255,0.6154790
seq-03/frame-000716,1,0.01979164,0.585344,1631,1277,1154,0.95,87.11,213.25,21.18,322.50,0.914152460,-0.103449816,-0.376647719,-0.108443129,1.3371702,-0.7976643,0.6120518
seq-03/frame-000717,1,0.01815489,0.503665,1802,1422,1310,0.96,92.77,125.17,22.17,241.08,0.914076670,-0.101397831,-0.376604216,-0.111137685,1.3276167,-0.7998328,0.6016870
seq-03/frame-000718,1,0.01562433,0.435877,1480,1198,1075,0.92,78.71,67.50,22.99,170.12,0.913340921,-0.099482077,-0.377102394,-0.117070332,1.3062813,-0.8077013,0.5840409
seq-03/frame-000719,1,0.01554628,0.481774,1447,1195,1087,0.92,96.26,103.89,31.30,232.38,0.910879785,-0.105006887,-0.381539128,-0.117044715,1.2853105,-0.8202233,0.5675158
seq-03/frame-000720,1,0.02816168,0.718695,2170,1799,1643,1.01,143.91,149.16,16.32,310.41,0.909525811,-0.111295064,-0.381792603,-0.120874385,1.2667216,-0.8250775,0.5668103
seq-03/frame-000721,1,0.02205892,0.602568,1694,1404,1304,0.93,96.63,140.64,17.49,255.69,0.911067134,-0.117983270,-0.375453233,-0.122766015,1.2334104,-0.8291406,0.5540129
seq-03/frame-000722,1,0.00332032,0.167132,1304,1114,993,0.89,81.89,117.19,21.72,221.69,0.912008576,-0.118394566,-0.373633242,-0.120918508,1.2065799,-0.8276793,0.5365498
seq-03/frame-000723,1,0.02210407,0.637867,2133,1868,1735,1.01,130.32,136.38,25.26,292.97,0.908921139,-0.126141159,-0.379100806,-0.119303605,1.1911135,-0.8416582,0.5420530
seq-03/frame-000724,1,0.02113026,0.558566,2093,1804,1672,1.68,131.57,116.49,19.88,269.62,0.911540403,-0.133790381,-0.369205066,-0.121991176,1.1592267,-0.8496059,0.5338991
seq-03/frame-000725,1,0.02735382,0.538025,1816,1616,1508,0.94,137.62,113.43,15.12,267.11,0.912453392,-0.136290121,-0.366357479,-0.120979368,1.1432385,-0.8473691,0.5296958
seq-03/frame-000726,1,0.00718470,0.431443,1217,1050,941,0.88,108.14,68.84,18.27,196.12,0.911244505,-0.142984240,-0.368862102,-0.114584937,1.1078835,-0.8578655,0.5203496
seq-03/frame-000727,1,0.02442314,0.773184,1730,1508,1398,1.39,95.83,100.85,10.20,208.27,0.909958387,-0.154019523,-0.369277487,-0.109031455,1.0886124,-0.8660993,0.5272758
seq-03/frame-000728,1,0.01915662,0.541834,1657,1497,1359,1.52,97.79,96.43,19.55,215.30,0.914527997,-0.165153579,-0.351708414,-0.112534567,1.0493889,-0.8787659,0.5185626
seq-03/frame-000729,1,0.01432815,0.523847,1319,1124,1012,0.91,85.46,88.17,17.28,191.82,0.914885033,-0.169514293,-0.348965194,-0.111685159,1.0348104,-0.8743304,0.5129230
seq-03/frame-000730,1,0.00613364,0.509298,1434,1233,1118,2.39,98.20,90.72,15.66,206.98,0.910025552,-0.179265954,-0.354673531,-0.117999570,0.9956918,-0.8877272,0.5106580
seq-03/frame-000731,1,0.00833917,0.403352,1840,1595,1466,0.98,97.79,107.95,12.84,219.56,0.909190453,-0.185607041,-0.353363654,-0.118561686,0.9773503,-0.8968533,0.5108443
seq-03/frame-000732,1,0.00490092,0.285740,1536,1362,1241,1.00,89.01,92.07,14.91,197.00,0.908231812,-0.193877304,-0.348711255,-0.126202325,0.9416183,-0.9027057,0.5074986
seq-03/frame-000733,1,0.00869288,0.413956,1344,1148,1047,0.90,82.17,67.96,19.13,170.17,0.903731540,-0.209484327,-0.350900493,-0.127492997,0.9110540,-0.9125983,0.5115140
seq-03/frame-000734,1,0.00888012,0.370252,1844,1589,1443,0.98,117.55,105.04,10.97,234.54,0.902054850,-0.215471791,-0.351155526,-0.128680810,0.8954947,-0.9175205,0.5161382
seq-03/frame-000735,1,0.01327453,0.413229,1609,1346,1226,1.25,119.62,82.04,19.03,221.93,0.900995099,-0.219347073,-0.349296180,-0.134487440,0.8776511,-0.9224301,0.5283880
seq-03/frame-000736,1,0.01213456,0.478430,1722,1468,1347,0.93,100.54,112.08,14.88,228.44,0.902221394,-0.223380091,-0.342217126,-0.137787262,0.8583045,-0.9275798,0.5310830
seq-03/frame-000737,1,0.00675390,0.276399,1653,1398,1256,0.92,101.35,81.25,11.12,194.64,0.903694797,-0.226049340,-0.336445312,-0.137992616,0.8299877,-0.9253500,0.5264050
seq-03/frame-000738,1,0.00852479,0.364916,2002,1691,1525,1.01,95.13,116.62,13.86,226.63,0.899614368,-0.234548783,-0.340653690,-0.140128230,0.8027075,-0.9299965,0.5410159
seq-03/frame-000739,1,0.01103921,0.343471,1958,1654,1491,0.99,82.54,118.48,13.89,215.91,0.899160607,-0.235345408,-0.340981475,-0.140905556,0.7958932,-0.9265237,0.5500591
seq-03/frame-000740,1,0.00599833,0.122078,1793,1456,1284,0.95,90.86,124.73,15.08,231.63,0.900647376,-0.237399618,-0.334443080,-0.143609022,0.7649257,-0.9211718,0.5623313
seq-03/frame-000741,1,0.00335793,0.128628,1570,1296,1129,0.93,111.03,86.07,23.66,221.69,0.902013117,-0.238177211,-0.333519199,-0.135679385,0.7513842,-0.9159889,0.5619769
seq-03/frame-000742,1,0.00159678,0.169486,1721,1407,1213,0.96,75.25,107.49,11.82,195.51,0.899391372,-0.246189910,-0.337707123,-0.128216956,0.7268464,-0.9122925,0.5739414
seq-03/frame-000743,1,0.00523884,0.256947,2174,1767,1540,1.01,96.39,152.69,15.30,265.40,0.898629813,-0.249670342,-0.337511492,-0.127338812,0.7104205,-0.9107157,0.5812984
seq-03/frame-000744,1,0.01474504,0.329222,1810,1481,1272,0.95,97.11,176.13,29.28,303.47,0.899380471,-0.256182527,-0.330495985,-0.127505627,0.6838716,-0.9057164,0.6062628
seq-03/frame-000745,1,0.01349917,0.314490,1794,1467,1262,0.94,90.89,134.78,20.27,246.89,0.901751882,-0.256054981,-0.326117342,-0.122175569,0.6689630,-0.8974499,0.6118698
seq-03/frame-000746,1,0.01855142,0.487821,1931,1582,1359,0.97,91.19,158.33,15.68,266.17,0.904770066,-0.261050015,-0.317729366,-0.110869598,0.6420394,-0.8881719,0.6291612
seq-03/frame-000747,1,0.01731326,0.417382,1907,1539,1314,0.95,73.93,137.94,22.19,235.02,0.906401558,-0.262188044,-0.312828604,-0.108774582,0.6244856,-0.8812589,0.6375795
seq-03/frame-000748,1,0.01534650,0.384164,1749,1445,1243,0.94,78.53,171.81,17.52,268.80,0.909882827,-0.266950491,-0.302663096,-0.096154698,0.5914853,-0.8736250,0.6527130
seq-03/frame-000749,1,0.01745200,0.482001,1660,1343,1152,1.27,75.34,142.82,22.89,242.33,0.911099963,-0.269463359,-0.299321709,-0.087709006,0.5751947,-0.8671965,0.6625687
seq-03/frame-000750,1,0.01759798,0.507622,1789,1426,1220,0.96,100.28,113.65,17.69,232.58,0.911854530,-0.272466007,-0.296493895,-0.079843353,0.5562041,-0.8683552,0.6732360
seq-03/frame-000751,1,0.03129821,1.001563,1301,1093,899,0.91,84.50,67.69,13.57,166.68,0.914343051,-0.278644654,-0.285267557,-0.070401447,0.5386986,-0.8617216,0.6931610
seq-03/frame-000752,1,0.02816541,0.836421,1392,1129,973,4.62,91.81,128.35,21.30,246.08,0.917044489,-0.281338113,-0.274212085,-0.068454395,0.5167917,-0.8568065,0.7030275
seq-03/frame-000753,1,0.02834880,0.912649,1329,1096,922,0.92,114.31,70.38,20.72,206.33,0.921447350,-0.287947411,-0.254423553,-0.057356134,0.4889572,-0.8462089,0.7192643
seq-03/frame-000754,1,0.02608270,0.846737,1690,1432,1244,0.97,135.61,107.53,19.55,263.66,0.923401152,-0.288873528,-0.246899124,-0.054066810,0.4735045,-0.8364961,0.7286415
seq-03/frame-000755,1,0.02818046,0.966760,1578,1274,1097,0.96,111.76,96.25,19.62,228.59,0.924415348,-0.291323530,-0.240612544,-0.051889011,0.4610964,-0.8327363,0.7382325
seq-03/frame-000756,1,0.04033577,2.132163,1394,1058,873,0.92,199.19,74.85,15.56,290.54,0.925493386,-0.295448208,-0.231672439,-0.050002299,0.4490722,-0.8314245,0.7469187
seq-03/frame-000757,1,0.03258253,1.287708,1606,1274,1067,0.95,93.79,108.60,17.99,221.35,0.927794054,-0.301236593,-0.215654223,-0.044135753,0.4266275,-0.8189446,0.7648501
seq-03/frame-000758,1,0.03299154,1.314182,1441,1152,946,0.91,81.40,84.16,10.75,177.22,0.928040308,-0.305988651,-0.208574905,-0.040107878,0.4164508,-0.8106705,0.7742143
seq-03/frame-000759,1,0.03198521,1.321532,1715,1357,1171,0.95,89.15,101.32,15.48,206.90,0.928206353,-0.309757617,-0.202911872,-0.036193335,0.4050656,-0.8018730,0.7851741
seq-03/frame-000760,1,0.02844853,0.978497,1290,858,687,0.90,68.69,71.28,13.43,154.30,0.929355932,-0.315664636,-0.188132943,-0.035487813,0.3854414,-0.7919263,0.8026035
seq-03/frame-000761,1,0.03403747,1.542663,1581,1084,883,0.93,75.70,85.01,24.35,186.00,0.929992269,-0.318178982,-0.181250900,-0.032009782,0.3758797,-0.7872233,0.8053329
seq-03/frame-000762,1,0.03596112,1.581424,1782,1311,1067,0.96,87.43,120.46,17.94,226.79,0.928924725,-0.322466676,-0.179576686,-0.029433179,0.3699409,-0.7779487,0.8185812
seq-03/frame-000763,1,0.03446591,1.596638,1659,1236,1026,2.17,87.16,91.70,12.96,193.99,0.928180351,-0.325779538,-0.177711467,-0.027704933,0.3609472,-0.7704135,0.8303288
seq-03/frame-000764,1,0.02675227,1.293874,1324,820,608,1.67,71.38,61.42,41.02,175.50,0.928784764,-0.329707230,-0.167002692,-0.027606267,0.3403056,-0.7739828,0.8356487
seq-03/frame-000765,1,0.03226134,1.584006,1517,1027,824,1.47,80.62,116.86,19.34,218.29,0.929519895,-0.329150447,-0.164311948,-0.025579896,0.3443076,-0.7566848,0.8477006
seq-03/frame-000766,1,0.03272840,1.603634,1559,1137,950,0.93,100.57,95.00,14.30,210.80,0.929855981,-0.333118008,-0.154493371,-0.023066118,0.3307827,-0.7448485,0.8677382
seq-03/frame-000767,1,0.03171014,1.531493,1666,1202,1001,0.94,93.77,99.02,25.78,219.51,0.930484307,-0.333451480,-0.150320985,-0.020314174,0.3251301,-0.7403820,0.8767059
seq-03/frame-000768,1,0.03341533,1.539840,1791,1305,1097,1.52,131.28,118.22,15.24,266.26,0.931534290,-0.331777049,-0.148153884,-0.014774375,0.3225022,-0.7328722,0.8848040
seq-03/frame-000769,1,0.03187848,1.526170,1706,1227,1031,0.95,75.77,130.00,31.21,237.93,0.931625254,-0.332883559,-0.145260144,-0.012744114,0.3158010,-0.7333628,0.8935479
seq-03/frame-000770,1,0.03877285,1.760977,1486,1072,892,0.93,72.78,97.65,13.56,184.92,0.932955193,-0.329647357,-0.144162863,-0.012012366,0.3174923,-0.7220589,0.9001046
seq-03/frame-000771,1,0.03518624,1.645263,1396,967,787,0.92,85.79,88.74,19.54,194.99,0.933657894,-0.330166337,-0.138240570,-0.012754271,0.3107547,-0.7221900,0.9034111
seq-03/frame-000772,1,0.01706880,0.967435,1348,958,790,0.89,96.24,92.87,9.86,199.86,0.934663220,-0.331716961,-0.127079583,-0.014808847,0.2883575,-0.7231677,0.9109538
seq-03/frame-000773,1,0.03731011,1.732731,1352,916,755,0.90,89.76,69.19,13.53,173.37,0.935673907,-0.328259423,-0.128451849,-0.016131129,0.3038165,-0.7131072,0.9136564
seq-03/frame-000774,1,0.01776305,0.876937,1474,996,819,0.93,99.93,77.41,30.67,208.95,0.935413893,-0.333666838,-0.115960016,-0.014851442,0.2811468,-0.7213909,0.9187174
seq-03/frame-000775,1,0.02168394,1.033653,1633,1185,1004,0.95,107.21,80.19,17.92,206.28,0.935597583,-0.333950272,-0.113605175,-0.015107730,0.2811846,-0.7171124,0.9300170
seq-03/frame-000776,1,0.02578380,1.246337,1572,1168,990,0.93,82.37,79.16,15.72,178.18,0.936333104,-0.332485434,-0.112179405,-0.012228425,0.2843965,-0.7141920,0.9307597
seq-03/frame-000777,1,0.01487550,0.820501,1656,1187,1006,1.46,105.41,97.84,11.20,215.90,0.935260683,-0.337040354,-0.108026662,-0.004636233,0.2774915,-0.7237602,0.9396418
seq-03/frame-000778,1,0.01073816,0.704010,1748,1239,1051,0.96,102.13,99.39,14.92,217.40,0.934855924,-0.339016423,-0.105412961,-0.000611237,0.2696989,-0.7233861,0.9426237
seq-03/frame-000779,1,0.01879681,0.942004,1272,943,806,2.48,77.47,63.18,14.50,157.63,0.934942784,-0.339304033,-0.103699379,0.001096544,0.2698014,-0.7124627,0.9500198
seq-03/frame-000780,1,0.01635865,1.382684,1352,1054,921,0.91,87.01,80.68,11.91,180.51,0.934895482,-0.340646220,-0.099503880,0.005437687,0.2683391,-0.7161896,0.9583213
seq-03/frame-000781,1,0.02898334,1.999135,1433,1076,932,0.92,84.31,98.44,29.02,212.69,0.934163970,-0.340747763,-0.105204479,0.012675043,0.2873395,-0.7161926,0.9639822
seq-03/frame-000782,1,0.00954436,0.586478,1451,1058,897,1.41,82.70,88.16,12.29,184.56,0.930544866,-0.351726434,-0.098299691,0.026682191,0.2684519,-0.7238312,0.9810598
seq-03/frame-000783,1,0.01394913,0.914469,1218,928,798,0.88,82.31,74.14,9.23,166.57,0.931444500,-0.349650781,-0.097082179,0.027028221,0.2685420,-0.7115746,0.9863073
seq-03/frame-000784,1,0.00876625,0.773661,1100,829,707,1.21,69.19,53.44,17.46,141.30,0.932694064,-0.347847096,-0.090866588,0.028765340,0.2625113,-0.7133978,0.9926542
seq-03/frame-000785,1,0.01393135,0.985479,1417,1089,936,0.91,70.79,71.06,15.17,157.94,0.933556928,-0.345534770,-0.090978685,0.028285408,0.2682402,-0.7107379,0.9971925
seq-03/frame-000786,1,0.01265013,0.789350,1421,1131,992,0.91,64.13,79.92,9.61,154.57,0.934044182,-0.344765593,-0.087939685,0.031060654,0.2644391,-0.7081821,1.0051608
seq-03/frame-000787,1,0.01806739,1.051163,1330,1046,924,0.87,64.71,68.30,12.33,146.22,0.935103368,-0.341960976,-0.087279356,0.032042092,0.2688118,-0.7052125,1.0043176
seq-03/frame-000788,1,0.01377944,0.977233,1097,876,769,0.86,86.14,62.75,14.73,164.48,0.936447960,-0.340089074,-0.079972033,0.031766564,0.2577886,-0.7015686,1.0105981
seq-03/frame-000789,1,0.01109322,1.015250,1117,896,789,0.85,77.17,59.38,14.59,151.99,0.936712055,-0.339916331,-0.077311129,0.032409913,0.2614741,-0.7054267,1.0202835
seq-03/frame-000790,1,0.01179525,0.735262,1227,1003,893,1.96,85.94,71.36,22.53,181.79,0.938588825,-0.335720184,-0.071876372,0.034303979,0.2552494,-0.6996071,1.0200445
seq-03/frame-000791,1,0.01731724,0.962563,1014,831,718,0.97,69.99,56.94,21.65,149.56,0.940258419,-0.332165355,-0.066544237,0.033943294,0.2529377,-0.6919924,1.0227404
seq-03/frame-000792,1,0.01763649,1.037921,1075,828,741,0.88,74.92,55.75,18.96,150.51,0.940564004,-0.331901814,-0.062787238,0.035189544,0.2596640,-0.6922173,1.0276950
seq-03/frame-000793,1,0.02292462,1.172123,1199,936,840,0.88,64.42,71.93,19.64,156.88,0.940794104,-0.331582229,-0.060786582,0.035562216,0.2655501,-0.6877769,1.0366873
seq-03/frame-000794,1,0.02267447,1.197659,905,740,646,1.24,74.15,54.87,15.43,145.70,0.943286273,-0.325920417,-0.052479784,0.035110707,0.2564713,-0.6808277,1.0360330
seq-03/frame-000795,1,0.01776762,0.916779,1231,1003,902,0.86,63.80,90.88,23.53,179.07,0.944058729,-0.323936236,-0.049161991,0.037437010,0.2582477,-0.6844485,1.0434980
seq-03/frame-000796,1,0.01597305,0.820750,1121,898,790,0.89,82.36,65.83,15.37,164.45,0.944420128,-0.323545840,-0.045747016,0.035998924,0.2574923,-0.6833949,1.0478028
seq-03/frame-000797,1,0.01290855,0.719797,1178,961,847,0.88,99.59,91.04,20.78,212.30,0.945281868,-0.322113698,-0.038210498,0.034998772,0.2524592,-0.6795895,1.0533659
seq-03/frame-000798,1,0.01761602,0.785989,1389,1173,1054,1.41,88.36,135.61,24.72,250.10,0.946747405,-0.317626058,-0.035948802,0.038609860,0.2545041,-0.6747475,1.0539162
seq-03/frame-000799,1,0.01878902,0.906158,1603,1312,1169,1.14,86.57,102.18,12.00,201.89,0.946327765,-0.318401885,-0.037458048,0.040998717,0.2604082,-0.6764037,1.0623153
seq-03/frame-000800,1,0.01411474,0.671470,1479,1210,1086,5.57,90.85,98.80,14.21,209.43,0.946955630,-0.316884438,-0.032573339,0.042405958,0.2514645,-0.6703296,1.0670094
seq-03/frame-000801,1,0.00985132,0.472095,1456,1210,1078,0.92,115.30,85.33,30.11,231.67,0.947217889,-0.316506880,-0.026860068,0.043361288,0.2458388,-0.6694138,1.0703246
seq-03/frame-000802,1,0.01772379,0.766405,1336,1113,1005,0.88,95.93,61.34,12.28,170.42,0.948493823,-0.312365742,-0.027213825,0.045238461,0.2506055,-0.6629929,1.0725263
seq-03/frame-000803,1,0.01639544,0.673555,1408,1188,1080,0.89,97.09,87.81,15.87,201.67,0.950073924,-0.307801798,-0.024930801,0.044677154,0.2450896,-0.6590747,1.0743826
seq-03/frame-000804,1,0.01452542,0.699177,1395,1138,1037,0.88,106.52,102.61,16.28,226.29,0.951134460,-0.304912004,-0.023117843,0.042865768,0.2456321,-0.6548719,1.0791057
seq-03/frame-000805,1,0.01483531,0.689831,1419,1206,1072,0.89,127.13,71.10,16.68,215.80,0.951718491,-0.303046272,-0.021960641,0.043733304,0.2489410,-0.6561220,1.0832146
seq-03/frame-000806,1,0.01542971,0.719226,1687,1380,1239,0.92,179.15,111.68,9.45,301.20,0.952467456,-0.300373895,-0.022567296,0.045519061,0.2509593,-0.6539626,1.0891667
seq-03/frame-000807,1,0.00814209,0.423005,1630,1346,1199,0.95,126.87,105.98,13.10,246.90,0.952447418,-0.300781623,-0.018871092,0.044924533,0.2425079,-0.6543960,1.0933598
seq-03/frame-000808,1,0.00914692,0.453561,1596,1332,1191,0.94,104.96,102.52,16.01,224.43,0.953105613,-0.298953216,-0.017139063,0.043851084,0.2414662,-0.6477803,1.0976132
seq-03/frame-000809,1,0.01450087,0.737560,1401,1199,1090,0.89,88.03,97.21,18.57,204.70,0.954573454,-0.294461293,-0.017658263,0.042074374,0.2453043,-0.6417236,1.0995177
seq-03/frame-000810,1,0.01229549,0.597581,1404,1188,1062,0.88,71.12,101.06,14.96,188.02,0.955688289,-0.291014272,-0.014773597,0.041860822,0.2436037,-0.6395986,1.1029862
seq-03/frame-000811,1,0.01290630,0.573326,1388,1175,1043,0.90,117.97,111.10,18.29,248.26,0.956840803,-0.287651721,-0.011540725,0.039736341,0.2431564,-0.6351402,1.1044197
seq-03/frame-000812,1,0.00990339,0.439544,1649,1332,1171,0.94,109.94,147.81,18.02,276.72,0.956932716,-0.287645826,-0.009034676,0.038184165,0.2439676,-0.6358551,1.1090069
seq-03/frame-000813,1,0.01076428,0.530646,1654,1377,1222,0.92,88.18,140.96,48.49,278.55,0.956826253,-0.288054662,-0.008965665,0.037784262,0.2480188,-0.6328620,1.1136080
seq-03/frame-000814,1,0.01271823,0.600797,1540,1249,1126,0.89,90.24,112.99,36.94,241.07,0.958032984,-0.284033584,-0.006514153,0.038148263,0.2472156,-0.6225337,1.1152889
seq-03/frame-000815,1,0.01081544,0.507258,1687,1358,1216,0.93,84.23,99.74,11.89,196.79,0.958550037,-0.282151710,-0.004524549,0.039392477,0.2486946,-0.6203461,1.1188707
seq-03/frame-000816,1,0.01220922,0.656636,1516,1237,1094,0.93,101.45,112.39,21.79,236.56,0.958378608,-0.282717801,-0.005923337,0.039319235,0.2572510,-0.6206791,1.1238190
seq-03/frame-000817,1,0.01900015,0.972930,1272,1041,928,0.89,84.64,110.87,10.91,207.31,0.959876124,-0.277875478,-0.004534481,0.037449736,0.2618805,-0.6094892,1.1228536
seq-03/frame-000818,1,0.01850611,0.837007,1435,1149,1038,0.90,140.11,89.49,11.12,241.62,0.960640262,-0.275109164,0.000462102,0.038535987,0.2614778,-0.6060791,1.1235172
seq-03/frame-000819,1,0.01393414,0.615199,1587,1288,1140,0.92,126.68,118.32,12.89,258.81,0.960891024,-0.274025804,0.003886897,0.039789331,0.2609855,-0.6043856,1.1279823
seq-03/frame-000820,1,0.01278116,0.548774,1640,1375,1215,0.92,137.00,109.65,11.36,258.93,0.960629401,-0.274723803,0.004133141,0.041242004,0.2671257,-0.6036437,1.1315962
seq-03/frame-000821,1,0.01469082,0.647608,1660,1359,1193,0.94,94.36,110.75,8.17,214.22,0.961048005,-0.273072888,0.004506930,0.042398331,0.2712253,-0.5982356,1.1341584
seq-03/frame-000822,1,0.01866516,0.794525,1507,1231,1085,0.92,116.58,103.22,32.22,252.94,0.961848222,-0.270251650,0.006135519,0.042123610,0.2738369,-0.5922891,1.1338875
seq-03/frame-000823,1,0.01904879,0.823492,1460,1183,1044,0.91,126.56,96.88,21.85,246.20,0.962343951,-0.268664095,0.006857665,0.040825194,0.2787652,-0.5890106,1.1367067
seq-03/frame-000824,1,0.01997998,0.876835,1499,1220,1079,0.93,105.39,102.75,10.31,219.38,0.962825477,-0.267088947,0.009285965,0.039298427,0.2816658,-0.5857391,1.1375811
seq-03/frame-000825,1,0.01734561,0.789103,1726,1358,1191,0.98,118.90,92.79,28.48,241.15,0.962753988,-0.267203068,0.010346306,0.040002910,0.2859514,-0.5847303,1.1440506
seq-03/frame-000826,1,0.01991946,0.948748,1727,1363,1162,0.95,123.97,109.87,9.59,244.37,0.963295045,-0.265307072,0.008470868,0.040038216,0.2929606,-0.5801692,1.1463943
seq-03/frame-000827,1,0.01973034,0.827506,1495,1205,1047,0.91,116.62,91.59,17.74,226.86,0.963687379,-0.263835419,0.012575470,0.039234744,0.2914261,-0.5769594,1.1455506
seq-03/frame-000828,1,0.01971678,0.829770,1749,1353,1181,0.95,141.29,108.96,14.09,265.29,0.963956558,-0.262840942,0.014031204,0.038801007,0.2945334,-0.5725516,1.1494556
seq-03/frame-000829,1,0.02083020,0.905248,1782,1381,1213,0.95,96.68,101.32,11.44,210.40,0.964177494,-0.262176876,0.012723953,0.038251093,0.2995892,-0.5688467,1.1535173
seq-03/frame-000830,1,0.02877116,1.260897,1267,1001,865,0.88,108.88,54.14,22.10,186.01,0.965666918,-0.257081608,0.015658934,0.033930035,0.2990993,-0.5600517,1.1492391
seq-03/frame-000831,1,0.02822341,1.326845,1443,1154,998,0.89,107.75,76.19,39.27,224.10,0.966279169,-0.255005142,0.015321575,0.032283046,0.3087029,-0.5571274,1.1567836
seq-03/frame-000832,1,0.02373209,1.097218,1795,1379,1169,0.96,96.57,97.50,24.38,219.41,0.966622337,-0.253393752,0.016508344,0.034063754,0.3105666,-0.5572338,1.1599524
seq-03/frame-000833,1,0.01872543,0.859214,1707,1358,1179,0.92,96.72,78.28,14.08,190.00,0.965829213,-0.256363115,0.015276887,0.034907028,0.3152500,-0.5601345,1.1646806
seq-03/frame-000834,1,0.02529164,1.071475,1677,1310,1120,0.91,94.92,85.84,8.77,190.45,0.966302290,-0.254545739,0.016673984,0.034472157,0.3152508,-0.5515769,1.1612853
seq-03/frame-000835,1,0.02554069,1.212869,1719,1328,1138,0.94,84.85,87.54,14.95,188.28,0.966787973,-0.252912506,0.016872374,0.032735347,0.3184818,-0.5457459,1.1672197
seq-03/frame-000836,1,0.02391791,1.174596,1813,1408,1176,0.96,90.91,98.32,11.67,201.87,0.966679240,-0.253503237,0.015238219,0.032173772,0.3245533,-0.5462689,1.1723835
seq-03/frame-000837,1,0.02496077,1.171015,1790,1364,1158,1.31,95.89,84.86,13.20,195.26,0.966897304,-0.252895742,0.014431663,0.030742065,0.3268340,-0.5433662,1.1736565
seq-03/frame-000838,1,0.02716812,1.236971,1726,1337,1156,0.94,91.89,86.49,8.79,188.10,0.967418383,-0.251124403,0.016199495,0.027852881,0.3257766,-0.5387733,1.1723467
seq-03/frame-000839,1,0.02564910,1.221926,1785,1398,1154,0.94,93.76,67.87,16.85,179.42,0.967125113,-0.252678218,0.013704449,0.025197657,0.3323868,-0.5386283,1.1799328
seq-03/frame-000840,1,0.02648023,1.301053,1801,1343,1136,0.94,79.80,94.76,19.08,194.59,0.967424111,-0.251692916,0.014007690,0.023346299,0.3337196,-0.5349927,1.1815786
seq-03/frame-000841,1,0.03148728,1.494897,1743,1341,1131,0.91,105.65,112.46,45.43,264.47,0.967769276,-0.250485807,0.009349211,0.024332733,0.3441519,-0.5320019,1.1851544
seq-03/frame-000842,1,0.02601691,1.282626,1774,1383,1173,0.94,95.50,90.74,14.05,201.24,0.967941040,-0.250085293,0.008918749,0.021632033,0.3421573,-0.5331593,1.1893317
seq-03/frame-000843,1,0.02589084,1.283467,1810,1362,1154,0.97,88.12,96.71,21.54,207.34,0.968136989,-0.249534361,0.007404862,0.019711465,0.3464263,-0.5335501,1.1888470
seq-03/frame-000844,1,0.03496394,1.682337,1417,1087,931,0.87,80.97,105.40,23.04,210.28,0.968233418,-0.249089253,-0.001716930,0.021809256,0.3616203,-0.5292661,1.1938986
seq-03/frame-000845,1,0.03375597,1.675148,1169,945,805,0.86,73.09,61.64,11.02,146.61,0.968413578,-0.248343591,-0.009957792,0.020036091,0.3663814,-0.5298437,1.1986890
seq-03/frame-000846,1,0.02469529,1.172206,1648,1282,1103,0.92,72.34,75.90,15.71,164.88,0.968655567,-0.247799153,-0.009151734,0.014772207,0.3583361,-0.5307442,1.1957759
seq-03/frame-000847,1,0.02611865,1.223903,1585,1246,1079,0.89,70.53,66.46,15.59,153.47,0.968567833,-0.248131925,-0.012570766,0.012201525,0.3626887,-0.5287870,1.1973491
seq-03/frame-000848,1,0.03704595,1.885897,1117,867,736,0.86,66.65,58.58,18.89,144.99,0.968420209,-0.247608137,-0.027129417,0.010793693,0.3803575,-0.5260406,1.2044601
seq-03/frame-000849,1,0.02866470,1.454390,1303,1064,898,0.90,59.81,58.18,20.33,139.22,0.968709705,-0.246139064,-0.031089616,0.007106617,0.3757337,-0.5254021,1.2027927
seq-03/frame-000850,1,0.02393960,1.174095,1597,1280,1110,1.21,76.10,77.92,15.57,170.81,0.968631420,-0.246325277,-0.032756287,0.002013949,0.3718754,-0.5254586,1.2023635
seq-03/frame-000851,1,0.02726458,1.406879,1459,1183,1028,0.89,81.33,82.62,14.82,179.66,0.967995134,-0.247603762,-0.040885811,-0.002479752,0.3817343,-0.5265737,1.2072077
seq-03/frame-000852,1,0.02551068,1.327914,1574,1229,1052,0.93,83.42,89.15,16.90,190.40,0.968349570,-0.245618219,-0.043951647,-0.006249316,0.3817115,-0.5233644,1.2037277
seq-03/frame-000853,1,0.02093923,1.010960,1730,1328,1149,0.93,93.16,91.61,13.90,199.60,0.968239117,-0.246038136,-0.043359410,-0.009910066,0.3771572,-0.5233305,1.2027071
seq-03/frame-000854,1,0.02279417,1.131775,1585,1290,1100,0.92,83.64,93.33,12.53,190.42,0.968039372,-0.245529970,-0.049374338,-0.013303483,0.3841407,-0.5230666,1.2047540
seq-03/frame-000855,1,0.02609093,1.290237,1586,1222,1046,0.90,87.10,108.54,14.77,211.30,0.968767360,-0.241927523,-0.051510491,-0.017536968,0.3881324,-0.5212053,1.2011291
seq-03/frame-000856,1,0.02681307,1.341740,1656,1271,1073,0.91,90.58,99.67,11.56,202.73,0.968897180,-0.240673979,-0.053540268,-0.021159649,0.3945090,-0.5223613,1.2021236
seq-03/frame-000857,1,0.02545191,1.262463,1599,1202,1038,0.89,80.37,102.15,12.08,195.50,0.969053218,-0.239242482,-0.055361798,-0.025178703,0.3998495,-0.5252504,1.2015996
seq-03/frame-000858,1,0.02548584,1.280266,1645,1276,1097,0.89,91.23,90.48,19.61,202.21,0.969067360,-0.238118563,-0.057921679,-0.029207559,0.4073303,-0.5283498,1.2029227
seq-03/frame-000859,1,0.03049002,1.486556,1573,1206,1051,0.88,86.98,98.78,13.15,199.79,0.969715662,-0.234142682,-0.061209045,-0.032896702,0.4161268,-0.5269573,1.1989184
seq-03/frame-000860,1,0.02587536,1.280802,1484,1135,985,0.88,72.00,87.57,10.00,170.45,0.969810468,-0.232918713,-0.060665148,-0.039195282,0.4169028,-0.5328966,1.1956582
seq-03/frame-000861,1,0.02416022,1.236416,1608,1195,1044,0.91,76.59,82.23,10.04,169.77,0.969241675,-0.233575023,-0.063989976,-0.043801443,0.4277926,-0.5391611,1.1978431
seq-03/frame-000862,1,0.01951155,1.004980,1736,1264,1083,0.94,109.84,89.59,13.84,214.22,0.969352018,-0.233108900,-0.061645998,-0.047081604,0.4254012,-0.5416841,1.1930244
seq-03/frame-000863,1,0.02230795,1.155485,1674,1312,1128,0.92,105.53,77.62,11.97,196.05,0.969432241,-0.231517948,-0.063696630,-0.050431240,0.4328939,-0.5431361,1.1876983
seq-03/frame-000864,1,0.02235614,1.117509,1738,1279,1097,0.94,101.91,77.30,10.21,190.36,0.969179055,-0.231451786,-0.066140869,-0.052415790,0.4405457,-0.5465575,1.1864170
seq-03/frame-000865,1,0.02126362,1.145715,1697,1274,1087,0.94,86.14,83.48,12.97,183.54,0.969136775,-0.230825356,-0.068064020,-0.053486971,0.4463042,-0.5500504,1.1838054
seq-03/frame-000866,1,0.01730604,0.860170,1711,1302,1099,0.93,88.18,79.51,12.58,181.21,0.969012368,-0.231942559,-0.067790034,-0.051207332,0.4483236,-0.5565220,1.1797284
seq-03/frame-000867,1,0.02134455,1.024873,1672,1270,1081,0.93,87.65,81.96,11.87,182.42,0.969043807,-0.230385108,-0.072154001,-0.051677863,0.4571402,-0.5572587,1.1748431
seq-03/frame-000868,1,0.02250043,1.055140,1684,1327,1156,0.92,93.24,70.82,27.11,192.08,0.968703369,-0.230154608,-0.076154026,-0.053321705,0.4644278,-0.5627116,1.1705053
seq-03/frame-000869,1,0.02022619,0.925998,1655,1313,1126,0.96,103.42,79.91,14.46,198.75,0.968730834,-0.229427509,-0.075316907,-0.057017127,0.4620105,-0.5677342,1.1624578
seq-03/frame-000870,1,0.01990496,0.918903,1596,1285,1110,0.92,85.25,73.01,10.34,169.52,0.968234002,-0.228997876,-0.079547825,-0.061278327,0.4697932,-0.5740624,1.1577376
seq-03/frame-000871,1,0.02178635,1.021088,1457,1163,991,0.88,80.86,66.56,13.50,161.80,0.968014059,-0.227391149,-0.083559525,-0.065267548,0.4734925,-0.5782468,1.1523017
seq-03/frame-000872,1,0.02492397,1.186501,1355,1089,944,1.46,91.46,62.88,7.51,163.32,0.968508335,-0.222779729,-0.086919413,-0.069323969,0.4769157,-0.5804182,1.1450583
seq-03/frame-000873,1,0.02068570,0.967952,1384,1132,988,0.90,85.21,60.61,13.60,160.32,0.968009064,-0.223047624,-0.090238871,-0.071169912,0.4793234,-0.5914599,1.1390457
seq-03/frame-000874,1,0.01952696,0.895212,1435,1166,1007,0.90,84.38,62.62,10.33,158.23,0.968196706,-0.221073931,-0.091095712,-0.073641197,0.4788513,-0.5966292,1.1284186
seq-03/frame-000875,1,0.02115514,0.998675,1522,1202,1056,1.35,83.47,75.63,10.76,171.22,0.968074517,-0.219216266,-0.094267008,-0.076744318,0.4850268,-0.6032313,1.1209112
seq-03/frame-000876,1,0.02272640,1.033575,1474,1188,1038,0.90,93.60,74.25,20.61,189.35,0.967851537,-0.218717528,-0.096904344,-0.077689080,0.4900360,-0.6103360,1.1146099
seq-03/frame-000877,1,0.02145991,0.977484,1284,1013,869,0.87,69.19,67.74,13.73,151.54,0.968190765,-0.216762400,-0.099077975,-0.076185691,0.4922458,-0.6160156,1.1034871
seq-03/frame-000878,1,0.02127225,1.027387,1451,1145,988,1.28,76.76,58.03,35.50,171.57,0.968740730,-0.212780141,-0.100827128,-0.078101858,0.4944884,-0.6208326,1.0899746
seq-03/frame-000879,1,0.01665324,0.745322,1534,1212,1065,0.91,78.88,73.78,11.13,164.70,0.968423460,-0.214563876,-0.101816333,-0.075840491,0.4966192,-0.6316420,1.0845184
seq-03/frame-000880,1,0.01608202,0.709009,1405,1096,947,1.25,73.79,60.56,14.99,150.59,0.967512878,-0.216886181,-0.104616080,-0.077036946,0.4994725,-0.6407778,1.0756799
seq-03/frame-000881,1,0.02068742,0.957863,1536,1253,1099,0.90,84.63,74.28,18.95,178.76,0.967314993,-0.215216371,-0.107223275,-0.080540592,0.5032479,-0.6419063,1.0632851
seq-03/frame-000882,1,0.01235580,0.473485,1412,1146,1006,0.88,71.21,60.64,17.31,150.05,0.966564246,-0.219259372,-0.103619837,-0.083317557,0.4979799,-0.6552385,1.0498942
seq-03/frame-000883,1,0.02892076,1.314738,1421,1131,962,0.90,75.49,57.50,7.99,141.89,0.966055791,-0.217352665,-0.110772430,-0.084991154,0.5125468,-0.6504298,1.0442128
seq-03/frame-000884,1,0.02546601,1.210618,1319,1056,916,0.88,68.59,61.54,16.63,147.64,0.965980102,-0.215441393,-0.112771670,-0.088034084,0.5099327,-0.6559484,1.0354535
seq-03/frame-000885,1,0.02391367,0.993886,1414,1147,1007,0.91,87.68,79.84,13.16,181.60,0.966016228,-0.216044429,-0.112935439,-0.085924609,0.5081860,-0.6651014,1.0238141
seq-03/frame-000886,1,0.02293348,1.021149,1346,1080,946,0.91,71.02,66.27,13.86,152.06,0.965656486,-0.217129420,-0.114689312,-0.084904222,0.5092275,-0.6743030,1.0105586
seq-03/frame-000887,1,0.01771820,0.737132,1280,1064,961,1.18,64.25,59.02,11.65,136.09,0.966639534,-0.212186377,-0.108799464,-0.093528765,0.4958160,-0.6828795,0.9756340
seq-03/frame-000888,1,0.01999468,0.773028,1451,1145,1018,0.91,72.23,67.25,11.77,152.17,0.966625984,-0.213098443,-0.106590650,-0.094136572,0.4953121,-0.6867685,0.9674730
seq-03/frame-000889,1,0.03431529,1.434877,1124,908,802,0.86,84.48,49.46,18.43,153.23,0.966159404,-0.211799728,-0.113736276,-0.093493002,0.5069625,-0.6896995,0.9624207
seq-03/frame-000890,1,0.02979464,1.217385,1288,1040,912,0.87,70.08,72.89,17.97,161.83,0.966330831,-0.212141951,-0.113693610,-0.090963068,0.4990017,-0.6978530,0.9474267
seq-03/frame-000891,1,0.01925809,0.719809,1401,1120,1002,1.24,70.82,70.69,17.14,159.89,0.966416691,-0.214506637,-0.108763973,-0.090532204,0.4828410,-0.7056330,0.9308067
seq-03/frame-000892,1,0.02854142,1.081122,1431,1147,1023,0.93,79.51,60.57,10.47,151.48,0.967028606,-0.211008059,-0.106939458,-0.094314509,0.4792282,-0.7001843,0.9149799
seq-03/frame-000893,1,0.02693749,0.963085,1452,1150,1017,1.04,72.62,63.05,11.62,148.33,0.967160299,-0.210715095,-0.103098724,-0.097830254,0.4704122,-0.7056356,0.8998176
seq-03/frame-000894,1,0.05138450,1.949147,1230,945,835,0.87,57.78,60.74,13.00,132.40,0.967129788,-0.205868773,-0.110477659,-0.100362884,0.4762221,-0.7048488,0.8853738
seq-03/frame-000895,1,0.04162292,1.518333,1210,937,844,0.88,83.27,51.37,15.01,150.54,0.967842610,-0.204192893,-0.106108309,-0.101621712,0.4574363,-0.7148964,0.8602276
seq-03/frame-000896,1,0.02978591,1.024647,1247,936,820,2.06,82.83,60.83,14.20,159.92,0.968144948,-0.205036563,-0.101491549,-0.101758695,0.4319546,-0.7192054,0.8499697
seq-03/frame-000897,1,0.03649939,1.270793,1236,937,836,0.90,64.35,61.98,16.71,143.94,0.968319262,-0.203160901,-0.103245632,-0.102096989,0.4271547,-0.7186777,0.8335479
seq-03/frame-000898,1,0.03419206,1.203766,1286,953,835,0.97,71.95,52.96,14.68,140.56,0.968412032,-0.201994832,-0.103051789,-0.103713804,0.4142557,-0.7213604,0.8161497
seq-03/frame-000899,1,0.03537119,0.732035,1333,1010,890,0.87,69.53,58.64,15.05,144.10,0.968602580,-0.200624230,-0.100712721,-0.106845256,0.3971499,-0.7298997,0.8034753
seq-03/frame-000900,1,0.02260596,0.858148,990,733,643,1.86,67.18,42.44,12.74,124.23,0.969486522,-0.193132466,-0.102227041,-0.111109706,0.3720558,-0.7290580,0.7716895
seq-03/frame-000901,1,0.01853086,0.698667,1000,760,667,0.85,61.15,53.96,18.15,134.11,0.969835982,-0.190248984,-0.103391889,-0.111953605,0.3556259,-0.7325540,0.7542777
seq-03/frame-000902,1,0.02054944,0.634458,925,668,552,0.84,65.24,42.41,10.50,118.99,0.968566564,-0.193922490,-0.108876169,-0.111439937,0.3493622,-0.7458823,0.7489847
seq-03/frame-000903,1,0.01757877,0.554387,1144,926,823,0.87,73.09,57.08,14.44,145.48,0.967997498,-0.190416884,-0.107445128,-0.123198213,0.3097937,-0.7399536,0.7092439
seq-03/frame-000904,1,0.01878046,0.681908,826,512,402,0.83,55.24,41.36,18.27,115.70,0.967658861,-0.189220767,-0.111110550,-0.124443865,0.3043699,-0.7377182,0.6989816
seq-03/frame-000905,1,0.01110117,0.688340,737,412,294,0.80,66.84,38.51,10.01,116.16,0.966234455,-0.191828562,-0.119565814,-0.123680218,0.2924612,-0.7426682,0.6968803
seq-03/frame-000906,1,0.03814049,1.371918,769,453,354,0.80,61.83,38.52,12.02,113.17,0.963849874,-0.194167426,-0.142432154,-0.114041718,0.2958623,-0.7474384,0.6782190
seq-03/frame-000907,1,0.01586705,0.492806,909,568,446,0.81,59.20,40.04,17.32,117.37,0.963750920,-0.195697937,-0.139454799,-0.115926013,0.2484199,-0.7518967,0.6478780
seq-03/frame-000908,1,0.02033972,0.498739,1011,756,642,0.85,80.17,49.24,13.38,143.64,0.962846354,-0.194423358,-0.146232691,-0.117228228,0.2458436,-0.7464381,0.6342078
seq-03/frame-000909,1,0.02067382,0.706843,1037,759,603,0.99,71.37,52.81,18.64,143.82,0.960640972,-0.196096454,-0.149285786,-0.128175105,0.2082263,-0.7454318,0.6026647
seq-03/frame-000910,1,0.02045765,0.753003,986,632,495,0.82,61.30,41.70,23.25,127.06,0.958864539,-0.197416971,-0.155042572,-0.132541070,0.2019923,-0.7450603,0.5910095
seq-03/frame-000911,1,0.03657016,1.162134,1135,821,678,0.88,67.83,56.48,21.96,147.15,0.954864645,-0.201443542,-0.169834746,-0.137150167,0.1949485,-0.7459888,0.5619994
seq-03/frame-000912,1,0.02182523,0.796693,1406,1016,878,0.90,76.14,59.97,21.66,158.67,0.953767516,-0.205242523,-0.168947821,-0.140212929,0.1751856,-0.7482352,0.5489464
seq-03/frame-000913,1,0.02282552,0.555726,1403,1104,935,0.90,63.15,62.60,12.41,139.05,0.952019665,-0.209239546,-0.169428479,-0.145503816,0.1672366,-0.7549615,0.5338232
seq-03/frame-000914,1,0.02394581,0.837796,1203,932,799,0.85,79.10,47.19,14.12,141.26,0.949421918,-0.215026396,-0.168556244,-0.154759371,0.1440346,-0.7473407,0.5071702
seq-03/frame-000915,1,0.02327799,0.850309,1152,832,694,0.87,71.01,59.31,20.57,151.75,0.947706505,-0.217795575,-0.171207220,-0.158447330,0.1339970,-0.7463890,0.4961205
seq-03/frame-000916,1,0.01135850,1.033482,1373,1083,953,0.92,79.26,70.33,13.33,163.84,0.946551962,-0.218297203,-0.173256842,-0.162381593,0.1242409,-0.7481138,0.4765674
seq-03/frame-000917,1,0.02711409,1.160894,1534,1154,1037,0.94,64.88,79.54,15.06,160.43,0.945263858,-0.218537591,-0.170536838,-0.172147457,0.1047078,-0.7454646,0.4486787
seq-03/frame-000918,1,0.02908239,1.149035,1288,880,758,0.92,89.63,69.54,42.46,202.55,0.944235870,-0.219366524,-0.170624747,-0.176590334,0.0908484,-0.7497746,0.4357685
seq-03/frame-000919,1,0.03827752,1.339964,1015,595,471,0.85,65.55,49.13,11.34,126.88,0.942956681,-0.216292411,-0.177747107,-0.180156202,0.0660520,-0.7403565,0.4054602
seq-03/frame-000920,1,0.03951344,1.293173,1008,664,560,0.86,64.32,51.69,15.00,131.87,0.940821549,-0.218979560,-0.183613870,-0.182177696,0.0557521,-0.7478685,0.3882423
seq-03/frame-000921,1,0.05294603,1.428482,1432,1013,878,0.94,77.65,85.67,13.32,177.58,0.938068366,-0.217547343,-0.190222016,-0.191092851,0.0386537,-0.7439024,0.3616706
seq-03/frame-000922,1,0.03733798,1.422564,1183,814,684,0.90,66.13,70.91,17.13,155.07,0.937227165,-0.215035501,-0.191995884,-0.196220679,0.0267273,-0.7408972,0.3512736
seq-03/frame-000923,1,0.03833992,1.482582,991,678,530,0.87,61.36,61.45,13.06,136.73,0.937425324,-0.211219780,-0.194892706,-0.196562457,0.0154730,-0.7399400,0.3392618
seq-03/frame-000924,1,0.03927444,1.358747,1143,812,687,0.88,65.91,68.18,14.67,149.64,0.935684000,-0.207102152,-0.207012600,-0.196850030,-0.0006783,-0.7381105,0.3117355
seq-03/frame-000925,1,0.03434304,1.259161,1508,1127,968,0.93,88.42,76.12,10.04,175.51,0.933846194,-0.205519849,-0.211430227,-0.202460210,-0.0119574,-0.7345256,0.2954624
seq-03/frame-000926,1,0.03365764,1.184230,1260,945,818,0.91,92.46,59.67,9.22,162.27,0.932658363,-0.205565627,-0.213931297,-0.205242664,-0.0185448,-0.7327910,0.2875082
seq-03/frame-000927,1,0.04250148,1.552379,1150,840,705,0.89,73.78,58.04,11.55,144.26,0.931545666,-0.204305489,-0.217264538,-0.208033797,-0.0409137,-0.7316576,0.2676892
seq-03/frame-000928,1,0.03339952,1.195258,1937,1432,1225,1.20,114.78,93.46,15.90,225.35,0.930855131,-0.202322947,-0.224524186,-0.205336407,-0.0479191,-0.7293170,0.2598849
seq-03/frame-000929,1,0.03224532,1.187793,1812,1424,1242,0.98,97.57,92.48,13.44,204.47,0.930894527,-0.200452748,-0.223832342,-0.207733384,-0.0547675,-0.7258509,0.2558998
seq-03/frame-000930,1,0.04515421,1.615032,1006,711,562,1.56,72.23,53.32,9.37,136.49,0.930648914,-0.196518556,-0.224469435,-0.211864410,-0.0794816,-0.7249071,0.2393118
seq-03/frame-000931,1,0.04448376,1.566380,1267,913,762,1.04,82.10,61.53,11.90,156.57,0.929811713,-0.191660386,-0.234934017,-0.208620429,-0.0921070,-0.7183916,0.2278047
seq-03/frame-000932,1,0.03233435,1.063553,1791,1345,1147,1.00,87.32,93.69,21.09,203.11,0.928106073,-0.193249319,-0.238678167,-0.210491211,-0.0911442,-0.7230391,0.2303740
seq-03/frame-000933,1,0.03364644,1.170824,1196,915,771,0.90,58.29,55.64,19.74,134.57,0.926817614,-0.190441284,-0.236469503,-0.220960181,-0.1096702,-0.7158221,0.2244994
seq-03/frame-000934,1,0.05618003,0.988856,947,645,514,0.87,64.53,47.53,13.31,126.25,0.925600560,-0.188563887,-0.243622949,-0.219897981,-0.1389501,-0.7118320,0.2168964
seq-03/frame-000935,1,0.03805171,1.350994,1057,741,616,0.88,61.45,54.35,12.24,128.92,0.924476143,-0.186327061,-0.249380571,-0.220080483,-0.1400639,-0.7152203,0.2085722
seq-03/frame-000936,1,0.03423133,1.211298,1236,875,737,0.95,66.15,59.63,12.07,138.81,0.923182976,-0.183608465,-0.253386216,-0.223196215,-0.1569453,-0.7110103,0.2025726
seq-03/frame-000937,1,0.03715205,1.338557,919,645,544,0.83,55.17,46.18,8.43,110.62,0.921220508,-0.180465146,-0.258347223,-0.228126761,-0.1800298,-0.7063389,0.1916789
seq-03/frame-000938,1,0.05772425,1.479815,894,662,553,0.85,63.41,50.72,8.26,123.24,0.920093005,-0.176549923,-0.263747313,-0.229556839,-0.2048807,-0.6981275,0.1736891
seq-03/frame-000939,1,0.04902601,1.781747,1075,792,653,0.88,67.96,71.90,19.62,160.36,0.918928598,-0.177052307,-0.266057294,-0.231162775,-0.2177284,-0.6987023,0.1622725
seq-03/frame-000940,1,0.04651569,1.812094,1192,871,722,0.89,68.10,49.11,12.37,130.48,0.917525918,-0.178258889,-0.268390394,-0.233102028,-0.2342061,-0.6944075,0.1514315
seq-03/frame-000941,1,0.05770495,2.242405,804,555,430,0.95,65.52,40.33,8.67,115.48,0.917240203,-0.178962647,-0.271297073,-0.230305621,-0.2590393,-0.6841381,0.1357859
seq-03/frame-000942,1,0.05358722,2.149164,994,738,604,1.35,59.12,63.53,9.72,133.72,0.915826467,-0.181221123,-0.275394483,-0.229300381,-0.2646548,-0.6854808,0.1277950
seq-03/frame-000943,1,0.05208824,2.170846,1656,1139,935,0.90,84.56,89.18,9.16,183.79,0.914885210,-0.186034736,-0.273948297,-0.230929557,-0.2772380,-0.6823149,0.1127062
seq-03/frame-000944,1,0.05727955,2.226248,992,695,556,0.97,60.64,49.98,11.50,123.09,0.914740449,-0.186577065,-0.275550910,-0.229151926,-0.2905923,-0.6727516,0.1033136
seq-03/frame-000945,1,0.05874675,3.237537,914,628,508,0.82,71.45,52.72,12.47,137.47,0.915608267,-0.187730760,-0.276475466,-0.223562026,-0.3009961,-0.6727914,0.0939035
seq-03/frame-000946,1,0.05938078,2.360444,1005,643,528,2.75,75.31,51.62,13.34,143.02,0.917557231,-0.184083109,-0.284162125,-0.208456288,-0.3022213,-0.6729837,0.0820841
seq-03/frame-000947,1,0.06112353,2.520981,1026,669,532,0.83,61.33,59.51,16.21,137.88,0.921092966,-0.174976551,-0.284206747,-0.200493093,-0.3080755,-0.6709623,0.0685069
seq-03/frame-000948,1,0.05894240,2.396121,895,605,494,0.79,58.81,46.17,6.78,112.56,0.923480610,-0.169840326,-0.285165518,-0.192401804,-0.3074823,-0.6694131,0.0626306
seq-03/frame-000949,1,0.05313183,2.246857,937,600,488,0.79,70.18,59.43,6.48,136.88,0.925507902,-0.160326183,-0.291108439,-0.181621902,-0.3033663,-0.6710034,0.0481344
seq-03/frame-000950,1,0.05267603,2.235459,897,598,494,0.78,70.41,54.41,11.63,137.23,0.928904983,-0.148049866,-0.293189179,-0.171046411,-0.2997771,-0.6663393,0.0342541
seq-03/frame-000951,1,0.05365409,2.222668,818,521,424,0.78,59.71,56.29,29.12,145.89,0.930584676,-0.141733320,-0.295313316,-0.163443792,-0.2986383,-0.6668404,0.0268948
seq-03/frame-000952,1,0.05049278,2.054633,1034,687,559,0.77,66.86,69.83,14.56,152.02,0.931855049,-0.131750249,-0.302192242,-0.151551601,-0.2932455,-0.6659482,0.0106164
seq-03/frame-000953,1,0.04793031,1.951169,1047,656,529,1.01,82.66,69.58,18.39,171.65,0.934350606,-0.120251846,-0.302923844,-0.144102681,-0.2869956,-0.6667229,-0.0057315
seq-03/frame-000954,1,0.05080406,2.012789,1029,682,574,0.78,69.21,67.15,15.43,152.56,0.935588887,-0.115498805,-0.303475507,-0.138694188,-0.2858335,-0.6608365,-0.0116693
seq-03/frame-000955,1,0.04694276,1.842138,1015,635,533,0.77,77.34,67.69,12.06,157.85,0.936860045,-0.104175606,-0.309651479,-0.124726340,-0.2739291,-0.6570076,-0.0308516
seq-03/frame-000956,1,0.04132834,1.622348,1115,838,684,0.77,80.84,53.52,11.10,146.24,0.937259027,-0.094689606,-0.315173415,-0.115087418,-0.2622338,-0.6530954,-0.0455397
seq-03/frame-000957,1,0.03935617,1.616154,1328,963,836,0.79,106.68,67.91,8.36,183.74,0.937551152,-0.090379925,-0.317235458,-0.110412731,-0.2544147,-0.6468920,-0.0565079
seq-03/frame-000958,1,0.03910297,1.520650,816,537,431,0.93,79.19,42.59,19.10,141.81,0.936758194,-0.082991719,-0.323783940,-0.103732449,-0.2483057,-0.6496541,-0.0748487
seq-03/frame-000959,1,0.03272569,1.672135,847,528,418,1.59,60.73,43.94,16.03,122.29,0.933559054,-0.078005199,-0.337383439,-0.092493771,-0.2242249,-0.6416952,-0.0994723
seq-03/frame-000960,1,0.02651627,1.727784,1093,653,528,0.75,92.97,59.25,9.46,162.44,0.931666962,-0.074585046,-0.343192143,-0.093020937,-0.2165185,-0.6456081,-0.1084629
seq-03/frame-000961,1,0.03460389,1.828615,1144,751,639,0.76,69.12,59.85,22.64,152.39,0.931378310,-0.070531577,-0.347678471,-0.081727723,-0.2116975,-0.6285518,-0.1187707
seq-03/frame-000962,1,0.02443569,1.614902,783,457,357,0.74,61.77,31.71,10.36,104.58,0.929374144,-0.070967715,-0.353744548,-0.078051769,-0.2063837,-0.6357303,-0.1272005
seq-03/frame-000963,1,0.02718676,1.828266,1044,601,492,0.75,156.90,57.31,13.88,228.84,0.927266193,-0.063405374,-0.362387071,-0.069518173,-0.1978650,-0.6290566,-0.1526171
seq-03/frame-000964,1,0.03415519,1.957327,1456,929,763,0.80,80.11,79.93,25.93,186.77,0.928161449,-0.057638928,-0.361276596,-0.068361541,-0.2114783,-0.6243943,-0.1664590
seq-03/frame-000965,1,0.03787371,1.982368,1366,894,753,0.77,88.04,75.69,8.18,172.68,0.928793250,-0.053967323,-0.361164135,-0.063175106,-0.2168858,-0.6180570,-0.1668332
seq-03/frame-000966,1,0.02719620,1.754014,1129,734,604,0.74,64.08,72.68,10.67,148.18,0.925386618,-0.046262542,-0.372706801,-0.051078609,-0.2032665,-0.6142823,-0.1841672
seq-03/frame-000967,1,0.03370317,2.327893,1096,736,632,0.76,69.30,59.59,12.82,142.47,0.926751855,-0.044849231,-0.369391999,-0.051663306,-0.2185433,-0.6191714,-0.1895155
seq-03/frame-000968,1,0.03597487,1.943677,1137,775,649,0.76,67.86,67.84,10.27,146.74,0.930564384,-0.039444668,-0.361086731,-0.045939297,-0.2224631,-0.6097814,-0.1990483
seq-03/frame-000969,1,0.03720026,1.985501,1184,787,672,0.75,78.67,66.53,17.77,163.72,0.931727456,-0.033285250,-0.360057640,-0.033682868,-0.2347171,-0.6087286,-0.2076870
seq-03/frame-000970,1,0.03946828,2.164288,1402,907,763,0.77,78.43,87.38,21.31,187.90,0.932124653,-0.027148185,-0.360328275,-0.023877619,-0.2428725,-0.6104553,-0.2155382
seq-03/frame-000971,1,0.03011471,1.727243,1113,690,565,2.35,79.87,66.21,24.99,173.42,0.933116211,-0.022039511,-0.358265760,-0.021308238,-0.2451144,-0.6125395,-0.2235525
seq-03/frame-000972,1,0.02073347,0.911446,1321,860,724,0.77,90.82,97.04,17.24,205.88,0.934530734,-0.015956702,-0.355246292,-0.014062843,-0.2478206,-0.6194692,-0.2307178
seq-03/frame-000973,1,0.02843598,1.253612,1355,881,755,0.85,96.52,118.90,8.60,224.87,0.936449107,-0.011742579,-0.350512128,-0.008150409,-0.2632675,-0.6109780,-0.2336956
seq-03/frame-000974,1,0.02546934,1.001871,1511,949,793,2.29,123.67,118.24,18.01,262.21,0.936964170,-0.006323012,-0.349333311,0.004939752,-0.2691701,-0.6155090,-0.2370246
seq-03/frame-000975,1,0.03281215,2.377303,1650,1008,838,0.80,130.74,107.37,9.23,248.16,0.941236469,-0.000638400,-0.337385209,0.015643618,-0.2811029,-0.6175796,-0.2423194
seq-03/frame-000976,1,0.02661279,1.171083,1473,924,756,0.98,97.26,107.36,12.52,218.13,0.941938117,0.003406937,-0.335395985,0.015827471,-0.2880675,-0.6234278,-0.2416396
seq-03/frame-000977,1,0.02359851,1.541029,1550,934,767,0.98,139.72,88.00,8.28,236.98,0.944641876,0.007271828,-0.327175552,0.023558558,-0.2978526,-0.6299304,-0.2424477
seq-03/frame-000978,1,0.02027606,1.040405,1372,874,742,0.78,142.92,77.31,19.75,240.77,0.945463290,0.009296810,-0.324895951,0.021339128,-0.2950182,-0.6373471,-0.2438212
seq-03/frame-000979,1,0.02671055,0.901144,1604,884,701,1.15,152.06,87.82,7.79,248.83,0.947891717,0.013829822,-0.317117538,0.027322073,-0.3117016,-0.6299162,-0.2428417
seq-03/frame-000980,1,0.03071362,1.033468,1535,898,710,3.75,143.91,87.44,14.96,250.06,0.948013083,0.013206574,-0.316683376,0.028432739,-0.3159243,-0.6376058,-0.2421711
seq-03/frame-000981,1,0.02956001,1.078133,1522,902,742,0.77,90.95,63.56,13.69,168.98,0.951236655,0.015775288,-0.306351289,0.032386029,-0.3305042,-0.6380228,-0.2355082
seq-03/frame-000982,1,0.02923593,0.907587,1625,916,708,1.07,133.59,98.55,15.42,248.63,0.951602684,0.017232491,-0.304823533,0.035185050,-0.3289011,-0.6411249,-0.2349657
seq-03/frame-000983,1,0.05916795,2.033560,694,372,291,0.73,82.80,35.23,13.07,131.84,0.956956802,0.013594268,-0.288887367,0.024350861,-0.3433801,-0.6700159,-0.2300694
seq-03/frame-000984,1,0.06565409,2.188936,678,364,296,0.73,73.62,35.87,14.66,124.88,0.960660978,0.016865655,-0.276667368,0.017355159,-0.3367712,-0.6670622,-0.2271637
seq-03/frame-000985,1,0.04930973,2.268443,1102,653,550,1.16,91.05,76.23,42.42,210.86,0.963983507,0.022243509,-0.261638150,0.042267044,-0.3584916,-0.6348570,-0.2156319
seq-03/frame-000986,1,0.05618002,2.019486,1392,811,665,0.95,100.71,95.45,8.61,205.71,0.961211798,0.020972868,-0.270819742,0.047840205,-0.3512014,-0.6382743,-0.2113811
seq-03/frame-000987,1,0.09456831,2.960575,542,303,239,0.72,71.32,27.97,6.81,106.83,0.966737653,0.009530649,-0.254830743,0.019717250,-0.3443149,-0.6971241,-0.2122377
seq-03/frame-000988,1,0.07080091,2.421078,1138,713,616,0.77,95.81,59.24,10.37,166.19,0.969642266,0.014724562,-0.243134418,0.021510899,-0.3456977,-0.6669323,-0.2087089
seq-03/frame-000989,1,0.06358045,2.332367,1345,848,719,1.58,101.59,86.76,8.63,198.56,0.971432219,0.011192093,-0.236245148,0.019555338,-0.3646713,-0.6638575,-0.1926054
seq-03/frame-000990,1,0.05830245,2.229323,1380,974,831,0.80,84.48,98.22,18.26,201.77,0.972979139,0.008114972,-0.229996300,0.018639866,-0.3661894,-0.6668291,-0.1865652
seq-03/frame-000991,1,0.04410671,1.793004,1658,1066,895,1.09,130.60,76.16,16.80,224.66,0.973814913,0.008570446,-0.225963909,0.023481377,-0.3764800,-0.6541514,-0.1776320
seq-03/frame-000992,1,0.05600246,1.962316,687,412,342,0.72,67.94,59.47,12.13,140.27,0.975014221,0.002365782,-0.221510041,0.016582329,-0.3747707,-0.6762364,-0.1628526
seq-03/frame-000993,1,0.06484686,2.063084,865,558,467,0.73,66.25,73.15,10.90,151.03,0.977071357,-0.002508555,-0.212446060,0.013854325,-0.3746558,-0.6876932,-0.1617495
seq-03/frame-000994,1,0.03845915,1.363081,1642,1146,1012,0.81,84.43,85.22,13.61,184.08,0.979174600,-0.001623724,-0.202341233,0.016507343,-0.3914415,-0.6620758,-0.1402953
seq-03/frame-000995,1,0.04216339,1.398004,1165,779,697,0.78,98.91,51.20,18.14,169.02,0.979357012,-0.005298339,-0.201404802,0.016366950,-0.3826942,-0.6694954,-0.1332198
seq-03/frame-000996,1,0.03732329,2.092467,1409,1000,876,0.80,221.78,75.80,18.78,317.16,0.983004867,-0.007646792,-0.182695226,0.016291481,-0.3936962,-0.6728488,-0.1187813
seq-03/frame-000997,1,0.03470847,1.266813,1961,1388,1240,0.90,98.25,96.47,13.12,208.74,0.983232223,-0.006390480,-0.181160289,0.019862224,-0.3930163,-0.6622030,-0.1077970
seq-03/frame-000998,1,0.03802686,1.379891,1556,1132,1010,0.82,76.36,80.95,15.03,173.16,0.983616533,-0.008917854,-0.179089815,0.018596405,-0.3919287,-0.6698471,-0.0977855
seq-03/frame-000999,1,0.04349509,1.359687,1311,928,805,0.81,87.41,73.40,17.20,178.82,0.985847824,-0.013363011,-0.166658008,0.012272161,-0.3914515,-0.6794559,-0.0863036
seq-05/frame-000000,1,0.04207201,1.062386,1613,1169,965,0.93,94.63,59.39,9.53,164.48,0.779432137,-0.200745964,-0.533687448,-0.259546353,1.6373139,-0.7334267,0.7934395
seq-05/frame-000001,1,0.03941475,1.002207,1631,1215,1013,0.94,101.04,83.59,18.32,203.89,0.780491035,-0.199413807,-0.532879026,-0.259051774,1.6381162,-0.7298739,0.7859138
seq-05/frame-000002,1,0.03547227,0.903481,1665,1250,1050,1.19,110.35,76.06,11.28,198.88,0.780892985,-0.199697278,-0.531941125,-0.259549190,1.6354405,-0.7303695,0.7821207
seq-05/frame-000003,1,0.03751891,0.900530,1673,1173,967,0.93,75.39,81.10,9.88,167.31,0.780400380,-0.200064123,-0.532555354,-0.259488706,1.6371822,-0.7317667,0.7847407
seq-05/frame-000004,1,0.04026018,0.953884,1557,1153,960,0.92,96.30,93.00,7.28,197.49,0.780084054,-0.200563005,-0.532782440,-0.259588562,1.6376021,-0.7285167,0.7835253
seq-05/frame-000005,1,0.03768401,0.979257,1617,1159,979,0.92,107.40,81.11,9.88,199.31,0.782574886,-0.198900597,-0.529859508,-0.259353045,1.6313808,-0.7201352,0.7674088
seq-05/frame-000006,1,0.03893193,0.936664,1578,1169,1000,0.91,105.20,92.00,7.91,206.01,0.778701527,-0.201007745,-0.533869522,-0.261157333,1.6379605,-0.7283408,0.7798405
seq-05/frame-000007,1,0.04175732,1.034060,1597,1180,990,0.92,91.61,82.35,14.76,189.64,0.777315074,-0.201571471,-0.535777623,-0.260945506,1.6425500,-0.7287253,0.7809860
seq-05/frame-000008,1,0.03750598,0.919284,1484,1126,933,0.91,84.88,80.73,15.20,181.72,0.778535525,-0.202558512,-0.533986639,-0.260212902,1.6371090,-0.7258534,0.7718133
seq-05/frame-000009,1,0.03979926,1.023404,1247,970,822,0.85,140.12,79.89,15.06,235.93,0.777387937,-0.205284775,-0.536369725,-0.256580736,1.6364969,-0.7212822,0.7661294
seq-05/frame-000010,1,0.04122230,1.110070,1283,1000,862,0.86,70.90,71.97,14.70,158.43,0.777066898,-0.208019151,-0.538813097,-0.250150984,1.6331027,-0.7187709,0.7548204
seq-05/frame-000011,1,0.04107820,1.112793,1313,1005,869,0.85,91.32,60.92,15.31,168.40,0.775606977,-0.210043017,-0.543134916,-0.243557408,1.6339820,-0.7230456,0.7519188
seq-05/frame-000012,1,0.03407860,0.998501,1138,817,678,0.83,93.98,66.28,25.04,186.14,0.777398663,-0.211327126,-0.543807526,-0.235086239,1.6205067,-0.7187673,0.7289567
seq-05/frame-000013,1,0.03353787,1.153862,1093,810,694,1.04,68.56,55.35,10.94,135.89,0.772090368,-0.217637988,-0.551357681,-0.229161245,1.6223447,-0.7254361,0.7293303
seq-05/frame-000014,1,0.04620343,1.486796,1328,1006,870,1.24,81.86,64.54,37.30,184.94,0.770680678,-0.217815660,-0.554961871,-0.224999895,1.6280094,-0.7211290,0.7309815
seq-05/frame-000015,1,0.04316041,1.430983,1404,1117,950,1.26,76.21,100.85,20.14,198.46,0.771617898,-0.218472238,-0.554997826,-0.221027405,1.6189059,-0.7169674,0.7233215
seq-05/frame-000016,1,0.04200306,1.287539,1345,1050,888,0.88,112.65,96.64,10.70,220.86,0.770191866,-0.221215739,-0.558865319,-0.213395506,1.6223509,-0.7202202,0.7233392
seq-05/frame-000017,1,0.03098066,1.014162,1256,878,732,0.86,77.05,88.08,22.15,188.15,0.771483718,-0.228865297,-0.556323699,-0.207213637,1.6113617,-0.7168980,0.7142203
seq-05/frame-000018,1,0.03559484,1.154739,1293,992,859,1.05,108.74,96.22,18.44,224.45,0.773596890,-0.238369456,-0.551674021,-0.200956784,1.5993615,-0.7114388,0.7014188
seq-05/frame-000019,1,0.03474527,1.288428,1184,920,775,0.86,66.66,92.42,26.73,186.68,0.776168807,-0.246484486,-0.548170976,-0.190567477,1.5846583,-0.7027455,0.6860718
seq-05/frame-000020,1,0.03073578,0.966754,1141,860,745,1.30,100.04,76.25,13.26,190.84,0.775507069,-0.256252234,-0.549147671,-0.177088720,1.5794778,-0.7027589,0.6717944
seq-05/frame-000021,1,0.03604228,1.514745,1195,984,852,2.01,99.71,81.87,42.42,226.02,0.775157125,-0.259190464,-0.549290532,-0.173872502,1.5719359,-0.7029130,0.6644898
seq-05/frame-000022,1,0.03614375,1.319011,1425,1147,995,1.69,95.58,103.71,19.32,220.30,0.776596699,-0.260113974,-0.549268170,-0.165960133,1.5625703,-0.6959106,0.6516471
seq-05/frame-000023,1,0.03136324,1.245298,1419,1125,966,0.89,83.00,118.26,30.15,232.31,0.776667323,-0.265237450,-0.548645981,-0.159450782,1.5500536,-0.7011410,0.6367712
seq-05/frame-000024,1,0.03684609,1.442016,1361,1088,942,1.00,96.70,101.99,14.64,214.34,0.777250442,-0.266678888,-0.548689423,-0.153961158,1.5437645,-0.7003698,0.6309946
seq-05/frame-000025,1,0.02933816,1.228724,1493,1179,1030,0.90,95.60,115.82,15.83,228.16,0.778649214,-0.269151374,-0.547541388,-0.146496988,1.5374634,-0.7070489,0.6188539
seq-05/frame-000026,1,0.02947519,1.300457,1396,1132,989,0.89,90.51,62.80,11.25,165.46,0.781367489,-0.273698072,-0.543725960,-0.137536514,1.5193506,-0.7084083,0.6082652
seq-05/frame-000027,1,0.02624435,1.114853,1425,1124,989,1.43,124.30,92.22,16.90,234.86,0.782985389,-0.277269086,-0.541913268,-0.128006813,1.5144777,-0.7115596,0.6046084
seq-05/frame-000028,1,0.02021170,0.766060,1390,1069,920,0.88,102.50,89.21,16.26,208.85,0.781383658,-0.284152091,-0.542562610,-0.119678668,1.4990660,-0.7173936,0.5906596
seq-05/frame-000029,1,0.02391247,1.093565,1304,1002,891,1.58,89.85,79.99,13.87,185.30,0.782375450,-0.284286532,-0.541810157,-0.116239306,1.4975717,-0.7184138,0.5914726
seq-05/frame-000030,1,0.02672540,1.254573,1074,821,682,0.85,88.69,70.81,12.47,172.81,0.789214205,-0.285126322,-0.533181314,-0.107524911,1.4679485,-0.7223053,0.5711977
seq-05/frame-000031,1,0.03529474,1.433982,1116,807,659,0.86,82.67,64.14,10.74,158.40,0.789971191,-0.285569299,-0.533983317,-0.096215956,1.4502275,-0.7317557,0.5546780
seq-05/frame-000032,1,0.01717765,0.833284,1596,1152,991,0.91,99.47,94.33,21.42,216.13,0.789534412,-0.284547602,-0.537096769,-0.084824140,1.4592121,-0.7341217,0.5676008
seq-05/frame-000033,1,0.01979844,1.042265,1319,1007,856,0.88,95.54,74.83,21.76,193.01,0.792905284,-0.284179964,-0.532931178,-0.080791824,1.4431245,-0.7408326,0.5565473
seq-05/frame-000034,1,0.01263404,0.785371,1821,1347,1165,0.99,97.91,101.85,16.46,217.21,0.793421150,-0.284147896,-0.533015792,-0.075080079,1.4413275,-0.7451219,0.5625920
seq-05/frame-000035,1,0.01915569,1.143351,1679,1261,1096,0.96,107.03,99.12,23.98,231.08,0.795392024,-0.285785385,-0.529376876,-0.073745264,1.4265331,-0.7471537,0.5462211
seq-05/frame-000036,1,0.01698168,0.681940,1330,1007,858,0.87,75.19,74.77,15.89,166.74,0.795957563,-0.284227216,-0.529975267,-0.069229076,1.4184134,-0.7523558,0.5561619
seq-05/frame-000037,1,0.01218020,0.778177,1437,1095,931,0.91,85.68,72.42,8.61,167.62,0.799400355,-0.281153006,-0.526198245,-0.070904631,1.3998787,-0.7673154,0.5377014
seq-05/frame-000038,1,0.01176571,0.764180,1486,1114,941,2.54,103.94,76.84,10.61,193.92,0.798567082,-0.275759151,-0.530085259,-0.072506029,1.3908472,-0.7720447,0.5385920
seq-05/frame-000039,1,0.03394404,1.411139,1141,720,530,0.83,75.80,66.00,15.17,157.81,0.799335470,-0.266707460,-0.533341839,-0.074002836,1.3667020,-0.7813657,0.5270571
seq-05/frame-000040,1,0.02269887,0.774926,1127,787,639,1.64,87.49,60.54,14.20,163.87,0.801878693,-0.251784831,-0.537461012,-0.068779514,1.3661853,-0.7839021,0.5430979
seq-05/frame-000041,1,0.03002499,0.994113,1276,964,805,0.87,94.27,65.49,23.61,184.24,0.803569676,-0.242774122,-0.538372138,-0.074107640,1.3552628,-0.7996759,0.5275033
seq-05/frame-000042,1,0.02301420,0.752557,1890,1483,1318,1.02,89.97,102.57,16.09,209.65,0.797160508,-0.243556169,-0.546539801,-0.080683110,1.3538534,-0.8200898,0.5362734
seq-05/frame-000043,1,0.02341900,0.791105,1577,1187,1019,1.24,93.25,78.91,11.73,185.14,0.797519855,-0.240495463,-0.546507929,-0.086331321,1.3400896,-0.8351712,0.5430961
seq-05/frame-000044,1,0.03119295,0.925061,1528,1189,1055,0.91,96.52,77.28,13.92,188.63,0.795873149,-0.232703832,-0.551293194,-0.092253305,1.3275660,-0.8386569,0.5405618
seq-05/frame-000045,1,0.02877849,0.837527,1706,1279,1129,1.12,93.91,90.36,15.61,201.00,0.791798508,-0.229787321,-0.556891230,-0.100623395,1.3181248,-0.8509840,0.5487303
seq-05/frame-000046,1,0.03195886,0.850711,1570,1178,1012,1.18,86.07,85.88,15.96,189.09,0.789827118,-0.222196976,-0.561135893,-0.109216010,1.3049420,-0.8601883,0.5587286
seq-05/frame-000047,1,0.07593966,1.929160,991,729,587,1.12,61.82,59.91,15.19,138.04,0.788961561,-0.210145147,-0.565093780,-0.118522957,1.2741519,-0.8508551,0.5450202
seq-05/frame-000048,1,0.04007339,0.777420,1531,1128,983,0.88,87.21,87.73,19.20,195.02,0.775145617,-0.213274908,-0.584058123,-0.111978548,1.2987455,-0.8874873,0.5796058
seq-05/frame-000049,1,0.03256682,0.733390,1506,1055,892,0.88,91.90,77.02,11.74,181.54,0.774791965,-0.203780666,-0.586648465,-0.118382556,1.2882914,-0.8915153,0.5984763
seq-05/frame-000050,1,0.03032070,0.634777,1688,1271,1096,0.90,103.25,103.11,12.02,219.28,0.774267666,-0.194755532,-0.589397314,-0.123250442,1.2860434,-0.9025894,0.6110143
seq-05/frame-000051,1,0.03471092,0.949642,1753,1349,1191,1.49,107.15,73.24,12.88,194.76,0.776501681,-0.187023421,-0.586937073,-0.132560368,1.2749529,-0.9028010,0.6138694
seq-05/frame-000052,1,0.03695968,1.059026,1925,1514,1324,0.95,99.10,93.22,8.72,202.00,0.774131495,-0.183002517,-0.589185551,-0.141742350,1.2653201,-0.9068275,0.6302700
seq-05/frame-000053,1,0.03248524,1.064437,1776,1385,1208,0.91,94.98,107.01,18.02,220.92,0.772762265,-0.182431147,-0.588816655,-0.151169790,1.2586763,-0.9193215,0.6443077
seq-05/frame-000054,1,0.03062847,0.980036,1549,1206,1076,0.89,94.50,67.27,16.48,179.14,0.772942265,-0.180486967,-0.587414983,-0.157887134,1.2506701,-0.9267774,0.6584698
seq-05/frame-000055,1,0.02223797,0.798825,1890,1588,1421,2.53,96.08,105.33,13.78,217.73,0.771475296,-0.182403336,-0.586231276,-0.166996352,1.2487231,-0.9407358,0.6798161
seq-05/frame-000056,1,0.01543628,0.655933,1705,1474,1297,1.92,107.20,77.88,15.95,202.95,0.768704336,-0.184305802,-0.587378234,-0.173527592,1.2433253,-0.9442859,0.6998841
seq-05/frame-000057,1,0.00911979,0.595690,1270,1045,905,0.82,89.79,68.11,13.36,172.09,0.767573210,-0.186846998,-0.584611929,-0.184793017,1.2356426,-0.9545654,0.7183388
seq-05/frame-000058,1,0.00476721,0.640353,1861,1589,1441,1.18,95.21,99.88,12.87,209.14,0.765998735,-0.187469458,-0.583056447,-0.195310827,1.2282400,-0.9623931,0.7424364
seq-05/frame-000059,1,0.00341568,0.596490,1881,1558,1409,0.94,99.96,111.34,15.99,228.23,0.764545542,-0.186612725,-0.584087717,-0.198714227,1.2277997,-0.9672298,0.7519212
seq-05/frame-000060,1,0.00473999,0.668201,1707,1439,1307,0.94,83.41,87.57,10.13,182.05,0.762311771,-0.185096467,-0.584398689,-0.207601142,1.2199803,-0.9694526,0.7676735
seq-05/frame-000061,1,0.01028838,0.707553,1636,1344,1198,0.93,80.28,76.96,11.94,170.11,0.760557934,-0.183279572,-0.584128779,-0.216226262,1.2118871,-0.9788953,0.7865232
seq-05/frame-000062,1,0.00903901,0.781499,1715,1381,1209,0.91,96.02,107.71,14.58,219.23,0.759783910,-0.181584585,-0.582241153,-0.225279135,1.2068649,-0.9801723,0.7991697
seq-05/frame-000063,1,0.01222795,0.825542,1632,1273,1127,1.04,86.51,99.25,10.94,197.74,0.755752459,-0.178669506,-0.584117571,-0.236055272,1.1994304,-0.9817825,0.8178947
seq-05/frame-000064,1,0.01749067,0.973923,1548,1226,1085,0.90,93.59,102.48,17.74,214.72,0.754594995,-0.177185792,-0.581393736,-0.247331583,1.1919359,-0.9861223,0.8344331
seq-05/frame-000065,1,0.01315779,0.940148,1428,1137,975,1.28,80.36,86.06,12.24,179.95,0.755227786,-0.173242562,-0.578154505,-0.255646971,1.1845339,-0.9888922,0.8436451
seq-05/frame-000066,1,0.01628137,0.978735,1785,1448,1255,0.93,83.44,111.74,9.10,205.21,0.753190356,-0.173796075,-0.577596120,-0.262453678,1.1758512,-0.9856911,0.8557503
seq-05/frame-000067,1,0.01320725,0.747166,1924,1554,1315,1.07,131.11,100.94,20.06,253.19,0.749860454,-0.175556728,-0.580120610,-0.265234259,1.1748639,-0.9893689,0.8654332
seq-05/frame-000068,1,0.01927387,1.077062,1844,1462,1252,1.04,103.12,98.55,15.15,217.87,0.746711312,-0.175822099,-0.580536658,-0.272921226,1.1682812,-0.9926714,0.8791075
seq-05/frame-000069,1,0.02094504,1.006401,1990,1455,1218,0.99,101.62,97.40,10.52,210.54,0.744610807,-0.174807783,-0.581072818,-0.278121135,1.1599465,-0.9967621,0.8916742
seq-05/frame-000070,1,0.01855911,0.988712,2086,1446,1196,1.70,118.89,148.84,22.54,291.97,0.743566043,-0.174831372,-0.580941364,-0.281159498,1.1504287,-0.9972260,0.8973612
seq-05/frame-000071,1,0.02172395,0.956237,1781,1313,1090,0.95,92.15,94.84,31.06,219.01,0.741916180,-0.172151082,-0.581086650,-0.286814737,1.1436060,-0.9983568,0.9078885
seq-05/frame-000072,1,0.02084536,1.004133,1979,1434,1175,1.00,95.56,135.93,12.82,245.31,0.742629481,-0.168843591,-0.578765628,-0.291588140,1.1363448,-1.0000266,0.9105583
seq-05/frame-000073,1,0.02265718,1.075881,1954,1451,1223,2.69,101.63,130.42,34.21,268.95,0.743466277,-0.172181534,-0.574889986,-0.295148976,1.1307136,-1.0000321,0.9118844
seq-05/frame-000074,1,0.02227069,1.086400,1932,1401,1139,0.98,94.42,115.50,8.82,219.72,0.743079680,-0.171897304,-0.574263063,-0.297499311,1.1245398,-0.9956515,0.9116810
seq-05/frame-000075,1,0.02358047,1.079274,1947,1346,1104,0.98,128.96,103.41,11.87,245.22,0.741678012,-0.176941867,-0.573284163,-0.299917606,1.1167266,-0.9959875,0.9130574
seq-05/frame-000076,1,0.02017686,1.029175,1840,1335,1104,1.21,114.16,91.06,11.99,218.42,0.741867412,-0.180742700,-0.570999544,-0.301536630,1.1036136,-0.9920713,0.9034171
seq-05/frame-000077,1,0.02448178,1.207898,1602,1201,1007,0.93,89.18,90.97,15.59,196.68,0.739096909,-0.186207218,-0.572981892,-0.301254680,1.1021959,-0.9957417,0.9077158
seq-05/frame-000078,1,0.03270556,1.412785,1520,1046,846,1.17,94.59,90.61,12.76,199.12,0.736174212,-0.195686100,-0.571891289,-0.304458262,1.0870007,-0.9943836,0.9045997
seq-05/frame-000079,1,0.02503434,1.165388,1776,1320,1092,1.57,101.59,96.88,13.65,213.70,0.735070333,-0.199852095,-0.571566978,-0.305027761,1.0794055,-0.9961550,0.9003227
seq-05/frame-000080,1,0.02821586,1.353335,1692,1244,1024,1.43,105.99,99.18,16.39,222.98,0.736700675,-0.205617425,-0.568174045,-0.303598163,1.0675516,-0.9954437,0.8961678
seq-05/frame-000081,1,0.01738825,1.263150,1074,756,623,0.87,63.98,74.10,13.45,152.40,0.739773396,-0.216015474,-0.564090984,-0.296435489,1.0495963,-0.9870628,0.8728936
seq-05/frame-000082,1,0.01983788,1.164660,1117,815,664,0.87,77.78,64.45,11.39,154.49,0.732552382,-0.227118122,-0.573134340,-0.288619810,1.0399541,-0.9832528,0.8726991
seq-05/frame-000083,1,0.02425757,1.195009,1606,1136,919,0.91,114.02,77.08,16.79,208.80,0.729645562,-0.231098938,-0.576044048,-0.287025939,1.0385775,-0.9857662,0.8765012
seq-05/frame-000084,1,0.02688534,1.412688,1488,1027,857,0.90,73.09,75.04,10.22,159.26,0.731265222,-0.235751412,-0.572507521,-0.286195013,1.0273546,-0.9770777,0.8638788
seq-05/frame-000085,1,0.02391285,1.394414,1478,1049,856,0.92,88.46,75.87,11.24,176.49,0.733251162,-0.243779216,-0.568954127,-0.281434946,1.0109661,-0.9680072,0.8458751
seq-05/frame-000086,1,0.01876297,0.819071,1302,946,762,0.88,101.17,69.19,24.77,196.01,0.735328645,-0.254244894,-0.563425790,-0.277853735,1.0028933,-0.9719618,0.8364799
seq-05/frame-000087,1,0.02309799,1.283516,1295,908,706,0.89,98.89,71.97,9.66,181.41,0.739790327,-0.258623400,-0.556248521,-0.276426829,0.9932351,-0.9642167,0.8217033
seq-05/frame-000088,1,0.03015607,1.368962,1567,1128,914,1.48,86.23,70.25,8.67,166.64,0.744538002,-0.266765333,-0.547743306,-0.272904181,0.9796974,-0.9617830,0.8100408
seq-05/frame-000089,1,0.02702827,1.212742,1337,1005,808,0.90,91.30,64.47,11.59,168.26,0.748222321,-0.269012864,-0.542301894,-0.271484978,0.9741114,-0.9568637,0.7987972
seq-05/frame-000090,1,0.03648698,1.470269,1251,896,738,0.90,79.69,62.60,9.60,152.79,0.756027260,-0.277123920,-0.528043567,-0.269805683,0.9610357,-0.9572710,0.7838156
seq-05/frame-000091,1,0.04351325,1.671336,1497,1111,924,0.92,84.89,92.91,12.96,191.67,0.763383458,-0.281136029,-0.517351656,-0.265622840,0.9496971,-0.9510377,0.7650954
seq-05/frame-000092,1,0.04136122,1.657008,1456,1068,884,1.53,82.75,101.67,9.98,195.94,0.766832178,-0.282263041,-0.511640086,-0.265556790,0.9403959,-0.9465726,0.7553974
seq-05/frame-000093,1,0.04879113,1.828223,1571,1164,977,0.94,86.24,83.40,13.67,184.24,0.775272329,-0.283474146,-0.500533168,-0.260886510,0.9280587,-0.9396403,0.7389731
seq-05/frame-000094,1,0.04955061,1.850110,1658,1222,1009,0.94,80.98,111.39,12.09,205.40,0.777855242,-0.283857613,-0.496835072,-0.259848014,0.9237491,-0.9404727,0.7330976
seq-05/frame-000095,1,0.05164305,1.995752,1667,1228,1048,1.27,107.25,111.49,23.32,243.44,0.784310918,-0.285198144,-0.488395761,-0.254927408,0.9124585,-0.9354645,0.7180920
seq-05/frame-000096,1,0.04903835,1.878355,1710,1270,1071,4.41,90.22,100.53,18.52,213.69,0.787336239,-0.285554796,-0.485331713,-0.251024370,0.9046164,-0.9314053,0.7111870
seq-05/frame-000097,1,0.05369812,1.864723,1432,1158,968,0.89,89.93,99.69,19.31,209.82,0.792763533,-0.284438151,-0.480006568,-0.245386660,0.8957652,-0.9315886,0.7033838
seq-05/frame-000098,1,0.04589605,1.714658,1317,1052,888,0.90,83.00,80.34,19.67,183.91,0.801635335,-0.283909983,-0.469925320,-0.236529292,0.8782273,-0.9293434,0.6867039
seq-05/frame-000099,1,0.03770088,1.514123,1263,893,715,0.90,76.35,84.89,20.95,183.09,0.805553843,-0.280265887,-0.467800959,-0.231724624,0.8669299,-0.9228295,0.6760428
seq-05/frame-000100,1,0.03379302,1.494085,1600,1224,1043,0.92,83.55,95.46,19.92,199.85,0.810966529,-0.274246457,-0.463843129,-0.227973071,0.8539311,-0.9152770,0.6618871
seq-05/frame-000101,1,0.03242558,1.328502,1520,1233,1023,0.93,75.69,102.86,10.89,190.37,0.813596112,-0.273697834,-0.461762158,-0.223442548,0.8459241,-0.9125255,0.6554218
seq-05/frame-000102,1,0.01639855,1.137898,1494,1172,964,0.93,70.94,89.11,34.52,195.50,0.816111891,-0.269566959,-0.461056600,-0.220730259,0.8203769,-0.9087990,0.6343907
seq-05/frame-000103,1,0.01339031,0.858457,1492,1120,961,0.91,87.52,69.94,18.61,176.98,0.817264049,-0.269775353,-0.460178355,-0.218028932,0.8100639,-0.9146274,0.6276770
seq-05/frame-000104,1,0.01298641,0.798545,1142,842,686,4.27,83.39,71.97,12.79,172.42,0.818764333,-0.261152041,-0.461965109,-0.219118271,0.7822334,-0.9026051,0.6064912
seq-05/frame-000105,1,0.02342697,0.810007,1134,857,683,4.25,79.64,61.38,19.92,165.19,0.817642367,-0.261231833,-0.463910548,-0.219102471,0.7658299,-0.9030057,0.5953882
seq-05/frame-000106,1,0.01945053,0.866771,1316,954,781,2.10,78.46,66.07,30.22,176.86,0.815637245,-0.254163004,-0.470554250,-0.220716446,0.7531474,-0.9051141,0.5855777
seq-05/frame-000107,1,0.02747581,0.865190,1426,1027,820,0.89,76.20,64.61,7.82,149.52,0.817617914,-0.252941106,-0.469199455,-0.217654809,0.7349811,-0.9012013,0.5774149
seq-05/frame-000108,1,0.03413076,1.040854,1286,861,671,0.90,87.89,76.64,16.09,181.52,0.817413980,-0.249181908,-0.472070644,-0.216545765,0.7136961,-0.8987324,0.5647630
seq-05/frame-000109,1,0.03850125,1.187407,1562,1159,934,0.97,91.71,71.69,8.99,173.37,0.817289035,-0.246627754,-0.475227948,-0.213006531,0.6934528,-0.8955297,0.5521971
seq-05/frame-000110,1,0.04114701,1.237989,1553,1120,922,0.95,97.72,88.47,24.24,211.38,0.818783680,-0.246473389,-0.473151207,-0.212066240,0.6806473,-0.9021355,0.5448728
seq-05/frame-000111,1,0.04200478,1.249816,1587,1104,920,0.95,70.65,92.03,10.17,173.81,0.821449786,-0.246213448,-0.470626431,-0.207629356,0.6613888,-0.8972523,0.5345345
seq-05/frame-000112,1,0.04867500,1.370270,1828,1346,1118,0.98,104.59,103.83,17.73,227.12,0.823594158,-0.245609993,-0.468069378,-0.205619678,0.6424298,-0.8937706,0.5249239
seq-05/frame-000113,1,0.04312221,1.358326,1531,1094,896,0.94,79.23,83.06,12.38,175.62,0.823942701,-0.243516908,-0.468004023,-0.206857861,0.6307185,-0.8974694,0.5173559
seq-05/frame-000114,1,0.04478474,1.360143,1518,1103,888,0.94,100.05,77.14,21.06,199.20,0.825494011,-0.242600841,-0.467376067,-0.203135624,0.6197217,-0.8939927,0.5134356
seq-05/frame-000115,1,0.05314835,1.565612,1675,1231,1024,0.94,103.28,107.36,12.83,224.41,0.827245097,-0.238331947,-0.466650206,-0.202733860,0.5968986,-0.8926004,0.4995820
seq-05/frame-000116,1,0.05049697,1.489764,1512,1151,934,0.93,96.17,69.33,10.45,176.89,0.830200918,-0.233561784,-0.464794940,-0.200451971,0.5836520,-0.8923886,0.4916650
seq-05/frame-000117,1,0.05208879,1.551472,1714,1310,1095,0.96,91.33,95.53,8.40,196.23,0.831455033,-0.230881277,-0.463285085,-0.201849682,0.5762020,-0.8935282,0.4861850
seq-05/frame-000118,1,0.05447526,1.645809,1806,1373,1132,0.96,104.51,102.39,16.82,224.69,0.835504512,-0.227353449,-0.459339203,-0.198116421,0.5646145,-0.8898418,0.4758847
seq-05/frame-000119,1,0.05121743,1.534837,1897,1454,1213,0.98,101.33,100.46,14.32,217.08,0.836934885,-0.226644046,-0.457959509,-0.196075403,0.5604783,-0.8890052,0.4736250
seq-05/frame-000120,1,0.04916274,1.510650,1685,1205,1014,0.96,94.79,101.86,13.90,211.52,0.841078499,-0.225491211,-0.450749856,-0.196380345,0.5497905,-0.8871981,0.4671299
seq-05/frame-000121,1,0.03521489,1.205440,1291,1039,882,0.87,73.26,79.01,13.39,166.53,0.845524451,-0.222133976,-0.444368898,-0.195655775,0.5435707,-0.8868792,0.4705816
seq-05/frame-000122,1,0.04696392,1.413443,1344,1042,879,0.88,98.57,64.72,18.44,182.61,0.849853436,-0.218022544,-0.438867119,-0.193935453,0.5324433,-0.8858689,0.4580445
seq-05/frame-000123,1,0.05252827,1.508650,1683,1284,1091,0.94,100.73,101.38,14.70,217.75,0.855249028,-0.215232381,-0.432710161,-0.187045552,0.5192994,-0.8819677,0.4464223
seq-05/frame-000124,1,0.04826730,1.386465,1876,1372,1171,0.99,96.36,108.15,11.73,217.24,0.856532916,-0.213143397,-0.431373454,-0.186649941,0.5115507,-0.8773861,0.4372605
seq-05/frame-000125,1,0.04778516,1.355090,1833,1359,1165,1.97,106.77,103.31,17.32,229.37,0.857031725,-0.213313758,-0.430738515,-0.185629184,0.5044776,-0.8772523,0.4358921
seq-05/frame-000126,1,0.04671654,1.383797,1846,1396,1202,0.98,109.70,112.71,11.19,234.58,0.860237421,-0.210712691,-0.425833773,-0.185087383,0.4959289,-0.8776800,0.4260191
seq-05/frame-000127,1,0.04921385,1.502750,1655,1275,1101,0.93,186.54,109.94,18.31,315.83,0.863433423,-0.211356537,-0.420222062,-0.182276047,0.4791761,-0.8766998,0.4217401
seq-05/frame-000128,1,0.04773524,1.446514,1729,1342,1194,0.94,97.69,101.22,30.45,230.31,0.865620340,-0.210351612,-0.418564037,-0.176798681,0.4766076,-0.8747187,0.4162153
seq-05/frame-000129,1,0.04273336,1.281641,1747,1361,1189,0.92,88.91,108.49,14.55,212.87,0.869003715,-0.209150819,-0.413074358,-0.174522356,0.4625956,-0.8745682,0.4138294
seq-05/frame-000130,1,0.04576886,1.320116,1805,1375,1205,0.96,116.94,103.80,12.20,233.91,0.870759178,-0.208226225,-0.410819107,-0.172185814,0.4560171,-0.8737261,0.4061471
seq-05/frame-000131,1,0.04679262,1.403528,1905,1413,1248,1.00,102.94,122.75,18.62,245.31,0.874223554,-0.209483991,-0.404743979,-0.167427437,0.4415286,-0.8677111,0.3952286
seq-05/frame-000132,1,0.04995300,1.655328,1537,1101,937,0.93,82.79,89.25,21.72,194.69,0.879011255,-0.209941306,-0.396180420,-0.162187967,0.4250016,-0.8655339,0.3849071
seq-05/frame-000133,1,0.04698334,1.593476,1602,1159,1006,1.08,97.09,110.56,14.61,223.35,0.881656513,-0.210636682,-0.391474989,-0.158307655,0.4167915,-0.8667546,0.3831971
seq-05/frame-000134,1,0.04683286,1.528914,1915,1463,1291,1.79,100.65,110.98,14.29,227.72,0.885481814,-0.210771985,-0.384784446,-0.153094932,0.3993641,-0.8629315,0.3757442
seq-05/frame-000135,1,0.04317498,1.423597,1845,1419,1252,0.99,132.87,98.73,28.66,261.25,0.887766822,-0.214533645,-0.379309198,-0.148222524,0.3827163,-0.8625836,0.3724700
seq-05/frame-000136,1,0.04038833,1.427635,1639,1199,1051,0.94,122.61,110.81,21.18,255.55,0.889736512,-0.212398071,-0.376285525,-0.147191038,0.3779854,-0.8619099,0.3661338
seq-05/frame-000137,1,0.03800530,1.292342,1606,1141,975,0.97,106.90,100.67,22.49,231.03,0.896257819,-0.208671569,-0.364222243,-0.143248928,0.3663361,-0.8600997,0.3559606
seq-05/frame-000138,1,0.04454719,1.601923,1482,1128,992,0.92,100.94,87.99,27.98,217.83,0.900261077,-0.210175081,-0.355188388,-0.138555535,0.3505378,-0.8620515,0.3526876
seq-05/frame-000139,1,0.03287686,1.179463,1328,997,846,0.90,100.75,94.80,26.50,222.96,0.903885921,-0.208325417,-0.348991972,-0.133399273,0.3443735,-0.8607315,0.3500134
seq-05/frame-000140,1,0.03292684,1.117848,1656,1191,1005,0.95,116.73,114.45,23.87,255.99,0.910334789,-0.208112434,-0.334618763,-0.126530907,0.3297567,-0.8580568,0.3416683
seq-05/frame-000141,1,0.03004529,0.985573,1734,1320,1135,0.97,117.06,114.48,13.04,245.55,0.912285998,-0.209409191,-0.329612181,-0.123441724,0.3226547,-0.8561170,0.3410433
seq-05/frame-000142,1,0.02878541,0.943875,1966,1485,1299,1.00,119.94,138.97,13.93,273.84,0.914398629,-0.212090156,-0.321685951,-0.124141300,0.3065077,-0.8494275,0.3357337
seq-05/frame-000143,1,0.02684917,1.009456,1806,1377,1216,0.97,133.38,117.07,9.78,261.21,0.914948800,-0.212975561,-0.318927358,-0.125679926,0.2961619,-0.8496568,0.3394300
seq-05/frame-000144,1,0.02643786,0.958369,1597,1183,1011,0.94,72.63,93.07,37.04,203.69,0.919940632,-0.208788108,-0.308771958,-0.121559194,0.2841549,-0.8479637,0.3299579
seq-05/frame-000145,1,0.02842266,0.970980,1665,1156,995,0.99,118.72,116.03,38.56,274.31,0.922454884,-0.207902210,-0.302935557,-0.118674793,0.2780095,-0.8460159,0.3224498
seq-05/frame-000146,1,0.02763635,0.977818,1885,1446,1255,0.97,155.95,118.31,36.94,312.17,0.925493805,-0.210635560,-0.294183161,-0.112027432,0.2615487,-0.8390295,0.3217880
seq-05/frame-000147,1,0.01957358,1.213772,1664,1210,1053,0.94,113.42,113.34,17.13,244.83,0.927092129,-0.211806227,-0.289992067,-0.107437925,0.2561514,-0.8362598,0.3205089
seq-05/frame-000148,1,0.02257755,0.847808,1486,1063,912,0.96,118.63,76.26,45.20,241.05,0.932102361,-0.211685874,-0.277114999,-0.097885428,0.2455736,-0.8339656,0.3166235
seq-05/frame-000149,1,0.02402489,0.919018,1774,1263,1086,0.98,93.21,133.86,10.91,238.97,0.934203809,-0.211569293,-0.270838671,-0.095645661,0.2360914,-0.8311195,0.3146509
seq-05/frame-000150,1,0.02149589,0.781964,1706,1212,1050,0.98,123.33,120.27,20.92,265.51,0.936939097,-0.211761696,-0.262724686,-0.090982706,0.2276374,-0.8266894,0.3114923
seq-05/frame-000151,1,0.02116722,0.817618,1406,973,843,0.97,79.35,109.37,14.49,204.19,0.938696550,-0.213327273,-0.256387445,-0.087210897,0.2205470,-0.8286883,0.3117656
seq-05/frame-000152,1,0.01739258,0.711259,1468,893,751,0.96,72.59,113.04,16.32,202.91,0.943740672,-0.212041469,-0.242394470,-0.075079159,0.2116888,-0.8206937,0.3127469
seq-05/frame-000153,1,0.02032870,0.862733,1644,1191,1027,0.97,124.14,79.71,11.62,216.44,0.945634449,-0.212297244,-0.235704811,-0.071753818,0.2022913,-0.8180781,0.3130379
seq-05/frame-000154,1,0.01353213,0.543238,1347,1003,868,0.92,108.83,73.62,9.64,193.01,0.947064549,-0.216703316,-0.227958458,-0.064368892,0.2012106,-0.8170222,0.3156770
seq-05/frame-000155,1,0.01618983,0.709062,1532,1054,910,0.96,78.37,82.51,10.11,171.96,0.948624396,-0.219803443,-0.219481673,-0.060216259,0.1927291,-0.8205480,0.3165034
seq-05/frame-000156,1,0.01520513,0.691371,1409,931,786,0.96,84.53,69.12,16.97,171.59,0.951858298,-0.218644920,-0.208756181,-0.050803895,0.1867215,-0.8188865,0.3184767
seq-05/frame-000157,1,0.01586596,0.759647,1591,973,826,0.98,92.68,91.76,10.81,196.23,0.953418849,-0.218563134,-0.202426621,-0.047393222,0.1813380,-0.8139586,0.3210549
seq-05/frame-000158,1,0.01686983,0.607433,1628,1217,1076,0.93,93.15,92.46,16.48,203.03,0.953732784,-0.219723398,-0.200097513,-0.045567426,0.1807305,-0.8128674,0.3206687
seq-05/frame-000159,1,0.01210032,0.648545,1551,1000,870,0.99,86.39,88.13,12.97,188.48,0.954254729,-0.226111920,-0.191640887,-0.039307540,0.1739846,-0.8154496,0.3338247
seq-05/frame-000160,1,0.01166010,0.595323,1489,924,799,0.98,92.50,88.18,21.98,203.64,0.954813612,-0.227720757,-0.187326686,-0.037187834,0.1715360,-0.8192743,0.3386535
seq-05/frame-000161,1,0.00850366,0.440267,1467,1148,1041,0.95,88.99,74.98,13.22,178.14,0.956732876,-0.227904419,-0.178572285,-0.028874188,0.1702236,-0.8208982,0.3514363
seq-05/frame-000162,1,0.00566731,0.415184,1619,1294,1181,0.97,97.51,83.11,18.79,200.38,0.957362102,-0.227973861,-0.175439625,-0.026583124,0.1675630,-0.8216700,0.3607150
seq-05/frame-000163,1,0.00633839,0.326528,1647,1317,1184,0.97,77.82,78.94,14.33,172.06,0.957859053,-0.227549446,-0.173706744,-0.023521290,0.1705668,-0.8203833,0.3667175
seq-05/frame-000164,1,0.00467037,0.311660,1710,1385,1257,0.97,86.81,79.57,18.80,186.16,0.958501058,-0.230188208,-0.167237912,-0.017905060,0.1669371,-0.8236904,0.3823918
seq-05/frame-000165,1,0.00628065,0.199906,1606,1319,1186,0.95,76.89,73.58,12.82,164.25,0.958315582,-0.232455638,-0.165437028,-0.015040329,0.1678437,-0.8307940,0.3918324
seq-05/frame-000166,1,0.00892253,0.233575,1339,1056,943,1.10,75.01,67.35,12.02,155.49,0.959079752,-0.231017269,-0.163194270,-0.012832789,0.1722757,-0.8308792,0.4021743
seq-05/frame-000167,1,0.00893073,0.148143,1550,1283,1186,0.94,93.79,87.51,13.77,196.01,0.960912010,-0.228726928,-0.155821130,-0.007202606,0.1708678,-0.8309673,0.4200815
seq-05/frame-000168,1,0.00956645,0.132547,1702,1387,1272,0.96,94.34,84.47,21.07,200.85,0.961167623,-0.228973277,-0.153984288,-0.004108332,0.1712719,-0.8325756,0.4286903
seq-05/frame-000169,1,0.01342821,0.274710,1541,1260,1139,0.92,86.66,86.46,11.56,185.60,0.961301126,-0.229414239,-0.152513218,-0.002995046,0.1747370,-0.8326080,0.4375314
seq-05/frame-000170,1,0.01326901,0.359412,1691,1352,1225,0.95,95.77,84.11,18.15,198.99,0.962270580,-0.229285942,-0.146492574,0.001792552,0.1767542,-0.8291551,0.4584183
seq-05/frame-000171,1,0.01710499,0.483688,1502,1206,1098,0.90,78.31,67.16,13.80,160.18,0.962151851,-0.230489240,-0.145364900,0.002751778,0.1816184,-0.8304330,0.4697004
seq-05/frame-000172,1,0.02162782,0.649216,1260,919,821,0.89,78.68,66.83,24.41,170.82,0.962438026,-0.230960737,-0.142681373,0.003494253,0.1858814,-0.8332773,0.4827277
seq-05/frame-000173,1,0.02410132,0.506414,1585,1254,1112,0.90,82.11,87.69,15.19,185.90,0.964249838,-0.229306057,-0.132605701,0.007530586,0.1844280,-0.8304451,0.4925764
seq-05/frame-000174,1,0.02271266,0.648948,1775,1354,1218,0.95,93.10,90.87,10.61,195.53,0.963923934,-0.231559411,-0.130861081,0.010308590,0.1839775,-0.8260499,0.5047112
seq-05/frame-000175,1,0.02847535,0.809587,1538,1201,1083,1.05,79.75,83.95,12.66,177.41,0.962299894,-0.237498131,-0.131944846,0.012810549,0.1937778,-0.8322547,0.5202401
seq-05/frame-000176,1,0.03626026,1.145480,1429,1125,1002,0.91,93.81,60.58,16.82,172.12,0.961185677,-0.244189196,-0.127439110,0.015906124,0.2023775,-0.8351980,0.5508612
seq-05/frame-000177,1,0.02629057,0.847624,1605,1181,1023,0.92,106.87,59.31,14.35,181.45,0.962103838,-0.243637751,-0.121496241,0.015346471,0.1924250,-0.8346446,0.5563706
seq-05/frame-000178,1,0.02880092,0.904307,1593,1176,1038,0.91,101.66,99.02,31.48,233.06,0.961690421,-0.245810916,-0.120167942,0.016976281,0.1963981,-0.8305504,0.5695322
seq-05/frame-000179,1,0.03550970,1.121496,1541,1218,1089,0.91,100.53,74.79,12.21,188.44,0.960878343,-0.250443329,-0.116899570,0.018039953,0.2030950,-0.8295092,0.5950376
seq-05/frame-000180,1,0.03203481,1.054190,1636,1257,1116,0.95,86.26,85.65,10.06,182.92,0.961025491,-0.251082277,-0.114246169,0.018316906,0.2005723,-0.8261847,0.6066807
seq-05/frame-000181,1,0.02727879,1.006971,1611,1293,1166,0.92,94.69,99.20,14.76,209.58,0.960636128,-0.253675680,-0.111620564,0.019176262,0.1956011,-0.8276781,0.6235875
seq-05/frame-000182,1,0.02830410,0.607585,1514,1162,1017,0.91,77.69,97.46,23.41,199.47,0.961394192,-0.253320782,-0.105671550,0.019578391,0.1958837,-0.8223713,0.6407246
seq-05/frame-000183,1,0.02254040,0.714678,1647,1159,998,0.89,87.73,94.12,16.23,198.97,0.961020655,-0.256257285,-0.101734418,0.020533228,0.1908396,-0.8258825,0.6463518
seq-05/frame-000184,1,0.02574349,0.937327,1498,1194,1042,0.88,72.67,75.78,17.76,167.10,0.959805498,-0.260563712,-0.101907977,0.022242367,0.1971611,-0.8223431,0.6630806
seq-05/frame-000185,1,0.02788494,1.043562,1449,1206,1075,0.89,87.42,77.14,11.12,176.56,0.959544339,-0.261959506,-0.100408100,0.023876613,0.2000391,-0.8198434,0.6783511
seq-05/frame-000186,1,0.02884172,1.016581,1656,1246,1091,0.89,70.77,76.80,19.37,167.83,0.959422864,-0.264169798,-0.095112172,0.025995409,0.2007870,-0.8264191,0.6903552
seq-05/frame-000187,1,0.03291254,1.220566,1524,1088,934,0.87,78.92,73.79,13.72,167.31,0.958430842,-0.267906841,-0.094626614,0.026116083,0.2060278,-0.8244889,0.7007215
seq-05/frame-000188,1,0.02827358,1.042029,1528,1095,946,0.87,89.52,78.99,8.62,178.01,0.957705134,-0.271407629,-0.091400917,0.028011578,0.2017431,-0.8221815,0.7109698
seq-05/frame-000189,1,0.03124751,1.261829,1278,1021,892,0.85,86.25,64.33,18.32,169.76,0.956341504,-0.277150140,-0.088015605,0.029188717,0.2076854,-0.8124551,0.7365098
seq-05/frame-000190,1,0.03608355,1.420918,1432,1107,983,1.52,84.62,74.06,16.75,176.95,0.955882204,-0.279454355,-0.086265609,0.027435734,0.2127414,-0.8091815,0.7473593
seq-05/frame-000191,1,0.03569881,1.331516,1315,944,816,1.14,92.74,60.49,29.13,183.50,0.954937592,-0.284081337,-0.082103015,0.025516372,0.2077696,-0.8163374,0.7518597
seq-05/frame-000192,1,0.02791878,1.126098,1351,933,815,1.31,90.87,81.11,10.52,183.81,0.953686468,-0.290355822,-0.074842327,0.023963390,0.1927429,-0.8188697,0.7652696
seq-05/frame-000193,1,0.03227047,1.272561,1287,923,790,0.85,79.60,74.91,12.81,168.18,0.951842030,-0.296951464,-0.073168688,0.021515601,0.2006119,-0.8101265,0.7839826
seq-05/frame-000194,1,0.02838154,1.115576,1461,1049,909,0.88,104.57,81.99,13.67,201.12,0.951614674,-0.298068716,-0.071268061,0.022481464,0.2027510,-0.7981780,0.7964964
seq-05/frame-000195,1,0.02761602,1.191637,1603,1188,1045,0.89,107.03,105.50,14.99,228.41,0.950976187,-0.300785625,-0.069134334,0.019817747,0.2018990,-0.7937205,0.8087975
seq-05/frame-000196,1,0.03277962,1.326966,1384,957,821,1.30,73.85,71.77,7.79,154.71,0.949776474,-0.304938670,-0.068014984,0.017635739,0.2040003,-0.7971132,0.8139681
seq-05/frame-000197,1,0.02546336,1.047037,1487,1034,903,0.88,95.87,81.48,9.65,187.89,0.948689151,-0.309395403,-0.063031795,0.017040320,0.1941615,-0.7964134,0.8237306
seq-05/frame-000198,1,0.01630154,0.820990,1592,1194,1052,0.90,79.75,85.85,7.87,174.38,0.948482315,-0.310498575,-0.060960821,0.015990968,0.1914280,-0.7852760,0.8373169
seq-05/frame-000199,1,0.02255670,1.046534,1272,966,832,0.88,83.17,73.47,14.79,172.31,0.948197730,-0.311736938,-0.059869160,0.012523175,0.2001936,-0.7686499,0.8578927
seq-05/frame-000200,1,0.02581568,1.164454,1313,949,826,0.88,72.33,66.34,24.45,164.01,0.948655694,-0.311118885,-0.055989138,0.011073816,0.2021785,-0.7639743,0.8599574
seq-05/frame-000201,1,0.01751956,0.909536,1500,1026,891,0.88,84.45,82.72,15.96,184.02,0.946461605,-0.318620239,-0.050517815,0.011811999,0.1958881,-0.7824287,0.8739670
seq-05/frame-000202,1,0.01355991,0.767291,1491,1077,944,0.88,88.54,104.61,21.12,215.16,0.945602912,-0.321503135,-0.048391408,0.011363886,0.1935647,-0.7784049,0.8835923
seq-05/frame-000203,1,0.00939701,0.513470,1540,1185,1053,0.90,87.90,80.65,12.80,182.25,0.946018929,-0.320831925,-0.044412762,0.011940217,0.1840519,-0.7666591,0.8919860
seq-05/frame-000204,1,0.02193525,0.926691,1362,1025,921,0.88,77.32,68.53,19.09,165.84,0.946722512,-0.318671790,-0.045818543,0.008089240,0.1921224,-0.7567852,0.8946988
seq-05/frame-000205,1,0.01356756,0.772184,1509,1118,987,0.90,79.59,103.41,21.84,205.76,0.946058550,-0.321245702,-0.041646120,0.006326173,0.1884978,-0.7617389,0.9028961
seq-05/frame-000206,1,0.00370276,0.557444,1651,1219,1066,0.91,73.44,101.70,14.67,190.73,0.944949420,-0.324796068,-0.039062626,0.007226300,0.1861297,-0.7643458,0.9160268
seq-05/frame-000207,1,0.00584849,0.474667,1660,1242,1089,0.92,84.60,99.62,19.02,204.17,0.944537812,-0.325908969,-0.039890081,0.006359844,0.1881881,-0.7611008,0.9232012
seq-05/frame-000208,1,0.00669790,0.553511,1432,1106,970,1.32,79.61,77.38,8.87,167.18,0.944351163,-0.326440096,-0.040432895,0.001710308,0.1880919,-0.7567915,0.9292065
seq-05/frame-000209,1,0.02465364,1.068442,1311,1003,879,0.86,81.30,75.71,9.52,167.40,0.945955051,-0.321662162,-0.041211670,-0.002023305,0.1962483,-0.7386161,0.9262440
seq-05/frame-000210,1,0.01294728,0.660940,1591,1218,1078,0.93,91.37,90.02,10.66,192.98,0.945187038,-0.324510183,-0.036106899,-0.003300823,0.1892850,-0.7443043,0.9345212
seq-05/frame-000211,1,0.00834938,0.502226,1570,1223,1072,0.90,78.05,97.88,7.72,184.54,0.944120088,-0.327564128,-0.036241374,-0.005056157,0.1909947,-0.7472846,0.9430691
seq-05/frame-000212,1,0.00857703,0.606442,1453,1114,980,0.89,75.78,72.54,19.48,168.70,0.943817871,-0.328507572,-0.035164452,-0.007352744,0.1919767,-0.7418687,0.9496960
seq-05/frame-000213,1,0.00694382,0.593266,1458,1161,1026,0.88,76.40,94.62,16.07,187.97,0.943432296,-0.329784883,-0.033240890,-0.008513324,0.1915464,-0.7383788,0.9578836
seq-05/frame-000214,1,0.00981943,0.672185,1357,1061,940,0.86,66.46,92.96,9.88,170.16,0.943185076,-0.330570325,-0.031735147,-0.010865193,0.1922696,-0.7353660,0.9569900
seq-05/frame-000215,1,0.00780450,0.465570,1443,1130,1001,0.88,66.09,88.77,9.46,165.20,0.941840316,-0.334509725,-0.030321834,-0.010984062,0.1929690,-0.7368831,0.9664673
seq-05/frame-000216,1,0.01540282,0.722151,1286,996,875,0.87,63.49,106.56,21.12,192.05,0.941081040,-0.336410440,-0.031729274,-0.013702023,0.1999555,-0.7344510,0.9664523
seq-05/frame-000217,1,0.00779357,0.498457,1465,1153,1017,3.95,71.40,89.63,12.15,177.13,0.940480986,-0.338342251,-0.028936291,-0.013517699,0.1955355,-0.7290782,0.9766869
seq-05/frame-000218,1,0.00913846,0.582911,1433,1110,982,0.88,86.01,107.99,13.94,208.83,0.940030909,-0.339452914,-0.029290735,-0.015989461,0.1986552,-0.7254461,0.9816663
seq-05/frame-000219,1,0.01120622,0.668311,1248,937,806,0.87,67.41,103.34,13.81,185.43,0.940176234,-0.338997797,-0.027832559,-0.019351763,0.2005886,-0.7189255,0.9829884
seq-05/frame-000220,1,0.01181442,0.612559,1305,1001,875,0.88,99.14,70.93,10.20,181.15,0.940514999,-0.338325876,-0.023787975,-0.020031722,0.1988530,-0.7131932,0.9840528
seq-05/frame-000221,1,0.00599565,0.566636,1365,1040,917,0.87,79.92,92.16,15.09,188.05,0.939346081,-0.341631154,-0.021717290,-0.021105767,0.2002236,-0.7173040,0.9929413
seq-05/frame-000222,1,0.01189729,0.742561,1228,972,863,0.85,118.92,94.70,23.75,238.22,0.937994675,-0.345243222,-0.022517169,-0.021589002,0.2081921,-0.7189188,1.0001903
seq-05/frame-000223,1,0.01242360,0.668093,1193,913,813,1.48,95.56,68.66,20.09,185.78,0.938770686,-0.343304150,-0.019493861,-0.021722099,0.2091949,-0.7080529,0.9957393
seq-05/frame-000224,1,0.01572153,0.863816,1030,822,714,0.84,65.67,71.09,20.53,158.13,0.938857700,-0.343140539,-0.017935744,-0.021888340,0.2150887,-0.7027829,1.0012371
seq-05/frame-000225,1,0.02204074,0.972491,1048,815,705,0.87,89.75,54.45,15.33,160.40,0.940194179,-0.339742857,-0.014104233,-0.020267370,0.2203894,-0.6954277,1.0008720
seq-05/frame-000226,1,0.01330528,0.665858,1215,913,789,0.99,73.75,96.86,7.88,179.49,0.939292505,-0.342413875,-0.010353378,-0.019368413,0.2211274,-0.7011666,1.0072142
seq-05/frame-000227,1,0.01541648,0.754883,1318,1004,867,0.88,80.15,88.79,16.59,186.42,0.939150746,-0.342869162,-0.010454236,-0.018092058,0.2292549,-0.7003256,1.0113532
seq-05/frame-000228,1,0.01664452,0.991622,1026,790,687,1.45,72.64,44.12,11.36,129.56,0.938585464,-0.344305896,-0.009162094,-0.020659910,0.2340246,-0.6982899,1.0149132
seq-05/frame-000229,1,0.02283214,1.173818,932,697,594,0.85,83.27,71.38,19.41,174.91,0.939082456,-0.343001888,-0.007232523,-0.020531327,0.2430819,-0.6919797,1.0183072
seq-05/frame-000230,1,0.02701099,1.306525,917,719,632,0.84,84.03,62.96,20.15,167.99,0.940219530,-0.339856761,-0.003272971,-0.021769346,0.2470851,-0.6869568,1.0148581
seq-05/frame-000231,1,0.01933597,1.006166,922,692,606,1.08,69.63,46.74,21.84,139.29,0.940146904,-0.339965370,0.002052480,-0.023305221,0.2466400,-0.6922092,1.0172563
seq-05/frame-000232,1,0.02360315,1.352675,972,720,628,0.84,72.61,69.71,14.88,158.05,0.940056968,-0.340020975,0.001073034,-0.026028466,0.2615644,-0.6903563,1.0259535
seq-05/frame-000233,1,0.02200780,1.310577,1094,843,735,0.85,94.15,62.76,16.79,174.55,0.938650081,-0.343827573,0.003509781,-0.026576431,0.2671868,-0.6959544,1.0352225
seq-05/frame-000234,1,0.02709727,1.476962,991,751,651,0.85,75.47,64.41,10.38,151.11,0.939119820,-0.342472332,0.003822245,-0.027423655,0.2765274,-0.6896044,1.0355972
seq-05/frame-000235,1,0.02729410,1.550075,941,674,577,6.15,89.33,66.48,12.11,174.06,0.939009909,-0.342508617,0.006364717,-0.030128546,0.2826225,-0.6861711,1.0412023
seq-05/frame-000236,1,0.02316788,1.354074,919,644,552,0.84,82.02,65.58,12.30,160.74,0.940233229,-0.338768662,0.012708584,-0.032183246,0.2833782,-0.6752258,1.0398005
seq-05/frame-000237,1,0.02037484,1.117362,987,729,620,0.85,71.32,54.92,25.42,152.51,0.940557326,-0.337776240,0.018218329,-0.030450302,0.2870010,-0.6772500,1.0346255
seq-05/frame-000238,1,0.02099670,1.252826,963,706,592,0.85,83.52,54.31,16.49,155.17,0.940194914,-0.338434201,0.020108483,-0.033037303,0.2950824,-0.6752330,1.0426779
seq-05/frame-000239,1,0.02760474,1.475549,964,668,562,0.82,107.26,50.48,9.40,167.97,0.940823280,-0.336422872,0.021391367,-0.034837005,0.3073675,-0.6740312,1.0404296
seq-05/frame-000240,1,0.02679236,1.479272,931,665,560,4.60,92.51,49.74,12.49,159.35,0.940818052,-0.335782617,0.025543957,-0.038195997,0.3114637,-0.6775090,1.0386297
seq-05/frame-000241,1,0.02952735,1.390572,1065,743,605,0.85,85.46,45.79,12.06,144.16,0.942128747,-0.331413860,0.030980420,-0.039981130,0.3125995,-0.6658800,1.0392671
seq-05/frame-000242,1,0.03053283,1.374500,1156,789,652,0.86,74.24,59.32,31.73,166.16,0.942337567,-0.330444417,0.033087873,-0.041371359,0.3170398,-0.6624369,1.0413571
seq-05/frame-000243,1,0.03281709,1.570917,1094,720,600,0.85,72.60,78.39,120.23,272.07,0.941901038,-0.331193981,0.032389674,-0.045649653,0.3283176,-0.6646915,1.0435098
seq-05/frame-000244,1,0.02789532,1.294786,1142,768,625,0.85,90.45,63.62,17.99,172.92,0.940997151,-0.332872888,0.036051021,-0.049196817,0.3279090,-0.6657190,1.0464094
seq-05/frame-000245,1,0.04019052,1.757214,876,612,506,0.82,92.93,37.67,9.05,140.47,0.942429635,-0.327770278,0.038407391,-0.054017598,0.3351002,-0.6584346,1.0405144
seq-05/frame-000246,1,0.04361607,1.979647,734,456,365,0.80,58.46,39.16,15.61,114.04,0.944071215,-0.321154656,0.047372421,-0.057836678,0.3312761,-0.6488639,1.0414541
seq-05/frame-000247,1,0.03292934,1.711628,921,549,437,0.84,83.08,47.11,6.98,138.02,0.941641178,-0.326832267,0.048655517,-0.064227730,0.3484050,-0.6649981,1.0569435
seq-05/frame-000248,1,0.03719035,1.727494,1203,768,623,0.88,87.10,81.25,18.61,187.85,0.942607295,-0.323307339,0.051995937,-0.065270771,0.3535520,-0.6573211,1.0554629
seq-05/frame-000249,1,0.03171600,1.588053,1063,686,563,0.86,96.08,58.13,15.33,170.40,0.941699069,-0.325066439,0.053735754,-0.068169950,0.3591897,-0.6617439,1.0602259
seq-05/frame-000250,1,0.03765445,1.725971,1030,647,526,0.85,78.96,82.81,12.70,175.32,0.941355881,-0.324577352,0.056958826,-0.072486829,0.3669229,-0.6611707,1.0532587
seq-05/frame-000251,1,0.03620924,1.691854,965,660,531,0.84,83.06,48.31,18.89,151.10,0.941266084,-0.323819980,0.061072489,-0.073681282,0.3728972,-0.6610745,1.0557004
seq-05/frame-000252,1,0.03675503,1.735184,959,603,475,0.85,88.68,44.20,20.61,154.34,0.941692432,-0.321300824,0.066221147,-0.074805777,0.3773834,-0.6571169,1.0576483
seq-05/frame-000253,1,0.04134890,1.938477,946,618,487,0.86,70.59,59.43,14.06,144.95,0.942325048,-0.318540390,0.068702066,-0.076390771,0.3873372,-0.6558572,1.0543003
seq-05/frame-000254,1,0.03410450,1.738803,1084,653,505,0.87,93.84,64.23,32.82,191.76,0.940532538,-0.322033233,0.072492513,-0.080237009,0.3917497,-0.6608434,1.0623273
seq-05/frame-000255,1,0.04120500,1.870564,1196,717,568,0.89,99.53,73.73,29.68,203.83,0.941470122,-0.318584005,0.075077180,-0.080632856,0.3976506,-0.6532745,1.0570551
seq-05/frame-000256,1,0.04101971,1.994429,1019,591,454,0.87,91.05,76.82,23.59,192.33,0.940875413,-0.320190753,0.074566036,-0.081677686,0.4094170,-0.6609729,1.0610906
seq-05/frame-000257,1,0.03770845,1.886427,1105,743,575,2.74,104.47,60.64,21.40,189.27,0.940759046,-0.319133791,0.079212000,-0.082773785,0.4122406,-0.6582021,1.0635479
seq-05/frame-000258,1,0.03727660,1.801479,1394,949,764,1.19,113.54,72.25,18.10,205.08,0.941205041,-0.317601013,0.080714319,-0.082145393,0.4186403,-0.6592466,1.0638386
seq-05/frame-000259,1,0.04299712,1.900403,1311,808,636,2.45,111.37,193.91,41.26,349.00,0.941831055,-0.315073226,0.081611897,-0.083801106,0.4227963,-0.6530107,1.0637552
seq-05/frame-000260,1,0.04100182,1.851039,1136,685,531,0.89,101.44,52.64,21.85,176.83,0.941818317,-0.313549536,0.084804389,-0.086447446,0.4236778,-0.6524434,1.0586332
seq-05/frame-000261,1,0.03364218,1.662018,1382,915,732,0.90,75.83,66.92,21.59,165.24,0.940596103,-0.316726723,0.085161299,-0.087810628,0.4309558,-0.6627951,1.0638231
seq-05/frame-000262,1,0.04039900,1.785289,1528,1009,803,0.93,100.97,72.85,12.47,187.22,0.942056599,-0.312641648,0.085648769,-0.086306735,0.4368683,-0.6578261,1.0556130
seq-05/frame-000263,1,0.04184420,1.878110,1483,886,709,0.92,99.95,75.07,26.22,202.16,0.941418349,-0.314974252,0.081902553,-0.088400707,0.4477557,-0.6639800,1.0557549
seq-05/frame-000264,1,0.03886920,1.847430,1358,917,754,0.90,90.61,83.41,8.48,183.40,0.941071872,-0.314828500,0.082679367,-0.091819768,0.4491126,-0.6647642,1.0526454
seq-05/frame-000265,1,0.03939437,1.885242,1465,949,786,0.91,104.43,83.34,17.02,205.71,0.940899658,-0.315270082,0.081363521,-0.093234041,0.4575981,-0.6670292,1.0552539
seq-05/frame-000266,1,0.03702387,1.691473,1526,988,796,1.34,84.04,73.10,36.28,194.76,0.941407271,-0.313272304,0.082531857,-0.093815279,0.4586470,-0.6667262,1.0501630
seq-05/frame-000267,1,0.03995350,1.885196,1369,885,697,0.89,87.21,115.73,11.66,215.51,0.942159852,-0.310826687,0.080995375,-0.095714852,0.4656996,-0.6644421,1.0481626
seq-05/frame-000268,1,0.03775800,1.855768,1412,933,753,0.90,98.76,59.66,39.78,199.11,0.942194453,-0.310198249,0.081019308,-0.097378282,0.4708295,-0.6678769,1.0459043
seq-05/frame-000269,1,0.03769332,1.780126,1479,921,739,1.67,95.67,90.77,28.46,216.57,0.942609190,-0.309411688,0.080145560,-0.096586809,0.4771618,-0.6703879,1.0416235
seq-05/frame-000270,1,0.04180474,1.891268,1500,959,756,1.55,112.64,76.94,10.98,202.11,0.943239502,-0.308108144,0.077526593,-0.096738004,0.4842283,-0.6696111,1.0346625
seq-05/frame-000271,1,0.04183998,1.974556,1481,909,715,3.16,106.06,101.79,9.35,220.36,0.943372429,-0.308729638,0.072857995,-0.097088536,0.4934541,-0.6730011,1.0316828
seq-05/frame-000272,1,0.03840365,1.751921,1453,888,699,1.15,121.57,120.69,21.27,264.68,0.943097219,-0.309695461,0.071562850,-0.097647917,0.4947296,-0.6750424,1.0295469
seq-05/frame-000273,1,0.04010532,1.989181,1524,955,754,0.93,107.59,93.36,14.55,216.44,0.943647569,-0.308363844,0.067018262,-0.099747471,0.5023131,-0.6724074,1.0325045
seq-05/frame-000274,1,0.04338487,1.990126,1552,921,717,0.95,94.48,130.26,12.49,238.19,0.944752137,-0.305679956,0.064326501,-0.099324047,0.5083243,-0.6698317,1.0249469
seq-05/frame-000275,1,0.04272037,2.087928,1472,913,733,0.93,231.62,141.01,11.64,385.20,0.944552383,-0.306448193,0.060112264,-0.101473228,0.5151499,-0.6750267,1.0239838
seq-05/frame-000276,1,0.04465900,2.114487,1425,912,723,0.91,83.91,90.08,9.64,184.55,0.945133373,-0.305192380,0.056587441,-0.101874332,0.5213516,-0.6754350,1.0191929
seq-05/frame-000277,1,0.04685707,2.052018,1396,854,678,0.91,73.08,96.00,40.20,210.20,0.946154820,-0.302373877,0.054522259,-0.101923589,0.5250059,-0.6727801,1.0078285
seq-05/frame-000278,1,0.04189004,1.902331,1370,821,645,0.90,80.73,89.37,18.98,189.98,0.945877260,-0.303647169,0.051014780,-0.102528526,0.5281693,-0.6761776,1.0083414
seq-05/frame-000279,1,0.05807831,2.423238,1240,809,631,0.91,62.75,93.42,11.57,168.65,0.947349846,-0.300204795,0.043405590,-0.102573415,0.5423483,-0.6742650,0.9938580
seq-05/frame-000280,1,0.05226054,2.372133,1265,825,639,0.90,61.45,71.79,25.85,159.99,0.947006172,-0.301828227,0.037025191,-0.103480271,0.5485970,-0.6773157,0.9988547
seq-05/frame-000281,1,0.05160106,2.365083,1075,736,568,0.90,77.13,78.50,20.20,176.73,0.947640889,-0.299662409,0.031856247,-0.105661564,0.5505328,-0.6756889,0.9913537
seq-05/frame-000282,1,0.04514388,2.109648,1175,753,594,0.90,141.23,79.17,18.29,239.60,0.946916296,-0.301932994,0.025022476,-0.107516844,0.5540550,-0.6843122,0.9941861
seq-05/frame-000283,1,0.04432573,2.017692,1314,847,664,0.92,96.38,119.64,21.21,238.15,0.947460695,-0.299092112,0.021557348,-0.111343705,0.5552479,-0.6845304,0.9818846
seq-05/frame-000284,1,0.06166418,2.704547,1084,679,534,0.87,63.42,110.22,21.98,196.48,0.949171587,-0.293383548,0.010425269,-0.113537247,0.5745425,-0.6775194,0.9747951
seq-05/frame-000285,1,0.05867396,2.650402,983,615,471,0.89,127.51,57.04,18.01,203.44,0.949645943,-0.291565710,0.002048377,-0.114707560,0.5798705,-0.6831909,0.9661511
seq-05/frame-000286,1,0.05396506,2.428025,1250,790,618,0.89,143.17,85.47,16.37,245.91,0.948846962,-0.292627074,-0.005401125,-0.118446887,0.5833723,-0.6907777,0.9600837
seq-05/frame-000287,1,0.04376533,1.907342,1548,934,764,0.93,141.20,83.09,16.33,241.55,0.948547829,-0.293540081,-0.006242113,-0.118542281,0.5765750,-0.6940209,0.9587031
seq-05/frame-000288,1,0.05717903,2.525620,1247,810,671,0.90,134.85,61.28,12.46,209.49,0.948937567,-0.291093057,-0.017276435,-0.120348868,0.5979011,-0.6943048,0.9613713
seq-05/frame-000289,1,0.04391609,1.956619,1342,840,694,0.89,127.37,78.96,13.41,220.64,0.948202644,-0.291535878,-0.019210198,-0.124697819,0.5922922,-0.7059552,0.9585038
seq-05/frame-000290,1,0.04104356,1.850459,1413,864,680,0.91,141.21,86.04,10.20,238.37,0.948059948,-0.290036706,-0.022789555,-0.128614463,0.5956207,-0.7086598,0.9461697
seq-05/frame-000291,1,0.05313647,2.300520,1037,619,478,0.86,74.32,59.37,17.40,151.95,0.946586385,-0.292292117,-0.034055967,-0.131832183,0.6129891,-0.7091510,0.9537710
seq-05/frame-000292,1,0.04925685,2.094542,1066,650,502,0.85,81.38,52.86,13.77,148.87,0.945981632,-0.293342049,-0.039704705,-0.132260084,0.6120288,-0.7086865,0.9427207
seq-05/frame-000293,1,0.04696669,2.131168,1135,760,619,0.87,71.13,66.04,19.45,157.50,0.945809820,-0.291490778,-0.045397599,-0.135705448,0.6117787,-0.7114210,0.9377057
seq-05/frame-000294,1,0.03892296,1.683941,1469,899,731,0.90,74.55,81.53,25.85,182.83,0.946295972,-0.290083876,-0.047812684,-0.134496188,0.6101114,-0.7218307,0.9297499
seq-05/frame-000295,1,0.04058573,1.771459,1575,995,811,0.94,103.49,163.54,13.56,281.53,0.945722370,-0.290221747,-0.054249888,-0.135784707,0.6205894,-0.7281389,0.9331080
seq-05/frame-000296,1,0.04640068,1.877593,1278,817,640,0.89,82.07,132.30,18.41,233.67,0.945630123,-0.289220507,-0.061596256,-0.135429205,0.6304632,-0.7283877,0.9334016
seq-05/frame-000297,1,0.04477718,1.812813,1251,728,569,0.90,87.25,133.16,17.71,239.03,0.945714204,-0.287612017,-0.066082903,-0.136150734,0.6325007,-0.7317068,0.9211307
seq-05/frame-000298,1,0.04503435,1.666288,1416,880,693,1.76,88.39,124.71,12.39,227.26,0.945334334,-0.288470946,-0.071652573,-0.134139549,0.6355348,-0.7362158,0.9212515
seq-05/frame-000299,1,0.06195203,2.215109,1188,765,600,0.88,79.97,131.31,10.42,222.59,0.943623954,-0.291240082,-0.088142012,-0.130322807,0.6619201,-0.7410342,0.9287079
seq-05/frame-000300,1,0.06723518,2.420648,1080,652,477,1.18,150.25,62.58,21.32,235.33,0.946938790,-0.280844946,-0.087710487,-0.129382820,0.6528699,-0.7271770,0.9110701
seq-05/frame-000301,1,0.05263019,1.936501,1500,931,736,0.91,133.08,79.91,18.15,232.05,0.945883154,-0.283445327,-0.092128793,-0.128359229,0.6587260,-0.7494485,0.9095819
seq-05/frame-000302,1,0.05613470,2.092279,1184,723,586,0.90,123.00,74.53,20.41,218.85,0.944723556,-0.284695097,-0.100707414,-0.127687592,0.6705442,-0.7541353,0.9171170
seq-05/frame-000303,1,0.06169014,2.481674,1049,712,541,0.88,128.87,50.87,9.89,190.51,0.943947044,-0.283287482,-0.111454787,-0.127632329,0.6830429,-0.7624517,0.9142618
seq-05/frame-000304,1,0.05529880,1.860010,1113,704,546,0.87,131.73,52.81,15.05,200.46,0.944394178,-0.282708539,-0.110857715,-0.126119333,0.6707636,-0.7552448,0.9034930
seq-05/frame-000305,1,0.06318728,2.480616,971,615,488,0.87,68.72,49.27,12.34,131.20,0.938818048,-0.291903186,-0.133563046,-0.124796300,0.6987966,-0.7723968,0.9177449
seq-05/frame-000306,1,0.05071751,1.825537,1192,763,611,0.90,64.45,47.23,16.81,129.39,0.939564779,-0.290036666,-0.133681124,-0.123394144,0.6855458,-0.7726739,0.9022755
seq-05/frame-000307,1,0.06100948,2.116459,1365,839,686,0.90,90.01,83.23,14.83,188.97,0.937676708,-0.292024355,-0.142702707,-0.122963838,0.7025285,-0.7791815,0.9094070
seq-05/frame-000308,1,0.06239979,2.292079,1095,720,586,0.89,73.19,55.79,12.49,142.36,0.936038727,-0.293366900,-0.150695722,-0.122711703,0.7083422,-0.7850706,0.9148051
seq-05/frame-000309,1,0.06457016,2.393612,989,637,517,0.86,69.85,45.44,8.93,125.08,0.935269117,-0.290923978,-0.158890719,-0.124051023,0.7150953,-0.7830673,0.9111770
seq-05/frame-000310,1,0.06623156,2.419452,1083,682,548,0.87,73.49,52.36,16.93,143.66,0.933399663,-0.293244612,-0.166520444,-0.122652388,0.7206928,-0.7891365,0.9151294
seq-05/frame-000311,1,0.06330358,2.142176,1332,873,684,0.89,74.92,68.79,11.15,155.76,0.931189587,-0.294454394,-0.176233944,-0.122980326,0.7258338,-0.8032322,0.9179546
seq-05/frame-000312,1,0.05743584,1.933410,1142,754,608,0.87,82.39,51.20,28.73,163.19,0.931192035,-0.293558112,-0.178941081,-0.121182166,0.7286560,-0.8109400,0.9075366
seq-05/frame-000313,1,0.06088870,2.149326,1091,684,540,0.87,60.94,48.46,18.56,128.84,0.930361249,-0.291382027,-0.186807340,-0.120944109,0.7344168,-0.8116346,0.9089965
seq-05/frame-000314,1,0.05723560,1.983467,1286,853,675,0.91,79.46,60.25,26.92,167.54,0.927833236,-0.293433240,-0.192822115,-0.125865217,0.7352291,-0.8226862,0.9135295
seq-05/frame-000315,1,0.05211636,1.203229,1322,876,708,0.92,68.51,56.77,17.52,143.72,0.926285137,-0.294264124,-0.197041211,-0.128760367,0.7355915,-0.8301422,0.9150834
seq-05/frame-000316,1,0.05490660,1.998342,1238,789,620,0.89,80.29,65.58,9.50,156.27,0.923206742,-0.292870857,-0.210719945,-0.132336982,0.7454806,-0.8397199,0.9186328
seq-05/frame-000317,1,0.05706487,1.953795,1539,995,783,0.92,83.50,71.44,9.62,165.48,0.922184245,-0.291136576,-0.215684606,-0.135262201,0.7496558,-0.8397656,0.9195306
seq-05/frame-000318,1,0.05072009,1.727050,1401,921,727,0.92,83.84,58.54,10.25,153.55,0.920352353,-0.293480819,-0.218493456,-0.138134592,0.7513150,-0.8496422,0.9192020
seq-05/frame-000319,1,0.06331863,3.073394,1033,630,492,1.65,68.33,51.28,22.82,144.09,0.915173944,-0.296443026,-0.234856236,-0.139358291,0.7708668,-0.8536843,0.9230312
seq-05/frame-000320,1,0.05264048,1.783696,1425,963,756,0.90,89.62,61.81,8.95,161.28,0.912838030,-0.298149017,-0.239283557,-0.143447808,0.7679257,-0.8606156,0.9245523
seq-05/frame-000321,1,0.04021792,1.249362,1364,861,658,0.89,73.60,67.95,18.57,161.01,0.912128820,-0.300807465,-0.236056686,-0.147692671,0.7683110,-0.8715924,0.9091153
seq-05/frame-000322,1,0.07013360,2.758141,1313,819,639,0.88,65.99,62.56,16.76,146.20,0.908181516,-0.301040192,-0.249268647,-0.149820820,0.7951618,-0.8741302,0.9351226
seq-05/frame-000323,1,0.05027295,1.570160,1337,871,668,0.89,67.90,61.53,22.62,152.94,0.907633197,-0.300314532,-0.249797713,-0.153669335,0.7901011,-0.8775211,0.9238947
seq-05/frame-000324,1,0.05128716,1.608786,1378,828,631,0.89,74.62,61.14,7.63,144.29,0.904706529,-0.304122149,-0.254417632,-0.155844421,0.7971495,-0.8837590,0.9266344
seq-05/frame-000325,1,0.06880004,2.759069,1516,998,764,0.91,87.81,79.04,8.39,176.14,0.901033931,-0.299637748,-0.269296016,-0.160731861,0.8143107,-0.8874439,0.9397610
seq-05/frame-000326,1,0.06024942,1.995132,1626,1108,844,0.93,71.28,88.22,11.54,171.98,0.899893681,-0.299633420,-0.271175600,-0.163935873,0.8200334,-0.8996202,0.9318139
seq-05/frame-000327,1,0.04711668,1.439931,1115,642,510,0.87,71.95,48.70,14.63,136.15,0.899534459,-0.299006924,-0.271922165,-0.165803958,0.8121387,-0.9002276,0.9238809
seq-05/frame-000328,1,0.05434340,1.804127,1245,775,603,0.88,73.15,58.68,13.75,146.46,0.891423978,-0.299495557,-0.292336392,-0.173796250,0.8362520,-0.9185314,0.9240862
seq-05/frame-000329,1,0.06030370,1.965319,1316,858,670,0.92,82.89,59.93,26.48,170.22,0.888382064,-0.299864912,-0.299118814,-0.177161727,0.8441550,-0.9192133,0.9268697
seq-05/frame-000330,1,0.05292184,2.926390,1030,613,446,1.41,77.16,46.46,24.12,149.14,0.883158378,-0.297054650,-0.312725456,-0.184370833,0.8479400,-0.9339331,0.9194876
seq-05/frame-000331,1,0.04439174,1.510770,1144,671,522,0.90,59.49,47.07,12.19,119.64,0.881576200,-0.296268395,-0.317586268,-0.184898361,0.8501325,-0.9412816,0.9095298
seq-05/frame-000332,1,0.04279886,1.379856,1236,775,598,0.89,75.65,66.12,11.70,154.37,0.878869891,-0.297696306,-0.323480090,-0.185270763,0.8568684,-0.9533121,0.9056758
seq-05/frame-000333,1,0.04649418,1.604253,1119,654,489,0.90,68.94,61.62,29.14,160.60,0.873088205,-0.294008007,-0.339422709,-0.189917095,0.8715722,-0.9595809,0.9007410
seq-05/frame-000334,1,0.04692193,1.593113,1388,792,593,0.94,78.43,75.25,13.40,168.03,0.869580003,-0.293820758,-0.346095237,-0.194211399,0.8747988,-0.9672926,0.9004676
seq-05/frame-000335,1,0.04735371,1.605599,1364,868,666,1.28,84.31,80.69,38.11,204.40,0.865534061,-0.292171018,-0.356135918,-0.196606444,0.8901986,-0.9820764,0.8961541
seq-05/frame-000336,1,0.04678008,1.569563,1058,652,522,0.88,76.34,58.25,19.43,154.90,0.862991582,-0.292623695,-0.362220875,-0.195992195,0.9017843,-0.9902060,0.8897966
seq-05/frame-000337,1,0.05590700,1.706844,1539,1049,822,0.94,73.08,94.85,25.69,194.57,0.855476358,-0.292484138,-0.377226798,-0.200781405,0.9174575,-1.0068817,0.8946970
seq-05/frame-000338,1,0.04935032,1.581194,1625,973,759,0.95,98.58,73.55,30.31,203.39,0.855021923,-0.289997664,-0.377778621,-0.205236887,0.9191719,-1.0175883,0.8884118
seq-05/frame-000339,1,0.03760792,1.541315,1058,570,410,0.86,66.57,62.94,15.23,145.60,0.850784352,-0.282765435,-0.392683821,-0.204961245,0.9289007,-1.0291955,0.8688233
seq-05/frame-000340,1,0.03850221,1.408781,1292,791,611,0.89,89.03,82.01,17.59,189.52,0.844721803,-0.274534672,-0.411225483,-0.204864326,0.9451796,-1.0369142,0.8613064
seq-05/frame-000341,1,0.03142969,1.159807,1844,1249,1005,2.83,103.75,102.92,16.73,226.23,0.842370385,-0.273756767,-0.416077943,-0.205787540,0.9470012,-1.0449817,0.8590851
seq-05/frame-000342,1,0.02855745,1.054841,1531,1075,870,0.91,91.76,86.87,24.62,204.16,0.841108710,-0.270186026,-0.418655144,-0.210388970,0.9577919,-1.0436670,0.8384342
seq-05/frame-000343,1,0.03482415,1.166661,1353,900,722,0.91,76.43,67.84,18.66,163.85,0.836706904,-0.270635264,-0.425205231,-0.214192956,0.9650006,-1.0464162,0.8389076
seq-05/frame-000344,1,0.03331115,1.130520,2128,1402,1101,1.01,123.26,109.24,14.33,247.84,0.829497915,-0.271713734,-0.434090163,-0.222868987,0.9756584,-1.0655328,0.8366298
seq-05/frame-000345,1,0.03617513,1.215893,1840,1236,1009,0.97,117.13,98.23,20.06,236.39,0.828115249,-0.265196909,-0.436591509,-0.230832380,0.9898330,-1.0683743,0.8262473
seq-05/frame-000346,1,0.03310280,1.108377,1798,1238,993,0.96,116.01,82.60,13.00,212.59,0.826091985,-0.264115971,-0.438804385,-0.235086149,0.9955704,-1.0749802,0.8206195
seq-05/frame-000347,1,0.02577133,0.955618,1330,923,732,0.91,86.43,75.94,11.14,174.43,0.821718048,-0.262321292,-0.444608754,-0.241433316,1.0081847,-1.0794716,0.8000229
seq-05/frame-000348,1,0.03430544,0.957531,1475,1121,939,0.94,112.79,73.47,10.05,197.25,0.818566745,-0.263863431,-0.450161633,-0.240164692,1.0190967,-1.0780751,0.7992129
seq-05/frame-000349,1,0.03173207,0.947613,1426,1044,874,0.88,171.50,74.38,13.25,260.02,0.813074166,-0.266940661,-0.455016806,-0.246196650,1.0343868,-1.0878406,0.7908881
seq-05/frame-000350,1,0.03422949,1.067414,1598,1071,871,0.91,85.34,84.02,8.16,178.43,0.805067889,-0.268890278,-0.463396031,-0.254613099,1.0479354,-1.0962781,0.7883533
seq-05/frame-000351,1,0.02802138,0.841364,1780,1162,960,0.94,96.10,93.30,18.87,209.21,0.799843308,-0.268734949,-0.468553017,-0.261706478,1.0548466,-1.1078761,0.7798058
seq-05/frame-000352,1,0.03094085,0.999680,1593,1147,951,0.90,93.08,77.40,9.60,180.98,0.797627345,-0.268230989,-0.470161736,-0.266065212,1.0658475,-1.1098397,0.7748865
seq-05/frame-000353,1,0.03324898,1.094906,1540,1063,888,2.35,87.47,85.73,9.16,184.72,0.791559648,-0.265143327,-0.476736590,-0.275417073,1.0734041,-1.1160924,0.7630928
seq-05/frame-000354,1,0.02922567,1.094415,1684,1141,938,0.92,111.86,87.94,9.38,210.10,0.784740318,-0.263242305,-0.482957257,-0.285724361,1.0885354,-1.1299232,0.7607983
seq-05/frame-000355,1,0.02685858,1.097454,1739,1170,966,0.94,81.60,93.97,11.34,187.85,0.782342279,-0.262468507,-0.483821045,-0.291492774,1.0929746,-1.1368532,0.7572301
seq-05/frame-000356,1,0.03192455,1.298265,1413,989,804,1.68,75.57,83.69,14.98,175.92,0.780890343,-0.258206433,-0.484479403,-0.298025868,1.0983170,-1.1324363,0.7383952
seq-05/frame-000357,1,0.02873311,1.388258,1321,891,717,0.89,91.66,72.10,8.39,173.03,0.771986650,-0.257177900,-0.497028546,-0.301427876,1.1163394,-1.1446542,0.7414023
seq-05/frame-000358,1,0.03610899,1.649026,1302,978,800,0.90,68.17,72.70,11.97,153.74,0.766663011,-0.251916267,-0.505709029,-0.304999016,1.1304903,-1.1453022,0.7303756
seq-05/frame-000359,1,0.03572417,1.718649,1207,862,690,0.87,96.42,65.97,7.45,170.71,0.760268145,-0.248698000,-0.516024940,-0.306365653,1.1414204,-1.1526397,0.7294799
seq-05/frame-000360,1,0.03530161,1.891270,1188,850,701,1.70,77.75,54.95,9.76,144.16,0.757346120,-0.247175582,-0.521362832,-0.305797126,1.1489675,-1.1573265,0.7267655
seq-05/frame-000361,1,0.02962941,1.830090,1066,780,625,0.88,72.07,57.13,12.29,142.36,0.750994781,-0.247905587,-0.531254856,-0.303838670,1.1635004,-1.1684705,0.7188721
seq-05/frame-000362,1,0.03079723,1.906690,1404,1093,892,2.29,78.47,81.81,10.18,172.74,0.741848617,-0.246211215,-0.544697551,-0.303883605,1.1789211,-1.1718431,0.7229475
seq-05/frame-000363,1,0.02636969,1.809239,1571,1085,885,1.18,83.25,82.43,9.95,176.81,0.737084441,-0.247394944,-0.549974819,-0.305008142,1.1870910,-1.1849057,0.7256355
seq-05/frame-000364,1,0.04039041,2.110418,1256,925,766,0.90,67.21,56.52,14.13,138.76,0.732719118,-0.239802686,-0.559388043,-0.304470662,1.2016866,-1.1813559,0.7215827
seq-05/frame-000365,1,0.03661878,2.057837,1461,1025,851,1.11,81.05,82.57,14.47,179.20,0.727861880,-0.239214149,-0.566288055,-0.303828097,1.2113774,-1.1880354,0.7228741
seq-05/frame-000366,1,0.03088717,1.856072,1683,1123,924,1.06,73.15,75.47,11.05,160.74,0.721560384,-0.240706740,-0.574728771,-0.301823983,1.2215310,-1.1977656,0.7334148
seq-05/frame-000367,1,0.02711695,1.627417,1627,1121,911,0.93,93.43,81.88,13.85,190.10,0.718785393,-0.239338281,-0.579889478,-0.299654699,1.2373488,-1.2058270,0.7465962
seq-05/frame-000368,1,0.03191513,1.676766,1893,1288,1046,0.99,88.02,98.14,10.21,197.37,0.718170411,-0.235625610,-0.583302549,-0.297439018,1.2497663,-1.2050020,0.7521972
seq-05/frame-000369,1,0.04799806,2.185137,1320,882,699,2.16,98.23,60.81,10.37,171.57,0.717015329,-0.230053576,-0.587834169,-0.295660887,1.2533225,-1.1963440,0.7464445
seq-05/frame-000370,1,0.03496327,1.430992,1594,1072,859,0.90,86.93,85.51,15.31,188.67,0.710927384,-0.228402901,-0.596830333,-0.293611858,1.2733974,-1.2145820,0.7738239
seq-05/frame-000371,1,0.03448782,1.325973,1644,1055,862,0.93,111.10,86.89,10.32,209.26,0.710916054,-0.224486553,-0.598142796,-0.293988687,1.2796689,-1.2206264,0.7802479
seq-05/frame-000372,1,0.03931694,1.532963,1869,1247,1014,0.99,89.63,91.69,13.55,195.87,0.712650364,-0.217911009,-0.599357870,-0.292257411,1.2914709,-1.2115476,0.7800577
seq-05/frame-000373,1,0.05137336,1.697114,1809,1183,942,0.99,88.60,91.93,17.37,198.89,0.711089095,-0.212707993,-0.603787046,-0.290772783,1.3045498,-1.2042009,0.7823169
seq-05/frame-000374,1,0.04833372,1.751451,1558,1062,855,0.92,81.96,82.34,13.42,178.63,0.708465425,-0.203199515,-0.609035463,-0.293023042,1.3164350,-1.2026154,0.7912939
seq-05/frame-000375,1,0.03671888,1.392223,1907,1272,1054,1.41,93.67,86.03,15.27,196.38,0.705412658,-0.199075147,-0.613998137,-0.292862348,1.3350897,-1.2088362,0.8066696
seq-05/frame-000376,1,0.03849260,1.463067,1500,1085,907,0.89,93.16,71.93,14.06,180.04,0.707312182,-0.194675071,-0.614957988,-0.289201947,1.3492627,-1.2015918,0.8161720
seq-05/frame-000377,1,0.03711345,1.414205,1408,948,787,0.90,72.38,70.31,16.32,159.91,0.712995505,-0.187033350,-0.613313502,-0.283729597,1.3642601,-1.2044292,0.8219600
seq-05/frame-000378,1,0.04979830,1.626521,1363,929,740,0.86,72.45,72.12,20.10,165.53,0.720535957,-0.180774843,-0.610094197,-0.275560267,1.3752165,-1.1920306,0.8199230
seq-05/frame-000379,1,0.05657662,1.680654,1871,1365,1132,0.98,94.97,95.73,16.34,208.02,0.724881790,-0.166423757,-0.613234209,-0.266070156,1.3987437,-1.1766985,0.8261732
seq-05/frame-000380,1,0.04162161,1.412112,1268,805,641,0.85,81.04,46.07,19.53,147.50,0.728024297,-0.163640378,-0.613141301,-0.259345706,1.4143140,-1.1780658,0.8445473
seq-05/frame-000381,1,0.03624275,1.319933,1327,948,809,0.89,70.77,67.70,13.77,153.13,0.736551647,-0.156791681,-0.606931724,-0.254051024,1.4307535,-1.1693400,0.8492339
seq-05/frame-000382,1,0.04520968,1.399229,1430,1010,864,0.87,90.75,74.61,9.55,175.79,0.745263992,-0.154002168,-0.600737411,-0.244907079,1.4328661,-1.1624212,0.8497895
seq-05/frame-000383,1,0.04733273,1.451226,1770,1281,1072,0.94,77.47,92.43,23.46,194.35,0.753486962,-0.152554179,-0.594096646,-0.236714588,1.4422280,-1.1522374,0.8462467
seq-05/frame-000384,1,0.04488195,1.457575,2055,1433,1196,1.00,82.29,88.03,12.23,183.55,0.757315545,-0.150728531,-0.590635591,-0.234315332,1.4539195,-1.1444064,0.8435631
seq-05/frame-000385,1,0.03973569,1.337963,2129,1582,1346,0.99,104.81,152.95,19.00,277.75,0.759102964,-0.151784550,-0.588498824,-0.233223658,1.4583724,-1.1367178,0.8484339
seq-05/frame-000386,1,0.02829582,1.052140,1401,1025,864,0.91,86.16,76.25,19.94,183.26,0.765318255,-0.153634306,-0.581365201,-0.229562566,1.4627770,-1.1287790,0.8585315
seq-05/frame-000387,1,0.03808909,1.185256,1928,1464,1240,0.93,108.82,102.72,37.09,249.56,0.774012414,-0.154783979,-0.571817313,-0.223543425,1.4595470,-1.1233665,0.8461038
seq-05/frame-000388,1,0.03186333,1.037142,1518,1149,972,0.89,95.92,86.40,9.84,193.05,0.778794609,-0.151129502,-0.567855045,-0.219498241,1.4625596,-1.1140425,0.8504914
seq-05/frame-000389,1,0.03594942,1.137500,1480,1157,989,0.86,87.48,77.74,21.15,187.23,0.787880723,-0.143780354,-0.559643306,-0.213003631,1.4650105,-1.1004262,0.8382587
seq-05/frame-000390,1,0.03638243,1.005133,1312,974,835,0.86,72.48,85.35,18.26,176.95,0.797900114,-0.138287691,-0.550664164,-0.202486792,1.4686005,-1.0858640,0.8313477
seq-05/frame-000391,1,0.03792387,1.459058,1892,1562,1369,0.95,96.27,151.93,36.26,285.41,0.811535853,-0.129936181,-0.536176600,-0.192459869,1.4788328,-1.0701261,0.8026128
seq-05/frame-000392,1,0.02574854,0.495799,1195,884,736,0.83,85.39,100.59,52.54,239.36,0.820090995,-0.130405602,-0.526644840,-0.181907536,1.4805544,-1.0639564,0.8021676
seq-05/frame-000393,1,0.01974102,0.706643,2017,1684,1437,0.96,100.79,161.86,14.26,277.86,0.829825226,-0.127634232,-0.514729442,-0.173646765,1.4872917,-1.0562817,0.7873179
seq-05/frame-000394,1,0.02549242,0.939988,2277,1863,1615,0.99,109.18,167.92,22.47,300.56,0.834984648,-0.123224272,-0.509333053,-0.167917413,1.4878315,-1.0325174,0.7654027
seq-05/frame-000395,1,0.01564382,0.716037,1973,1617,1394,0.93,158.55,121.14,17.59,298.21,0.836654184,-0.127204166,-0.506552442,-0.165025754,1.5000635,-1.0304101,0.7676431
seq-05/frame-000396,1,0.01873279,0.776661,1748,1423,1263,3.84,141.42,102.47,24.76,272.49,0.842232746,-0.127103725,-0.497896317,-0.163057970,1.4866263,-1.0109990,0.7443433
seq-05/frame-000397,1,0.02021240,0.696258,1754,1446,1260,9.26,134.10,117.59,22.49,283.45,0.849910560,-0.126877423,-0.486791866,-0.156805095,1.4829584,-0.9981576,0.7319032
seq-05/frame-000398,1,0.01340049,0.527160,2188,1859,1651,0.98,156.73,130.74,21.93,310.37,0.853481658,-0.133265536,-0.480502479,-0.151415734,1.4858083,-0.9867239,0.7158846
seq-05/frame-000399,1,0.02014378,0.610395,1436,1240,1102,0.91,117.13,87.93,11.66,217.63,0.858616277,-0.127492740,-0.472481955,-0.152592572,1.4705387,-0.9705722,0.6987510
seq-05/frame-000400,1,0.02219282,0.682937,2119,1829,1613,0.98,111.41,145.38,11.28,269.06,0.864085162,-0.129045623,-0.463931050,-0.146533413,1.4765247,-0.9676876,0.6932251
seq-05/frame-000401,1,0.02060302,0.694888,2162,1880,1690,0.97,82.39,136.50,16.39,236.26,0.867214125,-0.128763636,-0.458493794,-0.145406424,1.4732898,-0.9539305,0.6773840
seq-05/frame-000402,1,0.01891068,0.668669,2091,1845,1674,1.00,103.73,119.81,24.38,248.92,0.869769121,-0.130544607,-0.453267391,-0.144942930,1.4650353,-0.9460844,0.6650959
seq-05/frame-000403,1,0.02114357,0.694163,2056,1768,1608,0.98,111.64,123.94,17.58,254.14,0.871632346,-0.135821461,-0.449475499,-0.140646223,1.4635268,-0.9404642,0.6568043
seq-05/frame-000404,1,0.02146164,0.601434,2188,1906,1705,1.01,97.09,127.69,13.84,239.64,0.873076440,-0.139396037,-0.446450161,-0.137798869,1.4574098,-0.9328139,0.6498992
seq-05/frame-000405,1,0.02262275,0.575468,1530,1353,1243,0.90,82.21,99.64,10.70,193.46,0.877634328,-0.136998757,-0.439206351,-0.134488319,1.4424141,-0.9259552,0.6402285
seq-05/frame-000406,1,0.03019716,0.743360,1719,1446,1322,0.98,120.69,91.18,10.33,223.18,0.884276241,-0.136448872,-0.427972447,-0.127580637,1.4421406,-0.9169194,0.6339256
seq-05/frame-000407,1,0.02170204,0.746789,2044,1723,1594,0.98,112.52,99.72,9.96,223.19,0.887851249,-0.134857047,-0.422339264,-0.123139283,1.4334712,-0.9140492,0.6163220
seq-05/frame-000408,1,0.02523612,0.820588,1775,1492,1393,0.93,88.40,82.91,12.28,184.51,0.886100045,-0.141088011,-0.425123413,-0.119125841,1.4287312,-0.9038996,0.6139513
seq-05/frame-000409,1,0.02995069,0.822039,1662,1390,1280,0.95,89.78,98.95,11.85,201.53,0.888539903,-0.141639815,-0.420089695,-0.118150969,1.4102238,-0.8990356,0.6114940
seq-05/frame-000410,1,0.03032577,0.899363,1995,1671,1526,0.98,89.21,97.44,10.01,197.65,0.892168354,-0.142271360,-0.414018239,-0.111280662,1.4017389,-0.8909243,0.5999683
seq-05/frame-000411,1,0.02673848,0.772096,1685,1390,1291,0.92,70.10,86.38,18.89,176.29,0.893148190,-0.145711189,-0.411430962,-0.108531674,1.3854710,-0.8874391,0.5877155
seq-05/frame-000412,1,0.02776106,0.908153,1456,1196,1091,0.89,71.20,78.98,14.19,165.27,0.891695000,-0.149426504,-0.414476659,-0.103734498,1.3796027,-0.8766572,0.5850927
seq-05/frame-000413,1,0.03093736,0.866388,1496,1214,1091,1.23,74.13,69.04,13.26,157.66,0.891944769,-0.155026202,-0.412727669,-0.100285976,1.3520014,-0.8720775,0.5897992
seq-05/frame-000414,1,0.02923298,0.836836,1735,1503,1373,0.93,103.61,116.12,20.09,240.76,0.898232476,-0.156374019,-0.400136294,-0.092825272,1.3370339,-0.8632197,0.5755514
seq-05/frame-000415,1,0.02649519,0.801845,1600,1382,1266,0.91,85.26,95.75,25.58,207.49,0.901531616,-0.158461291,-0.393285214,-0.086356852,1.3191799,-0.8504407,0.5647085
seq-05/frame-000416,1,0.01234351,0.642685,1276,1055,961,0.90,92.23,56.31,14.79,164.23,0.900636653,-0.166230167,-0.392225561,-0.085908439,1.2870209,-0.8458542,0.5531687
seq-05/frame-000417,1,0.01531094,0.699631,1420,1249,1144,0.93,63.43,74.28,13.02,151.66,0.899158006,-0.167110255,-0.395736774,-0.083555064,1.2827736,-0.8416601,0.5547683
seq-05/frame-000418,1,0.02088422,0.696442,1845,1622,1481,0.97,123.91,115.41,31.17,271.47,0.898224971,-0.171916258,-0.396699122,-0.079161277,1.2641974,-0.8458155,0.5559360
seq-05/frame-000419,1,0.01793757,0.619916,1827,1574,1459,3.75,102.11,130.52,13.80,250.19,0.900099766,-0.171937096,-0.393563897,-0.073249611,1.2493377,-0.8430681,0.5475538
seq-05/frame-000420,1,0.03294516,0.913988,1377,1188,1089,0.91,91.82,83.93,28.23,204.89,0.901935529,-0.170757157,-0.390786128,-0.068121192,1.2450383,-0.8408934,0.5521755
seq-05/frame-000421,1,0.02579839,0.748609,1648,1425,1322,1.05,99.29,122.48,29.70,252.51,0.905608162,-0.169297833,-0.383382207,-0.065039861,1.2315378,-0.8381010,0.5401839
seq-05/frame-000422,1,0.02136618,0.665258,1971,1695,1558,2.49,127.90,146.39,19.09,295.88,0.908210657,-0.167093751,-0.378990920,-0.059991369,1.2169937,-0.8337413,0.5299640
seq-05/frame-000423,1,0.02375351,0.660220,1656,1435,1326,1.82,115.88,139.70,16.15,273.55,0.911161506,-0.165610471,-0.372940452,-0.057212768,1.2015875,-0.8326784,0.5229727
seq-05/frame-000424,1,0.02352948,0.622667,1651,1440,1335,1.67,121.08,115.17,26.26,264.19,0.913565600,-0.162239512,-0.368785099,-0.055441731,1.1938029,-0.8286839,0.5169807
seq-05/frame-000425,1,0.01941302,0.659633,2003,1753,1624,1.15,152.10,127.78,16.38,297.42,0.916681385,-0.160974445,-0.361721069,-0.054224858,1.1850721,-0.8229994,0.4960175
seq-05/frame-000426,1,0.01962486,0.625755,2020,1802,1663,1.16,151.96,135.70,18.39,307.22,0.918179266,-0.160972918,-0.357670018,-0.055737910,1.1716734,-0.8144861,0.4817120
seq-05/frame-000427,1,0.01692519,0.539321,2029,1813,1643,1.03,138.82,110.61,21.98,272.44,0.919108844,-0.161223248,-0.355125562,-0.055962778,1.1622403,-0.8113938,0.4746075
seq-05/frame-000428,1,0.01800757,0.607371,2012,1809,1660,8.94,140.95,125.44,17.82,293.16,0.921982937,-0.159807596,-0.348357262,-0.055283039,1.1488355,-0.8077228,0.4574381
seq-05/frame-000429,1,0.01575903,0.507291,1847,1708,1567,1.00,124.66,112.06,20.67,258.39,0.924758169,-0.159007392,-0.342073262,-0.050247993,1.1352010,-0.7980407,0.4378239
seq-05/frame-000430,1,0.01422357,0.487256,1979,1773,1619,1.04,120.09,118.61,24.46,264.20,0.926241925,-0.156499259,-0.339536221,-0.047948241,1.1299164,-0.7938961,0.4237841
seq-05/frame-000431,1,0.01112622,0.383624,1962,1746,1597,1.04,122.18,106.62,11.29,241.14,0.928841772,-0.153492692,-0.334181207,-0.044898517,1.1178926,-0.7839887,0.3972840
seq-05/frame-000432,1,0.00826840,0.337970,1805,1594,1463,1.00,85.48,93.93,22.85,203.26,0.932343760,-0.153525185,-0.324840416,-0.040544236,1.1083353,-0.7800376,0.3718377
seq-05/frame-000433,1,0.00723549,0.455960,1845,1611,1489,1.00,98.33,123.53,19.17,242.03,0.934390028,-0.154678503,-0.318704569,-0.037646179,1.0989113,-0.7779611,0.3530499
seq-05/frame-000434,1,0.01016292,0.446716,1966,1699,1532,1.03,103.35,118.60,18.23,241.21,0.936990083,-0.155616739,-0.311025244,-0.033110613,1.0898183,-0.7731468,0.3289237
seq-05/frame-000435,1,0.00512276,0.319158,1936,1659,1525,1.02,87.34,115.35,20.40,224.12,0.939193957,-0.154979592,-0.304828367,-0.031236253,1.0790130,-0.7708241,0.3117036
seq-05/frame-000436,1,0.00657975,0.356454,1754,1515,1387,1.00,99.30,93.78,13.96,208.05,0.941995191,-0.155370466,-0.296270445,-0.026998174,1.0685813,-0.7651729,0.2829433
seq-05/frame-000437,1,0.01955075,0.896726,1760,1507,1392,0.98,108.42,111.52,12.24,233.17,0.942823458,-0.156338618,-0.293315397,-0.024662566,1.0672913,-0.7635950,0.2702659
seq-05/frame-000438,1,0.01189578,0.427897,1459,1240,1139,0.89,109.16,75.17,13.39,198.61,0.945312605,-0.157866143,-0.284526870,-0.022512689,1.0549309,-0.7504813,0.2412078
seq-05/frame-000439,1,0.01301173,0.389673,1788,1505,1367,1.60,95.29,86.03,18.59,201.52,0.947221179,-0.159416813,-0.277302454,-0.021486407,1.0432920,-0.7477307,0.2194078
seq-05/frame-000440,1,0.01107665,0.388832,1834,1544,1405,0.99,120.13,99.75,11.73,232.60,0.948799839,-0.158640591,-0.272213874,-0.022619350,1.0370873,-0.7483397,0.2021072
seq-05/frame-000441,1,0.01204150,0.407493,1746,1430,1288,1.88,113.90,90.15,17.12,223.05,0.950744997,-0.155335981,-0.267178313,-0.023883732,1.0256807,-0.7385704,0.1760258
seq-05/frame-000442,1,0.01304533,0.443122,1783,1467,1328,2.47,115.70,102.25,10.79,231.21,0.950640806,-0.156684745,-0.266757056,-0.023929536,1.0266566,-0.7412172,0.1650212
seq-05/frame-000443,1,0.01208296,0.455638,1825,1564,1406,1.01,100.10,96.83,13.40,211.34,0.951894273,-0.155256808,-0.263188506,-0.022900390,1.0168681,-0.7381741,0.1436135
seq-05/frame-000444,1,0.01305795,0.363379,1452,1204,1084,0.94,83.57,72.68,17.40,174.60,0.953426152,-0.154270175,-0.258154909,-0.023137184,0.9990590,-0.7228484,0.1196853
seq-05/frame-000445,1,0.01517463,0.522947,1309,1081,974,0.91,87.22,77.81,12.58,178.52,0.952637715,-0.153985588,-0.260835265,-0.027106949,0.9983547,-0.7204809,0.1095126
seq-05/frame-000446,1,0.00898018,0.326124,1990,1626,1446,1.05,91.23,94.51,20.17,206.96,0.952122941,-0.158618485,-0.259824734,-0.028163603,0.9848746,-0.7275685,0.0940845
seq-05/frame-000447,1,0.00653262,0.305780,1856,1449,1297,1.32,84.07,83.98,12.37,181.74,0.953392794,-0.157067379,-0.256161477,-0.027446635,0.9708840,-0.7207979,0.0751812
seq-05/frame-000448,1,0.00657461,0.273752,1949,1584,1401,1.05,118.01,97.45,20.00,236.51,0.953483530,-0.158510319,-0.255083636,-0.025999533,0.9657553,-0.7229463,0.0667799
seq-05/frame-000449,1,0.00371666,0.297580,1848,1395,1241,1.02,101.57,80.86,23.42,206.87,0.955203896,-0.156268813,-0.250058312,-0.025227276,0.9471685,-0.7183946,0.0485284
seq-05/frame-000450,1,0.00701284,0.343954,1349,1129,1010,0.94,71.73,78.28,11.67,162.62,0.955401181,-0.153597250,-0.250893424,-0.025864235,0.9390067,-0.7088772,0.0404357
seq-05/frame-000451,1,0.00717287,0.346393,1843,1540,1369,1.00,96.14,96.70,22.16,216.00,0.954632137,-0.153044042,-0.253900317,-0.028100425,0.9248851,-0.7130127,0.0209878
seq-05/frame-000452,1,0.01361717,0.471672,1726,1423,1285,0.95,103.89,94.60,19.08,218.53,0.955843670,-0.149691801,-0.251486547,-0.026641320,0.9072687,-0.7116870,0.0035376
seq-05/frame-000453,1,0.02701753,0.361938,1245,1038,920,0.93,96.45,58.72,8.43,164.54,0.955598321,-0.146813133,-0.254129414,-0.026381687,0.8933316,-0.7056647,-0.0173293
seq-05/frame-000454,1,0.01821753,0.547314,1306,1050,934,0.92,72.36,92.73,14.00,180.02,0.954867536,-0.146329739,-0.257043613,-0.027279612,0.8862291,-0.7075514,-0.0254494
seq-05/frame-000455,1,0.01193510,0.410786,2043,1552,1353,1.03,96.53,115.85,16.21,229.63,0.954389794,-0.147896981,-0.257928005,-0.027198314,0.8774950,-0.7113365,-0.0410180
seq-05/frame-000456,1,0.00504135,0.208498,1868,1496,1334,0.98,76.93,94.46,14.66,187.02,0.955224841,-0.146763634,-0.255365883,-0.028181627,0.8759844,-0.7110783,-0.0476524
seq-05/frame-000457,1,0.01194175,0.326189,1886,1439,1291,0.97,106.90,85.81,19.80,213.49,0.956939453,-0.147180016,-0.248033042,-0.032932299,0.8576337,-0.7131484,-0.0712912
seq-05/frame-000458,1,0.01174013,0.318012,1807,1464,1313,0.98,103.47,100.72,12.45,217.63,0.957172871,-0.149888733,-0.245174158,-0.035257556,0.8402704,-0.7180466,-0.0872490
seq-05/frame-000459,1,0.01401900,0.263662,1370,1135,1027,0.90,87.10,66.97,8.60,163.57,0.957239343,-0.150925756,-0.244139035,-0.036199285,0.8325799,-0.7144503,-0.0965914
seq-05/frame-000460,1,0.01324598,0.407703,1892,1536,1367,1.00,84.64,106.70,10.00,202.33,0.956250701,-0.157946042,-0.243412901,-0.037253244,0.8137386,-0.7204703,-0.1061632
seq-05/frame-000461,1,0.00466037,0.364467,1906,1543,1361,0.98,120.35,101.88,13.39,236.61,0.956575938,-0.158380902,-0.241772832,-0.037734102,0.8079055,-0.7192764,-0.1100721
seq-05/frame-000462,1,0.00488185,0.199994,1699,1402,1246,4.40,77.75,83.63,11.84,177.62,0.958498683,-0.159281242,-0.233735992,-0.035738593,0.8014846,-0.7256037,-0.1202987
seq-05/frame-000463,1,0.01128929,0.398675,1932,1567,1407,1.03,104.41,86.32,14.82,206.58,0.960417208,-0.160136269,-0.224987876,-0.036546111,0.7831183,-0.7320512,-0.1377245
seq-05/frame-000464,1,0.00973105,0.223556,1635,1381,1237,0.94,91.66,83.64,14.71,190.96,0.960528626,-0.159012394,-0.225057983,-0.038062066,0.7792878,-0.7267650,-0.1437814
seq-05/frame-000465,1,0.00960743,0.103840,1591,1303,1185,0.95,73.08,77.62,17.23,168.88,0.958989133,-0.163969112,-0.225716093,-0.050062151,0.7729290,-0.7307524,-0.1549506
seq-05/frame-000466,1,0.00736545,0.585723,1675,1418,1287,0.95,96.50,88.68,11.43,197.56,0.959095796,-0.162583266,-0.224272345,-0.058342535,0.7621596,-0.7339358,-0.1604276
seq-05/frame-000467,1,0.00306375,0.315497,1480,1274,1138,0.92,79.49,79.53,8.09,168.03,0.960241161,-0.161269429,-0.219587175,-0.060914332,0.7563341,-0.7422717,-0.1699138
seq-05/frame-000468,1,0.00634556,0.312763,1882,1548,1377,1.00,78.48,103.56,11.13,194.18,0.962259779,-0.155238608,-0.215519346,-0.059232628,0.7509722,-0.7347573,-0.1848823
seq-05/frame-000469,1,0.00582028,0.203845,1711,1431,1278,0.98,96.26,91.43,16.75,205.43,0.962638574,-0.157145339,-0.212907021,-0.057471019,0.7534382,-0.7398843,-0.1914854
seq-05/frame-000470,1,0.00724106,0.346535,1891,1516,1355,0.98,88.22,104.03,17.84,211.07,0.963771047,-0.157737161,-0.208921695,-0.051147652,0.7466340,-0.7399981,-0.2074960
seq-05/frame-000471,1,0.00645250,0.278774,1796,1482,1331,0.96,84.92,103.54,14.55,203.97,0.963944104,-0.159525323,-0.207607819,-0.047564994,0.7460805,-0.7376230,-0.2131292
seq-05/frame-000472,1,0.00963679,0.262557,1521,1236,1106,0.90,94.19,88.43,12.56,196.10,0.964148113,-0.161687826,-0.205930428,-0.043221786,0.7418045,-0.7363387,-0.2302023
seq-05/frame-000473,1,0.01235338,0.186080,1194,958,832,0.86,79.08,61.75,15.64,157.33,0.962960744,-0.168824144,-0.206579532,-0.039114063,0.7341025,-0.7326890,-0.2468897
seq-05/frame-000474,1,0.01147152,0.177431,1187,918,820,0.85,78.76,51.70,16.65,147.95,0.961647927,-0.172032596,-0.209899175,-0.039754089,0.7331358,-0.7288533,-0.2526726
seq-05/frame-000475,1,0.01268539,0.302857,1337,1057,934,0.88,76.13,75.01,22.64,174.67,0.959874846,-0.180830334,-0.210815516,-0.038697400,0.7305674,-0.7339982,-0.2668771
seq-05/frame-000476,1,0.01652766,0.301045,1131,858,727,1.96,70.46,81.67,22.98,177.06,0.959371101,-0.184245185,-0.210444628,-0.037065628,0.7259105,-0.7259044,-0.2798156
seq-05/frame-000477,1,0.01009704,0.348895,1263,1031,915,0.87,92.40,65.84,9.05,168.16,0.956521466,-0.194492425,-0.214635176,-0.034221670,0.7194749,-0.7269886,-0.2870441
seq-05/frame-000478,1,0.00703858,0.251241,1584,1266,1149,0.92,81.04,82.22,9.88,174.07,0.955615786,-0.198096730,-0.215586157,-0.032844551,0.7209123,-0.7264230,-0.2910154
seq-05/frame-000479,1,0.00928792,0.484311,1688,1359,1220,0.94,81.48,89.49,9.77,181.67,0.955619654,-0.202637431,-0.212246569,-0.026087199,0.7127256,-0.7285027,-0.3049866
seq-05/frame-000480,1,0.00770558,0.332106,1373,1164,1028,0.90,78.81,70.55,7.90,158.15,0.956127846,-0.200605481,-0.212504076,-0.020469522,0.7156389,-0.7247349,-0.3054579
seq-05/frame-000481,1,0.00749544,0.336492,1431,1174,1048,1.38,96.58,69.57,13.12,180.65,0.958498860,-0.200328689,-0.202245260,-0.015659080,0.7142378,-0.7211965,-0.3250551
seq-05/frame-000482,1,0.00550054,0.247366,1734,1366,1193,0.93,78.30,85.30,9.22,173.75,0.959464646,-0.199515642,-0.198682789,-0.012093405,0.7128589,-0.7226426,-0.3334053
seq-05/frame-000483,1,0.00889366,0.283126,1652,1352,1166,0.94,91.08,99.84,21.03,212.89,0.960244771,-0.199183347,-0.195294625,-0.010769591,0.7071695,-0.7149838,-0.3481457
seq-05/frame-000484,1,0.01100408,0.258148,1339,1062,939,0.88,78.67,84.64,11.53,175.73,0.961141040,-0.197616095,-0.192566952,-0.008587675,0.7094131,-0.7181400,-0.3531456
seq-05/frame-000485,1,0.01609316,0.188626,1248,1022,892,0.89,70.95,57.33,9.67,138.84,0.964102817,-0.190125344,-0.185299808,-0.004700249,0.7131305,-0.7121476,-0.3732931
seq-05/frame-000486,1,0.02051547,0.362763,1070,819,676,0.85,60.38,66.59,8.07,135.89,0.965706667,-0.186690080,-0.180351297,-0.005554920,0.7156559,-0.7100973,-0.3808855
seq-05/frame-000487,1,0.02827018,0.377541,1073,804,696,0.86,78.71,66.47,10.64,156.68,0.970002898,-0.177480133,-0.166077869,-0.003649879,0.7186627,-0.7101370,-0.3985519
seq-05/frame-000488,1,0.02343791,0.372548,1453,1156,1018,0.90,79.06,81.34,14.33,175.64,0.971597821,-0.173822907,-0.160504323,-0.004651119,0.7097420,-0.7063890,-0.4082910
seq-05/frame-000489,1,0.03220166,0.549679,1358,1004,873,0.89,81.60,71.41,14.39,168.30,0.972947985,-0.168795559,-0.157554311,-0.007544272,0.7140870,-0.7001797,-0.4158007
seq-05/frame-000490,1,0.02511116,0.319232,1463,1121,944,0.90,82.93,81.62,14.20,179.65,0.974434509,-0.164950535,-0.152267069,-0.009135064,0.7065016,-0.6989667,-0.4262901
seq-05/frame-000491,1,0.03677025,0.606357,1146,883,751,0.84,78.48,53.27,10.83,143.43,0.976517713,-0.155313351,-0.149020237,-0.009159001,0.7076648,-0.6937334,-0.4262108
seq-05/frame-000492,1,0.04060458,0.708006,1278,946,783,0.86,77.94,79.23,18.90,176.93,0.977750156,-0.150176279,-0.146152706,-0.009544803,0.7062784,-0.6941435,-0.4287361
seq-05/frame-000493,1,0.03685212,0.648762,1429,1029,891,0.87,81.52,91.82,25.54,199.74,0.979437122,-0.142254755,-0.142836452,-0.008015989,0.6978138,-0.6948082,-0.4353348
seq-05/frame-000494,1,0.03583169,0.584963,1390,989,843,0.88,67.96,90.70,17.15,176.70,0.980331435,-0.136630199,-0.142350028,-0.004351568,0.6965604,-0.6898481,-0.4382344
seq-05/frame-000495,1,0.02693473,0.391029,1867,1405,1225,1.21,101.95,127.43,24.08,254.68,0.981435065,-0.130427967,-0.140507613,-0.005600857,0.6875299,-0.6810767,-0.4478424
seq-05/frame-000496,1,0.02426904,0.398272,1930,1497,1335,1.00,90.61,122.16,15.61,229.38,0.981453867,-0.129967343,-0.140788584,-0.005947367,0.6890704,-0.6813441,-0.4527009
seq-05/frame-000497,1,0.02600354,0.469019,1824,1441,1273,0.99,73.59,106.90,21.85,203.34,0.981954528,-0.128253200,-0.138920253,-0.004193401,0.6828104,-0.6780815,-0.4511765
seq-05/frame-000498,1,0.03443981,0.687236,1745,1311,1166,0.92,77.57,96.73,28.78,204.01,0.981720716,-0.128577843,-0.140297827,-0.002948508,0.6841302,-0.6809705,-0.4476579
seq-05/frame-000499,1,0.03069811,0.629824,1976,1502,1333,1.28,128.10,124.07,34.04,287.49,0.982765576,-0.121142195,-0.139606344,-0.002541477,0.6765027,-0.6742473,-0.4524625
seq-05/frame-000500,1,0.02812463,0.556154,1941,1469,1289,1.84,87.27,124.07,20.17,233.35,0.983188849,-0.120227687,-0.137376280,-0.003570496,0.6697076,-0.6734155,-0.4543892
seq-05/frame-000501,1,0.02873506,0.517620,1805,1340,1166,0.98,110.31,135.66,10.58,257.54,0.983222377,-0.120954453,-0.136527366,-0.002013848,0.6665995,-0.6647898,-0.4594984
seq-05/frame-000502,1,0.03058637,0.627522,1892,1444,1254,1.32,116.80,120.66,22.35,261.12,0.983281315,-0.122537674,-0.134671541,-0.002439097,0.6597121,-0.6699287,-0.4599635
seq-05/frame-000503,1,0.02739693,0.466780,1858,1421,1250,1.14,114.77,110.39,15.03,241.33,0.984123480,-0.121853771,-0.129039723,-0.001176768,0.6421298,-0.6618757,-0.4622637
seq-05/frame-000504,1,0.02713617,0.517005,1876,1412,1257,1.00,101.44,135.21,13.61,251.26,0.984269687,-0.122492027,-0.127298479,0.001996074,0.6377816,-0.6618902,-0.4655548
seq-05/frame-000505,1,0.03112015,0.537256,1844,1442,1280,0.97,97.49,92.72,19.44,210.61,0.984545521,-0.123139729,-0.124362189,0.006385167,0.6280956,-0.6583579,-0.4680420
seq-05/frame-000506,1,0.03538790,0.569018,1772,1368,1192,1.78,101.85,91.90,15.72,211.25,0.985017109,-0.121912114,-0.121434862,0.011502420,0.6213660,-0.6541354,-0.4691775
seq-05/frame-000507,1,0.03181587,0.665945,1822,1403,1224,1.52,108.15,108.20,17.48,235.34,0.985613382,-0.120472471,-0.117232785,0.017581807,0.6097760,-0.6549149,-0.4878520
seq-05/frame-000508,1,0.03129463,0.628289,1679,1292,1154,1.50,83.51,99.75,12.74,197.51,0.985640557,-0.120454701,-0.116570267,0.020364911,0.6041216,-0.6504942,-0.4943479
seq-05/frame-000509,1,0.03190020,0.643422,1687,1291,1160,1.22,100.38,99.21,13.26,214.08,0.985481157,-0.120795696,-0.117016101,0.023292083,0.5920637,-0.6458793,-0.4952923
seq-05/frame-000510,1,0.03234128,0.614732,1922,1468,1299,1.00,108.31,109.43,12.84,231.59,0.985908243,-0.119949852,-0.114648680,0.021275553,0.5818120,-0.6486106,-0.5091829
seq-05/frame-000511,1,0.03362388,0.681286,1830,1411,1250,1.12,111.51,102.70,12.52,227.85,0.986025900,-0.119644222,-0.113315609,0.024449082,0.5765442,-0.6447658,-0.5147507
seq-05/frame-000512,1,0.04134003,0.855904,1850,1425,1254,0.96,102.41,112.78,8.41,224.57,0.986468861,-0.116074410,-0.112889763,0.025725838,0.5678503,-0.6491301,-0.5247264
seq-05/frame-000513,1,0.04037201,0.874985,1844,1479,1296,4.44,107.63,99.27,26.79,238.13,0.987061702,-0.114717021,-0.109328950,0.024420942,0.5616347,-0.6479245,-0.5336339
seq-05/frame-000514,1,0.04809792,1.021107,1993,1596,1398,1.00,89.06,97.64,14.69,202.39,0.987436927,-0.114172621,-0.106261373,0.025326814,0.5545660,-0.6419848,-0.5409611
seq-05/frame-000515,1,0.05551919,1.163364,1428,1125,1013,0.91,107.29,73.58,14.38,196.17,0.987865437,-0.113375471,-0.103925177,0.021620337,0.5535112,-0.6434344,-0.5444444
seq-05/frame-000516,1,0.07336657,2.265751,1128,879,753,1.58,86.04,64.46,22.31,174.38,0.988669750,-0.112946518,-0.096957585,0.019350351,0.5451604,-0.6507557,-0.5409136
seq-05/frame-000517,1,0.04345677,0.930179,1927,1496,1342,1.02,99.03,116.41,11.91,228.37,0.990900663,-0.102934622,-0.084391138,0.019961872,0.5211887,-0.6344680,-0.5693064
seq-05/frame-000518,1,0.04698189,1.023441,1854,1456,1305,1.90,91.07,118.94,17.75,229.67,0.990884318,-0.102956405,-0.084742693,0.019155228,0.5181010,-0.6343577,-0.5733134
seq-05/frame-000519,1,0.05030869,1.093090,1989,1586,1399,1.03,82.15,103.22,13.07,199.47,0.991104547,-0.101013467,-0.084901076,0.017316584,0.5110397,-0.6350526,-0.5837860
seq-05/frame-000520,1,0.04888838,1.044254,1938,1570,1414,1.01,124.04,117.81,12.53,255.39,0.991318647,-0.100442164,-0.082732742,0.018815022,0.5012524,-0.6331020,-0.5886862
seq-05/frame-000521,1,0.05262420,1.192707,1735,1425,1288,0.94,116.16,92.09,10.34,219.53,0.991215933,-0.100407021,-0.083419450,0.021227319,0.4976082,-0.6323301,-0.5900090
seq-05/frame-000522,1,0.04450003,1.086179,1309,1097,950,0.91,59.61,88.80,15.11,164.42,0.990648584,-0.099974064,-0.089672879,0.024069560,0.4799525,-0.6307680,-0.6015184
seq-05/frame-000523,1,0.04749203,1.107251,1810,1515,1368,0.90,101.21,106.48,14.32,222.91,0.990519262,-0.098860864,-0.092445529,0.023493517,0.4725925,-0.6324868,-0.5979701
seq-05/frame-000524,1,0.04375239,1.027885,1837,1548,1406,0.96,112.08,105.52,18.31,236.87,0.991138173,-0.092846561,-0.092164882,0.023027665,0.4569058,-0.6263285,-0.6094064
seq-05/frame-000525,1,0.03422303,0.842422,1344,1108,1003,2.84,91.56,66.26,19.70,180.37,0.991057607,-0.093110055,-0.092820749,0.022795751,0.4445515,-0.6292934,-0.6213738
seq-05/frame-000526,1,0.03021548,1.411724,1484,1224,1115,0.95,109.28,71.07,17.84,199.15,0.989934023,-0.093540598,-0.103798338,0.022509809,0.4357543,-0.6229710,-0.6223608
seq-05/frame-000527,1,0.03414002,0.826132,2019,1705,1547,0.99,82.14,117.21,18.34,218.68,0.989966424,-0.092692245,-0.104794761,0.019816292,0.4222414,-0.6207785,-0.6167747
seq-05/frame-000528,1,0.03847953,0.879123,2190,1810,1648,1.02,82.10,130.22,17.35,230.69,0.990184687,-0.090872411,-0.104957141,0.016139694,0.4190421,-0.6212322,-0.6173918
seq-05/frame-000529,1,0.03045282,0.742775,1924,1668,1534,0.97,89.95,104.45,18.54,213.92,0.990781796,-0.087710246,-0.102073191,0.015472822,0.4019659,-0.6139875,-0.6260686
seq-05/frame-000530,1,0.02839884,0.652347,1837,1575,1434,0.96,115.74,114.79,15.86,247.35,0.990639169,-0.088139564,-0.103070957,0.015550961,0.3927855,-0.6104083,-0.6260060
seq-05/frame-000531,1,0.03525535,0.777196,2147,1835,1684,1.82,126.81,127.80,12.88,269.31,0.990470883,-0.089512400,-0.103653158,0.014525271,0.3857037,-0.6123493,-0.6234438
seq-05/frame-000532,1,0.03561142,0.803874,2235,1860,1703,1.03,118.68,121.37,13.27,254.35,0.990745933,-0.090130210,-0.100355615,0.015092751,0.3767586,-0.6134090,-0.6227837
seq-05/frame-000533,1,0.03537123,0.792627,2140,1768,1625,2.02,110.03,119.95,10.42,242.42,0.990977186,-0.089349854,-0.098688865,0.015534775,0.3684256,-0.6108459,-0.6197340
seq-05/frame-000534,1,0.03361984,0.763753,2069,1711,1580,2.88,103.09,120.27,16.55,242.80,0.990874182,-0.090432163,-0.097949475,0.019906751,0.3523204,-0.6134178,-0.6188195
seq-05/frame-000535,1,0.03115882,0.706840,2192,1814,1675,1.03,104.70,116.12,19.21,241.07,0.991160433,-0.088927883,-0.096315267,0.020400904,0.3433475,-0.6114432,-0.6182370
seq-05/frame-000536,1,0.03714901,0.849784,2136,1763,1629,1.02,99.78,125.84,21.59,248.23,0.991430331,-0.087418040,-0.094087834,0.023905320,0.3283791,-0.6093815,-0.6172292
seq-05/frame-000537,1,0.03920233,0.893531,2077,1756,1639,0.98,91.03,124.46,9.59,226.06,0.991687119,-0.085755963,-0.092479487,0.025497402,0.3209787,-0.6083660,-0.6138728
seq-05/frame-000538,1,0.03286447,0.795386,2045,1667,1541,0.97,75.64,135.04,10.73,222.38,0.992784537,-0.079810321,-0.085449728,0.026599244,0.3001929,-0.6075367,-0.6149100
seq-05/frame-000539,1,0.03194014,0.816490,2032,1717,1591,1.00,83.14,112.73,18.42,215.29,0.992854911,-0.078262600,-0.085441653,0.028527440,0.2922414,-0.6034023,-0.6148856
seq-05/frame-000540,1,0.03071895,0.470320,1890,1558,1427,0.97,90.02,98.15,9.14,198.29,0.992938279,-0.077460630,-0.084370423,0.030903979,0.2782383,-0.5955550,-0.6203140
seq-05/frame-000541,1,0.04192067,0.966224,1866,1575,1462,2.11,99.96,100.48,13.54,216.08,0.992414230,-0.081754484,-0.084890368,0.034983211,0.2731333,-0.6054548,-0.6036387
seq-05/frame-000542,1,0.04079507,0.897100,1548,1288,1182,0.94,65.82,83.30,10.85,160.92,0.993203068,-0.078158921,-0.078987609,0.034638232,0.2653087,-0.6013563,-0.6072009
seq-05/frame-000543,1,0.02409071,0.648091,1650,1310,1175,0.92,107.53,72.49,11.82,192.75,0.993639224,-0.081243181,-0.068230692,0.037751953,0.2358485,-0.5906108,-0.6175549
seq-05/frame-000544,1,0.02955052,0.842524,1768,1467,1353,0.93,97.56,102.61,21.04,222.13,0.993199761,-0.085498622,-0.068782792,0.038899207,0.2296163,-0.5930038,-0.6141909
seq-05/frame-000545,1,0.03141742,0.782886,1927,1656,1522,0.96,97.98,136.44,18.86,254.24,0.993322043,-0.088281121,-0.065704837,0.034650210,0.2122120,-0.5920035,-0.5990981
seq-05/frame-000546,1,0.03113916,0.840821,2188,1821,1676,1.03,95.72,141.12,18.08,255.95,0.993492253,-0.089968284,-0.060867701,0.034263319,0.1998640,-0.5969308,-0.5993131
seq-05/frame-000547,1,0.02513813,0.714450,2160,1831,1703,1.00,100.60,115.59,19.39,236.59,0.993800200,-0.090276919,-0.057134767,0.030771065,0.1765519,-0.5937826,-0.6022521
seq-05/frame-000548,1,0.02799963,0.759383,2160,1812,1664,1.00,94.07,124.42,10.35,229.84,0.993770765,-0.091688160,-0.055988163,0.029635684,0.1709331,-0.5924259,-0.5964120
seq-05/frame-000549,1,0.02317559,0.643413,2132,1791,1663,1.02,90.91,128.15,15.32,235.40,0.993926139,-0.092064149,-0.052959003,0.028816071,0.1580170,-0.5907223,-0.5935009
seq-05/frame-000550,1,0.01405638,0.424902,2142,1806,1678,1.03,118.15,117.83,18.63,255.64,0.994088140,-0.092941773,-0.048518709,0.028222895,0.1314316,-0.5902836,-0.5925068
seq-05/frame-000551,1,0.01751274,0.494827,2263,1857,1707,2.80,87.41,119.94,11.38,221.53,0.994043949,-0.093422219,-0.047661604,0.029619043,0.1261222,-0.5886126,-0.5883525
seq-05/frame-000552,1,0.01446503,0.395372,2062,1762,1637,0.98,80.75,88.96,12.73,183.43,0.994049097,-0.095257211,-0.043476695,0.030037193,0.1064069,-0.5865149,-0.5879517
seq-05/frame-000553,1,0.01298811,0.383997,2060,1740,1614,0.98,87.27,107.36,14.41,210.02,0.993885530,-0.097543363,-0.041097604,0.031429815,0.0956396,-0.5853256,-0.5848064
seq-05/frame-000554,1,0.01611993,0.426396,2019,1739,1595,0.95,87.96,111.94,9.91,210.76,0.993619605,-0.101705405,-0.037273139,0.031413434,0.0797178,-0.5834206,-0.5774304
seq-05/frame-000555,1,0.01778956,0.479057,1985,1709,1570,1.83,90.07,100.93,18.06,210.89,0.993467751,-0.104163727,-0.033827611,0.032053673,0.0696136,-0.5839083,-0.5763495
seq-05/frame-000556,1,0.02689881,0.921186,1846,1549,1437,0.94,87.73,100.74,23.16,212.58,0.993441531,-0.105885795,-0.029927140,0.031088400,0.0577847,-0.5798165,-0.5714341
seq-05/frame-000557,1,0.01886660,0.516549,1681,1456,1337,0.91,88.64,111.26,12.82,213.64,0.993085810,-0.111337697,-0.023313819,0.028999267,0.0385364,-0.5790260,-0.5680475
seq-05/frame-000558,1,0.01912977,0.544738,1755,1512,1395,0.95,98.34,112.25,17.69,229.25,0.993032789,-0.112618259,-0.019189856,0.028892170,0.0283533,-0.5746773,-0.5610741
seq-05/frame-000559,1,0.01940601,0.565462,1799,1500,1387,0.95,99.38,110.05,13.17,223.56,0.992878009,-0.114461838,-0.010384903,0.031367194,0.0083309,-0.5714945,-0.5548167
seq-05/frame-000560,1,0.02038053,0.600710,1838,1560,1451,0.94,84.98,109.19,8.21,203.32,0.992807643,-0.115123779,-0.006121176,0.032280486,-0.0026326,-0.5700554,-0.5546893
seq-05/frame-000561,1,0.01958863,0.605285,1761,1457,1335,0.94,83.89,106.66,8.30,199.79,0.992114469,-0.120111479,-0.000533552,0.035802630,-0.0241012,-0.5669888,-0.5503199
seq-05/frame-000562,1,0.02026292,0.646956,1855,1517,1391,1.46,89.52,103.23,10.29,204.50,0.991719835,-0.122188489,0.002202385,0.039457463,-0.0323550,-0.5660618,-0.5443135
seq-05/frame-000563,1,0.02093059,0.663011,1840,1489,1343,0.99,92.54,100.77,29.77,224.14,0.991408661,-0.123371927,0.005262318,0.043134007,-0.0428596,-0.5656641,-0.5418850
seq-05/frame-000564,1,0.02164836,0.698776,1930,1558,1399,1.65,110.09,111.59,21.96,245.30,0.991129070,-0.123691918,0.008579546,0.047852563,-0.0615973,-0.5645389,-0.5348967
seq-05/frame-000565,1,0.02661613,0.832663,1892,1533,1379,0.99,100.56,180.06,11.82,293.43,0.991062586,-0.124178229,0.010899746,0.047496467,-0.0674691,-0.5631180,-0.5297433
seq-05/frame-000566,1,0.02475131,0.802209,1665,1332,1214,0.95,84.41,73.21,15.64,174.22,0.990750765,-0.124765594,0.016054137,0.050879585,-0.0900926,-0.5656296,-0.5289689
seq-05/frame-000567,1,0.02217019,0.808082,1388,1093,989,0.94,83.94,126.47,32.92,244.27,0.990555900,-0.125135378,0.015314967,0.053903596,-0.1006862,-0.5658789,-0.5231248
seq-05/frame-000568,1,0.02620356,0.836916,1938,1532,1349,1.06,154.59,145.07,11.91,312.63,0.990707950,-0.124917278,0.014111626,0.051906590,-0.1143101,-0.5662521,-0.5160334
seq-05/frame-000569,1,0.02707728,0.893076,1877,1458,1319,0.97,159.88,141.30,17.96,320.11,0.990672493,-0.124478153,0.016141903,0.053034323,-0.1236098,-0.5684621,-0.5119678
seq-05/frame-000570,1,0.02123251,0.722767,1682,1299,1150,1.27,195.01,100.79,29.09,326.17,0.990669019,-0.124644740,0.018098528,0.052067515,-0.1464378,-0.5672533,-0.5141721
seq-05/frame-000571,1,0.02296438,0.757140,1831,1401,1208,0.92,106.85,171.78,11.90,291.47,0.990465506,-0.126601160,0.017416935,0.051447815,-0.1518509,-0.5635650,-0.5060534
seq-05/frame-000572,1,0.02252234,0.777410,1774,1348,1139,0.96,186.13,123.79,14.25,325.14,0.989675282,-0.132019379,0.020795229,0.051781060,-0.1681626,-0.5627561,-0.4944155
seq-05/frame-000573,1,0.02180442,0.713143,1696,1236,1035,1.04,156.66,98.46,18.74,274.90,0.989491121,-0.133489917,0.023365876,0.050416269,-0.1783016,-0.5582027,-0.4921179
seq-05/frame-000574,1,0.02530303,0.798505,1869,1339,1108,1.02,125.05,125.56,17.76,269.39,0.988875219,-0.137609210,0.026463345,0.049891868,-0.1904144,-0.5576019,-0.4779380
seq-05/frame-000575,1,0.02329679,0.751065,1785,1229,1015,0.96,174.70,108.16,36.81,320.63,0.988654549,-0.138792081,0.029674871,0.049176644,-0.2010325,-0.5561900,-0.4765415
seq-05/frame-000576,1,0.02244635,0.805049,1796,1254,1055,1.00,112.34,94.03,14.69,222.06,0.987854533,-0.143265891,0.032505229,0.050613407,-0.2157640,-0.5577272,-0.4605822
seq-05/frame-000577,1,0.01549528,0.510344,1682,1128,947,0.94,100.59,123.98,18.43,243.94,0.987448508,-0.145109040,0.035119177,0.051531095,-0.2329119,-0.5620683,-0.4614084
seq-05/frame-000578,1,0.01712984,0.527903,1884,1256,1028,1.35,134.25,126.99,20.69,283.29,0.987149559,-0.145664024,0.034809042,0.055732141,-0.2397276,-0.5575635,-0.4389697
seq-05/frame-000579,1,0.01782507,0.521418,1740,1162,966,0.97,127.24,70.27,23.79,222.27,0.987305583,-0.143784341,0.038265523,0.055583266,-0.2478280,-0.5532902,-0.4310502
seq-05/frame-000580,1,0.02054808,0.581715,1687,1066,864,1.52,125.86,85.10,13.31,225.80,0.986288706,-0.147793202,0.045071176,0.057968500,-0.2626066,-0.5585690,-0.4250905
seq-05/frame-000581,1,0.01599242,0.342983,1665,1090,899,1.39,120.98,116.60,29.17,268.14,0.985719804,-0.150346043,0.047029049,0.059504648,-0.2750031,-0.5579480,-0.4169727
seq-05/frame-000582,1,0.02052313,0.671509,1823,1146,938,0.98,121.04,127.52,20.01,269.55,0.984993252,-0.153602992,0.045609943,0.064141625,-0.2730534,-0.5536626,-0.3901417
seq-05/frame-000583,1,0.01787183,0.518602,1351,885,723,1.38,122.67,85.77,13.52,223.35,0.984850548,-0.152140391,0.051916545,0.065018242,-0.2822936,-0.5532375,-0.3857008
seq-05/frame-000584,1,0.01441063,0.545756,1549,996,803,0.94,138.58,91.58,16.52,247.62,0.983415486,-0.157166998,0.057118911,0.070213575,-0.2930747,-0.5598077,-0.3668895
seq-05/frame-000585,1,0.01792422,0.651948,1598,1055,878,0.96,119.35,105.86,28.27,254.44,0.983459923,-0.157946454,0.054875511,0.069628843,-0.2943388,-0.5644525,-0.3575855
seq-05/frame-000586,1,0.01306619,0.475063,1784,1192,968,0.97,130.70,136.48,15.82,283.98,0.983204745,-0.159159342,0.056158213,0.069447739,-0.2994640,-0.5618561,-0.3326633
seq-05/frame-000587,1,0.01671858,0.590682,1746,1093,868,0.97,118.21,113.48,28.52,261.18,0.982570181,-0.159415453,0.062731266,0.072161912,-0.3065512,-0.5660661,-0.3194510
seq-05/frame-000588,1,0.00996298,0.399861,1887,1245,1037,2.05,114.99,103.31,10.91,231.27,0.982001089,-0.159934677,0.067906949,0.074050031,-0.3150937,-0.5680519,-0.3067189
seq-05/frame-000589,1,0.01737076,0.263504,1683,1200,997,1.32,117.25,99.53,14.29,232.39,0.981003414,-0.164351817,0.071157450,0.074547970,-0.3362013,-0.5789458,-0.2991793
seq-05/frame-000590,1,0.00723425,0.333225,1900,1286,1091,0.99,122.97,132.49,10.76,267.22,0.980861255,-0.166043545,0.068112176,0.075508084,-0.3272392,-0.5731161,-0.2841866
seq-05/frame-000591,1,0.00450710,0.219868,1814,1249,1044,2.65,136.09,122.35,14.28,275.37,0.980007272,-0.166751876,0.076255124,0.077231570,-0.3374098,-0.5770492,-0.2661383
seq-05/frame-000592,1,0.01069344,0.571591,1876,1302,1080,0.98,133.94,131.93,18.92,285.77,0.979739052,-0.168294211,0.075698820,0.077834038,-0.3326376,-0.5753257,-0.2577441
seq-05/frame-000593,1,0.00803979,0.284860,1834,1323,1097,0.97,122.96,131.87,17.10,272.90,0.979030104,-0.170851196,0.078763526,0.078142382,-0.3510542,-0.5841820,-0.2464957
seq-05/frame-000594,1,0.00776111,0.387873,1836,1284,1078,1.00,137.39,148.70,17.88,304.97,0.979194983,-0.171395450,0.076891838,0.076736104,-0.3507665,-0.5843895,-0.2372583
seq-05/frame-000595,1,0.01108783,0.491867,1881,1352,1143,0.97,130.37,123.97,14.28,269.60,0.979251489,-0.170765767,0.076957366,0.077350741,-0.3596360,-0.5893208,-0.2213641
seq-05/frame-000596,1,0.01145165,0.549777,1906,1303,1095,1.00,114.44,108.76,22.84,247.05,0.979334004,-0.170676143,0.077314508,0.076138228,-0.3638370,-0.5881946,-0.2087810
seq-05/frame-000597,1,0.00888219,0.350010,1848,1310,1091,0.98,109.68,121.17,14.01,245.84,0.979689543,-0.167748693,0.081563039,0.073595151,-0.3795259,-0.5875455,-0.1947808
seq-05/frame-000598,1,0.01006241,0.371979,1896,1355,1123,1.01,121.19,106.17,16.20,244.58,0.979808824,-0.166744656,0.083746255,0.071815405,-0.3830017,-0.5848732,-0.1826349
seq-05/frame-000599,1,0.01095767,0.279326,1761,1260,1044,0.98,101.47,90.71,21.65,214.82,0.979432814,-0.168155429,0.088352634,0.068036213,-0.3989409,-0.5830121,-0.1680687
seq-05/frame-000600,1,0.00976505,0.375319,1946,1369,1123,1.03,119.07,97.72,13.74,231.57,0.979652703,-0.168156283,0.087514702,0.065918310,-0.4010615,-0.5803176,-0.1540193
seq-05/frame-000601,1,0.01331135,0.372479,1618,1148,944,0.95,90.81,90.63,22.67,205.06,0.978715664,-0.171720391,0.092468443,0.063854081,-0.4075032,-0.5779355,-0.1399424
seq-05/frame-000602,1,0.01229391,0.321531,1887,1330,1098,1.00,105.52,94.89,16.24,217.65,0.977990900,-0.173231590,0.098074304,0.062498369,-0.4167254,-0.5780820,-0.1253656
seq-05/frame-000603,1,0.01262818,0.390527,1706,1265,1044,1.45,106.89,95.81,14.98,219.12,0.976834421,-0.179127182,0.101124365,0.059007023,-0.4286228,-0.5732925,-0.1081789
seq-05/frame-000604,1,0.01120004,0.311956,1925,1358,1094,1.31,122.33,97.46,10.66,231.76,0.976330902,-0.181641475,0.102144332,0.057886791,-0.4316713,-0.5754406,-0.0955236
seq-05/frame-000605,1,0.01184504,0.371620,1864,1354,1101,1.21,97.76,89.95,16.23,205.16,0.976014625,-0.183150066,0.105683409,0.051793070,-0.4391692,-0.5726111,-0.0773026
seq-05/frame-000606,1,0.01249839,0.361763,1813,1359,1135,0.95,113.39,100.50,24.38,239.23,0.975285259,-0.184669665,0.108219202,0.054812253,-0.4440528,-0.5718692,-0.0713231
seq-05/frame-000607,1,0.01906995,0.562153,1926,1348,1119,2.31,93.00,98.30,10.82,204.44,0.974458552,-0.186859480,0.111066322,0.056376749,-0.4507775,-0.5737437,-0.0597311
seq-05/frame-000608,1,0.01239657,0.351787,1803,1297,1092,3.59,95.60,90.88,14.21,204.28,0.972910081,-0.189944600,0.118619909,0.057413772,-0.4636214,-0.5718984,-0.0427302
seq-05/frame-000609,1,0.01314819,0.432855,1928,1374,1124,0.99,99.27,112.78,10.36,223.40,0.972301953,-0.190519784,0.123114776,0.056337167,-0.4721953,-0.5719234,-0.0325930
seq-05/frame-000610,1,0.01215682,0.436616,1810,1316,1117,1.06,98.60,88.15,20.23,208.04,0.971055169,-0.194195414,0.125455145,0.060008388,-0.4801551,-0.5717102,-0.0148674
seq-05/frame-000611,1,0.00883202,0.488305,1818,1333,1113,0.96,96.02,94.67,11.07,202.72,0.970859076,-0.194087066,0.127132449,0.060001707,-0.4823167,-0.5710476,-0.0055858
seq-05/frame-000612,1,0.01670522,0.627374,1799,1301,1073,0.98,82.57,83.28,9.87,176.70,0.969506547,-0.196129778,0.135069898,0.057847118,-0.4955048,-0.5736463,0.0068020
seq-05/frame-000613,1,0.01458219,0.464176,1848,1306,1088,0.98,91.13,111.06,14.51,217.69,0.968926266,-0.197092516,0.137319654,0.058989345,-0.5019092,-0.5717410,0.0160022
seq-05/frame-000614,1,0.01385410,0.491814,1823,1277,1060,0.99,88.02,110.30,19.73,219.04,0.968647516,-0.198149851,0.137340808,0.059967739,-0.5056657,-0.5708928,0.0249033
seq-05/frame-000615,1,0.01151501,0.459242,1915,1356,1128,1.38,103.32,149.87,26.72,281.30,0.967722341,-0.199605624,0.139793389,0.064256308,-0.5120730,-0.5693657,0.0429097
seq-05/frame-000616,1,0.01389653,0.490189,1939,1379,1131,0.99,97.73,104.86,31.00,234.58,0.967380572,-0.199948162,0.140694621,0.066336901,-0.5152900,-0.5688410,0.0485695
seq-05/frame-000617,1,0.01205501,0.418519,1696,1165,985,0.97,94.66,129.27,15.53,240.43,0.966772880,-0.201624599,0.142216601,0.066874198,-0.5281982,-0.5669532,0.0674760
seq-05/frame-000618,1,0.01391625,0.410323,1878,1308,1091,0.99,97.10,113.37,21.84,233.31,0.966771661,-0.202375873,0.140903529,0.067399977,-0.5302167,-0.5668939,0.0729957
seq-05/frame-000619,1,0.01562370,0.543496,1631,1174,992,0.96,114.73,111.57,20.84,248.10,0.966434787,-0.204300623,0.139589007,0.069137303,-0.5308696,-0.5661350,0.0795023
seq-05/frame-000620,1,0.01580652,0.591349,1577,1087,923,1.33,121.77,105.25,22.34,250.70,0.965833189,-0.210257652,0.133970626,0.070780232,-0.5338869,-0.5622486,0.0939839
seq-05/frame-000621,1,0.01247118,0.451725,1873,1314,1083,1.30,136.74,119.85,17.75,275.64,0.965320816,-0.212470511,0.134704309,0.069762112,-0.5383644,-0.5606057,0.1037811
seq-05/frame-000622,1,0.01519832,0.324432,1987,1331,1085,1.02,120.90,140.64,29.85,292.42,0.964854669,-0.213869892,0.136458500,0.068514346,-0.5453954,-0.5614363,0.1073681
seq-05/frame-000623,1,0.01145983,0.299078,2005,1343,1092,2.61,140.18,125.84,16.91,285.54,0.963829266,-0.215281149,0.140450380,0.070433404,-0.5488326,-0.5575943,0.1238984
seq-05/frame-000624,1,0.01297862,0.295284,1987,1309,1059,1.05,124.19,111.49,12.45,249.18,0.963384864,-0.215843292,0.142155384,0.071366128,-0.5523886,-0.5575182,0.1297628
seq-05/frame-000625,1,0.01939696,0.449082,1964,1333,1048,2.27,120.56,116.84,10.16,249.83,0.962846260,-0.217920707,0.142608032,0.071418439,-0.5527669,-0.5586990,0.1372071
seq-05/frame-000626,1,0.01192944,0.340410,1953,1310,1065,3.84,131.47,146.22,35.02,316.55,0.961872129,-0.220206392,0.144889766,0.072925356,-0.5522522,-0.5558744,0.1521711
seq-05/frame-000627,1,0.01094499,0.339584,2030,1331,1063,1.65,112.83,151.71,13.11,279.30,0.961214310,-0.221231307,0.148151686,0.071936342,-0.5572302,-0.5542285,0.1608132
seq-05/frame-000628,1,0.01032006,0.422977,2041,1324,1050,4.27,133.19,126.70,36.16,300.33,0.960746289,-0.223385715,0.147415280,0.073035094,-0.5519772,-0.5560594,0.1700984
seq-05/frame-000629,1,0.00942736,0.367977,2005,1302,1034,1.02,127.59,119.07,28.36,276.03,0.960676265,-0.221943949,0.149940174,0.073211626,-0.5571827,-0.5546522,0.1852166
seq-05/frame-000630,1,0.00882832,0.367970,1930,1246,999,1.01,130.82,156.51,22.03,310.36,0.960497844,-0.221821184,0.151455302,0.072804841,-0.5591585,-0.5539637,0.1954777
seq-05/frame-000631,1,0.00806211,0.400295,1961,1234,964,1.03,143.46,163.48,15.55,323.52,0.960769066,-0.221523500,0.149944858,0.073257624,-0.5545818,-0.5539786,0.2029701
seq-05/frame-000632,1,0.00766403,0.396998,1934,1261,1021,1.00,107.83,146.64,24.39,279.86,0.960959067,-0.221141502,0.148922318,0.074001701,-0.5545233,-0.5520432,0.2210703
seq-05/frame-000633,1,0.00693282,0.329841,2017,1284,1021,1.01,130.24,96.37,13.31,240.94,0.961078424,-0.221002210,0.148743005,0.073224345,-0.5538934,-0.5529764,0.2291600
seq-05/frame-000634,1,0.01034883,0.330403,2052,1327,1037,1.30,158.77,113.49,12.13,285.70,0.961008663,-0.220901661,0.149510982,0.072878474,-0.5541072,-0.5532751,0.2344150
seq-05/frame-000635,1,0.00773587,0.273088,1911,1255,987,1.34,148.81,100.13,24.66,274.94,0.960216853,-0.222769591,0.150560396,0.075424617,-0.5528082,-0.5525083,0.2530803
seq-05/frame-000636,1,0.00967875,0.358803,2049,1245,963,1.03,131.02,131.94,12.10,276.09,0.960358365,-0.222637371,0.150728596,0.073656654,-0.5542096,-0.5541800,0.2614538
seq-05/frame-000637,1,0.00897836,0.363784,2005,1254,974,1.03,150.79,115.65,8.45,275.92,0.960444930,-0.223187746,0.149627692,0.073104862,-0.5500077,-0.5512744,0.2719025
seq-05/frame-000638,1,0.00885745,0.263655,1940,1218,938,1.45,136.62,94.03,13.88,245.98,0.959853253,-0.225236444,0.150299817,0.073213674,-0.5526634,-0.5546138,0.2783565
seq-05/frame-000639,1,0.00755248,0.378310,1859,1190,926,0.99,132.64,81.81,15.08,230.52,0.960751799,-0.223659161,0.148778868,0.069263326,-0.5510161,-0.5552552,0.2954330
seq-05/frame-000640,1,0.00598727,0.242303,2007,1242,959,1.02,103.91,102.29,9.68,216.90,0.960639640,-0.222743118,0.150839887,0.069313159,-0.5530619,-0.5554754,0.3038683
seq-05/frame-000641,1,0.00628027,0.257102,2004,1224,923,2.14,89.49,89.46,15.59,196.68,0.960954594,-0.222047649,0.150000725,0.068999214,-0.5487100,-0.5528703,0.3118228
seq-05/frame-000642,1,0.00389754,0.400102,1988,1205,932,1.04,99.72,125.56,18.03,244.36,0.960478806,-0.223132660,0.152080992,0.067554802,-0.5534519,-0.5540837,0.3244113
seq-05/frame-000643,1,0.00740176,0.397535,1960,1185,911,1.04,101.25,99.40,11.64,213.33,0.960690398,-0.223741932,0.149964552,0.067261728,-0.5475295,-0.5535336,0.3322811
seq-05/frame-000644,1,0.00296406,0.273441,1925,1077,807,1.03,87.16,112.66,14.91,215.77,0.960455992,-0.222728869,0.152680782,0.067858072,-0.5523776,-0.5513200,0.3398579
seq-05/frame-000645,1,0.00619661,0.283181,2019,1171,889,1.02,90.49,115.38,15.93,222.82,0.960223055,-0.224714268,0.150824624,0.068754025,-0.5504504,-0.5570233,0.3447593
seq-05/frame-000646,1,0.00333411,0.309297,1912,1127,831,1.15,88.42,95.37,15.50,200.44,0.960276635,-0.223418711,0.151761611,0.070151820,-0.5518883,-0.5528743,0.3525004
seq-05/frame-000647,1,0.00851325,0.274405,1790,1138,847,0.96,79.10,90.12,15.60,185.80,0.960479817,-0.224363942,0.149253956,0.069732334,-0.5495981,-0.5603258,0.3612999
seq-05/frame-000648,1,0.00782665,0.301958,1897,1068,829,0.97,84.21,105.50,11.78,202.47,0.960661728,-0.222743907,0.150916146,0.068836857,-0.5539509,-0.5598106,0.3665239
seq-05/frame-000649,1,0.00575384,0.292053,1939,1115,828,1.03,100.29,111.98,30.48,243.78,0.961014164,-0.221708513,0.150494036,0.068181057,-0.5539382,-0.5594405,0.3740566
seq-05/frame-000650,1,0.01134721,0.574094,1698,1059,810,2.25,78.19,92.39,15.77,188.60,0.960954588,-0.222437633,0.150564320,0.066469282,-0.5548401,-0.5637439,0.3789386
seq-05/frame-000651,1,0.01396486,0.443119,1657,995,764,2.32,84.16,67.17,15.19,168.84,0.962228439,-0.217659485,0.148242188,0.069029219,-0.5493333,-0.5691292,0.3855455
seq-05/frame-000652,1,0.01203643,0.361833,1815,1066,811,0.97,80.61,91.86,20.86,194.30,0.962260726,-0.215301586,0.151946101,0.067911003,-0.5547684,-0.5698877,0.3902864
seq-05/frame-000653,1,0.00226359,0.381546,1935,1023,733,1.00,91.75,127.20,10.26,230.21,0.962218350,-0.211748277,0.157227431,0.067661277,-0.5612288,-0.5634911,0.4031604
seq-05/frame-000654,1,0.00367922,0.457195,1971,1077,781,1.01,94.35,107.63,26.37,229.36,0.962350584,-0.210807113,0.157551433,0.067965147,-0.5649899,-0.5672636,0.4109689
seq-05/frame-000655,1,0.00842437,0.414703,1668,961,722,0.95,97.41,100.45,43.52,242.34,0.962625518,-0.211237159,0.154980629,0.068643859,-0.5613665,-0.5740358,0.4128672
seq-05/frame-000656,1,0.00699707,0.313284,1899,958,687,0.96,101.44,103.82,8.99,215.22,0.962977841,-0.207880488,0.157080324,0.069174798,-0.5625405,-0.5735089,0.4194771
seq-05/frame-000657,1,0.01429384,0.444238,1703,996,738,0.94,77.72,147.53,46.57,272.77,0.962999940,-0.205681093,0.159209874,0.070559339,-0.5621843,-0.5809234,0.4248260
seq-05/frame-000658,1,0.01279857,0.303638,1860,990,706,3.13,96.92,140.47,39.03,279.56,0.962812003,-0.202758453,0.163773445,0.071135891,-0.5654100,-0.5796725,0.4301509
seq-05/frame-000659,1,0.00939623,0.293352,2048,1108,781,1.02,112.54,163.59,15.42,292.56,0.962442695,-0.200406752,0.168013103,0.072888881,-0.5654076,-0.5739095,0.4395910
seq-05/frame-000660,1,0.00817632,0.445087,2082,1060,734,1.42,107.28,89.85,29.94,228.50,0.961815197,-0.201658832,0.170370409,0.072243797,-0.5690585,-0.5741514,0.4457935
seq-05/frame-000661,1,0.01372686,0.515484,1586,837,593,0.90,81.28,132.65,16.27,231.11,0.961061176,-0.205226693,0.169602338,0.074016666,-0.5631213,-0.5855627,0.4553611
seq-05/frame-000662,1,0.02344013,0.949900,1455,843,633,0.90,74.41,115.90,13.90,205.10,0.961642685,-0.203376654,0.168271047,0.074606549,-0.5550998,-0.5892032,0.4576300
seq-05/frame-000663,1,0.01566677,0.311301,1652,887,621,0.94,148.30,100.26,21.55,271.05,0.960801753,-0.198975515,0.178349421,0.073893303,-0.5644473,-0.5869421,0.4675251
seq-05/frame-000664,1,0.01265021,0.281048,1975,1064,772,1.00,302.50,234.29,19.48,557.27,0.960018324,-0.195332237,0.185144522,0.077017143,-0.5659865,-0.5849866,0.4828223
seq-05/frame-000665,1,0.01381547,0.197515,1927,1065,804,1.00,129.41,132.75,21.14,284.31,0.959425147,-0.194831784,0.187860887,0.079071178,-0.5655170,-0.5859404,0.4903177
seq-05/frame-000666,1,0.01402725,0.234325,1786,1020,764,0.98,166.99,141.68,28.22,337.86,0.958937755,-0.194606174,0.189907755,0.080634131,-0.5654874,-0.5889847,0.4978279
seq-05/frame-000667,1,0.01627005,0.414757,1705,988,773,0.96,132.12,128.47,30.45,292.00,0.958536832,-0.194064054,0.192331274,0.080962739,-0.5699519,-0.5943640,0.5004519
seq-05/frame-000668,1,0.01728278,0.269490,1870,1072,800,1.50,130.71,148.14,29.76,310.12,0.957369009,-0.191526855,0.198744835,0.085220510,-0.5669340,-0.5941774,0.5170642
seq-05/frame-000669,1,0.01671371,0.336458,1811,1100,831,1.33,127.62,165.99,19.33,314.27,0.957063010,-0.189143695,0.201366892,0.087786286,-0.5652265,-0.5909208,0.5275623
seq-05/frame-000670,1,0.01687441,0.394972,1848,1069,817,1.02,126.20,191.44,95.59,414.34,0.956621961,-0.188901673,0.203094938,0.089123667,-0.5692293,-0.5952033,0.5311109
seq-05/frame-000671,1,0.02754244,0.825788,1790,1015,752,1.53,141.52,159.85,70.18,373.09,0.956051617,-0.188369052,0.205056666,0.091837731,-0.5652500,-0.5976465,0.5359512
seq-05/frame-000672,1,0.01987649,0.504249,1869,1056,796,3.57,126.45,292.52,49.88,472.43,0.954343610,-0.189118638,0.212496571,0.091146160,-0.5677632,-0.5998515,0.5513241
seq-05/frame-000673,1,0.02206253,0.523504,1872,1061,811,2.27,127.44,279.20,24.55,433.46,0.954156980,-0.188986978,0.213675243,0.090616065,-0.5667380,-0.6019476,0.5576174
seq-05/frame-000674,1,0.01720373,0.416917,1824,1077,825,2.79,211.45,289.83,27.64,531.71,0.953069872,-0.188306808,0.219205911,0.090261469,-0.5687520,-0.6042753,0.5696987
seq-05/frame-000675,1,0.02302226,0.498305,1926,1102,856,1.82,180.10,192.20,24.62,398.73,0.952397131,-0.187966059,0.222334559,0.090420181,-0.5679630,-0.6019125,0.5782767
seq-05/frame-000676,1,0.02112483,0.590061,1848,1096,861,2.09,221.04,155.78,16.84,395.75,0.951386566,-0.189679538,0.225089877,0.090663239,-0.5695087,-0.6038940,0.5851144
seq-05/frame-000677,1,0.02139039,0.485181,1675,986,738,1.75,246.88,162.74,9.99,421.37,0.950546123,-0.189477893,0.227092833,0.094810555,-0.5681040,-0.6094027,0.5930082
seq-05/frame-000678,1,0.02695960,0.612045,1694,988,756,1.99,234.09,145.75,27.90,409.74,0.950251172,-0.187301818,0.229414828,0.096486147,-0.5708016,-0.6174062,0.5989572
seq-05/frame-000679,1,0.02656445,0.488463,1810,1086,853,1.25,215.67,135.92,12.50,365.35,0.949256088,-0.185650378,0.233782815,0.098956617,-0.5678065,-0.6158124,0.6103570
seq-05/frame-000680,1,0.02046043,0.652703,1713,1016,799,1.33,178.10,136.71,22.28,338.43,0.948506674,-0.185614061,0.236757542,0.099138164,-0.5730473,-0.6177607,0.6173174
seq-05/frame-000681,1,0.02715081,0.546917,1700,987,759,1.46,178.91,128.69,16.80,325.86,0.948308407,-0.182506369,0.237323084,0.105263217,-0.5666518,-0.6210117,0.6287214
seq-05/frame-000682,1,0.02464664,0.525106,1668,1016,784,1.35,137.32,112.03,25.85,276.55,0.947812923,-0.181404275,0.239747641,0.106133031,-0.5714635,-0.6262442,0.6335075
seq-05/frame-000683,1,0.02359199,0.622902,1589,951,735,1.48,132.54,102.26,14.74,251.03,0.947857756,-0.181089291,0.240030684,0.105629610,-0.5760285,-0.6316485,0.6363353
seq-05/frame-000684,1,0.02416465,0.591360,1802,1057,793,2.53,121.83,104.64,17.66,246.67,0.948258520,-0.177076286,0.240852322,0.106957598,-0.5744574,-0.6330117,0.6484413
seq-05/frame-000685,1,0.02637497,0.589257,1681,1004,774,2.92,121.78,97.99,18.18,240.87,0.948429060,-0.175391228,0.241124599,0.107606520,-0.5730041,-0.6366158,0.6525706
seq-05/frame-000686,1,0.02925033,0.856273,1499,828,645,2.58,100.09,80.11,10.26,193.04,0.948295133,-0.175210438,0.243153496,0.104470193,-0.5780777,-0.6412904,0.6555170
seq-05/frame-000687,1,0.02218177,0.715034,1678,965,742,1.56,112.07,85.46,14.93,214.03,0.949080486,-0.169458880,0.244215994,0.104347816,-0.5801185,-0.6428966,0.6657067
seq-05/frame-000688,1,0.02197751,0.898460,1482,846,653,1.27,99.66,75.04,11.85,187.82,0.949487959,-0.168699422,0.243411544,0.103749413,-0.5812630,-0.6469983,0.6713117
seq-05/frame-000689,1,0.04313813,0.646154,1125,579,386,0.86,99.88,60.88,18.46,180.10,0.950677521,-0.159982361,0.244984285,0.102959195,-0.6144880,-0.6507327,0.6600090
seq-05/frame-000690,1,0.02942278,1.216118,1183,601,447,0.88,83.05,60.23,15.72,159.88,0.952122646,-0.159987132,0.242321885,0.095638322,-0.5850729,-0.6619273,0.6732985
seq-05/frame-000691,1,0.02682852,0.918126,1471,805,599,0.98,95.19,83.36,17.07,196.61,0.952789698,-0.153482797,0.244150524,0.095001806,-0.5833018,-0.6581897,0.6806217
seq-05/frame-000692,1,0.02362782,0.935461,1342,713,540,1.21,97.31,71.51,14.22,184.25,0.953447491,-0.146595922,0.246200390,0.093983429,-0.5854959,-0.6619970,0.6899113
seq-05/frame-000693,1,0.02687438,0.975025,1349,752,557,1.21,87.94,86.43,23.42,199.00,0.953964569,-0.144794631,0.245557648,0.093207064,-0.5863558,-0.6714169,0.6885736
seq-05/frame-000694,1,0.02862387,0.918016,1608,903,704,0.94,103.81,88.70,23.25,216.71,0.953866711,-0.137224710,0.251039191,0.091032966,-0.5909054,-0.6735497,0.6917219
seq-05/frame-000695,1,0.02674779,0.892225,1622,915,729,1.32,96.25,84.66,14.87,197.10,0.954105212,-0.133868341,0.251730498,0.091620241,-0.5848045,-0.6699438,0.6981601
seq-05/frame-000696,1,0.02244294,0.884424,1634,887,583,2.10,101.84,93.40,26.21,223.56,0.952542366,-0.125699400,0.261511570,0.092056505,-0.5968342,-0.6614880,0.7414112
seq-05/frame-000697,1,0.02856996,1.090594,1802,970,767,1.31,116.77,104.41,21.24,243.73,0.954192505,-0.127816289,0.255607837,0.088568010,-0.5889266,-0.6779014,0.7014953
seq-05/frame-000698,1,0.02904529,1.059504,1368,712,538,1.66,95.91,82.68,16.97,197.24,0.953956721,-0.124907881,0.257277154,0.090404988,-0.5899602,-0.6921857,0.7031454
seq-05/frame-000699,1,0.02531721,1.135090,1823,987,770,1.21,121.07,108.18,19.95,250.40,0.954200868,-0.120487822,0.259313972,0.087975288,-0.5874777,-0.6822265,0.7081961
seq-05/frame-000700,1,0.02292652,0.822413,1611,924,709,1.91,109.32,94.16,19.65,225.05,0.952973461,-0.119694656,0.263503446,0.089892746,-0.5841135,-0.6892308,0.7144532
seq-05/frame-000701,1,0.02620845,1.047196,1721,974,771,2.31,111.42,103.78,11.05,228.55,0.952679241,-0.118248028,0.265299970,0.089641474,-0.5855344,-0.6912133,0.7166485
seq-05/frame-000702,1,0.02728516,1.283106,1660,924,738,1.07,108.79,100.70,12.84,223.41,0.952690320,-0.117585044,0.266285022,0.087448261,-0.5837184,-0.6915603,0.7188800
seq-05/frame-000703,1,0.03025425,1.051276,1734,1064,860,2.20,99.63,93.88,13.06,208.77,0.951452720,-0.115057467,0.271054689,0.089603889,-0.5837042,-0.6981242,0.7224621
seq-05/frame-000704,1,0.02642868,1.161218,1816,963,797,1.39,104.01,120.47,19.99,245.87,0.950909675,-0.113687045,0.273726003,0.088995062,-0.5800649,-0.6942757,0.7297758
seq-05/frame-000705,1,0.02815492,1.195123,1699,1094,915,1.04,108.31,128.15,23.16,260.66,0.950469847,-0.113602488,0.275252611,0.089092898,-0.5805299,-0.6977951,0.7344696
seq-05/frame-000706,1,0.02619517,1.232990,1625,924,765,0.96,87.39,114.22,22.80,225.37,0.950170067,-0.112889015,0.276591720,0.089050184,-0.5806974,-0.7008459,0.7405304
seq-05/frame-000707,1,0.01436407,0.902320,1631,1033,826,3.76,111.14,104.95,26.67,246.53,0.948740887,-0.105820128,0.283735487,0.090482064,-0.5858706,-0.6894574,0.7730616
seq-05/frame-000708,1,0.02849091,1.259714,1850,1024,815,0.97,103.88,128.77,23.13,256.76,0.949860376,-0.107724945,0.280462426,0.086610802,-0.5753168,-0.7012753,0.7498826
seq-05/frame-000709,1,0.01837521,0.817165,1788,1112,865,1.02,119.83,121.36,23.42,265.63,0.947484436,-0.103833980,0.288402931,0.091189348,-0.5875303,-0.6895323,0.7845447
seq-05/frame-000710,1,0.01849234,0.798333,1808,1128,905,1.01,105.14,121.76,22.83,250.74,0.947327120,-0.103090741,0.288845490,0.092260008,-0.5850711,-0.6904884,0.7908909
seq-05/frame-000711,1,0.01628247,0.620179,1656,1110,888,0.94,106.47,112.67,12.31,232.40,0.946739054,-0.104155484,0.290780113,0.091014967,-0.5834256,-0.6965880,0.8002380
seq-05/frame-000712,1,0.01852705,0.875715,1730,1171,978,1.17,111.82,124.12,15.32,252.42,0.946662511,-0.099058831,0.293428600,0.088978055,-0.5804040,-0.6935695,0.8042314
seq-05/frame-000713,1,0.01726535,0.768499,1789,1231,1042,1.33,110.89,114.55,25.20,251.97,0.946661887,-0.097114961,0.293883860,0.089622732,-0.5759108,-0.6950766,0.8065681
seq-05/frame-000714,1,0.01356201,0.796325,1860,1209,1008,1.92,109.57,144.16,19.99,275.64,0.946186252,-0.096116258,0.295368744,0.090832519,-0.5734644,-0.7018697,0.8123987
seq-05/frame-000715,1,0.01306743,0.822780,1748,1197,1001,2.13,109.75,143.24,30.95,286.07,0.945399172,-0.096038382,0.297673029,0.091584946,-0.5713219,-0.7051957,0.8196868
seq-05/frame-000716,1,0.01766893,0.899664,1692,1178,989,0.93,98.65,136.35,33.79,269.72,0.943441967,-0.092221832,0.304911749,0.091876081,-0.5697122,-0.7098186,0.8335524
seq-05/frame-000717,1,0.01052594,0.823435,1891,1317,1120,2.03,111.44,177.37,24.22,315.06,0.943011921,-0.091630731,0.306182741,0.092652339,-0.5667496,-0.7132539,0.8280194
seq-05/frame-000718,1,0.01436395,0.673818,1788,1302,1123,0.99,95.91,153.91,44.33,295.15,0.942232261,-0.089626914,0.307383812,0.098389908,-0.5635165,-0.7115948,0.8372216
seq-05/frame-000719,1,0.01783643,0.766852,1702,1203,1033,1.84,133.73,155.32,34.20,325.11,0.941772409,-0.087645269,0.309674407,0.097389932,-0.5624209,-0.7118933,0.8434555
seq-05/frame-000720,1,0.01198673,0.982578,1618,1156,964,1.41,114.57,126.58,48.10,290.67,0.940672264,-0.089929695,0.313259122,0.094430206,-0.5609615,-0.7252809,0.8464074
seq-05/frame-000721,1,0.00718131,0.615515,2104,1469,1252,1.88,124.48,176.71,34.52,337.59,0.938995793,-0.086172123,0.318249563,0.097869721,-0.5561583,-0.7239794,0.8452587
seq-05/frame-000722,1,0.01668462,0.726970,2022,1360,1162,0.96,145.32,166.24,23.43,335.96,0.938691430,-0.086307415,0.318593054,0.099538407,-0.5547750,-0.7228797,0.8419568
seq-05/frame-000723,1,0.01094721,0.662145,1747,1241,1049,2.07,144.33,153.79,41.29,341.48,0.936573498,-0.084833820,0.325570373,0.098169438,-0.5496813,-0.7232845,0.8618225
seq-05/frame-000724,1,0.00219369,0.685558,1988,1423,1230,0.96,202.68,106.56,10.03,320.23,0.935595774,-0.086543782,0.328346390,0.096743830,-0.5458247,-0.7322194,0.8632453
seq-05/frame-000725,1,0.00175155,0.586900,1841,1322,1152,0.97,188.18,93.38,12.24,294.77,0.933693830,-0.085896991,0.333442327,0.098253519,-0.5410224,-0.7367394,0.8702622
seq-05/frame-000726,1,0.00688030,0.506435,1984,1422,1229,0.99,181.14,105.92,9.05,297.11,0.932934663,-0.084169731,0.335507432,0.099915635,-0.5414316,-0.7323639,0.8680710
seq-05/frame-000727,1,0.01454816,0.782499,1721,1229,1043,0.94,149.63,100.94,22.33,273.85,0.931063255,-0.088657722,0.339103355,0.101340700,-0.5324356,-0.7433124,0.8684097
seq-05/frame-000728,1,0.01060242,0.591653,1977,1410,1227,0.97,132.03,102.28,10.64,245.93,0.929337945,-0.087397414,0.342795318,0.105754649,-0.5315896,-0.7398538,0.8753126
seq-05/frame-000729,1,0.02818130,0.829110,1620,1217,1047,0.89,144.90,92.81,32.14,270.75,0.929239392,-0.093118707,0.341189065,0.106925590,-0.5207703,-0.7459691,0.8677489
seq-05/frame-000730,1,0.01717731,0.658405,1771,1299,1127,0.96,125.04,83.95,13.71,223.66,0.927235741,-0.094264842,0.345284429,0.110121221,-0.5183270,-0.7420613,0.8823416
seq-05/frame-000731,1,0.01893029,0.878511,1370,1052,907,0.90,104.19,77.41,9.98,192.47,0.925015994,-0.099726972,0.348864087,0.112666723,-0.5058665,-0.7500471,0.8938617
seq-05/frame-000732,1,0.02130018,0.889414,1568,1168,1028,0.92,106.12,94.26,22.57,223.88,0.923545115,-0.101085003,0.352505566,0.112187652,-0.5014554,-0.7475532,0.8938025
seq-05/frame-000733,1,0.01233832,0.773553,1756,1309,1160,0.95,94.57,85.37,21.00,201.90,0.920797423,-0.101969647,0.358259379,0.115691463,-0.4911170,-0.7442237,0.9109744
seq-05/frame-000734,1,0.01479197,0.866873,1795,1369,1200,0.97,114.47,119.78,12.07,247.28,0.919943484,-0.102735611,0.359752605,0.117164171,-0.4874787,-0.7459850,0.9145367
seq-05/frame-000735,1,0.01581651,0.673583,1857,1373,1183,0.95,117.04,102.82,17.15,237.97,0.919221210,-0.102221587,0.360520683,0.120863359,-0.4845035,-0.7417154,0.9148172
seq-05/frame-000736,1,0.00816133,0.492890,1779,1411,1221,0.95,140.57,97.50,19.37,258.39,0.918270881,-0.100477227,0.361726134,0.125845617,-0.4730837,-0.7362861,0.9306097
seq-05/frame-000737,1,0.00916822,0.512556,1827,1380,1204,0.96,130.09,92.04,14.76,237.85,0.918353953,-0.100577010,0.361754977,0.125074454,-0.4671693,-0.7378513,0.9336916
seq-05/frame-000738,1,0.01049351,0.463046,1744,1339,1177,0.97,133.17,89.99,17.41,241.54,0.917647633,-0.099751512,0.362809264,0.127835425,-0.4604685,-0.7376812,0.9392689
seq-05/frame-000739,1,0.00981337,0.545773,1832,1408,1238,1.02,145.35,85.21,33.50,265.08,0.918307579,-0.100497375,0.361035879,0.127532594,-0.4551709,-0.7391888,0.9442716
seq-05/frame-000740,1,0.01484718,0.730542,1727,1318,1164,0.96,110.90,100.10,14.98,226.95,0.918631986,-0.102257286,0.359954533,0.126852103,-0.4478752,-0.7438622,0.9438849
seq-05/frame-000741,1,0.01679237,0.608110,1827,1340,1185,0.95,126.64,108.46,9.41,245.46,0.917715012,-0.103277141,0.360949102,0.129802677,-0.4414576,-0.7416472,0.9480063
seq-05/frame-000742,1,0.01677395,0.768706,1811,1379,1228,1.06,128.62,85.85,15.25,230.79,0.917838811,-0.105503301,0.359842084,0.130210007,-0.4349740,-0.7430264,0.9527183
seq-05/frame-000743,1,0.01617605,1.028944,1597,1258,1117,0.93,113.82,71.92,13.04,199.71,0.917516917,-0.108765491,0.361569048,0.124902358,-0.4235240,-0.7468319,0.9650364
seq-05/frame-000744,1,0.01553827,0.609518,1716,1346,1191,1.01,103.72,88.11,17.57,210.41,0.917388919,-0.107257880,0.362434551,0.124637531,-0.4219253,-0.7394203,0.9647587
seq-05/frame-000745,1,0.01427563,0.614299,1657,1342,1209,0.95,99.10,84.22,8.55,192.83,0.917776210,-0.108097687,0.360998328,0.125227492,-0.4184092,-0.7392837,0.9694955
seq-05/frame-000746,1,0.00952781,0.562919,1547,1299,1162,1.33,106.25,88.33,18.10,214.02,0.918000639,-0.110156749,0.361407002,0.120520939,-0.4045345,-0.7404227,0.9842349
seq-05/frame-000747,1,0.01617408,0.566596,1639,1336,1180,0.94,95.06,81.19,9.31,186.51,0.918572462,-0.108304332,0.360778193,0.119724264,-0.4039135,-0.7372551,0.9785455
seq-05/frame-000748,1,0.01189859,0.652033,1668,1343,1201,0.97,112.17,71.50,14.95,199.59,0.919322620,-0.111806768,0.359358120,0.114921316,-0.3921966,-0.7403548,0.9928407
seq-05/frame-000749,1,0.01420706,0.754708,1653,1352,1228,2.84,109.64,87.62,10.72,210.84,0.919533921,-0.112914619,0.358710916,0.114167143,-0.3876027,-0.7407380,0.9938388
seq-05/frame-000750,1,0.00966569,0.523177,1638,1364,1240,0.97,97.98,93.67,13.23,205.85,0.919415657,-0.112491370,0.359134951,0.114204324,-0.3839876,-0.7372140,1.0010875
seq-05/frame-000751,1,0.01237539,0.484487,1582,1325,1182,0.96,85.13,69.74,13.23,169.06,0.920312280,-0.111763452,0.357613188,0.112459083,-0.3734143,-0.7350202,1.0049825
seq-05/frame-000752,1,0.01320269,0.821814,1468,1237,1097,0.89,94.41,72.02,11.22,178.55,0.919464248,-0.116855710,0.358836971,0.110300810,-0.3660579,-0.7427459,1.0134596
seq-05/frame-000753,1,0.01262703,0.650184,1609,1324,1204,0.96,113.87,76.30,13.03,204.17,0.918884986,-0.115860783,0.360100632,0.112045511,-0.3632124,-0.7383653,1.0139030
seq-05/frame-000754,1,0.01114336,0.557823,1514,1281,1145,0.94,82.18,81.87,8.23,173.23,0.919296737,-0.119048669,0.358207427,0.111392833,-0.3508420,-0.7356117,1.0245927
seq-05/frame-000755,1,0.00923066,0.548421,1386,1205,1089,0.92,93.59,69.27,16.10,179.90,0.918672637,-0.119873234,0.360132127,0.109434202,-0.3440006,-0.7364269,1.0334004
seq-05/frame-000756,1,0.01484192,0.576792,1589,1332,1195,0.94,115.35,68.22,21.04,205.55,0.919225208,-0.121102644,0.358813797,0.107758184,-0.3340878,-0.7337164,1.0296628
seq-05/frame-000757,1,0.01248503,0.552544,1564,1310,1168,0.94,86.77,80.15,24.35,192.21,0.918780059,-0.122790459,0.359753887,0.106502803,-0.3284813,-0.7333583,1.0375729
seq-05/frame-000758,1,0.01453589,0.594333,1597,1363,1201,0.96,84.43,82.64,15.31,183.34,0.919171872,-0.123839104,0.359068277,0.104196535,-0.3236084,-0.7327220,1.0378553
seq-05/frame-000759,1,0.01538604,0.590777,1450,1240,1111,0.91,99.91,64.42,19.42,184.67,0.920985767,-0.127122855,0.354474671,0.099863427,-0.3163719,-0.7303749,1.0436376
seq-05/frame-000760,1,0.01497050,0.554524,1615,1331,1171,1.43,72.25,76.47,15.31,165.46,0.922439028,-0.129309977,0.350775755,0.096651637,-0.3099773,-0.7275613,1.0468868
seq-05/frame-000761,1,0.01443352,0.631875,1626,1360,1222,0.95,86.05,75.19,21.73,183.93,0.923032586,-0.132582842,0.348755494,0.093820257,-0.3023266,-0.7298699,1.0545216
seq-05/frame-000762,1,0.01599658,0.580831,1526,1287,1155,1.50,96.74,95.82,17.01,211.07,0.923609380,-0.135619982,0.347457158,0.088467265,-0.2900637,-0.7281227,1.0592699
seq-05/frame-000763,1,0.01791658,0.494137,1629,1308,1178,0.92,87.46,71.31,25.38,185.08,0.923323653,-0.136720581,0.347624036,0.089097943,-0.2863646,-0.7265969,1.0590583
seq-05/frame-000764,1,0.01643413,0.401572,1492,1240,1089,0.90,83.18,74.83,14.22,173.13,0.923281744,-0.138605501,0.346942137,0.089277597,-0.2828538,-0.7236794,1.0630782
seq-05/frame-000765,1,0.01957341,0.453524,1366,1127,994,0.89,98.46,59.78,11.81,170.93,0.924745046,-0.144804416,0.340125182,0.090515975,-0.2708713,-0.7207861,1.0668590
seq-05/frame-000766,1,0.01572313,0.429918,1478,1197,1061,0.91,101.30,181.95,22.04,306.20,0.925749173,-0.148229862,0.336654625,0.087635836,-0.2665786,-0.7195261,1.0744396
seq-05/frame-000767,1,0.01789086,0.528292,1628,1316,1166,0.95,87.24,197.42,56.03,341.64,0.926901872,-0.150565113,0.333123956,0.084920527,-0.2600800,-0.7190885,1.0764683
seq-05/frame-000768,1,0.01342854,0.332159,1364,1135,1005,0.89,79.41,68.57,97.49,246.37,0.928991277,-0.154069592,0.326562376,0.081208266,-0.2557147,-0.7173369,1.0839816
seq-05/frame-000769,1,0.01010241,0.244805,1403,1160,1031,0.91,65.46,60.05,8.22,134.64,0.930155390,-0.155384094,0.323016363,0.079543465,-0.2514945,-0.7150417,1.0900360
seq-05/frame-000770,1,0.01342119,0.519611,1315,1079,937,0.89,74.62,67.38,137.44,280.34,0.932104083,-0.154184951,0.318021705,0.079190749,-0.2489146,-0.7115315,1.0869890
seq-05/frame-000771,1,0.01461013,0.433937,1736,1400,1209,0.95,87.74,243.68,30.71,363.08,0.935384165,-0.158243863,0.308129416,0.071215207,-0.2389730,-0.7130064,1.0899412
seq-05/frame-000772,1,0.01055780,0.294516,1694,1431,1240,0.94,84.93,239.71,23.21,348.81,0.935704014,-0.159863923,0.306727672,0.069423769,-0.2362945,-0.7114997,1.0956433
seq-05/frame-000773,1,0.01022325,0.404204,1510,1232,1075,0.93,64.56,256.14,48.29,369.92,0.937126202,-0.160926004,0.302390635,0.066762312,-0.2316747,-0.7122154,1.0958820
seq-05/frame-000774,1,0.01114537,0.399926,1667,1366,1198,0.93,262.90,131.01,17.20,412.05,0.938473783,-0.161245357,0.299169858,0.061353806,-0.2249327,-0.7075355,1.1006973
seq-05/frame-000775,1,0.00769096,0.213292,1580,1330,1149,0.92,255.37,131.84,28.44,416.57,0.939180390,-0.160762739,0.297284993,0.060968591,-0.2221104,-0.7090918,1.1010775
seq-05/frame-000776,1,0.01240323,0.443547,1394,1150,974,0.90,268.27,112.50,17.91,399.58,0.940957746,-0.159461058,0.292469492,0.060268467,-0.2186432,-0.7061419,1.0960250
seq-05/frame-000777,1,0.00809044,0.348312,1722,1378,1191,1.55,146.35,126.82,11.22,285.94,0.942567090,-0.162247271,0.286778845,0.054781366,-0.2124962,-0.7080286,1.1021533
seq-05/frame-000778,1,0.01231101,0.393995,1699,1394,1210,1.58,152.12,117.86,21.79,293.35,0.943777586,-0.162158914,0.283036149,0.053655315,-0.2077983,-0.7078698,1.0954560
seq-05/frame-000779,1,0.00911807,0.356613,1632,1337,1148,0.96,141.63,118.53,10.12,271.25,0.944380269,-0.163510000,0.280959130,0.049722778,-0.2049057,-0.7098799,1.0990733
seq-05/frame-000780,1,0.01124393,0.363474,1696,1325,1135,0.97,101.78,126.74,21.14,250.65,0.944439029,-0.163619842,0.281423142,0.045436577,-0.1960841,-0.7117851,1.0967454
seq-05/frame-000781,1,0.01061705,0.398889,1730,1403,1181,0.98,119.25,108.40,20.19,248.83,0.944802566,-0.162618346,0.280893016,0.044749281,-0.1955750,-0.7088690,1.0960451
seq-05/frame-000782,1,0.01212417,0.563358,1673,1326,1095,0.95,130.39,106.24,19.62,257.21,0.945669523,-0.161658603,0.278248286,0.046406254,-0.1917152,-0.7058020,1.0963059
seq-05/frame-000783,1,0.01469558,0.587874,1754,1361,1157,3.35,128.12,120.04,26.51,278.02,0.946996437,-0.162650332,0.273140699,0.046225272,-0.1855834,-0.7073582,1.0895536
seq-05/frame-000784,1,0.01395113,0.542774,1618,1265,1079,1.17,104.31,99.37,12.57,217.42,0.948059038,-0.163281113,0.269621376,0.042751046,-0.1815806,-0.7089074,1.0885905
seq-05/frame-000785,1,0.01320703,0.558032,1391,1082,921,1.21,109.88,91.34,22.33,224.76,0.948815174,-0.164498222,0.266541184,0.040569673,-0.1825174,-0.7082395,1.0871544
seq-05/frame-000786,1,0.01734478,0.651927,1466,1126,932,1.60,96.51,100.70,19.68,218.50,0.950349476,-0.168084954,0.259181725,0.037525407,-0.1737311,-0.7121301,1.0843085
seq-05/frame-000787,1,0.01675071,0.717304,1419,1039,868,0.95,101.81,94.92,10.44,208.12,0.952371307,-0.169546101,0.251418721,0.032119158,-0.1706603,-0.7095150,1.0823318
seq-05/frame-000788,1,0.01538150,0.666556,1434,1072,907,0.94,112.45,79.92,29.11,222.42,0.953231782,-0.172150071,0.246688109,0.029300163,-0.1706348,-0.7133642,1.0806992
seq-05/frame-000789,1,0.01321579,0.644816,1549,1202,1035,0.94,122.51,83.38,14.93,221.77,0.954050470,-0.173340833,0.242969724,0.026577594,-0.1670427,-0.7122506,1.0839074
seq-05/frame-000790,1,0.01691776,0.819697,1349,1007,848,0.94,116.89,75.06,19.01,211.91,0.955714304,-0.174389851,0.235913466,0.023306340,-0.1648478,-0.7126202,1.0769356
seq-05/frame-000791,1,0.02279658,0.915891,1103,822,697,0.91,104.70,58.04,20.88,184.53,0.957216654,-0.176252090,0.228434943,0.022112323,-0.1619125,-0.7148388,1.0674474
seq-05/frame-000792,1,0.02036568,0.867963,1207,888,748,2.50,92.73,67.04,13.96,176.24,0.958022636,-0.178578413,0.223109661,0.022901067,-0.1599749,-0.7176634,1.0680473
seq-05/frame-000793,1,0.02369121,1.090411,1201,843,729,0.89,79.91,62.23,23.23,166.26,0.958978419,-0.180328649,0.217661603,0.021573084,-0.1602233,-0.7197720,1.0620508
seq-05/frame-000794,1,0.01798181,0.896971,1622,1239,1034,0.91,103.01,99.48,19.17,222.58,0.959949639,-0.185626727,0.209476301,0.012613053,-0.1547194,-0.7227237,1.0681908
seq-05/frame-000795,1,0.02369567,1.127620,1395,965,830,0.98,95.09,79.92,15.06,191.07,0.960791799,-0.185939817,0.205464236,0.009484296,-0.1548509,-0.7204634,1.0600932
seq-05/frame-000796,1,0.01566994,0.972782,1390,994,838,0.92,91.98,86.28,17.60,196.77,0.960929953,-0.187604731,0.203295385,0.009438017,-0.1540748,-0.7217740,1.0682910
seq-05/frame-000797,1,0.03029669,1.417825,1119,759,637,0.98,88.54,56.65,13.65,159.83,0.963220860,-0.187346688,0.192474820,0.007761253,-0.1537343,-0.7188761,1.0467232
seq-05/frame-000798,1,0.02621471,1.372270,1254,918,762,1.22,104.47,73.84,15.01,194.54,0.963847926,-0.188170723,0.188458641,0.008502657,-0.1548374,-0.7196711,1.0480224
seq-05/frame-000799,1,0.01765525,0.946570,1499,1065,883,0.89,88.86,85.75,13.25,188.75,0.963505598,-0.195430972,0.182829001,0.006103588,-0.1486148,-0.7318999,1.0504701
seq-05/frame-000800,1,0.01642513,0.973842,1749,1306,1110,3.35,84.73,99.72,26.32,214.12,0.963485370,-0.196453606,0.181910009,0.003266570,-0.1489119,-0.7282897,1.0520722
seq-05/frame-000801,1,0.02543808,1.172152,1509,1011,882,0.87,104.28,83.07,15.38,203.60,0.964741566,-0.198855046,0.172374927,-0.004155277,-0.1469403,-0.7317110,1.0317801
seq-05/frame-000802,1,0.03085019,1.479755,1613,1065,920,0.92,93.64,84.35,26.74,205.65,0.965128432,-0.197163446,0.172082714,-0.006420616,-0.1508892,-0.7233751,1.0267631
seq-05/frame-000803,1,0.01969650,0.842310,1497,1005,858,1.41,92.71,85.97,10.90,190.99,0.964096040,-0.204859495,0.168918568,-0.004234343,-0.1416292,-0.7382616,1.0314253
seq-05/frame-000804,1,0.02940565,1.250892,1151,761,637,0.84,66.55,73.43,9.31,150.13,0.964604292,-0.204023875,0.166979247,-0.005545298,-0.1490929,-0.7287279,1.0177900
seq-05/frame-000805,1,0.02382766,1.112153,1104,724,625,0.84,85.94,66.01,11.24,164.03,0.964419311,-0.209439948,0.161194682,-0.006824645,-0.1442196,-0.7315718,1.0189769
seq-05/frame-000806,1,0.02045599,1.210757,1458,1003,844,1.06,100.04,99.62,22.09,222.81,0.964028193,-0.213584188,0.158080625,-0.006477121,-0.1471011,-0.7255945,1.0178477
seq-05/frame-000807,1,0.02905869,1.298975,1213,837,717,0.83,102.96,76.86,22.11,202.76,0.964337342,-0.216505516,0.151858978,-0.010849105,-0.1475632,-0.7271047,1.0019608
seq-05/frame-000808,1,0.03316502,1.242186,1224,839,719,1.05,97.94,79.93,15.93,194.85,0.964397795,-0.222755168,0.141997142,-0.012403202,-0.1375695,-0.7365757,0.9925552
seq-05/frame-000809,1,0.02745746,1.219626,1497,929,794,0.88,116.69,96.75,23.67,237.99,0.964992890,-0.220431160,0.141562404,-0.012606021,-0.1422374,-0.7294794,0.9938124
seq-05/frame-000810,1,0.01915460,1.154515,1518,1013,844,0.88,95.67,107.02,21.50,225.07,0.964841227,-0.221267022,0.141301316,-0.012499956,-0.1454192,-0.7290032,0.9996944
seq-05/frame-000811,1,0.04088459,2.056251,951,716,609,0.83,76.33,59.70,25.69,162.55,0.966435089,-0.225620584,0.121213768,-0.020144282,-0.1405555,-0.7329349,0.9672815
seq-05/frame-000812,1,0.03207320,1.265519,1002,652,567,0.84,103.29,69.95,22.43,196.50,0.965731321,-0.230597860,0.116165396,-0.026329532,-0.1430536,-0.7366407,0.9643841
seq-05/frame-000813,1,0.03364846,1.401313,920,640,543,0.81,85.28,57.29,25.24,168.62,0.966111799,-0.231704967,0.110644787,-0.026429727,-0.1438485,-0.7321337,0.9582556
seq-05/frame-000814,1,0.02856994,1.118358,968,671,581,4.28,84.55,56.99,15.00,160.83,0.965089305,-0.238991294,0.102841743,-0.030155783,-0.1403662,-0.7405090,0.9566870
seq-05/frame-000815,1,0.03012198,1.255598,839,585,484,0.81,73.86,57.97,15.21,147.85,0.965036616,-0.240595455,0.098348039,-0.033849958,-0.1458271,-0.7356459,0.9497852
seq-05/frame-000816,1,0.02827646,1.060435,978,620,526,1.07,92.50,51.38,14.63,159.58,0.963725425,-0.248562035,0.089876889,-0.037045452,-0.1410224,-0.7438519,0.9458668
seq-05/frame-000817,1,0.03713366,1.429779,1027,735,631,0.81,90.73,57.90,14.99,164.44,0.964211610,-0.248395348,0.084724451,-0.037649570,-0.1387591,-0.7356677,0.9333389
seq-05/frame-000818,1,0.03211957,1.365029,1133,774,664,1.75,103.14,58.78,19.46,183.14,0.963833548,-0.251651137,0.078048429,-0.040062941,-0.1327892,-0.7385893,0.9260540
seq-05/frame-000819,1,0.03932450,1.533285,1243,802,706,1.72,92.34,71.68,19.38,185.13,0.964322520,-0.252173244,0.069166051,-0.041313310,-0.1319213,-0.7332868,0.9134967
seq-05/frame-000820,1,0.03743509,1.392473,1123,843,729,1.02,96.36,86.11,12.00,195.49,0.963920480,-0.254282913,0.067823851,-0.039967905,-0.1343685,-0.7347214,0.9082606
seq-05/frame-000821,1,0.04974550,1.845241,956,685,602,1.93,75.37,60.88,12.84,151.01,0.964082007,-0.255676826,0.059655185,-0.040205763,-0.1215571,-0.7313747,0.8934291
seq-05/frame-000822,1,0.03768844,1.498435,1043,784,694,1.08,83.28,61.43,29.73,175.53,0.962866335,-0.260862373,0.056183018,-0.041020865,-0.1229983,-0.7333562,0.8985034
seq-05/frame-000823,1,0.03688996,1.404394,1162,828,733,0.86,91.64,86.71,14.92,194.12,0.962597241,-0.261700032,0.057020825,-0.040844469,-0.1314466,-0.7305669,0.8912148
seq-05/frame-000824,1,0.04519452,1.631396,914,665,563,2.18,74.24,54.91,11.22,142.55,0.961575233,-0.267738350,0.045315606,-0.040444319,-0.1058089,-0.7383843,0.8837040
seq-05/frame-000825,1,0.03089834,1.057298,970,685,572,0.81,76.36,68.11,19.44,164.73,0.959758944,-0.273434346,0.046922495,-0.043528238,-0.1235533,-0.7377870,0.8826765
seq-05/frame-000826,1,0.03679795,1.298317,1040,722,623,0.92,84.22,63.54,35.62,184.30,0.959400656,-0.275547740,0.041606685,-0.043505265,-0.1116268,-0.7355079,0.8740341
seq-05/frame-000827,1,0.04080402,1.304219,965,648,546,1.34,87.34,41.57,15.72,145.98,0.958000701,-0.280507694,0.038755268,-0.045256148,-0.1099577,-0.7380391,0.8627775
seq-05/frame-000828,1,0.04222276,1.544295,1302,912,797,0.86,105.51,73.92,16.13,196.43,0.958062578,-0.280162372,0.039699099,-0.045267249,-0.1103950,-0.7259497,0.8565557
seq-05/frame-000829,1,0.04664094,1.821278,1353,928,798,0.87,103.93,76.49,23.75,205.04,0.958766376,-0.277978180,0.037934745,-0.045344501,-0.1089839,-0.7138533,0.8475096
seq-05/frame-000830,1,0.03838105,1.528036,1343,978,837,0.84,103.56,83.40,14.27,202.07,0.957963269,-0.280949407,0.035047805,-0.046319080,-0.1090793,-0.7170186,0.8466854
seq-05/frame-000831,1,0.03608436,1.359961,1467,1055,922,0.88,112.80,95.38,34.51,243.58,0.957389744,-0.282896629,0.033691453,-0.047320824,-0.1095275,-0.7180197,0.8393909
seq-05/frame-000832,1,0.04051165,1.797479,1133,673,544,0.84,78.41,76.80,12.24,168.29,0.957934188,-0.281740242,0.029626248,-0.045900027,-0.1018573,-0.7108341,0.8237274
seq-05/frame-000833,1,0.04737334,1.671817,1246,848,716,0.86,97.29,57.82,19.06,175.02,0.956242089,-0.288233565,0.021173031,-0.045543183,-0.0949391,-0.7087227,0.8116845
seq-05/frame-000834,1,0.04236074,1.488446,1161,786,649,1.28,83.63,63.17,7.79,155.88,0.955619910,-0.290417383,0.021110891,-0.044751113,-0.0989284,-0.7057000,0.8091638
seq-05/frame-000835,1,0.04616704,1.614601,1113,600,468,0.85,100.04,54.71,11.53,167.14,0.954073903,-0.295059868,0.018358070,-0.048431837,-0.0943442,-0.7079581,0.8009166
seq-05/frame-000836,1,0.04256708,1.580887,1639,1059,877,0.90,101.91,78.92,13.15,194.88,0.953748303,-0.295967061,0.020246092,-0.048556857,-0.0965581,-0.6963626,0.7999322
seq-05/frame-000837,1,0.04223368,1.585022,1480,981,818,0.91,86.70,77.62,12.63,177.87,0.953536601,-0.297119628,0.016497495,-0.047071325,-0.0918969,-0.6958787,0.7967888
seq-05/frame-000838,1,0.04534762,1.747212,1634,1083,884,0.93,83.66,98.40,22.77,205.76,0.954538989,-0.294314188,0.013629430,-0.045262752,-0.0905435,-0.6900451,0.7932765
seq-05/frame-000839,1,0.03920673,1.410110,1815,1118,926,0.97,93.76,107.92,18.95,221.61,0.953981063,-0.296495455,0.013079635,-0.042889404,-0.0911419,-0.6957366,0.7906217
seq-05/frame-000840,1,0.03512396,1.380287,1598,993,815,0.90,75.51,93.58,13.08,183.08,0.954376839,-0.295734737,0.012939243,-0.039222309,-0.0874451,-0.6953367,0.7929910
seq-05/frame-000841,1,0.03721680,1.534577,1364,752,564,0.87,75.73,61.57,18.85,157.03,0.956230571,-0.289945610,0.011490033,-0.037717605,-0.0827148,-0.6921522,0.7904844
seq-05/frame-000842,1,0.02151933,1.066611,1492,906,720,1.04,90.22,87.96,17.73,196.96,0.957169294,-0.286424810,0.017512742,-0.038484725,-0.1029707,-0.6895219,0.7973609
seq-05/frame-000843,1,0.03905339,1.614275,1320,687,528,0.86,73.82,56.33,14.68,145.70,0.958064981,-0.283389214,0.006295868,-0.041981041,-0.0740624,-0.6962271,0.7847405
seq-05/frame-000844,1,0.02914388,1.340792,1147,643,487,0.85,69.74,55.10,11.82,137.51,0.958908563,-0.279996696,0.007753544,-0.045123177,-0.0809083,-0.7002674,0.7839335
seq-05/frame-000845,1,0.02935668,1.438318,1015,650,505,0.83,53.01,57.33,11.39,122.55,0.960944510,-0.273366184,0.003723343,-0.042926862,-0.0764408,-0.6995650,0.7805132
seq-05/frame-000846,1,0.03586437,1.316305,1226,833,668,0.87,83.37,72.39,24.72,181.36,0.961291378,-0.272561165,-0.002636470,-0.040278368,-0.0699751,-0.7108894,0.7708323
seq-05/frame-000847,1,0.03454087,1.929633,1134,724,589,0.84,81.28,75.41,14.32,171.86,0.963393977,-0.264821750,-0.010245728,-0.040453802,-0.0680858,-0.7021673,0.7698219
seq-05/frame-000848,1,0.03121527,1.356258,1204,795,646,0.87,94.34,76.70,19.20,191.11,0.963561839,-0.263747991,-0.017356831,-0.041040466,-0.0643199,-0.7086305,0.7652594
seq-05/frame-000849,1,0.03203735,1.277046,1587,1077,892,1.20,107.55,110.96,19.06,238.77,0.963665301,-0.262986885,-0.020963775,-0.041804375,-0.0624529,-0.7108889,0.7597151
seq-05/frame-000850,1,0.03076175,1.272393,1767,1107,907,1.30,122.78,123.81,20.75,268.63,0.963573021,-0.262843179,-0.022960582,-0.043741372,-0.0598126,-0.7118567,0.7571051
seq-05/frame-000851,1,0.03137491,1.239825,1653,1052,871,0.94,112.15,96.94,15.31,225.34,0.963998935,-0.261168051,-0.024185454,-0.043730605,-0.0553684,-0.7116215,0.7541023
seq-05/frame-000852,1,0.03170483,1.132395,1234,818,683,1.05,99.18,80.31,18.91,199.45,0.963979098,-0.261215365,-0.027403555,-0.041950896,-0.0546648,-0.7137786,0.7475927
seq-05/frame-000853,1,0.02974082,1.135532,1445,989,831,0.99,100.62,96.69,21.33,219.63,0.964277618,-0.259602494,-0.031894276,-0.041928214,-0.0530148,-0.7106938,0.7435983
seq-05/frame-000854,1,0.03184444,1.259275,1666,1181,1005,1.26,108.98,102.74,22.68,235.67,0.963677982,-0.261174399,-0.035902976,-0.042704300,-0.0463245,-0.7160486,0.7416465
seq-05/frame-000855,1,0.02571321,1.077595,1656,1151,967,1.02,110.58,109.93,16.91,238.45,0.963753367,-0.260772964,-0.034441928,-0.044616842,-0.0508250,-0.7153347,0.7366234
seq-05/frame-000856,1,0.03738153,1.402237,1688,1208,1015,1.81,111.44,95.51,19.77,228.54,0.962294929,-0.264206692,-0.041532311,-0.049581857,-0.0337006,-0.7186955,0.7226714
seq-05/frame-000857,1,0.03887726,1.430038,1517,1080,927,0.90,118.30,85.39,16.00,220.58,0.961941509,-0.264519197,-0.043508969,-0.052963175,-0.0307349,-0.7190132,0.7149808
seq-05/frame-000858,1,0.03740590,1.342667,1511,902,739,1.31,102.40,78.77,13.84,196.32,0.961872486,-0.264142107,-0.044470540,-0.055250686,-0.0278317,-0.7140886,0.7084867
seq-05/frame-000859,1,0.03302289,1.204154,1829,1228,1028,1.68,100.67,104.74,16.23,223.32,0.961014425,-0.267396509,-0.042771197,-0.055865980,-0.0283086,-0.7167878,0.7040931
seq-05/frame-000860,1,0.02991893,1.136943,1468,1103,968,1.15,93.43,79.76,39.38,213.73,0.961826931,-0.264671324,-0.043608855,-0.054187746,-0.0276752,-0.7098337,0.6969074
seq-05/frame-000861,1,0.03078751,1.025370,1070,727,582,1.46,80.47,51.85,20.26,154.04,0.960885646,-0.267803662,-0.045663619,-0.053803415,-0.0281893,-0.7136037,0.6863385
seq-05/frame-000862,1,0.02596091,1.097471,1717,1301,1112,1.58,100.15,101.84,24.46,228.04,0.957881359,-0.277923731,-0.047766955,-0.054221946,-0.0217597,-0.7196651,0.6818190
seq-05/frame-000863,1,0.03140828,1.072534,1072,784,638,0.88,75.18,46.54,21.26,143.86,0.958211890,-0.276743363,-0.048269291,-0.053973703,-0.0177745,-0.7144634,0.6662661
seq-05/frame-000864,1,0.02959372,1.130023,1124,852,696,0.87,87.52,70.55,13.69,172.63,0.955461139,-0.285587303,-0.048888041,-0.056070176,-0.0170082,-0.7202535,0.6638170
seq-05/frame-000865,1,0.02894852,0.929561,1070,778,642,0.85,77.63,68.67,9.66,156.82,0.954577169,-0.288264694,-0.049408989,-0.056961804,-0.0160996,-0.7182426,0.6536803
seq-05/frame-000866,1,0.03031374,0.958148,965,632,499,0.83,71.05,54.61,23.93,150.41,0.953030170,-0.292714925,-0.050024175,-0.059573906,-0.0146168,-0.7135034,0.6422716
seq-05/frame-000867,1,0.02890655,0.947559,1448,992,827,0.91,90.91,89.50,18.18,199.49,0.948844101,-0.305670475,-0.050798558,-0.060662506,-0.0103048,-0.7245952,0.6443899
seq-05/frame-000868,1,0.02205047,0.818997,1875,1430,1220,0.99,119.35,125.75,16.06,262.15,0.948196060,-0.307902247,-0.049677625,-0.060436516,-0.0129958,-0.7252934,0.6430179
seq-05/frame-000869,1,0.02533367,0.885241,1647,1225,1073,1.60,112.02,107.73,12.93,234.29,0.947719929,-0.308931777,-0.050701424,-0.061785591,-0.0112496,-0.7291395,0.6340005
seq-05/frame-000870,1,0.01969933,0.694513,1819,1338,1147,1.04,116.28,124.76,21.70,263.78,0.947267102,-0.310654532,-0.049097815,-0.061385690,-0.0133607,-0.7291064,0.6300566
seq-05/frame-000871,1,0.02069280,0.705001,1764,1280,1119,1.12,108.49,116.45,20.56,246.62,0.946940880,-0.311832316,-0.049489913,-0.060119259,-0.0120308,-0.7326868,0.6224998
seq-05/frame-000872,1,0.02183214,1.009873,1543,1091,920,0.92,123.50,97.03,17.53,238.99,0.946535518,-0.312691048,-0.051222160,-0.060589704,-0.0078810,-0.7334417,0.6110335
seq-05/frame-000873,1,0.01915681,0.658174,1791,1308,1108,3.16,117.95,114.69,21.36,257.16,0.946090131,-0.314680492,-0.047981552,-0.059895095,-0.0100955,-0.7419980,0.6080872
seq-05/frame-000874,1,0.01905779,0.587757,1827,1375,1178,1.03,124.35,97.59,28.84,251.82,0.946734745,-0.312860178,-0.048062212,-0.059176483,-0.0112475,-0.7445360,0.5994481
seq-05/frame-000875,1,0.01760502,0.563006,1889,1448,1269,3.06,127.37,108.73,22.00,261.15,0.946795830,-0.312341909,-0.050086234,-0.059258400,-0.0092403,-0.7469770,0.5933194
seq-05/frame-000876,1,0.02023051,0.698589,1689,1312,1155,1.63,111.13,89.16,14.43,216.36,0.946777218,-0.311947722,-0.050390998,-0.061337311,-0.0058461,-0.7499724,0.5893314
seq-05/frame-000877,1,0.01705769,0.563480,1834,1380,1188,1.92,107.60,126.02,18.51,254.05,0.947005489,-0.311812774,-0.046494850,-0.061576194,-0.0092113,-0.7538276,0.5839417
seq-05/frame-000878,1,0.01498763,0.427959,1779,1362,1191,1.71,101.91,125.81,22.71,252.15,0.947429104,-0.310740165,-0.045134346,-0.061494176,-0.0126463,-0.7552729,0.5769046
seq-05/frame-000879,1,0.01562964,0.500331,1624,1284,1104,1.07,108.43,129.67,15.14,254.31,0.947061815,-0.311157790,-0.048192439,-0.062707547,-0.0136367,-0.7579522,0.5711082
seq-05/frame-000880,1,0.01410365,0.466953,1896,1478,1293,1.04,139.67,151.18,43.28,335.17,0.946805765,-0.311717787,-0.049699232,-0.062616695,-0.0146601,-0.7608397,0.5670394
seq-05/frame-000881,1,0.01629024,0.491007,1831,1435,1286,4.41,132.03,143.20,41.92,321.57,0.947431339,-0.309767921,-0.049541483,-0.062955019,-0.0137529,-0.7625164,0.5613007
seq-05/frame-000882,1,0.01963927,0.607795,1614,1306,1141,1.24,123.26,114.43,24.78,263.72,0.947393651,-0.309806094,-0.047608438,-0.064798844,-0.0143502,-0.7642633,0.5522030
seq-05/frame-000883,1,0.01482922,0.418286,1686,1341,1151,1.23,138.54,135.73,28.12,303.63,0.947216219,-0.310387048,-0.047385016,-0.064776348,-0.0196563,-0.7711369,0.5424988
seq-05/frame-000884,1,0.01753617,0.473725,1855,1449,1263,1.29,125.67,137.62,27.96,292.55,0.946912191,-0.310651732,-0.048267707,-0.067253490,-0.0195528,-0.7760536,0.5352073
seq-05/frame-000885,1,0.01252141,0.413793,1902,1441,1288,2.07,131.86,135.74,22.50,292.18,0.946884738,-0.311068797,-0.044823786,-0.068090557,-0.0250850,-0.7788983,0.5320070
seq-05/frame-000886,1,0.00977407,0.342233,1529,1221,1077,0.96,100.15,127.75,34.69,263.56,0.947635846,-0.309025270,-0.043730552,-0.067655934,-0.0282575,-0.7816386,0.5250180
seq-05/frame-000887,1,0.01092020,0.286974,1675,1367,1216,3.17,107.99,136.24,16.09,263.49,0.948318708,-0.306651836,-0.044450836,-0.068413472,-0.0316024,-0.7867587,0.5157200
seq-05/frame-000888,1,0.01448026,0.374459,1897,1474,1292,1.04,166.44,111.00,19.96,298.44,0.948507628,-0.305657452,-0.046147858,-0.069117127,-0.0300076,-0.7925459,0.5075447
seq-05/frame-000889,1,0.01915314,0.555624,1894,1539,1372,1.02,112.72,126.74,17.31,257.80,0.949046820,-0.303453756,-0.044557946,-0.072391577,-0.0330067,-0.7994838,0.4944762
seq-05/frame-000890,1,0.01466665,0.281784,1735,1385,1264,5.51,123.03,103.23,19.57,251.34,0.949152049,-0.303359201,-0.042622347,-0.072573542,-0.0365543,-0.8008824,0.4823434
seq-05/frame-000891,1,0.01365449,0.279329,1791,1485,1321,1.53,117.82,101.66,29.18,250.18,0.948155589,-0.306437704,-0.041693542,-0.073202198,-0.0392559,-0.8065925,0.4780737
seq-05/frame-000892,1,0.01423537,0.335089,1935,1521,1366,1.48,130.72,99.44,14.51,246.16,0.947679217,-0.308070578,-0.041882032,-0.072405222,-0.0384335,-0.8115379,0.4724402
seq-05/frame-000893,1,0.00810735,0.257520,1805,1423,1278,1.87,109.52,102.48,27.57,241.44,0.948167398,-0.306528258,-0.040665609,-0.073248343,-0.0417681,-0.8104648,0.4642770
seq-05/frame-000894,1,0.01005552,0.168601,1934,1532,1341,1.57,104.71,105.30,11.72,223.31,0.948050652,-0.307278084,-0.040007520,-0.071969007,-0.0462359,-0.8147686,0.4486306
seq-05/frame-000895,1,0.01171730,0.214253,1815,1358,1200,1.37,120.16,102.47,13.95,237.95,0.948130550,-0.306926146,-0.040445731,-0.072173010,-0.0475851,-0.8173018,0.4393186
seq-05/frame-000896,1,0.01271784,0.182403,1688,1388,1262,1.24,107.76,93.49,25.77,228.27,0.948207331,-0.306854589,-0.040494599,-0.071437431,-0.0473798,-0.8161465,0.4288091
seq-05/frame-000897,1,0.01164629,0.226679,1672,1251,1089,0.96,83.76,92.06,17.57,194.35,0.946507868,-0.311304343,-0.039499301,-0.075181564,-0.0497341,-0.8179386,0.4129168
seq-05/frame-000898,1,0.01058991,0.264948,1634,1345,1221,1.23,92.78,91.80,14.79,200.61,0.945893619,-0.313121072,-0.038008468,-0.076130231,-0.0486161,-0.8192715,0.4069620
seq-05/frame-000899,1,0.00934179,0.210982,1855,1539,1383,1.04,91.89,121.73,19.04,233.70,0.945443985,-0.315235468,-0.034148562,-0.074807403,-0.0565827,-0.8224254,0.3988900
seq-05/frame-000900,1,0.00772929,0.188873,1474,1219,1091,0.97,91.34,98.68,47.60,238.60,0.945615268,-0.314530560,-0.036715364,-0.074392695,-0.0573680,-0.8232951,0.3919667
seq-05/frame-000901,1,0.01893638,0.160113,1810,1507,1357,1.01,139.10,154.01,18.25,312.38,0.945811370,-0.313784783,-0.041641873,-0.072428706,-0.0586665,-0.8233041,0.3709145
seq-05/frame-000902,1,0.01061839,0.314902,1703,1366,1254,1.03,113.83,94.78,17.40,227.04,0.945441969,-0.314701511,-0.041500370,-0.073349585,-0.0576483,-0.8227781,0.3613940
seq-05/frame-000903,1,0.01121358,0.250805,1815,1469,1310,1.00,188.03,121.10,12.31,322.44,0.944379520,-0.317644161,-0.039646397,-0.075350335,-0.0580535,-0.8275916,0.3540527
seq-05/frame-000904,1,0.01185058,0.407328,2011,1486,1315,1.42,129.21,156.96,34.41,322.00,0.944212829,-0.318207863,-0.036217286,-0.076773673,-0.0650887,-0.8287072,0.3482089
seq-05/frame-000905,1,0.01125171,0.388813,1854,1575,1418,0.99,115.97,145.87,15.14,277.97,0.944847216,-0.316149783,-0.040115360,-0.075523583,-0.0636721,-0.8269292,0.3304265
seq-05/frame-000906,1,0.01201404,0.358037,1790,1492,1360,1.15,181.71,123.96,17.64,324.46,0.944415792,-0.317411274,-0.041823091,-0.074697549,-0.0625984,-0.8295444,0.3214100
seq-05/frame-000907,1,0.01364110,0.425952,1849,1519,1346,1.03,100.33,166.64,20.25,288.25,0.943838881,-0.317935835,-0.043143830,-0.078889682,-0.0649708,-0.8305508,0.3137735
seq-05/frame-000908,1,0.01562037,0.567771,2036,1608,1429,1.08,161.91,120.96,10.59,294.53,0.943536828,-0.318035116,-0.042777733,-0.082231285,-0.0672876,-0.8314456,0.3059156
seq-05/frame-000909,1,0.01639320,0.567982,1881,1484,1328,1.09,129.90,132.45,16.70,280.15,0.943787626,-0.316364541,-0.043805597,-0.085202481,-0.0697714,-0.8356963,0.2926239
seq-05/frame-000910,1,0.01518361,0.474425,1805,1527,1400,1.01,110.07,140.85,26.26,278.20,0.943617560,-0.315896622,-0.047348539,-0.086909962,-0.0667935,-0.8375309,0.2832571
seq-05/frame-000911,1,0.01765840,0.628998,1773,1438,1303,1.02,155.56,115.66,11.78,284.02,0.943295027,-0.316176798,-0.049077649,-0.088420072,-0.0706210,-0.8376925,0.2750365
seq-05/frame-000912,1,0.01751520,0.680883,1749,1466,1309,1.00,108.92,118.65,13.12,241.69,0.943049982,-0.315092947,-0.054827516,-0.091471904,-0.0712845,-0.8432875,0.2654020
seq-05/frame-000913,1,0.01776384,0.654369,1588,1340,1207,1.00,140.64,97.42,14.26,253.33,0.944074745,-0.310956468,-0.058079128,-0.093036365,-0.0711127,-0.8440609,0.2553895
seq-05/frame-000914,1,0.01867821,0.600254,1772,1530,1382,1.03,120.40,108.33,15.40,245.17,0.944330955,-0.308304511,-0.062689706,-0.096215267,-0.0687795,-0.8469586,0.2444679
seq-05/frame-000915,1,0.01888622,0.709502,1853,1501,1343,1.65,115.09,121.95,22.74,261.43,0.944417157,-0.305024058,-0.068452688,-0.101738819,-0.0687485,-0.8499715,0.2326892
seq-05/frame-000916,1,0.02238492,0.847969,1689,1409,1278,0.98,152.21,106.91,16.32,276.43,0.945562014,-0.300521451,-0.070343565,-0.103204255,-0.0704939,-0.8482393,0.2230282
seq-05/frame-000917,1,0.02910318,1.048682,1437,1221,1095,1.30,85.70,103.95,18.26,209.21,0.945925514,-0.295757976,-0.079403799,-0.106991487,-0.0728905,-0.8505084,0.2060210
seq-05/frame-000918,1,0.02903728,0.973363,1327,1132,1004,0.95,79.82,95.81,14.20,190.79,0.945732639,-0.293964239,-0.086735613,-0.107943202,-0.0704525,-0.8529528,0.1983233
seq-05/frame-000919,1,0.02838424,1.063508,1151,911,797,0.91,76.88,63.75,12.19,153.72,0.946153546,-0.289625046,-0.093983320,-0.109899659,-0.0683304,-0.8506110,0.1946241
seq-05/frame-000920,1,0.03526190,1.183501,1103,838,693,0.91,85.34,67.48,12.54,166.27,0.946773897,-0.278603526,-0.113961136,-0.114070696,-0.0684790,-0.8517759,0.1708546
seq-05/frame-000921,1,0.03642132,1.134885,1339,1110,976,1.52,102.23,92.93,16.84,213.53,0.945733154,-0.276128108,-0.125369499,-0.116724282,-0.0633775,-0.8530336,0.1598654
seq-05/frame-000922,1,0.03633113,1.307851,2153,1726,1551,1.07,143.70,126.88,23.65,295.30,0.945376288,-0.271065792,-0.132978657,-0.122897060,-0.0556240,-0.8488281,0.1439431
seq-05/frame-000923,1,0.03851667,1.313242,1945,1565,1422,3.51,101.18,109.95,25.63,240.28,0.945131749,-0.269782126,-0.134512497,-0.125896659,-0.0564081,-0.8480014,0.1348041
seq-05/frame-000924,1,0.03955752,1.844485,1670,1326,1211,0.96,130.09,93.97,10.57,235.59,0.944902742,-0.267771877,-0.138029727,-0.128081321,-0.0557934,-0.8438976,0.1288433
seq-05/frame-000925,1,0.04348815,1.528110,1468,1161,1046,1.89,119.24,78.63,23.60,223.36,0.944484118,-0.263104227,-0.147806661,-0.129919620,-0.0533913,-0.8408111,0.1125724
seq-05/frame-000926,1,0.04521190,1.580504,1471,1142,1037,1.15,88.92,66.60,10.12,166.80,0.944488312,-0.260951491,-0.152155235,-0.129208874,-0.0529625,-0.8404928,0.1055340
seq-05/frame-000927,1,0.04371523,1.549985,1700,1420,1301,0.97,103.93,114.11,14.69,233.70,0.944113997,-0.254728972,-0.161816599,-0.132579411,-0.0462650,-0.8391234,0.0900798
seq-05/frame-000928,1,0.03889723,1.450868,1405,1150,1012,3.44,101.05,82.95,19.20,206.63,0.944213448,-0.251116949,-0.166770185,-0.132623329,-0.0415554,-0.8392021,0.0875120
seq-05/frame-000929,1,0.04116515,1.372801,1071,875,748,0.89,88.39,53.50,20.21,162.99,0.944535261,-0.243192772,-0.177977018,-0.130516655,-0.0408670,-0.8382856,0.0694727
seq-05/frame-000930,1,0.03980053,1.271778,1369,1100,983,1.97,87.28,90.44,14.81,194.49,0.942578134,-0.236947109,-0.193769370,-0.133626194,-0.0376945,-0.8359178,0.0583228
seq-05/frame-000931,1,0.03952547,1.316692,1389,1170,1036,0.93,98.45,87.61,16.17,203.16,0.941748952,-0.234687715,-0.198607892,-0.136328619,-0.0382803,-0.8374329,0.0527971
seq-05/frame-000932,1,0.04362686,1.445125,1225,1017,901,0.95,99.82,72.47,13.29,186.53,0.939831629,-0.228567872,-0.209159995,-0.143962956,-0.0447053,-0.8288768,0.0404862
seq-05/frame-000933,1,0.04165147,1.384384,1228,1031,913,1.03,91.12,62.29,16.78,171.22,0.938911037,-0.227117424,-0.215259979,-0.143272053,-0.0422022,-0.8268827,0.0368549
seq-05/frame-000934,1,0.04907035,1.575667,1146,837,717,1.39,87.89,65.94,16.97,172.19,0.936823186,-0.225232301,-0.225115049,-0.144761678,-0.0506759,-0.8254391,0.0231149
seq-05/frame-000935,1,0.04413766,1.490604,1244,980,846,0.89,91.35,65.05,28.74,186.04,0.934017996,-0.221835292,-0.238104109,-0.147329289,-0.0538523,-0.8243303,0.0171474
seq-05/frame-000936,1,0.04639823,1.580180,1264,986,851,1.38,101.55,69.67,29.41,202.02,0.933930422,-0.217302788,-0.241605189,-0.148930852,-0.0576061,-0.8206150,0.0109485
seq-05/frame-000937,1,0.04771738,1.587743,1146,852,730,5.43,94.42,57.53,19.33,176.72,0.932113731,-0.213889039,-0.251037868,-0.149651131,-0.0638302,-0.8146071,0.0003831
seq-05/frame-000938,1,0.04783318,1.562058,1292,916,788,1.23,82.18,77.15,18.45,179.02,0.930042047,-0.210047776,-0.261055033,-0.150837634,-0.0714969,-0.8101104,-0.0087723
seq-05/frame-000939,1,0.04433104,1.604294,1670,1282,1120,0.94,99.18,96.83,20.70,217.66,0.929628676,-0.206251115,-0.264228699,-0.153082321,-0.0686948,-0.8089039,-0.0156519
seq-05/frame-000940,1,0.05101922,1.656795,1254,922,813,1.26,90.39,79.65,17.38,188.69,0.929360033,-0.202299977,-0.268236709,-0.153015413,-0.0776744,-0.8034023,-0.0259010
seq-05/frame-000941,1,0.05209149,1.640460,1209,835,722,0.88,94.21,81.90,22.43,199.43,0.929048102,-0.199963180,-0.272088714,-0.151169053,-0.0799794,-0.7992868,-0.0325807
seq-05/frame-000942,1,0.05280372,1.719742,1497,1125,973,1.18,103.83,95.84,10.50,211.35,0.927916847,-0.196940827,-0.277867677,-0.151572393,-0.0866456,-0.7975752,-0.0448699
seq-05/frame-000943,1,0.05552722,1.353659,1297,806,685,1.42,100.81,77.61,28.85,208.69,0.927102745,-0.196033571,-0.282527810,-0.149095189,-0.0892843,-0.7918636,-0.0561990
seq-05/frame-000944,1,0.05065315,1.618227,1349,926,798,0.90,95.09,86.39,11.11,193.49,0.926307246,-0.196740489,-0.284330490,-0.149680454,-0.0971553,-0.7897926,-0.0585743
seq-05/frame-000945,1,0.06696047,2.247572,1090,725,585,6.48,91.22,74.70,30.73,203.14,0.926638253,-0.190057074,-0.286387978,-0.152321315,-0.1148293,-0.7780204,-0.0816028
seq-05/frame-000946,1,0.06071232,2.043714,1177,808,664,1.04,82.11,77.99,15.11,176.24,0.925324396,-0.190653410,-0.290724416,-0.151345145,-0.1172972,-0.7787994,-0.0788783
seq-05/frame-000947,1,0.06275412,2.113927,1072,703,581,1.08,94.11,69.55,12.62,177.36,0.925142413,-0.185990430,-0.295945946,-0.148104938,-0.1271874,-0.7700857,-0.0916384
seq-05/frame-000948,1,0.06124839,2.151235,1427,1026,879,1.06,99.49,85.93,12.32,198.80,0.924254973,-0.184181437,-0.300089304,-0.147568125,-0.1356178,-0.7685710,-0.1080960
seq-05/frame-000949,1,0.06044715,2.154638,1440,1054,919,1.07,99.84,84.88,16.98,202.78,0.923773091,-0.183740643,-0.301671128,-0.147909375,-0.1394502,-0.7643460,-0.1105476
seq-05/frame-000950,1,0.06302981,2.283211,1713,1232,1056,0.97,111.09,88.80,10.72,211.58,0.924398894,-0.178768480,-0.302707685,-0.147974907,-0.1521502,-0.7596185,-0.1265887
seq-05/frame-000951,1,0.06123187,2.233040,1658,1185,1013,1.23,106.12,127.96,24.71,260.03,0.924328334,-0.178251852,-0.303287491,-0.147851637,-0.1543472,-0.7575142,-0.1304939
seq-05/frame-000952,1,0.05981006,2.225798,1842,1269,1095,1.75,92.14,151.17,22.28,267.34,0.925033321,-0.171315321,-0.303543762,-0.151081439,-0.1624401,-0.7546255,-0.1452267
seq-05/frame-000953,1,0.06583755,2.361102,1545,1107,943,1.02,92.50,123.51,16.41,233.46,0.927347405,-0.165055226,-0.299938151,-0.151065111,-0.1752559,-0.7491958,-0.1578483
seq-05/frame-000954,1,0.06928621,2.478283,1540,1055,900,0.86,94.93,107.96,47.07,250.82,0.927903071,-0.161930598,-0.299486633,-0.151928035,-0.1811922,-0.7474865,-0.1697783
seq-05/frame-000955,1,0.06874426,2.442268,1770,1133,934,0.91,116.14,152.29,63.50,332.84,0.927744208,-0.160283558,-0.300377545,-0.152882949,-0.1877581,-0.7424295,-0.1841576
seq-05/frame-000956,1,0.06112107,2.283829,1854,1162,978,0.93,97.47,141.79,30.14,270.33,0.927470153,-0.160559646,-0.300008725,-0.154966063,-0.1924111,-0.7432371,-0.1903367
seq-05/frame-000957,1,0.07325844,2.589797,1831,1157,965,0.92,95.76,136.19,67.22,300.09,0.927958302,-0.158156061,-0.298024114,-0.158308803,-0.2027717,-0.7347443,-0.2033305
seq-05/frame-000958,1,0.07218608,2.539577,1456,860,709,0.87,95.28,111.02,14.18,221.35,0.927188281,-0.157823099,-0.300926109,-0.157661783,-0.2067352,-0.7250805,-0.2151082
seq-05/frame-000959,1,0.06687528,2.379365,1627,1005,841,1.43,126.43,174.11,20.38,322.35,0.926269455,-0.157633116,-0.303577419,-0.158169048,-0.2074654,-0.7239429,-0.2165680
seq-05/frame-000960,1,0.05756055,2.148627,1751,1148,977,1.92,146.23,159.65,21.62,329.42,0.925510725,-0.156902853,-0.304061048,-0.162352307,-0.1993204,-0.7218118,-0.2338390
seq-05/frame-000961,1,0.05532845,2.032204,1900,1281,1077,2.63,167.33,122.92,12.35,305.24,0.925903145,-0.156497595,-0.301186294,-0.165827275,-0.2042658,-0.7197810,-0.2394575
seq-05/frame-000962,1,0.06141018,2.246663,1940,1201,1008,0.95,159.66,128.09,15.60,304.30,0.927435939,-0.151376147,-0.297621613,-0.168431640,-0.2084644,-0.7095258,-0.2539708
seq-05/frame-000963,1,0.05789009,2.118551,1849,1190,998,0.93,174.43,114.61,15.76,305.73,0.927698414,-0.150673733,-0.297734401,-0.167413578,-0.2047797,-0.7084576,-0.2560591
seq-05/frame-000964,1,0.05829665,2.143129,1847,1194,986,0.95,155.91,107.37,15.09,279.33,0.928956245,-0.146243829,-0.296523777,-0.166513322,-0.2019414,-0.6986389,-0.2667414
seq-05/frame-000965,1,0.05592889,2.031241,1744,1126,938,1.06,173.78,96.87,11.47,283.18,0.929139739,-0.144363238,-0.295088908,-0.169650043,-0.1964065,-0.6947221,-0.2762221
seq-05/frame-000966,1,0.05444948,2.014273,1739,1123,953,0.90,147.56,118.72,26.12,293.30,0.930183996,-0.141787508,-0.293183768,-0.169402816,-0.1921874,-0.6872724,-0.2792903
seq-05/frame-000967,1,0.05504206,1.951769,1775,1200,992,1.11,109.57,96.83,14.80,222.32,0.932794865,-0.139179924,-0.289129791,-0.164093426,-0.1873219,-0.6767844,-0.2876422
seq-05/frame-000968,1,0.05426804,1.919783,1784,1174,1001,0.91,122.36,132.49,12.05,267.82,0.934120673,-0.135846979,-0.288489717,-0.160430200,-0.1846128,-0.6683115,-0.2911076
seq-05/frame-000969,1,0.05234907,1.888250,1435,1013,848,5.07,100.87,94.59,15.64,216.17,0.935208186,-0.132414604,-0.287601837,-0.158547167,-0.1749245,-0.6626952,-0.2997041
seq-05/frame-000970,1,0.05899429,2.066383,1447,1007,852,1.19,103.34,99.74,31.45,235.71,0.939208887,-0.132035785,-0.279383030,-0.149660753,-0.1722088,-0.6523066,-0.3138439
seq-05/frame-000971,1,0.05126922,1.798970,1038,703,566,0.86,78.53,81.22,10.70,171.32,0.943182139,-0.129474961,-0.271198926,-0.141756233,-0.1609261,-0.6450628,-0.3212206
seq-05/frame-000972,1,0.05023572,1.726003,1393,1006,878,0.86,102.61,108.74,26.78,238.99,0.945241260,-0.127811940,-0.266780872,-0.137880507,-0.1575587,-0.6385047,-0.3231597
seq-05/frame-000973,1,0.05185608,1.799399,1303,931,789,1.81,143.05,75.97,11.17,232.01,0.947329055,-0.126934126,-0.262260994,-0.132945702,-0.1518544,-0.6273686,-0.3333581
seq-05/frame-000974,1,0.05455734,1.905611,1066,777,647,0.85,120.63,67.07,15.02,203.57,0.952235993,-0.127741450,-0.247776074,-0.124642497,-0.1528664,-0.6186299,-0.3470619
seq-05/frame-000975,1,0.05170004,1.696464,1618,1224,1056,1.18,138.25,131.14,26.62,297.19,0.953530496,-0.125736141,-0.245629384,-0.120980252,-0.1430655,-0.6117273,-0.3505966
seq-05/frame-000976,1,0.04840251,1.579912,1286,952,816,0.85,119.98,92.61,26.08,239.53,0.956130197,-0.123120186,-0.240771273,-0.112630639,-0.1323369,-0.5974815,-0.3603089
seq-05/frame-000977,1,0.04763611,1.526431,1307,1027,864,0.85,86.59,74.39,18.01,179.84,0.957643396,-0.125087435,-0.235830771,-0.107963456,-0.1288804,-0.5944708,-0.3660822
seq-05/frame-000978,1,0.04927634,1.593667,1799,1392,1192,0.95,123.37,145.85,15.98,286.16,0.959538495,-0.124538246,-0.230976984,-0.102106489,-0.1301120,-0.5817305,-0.3700498
seq-05/frame-000979,1,0.04896567,1.592567,1479,1177,1037,0.87,117.65,108.21,21.91,248.65,0.960783673,-0.123061091,-0.228505223,-0.097652780,-0.1287775,-0.5781465,-0.3778443
seq-05/frame-000980,1,0.04071324,1.394941,1366,1060,914,0.87,112.78,112.91,15.89,242.46,0.963774631,-0.120820838,-0.219433710,-0.091594941,-0.1209465,-0.5678058,-0.3877453
seq-05/frame-000981,1,0.04607749,1.478421,1880,1425,1233,2.06,128.71,148.51,19.05,298.33,0.965998904,-0.116420858,-0.213657371,-0.087423281,-0.1280060,-0.5546527,-0.3953483
seq-05/frame-000982,1,0.04688547,1.492411,1861,1483,1296,0.92,133.38,138.43,37.23,309.96,0.966494943,-0.116632264,-0.212493482,-0.084445010,-0.1264975,-0.5491665,-0.4030932
seq-05/frame-000983,1,0.04497169,1.426393,1736,1357,1192,0.93,149.85,145.70,23.34,319.84,0.967021577,-0.116703562,-0.211285341,-0.081289927,-0.1264404,-0.5421787,-0.4120295
seq-05/frame-000984,1,0.04412592,1.423281,1816,1417,1274,0.91,157.94,72.16,9.37,240.37,0.967625416,-0.117560937,-0.208545893,-0.079931790,-0.1266812,-0.5390454,-0.4164260
seq-05/frame-000985,1,0.04861436,1.556052,1934,1494,1276,0.95,174.49,122.07,9.49,306.99,0.968854570,-0.114983908,-0.204225151,-0.079947547,-0.1353506,-0.5305684,-0.4262869
seq-05/frame-000986,1,0.04869851,1.580242,1894,1485,1259,1.20,143.66,248.81,10.43,404.11,0.969668304,-0.114008154,-0.202362556,-0.076124348,-0.1357455,-0.5245565,-0.4278436
seq-05/frame-000987,1,0.04902605,1.534241,1829,1437,1244,4.10,168.52,96.41,14.85,283.87,0.970620374,-0.112782978,-0.201032962,-0.069006073,-0.1415271,-0.5160167,-0.4356591
seq-05/frame-000988,1,0.04656925,1.508602,1967,1499,1281,7.19,157.73,116.19,15.67,296.80,0.970743536,-0.112545602,-0.201078413,-0.067512567,-0.1417899,-0.5116771,-0.4372611
seq-05/frame-000989,1,0.04444480,1.392464,1870,1450,1232,6.39,146.01,101.08,14.98,268.46,0.971496486,-0.111097876,-0.198224447,-0.067519691,-0.1445580,-0.5062824,-0.4476473
seq-05/frame-000990,1,0.04711361,1.509283,1866,1429,1214,1.06,154.21,94.53,16.94,266.74,0.971951576,-0.111423160,-0.195961487,-0.067038116,-0.1496898,-0.5000067,-0.4507402
seq-05/frame-000991,1,0.04520626,1.458816,1856,1399,1196,0.96,126.69,103.69,10.39,241.74,0.973280635,-0.111302588,-0.191958331,-0.059063852,-0.1562557,-0.4919530,-0.4558383
seq-05/frame-000992,1,0.04384447,1.463077,1763,1256,1063,5.13,135.79,99.44,14.12,254.48,0.973795437,-0.110238092,-0.190767061,-0.056373204,-0.1550906,-0.4868579,-0.4596825
seq-05/frame-000993,1,0.04106777,1.331257,1767,1299,1105,0.95,86.92,94.11,10.79,192.77,0.975650386,-0.110631647,-0.182754135,-0.049677855,-0.1624563,-0.4811631,-0.4679199
seq-05/frame-000994,1,0.04338367,1.388790,1799,1302,1101,0.98,98.24,96.32,9.96,205.51,0.976075714,-0.110509977,-0.181182039,-0.047294967,-0.1672262,-0.4745351,-0.4717397
seq-05/frame-000995,1,0.03622104,1.461010,1751,1218,1031,0.88,91.47,90.94,10.62,193.91,0.976246944,-0.111459394,-0.180258601,-0.045006046,-0.1682724,-0.4685217,-0.4763154
seq-05/frame-000996,1,0.04038143,1.303697,1821,1241,1033,1.31,101.94,69.88,14.77,187.90,0.977446491,-0.112957684,-0.173979999,-0.039621690,-0.1786831,-0.4618327,-0.4816882
seq-05/frame-000997,1,0.03902913,1.295094,1451,1035,863,0.87,94.39,50.07,7.43,152.76,0.977772528,-0.114407311,-0.171676176,-0.037405093,-0.1799825,-0.4585538,-0.4873754
seq-05/frame-000998,1,0.03791285,1.242780,1719,1179,954,0.88,108.12,56.92,9.62,175.54,0.978769750,-0.119471165,-0.163279182,-0.032807419,-0.1911637,-0.4480695,-0.4917569
seq-05/frame-000999,1,0.03687197,1.207089,1802,1137,921,1.03,92.13,63.87,7.60,164.63,0.979065385,-0.120888467,-0.160834847,-0.030807501,-0.1982363,-0.4434540,-0.4929155
