frame,ok,trans_err_m,rot_err_deg,keypoints,matches,inliers,ms_decode,ms_extract,ms_match,ms_pose,ms_total
seq-03/frame-000000,1,0.01820,0.7403,3199,2093,1842,1.84,669.10,174.50,38.65,884.09
seq-03/frame-000001,1,0.01705,0.7051,3096,1865,1602,1.19,658.10,226.04,24.72,910.06
seq-03/frame-000002,1,0.01827,0.7496,3180,1876,1624,1.52,599.03,284.22,14.64,899.41
seq-03/frame-000003,1,0.01811,0.7571,3113,1978,1727,1.44,638.20,250.35,23.09,913.09
seq-03/frame-000004,1,0.01868,0.7102,3218,2131,1915,1.24,674.80,279.60,47.06,1002.71
seq-03/frame-000005,1,0.01665,0.6566,3210,2153,1888,1.51,638.16,239.02,22.10,900.79
seq-03/frame-000006,1,0.01777,0.6498,3392,2328,2062,1.56,609.27,264.41,21.80,897.05
seq-03/frame-000007,1,0.01820,0.7571,3378,2273,2020,1.93,595.45,284.12,36.10,917.60
seq-03/frame-000008,1,0.01640,0.7067,3313,1997,1741,1.96,666.89,229.77,22.47,921.09
seq-03/frame-000009,1,0.01833,0.7444,3399,2350,2072,2.77,687.81,259.29,40.07,989.93
seq-03/frame-000010,1,0.02024,0.8332,3435,2240,1987,1.14,187.19,298.69,37.30,524.33
seq-03/frame-000011,1,0.02084,0.8339,3532,2403,2116,1.73,202.85,285.81,48.00,538.40
seq-03/frame-000012,1,0.01906,0.7821,3403,2263,1994,1.86,200.93,271.78,67.23,541.81
seq-03/frame-000013,1,0.02037,0.8239,3329,2239,1937,1.91,199.25,323.38,26.90,551.44
seq-03/frame-000014,1,0.01869,0.8261,3440,2409,2170,1.60,234.78,306.20,21.44,564.03
seq-03/frame-000015,1,0.01853,0.8108,3337,2199,1949,2.16,185.93,301.82,50.36,540.27
seq-03/frame-000016,1,0.01566,0.7327,3589,2357,2080,1.31,265.86,265.93,23.94,557.04
seq-03/frame-000017,1,0.02107,0.9153,3394,2342,2089,1.15,190.67,340.52,18.91,551.24
seq-03/frame-000018,1,0.02014,0.8835,3569,2251,1983,1.15,243.32,289.40,21.20,555.07
seq-03/frame-000019,1,0.01656,0.7600,3735,2305,2001,1.10,248.19,286.85,26.60,562.74
seq-03/frame-000020,1,0.01813,0.8586,3477,2195,1909,3.96,141.73,203.67,33.36,382.71
seq-03/frame-000021,1,0.02007,0.9110,3539,2357,2088,1.20,158.28,178.37,24.11,361.98
seq-03/frame-000022,1,0.01956,0.8946,3720,2374,2035,1.11,160.79,234.93,29.13,425.96
seq-03/frame-000023,1,0.01857,0.8740,3419,2168,1883,1.18,165.77,194.28,23.27,384.51
seq-03/frame-000024,1,0.01545,0.8367,3860,2627,2280,2.90,167.34,238.15,25.38,433.78
seq-03/frame-000025,1,0.01851,0.9327,3665,2314,2011,1.15,168.58,213.91,20.91,404.55
seq-03/frame-000026,1,0.01703,0.8855,4000,2599,2291,1.80,168.94,244.86,46.61,462.20
seq-03/frame-000027,1,0.01694,0.9376,3509,2293,1926,3.32,167.78,209.36,24.51,404.97
seq-03/frame-000028,1,0.01640,0.9120,3488,2268,1912,1.03,136.49,276.43,75.25,489.20
seq-03/frame-000029,1,0.01733,0.8704,3608,2283,1952,1.05,162.35,322.59,19.83,505.83
seq-03/frame-000030,1,0.01623,0.8351,3765,2271,1892,1.10,268.50,202.08,20.35,492.03
seq-03/frame-000031,1,0.02867,1.1560,4001,2389,2026,2.28,284.96,219.17,20.27,526.68
seq-03/frame-000032,1,0.03145,1.4811,3940,2440,2096,2.48,272.76,212.04,25.93,513.21
seq-03/frame-000033,1,0.02002,1.0733,3705,2361,1992,1.04,236.46,204.70,27.82,470.03
seq-03/frame-000034,1,0.01934,0.9399,3561,2062,1653,1.31,286.86,191.95,19.12,499.25
seq-03/frame-000035,1,0.02123,1.1426,3935,2111,1693,2.00,299.00,221.33,20.07,542.41
seq-03/frame-000036,1,0.02406,1.1897,3857,2336,1918,1.09,274.65,209.79,20.40,505.93
seq-03/frame-000037,1,0.02549,1.0322,3484,1928,1502,2.04,207.82,195.74,19.13,424.73
seq-03/frame-000038,1,0.03111,1.2290,4000,2248,1858,1.19,203.94,219.18,18.07,442.37
seq-03/frame-000039,1,0.03348,1.2993,4000,2189,1784,1.09,186.95,254.17,22.50,464.72
seq-03/frame-000040,1,0.03626,1.4278,4000,2187,1783,2.46,189.01,228.62,19.54,439.64
seq-03/frame-000041,1,0.03404,1.3829,4001,1976,1556,1.81,186.90,217.64,20.08,426.44
seq-03/frame-000042,1,0.02996,1.2707,4000,1941,1563,1.15,181.36,217.56,10.99,411.06
seq-03/frame-000043,1,0.03078,1.3803,4000,2204,1845,2.00,190.41,220.79,24.10,437.31
seq-03/frame-000044,1,0.03027,1.3647,4000,2162,1797,1.24,179.22,217.66,12.37,410.50
seq-03/frame-000045,1,0.03196,1.3957,4001,2058,1673,1.25,178.36,205.65,21.08,406.34
seq-03/frame-000046,1,0.03502,1.6603,4000,2123,1731,1.48,188.92,234.18,14.25,438.83
seq-03/frame-000047,1,0.03224,1.6157,4000,2168,1786,2.44,194.72,201.59,13.70,412.45
seq-03/frame-000048,1,0.03269,1.5006,4000,2139,1743,1.46,183.05,206.92,22.53,413.96
seq-03/frame-000049,1,0.03190,1.5575,4000,2093,1761,2.44,170.05,190.69,24.40,387.59
seq-03/frame-000050,1,0.03180,1.5405,4002,2226,1824,1.30,146.81,203.27,19.14,370.52
seq-03/frame-000051,1,0.03323,1.4975,4000,2006,1587,1.22,138.45,228.05,15.58,383.30
seq-03/frame-000052,1,0.03912,1.6633,4001,1876,1445,1.16,172.11,209.16,20.06,402.50
seq-03/frame-000053,1,0.03900,1.7896,4000,2235,1842,1.23,146.32,211.16,20.89,379.61
seq-03/frame-000054,1,0.03925,1.8780,4000,2275,1880,1.26,151.45,210.93,13.78,377.43
seq-03/frame-000055,1,0.03352,1.4522,4000,2114,1767,1.31,146.86,232.63,27.15,407.96
seq-03/frame-000056,1,0.03268,1.5263,4000,2097,1785,1.35,154.25,220.62,20.35,396.57
seq-03/frame-000057,1,0.03962,1.8286,4000,2232,1883,1.28,147.24,225.71,20.22,394.46
seq-03/frame-000058,1,0.04204,1.8789,4000,2248,1836,1.23,144.24,231.95,28.24,405.65
seq-03/frame-000059,1,0.04097,1.8765,4001,2227,1828,1.19,147.88,227.76,31.93,408.76
seq-03/frame-000060,1,0.04140,1.8797,4001,2229,1830,1.74,165.15,211.60,17.14,395.63
seq-03/frame-000061,1,0.04124,1.9148,4000,2240,1855,1.26,149.83,200.10,12.00,363.19
seq-03/frame-000062,1,0.04077,1.9318,4000,2307,1943,1.80,161.66,206.92,19.15,389.54
seq-03/frame-000063,1,0.03996,1.8145,4000,2253,1902,1.50,165.34,191.67,17.76,376.27
seq-03/frame-000064,1,0.03798,1.7115,4000,2138,1764,1.96,156.46,226.97,27.40,412.78
seq-03/frame-000065,1,0.03823,1.7660,4000,2326,1916,2.31,179.00,232.12,16.87,430.31
seq-03/frame-000066,1,0.03828,1.7097,4001,2205,1777,1.18,156.70,246.20,16.92,421.00
seq-03/frame-000067,1,0.03554,1.5781,4000,2128,1757,1.22,186.86,207.73,31.80,427.61
seq-03/frame-000068,1,0.03756,1.6913,4000,2129,1744,1.15,161.37,236.95,14.08,413.56
seq-03/frame-000069,1,0.03903,1.7684,4000,2172,1722,1.11,161.40,235.01,20.25,417.78
seq-03/frame-000070,1,0.03441,1.5445,4001,2030,1679,1.24,159.85,184.71,16.57,362.37
seq-03/frame-000071,1,0.03271,1.4890,4001,2121,1787,1.24,167.68,179.59,17.71,366.22
seq-03/frame-000072,1,0.03235,1.4155,4000,2037,1714,3.67,158.16,193.15,25.85,380.84
seq-03/frame-000073,1,0.03077,1.4274,4000,2034,1699,1.44,178.66,168.74,16.41,365.26
seq-03/frame-000074,1,0.03118,1.3667,4000,2081,1751,1.29,149.15,179.48,20.57,350.49
seq-03/frame-000075,1,0.03184,1.3972,4000,2056,1699,1.25,146.90,199.29,14.68,362.12
seq-03/frame-000076,1,0.03188,1.3858,4000,2029,1675,1.33,143.83,189.44,16.05,350.65
seq-03/frame-000077,1,0.03208,1.3971,4000,2157,1827,1.30,147.65,193.57,26.85,369.36
seq-03/frame-000078,1,0.03226,1.3341,4001,2101,1770,1.29,128.32,176.09,16.64,322.36
seq-03/frame-000079,1,0.03227,1.3204,4000,2054,1703,1.31,134.64,223.54,14.60,374.09
seq-03/frame-000080,1,0.03197,1.3133,4000,1989,1648,1.34,129.13,185.80,18.54,334.82
seq-03/frame-000081,1,0.03390,1.2731,4000,2050,1694,1.32,125.90,202.90,25.33,355.45
seq-03/frame-000082,1,0.03418,1.2702,4000,2050,1694,1.31,124.20,210.00,24.00,359.52
seq-03/frame-000083,1,0.03421,1.3324,4000,2271,1942,1.28,144.10,220.54,24.82,390.75
seq-03/frame-000084,1,0.03553,1.3221,4000,2294,1951,1.29,123.47,212.74,27.55,365.05
seq-03/frame-000085,1,0.03421,1.3881,4000,1968,1621,1.34,141.92,241.05,72.35,456.66
seq-03/frame-000086,1,0.03493,1.3451,4000,2140,1812,1.29,149.05,256.02,19.55,425.92
seq-03/frame-000087,1,0.03629,1.3911,4000,2142,1773,1.30,136.59,264.03,23.36,425.29
seq-03/frame-000088,1,0.03907,1.4646,4001,2184,1818,1.25,130.81,258.62,20.21,410.89
seq-03/frame-000089,1,0.04417,1.5892,4000,2161,1770,1.16,138.26,279.86,20.53,439.81
seq-03/frame-000090,1,0.04174,1.5254,4000,2245,1875,1.21,155.15,247.34,26.37,430.08
seq-03/frame-000091,1,0.02986,1.4364,4000,2245,1875,1.64,151.50,236.88,28.95,418.97
seq-03/frame-000092,1,0.04018,1.5031,4001,2209,1830,1.30,142.43,254.13,19.66,417.53
seq-03/frame-000093,1,0.04580,1.5992,4000,2230,1864,1.18,203.36,199.38,15.28,419.21
seq-03/frame-000094,1,0.04735,1.7144,4001,2163,1820,1.14,197.72,203.41,18.04,420.31
seq-03/frame-000095,1,0.04330,1.6781,4000,2187,1826,1.28,169.93,211.64,21.78,404.63
seq-03/frame-000096,1,0.04939,1.9265,4002,2293,1936,1.22,152.58,189.81,29.82,373.44
seq-03/frame-000097,1,0.04639,1.8450,4000,2312,1943,1.28,137.52,183.83,19.63,342.27
seq-03/frame-000098,1,0.04706,1.8373,4000,2131,1742,1.28,140.16,190.63,18.33,350.41
seq-03/frame-000099,1,0.04719,1.8359,4000,2131,1742,1.30,137.60,173.28,17.87,330.05
seq-03/frame-000100,1,0.05020,1.8928,4000,2306,1889,1.28,155.42,183.87,22.54,363.11
seq-03/frame-000101,1,0.05288,1.9756,4000,2183,1855,1.20,149.91,167.44,27.82,346.38
seq-03/frame-000102,1,0.05302,1.9535,4000,2061,1677,1.13,147.82,189.48,17.16,355.60
seq-03/frame-000103,1,0.05329,1.9679,4000,1978,1593,1.10,130.80,194.63,20.54,347.08
seq-03/frame-000104,1,0.05559,2.0833,4000,2177,1804,1.11,157.08,196.87,18.10,373.16
seq-03/frame-000105,1,0.06924,2.2140,3660,2003,1583,1.00,130.22,172.46,10.78,314.47
seq-03/frame-000106,1,0.05477,2.1468,3660,2003,1583,1.00,137.03,175.24,15.89,329.16
seq-03/frame-000107,1,0.05159,1.7144,3459,1627,1267,1.00,136.93,153.38,15.69,307.00
seq-03/frame-000108,1,0.05401,1.8376,3577,1605,1213,0.99,134.57,176.34,21.97,333.87
seq-03/frame-000109,1,0.05729,1.9694,3791,1648,1218,0.99,136.38,168.82,13.45,319.64
seq-03/frame-000110,1,0.06036,2.0187,3436,1528,1127,0.97,122.24,154.05,11.93,289.19
seq-03/frame-000111,1,0.06528,2.1795,3389,1548,1156,0.99,139.29,154.87,16.85,312.00
seq-03/frame-000112,1,0.06787,2.3899,3821,1765,1391,1.03,138.25,201.43,15.23,355.95
seq-03/frame-000113,1,0.05915,2.5690,3821,1765,1391,1.01,131.75,190.37,20.83,343.97
seq-03/frame-000114,1,0.06831,2.3927,4000,1862,1441,1.06,159.71,203.03,13.36,377.16
seq-03/frame-000115,1,0.06912,2.4683,4000,1703,1264,1.02,153.44,211.86,27.51,393.82
seq-03/frame-000116,1,0.07090,2.4922,4001,1845,1439,1.05,155.97,205.48,18.02,380.52
seq-03/frame-000117,1,0.07222,2.6095,3826,1683,1234,1.00,144.18,181.60,12.64,339.42
seq-03/frame-000118,1,0.07660,2.5867,4000,1632,1231,1.06,129.26,217.86,12.90,361.08
seq-03/frame-000119,1,0.07765,2.6685,4000,1767,1352,1.10,132.49,211.59,16.29,361.47
seq-03/frame-000120,1,0.07762,2.7015,4000,1767,1352,1.09,130.23,207.76,16.20,355.29
seq-03/frame-000121,1,0.08034,2.6184,4000,1604,1188,1.05,145.95,201.17,16.65,364.83
seq-03/frame-000122,1,0.08215,2.4531,4000,1672,1316,1.11,148.34,186.80,24.09,360.35
seq-03/frame-000123,1,0.08885,2.4814,4000,1728,1358,1.19,164.20,210.53,24.08,400.01
seq-03/frame-000124,1,0.09721,2.6563,4000,1748,1333,2.69,149.58,238.81,21.84,412.93
seq-03/frame-000125,1,0.10109,2.7803,4000,1764,1368,1.15,168.96,240.86,18.72,429.69
seq-03/frame-000126,1,0.09177,2.7029,4000,1739,1346,1.11,138.83,225.51,19.21,384.66
seq-03/frame-000127,1,0.08980,2.4987,4000,1746,1312,1.06,141.07,309.93,13.29,465.35
seq-03/frame-000128,1,0.10420,2.9122,4000,1700,1270,1.03,145.45,213.19,26.19,385.87
seq-03/frame-000129,1,0.08582,2.3964,4000,1700,1270,1.04,155.80,212.56,12.58,381.98
seq-03/frame-000130,1,0.08397,2.4261,4000,1598,1174,1.01,150.73,221.08,18.91,391.74
seq-03/frame-000131,1,0.07567,2.5728,3718,1697,1276,0.99,129.70,193.63,24.80,349.12
seq-03/frame-000132,1,0.07251,2.6467,3675,1633,1225,0.98,151.85,160.55,18.19,331.57
seq-03/frame-000133,1,0.06833,2.3779,3313,1491,1131,0.94,127.96,151.22,10.40,290.53
seq-03/frame-000134,1,0.06505,2.4575,3153,1591,1230,0.93,131.91,151.71,31.90,316.46
seq-03/frame-000135,1,0.06510,2.5120,3364,1700,1322,0.92,122.03,155.04,22.23,300.23
seq-03/frame-000136,1,0.06553,2.5095,3364,1700,1322,0.91,120.54,157.14,17.23,295.82
seq-03/frame-000137,1,0.05981,2.3807,3084,1574,1196,0.92,126.88,149.75,19.98,297.52
seq-03/frame-000138,1,0.05943,2.4250,2855,1484,1169,0.87,108.72,121.09,12.18,242.87
seq-03/frame-000139,1,0.06116,2.4260,3212,1654,1313,0.93,109.23,157.03,22.58,289.78
seq-03/frame-000140,1,0.05969,2.4250,3180,1578,1264,1.41,125.21,141.09,25.59,293.30
seq-03/frame-000141,1,0.06126,2.5305,3503,1657,1319,1.01,134.65,148.07,19.05,302.79
seq-03/frame-000142,1,0.06190,2.4706,3596,1735,1379,2.29,126.88,154.35,13.38,296.90
seq-03/frame-000143,1,0.05772,2.3903,3472,1606,1294,1.01,110.26,162.35,28.00,301.63
seq-03/frame-000144,1,0.06070,2.3067,3332,1686,1375,1.04,130.38,155.02,22.33,308.77
seq-03/frame-000145,1,0.06251,2.2352,3452,1683,1368,1.07,110.72,164.97,21.11,297.88
seq-03/frame-000146,1,0.06028,2.2421,3426,1752,1407,0.95,117.57,144.89,13.70,277.10
seq-03/frame-000147,1,0.05680,2.2049,3156,1631,1336,0.93,115.99,156.48,12.84,286.24
seq-03/frame-000148,1,0.06131,2.4827,3523,1767,1465,0.97,139.67,156.33,20.63,317.60
seq-03/frame-000149,1,0.05950,2.2668,3500,1804,1480,0.96,129.26,160.62,23.94,314.78
seq-03/frame-000150,1,0.06026,2.2716,2838,1534,1254,0.87,98.73,132.85,26.75,259.21
seq-03/frame-000151,1,0.06224,2.2499,2700,1475,1198,0.86,109.90,117.53,11.20,239.49
seq-03/frame-000152,1,0.05596,2.3715,1880,1000,768,0.80,75.41,80.83,13.88,170.93
seq-03/frame-000153,1,0.05848,2.4543,2023,1112,886,0.81,73.45,91.70,9.64,175.60
seq-03/frame-000154,1,0.06100,2.1387,2970,1713,1432,0.91,115.07,133.43,10.98,260.39
seq-03/frame-000155,1,0.06167,2.0126,3030,1661,1395,0.91,123.56,138.80,21.86,285.14
seq-03/frame-000156,1,0.05677,2.1266,2940,1697,1422,0.96,112.64,127.32,17.69,258.61
seq-03/frame-000157,1,0.05085,2.1280,1926,1101,899,0.78,86.52,98.52,19.48,205.30
seq-03/frame-000158,1,0.05635,2.2400,2474,1552,1314,0.85,100.57,116.50,16.60,234.52
seq-03/frame-000159,1,0.05490,2.1227,2805,1711,1451,1.55,105.48,139.14,15.26,261.44
seq-03/frame-000160,1,0.05376,1.9767,2785,1680,1422,0.87,109.85,132.91,15.70,259.34
seq-03/frame-000161,1,0.05531,2.0191,2805,1760,1513,0.92,106.83,125.17,18.04,250.96
seq-03/frame-000162,1,0.05492,2.1999,2984,1797,1546,0.87,102.58,139.23,19.03,261.71
seq-03/frame-000163,1,0.05407,2.2373,2923,1798,1532,0.88,101.89,136.87,12.60,252.24
seq-03/frame-000164,1,0.05290,1.9957,3055,1893,1609,0.94,115.61,146.52,17.84,280.90
seq-03/frame-000165,1,0.05285,1.9070,3093,1901,1623,0.93,112.19,138.49,18.36,269.96
seq-03/frame-000166,1,0.05560,1.9374,3022,1855,1610,0.93,115.60,127.60,18.73,262.86
seq-03/frame-000167,1,0.05906,2.1930,3059,1818,1534,0.88,112.87,141.46,20.36,275.57
seq-03/frame-000168,1,0.05147,1.8747,3076,1935,1633,0.91,122.06,150.88,17.77,291.62
seq-03/frame-000169,1,0.04598,1.7508,3148,1992,1690,0.91,108.96,146.06,31.41,287.35
seq-03/frame-000170,1,0.04400,1.7279,3020,1988,1713,0.88,117.51,144.79,23.63,286.82
seq-03/frame-000171,1,0.04506,1.8579,2871,1867,1566,0.88,113.98,132.04,31.38,278.29
seq-03/frame-000172,1,0.04451,1.9325,2948,1889,1574,0.90,116.39,137.73,14.36,269.38
seq-03/frame-000173,1,0.04288,1.9455,2870,1913,1614,0.88,112.18,152.64,17.43,283.13
seq-03/frame-000174,1,0.03893,1.8482,3031,1964,1655,0.92,97.46,131.83,15.98,246.19
seq-03/frame-000175,1,0.03912,1.7778,3020,1921,1649,0.91,118.62,139.71,18.16,277.40
seq-03/frame-000176,1,0.03988,1.9955,3026,1977,1678,0.87,126.99,126.39,21.01,275.27
seq-03/frame-000177,1,0.03813,1.9116,2978,1942,1639,0.86,137.77,136.79,22.35,297.77
seq-03/frame-000178,1,0.03578,1.7734,2995,1975,1673,0.91,111.95,142.88,15.24,271.00
seq-03/frame-000179,1,0.03308,1.5958,3190,2039,1705,0.93,110.17,151.79,15.61,278.50
seq-03/frame-000180,1,0.03316,1.3817,3245,2101,1747,0.92,110.39,158.87,23.37,293.55
seq-03/frame-000181,1,0.03365,1.5566,3312,2031,1725,0.96,123.20,156.90,14.06,295.12
seq-03/frame-000182,1,0.03365,1.9033,3037,1978,1669,0.91,118.01,136.14,17.40,272.46
seq-03/frame-000183,1,0.03183,1.7936,2507,1591,1332,1.01,119.05,106.14,15.09,241.30
seq-03/frame-000184,1,0.03345,1.7432,3204,2043,1718,0.93,107.79,159.25,14.67,282.64
seq-03/frame-000185,1,0.03456,1.6986,3156,1893,1583,0.94,104.11,129.41,12.30,246.76
seq-03/frame-000186,1,0.03264,1.5692,3232,1883,1561,0.96,127.07,160.68,17.14,305.85
seq-03/frame-000187,1,0.03326,1.7190,3202,1952,1642,0.94,128.23,143.54,15.26,287.98
seq-03/frame-000188,1,0.03414,1.8044,3178,1955,1655,0.94,108.50,141.39,16.19,267.03
seq-03/frame-000189,1,0.03072,1.6416,3222,1958,1685,0.92,126.28,155.30,17.17,299.68
seq-03/frame-000190,1,0.03374,1.6484,3379,1873,1556,1.09,113.02,145.45,16.26,275.82
seq-03/frame-000191,1,0.03327,1.4974,3499,1819,1467,1.04,112.64,171.84,11.19,296.72
seq-03/frame-000192,1,0.02677,1.4388,3214,1892,1597,0.94,115.74,150.34,30.64,297.67
seq-03/frame-000193,1,0.02328,1.4159,2367,1478,1237,0.87,103.06,108.89,26.35,239.18
seq-03/frame-000194,1,0.02528,1.3752,2753,1804,1530,0.90,95.07,124.95,29.36,250.28
seq-03/frame-000195,1,0.02834,1.4796,3533,1820,1480,1.06,117.63,168.89,12.88,300.46
seq-03/frame-000196,1,0.03207,1.4687,3687,1967,1573,1.04,132.06,169.24,17.85,320.21
seq-03/frame-000197,1,0.02960,1.3402,3783,1954,1584,1.02,155.64,164.13,17.20,337.99
seq-03/frame-000198,1,0.02763,1.5487,3250,1961,1644,0.99,103.56,135.69,18.14,258.38
seq-03/frame-000199,1,0.02413,1.4858,3183,1957,1676,0.96,130.51,153.20,26.67,311.34
seq-03/frame-000200,1,0.03069,1.6473,3220,1933,1616,0.96,107.83,138.17,21.23,268.19
seq-03/frame-000201,1,0.02719,1.4680,3641,2183,1833,1.02,122.99,159.93,23.17,307.11
seq-03/frame-000202,1,0.02528,1.3260,3730,2045,1661,1.05,127.45,169.16,25.99,323.66
seq-03/frame-000203,1,0.02531,1.2344,3893,2038,1657,1.12,141.82,173.56,24.18,340.68
seq-03/frame-000204,1,0.02913,1.3641,3840,1878,1487,1.17,120.30,179.09,17.83,318.40
seq-03/frame-000205,1,0.02624,1.1753,3873,2028,1640,1.15,122.59,166.00,15.33,305.08
seq-03/frame-000206,1,0.02753,1.2488,3734,1955,1567,1.13,130.90,171.16,17.86,321.04
seq-03/frame-000207,1,0.03083,1.3121,3800,2074,1680,1.10,136.62,187.17,24.65,349.55
seq-03/frame-000208,1,0.02918,1.3011,3737,1896,1515,1.15,129.93,166.46,23.56,321.11
seq-03/frame-000209,1,0.02828,1.4603,3337,2015,1690,1.01,124.92,148.80,17.59,292.32
seq-03/frame-000210,1,0.03863,1.7397,2846,1636,1342,0.93,112.01,130.40,14.95,258.30
seq-03/frame-000211,1,0.03285,1.4730,3242,1935,1635,0.99,123.29,139.76,15.35,279.51
seq-03/frame-000212,1,0.02591,1.1419,3090,1827,1488,1.09,121.24,136.65,19.63,278.62
seq-03/frame-000213,1,0.04082,1.6577,2964,1826,1532,1.02,107.11,138.87,13.37,260.38
seq-03/frame-000214,1,0.03457,1.5682,2876,1966,1699,0.97,103.19,141.13,25.42,270.70
seq-03/frame-000215,1,0.02634,1.3171,2445,1677,1404,0.91,98.68,112.99,15.83,228.41
seq-03/frame-000216,1,0.02283,1.0255,2448,1674,1432,0.90,99.47,113.72,12.92,227.01
seq-03/frame-000217,1,0.02731,1.2502,2516,1811,1569,0.94,114.09,116.32,16.02,247.38
seq-03/frame-000218,1,0.02595,1.1977,2490,1789,1567,0.94,111.06,127.96,34.60,274.56
seq-03/frame-000219,1,0.02491,1.0834,2733,2050,1814,0.96,115.37,149.52,20.22,286.07
seq-03/frame-000220,1,0.02140,0.9683,2751,2131,1895,0.96,90.05,141.12,17.77,249.90
seq-03/frame-000221,1,0.02037,0.8484,2339,1605,1365,0.90,119.93,120.22,25.87,266.93
seq-03/frame-000222,1,0.01688,0.7841,2431,1921,1690,0.92,95.81,109.20,21.72,227.65
seq-03/frame-000223,1,0.01693,0.7733,2340,1835,1627,0.92,109.17,107.94,19.07,237.10
seq-03/frame-000224,1,0.02659,1.3841,2665,2151,1941,0.97,92.66,141.06,17.53,252.23
seq-03/frame-000225,1,0.03370,1.3749,2737,2251,2005,0.96,100.41,134.14,16.53,252.04
seq-03/frame-000226,1,0.02011,0.7474,2558,2120,1896,0.96,100.55,134.37,13.88,249.75
seq-03/frame-000227,1,0.02562,0.9980,2117,1554,1305,0.87,81.87,101.63,13.78,198.16
seq-03/frame-000228,1,0.01905,0.6848,2306,1852,1592,0.89,112.38,112.47,12.57,238.31
seq-03/frame-000229,1,0.01632,0.5727,2501,2150,1931,1.01,90.43,116.77,26.71,234.92
seq-03/frame-000230,1,0.01693,0.6321,2663,2311,2095,0.94,98.57,138.08,19.75,257.34
seq-03/frame-000231,1,0.01827,0.6330,2716,2298,2080,0.97,102.13,123.62,12.85,239.57
seq-03/frame-000232,1,0.01588,0.5459,2884,2305,2068,0.99,112.74,131.33,26.66,271.72
seq-03/frame-000233,1,0.03060,1.0354,2827,2146,1851,0.97,126.39,164.27,21.63,313.26
seq-03/frame-000234,1,0.01737,0.5417,2979,2355,2106,0.99,117.54,161.37,13.53,293.44
seq-03/frame-000235,1,0.01513,0.4908,2630,2141,1943,0.94,98.84,141.46,22.80,264.04
seq-03/frame-000236,1,0.01964,0.6032,2598,1964,1715,0.94,99.78,130.06,23.21,253.98
seq-03/frame-000237,1,0.02034,0.6369,2799,2134,1872,0.99,118.93,154.01,19.70,293.63
seq-03/frame-000238,1,0.01544,0.5196,2986,2330,2072,1.00,99.95,157.04,14.27,272.26
seq-03/frame-000239,1,0.02221,0.7338,2747,2027,1769,0.95,118.51,134.40,23.67,277.54
seq-03/frame-000240,1,0.01345,0.3107,2570,2051,1831,1.43,111.30,131.82,15.32,259.88
seq-03/frame-000241,1,0.01291,0.4025,2820,2185,1981,1.13,122.01,164.60,22.52,310.27
seq-03/frame-000242,1,0.02169,0.7986,2921,2023,1768,1.05,122.42,137.30,25.84,286.61
seq-03/frame-000243,1,0.01948,0.6770,2884,2002,1728,1.07,104.47,123.31,19.38,248.23
seq-03/frame-000244,1,0.01887,0.6489,2761,2065,1794,0.95,107.96,127.15,13.64,249.71
seq-03/frame-000245,1,0.01585,0.4690,2678,2052,1830,0.94,108.17,133.54,16.49,259.14
seq-03/frame-000246,1,0.01650,0.4442,2452,1964,1761,0.91,114.74,114.61,16.23,246.49
seq-03/frame-000247,1,0.01716,0.4712,2427,1819,1590,0.89,108.06,116.99,18.63,244.57
seq-03/frame-000248,1,0.02055,0.6700,2508,1809,1569,0.92,98.37,124.40,11.17,234.87
seq-03/frame-000249,1,0.01739,0.4652,2284,1737,1502,0.88,80.39,103.04,18.69,203.00
seq-03/frame-000250,1,0.01821,0.4828,2428,1901,1653,0.92,107.94,125.24,21.71,255.81
seq-03/frame-000251,1,0.01599,0.5487,2704,2039,1811,0.94,114.63,118.69,18.99,253.25
seq-03/frame-000252,1,0.02152,0.7048,2530,1849,1611,0.92,93.27,116.98,16.40,227.57
seq-03/frame-000253,1,0.02109,0.6278,2299,1686,1478,0.87,94.86,113.82,13.15,222.70
seq-03/frame-000254,1,0.03666,0.8096,2032,1163,908,0.86,93.77,101.19,23.57,219.39
seq-03/frame-000255,1,0.02152,0.5131,2483,1865,1658,0.91,86.49,124.87,11.83,224.10
seq-03/frame-000256,1,0.01392,0.5641,2428,1862,1622,0.93,103.72,108.31,17.03,229.99
seq-03/frame-000257,1,0.02435,0.9825,2353,1689,1439,0.91,91.93,115.29,17.64,225.78
seq-03/frame-000258,1,0.01976,0.6788,2079,1554,1351,0.86,93.47,91.78,14.50,200.61
seq-03/frame-000259,1,0.01777,0.5302,2162,1625,1419,0.87,98.89,106.23,25.29,231.29
seq-03/frame-000260,1,0.01214,0.6191,2528,1904,1607,0.94,88.69,132.63,14.27,236.54
seq-03/frame-000261,1,0.01966,0.8722,2472,1734,1439,0.98,96.69,119.29,18.33,235.30
seq-03/frame-000262,1,0.02884,1.0093,2065,1480,1278,0.90,85.25,92.14,15.94,194.24
seq-03/frame-000263,1,0.01739,0.5936,2312,1695,1419,0.93,93.00,114.67,13.15,221.76
seq-03/frame-000264,1,0.02663,0.7143,2294,1495,1182,1.05,92.86,104.69,19.90,218.51
seq-03/frame-000265,1,0.01232,0.6107,2453,1733,1410,1.00,83.73,106.50,11.87,203.10
seq-03/frame-000266,1,0.00818,0.4157,2612,1808,1494,0.99,93.40,115.23,14.12,223.75
seq-03/frame-000267,1,0.01901,0.8168,2514,1773,1461,0.99,100.21,106.28,19.79,227.27
seq-03/frame-000268,1,0.01479,0.5315,2349,1678,1413,0.94,88.51,110.86,13.60,213.91
seq-03/frame-000269,1,0.01626,0.5317,2183,1571,1323,0.92,89.51,103.46,18.53,212.42
seq-03/frame-000270,1,0.02059,0.6288,2187,1536,1302,0.93,88.40,91.06,19.22,199.62
seq-03/frame-000271,1,0.01232,0.5004,2336,1629,1388,0.93,97.93,129.90,14.97,243.74
seq-03/frame-000272,1,0.00827,0.3226,2610,1780,1434,0.98,108.65,112.92,22.21,244.76
seq-03/frame-000273,1,0.01436,0.4676,2361,1633,1381,0.97,85.13,105.12,17.66,208.88
seq-03/frame-000274,1,0.01853,0.7036,2075,1443,1180,0.88,102.44,99.06,13.34,215.72
seq-03/frame-000275,1,0.01233,0.4083,2326,1625,1366,0.95,94.35,103.05,10.52,208.88
seq-03/frame-000276,1,0.01399,0.4848,2207,1479,1243,0.92,88.77,99.50,11.60,200.80
seq-03/frame-000277,1,0.01895,0.5265,1918,1245,1023,0.86,81.02,91.86,18.31,192.05
seq-03/frame-000278,1,0.02121,0.6365,1942,1362,1123,0.89,77.82,98.27,13.82,190.79
seq-03/frame-000279,1,0.01669,0.4442,2124,1427,1206,0.90,80.52,92.48,16.31,190.22
seq-03/frame-000280,1,0.01517,0.3560,2172,1453,1222,0.92,76.91,109.43,12.29,199.56
seq-03/frame-000281,1,0.01900,0.4213,2039,1407,1144,0.93,106.60,92.24,19.40,219.17
seq-03/frame-000282,1,0.02541,0.7916,1672,1078,887,0.86,78.18,78.45,13.99,171.48
seq-03/frame-000283,1,0.01885,0.6372,1934,1305,1070,0.87,94.88,85.27,25.03,206.05
seq-03/frame-000284,1,0.01858,0.5051,2138,1446,1207,0.91,88.41,98.37,16.61,204.31
seq-03/frame-000285,1,0.01149,0.2782,1884,1316,1089,0.86,79.48,90.15,12.96,183.46
seq-03/frame-000286,1,0.01785,0.5157,1670,1113,893,0.84,80.39,79.57,12.80,173.60
seq-03/frame-000287,1,0.02341,0.8441,1645,1106,885,0.82,67.95,78.39,9.92,157.07
seq-03/frame-000288,1,0.01901,0.6061,1772,1209,998,0.83,70.79,74.06,8.35,154.04
seq-03/frame-000289,1,0.02136,0.6789,1691,1177,961,0.81,69.62,83.23,17.66,171.33
seq-03/frame-000290,1,0.02481,0.8078,1467,1004,779,0.79,77.38,68.54,16.12,162.83
seq-03/frame-000291,1,0.02542,0.8397,1403,963,747,0.77,65.98,61.81,19.10,147.67
seq-03/frame-000292,1,0.02795,0.9674,1243,737,548,0.75,74.42,60.33,10.93,146.43
seq-03/frame-000293,1,0.02081,0.6456,1241,821,640,0.76,78.94,48.68,7.62,136.00
seq-03/frame-000294,1,0.02136,0.6487,1216,839,673,0.76,72.13,55.21,10.90,139.00
seq-03/frame-000295,1,0.01636,0.4979,1415,999,826,0.84,77.62,74.16,26.32,178.94
seq-03/frame-000296,1,0.01082,1.0847,1324,957,822,0.79,68.37,70.43,11.87,151.47
seq-03/frame-000297,1,0.01932,0.4372,1068,679,528,0.73,61.95,44.98,10.12,117.79
seq-03/frame-000298,1,0.02855,1.1670,863,507,377,0.70,62.42,36.08,11.60,110.80
seq-03/frame-000299,1,0.04152,0.6107,979,684,534,0.71,65.88,53.70,17.87,138.16
seq-03/frame-000300,1,0.03677,0.7676,1141,818,680,0.74,63.73,60.21,21.67,146.35
seq-03/frame-000301,1,0.01086,0.4433,1171,816,645,0.74,58.09,62.52,12.19,133.55
seq-03/frame-000302,1,0.01654,0.3450,1258,884,751,0.81,61.14,46.32,7.92,116.20
seq-03/frame-000303,1,0.02449,0.4689,1336,948,799,0.78,64.28,64.34,9.97,139.36
seq-03/frame-000304,1,0.02885,0.6692,1127,789,624,0.74,78.48,43.74,19.37,142.33
seq-03/frame-000305,1,0.03184,0.3923,974,626,482,1.36,60.31,48.52,12.64,122.84
seq-03/frame-000306,1,0.03504,0.2381,955,600,457,0.71,58.24,37.14,15.55,111.64
seq-03/frame-000307,1,0.04486,0.3415,1025,562,420,0.72,57.95,43.70,10.85,113.23
seq-03/frame-000308,1,0.04900,0.3421,1080,620,484,0.73,68.08,52.62,15.66,137.09
seq-03/frame-000309,1,0.03906,0.5191,1296,846,638,0.78,68.98,72.07,13.20,155.03
seq-03/frame-000310,1,0.02005,0.5415,1644,996,742,0.82,91.65,79.99,15.38,187.84
seq-03/frame-000311,1,0.02342,0.8648,1543,865,599,1.10,70.62,72.13,20.22,164.09
seq-03/frame-000312,1,0.02121,0.4715,1458,928,711,0.84,76.48,63.34,13.47,154.13
seq-03/frame-000313,1,0.02594,0.8086,1609,978,772,1.60,98.55,63.52,11.33,175.00
seq-03/frame-000314,1,0.03317,0.9040,1496,983,757,0.82,66.62,69.19,19.47,156.11
seq-03/frame-000315,1,0.03122,0.9961,1418,907,691,0.86,67.41,58.11,8.75,135.14
seq-03/frame-000316,1,0.02840,1.1125,1486,912,710,0.88,82.04,57.96,17.56,158.45
seq-03/frame-000317,1,0.02680,0.7535,1491,931,705,0.87,81.03,70.85,19.29,172.04
seq-03/frame-000318,1,0.02484,1.0596,1606,980,727,0.88,72.94,75.56,15.75,165.13
seq-03/frame-000319,1,0.02683,1.1180,1589,977,724,0.89,68.94,66.93,9.80,146.55
seq-03/frame-000320,1,0.03401,1.4067,1586,853,685,0.85,75.14,71.46,11.67,159.12
seq-03/frame-000321,1,0.04392,1.1295,1570,971,693,0.84,69.56,67.63,18.61,156.65
seq-03/frame-000322,1,0.12178,4.3034,1456,752,573,0.82,69.17,62.81,20.37,153.16
seq-03/frame-000323,1,0.04361,3.4712,1221,770,539,0.91,74.33,53.94,16.10,145.29
seq-03/frame-000324,1,0.07335,4.3486,1068,638,473,0.76,60.55,45.33,22.49,129.12
seq-03/frame-000325,1,0.05276,2.3934,957,506,344,0.75,84.90,39.82,22.06,147.53
seq-03/frame-000326,1,0.09886,4.9334,940,504,363,0.74,61.60,43.20,22.83,128.36
seq-03/frame-000327,1,0.06519,1.0925,1092,631,499,0.77,64.81,57.01,16.79,139.38
seq-03/frame-000328,1,0.04091,1.0121,1442,783,556,0.82,67.38,84.62,16.75,169.56
seq-03/frame-000329,1,0.04571,1.5722,1464,761,596,0.80,66.62,83.42,9.91,160.75
seq-03/frame-000330,1,0.07789,1.5059,1241,615,462,0.78,71.34,74.18,13.21,159.51
seq-03/frame-000331,1,0.05110,1.5944,1304,678,512,0.92,71.87,74.44,16.52,163.76
seq-03/frame-000332,1,0.06429,1.0728,1417,863,708,0.83,76.12,65.70,30.67,173.33
seq-03/frame-000333,1,0.05117,0.9945,1741,946,782,0.82,81.02,90.08,24.29,196.20
seq-03/frame-000334,1,0.03602,1.5294,1599,1011,791,0.79,97.08,83.10,16.32,197.30
seq-03/frame-000335,1,0.04526,1.8434,1797,1111,890,0.82,105.81,84.58,25.80,217.02
seq-03/frame-000336,1,0.06036,1.3107,1892,1175,917,0.86,79.95,104.71,26.67,212.19
seq-03/frame-000337,1,0.05593,1.2129,2068,1272,1062,0.85,79.41,110.88,36.48,227.62
seq-03/frame-000338,1,0.05695,2.3941,1410,660,483,0.78,68.71,67.53,13.89,150.92
seq-03/frame-000339,1,0.31563,11.0585,1223,524,325,0.74,68.49,58.58,29.63,157.43
seq-03/frame-000340,1,0.07085,1.5082,1618,1008,801,0.79,78.00,112.87,31.17,222.82
seq-03/frame-000341,1,0.03383,1.4460,1764,1067,844,0.81,78.14,86.94,34.27,200.16
seq-03/frame-000342,1,0.04492,1.6028,2063,1265,1050,0.83,101.85,103.91,14.45,221.04
seq-03/frame-000343,1,0.09947,3.4743,1788,1109,893,0.83,77.03,94.19,19.96,192.01
seq-03/frame-000344,1,0.05362,1.2816,2589,1753,1507,0.96,139.12,168.55,31.52,340.15
seq-03/frame-000345,1,0.04447,1.7135,2352,1426,1171,1.01,109.40,132.55,42.67,285.63
seq-03/frame-000346,1,0.05200,1.2190,2384,1691,1493,0.92,107.51,145.09,29.77,283.29
seq-03/frame-000347,1,0.04299,1.0793,2411,1476,1248,0.90,142.13,141.53,21.26,305.83
seq-03/frame-000348,1,0.04304,1.0830,2411,1476,1248,0.93,134.09,157.12,22.54,314.68
seq-03/frame-000349,1,0.05007,1.2108,2413,1690,1456,1.89,125.79,162.76,19.91,310.35
seq-03/frame-000350,1,0.04158,1.5888,2563,1852,1618,0.96,124.18,135.50,30.01,290.66
seq-03/frame-000351,1,0.05918,2.5005,2355,1745,1467,0.91,128.24,127.77,20.07,277.01
seq-03/frame-000352,1,0.06032,1.2165,2406,1650,1428,1.27,116.22,132.92,14.51,264.92
seq-03/frame-000353,1,0.05448,1.5930,2406,1650,1428,0.94,141.89,142.93,17.78,303.55
seq-03/frame-000354,1,0.04212,1.7452,2299,1539,1325,1.09,89.99,115.21,31.26,237.55
seq-03/frame-000355,1,0.05787,1.2020,2465,1660,1447,1.06,107.22,116.59,31.23,256.10
seq-03/frame-000356,1,0.05465,1.2130,2516,1774,1531,1.03,112.19,132.16,29.98,275.36
seq-03/frame-000357,1,0.05440,1.2037,2516,1774,1531,1.04,129.79,128.43,22.63,281.90
seq-03/frame-000358,1,0.04975,1.7008,2645,1690,1472,1.02,129.54,169.56,35.67,335.80
seq-03/frame-000359,1,0.05500,1.9974,2661,1808,1537,0.94,112.17,159.20,26.06,298.38
seq-03/frame-000360,1,0.05192,1.1184,2797,2008,1774,1.88,123.99,154.09,32.04,312.02
seq-03/frame-000361,1,0.04840,1.5133,2653,1934,1673,1.29,122.51,155.16,37.07,316.03
seq-03/frame-000362,1,0.04240,1.2351,2653,1934,1673,1.26,133.33,175.75,32.72,343.06
seq-03/frame-000363,1,0.04262,1.2232,2796,2023,1761,0.97,124.42,155.53,34.25,315.18
seq-03/frame-000364,1,0.04162,1.1733,2705,1925,1674,0.92,141.29,159.25,33.73,335.20
seq-03/frame-000365,1,0.04523,1.1096,2823,1900,1651,1.99,121.80,164.54,16.58,304.90
seq-03/frame-000366,1,0.06119,1.6732,2684,1768,1531,2.67,110.06,167.61,33.52,313.86
seq-03/frame-000367,1,0.06158,1.6947,2684,1768,1531,1.08,129.58,146.45,29.96,307.08
seq-03/frame-000368,1,0.04463,1.1915,2791,2076,1831,1.00,131.13,174.10,40.57,346.80
seq-03/frame-000369,1,0.04369,1.0632,2619,1917,1662,0.94,129.11,173.37,29.00,332.41
seq-03/frame-000370,1,0.05028,1.6164,2649,1764,1500,0.94,132.27,176.26,34.84,344.32
seq-03/frame-000371,1,0.05864,1.0900,2786,1557,1269,1.20,120.16,159.70,15.71,296.77
seq-03/frame-000372,1,0.04665,1.3444,2244,1737,1524,1.34,115.74,128.52,19.83,265.44
seq-03/frame-000373,1,0.04700,1.3679,2244,1737,1524,0.87,121.06,127.02,34.77,283.76
seq-03/frame-000374,1,0.03505,0.3862,2420,1683,1450,0.90,136.12,161.51,31.71,330.25
seq-03/frame-000375,1,0.04974,1.0165,2782,1973,1728,0.98,137.26,167.99,27.44,333.67
seq-03/frame-000376,1,0.05389,1.4050,3008,2314,2072,1.87,155.47,147.31,34.01,338.65
seq-03/frame-000377,1,0.06147,1.4536,2365,1539,1289,0.89,107.85,170.95,24.73,304.43
seq-03/frame-000378,1,0.06111,1.4402,2365,1539,1289,0.96,128.68,166.11,25.26,321.01
seq-03/frame-000379,1,0.06399,1.2651,2868,2075,1870,1.48,158.21,157.69,27.50,344.89
seq-03/frame-000380,1,0.04241,1.1396,2953,2240,1970,1.01,166.88,169.49,20.28,357.67
seq-03/frame-000381,1,0.04962,0.7710,2706,1929,1685,0.96,230.86,165.40,29.81,427.04
seq-03/frame-000382,1,0.04546,1.0321,3009,2228,1997,4.49,144.07,155.77,34.50,338.83
seq-03/frame-000383,1,0.04582,1.0655,3009,2228,1997,1.01,148.29,147.65,23.83,320.78
seq-03/frame-000384,1,0.04504,0.8747,2882,1909,1619,1.91,133.31,170.59,19.37,325.18
seq-03/frame-000385,1,0.04945,0.8615,2850,1818,1550,1.90,132.69,167.92,25.28,327.80
seq-03/frame-000386,1,0.05105,0.7803,3196,2224,1949,2.18,138.69,165.33,24.66,330.86
seq-03/frame-000387,1,0.04624,1.0726,3076,2198,1940,1.41,143.18,157.54,17.57,319.71
seq-03/frame-000388,1,0.05115,1.3286,2906,2013,1773,2.98,130.11,181.75,22.66,337.51
seq-03/frame-000389,1,0.04712,0.7391,2851,1849,1576,0.99,145.38,164.48,26.14,337.00
seq-03/frame-000390,1,0.04296,1.0133,3135,2306,2091,1.21,144.95,171.28,37.31,354.75
seq-03/frame-000391,1,0.04320,1.0341,3135,2306,2091,3.08,138.77,167.53,50.10,359.48
seq-03/frame-000392,1,0.03828,1.0618,3182,2310,2056,1.11,138.96,186.16,28.43,354.67
seq-03/frame-000393,1,0.04490,0.9806,3222,2496,2255,1.11,138.19,166.69,60.68,366.68
seq-03/frame-000394,1,0.04473,1.0091,3337,2334,2070,1.07,129.72,213.01,41.97,385.77
seq-03/frame-000395,1,0.04333,1.1528,3269,2530,2269,1.09,148.35,208.44,36.46,394.35
seq-03/frame-000396,1,0.04100,1.1207,2938,2197,1960,1.16,123.11,189.81,43.22,357.30
seq-03/frame-000397,1,0.04791,1.2299,3321,2525,2280,1.10,158.82,206.75,29.92,396.59
seq-03/frame-000398,1,0.04218,1.0623,3321,2371,2121,1.08,130.46,249.73,30.76,412.04
seq-03/frame-000399,1,0.03932,0.8277,2913,2132,1890,1.98,152.40,178.99,15.07,348.44
seq-03/frame-000400,1,0.03935,0.8483,2913,2132,1890,3.96,194.16,166.43,27.73,392.29
seq-03/frame-000401,1,0.04443,1.1092,3084,2162,1922,0.97,188.73,166.92,20.89,377.50
seq-03/frame-000402,1,0.04645,1.2858,2988,2052,1811,1.06,159.05,163.93,35.58,359.61
seq-03/frame-000403,1,0.05838,0.9083,2705,1671,1402,1.16,142.95,163.55,34.26,341.93
seq-03/frame-000404,1,0.04637,0.9972,3309,2495,2224,1.10,145.56,210.03,33.70,390.40
seq-03/frame-000405,1,0.04489,0.9555,3391,2467,2177,1.04,142.44,203.47,31.53,378.48
seq-03/frame-000406,1,0.04215,1.3496,3133,2194,1881,0.98,135.48,197.78,28.66,362.90
seq-03/frame-000407,1,0.04983,1.5093,2782,1882,1624,1.67,110.95,187.78,19.98,320.38
seq-03/frame-000408,1,0.04736,1.2945,3055,2414,2171,0.98,130.26,151.73,32.25,315.22
seq-03/frame-000409,1,0.04539,1.0663,3252,2492,2214,1.05,127.63,192.57,30.68,351.93
seq-03/frame-000410,1,0.04547,1.0617,3252,2492,2214,1.22,163.35,177.19,27.78,369.55
seq-03/frame-000411,1,0.04767,1.0648,3009,2034,1782,3.43,146.11,175.04,28.62,353.21
seq-03/frame-000412,1,0.03915,1.0544,3305,2654,2388,1.56,151.82,168.05,29.61,351.04
seq-03/frame-000413,1,0.04732,1.2089,3112,2348,2077,0.99,139.50,179.03,26.50,346.02
seq-03/frame-000414,1,0.04886,1.0328,2815,1873,1587,0.92,142.25,140.46,18.43,302.07
seq-03/frame-000415,1,0.04623,1.2500,3348,2589,2336,1.01,158.06,194.61,29.84,383.51
seq-03/frame-000416,1,0.04857,1.3026,3198,2248,1983,1.09,139.79,149.84,25.02,315.74
seq-03/frame-000417,1,0.04894,1.0460,3507,2512,2206,1.06,163.78,179.20,50.47,394.51
seq-03/frame-000418,1,0.04860,1.2420,3432,2491,2209,3.06,148.35,218.77,42.72,412.89
seq-03/frame-000419,1,0.05719,1.2049,3170,2239,1939,0.96,134.64,212.90,26.55,375.05
seq-03/frame-000420,1,0.05012,1.1833,2630,1632,1375,0.90,102.46,174.28,28.01,305.65
seq-03/frame-000421,1,0.04530,1.0757,3200,2190,1866,1.30,172.34,181.98,26.83,382.45
seq-03/frame-000422,1,0.04446,1.2465,3372,2275,1989,1.04,107.92,228.82,21.47,359.26
seq-03/frame-000423,1,0.04726,1.0068,3517,2451,2165,1.12,150.56,218.53,26.20,396.42
seq-03/frame-000424,1,0.05227,1.0968,3701,2650,2309,3.56,178.77,191.45,47.80,421.59
seq-03/frame-000425,1,0.04927,1.2539,3193,2258,1967,1.15,179.23,156.52,40.89,377.79
seq-03/frame-000426,1,0.04061,1.3061,3249,2531,2249,1.91,159.72,179.50,28.78,369.92
seq-03/frame-000427,1,0.05033,1.4094,2797,2076,1791,2.20,143.57,147.16,25.84,318.77
seq-03/frame-000428,1,0.04904,1.3278,3347,2350,2042,1.23,136.67,193.15,23.90,354.95
seq-03/frame-000429,1,0.04824,1.1043,3647,2467,2107,1.55,135.35,208.04,55.09,400.02
seq-03/frame-000430,1,0.03828,1.0034,3603,2439,2105,1.14,142.42,190.40,48.32,382.29
seq-03/frame-000431,1,0.04443,1.2580,3590,2480,2192,1.13,148.07,191.57,28.50,369.28
seq-03/frame-000432,1,0.03734,1.0080,3308,2236,1930,1.15,152.32,163.10,20.29,336.86
seq-03/frame-000433,1,0.03675,0.9602,3465,2485,2155,1.12,141.77,155.83,20.74,319.47
seq-03/frame-000434,1,0.04258,1.0397,3473,2334,2003,1.20,148.27,221.13,40.13,410.73
seq-03/frame-000435,1,0.03944,1.1304,3525,2399,2078,1.54,121.07,207.30,55.48,385.39
seq-03/frame-000436,1,0.03852,0.8880,3629,2539,2214,1.10,131.91,212.08,40.72,385.82
seq-03/frame-000437,1,0.03879,1.1352,3459,2623,2304,1.06,163.07,255.56,22.45,442.15
seq-03/frame-000438,1,0.04233,1.2263,3222,2256,1976,1.16,109.10,231.22,34.01,375.50
seq-03/frame-000439,1,0.04712,1.1685,3187,2223,1907,1.22,141.12,249.34,25.92,417.62
seq-03/frame-000440,1,0.04050,1.0434,3528,2599,2250,1.56,172.77,248.45,27.51,450.30
seq-03/frame-000441,1,0.03870,1.1536,3632,2514,2226,1.08,164.21,238.65,26.82,430.76
seq-03/frame-000442,1,0.03690,1.0269,3241,2296,1959,1.18,163.20,252.22,44.11,460.71
seq-03/frame-000443,1,0.04151,1.0006,3376,2160,1844,1.19,212.81,269.45,47.01,530.47
seq-03/frame-000444,1,0.03962,1.0400,3886,2696,2331,1.09,214.28,295.73,53.08,564.19
seq-03/frame-000445,1,0.04042,1.0792,3681,2531,2191,7.79,190.56,301.59,43.74,543.69
seq-03/frame-000446,1,0.03320,1.0136,2931,2207,1888,0.96,199.50,225.76,49.81,476.04
seq-03/frame-000447,1,0.04111,1.1390,3482,2581,2227,1.04,156.40,278.99,36.11,472.55
seq-03/frame-000448,1,0.03717,0.7629,4000,2632,2255,1.11,215.56,301.93,31.89,550.50
seq-03/frame-000449,1,0.03770,0.8355,4000,2694,2291,1.10,204.30,295.96,19.21,520.57
seq-03/frame-000450,1,0.03044,0.8188,4001,2694,2359,1.15,249.14,354.12,21.13,625.54
seq-03/frame-000451,1,0.03793,0.9039,3637,2346,1974,1.23,252.64,245.25,28.58,527.71
seq-03/frame-000452,1,0.03533,0.7513,3689,2412,2069,1.23,236.45,240.52,44.40,522.61
seq-03/frame-000453,1,0.03522,0.7338,3977,2585,2212,1.20,236.63,284.38,29.43,551.64
seq-03/frame-000454,1,0.03796,0.8517,4000,2704,2330,1.12,243.44,245.46,25.55,515.57
seq-03/frame-000455,1,0.03493,0.9637,4000,2772,2375,1.14,175.88,248.02,27.79,452.82
seq-03/frame-000456,1,0.03354,0.8207,4001,2665,2258,1.15,196.55,290.49,55.60,543.80
seq-03/frame-000457,1,0.03667,0.6974,4000,2544,2187,1.18,195.90,297.63,50.05,544.77
seq-03/frame-000458,1,0.03471,0.7686,3731,2331,1998,2.51,181.84,274.66,39.57,498.59
seq-03/frame-000459,1,0.03129,0.7224,3956,2500,2147,1.25,181.46,280.40,29.33,492.45
seq-03/frame-000460,1,0.04012,0.6018,3993,2677,2285,1.10,206.31,251.89,19.19,478.48
seq-03/frame-000461,1,0.04268,0.7729,4000,2492,2058,1.49,202.90,261.06,16.24,481.70
seq-03/frame-000462,1,0.03106,0.7289,4000,2656,2272,1.24,224.28,245.03,43.97,514.53
seq-03/frame-000463,1,0.03823,0.9340,4001,2565,2128,1.19,207.04,237.54,38.71,484.48
seq-03/frame-000464,1,0.03789,0.6401,4000,2338,1922,1.07,210.70,222.14,38.69,472.59
seq-03/frame-000465,1,0.02888,0.7341,4000,2732,2323,6.21,225.13,220.85,32.47,484.66
seq-03/frame-000466,1,0.02783,0.8597,4000,2872,2498,1.14,186.06,211.87,29.46,428.54
seq-03/frame-000467,1,0.03069,0.8903,4000,2618,2217,1.47,189.36,215.05,34.90,440.78
seq-03/frame-000468,1,0.02781,0.6135,4000,2553,2193,1.79,174.18,271.00,18.64,465.60
seq-03/frame-000469,1,0.02986,0.7109,4001,2396,2043,1.35,148.20,249.33,21.39,420.26
seq-03/frame-000470,1,0.02812,0.6752,4000,2495,2132,1.34,157.60,256.58,27.44,442.96
seq-03/frame-000471,1,0.01829,0.5212,4000,2799,2410,1.13,160.34,247.35,22.77,431.58
seq-03/frame-000472,1,0.03495,0.9830,3518,2450,2099,1.09,149.27,236.96,29.68,417.00
seq-03/frame-000473,1,0.03063,0.9310,4000,2628,2270,1.21,199.07,197.59,42.75,440.63
seq-03/frame-000474,1,0.02546,0.8297,4000,2390,2085,2.27,183.22,215.00,20.40,420.89
seq-03/frame-000475,1,0.02110,0.6266,4000,2397,2055,2.86,177.28,228.03,38.78,446.95
seq-03/frame-000476,1,0.02314,0.6537,4000,2605,2209,1.13,206.10,210.64,36.33,454.21
seq-03/frame-000477,1,0.02433,0.5868,3879,2550,2154,5.43,169.40,178.33,31.47,384.64
seq-03/frame-000478,1,0.02408,0.7130,4000,2607,2281,1.43,166.01,241.06,36.71,445.22
seq-03/frame-000479,1,0.02241,0.6963,4000,2377,1973,1.75,172.46,259.45,34.02,467.68
seq-03/frame-000480,1,0.02535,0.6904,4001,2237,1874,1.28,141.05,240.09,55.69,438.11
seq-03/frame-000481,1,0.02089,0.6599,4000,2581,2204,1.19,141.36,234.92,39.45,416.92
seq-03/frame-000482,1,0.01949,0.4523,4001,2426,2079,1.26,165.79,268.64,32.82,468.52
seq-03/frame-000483,1,0.02053,0.5517,4001,2550,2203,1.32,190.04,238.73,24.67,454.76
seq-03/frame-000484,1,0.02608,0.7518,4000,2446,2090,1.29,214.06,231.53,30.35,477.23
seq-03/frame-000485,1,0.02276,0.5816,4000,2422,2034,1.48,200.64,221.36,41.15,464.64
seq-03/frame-000486,1,0.01595,0.4134,4001,2436,2066,1.49,190.09,226.88,33.23,451.69
seq-03/frame-000487,1,0.01622,0.4099,4000,2772,2407,1.81,206.00,226.44,40.78,475.03
seq-03/frame-000488,1,0.02084,0.5685,4000,2698,2304,1.18,207.80,230.89,31.63,471.50
seq-03/frame-000489,1,0.02323,0.5996,4000,2747,2369,1.17,180.07,228.45,23.53,433.23
seq-03/frame-000490,1,0.02294,0.7268,4000,2308,1965,1.32,165.45,242.89,36.63,446.28
seq-03/frame-000491,1,0.01680,0.5750,4000,2260,1941,1.37,150.28,225.68,24.85,402.18
seq-03/frame-000492,1,0.02286,0.5331,4000,2447,2058,2.02,171.04,243.11,21.58,437.75
seq-03/frame-000493,1,0.03792,0.8552,3845,2365,1977,1.10,160.63,229.06,31.19,421.98
seq-03/frame-000494,1,0.01561,0.3920,4000,2604,2193,3.90,182.72,252.64,23.13,462.39
seq-03/frame-000495,1,0.02268,0.6700,4001,2446,2046,1.19,175.26,235.74,27.22,439.42
seq-03/frame-000496,1,0.01900,0.6474,4000,2263,1925,1.29,180.39,268.07,25.75,475.52
seq-03/frame-000497,1,0.01947,0.6518,4000,2263,1925,2.67,189.76,224.29,32.99,449.71
seq-03/frame-000498,1,0.02439,0.8506,4002,2330,1989,1.26,183.82,202.85,25.71,413.64
seq-03/frame-000499,1,0.01924,0.6414,4000,2238,1933,1.27,198.55,229.52,24.49,453.84
seq-03/frame-000500,1,0.01659,0.6096,4000,2601,2238,1.17,192.44,234.83,45.56,474.01
seq-03/frame-000501,1,0.02053,0.5649,4000,2520,2176,1.93,178.98,193.45,36.81,411.18
seq-03/frame-000502,1,0.02151,0.7917,4000,2410,2048,1.26,197.13,259.53,30.21,488.13
seq-03/frame-000503,1,0.01764,0.6703,4000,2208,1862,1.40,175.95,231.41,31.96,440.72
seq-03/frame-000504,1,0.02017,0.7563,4000,2382,2032,1.48,168.08,247.51,24.97,442.04
seq-03/frame-000505,1,0.01610,0.6709,4000,2534,2175,1.26,191.31,238.80,21.46,452.84
seq-03/frame-000506,1,0.01465,0.5001,4000,2330,1910,1.14,194.04,246.18,15.93,457.30
seq-03/frame-000507,1,0.03080,1.0483,4000,2259,1942,2.63,180.91,246.25,41.56,471.35
seq-03/frame-000508,1,0.01721,0.8082,4001,2183,1798,1.23,181.22,222.32,20.37,425.15
seq-03/frame-000509,1,0.02817,1.0678,4000,2373,2001,2.59,183.83,241.84,22.79,451.05
seq-03/frame-000510,1,0.02424,0.9888,4000,2422,2105,3.99,184.80,249.75,36.81,475.35
seq-03/frame-000511,1,0.01828,0.7324,4001,2162,1782,1.26,202.13,216.53,47.03,466.96
seq-03/frame-000512,1,0.02318,0.8750,4000,2510,2107,1.16,190.66,267.23,31.75,490.79
seq-03/frame-000513,1,0.02328,0.8873,4000,2510,2107,1.47,161.19,250.81,39.38,452.86
seq-03/frame-000514,1,0.02544,0.9650,4000,2403,1978,1.29,170.28,255.80,48.93,476.30
seq-03/frame-000515,1,0.02663,1.1124,4000,2556,2194,1.22,174.83,289.35,36.38,501.79
seq-03/frame-000516,1,0.02345,0.9797,4000,2435,2069,1.29,175.78,286.21,25.96,489.24
seq-03/frame-000517,1,0.01991,0.9473,4000,2480,2129,2.02,194.03,284.19,21.71,501.95
seq-03/frame-000518,1,0.02465,1.1276,4000,2532,2169,1.71,203.78,295.13,29.94,530.56
seq-03/frame-000519,1,0.02040,1.0419,4000,2517,2129,1.25,203.43,247.55,33.65,485.89
seq-03/frame-000520,1,0.02583,1.0170,4000,2346,1923,1.13,213.98,222.50,34.43,472.05
seq-03/frame-000521,1,0.02755,0.9843,4000,2304,1910,1.91,231.03,240.01,35.40,508.34
seq-03/frame-000522,1,0.03377,1.4233,4001,2448,2065,1.67,240.41,217.36,23.59,483.04
seq-03/frame-000523,1,0.03190,1.3316,4000,2514,2177,1.44,185.99,212.48,24.17,424.09
seq-03/frame-000524,1,0.03131,1.2294,4000,2179,1843,1.83,176.94,213.13,24.69,416.60
seq-03/frame-000525,1,0.02328,1.1848,4000,2112,1759,1.76,183.21,196.20,19.39,400.56
seq-03/frame-000526,1,0.02937,1.3142,4000,2385,2042,2.53,177.37,192.47,24.94,397.30
seq-03/frame-000527,1,0.03628,1.5280,4001,2625,2289,1.19,163.37,189.24,20.95,374.76
seq-03/frame-000528,1,0.02817,1.2235,4000,2091,1794,1.35,153.53,189.99,16.09,360.96
seq-03/frame-000529,1,0.02654,0.8900,4000,2091,1794,2.58,146.71,173.59,17.32,340.20
seq-03/frame-000530,1,0.01697,1.2400,4000,2493,2144,6.02,141.71,200.41,29.36,377.50
seq-03/frame-000531,1,0.02054,1.2977,4000,2470,2051,1.08,137.17,202.05,18.87,359.18
seq-03/frame-000532,1,0.02667,1.3678,4001,2234,1902,1.26,155.37,173.52,14.63,344.78
seq-03/frame-000533,1,0.02914,1.3173,4000,2310,1891,1.11,129.72,193.33,23.77,347.95
seq-03/frame-000534,1,0.03343,1.4313,4001,2387,2052,1.20,154.36,183.43,24.88,363.89
seq-03/frame-000535,1,0.03247,1.4592,4000,2430,2054,1.20,170.34,180.86,32.77,385.17
seq-03/frame-000536,1,0.02063,1.0925,4001,1929,1484,1.11,144.74,190.44,27.61,363.91
seq-03/frame-000537,1,0.04386,1.3629,4000,1991,1523,1.06,139.37,199.98,22.07,362.48
seq-03/frame-000538,1,0.02855,1.2212,4000,2131,1806,1.20,157.26,194.04,29.11,381.61
seq-03/frame-000539,1,0.03056,1.2690,4001,2287,1951,1.63,151.87,199.21,33.85,386.57
seq-03/frame-000540,1,0.03160,1.1623,4001,2157,1822,1.24,146.87,181.66,19.18,348.94
seq-03/frame-000541,1,0.02696,1.1241,4000,2198,1875,1.30,136.97,182.59,30.50,351.36
seq-03/frame-000542,1,0.03560,1.3308,4000,2260,1837,1.17,133.10,200.10,38.26,372.63
seq-03/frame-000543,1,0.04616,1.2693,4001,2276,1880,1.66,128.33,212.39,32.15,374.53
seq-03/frame-000544,1,0.02505,0.8448,4000,2355,2047,1.34,148.05,209.40,40.96,399.75
seq-03/frame-000545,1,0.03271,1.2744,4000,2475,2132,1.34,126.32,214.73,30.27,372.66
seq-03/frame-000546,1,0.03473,1.3471,4000,2194,1901,1.33,132.76,231.44,27.33,392.86
seq-03/frame-000547,1,0.03629,1.4688,4000,2273,1940,1.31,160.49,232.22,33.32,427.35
seq-03/frame-000548,1,0.03889,1.4538,4001,2394,2087,1.33,167.31,235.04,36.15,439.84
seq-03/frame-000549,1,0.02745,1.0672,4000,2417,2029,1.16,152.09,221.91,40.03,415.19
seq-03/frame-000550,1,0.04215,1.4977,4000,2091,1717,1.15,177.01,242.37,30.39,450.93
seq-03/frame-000551,1,0.03408,1.2359,4000,2023,1695,1.65,173.46,236.89,32.43,444.44
seq-03/frame-000552,1,0.04151,1.5204,4000,2398,2040,1.18,173.97,238.42,25.45,439.03
seq-03/frame-000553,1,0.03896,1.3593,4000,2183,1794,1.14,179.82,240.20,24.22,445.39
seq-03/frame-000554,1,0.03859,1.2543,4000,2298,1921,1.57,178.03,226.08,28.04,433.71
seq-03/frame-000555,1,0.04134,1.2296,3840,2158,1727,1.26,165.66,221.13,25.76,413.81
seq-03/frame-000556,1,0.03884,1.1364,3751,2154,1733,2.50,166.15,216.44,26.39,411.48
seq-03/frame-000557,1,0.04489,1.4353,4000,2433,2012,1.32,206.79,263.74,43.28,515.14
seq-03/frame-000558,1,0.04971,1.6521,3959,2303,1899,1.81,169.40,271.25,27.91,470.37
seq-03/frame-000559,1,0.05419,1.5966,3411,1935,1583,1.01,169.29,239.99,25.31,435.61
seq-03/frame-000560,1,0.04338,1.3667,4001,2523,2212,2.09,169.93,254.74,33.90,460.66
seq-03/frame-000561,1,0.03883,1.3241,4001,2505,2150,1.39,179.19,277.35,37.22,495.15
seq-03/frame-000562,1,0.04534,1.4173,3772,2076,1675,1.04,226.41,208.75,26.67,462.86
seq-03/frame-000563,1,0.03860,0.8987,3684,2324,1909,1.75,212.80,225.72,27.24,467.51
seq-03/frame-000564,1,0.03596,1.1539,4000,2580,2245,1.52,202.80,223.42,22.80,450.54
seq-03/frame-000565,1,0.04495,1.5810,4002,2555,2252,1.27,218.80,223.77,18.69,462.53
seq-03/frame-000566,1,0.04038,1.3706,4000,2549,2218,1.60,222.31,215.84,23.26,463.03
seq-03/frame-000567,1,0.04042,1.1464,3607,2288,1903,1.05,177.65,193.80,15.34,387.84
seq-03/frame-000568,1,0.03085,0.7170,3535,2200,1828,0.99,166.51,204.81,36.41,408.72
seq-03/frame-000569,1,0.05653,1.7725,3502,1670,1387,1.05,151.68,183.14,20.34,356.22
seq-03/frame-000570,1,0.03633,1.1598,3838,2155,1811,1.09,173.22,236.02,29.12,439.46
seq-03/frame-000571,1,0.05693,1.7196,3944,1874,1532,1.21,166.26,217.87,34.97,420.31
seq-03/frame-000572,1,0.04772,1.6088,3948,2286,1974,1.47,145.37,223.05,19.42,389.31
seq-03/frame-000573,1,0.03318,1.1312,4001,2532,2200,2.50,187.66,176.52,21.09,387.77
seq-03/frame-000574,1,0.03404,0.9442,3789,2400,2045,1.48,156.78,221.96,26.70,406.93
seq-03/frame-000575,1,0.04244,1.2938,4000,2522,2204,1.21,167.64,179.98,18.15,366.98
seq-03/frame-000576,1,0.04211,1.4283,4000,2544,2206,2.35,168.20,205.42,20.34,396.31
seq-03/frame-000577,1,0.03660,1.1822,4000,2518,2159,1.12,158.05,198.35,22.17,379.70
seq-03/frame-000578,1,0.03107,0.8661,3759,2313,1973,1.07,179.21,182.05,24.64,386.99
seq-03/frame-000579,1,0.05685,1.7246,3849,1731,1371,1.07,121.90,175.77,26.72,325.46
seq-03/frame-000580,1,0.05066,1.7087,3987,2274,1898,1.13,115.57,171.11,17.20,305.01
seq-03/frame-000581,1,0.03840,1.3450,4000,2501,2142,1.13,131.07,201.22,24.37,357.80
seq-03/frame-000582,1,0.03925,1.2895,4000,2505,2138,1.10,126.49,207.23,39.78,374.60
seq-03/frame-000583,1,0.05085,1.8533,4000,2332,1947,1.13,126.53,196.37,20.60,344.63
seq-03/frame-000584,1,0.05249,2.0000,3918,2247,1879,1.18,124.19,189.22,16.20,330.79
seq-03/frame-000585,1,0.04923,2.0048,4001,2320,1953,1.15,147.16,240.13,18.30,406.75
seq-03/frame-000586,1,0.04356,1.8434,3925,2279,1933,1.19,156.25,211.08,20.22,388.74
seq-03/frame-000587,1,0.05443,1.9954,3825,1931,1559,1.04,145.68,205.47,14.73,366.93
seq-03/frame-000588,1,0.04966,1.8551,4000,2083,1707,1.13,138.37,228.35,16.56,384.40
seq-03/frame-000589,1,0.04916,2.0321,4000,2168,1789,1.17,126.59,273.49,27.94,429.19
seq-03/frame-000590,1,0.05178,2.2812,3432,2086,1763,0.99,136.76,198.15,15.72,351.62
seq-03/frame-000591,1,0.05008,2.0963,2905,1765,1456,0.95,138.74,144.42,21.08,305.20
seq-03/frame-000592,1,0.04571,1.8994,3657,2314,1935,1.09,136.53,199.75,26.53,363.90
seq-03/frame-000593,1,0.04648,1.8920,3657,2314,1935,1.09,129.72,185.73,28.90,345.44
seq-03/frame-000594,1,0.04656,1.9754,3765,2246,1886,1.08,149.35,197.72,32.03,380.17
seq-03/frame-000595,1,0.04707,2.0007,3662,1909,1572,1.04,134.90,199.98,16.23,352.17
seq-03/frame-000596,1,0.04159,1.8198,3671,2215,1867,1.01,159.16,210.24,26.54,396.95
seq-03/frame-000597,1,0.03510,1.5622,3106,1687,1384,0.98,146.73,177.31,18.32,343.34
seq-03/frame-000598,1,0.04151,1.7474,3362,1748,1418,1.02,143.48,185.74,18.11,348.34
seq-03/frame-000599,1,0.04002,1.7146,3842,1997,1596,1.12,169.16,232.74,20.72,423.76
seq-03/frame-000600,1,0.04335,1.6224,3919,1939,1533,1.19,163.29,198.78,36.62,399.88
seq-03/frame-000601,1,0.04126,1.5723,3827,1807,1405,4.27,155.44,210.10,20.44,390.24
seq-03/frame-000602,1,0.04047,1.6347,3892,2315,1932,1.12,144.57,197.03,24.22,366.94
seq-03/frame-000603,1,0.03345,1.3785,3640,2144,1825,1.38,144.23,196.75,38.04,380.40
seq-03/frame-000604,1,0.03813,1.5496,3928,1983,1620,1.14,148.58,208.71,27.74,386.17
seq-03/frame-000605,1,0.04102,1.3050,3434,1649,1272,1.00,120.77,189.92,21.47,333.16
seq-03/frame-000606,1,0.03444,0.7616,2628,1349,1013,0.90,119.61,144.27,27.16,291.95
seq-03/frame-000607,1,0.04049,0.9190,2954,1461,1106,0.95,125.95,150.05,22.37,299.33
seq-03/frame-000608,1,0.03124,1.0937,3843,2055,1672,1.05,135.11,189.50,30.28,355.94
seq-03/frame-000609,1,0.03159,1.5034,3800,1941,1609,1.12,130.57,193.25,17.12,342.07
seq-03/frame-000610,1,0.03261,1.2126,3955,1880,1484,1.14,151.77,192.86,19.12,364.89
seq-03/frame-000611,1,0.03117,0.9845,3288,1561,1168,0.98,127.00,170.12,23.48,321.58
seq-03/frame-000612,1,0.02866,0.6833,2846,1275,944,1.06,124.92,147.27,25.48,298.73
seq-03/frame-000613,1,0.03162,0.6965,2480,1233,911,0.89,104.24,118.98,14.90,239.02
seq-03/frame-000614,1,0.02592,0.9952,3085,1645,1285,0.97,132.13,135.25,18.71,287.06
seq-03/frame-000615,1,0.03931,1.8773,3170,1751,1443,0.95,121.98,157.36,19.39,299.69
seq-03/frame-000616,1,0.04100,1.8844,3285,1646,1340,1.62,140.49,148.34,43.03,333.49
seq-03/frame-000617,1,0.05037,1.9549,3285,1646,1340,0.99,133.63,149.97,28.80,313.39
seq-03/frame-000618,1,0.03156,1.3123,3686,1801,1431,1.03,126.60,185.82,18.92,332.37
seq-03/frame-000619,1,0.02501,1.0221,3421,1675,1342,1.05,130.02,191.66,20.44,343.18
seq-03/frame-000620,1,0.02997,1.2502,3493,1685,1307,1.24,133.19,160.08,18.79,313.31
seq-03/frame-000621,1,0.03061,1.3196,3546,1784,1407,1.03,130.14,178.19,24.15,333.52
seq-03/frame-000622,1,0.03832,1.3723,3362,1509,1162,1.01,137.95,166.71,20.92,326.60
seq-03/frame-000623,1,0.03256,1.0976,3294,1477,1099,1.91,116.82,165.01,22.29,306.04
seq-03/frame-000624,1,0.03540,1.3034,3076,1535,1166,0.97,108.42,163.65,23.53,296.59
seq-03/frame-000625,1,0.03037,1.2113,3161,1462,1126,0.97,104.82,249.19,21.97,376.96
seq-03/frame-000626,1,0.02244,0.9467,3363,1727,1358,0.99,115.12,162.71,18.35,297.17
seq-03/frame-000627,1,0.02221,0.9404,3363,1727,1358,0.96,122.01,162.94,18.84,304.75
seq-03/frame-000628,1,0.03398,1.4173,2906,1233,896,0.98,113.37,145.90,22.90,283.15
seq-03/frame-000629,1,0.03299,1.2134,3193,1457,1069,0.96,124.22,147.09,21.72,294.00
seq-03/frame-000630,1,0.02782,1.1056,2819,1145,786,0.91,123.77,143.70,11.65,280.03
seq-03/frame-000631,1,0.03292,1.2264,3048,1301,955,1.76,132.32,146.88,17.64,298.59
seq-03/frame-000632,1,0.03361,1.2338,3048,1301,955,1.27,127.85,149.50,13.86,292.49
seq-03/frame-000633,1,0.03122,1.2842,3100,1594,1260,0.99,145.28,145.46,26.02,317.76
seq-03/frame-000634,1,0.02177,1.0688,2460,1104,776,0.88,109.80,143.19,22.13,276.00
seq-03/frame-000635,1,0.03166,1.2141,2571,1122,804,0.94,128.62,132.16,20.37,282.09
seq-03/frame-000636,1,0.03612,1.2309,2793,1328,1039,0.94,120.23,143.28,15.72,280.17
seq-03/frame-000637,1,0.04260,1.4118,2940,1489,1172,4.72,115.02,148.55,25.62,293.90
seq-03/frame-000638,1,0.04267,1.4234,2940,1489,1172,0.99,118.73,119.95,19.38,259.06
seq-03/frame-000639,1,0.04776,1.9851,3234,1445,1033,1.00,111.05,145.83,16.92,274.80
seq-03/frame-000640,1,0.04201,1.2790,3284,1607,1235,1.03,120.66,162.68,24.45,308.81
seq-03/frame-000641,1,0.02776,1.0734,3319,1550,1180,1.05,131.68,153.94,26.00,312.67
seq-03/frame-000642,1,0.03814,1.5202,3296,1562,1148,1.07,130.13,143.78,24.55,299.53
seq-03/frame-000643,1,0.03246,1.1234,3298,1483,1083,1.07,109.26,154.41,22.20,286.95
seq-03/frame-000644,1,0.03212,1.1245,3298,1483,1083,1.07,126.51,166.08,22.47,316.13
seq-03/frame-000645,1,0.03644,1.1572,3294,1459,1049,1.10,115.96,146.58,15.27,278.91
seq-03/frame-000646,1,0.02449,0.8783,3353,1612,1183,1.09,129.72,151.39,14.68,296.88
seq-03/frame-000647,1,0.04211,1.7487,3231,1682,1253,0.95,121.66,151.05,13.27,286.94
seq-03/frame-000648,1,0.04226,1.7317,3335,1559,1160,0.97,112.74,171.04,13.23,297.99
seq-03/frame-000649,1,0.02868,1.0880,3194,1616,1219,0.99,123.20,168.69,13.72,306.60
seq-03/frame-000650,1,0.02171,0.8719,3330,1675,1243,1.00,122.88,177.52,17.97,319.37
seq-03/frame-000651,1,0.02848,1.2111,3330,1675,1243,0.97,148.21,156.89,22.34,328.42
seq-03/frame-000652,1,0.03177,1.1651,3351,1640,1226,1.02,118.29,162.18,13.83,295.32
seq-03/frame-000653,1,0.03160,1.1604,3148,1638,1261,1.01,119.98,150.06,33.87,304.93
seq-03/frame-000654,1,0.02049,0.8084,2707,1422,1074,0.93,106.22,140.24,34.77,282.17
seq-03/frame-000655,1,0.02783,1.0212,3202,1752,1325,1.02,113.14,171.30,31.87,317.34
seq-03/frame-000656,1,0.02919,1.0661,3024,1477,1069,0.96,117.54,153.35,20.50,292.36
seq-03/frame-000657,1,0.03129,0.9221,3105,1543,1169,0.99,110.36,167.01,24.47,302.85
seq-03/frame-000658,1,0.03118,0.9112,3105,1543,1169,1.00,113.27,161.52,21.97,297.76
seq-03/frame-000659,1,0.03003,0.8078,2316,1275,960,0.88,91.96,118.09,20.62,231.56
seq-03/frame-000660,1,0.03195,0.9465,3275,1743,1293,0.98,137.16,163.78,28.93,330.85
seq-03/frame-000661,1,0.02958,1.0115,2820,1353,986,0.93,102.66,159.20,42.11,304.90
seq-03/frame-000662,1,0.02991,0.8272,3058,1629,1251,0.96,108.65,161.28,21.85,292.75
seq-03/frame-000663,1,0.03056,0.9919,2178,1160,889,0.87,100.14,96.96,27.69,225.70
seq-03/frame-000664,1,0.03207,1.3362,2184,1203,935,0.87,84.17,109.36,15.10,209.50
seq-03/frame-000665,1,0.03235,1.1118,3102,1703,1364,0.95,109.54,195.93,14.89,321.31
seq-03/frame-000666,1,0.02895,0.9018,3417,1724,1333,1.00,117.98,209.81,9.02,337.82
seq-03/frame-000667,1,0.03152,1.0404,3402,1758,1370,1.00,141.88,198.18,9.15,350.22
seq-03/frame-000668,1,0.02506,0.9634,2697,1396,1073,0.92,109.44,185.56,14.18,310.11
seq-03/frame-000669,1,0.02230,0.8525,2506,1392,1115,0.90,122.91,172.13,16.93,312.87
seq-03/frame-000670,1,0.02202,1.0418,2980,1633,1326,0.98,118.83,139.92,16.29,276.03
seq-03/frame-000671,1,0.02019,1.0226,3255,1649,1324,1.02,138.08,166.28,18.20,323.58
seq-03/frame-000672,1,0.02501,1.1077,2404,1206,927,0.91,107.44,119.26,14.32,241.92
seq-03/frame-000673,1,0.01996,1.0038,2751,1415,1108,0.94,148.04,119.80,28.27,297.04
seq-03/frame-000674,1,0.02032,0.9131,3087,1636,1296,1.00,145.13,153.47,15.91,315.51
seq-03/frame-000675,1,0.02660,1.2084,3490,1668,1286,1.04,127.75,169.18,13.65,311.62
seq-03/frame-000676,1,0.02508,1.2289,3279,1500,1079,1.05,135.73,187.23,12.91,336.91
seq-03/frame-000677,1,0.02345,1.3688,3094,1441,1074,0.99,118.62,172.57,12.38,304.56
seq-03/frame-000678,1,0.02954,1.6099,3102,1449,1099,1.69,161.00,154.20,16.16,333.04
seq-03/frame-000679,1,0.02856,1.3783,3529,1735,1354,1.03,161.88,163.21,17.77,343.89
seq-03/frame-000680,1,0.02101,0.9695,3678,1732,1373,1.07,170.96,171.83,11.64,355.50
seq-03/frame-000681,1,0.02559,1.5444,3678,1732,1373,1.09,150.95,180.83,11.62,344.50
seq-03/frame-000682,1,0.02856,1.0858,3363,1672,1300,1.02,140.20,168.52,11.70,321.45
seq-03/frame-000683,1,0.02475,1.1350,3715,1796,1397,1.06,141.08,176.62,11.82,330.59
seq-03/frame-000684,1,0.01990,1.2564,4000,1871,1415,1.14,137.76,176.21,25.56,340.67
seq-03/frame-000685,1,0.02014,1.3467,4000,1747,1322,1.16,159.79,198.12,19.39,378.46
seq-03/frame-000686,1,0.01674,1.3428,3819,1546,1101,1.07,136.15,175.73,19.77,332.72
seq-03/frame-000687,1,0.02405,1.4082,3820,1531,1100,1.06,145.46,168.47,20.23,335.22
seq-03/frame-000688,1,0.01924,1.4290,3799,1519,1052,1.06,138.66,171.66,19.22,330.60
seq-03/frame-000689,1,0.01499,1.2243,4000,1728,1267,1.07,162.93,171.58,18.52,354.10
seq-03/frame-000690,1,0.02254,1.1488,3743,1737,1323,1.06,122.03,170.99,9.46,303.54
seq-03/frame-000691,1,0.01614,1.3173,3852,1766,1356,1.50,146.52,181.01,12.25,341.28
seq-03/frame-000692,1,0.01546,1.3875,4000,1726,1282,1.13,136.14,187.62,14.60,339.49
seq-03/frame-000693,1,0.01109,1.0710,3572,1685,1278,1.02,122.87,176.16,27.63,327.68
seq-03/frame-000694,1,0.01444,1.1783,3477,1754,1349,0.99,117.55,150.28,28.29,297.12
seq-03/frame-000695,1,0.01389,0.7047,3708,1754,1303,1.02,139.56,173.76,18.06,332.40
seq-03/frame-000696,1,0.01578,1.2986,3515,1852,1397,1.04,131.48,173.82,19.43,325.77
seq-03/frame-000697,1,0.00970,0.9411,3478,1902,1453,1.00,115.78,174.07,10.86,301.71
seq-03/frame-000698,1,0.01316,1.0778,2928,1602,1225,0.96,120.68,139.10,12.94,273.68
seq-03/frame-000699,1,0.01801,1.3683,3397,1709,1315,0.99,129.33,162.85,13.91,307.10
seq-03/frame-000700,1,0.02386,1.6782,2980,1465,1084,0.96,110.38,135.21,10.93,257.48
seq-03/frame-000701,1,0.02781,0.9482,2638,1185,802,1.24,110.39,133.97,25.25,270.85
seq-03/frame-000702,1,0.01900,1.4742,3031,1443,1040,0.95,111.29,153.10,24.07,289.41
seq-03/frame-000703,1,0.01419,1.0780,3345,1864,1413,1.00,140.82,167.16,16.42,325.40
seq-03/frame-000704,1,0.01505,1.2435,3351,1881,1483,0.98,117.22,166.23,10.09,294.53
seq-03/frame-000705,1,0.01732,1.1144,3693,1736,1297,1.05,135.50,194.42,17.63,348.60
seq-03/frame-000706,1,0.01785,1.0769,4000,1845,1378,1.09,135.49,200.29,17.32,354.20
seq-03/frame-000707,1,0.01851,1.0495,3739,1863,1434,1.04,139.70,179.48,31.71,351.93
seq-03/frame-000708,1,0.02317,1.1969,3636,2125,1658,1.00,152.47,173.33,17.97,344.78
seq-03/frame-000709,1,0.01797,0.6193,3550,1990,1517,1.01,121.61,170.66,16.42,309.71
seq-03/frame-000710,1,0.02157,0.9570,3485,1862,1412,1.01,116.59,149.21,13.96,280.77
seq-03/frame-000711,1,0.01529,0.7675,4000,2428,1954,1.12,142.11,200.82,22.89,366.95
seq-03/frame-000712,1,0.01216,0.4703,4000,2491,2043,1.15,139.37,199.96,19.52,360.01
seq-03/frame-000713,1,0.01982,0.6377,4000,2330,1838,1.10,126.36,185.58,23.39,336.44
seq-03/frame-000714,1,0.02402,0.1930,4000,2021,1512,1.10,122.56,192.67,18.31,334.65
seq-03/frame-000715,1,0.01802,0.1381,4000,2250,1742,1.17,134.12,187.49,15.23,338.02
seq-03/frame-000716,1,0.01331,0.7372,4000,2275,1760,1.24,181.37,180.54,31.44,394.60
seq-03/frame-000717,1,0.01102,0.6984,4000,2241,1736,1.28,132.69,189.02,23.42,346.42
seq-03/frame-000718,1,0.01448,0.2023,4000,2258,1732,1.22,139.44,188.33,16.29,345.28
seq-03/frame-000719,1,0.01325,0.2105,4000,2092,1558,1.60,135.38,183.02,18.98,338.97
seq-03/frame-000720,1,0.01608,1.0320,4000,2214,1750,1.22,148.79,180.82,17.79,348.63
seq-03/frame-000721,1,0.01219,0.2360,4000,2316,1767,1.22,137.52,202.18,17.81,358.73
seq-03/frame-000722,1,0.02771,0.1062,3982,1763,1226,1.09,148.54,205.88,22.34,377.85
seq-03/frame-000723,1,0.02603,1.1306,3432,1631,1169,1.04,134.38,168.35,18.75,322.53
seq-03/frame-000724,1,0.01217,0.5018,4000,2327,1782,1.11,136.39,209.98,19.56,367.03
seq-03/frame-000725,1,0.02290,0.5466,3851,1873,1369,1.09,147.54,182.28,19.44,350.35
seq-03/frame-000726,1,0.00962,0.6167,4000,2497,2015,1.14,168.90,182.36,31.93,384.33
seq-03/frame-000727,1,0.00905,0.7478,4000,2212,1739,1.25,155.99,185.78,23.44,366.47
seq-03/frame-000728,1,0.02360,1.4803,4000,2225,1766,1.16,147.57,193.87,22.87,365.49
seq-03/frame-000729,1,0.00891,0.6393,4000,2157,1718,1.29,151.40,191.86,16.95,361.50
seq-03/frame-000730,1,0.01425,0.7900,4000,2170,1724,1.29,156.23,200.70,22.22,380.44
seq-03/frame-000731,1,0.00703,0.5316,4000,2362,1911,1.20,161.86,190.84,21.19,375.10
seq-03/frame-000732,1,0.00675,0.5836,4001,2083,1666,1.34,157.55,176.13,30.55,365.58
seq-03/frame-000733,1,0.00563,0.6289,4000,2131,1661,1.34,141.93,193.72,18.14,355.14
seq-03/frame-000734,1,0.01381,0.9563,4001,2091,1609,1.29,135.23,197.92,19.32,353.77
seq-03/frame-000735,1,0.00647,0.2865,4000,2313,1806,1.20,136.55,202.81,17.08,357.65
seq-03/frame-000736,1,0.00995,0.1772,3972,2202,1650,1.12,151.69,186.33,27.44,366.58
seq-03/frame-000737,1,0.00880,0.5514,4000,2243,1752,1.11,153.18,201.46,15.10,370.86
seq-03/frame-000738,1,0.00875,0.5897,4000,2168,1721,1.30,147.26,189.39,19.02,356.97
seq-03/frame-000739,1,0.01063,0.7902,4000,2138,1685,1.32,146.85,220.51,20.62,389.30
seq-03/frame-000740,1,0.00971,0.6368,4000,2304,1858,1.24,139.63,195.39,19.79,356.05
seq-03/frame-000741,1,0.00880,0.5468,4000,2321,1894,1.31,129.22,199.41,19.49,349.43
seq-03/frame-000742,1,0.00951,0.5572,4000,2302,1881,1.19,138.15,222.68,31.23,393.26
seq-03/frame-000743,1,0.01561,0.9702,4001,2109,1589,1.26,130.74,188.67,12.54,333.21
seq-03/frame-000744,1,0.00938,0.6746,4000,2112,1620,1.31,129.66,189.36,28.79,349.13
seq-03/frame-000745,1,0.01510,1.0024,4001,2078,1639,1.48,123.02,197.51,17.42,339.44
seq-03/frame-000746,1,0.01215,0.7548,4000,2211,1796,2.43,178.07,178.66,31.69,390.84
seq-03/frame-000747,1,0.00731,0.3511,4000,2153,1733,1.20,185.53,203.84,27.18,417.74
seq-03/frame-000748,1,0.01348,0.7824,4000,2115,1677,1.23,156.06,190.12,26.66,374.08
seq-03/frame-000749,1,0.01642,1.1239,4000,1942,1469,1.34,135.34,208.42,13.44,358.53
seq-03/frame-000750,1,0.01787,1.2107,4000,1974,1544,1.38,141.23,185.61,27.57,355.80
seq-03/frame-000751,1,0.00999,0.5094,4000,2250,1778,1.19,145.11,206.95,23.58,376.83
seq-03/frame-000752,1,0.01438,0.8871,4000,1981,1528,1.28,131.09,254.90,18.14,405.42
seq-03/frame-000753,1,0.01345,0.9350,4000,1982,1517,1.36,148.25,250.99,24.79,425.39
seq-03/frame-000754,1,0.01548,1.0860,4000,2005,1541,1.38,126.53,236.82,16.92,381.65
seq-03/frame-000755,1,0.01429,1.0177,4000,2039,1578,1.37,121.52,229.62,20.11,372.63
seq-03/frame-000756,1,0.00799,0.3711,4000,2215,1688,1.17,178.05,169.22,14.83,363.29
seq-03/frame-000757,1,0.01724,1.1262,4000,1919,1468,1.31,176.01,188.04,33.92,399.28
seq-03/frame-000758,1,0.01185,0.9338,4000,1987,1534,1.31,176.70,204.44,15.73,398.19
seq-03/frame-000759,1,0.01664,1.1320,4000,1938,1450,1.38,154.40,193.07,19.21,368.06
seq-03/frame-000760,1,0.01267,0.8467,4000,1889,1383,1.31,171.27,191.33,14.32,378.23
seq-03/frame-000761,1,0.01543,0.9520,4000,2113,1613,1.28,141.89,164.20,36.71,344.09
seq-03/frame-000762,1,0.01182,0.5119,4001,1917,1419,1.27,144.07,176.57,31.31,353.22
seq-03/frame-000763,1,0.01365,0.8803,4000,1869,1374,1.30,150.77,185.58,17.51,355.16
seq-03/frame-000764,1,0.01330,0.8467,4000,1792,1322,1.34,122.82,207.20,16.85,348.22
seq-03/frame-000765,1,0.01618,0.9851,4000,1842,1377,1.34,117.30,180.00,21.57,320.21
seq-03/frame-000766,1,0.01530,0.9141,4000,1979,1442,1.28,135.01,183.96,16.19,336.45
seq-03/frame-000767,1,0.01516,1.0578,4000,1864,1356,1.19,155.04,195.46,16.83,368.53
seq-03/frame-000768,1,0.01066,0.8485,4000,1940,1454,1.18,132.12,182.95,17.03,333.28
seq-03/frame-000769,1,0.02008,1.3644,4000,1898,1385,1.21,139.81,191.69,24.85,357.57
seq-03/frame-000770,1,0.02285,1.5854,4001,1814,1267,1.18,145.33,202.76,19.84,369.12
seq-03/frame-000771,1,0.01676,1.1968,4000,1914,1439,1.21,143.35,180.55,28.52,353.64
seq-03/frame-000772,1,0.01638,1.0146,4000,1992,1524,1.24,141.48,211.66,26.10,380.48
seq-03/frame-000773,1,0.02059,1.3918,4000,1905,1409,1.20,133.20,169.84,20.65,324.90
seq-03/frame-000774,1,0.02285,1.5042,3561,1588,1098,1.13,119.49,181.94,22.32,324.89
seq-03/frame-000775,1,0.01868,1.2916,3904,1756,1264,1.18,124.14,187.14,22.49,334.95
seq-03/frame-000776,1,0.02158,1.3149,3822,1773,1253,1.13,124.52,174.90,17.65,318.20
seq-03/frame-000777,1,0.02851,1.7305,3522,1479,1004,1.10,143.87,164.32,16.10,325.39
seq-03/frame-000778,1,0.02043,1.2592,3898,1794,1208,1.13,147.94,188.63,17.76,355.46
seq-03/frame-000779,1,0.01974,1.2751,3988,1813,1254,1.16,144.31,196.44,26.11,368.02
seq-03/frame-000780,1,0.02459,1.5943,3969,1812,1269,1.16,152.49,182.41,22.57,358.64
seq-03/frame-000781,1,0.01841,1.2900,3840,1771,1229,1.14,124.07,188.75,15.31,329.27
seq-03/frame-000782,1,0.02214,1.4455,3354,1503,1033,1.13,136.84,154.95,18.19,311.11
seq-03/frame-000783,1,0.02257,1.5375,3698,1667,1159,1.14,125.01,203.95,15.53,345.63
seq-03/frame-000784,1,0.02642,1.7519,3805,1767,1245,1.17,123.71,184.79,27.55,337.22
seq-03/frame-000785,1,0.02598,1.6739,3701,1693,1180,1.17,108.72,168.83,23.80,302.52
seq-03/frame-000786,1,0.01675,1.0536,4000,1827,1290,1.19,131.30,209.91,30.14,372.54
seq-03/frame-000787,1,0.01273,0.9226,3441,1658,1189,1.15,113.35,173.20,22.57,310.28
seq-03/frame-000788,1,0.02305,1.4535,3208,1474,988,1.13,134.37,171.43,22.06,329.00
seq-03/frame-000789,1,0.01232,0.9579,3485,1522,1045,1.14,123.41,171.04,22.40,317.99
seq-03/frame-000790,1,0.01946,1.2846,3336,1540,1077,1.15,137.04,178.49,19.38,336.05
seq-03/frame-000791,1,0.01069,0.8371,3867,1774,1247,1.18,148.18,212.40,20.77,382.53
seq-03/frame-000792,1,0.01460,0.8685,4001,1709,1241,1.21,145.79,226.87,28.01,401.89
seq-03/frame-000793,1,0.01317,0.9135,3729,1737,1226,1.17,118.20,209.93,16.25,345.55
seq-03/frame-000794,1,0.02649,1.5833,3298,1283,807,1.11,128.11,196.63,20.07,345.92
seq-03/frame-000795,1,0.02623,1.6648,3105,1130,693,1.10,111.15,177.40,20.05,309.70
seq-03/frame-000796,1,0.01253,0.9361,3810,1699,1180,1.47,128.86,199.23,25.24,354.80
seq-03/frame-000797,1,0.01213,0.9132,3810,1699,1180,1.16,156.64,192.28,25.58,375.66
seq-03/frame-000798,1,0.01256,0.9068,4000,1717,1222,1.21,148.79,201.93,26.15,378.08
seq-03/frame-000799,1,0.02429,1.4666,3930,1746,1270,1.18,130.87,186.03,20.03,338.12
seq-03/frame-000800,1,0.00935,0.7613,3812,1697,1186,1.19,124.71,179.60,13.93,319.44
seq-03/frame-000801,1,0.02271,1.5308,3990,1830,1274,1.28,139.45,191.72,50.04,382.50
seq-03/frame-000802,1,0.01217,0.9090,4001,1723,1212,1.20,130.03,183.99,23.36,338.58
seq-03/frame-000803,1,0.01145,0.8628,4001,1723,1212,1.20,141.27,181.32,35.32,359.11
seq-03/frame-000804,1,0.00885,0.8253,3937,1731,1166,1.18,129.77,184.88,26.54,342.37
seq-03/frame-000805,1,0.01905,1.2472,4000,1626,1124,1.22,144.35,191.95,25.27,362.80
seq-03/frame-000806,1,0.00432,0.5924,4001,1588,1062,1.65,128.16,199.28,20.70,349.79
seq-03/frame-000807,1,0.00681,0.7311,3695,1561,1070,1.18,140.72,160.99,14.85,317.74
seq-03/frame-000808,1,0.00818,0.7689,3695,1561,1070,1.15,130.64,173.28,23.05,328.12
seq-03/frame-000809,1,0.00322,0.4756,3688,1597,1120,1.17,117.86,170.83,16.37,306.25
seq-03/frame-000810,1,0.00577,0.6496,4001,1743,1204,1.18,123.97,198.61,17.76,341.52
seq-03/frame-000811,1,0.00670,0.8085,3504,1576,1084,1.17,125.61,175.55,24.30,326.63
seq-03/frame-000812,1,0.00354,0.5755,3716,1604,1090,1.16,129.62,181.30,15.58,327.66
seq-03/frame-000813,1,0.00175,0.4459,4000,1593,1078,1.58,132.57,171.77,29.90,335.83
seq-03/frame-000814,1,0.00742,0.9388,3513,1523,1016,1.12,124.21,161.91,23.60,310.84
seq-03/frame-000815,1,0.00722,0.8287,3513,1523,1016,1.08,114.72,166.96,24.17,306.94
seq-03/frame-000816,1,0.01568,1.1938,3523,1595,1097,1.14,132.93,159.89,22.07,316.03
seq-03/frame-000817,1,0.01472,1.0822,3628,1567,1044,1.15,131.50,172.19,17.05,321.89
seq-03/frame-000818,1,0.02640,1.8027,3277,1238,760,1.12,125.05,153.99,18.34,298.50
seq-03/frame-000819,1,0.02097,1.7687,4000,1554,1021,1.13,142.48,183.82,25.27,352.70
seq-03/frame-000820,1,0.02034,1.7210,4000,1554,1021,1.13,135.74,168.65,26.93,332.46
seq-03/frame-000821,1,0.02181,1.3669,4000,1670,1168,1.19,118.92,170.20,16.03,306.34
seq-03/frame-000822,1,0.00629,0.3463,4000,1570,1053,1.24,139.21,198.10,28.28,366.83
seq-03/frame-000823,1,0.02547,1.5768,4001,1625,1127,1.21,138.53,183.80,21.65,345.18
seq-03/frame-000824,1,0.02194,1.2892,4000,1635,1114,1.17,129.41,191.43,28.29,350.30
seq-03/frame-000825,1,0.02409,1.2926,4000,1635,1114,1.13,145.89,180.69,29.13,356.84
seq-03/frame-000826,1,0.00368,0.4781,4000,1511,1014,1.17,138.50,206.59,22.03,368.29
seq-03/frame-000827,1,0.01225,0.6147,4001,1607,1088,1.13,142.27,191.29,22.12,356.80
seq-03/frame-000828,1,0.02858,1.2446,4000,1665,1169,1.17,128.40,201.03,27.01,357.61
seq-03/frame-000829,1,0.02186,1.1157,4000,1600,1099,1.24,152.17,219.51,25.09,398.02
seq-03/frame-000830,1,0.02251,1.1023,4000,1600,1099,1.23,143.50,232.20,30.30,407.24
seq-03/frame-000831,1,0.02264,1.0315,4000,1690,1163,1.22,146.12,211.77,22.08,381.48
seq-03/frame-000832,1,0.02121,1.0706,4000,1618,1119,1.18,127.06,193.92,20.37,342.54
seq-03/frame-000833,1,0.02127,0.9960,4000,1654,1161,1.20,140.58,207.02,17.09,365.90
seq-03/frame-000834,1,0.01805,0.8075,4000,1608,1105,1.21,134.08,207.95,22.81,366.06
seq-03/frame-000835,1,0.01752,0.9808,4000,1608,1105,1.21,130.55,207.95,18.92,358.62
seq-03/frame-000836,1,0.02421,1.0042,4000,1584,1123,1.28,134.18,197.35,14.10,346.92
seq-03/frame-000837,1,0.02182,1.0192,4000,1591,1067,1.23,140.55,169.88,25.22,336.89
seq-03/frame-000838,1,0.00774,0.4708,4000,1554,995,3.78,139.63,178.41,19.54,341.37
seq-03/frame-000839,1,0.01229,0.7717,3919,1573,1058,1.13,135.48,177.54,23.08,337.23
seq-03/frame-000840,1,0.01226,0.7807,3919,1573,1058,2.35,146.44,192.61,30.19,371.59
seq-03/frame-000841,1,0.02248,1.0357,4000,1652,1173,1.43,145.62,188.94,22.62,358.61
seq-03/frame-000842,1,0.03278,1.5979,4001,1634,1125,1.19,148.19,194.68,24.01,368.07
seq-03/frame-000843,1,0.00901,0.6049,4000,1320,791,1.12,124.78,185.87,16.34,328.10
seq-03/frame-000844,1,0.00443,0.0857,4001,1602,1082,1.18,126.83,191.01,23.92,342.94
seq-03/frame-000845,1,0.00589,0.5689,4000,1605,1044,1.14,136.56,193.59,25.35,356.64
seq-03/frame-000846,1,0.00583,0.5647,4000,1605,1044,1.38,134.88,196.82,17.71,350.79
seq-03/frame-000847,1,0.01450,0.9188,4000,1636,1105,1.15,120.87,192.80,30.18,345.01
seq-03/frame-000848,1,0.01089,0.4915,4000,1626,1115,1.23,111.44,174.64,26.93,314.24
seq-03/frame-000849,1,0.01228,0.6290,3896,1684,1169,1.15,130.11,198.18,16.74,346.19
seq-03/frame-000850,1,0.01107,1.0662,3434,1365,859,1.06,142.19,176.65,18.51,338.40
seq-03/frame-000851,1,0.01366,0.9531,3865,1371,843,1.06,127.15,176.38,16.30,320.89
seq-03/frame-000852,1,0.00777,0.7977,3865,1371,843,1.03,148.41,179.46,21.38,350.27
seq-03/frame-000853,1,0.02255,1.5653,3701,1445,921,1.09,129.90,187.65,18.15,336.79
seq-03/frame-000854,1,0.01213,1.0847,3834,1327,843,1.10,142.44,184.47,26.75,354.76
seq-03/frame-000855,1,0.00805,0.5071,4000,1639,1120,1.10,123.13,199.52,15.64,339.40
seq-03/frame-000856,1,0.00482,0.6106,4000,1816,1291,1.13,148.20,174.83,14.27,338.43
seq-03/frame-000857,1,0.00329,0.6095,4000,1758,1241,1.12,137.39,169.26,19.26,327.03
seq-03/frame-000858,1,0.00875,0.5890,4000,1579,1139,1.52,143.89,204.47,27.97,377.87
seq-03/frame-000859,1,0.01132,0.4774,4001,1373,910,1.15,136.30,185.50,14.81,337.77
seq-03/frame-000860,1,0.01095,0.4878,4001,1373,910,1.16,129.97,179.31,20.40,330.84
seq-03/frame-000861,1,0.00900,0.4919,4001,1460,1028,1.15,135.63,189.25,21.51,347.54
seq-03/frame-000862,1,0.00771,0.8721,4000,1747,1239,1.11,129.12,215.02,22.42,367.66
seq-03/frame-000863,1,0.00723,0.9088,4000,1616,1107,1.10,135.00,180.10,14.91,331.11
seq-03/frame-000864,1,0.00741,0.9025,4000,1616,1107,1.11,133.87,204.32,19.62,358.92
seq-03/frame-000865,1,0.00838,0.8898,4000,1594,1114,1.11,127.27,177.79,19.40,325.57
seq-03/frame-000866,1,0.00528,0.6737,4000,1527,1048,1.14,116.76,188.56,16.92,323.38
seq-03/frame-000867,1,0.00491,0.7527,4001,1433,978,1.15,111.94,190.89,20.04,324.02
seq-03/frame-000868,1,0.00533,0.6794,4000,1478,986,1.14,131.96,191.29,18.07,342.46
seq-03/frame-000869,1,0.00523,0.6552,4000,1478,986,1.13,138.27,195.87,21.65,356.93
seq-03/frame-000870,1,0.00796,0.8902,4000,1669,1146,1.13,156.02,205.82,21.41,384.39
seq-03/frame-000871,1,0.00981,1.0652,3882,1740,1217,1.09,123.29,196.88,14.45,335.71
seq-03/frame-000872,1,0.01316,1.1139,3805,1689,1172,1.06,113.34,193.02,16.30,323.72
seq-03/frame-000873,1,0.00977,0.9686,3834,1739,1225,1.09,132.07,179.27,11.26,323.69
seq-03/frame-000874,1,0.00964,0.8905,4000,1791,1276,1.09,129.40,203.21,20.41,354.12
seq-03/frame-000875,1,0.00952,0.8866,4000,1791,1276,1.10,122.49,177.24,30.18,331.02
seq-03/frame-000876,1,0.00815,0.8533,4000,1539,1015,1.13,127.41,168.25,13.31,310.11
seq-03/frame-000877,1,0.00773,0.6926,4000,1652,1162,1.14,120.61,179.70,13.77,315.23
seq-03/frame-000878,1,0.01200,0.8590,3889,1766,1231,1.10,111.06,172.56,15.56,300.29
seq-03/frame-000879,1,0.01051,0.8995,4000,1747,1249,1.11,136.06,189.96,28.04,355.17
seq-03/frame-000880,1,0.01029,0.8986,4000,1747,1249,1.12,136.27,218.86,20.62,376.87
seq-03/frame-000881,1,0.00807,0.8410,4001,1445,991,1.17,127.36,180.32,14.51,323.35
seq-03/frame-000882,1,0.01002,1.0125,4000,1382,933,2.15,141.63,199.51,13.16,356.46
seq-03/frame-000883,1,0.01012,0.9565,4000,1620,1138,1.17,134.69,203.74,23.64,363.24
seq-03/frame-000884,1,0.01214,1.0467,4000,1593,1107,1.14,147.52,205.24,21.80,375.70
seq-03/frame-000885,1,0.01249,1.2327,4000,1593,1107,1.11,132.02,202.88,22.46,358.48
seq-03/frame-000886,1,0.01147,0.9534,4000,1652,1176,1.17,128.14,202.44,12.38,344.14
seq-03/frame-000887,1,0.01368,1.1023,4000,1783,1297,1.18,122.14,211.26,19.89,354.48
seq-03/frame-000888,1,0.00828,0.7165,4002,1479,1035,1.24,118.61,203.42,23.92,347.20
seq-03/frame-000889,1,0.01239,1.0802,4000,1543,1078,1.20,132.66,190.91,18.43,343.21
seq-03/frame-000890,1,0.01278,1.0700,4000,1613,1131,1.17,143.05,175.60,25.92,345.75
seq-03/frame-000891,1,0.01291,1.0797,4000,1613,1131,1.17,125.49,200.83,23.24,350.73
seq-03/frame-000892,1,0.00959,0.8963,4002,1614,1159,1.19,130.65,187.18,16.23,335.25
seq-03/frame-000893,1,0.00979,0.8687,4000,1642,1200,1.23,136.32,190.00,20.86,348.42
seq-03/frame-000894,1,0.01104,0.9266,4000,1752,1264,1.58,145.78,209.57,24.35,381.29
seq-03/frame-000895,1,0.01427,1.1274,4000,1957,1445,1.13,127.74,182.97,20.33,332.18
seq-03/frame-000896,1,0.01462,1.1447,4000,1957,1445,1.15,127.40,172.98,19.44,320.96
seq-03/frame-000897,1,0.01479,1.1050,4000,1954,1411,1.13,143.96,189.58,13.72,348.39
seq-03/frame-000898,1,0.01448,1.0704,4000,1903,1353,1.14,114.83,197.31,18.93,332.21
seq-03/frame-000899,1,0.02322,1.4496,3854,1735,1216,1.13,121.61,184.06,11.41,318.21
seq-03/frame-000900,1,0.01681,1.1231,3957,1882,1324,1.13,142.49,172.37,15.37,331.36
seq-03/frame-000901,1,0.01682,1.1231,3957,1882,1324,1.34,135.22,173.79,22.45,332.81
seq-03/frame-000902,1,0.01961,1.2234,3753,1770,1247,1.24,154.01,176.47,21.37,353.10
seq-03/frame-000903,1,0.01541,1.0186,3626,1671,1148,1.07,125.77,157.65,18.64,303.14
seq-03/frame-000904,1,0.02491,1.4302,3894,1649,1108,1.09,134.12,180.60,26.96,342.77
seq-03/frame-000905,1,0.03263,1.0922,3664,1590,1070,1.06,123.12,168.71,37.22,330.11
seq-03/frame-000906,1,0.03417,0.9428,3466,1452,943,1.03,110.76,159.44,22.28,293.51
seq-03/frame-000907,1,0.03417,0.9569,3466,1452,943,1.05,108.93,164.25,28.87,303.10
seq-03/frame-000908,1,0.02833,0.7459,3451,1489,1031,1.07,110.46,153.16,17.68,282.37
seq-03/frame-000909,1,0.03013,0.9183,3621,1581,1096,1.07,107.12,187.19,15.97,311.36
seq-03/frame-000910,1,0.01773,0.7553,3976,1814,1319,1.12,135.62,217.60,17.89,372.24
seq-03/frame-000911,1,0.01329,0.6852,4000,1859,1390,1.16,124.35,226.89,25.63,378.03
seq-03/frame-000912,1,0.01306,0.6862,4000,1859,1390,1.16,146.78,190.57,30.28,368.79
seq-03/frame-000913,1,0.00879,0.5064,4000,1896,1441,1.16,150.35,198.63,21.77,371.92
seq-03/frame-000914,1,0.01692,0.8561,3808,1844,1383,1.12,138.26,198.87,13.50,351.77
seq-03/frame-000915,1,0.01208,0.4124,3997,1861,1397,1.12,170.03,184.96,17.44,373.56
seq-03/frame-000916,1,0.01250,0.4105,3997,1861,1397,1.09,162.91,180.65,17.05,361.69
seq-03/frame-000917,1,0.00728,0.4116,4000,1843,1340,1.17,160.57,192.88,21.70,376.32
seq-03/frame-000918,1,0.00946,0.4698,4000,1922,1432,1.17,161.53,183.42,27.63,373.75
seq-03/frame-000919,1,0.00865,0.3536,4001,1981,1498,1.98,131.70,191.63,17.03,342.34
seq-03/frame-000920,1,0.00530,0.3063,4000,1823,1377,1.25,129.05,197.25,26.81,354.36
seq-03/frame-000921,1,0.00516,0.3123,4000,1823,1377,1.26,126.36,205.69,20.53,353.84
seq-03/frame-000922,1,0.00689,0.4717,4000,1683,1227,1.75,127.67,209.37,17.25,356.04
seq-03/frame-000923,1,0.00566,0.4277,4000,1910,1476,1.28,133.37,211.09,51.22,396.96
seq-03/frame-000924,1,0.00931,0.4608,4000,1846,1329,1.18,133.60,220.51,40.22,395.51
seq-03/frame-000925,1,0.00784,0.7228,4000,1846,1329,1.19,138.13,242.42,42.15,423.90
seq-03/frame-000926,1,0.00854,0.4748,4000,1742,1286,1.45,128.87,268.84,23.19,422.36
seq-03/frame-000927,1,0.00842,0.5687,4000,1884,1407,1.27,131.08,276.71,29.65,438.71
seq-03/frame-000928,1,0.01039,0.6200,4000,1894,1374,1.18,134.90,275.57,21.44,433.09
seq-03/frame-000929,1,0.01518,0.6903,4000,1676,1153,1.15,127.42,272.68,21.53,422.79
seq-03/frame-000930,1,0.01528,0.6879,4000,1676,1153,1.16,175.83,206.72,23.21,406.92
seq-03/frame-000931,1,0.01628,0.8939,4001,1696,1183,1.16,178.59,185.78,21.64,387.17
seq-03/frame-000932,1,0.02166,1.1493,4000,1707,1177,1.29,192.61,189.51,30.39,413.81
seq-03/frame-000933,1,0.01938,0.6835,4000,1773,1220,5.16,182.81,223.31,21.69,432.97
seq-03/frame-000934,1,0.01225,0.7593,4000,1745,1249,2.83,171.61,207.74,22.81,404.99
seq-03/frame-000935,1,0.01169,0.7457,4000,1705,1229,1.59,162.74,223.25,25.68,413.26
seq-03/frame-000936,1,0.01197,0.7427,4000,1705,1229,1.27,147.42,215.44,29.18,393.30
seq-03/frame-000937,1,0.00988,0.6416,4000,1634,1173,1.30,137.85,227.53,33.22,399.90
seq-03/frame-000938,1,0.01554,0.5049,4000,1801,1288,1.21,135.73,225.14,19.77,381.85
seq-03/frame-000939,1,0.01582,0.5114,4000,1801,1288,1.30,135.74,219.45,19.09,375.57
seq-03/frame-000940,1,0.03687,0.7071,4000,1538,1059,1.25,155.42,218.23,15.73,390.64
seq-03/frame-000941,1,0.02107,0.4875,4000,1553,1082,1.45,164.96,201.69,23.40,391.51
seq-03/frame-000942,1,0.01407,0.5134,4000,1728,1219,2.42,162.07,217.12,31.26,412.87
seq-03/frame-000943,1,0.01754,0.5935,4000,1745,1190,1.38,172.43,211.59,23.18,408.60
seq-03/frame-000944,1,0.01753,0.6052,4000,1745,1190,1.89,171.15,202.12,24.99,400.15
seq-03/frame-000945,1,0.01474,0.5694,4000,1497,1057,1.50,167.02,227.52,22.65,418.70
seq-03/frame-000946,1,0.01206,0.5778,4000,1475,991,1.33,157.07,209.54,18.59,386.52
seq-03/frame-000947,1,0.01493,0.5151,4000,1534,1043,1.85,161.64,214.44,20.26,398.19
seq-03/frame-000948,1,0.01339,0.5069,4000,1505,1013,1.38,156.10,207.31,25.87,390.66
seq-03/frame-000949,1,0.01341,0.4968,4000,1505,1013,2.30,163.51,207.30,31.41,404.52
seq-03/frame-000950,1,0.01277,0.6854,4000,1426,924,1.62,140.74,211.92,23.20,377.49
seq-03/frame-000951,1,0.01336,0.5893,4001,1463,925,1.68,149.17,208.68,22.22,381.75
seq-03/frame-000952,1,0.01132,0.6130,4001,1463,925,1.46,144.95,210.84,19.41,376.66
seq-03/frame-000953,1,0.00892,0.7686,4000,1440,990,1.95,155.60,199.47,15.65,372.67
seq-03/frame-000954,1,0.01525,0.6690,4000,1525,1046,1.31,157.91,197.11,21.85,378.18
seq-03/frame-000955,1,0.01136,0.6939,4001,1450,964,1.53,148.58,201.70,21.19,373.00
seq-03/frame-000956,1,0.01359,0.6170,4000,1367,893,1.39,150.13,189.67,18.67,359.86
seq-03/frame-000957,1,0.01184,0.4359,4000,1367,893,1.40,144.01,198.63,27.41,371.45
seq-03/frame-000958,1,0.03111,0.4124,4000,1381,939,1.31,163.64,219.84,25.16,409.95
seq-03/frame-000959,1,0.01819,0.7030,4001,1416,871,1.33,132.24,210.07,28.24,371.88
seq-03/frame-000960,1,0.01805,0.6557,4000,1479,963,1.33,165.88,213.84,16.36,397.40
seq-03/frame-000961,1,0.01533,0.8666,4001,1218,759,1.79,156.70,201.37,25.18,385.05
seq-03/frame-000962,1,0.01439,0.9805,4001,1218,759,1.42,143.53,244.29,20.69,409.93
seq-03/frame-000963,1,0.01936,0.2658,4000,1212,780,6.19,142.38,172.24,18.74,339.56
seq-03/frame-000964,1,0.01683,0.5664,4001,1247,793,1.63,146.28,195.10,16.14,359.15
seq-03/frame-000965,1,0.01866,0.5280,4000,1321,828,1.35,178.61,185.83,20.93,386.72
seq-03/frame-000966,1,0.01716,0.7101,4000,1295,762,3.16,165.92,198.73,21.16,388.97
seq-03/frame-000967,1,0.01980,0.9043,4000,1097,651,1.40,151.84,191.28,33.37,377.89
seq-03/frame-000968,1,0.02017,0.9091,4000,1097,651,2.33,134.27,175.43,36.04,348.06
seq-03/frame-000969,1,0.02286,0.4740,4001,1262,825,1.48,132.30,215.35,22.97,372.10
seq-03/frame-000970,1,0.02225,0.3549,4000,1266,831,1.36,130.10,179.29,26.37,337.13
seq-03/frame-000971,1,0.01531,0.6257,4001,1248,763,1.36,116.53,180.64,23.37,321.91
seq-03/frame-000972,1,0.01510,0.8212,4000,1227,778,1.45,145.18,175.20,24.12,345.95
seq-03/frame-000973,1,0.02332,0.4067,4000,1401,918,1.37,123.73,207.10,32.61,364.81
seq-03/frame-000974,1,0.04374,1.3114,4000,1489,1034,1.24,133.89,170.42,28.93,334.48
seq-03/frame-000975,1,0.04316,2.0718,4000,1404,899,1.21,139.96,231.94,21.91,395.01
seq-03/frame-000976,1,0.02899,1.1784,4000,1056,620,1.34,117.46,236.01,10.68,365.50
seq-03/frame-000977,1,0.02242,0.1333,4001,1211,762,1.58,134.83,225.52,13.63,375.57
seq-03/frame-000978,1,0.02217,0.3179,4000,1298,849,1.42,134.56,218.61,31.53,386.12
seq-03/frame-000979,1,0.02493,0.4162,4000,1271,787,1.35,133.80,220.71,20.99,376.87
seq-03/frame-000980,1,0.02059,0.8784,4000,1215,775,1.45,149.44,189.19,25.95,366.03
seq-03/frame-000981,1,0.02251,0.3408,4000,1251,765,1.41,161.19,193.38,23.87,379.86
seq-03/frame-000982,1,0.02229,0.5757,4001,1239,784,1.42,159.35,184.44,16.84,362.06
seq-03/frame-000983,1,0.02157,0.5407,4001,1239,784,1.43,151.06,185.37,18.82,356.68
seq-03/frame-000984,1,0.02316,0.3373,4000,1289,821,1.44,152.78,183.75,29.31,367.28
seq-03/frame-000985,1,0.02335,0.2753,4000,1366,898,1.44,121.63,165.83,19.54,308.44
seq-03/frame-000986,1,0.02110,0.2856,4000,1307,861,1.43,138.50,189.11,14.65,343.69
seq-03/frame-000987,1,0.02510,0.2175,4000,1409,922,1.47,119.48,197.61,22.55,341.11
seq-03/frame-000988,1,0.02172,0.2985,4000,1244,839,1.49,115.16,182.45,25.20,324.30
seq-03/frame-000989,1,0.02215,0.1984,4000,1306,852,1.49,110.84,182.70,19.79,314.81
seq-03/frame-000990,1,0.02839,0.4717,4000,1614,1132,1.40,119.50,189.28,16.24,326.43
seq-03/frame-000991,1,0.02354,0.4149,4000,1393,924,1.44,136.29,195.16,17.26,350.15
seq-03/frame-000992,1,0.02396,0.3109,4000,1481,997,1.76,152.52,192.16,15.45,361.88
seq-03/frame-000993,1,0.03130,0.6691,4000,1390,950,1.28,122.25,202.99,20.47,347.00
seq-03/frame-000994,1,0.02089,0.8029,4001,1313,863,2.76,125.51,207.32,21.22,356.81
seq-03/frame-000995,1,0.02187,0.2816,4001,1377,956,1.52,126.94,196.69,19.24,344.39
seq-03/frame-000996,1,0.02316,0.3303,4001,1329,890,1.50,143.46,202.44,22.39,369.80
seq-03/frame-000997,1,0.02399,0.3412,4000,1334,907,1.52,113.67,197.98,16.14,329.31
seq-03/frame-000998,1,0.02171,0.1978,4000,1349,894,1.55,128.19,205.25,17.39,352.39
seq-03/frame-000999,1,0.02124,0.3172,4001,1335,910,1.54,107.72,191.56,19.03,319.85
seq-04/frame-000000,1,0.00567,0.1719,4001,2481,2123,1.54,130.57,202.66,19.70,354.47
seq-04/frame-000001,1,0.00658,0.2459,4000,2399,2047,1.51,152.68,206.99,18.63,379.82
seq-04/frame-000002,1,0.00677,0.3218,4001,2541,2185,1.47,137.31,206.28,28.32,373.39
seq-04/frame-000003,1,0.00624,0.2789,4000,2604,2248,1.49,134.86,230.61,18.88,385.84
seq-04/frame-000004,1,0.00903,0.1935,4000,2704,2339,1.40,140.44,209.97,18.91,370.73
seq-04/frame-000005,1,0.00913,0.2563,4000,2692,2329,1.40,156.73,217.11,39.15,414.39
seq-04/frame-000006,1,0.00920,0.2711,4001,2652,2280,1.41,159.79,209.51,16.54,387.25
seq-04/frame-000007,1,0.00732,0.2387,4001,2819,2474,1.28,167.77,204.20,24.45,397.70
seq-04/frame-000008,1,0.00265,0.1744,4000,2461,2080,1.11,164.80,186.90,14.44,367.25
seq-04/frame-000009,1,0.01100,0.2867,4000,2691,2272,1.11,156.56,199.29,36.10,393.06
seq-04/frame-000010,1,0.00976,0.1747,4000,2835,2509,1.45,148.40,186.37,26.35,362.58
seq-04/frame-000011,1,0.01035,0.2429,4000,2956,2629,1.39,137.15,181.13,39.65,359.33
seq-04/frame-000012,1,0.01057,0.2422,4000,2900,2583,1.21,140.47,183.68,18.56,343.92
seq-04/frame-000013,1,0.00466,0.2589,4001,2614,2295,1.70,121.54,186.72,19.83,329.79
seq-04/frame-000014,1,0.00862,0.2730,4000,2593,2276,1.23,141.37,192.99,14.03,349.63
seq-04/frame-000015,1,0.00865,0.3744,3706,2480,2062,1.06,130.67,197.48,16.56,345.78
seq-04/frame-000016,1,0.01392,0.5161,3466,2391,1985,1.03,127.11,167.61,20.11,315.86
seq-04/frame-000017,1,0.01178,0.3777,3950,2892,2521,1.08,133.59,190.04,20.35,345.07
seq-04/frame-000018,1,0.01281,1.1501,3280,2335,1905,1.03,122.72,165.88,37.46,327.10
seq-04/frame-000019,1,0.01435,0.5938,3696,2529,2117,1.41,129.05,179.91,24.04,334.41
seq-04/frame-000020,1,0.01206,0.3950,3581,2676,2304,1.05,105.33,192.69,26.84,325.93
seq-04/frame-000021,1,0.01171,0.3422,3193,2419,2028,1.02,112.94,155.64,18.36,287.97
seq-04/frame-000022,1,0.01595,0.4126,3071,2149,1758,1.40,117.52,145.13,25.47,289.52
seq-04/frame-000023,1,0.01511,0.5775,3233,2312,1966,1.02,118.47,167.87,33.12,320.47
seq-04/frame-000024,1,0.00976,0.4416,4000,2942,2654,1.14,129.58,210.73,20.13,361.59
seq-04/frame-000025,1,0.01074,0.3948,4000,3173,2896,1.12,153.92,223.36,19.28,397.68
seq-04/frame-000026,1,0.01007,0.4105,3701,2835,2509,1.09,129.05,185.72,25.48,341.34
seq-04/frame-000027,1,0.00742,0.7069,4000,3013,2738,1.30,127.76,220.36,17.22,366.63
seq-04/frame-000028,1,0.00648,0.6860,4000,2908,2627,1.35,113.34,197.09,21.31,333.10
seq-04/frame-000029,1,0.00793,0.6268,4002,2972,2700,1.38,162.32,199.66,16.03,379.39
seq-04/frame-000030,1,0.01848,0.8943,4000,3045,2779,1.22,141.96,196.74,21.01,360.94
seq-04/frame-000031,1,0.00658,0.5541,4000,3126,2872,1.32,141.84,208.30,27.81,379.28
seq-04/frame-000032,1,0.00725,0.6489,4001,3010,2734,1.37,148.61,196.93,18.25,365.17
seq-04/frame-000033,1,0.01039,0.5671,4000,3205,2959,1.22,134.65,185.61,28.91,350.40
seq-04/frame-000034,1,0.01284,0.3522,4000,3118,2849,1.24,144.70,201.52,23.13,370.60
seq-04/frame-000035,1,0.00377,0.5325,4000,3058,2823,1.24,137.54,195.79,22.59,357.17
seq-04/frame-000036,1,0.01106,0.5144,4000,3090,2844,2.51,164.08,198.82,20.85,386.26
seq-04/frame-000037,1,0.01028,0.5151,4000,3069,2814,1.18,125.15,194.38,22.51,343.22
seq-04/frame-000038,1,0.00398,0.5234,4001,3112,2883,1.25,132.65,189.42,18.12,341.44
seq-04/frame-000039,1,0.00571,0.5342,4000,3212,2965,1.31,128.90,208.27,20.02,358.50
seq-04/frame-000040,1,0.00499,0.4985,4001,3108,2872,1.34,122.82,215.79,43.88,383.84
seq-04/frame-000041,1,0.00587,0.4974,4000,3158,2909,1.34,140.97,241.45,28.90,412.66
seq-04/frame-000042,1,0.00804,0.5045,4000,3083,2822,1.35,149.61,235.67,20.20,406.84
seq-04/frame-000043,1,0.00677,0.4577,4000,3102,2860,1.35,142.25,216.91,28.52,389.03
seq-04/frame-000044,1,0.00635,0.5260,4000,3131,2860,1.32,139.15,198.44,19.22,358.15
seq-04/frame-000045,1,0.00461,0.5740,4000,3221,2974,1.53,179.11,196.76,22.85,400.25
seq-04/frame-000046,1,0.00491,0.6037,4000,3194,2933,1.28,162.78,198.94,15.91,378.91
seq-04/frame-000047,1,0.00531,0.5189,4000,3130,2913,1.67,174.89,199.12,25.80,401.47
seq-04/frame-000048,1,0.00474,0.6480,4000,3165,2878,1.22,178.45,220.55,25.49,425.72
seq-04/frame-000049,1,0.00694,0.6511,4000,3165,2938,1.52,159.35,204.08,28.92,393.87
seq-04/frame-000050,1,0.00593,0.5858,4000,3117,2894,2.11,140.51,214.74,32.11,389.48
seq-04/frame-000051,1,0.00491,0.6156,4000,3124,2885,1.25,148.93,250.51,42.53,443.22
seq-04/frame-000052,1,0.01971,0.6328,4000,3100,2849,1.78,138.71,267.26,34.99,442.75
seq-04/frame-000053,1,0.01159,0.5679,4000,3101,2863,1.18,134.69,253.18,34.42,423.47
seq-04/frame-000054,1,0.01038,0.5202,4000,3256,3037,1.21,140.58,271.34,27.17,440.30
seq-04/frame-000055,1,0.01460,0.4652,4000,3255,3035,1.18,163.84,466.56,35.02,666.61
seq-04/frame-000056,1,0.01255,0.4419,4000,3101,2862,1.68,148.99,463.87,95.05,709.60
seq-04/frame-000057,1,0.01087,0.6076,4000,3144,2902,2.87,159.01,443.43,90.81,696.11
seq-04/frame-000058,1,0.01371,0.5788,4000,3063,2808,3.32,177.06,556.08,98.27,834.74
seq-04/frame-000059,1,0.01268,0.5341,4000,3186,2896,2.37,197.64,227.42,53.65,481.09
seq-04/frame-000060,1,0.01461,0.4817,4000,3199,2944,1.26,201.49,629.68,58.95,891.38
seq-04/frame-000061,1,0.01328,0.4669,4001,3121,2855,2.16,398.16,467.08,17.89,885.28
seq-04/frame-000062,1,0.01085,0.5886,4000,3066,2813,1.84,455.81,396.72,26.32,880.69
seq-04/frame-000063,1,0.01515,0.5609,4000,3214,2943,1.93,466.85,381.53,21.07,871.39
seq-04/frame-000064,1,0.01408,0.5706,4000,3216,2948,1.90,576.32,273.81,20.37,872.40
seq-04/frame-000065,1,0.01193,0.5675,4000,3149,2886,1.69,456.79,227.61,20.82,706.91
seq-04/frame-000066,1,0.01267,0.5635,4000,3110,2813,1.24,420.67,232.61,24.93,679.45
seq-04/frame-000067,1,0.01478,0.7368,4000,2984,2712,1.25,365.94,261.41,46.35,674.96
seq-04/frame-000068,1,0.01621,0.5917,4000,3215,2922,29.51,336.28,222.62,18.04,606.46
seq-04/frame-000069,1,0.01069,0.5973,4000,3123,2826,1.26,215.05,266.40,42.49,525.20
seq-04/frame-000070,1,0.01515,0.6861,4000,3016,2696,1.19,156.25,278.08,24.16,459.68
seq-04/frame-000071,1,0.03004,1.2298,4000,3114,2774,1.20,162.71,336.80,36.50,537.22
seq-04/frame-000072,1,0.01427,0.5652,4000,2731,2395,1.17,129.76,306.73,37.81,475.48
seq-04/frame-000073,1,0.01182,0.4895,3844,2586,2258,1.12,119.24,253.11,85.37,458.85
seq-04/frame-000074,1,0.01548,1.4456,4001,2802,2424,1.14,171.51,310.95,20.90,504.50
seq-04/frame-000075,1,0.00821,0.5228,4000,2841,2441,1.97,189.78,323.36,24.00,539.12
seq-04/frame-000076,1,0.00670,0.4651,4001,2757,2362,1.15,161.58,303.91,21.37,488.01
seq-04/frame-000077,1,0.01423,0.4847,3907,2657,2207,1.00,161.51,293.89,25.22,481.63
seq-04/frame-000078,1,0.00594,0.5123,4000,2922,2520,1.09,135.28,275.02,19.96,431.35
seq-04/frame-000079,1,0.00580,0.5518,4000,2745,2336,1.09,271.16,201.35,25.78,499.39
seq-04/frame-000080,1,0.00950,0.3536,4000,2850,2470,1.15,226.86,322.88,29.92,580.82
seq-04/frame-000081,1,0.00921,0.3825,4000,2999,2596,1.19,145.75,209.72,15.64,372.31
seq-04/frame-000082,1,0.00862,0.4508,4000,2774,2330,1.10,158.87,260.50,14.80,435.27
seq-04/frame-000083,1,0.01923,0.4605,4000,2507,2048,1.03,144.40,243.84,19.53,408.81
seq-04/frame-000084,1,0.00926,0.4759,4000,2618,2169,1.07,144.72,232.72,23.25,401.77
seq-04/frame-000085,1,0.01150,0.5845,4000,2663,2224,1.09,165.13,210.13,33.87,410.23
seq-04/frame-000086,1,0.00746,0.3459,4000,2882,2411,1.20,156.03,236.87,32.87,426.97
seq-04/frame-000087,1,0.01175,0.4893,4000,2651,2157,1.19,166.13,233.12,22.50,422.94
seq-04/frame-000088,1,0.00960,0.4909,4000,2657,2127,1.15,159.44,220.06,42.57,423.22
seq-04/frame-000089,1,0.00841,0.4347,4000,2617,2065,1.19,185.42,224.14,37.89,448.65
seq-04/frame-000090,1,0.01325,0.5893,4000,2524,2087,1.25,165.03,237.99,21.02,425.29
seq-04/frame-000091,1,0.01418,0.5660,4000,2523,2131,1.19,138.04,224.20,23.83,387.27
seq-04/frame-000092,1,0.01490,0.3792,4000,2541,2127,1.22,155.49,229.51,24.35,410.58
seq-04/frame-000093,1,0.01920,0.8165,4000,2560,2046,1.14,141.14,224.39,32.83,399.51
seq-04/frame-000094,1,0.02191,1.0580,4000,2512,1976,1.14,166.81,213.23,22.94,404.13
seq-04/frame-000095,1,0.02299,1.0822,4000,2509,2033,3.77,168.36,202.59,18.33,393.05
seq-04/frame-000096,1,0.02308,0.9768,4000,2443,1964,1.30,162.45,240.66,21.64,426.05
seq-04/frame-000097,1,0.01810,0.8722,4001,2314,1803,1.18,187.50,200.10,29.52,418.29
seq-04/frame-000098,1,0.01096,1.1417,3732,2191,1646,1.06,166.65,196.80,25.23,389.74
seq-04/frame-000099,1,0.01588,1.1637,4000,2446,1977,2.70,171.62,206.16,21.37,401.84
seq-04/frame-000100,1,0.01205,1.1361,4000,2294,1788,1.15,126.33,202.58,36.03,366.09
seq-04/frame-000101,1,0.01293,1.0736,4000,2355,1844,1.53,159.15,178.73,21.14,360.56
seq-04/frame-000102,1,0.01285,1.0065,4000,1918,1410,1.09,163.55,185.16,14.21,364.02
seq-04/frame-000103,1,0.00961,1.2198,4000,2204,1729,1.16,144.48,212.62,25.33,383.59
seq-04/frame-000104,1,0.01917,1.8753,4000,2298,1747,1.14,163.25,189.83,18.33,372.57
seq-04/frame-000105,1,0.01921,1.1714,4000,2189,1707,1.14,140.58,186.41,35.61,363.74
seq-04/frame-000106,1,0.01474,1.2177,4000,2247,1679,1.88,131.20,204.68,32.09,369.86
seq-04/frame-000107,1,0.02159,1.5613,4000,2049,1601,1.21,133.56,196.29,21.53,352.60
seq-04/frame-000108,1,0.01843,1.5123,4000,2287,1857,1.22,125.22,200.59,31.06,358.10
seq-04/frame-000109,1,0.02612,1.3069,4000,2131,1687,1.22,124.41,191.13,19.69,336.46
seq-04/frame-000110,1,0.02177,1.4243,4000,1941,1496,1.19,141.10,178.78,21.69,342.77
seq-04/frame-000111,1,0.03307,1.6503,4001,1964,1539,1.20,135.64,179.43,17.22,333.49
seq-04/frame-000112,1,0.03158,1.7116,4000,1929,1456,1.27,116.64,175.77,19.07,312.76
seq-04/frame-000113,1,0.02178,1.3258,4000,1871,1382,1.15,127.09,173.30,13.87,315.41
seq-04/frame-000114,1,0.02203,1.5031,4000,2230,1776,1.22,136.73,187.74,22.17,347.87
seq-04/frame-000115,1,0.02748,1.9894,4000,2029,1588,2.13,142.72,214.05,17.45,376.36
seq-04/frame-000116,1,0.02460,2.1425,4000,1958,1530,1.25,132.91,202.44,30.94,367.55
seq-04/frame-000117,1,0.02099,1.7560,4000,2185,1738,1.41,139.12,206.09,19.45,366.06
seq-04/frame-000118,1,0.02043,1.7825,4000,1611,1134,1.13,144.51,211.38,18.51,375.53
seq-04/frame-000119,1,0.02440,1.7760,4000,1822,1318,1.12,139.35,212.60,29.67,382.74
seq-04/frame-000120,1,0.03975,1.9153,4000,2039,1582,1.25,145.47,218.02,16.81,381.55
seq-04/frame-000121,1,0.04098,2.0305,4000,1795,1363,1.30,133.50,204.46,23.63,362.90
seq-04/frame-000122,1,0.04739,1.8626,4000,1810,1329,1.27,122.51,188.27,34.74,346.79
seq-04/frame-000123,1,0.04105,2.1558,4000,1992,1544,1.23,119.84,184.02,31.75,336.84
seq-04/frame-000124,1,0.03957,1.9646,4000,2017,1544,1.30,124.80,198.36,25.80,350.27
seq-04/frame-000125,1,0.04264,2.1314,4001,1739,1347,1.40,132.37,190.67,15.36,339.81
seq-04/frame-000126,1,0.04423,2.1851,4000,1771,1310,2.02,156.82,182.11,14.97,355.92
seq-04/frame-000127,1,0.04267,2.1011,4000,1880,1450,1.43,141.72,210.23,18.52,371.91
seq-04/frame-000128,1,0.04141,2.1032,4000,1912,1492,1.35,130.27,196.86,16.83,345.32
seq-04/frame-000129,1,0.04183,2.2172,4000,1882,1450,1.49,118.19,191.88,19.38,330.93
seq-04/frame-000130,1,0.03645,2.1428,4000,1933,1486,1.50,124.36,196.85,39.70,362.40
seq-04/frame-000131,1,0.03733,2.0980,4000,2063,1636,1.48,124.87,186.44,20.12,332.92
seq-04/frame-000132,1,0.03849,2.0839,4000,2285,1859,1.60,134.65,180.86,20.62,337.74
seq-04/frame-000133,1,0.03472,1.9683,4000,2130,1727,1.40,119.64,210.41,15.05,346.51
seq-04/frame-000134,1,0.04058,2.0468,4000,2183,1657,1.48,123.72,225.24,28.42,378.85
seq-04/frame-000135,1,0.04044,2.1405,4000,2315,1853,1.36,143.19,203.73,20.00,368.29
seq-04/frame-000136,1,0.04185,2.1547,4001,1699,1196,1.38,136.42,199.45,12.84,350.09
seq-04/frame-000137,1,0.04767,2.2907,4000,1778,1288,1.37,148.46,211.41,15.68,376.92
seq-04/frame-000138,1,0.03996,2.2093,4000,2096,1616,1.33,155.09,192.92,25.83,375.17
seq-04/frame-000139,1,0.04067,2.2557,4000,2148,1767,1.35,146.72,195.89,18.54,362.51
seq-04/frame-000140,1,0.03885,2.1914,4000,2220,1757,1.32,156.89,186.60,24.36,369.18
seq-04/frame-000141,1,0.03409,1.9219,4002,1505,1070,1.36,147.30,185.09,19.93,353.74
seq-04/frame-000142,1,0.03274,1.9032,4000,1788,1349,1.35,145.32,193.94,18.74,359.35
seq-04/frame-000143,1,0.03492,2.0788,4000,1730,1258,1.46,124.05,187.35,29.22,342.09
seq-04/frame-000144,1,0.03706,2.0064,4000,1730,1241,1.45,128.34,195.79,15.12,340.70
seq-04/frame-000145,1,0.03963,2.1147,4000,2049,1545,1.85,141.26,182.35,20.94,346.40
seq-04/frame-000146,1,0.03515,2.0409,4000,2063,1545,1.81,117.67,187.48,18.44,325.39
seq-04/frame-000147,1,0.04294,2.2458,4000,1630,1156,1.75,144.91,180.28,33.38,360.32
seq-04/frame-000148,1,0.04640,2.4338,4000,1602,1139,1.32,127.47,185.58,24.18,338.56
seq-04/frame-000149,1,0.04075,2.2932,4000,1553,1037,1.32,131.55,203.88,37.60,374.36
seq-04/frame-000150,1,0.03703,2.0891,4000,1656,1156,1.29,165.45,206.56,25.51,398.82
seq-04/frame-000151,1,0.03483,2.0038,4000,2046,1565,1.74,153.16,221.79,33.97,410.66
seq-04/frame-000152,1,0.03269,2.0040,4000,1892,1456,1.42,118.30,197.76,32.77,350.26
seq-04/frame-000153,1,0.03132,1.9306,4000,2159,1726,1.33,126.88,295.28,12.77,436.26
seq-04/frame-000154,1,0.02793,1.8583,4001,2080,1578,1.34,121.45,207.53,34.68,365.00
seq-04/frame-000155,1,0.03631,2.0689,4000,1642,1169,1.54,134.65,185.09,21.27,342.55
seq-04/frame-000156,1,0.03725,2.0855,4000,1952,1486,1.30,161.67,178.29,19.75,361.01
seq-04/frame-000157,1,0.03056,1.8151,4002,1938,1433,1.35,148.00,213.54,19.79,382.69
seq-04/frame-000158,1,0.03317,1.9003,4000,1841,1350,1.42,121.63,210.61,40.25,373.91
seq-04/frame-000159,1,0.03557,1.8831,4000,1986,1489,1.32,140.56,222.67,31.92,396.48
seq-04/frame-000160,1,0.03148,1.8319,4001,1958,1472,1.34,143.77,213.64,27.06,385.80
seq-04/frame-000161,1,0.03306,1.9101,4000,1872,1353,1.45,120.00,215.45,22.75,359.65
seq-04/frame-000162,1,0.03455,1.9997,4000,1969,1559,1.22,134.97,229.35,27.16,392.71
seq-04/frame-000163,1,0.03671,2.0794,4001,1822,1313,1.31,158.17,227.21,26.32,413.01
seq-04/frame-000164,1,0.03729,2.0086,4000,1843,1345,1.42,120.11,210.01,29.18,360.72
seq-04/frame-000165,1,0.03953,2.1930,4000,2026,1591,1.31,186.63,255.90,42.10,485.94
seq-04/frame-000166,1,0.04235,2.3379,4001,1818,1321,1.35,155.04,252.17,18.80,427.36
seq-04/frame-000167,1,0.03913,2.0827,4000,1953,1495,1.34,145.60,268.79,20.05,435.79
seq-04/frame-000168,1,0.04156,2.2810,4001,1913,1452,1.29,135.38,245.61,28.59,410.87
seq-04/frame-000169,1,0.04023,2.2520,4001,1899,1391,1.35,165.21,236.19,22.34,425.09
seq-04/frame-000170,1,0.03824,2.1000,4000,1907,1419,1.33,173.68,234.53,39.44,448.98
seq-04/frame-000171,1,0.03834,2.0923,4000,1938,1488,1.28,151.72,250.52,17.10,420.62
seq-04/frame-000172,1,0.03489,1.8795,4000,1851,1370,4.19,151.47,252.59,24.13,432.38
seq-04/frame-000173,1,0.03703,1.9257,4000,1924,1478,1.30,145.52,243.04,17.77,407.64
seq-04/frame-000174,1,0.03763,2.4119,4000,2004,1566,4.88,161.33,287.27,24.45,477.94
seq-04/frame-000175,1,0.02615,1.5219,4000,2011,1545,1.26,157.74,241.42,16.37,416.79
seq-04/frame-000176,1,0.02005,1.1036,4000,2011,1573,1.24,143.14,180.51,17.67,342.56
seq-04/frame-000177,1,0.01490,0.8239,4000,2039,1578,1.23,191.80,197.13,27.69,417.86
seq-04/frame-000178,1,0.01253,0.7818,4000,2085,1660,1.23,173.63,229.90,20.14,424.91
seq-04/frame-000179,1,0.00775,0.4885,4000,2202,1760,1.11,168.24,218.32,16.90,404.57
seq-04/frame-000180,1,0.00731,0.5548,4000,2194,1760,1.17,181.41,204.86,27.32,414.77
seq-04/frame-000181,1,0.00688,0.5646,4000,2153,1746,1.15,147.81,222.41,25.73,397.11
seq-04/frame-000182,1,0.01025,0.5722,4000,2200,1798,1.10,155.74,227.16,37.49,421.51
seq-04/frame-000183,1,0.00791,0.5032,4000,2188,1771,1.12,128.31,231.05,29.74,390.23
seq-04/frame-000184,1,0.01080,0.4711,3316,1860,1430,1.03,131.73,211.45,42.55,386.76
seq-04/frame-000185,1,0.01265,0.5537,3556,2081,1650,1.04,124.21,262.18,18.90,406.34
seq-04/frame-000186,1,0.01101,0.4622,4000,2275,1835,1.55,134.66,257.91,20.12,414.23
seq-04/frame-000187,1,0.00976,0.3714,4000,2351,1940,1.11,133.00,267.54,14.29,415.95
seq-04/frame-000188,1,0.01049,0.3679,3310,1800,1375,1.03,119.14,224.28,16.80,361.25
seq-04/frame-000189,1,0.00896,0.4011,4000,2145,1718,1.16,181.64,170.40,17.99,371.19
seq-04/frame-000190,1,0.00863,0.3633,3561,2063,1703,1.05,205.31,297.83,21.09,525.28
seq-04/frame-000191,1,0.00720,0.5644,3555,2018,1654,1.08,178.52,169.82,28.54,377.97
seq-04/frame-000192,1,0.00911,0.5060,3737,2103,1706,1.10,184.74,226.06,18.26,430.18
seq-04/frame-000193,1,0.00674,0.5042,3247,1945,1556,1.02,157.59,152.60,24.07,335.28
seq-04/frame-000194,1,0.00725,0.3815,3117,1839,1510,1.03,129.99,190.50,20.51,342.03
seq-04/frame-000195,1,0.00626,0.4779,3279,1891,1579,1.05,115.22,196.05,16.29,328.61
seq-04/frame-000196,1,0.00914,0.4785,3181,1858,1514,1.43,106.28,184.94,17.88,310.53
seq-04/frame-000197,1,0.01281,0.8867,2775,1765,1478,1.00,112.64,195.23,18.84,327.71
seq-04/frame-000198,1,0.00913,0.4515,3189,1921,1580,1.09,118.30,184.12,19.61,323.12
seq-04/frame-000199,1,0.01115,0.3828,3170,2074,1776,1.15,163.16,198.15,14.28,376.74
seq-04/frame-000200,1,0.01348,0.4315,2317,1461,1221,1.00,119.34,139.21,30.69,290.24
seq-04/frame-000201,1,0.01034,0.4547,2763,1745,1487,1.02,121.14,172.90,12.63,307.70
seq-04/frame-000202,1,0.01332,0.5062,2820,1809,1552,1.01,130.33,158.07,21.63,311.04
seq-04/frame-000203,1,0.01511,0.5279,2757,1709,1455,1.01,122.36,154.10,27.99,305.46
seq-04/frame-000204,1,0.01740,0.7214,2682,1699,1441,1.06,159.64,128.92,24.78,314.41
seq-04/frame-000205,1,0.01776,0.5148,2623,1609,1379,1.09,107.31,126.84,13.05,248.29
seq-04/frame-000206,1,0.01792,0.4451,2698,1692,1452,1.09,125.06,135.05,23.43,284.64
seq-04/frame-000207,1,0.01744,0.4997,2779,1800,1533,1.78,106.79,140.82,22.87,272.27
seq-04/frame-000208,1,0.01944,0.5748,2722,1789,1541,1.03,117.37,135.68,14.28,268.36
seq-04/frame-000209,1,0.01944,0.6750,2663,1837,1610,1.42,112.75,133.45,19.61,267.24
seq-04/frame-000210,1,0.02068,0.7097,2507,1736,1534,1.01,105.20,138.39,21.88,266.48
seq-04/frame-000211,1,0.01687,0.5255,2493,1552,1332,1.44,114.19,144.51,17.45,277.59
seq-04/frame-000212,1,0.01433,0.5894,2432,1618,1409,1.00,103.95,140.14,11.72,256.81
seq-04/frame-000213,1,0.01678,0.5316,2390,1572,1347,1.06,106.54,123.90,30.18,261.68
seq-04/frame-000214,1,0.01994,0.7040,2321,1748,1557,0.97,105.01,115.94,15.77,237.69
seq-04/frame-000215,1,0.01660,0.5885,2249,1457,1273,0.97,83.92,119.46,20.23,224.58
seq-04/frame-000216,1,0.01983,0.6003,2090,1423,1214,0.92,95.09,120.28,19.82,236.11
seq-04/frame-000217,1,0.02084,0.8434,2192,1506,1324,0.96,93.57,132.64,13.48,240.66
seq-04/frame-000218,1,0.02325,0.8127,2480,1646,1414,0.97,90.42,140.45,17.76,249.61
seq-04/frame-000219,1,0.02416,0.7942,2417,1551,1361,0.97,99.26,133.01,10.31,243.57
seq-04/frame-000220,1,0.02511,0.8116,2347,1417,1191,1.02,102.23,128.24,30.06,261.56
seq-04/frame-000221,1,0.02857,0.9882,2321,1533,1331,0.99,100.81,111.36,34.85,248.01
seq-04/frame-000222,1,0.02668,0.8892,2399,1519,1279,1.00,103.02,131.61,21.28,256.92
seq-04/frame-000223,1,0.02565,0.8610,2355,1580,1404,0.97,102.76,142.52,44.81,291.06
seq-04/frame-000224,1,0.02717,1.1292,2156,1523,1337,0.95,104.28,130.53,17.92,253.68
seq-04/frame-000225,1,0.02672,0.9386,2298,1543,1358,0.94,91.10,113.60,19.05,224.70
seq-04/frame-000226,1,0.02725,1.2988,2229,1504,1306,0.93,93.13,118.01,19.40,231.48
seq-04/frame-000227,1,0.03295,1.2892,2254,1380,1159,0.98,92.24,129.77,17.45,240.45
seq-04/frame-000228,1,0.03238,1.3936,2275,1498,1303,0.93,99.23,131.76,22.84,254.76
seq-04/frame-000229,1,0.03190,1.4684,2367,1509,1288,0.96,122.24,125.80,19.36,268.36
seq-04/frame-000230,1,0.03487,1.4705,2348,1402,1175,0.99,114.68,116.03,23.61,255.32
seq-04/frame-000231,1,0.03218,1.5263,2468,1445,1207,0.99,132.92,117.11,20.57,271.59
seq-04/frame-000232,1,0.03158,1.3060,2696,1606,1334,1.01,122.31,135.64,14.59,273.55
seq-04/frame-000233,1,0.03707,1.5519,2192,1327,1129,0.93,104.76,104.69,11.91,222.30
seq-04/frame-000234,1,0.03601,1.5780,2779,1504,1236,1.03,106.99,143.18,20.19,271.39
seq-04/frame-000235,1,0.03711,1.5491,2586,1511,1229,0.97,119.41,124.44,13.02,257.84
seq-04/frame-000236,1,0.04122,1.7204,2296,1308,1049,2.07,96.84,109.20,19.37,227.49
seq-04/frame-000237,1,0.03779,1.7109,2817,1558,1273,0.99,115.09,149.19,18.12,283.39
seq-04/frame-000238,1,0.03088,1.3981,2697,1559,1291,0.97,105.70,141.03,23.08,270.79
seq-04/frame-000239,1,0.03038,1.4318,3081,1658,1325,2.11,111.40,141.03,16.52,271.06
seq-04/frame-000240,1,0.03811,1.5288,3036,1617,1264,1.47,148.49,164.31,26.34,340.62
seq-04/frame-000241,1,0.03203,1.5292,2683,1427,1158,0.96,129.21,149.00,30.66,309.84
seq-04/frame-000242,1,0.03029,1.4827,2895,1599,1294,1.00,125.15,152.99,17.10,296.25
seq-04/frame-000243,1,0.04168,2.2469,2883,1536,1238,0.96,125.98,134.49,44.56,305.98
seq-04/frame-000244,1,0.03701,1.6996,2746,1486,1193,0.95,126.35,154.74,20.13,302.18
seq-04/frame-000245,1,0.03105,1.5200,3392,1792,1431,1.03,128.10,162.51,30.14,321.79
seq-04/frame-000246,1,0.03299,1.5508,3289,1741,1368,1.02,122.11,163.29,21.94,308.37
seq-04/frame-000247,1,0.03131,1.6144,3122,1689,1349,1.08,140.20,155.60,19.95,316.83
seq-04/frame-000248,1,0.02886,1.5341,3557,1834,1452,1.04,157.62,201.98,21.15,381.79
seq-04/frame-000249,1,0.02246,1.1720,3464,1900,1497,1.03,144.56,200.62,28.83,375.04
seq-04/frame-000250,1,0.02052,1.1599,3629,1950,1586,1.29,162.21,288.60,18.06,470.17
seq-04/frame-000251,1,0.01728,1.1110,3994,2001,1587,1.17,176.59,275.26,37.12,490.15
seq-04/frame-000252,1,0.01897,0.9860,3403,1779,1400,1.03,170.31,264.23,20.75,456.33
seq-04/frame-000253,1,0.01529,0.8433,3315,1719,1362,1.02,151.93,199.58,20.80,373.35
seq-04/frame-000254,1,0.01889,0.7284,3039,1580,1215,1.90,162.46,245.85,20.13,430.35
seq-04/frame-000255,1,0.01605,0.7911,3071,1671,1327,5.49,154.49,217.52,21.71,399.22
seq-04/frame-000256,1,0.01651,0.7334,2862,1512,1119,1.97,158.22,221.02,35.18,416.40
seq-04/frame-000257,1,0.01536,0.6509,2870,1604,1209,1.01,154.96,229.15,16.05,401.18
seq-04/frame-000258,1,0.01563,0.5391,3701,2079,1656,1.11,154.86,229.31,24.36,409.63
seq-04/frame-000259,1,0.01459,0.8398,4000,2266,1875,1.24,225.81,206.11,24.12,457.29
seq-04/frame-000260,1,0.01559,0.5823,3232,1730,1306,1.06,154.04,154.18,11.49,320.78
seq-04/frame-000261,1,0.01924,0.8686,2806,1350,982,0.99,158.05,151.10,14.63,324.78
seq-04/frame-000262,1,0.01745,0.6885,4000,2362,1948,1.13,178.89,213.83,16.87,410.72
seq-04/frame-000263,1,0.01649,0.5180,3205,1797,1360,2.11,154.67,151.37,17.56,325.72
seq-04/frame-000264,1,0.01313,0.4325,3539,2119,1688,1.34,170.07,177.33,23.84,372.58
seq-04/frame-000265,1,0.00928,0.3594,4000,2500,2112,3.07,175.33,204.69,25.77,408.86
seq-04/frame-000266,1,0.01334,0.4041,3589,2047,1615,2.00,137.97,187.58,11.64,339.19
seq-04/frame-000267,1,0.01782,0.7460,2871,1427,1033,1.02,132.08,137.79,20.01,290.90
seq-04/frame-000268,1,0.01465,0.8252,3030,1488,1072,1.03,105.41,145.68,22.91,275.03
seq-04/frame-000269,1,0.01331,0.4590,3511,2038,1619,1.10,132.86,148.88,29.66,312.50
seq-04/frame-000270,1,0.01144,0.3033,4000,2339,1871,1.17,148.58,200.32,16.37,366.44
seq-04/frame-000271,1,0.01158,0.2818,4001,2477,2063,1.20,149.14,180.68,19.53,350.56
seq-04/frame-000272,1,0.00997,0.2611,4000,2210,1724,1.16,136.83,178.33,15.53,331.87
seq-04/frame-000273,1,0.00864,0.4213,3790,2002,1535,1.11,150.09,157.36,27.50,336.07
seq-04/frame-000274,1,0.01131,0.4959,4000,2262,1873,1.34,152.13,183.32,31.16,367.96
seq-04/frame-000275,1,0.01180,0.6308,4001,2533,2195,1.28,154.54,210.78,18.81,385.41
seq-04/frame-000276,1,0.01202,0.4343,4000,2444,2076,1.26,133.77,187.00,23.69,345.72
seq-04/frame-000277,1,0.00928,0.1815,4000,2264,1832,1.94,149.92,201.78,29.63,383.27
seq-04/frame-000278,1,0.01043,0.1474,4000,2433,2021,1.19,153.23,186.04,38.30,378.76
seq-04/frame-000279,1,0.01163,0.4755,4000,2474,2097,1.18,153.38,193.40,17.96,365.93
seq-04/frame-000280,1,0.01224,0.2109,4001,2523,2140,1.26,149.39,198.62,14.83,364.10
seq-04/frame-000281,1,0.01015,0.2682,4001,2468,2117,1.31,150.95,200.56,18.21,371.02
seq-04/frame-000282,1,0.01040,0.1164,4000,2502,2099,1.21,128.97,177.36,16.09,323.63
seq-04/frame-000283,1,0.00890,0.3210,4001,2465,2110,1.20,160.47,198.77,21.76,382.19
seq-04/frame-000284,1,0.01132,0.1664,4000,2573,2203,1.25,150.34,197.89,19.65,369.13
seq-04/frame-000285,1,0.00833,0.3002,4000,2299,1953,1.36,148.37,174.00,16.43,340.18
seq-04/frame-000286,1,0.00798,0.3776,4001,2628,2287,1.27,158.06,175.30,28.92,363.55
seq-04/frame-000287,1,0.00673,0.3048,4000,2578,2258,1.24,135.30,212.54,25.42,374.51
seq-04/frame-000288,1,0.00749,0.3785,4000,2474,2103,1.21,157.86,207.80,21.66,388.53
seq-04/frame-000289,1,0.00863,0.4661,3908,2274,1830,1.14,129.53,176.61,16.96,324.25
seq-04/frame-000290,1,0.00779,0.3586,4000,2458,2072,1.18,130.09,189.38,22.40,343.06
seq-04/frame-000291,1,0.00794,0.5203,4000,2419,1988,1.21,157.35,185.00,18.68,362.25
seq-04/frame-000292,1,0.01162,0.4858,4001,2413,1989,1.17,146.24,192.51,23.94,363.86
seq-04/frame-000293,1,0.00856,0.5324,4000,2516,2143,1.27,150.66,187.55,22.28,361.75
seq-04/frame-000294,1,0.00609,0.4566,4000,2492,2123,1.29,145.24,180.11,26.21,352.86
seq-04/frame-000295,1,0.00434,0.5324,4000,2386,2034,1.30,126.34,207.19,23.02,357.85
seq-04/frame-000296,1,0.00318,0.4183,4000,2328,1934,1.23,139.18,213.39,15.77,369.57
seq-04/frame-000297,1,0.00560,0.4453,4000,2427,2057,1.20,130.72,182.62,19.99,334.52
seq-04/frame-000298,1,0.00591,0.2773,4000,2427,2059,1.28,137.92,216.79,21.61,377.61
seq-04/frame-000299,1,0.00689,0.3481,4000,2408,2041,1.31,127.30,195.51,18.95,343.07
seq-04/frame-000300,1,0.00314,0.4299,4000,2386,1964,1.19,125.43,188.10,22.63,337.36
seq-04/frame-000301,1,0.00512,0.6060,4000,2359,1931,1.13,137.07,165.33,21.26,324.79
seq-04/frame-000302,1,0.00606,0.4362,4000,2462,2124,1.22,139.73,192.98,20.67,354.62
seq-04/frame-000303,1,0.00849,0.3968,4000,2554,2201,1.24,170.29,164.28,14.29,350.11
seq-04/frame-000304,1,0.00858,0.3839,4000,2469,2052,1.16,132.13,175.16,16.45,324.90
seq-04/frame-000305,1,0.00921,0.3801,3896,2206,1783,1.09,139.91,188.91,20.90,350.81
seq-04/frame-000306,1,0.00679,0.3819,4000,2382,2000,1.13,141.36,187.83,16.53,346.86
seq-04/frame-000307,1,0.00899,0.2156,4000,2525,2205,1.30,134.38,205.95,21.75,363.39
seq-04/frame-000308,1,0.01176,0.3178,4000,2600,2263,1.29,144.17,189.88,24.47,359.81
seq-04/frame-000309,1,0.01056,0.3475,4000,2286,1847,1.07,130.95,183.14,17.47,332.62
seq-04/frame-000310,1,0.01031,0.3507,3809,2216,1790,1.54,123.67,180.47,27.07,332.75
seq-04/frame-000311,1,0.01449,0.1548,4000,2539,2214,1.18,123.73,180.39,15.01,320.30
seq-04/frame-000312,1,0.01480,0.2379,4000,2584,2231,1.23,129.61,172.65,14.50,317.99
seq-04/frame-000313,1,0.01443,0.2094,4000,2625,2309,1.25,132.14,196.10,29.87,359.37
seq-04/frame-000314,1,0.01306,0.1419,4000,2630,2317,1.22,136.92,162.94,19.04,320.12
seq-04/frame-000315,1,0.01599,0.2481,4000,2603,2306,1.23,151.30,186.57,18.82,357.92
seq-04/frame-000316,1,0.01756,0.3371,4000,2493,2156,1.33,144.75,186.72,20.34,353.14
seq-04/frame-000317,1,0.01622,0.2669,4000,2427,2128,1.28,124.71,178.34,17.30,321.64
seq-04/frame-000318,1,0.01576,0.2945,4000,2336,1999,1.29,133.43,206.74,21.78,363.23
seq-04/frame-000319,1,0.01765,0.3570,4000,2499,2139,1.42,140.63,200.33,20.02,362.41
seq-04/frame-000320,1,0.01898,0.3795,4000,2439,2115,1.39,124.80,177.77,16.88,320.85
seq-04/frame-000321,1,0.01822,0.3716,4000,2424,2115,1.34,118.75,190.38,19.86,330.33
seq-04/frame-000322,1,0.01507,0.2625,4000,2533,2224,1.26,129.28,175.42,15.55,321.51
seq-04/frame-000323,1,0.01594,0.3976,4000,2537,2252,1.35,130.02,195.88,25.70,352.95
seq-04/frame-000324,1,0.01964,0.4550,4000,2444,2138,1.37,126.84,186.58,28.52,343.32
seq-04/frame-000325,1,0.01464,0.2430,4000,2573,2271,1.28,134.04,220.05,18.03,373.41
seq-04/frame-000326,1,0.01688,0.3699,4001,2530,2210,1.37,124.93,194.76,15.87,336.93
seq-04/frame-000327,1,0.01877,0.4543,4000,2531,2194,1.34,126.28,174.73,18.31,320.66
seq-04/frame-000328,1,0.01896,0.4606,4000,2531,2194,1.34,128.10,177.20,18.57,325.21
seq-04/frame-000329,1,0.01407,0.2754,4001,2685,2308,1.28,152.97,210.29,26.07,390.62
seq-04/frame-000330,1,0.01543,0.3924,4001,2583,2233,1.32,118.83,188.77,24.96,333.89
seq-04/frame-000331,1,0.01647,0.4616,4000,2539,2168,1.36,129.15,216.74,18.78,366.02
seq-04/frame-000332,1,0.01298,0.3699,4000,2624,2178,1.33,125.74,196.09,27.18,350.36
seq-04/frame-000333,1,0.01286,0.3764,4000,2624,2178,1.35,119.51,198.41,25.00,344.26
seq-04/frame-000334,1,0.01177,0.3762,4000,2707,2403,1.32,123.75,202.33,17.56,344.98
seq-04/frame-000335,1,0.01239,0.4114,4000,2506,2111,1.34,133.90,195.37,26.59,357.21
seq-04/frame-000336,1,0.01738,0.5991,4002,2439,2051,1.38,120.97,195.24,18.84,336.44
seq-04/frame-000337,1,0.00637,0.4531,4000,2761,2455,1.29,130.70,181.97,25.33,339.29
seq-04/frame-000338,1,0.00654,0.4536,4000,2761,2455,1.28,131.93,193.08,28.61,354.90
seq-04/frame-000339,1,0.00271,0.4082,4000,2655,2312,1.12,117.62,183.92,30.12,332.78
seq-04/frame-000340,1,0.00587,0.4102,4000,2613,2232,1.23,144.48,204.59,38.11,388.41
seq-04/frame-000341,1,0.01048,0.4672,4000,2682,2246,1.33,130.88,203.88,24.47,360.58
seq-04/frame-000342,1,0.00936,0.8849,4000,2587,2235,1.18,143.15,188.14,20.51,352.99
seq-04/frame-000343,1,0.00787,0.5004,4000,2587,2235,1.87,147.06,192.39,22.10,363.42
seq-04/frame-000344,1,0.00758,0.5795,3941,2589,2155,1.08,129.12,176.38,27.71,334.29
seq-04/frame-000345,1,0.00762,0.6041,3977,2568,2183,1.10,126.35,180.80,28.38,336.63
seq-04/frame-000346,1,0.01778,1.1254,4000,2466,2023,1.06,129.45,193.74,21.99,346.25
seq-04/frame-000347,1,0.01700,0.7458,4000,2466,2023,1.29,137.38,177.05,17.96,333.68
seq-04/frame-000348,1,0.02016,0.8929,3678,2320,1922,1.02,133.45,152.46,28.75,315.68
seq-04/frame-000349,1,0.01721,0.7893,3473,2158,1801,1.02,103.91,160.11,27.13,292.18
seq-04/frame-000350,1,0.02104,0.9515,3658,2238,1845,1.02,132.79,173.00,26.27,333.08
seq-04/frame-000351,1,0.02117,0.9519,3658,2238,1845,1.02,124.72,154.25,20.53,300.52
seq-04/frame-000352,1,0.01850,0.7480,3641,2172,1784,1.02,128.09,156.50,16.85,302.46
seq-04/frame-000353,1,0.01141,0.4983,3512,2350,1946,1.02,118.11,153.69,18.09,290.92
seq-04/frame-000354,1,0.01513,0.6867,3278,2067,1694,0.97,140.19,147.25,18.24,306.64
seq-04/frame-000355,1,0.00830,0.5362,3690,2540,2168,1.12,127.42,193.94,16.36,338.84
seq-04/frame-000356,1,0.01096,1.1270,3891,2653,2370,1.16,118.09,181.55,20.17,320.98
seq-04/frame-000357,1,0.01149,0.8912,4000,2570,2264,1.10,158.77,200.88,27.65,388.41
seq-04/frame-000358,1,0.01007,0.3653,4000,2570,2264,1.08,132.70,179.55,25.78,339.11
seq-04/frame-000359,1,0.00934,0.4763,3664,2405,2043,1.03,117.47,165.28,19.66,303.44
seq-04/frame-000360,1,0.01451,0.6742,3392,2189,1881,1.04,115.55,153.18,26.49,296.27
seq-04/frame-000361,1,0.00895,0.4022,3487,2223,1892,1.08,147.97,170.12,21.04,340.22
seq-04/frame-000362,1,0.00787,0.2759,3627,2430,2143,1.10,109.85,168.71,18.16,297.82
seq-04/frame-000363,1,0.00756,0.2790,3714,2557,2160,1.03,124.60,190.23,24.27,340.13
seq-04/frame-000364,1,0.00653,0.1726,3409,2281,1929,1.04,117.58,157.85,26.14,302.62
seq-04/frame-000365,1,0.00675,0.1884,3409,2281,1929,1.05,108.12,159.03,32.88,301.08
seq-04/frame-000366,1,0.00482,0.1371,3561,2400,2114,1.10,115.12,174.41,27.04,317.68
seq-04/frame-000367,1,0.00684,0.2583,3813,2688,2367,1.07,122.22,184.03,24.63,331.95
seq-04/frame-000368,1,0.01422,0.4751,3404,2394,2088,1.10,128.88,175.80,16.81,322.60
seq-04/frame-000369,1,0.00643,0.2528,3740,2583,2309,1.11,126.78,207.59,22.13,357.61
seq-04/frame-000370,1,0.01196,0.4060,4000,2801,2513,1.12,138.55,196.61,23.39,359.68
seq-04/frame-000371,1,0.01006,0.3014,3500,2640,2320,1.05,105.64,174.50,14.22,295.40
seq-04/frame-000372,1,0.01051,0.3478,3629,2775,2478,1.09,120.51,176.54,22.67,320.82
seq-04/frame-000373,1,0.00996,0.3432,3958,2683,2387,1.13,132.70,196.22,22.62,352.67
seq-04/frame-000374,1,0.01027,0.3431,3958,2683,2387,1.10,134.02,202.56,21.15,358.83
seq-04/frame-000375,1,0.01174,0.3755,3880,2613,2306,1.12,122.15,182.12,21.30,326.69
seq-04/frame-000376,1,0.01651,0.5824,3842,2755,2457,1.12,113.79,192.53,23.43,330.88
seq-04/frame-000377,1,0.01766,0.5374,3315,2339,2064,1.07,110.48,159.72,17.36,288.63
seq-04/frame-000378,1,0.01261,0.4097,3538,2439,2109,1.08,121.58,165.62,19.93,308.23
seq-04/frame-000379,1,0.01710,0.5859,3283,2267,1966,1.07,118.07,156.69,25.00,300.83
seq-04/frame-000380,1,0.02505,0.7402,2915,1998,1692,1.02,106.52,125.33,24.40,257.28
seq-04/frame-000381,1,0.02481,0.7323,2915,1998,1692,1.02,108.08,144.55,20.93,274.58
seq-04/frame-000382,1,0.04675,1.4932,3017,2079,1749,0.99,97.83,138.50,15.23,252.56
seq-04/frame-000383,1,0.02664,0.8826,3015,1982,1647,1.01,104.10,145.90,20.70,271.71
seq-04/frame-000384,1,0.02413,0.8002,3115,2185,1900,1.05,116.85,139.29,21.11,278.30
seq-04/frame-000385,1,0.03943,1.2196,3023,2084,1768,0.99,108.58,132.10,15.21,256.89
seq-04/frame-000386,1,0.03642,1.1520,2997,1954,1622,0.98,111.43,142.89,19.07,274.38
seq-04/frame-000387,1,0.02444,0.9480,3179,2160,1837,1.06,116.87,150.03,17.70,285.66
seq-04/frame-000388,1,0.03622,1.0647,2916,2002,1744,1.04,118.06,145.09,22.03,286.23
seq-04/frame-000389,1,0.02192,0.8390,3093,2136,1845,1.03,120.52,159.22,19.82,300.60
seq-04/frame-000390,1,0.02776,0.9731,2962,2062,1800,1.05,102.01,138.81,11.72,253.59
seq-04/frame-000391,1,0.02682,0.9326,2962,2062,1800,1.06,105.14,159.87,11.77,277.84
seq-04/frame-000392,1,0.04590,1.3720,2893,1961,1705,1.02,101.64,129.76,18.43,250.86
seq-04/frame-000393,1,0.04145,1.2553,2895,1888,1630,1.02,100.06,141.02,21.72,263.82
seq-04/frame-000394,1,0.03715,1.2841,2940,1940,1654,1.02,91.35,149.82,26.14,268.33
seq-04/frame-000395,1,0.05699,1.7988,2747,1842,1600,1.01,106.37,127.41,25.36,260.16
seq-04/frame-000396,1,0.04607,1.2825,2590,1755,1520,1.00,89.95,127.20,18.68,236.84
seq-04/frame-000397,1,0.03530,1.1032,2966,1988,1727,1.02,102.55,159.71,20.30,283.58
seq-04/frame-000398,1,0.05150,1.6049,3071,2079,1852,1.04,107.60,147.32,16.50,272.47
seq-04/frame-000399,1,0.06424,1.7659,2774,1911,1679,1.01,104.30,134.50,29.10,268.92
seq-04/frame-000400,1,0.04213,1.3374,2417,1546,1341,0.98,94.43,113.16,16.69,225.26
seq-04/frame-000401,1,0.03971,1.8203,2417,1546,1341,0.99,94.82,123.44,27.68,246.93
seq-04/frame-000402,1,0.04604,1.3299,2520,1641,1426,0.99,87.46,131.79,14.68,234.92
seq-04/frame-000403,1,0.04916,1.4954,2959,1905,1660,1.03,102.06,148.92,19.84,271.85
seq-04/frame-000404,1,0.04025,1.3732,2997,1983,1765,1.04,103.10,157.00,28.39,289.53
seq-04/frame-000405,1,0.05520,2.0195,2819,1857,1575,1.01,95.56,131.04,14.27,241.89
seq-04/frame-000406,1,0.05756,1.8098,2902,1946,1705,1.03,103.29,138.14,21.43,263.89
seq-04/frame-000407,1,0.05635,2.1207,2692,1800,1552,1.01,96.56,129.36,20.15,247.08
seq-04/frame-000408,1,0.07554,2.4262,2733,1823,1632,1.01,105.12,143.12,19.88,269.13
seq-04/frame-000409,1,0.06721,2.2003,2766,1895,1668,1.01,100.38,137.80,28.64,267.83
seq-04/frame-000410,1,0.05916,1.9830,2780,1860,1641,1.03,103.07,128.88,19.39,252.38
seq-04/frame-000411,1,0.07509,2.3889,2601,1714,1489,0.99,107.14,135.38,46.95,290.47
seq-04/frame-000412,1,0.05267,1.8372,2912,1877,1664,1.02,105.34,152.49,16.66,275.52
seq-04/frame-000413,1,0.06873,2.2809,3127,2143,1889,1.06,101.50,166.38,23.08,292.02
seq-04/frame-000414,1,0.07836,2.4877,2489,1719,1518,1.00,105.39,108.34,13.95,228.68
seq-04/frame-000415,1,0.06378,2.1938,2631,1828,1606,0.98,84.00,131.16,24.40,240.55
seq-04/frame-000416,1,0.06170,2.2370,2727,1851,1600,0.97,93.93,129.87,17.92,242.68
seq-04/frame-000417,1,0.06485,2.1160,2790,1816,1566,0.97,101.17,120.10,23.52,245.75
seq-04/frame-000418,1,0.07614,2.7762,2301,1455,1211,0.94,103.49,107.85,33.17,245.45
seq-04/frame-000419,1,0.09551,3.0642,2269,1471,1223,0.93,83.27,108.47,17.08,209.75
seq-04/frame-000420,1,0.08217,2.8117,2812,1730,1513,0.97,97.01,132.62,17.89,248.49
seq-04/frame-000421,1,0.08166,2.7334,2663,1479,1233,0.99,86.80,112.86,13.19,213.84
seq-04/frame-000422,1,0.07928,2.6194,2770,1837,1618,0.98,94.03,141.24,26.96,263.22
seq-04/frame-000423,1,0.07773,2.5335,2451,1610,1405,0.97,92.33,109.70,20.72,223.73
seq-04/frame-000424,1,0.09594,3.3795,2825,1610,1365,0.98,105.06,127.14,26.40,259.58
seq-04/frame-000425,1,0.06128,2.1109,2739,1432,1160,1.03,108.26,143.88,11.85,265.04
seq-04/frame-000426,1,0.10325,3.4679,2596,1518,1271,1.04,88.95,115.92,29.07,234.98
seq-04/frame-000427,1,0.07397,2.2832,2368,1415,1175,1.00,106.51,114.45,23.73,245.70
seq-04/frame-000428,1,0.07878,2.7690,2495,1368,1107,1.06,95.60,127.36,12.21,236.23
seq-04/frame-000429,1,0.13145,4.7076,2704,1439,1204,1.05,112.13,116.11,13.79,243.08
seq-04/frame-000430,1,0.09931,3.4573,2470,1443,1189,1.04,87.95,115.24,20.03,224.25
seq-04/frame-000431,1,0.07638,2.3996,2268,1331,1093,0.97,86.60,95.64,23.05,206.25
seq-04/frame-000432,1,0.09797,3.3489,2405,1188,919,0.98,90.08,127.11,27.33,245.50
seq-04/frame-000433,1,0.05259,1.7944,2130,1337,1093,0.96,76.80,108.64,16.03,202.43
seq-04/frame-000434,1,0.11356,3.9282,2233,1344,1102,0.97,77.07,106.02,22.81,206.87
seq-04/frame-000435,1,0.12522,4.4071,2248,1259,1049,0.99,79.54,92.48,22.62,195.63
seq-04/frame-000436,1,0.05273,1.6091,2143,1190,945,1.01,91.72,101.33,13.39,207.46
seq-04/frame-000437,1,0.05935,2.0539,2183,1178,883,1.03,101.95,97.01,14.30,214.29
seq-04/frame-000438,1,0.10566,3.7510,2152,1278,1060,0.95,92.33,101.70,31.78,226.76
seq-04/frame-000439,1,0.09379,3.4976,2169,1138,905,0.99,86.07,100.51,18.27,205.84
seq-04/frame-000440,1,0.13668,5.0131,2129,1162,915,0.98,85.19,108.48,15.38,210.03
seq-04/frame-000441,1,0.13444,5.2325,2129,1162,915,0.98,83.80,133.28,14.35,232.41
seq-04/frame-000442,1,0.04084,1.3496,1960,1134,784,1.03,84.71,87.16,12.90,185.81
seq-04/frame-000443,1,0.14442,5.3868,2054,1192,976,0.98,72.04,96.78,28.24,198.05
seq-04/frame-000444,1,0.12465,4.4566,2137,1239,1000,0.92,99.83,95.28,24.32,220.36
seq-04/frame-000445,1,0.11124,3.9076,2046,1242,1002,0.90,77.53,95.96,25.46,199.85
seq-04/frame-000446,1,0.14202,5.4314,1840,974,766,0.95,87.19,79.35,20.97,188.47
seq-04/frame-000447,1,0.13519,5.0360,2057,1240,1002,0.91,87.45,92.60,14.89,195.86
seq-04/frame-000448,1,0.11521,4.1916,1939,1113,890,0.87,86.49,99.41,20.83,207.60
seq-04/frame-000449,1,0.10164,3.6282,2042,1151,923,0.89,86.44,85.44,14.59,187.36
seq-04/frame-000450,1,0.08074,3.4649,1797,1108,890,0.84,79.52,90.63,16.70,187.70
seq-04/frame-000451,1,0.05848,3.0393,1435,848,659,0.81,65.43,64.77,30.25,161.26
seq-04/frame-000452,1,0.04980,3.3008,1390,832,630,0.79,66.78,64.20,22.05,153.83
seq-04/frame-000453,1,0.10547,3.4522,1411,881,683,0.81,64.15,87.61,18.20,170.78
seq-04/frame-000454,1,0.03991,2.8990,1453,960,767,0.82,74.80,67.45,21.85,164.92
seq-04/frame-000455,1,0.03752,2.4744,1453,960,767,0.78,66.43,68.10,16.88,152.19
seq-04/frame-000456,1,0.04395,2.8921,1280,878,707,0.81,73.19,56.20,11.49,141.69
seq-04/frame-000457,1,0.02098,2.3097,1148,816,652,0.80,75.15,50.57,19.24,145.76
seq-04/frame-000458,1,0.02740,2.5689,1165,781,626,0.80,62.82,50.06,22.27,135.96
seq-04/frame-000459,1,0.04278,1.5216,1224,822,660,0.80,56.32,69.20,23.82,150.14
seq-04/frame-000460,1,0.03290,1.5490,1289,855,671,0.79,66.82,60.77,30.19,158.57
seq-04/frame-000461,1,0.02313,2.3591,1237,880,717,0.80,76.35,65.68,16.31,159.15
seq-04/frame-000462,1,0.03147,2.0417,1341,995,791,0.81,65.43,58.40,15.90,140.55
seq-04/frame-000463,1,0.03284,1.9095,1375,1000,821,0.81,64.42,55.70,15.58,136.52
seq-04/frame-000464,1,0.03299,1.9189,1375,1000,821,0.81,85.30,70.17,11.78,168.06
seq-04/frame-000465,1,0.02641,1.2834,1393,907,726,0.80,74.32,67.52,16.66,159.30
seq-04/frame-000466,1,0.02466,1.2537,1476,917,759,0.80,68.50,59.45,24.28,153.06
seq-04/frame-000467,1,0.03152,0.8184,1342,806,669,0.78,83.40,63.24,13.75,161.17
seq-04/frame-000468,1,0.01630,2.6888,1319,853,683,0.78,67.45,67.70,13.37,149.30
seq-04/frame-000469,1,0.01384,1.6563,1319,853,683,0.89,87.89,64.90,24.80,178.48
seq-04/frame-000470,1,0.02117,1.3448,1411,914,733,0.79,77.29,62.83,18.61,159.52
seq-04/frame-000471,1,0.02835,1.2655,1548,1132,938,0.80,71.21,67.01,29.01,168.04
seq-04/frame-000472,1,0.01730,1.5489,1498,1209,993,0.81,84.77,80.11,26.18,191.87
seq-04/frame-000473,1,0.01564,1.4598,1498,1209,993,0.80,67.64,86.60,27.15,182.19
seq-04/frame-000474,1,0.01498,1.8269,1494,1076,864,0.82,90.15,65.31,15.01,171.30
seq-04/frame-000475,1,0.00719,1.3327,1492,1023,815,0.82,74.36,73.40,23.32,171.90
seq-04/frame-000476,1,0.01404,1.5102,1529,1019,828,0.83,82.74,65.25,18.28,167.10
seq-04/frame-000477,1,0.03426,3.0101,1527,969,773,0.81,91.09,73.46,22.82,188.19
seq-04/frame-000478,1,0.03459,2.0330,1527,969,773,0.82,66.21,70.13,17.01,154.18
seq-04/frame-000479,1,0.03223,1.3520,1555,1102,897,0.83,65.84,66.12,23.05,155.84
seq-04/frame-000480,1,0.02457,1.4741,1594,1213,1001,0.85,93.65,67.40,15.86,177.77
seq-04/frame-000481,1,0.01703,2.2593,1478,1053,854,0.83,83.61,71.81,10.80,167.05
seq-04/frame-000482,1,0.01499,1.2660,1478,1053,854,0.84,71.68,75.01,17.61,165.14
seq-04/frame-000483,1,0.02054,1.1821,1720,1386,1188,0.87,67.20,73.50,17.38,158.95
seq-04/frame-000484,1,0.01825,1.0982,1759,1497,1296,0.88,84.27,84.48,20.99,190.64
seq-04/frame-000485,1,0.01091,1.0892,1639,1215,1010,0.85,82.08,80.55,37.88,201.36
seq-04/frame-000486,1,0.00902,0.9533,1621,1274,1050,0.86,81.92,65.05,14.08,161.91
seq-04/frame-000487,1,0.00959,0.9630,1621,1274,1050,0.84,89.51,83.20,13.97,187.53
seq-04/frame-000488,1,0.01076,0.7227,2017,1471,1256,0.89,95.12,98.13,14.20,208.35
seq-04/frame-000489,1,0.00868,0.6635,2011,1574,1342,0.90,93.17,92.02,18.56,204.65
seq-04/frame-000490,1,0.00743,0.6917,1933,1575,1373,0.92,86.75,84.82,19.93,192.43
seq-04/frame-000491,1,0.00888,0.5776,2056,1722,1468,0.94,79.55,99.95,21.04,201.48
seq-04/frame-000492,1,0.01719,1.2956,2133,1766,1513,0.94,90.42,100.60,13.53,205.49
seq-04/frame-000493,1,0.01082,0.5784,2133,1766,1513,0.89,81.83,87.68,18.45,188.86
seq-04/frame-000494,1,0.01295,0.6764,2220,1747,1481,0.98,76.93,113.18,18.76,209.86
seq-04/frame-000495,1,0.01484,0.7762,2199,1671,1430,1.01,87.43,99.09,16.81,204.35
seq-04/frame-000496,1,0.00814,0.4072,2345,1847,1556,0.95,99.43,107.96,16.14,224.48
seq-04/frame-000497,1,0.01380,0.8073,2125,1349,1119,0.91,101.14,93.36,12.59,208.00
seq-04/frame-000498,1,0.01101,0.4286,2125,1349,1119,0.90,90.45,94.30,19.18,204.82
seq-04/frame-000499,1,0.00517,0.4148,2208,1547,1276,0.92,102.49,90.09,15.07,208.57
seq-04/frame-000500,1,0.01036,0.4204,1989,1578,1314,0.91,81.62,100.62,20.55,203.70
seq-04/frame-000501,1,0.01583,0.9186,2125,1662,1384,0.95,86.73,94.48,17.86,200.01
seq-04/frame-000502,1,0.01209,0.4228,2125,1662,1384,0.91,101.25,106.16,26.00,234.33
seq-04/frame-000503,1,0.00486,0.5837,2355,1576,1289,0.98,89.48,111.20,17.37,219.04
seq-04/frame-000504,1,0.01172,0.4848,2374,1624,1339,0.94,87.95,108.86,18.73,216.49
seq-04/frame-000505,1,0.01188,0.4583,2235,1734,1455,0.94,92.89,96.55,19.93,210.31
seq-04/frame-000506,1,0.01273,0.3961,2389,1800,1507,1.00,100.81,125.49,14.36,241.66
seq-04/frame-000507,1,0.00573,0.4607,2389,1526,1232,0.95,100.10,110.36,22.02,233.43
seq-04/frame-000508,1,0.00570,0.4639,2389,1526,1232,0.94,107.35,108.96,16.92,234.16
seq-04/frame-000509,1,0.01078,0.4518,2207,1536,1233,1.15,100.90,102.37,19.24,223.66
seq-04/frame-000510,1,0.01377,0.5066,2236,1529,1252,0.95,91.28,95.06,15.49,202.77
seq-04/frame-000511,1,0.01869,0.6795,2035,1362,1102,0.92,85.83,88.69,23.32,198.77
seq-04/frame-000512,1,0.02027,0.7905,2012,1183,946,0.90,102.68,100.04,14.73,218.36
seq-04/frame-000513,1,0.00912,0.1844,2012,1234,981,0.92,81.38,99.55,18.41,200.28
seq-04/frame-000514,1,0.01382,0.5805,2310,1506,1224,0.96,81.26,117.36,13.17,212.76
seq-04/frame-000515,1,0.01463,0.6008,2119,1412,1139,0.94,90.99,93.01,20.08,205.03
seq-04/frame-000516,1,0.01276,0.5565,2237,1461,1182,1.33,94.55,116.23,10.46,222.57
seq-04/frame-000517,1,0.01218,0.5239,2630,1676,1334,0.99,105.62,146.32,15.98,268.91
seq-04/frame-000518,1,0.01014,0.5447,2776,1765,1393,1.01,120.62,154.06,19.28,294.98
seq-04/frame-000519,1,0.01129,0.6386,2607,1690,1387,1.01,114.19,151.05,14.84,281.09
seq-04/frame-000520,1,0.00650,0.4258,2804,1793,1431,1.44,104.27,157.79,18.95,282.46
seq-04/frame-000521,1,0.00908,0.4807,2859,1764,1434,1.02,113.31,159.77,20.93,295.03
seq-04/frame-000522,1,0.01185,0.4954,2502,1522,1216,0.99,94.22,138.32,12.77,246.31
seq-04/frame-000523,1,0.00961,0.6934,2582,1744,1392,0.99,98.30,132.36,10.75,242.41
seq-04/frame-000524,1,0.01063,0.7112,2451,1640,1310,1.01,95.56,108.81,20.73,226.12
seq-04/frame-000525,1,0.01260,0.8565,2618,1564,1231,1.03,102.23,129.38,20.14,252.78
seq-04/frame-000526,1,0.00144,0.2096,3013,1752,1412,1.13,107.00,118.86,17.66,244.66
seq-04/frame-000527,1,0.00481,0.2805,3464,2246,1796,1.12,117.84,189.73,25.37,334.06
seq-04/frame-000528,1,0.00963,0.7421,2739,1750,1384,1.06,99.22,132.01,19.24,251.54
seq-04/frame-000529,1,0.00535,0.5276,2816,1741,1391,1.55,121.94,142.32,13.19,279.00
seq-04/frame-000530,1,0.00601,0.5740,3087,1909,1513,1.10,116.01,147.79,18.74,283.64
seq-04/frame-000531,1,0.01528,0.8776,2706,1610,1284,1.03,108.92,119.29,22.63,251.87
seq-04/frame-000532,1,0.02190,0.8320,2407,1408,1065,1.20,134.89,126.89,35.19,298.17
seq-04/frame-000533,1,0.01659,0.7667,2598,1451,1129,1.41,118.23,118.75,25.00,263.39
seq-04/frame-000534,1,0.01194,0.7831,2794,1575,1231,1.04,103.29,150.46,19.67,274.47
seq-04/frame-000535,1,0.01007,0.8240,3226,1854,1454,1.10,107.12,163.05,18.84,290.11
seq-04/frame-000536,1,0.01306,1.0233,3013,1739,1388,1.05,98.83,152.22,15.36,267.46
seq-04/frame-000537,1,0.01831,1.0688,2709,1444,1082,1.01,113.31,123.88,15.31,253.51
seq-04/frame-000538,1,0.01076,0.8456,3522,1981,1487,1.15,135.63,169.93,20.35,327.06
seq-04/frame-000539,1,0.01759,0.4609,3875,2055,1540,1.42,128.94,183.86,25.26,339.48
seq-04/frame-000540,1,0.01552,0.8391,3668,1909,1416,1.15,132.61,180.03,28.44,342.24
seq-04/frame-000541,1,0.01125,0.6807,4000,2207,1711,1.19,137.65,199.52,24.21,362.57
seq-04/frame-000542,1,0.01586,1.2335,3534,1839,1373,1.08,142.76,184.86,17.56,346.27
seq-04/frame-000543,1,0.02095,1.2566,3383,1787,1328,1.09,134.35,154.41,12.39,302.24
seq-04/frame-000544,1,0.01619,0.9740,3691,1885,1415,1.14,123.41,182.06,26.39,333.01
seq-04/frame-000545,1,0.01695,0.9535,3876,1965,1441,1.13,113.50,191.32,22.78,328.73
seq-04/frame-000546,1,0.01716,0.8753,3953,2050,1544,1.13,128.52,204.64,22.80,357.10
seq-04/frame-000547,1,0.01934,1.3436,3785,1870,1371,1.11,141.93,213.43,16.21,372.68
seq-04/frame-000548,1,0.01803,1.2873,3998,1975,1425,1.58,147.16,202.02,22.16,372.92
seq-04/frame-000549,1,0.01347,0.7669,4000,2200,1682,1.26,149.97,212.76,32.86,396.85
seq-04/frame-000550,1,0.01969,1.0674,4000,1950,1453,1.23,163.48,196.87,14.79,376.37
seq-04/frame-000551,1,0.01697,1.0745,4001,2166,1654,1.55,126.07,207.31,20.54,355.47
seq-04/frame-000552,1,0.01682,0.8449,4000,2115,1623,2.24,144.14,196.68,26.99,370.05
seq-04/frame-000553,1,0.01896,1.0470,4000,2086,1530,1.27,126.31,203.06,30.49,361.13
seq-04/frame-000554,1,0.01322,0.8048,4000,2092,1555,1.29,128.08,203.97,21.16,354.50
seq-04/frame-000555,1,0.01919,0.9597,4000,1959,1374,1.23,143.61,208.95,14.72,368.51
seq-04/frame-000556,1,0.01769,1.0312,4000,1966,1435,1.21,128.99,182.32,19.07,331.59
seq-04/frame-000557,1,0.01656,0.9896,4000,1990,1472,1.19,146.27,217.46,20.06,384.98
seq-04/frame-000558,1,0.01858,1.0670,4000,1959,1412,1.20,153.11,190.84,26.73,371.89
seq-04/frame-000559,1,0.01984,0.9831,4002,1853,1351,1.25,158.57,191.61,16.91,368.35
seq-04/frame-000560,1,0.01893,1.1817,4000,1955,1403,1.22,161.75,195.27,24.96,383.20
seq-04/frame-000561,1,0.01747,1.0562,4000,1927,1374,1.13,142.95,222.00,34.52,400.60
seq-04/frame-000562,1,0.02202,1.2843,3609,1740,1230,1.26,154.15,158.11,28.70,342.22
seq-04/frame-000563,1,0.01867,1.0756,4000,2126,1596,1.22,163.64,209.71,36.88,411.45
seq-04/frame-000564,1,0.02200,1.0953,3814,1770,1224,1.13,149.84,188.34,39.05,378.36
seq-04/frame-000565,1,0.02509,1.3230,3782,1898,1342,1.27,139.04,200.97,28.46,369.74
seq-04/frame-000566,1,0.02474,1.2840,4000,2034,1492,1.35,139.30,216.36,32.07,389.09
seq-04/frame-000567,1,0.02737,1.5950,4000,2021,1439,1.24,126.42,216.61,24.57,368.83
seq-04/frame-000568,1,0.02036,0.9557,4000,2083,1506,1.20,166.04,202.51,25.40,395.16
seq-04/frame-000569,1,0.02510,1.3465,4000,2173,1621,1.27,175.13,178.66,15.40,370.46
seq-04/frame-000570,1,0.01655,1.0896,4000,2033,1506,1.31,169.56,206.30,24.32,401.49
seq-04/frame-000571,1,0.01250,0.9717,4001,2079,1529,1.23,177.68,193.16,16.96,389.04
seq-04/frame-000572,1,0.02314,1.0201,4001,2120,1560,2.00,171.15,194.22,22.45,389.82
seq-04/frame-000573,1,0.01438,0.9463,4000,2097,1561,1.21,163.45,177.32,26.22,368.21
seq-04/frame-000574,1,0.01686,0.9378,4000,1968,1390,1.79,172.00,186.18,28.22,388.19
seq-04/frame-000575,1,0.02242,0.9251,4001,1710,1161,2.22,152.47,188.26,23.62,366.57
seq-04/frame-000576,1,0.01233,0.8364,4001,2099,1541,1.97,141.68,177.45,20.48,341.58
seq-04/frame-000577,1,0.01762,1.4042,4000,1969,1407,1.43,120.72,195.03,25.21,342.39
seq-04/frame-000578,1,0.01732,1.0290,4000,1892,1322,1.22,159.44,197.10,21.67,379.43
seq-04/frame-000579,1,0.01694,1.0030,4000,2058,1482,1.16,153.76,199.57,33.98,388.47
seq-04/frame-000580,1,0.01524,0.8756,4000,1994,1381,1.19,147.42,217.19,28.70,394.50
seq-04/frame-000581,1,0.01370,0.7208,4000,2050,1481,1.24,130.61,200.82,22.37,355.04
seq-04/frame-000582,1,0.01042,1.0197,4000,1983,1374,1.20,169.58,187.30,22.60,380.68
seq-04/frame-000583,1,0.02611,1.1354,4000,1855,1278,1.19,160.50,182.84,48.59,393.13
seq-04/frame-000584,1,0.01844,0.9888,4000,1774,1193,1.20,165.99,199.68,36.58,403.46
seq-04/frame-000585,1,0.01346,1.2375,4000,2108,1527,1.21,137.17,201.83,15.82,356.03
seq-04/frame-000586,1,0.01499,1.4927,4000,1968,1370,1.27,153.35,177.09,21.46,353.17
seq-04/frame-000587,1,0.01654,0.8585,4000,1917,1301,1.21,135.30,211.60,26.74,374.85
seq-04/frame-000588,1,0.01817,1.2515,4000,1955,1398,1.27,138.66,189.59,27.23,356.76
seq-04/frame-000589,1,0.02441,1.3034,4001,1935,1321,1.24,133.83,251.29,27.03,413.41
seq-04/frame-000590,1,0.01862,0.9935,4001,1891,1304,1.19,138.35,235.29,33.84,408.67
seq-04/frame-000591,1,0.03112,2.1223,4000,1877,1296,1.31,133.83,207.80,26.67,369.61
seq-04/frame-000592,1,0.03432,2.3658,4000,1778,1207,1.32,135.90,222.09,35.24,394.55
seq-04/frame-000593,1,0.08035,3.6685,4000,1470,887,1.24,159.47,238.64,27.34,426.70
seq-04/frame-000594,1,0.02026,1.5345,4000,1839,1192,1.26,135.92,229.12,32.14,398.45
seq-04/frame-000595,1,0.07565,3.9336,4001,1446,891,1.24,142.92,229.83,37.48,411.47
seq-04/frame-000596,1,0.03226,2.2995,4000,1756,1143,1.34,163.65,229.03,18.14,412.17
seq-04/frame-000597,1,0.02334,1.2730,4002,1796,1166,1.26,158.36,225.07,27.66,412.34
seq-04/frame-000598,1,0.02869,1.5737,4002,1882,1306,1.26,158.67,223.75,15.32,399.00
seq-04/frame-000599,1,0.03242,2.5470,4000,1786,1227,1.42,170.18,197.82,14.98,384.40
seq-04/frame-000600,1,0.03647,2.6794,4000,1716,1196,1.39,168.60,202.89,17.22,390.11
seq-04/frame-000601,1,0.03580,2.6117,4000,1657,1121,1.86,183.09,196.14,16.77,397.87
seq-04/frame-000602,1,0.04688,3.2769,4000,1697,1134,1.32,174.67,215.89,21.45,413.34
seq-04/frame-000603,1,0.03580,2.6037,4001,1725,1145,1.85,168.40,209.54,25.14,404.93
seq-04/frame-000604,1,0.04527,3.4052,4000,1598,1056,2.04,175.41,213.58,22.28,413.31
seq-04/frame-000605,1,0.04500,3.1174,4001,1662,1136,1.98,163.10,211.79,23.08,399.95
seq-04/frame-000606,1,0.04036,3.0922,4000,1505,955,2.03,153.59,214.09,18.99,388.69
seq-04/frame-000607,1,0.04268,3.1951,4000,1433,914,1.32,137.20,183.80,27.29,349.61
seq-04/frame-000608,1,0.04297,3.0749,4001,1308,744,1.18,132.22,213.45,15.55,362.41
seq-04/frame-000609,1,0.04106,3.1392,4000,1457,894,1.21,165.05,211.50,31.29,409.04
seq-04/frame-000610,1,0.02517,2.6951,4000,1499,902,1.21,150.19,197.13,37.19,385.82
seq-04/frame-000611,1,0.04310,2.4748,4000,1194,650,1.30,163.04,210.20,32.22,406.76
seq-04/frame-000612,1,0.04327,3.0335,4000,1357,791,1.30,165.02,237.58,36.40,440.31
seq-04/frame-000613,1,0.04822,3.9564,4000,1286,690,1.27,161.25,224.99,41.20,428.72
seq-04/frame-000614,1,0.08318,5.3290,4001,1128,542,2.00,153.11,251.03,33.40,439.54
seq-04/frame-000615,1,0.13961,8.3072,4001,927,331,1.30,182.60,236.32,47.59,467.82
seq-04/frame-000616,1,0.04208,3.0248,4000,1244,693,3.21,148.77,248.49,24.64,425.11
seq-04/frame-000617,1,0.05540,4.3637,4000,1367,757,1.16,151.51,233.09,34.75,420.51
seq-04/frame-000618,1,0.04736,3.7323,4000,1301,742,1.72,162.57,255.92,30.29,450.50
seq-04/frame-000619,1,0.05345,4.2738,4000,1277,702,1.62,175.67,241.04,23.34,441.67
seq-04/frame-000620,1,0.04525,3.5762,3767,1322,763,1.32,176.94,214.09,22.89,415.24
seq-04/frame-000621,1,0.04887,3.2100,4000,1054,495,3.08,190.27,221.41,27.62,442.39
seq-04/frame-000622,1,0.05436,4.3433,4000,1245,674,3.12,182.39,235.22,19.24,439.98
seq-04/frame-000623,1,0.04694,2.9046,3466,995,483,1.04,166.87,209.80,25.07,402.78
seq-04/frame-000624,1,0.05223,3.2165,4000,1169,607,1.32,182.30,225.40,41.78,450.81
seq-04/frame-000625,1,0.04974,3.0658,3672,1046,514,1.08,169.81,205.11,14.73,390.73
seq-04/frame-000626,1,0.04394,3.4786,3528,1124,601,1.06,155.85,198.81,19.17,374.91
seq-04/frame-000627,1,0.03383,3.4443,3370,1074,607,1.06,148.97,171.06,19.75,340.85
seq-04/frame-000628,1,0.05004,2.9824,3625,1033,491,1.09,167.93,174.23,25.67,368.92
seq-04/frame-000629,1,0.05361,2.9145,3925,1139,552,1.10,146.80,175.70,16.00,339.61
seq-04/frame-000630,1,0.05340,2.9875,4000,1051,488,1.58,176.71,199.75,21.83,399.86
seq-04/frame-000631,1,0.04928,2.3437,4000,1113,561,1.22,163.37,179.16,25.36,369.10
seq-04/frame-000632,1,0.05136,2.5335,4000,1113,558,1.13,156.71,205.37,16.96,380.17
seq-04/frame-000633,1,0.05424,2.5385,4000,1138,583,1.13,139.37,184.86,20.30,345.66
seq-04/frame-000634,1,0.04033,1.6559,4000,1121,591,1.32,152.60,207.38,18.64,379.93
seq-04/frame-000635,1,0.04558,2.1393,4000,1118,544,1.44,136.15,209.21,21.92,368.72
seq-04/frame-000636,1,0.04659,2.3040,4000,1174,621,1.14,138.58,200.22,15.54,355.47
seq-04/frame-000637,1,0.03418,2.8041,4000,1198,625,1.17,127.71,202.76,23.30,354.94
seq-04/frame-000638,1,0.04890,2.2017,4001,1223,642,1.21,124.08,192.27,24.31,341.86
seq-04/frame-000639,1,0.04925,2.2161,4000,1177,639,1.19,139.40,205.03,20.03,365.64
seq-04/frame-000640,1,0.05721,2.2187,4000,1354,757,1.22,147.54,203.18,23.36,375.31
seq-04/frame-000641,1,0.05528,2.3166,4000,1254,657,1.12,125.58,199.55,25.05,351.31
seq-04/frame-000642,1,0.05733,2.5603,3890,1296,710,1.12,155.31,192.47,27.33,376.24
seq-04/frame-000643,1,0.05236,2.2716,3831,1246,695,1.07,152.83,193.11,18.07,365.08
seq-04/frame-000644,1,0.04265,1.7828,4000,1331,794,1.14,171.68,201.19,22.55,396.57
seq-04/frame-000645,1,0.04737,1.9577,4000,1373,786,1.47,158.63,196.15,22.03,378.28
seq-04/frame-000646,1,0.04699,1.9436,4000,1331,772,1.18,153.69,204.55,23.62,383.04
seq-04/frame-000647,1,0.04252,1.7219,4001,1468,932,1.17,171.05,205.98,19.27,397.48
seq-04/frame-000648,1,0.03567,1.4154,4000,1480,936,1.18,159.02,214.65,20.02,394.88
seq-04/frame-000649,1,0.02558,1.2024,4000,1492,919,1.78,156.32,213.82,18.65,390.56
seq-04/frame-000650,1,0.03350,1.3840,4000,1539,996,1.15,178.93,211.98,19.16,411.22
seq-04/frame-000651,1,0.01528,1.1492,4000,1711,1214,1.20,178.66,199.70,13.87,393.43
seq-04/frame-000652,1,0.02250,0.8348,4000,1479,968,1.81,171.28,193.85,22.33,389.27
seq-04/frame-000653,1,0.01858,0.8331,4000,1545,998,1.54,181.42,200.08,17.46,400.51
seq-04/frame-000654,1,0.01715,0.8797,4000,1546,1058,1.37,162.96,217.61,13.29,395.23
seq-04/frame-000655,1,0.01890,0.9515,4000,1517,1099,1.28,161.71,218.04,15.67,396.70
seq-04/frame-000656,1,0.01517,1.2499,4000,1753,1274,2.29,169.86,217.81,18.58,408.54
seq-04/frame-000657,1,0.01119,0.6810,4001,1725,1236,1.17,185.18,200.52,14.85,401.73
seq-04/frame-000658,1,0.01231,1.0437,4000,1644,1157,1.45,154.27,187.77,22.11,365.60
seq-04/frame-000659,1,0.01217,1.0762,4000,1562,1129,2.57,151.10,184.24,15.90,353.80
seq-04/frame-000660,1,0.01168,0.8539,4000,1732,1226,1.45,159.17,178.57,19.04,358.24
seq-04/frame-000661,1,0.01484,1.1165,4000,1790,1291,1.54,155.09,197.76,21.66,376.06
seq-04/frame-000662,1,0.01593,1.2470,4001,1830,1326,2.24,161.45,184.18,26.41,374.29
seq-04/frame-000663,1,0.01534,1.2295,4000,1820,1330,1.39,157.70,188.74,28.09,375.92
seq-04/frame-000664,1,0.01226,0.9152,4000,1740,1194,1.25,153.99,186.18,34.26,375.69
seq-04/frame-000665,1,0.01520,1.1493,4000,1921,1396,1.14,142.05,191.98,21.23,356.40
seq-04/frame-000666,1,0.01606,1.2646,4000,1815,1382,1.26,154.06,180.54,10.90,346.77
seq-04/frame-000667,1,0.01779,1.2609,4001,1927,1422,1.27,152.28,190.54,14.22,358.32
seq-04/frame-000668,1,0.01813,1.2959,4001,1927,1422,1.26,135.56,194.00,18.09,348.90
seq-04/frame-000669,1,0.01488,1.1027,4000,1966,1509,1.17,136.87,167.92,18.92,324.89
seq-04/frame-000670,1,0.01773,1.2445,4000,1967,1490,1.18,125.35,158.52,16.09,301.13
seq-04/frame-000671,1,0.01746,1.2140,4000,2011,1498,1.22,134.08,174.53,17.59,327.42
seq-04/frame-000672,1,0.01612,1.1202,4000,2088,1594,1.25,150.05,198.77,21.81,371.88
seq-04/frame-000673,1,0.01443,0.9742,4000,2079,1617,1.24,138.67,179.91,14.29,334.13
seq-04/frame-000674,1,0.01756,1.1369,4000,2214,1766,1.37,147.40,166.23,18.68,333.68
seq-04/frame-000675,1,0.01853,1.1460,4001,2320,1875,1.34,156.13,191.91,23.87,373.25
seq-04/frame-000676,1,0.01530,1.2352,4000,2113,1617,1.57,146.97,197.73,29.27,375.55
seq-04/frame-000677,1,0.01739,0.9567,4000,2113,1617,1.19,149.57,183.97,26.47,361.20
seq-04/frame-000678,1,0.02021,1.0684,4000,2278,1788,1.16,129.01,207.58,17.16,354.90
seq-04/frame-000679,1,0.01923,1.0065,4000,2373,1936,1.22,126.56,169.34,17.52,314.65
seq-04/frame-000680,1,0.01656,0.8871,3730,1956,1466,1.12,109.70,178.30,21.25,310.38
seq-04/frame-000681,1,0.02654,1.5899,3459,1661,1149,1.07,112.19,166.83,20.33,300.42
seq-04/frame-000682,1,0.02441,1.4166,4000,2312,1897,1.22,150.07,165.26,23.77,340.33
seq-04/frame-000683,1,0.01962,1.1530,4000,2374,1984,1.28,139.71,208.75,31.29,381.03
seq-04/frame-000684,1,0.01185,0.6286,4000,2349,1877,1.19,131.89,202.02,19.49,354.60
seq-04/frame-000685,1,0.02408,0.4547,4000,2349,1877,1.19,146.07,193.21,16.28,356.75
seq-04/frame-000686,1,0.02057,0.8815,3615,1797,1312,1.09,118.52,165.72,19.12,304.46
seq-04/frame-000687,1,0.02154,1.1736,3598,1938,1453,1.10,112.16,164.32,21.41,299.00
seq-04/frame-000688,1,0.01449,0.5878,3842,2187,1710,1.14,122.28,175.93,16.89,316.24
seq-04/frame-000689,1,0.01558,0.6175,3635,1968,1527,1.11,119.89,183.14,12.88,317.04
seq-04/frame-000690,1,0.01782,0.6830,3638,1924,1459,1.10,106.18,162.59,26.57,296.44
seq-04/frame-000691,1,0.01801,0.6988,3638,1924,1459,1.09,108.66,190.42,17.65,317.83
seq-04/frame-000692,1,0.01654,0.6705,3837,2140,1689,1.15,129.09,175.66,19.25,325.15
seq-04/frame-000693,1,0.02106,0.9183,3589,1887,1466,1.12,126.58,161.21,17.53,306.44
seq-04/frame-000694,1,0.02541,1.0801,3527,1647,1173,1.10,122.88,164.69,18.39,307.06
seq-04/frame-000695,1,0.02946,0.9627,3881,1747,1340,1.18,125.68,184.89,17.24,328.99
seq-04/frame-000696,1,0.02958,0.9505,3881,1747,1340,1.19,139.91,178.66,15.17,334.94
seq-04/frame-000697,1,0.01478,0.6303,4000,2279,1856,1.21,140.48,193.84,25.71,361.24
seq-04/frame-000698,1,0.02488,1.1667,3428,1560,1134,1.11,116.11,155.78,19.11,292.11
seq-04/frame-000699,1,0.02453,0.8069,3378,1636,1248,1.52,117.17,152.41,12.78,283.88
seq-04/frame-000700,1,0.02201,0.8773,4000,2135,1738,1.18,120.23,174.25,22.85,318.51
seq-04/frame-000701,1,0.02399,0.8781,3964,2094,1699,1.18,124.32,183.51,27.93,336.95
seq-04/frame-000702,1,0.02839,0.8585,3763,2047,1651,1.16,134.59,199.69,18.88,354.32
seq-04/frame-000703,1,0.03177,1.0581,3743,1925,1452,1.11,135.83,174.38,23.09,334.42
seq-04/frame-000704,1,0.02825,0.9665,3989,2102,1659,1.14,131.86,176.75,20.64,330.40
seq-04/frame-000705,1,0.02129,0.6589,4001,2046,1652,1.20,137.01,171.98,25.59,335.80
seq-04/frame-000706,1,0.03179,1.1160,3669,1833,1442,1.10,148.84,176.66,23.01,349.61
seq-04/frame-000707,1,0.04341,1.4916,3888,2190,1785,1.14,167.73,185.00,17.68,371.55
seq-04/frame-000708,1,0.02923,0.8877,3888,2190,1785,1.15,153.73,175.63,23.35,353.85
seq-04/frame-000709,1,0.02587,0.7017,4000,2207,1800,1.16,118.71,174.61,25.57,320.05
seq-04/frame-000710,1,0.02319,0.9919,4000,2174,1791,1.19,131.70,186.87,17.06,336.81
seq-04/frame-000711,1,0.02725,0.8709,4000,2113,1675,1.10,134.82,173.47,16.01,325.39
seq-04/frame-000712,1,0.02738,1.1045,3207,1367,943,1.01,121.47,134.56,20.25,277.30
seq-04/frame-000713,1,0.02999,0.6274,3639,1930,1483,1.07,122.41,153.27,16.01,292.76
seq-04/frame-000714,1,0.02474,1.0067,4000,2212,1765,1.17,163.76,170.87,17.43,353.24
seq-04/frame-000715,1,0.02442,0.8968,3392,1549,1114,1.35,124.25,162.35,10.66,298.61
seq-04/frame-000716,1,0.02929,0.8686,3462,1706,1235,1.02,117.71,162.95,16.92,298.60
seq-04/frame-000717,1,0.02014,1.0454,3462,1706,1235,1.02,130.02,160.24,11.86,303.14
seq-04/frame-000718,1,0.02411,1.2754,4000,2455,1900,1.06,140.92,176.31,20.54,338.84
seq-04/frame-000719,1,0.02143,1.1235,4000,2403,1928,1.15,131.07,182.84,29.09,344.16
seq-04/frame-000720,1,0.01988,1.1430,4000,2687,2196,1.20,125.54,182.79,24.51,334.04
seq-04/frame-000721,1,0.02119,1.0312,4000,2665,2232,1.24,131.55,179.48,24.34,336.61
seq-04/frame-000722,1,0.02116,0.6958,4000,2568,2161,1.20,128.53,199.53,20.40,349.67
seq-04/frame-000723,1,0.02116,0.6974,4000,2568,2161,1.20,140.49,190.38,18.92,350.98
seq-04/frame-000724,1,0.01997,0.7585,4001,2786,2345,1.15,142.93,202.70,21.74,368.54
seq-04/frame-000725,1,0.01590,0.7184,4000,2796,2391,1.27,147.79,217.17,23.10,389.34
seq-04/frame-000726,1,0.01615,0.5255,4000,2690,2349,1.27,132.30,178.04,13.51,325.13
seq-04/frame-000727,1,0.01614,0.5076,4000,2690,2349,1.25,128.82,198.04,16.24,344.35
seq-04/frame-000728,1,0.01869,0.5218,4000,2666,2323,1.21,120.38,182.71,23.12,327.42
seq-04/frame-000729,1,0.01758,0.5772,4001,2737,2378,1.29,117.27,179.28,23.74,321.58
seq-04/frame-000730,1,0.02448,0.7106,4001,2756,2361,1.29,123.40,205.09,25.92,355.71
seq-04/frame-000731,1,0.01589,0.3713,4001,2756,2361,1.31,110.90,182.71,20.31,315.22
seq-04/frame-000732,1,0.01898,0.4581,4000,2752,2296,1.17,124.57,183.79,23.89,333.41
seq-04/frame-000733,1,0.01549,0.5882,4000,2873,2368,1.16,132.97,175.69,25.96,335.77
seq-04/frame-000734,1,0.01145,0.5062,4000,2724,2320,1.41,141.21,181.57,24.31,348.50
seq-04/frame-000735,1,0.01145,0.4985,4000,2724,2320,1.41,144.98,188.38,22.71,357.49
seq-04/frame-000736,1,0.01708,0.6493,4000,2751,2409,1.34,149.84,185.87,20.83,357.90
seq-04/frame-000737,1,0.02089,0.7463,4000,2725,2367,1.28,127.12,176.62,25.32,330.35
seq-04/frame-000738,1,0.01357,0.6395,4001,2833,2418,1.44,137.46,190.07,29.76,358.74
seq-04/frame-000739,1,0.00902,0.5047,4000,2846,2375,1.41,125.47,167.06,25.72,319.67
seq-04/frame-000740,1,0.00923,0.5135,4000,2846,2375,1.41,128.49,178.07,21.95,329.93
seq-04/frame-000741,1,0.01279,0.5636,4000,2658,2315,1.35,131.17,180.68,24.08,337.28
seq-04/frame-000742,1,0.01186,0.6293,4001,2637,2256,1.29,139.95,186.82,22.57,350.63
seq-04/frame-000743,1,0.01278,0.6315,4000,2762,2383,1.34,117.51,160.89,22.34,302.08
seq-04/frame-000744,1,0.01825,0.8586,4000,2762,2383,1.34,136.97,188.69,20.07,347.07
seq-04/frame-000745,1,0.01127,0.5000,4001,2856,2457,1.36,136.98,188.62,16.12,343.08
seq-04/frame-000746,1,0.01356,0.5036,4001,2966,2664,1.34,134.73,204.47,19.69,360.22
seq-04/frame-000747,1,0.01322,0.5280,4000,2972,2655,1.38,139.84,200.01,21.40,362.63
seq-04/frame-000748,1,0.01872,0.8072,4000,2811,2468,1.33,139.29,183.04,22.63,346.29
seq-04/frame-000749,1,0.01473,0.5769,4000,2811,2468,1.32,137.45,176.12,17.46,332.36
seq-04/frame-000750,1,0.01167,0.5505,4000,2675,2313,1.28,140.63,202.29,17.63,361.85
seq-04/frame-000751,1,0.02662,0.8127,4001,2775,2375,1.27,130.22,186.87,26.11,344.47
seq-04/frame-000752,1,0.03366,1.0382,4000,2640,2323,1.26,125.30,198.95,20.02,345.54
seq-04/frame-000753,1,0.00643,0.2668,4000,2898,2512,1.35,120.14,190.04,25.85,337.38
seq-04/frame-000754,1,0.01108,0.3105,4000,2960,2606,1.32,136.30,176.89,19.03,333.54
seq-04/frame-000755,1,0.01115,0.3116,4000,2960,2606,1.32,143.03,184.44,18.35,347.14
seq-04/frame-000756,1,0.01399,0.4120,4000,2869,2455,1.33,139.26,179.26,18.20,338.06
seq-04/frame-000757,1,0.01343,0.3555,4000,2813,2402,1.40,135.07,175.89,17.04,329.41
seq-04/frame-000758,1,0.01017,0.1422,4000,2722,2348,1.41,128.54,185.09,23.77,338.81
seq-04/frame-000759,1,0.01417,0.1494,4001,2696,2336,1.43,129.45,185.54,28.60,345.02
seq-04/frame-000760,1,0.01476,0.3134,4000,2631,2254,1.43,141.65,176.10,15.84,335.02
seq-04/frame-000761,1,0.01555,0.3611,4000,2605,2208,1.47,134.99,189.10,27.04,352.60
seq-04/frame-000762,1,0.01422,0.2894,4000,2622,2275,1.50,133.24,179.43,13.97,328.14
seq-04/frame-000763,1,0.01157,0.3594,4000,2753,2450,1.37,123.61,192.67,24.02,341.66
seq-04/frame-000764,1,0.01339,0.3978,4001,2920,2565,1.25,154.51,192.14,15.67,363.58
seq-04/frame-000765,1,0.01717,0.4485,4000,2887,2565,1.24,168.54,175.69,16.26,361.73
seq-04/frame-000766,1,0.01348,0.3213,4001,2992,2621,1.23,138.79,196.62,20.81,357.47
seq-04/frame-000767,1,0.01205,0.2364,4000,2908,2547,1.19,141.59,174.05,23.33,340.18
seq-04/frame-000768,1,0.01336,0.3194,4000,2903,2569,1.23,145.68,173.62,18.79,339.32
seq-04/frame-000769,1,0.01459,0.3628,4000,2799,2449,1.28,137.60,180.44,15.14,334.46
seq-04/frame-000770,1,0.01533,0.3282,4000,2576,2222,1.33,135.94,181.76,25.02,344.05
seq-04/frame-000771,1,0.01253,0.3137,4000,2696,2332,1.32,135.10,196.38,21.72,354.53
seq-04/frame-000772,1,0.01710,0.4498,4000,2584,2281,1.42,120.90,205.65,27.16,355.13
seq-04/frame-000773,1,0.01866,0.5855,4000,2536,2188,1.39,127.20,169.80,21.35,319.75
seq-04/frame-000774,1,0.02272,0.6942,4000,2437,2087,1.29,139.29,173.89,14.39,328.86
seq-04/frame-000775,1,0.02763,0.8386,4000,2345,2004,1.31,149.52,181.33,15.12,347.29
seq-04/frame-000776,1,0.02023,0.6494,4001,2464,2184,1.32,136.61,189.89,16.89,344.72
seq-04/frame-000777,1,0.01480,0.4750,4001,2718,2389,1.29,143.32,179.35,28.28,352.24
seq-04/frame-000778,1,0.01766,0.5699,4000,2696,2358,1.20,148.55,184.20,21.26,355.22
seq-04/frame-000779,1,0.01897,0.5958,4000,2707,2422,1.66,152.51,183.32,23.82,361.31
seq-04/frame-000780,1,0.02211,0.6951,4000,2637,2315,1.33,150.52,175.23,15.88,342.97
seq-04/frame-000781,1,0.02508,0.8247,4000,2588,2245,1.22,117.00,183.13,17.82,319.18
seq-04/frame-000782,1,0.02606,0.8273,4000,2626,2270,1.18,140.26,192.53,20.05,354.02
seq-04/frame-000783,1,0.02614,0.8207,3980,2564,2208,1.57,132.20,182.15,18.09,334.02
seq-04/frame-000784,1,0.02632,0.8262,4000,2574,2262,1.19,123.28,175.37,22.13,321.98
seq-04/frame-000785,1,0.01929,0.5927,4001,2752,2465,1.17,147.33,176.42,19.14,344.07
seq-04/frame-000786,1,0.02461,0.6800,3852,2775,2425,1.54,150.50,181.52,21.78,355.34
seq-04/frame-000787,1,0.01988,0.5751,4000,2661,2355,1.18,138.11,192.30,18.64,350.23
seq-04/frame-000788,1,0.02187,0.6147,3897,2668,2346,1.14,138.23,188.61,25.07,353.06
seq-04/frame-000789,1,0.01471,0.4127,3959,2879,2581,1.17,131.80,180.42,22.39,335.78
seq-04/frame-000790,1,0.01842,0.5399,3935,2640,2327,1.16,132.09,168.78,28.63,330.67
seq-04/frame-000791,1,0.01199,0.3102,4000,2958,2662,1.23,127.65,188.69,24.88,342.45
seq-04/frame-000792,1,0.01330,0.3267,4000,2976,2684,1.18,141.16,177.52,15.23,335.10
seq-04/frame-000793,1,0.01556,0.4249,3850,2899,2647,1.15,115.53,182.98,16.83,316.49
seq-04/frame-000794,1,0.01233,0.3664,4001,3060,2812,1.27,138.06,179.79,21.51,340.63
seq-04/frame-000795,1,0.01197,0.3281,4001,3055,2775,1.21,138.44,185.28,22.39,347.31
seq-04/frame-000796,1,0.02236,0.5713,3741,2784,2474,1.54,133.80,202.72,16.51,354.57
seq-04/frame-000797,1,0.02739,0.7481,3505,2738,2479,1.05,124.30,167.38,18.17,310.90
seq-04/frame-000798,1,0.02343,0.5983,3351,2535,2266,1.01,108.88,158.50,21.37,289.77
seq-04/frame-000799,1,0.03189,0.8016,2990,2263,2011,0.95,113.19,135.63,16.07,265.85
seq-04/frame-000800,1,0.04175,1.0588,2762,1993,1676,0.91,100.48,117.57,17.67,236.63
seq-04/frame-000801,1,0.04038,1.0370,2771,2134,1909,0.93,97.46,120.28,17.74,236.40
seq-04/frame-000802,1,0.03776,0.9974,2642,1982,1737,0.92,95.86,135.60,16.17,248.56
seq-04/frame-000803,1,0.02442,0.6154,3143,2493,2273,0.99,104.22,151.90,19.79,276.90
seq-04/frame-000804,1,0.02533,0.7066,3246,2728,2538,1.05,122.91,153.79,17.81,295.57
seq-04/frame-000805,1,0.02479,0.7335,3232,2707,2532,1.04,112.82,129.59,16.73,260.18
seq-04/frame-000806,1,0.03414,0.9808,3397,2926,2758,1.01,131.80,148.33,16.36,297.51
seq-04/frame-000807,1,0.01543,0.2162,3325,2785,2594,1.09,139.09,149.98,23.05,313.21
seq-04/frame-000808,1,0.02535,0.8249,3348,2776,2595,1.07,137.80,143.85,20.97,303.70
seq-04/frame-000809,1,0.02824,0.8994,3203,2688,2514,1.05,111.82,160.94,34.31,308.12
seq-04/frame-000810,1,0.02492,0.8302,3325,2763,2571,1.06,132.75,152.19,20.77,306.78
seq-04/frame-000811,1,0.02555,0.8568,3276,2756,2565,1.09,115.86,131.92,14.57,263.43
seq-04/frame-000812,1,0.02792,0.9291,3045,2558,2377,1.10,108.60,131.40,17.67,258.78
seq-04/frame-000813,1,0.02878,0.9533,3210,2706,2523,1.90,118.97,134.35,16.90,272.12
seq-04/frame-000814,1,0.02773,0.9216,3199,2635,2461,1.04,105.93,148.94,18.66,274.58
seq-04/frame-000815,1,0.02373,0.7997,3024,2472,2297,1.13,115.87,130.53,14.21,261.75
seq-04/frame-000816,1,0.02124,0.7219,2991,2464,2301,1.14,114.76,148.24,18.60,282.74
seq-04/frame-000817,1,0.02725,0.9778,3080,2513,2337,1.13,116.52,153.22,19.02,289.89
seq-04/frame-000818,1,0.03007,0.8446,2744,2318,2116,0.93,115.49,125.41,17.29,259.13
seq-04/frame-000819,1,0.02535,0.6955,2645,2235,2070,1.26,100.45,122.69,22.38,246.78
seq-04/frame-000820,1,0.02141,0.7222,3113,2596,2408,0.99,125.98,147.85,17.87,292.69
seq-04/frame-000821,1,0.02404,0.7868,3121,2608,2419,1.00,122.87,168.92,22.05,314.85
seq-04/frame-000822,1,0.02134,0.6788,2959,2518,2348,1.00,115.68,143.20,14.91,274.80
seq-04/frame-000823,1,0.02142,0.7213,3109,2674,2493,1.02,112.08,151.00,26.34,290.44
seq-04/frame-000824,1,0.02022,0.6958,3017,2538,2358,1.03,96.63,135.72,21.18,254.56
seq-04/frame-000825,1,0.02458,0.8902,2913,2487,2282,0.95,106.91,130.56,24.46,262.89
seq-04/frame-000826,1,0.02885,1.0288,2238,1771,1567,0.88,87.81,108.09,20.80,217.58
seq-04/frame-000827,1,0.02422,0.7165,2470,2071,1914,0.91,89.29,108.56,21.15,219.91
seq-04/frame-000828,1,0.02257,0.6908,2850,2379,2220,0.97,101.58,124.24,19.24,246.03
seq-04/frame-000829,1,0.02406,0.8013,2735,2270,2095,1.04,109.77,130.08,18.54,259.43
seq-04/frame-000830,1,0.02580,0.8841,2708,2263,2075,1.05,106.39,139.71,20.15,267.30
seq-04/frame-000831,1,0.02411,0.8340,2686,2190,2008,1.43,103.92,122.71,15.21,243.27
seq-04/frame-000832,1,0.02046,0.7554,2952,2376,2190,1.02,99.11,126.86,16.40,243.40
seq-04/frame-000833,1,0.02555,0.9146,2746,2295,2119,1.03,98.95,110.71,13.37,224.07
seq-04/frame-000834,1,0.02614,0.8369,2641,2169,2007,1.05,115.35,129.15,21.04,266.59
seq-04/frame-000835,1,0.02898,0.9821,2547,2058,1910,1.00,108.21,127.15,19.72,256.10
seq-04/frame-000836,1,0.02705,0.9720,2556,2120,1950,1.04,93.20,113.94,18.28,226.46
seq-04/frame-000837,1,0.02414,0.8298,2660,2186,2009,1.06,96.50,110.51,14.32,222.40
seq-04/frame-000838,1,0.02459,0.9103,2714,2264,2086,0.97,99.05,126.88,17.74,244.64
seq-04/frame-000839,1,0.02855,1.0157,2743,2248,2080,1.01,113.34,125.60,16.44,256.39
seq-04/frame-000840,1,0.02919,1.0052,2721,2298,2120,1.02,103.12,117.14,17.05,238.33
seq-04/frame-000841,1,0.02544,0.9872,2621,2199,2030,1.04,94.42,125.26,12.94,233.66
seq-04/frame-000842,1,0.02624,0.9131,2976,2484,2302,1.01,114.38,138.33,14.03,267.76
seq-04/frame-000843,1,0.02568,0.8635,2821,2381,2208,1.01,98.62,132.82,14.64,247.10
seq-04/frame-000844,1,0.02525,0.9150,2819,2355,2186,1.06,105.66,117.82,13.53,238.07
seq-04/frame-000845,1,0.02502,0.8637,2784,2325,2135,1.05,110.51,120.70,16.54,248.81
seq-04/frame-000846,1,0.02931,0.9756,2964,2454,2273,1.02,102.64,136.52,14.23,254.41
seq-04/frame-000847,1,0.03214,1.0227,2912,2407,2228,0.97,137.01,126.19,17.26,281.44
seq-04/frame-000848,1,0.02509,0.8852,2699,2260,2089,1.07,110.31,137.72,29.43,278.54
seq-04/frame-000849,1,0.02413,0.9670,2723,2249,2099,1.15,106.78,138.49,23.15,269.57
seq-04/frame-000850,1,0.02896,0.9923,2759,2321,2166,0.96,108.18,113.21,22.10,244.45
seq-04/frame-000851,1,0.03291,1.1022,2592,2205,2044,0.94,107.51,128.44,23.32,260.21
seq-04/frame-000852,1,0.02965,1.0899,2876,2426,2264,0.99,109.14,140.22,20.63,270.99
seq-04/frame-000853,1,0.02746,1.0194,2859,2403,2246,1.00,96.63,157.38,18.53,273.54
seq-04/frame-000854,1,0.03022,1.1221,2794,2245,2095,0.94,100.73,110.97,16.07,228.70
seq-04/frame-000855,1,0.02729,1.0142,2811,2336,2185,1.00,112.08,122.98,17.30,253.37
seq-04/frame-000856,1,0.02504,0.9976,2921,2451,2287,1.05,98.43,147.93,21.73,269.14
seq-04/frame-000857,1,0.02675,1.0598,2881,2407,2226,1.06,118.13,136.20,12.97,268.36
seq-04/frame-000858,1,0.03045,1.1437,2906,2413,2248,1.54,98.11,135.36,16.65,251.67
seq-04/frame-000859,1,0.02320,1.0052,2784,2200,2033,1.08,104.75,124.20,22.98,253.01
seq-04/frame-000860,1,0.02471,1.0768,2802,2356,2189,1.00,98.10,138.46,13.76,251.32
seq-04/frame-000861,1,0.02215,0.9648,2873,2389,2210,0.99,110.25,128.55,20.05,259.84
seq-04/frame-000862,1,0.02012,0.9110,3044,2512,2369,1.03,113.96,140.19,22.40,277.58
seq-04/frame-000863,1,0.02209,0.9574,3011,2422,2284,1.05,94.46,159.86,20.68,276.05
seq-04/frame-000864,1,0.01993,0.8857,2983,2447,2276,1.04,103.73,135.52,20.97,261.26
seq-04/frame-000865,1,0.02031,0.8903,2947,2370,2218,1.05,94.78,148.89,16.17,260.88
seq-04/frame-000866,1,0.02220,0.9073,2887,2421,2259,1.11,94.01,131.47,14.11,240.70
seq-04/frame-000867,1,0.02058,0.8315,3010,2569,2408,1.01,118.09,150.94,19.68,289.72
seq-04/frame-000868,1,0.01617,0.7913,2760,2274,2140,0.97,94.93,135.05,15.13,246.09
seq-04/frame-000869,1,0.01516,0.7229,2928,2408,2250,0.99,109.49,134.63,12.86,257.98
seq-04/frame-000870,1,0.01629,0.7229,3031,2561,2410,1.07,103.84,146.81,15.47,267.20
seq-04/frame-000871,1,0.01766,0.7545,2986,2404,2259,1.08,105.64,145.82,24.82,277.36
seq-04/frame-000872,1,0.02406,1.1025,3013,2494,2320,1.13,97.11,148.40,18.57,265.21
seq-04/frame-000873,1,0.01738,0.7112,3013,2494,2320,1.12,103.74,132.83,18.87,256.56
seq-04/frame-000874,1,0.01594,0.6677,3037,2441,2300,1.14,113.31,146.50,20.81,281.77
seq-04/frame-000875,1,0.01771,0.7096,3180,2687,2527,1.08,112.86,192.10,23.87,329.92
seq-04/frame-000876,1,0.02255,0.7814,3256,2692,2526,1.03,112.52,182.92,25.50,321.98
seq-04/frame-000877,1,0.01729,0.6633,3174,2685,2535,2.31,123.60,188.24,17.51,331.67
seq-04/frame-000878,1,0.01442,0.6205,3021,2414,2285,1.12,122.82,171.30,17.88,313.13
seq-04/frame-000879,1,0.01472,0.6373,3096,2513,2356,1.07,112.32,189.27,14.79,317.45
seq-04/frame-000880,1,0.01208,0.5700,3013,2523,2399,1.05,115.52,190.23,18.33,325.14
seq-04/frame-000881,1,0.01000,0.5017,3176,2627,2482,1.06,156.67,182.02,26.11,365.86
seq-04/frame-000882,1,0.00966,0.5012,2974,2489,2354,1.05,145.24,161.84,17.63,325.76
seq-04/frame-000883,1,0.00972,0.4232,3031,2456,2297,1.14,136.53,171.93,23.41,333.02
seq-04/frame-000884,1,0.01121,0.4063,3245,2531,2397,1.08,177.34,164.75,11.41,354.59
seq-04/frame-000885,1,0.01143,0.4056,3245,2531,2397,1.08,143.02,147.09,15.56,306.75
seq-04/frame-000886,1,0.00916,0.2289,2735,1945,1709,0.96,114.72,125.25,17.09,258.02
seq-04/frame-000887,1,0.00927,0.2689,2815,2082,1897,0.96,107.89,131.95,10.96,251.76
seq-04/frame-000888,1,0.00776,0.3059,3594,2764,2594,1.09,124.41,170.28,21.16,316.94
seq-04/frame-000889,1,0.00756,0.3067,3507,2736,2559,1.12,138.24,167.51,14.46,321.32
seq-04/frame-000890,1,0.00891,0.3528,3529,2730,2566,1.12,126.35,157.46,19.84,304.78
seq-04/frame-000891,1,0.00796,0.1775,3421,2475,2264,1.04,126.36,173.16,14.82,315.38
seq-04/frame-000892,1,0.00550,0.0658,3072,2172,1934,0.97,123.60,146.28,13.66,284.52
seq-04/frame-000893,1,0.00391,0.0253,3547,2650,2438,1.05,140.34,156.96,21.31,319.66
seq-04/frame-000894,1,0.00599,0.2500,3522,2680,2501,1.11,114.93,164.00,15.45,295.49
seq-04/frame-000895,1,0.00594,0.2154,3708,2835,2620,1.12,131.45,186.04,14.86,333.47
seq-04/frame-000896,1,0.00679,0.1442,3190,1987,1716,0.99,112.21,147.02,10.86,271.09
seq-04/frame-000897,1,0.00802,0.1636,3636,2870,2681,1.04,128.04,175.59,29.33,334.01
seq-04/frame-000898,1,0.00823,0.1798,3636,2870,2681,1.06,122.65,175.06,21.66,320.43
seq-04/frame-000899,1,0.00773,0.2389,3790,2868,2660,1.23,128.68,207.33,13.00,350.24
seq-04/frame-000900,1,0.00600,0.1917,3945,2966,2738,1.13,112.38,166.94,14.76,295.21
seq-04/frame-000901,1,0.00904,0.1959,3701,2815,2574,1.08,139.90,176.24,20.22,337.44
seq-04/frame-000902,1,0.00854,0.2370,3809,2839,2610,1.20,122.79,171.64,14.99,310.63
seq-04/frame-000903,1,0.01374,0.3953,3793,2742,2526,1.10,124.54,181.21,19.42,326.27
seq-04/frame-000904,1,0.01153,0.2784,3534,2409,2112,1.04,111.46,158.21,16.09,286.80
seq-04/frame-000905,1,0.00954,0.1982,3373,2391,2138,1.02,114.00,152.13,17.11,284.26
seq-04/frame-000906,1,0.01109,0.7596,3787,2952,2730,1.53,120.95,185.71,18.61,326.80
seq-04/frame-000907,1,0.01203,0.4299,3787,2952,2730,1.19,117.61,176.39,16.70,311.90
seq-04/frame-000908,1,0.00942,0.2858,3565,2643,2422,1.18,115.40,180.09,25.29,321.96
seq-04/frame-000909,1,0.00915,0.3164,3066,2053,1819,1.03,111.63,142.91,24.18,279.77
seq-04/frame-000910,1,0.01150,0.3503,3481,2554,2304,1.05,121.62,156.97,15.52,295.16
seq-04/frame-000911,1,0.01145,0.3457,3743,2734,2494,1.05,132.00,161.55,29.58,324.20
seq-04/frame-000912,1,0.00925,0.3122,3307,2404,2165,1.02,123.84,160.17,21.65,306.68
seq-04/frame-000913,1,0.00704,0.2590,3137,2204,1969,1.03,131.18,145.19,15.58,292.97
seq-04/frame-000914,1,0.01010,0.2966,4000,2895,2630,1.09,137.04,203.26,23.30,364.71
seq-04/frame-000915,1,0.01075,0.3274,4000,2895,2630,1.05,127.69,188.08,18.88,335.71
seq-04/frame-000916,1,0.01148,0.3410,4000,2789,2521,1.23,120.60,189.07,16.65,327.56
seq-04/frame-000917,1,0.01004,0.3268,4000,2850,2598,1.20,121.11,195.01,19.67,336.99
seq-04/frame-000918,1,0.01000,0.3456,4000,2819,2563,1.24,128.17,199.74,18.76,347.92
seq-04/frame-000919,1,0.01198,0.3810,4000,2798,2529,1.25,119.49,199.23,18.11,338.08
seq-04/frame-000920,1,0.00894,0.2573,3918,2725,2419,1.14,121.96,188.89,19.59,331.58
seq-04/frame-000921,1,0.00884,0.3703,3192,1756,1455,0.96,110.99,128.86,18.54,259.36
seq-04/frame-000922,1,0.01527,0.5183,3776,2352,2035,1.03,120.11,162.46,20.81,304.41
seq-04/frame-000923,1,0.01215,0.3270,4000,2731,2455,1.10,135.06,174.77,13.05,323.99
seq-04/frame-000924,1,0.01210,0.3201,4000,2731,2455,1.10,138.22,177.73,15.48,332.53
seq-04/frame-000925,1,0.01291,0.3550,3262,1847,1562,1.00,105.03,144.44,16.02,266.50
seq-04/frame-000926,1,0.01473,0.5014,4000,2525,2197,1.08,135.29,181.97,16.36,334.72
seq-04/frame-000927,1,0.02039,0.6557,3698,2286,1946,1.06,123.96,180.28,14.59,319.89
seq-04/frame-000928,1,0.01866,0.6337,4000,2525,2203,1.15,141.26,175.39,24.76,342.57
seq-04/frame-000929,1,0.01461,0.5328,4000,2451,2150,1.12,160.56,178.40,19.83,359.91
seq-04/frame-000930,1,0.01507,0.4714,3592,1955,1551,1.02,118.55,164.48,13.60,297.66
seq-04/frame-000931,1,0.01498,0.4542,3592,1955,1551,1.02,134.01,167.24,15.94,318.22
seq-04/frame-000932,1,0.01378,0.3925,4001,2477,2182,1.14,130.29,214.69,19.84,365.96
seq-04/frame-000933,1,0.01202,0.3639,3430,1767,1427,1.01,126.84,163.01,12.73,303.59
seq-04/frame-000934,1,0.01971,0.6570,4000,2360,2008,1.07,133.84,185.00,16.48,336.40
seq-04/frame-000935,1,0.01797,0.5651,4000,2253,1909,1.05,120.17,206.99,15.27,343.49
seq-04/frame-000936,1,0.01537,0.5730,4001,2131,1701,1.08,124.98,165.02,12.41,303.49
seq-04/frame-000937,1,0.01859,0.7361,4000,2331,1982,1.08,149.80,189.98,14.33,355.19
seq-04/frame-000938,1,0.02087,0.6561,4000,2248,1866,1.09,124.94,183.20,13.66,322.89
seq-04/frame-000939,1,0.00869,0.3074,4000,2357,2005,1.12,135.84,188.30,29.13,354.40
seq-04/frame-000940,1,0.01143,0.4307,4000,2294,1954,1.14,131.52,225.92,21.26,379.84
seq-04/frame-000941,1,0.01139,0.4287,4000,2294,1954,1.13,123.05,191.25,20.75,336.18
seq-04/frame-000942,1,0.01980,0.6962,4000,2286,1931,1.22,137.72,209.44,19.22,367.60
seq-04/frame-000943,1,0.01021,0.4284,4000,2156,1807,1.13,122.76,194.37,13.12,331.38
seq-04/frame-000944,1,0.02341,0.7748,4000,2230,1823,1.15,130.12,184.63,18.28,334.19
seq-04/frame-000945,1,0.01899,0.6207,4000,2176,1814,1.26,132.63,204.08,19.36,357.33
seq-04/frame-000946,1,0.01263,0.5308,3676,2117,1731,1.09,117.94,187.04,19.48,325.56
seq-04/frame-000947,1,0.01529,0.5894,4000,2250,1871,1.18,148.57,186.71,14.72,351.19
seq-04/frame-000948,1,0.02367,0.7797,4000,2291,1918,1.27,138.99,194.24,18.21,352.71
seq-04/frame-000949,1,0.02475,0.7984,4000,2165,1803,1.28,142.41,185.05,17.85,346.60
seq-04/frame-000950,1,0.01925,0.7295,4000,2137,1711,1.12,138.18,183.00,13.21,335.52
seq-04/frame-000951,1,0.01736,0.6995,4000,2120,1694,1.14,152.20,180.10,19.74,353.19
seq-04/frame-000952,1,0.02098,0.6930,4000,2213,1813,1.43,146.75,191.99,32.52,372.69
seq-04/frame-000953,1,0.02729,0.8339,4000,2275,1902,1.21,137.50,183.74,17.55,340.00
seq-04/frame-000954,1,0.02576,0.9448,4000,2290,1887,1.23,118.48,194.26,17.05,331.02
seq-04/frame-000955,1,0.01281,0.6481,4000,1866,1449,1.11,130.37,187.41,21.06,339.95
seq-04/frame-000956,1,0.04743,1.3737,4001,2177,1741,1.12,133.54,187.55,25.46,347.67
seq-04/frame-000957,1,0.03699,1.1583,4000,2150,1739,1.18,129.99,178.26,23.71,333.15
seq-04/frame-000958,1,0.04672,1.4544,4000,2048,1668,1.22,126.63,194.93,28.34,351.13
seq-04/frame-000959,1,0.03349,1.2285,4000,2172,1702,1.26,151.37,169.02,23.31,344.96
seq-04/frame-000960,1,0.03466,1.1006,4000,1920,1495,1.27,127.88,176.43,26.45,332.03
seq-04/frame-000961,1,0.05127,1.3998,4000,1878,1471,1.17,132.77,199.92,30.07,363.93
seq-04/frame-000962,1,0.02909,1.1764,4000,2042,1574,1.34,133.51,198.18,20.39,353.43
seq-04/frame-000963,1,0.03194,1.1680,4000,2022,1611,1.30,124.83,184.94,22.95,334.02
seq-04/frame-000964,1,0.03642,1.4804,4000,2123,1658,1.25,136.30,170.69,19.91,328.15
seq-04/frame-000965,1,0.04797,1.5190,4000,2155,1783,1.25,125.30,194.60,23.10,344.26
seq-04/frame-000966,1,0.03595,1.2746,4000,1913,1527,1.23,125.37,162.25,22.56,311.41
seq-04/frame-000967,1,0.04926,1.4199,4001,2009,1613,1.31,129.74,183.30,16.22,330.58
seq-04/frame-000968,1,0.04045,1.3077,4001,1828,1393,1.12,127.33,180.37,20.73,329.56
seq-04/frame-000969,1,0.03602,1.4980,3422,1554,1084,1.00,121.16,174.19,24.90,321.25
seq-04/frame-000970,1,0.03701,1.4141,4000,1899,1451,1.12,132.72,187.41,27.88,349.13
seq-04/frame-000971,1,0.03195,1.3455,4000,2097,1638,1.16,138.74,224.33,26.08,390.32
seq-04/frame-000972,1,0.04663,1.6735,4000,1936,1488,2.48,130.50,202.81,22.12,357.91
seq-04/frame-000973,1,0.04978,1.6771,4000,2215,1774,1.22,148.39,222.13,36.57,408.31
seq-04/frame-000974,1,0.03523,1.3754,4000,1888,1380,1.08,140.17,230.70,26.70,398.65
seq-04/frame-000975,1,0.02753,1.2530,3985,2350,1829,1.09,111.36,205.44,40.64,358.54
seq-04/frame-000976,1,0.07178,2.2424,4000,1966,1502,1.15,130.91,216.72,38.71,387.49
seq-04/frame-000977,1,0.05445,1.6094,4000,2024,1594,1.17,140.95,198.69,24.29,365.11
seq-04/frame-000978,1,0.03228,1.2868,4000,2228,1683,1.17,147.02,195.20,20.45,363.85
seq-04/frame-000979,1,0.04854,1.8334,4000,2103,1660,1.11,156.21,195.86,30.18,383.36
seq-04/frame-000980,1,0.05161,1.5952,4000,1936,1496,2.41,146.75,183.99,24.14,357.29
seq-04/frame-000981,1,0.05573,1.6271,4000,2045,1599,1.19,153.28,204.19,23.45,382.12
seq-04/frame-000982,1,0.05628,1.6958,4000,1565,1042,1.17,147.01,226.25,12.94,387.37
seq-04/frame-000983,1,0.05129,1.6614,4001,1921,1505,1.20,156.73,202.49,16.67,377.10
seq-04/frame-000984,1,0.05261,1.5868,4000,1929,1463,1.33,144.51,251.64,22.22,419.71
seq-04/frame-000985,1,0.04095,1.5484,4000,2033,1577,1.16,151.00,213.29,22.13,387.58
seq-04/frame-000986,1,0.03716,1.4937,4000,2073,1611,1.12,140.14,215.63,26.01,382.91
seq-04/frame-000987,1,0.04867,1.7465,4000,2125,1699,2.14,123.41,241.39,25.98,392.93
seq-04/frame-000988,1,0.04690,1.6812,4000,1508,1043,1.38,124.88,222.30,21.41,369.97
seq-04/frame-000989,1,0.05525,1.5942,4000,1886,1370,1.11,116.92,226.56,32.70,377.29
seq-04/frame-000990,1,0.03367,1.3686,2935,1259,864,0.98,106.31,153.29,27.16,287.75
seq-04/frame-000991,1,0.03657,1.5515,3652,2106,1658,1.12,111.02,176.84,25.57,314.55
seq-04/frame-000992,1,0.04331,1.5855,3555,1566,1159,1.01,124.29,191.29,19.97,336.57
seq-04/frame-000993,1,0.03866,1.5775,3538,1537,1132,1.02,111.34,190.75,25.40,328.52
seq-04/frame-000994,1,0.05980,2.0006,3298,1619,1254,1.01,110.92,159.66,23.79,295.39
seq-04/frame-000995,1,0.08853,2.6998,3621,1863,1401,1.07,113.73,176.33,17.24,308.38
seq-04/frame-000996,1,0.03819,1.4956,3213,1990,1580,1.09,115.79,152.25,23.00,292.13
seq-04/frame-000997,1,0.03883,1.5314,3176,1936,1544,1.43,117.57,124.52,13.56,257.08
seq-04/frame-000998,1,0.05599,2.0726,3412,1762,1354,1.03,128.98,127.23,15.06,272.30
seq-04/frame-000999,1,0.04176,1.5975,3222,1956,1540,1.08,126.07,113.71,18.62,259.48
