frame,ok,trans_err_m,rot_err_deg,keypoints,matches,inliers,ms_decode,ms_extract,ms_match,ms_pose,ms_total,qw,qx,qy,qz,tx,ty,tz
seq-01/frame-000000,1,0.00706476,0.572921,1604,1107,875,1.38,132.42,118.14,9.72,261.66,0.975239186,-0.127194563,-0.180351274,0.014265046,-0.1549020,-0.1308714,0.1760771
seq-01/frame-000001,1,0.00738228,0.756848,1566,1074,852,0.95,132.33,92.90,16.20,242.38,0.974888722,-0.129865396,-0.180312667,0.014639026,-0.1555027,-0.1337194,0.1774753
seq-01/frame-000002,1,0.00778156,0.627990,1520,1111,897,2.13,183.94,101.43,13.88,301.38,0.974987604,-0.129152185,-0.180034424,0.017506883,-0.1567147,-0.1288653,0.1776578
seq-01/frame-000003,1,0.00767885,0.586281,1455,1114,893,1.03,119.28,106.18,12.09,238.57,0.974537366,-0.130929785,-0.181126605,0.018096020,-0.1572579,-0.1286402,0.1776059
seq-01/frame-000004,1,0.00973921,0.708067,1470,1070,866,0.93,135.74,100.57,18.70,255.94,0.974636398,-0.132211084,-0.179742910,0.017222309,-0.1610930,-0.1277243,0.1780128
seq-01/frame-000005,1,0.00866972,0.624116,1497,1099,883,0.97,155.91,85.19,17.61,259.68,0.974566208,-0.133575031,-0.179069265,0.017680922,-0.1618792,-0.1266346,0.1807575
seq-01/frame-000006,1,0.00684976,0.579859,1530,1090,874,1.29,146.52,119.76,9.39,276.96,0.974441112,-0.136056917,-0.177794393,0.018498309,-0.1644089,-0.1275311,0.1842782
seq-01/frame-000007,1,0.01195353,0.927922,1361,1035,820,2.29,132.68,107.07,14.32,256.38,0.974860188,-0.137938700,-0.173987573,0.018677625,-0.1715625,-0.1296644,0.1815326
seq-01/frame-000008,1,0.00831178,0.995551,1323,897,732,1.25,172.19,68.93,54.15,296.53,0.973139947,-0.143986656,-0.178471107,0.020360499,-0.1705835,-0.1372353,0.1923257
seq-01/frame-000009,1,0.00830803,0.755850,1369,1070,892,2.18,178.64,97.88,36.40,315.11,0.974096751,-0.140338397,-0.175517544,0.025184225,-0.1774496,-0.1307571,0.1902133
seq-01/frame-000010,1,0.00539074,0.683819,1282,936,772,0.90,127.70,83.72,24.86,237.18,0.974139865,-0.140385431,-0.174748957,0.028394651,-0.1795262,-0.1319248,0.1973699
seq-01/frame-000011,1,0.00600534,0.692106,1389,1031,836,0.91,130.66,100.20,10.80,242.57,0.975335178,-0.138805018,-0.169189807,0.028797000,-0.1856694,-0.1311386,0.1982687
seq-01/frame-000012,1,0.00885693,0.795783,1355,1065,898,0.88,107.28,93.22,10.53,211.92,0.976173568,-0.139997119,-0.162911123,0.030756118,-0.1943623,-0.1319994,0.1993221
seq-01/frame-000013,1,0.00804176,0.881355,1135,940,808,0.81,94.07,85.47,10.99,191.34,0.976357553,-0.141616931,-0.159947011,0.032977681,-0.2015581,-0.1367236,0.2057813
seq-01/frame-000014,1,0.00884378,0.948748,1339,1059,891,0.85,128.45,90.30,16.18,235.78,0.977142256,-0.139664899,-0.156417524,0.034932603,-0.2087540,-0.1378474,0.2091999
seq-01/frame-000015,1,0.00878672,0.941981,1339,1059,891,0.88,134.14,67.70,18.28,221.00,0.977142256,-0.139664899,-0.156417524,0.034932603,-0.2087540,-0.1378474,0.2091999
seq-01/frame-000016,1,0.00828731,0.955280,1325,1060,890,0.88,124.47,97.03,28.54,250.92,0.977841505,-0.139288950,-0.152089726,0.035962400,-0.2160854,-0.1395360,0.2128710
seq-01/frame-000017,1,0.00780583,0.904623,1311,1066,890,0.86,114.23,97.84,7.48,220.40,0.978711985,-0.138593693,-0.146642107,0.037559711,-0.2240073,-0.1395711,0.2183369
seq-01/frame-000018,1,0.00869679,0.925213,1266,1016,870,0.88,128.54,76.47,27.72,233.62,0.979531531,-0.138158836,-0.140660521,0.040555322,-0.2330975,-0.1403614,0.2236681
seq-01/frame-000019,1,0.00909776,0.886595,1115,911,784,0.86,72.68,84.43,20.04,178.01,0.979930429,-0.138256699,-0.136855544,0.043497131,-0.2422003,-0.1417543,0.2296619
seq-01/frame-000020,1,0.01175336,1.150239,1070,841,724,0.87,134.22,59.29,20.46,214.85,0.980205023,-0.139508955,-0.132164805,0.047621717,-0.2544683,-0.1445267,0.2355135
seq-01/frame-000021,1,0.01157497,1.144410,1070,841,724,0.86,98.00,85.33,13.76,197.96,0.980205023,-0.139508955,-0.132164805,0.047621717,-0.2544683,-0.1445267,0.2355135
seq-01/frame-000022,1,0.01164262,1.064382,1177,944,799,0.88,119.24,64.62,18.56,203.31,0.980324661,-0.139648362,-0.129873702,0.050938345,-0.2630712,-0.1437779,0.2396442
seq-01/frame-000023,1,0.01180113,0.925725,1217,965,815,0.89,130.16,98.67,8.17,237.90,0.980513074,-0.140085166,-0.127551754,0.051969297,-0.2714690,-0.1412041,0.2454903
seq-01/frame-000024,1,0.01038157,0.784220,1347,1031,862,0.90,153.37,86.94,19.39,260.61,0.980709243,-0.141604808,-0.124076447,0.052559430,-0.2790321,-0.1408874,0.2506933
seq-01/frame-000025,1,0.01046904,0.805867,1258,974,829,0.87,141.37,70.84,14.72,227.81,0.980977471,-0.145037175,-0.118230444,0.051662187,-0.2895350,-0.1420420,0.2544769
seq-01/frame-000026,1,0.01233559,0.846574,1302,1020,845,0.90,113.00,74.33,7.55,195.78,0.981352538,-0.147597799,-0.112517666,0.050018608,-0.3009072,-0.1417567,0.2601109
seq-01/frame-000027,1,0.01254013,0.861851,1302,1020,845,0.89,132.96,95.71,11.86,241.43,0.981352538,-0.147597799,-0.112517666,0.050018608,-0.3009072,-0.1417567,0.2601109
seq-01/frame-000028,1,0.01152693,0.889352,1254,981,846,0.87,118.86,79.47,22.75,221.96,0.981208455,-0.152210175,-0.107210002,0.050675895,-0.3113242,-0.1459931,0.2647048
seq-01/frame-000029,1,0.00868186,0.785649,1040,835,729,0.84,97.57,86.45,17.06,201.92,0.980587614,-0.156446725,-0.105834977,0.052643252,-0.3197612,-0.1509161,0.2711670
seq-01/frame-000030,1,0.00934180,0.834088,1110,866,758,0.85,110.15,64.82,11.73,187.55,0.980716992,-0.156279168,-0.103420795,0.055453961,-0.3299623,-0.1495311,0.2766997
seq-01/frame-000031,1,0.00926644,0.832454,1110,866,758,0.85,110.11,87.62,11.71,210.29,0.980716992,-0.156279168,-0.103420795,0.055453961,-0.3299623,-0.1495311,0.2766997
seq-01/frame-000032,1,0.00894669,0.725894,1194,955,824,0.84,121.88,71.28,22.89,216.90,0.980598600,-0.157349085,-0.101680621,0.057694915,-0.3386358,-0.1486643,0.2824388
seq-01/frame-000033,1,0.01088492,0.769701,1195,919,787,0.88,126.99,80.91,10.16,218.93,0.980787768,-0.157747025,-0.098811968,0.058373159,-0.3486724,-0.1453956,0.2869244
seq-01/frame-000034,1,0.01287402,0.889368,1200,913,777,0.86,88.65,79.34,14.01,182.86,0.980667066,-0.160442321,-0.093916392,0.061074371,-0.3588487,-0.1440434,0.2911659
seq-01/frame-000035,1,0.01158610,0.802180,1249,979,836,0.88,117.22,73.67,14.71,206.48,0.980129675,-0.165251682,-0.090379867,0.062202751,-0.3670245,-0.1453180,0.2980156
seq-01/frame-000036,1,0.01164715,0.806532,1249,979,836,0.90,106.00,74.07,37.48,218.45,0.980129675,-0.165251682,-0.090379867,0.062202751,-0.3670245,-0.1453180,0.2980156
seq-01/frame-000037,1,0.00936517,0.635672,1327,984,819,0.89,142.16,69.43,46.45,258.93,0.979846237,-0.169244356,-0.087242843,0.060385306,-0.3741896,-0.1474786,0.3053660
seq-01/frame-000038,1,0.00964575,0.741584,1261,952,801,0.88,87.64,76.69,20.30,185.51,0.979892633,-0.171388181,-0.081870374,0.061104508,-0.3833495,-0.1496764,0.3096032
seq-01/frame-000039,1,0.00778117,0.566767,917,701,577,0.80,112.96,54.20,9.29,177.26,0.979562379,-0.173606004,-0.079268491,0.063521713,-0.3917651,-0.1537727,0.3172820
seq-01/frame-000040,1,0.00760143,0.539153,917,701,577,0.80,93.06,47.06,27.59,168.52,0.979562379,-0.173606004,-0.079268491,0.063521713,-0.3917651,-0.1537727,0.3172820
seq-01/frame-000041,1,0.00538838,0.393790,917,632,508,0.79,120.09,40.67,11.64,173.20,0.979766438,-0.172903784,-0.079052595,0.062551537,-0.4001501,-0.1586280,0.3229454
seq-01/frame-000042,1,0.01090429,0.843603,1277,952,785,0.86,107.31,81.72,11.11,200.99,0.980694301,-0.168728889,-0.072550701,0.067124101,-0.4118575,-0.1545787,0.3274552
seq-01/frame-000043,1,0.00936792,0.656845,1355,999,821,0.85,127.92,96.26,16.77,241.81,0.980947733,-0.168229241,-0.066764383,0.070590258,-0.4183122,-0.1564594,0.3323937
seq-01/frame-000044,1,0.00942003,0.666428,1355,999,821,0.84,141.31,117.24,33.70,293.09,0.980947733,-0.168229241,-0.066764383,0.070590258,-0.4183122,-0.1564594,0.3323937
seq-01/frame-000045,1,0.00714573,0.378922,1332,905,724,0.85,130.44,92.94,35.64,259.88,0.981019821,-0.170024556,-0.062569598,0.069114443,-0.4243255,-0.1606293,0.3401421
seq-01/frame-000046,1,0.01009184,0.484093,943,646,502,0.78,88.96,58.84,26.78,175.36,0.982070966,-0.166235848,-0.057060057,0.068164587,-0.4295654,-0.1615844,0.3463365
seq-01/frame-000047,1,0.00675373,0.475532,928,583,472,0.79,118.45,68.59,10.70,198.55,0.982967184,-0.163619263,-0.047431078,0.068953210,-0.4388642,-0.1679715,0.3495616
seq-01/frame-000048,1,0.00672714,0.473870,928,583,472,0.79,72.76,57.17,16.32,147.05,0.982967184,-0.163619263,-0.047431078,0.068953210,-0.4388642,-0.1679715,0.3495616
seq-01/frame-000049,1,0.00918026,0.467946,873,560,437,0.78,104.58,80.07,11.33,196.77,0.983624863,-0.161099915,-0.043546023,0.068063873,-0.4437749,-0.1724723,0.3601859
seq-01/frame-000050,1,0.00686206,0.267231,904,547,415,0.78,59.90,86.85,41.12,188.65,0.983999276,-0.157119715,-0.037919201,0.074973021,-0.4484929,-0.1755666,0.3609519
seq-01/frame-000051,1,0.00924785,0.703823,915,607,460,0.78,115.85,28.95,21.25,166.83,0.985181583,-0.148782051,-0.029396648,0.080106097,-0.4570461,-0.1746063,0.3607245
seq-01/frame-000052,1,0.00917532,0.699440,915,607,460,0.78,101.27,57.90,31.67,191.63,0.985181583,-0.148782051,-0.029396648,0.080106097,-0.4570461,-0.1746063,0.3607245
seq-01/frame-000053,1,0.00712249,0.474814,778,512,395,0.76,108.79,74.20,10.29,194.04,0.985225140,-0.147970101,-0.022944255,0.083125414,-0.4639622,-0.1814660,0.3644223
seq-01/frame-000054,1,0.00719688,0.370713,810,518,387,1.28,113.12,49.39,23.75,187.54,0.985814560,-0.142805769,-0.019542448,0.085989876,-0.4651416,-0.1860735,0.3705656
seq-01/frame-000055,1,0.00790142,1.165442,898,599,460,0.79,97.32,82.61,19.40,200.12,0.986589408,-0.137401725,-0.011222728,0.087385109,-0.4703193,-0.1897440,0.3720244
seq-01/frame-000056,1,0.00668750,0.627662,898,599,460,0.79,107.17,28.94,57.12,194.02,0.986589408,-0.137401725,-0.011222728,0.087385109,-0.4703193,-0.1897440,0.3720244
seq-01/frame-000057,1,0.00948799,1.161852,921,545,410,0.78,115.99,35.30,12.25,164.32,0.987615087,-0.130987985,0.002397246,0.086329833,-0.4804953,-0.1923046,0.3740606
seq-01/frame-000058,1,0.00353095,0.457518,964,596,458,0.79,122.06,55.21,19.10,197.17,0.986871925,-0.129228232,0.007893922,0.096548193,-0.4777614,-0.1982815,0.3727973
seq-01/frame-000059,1,0.00461342,0.607214,885,538,414,0.78,86.09,50.81,10.10,147.79,0.986933980,-0.125323449,0.017738834,0.099702994,-0.4826325,-0.2025554,0.3759608
seq-01/frame-000060,1,0.00473169,0.634084,885,538,414,0.79,75.86,64.10,10.08,150.83,0.986933980,-0.125323449,0.017738834,0.099702994,-0.4826325,-0.2025554,0.3759608
seq-01/frame-000061,1,0.00261366,0.668496,919,575,424,0.79,90.17,59.87,12.95,163.78,0.986750045,-0.122856861,0.027793736,0.102264606,-0.4861370,-0.2084151,0.3739770
seq-01/frame-000062,1,0.00815671,1.016851,919,554,393,0.80,111.11,68.16,15.41,195.48,0.986630442,-0.116888451,0.040057505,0.106267853,-0.4911943,-0.2084203,0.3766044
seq-01/frame-000063,1,0.00410208,0.477138,940,561,416,0.81,97.75,55.94,28.05,182.56,0.985150223,-0.116717817,0.045546662,0.117394597,-0.4862707,-0.2143847,0.3781656
seq-01/frame-000064,1,0.00432207,0.516592,940,561,416,0.80,92.00,56.29,12.39,161.48,0.985150223,-0.116717817,0.045546662,0.117394597,-0.4862707,-0.2143847,0.3781656
seq-01/frame-000065,1,0.00430531,0.535132,855,466,331,0.81,108.53,49.92,13.48,172.74,0.983832577,-0.116046775,0.054448478,0.125067862,-0.4862828,-0.2200108,0.3798749
seq-01/frame-000066,1,0.00740764,0.564520,910,504,347,0.81,94.76,60.46,25.33,181.37,0.982986385,-0.109873994,0.064909992,0.132106647,-0.4872721,-0.2217790,0.3799146
seq-01/frame-000067,1,0.00760101,0.473778,1007,551,381,0.83,100.36,56.89,28.88,186.97,0.981471281,-0.106208319,0.075403530,0.140528377,-0.4878975,-0.2265554,0.3805140
seq-01/frame-000068,1,0.00765610,0.500779,1007,551,381,0.81,99.38,70.73,11.52,182.45,0.981471281,-0.106208319,0.075403530,0.140528377,-0.4878975,-0.2265554,0.3805140
seq-01/frame-000069,1,0.01216263,0.831789,918,445,298,0.80,104.34,37.69,18.93,161.76,0.980610161,-0.103986326,0.079477290,0.145855805,-0.4813999,-0.2288539,0.3801985
seq-01/frame-000070,1,0.01023390,0.719132,861,388,251,0.82,111.68,51.68,14.00,178.19,0.978695823,-0.099818261,0.098249814,0.150125862,-0.4878202,-0.2342692,0.3802152
seq-01/frame-000071,1,0.01276053,0.835028,950,472,306,0.84,123.16,54.56,9.20,187.77,0.976938243,-0.100733761,0.101673885,0.158451254,-0.4762159,-0.2384761,0.3722954
seq-01/frame-000072,1,0.00700587,0.647445,968,433,269,0.84,96.45,54.43,38.64,190.36,0.974582325,-0.102043014,0.114939140,0.162989290,-0.4753882,-0.2482966,0.3744986
seq-01/frame-000073,1,0.00690360,0.678201,968,433,269,0.83,103.38,54.50,11.42,170.13,0.974582325,-0.102043014,0.114939140,0.162989290,-0.4753882,-0.2482966,0.3744986
seq-01/frame-000074,1,0.01405397,1.245650,975,421,265,0.86,108.66,36.83,7.36,153.71,0.972571135,-0.099964195,0.121630282,0.171226813,-0.4669125,-0.2488217,0.3704968
seq-01/frame-000075,1,0.01948508,1.241742,1012,487,301,0.88,128.62,58.63,10.90,199.02,0.969948674,-0.095930170,0.132481715,0.180126531,-0.4659549,-0.2457966,0.3643720
seq-01/frame-000076,1,0.01440731,0.992709,1044,471,265,0.86,117.34,72.13,31.96,222.28,0.966126011,-0.097870779,0.143148314,0.191129279,-0.4634465,-0.2520350,0.3675713
seq-01/frame-000077,1,0.01460089,1.037978,1044,471,265,0.86,108.68,52.16,29.84,191.55,0.966126011,-0.097870779,0.143148314,0.191129279,-0.4634465,-0.2520350,0.3675713
seq-01/frame-000078,1,0.01199131,0.952751,1094,497,283,0.85,113.35,66.54,22.43,203.17,0.961902111,-0.104006380,0.150108584,0.203456173,-0.4547342,-0.2584968,0.3638973
seq-01/frame-000079,1,0.01819430,0.862337,1179,503,298,0.86,110.23,72.34,25.63,209.07,0.956492801,-0.099066007,0.161970014,0.221524630,-0.4549839,-0.2511657,0.3669291
seq-01/frame-000080,1,0.00982543,1.161221,1121,486,278,0.87,107.06,74.86,19.77,202.56,0.951521402,-0.113492146,0.161212166,0.236087256,-0.4359883,-0.2669591,0.3666653
seq-01/frame-000081,1,0.02428549,1.349205,1036,390,226,0.82,91.64,53.83,32.06,178.36,0.948198531,-0.106284174,0.164983702,0.249807123,-0.4291774,-0.2537694,0.3599037
seq-01/frame-000082,1,0.02107039,0.994852,1036,390,226,0.83,102.08,60.60,41.02,204.53,0.948198531,-0.106284174,0.164983702,0.249807123,-0.4291774,-0.2537694,0.3599037
seq-01/frame-000083,1,0.03216981,1.944937,1076,444,260,0.83,110.76,80.96,29.50,222.05,0.943594736,-0.103396382,0.169202977,0.265157530,-0.4177888,-0.2433132,0.3579462
seq-01/frame-000084,1,0.02634118,1.423669,1085,444,273,0.85,122.83,49.38,11.81,184.88,0.937506865,-0.109517057,0.176847909,0.278947502,-0.4093743,-0.2476878,0.3618718
seq-01/frame-000085,1,0.01794434,1.204451,1065,468,272,0.87,109.37,54.06,29.78,194.08,0.931928717,-0.120281892,0.183478507,0.288750359,-0.3979554,-0.2623550,0.3630265
seq-01/frame-000086,1,0.01783189,1.189214,1065,468,272,0.87,89.68,74.35,25.63,190.54,0.931928717,-0.120281892,0.183478507,0.288750359,-0.3979554,-0.2623550,0.3630265
seq-01/frame-000087,1,0.02608726,1.015370,1109,502,300,0.88,128.82,70.85,42.23,242.78,0.929440069,-0.111815418,0.192689910,0.294124241,-0.4002471,-0.2468558,0.3656465
seq-01/frame-000088,1,0.02555014,1.186712,1127,554,341,0.87,123.66,67.47,27.97,219.98,0.925691999,-0.114786660,0.194214855,0.303642776,-0.3887431,-0.2472418,0.3665664
seq-01/frame-000089,1,0.02686960,1.143620,1324,631,401,0.91,114.79,83.67,12.63,212.01,0.923537694,-0.116026598,0.198483857,0.306952952,-0.3848641,-0.2456166,0.3692126
seq-01/frame-000090,1,0.02703425,1.169514,1324,631,401,0.90,129.25,80.66,24.12,234.94,0.923537694,-0.116026598,0.198483857,0.306952952,-0.3848641,-0.2456166,0.3692126
seq-01/frame-000091,1,0.02322294,0.787495,1314,641,410,0.90,131.45,91.56,23.68,247.59,0.920538023,-0.119465371,0.203966439,0.311023253,-0.3821642,-0.2486225,0.3749480
seq-01/frame-000092,1,0.02737106,1.351554,1227,615,373,0.87,123.03,74.60,10.60,209.09,0.919101924,-0.120761392,0.201819182,0.316128704,-0.3711019,-0.2441439,0.3745242
seq-01/frame-000093,1,0.02464655,1.121348,1108,567,356,0.88,140.12,64.73,41.70,247.42,0.916914208,-0.125819728,0.204903805,0.318515559,-0.3625715,-0.2466579,0.3769706
seq-01/frame-000094,1,0.03541445,2.044998,1229,587,358,0.87,117.43,82.63,22.57,223.51,0.915776424,-0.118138397,0.205662976,0.324190684,-0.3574280,-0.2324028,0.3775043
seq-01/frame-000095,1,0.03527878,2.028423,1229,587,358,0.87,99.56,74.17,10.14,184.75,0.915776424,-0.118138397,0.205662976,0.324190684,-0.3574280,-0.2324028,0.3775043
seq-01/frame-000096,1,0.03541365,1.978530,1148,567,337,0.86,103.94,62.39,15.46,182.66,0.914390664,-0.122493500,0.205362462,0.326666980,-0.3478531,-0.2297096,0.3783720
seq-01/frame-000097,1,0.02020992,1.147362,1004,472,294,0.83,109.62,43.95,26.40,180.80,0.910962847,-0.136370497,0.208772201,0.328578677,-0.3370953,-0.2429799,0.3845041
seq-01/frame-000098,1,0.03220461,1.978992,1082,495,294,0.83,71.88,72.41,21.19,166.31,0.910064263,-0.130520113,0.207458884,0.334227990,-0.3277018,-0.2288229,0.3805968
seq-01/frame-000099,1,0.03230015,1.988249,1082,495,294,0.83,118.99,54.67,10.90,185.39,0.910064263,-0.130520113,0.207458884,0.334227990,-0.3277018,-0.2288229,0.3805968
seq-01/frame-000100,1,0.02977602,1.645125,1070,513,322,0.83,97.90,50.03,40.10,188.86,0.910994625,-0.136601663,0.210145683,0.327517285,-0.3235565,-0.2280120,0.3827302
seq-01/frame-000101,1,0.02189425,0.854829,967,468,286,0.83,84.09,74.10,13.88,172.90,0.907255149,-0.138047411,0.221717670,0.329654792,-0.3287246,-0.2311183,0.3907488
seq-01/frame-000102,1,0.03539827,2.083044,841,402,233,0.80,109.81,64.55,35.36,210.53,0.908873847,-0.130547480,0.221452931,0.328426987,-0.3205132,-0.2125707,0.3876695
seq-01/frame-000103,1,0.00437812,1.194755,977,492,286,0.80,113.93,40.15,10.40,165.28,0.905545219,-0.159398707,0.230569243,0.318461509,-0.3102012,-0.2436494,0.3968433
seq-01/frame-000104,1,0.00444400,1.205113,977,492,286,0.80,121.63,41.08,26.98,190.49,0.905545219,-0.159398707,0.230569243,0.318461509,-0.3102012,-0.2436494,0.3968433
seq-01/frame-000105,1,0.04143804,2.467360,980,457,261,0.81,102.31,49.08,37.37,189.56,0.910816349,-0.132734117,0.224713873,0.319842005,-0.3070623,-0.2001295,0.3839603
seq-01/frame-000106,1,0.01691569,0.428588,1137,620,405,0.82,109.81,67.14,41.37,219.15,0.907556407,-0.153096001,0.232079920,0.314709220,-0.3010606,-0.2248641,0.3858070
seq-01/frame-000107,1,0.01849625,0.703587,1127,611,404,0.84,129.40,64.77,37.11,232.12,0.909340538,-0.154008581,0.230604158,0.310165868,-0.2930643,-0.2194168,0.3837305
seq-01/frame-000108,1,0.02653505,1.017475,1191,658,430,0.84,101.00,59.27,29.97,191.09,0.910912690,-0.153174904,0.229606035,0.306686465,-0.2876071,-0.2142063,0.3781764
seq-01/frame-000109,1,0.02273673,0.925511,1191,658,430,0.84,123.09,99.89,18.05,241.87,0.910912690,-0.153174904,0.229606035,0.306686465,-0.2876071,-0.2142063,0.3781764
seq-01/frame-000110,1,0.01372213,0.834455,1366,744,477,0.86,111.01,92.20,33.09,237.17,0.910165491,-0.162479311,0.229426260,0.304241425,-0.2782439,-0.2219259,0.3804325
seq-01/frame-000111,1,0.01752794,0.446900,1124,598,380,0.82,94.87,73.90,21.27,190.86,0.913861100,-0.157051516,0.230730012,0.294883660,-0.2790327,-0.2118819,0.3773271
seq-01/frame-000112,1,0.02010417,0.808667,1155,652,444,0.83,103.50,85.15,13.77,203.25,0.914779467,-0.159580121,0.227898961,0.292873308,-0.2688626,-0.2106112,0.3685935
seq-01/frame-000113,1,0.02012511,0.794867,1155,652,444,0.83,74.29,80.54,11.52,167.18,0.914779467,-0.159580121,0.227898961,0.292873308,-0.2688626,-0.2106112,0.3685935
seq-01/frame-000114,1,0.01071054,0.773216,1558,865,538,0.90,87.89,101.83,14.51,205.13,0.914537952,-0.166879866,0.231589285,0.286597014,-0.2691047,-0.2181089,0.3716572
seq-01/frame-000115,1,0.01160500,0.733754,1452,805,520,0.87,106.49,99.46,14.31,221.12,0.918057666,-0.167897640,0.221669684,0.282565135,-0.2592231,-0.2136169,0.3660052
seq-01/frame-000116,1,0.01573471,0.624690,1622,908,573,0.89,136.01,121.14,13.48,271.53,0.922303476,-0.166029410,0.215085150,0.274825236,-0.2551319,-0.2065198,0.3586612
seq-01/frame-000117,1,0.01572710,0.635311,1622,908,573,0.89,138.27,116.86,13.89,269.91,0.922303476,-0.166029410,0.215085150,0.274825236,-0.2551319,-0.2065198,0.3586612
seq-01/frame-000118,1,0.01738012,0.584949,1362,781,499,0.87,141.35,73.67,39.09,254.98,0.924907230,-0.165552467,0.212381091,0.268390143,-0.2528052,-0.2033277,0.3531706
seq-01/frame-000119,1,0.01644976,1.264275,1141,618,407,0.82,125.37,72.58,32.00,230.77,0.929344399,-0.170135697,0.207865786,0.253307417,-0.2444218,-0.2004605,0.3508958
seq-01/frame-000120,1,0.01296692,0.768418,1281,812,515,0.84,92.44,78.39,22.56,194.23,0.929334216,-0.173552110,0.206733554,0.251950029,-0.2357111,-0.2057416,0.3442215
seq-01/frame-000121,1,0.01299396,0.769176,1281,812,515,0.83,126.77,101.53,27.11,256.25,0.929334216,-0.173552110,0.206733554,0.251950029,-0.2357111,-0.2057416,0.3442215
seq-01/frame-000122,1,0.01541069,0.712024,1482,909,570,0.87,111.60,99.31,24.69,236.46,0.931805052,-0.169641260,0.205650468,0.246310929,-0.2344416,-0.2025735,0.3355800
seq-01/frame-000123,1,0.01636188,1.226210,1394,822,561,0.86,103.76,87.60,32.71,224.94,0.935336568,-0.169350830,0.205419173,0.232956573,-0.2366389,-0.1976200,0.3314677
seq-01/frame-000124,1,0.01514714,1.002005,1484,935,613,0.86,121.09,114.85,40.76,277.57,0.937504764,-0.171668863,0.198482691,0.228515296,-0.2306310,-0.1994212,0.3226555
seq-01/frame-000125,1,0.01531562,1.001452,1484,935,613,0.86,132.49,98.85,30.48,262.68,0.937504764,-0.171668863,0.198482691,0.228515296,-0.2306310,-0.1994212,0.3226555
seq-01/frame-000126,1,0.04190323,2.607490,1501,799,525,0.87,110.30,74.95,37.20,223.31,0.944307531,-0.159260144,0.190357555,0.216063636,-0.2319512,-0.1763616,0.3023504
seq-01/frame-000127,1,0.01955727,1.616021,1503,929,662,0.86,130.93,71.54,20.43,223.77,0.942087435,-0.175365952,0.190155963,0.213444975,-0.2268513,-0.1938603,0.3102643
seq-01/frame-000128,1,0.01315491,1.345812,1667,968,675,0.93,139.13,104.34,32.99,277.39,0.941147310,-0.180964030,0.185693140,0.216822091,-0.2208300,-0.2011478,0.3068808
seq-01/frame-000129,1,0.01303019,1.316882,1667,968,675,0.92,115.07,103.91,52.86,272.76,0.941147310,-0.180964030,0.185693140,0.216822091,-0.2208300,-0.2011478,0.3068808
seq-01/frame-000130,1,0.00744453,1.149771,1496,920,656,0.87,143.02,94.54,14.75,253.18,0.942128634,-0.183861483,0.175578330,0.218542542,-0.2121757,-0.2063076,0.3010336
seq-01/frame-000131,1,0.01105564,0.805400,1351,903,668,0.86,111.47,75.79,19.91,208.04,0.945657545,-0.180191703,0.162573958,0.216408098,-0.2037672,-0.2011668,0.2895504
seq-01/frame-000132,1,0.02132301,1.602126,1346,838,609,0.86,72.59,105.00,30.33,208.78,0.949837479,-0.179971347,0.154282313,0.204000111,-0.1997219,-0.1924123,0.2784005
seq-01/frame-000133,1,0.02032110,1.834805,1330,869,633,0.85,110.80,67.51,35.27,214.43,0.950731851,-0.183201303,0.152907176,0.197903069,-0.1950382,-0.1952610,0.2706430
seq-01/frame-000134,1,0.02054346,1.847914,1330,869,633,0.85,96.68,88.51,54.84,240.87,0.950731851,-0.183201303,0.152907176,0.197903069,-0.1950382,-0.1952610,0.2706430
seq-01/frame-000135,1,0.01470078,1.879735,1734,1074,761,0.91,127.80,118.03,27.74,274.49,0.950013064,-0.188238986,0.156222107,0.193999780,-0.1962125,-0.2019801,0.2713060
seq-01/frame-000136,1,0.01043418,1.455620,1482,966,709,0.89,129.57,99.81,40.77,271.04,0.950285378,-0.189965648,0.147734799,0.197598539,-0.1887374,-0.2067531,0.2635101
seq-01/frame-000137,1,0.01055597,1.749584,1614,994,747,0.90,136.43,92.92,20.73,250.98,0.952522726,-0.190300627,0.136754473,0.194381948,-0.1819351,-0.2044721,0.2563649
seq-01/frame-000138,1,0.01054534,1.745423,1614,994,747,0.90,168.56,108.43,39.29,317.19,0.952522726,-0.190300627,0.136754473,0.194381948,-0.1819351,-0.2044721,0.2563649
seq-01/frame-000139,1,0.01881053,1.767610,1190,758,549,0.81,119.30,58.64,29.74,208.49,0.954934731,-0.186122357,0.131393919,0.190246590,-0.1780470,-0.1951967,0.2462684
seq-01/frame-000140,1,0.01424413,1.650731,1082,719,523,0.80,113.22,74.63,32.14,220.80,0.954448069,-0.193479736,0.127885931,0.187722305,-0.1707589,-0.1980875,0.2424477
seq-01/frame-000141,1,0.01619051,2.436544,1617,1078,800,0.87,138.13,98.02,25.64,262.65,0.955013256,-0.198890866,0.123337938,0.182153391,-0.1668609,-0.2000390,0.2352602
seq-01/frame-000142,1,0.01560959,2.036098,1617,1078,800,0.89,144.21,113.56,32.93,291.59,0.955013256,-0.198890866,0.123337938,0.182153391,-0.1668609,-0.2000390,0.2352602
seq-01/frame-000143,1,0.00800979,1.840862,1648,1062,796,0.91,130.91,95.26,30.57,257.65,0.954228799,-0.204811520,0.116702342,0.184065762,-0.1558131,-0.2056139,0.2338389
seq-01/frame-000144,1,0.01943844,2.687733,1560,1024,769,0.90,115.15,85.11,41.72,242.88,0.954915875,-0.203958482,0.118997320,0.179934007,-0.1616958,-0.2045552,0.2314751
seq-01/frame-000145,1,0.01013675,2.163854,1461,966,736,0.87,155.91,69.81,32.01,258.60,0.955008448,-0.204541337,0.104551158,0.187592007,-0.1452997,-0.2070612,0.2257326
seq-01/frame-000146,1,0.00987944,2.147637,1461,966,736,0.87,124.26,67.97,20.21,213.31,0.955008448,-0.204541337,0.104551158,0.187592007,-0.1452997,-0.2070612,0.2257326
seq-01/frame-000147,1,0.03509324,1.278999,1703,1138,746,0.89,153.20,105.31,23.05,282.46,0.958805128,-0.184411555,0.091523079,0.195725905,-0.1349559,-0.1765234,0.1987740
seq-01/frame-000148,1,0.01395316,1.824059,1593,1106,864,0.90,153.23,83.96,54.45,292.55,0.958658773,-0.196576330,0.087043326,0.186425755,-0.1270686,-0.1927830,0.2100259
seq-01/frame-000149,1,0.01396368,1.835897,1593,1106,864,0.91,112.88,116.31,38.26,268.36,0.958658773,-0.196576330,0.087043326,0.186425755,-0.1270686,-0.1927830,0.2100259
seq-01/frame-000150,1,0.01269101,1.722407,1093,784,640,0.83,137.63,49.63,27.95,216.06,0.959807537,-0.195279999,0.081686532,0.184289243,-0.1152558,-0.1882010,0.2073177
seq-01/frame-000151,1,0.00330661,1.701815,825,538,402,0.77,115.53,56.55,16.85,189.70,0.958761593,-0.201330136,0.082814401,0.182713326,-0.1037159,-0.1922370,0.2112946
seq-01/frame-000152,1,0.00836144,1.704825,809,540,401,0.78,105.70,40.18,47.31,193.97,0.960035956,-0.197997820,0.084856736,0.178681732,-0.0938402,-0.1843453,0.2056523
seq-01/frame-000153,1,0.01049140,1.208146,809,540,401,0.78,128.57,65.61,29.24,224.20,0.960035956,-0.197997820,0.084856736,0.178681732,-0.0938402,-0.1843453,0.2056523
seq-01/frame-000154,1,0.01720113,1.974481,919,656,545,0.80,112.61,60.29,6.92,180.62,0.961999428,-0.194053720,0.087135950,0.171194566,-0.0899678,-0.1775751,0.1959175
seq-01/frame-000155,1,0.00607440,1.966171,820,562,449,0.79,91.58,64.45,27.96,184.79,0.961217903,-0.201608458,0.086740856,0.167003585,-0.0775730,-0.1826236,0.2009507
seq-01/frame-000156,1,0.00660253,1.925451,882,585,434,0.81,81.95,53.63,11.16,147.56,0.961843214,-0.199880301,0.087286653,0.165186369,-0.0653751,-0.1791628,0.1993396
seq-01/frame-000157,1,0.01167310,2.387103,1013,745,578,0.82,130.32,54.44,21.56,207.15,0.960844959,-0.206090059,0.086823007,0.163602011,-0.0514649,-0.1856934,0.2013844
seq-01/frame-000158,1,0.00482799,2.423842,1013,745,578,0.82,103.39,48.25,8.86,161.33,0.960844959,-0.206090059,0.086823007,0.163602011,-0.0514649,-0.1856934,0.2013844
seq-01/frame-000159,1,0.01521141,2.232219,883,581,435,0.78,121.09,69.65,15.04,206.57,0.960342777,-0.206958603,0.082508769,0.167637080,-0.0327123,-0.1907273,0.2041865
seq-01/frame-000160,1,0.01068348,1.827501,758,421,300,0.78,89.34,25.15,12.78,128.05,0.962284527,-0.197636730,0.084442886,0.166786120,-0.0238751,-0.1782191,0.2026856
seq-01/frame-000161,1,0.02393449,1.057270,632,342,243,0.76,92.35,48.23,27.93,169.25,0.964474279,-0.185607924,0.088477928,0.165863560,-0.0127356,-0.1630074,0.1991898
seq-01/frame-000162,1,0.01251871,1.167726,632,342,243,0.75,85.38,38.98,9.82,134.92,0.964474279,-0.185607924,0.088477928,0.165863560,-0.0127356,-0.1630074,0.1991898
seq-01/frame-000163,1,0.01311065,1.117518,630,340,242,0.76,68.89,68.42,15.17,153.25,0.964472190,-0.183413620,0.104688542,0.158723492,-0.0158324,-0.1598187,0.2007314
seq-01/frame-000164,1,0.01361651,0.667459,644,356,248,0.76,71.56,52.69,19.03,144.04,0.964942755,-0.179444485,0.110261418,0.156612825,-0.0017633,-0.1568747,0.2008233
seq-01/frame-000165,1,0.01362432,0.673322,644,356,248,0.76,61.94,51.97,21.18,135.86,0.964942755,-0.179444485,0.110261418,0.156612825,-0.0017633,-0.1568747,0.2008233
seq-01/frame-000166,1,0.01542855,0.819919,565,280,184,0.75,109.41,31.51,8.20,149.87,0.965997732,-0.173231873,0.117773195,0.151553867,0.0125517,-0.1492948,0.1987610
seq-01/frame-000167,1,0.01122454,1.212213,555,304,215,0.75,81.14,27.23,25.08,134.20,0.964077971,-0.175774769,0.131566566,0.149489584,0.0179440,-0.1528906,0.1998500
seq-01/frame-000168,1,0.00977827,0.471518,549,312,214,0.74,110.34,25.00,10.41,146.49,0.963805241,-0.171794483,0.132804845,0.154689969,0.0387663,-0.1504198,0.1906813
seq-01/frame-000169,1,0.00965248,0.432769,549,312,214,0.75,111.26,47.78,8.32,168.12,0.963805241,-0.171794483,0.132804845,0.154689969,0.0387663,-0.1504198,0.1906813
seq-01/frame-000170,1,0.01546244,1.228467,593,335,243,0.77,71.83,49.09,14.71,136.40,0.964956747,-0.167724017,0.141821101,0.143575438,0.0502936,-0.1386334,0.1959644
seq-01/frame-000171,1,0.01034561,1.794504,736,469,348,0.78,67.17,63.37,15.74,147.07,0.961561491,-0.180576329,0.147596015,0.144938281,0.0650145,-0.1604238,0.1977099
seq-01/frame-000172,1,0.01042387,1.810109,736,469,348,0.74,95.62,51.44,8.34,156.14,0.961561491,-0.180576329,0.147596015,0.144938281,0.0650145,-0.1604238,0.1977099
seq-01/frame-000173,1,0.01124824,1.736811,641,383,290,0.76,82.91,30.54,21.24,135.45,0.961073596,-0.177586260,0.152028792,0.147268156,0.0779027,-0.1582182,0.2041273
seq-01/frame-000174,1,0.01160058,1.690579,556,334,238,0.72,84.07,51.52,23.88,160.19,0.960741886,-0.171161073,0.157835560,0.150886883,0.0860296,-0.1555123,0.2045395
seq-01/frame-000175,1,0.00973910,1.457499,832,487,357,0.80,93.02,59.06,29.41,182.30,0.961598540,-0.161562311,0.161862642,0.151744365,0.0984263,-0.1517853,0.1994550
seq-01/frame-000176,1,0.00967452,1.432861,832,487,357,0.80,83.36,43.54,24.23,151.94,0.961598540,-0.161562311,0.161862642,0.151744365,0.0984263,-0.1517853,0.1994550
seq-01/frame-000177,1,0.00767178,1.068763,720,398,284,0.78,95.44,39.03,11.73,146.98,0.960744126,-0.156787213,0.166771393,0.156766695,0.1126685,-0.1459239,0.1989226
seq-01/frame-000178,1,0.00617500,0.369434,665,330,220,0.75,97.39,50.82,25.51,174.47,0.959052845,-0.146698941,0.178050554,0.164301741,0.1250435,-0.1322137,0.2001271
seq-01/frame-000179,1,0.01206156,1.557381,557,309,222,0.74,67.07,59.60,11.29,138.70,0.955934866,-0.148650506,0.194666489,0.161853381,0.1334388,-0.1363351,0.2029558
seq-01/frame-000180,1,0.00466662,0.869795,557,309,222,0.75,89.03,16.08,7.39,113.25,0.955934866,-0.148650506,0.194666489,0.161853381,0.1334388,-0.1363351,0.2029558
seq-01/frame-000181,1,0.00491443,1.240841,671,349,242,0.76,73.97,67.58,12.12,154.44,0.953561686,-0.147656870,0.209178383,0.158625232,0.1387336,-0.1374661,0.2078467
seq-01/frame-000182,1,0.00680454,1.224702,556,346,268,0.73,87.82,25.94,41.81,156.30,0.951569829,-0.142521007,0.220456766,0.160004493,0.1455778,-0.1367577,0.2105873
seq-01/frame-000183,1,0.00455102,0.933738,663,402,312,0.75,78.15,33.68,43.50,156.08,0.950191424,-0.134907315,0.231259147,0.159547736,0.1533151,-0.1304033,0.2135953
seq-01/frame-000184,1,0.00452495,1.216591,572,342,260,0.74,85.50,22.22,27.75,136.22,0.949842687,-0.134648135,0.237050174,0.153218685,0.1629294,-0.1283854,0.2162824
seq-01/frame-000185,1,0.00448045,1.216896,572,342,260,0.73,79.49,47.87,10.67,138.77,0.949842687,-0.134648135,0.237050174,0.153218685,0.1629294,-0.1283854,0.2162824
seq-01/frame-000186,1,0.00698530,1.297640,512,314,228,0.72,82.06,54.31,20.97,158.06,0.947396870,-0.133715927,0.249000439,0.150193221,0.1698725,-0.1303185,0.2175418
seq-01/frame-000187,1,0.00658604,1.295859,452,309,239,0.71,90.94,32.17,32.70,156.52,0.944000347,-0.129908259,0.263536908,0.150118241,0.1752735,-0.1288921,0.2220257
seq-01/frame-000188,1,0.00881313,1.134190,421,284,233,0.72,114.14,18.12,19.20,152.20,0.942310099,-0.126347785,0.271703869,0.149214348,0.1846417,-0.1278698,0.2191274
seq-01/frame-000189,1,0.00769759,0.945459,425,304,260,0.70,70.71,22.03,30.40,123.85,0.939807456,-0.121512050,0.282568834,0.148834206,0.1873120,-0.1259579,0.2234550
seq-01/frame-000190,1,0.00778911,0.938799,425,304,260,0.71,70.97,24.01,35.81,131.50,0.939807456,-0.121512050,0.282568834,0.148834206,0.1873120,-0.1259579,0.2234550
seq-01/frame-000191,1,0.00879083,1.092785,403,288,242,0.71,67.44,33.08,11.30,112.53,0.939296687,-0.117903870,0.286624392,0.147196704,0.1954153,-0.1271778,0.2207794
seq-01/frame-000192,1,0.01014781,1.333268,373,273,221,0.70,83.80,13.70,28.86,127.05,0.937885709,-0.109177595,0.295575804,0.145208792,0.2027874,-0.1201443,0.2210860
seq-01/frame-000193,1,0.00913756,1.128053,341,257,208,0.72,58.00,41.99,34.00,134.72,0.933874261,-0.109209087,0.306556537,0.148240784,0.2096993,-0.1239564,0.2193376
seq-01/frame-000194,1,0.00947560,1.105556,379,278,227,0.71,103.97,15.29,5.96,125.93,0.930320765,-0.106355628,0.317090592,0.150483592,0.2167735,-0.1228495,0.2176403
seq-01/frame-000195,1,0.01125298,1.310005,324,246,197,0.71,71.36,9.57,28.67,110.31,0.926913374,-0.101126079,0.328822266,0.149936754,0.2253661,-0.1182350,0.2171102
seq-01/frame-000196,1,0.01095161,1.313259,324,246,197,0.70,50.93,8.88,31.54,92.06,0.926913374,-0.101126079,0.328822266,0.149936754,0.2253661,-0.1182350,0.2171102
seq-01/frame-000197,1,0.01088534,1.189001,363,287,229,0.70,106.95,15.71,16.64,139.99,0.922334578,-0.101422232,0.339902739,0.153227236,0.2340422,-0.1229645,0.2090631
seq-01/frame-000198,1,0.01480562,0.935146,386,285,220,0.70,87.21,20.06,12.39,120.35,0.916869492,-0.099341029,0.351648929,0.160700734,0.2393614,-0.1283420,0.2013790
seq-01/frame-000199,1,0.01287876,1.009135,462,343,269,0.71,89.51,31.05,11.02,132.30,0.912189114,-0.092141864,0.363894804,0.164321237,0.2437119,-0.1244906,0.2032571
seq-01/frame-000200,1,0.01677165,1.230074,457,324,266,0.71,62.93,41.13,26.33,131.10,0.908372529,-0.087699949,0.373374494,0.166611985,0.2479902,-0.1223514,0.1991700
seq-01/frame-000201,1,0.01364711,0.939567,457,355,289,0.71,78.93,49.31,25.98,154.94,0.903465808,-0.086755483,0.382078690,0.173893344,0.2592739,-0.1271366,0.1949412
seq-01/frame-000202,1,0.01361311,0.938829,457,355,289,0.71,60.41,59.78,14.30,135.20,0.903465808,-0.086755483,0.382078690,0.173893344,0.2592739,-0.1271366,0.1949412
seq-01/frame-000203,1,0.02555311,1.390060,459,351,276,0.71,94.20,25.72,23.63,144.27,0.901727775,-0.089223406,0.383376690,0.178741483,0.2699280,-0.1341869,0.1763151
seq-01/frame-000204,1,0.00988617,0.732558,594,443,353,0.71,89.14,30.21,21.53,141.59,0.895286333,-0.087684704,0.396599285,0.182983012,0.2800498,-0.1310858,0.1872027
seq-01/frame-000205,1,0.00796550,0.413888,689,531,454,0.74,85.83,44.97,13.20,144.74,0.892040518,-0.085156778,0.402295360,0.187537944,0.2881535,-0.1301207,0.1858783
seq-01/frame-000206,1,0.01050675,0.462058,717,530,452,0.73,99.27,31.81,22.58,154.40,0.890975709,-0.084533403,0.404514591,0.188107246,0.2906286,-0.1312626,0.1783863
seq-01/frame-000207,1,0.01355816,0.426008,606,432,368,0.71,95.01,56.39,9.95,162.07,0.889133319,-0.086661779,0.407979505,0.188373037,0.2947199,-0.1318508,0.1717837
seq-01/frame-000208,1,0.01057327,0.264269,538,381,311,0.72,88.47,26.24,8.54,123.98,0.886674417,-0.087738076,0.414016520,0.186281584,0.3014655,-0.1286025,0.1720609
seq-01/frame-000209,1,0.01541289,0.403934,550,372,311,0.70,101.54,43.36,26.02,171.63,0.884383714,-0.092725197,0.418999825,0.183593657,0.3024100,-0.1334387,0.1641876
seq-01/frame-000210,1,0.01618340,0.655717,550,372,311,0.71,63.50,30.51,29.39,124.12,0.884383714,-0.092725197,0.418999825,0.183593657,0.3024100,-0.1334387,0.1641876
seq-01/frame-000211,1,0.00940358,0.135323,790,563,470,0.74,117.16,44.39,6.17,168.46,0.881869689,-0.093543515,0.424073522,0.183622193,0.3107391,-0.1301776,0.1662997
seq-01/frame-000212,1,0.00565754,0.058677,852,611,512,0.75,113.84,56.60,11.23,182.43,0.880286093,-0.094494371,0.427111711,0.183692118,0.3176900,-0.1286618,0.1676615
seq-01/frame-000213,1,0.00763117,0.104774,841,552,458,0.75,121.23,57.82,6.37,186.17,0.879528555,-0.095336578,0.428727150,0.183121512,0.3206314,-0.1289967,0.1628618
seq-01/frame-000214,1,0.00771014,0.094858,841,552,458,0.74,78.49,77.16,6.16,162.55,0.879528555,-0.095336578,0.428727150,0.183121512,0.3206314,-0.1289967,0.1628618
seq-01/frame-000215,1,0.00702921,0.150622,1059,695,558,0.79,134.93,54.60,19.36,209.69,0.878856799,-0.095223625,0.430317700,0.182674204,0.3231040,-0.1271358,0.1614314
seq-01/frame-000216,1,0.00636385,0.113322,1071,690,539,0.81,127.17,47.53,20.75,196.27,0.879648617,-0.095298551,0.428932887,0.182079856,0.3277854,-0.1244552,0.1607441
seq-01/frame-000217,1,0.00720744,0.182999,773,553,459,0.74,96.81,60.89,38.97,197.43,0.882057476,-0.094094613,0.424324733,0.181849756,0.3302158,-0.1231272,0.1583968
seq-01/frame-000218,1,0.00701599,1.353075,651,470,362,0.72,118.39,27.86,23.87,170.84,0.887319100,-0.092733001,0.414217309,0.180248235,0.3353861,-0.1222413,0.1561392
seq-01/frame-000219,1,0.00678121,0.366076,651,470,362,0.69,95.36,50.77,18.10,164.92,0.887319100,-0.092733001,0.414217309,0.180248235,0.3353861,-0.1222413,0.1561392
seq-01/frame-000220,1,0.00979632,0.440366,607,426,342,0.72,71.05,42.30,17.16,131.23,0.891584484,-0.088713060,0.405967521,0.179992982,0.3385275,-0.1194190,0.1563131
seq-01/frame-000221,1,0.00676936,0.310249,878,619,515,0.75,104.03,59.81,19.68,184.27,0.896872815,-0.086327997,0.395966405,0.177136211,0.3401802,-0.1212668,0.1489130
seq-01/frame-000222,1,0.00715293,0.325254,1131,776,625,0.80,112.20,45.21,20.51,178.72,0.899508732,-0.086832155,0.391741397,0.172866699,0.3421090,-0.1204469,0.1436677
seq-01/frame-000223,1,0.00680704,0.333035,1122,820,680,0.79,103.29,86.18,31.41,221.68,0.901477346,-0.086112364,0.388787816,0.169609228,0.3455417,-0.1188746,0.1400228
seq-01/frame-000224,1,0.00809705,0.741770,1122,820,680,0.79,139.10,71.94,16.60,228.44,0.901477346,-0.086112364,0.388787816,0.169609228,0.3455417,-0.1188746,0.1400228
seq-01/frame-000225,1,0.00691490,0.341550,1046,746,614,0.79,106.51,62.24,43.32,212.87,0.903870530,-0.086254341,0.384398156,0.166782230,0.3464726,-0.1186615,0.1357167
seq-01/frame-000226,1,0.00732632,0.324685,1129,842,667,0.80,149.33,78.40,25.29,253.82,0.905883156,-0.086233005,0.380246865,0.165384095,0.3479274,-0.1178600,0.1303084
seq-01/frame-000227,1,0.00675570,0.349813,1109,826,692,0.78,115.28,67.69,8.78,192.53,0.907702697,-0.085909844,0.376182792,0.164869100,0.3511988,-0.1162251,0.1267632
seq-01/frame-000228,1,0.00631075,0.321206,840,662,547,0.76,104.40,48.76,14.45,168.37,0.910049722,-0.085141901,0.370576784,0.165024868,0.3527444,-0.1159270,0.1240579
seq-01/frame-000229,1,0.00713166,0.334238,761,594,509,0.76,79.33,59.58,19.29,158.96,0.913578375,-0.084443105,0.362334628,0.164187488,0.3521115,-0.1148506,0.1165276
seq-01/frame-000230,1,0.00878180,0.404595,721,596,508,0.74,84.35,47.38,19.96,152.43,0.916617452,-0.083758240,0.354343661,0.165038099,0.3526201,-0.1111250,0.1123244
seq-01/frame-000231,1,0.00865622,0.409216,721,596,508,0.75,85.98,49.84,22.92,159.50,0.916617452,-0.083758240,0.354343661,0.165038099,0.3526201,-0.1111250,0.1123244
seq-01/frame-000232,1,0.00552238,0.451569,1082,810,688,0.80,89.43,84.77,24.66,199.66,0.919386200,-0.088154907,0.346508728,0.163979965,0.3566968,-0.1142465,0.1076016
seq-01/frame-000233,1,0.00540693,0.441660,951,749,639,0.77,80.14,61.13,32.52,174.56,0.920912277,-0.086044773,0.342039147,0.165909909,0.3593817,-0.1137937,0.1042626
seq-01/frame-000234,1,0.00679751,0.429274,913,719,599,0.76,98.61,60.49,7.30,167.17,0.923719742,-0.083966651,0.335967201,0.163760433,0.3568050,-0.1119428,0.0963153
seq-01/frame-000235,1,0.00843945,0.469746,1056,804,692,0.79,123.87,49.69,17.12,191.47,0.926058977,-0.088011322,0.330093402,0.160334412,0.3582278,-0.1134750,0.0858970
seq-01/frame-000236,1,0.00638959,0.534203,1022,816,699,0.78,120.84,73.97,17.97,213.56,0.926126153,-0.087673346,0.329582969,0.161179405,0.3609022,-0.1133812,0.0849050
seq-01/frame-000237,1,0.00796032,0.517729,852,645,557,0.75,99.74,67.89,31.19,199.57,0.927202555,-0.084966144,0.326519220,0.162669529,0.3599072,-0.1155902,0.0807330
seq-01/frame-000238,1,0.00866876,0.632406,852,645,557,0.74,85.58,69.17,25.58,181.06,0.927202555,-0.084966144,0.326519220,0.162669529,0.3599072,-0.1155902,0.0807330
seq-01/frame-000239,1,0.00986082,0.798497,717,568,473,0.72,91.96,53.58,26.93,173.20,0.929596504,-0.078502076,0.320736125,0.163756227,0.3637006,-0.1143052,0.0780776
seq-01/frame-000240,1,0.01117534,0.854766,739,569,491,0.73,77.60,42.39,28.81,149.53,0.932391876,-0.072364888,0.312408940,0.166761410,0.3612713,-0.1142064,0.0706623
seq-01/frame-000241,1,0.00974653,0.855918,971,730,630,0.76,101.68,58.96,40.84,202.24,0.935872686,-0.071588581,0.300748903,0.169019193,0.3625706,-0.1186198,0.0577154
seq-01/frame-000242,1,0.01187814,0.981314,951,718,622,0.76,80.67,62.31,40.09,183.83,0.937467887,-0.066267613,0.295904516,0.170889094,0.3625613,-0.1190080,0.0517642
seq-01/frame-000243,1,0.00694745,0.698487,1128,834,738,0.81,101.05,72.38,26.96,201.20,0.940332957,-0.060228804,0.288127894,0.170671435,0.3667140,-0.1140402,0.0421542
seq-01/frame-000244,1,0.00937035,0.769382,1280,907,796,0.82,113.25,89.49,18.87,222.43,0.941879140,-0.059418881,0.283141084,0.170775318,0.3690180,-0.1155567,0.0302772
seq-01/frame-000245,1,0.00937095,0.778448,1280,907,796,0.82,113.08,81.93,18.79,214.62,0.941879140,-0.059418881,0.283141084,0.170775318,0.3690180,-0.1155567,0.0302772
seq-01/frame-000246,1,0.00988147,0.840654,1092,753,660,0.78,104.63,70.27,6.91,182.59,0.942173251,-0.056393306,0.282044537,0.171989069,0.3710347,-0.1169390,0.0256091
seq-01/frame-000247,1,0.00897642,0.682275,1272,873,773,0.81,97.54,87.95,14.85,201.16,0.943907583,-0.051289776,0.277898224,0.170822745,0.3749841,-0.1119396,0.0166174
seq-01/frame-000248,1,0.00985585,0.768152,1198,882,765,0.81,114.48,44.51,47.20,207.01,0.944479929,-0.049057409,0.276255444,0.170979426,0.3777196,-0.1119217,0.0100140
seq-01/frame-000249,1,0.01006179,0.738763,1295,928,797,0.84,100.17,114.30,16.22,231.52,0.945336847,-0.044285770,0.272970999,0.172811602,0.3817558,-0.1083717,0.0022928
seq-01/frame-000250,1,0.00742167,0.733854,1271,892,772,0.82,118.28,87.00,28.83,234.94,0.946681747,-0.043029865,0.266672691,0.175578405,0.3918728,-0.1065615,-0.0051202
seq-01/frame-000251,1,0.00960843,0.984561,994,723,621,0.76,112.02,56.37,9.74,178.89,0.947531919,-0.042229866,0.262255441,0.177825713,0.3985191,-0.1115544,-0.0123133
seq-01/frame-000252,1,0.00949388,0.962273,994,723,621,0.76,90.18,57.66,9.73,158.34,0.947531919,-0.042229866,0.262255441,0.177825713,0.3985191,-0.1115544,-0.0123133
seq-01/frame-000253,1,0.01108689,0.659689,1061,762,658,0.79,123.00,61.98,24.24,210.01,0.947744113,-0.033851358,0.262523749,0.178091163,0.3963120,-0.1075398,-0.0193914
seq-01/frame-000254,1,0.01018116,0.655301,1259,904,783,0.82,111.97,84.52,23.90,221.21,0.948469876,-0.028238224,0.258286712,0.181371089,0.4015070,-0.1039932,-0.0255295
seq-01/frame-000255,1,0.00680524,0.592766,1273,951,820,0.83,113.25,47.09,26.07,187.24,0.950009587,-0.023643502,0.251736563,0.183170608,0.4092039,-0.0990974,-0.0301099
seq-01/frame-000256,1,0.00653640,0.625783,1325,979,847,0.84,111.12,88.64,29.11,229.71,0.951515786,-0.020833407,0.244646910,0.185287796,0.4186097,-0.0953383,-0.0385473
seq-01/frame-000257,1,0.00930384,0.693592,1283,943,836,0.82,82.96,97.58,12.68,194.04,0.951725110,-0.020303795,0.241487004,0.188390810,0.4226816,-0.0966193,-0.0470883
seq-01/frame-000258,1,0.02053245,1.069907,1246,953,835,0.80,102.82,93.76,22.35,219.73,0.952697259,-0.021608492,0.237473101,0.188434427,0.4266236,-0.0952100,-0.0600461
seq-01/frame-000259,1,0.01661525,0.839989,1246,953,835,0.79,134.29,59.38,10.65,205.11,0.952697259,-0.021608492,0.237473101,0.188434427,0.4266236,-0.0952100,-0.0600461
seq-01/frame-000260,1,0.01034957,0.539374,1090,864,775,0.77,105.86,77.01,25.61,209.25,0.953186496,-0.022295243,0.234314916,0.189828728,0.4384183,-0.0889126,-0.0616943
seq-01/frame-000261,1,0.00835464,0.610615,1285,951,841,0.83,124.77,79.66,22.94,228.20,0.953396599,-0.024354407,0.233228117,0.189858980,0.4447534,-0.0892378,-0.0645868
seq-01/frame-000262,1,0.00754572,0.998403,1114,841,754,0.80,98.32,67.46,21.47,188.06,0.956655258,-0.026870525,0.223475706,0.184789880,0.4585682,-0.0910518,-0.0696541
seq-01/frame-000263,1,0.00739933,0.980199,1114,841,754,0.80,120.49,66.95,11.80,200.05,0.956655258,-0.026870525,0.223475706,0.184789880,0.4585682,-0.0910518,-0.0696541
seq-01/frame-000264,1,0.01580986,1.072617,1223,936,802,0.81,104.27,70.76,34.29,210.14,0.958980614,-0.029882851,0.218987559,0.177503932,0.4617809,-0.0943619,-0.0794362
seq-01/frame-000265,1,0.00737477,0.866022,1311,994,877,0.82,126.14,69.32,22.98,219.26,0.961140892,-0.029551902,0.211009181,0.175527763,0.4737185,-0.0878582,-0.0773670
seq-01/frame-000266,1,0.00700155,0.639155,1115,876,779,0.79,105.91,69.98,22.84,199.53,0.962230453,-0.030592531,0.205218510,0.176244191,0.4775900,-0.0850613,-0.0777839
seq-01/frame-000267,1,0.00684423,0.637536,1115,876,779,0.78,91.34,72.67,13.66,178.45,0.962230453,-0.030592531,0.205218510,0.176244191,0.4775900,-0.0850613,-0.0777839
seq-01/frame-000268,1,0.00736014,0.842341,855,657,583,0.76,73.51,42.05,43.39,159.71,0.964671006,-0.034982464,0.194895071,0.173787195,0.4880653,-0.0910559,-0.0816373
seq-01/frame-000269,1,0.01044315,0.969833,852,684,600,0.76,113.65,60.76,25.81,200.98,0.967892085,-0.033459385,0.184813311,0.167061132,0.4962360,-0.0952367,-0.0846435
seq-01/frame-000270,1,0.01570255,1.013445,754,600,521,1.25,100.73,46.63,27.27,175.89,0.970729973,-0.032562434,0.174350398,0.161941181,0.4978498,-0.0909219,-0.0918614
seq-01/frame-000271,1,0.01926715,2.428281,659,516,435,0.74,76.13,26.01,31.20,134.07,0.973942111,-0.040025086,0.160659985,0.154993953,0.5074174,-0.0991651,-0.0885679
seq-01/frame-000272,1,0.01573601,1.244980,659,516,435,0.75,97.33,43.53,29.83,171.45,0.973942111,-0.040025086,0.160659985,0.154993953,0.5074174,-0.0991651,-0.0885679
seq-01/frame-000273,1,0.02529399,1.598408,597,420,342,0.73,90.53,48.81,13.66,153.74,0.977708140,-0.039460804,0.144881070,0.146762100,0.5135667,-0.1059138,-0.0989198
seq-01/frame-000274,1,0.00982956,0.923693,796,611,532,0.77,90.81,65.84,6.41,163.83,0.982772335,-0.032606601,0.123950699,0.133159945,0.5285793,-0.0940140,-0.0859846
seq-01/frame-000275,1,0.00389415,0.573490,888,724,645,0.81,114.90,51.94,6.98,174.63,0.985187505,-0.030470022,0.107977673,0.129684152,0.5414590,-0.0880564,-0.0880348
seq-01/frame-000276,1,0.01027692,1.592851,1028,847,758,0.81,112.85,74.68,44.30,232.63,0.986014711,-0.031193951,0.097752012,0.131325819,0.5502340,-0.0872882,-0.0854172
seq-01/frame-000277,1,0.00361041,0.403090,1028,847,758,0.81,110.58,71.56,21.88,204.83,0.986014711,-0.031193951,0.097752012,0.131325819,0.5502340,-0.0872882,-0.0854172
seq-01/frame-000278,1,0.00584618,0.460831,858,691,625,0.77,104.53,51.25,10.20,166.74,0.986470468,-0.031647520,0.085939763,0.135973554,0.5585585,-0.0891908,-0.0850988
seq-01/frame-000279,1,0.00608251,0.648797,1101,863,792,0.79,108.65,99.73,13.54,222.70,0.987512135,-0.030632153,0.072559668,0.136442472,0.5736741,-0.0895714,-0.0855726
seq-01/frame-000280,1,0.01335319,1.159897,1222,991,887,0.81,92.80,88.70,27.76,210.07,0.988893732,-0.027979231,0.065082233,0.130654705,0.5845329,-0.0873217,-0.0861434
seq-01/frame-000281,1,0.00692570,0.685522,1222,991,887,0.78,111.80,54.04,40.22,206.84,0.988893732,-0.027979231,0.065082233,0.130654705,0.5845329,-0.0873217,-0.0861434
seq-01/frame-000282,1,0.00760104,0.660718,1277,1008,898,0.83,106.75,102.07,8.48,218.14,0.990197806,-0.027254062,0.058395052,0.123917468,0.5948233,-0.0866329,-0.0865335
seq-01/frame-000283,1,0.00566935,0.493332,1299,991,876,0.86,115.27,75.58,41.97,233.69,0.991092988,-0.026448472,0.052170803,0.119638520,0.6040314,-0.0839861,-0.0873061
seq-01/frame-000284,1,0.00674375,0.481025,1138,941,849,0.83,98.76,52.47,45.60,197.65,0.991296117,-0.026218515,0.047235631,0.120055792,0.6174271,-0.0820097,-0.0859711
seq-01/frame-000285,1,0.00552222,0.446549,950,778,705,0.79,135.24,56.45,12.88,205.36,0.991288835,-0.025900958,0.045958563,0.120678897,0.6308566,-0.0785264,-0.0891456
seq-01/frame-000286,1,0.00825763,0.412703,1305,1019,907,0.84,115.00,106.30,8.29,230.43,0.990827147,-0.029113774,0.046579724,0.123467734,0.6414705,-0.0818275,-0.0839293
seq-01/frame-000287,1,0.00826118,0.402410,1305,1019,907,0.85,98.16,92.06,13.48,204.55,0.990827147,-0.029113774,0.046579724,0.123467734,0.6414705,-0.0818275,-0.0839293
seq-01/frame-000288,1,0.00657192,0.526723,1118,906,827,0.82,102.37,71.90,19.06,194.15,0.990787410,-0.030258710,0.040664512,0.125583102,0.6497642,-0.0853971,-0.0859799
seq-01/frame-000289,1,0.00499260,0.543992,920,737,651,0.80,93.33,66.64,24.70,185.48,0.991588423,-0.030422477,0.028070196,0.122633343,0.6594079,-0.0868983,-0.0892954
seq-01/frame-000290,1,0.00597829,0.538783,1051,800,709,0.82,94.31,54.24,10.40,159.77,0.992687812,-0.029639197,0.015805017,0.115942343,0.6700092,-0.0860541,-0.0896866
seq-01/frame-000291,1,0.00758329,0.575543,1195,896,790,0.84,83.43,83.18,9.55,177.00,0.993572257,-0.031523804,0.006035711,0.108554091,0.6807498,-0.0859799,-0.0893058
seq-01/frame-000292,1,0.00758512,0.575070,1195,896,790,0.83,116.77,78.98,16.93,213.51,0.993572257,-0.031523804,0.006035711,0.108554091,0.6807498,-0.0859799,-0.0893058
seq-01/frame-000293,1,0.01057839,0.467239,1368,1013,877,0.84,106.08,88.88,24.20,220.01,0.994330904,-0.032811158,-0.000994370,0.101136011,0.6931703,-0.0859214,-0.0861877
seq-01/frame-000294,1,0.00817754,0.523254,1270,963,856,0.83,106.36,67.48,19.85,194.52,0.994835883,-0.034827395,-0.007233071,0.095059463,0.7044233,-0.0876744,-0.0909374
seq-01/frame-000295,1,0.00970330,0.568088,1182,875,791,0.81,122.22,48.78,36.92,208.72,0.995538308,-0.036758239,-0.014192057,0.085737357,0.7174060,-0.0862929,-0.0915041
seq-01/frame-000296,1,0.00977065,0.577891,1182,875,791,0.81,127.49,62.05,26.26,216.61,0.995538308,-0.036758239,-0.014192057,0.085737357,0.7174060,-0.0862929,-0.0915041
seq-01/frame-000297,1,0.00849539,0.321089,1335,906,790,0.84,123.65,82.70,19.80,226.99,0.996023651,-0.038479845,-0.017877763,0.078336290,0.7282113,-0.0843334,-0.0890888
seq-01/frame-000298,1,0.00850190,0.297090,1263,904,788,0.82,117.00,74.31,19.15,211.29,0.996253799,-0.041042295,-0.020750009,0.073234795,0.7380818,-0.0841438,-0.0882807
seq-01/frame-000299,1,0.00907312,0.200729,1247,912,766,0.81,108.72,91.80,22.89,224.22,0.996678758,-0.042122407,-0.024218236,0.065350077,0.7480030,-0.0796445,-0.0874363
seq-01/frame-000300,1,0.00729945,0.141449,1215,867,760,0.80,106.75,79.08,29.62,216.25,0.996780967,-0.048141247,-0.026704522,0.058283727,0.7550475,-0.0823505,-0.0858821
seq-01/frame-000301,1,0.00716742,0.143467,1215,867,760,0.81,116.84,94.72,12.07,224.45,0.996780967,-0.048141247,-0.026704522,0.058283727,0.7550475,-0.0823505,-0.0858821
seq-01/frame-000302,1,0.01006080,0.203153,1364,1002,843,0.84,105.82,67.38,35.47,209.53,0.996827756,-0.050861947,-0.033347615,0.051336375,0.7684796,-0.0827773,-0.0830266
seq-01/frame-000303,1,0.01079070,0.245369,1467,1001,839,0.89,137.60,78.74,15.18,232.43,0.997086473,-0.050393749,-0.035052551,0.045280832,0.7750787,-0.0813193,-0.0794006
seq-01/frame-000304,1,0.01393899,0.171714,1387,1025,885,0.87,87.71,98.36,9.03,195.97,0.996895173,-0.051233435,-0.040484675,0.044001586,0.7849648,-0.0832471,-0.0750397
seq-01/frame-000305,1,0.01927442,0.787635,1408,949,811,0.87,123.07,74.72,43.37,242.03,0.996732755,-0.049290775,-0.048378163,0.041878257,0.7952195,-0.0830952,-0.0734461
seq-01/frame-000306,1,0.01458111,0.139415,1408,949,811,0.88,111.29,96.82,30.36,239.35,0.996732755,-0.049290775,-0.048378163,0.041878257,0.7952195,-0.0830952,-0.0734461
seq-01/frame-000307,1,0.01048907,0.147213,1235,807,694,0.85,126.67,88.71,20.25,236.48,0.996506539,-0.048938146,-0.056306169,0.037541852,0.8024245,-0.0843000,-0.0759696
seq-01/frame-000308,1,0.01207537,0.140167,1266,845,714,0.86,118.22,75.08,39.07,233.23,0.996129720,-0.048883699,-0.066101545,0.031089403,0.8121422,-0.0853149,-0.0734754
seq-01/frame-000309,1,0.01356009,0.167577,1445,1001,868,0.87,91.00,99.67,25.44,216.98,0.995752154,-0.048131755,-0.074334726,0.025205769,0.8217759,-0.0862044,-0.0710215
seq-01/frame-000310,1,0.01661544,0.913168,1434,1034,879,0.85,133.86,104.61,42.82,282.15,0.995307971,-0.047223033,-0.081846596,0.020812553,0.8316025,-0.0894852,-0.0713700
seq-01/frame-000311,1,0.01211205,0.160184,1434,1034,879,0.85,131.54,99.85,17.17,249.41,0.995307971,-0.047223033,-0.081846596,0.020812553,0.8316025,-0.0894852,-0.0713700
seq-01/frame-000312,1,0.01149112,0.094093,1491,1023,859,0.87,124.14,83.55,12.56,221.12,0.994935063,-0.044075556,-0.088474855,0.018269275,0.8404986,-0.0894955,-0.0710714
seq-01/frame-000313,1,0.01001340,0.478710,1194,793,666,0.85,114.45,65.76,30.28,211.33,0.994513006,-0.041980170,-0.094937096,0.012980546,0.8445283,-0.0881137,-0.0728428
seq-01/frame-000314,1,0.00788169,0.275609,1384,915,774,0.88,109.51,88.79,41.79,240.97,0.993073305,-0.045173447,-0.108207019,0.007484146,0.8598971,-0.0944187,-0.0738493
seq-01/frame-000315,1,0.01281764,0.585858,1317,901,744,0.88,133.38,84.63,22.48,241.37,0.992718853,-0.041757022,-0.112954821,0.002615176,0.8599080,-0.0893024,-0.0687172
seq-01/frame-000316,1,0.00794090,0.250943,1373,935,795,0.89,108.49,114.39,20.02,243.80,0.990945334,-0.045440275,-0.126332908,-0.001588348,0.8747155,-0.0963475,-0.0702904
seq-01/frame-000317,1,0.00810884,0.293795,1373,935,795,0.88,118.00,79.59,27.24,225.72,0.990945334,-0.045440275,-0.126332908,-0.001588348,0.8747155,-0.0963475,-0.0702904
seq-01/frame-000318,1,0.00908963,0.143086,1628,1089,933,0.93,132.26,95.24,13.18,241.61,0.990044507,-0.045572769,-0.133120817,-0.003720917,0.8828277,-0.0992278,-0.0676784
seq-01/frame-000319,1,0.01043187,0.208028,1515,1077,906,0.88,108.33,81.11,24.49,214.81,0.989278757,-0.043595479,-0.139164225,-0.007764862,0.8883682,-0.0974339,-0.0643721
seq-01/frame-000320,1,0.00889369,0.235972,1703,1152,1000,0.93,155.34,103.87,12.08,272.23,0.988130835,-0.044813664,-0.146099066,-0.015628553,0.8972840,-0.1027668,-0.0644314
seq-01/frame-000321,1,0.00871771,0.198005,1354,926,811,0.89,133.67,74.26,22.45,231.26,0.987440984,-0.043726795,-0.150421494,-0.020533993,0.8995353,-0.1036121,-0.0620266
seq-01/frame-000322,1,0.00721578,0.430655,1163,758,644,0.85,85.36,90.50,10.08,186.80,0.986039817,-0.042139278,-0.159217702,-0.024484359,0.9037810,-0.1047944,-0.0620371
seq-01/frame-000323,1,0.00716465,0.420746,1163,758,644,0.86,107.84,70.26,22.14,201.10,0.986039817,-0.042139278,-0.159217702,-0.024484359,0.9037810,-0.1047944,-0.0620371
seq-01/frame-000324,1,0.01071366,0.622627,1128,725,614,0.87,106.66,59.24,15.39,182.16,0.984764558,-0.043045729,-0.166282029,-0.027131469,0.9021081,-0.1099755,-0.0636246
seq-01/frame-000325,1,0.01988243,0.998217,1172,664,532,0.86,98.51,95.62,7.06,202.06,0.983179037,-0.045831910,-0.173755445,-0.032672036,0.8997374,-0.1166919,-0.0651037
seq-01/frame-000326,1,0.00635945,0.473315,1369,908,768,0.87,123.01,103.22,11.91,239.01,0.979573155,-0.046781164,-0.191237692,-0.040940216,0.9211748,-0.1177766,-0.0597654
seq-01/frame-000327,1,0.01123812,0.836100,1120,735,614,0.86,132.76,89.04,22.64,245.31,0.978186228,-0.044319630,-0.197798546,-0.045422572,0.9221175,-0.1146823,-0.0555217
seq-01/frame-000328,1,0.01807408,0.891998,1319,840,696,0.88,110.70,74.06,33.93,219.56,0.975693612,-0.052823892,-0.206669933,-0.050191151,0.9227971,-0.1297724,-0.0611439
seq-01/frame-000329,1,0.00666178,0.308124,1748,1175,985,0.89,146.95,108.08,43.85,299.77,0.972385022,-0.050188594,-0.220889769,-0.056179927,0.9451417,-0.1256648,-0.0479930
seq-01/frame-000330,1,0.00635570,0.349668,1597,1068,890,0.87,173.13,90.97,44.01,308.99,0.971095155,-0.051815373,-0.224023692,-0.064052738,0.9480636,-0.1285820,-0.0475080
seq-01/frame-000331,1,0.00554001,0.349865,1772,1127,942,0.92,135.21,101.37,7.53,245.03,0.968908374,-0.054488402,-0.230458597,-0.071668760,0.9541012,-0.1335015,-0.0459366
seq-01/frame-000332,1,0.00663018,0.376053,1724,1123,930,0.90,149.47,124.09,17.66,292.13,0.967257771,-0.056516550,-0.235594178,-0.075588806,0.9588952,-0.1372586,-0.0433717
seq-01/frame-000333,1,0.00541926,0.343155,1492,977,841,0.87,116.46,132.12,15.02,264.48,0.964932740,-0.058996502,-0.242017438,-0.082775480,0.9636047,-0.1398488,-0.0423541
seq-01/frame-000334,1,0.00868260,0.668710,1346,928,782,0.84,158.67,101.30,38.46,299.28,0.962809814,-0.060844266,-0.247352591,-0.090066267,0.9668964,-0.1386713,-0.0378487
seq-01/frame-000335,1,0.01764677,1.043640,1251,787,632,0.83,127.75,63.98,36.92,229.48,0.960927709,-0.067895382,-0.249967573,-0.097592870,0.9601449,-0.1465716,-0.0420701
seq-01/frame-000336,1,0.00975931,0.603009,1483,949,784,0.89,116.27,108.62,10.10,235.88,0.956857541,-0.072947436,-0.262006081,-0.102250337,0.9714971,-0.1526779,-0.0344440
seq-01/frame-000337,1,0.01043988,0.630484,1429,955,800,0.87,132.48,85.34,23.33,242.02,0.954267626,-0.076184288,-0.268821600,-0.106321210,0.9751397,-0.1566349,-0.0310435
seq-01/frame-000338,1,0.02125762,0.967789,1582,964,809,0.90,148.90,110.26,18.59,278.64,0.952389533,-0.084628546,-0.270469685,-0.112420350,0.9691099,-0.1696726,-0.0384832
seq-01/frame-000339,1,0.01145102,0.702693,1719,1073,891,0.89,174.67,108.01,14.89,298.45,0.949412378,-0.085208551,-0.279163353,-0.115859660,0.9824956,-0.1678383,-0.0286823
seq-01/frame-000340,1,0.01819059,0.842287,1442,916,768,0.84,122.04,87.02,26.08,235.99,0.948069570,-0.092971180,-0.280137528,-0.118504922,0.9820959,-0.1756780,-0.0318792
seq-01/frame-000341,1,0.01461284,0.617428,1509,936,773,0.87,129.35,77.27,13.81,221.31,0.945205215,-0.101242254,-0.285187005,-0.122496859,0.9897438,-0.1835910,-0.0242247
seq-01/frame-000342,1,0.01892269,0.820255,1708,1030,835,0.90,157.69,109.98,27.33,295.90,0.944195524,-0.108157605,-0.284636683,-0.125613312,0.9877414,-0.1907013,-0.0203740
seq-01/frame-000343,1,0.01158617,0.350863,1649,998,798,0.88,119.20,113.57,8.65,242.31,0.941256929,-0.110202231,-0.291718846,-0.129579998,0.9972978,-0.1902052,-0.0076799
seq-01/frame-000344,1,0.01027819,0.311398,1766,1055,851,0.89,132.24,110.76,14.42,258.30,0.939358680,-0.113583473,-0.295221777,-0.132469495,1.0004484,-0.1937694,-0.0028609
seq-01/frame-000345,1,0.02141796,0.801618,1795,1063,849,0.90,130.96,119.00,41.40,292.26,0.937724051,-0.124526142,-0.294629653,-0.135499860,0.9934085,-0.2119273,-0.0025964
seq-01/frame-000346,1,0.01917312,0.795009,1832,1096,862,0.90,165.71,100.48,81.51,348.61,0.936289051,-0.126243316,-0.296850121,-0.138944033,0.9942796,-0.2142366,0.0009583
seq-01/frame-000347,1,0.01071548,0.356257,1690,1003,779,0.88,124.67,123.58,22.29,271.43,0.934303971,-0.126197964,-0.302025718,-0.141175879,1.0017219,-0.2095203,0.0106411
seq-01/frame-000348,1,0.01188547,0.408124,1868,1039,814,0.90,191.11,142.43,9.35,343.79,0.931753691,-0.130874141,-0.305925564,-0.145315409,1.0038289,-0.2161780,0.0182962
seq-01/frame-000349,1,0.01072573,0.443498,1811,1001,768,0.92,124.96,169.97,25.82,321.68,0.930534927,-0.134114639,-0.307127857,-0.147616029,1.0040046,-0.2226412,0.0217955
seq-01/frame-000350,1,0.01078314,0.423722,1796,1007,790,0.88,163.44,153.17,27.96,345.45,0.927112735,-0.142562062,-0.311004187,-0.153017745,1.0057283,-0.2358337,0.0315160
seq-01/frame-000351,1,0.01245384,0.399235,1746,997,769,0.88,140.82,153.85,16.09,311.65,0.926117583,-0.146826440,-0.310455570,-0.156094710,1.0039783,-0.2431414,0.0376607
seq-01/frame-000352,1,0.01453604,0.346719,1770,1007,797,0.87,132.30,146.27,17.87,297.31,0.924427847,-0.151929829,-0.311203744,-0.159695685,0.9989699,-0.2511196,0.0427096
seq-01/frame-000353,1,0.01714573,0.879406,1668,1001,811,0.87,195.30,83.22,10.05,289.45,0.921346642,-0.156719355,-0.312917680,-0.169239281,0.9997554,-0.2591085,0.0509216
seq-01/frame-000354,1,0.01119780,0.593415,1801,1021,808,0.87,191.08,110.15,33.15,335.25,0.920573202,-0.161719255,-0.311017697,-0.172220367,0.9948791,-0.2645858,0.0559349
seq-01/frame-000355,1,0.01378937,0.860103,1704,1007,778,0.87,168.23,114.82,12.28,296.20,0.919170033,-0.164726449,-0.311918716,-0.175209477,0.9910854,-0.2691816,0.0646751
seq-01/frame-000356,1,0.01457340,0.602090,1661,977,770,0.83,154.52,116.10,15.35,286.80,0.919382601,-0.167490775,-0.310274262,-0.174391388,0.9878772,-0.2792673,0.0705899
seq-01/frame-000357,1,0.01330118,0.798558,1652,1024,836,0.87,120.57,80.43,11.66,213.53,0.920796630,-0.167865369,-0.305604062,-0.174816877,0.9805776,-0.2858283,0.0763987
seq-01/frame-000358,1,0.01170277,0.688424,1811,1077,834,1.26,148.23,119.20,18.59,287.28,0.921443748,-0.170089515,-0.304456721,-0.171222314,0.9789195,-0.2896491,0.0802793
seq-01/frame-000359,1,0.00948979,0.674670,1753,1087,861,0.88,126.53,114.21,7.94,249.55,0.921370211,-0.173957554,-0.302988744,-0.170333569,0.9765378,-0.2937490,0.0813641
seq-01/frame-000360,1,0.01055071,0.513491,1644,1018,821,0.85,147.97,92.51,18.08,259.41,0.921580325,-0.181018860,-0.298904897,-0.169049521,0.9728657,-0.3001179,0.0851787
seq-01/frame-000361,1,0.01103858,0.501141,1665,1053,841,0.87,108.67,130.52,27.39,267.46,0.921848335,-0.186721352,-0.295121979,-0.168029167,0.9684341,-0.3040026,0.0898929
seq-01/frame-000362,1,0.01009834,0.656761,1518,966,792,0.85,96.49,111.64,9.36,218.34,0.922444143,-0.190721974,-0.290726433,-0.167928773,0.9647073,-0.3064668,0.0925196
seq-01/frame-000363,1,0.01088444,0.591403,1721,1089,874,0.87,161.49,134.18,12.40,308.93,0.923226136,-0.197433377,-0.285279664,-0.165194057,0.9575306,-0.3120983,0.0952732
seq-01/frame-000364,1,0.00851744,0.757007,1759,1077,859,0.88,132.31,104.67,47.74,285.61,0.922581080,-0.202530997,-0.284432455,-0.164083895,0.9535083,-0.3169130,0.0971612
seq-01/frame-000365,1,0.00665648,0.537430,1243,824,675,0.81,130.39,61.76,21.57,214.52,0.923185918,-0.208356743,-0.279669550,-0.161555476,0.9517210,-0.3224799,0.0963203
seq-01/frame-000366,1,0.00762729,0.451839,1839,1104,895,0.93,165.84,99.53,9.04,275.34,0.924673015,-0.216534166,-0.270601220,-0.157695117,0.9461785,-0.3271327,0.0991239
seq-01/frame-000367,1,0.00675224,0.644480,1796,1069,858,0.91,154.45,96.93,10.32,262.61,0.924687823,-0.221179244,-0.265509333,-0.159802898,0.9408116,-0.3322505,0.1005908
seq-01/frame-000368,1,0.00604452,0.425140,1743,1123,917,0.89,107.87,108.15,29.95,246.86,0.925476114,-0.227924783,-0.258002180,-0.158047873,0.9362644,-0.3391300,0.1000271
seq-01/frame-000369,1,0.00525942,0.532513,1687,1066,891,0.90,137.65,83.71,44.81,267.07,0.927906605,-0.233038785,-0.247695892,-0.152738345,0.9301552,-0.3420637,0.1003405
seq-01/frame-000370,1,0.00517158,0.423099,1675,1123,925,0.90,146.28,80.18,21.76,249.12,0.929280587,-0.238579611,-0.239862073,-0.148268490,0.9263921,-0.3495320,0.1023117
seq-01/frame-000371,1,0.00410705,0.386009,1601,1058,893,0.88,122.78,105.19,44.16,273.02,0.931598076,-0.242726789,-0.228559271,-0.144808113,0.9196230,-0.3537736,0.0998349
seq-01/frame-000372,1,0.00611633,0.667521,1667,1138,965,0.90,134.94,75.98,29.99,241.82,0.934153479,-0.246458129,-0.218315259,-0.137673949,0.9096696,-0.3569560,0.1018577
seq-01/frame-000373,1,0.00255739,0.689727,1709,1154,979,0.92,129.84,107.41,36.09,277.51,0.936945906,-0.248218613,-0.210723769,-0.126946377,0.8967494,-0.3674103,0.0956493
seq-01/frame-000374,1,0.00264082,0.634896,1722,1184,993,0.92,137.10,118.71,9.26,265.99,0.937871281,-0.249980493,-0.205682572,-0.124907535,0.8901626,-0.3707577,0.0936839
seq-01/frame-000375,1,0.00327797,0.662585,1740,1174,987,0.92,134.59,109.76,23.29,268.56,0.938683887,-0.252114182,-0.199686508,-0.124242896,0.8808299,-0.3762605,0.0903203
seq-01/frame-000376,1,0.00507760,0.764797,1706,1190,986,0.91,133.33,106.19,29.12,269.55,0.939945717,-0.253992371,-0.193906302,-0.119959456,0.8716565,-0.3809670,0.0841219
seq-01/frame-000377,1,0.00186288,0.457119,1673,1183,992,0.92,131.75,89.56,23.87,246.11,0.939922678,-0.260075992,-0.189444526,-0.114090358,0.8666708,-0.3886310,0.0807061
seq-01/frame-000378,1,0.00618900,0.164089,1484,1080,924,0.88,125.58,94.68,50.18,271.33,0.939901187,-0.266836339,-0.181805905,-0.111043862,0.8620981,-0.3987378,0.0806683
seq-01/frame-000379,1,0.00802924,0.188660,1313,976,840,0.86,130.13,94.72,35.45,261.17,0.941983621,-0.268658976,-0.168014120,-0.110726996,0.8537518,-0.4060987,0.0751884
seq-01/frame-000380,1,0.00346935,0.454415,1502,1106,937,0.89,112.01,83.70,12.70,209.32,0.944931088,-0.268666023,-0.154005579,-0.105858814,0.8432708,-0.4087558,0.0721249
seq-01/frame-000381,1,0.00238321,0.543907,1418,1056,919,0.87,131.32,59.23,11.34,202.76,0.946753131,-0.270476184,-0.144234023,-0.098476846,0.8302829,-0.4152133,0.0693666
seq-01/frame-000382,1,0.00140566,0.731911,1411,1077,926,0.87,129.20,75.91,11.34,217.33,0.948337080,-0.269446822,-0.140964657,-0.090466332,0.8206471,-0.4208630,0.0661273
seq-01/frame-000383,1,0.00535496,0.712549,1511,1110,974,0.87,145.15,110.38,8.17,264.57,0.949854783,-0.267323771,-0.138139058,-0.085038188,0.8129923,-0.4269335,0.0640801
seq-01/frame-000384,1,0.00385430,0.613210,1601,1189,1025,0.88,141.82,91.94,15.95,250.59,0.951588479,-0.264070514,-0.133770610,-0.082774116,0.8028121,-0.4320552,0.0562933
seq-01/frame-000385,1,0.00641151,0.510932,1648,1223,1057,0.91,112.23,130.16,28.84,272.14,0.952812853,-0.262329008,-0.128852956,-0.082024842,0.7940227,-0.4382325,0.0506432
seq-01/frame-000386,1,0.00608038,0.169411,1615,1204,1052,0.91,130.02,143.30,8.41,282.65,0.954125924,-0.262152169,-0.119008037,-0.082201273,0.7824427,-0.4434239,0.0437558
seq-01/frame-000387,1,0.00619641,0.249260,1648,1200,1028,0.94,113.11,120.25,11.59,245.89,0.955003453,-0.263160497,-0.109888619,-0.081482815,0.7716944,-0.4469046,0.0371381
seq-01/frame-000388,1,0.01098840,0.353717,1592,1183,1034,0.91,112.62,121.57,23.38,258.48,0.955129022,-0.265804452,-0.102509312,-0.081045579,0.7637797,-0.4540509,0.0326223
seq-01/frame-000389,1,0.00756522,0.143438,1082,827,723,0.79,115.31,79.61,18.05,213.77,0.956364003,-0.265045723,-0.091567208,-0.082061588,0.7510157,-0.4546195,0.0258876
seq-01/frame-000390,1,0.00942882,0.248888,1080,839,730,0.80,116.69,63.93,45.37,226.79,0.957198377,-0.266871708,-0.078088916,-0.080329814,0.7366320,-0.4598587,0.0225625
seq-01/frame-000391,1,0.00545419,0.247270,1155,910,815,0.79,136.69,70.43,27.43,235.34,0.959572164,-0.263373264,-0.066436691,-0.073769588,0.7257724,-0.4593397,0.0159210
seq-01/frame-000392,1,0.00854282,0.226244,1267,989,887,0.80,85.58,96.30,15.73,198.42,0.960733422,-0.262827154,-0.059541871,-0.066090419,0.7189971,-0.4632085,0.0135072
seq-01/frame-000393,1,0.01009053,0.221593,1033,785,685,0.78,113.94,63.57,14.67,192.97,0.962552675,-0.258302963,-0.054227151,-0.061897843,0.7103717,-0.4664948,0.0084227
seq-01/frame-000394,1,0.00746046,0.164002,1186,874,769,0.80,136.89,62.10,14.94,214.72,0.964875397,-0.252282756,-0.046342842,-0.056755788,0.6958815,-0.4676366,0.0004086
seq-01/frame-000395,1,0.00739164,0.262959,1480,1080,956,0.84,115.89,109.01,30.56,256.31,0.966344128,-0.248799545,-0.043040109,-0.049247954,0.6878729,-0.4699493,-0.0078173
seq-01/frame-000396,1,0.01185820,0.353475,1289,915,835,0.82,130.34,79.21,20.02,230.39,0.966685243,-0.248421113,-0.038331643,-0.048345396,0.6779403,-0.4737129,-0.0082651
seq-01/frame-000397,1,0.02150228,1.105309,791,556,463,0.73,120.49,62.44,19.39,203.04,0.968498456,-0.242737159,-0.023278464,-0.050473011,0.6564337,-0.4802682,-0.0121760
seq-01/frame-000398,1,0.01641746,0.786282,1245,1015,907,0.83,129.63,69.08,32.03,231.57,0.971564206,-0.232915145,-0.010325599,-0.041314783,0.6443736,-0.4784460,-0.0263411
seq-01/frame-000399,1,0.01521251,0.550002,1248,981,849,0.82,111.73,113.26,16.10,241.91,0.972607809,-0.229890004,-0.006194557,-0.033856514,0.6396179,-0.4762614,-0.0242958
seq-01/frame-000400,1,0.01567869,1.147388,1299,926,800,0.81,119.14,71.96,32.12,224.02,0.976600534,-0.213953063,0.001520534,-0.021752499,0.6192074,-0.4720467,-0.0391504
seq-01/frame-000401,1,0.01497596,0.546863,1020,731,621,0.77,95.48,88.31,10.17,194.73,0.978286040,-0.206657821,0.002576785,-0.015566905,0.6067643,-0.4688443,-0.0411849
seq-01/frame-000402,1,0.04620311,2.129099,1269,923,801,0.81,105.21,103.59,9.55,219.16,0.977270431,-0.211855296,-0.004526185,-0.006273102,0.6118626,-0.4975088,-0.0487800
seq-01/frame-000403,1,0.02880610,1.176360,1211,846,731,0.83,106.47,82.09,13.69,203.08,0.980007919,-0.198903453,-0.004414468,0.001551332,0.6043603,-0.4729531,-0.0599943
seq-01/frame-000404,1,0.01298085,0.433066,1337,950,799,0.84,122.96,106.03,28.29,258.13,0.981302062,-0.192378725,0.001208070,0.005935525,0.5785628,-0.4581082,-0.0633741
seq-01/frame-000405,1,0.01049673,0.309929,1647,1153,980,0.90,154.81,54.04,15.48,225.24,0.981945653,-0.188737636,-0.000597567,0.012668129,0.5755606,-0.4501403,-0.0662523
seq-01/frame-000406,1,0.00715053,0.256556,1727,1234,1020,0.93,156.98,121.99,22.05,301.96,0.982626503,-0.184871442,0.003513753,0.015979948,0.5665038,-0.4412572,-0.0698432
seq-01/frame-000407,1,0.00435275,0.384746,1707,1216,1043,0.91,138.54,134.12,13.29,286.86,0.983430039,-0.180304030,0.007174420,0.017445421,0.5598157,-0.4306357,-0.0724041
seq-01/frame-000408,1,0.00792902,0.411481,1496,1060,910,0.89,122.71,94.93,29.35,247.88,0.983329992,-0.180485968,0.012778681,0.017990197,0.5531166,-0.4343619,-0.0744263
seq-01/frame-000409,1,0.00441950,0.316005,1620,1142,989,0.88,109.97,106.62,14.99,232.46,0.984134118,-0.174612053,0.020848354,0.023579958,0.5404519,-0.4218492,-0.0834255
seq-01/frame-000410,1,0.00260279,0.258143,1719,1252,1076,0.90,141.15,105.62,43.89,291.56,0.984095728,-0.173948866,0.022264578,0.028313926,0.5354827,-0.4152689,-0.0827833
seq-01/frame-000411,1,0.00890334,1.138145,1545,1094,935,0.88,95.16,96.67,17.66,210.37,0.984798817,-0.167393600,0.031641799,0.033903814,0.5228627,-0.4165877,-0.0856044
seq-01/frame-000412,1,0.00821606,0.323245,1557,1114,947,0.89,167.41,95.96,11.24,275.50,0.985215780,-0.162828527,0.034224977,0.040809161,0.5206172,-0.4090684,-0.0887471
seq-01/frame-000413,1,0.00685823,0.332056,1462,1068,913,0.83,132.90,87.70,26.05,247.48,0.986080266,-0.156000880,0.036737910,0.044269188,0.5161979,-0.4041974,-0.0904667
seq-01/frame-000414,1,0.00440319,0.353308,1541,1078,918,0.87,104.77,88.86,42.35,236.85,0.987237249,-0.145944801,0.040778576,0.048988124,0.5076713,-0.3855684,-0.0998207
seq-01/frame-000415,1,0.00754478,0.413284,1552,1082,928,0.90,140.07,132.89,10.54,284.39,0.986879550,-0.147615515,0.040417323,0.051428140,0.5088852,-0.3810677,-0.1001497
seq-01/frame-000416,1,0.00804631,0.586081,1535,1116,974,0.87,154.36,100.19,23.80,279.22,0.986554740,-0.147853453,0.047312335,0.051094457,0.4980519,-0.3826161,-0.0960693
seq-01/frame-000417,1,0.00387301,0.300601,1468,1035,890,0.88,116.96,111.43,19.37,248.64,0.987112687,-0.141226054,0.050413659,0.055876712,0.4979267,-0.3698686,-0.1039619
seq-01/frame-000418,1,0.00546211,0.299895,1643,1108,932,0.90,129.98,95.89,46.57,273.34,0.986677348,-0.141810275,0.052344921,0.060147037,0.4959916,-0.3657251,-0.1018406
seq-01/frame-000419,1,0.00649504,0.386582,1551,1108,941,0.88,150.79,70.40,13.91,235.99,0.986862777,-0.138366988,0.054425342,0.063200611,0.4881229,-0.3602029,-0.0986694
seq-01/frame-000420,1,0.00554422,0.292800,1640,1095,890,0.92,119.48,120.29,22.00,262.69,0.987555149,-0.132122977,0.051771113,0.067809275,0.4928158,-0.3506619,-0.1033163
seq-01/frame-000421,1,0.00522377,0.203012,1549,1074,921,0.91,97.73,118.13,44.71,261.49,0.987753745,-0.128281316,0.054718528,0.069945163,0.4878494,-0.3450276,-0.1021407
seq-01/frame-000422,1,0.00859207,0.388983,1557,1089,935,0.88,130.60,93.91,23.42,248.81,0.988257855,-0.124740930,0.055267239,0.068786950,0.4864914,-0.3414795,-0.0997886
seq-01/frame-000423,1,0.00713811,0.321211,1525,1092,934,0.91,134.19,84.50,17.76,237.36,0.989125892,-0.117097641,0.058093590,0.067403613,0.4827923,-0.3301376,-0.1030819
seq-01/frame-000424,1,0.00597874,0.293830,1591,1117,950,0.91,139.70,81.93,42.64,265.19,0.989624292,-0.112131209,0.060751092,0.066178984,0.4762605,-0.3213086,-0.1024856
seq-01/frame-000425,1,0.00836645,0.428675,1544,1062,892,0.90,145.62,92.34,33.63,272.50,0.990191623,-0.108502247,0.060032070,0.064373621,0.4758324,-0.3158377,-0.1012353
seq-01/frame-000426,1,0.00967886,0.444819,1563,1124,946,0.90,100.25,122.37,14.13,237.66,0.990497716,-0.104140848,0.062636636,0.064386418,0.4734970,-0.3074756,-0.1045607
seq-01/frame-000427,1,0.00952180,0.483688,1546,1060,914,0.91,115.35,102.76,16.13,235.16,0.990547288,-0.102740497,0.064754398,0.063775614,0.4687294,-0.3009867,-0.1054284
seq-01/frame-000428,1,0.01026953,0.526488,1512,1017,839,0.92,130.25,106.44,31.54,269.15,0.990831924,-0.100728378,0.063804934,0.063520247,0.4691438,-0.2957058,-0.1037467
seq-01/frame-000429,1,0.01464794,0.776940,1110,816,722,0.82,93.66,88.53,28.63,211.64,0.991404512,-0.095399887,0.064801319,0.061779804,0.4732541,-0.2864347,-0.1010554
seq-01/frame-000430,1,0.01846812,1.114972,881,624,542,0.82,106.90,43.88,19.39,170.99,0.991710669,-0.089351099,0.069835396,0.060409833,0.4765444,-0.2793211,-0.1081452
seq-01/frame-000431,1,0.01615875,0.871437,961,708,606,0.83,106.89,66.92,13.79,188.42,0.990849264,-0.087658502,0.081736885,0.062070970,0.4722167,-0.2771481,-0.1123773
seq-01/frame-000432,1,0.00796680,0.378460,1310,980,860,0.87,106.31,71.66,9.05,187.89,0.989989787,-0.084746969,0.093471885,0.063254886,0.4614740,-0.2723745,-0.1089019
seq-01/frame-000433,1,0.00885104,0.416966,1348,961,835,0.88,115.57,95.32,20.04,231.81,0.989879363,-0.081607875,0.095833721,0.065535482,0.4584650,-0.2652925,-0.1117287
seq-01/frame-000434,1,0.00845741,0.428095,1389,1008,876,0.89,120.12,71.40,28.38,220.78,0.989898534,-0.078555283,0.095961661,0.068711857,0.4556286,-0.2565771,-0.1121789
seq-01/frame-000435,1,0.00849219,0.269736,1347,991,845,0.86,104.48,95.33,9.89,210.57,0.989759201,-0.077852268,0.095960547,0.071465535,0.4513214,-0.2519785,-0.1156838
seq-01/frame-000436,1,0.00776278,0.361797,1360,1001,870,0.86,106.56,92.88,10.69,210.98,0.989703276,-0.075610517,0.094490358,0.076433288,0.4519000,-0.2416816,-0.1151293
seq-01/frame-000437,1,0.01020289,0.567721,1386,1044,887,0.91,136.63,92.57,29.64,259.76,0.989754102,-0.074186180,0.092403615,0.079654259,0.4568203,-0.2353182,-0.1126946
seq-01/frame-000438,1,0.01167426,0.594961,1351,993,847,0.89,138.57,82.54,13.76,235.77,0.989786739,-0.071273863,0.093164417,0.081010122,0.4564651,-0.2285207,-0.1161603
seq-01/frame-000439,1,0.01024018,0.536713,1351,1013,889,0.87,138.92,88.34,27.45,255.58,0.989600771,-0.067484039,0.095549431,0.083704990,0.4535316,-0.2184783,-0.1158802
seq-01/frame-000440,1,0.00674549,0.381396,1339,978,851,0.85,123.46,87.18,7.03,218.53,0.989116736,-0.066325631,0.097944215,0.087498136,0.4471262,-0.2130837,-0.1167318
seq-01/frame-000441,1,0.01017435,0.614460,1346,1000,877,0.85,119.09,75.29,33.86,229.10,0.989142929,-0.064752467,0.095312682,0.091207881,0.4489005,-0.2048446,-0.1180532
seq-01/frame-000442,1,0.00661106,0.422402,1399,1029,898,1.22,122.55,94.47,33.28,251.52,0.989062314,-0.065137682,0.095973085,0.091115247,0.4457227,-0.2016162,-0.1154526
seq-01/frame-000443,1,0.00903321,0.496513,1389,1041,901,0.88,115.71,93.55,18.84,228.98,0.989349642,-0.062335660,0.095021390,0.090953209,0.4467724,-0.1934472,-0.1172562
seq-01/frame-000444,1,0.01011232,0.516929,1337,1029,908,0.84,67.42,87.89,13.98,170.14,0.989279338,-0.059830638,0.097602512,0.090666619,0.4449096,-0.1839779,-0.1184305
seq-01/frame-000445,1,0.00955518,0.550232,1384,1049,919,0.88,98.60,76.34,15.24,191.07,0.989072843,-0.058989099,0.100352787,0.090468310,0.4430985,-0.1782189,-0.1171664
seq-01/frame-000446,1,0.00653911,0.430105,1352,1021,885,0.88,147.17,78.70,15.79,242.54,0.989020474,-0.056969813,0.103144048,0.089186589,0.4371616,-0.1719994,-0.1160966
seq-01/frame-000447,1,0.00502614,0.322303,1310,1005,886,0.86,118.85,84.54,17.58,221.83,0.988990119,-0.053710256,0.104663588,0.089773533,0.4312778,-0.1638595,-0.1172676
seq-01/frame-000448,1,0.00658621,0.383551,1246,990,882,0.82,112.98,102.67,8.59,225.06,0.989052941,-0.053530066,0.104622403,0.089235444,0.4266617,-0.1569271,-0.1181123
seq-01/frame-000449,1,0.00624254,0.365439,1304,1012,903,0.82,97.06,103.77,11.26,212.91,0.989198023,-0.053306357,0.104601233,0.087774055,0.4267557,-0.1477179,-0.1164261
seq-01/frame-000450,1,0.00716409,0.466145,1296,1017,920,0.83,105.90,103.81,17.01,227.54,0.989044388,-0.053902748,0.107481376,0.085635543,0.4247976,-0.1422645,-0.1150629
seq-01/frame-000451,1,0.00678675,0.458357,1339,1020,910,0.82,113.24,82.90,22.59,219.56,0.989063095,-0.053275195,0.109860589,0.082744179,0.4212416,-0.1339487,-0.1146082
seq-01/frame-000452,1,0.01421052,0.802549,1339,1020,910,0.83,116.80,78.81,38.27,234.71,0.989063095,-0.053275195,0.109860589,0.082744179,0.4212416,-0.1339487,-0.1146082
seq-01/frame-000453,1,0.00841495,0.481081,1211,968,861,0.80,124.39,63.10,7.23,195.52,0.988870950,-0.054358314,0.113122013,0.079892608,0.4161425,-0.1284160,-0.1164363
seq-01/frame-000454,1,0.00662043,0.434264,1323,988,885,0.86,147.30,71.46,34.62,254.24,0.988767103,-0.053967356,0.114359204,0.079681319,0.4158614,-0.1195466,-0.1107946
seq-01/frame-000455,1,0.00628761,0.422619,1259,960,843,0.82,137.37,52.74,7.71,198.65,0.988310185,-0.054108472,0.119115987,0.078272811,0.4091365,-0.1149475,-0.1121756
seq-01/frame-000456,1,0.00596930,0.422814,1302,1018,902,0.84,114.06,93.45,13.88,222.23,0.987889767,-0.053933544,0.123063138,0.077591525,0.4049357,-0.1089509,-0.1105698
seq-01/frame-000457,1,0.00608618,0.433503,1302,1018,902,0.84,110.91,88.30,19.62,219.68,0.987889767,-0.053933544,0.123063138,0.077591525,0.4049357,-0.1089509,-0.1105698
seq-01/frame-000458,1,0.00737385,0.442664,1139,903,799,0.82,110.48,66.87,8.28,186.46,0.987464318,-0.053519006,0.127304986,0.076441992,0.3938870,-0.1031936,-0.1102523
seq-01/frame-000459,1,0.00702241,0.427556,1127,876,770,0.84,95.42,87.63,15.72,199.60,0.987967687,-0.053555718,0.124797815,0.074007704,0.3910394,-0.0983843,-0.1083127
seq-01/frame-000460,1,0.00875437,0.578488,1216,936,829,0.84,141.31,81.26,26.37,249.78,0.988107357,-0.052125366,0.125484753,0.071974811,0.3828922,-0.0935735,-0.1059219
seq-01/frame-000461,1,0.00872602,0.578275,1216,936,829,0.84,94.83,81.80,20.95,198.42,0.988107357,-0.052125366,0.125484753,0.071974811,0.3828922,-0.0935735,-0.1059219
seq-01/frame-000462,1,0.00606150,0.376947,1306,1001,852,0.86,141.68,57.69,11.05,211.28,0.988393045,-0.049627916,0.124623296,0.071311234,0.3812134,-0.0837382,-0.1066886
seq-01/frame-000463,1,0.00829492,0.487294,1184,887,761,0.87,98.31,80.46,29.50,209.15,0.987810690,-0.050621504,0.128319359,0.072122443,0.3727763,-0.0814974,-0.1050692
seq-01/frame-000464,1,0.00823410,0.423170,979,733,637,0.82,66.25,94.48,9.02,170.58,0.987982058,-0.048334651,0.127587532,0.072640459,0.3636013,-0.0750859,-0.1027008
seq-01/frame-000465,1,0.00996586,0.511028,1231,877,765,0.83,102.35,75.44,25.97,204.59,0.988210091,-0.048738475,0.126007220,0.072024708,0.3568271,-0.0709883,-0.1028105
seq-01/frame-000466,1,0.01004913,0.529604,1231,877,765,0.82,98.25,108.30,11.68,219.06,0.988210091,-0.048738475,0.126007220,0.072024708,0.3568271,-0.0709883,-0.1028105
seq-01/frame-000467,1,0.00970568,0.574171,1286,910,785,0.85,104.04,72.54,12.51,189.95,0.988210172,-0.049661810,0.126360403,0.070763047,0.3516495,-0.0674389,-0.1012956
seq-01/frame-000468,1,0.00800449,0.598436,1223,867,749,0.86,116.73,76.54,25.02,219.15,0.988633774,-0.048642906,0.125427475,0.067119867,0.3494016,-0.0638686,-0.0972383
seq-01/frame-000469,1,0.00841284,0.595621,1338,912,780,0.87,103.01,90.11,7.13,201.13,0.988565246,-0.046506200,0.128430820,0.063886243,0.3388932,-0.0583333,-0.0961229
seq-01/frame-000470,1,0.01263581,0.662380,1092,808,689,0.81,98.08,62.44,27.46,188.79,0.988337212,-0.045893737,0.130839129,0.062963813,0.3271193,-0.0541801,-0.0971310
seq-01/frame-000471,1,0.01264297,0.665368,1092,808,689,0.82,124.58,61.96,34.17,221.53,0.988337212,-0.045893737,0.130839129,0.062963813,0.3271193,-0.0541801,-0.0971310
seq-01/frame-000472,1,0.01116272,0.512533,839,608,532,0.82,69.14,45.93,37.38,153.28,0.988753337,-0.045161005,0.128094994,0.062601872,0.3196600,-0.0490695,-0.0945941
seq-01/frame-000473,1,0.01130030,0.555721,976,687,584,1.14,112.20,54.20,26.30,193.84,0.989322832,-0.044596924,0.125239883,0.059719505,0.3113381,-0.0449175,-0.0929418
seq-01/frame-000474,1,0.01139734,0.676649,1126,810,696,0.83,135.78,38.04,22.20,196.86,0.989489939,-0.046397475,0.124653858,0.056730507,0.3044843,-0.0431121,-0.0907048
seq-01/frame-000475,1,0.01284592,0.711525,1012,737,643,0.83,95.09,47.19,29.99,173.11,0.989475387,-0.046716437,0.125575786,0.054651209,0.2945684,-0.0412781,-0.0880410
seq-01/frame-000476,1,0.01287599,0.712551,1012,737,643,0.83,110.26,90.01,14.71,215.81,0.989475387,-0.046716437,0.125575786,0.054651209,0.2945684,-0.0412781,-0.0880410
seq-01/frame-000477,1,0.01432643,0.830718,941,656,573,0.80,140.34,59.25,20.78,221.17,0.989661819,-0.044515643,0.126115604,0.051794744,0.2821954,-0.0346684,-0.0854260
seq-01/frame-000478,1,0.01474400,0.870378,1046,770,683,0.82,105.96,73.00,12.75,192.53,0.989821945,-0.046578131,0.124307759,0.051289131,0.2735692,-0.0325899,-0.0837195
seq-01/frame-000479,1,0.01430693,0.879343,1024,804,716,0.84,113.97,59.23,22.98,197.02,0.989898988,-0.048133916,0.122948717,0.051640415,0.2664535,-0.0338899,-0.0800408
seq-01/frame-000480,1,0.01683863,0.893164,1222,971,891,0.86,149.40,82.94,8.04,241.24,0.990172021,-0.046028014,0.122365462,0.049673787,0.2614271,-0.0299703,-0.0777684
seq-01/frame-000481,1,0.01091818,0.872032,1222,971,891,0.86,121.89,77.32,10.61,210.69,0.990172021,-0.046028014,0.122365462,0.049673787,0.2614271,-0.0299703,-0.0777684
seq-01/frame-000482,1,0.01459238,0.998760,1164,898,792,0.85,113.54,73.19,28.89,216.47,0.989757315,-0.045165801,0.126186018,0.049169072,0.2484387,-0.0261292,-0.0765839
seq-01/frame-000483,1,0.01743410,0.965969,1012,753,671,0.82,81.78,87.58,8.80,178.98,0.989582485,-0.044957810,0.127440857,0.049639990,0.2355203,-0.0221333,-0.0755914
seq-01/frame-000484,1,0.01479801,1.008726,1059,797,712,0.79,121.00,76.20,11.41,209.40,0.989767984,-0.044859404,0.126903542,0.047354652,0.2270643,-0.0162289,-0.0718846
seq-01/frame-000485,1,0.01397673,0.978655,1118,874,782,0.82,126.84,53.35,16.62,197.63,0.989682983,-0.047829268,0.127038635,0.045838197,0.2197620,-0.0159586,-0.0697347
seq-01/frame-000486,1,0.01415492,0.978807,1118,874,782,0.82,96.99,44.62,10.23,152.67,0.989682983,-0.047829268,0.127038635,0.045838197,0.2197620,-0.0159586,-0.0697347
seq-01/frame-000487,1,0.01319616,0.988298,973,769,675,0.80,93.28,47.54,21.72,163.34,0.989730134,-0.047277094,0.128124383,0.042228915,0.2093516,-0.0098827,-0.0660220
seq-01/frame-000488,1,0.01564534,1.016101,982,755,669,0.77,78.42,52.59,14.62,146.40,0.989556152,-0.049080032,0.129297936,0.040642533,0.1981313,-0.0054476,-0.0656085
seq-01/frame-000489,1,0.01887984,1.062863,876,658,585,0.78,75.05,33.44,15.97,125.25,0.989272249,-0.051718401,0.130706554,0.039767084,0.1855663,-0.0020035,-0.0626200
seq-01/frame-000490,1,0.01889932,0.942282,818,570,504,0.76,86.84,40.47,13.43,141.51,0.989664133,-0.051577216,0.128069188,0.038768261,0.1761367,0.0037826,-0.0614388
seq-01/frame-000491,1,0.01305208,1.039966,818,570,504,0.76,69.66,26.56,13.29,110.27,0.989664133,-0.051577216,0.128069188,0.038768261,0.1761367,0.0037826,-0.0614388
seq-01/frame-000492,1,0.02205759,1.192225,733,521,458,0.75,68.03,25.87,12.94,107.59,0.989596533,-0.055275343,0.127709112,0.036520142,0.1623698,0.0063669,-0.0574984
seq-01/frame-000493,1,0.02223754,1.254476,738,530,457,0.77,58.31,18.91,10.32,88.31,0.989707485,-0.059100551,0.125817265,0.034003464,0.1509844,0.0082706,-0.0526311
seq-01/frame-000494,1,0.01745213,1.011384,905,675,573,0.79,64.84,28.05,10.68,104.38,0.990127157,-0.061609618,0.121661127,0.032419708,0.1460557,0.0105038,-0.0481164
seq-01/frame-000495,1,0.02269259,1.216602,773,532,441,0.78,58.19,22.16,8.25,89.37,0.990030731,-0.063035080,0.122024618,0.031236578,0.1311731,0.0122565,-0.0456934
seq-01/frame-000496,1,0.02421085,1.316471,670,456,379,0.76,66.29,21.68,12.25,100.98,0.990361477,-0.064211996,0.118846349,0.030602444,0.1184605,0.0173619,-0.0418028
seq-01/frame-000497,1,0.02179194,1.239084,782,548,453,0.85,57.36,30.94,9.65,98.79,0.990744172,-0.067140217,0.113945371,0.030571720,0.1113218,0.0202694,-0.0370154
seq-01/frame-000498,1,0.01350512,1.462364,782,548,453,0.75,73.16,27.40,14.09,115.41,0.990744172,-0.067140217,0.113945371,0.030571720,0.1113218,0.0202694,-0.0370154
seq-01/frame-000499,1,0.02262353,1.213053,743,533,454,0.77,66.69,37.03,9.44,113.94,0.990862835,-0.069763743,0.111475441,0.029951432,0.1007436,0.0221359,-0.0316436
seq-01/frame-000500,1,0.01984912,1.058961,746,542,450,0.85,66.64,30.12,15.75,113.37,0.991110098,-0.073419072,0.107497596,0.027471464,0.0932570,0.0206566,-0.0295118
seq-01/frame-000501,1,0.01958398,1.072704,721,511,418,1.38,57.68,31.18,12.51,102.75,0.991382408,-0.076059857,0.103869811,0.024225623,0.0833594,0.0199862,-0.0253287
seq-01/frame-000502,1,0.01425602,0.754324,736,548,457,0.78,65.14,29.97,14.37,110.27,0.991961488,-0.076632422,0.097916800,0.023498456,0.0788197,0.0223631,-0.0235320
seq-01/frame-000503,1,0.01174567,0.684572,817,620,509,0.81,62.66,40.09,10.24,113.80,0.992156937,-0.079089468,0.094207154,0.022236937,0.0722657,0.0219096,-0.0193938
seq-01/frame-000504,1,0.01472833,0.868559,638,460,385,0.81,60.22,25.65,12.63,99.31,0.992148709,-0.080198268,0.093750444,0.020494647,0.0585019,0.0209587,-0.0166555
seq-01/frame-000505,1,0.01491674,0.817776,679,482,381,0.79,59.44,30.11,8.70,99.04,0.992609465,-0.078302866,0.090514936,0.020053867,0.0465576,0.0255559,-0.0105963
seq-01/frame-000506,1,0.01263443,0.645719,785,552,455,0.82,48.74,35.60,6.24,91.41,0.992908544,-0.080187473,0.085616428,0.019298198,0.0417042,0.0251917,-0.0099484
seq-01/frame-000507,1,0.01716058,0.845481,667,442,352,0.82,60.18,25.38,7.24,93.62,0.992973432,-0.080148864,0.085323402,0.017315873,0.0275612,0.0260415,-0.0040298
seq-01/frame-000508,1,0.01180934,0.409251,679,438,357,0.82,63.54,28.52,17.07,109.96,0.993657802,-0.080467298,0.076923936,0.015871161,0.0242357,0.0262080,-0.0021978
seq-01/frame-000509,1,0.01139401,0.429030,762,528,430,0.83,66.18,24.27,10.60,101.88,0.993767876,-0.081520514,0.074747321,0.013879964,0.0156530,0.0260987,0.0015144
seq-01/frame-000510,1,0.01477882,0.431118,630,433,333,0.80,61.88,22.64,7.50,92.83,0.994119260,-0.080183223,0.071836778,0.011705805,0.0033070,0.0294141,0.0035975
seq-01/frame-000511,1,0.01470380,0.465663,673,473,378,0.85,59.42,24.60,19.52,104.39,0.994310132,-0.081177406,0.068148387,0.010648371,-0.0059101,0.0285886,0.0081898
seq-01/frame-000512,1,0.01382265,0.362037,667,448,375,0.79,64.80,22.79,8.47,96.85,0.994397494,-0.083510828,0.064075775,0.009688146,-0.0160785,0.0258025,0.0112314
seq-01/frame-000513,1,0.00843907,0.276855,784,506,408,0.81,61.17,29.49,9.46,100.93,0.994995657,-0.081999888,0.056687753,0.006794048,-0.0194077,0.0273266,0.0107439
seq-01/frame-000514,1,0.00847783,0.285618,784,506,408,0.82,60.39,33.92,13.04,108.17,0.994995657,-0.081999888,0.056687753,0.006794048,-0.0194077,0.0273266,0.0107439
seq-01/frame-000515,1,0.00789645,0.143000,831,518,411,0.82,62.93,35.01,25.55,124.32,0.994924058,-0.083776186,0.055577452,0.004337829,-0.0285987,0.0248829,0.0132840
seq-01/frame-000516,1,0.01767195,0.610666,491,305,236,0.76,44.47,14.85,15.43,75.51,0.994830778,-0.083169859,0.058159705,0.003456422,-0.0466543,0.0274166,0.0186548
seq-01/frame-000517,1,0.01727413,0.682239,529,366,286,0.77,43.72,24.54,8.85,77.89,0.995054307,-0.083769384,0.053378394,-0.000603379,-0.0547736,0.0292483,0.0161982
seq-01/frame-000518,1,0.01545559,0.539421,585,377,288,0.77,67.36,25.75,15.04,108.93,0.995236473,-0.084090704,0.049318444,0.000898078,-0.0617843,0.0263848,0.0175361
seq-01/frame-000519,1,0.01537734,0.547756,585,377,288,0.78,49.24,15.87,14.57,80.46,0.995236473,-0.084090704,0.049318444,0.000898078,-0.0617843,0.0263848,0.0175361
seq-01/frame-000520,1,0.01576365,0.687062,543,350,261,0.76,64.74,20.56,13.05,99.11,0.995174734,-0.086208169,0.046849933,-0.000696175,-0.0717120,0.0250995,0.0225931
seq-01/frame-000521,1,0.00720434,0.317958,700,452,352,0.79,51.18,21.44,16.15,89.57,0.995669297,-0.084701919,0.038315664,-0.000380827,-0.0697968,0.0247591,0.0207330
seq-01/frame-000522,1,0.00505883,0.238491,712,444,337,0.79,59.03,25.10,12.73,97.65,0.995558888,-0.086786844,0.036390355,-0.002507282,-0.0759193,0.0222880,0.0238742
seq-01/frame-000523,1,0.00879305,0.386482,585,370,280,0.78,58.24,19.52,10.12,88.66,0.995501110,-0.087592553,0.035712743,-0.005448286,-0.0881604,0.0226687,0.0233577
seq-01/frame-000524,1,0.04519696,2.791437,567,321,214,0.78,68.12,24.26,10.75,103.91,0.995905457,-0.090044314,0.006695786,-0.004416814,-0.0460262,0.0191034,0.0388672
seq-01/frame-000525,1,0.04538749,2.777838,567,321,214,1.22,60.25,26.98,14.52,102.97,0.995905457,-0.090044314,0.006695786,-0.004416814,-0.0460262,0.0191034,0.0388672
seq-01/frame-000526,1,0.01174605,0.415199,661,441,349,0.78,58.03,31.02,9.89,99.72,0.995809993,-0.086918116,0.027344503,-0.007744490,-0.1024477,0.0256296,0.0258126
seq-01/frame-000527,1,0.01510731,0.632587,658,434,336,4.33,55.32,30.96,9.36,99.97,0.995972147,-0.085154447,0.026698440,-0.008683060,-0.1128845,0.0265443,0.0271630
seq-01/frame-000528,1,0.01495158,0.631035,666,430,322,0.77,48.41,27.51,6.92,83.61,0.995764128,-0.088058806,0.024677936,-0.009510426,-0.1255300,0.0202591,0.0268174
seq-01/frame-000529,1,0.01174389,0.517125,846,550,426,1.22,63.08,28.25,6.71,99.25,0.995787920,-0.088849672,0.020623291,-0.009318510,-0.1301388,0.0159408,0.0223285
seq-01/frame-000530,1,0.01167690,0.521766,846,550,426,0.78,64.81,37.70,9.05,112.35,0.995787920,-0.088849672,0.020623291,-0.009318510,-0.1301388,0.0159408,0.0223285
seq-01/frame-000531,1,0.01589490,0.749033,737,487,377,1.53,62.29,24.03,10.08,97.93,0.996033060,-0.086243962,0.020863357,-0.006696519,-0.1408463,0.0159607,0.0278261
seq-01/frame-000532,1,0.01310015,0.430736,647,393,278,0.73,62.68,21.67,16.81,101.89,0.996167668,-0.086580828,0.012101907,-0.002698305,-0.1456185,0.0111516,0.0284059
seq-01/frame-000533,1,0.01663251,0.958477,776,421,305,0.74,58.50,28.76,15.18,103.18,0.996065656,-0.087838933,0.010846233,-0.004459813,-0.1606865,0.0039260,0.0128876
seq-01/frame-000534,1,0.01297048,0.628265,745,442,334,0.71,73.31,27.68,12.09,113.80,0.996749503,-0.080200264,0.005303162,-0.005497445,-0.1639786,0.0039371,0.0214892
seq-01/frame-000535,1,0.01821595,1.178577,709,400,276,0.71,55.12,26.96,21.80,104.60,0.996491559,-0.083337100,0.003461451,-0.006893411,-0.1778686,-0.0103532,0.0073745
seq-01/frame-000536,1,0.01825481,1.189859,709,400,276,0.65,58.19,22.17,19.93,100.95,0.996491559,-0.083337100,0.003461451,-0.006893411,-0.1778686,-0.0103532,0.0073745
seq-01/frame-000537,1,0.01368506,0.715649,754,448,313,0.73,65.72,27.43,14.40,108.28,0.997231746,-0.073643464,-0.004066639,-0.009431166,-0.1828281,-0.0026647,0.0111019
seq-01/frame-000538,1,0.01621750,0.747379,817,496,363,0.77,68.94,34.00,9.36,113.08,0.997623102,-0.067706997,-0.008374384,-0.009683925,-0.1903876,-0.0006294,0.0103733
seq-01/frame-000539,1,0.02170917,1.202501,823,553,413,0.81,61.82,33.98,11.42,108.02,0.997664718,-0.066798920,-0.009512199,-0.010608125,-0.2035995,-0.0057692,0.0031348
seq-01/frame-000540,1,0.01627018,0.846081,850,501,367,0.77,59.63,28.28,28.59,117.28,0.997532923,-0.067942176,-0.017118402,-0.004346134,-0.2044076,-0.0085233,0.0014177
seq-01/frame-000541,1,0.01994129,1.055021,821,518,366,0.73,64.52,38.30,17.91,121.47,0.997861996,-0.062461332,-0.018857272,-0.003797683,-0.2147660,-0.0089046,-0.0026304
seq-01/frame-000542,1,0.01649566,0.842514,866,581,438,0.91,63.29,43.31,12.09,119.61,0.997913709,-0.059143044,-0.025753683,-0.002660446,-0.2174859,-0.0116845,-0.0047502
seq-01/frame-000543,1,0.01562045,0.824106,934,640,506,0.77,72.82,44.74,12.68,131.01,0.998064279,-0.054705730,-0.029572556,-0.000664217,-0.2219507,-0.0121275,-0.0051238
seq-01/frame-000544,1,0.01364436,0.707490,912,560,433,0.75,65.82,38.43,8.53,113.53,0.997979765,-0.053164995,-0.034691902,0.002518574,-0.2249883,-0.0162096,-0.0073640
seq-01/frame-000545,1,0.02057567,1.197236,809,479,353,0.76,59.11,36.20,14.59,110.67,0.998056034,-0.051361104,-0.035258148,0.001747485,-0.2377812,-0.0230899,-0.0102362
seq-01/frame-000546,1,0.01733046,0.981674,865,612,467,0.78,61.04,55.38,16.89,134.10,0.998312919,-0.041420086,-0.040634379,0.002130500,-0.2424782,-0.0110707,-0.0176737
seq-01/frame-000547,1,0.01768843,0.986111,865,612,467,0.79,57.92,34.08,16.46,109.25,0.998312919,-0.041420086,-0.040634379,0.002130500,-0.2424782,-0.0110707,-0.0176737
seq-01/frame-000548,1,0.01281226,0.843260,1019,725,584,0.78,75.01,37.58,11.17,124.54,0.998075690,-0.041378442,-0.046181613,0.000017870,-0.2428272,-0.0181320,-0.0171291
seq-01/frame-000549,1,0.01418352,0.993347,881,545,416,0.74,50.76,32.73,16.92,101.15,0.998079884,-0.039756245,-0.047494132,0.000541699,-0.2429059,-0.0276456,-0.0168705
seq-01/frame-000550,1,0.01514602,0.977187,998,716,584,0.79,75.27,46.47,12.96,135.50,0.998584893,-0.029419930,-0.044297821,0.000618318,-0.2527670,-0.0225668,-0.0192682
seq-01/frame-000551,1,0.01951729,1.320858,1005,610,482,0.83,64.42,39.62,12.19,117.06,0.998785386,-0.025650925,-0.042067555,-0.000322556,-0.2647525,-0.0205254,-0.0231214
seq-01/frame-000552,1,0.01738280,1.143694,1060,680,527,0.78,68.22,35.17,10.31,114.49,0.998694271,-0.022014820,-0.046098122,0.000253801,-0.2686773,-0.0179559,-0.0250801
seq-01/frame-000553,1,0.01597996,1.008868,928,615,490,0.76,74.08,41.08,8.44,124.36,0.998595355,-0.017862705,-0.049880564,-0.000411958,-0.2712113,-0.0202860,-0.0256503
seq-01/frame-000554,1,0.01751613,1.041953,1228,830,678,0.83,81.04,62.74,18.60,163.22,0.998643216,-0.010437356,-0.050982129,-0.001900178,-0.2763029,-0.0157528,-0.0248620
seq-01/frame-000555,1,0.01979960,1.314193,1381,865,686,0.89,88.48,53.97,16.76,160.10,0.998744982,-0.007371485,-0.049526252,-0.001128289,-0.2837888,-0.0134564,-0.0311897
seq-01/frame-000556,1,0.01652871,1.074486,1272,804,634,0.87,74.28,57.64,15.47,148.26,0.998600626,-0.006598564,-0.052453219,0.001381567,-0.2845844,-0.0114337,-0.0308648
seq-01/frame-000557,1,0.01744317,1.139537,1288,814,648,0.91,71.22,61.00,7.49,140.63,0.998549001,-0.006332838,-0.053459266,0.001376530,-0.2905521,-0.0092583,-0.0331789
seq-01/frame-000558,1,0.02004783,0.976309,1417,901,724,2.44,91.73,45.53,15.78,155.49,0.998491184,-0.002539209,-0.054852554,-0.000323970,-0.2936782,-0.0030863,-0.0365227
seq-01/frame-000559,1,0.01626622,1.096760,1417,901,724,1.96,111.10,63.93,13.88,190.88,0.998491184,-0.002539209,-0.054852554,-0.000323970,-0.2936782,-0.0030863,-0.0365227
seq-01/frame-000560,1,0.01207376,0.818995,1328,880,712,0.87,72.88,56.63,7.86,138.24,0.998289667,0.000304923,-0.058409000,-0.002456842,-0.2920083,0.0038052,-0.0378292
seq-01/frame-000561,1,0.01307469,0.908906,1500,925,738,0.87,72.75,57.38,9.84,140.85,0.998303466,-0.000373565,-0.058150128,-0.002934871,-0.2959285,0.0077451,-0.0420901
seq-01/frame-000562,1,0.01453089,1.042179,1385,879,693,0.88,67.63,61.62,14.76,144.90,0.998342919,-0.002203881,-0.057468334,-0.001987198,-0.2992695,0.0078889,-0.0468269
seq-01/frame-000563,1,0.01312536,0.929018,1127,706,563,0.82,58.07,41.99,8.47,109.35,0.998218332,-0.000694202,-0.059660509,0.000550181,-0.3010913,0.0141683,-0.0515537
seq-01/frame-000564,1,0.01193859,0.883354,1148,735,587,1.19,77.70,41.35,6.80,127.04,0.997963340,-0.000135283,-0.063756342,0.002069506,-0.3016094,0.0206076,-0.0541902
seq-01/frame-000565,1,0.01514135,1.055229,1363,857,675,0.99,75.87,51.39,14.90,143.15,0.997861589,-0.000379293,-0.065315385,0.002450485,-0.3045309,0.0243797,-0.0593844
seq-01/frame-000566,1,0.01490597,1.043373,1363,857,675,1.34,66.96,54.60,10.99,133.88,0.997861589,-0.000379293,-0.065315385,0.002450485,-0.3045309,0.0243797,-0.0593844
seq-01/frame-000567,1,0.01484724,1.059020,1379,826,662,0.88,83.99,62.48,8.69,156.04,0.997772692,0.002227919,-0.066573145,0.003564722,-0.3051767,0.0318677,-0.0637721
seq-01/frame-000568,1,0.01263098,0.911300,1420,903,695,0.87,82.67,63.72,11.31,158.58,0.997584338,0.002743448,-0.069213507,0.005239486,-0.3032249,0.0369051,-0.0684161
seq-01/frame-000569,1,0.01562418,1.058007,1314,830,648,0.87,73.57,63.74,10.49,148.66,0.997613443,0.004072718,-0.068807172,0.004050232,-0.3067405,0.0438899,-0.0722439
seq-01/frame-000570,1,0.01451656,1.027019,1231,760,610,0.84,60.22,59.46,13.37,133.90,0.997464795,0.005073965,-0.070845194,0.004381396,-0.3070848,0.0496176,-0.0778526
seq-01/frame-000571,1,0.00952245,0.735484,1280,814,629,0.84,72.84,63.25,12.01,148.95,0.997077121,0.006106931,-0.076012303,0.004695749,-0.3029401,0.0563468,-0.0836362
seq-01/frame-000572,1,0.00847459,0.714168,1394,828,653,0.86,75.90,46.51,11.25,134.52,0.996965233,0.007323831,-0.077403985,0.003912680,-0.3029429,0.0632855,-0.0880923
seq-01/frame-000573,1,0.00750422,0.663214,1170,696,562,1.48,80.59,41.12,19.82,143.02,0.996906067,0.009692259,-0.077968489,0.002295242,-0.3021903,0.0727295,-0.0934322
seq-01/frame-000574,1,0.00508185,0.584218,916,545,413,0.75,52.45,27.94,8.96,90.10,0.996791332,0.007968386,-0.079624905,0.001849445,-0.3006574,0.0803122,-0.0985227
seq-01/frame-000575,1,0.00628955,0.515125,1241,736,577,0.79,73.50,50.04,17.99,142.33,0.996641156,0.007801636,-0.081519228,0.000394691,-0.2986879,0.0901299,-0.0990521
seq-01/frame-000576,1,0.00945405,0.579870,1243,745,572,0.79,82.97,61.71,16.45,161.92,0.996629829,0.008674378,-0.081544419,-0.002060807,-0.3009210,0.0985684,-0.1004006
seq-01/frame-000577,1,0.00953006,0.658060,1316,782,607,0.79,67.17,63.76,9.45,141.17,0.996567945,0.008986236,-0.082208241,-0.003658331,-0.3028151,0.1054529,-0.1045222
seq-01/frame-000578,1,0.00834581,0.578497,1364,765,608,0.84,88.91,70.93,13.25,173.94,0.996384370,0.009538220,-0.084251598,-0.005373729,-0.2998845,0.1125023,-0.1065985
seq-01/frame-000579,1,0.01122855,0.809627,1329,780,599,0.84,75.52,65.57,13.70,155.63,0.996448389,0.012673452,-0.082836093,-0.008256763,-0.3030582,0.1217184,-0.1092078
seq-01/frame-000580,1,0.01104625,0.789403,1274,738,564,0.83,71.68,56.28,11.78,140.57,0.996270711,0.016519236,-0.083729071,-0.012697585,-0.3008343,0.1328766,-0.1109046
seq-01/frame-000581,1,0.01286810,0.842194,1285,734,541,0.99,82.23,60.85,11.13,155.21,0.996206187,0.019192745,-0.083118894,-0.017208138,-0.3009794,0.1414580,-0.1100737
seq-01/frame-000582,1,0.01132211,0.842647,1328,724,531,1.25,94.97,52.81,13.67,162.71,0.995945065,0.020701391,-0.085268411,-0.019853921,-0.2972964,0.1456336,-0.1096824
seq-01/frame-000583,1,0.01008847,0.825795,1358,755,562,0.81,83.94,54.83,23.50,163.08,0.995658691,0.023281552,-0.087184511,-0.022816701,-0.2966389,0.1537230,-0.1142357
seq-01/frame-000584,1,0.00903726,0.859864,1367,745,552,0.80,75.60,53.28,8.06,137.74,0.995479899,0.023889434,-0.088602755,-0.024466669,-0.2940255,0.1605618,-0.1166879
seq-01/frame-000585,1,0.00974478,0.898027,1338,758,557,0.79,67.50,60.93,8.21,137.43,0.995327434,0.024612275,-0.089779390,-0.025635847,-0.2930978,0.1681606,-0.1175836
seq-01/frame-000586,1,0.01308126,1.104012,1310,707,516,0.81,92.28,52.66,7.34,153.09,0.995260918,0.024372799,-0.089795307,-0.028257286,-0.2941754,0.1731131,-0.1183717
seq-01/frame-000587,1,0.01089206,0.957853,1271,665,505,0.79,71.79,51.82,13.38,137.79,0.994964400,0.026504456,-0.091092310,-0.032334919,-0.2903898,0.1838328,-0.1173287
seq-01/frame-000588,1,0.01092121,1.011336,1291,686,510,1.40,72.89,36.49,10.82,121.60,0.994840962,0.026669008,-0.091112968,-0.035758231,-0.2890981,0.1907098,-0.1181860
seq-01/frame-000589,1,0.00975719,0.894395,1186,640,490,0.80,87.79,45.30,10.25,144.15,0.994549757,0.027587468,-0.093360180,-0.037330796,-0.2847630,0.1988727,-0.1175632
seq-01/frame-000590,1,0.01674235,1.275002,1320,688,484,1.15,89.91,63.86,10.55,165.47,0.994622478,0.028521688,-0.091687268,-0.038808313,-0.2903586,0.2079248,-0.1176880
seq-01/frame-000591,1,0.01396329,1.145052,1249,629,452,0.80,78.31,68.40,23.97,171.49,0.994293166,0.029347074,-0.094208647,-0.040553429,-0.2842229,0.2137840,-0.1172464
seq-01/frame-000592,1,0.01088826,1.043804,1045,580,434,0.77,73.55,36.23,6.97,117.52,0.993931875,0.029638156,-0.097475732,-0.041466731,-0.2788982,0.2245896,-0.1207894
seq-01/frame-000593,1,0.01099060,1.023481,1162,647,453,0.94,98.85,49.76,7.00,156.54,0.993772825,0.027176315,-0.098102611,-0.045308920,-0.2752350,0.2282342,-0.1184646
seq-01/frame-000594,1,0.01405079,1.110137,1138,600,450,0.77,92.38,37.51,8.36,139.02,0.993746498,0.028228488,-0.097100012,-0.047356493,-0.2757806,0.2395865,-0.1217960
seq-01/frame-000595,1,0.01475058,1.128450,1150,569,413,0.77,63.60,47.38,11.97,123.72,0.993560795,0.025757098,-0.098687643,-0.049338288,-0.2725986,0.2426526,-0.1189965
seq-01/frame-000596,1,0.01188421,0.953855,1178,642,481,0.77,68.23,47.08,8.41,124.49,0.993336692,0.024704232,-0.100565524,-0.050581554,-0.2666551,0.2506809,-0.1229822
seq-01/frame-000597,1,0.01420884,1.011582,1303,605,438,0.77,75.69,38.58,6.78,121.85,0.993188760,0.021343918,-0.102368128,-0.051393490,-0.2652075,0.2515315,-0.1233222
seq-01/frame-000598,1,0.02201147,1.313208,1485,730,520,0.83,75.56,54.80,12.25,143.45,0.993197126,0.019980344,-0.101608246,-0.053254296,-0.2686833,0.2552524,-0.1224663
seq-01/frame-000599,1,0.02263054,1.371242,1314,666,457,1.26,93.84,42.57,7.65,145.32,0.993160772,0.018938745,-0.102636014,-0.052334052,-0.2663267,0.2611472,-0.1235248
seq-01/frame-000600,1,0.02803744,1.655715,1620,766,533,0.85,87.54,60.66,12.71,161.77,0.993147987,0.018671648,-0.102601743,-0.052738292,-0.2676636,0.2671856,-0.1239995
seq-01/frame-000601,1,0.02704839,1.697309,1488,759,524,0.83,79.75,60.47,14.00,155.05,0.992941460,0.016932184,-0.104230164,-0.054005840,-0.2612633,0.2680318,-0.1257238
seq-01/frame-000602,1,0.03016283,1.814001,1476,640,451,0.80,82.68,58.04,7.37,148.88,0.993218890,0.016638778,-0.101625229,-0.053960172,-0.2631353,0.2741248,-0.1259478
seq-01/frame-000603,1,0.03533132,2.134280,1689,736,511,0.84,89.64,76.51,15.71,182.70,0.993362005,0.016718481,-0.099682730,-0.054916054,-0.2645050,0.2810542,-0.1241446
seq-01/frame-000604,1,0.03279432,1.975877,1486,663,457,0.81,108.98,64.81,7.21,181.82,0.993139002,0.015118415,-0.100849559,-0.057233927,-0.2580539,0.2810161,-0.1251309
seq-01/frame-000605,1,0.03841145,2.385163,1355,606,417,0.82,87.99,62.53,21.40,172.74,0.993317010,0.013449831,-0.098572174,-0.058514501,-0.2562354,0.2824365,-0.1263263
seq-01/frame-000606,1,0.03473983,2.036483,1437,531,307,0.81,82.81,64.23,11.79,159.65,0.993520921,0.012128581,-0.098177803,-0.055948160,-0.2508473,0.2852328,-0.1271173
seq-01/frame-000607,1,0.03755353,2.355739,931,316,188,0.77,62.20,43.62,6.73,113.32,0.993772635,0.007982646,-0.096405377,-0.055301268,-0.2452629,0.2836822,-0.1270877
seq-01/frame-000608,1,0.04762177,3.050514,821,266,140,0.77,59.83,31.17,19.44,111.21,0.994915890,0.007436375,-0.085502324,-0.052691786,-0.2515824,0.2904350,-0.1233710
seq-01/frame-000609,1,0.04040369,2.603097,902,322,177,0.80,70.93,42.59,13.73,128.05,0.995224705,0.006837987,-0.082715907,-0.051372250,-0.2424059,0.2938047,-0.1212846
seq-01/frame-000610,1,0.04302426,2.806262,870,283,162,0.79,56.80,42.88,7.31,107.78,0.995448633,0.004552300,-0.078942013,-0.053192622,-0.2367249,0.2927408,-0.1183028
seq-01/frame-000611,1,0.04131888,2.877150,742,272,149,0.96,67.26,32.27,12.04,112.53,0.996047116,0.005398433,-0.070786128,-0.053388432,-0.2343047,0.2994247,-0.1195357
seq-01/frame-000612,1,0.03903264,2.659118,805,322,181,0.77,57.54,34.08,25.68,118.07,0.996360621,0.003183217,-0.067627815,-0.051786660,-0.2241124,0.2989425,-0.1166978
seq-01/frame-000613,1,0.03920088,2.680339,810,266,153,0.79,49.14,36.65,8.01,94.59,0.996767412,0.002075489,-0.061563040,-0.051579173,-0.2219974,0.3009897,-0.1140623
seq-01/frame-000614,1,0.03509148,2.424656,840,333,206,0.79,74.10,28.87,13.86,117.62,0.997151344,0.002873114,-0.057188587,-0.049095900,-0.2136545,0.3063177,-0.1146998
seq-01/frame-000615,1,0.03746483,2.471346,883,335,213,0.78,76.75,36.76,6.92,121.20,0.997582667,0.001860385,-0.050559255,-0.047635315,-0.2119340,0.3074200,-0.1121130
seq-01/frame-000616,1,0.03355411,2.263383,950,433,278,0.81,69.22,47.97,17.25,135.26,0.997866599,0.004209862,-0.046032497,-0.046103556,-0.2056281,0.3121787,-0.1088383
seq-01/frame-000617,1,0.03656576,2.367789,984,407,269,0.80,85.78,50.69,17.22,154.49,0.998019701,0.005650379,-0.041757553,-0.046701776,-0.2043827,0.3134084,-0.1046775
seq-01/frame-000618,1,0.03361748,2.220166,895,373,253,0.81,80.73,39.32,11.79,132.65,0.998046787,0.005245665,-0.041040320,-0.046805844,-0.1916382,0.3101085,-0.1085639
seq-01/frame-000619,1,0.03202454,2.168841,860,360,239,0.80,60.79,32.80,12.51,106.90,0.998161333,0.004295911,-0.038046407,-0.046989028,-0.1822947,0.3083766,-0.1037180
seq-01/frame-000620,1,0.03298699,2.254709,746,317,213,2.78,66.35,33.39,11.97,114.50,0.998471345,0.004424999,-0.030388059,-0.045956057,-0.1805841,0.3088545,-0.1013977
seq-01/frame-000621,1,0.03449326,2.388432,757,365,238,0.81,77.21,41.71,12.03,131.76,0.998777836,0.005143737,-0.022121098,-0.043897998,-0.1801929,0.3125921,-0.0976556
seq-01/frame-000622,1,0.03193197,2.349048,940,390,271,0.80,71.94,52.83,6.39,131.96,0.998973017,0.007532949,-0.015718423,-0.041822199,-0.1771203,0.3205428,-0.0984484
seq-01/frame-000623,1,0.03012769,2.200028,755,345,221,0.80,74.11,28.70,10.10,113.73,0.999112453,0.006430968,-0.011401301,-0.040036974,-0.1681091,0.3172661,-0.0952771
seq-01/frame-000624,1,0.02859704,2.103256,838,377,271,0.81,65.96,27.80,9.58,104.16,0.999128162,0.005557540,-0.006773652,-0.040818460,-0.1596301,0.3150413,-0.0941342
seq-01/frame-000625,1,0.02693220,1.867482,926,452,311,0.80,75.06,32.07,17.53,125.46,0.999250499,0.004117027,-0.003610287,-0.038320445,-0.1507130,0.3121015,-0.0951912
seq-01/frame-000626,1,0.02849751,1.946463,810,364,220,0.80,96.30,30.01,16.74,143.84,0.999308203,0.003221857,0.002502809,-0.036965822,-0.1484422,0.3103357,-0.0937414
seq-01/frame-000627,1,0.02341000,1.855489,920,403,276,0.79,86.17,49.70,20.95,157.61,0.999258364,0.007792374,0.009061827,-0.036604432,-0.1435701,0.3212597,-0.0892484
seq-01/frame-000628,1,0.02927433,1.907078,924,408,293,0.81,71.42,42.54,14.53,129.30,0.999195254,0.004821047,0.013394738,-0.037499105,-0.1407376,0.3117621,-0.0909931
seq-01/frame-000629,1,0.03498661,2.073582,706,306,208,0.78,69.53,39.81,8.16,118.28,0.999060470,0.012514312,0.022035978,-0.035156581,-0.1400631,0.3331719,-0.0920480
seq-01/frame-000630,1,0.03224908,1.722711,737,321,216,2.90,84.10,50.66,25.40,163.06,0.999035490,0.011717892,0.026692175,-0.032837619,-0.1287159,0.3294537,-0.0894320
seq-01/frame-000631,1,0.03510242,1.737049,639,283,184,0.78,74.36,40.72,14.34,130.20,0.998920435,0.010948124,0.033869302,-0.029849170,-0.1225631,0.3295230,-0.0889518
seq-01/frame-000632,1,0.03399711,1.612739,671,299,205,0.76,67.57,52.34,15.14,135.81,0.998736908,0.006914364,0.040973133,-0.028248571,-0.1158788,0.3213764,-0.0896875
seq-01/frame-000633,1,0.03406836,1.641077,766,394,273,2.94,71.02,38.25,15.32,127.55,0.998491078,0.006557759,0.047755664,-0.026305108,-0.1095737,0.3204551,-0.0902900
seq-01/frame-000634,1,0.02878183,1.434707,867,399,274,0.83,82.24,53.81,23.01,159.89,0.998416546,0.005954918,0.051057497,-0.022848873,-0.0980903,0.3191102,-0.0915778
seq-01/frame-000635,1,0.02140596,1.103199,817,392,280,0.79,72.36,51.16,17.09,141.41,0.998288095,0.002550423,0.054514909,-0.021035685,-0.0865995,0.3126575,-0.0896146
seq-01/frame-000636,1,0.02268793,1.112337,940,490,360,0.81,94.31,61.07,13.14,169.32,0.998107407,0.003318754,0.058061653,-0.019985853,-0.0795562,0.3163620,-0.0914151
seq-01/frame-000637,1,0.02461178,1.304883,875,405,281,0.79,105.55,63.07,12.50,181.91,0.997747391,0.001828576,0.064626025,-0.017896258,-0.0796598,0.3124931,-0.0972969
seq-01/frame-000638,1,0.03356867,1.783873,855,386,254,0.78,108.36,69.05,16.66,194.85,0.997006932,-0.000294691,0.075314792,-0.017457743,-0.0858363,0.3068458,-0.0966269
seq-01/frame-000639,1,0.02202275,1.174343,1083,585,435,0.78,120.98,65.29,7.55,194.61,0.996977568,-0.001371772,0.076594904,-0.012925454,-0.0695315,0.3029196,-0.0940476
seq-01/frame-000640,1,0.01659369,0.966346,868,415,284,0.78,135.19,53.98,10.87,200.83,0.996902617,-0.000379665,0.078273311,-0.007636615,-0.0539304,0.3051363,-0.1014984
seq-01/frame-000641,1,0.02265528,1.319321,829,419,293,0.80,95.89,47.38,10.38,154.46,0.995979973,-0.003972935,0.089257390,-0.006420795,-0.0628331,0.2963998,-0.1027314
seq-01/frame-000642,1,0.01946571,1.150344,909,473,344,0.78,108.41,47.04,7.43,163.66,0.995651321,-0.003764218,0.092890551,-0.005968589,-0.0531708,0.2972884,-0.1000221
seq-01/frame-000643,1,0.01606629,0.953194,832,427,315,0.79,83.53,74.71,18.25,177.30,0.995204526,-0.004858339,0.097663803,-0.002475908,-0.0449403,0.2950529,-0.0992003
seq-01/frame-000644,1,0.02934945,1.588882,740,370,271,8.79,83.67,54.28,23.76,170.51,0.993920835,-0.005286259,0.109967385,-0.000776182,-0.0538441,0.2941408,-0.1006004
seq-01/frame-000645,1,0.02344258,1.311238,802,420,315,0.78,92.99,39.41,17.94,151.13,0.993364727,-0.005704722,0.114809201,0.003580968,-0.0417047,0.2929989,-0.0990325
seq-01/frame-000646,1,0.02808912,1.567400,750,371,253,0.90,53.82,37.55,20.63,112.91,0.992176263,-0.005415350,0.124604013,0.005547621,-0.0422664,0.2906884,-0.0985614
seq-01/frame-000647,1,0.02900348,1.568127,749,410,303,0.78,76.46,51.64,9.77,138.66,0.991203988,-0.005631365,0.131996212,0.007742242,-0.0374674,0.2899195,-0.0965247
seq-01/frame-000648,1,0.01842858,1.109828,684,382,283,0.79,69.11,51.67,19.31,140.88,0.990667685,-0.007913751,0.135562786,0.011732067,-0.0225526,0.2843133,-0.0972320
seq-01/frame-000649,1,0.02023615,1.101555,727,394,299,0.79,103.15,84.23,18.89,207.07,0.989709314,-0.007166554,0.142188448,0.014372182,-0.0168921,0.2874653,-0.0980212
seq-01/frame-000650,1,0.01720842,0.956839,814,439,333,4.94,100.27,107.59,21.16,233.96,0.988848662,-0.008112738,0.147644908,0.017705618,-0.0082132,0.2838842,-0.0950913
seq-01/frame-000651,1,0.02200901,1.231154,672,365,263,0.79,75.70,44.88,12.19,133.56,0.987349181,-0.008959679,0.156959725,0.020614669,-0.0101907,0.2805755,-0.0979007
seq-01/frame-000652,1,0.02906162,1.499423,641,362,278,0.79,96.54,45.75,37.53,180.61,0.985802035,-0.009543482,0.166020182,0.023250122,-0.0103084,0.2809521,-0.0950946
seq-01/frame-000653,1,0.01988802,1.070340,819,467,361,1.06,152.88,45.47,20.60,220.02,0.985411794,-0.009842320,0.167710306,0.027202538,0.0049841,0.2798482,-0.0969853
seq-01/frame-000654,1,0.01628353,0.826035,752,393,291,0.78,96.50,93.63,16.74,207.65,0.984856277,-0.009527623,0.170526058,0.029802708,0.0160646,0.2795588,-0.0954443
seq-01/frame-000655,1,0.01700731,0.864361,733,413,319,0.78,142.50,61.04,20.53,224.86,0.983488228,-0.010479646,0.177704203,0.032592925,0.0180262,0.2754048,-0.0979472
seq-01/frame-000656,1,0.01152996,0.633318,739,423,301,0.80,138.00,24.82,23.20,186.82,0.982822384,-0.012809258,0.180632643,0.035608044,0.0298466,0.2724795,-0.0971227
seq-01/frame-000657,1,0.01473260,0.769802,698,356,255,0.78,136.25,50.66,24.52,212.21,0.981617583,-0.014165420,0.186347811,0.038739589,0.0331647,0.2729402,-0.0961232
seq-01/frame-000658,1,0.01530044,0.848833,645,303,204,0.76,115.79,49.31,20.35,186.21,0.980740711,-0.015587683,0.190124192,0.041922232,0.0413530,0.2739934,-0.0984827
seq-01/frame-000659,1,0.01566276,0.881115,779,402,286,0.77,126.36,59.40,20.19,206.71,0.979379885,-0.019010297,0.195949651,0.045358392,0.0438829,0.2693089,-0.1006285
seq-01/frame-000660,1,0.01523072,0.873229,723,428,313,0.80,71.97,56.25,12.12,141.13,0.978194313,-0.020964301,0.200910192,0.048285387,0.0482721,0.2663894,-0.1006732
seq-01/frame-000661,1,0.01441915,0.843789,679,367,271,0.77,108.08,51.11,19.64,179.61,0.977533816,-0.021970415,0.203674973,0.049612938,0.0581881,0.2665735,-0.1014200
seq-01/frame-000662,1,0.01499285,0.849812,669,346,242,0.77,75.26,54.81,7.88,138.73,0.976288773,-0.024218515,0.208788935,0.051777172,0.0623857,0.2645096,-0.1034788
seq-01/frame-000663,1,0.01879645,1.024696,662,285,193,0.76,92.00,47.89,6.52,147.17,0.974537262,-0.027226457,0.215605656,0.055227222,0.0640007,0.2619712,-0.1023482
seq-01/frame-000664,1,0.01937512,1.045961,515,216,147,0.75,81.33,31.59,8.56,122.23,0.972971307,-0.030078658,0.221293101,0.058749247,0.0684733,0.2600604,-0.1062865
seq-01/frame-000665,1,0.01667672,0.792376,517,209,137,0.71,76.00,37.14,7.87,121.72,0.971975099,-0.034577596,0.224059255,0.062179156,0.0777878,0.2582448,-0.1126088
seq-01/frame-000666,1,0.02147333,1.139784,536,256,167,0.72,80.27,33.90,24.42,139.32,0.970289750,-0.037862614,0.231159510,0.060576439,0.0812737,0.2607163,-0.1131452
seq-01/frame-000667,1,0.01668055,0.847275,557,260,177,0.75,81.66,20.97,17.15,120.54,0.968480657,-0.042221644,0.235923880,0.067841527,0.0918382,0.2550033,-0.1157469
seq-01/frame-000668,1,0.01752072,0.809830,498,228,148,0.73,80.13,13.07,34.07,129.01,0.966782000,-0.045528494,0.240506799,0.073594834,0.1001079,0.2565034,-0.1222932
seq-01/frame-000669,1,0.02290819,1.143238,750,471,357,0.74,100.29,45.48,7.43,153.94,0.963657128,-0.051503098,0.250171535,0.078272429,0.0991004,0.2549887,-0.1232659
seq-01/frame-000670,1,0.01800924,0.861680,1171,739,604,0.78,103.99,93.79,22.00,220.56,0.962889193,-0.054987039,0.250976062,0.082654970,0.1097195,0.2524107,-0.1285147
seq-01/frame-000671,1,0.01019101,0.586171,1152,652,517,0.82,105.99,87.09,8.30,202.20,0.962616792,-0.059971993,0.250301617,0.084388224,0.1225465,0.2466045,-0.1315951
seq-01/frame-000672,1,0.01686732,0.884579,996,573,436,0.79,109.07,96.89,7.47,214.22,0.961725860,-0.062194617,0.254278179,0.080980290,0.1212373,0.2474226,-0.1351407
seq-01/frame-000673,1,0.02264104,0.951545,832,407,279,0.75,87.88,71.91,9.60,170.14,0.960446491,-0.065034949,0.257737644,0.082971687,0.1211262,0.2464732,-0.1426742
seq-01/frame-000674,1,0.02592079,0.931075,907,531,397,0.72,84.63,94.13,13.47,192.95,0.959449068,-0.072604692,0.257916021,0.087552106,0.1286390,0.2495848,-0.1520053
seq-01/frame-000675,1,0.01383997,0.647882,1904,1191,981,0.82,144.62,110.98,14.80,271.21,0.958895902,-0.079015554,0.256692896,0.091563900,0.1421051,0.2441687,-0.1513447
seq-01/frame-000676,1,0.01417698,0.657649,1621,905,726,0.82,94.44,105.95,25.03,226.24,0.958810609,-0.080254432,0.255723331,0.094058604,0.1476451,0.2434648,-0.1550514
seq-01/frame-000677,1,0.01366178,0.504893,1153,677,517,0.75,104.30,86.71,9.04,200.81,0.958758067,-0.086416744,0.254161287,0.093365705,0.1549157,0.2413969,-0.1626186
seq-01/frame-000678,1,0.01178160,0.447697,2292,1418,1169,0.83,140.15,132.56,15.78,289.33,0.958828309,-0.089781437,0.253368401,0.091607974,0.1620499,0.2427207,-0.1663079
seq-01/frame-000679,1,0.01242805,0.350447,1713,1007,807,0.79,149.69,117.04,29.89,297.41,0.958881566,-0.093535950,0.251083144,0.093565076,0.1684089,0.2415329,-0.1706534
seq-01/frame-000680,1,0.00732474,0.259991,2305,1458,1217,0.88,155.57,157.33,23.19,336.97,0.958619460,-0.098778498,0.249378023,0.095405136,0.1767024,0.2362621,-0.1724876
seq-01/frame-000681,1,0.00630840,0.162521,2346,1534,1295,0.87,148.45,163.16,22.22,334.71,0.959024927,-0.100560464,0.246357825,0.097296473,0.1848978,0.2348663,-0.1774407
seq-01/frame-000682,1,0.00836044,0.295418,1770,1026,784,0.79,100.30,138.78,13.79,253.65,0.959371024,-0.104941912,0.242293139,0.099440776,0.1959020,0.2334719,-0.1832546
seq-01/frame-000683,1,0.00585120,0.172680,2554,1733,1471,0.84,136.47,160.11,35.67,333.10,0.959747112,-0.109562411,0.240015121,0.096303171,0.2047450,0.2310250,-0.1828551
seq-01/frame-000684,1,0.00593316,0.191239,2525,1625,1377,0.84,129.36,173.75,42.33,346.27,0.960656037,-0.107414735,0.238594755,0.093137509,0.2084319,0.2319224,-0.1851794
seq-01/frame-000685,1,0.00394343,0.126884,1784,969,740,0.79,127.31,123.83,15.01,266.94,0.960519216,-0.112168193,0.237347853,0.092125615,0.2126665,0.2267268,-0.1882632
seq-01/frame-000686,1,0.00522472,0.169308,2598,1616,1354,0.85,167.72,168.87,14.31,351.75,0.960742317,-0.115801949,0.235119365,0.091010947,0.2194220,0.2268308,-0.1880116
seq-01/frame-000687,1,0.00604199,0.218653,2327,1499,1253,0.81,143.65,171.52,36.15,352.13,0.961744899,-0.115357021,0.230240545,0.093428041,0.2305680,0.2248690,-0.1864948
seq-01/frame-000688,1,0.00522375,0.207889,2351,1510,1266,0.89,158.61,139.09,24.35,322.95,0.962772917,-0.115489429,0.226427582,0.091983982,0.2329781,0.2223479,-0.1897489
seq-01/frame-000689,1,0.00672021,0.267790,2389,1606,1319,0.82,145.92,160.10,23.93,330.76,0.963886466,-0.116807702,0.221156454,0.091480404,0.2430085,0.2196493,-0.1870427
seq-01/frame-000690,1,0.00625790,0.059085,2417,1662,1375,0.79,134.05,147.13,39.29,321.27,0.965079319,-0.116071679,0.216452776,0.091090444,0.2544969,0.2158243,-0.1870845
seq-01/frame-000691,1,0.00603106,0.328049,2287,1589,1335,0.81,156.19,156.17,25.32,338.49,0.965219269,-0.115179991,0.216491991,0.090645184,0.2581759,0.2126884,-0.1858228
seq-01/frame-000692,1,0.00847880,0.437468,1780,1279,1052,0.79,134.00,130.56,17.42,282.78,0.965538701,-0.114455236,0.216439155,0.088255925,0.2646251,0.2111919,-0.1832815
seq-01/frame-000693,1,0.01093612,0.275747,1445,938,751,0.75,133.69,81.22,8.02,223.69,0.966241728,-0.114287337,0.213953056,0.086829815,0.2771803,0.2078755,-0.1775131
seq-01/frame-000694,1,0.01123300,0.216380,1232,805,648,0.73,97.99,76.44,13.79,188.95,0.967439821,-0.113207439,0.210267969,0.083854931,0.2882601,0.1997063,-0.1745734
seq-01/frame-000695,1,0.00794005,0.295618,1566,1009,815,0.75,116.00,108.74,9.90,235.38,0.968380219,-0.110293749,0.208712164,0.080711047,0.2914501,0.1944562,-0.1738605
seq-01/frame-000696,1,0.01169733,0.448895,1293,771,601,0.75,89.07,89.52,13.18,192.52,0.968578393,-0.111215957,0.207093566,0.081235224,0.2959716,0.1853049,-0.1665833
seq-01/frame-000697,1,0.01423574,0.575793,795,470,347,0.72,77.29,70.90,7.76,156.67,0.969324951,-0.105774426,0.205426233,0.083791252,0.3003271,0.1874802,-0.1608786
seq-01/frame-000698,1,0.01571367,0.743173,795,470,347,0.72,106.35,55.80,18.89,181.76,0.969324951,-0.105774426,0.205426233,0.083791252,0.3003271,0.1874802,-0.1608786
seq-01/frame-000699,1,0.01203056,0.549170,628,410,314,0.70,88.71,31.97,19.47,140.86,0.969973398,-0.101888421,0.204072182,0.084409137,0.3052722,0.1790165,-0.1572197
seq-01/frame-000700,1,0.00952497,0.299067,761,476,363,0.72,88.53,34.47,21.57,145.30,0.970866646,-0.101186455,0.201197694,0.081845858,0.3121250,0.1684476,-0.1542235
seq-01/frame-000701,1,0.01296076,0.554601,487,289,209,0.69,95.24,26.91,25.61,148.45,0.971659978,-0.098337124,0.199375560,0.080349759,0.3127186,0.1632794,-0.1455959
seq-01/frame-000702,1,0.01357638,0.340120,441,258,183,0.69,91.91,25.32,9.40,127.33,0.973493360,-0.094114116,0.193258506,0.078130408,0.3224121,0.1555021,-0.1393419
seq-01/frame-000703,1,0.01167585,0.606734,448,295,222,0.68,87.10,34.33,5.80,127.92,0.974006369,-0.089355056,0.193484733,0.076752369,0.3169359,0.1465731,-0.1333924
seq-01/frame-000704,1,0.01190204,0.685209,421,288,223,0.69,68.20,22.11,25.50,116.50,0.974690991,-0.084108090,0.193907767,0.072822239,0.3153299,0.1420272,-0.1260931
seq-01/frame-000705,1,0.00898997,0.495253,425,278,224,0.68,82.34,29.15,18.92,131.09,0.975813906,-0.081737498,0.190936822,0.068186012,0.3220219,0.1325343,-0.1196673
seq-01/frame-000706,1,0.01024301,0.672235,443,309,241,0.68,82.12,21.93,5.39,110.12,0.975948038,-0.079216690,0.192351795,0.065199165,0.3185118,0.1235793,-0.1108847
seq-01/frame-000707,1,0.00583492,0.847812,443,309,241,0.69,93.08,14.77,5.48,114.03,0.975948038,-0.079216690,0.192351795,0.065199165,0.3185118,0.1235793,-0.1108847
seq-01/frame-000708,1,0.00932804,0.605114,451,314,245,0.68,78.62,12.74,25.64,117.68,0.976102766,-0.075703172,0.193107588,0.064821897,0.3202983,0.1179238,-0.1019751
seq-01/frame-000709,1,0.01014341,0.670889,414,283,221,0.68,77.02,23.87,6.14,107.71,0.976187485,-0.071668059,0.194265904,0.064671796,0.3204537,0.1113548,-0.0924944
seq-01/frame-000710,1,0.01047285,0.684396,451,289,252,0.68,81.39,39.11,21.79,142.98,0.976344376,-0.069530194,0.194474975,0.064005442,0.3211003,0.1026923,-0.0833406
seq-01/frame-000711,1,0.00838240,0.627309,531,357,281,0.70,98.78,16.57,12.52,128.57,0.976168749,-0.069075559,0.196193370,0.061897510,0.3212756,0.0959224,-0.0760987
seq-01/frame-000712,1,0.00548614,0.518339,492,319,258,0.67,81.29,14.34,27.73,124.04,0.976354498,-0.066851121,0.197106101,0.058412383,0.3210176,0.0924368,-0.0682571
seq-01/frame-000713,1,0.00871145,0.636610,428,310,249,0.68,70.41,31.87,16.06,119.03,0.975913435,-0.065795669,0.199777199,0.057904819,0.3186724,0.0849787,-0.0560972
seq-01/frame-000714,1,0.00503436,0.475336,590,396,317,0.70,108.20,35.60,26.04,170.53,0.975654075,-0.063343060,0.202614147,0.055084387,0.3186758,0.0828193,-0.0483269
seq-01/frame-000715,1,0.00774024,0.456273,669,438,350,0.75,98.83,59.96,38.86,198.41,0.975091338,-0.063234288,0.204742997,0.057259171,0.3180153,0.0766612,-0.0366143
seq-01/frame-000716,1,0.00797707,0.320561,606,405,342,0.73,92.22,43.78,18.81,155.53,0.975140859,-0.061552971,0.205000813,0.057325412,0.3198103,0.0719159,-0.0273613
seq-01/frame-000717,1,0.00737648,0.425325,700,467,387,0.74,92.33,32.96,34.23,160.27,0.974135767,-0.060531461,0.209806417,0.058109524,0.3167702,0.0665739,-0.0182153
seq-01/frame-000718,1,0.00710025,0.311740,615,402,343,0.75,61.15,33.51,19.61,115.03,0.973027823,-0.060559578,0.214384115,0.059906969,0.3158785,0.0607319,-0.0093020
seq-01/frame-000719,1,0.00639071,0.478541,671,462,379,0.76,74.63,31.27,35.75,142.41,0.971185745,-0.059803115,0.221951573,0.062923247,0.3116252,0.0568608,-0.0005431
seq-01/frame-000720,1,0.00752783,0.376026,684,469,393,0.75,82.29,55.65,9.65,148.34,0.969763591,-0.059590788,0.226498455,0.068600045,0.3110076,0.0521655,0.0093226
seq-01/frame-000721,1,0.00560757,0.304277,649,462,394,0.75,85.14,38.14,23.91,147.94,0.968481356,-0.058136931,0.231011435,0.072785141,0.3089497,0.0502608,0.0170829
seq-01/frame-000722,1,0.00604985,0.361844,610,433,359,0.74,94.07,21.60,7.38,123.80,0.966162080,-0.057373477,0.238988630,0.078253136,0.3046634,0.0458715,0.0276413
seq-01/frame-000723,1,0.00649841,0.496511,621,441,365,0.75,122.36,46.90,8.85,178.86,0.963249240,-0.056505860,0.248613718,0.084552998,0.3002626,0.0411290,0.0377652
seq-01/frame-000724,1,0.00359573,0.375073,585,421,358,0.75,45.73,58.28,8.65,113.40,0.960620847,-0.056850294,0.257392408,0.087890735,0.2962825,0.0380216,0.0454653
seq-01/frame-000725,1,0.00313415,0.415381,578,431,363,0.74,95.29,39.81,21.04,156.89,0.957305286,-0.056387797,0.268342614,0.091538227,0.2916615,0.0360874,0.0552464
seq-01/frame-000726,1,0.00446912,0.251839,532,400,323,0.72,84.70,14.29,13.36,113.07,0.954171050,-0.054835495,0.277657953,0.097245753,0.2919189,0.0319237,0.0656334
seq-01/frame-000727,1,0.00355523,0.358243,596,416,353,0.73,62.49,38.89,23.93,126.04,0.950192255,-0.052925291,0.289872425,0.101526200,0.2859472,0.0278575,0.0751834
seq-01/frame-000728,1,0.00236470,0.325762,557,386,329,0.74,56.99,37.51,14.75,109.99,0.947086143,-0.050875576,0.299500918,0.103627764,0.2839118,0.0268958,0.0834231
seq-01/frame-000729,1,0.00309860,0.306979,607,459,377,0.73,71.96,38.84,10.64,122.18,0.941861149,-0.050573649,0.313022955,0.111159847,0.2798416,0.0217437,0.0959708
seq-01/frame-000730,1,0.00231465,0.294644,804,599,503,0.76,105.68,55.50,6.75,168.68,0.939391559,-0.048267012,0.318103385,0.118423101,0.2774321,0.0197366,0.1033526
seq-01/frame-000731,1,0.00258971,0.291702,776,560,480,0.76,111.26,28.17,18.57,158.77,0.936735007,-0.046605082,0.323595137,0.125066701,0.2722963,0.0178036,0.1120394
seq-01/frame-000732,1,0.00280970,0.256883,753,557,481,0.75,103.05,42.10,9.11,155.01,0.933138149,-0.046144058,0.330886143,0.132809191,0.2705137,0.0121798,0.1236266
seq-01/frame-000733,1,0.00532533,0.489895,794,572,485,0.75,119.38,60.23,24.21,204.57,0.930583945,-0.043688927,0.336298291,0.137870437,0.2677000,0.0095822,0.1318462
seq-01/frame-000734,1,0.00687221,0.608898,630,457,387,0.73,110.53,26.36,19.84,157.47,0.926810409,-0.043340586,0.345471807,0.140688627,0.2622047,0.0044132,0.1390477
seq-01/frame-000735,1,0.00722908,0.711289,625,446,386,0.72,93.48,15.32,19.13,128.65,0.922597327,-0.041144935,0.356382431,0.141819709,0.2599247,0.0018145,0.1490049
seq-01/frame-000736,1,0.00897140,0.854180,661,489,426,0.73,102.59,55.41,11.06,169.79,0.918587969,-0.037313973,0.364990159,0.146921730,0.2588737,-0.0012792,0.1568783
seq-01/frame-000737,1,0.00707675,0.652835,804,598,508,0.76,98.02,54.99,25.56,179.32,0.913927337,-0.032851560,0.373400539,0.155658714,0.2548384,-0.0046995,0.1661735
seq-01/frame-000738,1,0.00644084,0.587698,851,624,538,0.77,67.99,56.98,28.97,154.72,0.910275207,-0.031102588,0.378805589,0.164128006,0.2505282,-0.0062646,0.1742290
seq-01/frame-000739,1,0.00726814,0.711009,927,684,586,0.76,103.72,44.37,13.14,161.99,0.906638764,-0.030740674,0.384508557,0.170922004,0.2485856,-0.0097867,0.1845759
seq-01/frame-000740,1,0.01029108,1.031587,607,438,373,0.72,85.10,18.98,34.04,138.85,0.903447877,-0.027233528,0.393466687,0.168000698,0.2448290,-0.0102040,0.1930846
seq-01/frame-000741,1,0.01155664,0.915722,623,409,329,0.72,109.26,25.50,8.39,143.88,0.899064209,-0.025434057,0.404812138,0.164814409,0.2399433,-0.0135739,0.1987494
seq-01/frame-000742,1,0.00821472,0.558952,766,522,439,0.74,89.99,55.69,37.93,184.36,0.893323284,-0.023734410,0.417515882,0.164592456,0.2397527,-0.0160001,0.2099214
seq-01/frame-000743,1,0.00694835,0.594847,954,637,536,0.76,97.88,50.98,26.54,176.16,0.889496333,-0.023037302,0.425293870,0.165501300,0.2385663,-0.0200348,0.2192955
seq-01/frame-000744,1,0.01120680,0.996290,662,450,363,0.74,126.08,48.74,10.87,186.43,0.886788903,-0.020610873,0.433336822,0.159373244,0.2346563,-0.0185484,0.2259208
seq-01/frame-000745,1,0.00412417,0.535220,599,383,303,0.73,64.30,44.74,5.72,115.50,0.879338858,-0.021885537,0.448369015,0.158900668,0.2380053,-0.0252727,0.2387985
seq-01/frame-000746,1,0.00452829,0.537019,599,383,303,0.72,107.72,30.50,7.32,146.26,0.879338858,-0.021885537,0.448369015,0.158900668,0.2380053,-0.0252727,0.2387985
seq-01/frame-000747,1,0.00723056,0.331350,1033,626,526,0.79,115.92,51.13,37.59,205.42,0.874037714,-0.018830933,0.457929276,0.161258330,0.2336018,-0.0266779,0.2448464
seq-01/frame-000748,1,0.00822109,0.539549,999,630,522,0.77,96.15,96.47,15.45,208.84,0.870631122,-0.018818880,0.463425001,0.163965140,0.2323683,-0.0298094,0.2530604
seq-01/frame-000749,1,0.00813165,0.584307,978,618,501,0.76,88.70,78.73,23.11,191.31,0.866969214,-0.016790800,0.469295007,0.166867153,0.2324472,-0.0320006,0.2605966
seq-01/frame-000750,1,0.00717734,0.572351,1016,619,495,0.76,111.02,70.32,8.61,190.72,0.863174801,-0.013872273,0.475958885,0.167928443,0.2309571,-0.0338453,0.2696762
seq-01/frame-000751,1,0.00930579,0.495795,999,595,458,0.79,93.87,64.55,25.60,184.81,0.858988903,-0.013106703,0.482744762,0.170069907,0.2272155,-0.0371021,0.2753350
seq-01/frame-000752,1,0.00843568,0.315884,1060,654,496,0.79,89.59,76.49,39.59,206.45,0.854145841,-0.011934191,0.489348970,0.175584860,0.2243480,-0.0400942,0.2835548
seq-01/frame-000753,1,0.00838426,0.320683,1060,654,496,0.79,110.92,66.34,39.28,217.32,0.854145841,-0.011934191,0.489348970,0.175584860,0.2243480,-0.0400942,0.2835548
seq-01/frame-000754,1,0.01149435,0.445978,1080,634,492,0.78,133.88,42.27,8.77,185.70,0.851732984,-0.011457780,0.492059590,0.179713671,0.2198226,-0.0420012,0.2881022
seq-01/frame-000755,1,0.01003925,0.404060,1089,627,496,0.79,109.15,92.79,10.68,213.41,0.848668942,-0.012086666,0.497170628,0.180100822,0.2172886,-0.0438041,0.2963289
seq-01/frame-000756,1,0.01308536,0.554263,926,541,427,0.78,91.16,36.46,30.36,158.77,0.844982612,-0.011731459,0.503322768,0.180368925,0.2122122,-0.0453177,0.2999492
seq-01/frame-000757,1,0.01208765,0.483892,995,568,446,0.78,114.68,56.32,28.55,200.32,0.840764782,-0.011536040,0.508780841,0.184725625,0.2102349,-0.0477846,0.3041899
seq-01/frame-000758,1,0.01137245,0.289922,1031,613,486,0.77,112.70,68.27,7.77,189.51,0.836269888,-0.011255483,0.513666158,0.191502132,0.2063639,-0.0508575,0.3098524
seq-01/frame-000759,1,0.01130278,0.508597,982,593,456,0.80,87.76,89.22,6.83,184.60,0.834254126,-0.009824321,0.515447767,0.195543179,0.2034274,-0.0528256,0.3138413
seq-01/frame-000760,1,0.01133678,0.433718,1074,595,450,0.80,101.65,58.52,12.37,173.34,0.831394635,-0.008104507,0.519454114,0.197192043,0.1985266,-0.0537773,0.3192042
seq-01/frame-000761,1,0.01049838,0.317251,1038,575,466,0.81,128.12,78.33,9.84,217.10,0.827965164,-0.008120188,0.524042015,0.199468585,0.1953342,-0.0550298,0.3236009
seq-01/frame-000762,1,0.01049854,0.314366,1038,575,466,0.80,109.96,83.63,9.35,203.73,0.827965164,-0.008120188,0.524042015,0.199468585,0.1953342,-0.0550298,0.3236009
seq-01/frame-000763,1,0.01206519,0.431774,1068,608,480,0.81,108.95,71.25,23.87,204.88,0.825166837,-0.007313175,0.528275507,0.199927980,0.1895864,-0.0550276,0.3274673
seq-01/frame-000764,1,0.01277180,0.627759,805,490,388,0.74,90.50,77.32,8.24,176.81,0.823033913,-0.009333827,0.532606544,0.197125154,0.1867918,-0.0563850,0.3280913
seq-01/frame-000765,1,0.01221074,0.329516,933,568,441,0.77,98.89,71.85,10.04,181.54,0.817132596,-0.009917693,0.541230687,0.198154745,0.1803554,-0.0586527,0.3325204
seq-01/frame-000766,1,0.01383658,0.248952,780,492,404,0.73,85.66,44.96,6.53,137.88,0.813877799,-0.010397144,0.544460572,0.202626534,0.1733980,-0.0593910,0.3335847
seq-01/frame-000767,1,0.01386569,0.380465,905,567,442,0.75,111.39,61.53,11.85,185.52,0.811551590,-0.012141234,0.546214438,0.207090305,0.1683371,-0.0594416,0.3368242
seq-01/frame-000768,1,0.01048021,0.281479,987,579,452,0.77,66.13,65.74,30.47,163.12,0.808833187,-0.011971543,0.548744705,0.211009021,0.1660773,-0.0613163,0.3430426
seq-01/frame-000769,1,0.01051494,0.302228,987,579,452,0.78,103.26,71.83,8.11,183.98,0.808833187,-0.011971543,0.548744705,0.211009021,0.1660773,-0.0613163,0.3430426
seq-01/frame-000770,1,0.01093087,0.465496,863,513,397,0.75,105.81,44.94,19.69,171.20,0.809290228,-0.010124889,0.548510659,0.209959214,0.1607986,-0.0612048,0.3457943
seq-01/frame-000771,1,0.01069612,0.511136,689,412,326,0.74,102.82,61.67,14.77,180.00,0.811019575,-0.009587447,0.545670169,0.210711642,0.1558662,-0.0627198,0.3479777
seq-01/frame-000772,1,0.00978637,0.354091,605,362,281,0.72,79.84,34.90,21.93,137.39,0.812609298,-0.012513302,0.543908433,0.208981247,0.1486131,-0.0715115,0.3511782
seq-01/frame-000773,1,0.00937743,0.377951,619,408,324,0.72,69.71,54.07,5.57,130.08,0.815514172,-0.008216915,0.541528408,0.204000250,0.1438896,-0.0714872,0.3538792
seq-01/frame-000774,1,0.01147031,0.603681,584,399,315,0.72,73.58,38.71,16.76,129.77,0.817682416,-0.009400056,0.538602577,0.203013224,0.1352565,-0.0801212,0.3540824
seq-01/frame-000775,1,0.01061245,0.639768,719,469,383,0.74,83.73,57.02,19.39,160.88,0.822973330,-0.002177663,0.532450433,0.198006798,0.1302840,-0.0717731,0.3555935
seq-01/frame-000776,1,0.01212713,0.609974,697,423,348,0.74,72.24,34.62,14.51,122.11,0.825135161,-0.003448249,0.529662951,0.196461787,0.1221780,-0.0760756,0.3568014
seq-01/frame-000777,1,0.00771747,0.684904,651,446,367,0.72,60.36,40.13,20.35,121.56,0.827787812,-0.003870703,0.525726199,0.195868119,0.1191985,-0.0828875,0.3589097
seq-01/frame-000778,1,0.00830275,0.451810,645,415,335,0.73,82.88,39.65,31.53,154.79,0.831247036,0.000786469,0.520832021,0.194323835,0.1106681,-0.0827123,0.3597618
seq-01/frame-000779,1,0.01137102,0.378678,645,416,316,0.73,107.42,55.98,12.26,176.40,0.834270802,0.002780324,0.515640822,0.195189757,0.1007022,-0.0844124,0.3593101
seq-01/frame-000780,1,0.00787793,0.462513,648,397,301,0.73,78.39,47.16,22.07,148.34,0.838165937,0.002765455,0.508885097,0.196229897,0.0966318,-0.0883724,0.3619941
seq-01/frame-000781,1,0.00533088,0.551274,565,361,277,0.72,84.47,51.77,12.71,149.66,0.844413420,0.004194433,0.499416517,0.193730549,0.0927360,-0.0901693,0.3618014
seq-01/frame-000782,1,0.00762801,0.499321,572,372,299,0.73,92.00,40.72,27.02,160.48,0.849434894,0.004558415,0.493966236,0.185571925,0.0835235,-0.0933293,0.3643134
seq-01/frame-000783,1,0.01105082,0.501714,609,352,275,0.73,108.75,27.90,6.27,143.64,0.854619019,0.006107731,0.486892839,0.180345202,0.0742244,-0.0941783,0.3634600
seq-01/frame-000784,1,0.01042844,0.627329,531,333,255,0.72,98.42,34.75,29.84,163.73,0.861008916,0.004937041,0.476436074,0.177898677,0.0686225,-0.0936964,0.3631304
seq-01/frame-000785,1,0.01394017,1.803177,554,342,276,0.73,62.69,43.28,19.07,125.78,0.867077673,0.003531341,0.466116501,0.175781812,0.0641519,-0.0939485,0.3642766
seq-01/frame-000786,1,0.00753512,0.543233,554,342,276,0.74,77.97,47.58,12.44,138.73,0.867077673,0.003531341,0.466116501,0.175781812,0.0641519,-0.0939485,0.3642766
seq-01/frame-000787,1,0.00664216,0.559504,600,373,302,0.75,74.52,24.53,42.84,142.64,0.872478602,0.002989676,0.457536930,0.171557890,0.0595943,-0.0965806,0.3644606
seq-01/frame-000788,1,0.00443453,0.668016,562,372,311,0.75,65.98,45.19,8.26,120.18,0.878939218,0.005781235,0.446223564,0.168276439,0.0607873,-0.0962744,0.3624333
seq-01/frame-000789,1,0.00316264,0.546304,605,381,295,0.75,84.62,23.07,18.30,126.75,0.883914564,0.006949453,0.438096772,0.163456313,0.0513211,-0.0957173,0.3637516
seq-01/frame-000790,1,0.00368251,0.735915,615,375,299,0.76,79.49,39.26,10.14,129.65,0.890303304,0.006654359,0.427388685,0.157018018,0.0467580,-0.0963505,0.3614953
seq-01/frame-000791,1,0.00750317,0.488685,630,412,316,0.77,100.99,46.76,24.10,172.62,0.894572189,0.009409607,0.420934570,0.149887111,0.0404757,-0.0935909,0.3674615
seq-01/frame-000792,1,0.00527495,0.594644,666,379,280,0.75,71.38,67.14,20.32,159.59,0.900991137,0.008521053,0.408639669,0.145450970,0.0333685,-0.0930553,0.3621291
seq-01/frame-000793,1,0.00450720,0.545639,833,525,413,0.80,78.53,44.34,32.55,156.21,0.906066262,0.007113284,0.399064408,0.140502413,0.0264887,-0.0891750,0.3555453
seq-01/frame-000794,1,0.00546089,0.456923,725,434,334,0.78,76.25,52.76,11.48,141.28,0.908917977,0.003740939,0.393596270,0.137608478,0.0240780,-0.0915917,0.3577047
seq-01/frame-000795,1,0.00503420,1.503126,794,458,327,0.80,90.22,62.89,22.06,175.97,0.912812382,0.004225670,0.386090279,0.133003739,0.0190753,-0.0914367,0.3603291
seq-01/frame-000796,1,0.00943543,0.626923,794,458,327,0.80,114.35,49.56,17.48,182.20,0.912812382,0.004225670,0.386090279,0.133003739,0.0190753,-0.0914367,0.3603291
seq-01/frame-000797,1,0.00586289,0.576824,500,268,185,0.73,69.04,46.50,28.41,144.68,0.917323886,0.002382269,0.376459117,0.129575251,0.0110143,-0.0914857,0.3510950
seq-01/frame-000798,1,0.01110270,0.472040,562,263,173,0.74,93.91,44.65,22.84,162.14,0.921638605,0.001521708,0.366445568,0.127662103,0.0125001,-0.0895418,0.3514310
seq-01/frame-000799,1,0.00606922,0.722177,613,244,143,0.76,112.15,23.81,5.74,142.45,0.926389493,-0.001166934,0.355401141,0.124463549,-0.0034166,-0.0912868,0.3442782
seq-01/frame-000800,1,0.01348256,0.802791,684,311,187,0.77,109.68,43.65,26.96,181.07,0.930327391,-0.003191936,0.347179480,0.118098117,-0.0186781,-0.0898381,0.3386658
seq-01/frame-000801,1,0.01665495,1.414247,647,298,200,0.76,99.24,31.13,27.35,158.51,0.934573016,-0.007026433,0.338249174,0.110051821,-0.0242410,-0.0956280,0.3421836
seq-01/frame-000802,1,0.01564420,1.146947,665,321,217,0.79,65.99,49.26,27.07,143.11,0.939953776,-0.004908572,0.324743763,0.104901346,-0.0283940,-0.0933185,0.3349687
seq-01/frame-000803,1,0.01579274,1.168907,665,321,217,0.79,117.95,27.13,14.13,160.01,0.939953776,-0.004908572,0.324743763,0.104901346,-0.0283940,-0.0933185,0.3349687
seq-01/frame-000804,1,0.01247967,0.614010,733,352,221,0.79,75.31,45.18,42.72,164.01,0.944194583,-0.001658149,0.314022162,0.099417912,-0.0318474,-0.0862360,0.3309356
seq-01/frame-000805,1,0.01489036,1.045087,675,333,226,0.80,85.66,25.88,12.74,125.08,0.947517271,-0.004958918,0.306079232,0.092205935,-0.0391586,-0.0879313,0.3296652
seq-01/frame-000806,1,0.01186649,1.219597,647,312,213,0.79,66.73,49.87,23.26,140.66,0.950024582,-0.007797075,0.298844099,0.089914983,-0.0387971,-0.0922471,0.3328265
seq-01/frame-000807,1,0.01006471,1.748588,647,312,213,0.80,103.59,40.39,14.66,159.44,0.950024582,-0.007797075,0.298844099,0.089914983,-0.0387971,-0.0922471,0.3328265
seq-01/frame-000808,1,0.01364129,0.789115,673,318,202,0.79,83.32,62.33,11.11,157.55,0.954289057,-0.004012487,0.284725233,0.090817607,-0.0459878,-0.0865822,0.3190172
seq-01/frame-000809,1,0.01867055,0.652343,629,306,192,0.79,76.53,41.47,25.45,144.25,0.958411649,0.000375258,0.272383226,0.085172466,-0.0549631,-0.0761589,0.3121517
seq-01/frame-000810,1,0.01209192,0.915658,663,330,208,0.81,93.28,56.29,7.82,158.21,0.960790395,-0.004224835,0.265249230,0.080664818,-0.0618163,-0.0865059,0.3163396
seq-01/frame-000811,1,0.00490583,0.559634,698,351,225,0.84,68.98,23.76,31.82,125.40,0.963539882,-0.000477324,0.256005441,0.077793849,-0.0638078,-0.0807303,0.3179103
seq-01/frame-000812,1,0.00886003,0.712341,732,392,267,0.83,112.22,39.68,18.02,170.75,0.966325258,-0.001599965,0.247067464,0.071906912,-0.0701729,-0.0764674,0.3120145
seq-01/frame-000813,1,0.01402205,1.270179,737,371,256,0.85,105.64,59.03,13.45,178.98,0.968504859,-0.002593637,0.239062134,0.069576623,-0.0747012,-0.0764207,0.3089021
seq-01/frame-000814,1,0.00871699,0.699602,737,371,256,0.85,87.61,53.37,20.51,162.34,0.968504859,-0.002593637,0.239062134,0.069576623,-0.0747012,-0.0764207,0.3089021
seq-01/frame-000815,1,0.00735887,0.933808,777,434,302,0.88,90.56,42.41,20.92,154.78,0.970110047,-0.005133907,0.233016970,0.067551686,-0.0791237,-0.0794381,0.3087372
seq-01/frame-000816,1,0.00687258,1.040429,728,399,270,0.88,75.84,55.25,18.85,150.82,0.971650159,-0.005676681,0.226883297,0.066239824,-0.0830121,-0.0801102,0.3080043
seq-01/frame-000817,1,0.01167927,1.293405,732,408,285,0.88,80.16,31.05,45.83,157.93,0.973808869,-0.006123215,0.218347799,0.063111258,-0.0870998,-0.0798378,0.3033127
seq-01/frame-000818,1,0.00656982,1.097222,732,408,285,0.88,115.17,34.11,34.50,184.66,0.973808869,-0.006123215,0.218347799,0.063111258,-0.0870998,-0.0798378,0.3033127
seq-01/frame-000819,1,0.02094544,2.467819,629,263,155,0.87,44.21,43.26,21.42,109.76,0.975573885,-0.014925049,0.212613026,0.053184011,-0.1005257,-0.0902680,0.2997159
seq-01/frame-000820,1,0.02139428,0.971885,670,362,233,0.86,71.95,52.02,19.83,144.66,0.979725874,0.008582831,0.190983893,0.059905761,-0.0911983,-0.0566796,0.2889203
seq-01/frame-000821,1,0.01575255,0.539339,604,288,180,0.85,98.21,34.90,10.34,144.30,0.981785607,0.005119129,0.182779809,0.051598032,-0.0974647,-0.0610476,0.2895505
seq-01/frame-000822,1,0.01561109,0.528893,604,288,180,0.84,78.38,46.91,9.75,135.89,0.981785607,0.005119129,0.182779809,0.051598032,-0.0974647,-0.0610476,0.2895505
seq-01/frame-000823,1,0.01320670,1.944349,621,306,184,0.86,79.73,49.40,25.85,155.84,0.983221821,-0.011172527,0.177187397,0.041888561,-0.1082404,-0.0839784,0.2910879
seq-01/frame-000824,1,0.01215283,1.769555,664,328,210,0.85,77.94,43.74,11.87,134.39,0.984717128,-0.010158760,0.169474628,0.038824328,-0.1138855,-0.0806766,0.2879129
seq-01/frame-000825,1,0.03483372,2.488919,613,289,194,0.84,86.22,22.20,7.75,117.01,0.987795460,0.012781854,0.147856373,0.047278393,-0.1007889,-0.0450126,0.2745052
seq-01/frame-000826,1,0.00658882,2.620241,547,251,147,0.85,80.50,27.00,7.34,115.70,0.988425270,-0.012527792,0.148700933,0.027323491,-0.1255211,-0.0757172,0.2865156
seq-01/frame-000827,1,0.00675261,2.595804,547,251,147,0.85,76.40,25.23,31.10,133.58,0.988425270,-0.012527792,0.148700933,0.027323491,-0.1255211,-0.0757172,0.2865156
seq-01/frame-000828,1,0.01982570,3.108859,540,261,158,0.85,95.06,17.54,6.37,119.81,0.988837258,-0.011453903,0.147581993,0.017007064,-0.1454820,-0.0779509,0.2810985
seq-01/frame-000829,1,0.04149980,3.009928,516,267,168,0.84,92.90,24.46,32.90,151.10,0.992042110,0.018946503,0.117266818,0.041736990,-0.1173825,-0.0346198,0.2660187
seq-01/frame-000830,1,0.04113923,2.965508,516,267,168,0.83,55.34,36.05,40.13,132.37,0.992042110,0.018946503,0.117266818,0.041736990,-0.1173825,-0.0346198,0.2660187
seq-01/frame-000831,1,0.03369826,2.287723,526,234,134,0.83,61.42,42.20,14.97,119.42,0.992356045,0.015006142,0.116298280,0.038457855,-0.1348706,-0.0364978,0.2717817
seq-01/frame-000832,1,0.03024949,2.086110,537,277,156,0.86,105.65,38.24,38.33,183.08,0.995188136,0.008132061,0.093942365,0.026632217,-0.1310120,-0.0437109,0.2631068
seq-01/frame-000833,1,0.02982682,2.022504,537,277,156,0.85,83.70,19.57,67.42,171.54,0.995188136,0.008132061,0.093942365,0.026632217,-0.1310120,-0.0437109,0.2631068
seq-01/frame-000834,1,0.01697838,1.203858,563,256,140,0.86,72.80,21.49,11.89,107.04,0.995230705,0.004217577,0.095853009,0.017614110,-0.1520604,-0.0518097,0.2637147
seq-01/frame-000835,1,0.00425152,1.261135,592,271,165,0.85,121.08,29.69,15.24,166.86,0.996458138,-0.005582067,0.083268382,0.010314872,-0.1548500,-0.0657970,0.2640824
seq-01/frame-000836,1,0.00438710,1.262943,592,271,165,0.86,65.70,27.50,34.01,128.08,0.996458138,-0.005582067,0.083268382,0.010314872,-0.1548500,-0.0657970,0.2640824
seq-01/frame-000837,1,0.04761276,3.155833,632,287,165,0.87,114.43,46.79,20.97,183.06,0.998303823,0.009825338,0.053118995,0.021709740,-0.1291337,-0.0439323,0.2409263
seq-01/frame-000838,1,0.00833788,1.089185,710,369,246,0.89,96.61,44.33,21.64,163.48,0.997525988,-0.011495032,0.068768800,0.008978861,-0.1697210,-0.0705503,0.2603354
seq-01/frame-000839,1,0.00844325,1.105863,710,369,246,0.89,82.02,43.52,17.88,144.32,0.997525988,-0.011495032,0.068768800,0.008978861,-0.1697210,-0.0705503,0.2603354
seq-01/frame-000840,1,0.00945179,1.857534,660,366,217,0.90,129.11,53.18,11.59,194.79,0.997570388,-0.011905839,0.068624540,-0.001498096,-0.1866019,-0.0686346,0.2575601
seq-01/frame-000841,1,0.01129511,1.123169,775,398,260,0.89,127.18,23.94,15.26,167.28,0.998299916,-0.011134550,0.056380200,0.009724888,-0.1816925,-0.0702105,0.2506642
seq-01/frame-000842,1,0.00811336,0.903253,902,451,310,0.88,143.06,60.66,20.32,224.93,0.998546276,-0.010320836,0.052031136,0.009569578,-0.1897960,-0.0648070,0.2462862
seq-01/frame-000843,1,0.00809125,0.903205,902,451,310,0.89,101.36,54.81,40.33,197.40,0.998546276,-0.010320836,0.052031136,0.009569578,-0.1897960,-0.0648070,0.2462862
seq-01/frame-000844,1,0.00520146,0.736014,913,493,321,0.89,101.53,70.59,14.07,187.08,0.998715874,-0.010448185,0.048322453,0.011062540,-0.1988732,-0.0616829,0.2457639
seq-01/frame-000845,1,0.00495215,0.672715,965,508,343,0.91,103.40,55.54,24.37,184.22,0.998921508,-0.011282783,0.043349893,0.012219103,-0.2054193,-0.0598608,0.2446054
seq-01/frame-000846,1,0.00494396,0.668965,965,508,343,0.90,99.43,70.96,9.81,181.10,0.998921508,-0.011282783,0.043349893,0.012219103,-0.2054193,-0.0598608,0.2446054
seq-01/frame-000847,1,0.00878794,1.081474,848,470,319,0.93,98.54,77.37,16.25,193.09,0.999070013,-0.015432427,0.038895354,0.010397131,-0.2144201,-0.0632154,0.2424282
seq-01/frame-000848,1,0.01703695,1.729226,898,458,294,0.92,95.38,64.58,40.99,201.87,0.999091294,-0.020315091,0.035140538,0.013001001,-0.2252879,-0.0698136,0.2394114
seq-01/frame-000849,1,0.01697815,1.725911,898,458,294,0.92,104.60,56.08,22.88,184.49,0.999091294,-0.020315091,0.035140538,0.013001001,-0.2252879,-0.0698136,0.2394114
seq-01/frame-000850,1,0.01101533,1.235098,975,507,344,0.92,130.22,56.51,17.63,205.29,0.999415071,-0.015861221,0.028260279,0.010922185,-0.2320168,-0.0623130,0.2399927
seq-01/frame-000851,1,0.01041278,1.234277,1006,575,400,0.94,76.19,63.24,15.46,155.84,0.999540346,-0.015831261,0.023429617,0.010932564,-0.2385361,-0.0612545,0.2411028
seq-01/frame-000852,1,0.00786345,1.031611,1127,623,443,0.95,133.10,64.84,49.75,248.65,0.999614588,-0.011934838,0.022162455,0.011707249,-0.2470748,-0.0572502,0.2374935
seq-01/frame-000853,1,0.00764114,1.007988,1127,623,443,0.93,117.43,79.88,32.16,230.40,0.999614588,-0.011934838,0.022162455,0.011707249,-0.2470748,-0.0572502,0.2374935
seq-01/frame-000854,1,0.00840213,1.079307,1034,562,410,0.94,109.95,40.75,41.86,193.50,0.999597948,-0.010844272,0.022718519,0.013046574,-0.2582865,-0.0557431,0.2358378
seq-01/frame-000855,1,0.00637012,0.842312,1364,812,623,0.93,102.75,82.95,21.53,208.17,0.999743825,-0.006850500,0.018950784,0.010306406,-0.2659376,-0.0536862,0.2364250
seq-01/frame-000856,1,0.00988473,0.683969,1885,1085,841,0.99,151.20,101.30,36.04,289.53,0.999746977,-0.004100915,0.020090289,0.009249035,-0.2715495,-0.0534906,0.2367219
seq-01/frame-000857,1,0.00613398,0.854304,1885,1085,841,0.99,164.11,131.87,17.71,314.68,0.999746977,-0.004100915,0.020090289,0.009249035,-0.2715495,-0.0534906,0.2367219
seq-01/frame-000858,1,0.00702068,0.917884,1596,965,745,0.99,93.39,107.23,10.22,211.84,0.999584360,-0.001335407,0.025899122,0.012592044,-0.2803950,-0.0526741,0.2366018
seq-01/frame-000859,1,0.00640465,0.831810,1513,896,707,1.00,150.36,105.51,21.36,278.23,0.999436760,0.000715198,0.027937558,0.018578070,-0.2881469,-0.0510329,0.2372764
seq-01/frame-000860,1,0.00734481,0.963486,1592,999,767,1.01,166.47,77.17,25.16,269.81,0.999346288,-0.000037172,0.028639726,0.022062666,-0.2944911,-0.0534592,0.2376705
seq-01/frame-000861,1,0.00714292,0.924339,1592,999,767,1.01,129.01,110.57,8.82,249.41,0.999346288,-0.000037172,0.028639726,0.022062666,-0.2944911,-0.0534592,0.2376705
seq-01/frame-000862,1,0.00994309,1.067453,1440,864,666,0.96,133.37,89.77,7.42,231.53,0.999222684,0.002076836,0.032701341,0.021916573,-0.3064708,-0.0537722,0.2374291
seq-01/frame-000863,1,0.00745874,0.867544,1469,886,691,0.99,148.63,93.44,19.96,263.02,0.999376389,0.005086933,0.029718903,0.018377797,-0.3107030,-0.0520455,0.2391391
seq-01/frame-000864,1,0.00953039,1.000841,1623,1043,833,1.04,122.46,113.37,32.68,269.56,0.999364981,0.005532158,0.031403864,0.015900573,-0.3189400,-0.0521305,0.2391076
seq-01/frame-000865,1,0.01294970,1.102765,1840,1066,829,1.01,138.05,109.23,21.81,270.10,0.999321764,0.005505727,0.032664700,0.016084637,-0.3237346,-0.0535977,0.2404409
seq-01/frame-000866,1,0.00947297,1.063802,1840,1066,829,1.01,150.90,120.65,7.77,280.33,0.999321764,0.005505727,0.032664700,0.016084637,-0.3237346,-0.0535977,0.2404409
seq-01/frame-000867,1,0.01128828,1.164420,1628,986,773,1.01,155.10,83.18,16.46,255.76,0.999206518,0.007555787,0.035917941,0.015464338,-0.3328493,-0.0542922,0.2409807
seq-01/frame-000868,1,0.00897884,0.967243,1425,918,745,1.01,99.34,85.98,16.93,203.27,0.999204372,0.010380890,0.035203806,0.015606184,-0.3381786,-0.0521397,0.2431204
seq-01/frame-000869,1,0.00897705,1.000235,1538,999,803,1.03,125.98,108.57,27.64,263.23,0.999255114,0.010208430,0.033233991,0.016748334,-0.3409147,-0.0523489,0.2443873
seq-01/frame-000870,1,0.00929885,1.024516,1538,999,803,1.01,121.88,95.12,30.31,248.32,0.999255114,0.010208430,0.033233991,0.016748334,-0.3409147,-0.0523489,0.2443873
seq-01/frame-000871,1,0.01086967,1.080803,1763,1085,865,1.08,130.09,128.88,14.59,274.64,0.999124347,0.010491992,0.037160722,0.016110215,-0.3509770,-0.0525021,0.2439556
seq-01/frame-000872,1,0.00910038,1.038785,1698,1083,854,1.05,140.88,100.85,36.99,279.77,0.999065524,0.010676443,0.038094809,0.017403396,-0.3558918,-0.0530694,0.2469537
seq-01/frame-000873,1,0.00904902,0.990091,1581,1014,807,1.00,143.02,81.60,40.03,265.66,0.999063150,0.011535548,0.038329493,0.016450048,-0.3625949,-0.0534971,0.2474746
seq-01/frame-000874,1,0.00799066,0.930960,1954,1146,899,1.08,115.51,158.97,22.08,297.64,0.998971154,0.014207751,0.039919650,0.016161498,-0.3680352,-0.0514021,0.2479280
seq-01/frame-000875,1,0.00854988,0.976722,1954,1146,899,1.08,169.28,115.56,12.24,298.17,0.998971154,0.014207751,0.039919650,0.016161498,-0.3680352,-0.0514021,0.2479280
seq-01/frame-000876,1,0.00887821,1.060153,1754,1056,832,1.06,140.43,111.08,28.39,280.97,0.998926781,0.013650310,0.041277604,0.015972286,-0.3731407,-0.0531777,0.2498437
seq-01/frame-000877,1,0.00856126,0.991053,1585,972,802,1.04,150.32,91.82,22.77,265.95,0.998863149,0.014829223,0.042651465,0.015275981,-0.3799739,-0.0526037,0.2499343
seq-01/frame-000878,1,0.00752761,0.874518,1794,1109,897,1.03,171.78,125.03,31.14,328.99,0.998785639,0.017467238,0.043871396,0.014051435,-0.3866733,-0.0505850,0.2513029
seq-01/frame-000879,1,0.00750202,0.883964,1794,1109,897,1.03,179.48,102.36,37.14,320.02,0.998785639,0.017467238,0.043871396,0.014051435,-0.3866733,-0.0505850,0.2513029
seq-01/frame-000880,1,0.00823088,0.887111,1767,1093,878,1.04,164.55,108.24,8.71,282.54,0.998763329,0.018190067,0.044061237,0.014125947,-0.3905026,-0.0507015,0.2504662
seq-01/frame-000881,1,0.00822436,0.908450,1827,1117,903,1.02,138.07,119.64,34.19,292.93,0.998662024,0.019684623,0.045927288,0.013317701,-0.3975063,-0.0505097,0.2513800
seq-01/frame-000882,1,0.00746124,0.883188,1706,1042,836,1.02,138.87,80.00,23.63,243.52,0.998588706,0.021651949,0.046752412,0.012884173,-0.4027950,-0.0499604,0.2525975
seq-01/frame-000883,1,0.00713363,0.849937,1706,1042,836,1.04,139.59,109.04,10.65,260.31,0.998588706,0.021651949,0.046752412,0.012884173,-0.4027950,-0.0499604,0.2525975
seq-01/frame-000884,1,0.00629224,0.714332,1600,947,772,1.03,119.25,106.97,19.04,246.30,0.998558678,0.023876190,0.046222215,0.013190939,-0.4070474,-0.0479020,0.2517311
seq-01/frame-000885,1,0.00769726,0.826525,1648,1005,812,1.02,128.02,104.16,34.36,267.56,0.998588905,0.022472987,0.046053929,0.013935520,-0.4117159,-0.0492890,0.2500955
seq-01/frame-000886,1,0.00612667,0.732414,1462,838,671,0.99,138.21,98.69,29.18,267.08,0.998558636,0.022767737,0.044962143,0.018457675,-0.4152827,-0.0480008,0.2505449
seq-01/frame-000887,1,0.00883535,0.540281,1609,985,793,1.03,131.35,101.75,18.97,253.10,0.998582515,0.023951158,0.043902593,0.018217174,-0.4199886,-0.0467569,0.2497106
seq-01/frame-000888,1,0.00547813,0.618513,1609,985,793,1.03,132.06,91.96,25.49,250.55,0.998582515,0.023951158,0.043902593,0.018217174,-0.4199886,-0.0467569,0.2497106
seq-01/frame-000889,1,0.00551825,0.661939,1881,1145,905,1.05,159.60,94.69,37.91,293.26,0.998626374,0.023776275,0.044154677,0.015179568,-0.4244851,-0.0455448,0.2489587
seq-01/frame-000890,1,0.00764188,0.758977,1905,1152,917,1.06,177.27,133.30,10.41,322.04,0.998560890,0.022571884,0.046518471,0.014236951,-0.4300719,-0.0469963,0.2474074
seq-01/frame-000891,1,0.00746905,0.765793,1808,1116,912,1.04,130.29,137.61,21.61,290.54,0.998590709,0.022031495,0.046444235,0.013196291,-0.4336660,-0.0477027,0.2470915
seq-01/frame-000892,1,0.01099915,0.837436,1605,996,800,0.99,109.70,108.33,22.37,241.39,0.998447602,0.022753922,0.049162998,0.012947788,-0.4412153,-0.0483348,0.2490006
seq-01/frame-000893,1,0.01120040,0.847302,1605,996,800,0.99,121.53,122.27,31.58,276.37,0.998447602,0.022753922,0.049162998,0.012947788,-0.4412153,-0.0483348,0.2490006
seq-01/frame-000894,1,0.00979934,0.533529,1252,763,626,0.95,101.69,88.04,23.11,213.80,0.998396832,0.025432908,0.047763168,0.016601621,-0.4451155,-0.0476754,0.2474626
seq-01/frame-000895,1,0.00839065,0.338933,1376,868,718,0.95,106.32,110.29,6.98,224.54,0.998452304,0.027184530,0.045721616,0.016233632,-0.4509534,-0.0463506,0.2483091
seq-01/frame-000896,1,0.01100690,0.659749,1885,1147,929,1.00,145.25,136.65,13.74,296.64,0.998322982,0.028405939,0.048131566,0.015089016,-0.4589394,-0.0465570,0.2460279
seq-01/frame-000897,1,0.00865325,0.675708,1733,1032,843,1.00,141.75,114.48,9.55,266.78,0.998242908,0.029752315,0.048417596,0.016781910,-0.4619668,-0.0451032,0.2471518
seq-01/frame-000898,1,0.00469048,0.483429,1733,1032,843,1.00,128.52,87.90,18.15,235.57,0.998242908,0.029752315,0.048417596,0.016781910,-0.4619668,-0.0451032,0.2471518
seq-01/frame-000899,1,0.00647973,0.514065,1740,1062,856,0.96,158.88,104.46,13.26,277.56,0.998120784,0.028564570,0.050985928,0.018422862,-0.4695368,-0.0439584,0.2455866
seq-01/frame-000900,1,0.00629880,0.714384,1520,929,761,0.94,122.68,87.63,22.31,233.55,0.998130712,0.024019558,0.050646443,0.024353232,-0.4717323,-0.0497844,0.2490139
seq-01/frame-000901,1,0.00921281,0.711241,1415,866,738,0.89,137.35,101.05,11.46,250.76,0.998178031,0.026118020,0.049289667,0.022999921,-0.4767442,-0.0530447,0.2476980
seq-01/frame-000902,1,0.00701581,0.628405,1679,1066,872,0.94,107.53,113.22,13.35,235.04,0.997898201,0.030495715,0.052794058,0.021954042,-0.4867268,-0.0501491,0.2491201
seq-01/frame-000903,1,0.00725563,0.750020,1463,880,712,0.95,131.07,123.05,30.24,285.32,0.997725715,0.030921011,0.054870174,0.024011529,-0.4943324,-0.0509205,0.2505199
seq-01/frame-000904,1,0.00731197,0.649861,1539,982,814,0.95,114.76,89.56,16.05,221.33,0.997612582,0.032425037,0.055389563,0.025490189,-0.5017972,-0.0496994,0.2506274
seq-01/frame-000905,1,0.00961546,0.870798,1701,1055,862,0.96,121.09,89.33,32.00,243.38,0.997424474,0.030220278,0.058437060,0.028570336,-0.5093470,-0.0510855,0.2505872
seq-01/frame-000906,1,0.00938198,0.851252,1701,1055,862,0.96,111.00,130.49,14.89,257.33,0.997424474,0.030220278,0.058437060,0.028570336,-0.5093470,-0.0510855,0.2505872
seq-01/frame-000907,1,0.00687978,0.590062,1541,941,759,0.91,123.77,86.61,10.25,221.55,0.997251269,0.030464135,0.059103407,0.032689925,-0.5151888,-0.0486593,0.2529639
seq-01/frame-000908,1,0.00808059,0.799756,1830,1100,902,0.96,153.59,93.12,27.53,275.21,0.996984688,0.027104986,0.063658219,0.035135201,-0.5256696,-0.0509124,0.2555605
seq-01/frame-000909,1,0.00958032,0.977830,1734,1077,877,0.98,127.42,119.70,8.98,257.09,0.996581808,0.026429784,0.068715387,0.037474820,-0.5338002,-0.0542088,0.2582873
seq-01/frame-000910,1,0.00920362,0.955569,1651,987,807,0.97,105.73,103.71,7.70,218.12,0.996174502,0.027685832,0.072110087,0.040865534,-0.5413996,-0.0547595,0.2597178
seq-01/frame-000911,1,0.01090476,0.846693,1651,987,807,0.94,134.88,97.26,7.74,240.83,0.996174502,0.027685832,0.072110087,0.040865534,-0.5413996,-0.0547595,0.2597178
seq-01/frame-000912,1,0.00834888,0.806343,1866,1098,896,1.01,134.34,116.16,7.94,259.45,0.995753787,0.028998608,0.076437820,0.042317097,-0.5502850,-0.0529439,0.2606246
seq-01/frame-000913,1,0.00702746,0.784857,1844,1082,880,1.00,131.54,124.95,7.65,265.14,0.995345050,0.028215370,0.082095409,0.041862500,-0.5575234,-0.0539470,0.2644096
seq-01/frame-000914,1,0.00944606,0.758299,1772,1035,824,0.95,136.74,124.14,13.95,275.80,0.994772893,0.027997995,0.087694844,0.044188432,-0.5659228,-0.0537176,0.2641441
seq-01/frame-000915,1,0.00949360,0.645893,1770,1065,841,0.95,144.19,106.15,9.22,260.51,0.994240016,0.026442422,0.093081807,0.046079990,-0.5735488,-0.0529074,0.2669283
seq-01/frame-000916,1,0.00873949,0.879806,1775,1043,844,0.98,149.67,119.26,20.10,290.01,0.993641830,0.023542518,0.098605616,0.048975464,-0.5806584,-0.0559373,0.2728504
seq-01/frame-000917,1,0.00870370,0.853809,1779,1045,846,0.97,140.96,124.21,9.94,276.09,0.993166442,0.023742527,0.103596585,0.048212634,-0.5907487,-0.0566353,0.2770405
seq-01/frame-000918,1,0.01358724,1.054732,1779,1045,846,0.96,119.84,110.52,7.39,238.71,0.993166442,0.023742527,0.103596585,0.048212634,-0.5907487,-0.0566353,0.2770405
seq-01/frame-000919,1,0.00994799,0.931788,1914,1047,826,1.00,138.24,114.66,31.23,285.13,0.992710585,0.024139316,0.108120939,0.047464198,-0.5980237,-0.0575593,0.2803105
seq-01/frame-000920,1,0.00858150,0.842362,1816,1003,789,0.99,127.94,137.24,8.77,274.94,0.992018594,0.025109692,0.114234061,0.047108307,-0.6059439,-0.0578032,0.2860792
seq-01/frame-000921,1,0.01101034,1.083993,1723,943,716,0.98,123.86,115.24,22.01,262.10,0.991231728,0.024252178,0.120096011,0.049481730,-0.6144627,-0.0607337,0.2903202
seq-01/frame-000922,1,0.00989380,0.926119,1788,966,748,0.99,139.35,126.36,14.76,281.47,0.990619433,0.025553423,0.124748390,0.049578220,-0.6228739,-0.0603664,0.2940957
seq-01/frame-000923,1,0.01010039,0.817907,1804,958,746,0.98,132.63,106.21,14.92,254.74,0.990018840,0.027559038,0.129167421,0.049183058,-0.6291431,-0.0592543,0.2973148
seq-01/frame-000924,1,0.01221227,0.890277,1781,892,652,0.98,133.57,127.19,28.06,289.81,0.989242269,0.027165227,0.134798580,0.049911195,-0.6361979,-0.0598806,0.2995784
seq-01/frame-000925,1,0.00845592,0.527245,1685,906,677,0.96,112.19,111.02,27.29,251.45,0.988178273,0.029183987,0.141449642,0.051419783,-0.6426964,-0.0569718,0.3063034
seq-01/frame-000926,1,0.00813415,0.705238,1760,866,645,0.99,112.97,101.15,27.41,242.53,0.986885986,0.027472590,0.149551674,0.054181221,-0.6510938,-0.0601558,0.3123239
seq-01/frame-000927,1,0.00810346,0.690744,1760,866,645,0.98,104.03,122.03,12.35,239.40,0.986885986,0.027472590,0.149551674,0.054181221,-0.6510938,-0.0601558,0.3123239
seq-01/frame-000928,1,0.00947213,0.873443,1579,837,604,0.95,125.63,98.87,26.99,252.43,0.985825756,0.026865800,0.156177611,0.055085044,-0.6562470,-0.0634951,0.3172813
seq-01/frame-000929,1,0.00943665,0.774969,1587,840,609,0.95,100.16,98.33,23.41,222.85,0.984493013,0.029607764,0.163235329,0.057018546,-0.6614732,-0.0627823,0.3207003
seq-01/frame-000930,1,0.01246904,1.141054,1681,922,670,0.95,174.31,69.38,14.83,259.47,0.983245902,0.027997798,0.168064800,0.064790758,-0.6664701,-0.0661585,0.3244154
seq-01/frame-000931,1,0.01034853,1.014837,1720,879,611,0.98,144.09,111.24,17.88,274.19,0.981912041,0.027408376,0.174869633,0.067217077,-0.6750734,-0.0683459,0.3318315
seq-01/frame-000932,1,0.01328310,1.305890,1530,766,531,0.95,120.49,100.08,11.37,232.89,0.981017642,0.025803216,0.178484170,0.071288021,-0.6808276,-0.0727905,0.3354951
seq-01/frame-000933,1,0.01469853,1.493920,1345,737,521,0.91,138.61,73.71,13.23,226.46,0.980654746,0.024445159,0.179590685,0.073931654,-0.6865158,-0.0764530,0.3393744
seq-01/frame-000934,1,0.01494986,1.079386,1336,657,433,0.89,130.87,87.92,14.09,233.78,0.979546977,0.027810807,0.185062844,0.073932557,-0.6975903,-0.0766490,0.3453026
seq-01/frame-000935,1,0.01122448,1.123748,1336,657,433,0.89,130.49,92.87,20.09,244.35,0.979546977,0.027810807,0.185062844,0.073932557,-0.6975903,-0.0766490,0.3453026
seq-01/frame-000936,1,0.00946743,0.957076,1260,678,470,0.89,141.83,90.25,10.27,243.24,0.979515117,0.030847807,0.184210121,0.075267386,-0.7024501,-0.0765126,0.3502260
seq-01/frame-000937,1,0.01338102,1.370265,1386,712,512,0.85,110.28,88.06,24.65,223.86,0.979560208,0.029966196,0.183461889,0.076847652,-0.7063839,-0.0812371,0.3517004
seq-01/frame-000938,1,0.01100982,1.078346,1195,640,443,0.88,114.13,60.52,28.73,204.27,0.978735863,0.032760896,0.187275754,0.077010561,-0.7178383,-0.0812370,0.3554477
seq-01/frame-000939,1,0.01173014,1.169465,1248,615,433,0.88,138.78,71.04,7.59,218.30,0.979087631,0.032959277,0.184810344,0.078397924,-0.7205888,-0.0834137,0.3589414
seq-01/frame-000940,1,0.01134379,1.032524,1232,608,427,0.89,113.65,81.75,23.82,220.11,0.978451012,0.032740227,0.188551967,0.077523224,-0.7319010,-0.0852658,0.3629286
seq-01/frame-000941,1,0.01446585,1.402498,1510,736,477,0.89,158.05,70.20,26.59,255.74,0.978377674,0.030137600,0.188073410,0.080605483,-0.7350484,-0.0907252,0.3667224
seq-01/frame-000942,1,0.01240428,1.209111,1509,693,471,0.89,123.06,101.21,9.56,234.73,0.977960076,0.032570295,0.189773294,0.080742565,-0.7408312,-0.0912341,0.3700233
seq-01/frame-000943,1,0.01042884,1.011922,1462,687,472,0.91,110.17,79.11,12.43,202.62,0.977028887,0.033902159,0.194146026,0.081071074,-0.7506058,-0.0919701,0.3736860
seq-01/frame-000944,1,0.01036969,1.036949,1423,673,456,0.92,115.73,115.39,12.35,244.39,0.976856113,0.033704982,0.193946737,0.083670612,-0.7543348,-0.0939030,0.3762591
seq-01/frame-000945,1,0.01027981,1.026268,1423,673,456,0.91,111.12,82.05,26.64,220.72,0.976856113,0.033704982,0.193946737,0.083670612,-0.7543348,-0.0939030,0.3762591
seq-01/frame-000946,1,0.00919078,0.908425,1583,739,510,0.93,153.01,81.56,10.02,245.53,0.976344043,0.034417447,0.195684167,0.085296283,-0.7606424,-0.0937909,0.3766402
seq-01/frame-000947,1,0.00854548,0.859845,1699,801,521,0.95,120.18,114.95,15.40,251.48,0.975785600,0.034342702,0.197335935,0.087872470,-0.7642565,-0.0949662,0.3782687
seq-01/frame-000948,1,0.01058014,0.989345,1643,747,490,0.93,109.36,101.50,10.29,222.08,0.974701496,0.031803571,0.201790075,0.090698905,-0.7715694,-0.0993344,0.3796385
seq-01/frame-000949,1,0.00895935,0.859583,1587,704,476,0.92,112.12,116.78,25.15,254.96,0.973975995,0.032522939,0.203709897,0.093889818,-0.7762815,-0.0987134,0.3810458
seq-01/frame-000950,1,0.00886586,0.906420,1559,722,477,0.92,128.41,71.25,6.51,207.08,0.973343307,0.029795132,0.207220599,0.093673259,-0.7821422,-0.1024890,0.3849301
seq-01/frame-000951,1,0.00950890,0.989607,1647,725,453,0.92,148.72,96.50,10.49,256.63,0.973257598,0.030232679,0.206843376,0.095244165,-0.7840765,-0.1051231,0.3865068
seq-01/frame-000952,1,0.01025612,0.952325,1690,758,482,0.95,130.58,107.91,18.25,257.70,0.972856811,0.030455935,0.207464115,0.097881063,-0.7873792,-0.1059782,0.3832908
seq-01/frame-000953,1,0.00899359,0.863652,1604,721,474,0.90,133.27,84.51,10.03,228.71,0.971393175,0.029654219,0.212563987,0.101648802,-0.7932529,-0.1071969,0.3845943
seq-01/frame-000954,1,0.00898112,0.877239,1524,687,451,0.88,101.76,94.65,31.07,228.36,0.970545983,0.028287446,0.213999387,0.106979331,-0.7959401,-0.1077366,0.3836350
seq-01/frame-000955,1,0.00889776,0.856126,1524,687,451,0.88,97.72,135.28,12.18,246.05,0.970545983,0.028287446,0.213999387,0.106979331,-0.7959401,-0.1077366,0.3836350
seq-01/frame-000956,1,0.01083199,1.086067,1650,731,456,0.93,116.05,113.45,33.31,263.74,0.970017900,0.024939883,0.213899788,0.112650594,-0.7962264,-0.1112240,0.3819572
seq-01/frame-000957,1,0.00960634,0.877490,1442,644,435,0.87,125.91,97.77,11.03,235.58,0.968950197,0.022644305,0.217352715,0.115674322,-0.8011386,-0.1131088,0.3807690
seq-01/frame-000958,1,0.00786587,0.661836,1437,671,415,0.89,106.63,99.50,19.03,226.04,0.967723745,0.020645982,0.220594695,0.120093620,-0.8052284,-0.1142274,0.3797792
seq-01/frame-000959,1,0.00941726,0.681174,1508,666,433,0.88,138.59,98.83,10.31,248.61,0.966520738,0.017573507,0.223968039,0.123964319,-0.8099921,-0.1168352,0.3761093
seq-01/frame-000960,1,0.01151667,0.852080,1092,474,302,0.81,71.76,83.10,8.29,163.97,0.965694632,0.017010084,0.223393145,0.131301324,-0.8101270,-0.1140749,0.3706052
seq-01/frame-000961,1,0.01227844,1.156738,1028,473,299,0.82,111.38,61.25,7.18,180.63,0.964806069,0.010333478,0.221094628,0.141984629,-0.8102615,-0.1183571,0.3668802
seq-01/frame-000962,1,0.01044030,0.660011,1319,630,441,0.86,120.12,93.28,7.91,222.17,0.964539463,0.007068822,0.222787289,0.141348791,-0.8140441,-0.1168754,0.3646145
seq-01/frame-000963,1,0.01087019,0.734356,1209,560,388,0.83,134.26,59.31,6.09,200.49,0.963575679,0.003470941,0.225695599,0.143427196,-0.8163899,-0.1183777,0.3601680
seq-01/frame-000964,1,0.01250486,0.901494,1054,485,318,0.81,100.61,73.62,9.89,184.95,0.962470315,0.000692152,0.225585206,0.150869907,-0.8170589,-0.1172814,0.3543563
seq-01/frame-000965,1,0.01420477,0.851772,994,452,294,0.78,94.00,68.34,26.15,189.28,0.961297004,-0.000830293,0.227310748,0.155683025,-0.8205008,-0.1119777,0.3501319
seq-01/frame-000966,1,0.01485047,1.110593,907,451,277,0.77,82.41,72.99,12.65,168.83,0.959605429,-0.012570676,0.225920610,0.167210277,-0.8194853,-0.1211585,0.3432854
seq-01/frame-000967,1,0.01220623,1.008406,1090,594,421,0.80,88.83,69.33,27.99,186.96,0.958597381,-0.017495214,0.224972241,0.173702244,-0.8202828,-0.1222433,0.3418519
seq-01/frame-000968,1,0.01122104,0.869890,1080,591,424,0.79,96.90,87.93,17.16,202.79,0.957484896,-0.021205964,0.225419481,0.178770912,-0.8224851,-0.1235444,0.3373127
seq-01/frame-000969,1,0.01503321,1.251648,891,453,310,0.78,75.98,73.94,8.49,159.19,0.956874384,-0.027666682,0.221936804,0.185391540,-0.8198787,-0.1258421,0.3293324
seq-01/frame-000970,1,0.01242185,1.144328,901,465,330,0.78,104.83,82.59,12.50,200.70,0.954778404,-0.032812993,0.221786098,0.195275278,-0.8206677,-0.1270248,0.3262683
seq-01/frame-000971,1,0.01061172,0.795858,1160,679,498,0.82,108.46,84.85,7.23,201.36,0.953207936,-0.039252645,0.222993782,0.200318829,-0.8218309,-0.1315097,0.3224359
seq-01/frame-000972,1,0.00381683,0.597560,1229,713,564,0.86,125.48,57.15,26.41,209.92,0.951688512,-0.046887614,0.226917827,0.201491507,-0.8220403,-0.1431475,0.3216578
seq-01/frame-000973,1,0.00639618,0.526343,1200,724,535,0.83,99.33,83.75,9.20,193.11,0.951106207,-0.045322651,0.226557846,0.204974101,-0.8220924,-0.1426185,0.3132894
seq-01/frame-000974,1,0.01340811,1.050015,927,537,401,0.76,86.94,52.29,26.89,166.88,0.950282820,-0.048339998,0.221895726,0.213044817,-0.8166345,-0.1425669,0.3013664
seq-01/frame-000975,1,0.01504340,1.129591,910,538,404,0.76,102.42,56.49,6.70,166.38,0.948945678,-0.055811754,0.219405508,0.219655117,-0.8101875,-0.1454657,0.2950957
seq-01/frame-000976,1,0.01137298,0.832393,888,558,422,0.77,97.72,76.45,32.86,207.81,0.945655720,-0.063265168,0.223910580,0.227149356,-0.8120675,-0.1522394,0.2899607
seq-01/frame-000977,1,0.00963325,0.534072,962,652,511,0.76,96.13,64.59,8.86,170.35,0.943068687,-0.071204504,0.226253856,0.233153517,-0.8128051,-0.1593147,0.2837809
seq-01/frame-000978,1,0.00864990,0.671700,1100,758,611,0.81,73.81,83.75,22.61,180.99,0.941820028,-0.078541648,0.224930062,0.237092200,-0.8052836,-0.1662308,0.2784766
seq-01/frame-000979,1,0.00421145,0.486869,1325,936,764,0.87,108.26,99.51,8.80,217.45,0.940053470,-0.080538622,0.228556575,0.239947693,-0.8059970,-0.1707093,0.2753128
seq-01/frame-000980,1,0.00798794,0.737833,1337,914,763,0.85,105.98,107.62,12.42,226.87,0.939953630,-0.082797291,0.224171037,0.243678329,-0.8022868,-0.1729596,0.2650166
seq-01/frame-000981,1,0.00500552,0.533708,1444,1033,853,0.88,125.84,98.22,21.97,246.91,0.939480061,-0.087128395,0.223052802,0.245016951,-0.8023151,-0.1776215,0.2612379
seq-01/frame-000982,1,0.01000956,0.958513,1320,927,781,0.89,105.18,83.28,10.79,200.14,0.939809367,-0.089783595,0.220232673,0.245346345,-0.8013891,-0.1808544,0.2558262
seq-01/frame-000983,1,0.00852298,0.926983,1266,910,766,0.88,117.68,86.62,17.25,222.43,0.940463668,-0.092458944,0.216776193,0.244923487,-0.7995507,-0.1829679,0.2512207
seq-01/frame-000984,1,0.01017579,1.199444,864,629,520,0.79,94.75,23.29,26.57,145.40,0.941397359,-0.097565685,0.211210684,0.244217110,-0.7979313,-0.1911106,0.2448286
seq-01/frame-000985,1,0.01062832,1.578182,848,608,491,0.77,104.43,75.32,11.71,192.22,0.944479488,-0.099241469,0.199953238,0.241098174,-0.7921265,-0.1951238,0.2380388
seq-01/frame-000986,1,0.01360199,1.884297,1042,750,640,0.80,100.37,64.87,22.70,188.75,0.949194085,-0.099005905,0.190010918,0.230487028,-0.7868594,-0.1929940,0.2293395
seq-01/frame-000987,1,0.01563700,1.490303,830,623,515,0.78,87.43,47.09,6.07,141.37,0.951806286,-0.100226030,0.186032225,0.222287086,-0.7894288,-0.1893772,0.2200894
seq-01/frame-000988,1,0.01942643,1.962515,777,586,487,0.75,80.75,55.75,15.27,152.52,0.952555606,-0.106464542,0.176214308,0.224168767,-0.7823966,-0.1879996,0.2116757
seq-01/frame-000989,1,0.01214167,1.574924,1227,906,794,0.83,83.13,78.39,18.72,181.08,0.952731342,-0.114156443,0.172983131,0.222144396,-0.7807881,-0.1930760,0.2131304
seq-01/frame-000990,1,0.01409610,1.352515,1204,908,794,0.83,117.67,85.13,8.99,212.62,0.954145558,-0.118124330,0.168264190,0.217577708,-0.7733997,-0.1948151,0.2089201
seq-01/frame-000991,1,0.01001907,0.963284,1280,957,829,0.85,124.16,92.11,7.25,224.36,0.954856850,-0.119897543,0.167906441,0.213729740,-0.7729353,-0.1962440,0.2058679
seq-01/frame-000992,1,0.01007065,1.426824,1077,824,719,0.81,125.83,53.77,8.68,189.09,0.956777487,-0.122949422,0.160968103,0.208685290,-0.7674144,-0.1975432,0.2024675
seq-01/frame-000993,1,0.01387656,1.567213,897,686,591,0.77,116.36,42.60,10.24,169.97,0.959504999,-0.124202131,0.154051879,0.200479441,-0.7587869,-0.1979276,0.1982963
seq-01/frame-000994,1,0.01632499,1.234840,773,597,521,0.76,86.78,45.65,9.62,142.81,0.962051155,-0.120661028,0.150789941,0.192771590,-0.7492502,-0.1971764,0.1931128
seq-01/frame-000995,1,0.01273028,0.737657,1172,905,814,0.83,117.31,64.33,11.76,194.23,0.962861123,-0.118723640,0.151638522,0.189232431,-0.7465121,-0.1982399,0.1893121
seq-01/frame-000996,1,0.01509833,1.029108,1200,953,838,0.81,102.66,67.71,13.80,184.98,0.964175165,-0.117890826,0.147804386,0.186069526,-0.7390972,-0.1984009,0.1840200
seq-01/frame-000997,1,0.00754214,0.718870,1200,953,838,0.82,119.68,62.47,10.35,193.32,0.964175165,-0.117890826,0.147804386,0.186069526,-0.7390972,-0.1984009,0.1840200
seq-01/frame-000998,1,0.00781931,0.671966,1018,794,710,0.80,90.18,61.59,10.39,162.96,0.965902028,-0.117150897,0.144037568,0.180449769,-0.7304643,-0.1977776,0.1794172
seq-01/frame-000999,1,0.00786043,0.646782,960,739,633,0.80,86.46,33.66,8.02,128.94,0.966944181,-0.117971280,0.142593995,0.175410036,-0.7223932,-0.1998454,0.1734232
