frame,ok,trans_err_m,rot_err_deg,keypoints,matches,inliers,ms_decode,ms_extract,ms_match,ms_pose,ms_total,qw,qx,qy,qz,tx,ty,tz
seq-02/frame-000000,1,0.03567096,0.791053,2363,1922,1732,1.80,285.46,152.27,23.23,462.76,0.831155114,-0.026704345,0.546428095,0.099420275,-0.6641914,-0.6926793,0.5363659
seq-02/frame-000001,1,0.03521523,0.827506,2371,1886,1709,2.26,316.38,124.25,12.73,455.63,0.830134305,-0.026609732,0.547756544,0.100656477,-0.6593097,-0.6889640,0.5388103
seq-02/frame-000002,1,0.03547343,0.822976,2484,1985,1805,1.94,305.93,162.03,19.03,488.94,0.829647690,-0.026494648,0.548521343,0.100533973,-0.6616161,-0.6865976,0.5403752
seq-02/frame-000003,1,0.03415204,0.784950,2522,2048,1879,0.93,308.24,133.26,15.27,457.70,0.828740227,-0.029080851,0.549688375,0.100928836,-0.6525539,-0.6921746,0.5400865
seq-02/frame-000004,1,0.03804501,0.840095,2339,1937,1759,1.70,305.32,120.84,13.50,441.37,0.828284696,-0.027731342,0.550501687,0.100614745,-0.6496060,-0.6955535,0.5419981
seq-02/frame-000005,1,0.04005798,0.907446,2439,1992,1825,2.15,319.53,132.53,13.70,467.92,0.827882756,-0.026089996,0.551126804,0.100939091,-0.6469631,-0.6957632,0.5420218
seq-02/frame-000006,1,0.03290033,0.742019,2495,2033,1863,1.01,322.92,139.02,17.01,479.97,0.825938527,-0.026167335,0.554107505,0.100527080,-0.6477178,-0.6867703,0.5445105
seq-02/frame-000007,1,0.03870067,0.878551,2499,2007,1850,2.27,311.04,137.88,19.70,470.88,0.824979189,-0.028402073,0.555118425,0.102206622,-0.6407273,-0.6928496,0.5503722
seq-02/frame-000008,1,0.03151431,0.695022,1956,1656,1511,0.90,265.73,144.94,18.17,429.74,0.825158416,-0.029007471,0.554738193,0.102653262,-0.6357453,-0.6853689,0.5433469
seq-02/frame-000009,1,0.03805705,0.868418,2552,2073,1894,0.95,312.62,146.02,14.85,474.44,0.820850688,-0.035590427,0.559844800,0.107290587,-0.6259293,-0.6918796,0.5534988
seq-02/frame-000010,1,0.03349674,0.787509,2579,2169,1995,0.91,124.46,143.62,16.90,285.89,0.820082463,-0.035924042,0.560345956,0.110393054,-0.6192878,-0.6907582,0.5534794
seq-02/frame-000011,1,0.03048684,0.765398,2215,1877,1736,0.88,143.28,139.44,18.09,301.70,0.818237616,-0.036247185,0.562424880,0.113364896,-0.6105815,-0.6889069,0.5540265
seq-02/frame-000012,1,0.02704471,0.715729,1846,1577,1435,0.83,116.12,103.37,18.78,239.10,0.813560437,-0.035068143,0.568079698,0.119059216,-0.5961927,-0.6838611,0.5597022
seq-02/frame-000013,1,0.02413113,0.683726,2051,1758,1638,0.86,122.16,119.95,10.64,253.61,0.810498082,-0.036125016,0.571444202,0.123447830,-0.5911528,-0.6794204,0.5619012
seq-02/frame-000014,1,0.02528149,0.687577,2568,2153,1994,0.89,138.40,137.13,21.75,298.17,0.807773654,-0.038118645,0.574359114,0.127123172,-0.5764842,-0.6856206,0.5664210
seq-02/frame-000015,1,0.01150253,0.331410,1627,1366,1239,0.88,122.71,99.34,16.85,239.77,0.804332075,-0.044234293,0.578912556,0.126307136,-0.5551069,-0.6738401,0.5664583
seq-02/frame-000016,1,0.01669546,0.501714,2263,1911,1772,0.85,124.95,135.01,13.22,274.03,0.799677168,-0.047719235,0.584498072,0.128846052,-0.5465275,-0.6788965,0.5797169
seq-02/frame-000017,1,0.01466682,0.399866,1954,1635,1500,1.24,117.42,113.62,15.13,247.41,0.796784346,-0.049532309,0.587544442,0.132184666,-0.5349228,-0.6782925,0.5822427
seq-02/frame-000018,1,0.03015658,1.078205,2175,1874,1712,0.96,129.28,131.80,18.14,280.19,0.789082200,-0.054061480,0.596207124,0.137708762,-0.5064081,-0.6889672,0.5953200
seq-02/frame-000019,1,0.01946430,0.488700,1742,1403,1256,0.91,124.26,93.82,14.66,233.65,0.785081597,-0.054092929,0.601038462,0.139547873,-0.4928098,-0.6891049,0.5994931
seq-02/frame-000020,1,0.01737682,0.359889,1646,1290,1152,0.85,82.94,72.47,9.92,166.18,0.781293439,-0.054904516,0.606191369,0.138195805,-0.4784562,-0.6807129,0.6011594
seq-02/frame-000021,1,0.01546792,0.408270,2102,1698,1531,0.83,113.80,96.03,9.69,220.35,0.777350368,-0.057852293,0.610881321,0.138576800,-0.4678822,-0.6760785,0.6078261
seq-02/frame-000022,1,0.02186075,0.541760,2129,1760,1579,0.82,114.39,93.87,12.05,221.14,0.770720572,-0.070356729,0.617425042,0.140805003,-0.4420231,-0.6716048,0.6206938
seq-02/frame-000023,1,0.01833898,0.509716,2810,2245,2048,0.88,106.44,135.99,15.37,258.69,0.767152565,-0.077139022,0.620343837,0.143875075,-0.4292785,-0.6818404,0.6306449
seq-02/frame-000024,1,0.01940114,0.533744,2212,1727,1530,0.94,95.57,119.79,18.05,234.35,0.765327650,-0.082163652,0.621693073,0.144984293,-0.4183794,-0.6770722,0.6382505
seq-02/frame-000025,1,0.01291693,0.353179,2689,2167,1985,0.88,107.94,127.98,21.56,258.35,0.762530860,-0.091364752,0.623201277,0.147713704,-0.4047026,-0.6845142,0.6511322
seq-02/frame-000026,1,0.01208801,0.292284,3127,2523,2304,0.95,110.71,161.97,20.70,294.33,0.759828538,-0.098265463,0.624703344,0.150831773,-0.3854278,-0.6947761,0.6624779
seq-02/frame-000027,1,0.01466675,0.411151,3252,2644,2407,0.95,143.50,175.53,18.05,338.04,0.757328004,-0.102188030,0.625515318,0.157297450,-0.3461059,-0.7028275,0.6757176
seq-02/frame-000028,1,0.01733922,0.473077,2989,2464,2240,0.89,117.80,179.75,16.25,314.69,0.756926132,-0.101164984,0.626017645,0.157893590,-0.3293810,-0.7069354,0.6809839
seq-02/frame-000029,1,0.00898734,0.288491,3291,2634,2427,0.99,132.66,177.43,21.35,332.44,0.755429148,-0.099497427,0.628654736,0.155628684,-0.3264361,-0.7031915,0.6994623
seq-02/frame-000030,1,0.00578638,0.272641,3063,2584,2360,0.92,113.84,211.78,19.66,346.21,0.756675710,-0.100408111,0.627143316,0.155084951,-0.3199265,-0.6958460,0.7057229
seq-02/frame-000031,1,0.00780772,0.303657,3273,2581,2334,0.97,128.76,206.65,25.44,361.82,0.757568471,-0.103771355,0.625179970,0.156433762,-0.3032154,-0.6991801,0.7077004
seq-02/frame-000032,1,0.00971836,0.399936,3005,2457,2261,0.96,130.89,179.45,16.75,328.05,0.758694633,-0.105872707,0.623153733,0.157647863,-0.2863497,-0.7042295,0.7148760
seq-02/frame-000033,1,0.00821345,0.344466,3172,2566,2361,0.94,136.97,194.56,19.48,351.95,0.760015765,-0.106893466,0.621511760,0.157076273,-0.2817903,-0.6985880,0.7200060
seq-02/frame-000034,1,0.03226819,0.939593,2661,2124,1933,1.19,142.75,166.17,16.72,326.83,0.762430841,-0.109957148,0.616299303,0.163657591,-0.2392904,-0.7073192,0.7148907
seq-02/frame-000035,1,0.02141140,0.649332,2457,1897,1682,0.87,127.48,156.22,17.77,302.34,0.764564288,-0.107565852,0.614426038,0.162332006,-0.2250836,-0.7091599,0.7150472
seq-02/frame-000036,1,0.01632584,0.504875,3109,2413,2186,1.12,169.12,177.26,20.46,367.96,0.765979094,-0.106290060,0.613921268,0.158363908,-0.2222241,-0.7069954,0.7212301
seq-02/frame-000037,1,0.01251464,0.356045,2985,2390,2168,1.92,150.61,173.72,20.95,347.21,0.767397743,-0.108488659,0.612372378,0.155983931,-0.2190353,-0.7028737,0.7272087
seq-02/frame-000038,1,0.01204597,0.414840,2951,2351,2125,1.13,157.84,169.26,26.23,354.46,0.769687233,-0.112775713,0.608567461,0.156553019,-0.1976465,-0.7075872,0.7280859
seq-02/frame-000039,1,0.01502520,0.453490,3257,2593,2349,1.59,150.71,176.07,31.60,359.98,0.772345630,-0.114027248,0.605354287,0.155003877,-0.1816836,-0.7082512,0.7226363
seq-02/frame-000040,1,0.01554192,0.587540,2922,2207,1998,1.09,129.60,163.64,21.13,315.46,0.773738867,-0.115494412,0.604101613,0.151823736,-0.1684915,-0.7088051,0.7242070
seq-02/frame-000041,1,0.01395495,0.273986,3046,2394,2153,1.00,143.69,171.24,38.55,354.48,0.778580791,-0.120239301,0.597656699,0.148865481,-0.1524142,-0.7053533,0.7223536
seq-02/frame-000042,1,0.01256957,0.407568,2916,2195,1985,1.19,143.65,167.69,22.27,334.80,0.780165120,-0.123232678,0.594352443,0.151331642,-0.1283777,-0.7078898,0.7140719
seq-02/frame-000043,1,0.03013450,0.721017,1645,1164,955,0.84,107.20,88.07,15.09,211.20,0.782649737,-0.121494613,0.591299439,0.151866459,-0.0921417,-0.7141527,0.7050899
seq-02/frame-000044,1,0.01604721,0.435487,2280,1826,1655,0.87,120.40,142.66,18.37,282.31,0.783781260,-0.116205279,0.592082464,0.147042939,-0.0961044,-0.7187310,0.7092575
seq-02/frame-000045,1,0.01627201,0.489278,2561,1975,1804,0.92,123.71,154.45,17.17,296.25,0.785253739,-0.113581629,0.591446198,0.143760819,-0.0879657,-0.7074754,0.6969101
seq-02/frame-000046,1,0.01530410,0.451759,2589,1965,1764,1.41,112.14,135.69,20.09,269.34,0.784015844,-0.115036406,0.592861824,0.143529226,-0.0707423,-0.7121206,0.6958589
seq-02/frame-000047,1,0.01858767,0.570895,1948,1479,1322,0.86,99.47,114.38,16.75,231.47,0.785318956,-0.113819098,0.591411104,0.143360580,-0.0533142,-0.7202231,0.6900012
seq-02/frame-000048,1,0.01756266,0.531642,2000,1557,1379,0.89,110.05,106.80,21.37,239.11,0.786909326,-0.110343406,0.590613956,0.140617214,-0.0429407,-0.7205486,0.6829296
seq-02/frame-000049,1,0.01006195,0.324233,2867,2148,1920,1.20,143.16,142.61,21.52,308.49,0.789759777,-0.109566777,0.588470626,0.134078109,-0.0279704,-0.7197306,0.6776429
seq-02/frame-000050,1,0.00834769,0.230485,2616,1926,1719,1.54,128.83,125.44,17.66,273.46,0.791223102,-0.113859399,0.585852838,0.133336014,-0.0199085,-0.7191521,0.6744374
seq-02/frame-000051,1,0.00684383,0.246272,2516,1928,1725,0.99,130.07,120.26,25.34,276.67,0.792933001,-0.116782955,0.582375070,0.135861238,0.0002588,-0.7250547,0.6666301
seq-02/frame-000052,1,0.01708506,0.485517,1491,1136,1009,1.07,88.99,60.89,12.00,162.95,0.795355574,-0.115383602,0.579147719,0.136689629,0.0219096,-0.7343730,0.6524511
seq-02/frame-000053,1,0.01935039,0.513180,1570,1177,1026,0.84,97.61,78.83,15.50,192.79,0.796557116,-0.110841206,0.579225614,0.133073948,0.0358717,-0.7356529,0.6462611
seq-02/frame-000054,1,0.01125633,0.266712,2787,2064,1829,2.08,113.75,120.92,14.02,250.79,0.796947253,-0.108831390,0.580116966,0.128433288,0.0362436,-0.7330770,0.6456740
seq-02/frame-000055,1,0.01127779,0.227072,2611,2040,1843,1.32,119.14,131.22,15.53,267.21,0.798008351,-0.111586462,0.578481140,0.126849140,0.0445430,-0.7324600,0.6389845
seq-02/frame-000056,1,0.00660313,0.235747,2411,1837,1671,0.92,100.82,118.98,14.57,235.30,0.798473449,-0.112300245,0.577542538,0.127567325,0.0643248,-0.7346017,0.6349642
seq-02/frame-000057,1,0.00943415,0.236346,2088,1701,1547,0.90,88.85,106.51,19.56,215.82,0.801624366,-0.108788567,0.574055912,0.126582909,0.0846977,-0.7346995,0.6225948
seq-02/frame-000058,1,0.00575874,0.108361,2304,1787,1599,0.91,96.64,122.80,23.81,244.16,0.800470792,-0.107792218,0.576449239,0.123829011,0.0887824,-0.7301619,0.6208943
seq-02/frame-000059,1,0.01052153,0.192234,2571,2031,1805,1.46,109.17,118.10,15.43,244.16,0.798964370,-0.109878505,0.577415708,0.127176059,0.1014305,-0.7357161,0.6239418
seq-02/frame-000060,1,0.01041861,0.101781,2351,1808,1632,0.90,87.02,120.75,12.43,221.11,0.800275049,-0.108299876,0.575693843,0.128092085,0.1179666,-0.7349315,0.6179148
seq-02/frame-000061,1,0.00837348,0.032724,2280,1814,1620,0.93,97.31,104.48,12.14,214.86,0.801047609,-0.106460489,0.575212507,0.126962452,0.1205322,-0.7298926,0.6093077
seq-02/frame-000062,1,0.00894926,0.309403,2337,1825,1626,0.92,102.90,130.43,14.46,248.72,0.798738001,-0.106595381,0.577973605,0.128846974,0.1307716,-0.7297338,0.6131588
seq-02/frame-000063,1,0.00669493,0.115649,2384,1805,1616,0.91,92.32,117.89,15.35,226.47,0.798997822,-0.105017879,0.577344260,0.131329092,0.1459023,-0.7298135,0.6072360
seq-02/frame-000064,1,0.01255852,0.255987,1660,1347,1193,0.85,87.59,90.91,8.90,188.25,0.801160173,-0.103221882,0.574914804,0.130232825,0.1597115,-0.7270232,0.5944438
seq-02/frame-000065,1,0.01256812,0.545976,2233,1739,1552,0.92,107.53,106.72,24.64,239.81,0.796940701,-0.105811302,0.581120009,0.126447703,0.1675103,-0.7325768,0.6015039
seq-02/frame-000066,1,0.00919260,0.179270,1893,1511,1368,0.88,91.06,106.60,11.37,209.92,0.796668632,-0.108714102,0.580680837,0.127711004,0.1778729,-0.7308429,0.5961218
seq-02/frame-000067,1,0.00713967,0.222221,1788,1415,1280,1.21,87.25,97.34,24.51,210.32,0.795007537,-0.111011917,0.582263009,0.128876528,0.1912042,-0.7325216,0.5945793
seq-02/frame-000068,1,0.00901621,0.350270,2104,1670,1487,0.92,88.71,121.53,15.29,226.45,0.792464696,-0.109491104,0.585376686,0.131702464,0.1987983,-0.7362926,0.5969831
seq-02/frame-000069,1,0.00711951,0.143452,1928,1567,1408,0.90,88.42,115.73,14.05,219.11,0.792344824,-0.108281009,0.585347612,0.133540543,0.2115321,-0.7365252,0.5918024
seq-02/frame-000070,1,0.01154380,0.196302,1391,1078,968,0.98,80.47,66.40,10.45,158.30,0.792707048,-0.107394245,0.585124646,0.133083290,0.2270125,-0.7393137,0.5867840
seq-02/frame-000071,1,0.01218461,0.258476,2278,1666,1472,0.94,94.80,99.50,16.56,211.80,0.790795373,-0.107133286,0.587823938,0.132771067,0.2300121,-0.7452102,0.5931599
seq-02/frame-000072,1,0.01568578,0.369109,1606,1247,1128,0.87,83.94,85.43,9.08,179.33,0.790278920,-0.109434240,0.586774325,0.138489235,0.2393940,-0.7527897,0.5952313
seq-02/frame-000073,1,0.01536711,0.223767,1454,1128,1001,0.83,71.73,68.11,10.12,150.79,0.791151817,-0.114983485,0.583687944,0.142006986,0.2493517,-0.7548224,0.5945113
seq-02/frame-000074,1,0.00702424,0.121569,1476,1161,1046,0.86,64.54,73.15,11.95,150.49,0.791556812,-0.119448688,0.582329719,0.141640114,0.2671971,-0.7498763,0.5933539
seq-02/frame-000075,1,0.01248636,0.187207,938,666,567,0.79,67.70,50.28,7.00,125.77,0.790771954,-0.121627246,0.582999871,0.141413155,0.2884449,-0.7598943,0.5914321
seq-02/frame-000076,1,0.01924092,0.406462,821,579,492,0.80,59.03,37.02,10.44,107.30,0.790651327,-0.118295988,0.583883456,0.141267999,0.3041250,-0.7732363,0.5962527
seq-02/frame-000077,1,0.02106904,0.514549,742,529,441,0.78,49.81,38.49,29.86,118.96,0.791628877,-0.112856776,0.584238826,0.138751808,0.3155857,-0.7810040,0.5995313
seq-02/frame-000078,1,0.02604856,0.685721,715,440,343,0.82,65.99,39.75,18.24,124.81,0.792396174,-0.108413943,0.585059190,0.134389224,0.3257617,-0.7935036,0.6066354
seq-02/frame-000079,1,0.02486120,0.581148,706,524,429,0.76,52.22,36.79,6.21,95.99,0.795359693,-0.100956909,0.583755343,0.128219975,0.3407113,-0.7935569,0.6041280
seq-02/frame-000080,1,0.01993184,0.477234,708,525,453,0.80,60.85,32.86,7.59,102.11,0.795257775,-0.095143840,0.585775268,0.124016357,0.3470892,-0.7959250,0.6095368
seq-02/frame-000081,1,0.02188810,0.505774,713,512,424,0.77,69.22,34.81,11.93,116.73,0.795827999,-0.087183617,0.586650584,0.122056974,0.3617416,-0.7999092,0.6100491
seq-02/frame-000082,1,0.01371159,0.329697,1277,1026,914,0.85,77.01,60.13,7.77,145.76,0.794442420,-0.081000609,0.590083728,0.118749051,0.3571169,-0.8023427,0.6186899
seq-02/frame-000083,1,0.01540034,0.477341,1561,1191,1051,0.91,70.68,68.88,11.21,151.68,0.792568064,-0.080925019,0.592268889,0.120434915,0.3619627,-0.8067404,0.6233675
seq-02/frame-000084,1,0.01264397,0.257664,1174,933,835,0.85,77.62,58.01,10.57,147.05,0.792313336,-0.083339284,0.592028856,0.121638711,0.3762305,-0.8111161,0.6253876
seq-02/frame-000085,1,0.01250730,0.264866,756,583,485,0.77,64.02,34.62,6.51,105.92,0.793035126,-0.082782705,0.591777096,0.118499709,0.3846580,-0.8220553,0.6365267
seq-02/frame-000086,1,0.01234915,0.182264,1167,915,845,0.83,78.36,57.18,8.76,145.13,0.796291697,-0.080727616,0.588761622,0.112970512,0.3898806,-0.8229337,0.6378559
seq-02/frame-000087,1,0.01114447,0.161306,1269,1016,899,0.85,68.09,66.79,17.61,153.33,0.797522428,-0.082273774,0.587466924,0.109870902,0.3958437,-0.8242864,0.6424159
seq-02/frame-000088,1,0.01016793,0.176026,881,752,657,0.81,58.65,48.23,10.65,118.35,0.799490760,-0.084041314,0.584628129,0.109368788,0.4057569,-0.8322876,0.6483959
seq-02/frame-000089,1,0.01732353,0.330298,910,731,645,0.80,69.24,47.60,7.30,124.94,0.802361650,-0.083510343,0.581067094,0.107716473,0.4137263,-0.8429930,0.6497851
seq-02/frame-000090,1,0.01468875,0.339078,1414,1071,932,0.87,75.05,66.40,12.32,154.65,0.802501417,-0.081879203,0.581965042,0.102975542,0.4117938,-0.8415144,0.6584017
seq-02/frame-000091,1,0.01827740,0.347863,1420,1067,929,0.87,76.18,61.76,9.25,148.07,0.802624306,-0.084941825,0.581347790,0.103023572,0.4133336,-0.8471581,0.6621860
seq-02/frame-000092,1,0.01488003,0.220396,751,582,502,0.78,58.09,40.64,15.59,115.11,0.803417375,-0.086082085,0.580290716,0.101848325,0.4266029,-0.8551485,0.6648205
seq-02/frame-000093,1,0.01602496,0.140419,655,474,396,0.75,56.77,28.68,8.49,94.69,0.805219190,-0.082449449,0.579289803,0.096163756,0.4296320,-0.8634751,0.6736727
seq-02/frame-000094,1,0.01615460,0.190060,782,638,581,0.79,65.83,36.13,6.62,109.37,0.807863221,-0.078182202,0.576811936,0.092371803,0.4271566,-0.8566885,0.6798794
seq-02/frame-000095,1,0.01979924,0.300597,865,696,614,0.78,57.10,43.72,13.11,114.71,0.810242817,-0.084106199,0.572192415,0.095018762,0.4295134,-0.8598405,0.6828153
seq-02/frame-000096,1,0.01886983,0.409784,719,582,521,0.76,52.96,39.37,8.22,101.30,0.813042817,-0.087113101,0.567626041,0.095777669,0.4476526,-0.8654431,0.6819653
seq-02/frame-000097,1,0.02212295,0.504345,492,320,235,3.08,57.37,28.58,10.49,99.52,0.814323404,-0.084269595,0.566244849,0.095617992,0.4618034,-0.8788714,0.6985717
seq-02/frame-000098,1,0.02123683,1.081802,468,290,220,0.72,48.02,30.95,24.07,103.76,0.823289041,-0.072446627,0.555886224,0.089090665,0.4601760,-0.8764679,0.6842450
seq-02/frame-000099,1,0.00798082,0.415006,821,693,626,0.80,53.14,39.72,6.87,100.53,0.823932225,-0.070193330,0.556318259,0.081966946,0.4491044,-0.8752443,0.7061967
seq-02/frame-000100,1,0.02152365,0.521649,640,499,429,0.75,54.62,38.14,15.14,108.65,0.826131453,-0.070524230,0.552764539,0.083573436,0.4569882,-0.8906942,0.7016438
seq-02/frame-000101,1,0.01369624,0.522969,551,408,325,0.73,46.48,26.12,9.16,82.49,0.828413751,-0.064771461,0.550705371,0.079113275,0.4639821,-0.8885364,0.7115385
seq-02/frame-000102,1,0.01354331,0.392544,673,572,514,0.77,56.27,38.52,9.51,105.07,0.830252476,-0.060392399,0.548691493,0.077273729,0.4524836,-0.8925144,0.7215285
seq-02/frame-000103,1,0.01738281,0.357272,754,617,558,0.75,60.07,45.08,7.44,113.35,0.831970606,-0.059340747,0.546085978,0.078062101,0.4453911,-0.8887360,0.7237124
seq-02/frame-000104,1,0.01343075,0.438813,915,756,691,0.80,78.46,46.68,12.01,137.95,0.832504306,-0.061431051,0.544806007,0.079682004,0.4458133,-0.8893475,0.7314740
seq-02/frame-000105,1,0.01449231,0.336292,796,656,613,0.79,85.74,40.96,13.85,141.34,0.833331774,-0.062045533,0.542957911,0.083097606,0.4468846,-0.8983472,0.7402571
seq-02/frame-000106,1,0.01763756,0.383594,993,837,770,0.81,77.17,52.28,11.67,141.94,0.834525669,-0.061470140,0.541046460,0.084006294,0.4438960,-0.9027717,0.7448903
seq-02/frame-000107,1,0.02286197,0.272065,1194,929,832,0.82,82.68,61.77,11.71,156.99,0.832780846,-0.059506728,0.544133144,0.082789696,0.4307365,-0.9086791,0.7558968
seq-02/frame-000108,1,0.02364032,0.195182,1161,927,846,0.81,76.32,55.38,9.14,141.66,0.831678756,-0.058258134,0.545800566,0.083774574,0.4282892,-0.9041915,0.7590448
seq-02/frame-000109,1,0.02062052,0.142402,775,635,574,0.79,61.18,35.97,17.32,115.27,0.827736919,-0.060474385,0.551543372,0.083632231,0.4250691,-0.9119743,0.7752304
seq-02/frame-000110,1,0.02578211,0.642710,786,625,563,0.76,83.47,43.72,12.26,140.22,0.824723396,-0.056850479,0.556837749,0.080815002,0.4193878,-0.9130439,0.7862778
seq-02/frame-000111,1,0.02152158,0.104741,660,565,502,0.76,64.19,33.93,13.33,112.21,0.819356633,-0.055472480,0.564802895,0.081087620,0.4056831,-0.9077655,0.8064684
seq-02/frame-000112,1,0.02730390,0.285444,605,488,417,0.76,61.14,31.52,11.81,105.24,0.812826069,-0.059125338,0.573423158,0.083689049,0.3965761,-0.9120040,0.8170144
seq-02/frame-000113,1,0.02839574,0.213553,923,794,719,0.80,73.87,51.07,14.10,139.84,0.805736987,-0.062380651,0.582572399,0.086636959,0.3839396,-0.9172704,0.8371526
seq-02/frame-000114,1,0.02740317,0.098259,768,627,565,1.39,63.75,43.17,13.82,122.13,0.801163981,-0.063700847,0.588395904,0.088705903,0.3817912,-0.9296095,0.8541348
seq-02/frame-000115,1,0.02594742,0.300681,819,681,609,0.79,67.63,42.58,12.96,123.99,0.796610379,-0.058165052,0.595653476,0.085003922,0.3694746,-0.9255811,0.8742135
seq-02/frame-000116,1,0.03364839,0.687254,817,655,570,1.27,64.38,41.77,10.12,117.54,0.793644333,-0.056497189,0.598595559,0.092844479,0.3711011,-0.9316492,0.8755061
seq-02/frame-000117,1,0.03614149,0.306932,1037,838,739,0.82,71.77,54.26,12.18,139.04,0.786995182,-0.057039272,0.607067033,0.094099531,0.3534339,-0.9354437,0.8984762
seq-02/frame-000118,1,0.03464778,0.288213,1163,905,808,0.85,84.58,70.89,18.51,174.83,0.783504634,-0.056442669,0.611597247,0.094252436,0.3481329,-0.9369596,0.9124054
seq-02/frame-000119,1,0.04258383,1.006275,650,484,387,0.86,64.54,33.69,19.55,118.63,0.780462959,-0.055608348,0.614440905,0.101230705,0.3477337,-0.9368555,0.9141543
seq-02/frame-000120,1,0.03665346,0.814946,571,375,285,0.78,55.56,36.89,16.06,109.30,0.772044230,-0.058772001,0.623796157,0.106639175,0.3355352,-0.9337948,0.9390023
seq-02/frame-000121,1,0.03314657,0.407706,1151,889,768,0.84,69.58,70.12,25.61,166.15,0.764125474,-0.064643339,0.632379035,0.109682522,0.3251913,-0.9446017,0.9651385
seq-02/frame-000122,1,0.03956729,0.582951,1054,816,700,0.85,61.49,59.22,13.28,134.84,0.762342161,-0.063871005,0.634386055,0.110947090,0.3196540,-0.9504412,0.9680729
seq-02/frame-000123,1,0.04995935,1.061158,616,422,331,0.76,74.94,32.19,13.12,121.01,0.759773559,-0.061099604,0.636453186,0.118060657,0.3155390,-0.9466505,0.9638425
seq-02/frame-000124,1,0.04344652,0.684022,471,340,283,1.59,60.50,26.65,10.72,99.46,0.750921129,-0.065622833,0.645801713,0.121454719,0.3085307,-0.9473600,0.9849506
seq-02/frame-000125,1,0.04199427,0.275600,683,531,447,0.75,72.76,36.54,11.01,121.06,0.742095571,-0.070443191,0.655269526,0.122285605,0.2898729,-0.9489406,1.0060369
seq-02/frame-000126,1,0.04139986,0.542192,926,696,610,0.81,69.91,45.15,15.90,131.77,0.736156492,-0.076020252,0.661209288,0.122869104,0.2871179,-0.9607171,1.0188326
seq-02/frame-000127,1,0.03118367,0.441416,885,618,526,0.78,80.99,56.06,17.48,155.32,0.727601187,-0.074276438,0.671382032,0.119689980,0.2761725,-0.9608104,1.0497372
seq-02/frame-000128,1,0.03609344,0.295933,644,509,424,1.83,61.85,30.98,11.92,106.59,0.723522356,-0.071000679,0.675868409,0.121145361,0.2721908,-0.9586609,1.0479131
seq-02/frame-000129,1,0.05170933,0.791473,598,444,375,1.32,62.12,29.07,9.37,101.87,0.716730839,-0.072384007,0.682052714,0.125942668,0.2615750,-0.9720464,1.0467465
seq-02/frame-000130,1,0.05117813,0.704249,613,448,377,1.41,55.37,28.14,10.32,95.25,0.708843489,-0.070040049,0.690670694,0.124937152,0.2523006,-0.9682388,1.0564913
seq-02/frame-000131,1,0.04273234,0.413616,576,431,354,0.73,59.06,28.95,19.14,107.89,0.698166272,-0.069547932,0.701681701,0.123974720,0.2374642,-0.9683467,1.0838366
seq-02/frame-000132,1,0.04074171,0.247744,605,449,380,0.83,65.66,33.64,16.27,116.42,0.691476775,-0.070810715,0.707951233,0.125103014,0.2310358,-0.9584264,1.0868998
seq-02/frame-000133,1,0.04365129,0.604809,678,528,447,0.78,66.88,39.47,9.16,116.30,0.686175743,-0.073808055,0.712368177,0.127462942,0.2245738,-0.9673944,1.0886327
seq-02/frame-000134,1,0.04315696,0.636086,641,489,397,0.75,68.57,33.20,12.99,115.51,0.677909470,-0.074710882,0.719971529,0.128444665,0.2124030,-0.9704081,1.1012208
seq-02/frame-000135,1,0.04053841,0.691087,871,669,575,1.15,74.14,40.16,14.67,130.13,0.672097366,-0.072957633,0.725646989,0.128057652,0.2007912,-0.9586059,1.1079201
seq-02/frame-000136,1,0.03631314,0.585297,828,614,516,0.84,77.58,42.46,12.98,133.87,0.665435897,-0.073392784,0.731442575,0.129616069,0.1936780,-0.9661828,1.1239692
seq-02/frame-000137,1,0.03134477,0.408780,680,527,434,0.77,68.57,32.04,16.98,118.37,0.658128162,-0.071906168,0.737796997,0.131728574,0.1876282,-0.9651615,1.1388698
seq-02/frame-000138,1,0.03001557,0.393025,701,498,415,0.77,71.92,47.35,9.33,129.37,0.651663758,-0.069915015,0.743342057,0.133749103,0.1780872,-0.9590150,1.1437981
seq-02/frame-000139,1,0.03773404,0.545293,873,660,558,0.97,76.50,41.15,8.99,127.62,0.646510397,-0.068147581,0.747601164,0.135914363,0.1630363,-0.9593899,1.1479220
seq-02/frame-000140,1,0.04211869,0.818930,770,551,453,0.83,74.53,35.57,8.11,119.04,0.641881607,-0.069531403,0.750822394,0.139352497,0.1544492,-0.9663081,1.1520894
seq-02/frame-000141,1,0.04668884,1.312816,653,418,335,0.70,53.98,31.57,6.64,92.89,0.638928085,-0.068735266,0.752363490,0.144898394,0.1497100,-0.9628009,1.1465969
seq-02/frame-000142,1,0.03860329,0.937969,638,392,312,0.70,64.09,37.60,14.21,116.60,0.631379798,-0.069782270,0.757788397,0.149153378,0.1410190,-0.9599508,1.1714956
seq-02/frame-000143,1,0.05719824,1.936092,600,321,240,0.69,66.09,39.47,10.21,116.47,0.632747780,-0.072481081,0.753700339,0.162211402,0.1392813,-0.9701395,1.1536943
seq-02/frame-000144,1,0.04612408,1.692589,896,534,419,0.73,60.67,41.32,8.61,111.32,0.627899954,-0.071716926,0.756061989,0.170201641,0.1351568,-0.9696242,1.1710526
seq-02/frame-000145,1,0.03312044,0.884376,917,662,549,0.84,63.90,41.28,8.28,114.30,0.619890341,-0.067791774,0.763257111,0.169052723,0.1207369,-0.9616553,1.1993596
seq-02/frame-000146,1,0.03490750,0.701417,925,626,528,0.80,80.96,44.44,15.78,141.98,0.613578035,-0.067975406,0.768392408,0.168743730,0.1086676,-0.9614151,1.2218183
seq-02/frame-000147,1,0.04210451,1.256186,838,575,489,0.74,64.31,31.98,10.20,107.23,0.614523782,-0.067248997,0.767326053,0.170437149,0.0963278,-0.9616581,1.2030882
seq-02/frame-000148,1,0.04668567,1.659380,668,407,326,0.68,67.12,28.06,17.79,113.64,0.610365230,-0.070988608,0.769177755,0.175443678,0.0963034,-0.9717345,1.2065411
seq-02/frame-000149,1,0.04863740,1.543381,512,276,205,0.67,53.65,24.73,16.30,95.35,0.606990292,-0.071596594,0.769965671,0.183274597,0.0830687,-0.9723221,1.2158788
seq-02/frame-000150,1,0.05643054,2.251288,715,367,280,0.69,70.15,26.39,15.42,112.65,0.608695744,-0.071341410,0.765893032,0.194442170,0.0878053,-0.9646608,1.1986121
seq-02/frame-000151,1,0.02907715,0.999856,725,420,305,0.69,60.87,32.14,11.46,105.17,0.599752131,-0.071866539,0.773402447,0.192305063,0.0731191,-0.9556961,1.2464616
seq-02/frame-000152,1,0.04641617,1.193579,637,356,269,0.68,64.13,27.72,8.04,100.56,0.601772098,-0.071156955,0.770250865,0.198797973,0.0510906,-0.9615401,1.2472331
seq-02/frame-000153,1,0.04400259,1.538232,715,346,257,0.70,90.31,31.62,11.17,133.80,0.603670884,-0.071226141,0.766614497,0.206907017,0.0543520,-0.9543151,1.2373355
seq-02/frame-000154,1,0.03987712,1.221352,975,595,456,0.70,63.72,56.66,25.55,146.64,0.602020430,-0.069899265,0.768372067,0.205644988,0.0414009,-0.9393013,1.2540554
seq-02/frame-000155,1,0.03221044,0.544837,849,463,349,0.68,75.53,40.17,22.12,138.51,0.598582449,-0.072051080,0.770453277,0.207145943,0.0340158,-0.9418685,1.2849549
seq-02/frame-000156,1,0.06137651,2.207785,937,498,369,0.70,69.90,39.46,12.74,122.81,0.609595148,-0.073930321,0.758964170,0.216567428,0.0353271,-0.9484336,1.2385614
seq-02/frame-000157,1,0.08258553,2.723016,754,381,265,0.71,55.87,29.23,9.32,95.13,0.613023913,-0.075025856,0.755094873,0.220010309,0.0230752,-0.9437378,1.2271369
seq-02/frame-000158,1,0.06901225,2.452732,836,411,276,0.71,64.27,38.11,12.66,115.75,0.611965380,-0.076298338,0.755415022,0.221416081,0.0209904,-0.9297296,1.2457009
seq-02/frame-000159,1,0.05088025,1.854586,1054,636,499,0.72,66.16,58.56,16.94,142.38,0.607976632,-0.081904460,0.758128869,0.221125962,0.0112262,-0.9351185,1.2768798
seq-02/frame-000160,1,0.08124852,2.689254,846,409,297,0.71,94.61,34.20,16.07,145.59,0.613209329,-0.083950146,0.752265723,0.225882656,-0.0036577,-0.9343288,1.2560021
seq-02/frame-000161,1,0.08461538,2.932447,732,345,227,0.70,56.76,34.01,17.35,108.82,0.615635322,-0.084098924,0.748626704,0.231254361,-0.0043749,-0.9222441,1.2561503
seq-02/frame-000162,1,0.09296787,3.334869,934,433,285,0.71,64.95,48.18,10.00,123.85,0.619627909,-0.085178594,0.743488028,0.236709555,-0.0083107,-0.9181917,1.2540080
seq-02/frame-000163,1,0.07558973,2.668038,1274,760,587,0.74,77.73,60.47,22.76,161.70,0.619163376,-0.090568242,0.744290541,0.233378872,-0.0110492,-0.9147346,1.2829115
seq-02/frame-000164,1,0.07470256,2.975887,845,416,283,0.75,63.32,48.63,12.99,125.69,0.627250135,-0.089221977,0.735526368,0.239995144,-0.0186385,-0.9131698,1.2889164
seq-02/frame-000165,1,0.09041341,3.186026,798,395,253,0.77,69.74,45.23,8.67,124.43,0.637746234,-0.088889085,0.726946493,0.238594359,-0.0132453,-0.9065140,1.2777505
seq-02/frame-000166,1,0.09592838,3.031699,757,379,230,0.72,70.67,34.67,14.11,120.17,0.647025043,-0.083839704,0.720701809,0.234346751,-0.0391014,-0.9047965,1.2788603
seq-02/frame-000167,1,0.08392368,2.989363,752,349,217,0.75,55.25,30.76,7.98,94.74,0.653783596,-0.077380710,0.714709191,0.236156745,-0.0340053,-0.9052989,1.2908215
seq-02/frame-000168,1,0.08904600,3.005999,864,408,300,0.77,58.16,39.73,16.71,115.37,0.665254274,-0.078632079,0.705692750,0.230762843,-0.0423766,-0.9133067,1.2856267
seq-02/frame-000169,1,0.07668384,2.603343,883,505,377,0.75,79.25,38.45,14.98,133.43,0.670908937,-0.077292221,0.702194593,0.225454794,-0.0431990,-0.9066988,1.3004245
seq-02/frame-000170,1,0.08365326,2.805360,921,522,391,0.73,72.22,50.84,9.61,133.40,0.680203241,-0.073190568,0.696117701,0.217685180,-0.0595677,-0.9025372,1.2929346
seq-02/frame-000171,1,0.06737495,2.402076,1257,791,597,0.75,71.66,77.66,21.03,171.10,0.681932163,-0.076310860,0.695527881,0.213040239,-0.0662000,-0.9287764,1.3143868
seq-02/frame-000172,1,0.06860975,2.278230,1588,981,803,0.78,71.89,91.32,12.19,176.18,0.686390471,-0.073585525,0.693944133,0.204682272,-0.0789335,-0.9150317,1.3172755
seq-02/frame-000173,1,0.05650431,1.991522,1236,797,649,0.79,173.28,73.80,10.78,258.65,0.686391706,-0.075626872,0.694422446,0.202297968,-0.0985797,-0.9363539,1.3353975
seq-02/frame-000174,1,0.05541828,1.962071,996,682,555,0.77,72.08,60.73,22.41,155.99,0.691777854,-0.071935038,0.690610191,0.198308635,-0.1113893,-0.9241246,1.3340163
seq-02/frame-000175,1,0.05143380,1.805508,1030,709,581,0.76,60.53,53.70,11.43,126.42,0.701779685,-0.070994240,0.683417077,0.188165327,-0.1300580,-0.9283782,1.3407218
seq-02/frame-000176,1,0.06959687,2.172651,751,518,419,0.74,58.02,39.95,12.41,111.12,0.709554863,-0.069881488,0.676879428,0.182982822,-0.1382564,-0.9212977,1.3256806
seq-02/frame-000177,1,0.05622859,1.926741,536,327,229,0.71,53.31,33.67,12.16,99.85,0.714406778,-0.069877736,0.673483597,0.176521677,-0.1389611,-0.9359179,1.3413516
seq-02/frame-000178,1,0.07133797,2.303165,571,363,275,0.71,71.23,32.56,10.14,114.65,0.722999533,-0.067577533,0.666268851,0.169678430,-0.1368617,-0.9469644,1.3341992
seq-02/frame-000179,1,0.04539108,1.508043,639,426,339,0.89,66.55,45.89,7.88,121.20,0.725714468,-0.066570925,0.665949438,0.159430765,-0.1668130,-0.9552501,1.3558296
seq-02/frame-000180,1,0.04692325,1.524675,646,444,374,0.74,61.14,38.81,11.53,112.22,0.731825319,-0.064494138,0.661028757,0.152686577,-0.1790771,-0.9587214,1.3549192
seq-02/frame-000181,1,0.03683758,1.128488,722,536,422,0.90,74.86,38.39,17.76,131.93,0.735965634,-0.063617030,0.658128791,0.145512728,-0.1922468,-0.9570080,1.3642007
seq-02/frame-000182,1,0.04149834,1.208587,714,546,468,0.74,69.36,41.91,8.96,120.97,0.745898171,-0.057393259,0.648955680,0.138558500,-0.1991691,-0.9661512,1.3596417
seq-02/frame-000183,1,0.04380615,1.216688,837,644,565,2.54,70.32,46.61,21.15,140.62,0.748846948,-0.053301243,0.647236395,0.132182736,-0.2145943,-0.9610809,1.3559374
seq-02/frame-000184,1,0.02911846,0.797903,721,527,455,1.39,64.72,39.22,15.10,120.43,0.749398796,-0.052028819,0.647627654,0.127565152,-0.2315519,-0.9756385,1.3706358
seq-02/frame-000185,1,0.03885645,0.983242,781,602,524,1.13,74.67,47.39,13.45,136.63,0.753136222,-0.046437108,0.644430679,0.123848803,-0.2324092,-0.9705898,1.3618082
seq-02/frame-000186,1,0.03157882,0.749342,726,571,501,5.59,75.97,39.72,19.88,141.16,0.755882661,-0.040033510,0.643272963,0.115059189,-0.2631314,-0.9823292,1.3601311
seq-02/frame-000187,1,0.03242656,0.836058,589,431,366,0.74,75.54,31.98,14.31,122.58,0.759431066,-0.036379520,0.639972487,0.111248382,-0.2674113,-0.9884300,1.3594166
seq-02/frame-000188,1,0.03869438,0.991970,618,459,399,0.80,68.55,39.12,27.46,135.93,0.763173919,-0.033917276,0.636531880,0.106029966,-0.2684250,-0.9976299,1.3539376
seq-02/frame-000189,1,0.03216392,0.742422,636,492,424,1.64,64.89,42.68,13.14,122.34,0.767212728,-0.028387069,0.632989808,0.099512344,-0.2912408,-0.9916450,1.3498805
seq-02/frame-000190,1,0.04106583,0.944278,616,450,386,1.42,72.16,34.14,6.87,114.59,0.775716573,-0.025859746,0.624528052,0.086947020,-0.2876437,-1.0006620,1.3364439
seq-02/frame-000191,1,0.04392640,0.999110,556,404,341,0.89,77.25,23.59,9.41,111.14,0.779735202,-0.020061493,0.620677530,0.079811998,-0.2964721,-0.9947408,1.3247861
seq-02/frame-000192,1,0.02620385,0.610718,751,587,510,1.15,71.37,34.09,23.77,130.38,0.780550043,-0.017628191,0.620566554,0.072993357,-0.3218084,-1.0050678,1.3343421
seq-02/frame-000193,1,0.03823201,0.850311,825,631,580,1.47,73.08,44.59,9.39,128.53,0.784273102,-0.014733840,0.616566121,0.067415380,-0.3179800,-1.0000455,1.3168498
seq-02/frame-000194,1,0.03460304,0.815316,696,515,464,0.75,69.50,31.93,14.27,116.45,0.788691100,-0.009745565,0.611589671,0.061882532,-0.3473887,-1.0211369,1.3064915
seq-02/frame-000195,1,0.03123782,0.781412,696,542,472,5.56,77.85,28.60,8.39,120.41,0.792161766,-0.007087087,0.607679713,0.056168287,-0.3699819,-1.0209980,1.3025820
seq-02/frame-000196,1,0.03901326,0.956181,793,604,530,2.96,76.88,44.18,8.93,132.95,0.798155196,-0.005571026,0.600222049,0.051485325,-0.3642466,-1.0162215,1.2814360
seq-02/frame-000197,1,0.03852602,0.911202,739,558,489,2.94,65.53,33.43,7.98,109.88,0.801214136,-0.007337966,0.596417665,0.047833373,-0.3834106,-1.0282253,1.2779942
seq-02/frame-000198,1,0.04299054,1.081962,697,517,467,1.22,63.79,30.84,17.17,113.02,0.812296213,-0.004273051,0.581920037,0.039059863,-0.3778339,-1.0177041,1.2528058
seq-02/frame-000199,1,0.04944569,1.146665,724,531,465,0.79,58.29,31.86,9.75,100.70,0.816083139,-0.004481689,0.576834829,0.035352561,-0.4001549,-1.0256828,1.2400785
seq-02/frame-000200,1,0.03794275,0.990454,646,423,359,0.95,69.02,40.90,8.65,119.52,0.819202375,-0.004475727,0.572416107,0.035031936,-0.4175792,-1.0255347,1.2452728
seq-02/frame-000201,1,0.05084649,0.594619,708,489,415,1.63,64.61,41.42,9.57,117.23,0.826501424,-0.003151721,0.561853129,0.034735055,-0.4091093,-1.0179090,1.2199582
seq-02/frame-000202,1,0.03499622,0.857057,558,364,312,0.82,69.25,25.29,13.16,108.53,0.830897067,-0.004571554,0.555365180,0.034039407,-0.4544345,-1.0208334,1.2309790
seq-02/frame-000203,1,0.04237535,1.213325,493,371,314,1.07,62.84,28.23,16.41,108.55,0.838546867,-0.005571227,0.543751155,0.033805258,-0.4474666,-1.0074198,1.2075347
seq-02/frame-000204,1,0.03637771,0.845465,613,435,394,0.77,67.53,37.54,9.31,115.15,0.841659330,-0.008226699,0.538687703,0.036843629,-0.4668558,-1.0115964,1.2072275
seq-02/frame-000205,1,0.03169807,0.754688,772,589,518,1.59,67.65,45.89,16.57,131.70,0.845344010,-0.009431751,0.532821667,0.037491569,-0.4702082,-1.0058064,1.1993457
seq-02/frame-000206,1,0.03741887,1.672198,685,507,431,0.76,68.49,39.53,11.83,120.61,0.852978978,-0.013460170,0.520252068,0.039792870,-0.4799341,-1.0026015,1.1850102
seq-02/frame-000207,1,0.03215550,0.617437,665,490,429,0.95,83.20,42.06,10.95,137.16,0.856202468,-0.014745436,0.514802862,0.040962412,-0.4893648,-0.9963528,1.1760866
seq-02/frame-000208,1,0.05595177,1.085969,639,441,371,0.83,66.13,35.15,7.62,109.74,0.860830361,-0.017019137,0.506501447,0.046235525,-0.4810938,-0.9912666,1.1528409
seq-02/frame-000209,1,0.03712302,0.730166,641,434,363,0.74,76.16,40.03,22.31,139.24,0.862890751,-0.022148885,0.502814888,0.045892989,-0.5067284,-0.9865912,1.1592502
seq-02/frame-000210,1,0.03096479,0.637279,939,708,631,0.89,84.85,37.89,9.79,133.42,0.864780760,-0.026773005,0.499168989,0.047621039,-0.5109856,-0.9885953,1.1647247
seq-02/frame-000211,1,0.03680217,0.752334,752,579,495,0.75,70.96,40.92,12.75,125.38,0.868900073,-0.033026827,0.491405935,0.049417604,-0.5253715,-0.9857523,1.1498314
seq-02/frame-000212,1,0.03628026,0.739486,841,640,568,0.92,74.12,37.86,9.50,122.39,0.871384739,-0.036470435,0.486642135,0.050378333,-0.5286668,-0.9783451,1.1457842
seq-02/frame-000213,1,0.03470202,0.699831,934,710,609,1.07,71.02,49.68,7.01,128.78,0.872888168,-0.041703878,0.483597449,0.049603827,-0.5404862,-0.9784217,1.1434617
seq-02/frame-000214,1,0.03915354,0.787581,887,676,583,0.77,70.60,46.93,11.55,129.84,0.874387166,-0.045775672,0.480392121,0.050745255,-0.5508808,-0.9755605,1.1370668
seq-02/frame-000215,1,0.02874869,0.581291,1343,1033,916,1.18,78.21,67.36,8.93,155.69,0.877047153,-0.050092913,0.475005976,0.051461776,-0.5703404,-0.9650912,1.1405205
seq-02/frame-000216,1,0.02779664,0.559997,1341,996,897,1.31,85.76,72.39,13.96,173.41,0.877908238,-0.052198330,0.473045346,0.052731018,-0.5724820,-0.9658466,1.1418129
seq-02/frame-000217,1,0.02360855,0.482647,1237,947,851,1.04,79.36,62.59,14.81,157.80,0.879079814,-0.052435464,0.470896320,0.052209759,-0.5839801,-0.9631448,1.1433069
seq-02/frame-000218,1,0.02615404,0.540210,1212,956,846,0.81,65.82,58.47,17.00,142.11,0.880857313,-0.053980493,0.467457422,0.051575754,-0.5963909,-0.9627102,1.1385328
seq-02/frame-000219,1,0.01978124,0.372740,1038,775,686,0.83,65.00,57.35,16.68,139.86,0.883494401,-0.053712798,0.462502264,0.051422132,-0.6119152,-0.9476154,1.1448879
seq-02/frame-000220,1,0.03438825,0.667193,838,610,529,0.78,60.51,39.23,13.56,114.09,0.886541195,-0.057939744,0.455774719,0.054379225,-0.6207906,-0.9536447,1.1312217
seq-02/frame-000221,1,0.02593144,0.571463,1155,875,773,0.82,76.87,64.58,9.70,151.97,0.888102968,-0.061209549,0.452657765,0.051258729,-0.6321941,-0.9499486,1.1392224
seq-02/frame-000222,1,0.02725847,0.538440,935,679,572,0.81,72.44,49.95,14.14,137.35,0.889590119,-0.060031900,0.449699392,0.052877670,-0.6425661,-0.9401505,1.1389810
seq-02/frame-000223,1,0.03109467,0.627141,1075,804,712,0.79,71.02,70.47,9.08,151.36,0.893514009,-0.065632523,0.440450585,0.057692017,-0.6622280,-0.9361629,1.1330133
seq-02/frame-000224,1,0.03571357,0.683644,899,672,585,0.77,57.42,47.54,11.43,117.17,0.895100058,-0.067525404,0.436683922,0.059526113,-0.6723857,-0.9316519,1.1293641
seq-02/frame-000225,1,0.03450386,0.767089,938,687,596,0.79,62.34,42.42,13.47,119.02,0.896870548,-0.069344956,0.432397066,0.062026404,-0.6776858,-0.9255465,1.1315655
seq-02/frame-000226,1,0.02889618,0.591603,1054,795,709,0.90,68.86,62.28,12.90,144.95,0.898015467,-0.069325079,0.429391964,0.066217793,-0.6899695,-0.9179779,1.1349461
seq-02/frame-000227,1,0.02739622,0.687462,929,738,629,1.08,77.03,39.71,7.38,125.20,0.901486292,-0.071525983,0.421917981,0.064743474,-0.7093119,-0.9119770,1.1357756
seq-02/frame-000228,1,0.03895632,0.881511,702,478,379,0.77,64.51,32.13,10.92,108.33,0.904665738,-0.076108065,0.414217864,0.064892428,-0.7148607,-0.9081996,1.1233890
seq-02/frame-000229,1,0.03597045,0.795159,834,603,514,1.65,55.92,41.57,19.67,118.82,0.906324524,-0.082391291,0.409315004,0.065182516,-0.7268597,-0.9051814,1.1260614
seq-02/frame-000230,1,0.02895140,0.608999,990,705,600,0.86,56.49,42.81,8.74,108.91,0.906686622,-0.085129038,0.407321587,0.069003920,-0.7321954,-0.8963081,1.1327877
seq-02/frame-000231,1,0.01986018,0.518096,978,756,644,0.82,68.20,69.88,12.63,151.54,0.907686079,-0.086262959,0.404091143,0.073314614,-0.7379404,-0.8940748,1.1425868
seq-02/frame-000232,1,0.02646168,0.518160,1609,1254,1142,0.84,84.06,100.06,8.28,193.25,0.911470639,-0.089306790,0.394865486,0.072985065,-0.7531461,-0.8939203,1.1286175
seq-02/frame-000233,1,0.01659217,0.462224,1591,1279,1142,0.87,88.14,88.21,11.99,189.21,0.912151347,-0.091135767,0.393498261,0.069522019,-0.7641292,-0.8926696,1.1373681
seq-02/frame-000234,1,0.02515397,0.473426,1686,1254,1089,0.83,86.96,85.92,11.40,185.10,0.913697180,-0.090457690,0.389949200,0.070103426,-0.7693347,-0.8879937,1.1233374
seq-02/frame-000235,1,0.01956954,0.443947,1496,1197,1071,0.83,85.78,81.21,12.66,180.48,0.914338891,-0.094232121,0.388013585,0.067454857,-0.7801103,-0.8887699,1.1271128
seq-02/frame-000236,1,0.01962677,0.497277,1348,1019,914,0.82,86.54,72.46,19.51,179.34,0.916047452,-0.096123973,0.383958060,0.064756891,-0.7880995,-0.8861392,1.1230543
seq-02/frame-000237,1,0.02809591,0.516439,1317,977,858,0.79,70.86,66.21,26.63,164.50,0.917648220,-0.098842894,0.379335858,0.065239048,-0.7928790,-0.8855389,1.1076665
seq-02/frame-000238,1,0.02926448,0.543720,1056,821,724,0.81,66.03,49.76,11.10,127.70,0.918200249,-0.101352800,0.376987118,0.067205850,-0.8149622,-0.8754428,1.1199950
seq-02/frame-000239,1,0.01765582,0.424894,1764,1368,1227,0.88,96.50,99.55,16.05,212.99,0.920142086,-0.102098049,0.371898986,0.067865111,-0.8180804,-0.8772895,1.1133234
seq-02/frame-000240,1,0.02423754,0.525346,1891,1437,1273,0.84,88.55,101.05,17.95,208.40,0.921169402,-0.102358775,0.369423246,0.067052809,-0.8265921,-0.8744360,1.1006878
seq-02/frame-000241,1,0.02377329,0.556906,1464,1127,995,0.81,86.86,86.91,9.72,184.31,0.921519297,-0.103759140,0.368204338,0.066796645,-0.8357842,-0.8692813,1.1000275
seq-02/frame-000242,1,0.02117044,0.552111,1229,933,838,0.85,58.31,69.01,9.58,137.75,0.922742834,-0.105241927,0.364950443,0.065429141,-0.8459543,-0.8681132,1.1041438
seq-02/frame-000243,1,0.01889103,0.445996,1737,1353,1197,0.85,78.48,88.39,35.51,203.23,0.925056213,-0.104110700,0.359423148,0.065168743,-0.8492805,-0.8693304,1.0924322
seq-02/frame-000244,1,0.02359945,0.492223,1792,1385,1244,0.87,98.76,122.15,12.74,234.52,0.926308524,-0.102463990,0.356990387,0.063336503,-0.8603582,-0.8639413,1.0826769
seq-02/frame-000245,1,0.02179562,0.448259,1329,1012,901,0.83,83.31,101.60,20.21,205.95,0.927465640,-0.102936031,0.354026695,0.062263633,-0.8704989,-0.8622114,1.0784092
seq-02/frame-000246,1,0.02412470,0.499368,1469,1114,999,0.83,75.35,107.12,17.40,200.70,0.929671741,-0.101795372,0.348627631,0.061700329,-0.8783755,-0.8577035,1.0655800
seq-02/frame-000247,1,0.01815822,0.602138,1428,1013,887,0.80,96.82,89.69,12.47,199.79,0.931084415,-0.104643391,0.343998425,0.061617008,-0.8851835,-0.8607562,1.0442987
seq-02/frame-000248,1,0.02400734,0.559822,864,618,502,0.78,67.97,45.79,16.05,130.60,0.932919390,-0.109317937,0.337790897,0.060069217,-0.9083970,-0.8546218,1.0404086
seq-02/frame-000249,1,0.03819896,0.593271,958,688,580,1.39,61.56,78.16,12.84,153.96,0.935527069,-0.108078232,0.329985148,0.064946140,-0.9214060,-0.8416094,1.0174575
seq-02/frame-000250,1,0.02842171,0.533335,1364,1094,972,0.81,66.77,107.09,11.01,185.68,0.936009023,-0.112949150,0.326753945,0.066041335,-0.9277936,-0.8402507,1.0259389
seq-02/frame-000251,1,0.02949966,0.586115,1234,897,770,0.88,82.15,62.82,11.05,156.90,0.936966684,-0.115000212,0.323778592,0.063528006,-0.9404714,-0.8360757,1.0291635
seq-02/frame-000252,1,0.02342753,0.414313,1091,892,780,0.83,92.05,49.04,15.59,157.51,0.938980348,-0.117236955,0.317188295,0.062952269,-0.9462727,-0.8373791,1.0238534
seq-02/frame-000253,1,0.02428794,0.455791,1059,773,649,0.98,90.62,43.25,20.24,155.07,0.940598542,-0.117767828,0.311954103,0.063951232,-0.9577244,-0.8331528,1.0239953
seq-02/frame-000254,1,0.03216165,0.681649,1161,881,769,1.35,71.75,45.07,15.47,133.63,0.942380598,-0.117160616,0.306939718,0.063088886,-0.9741529,-0.8319713,1.0224767
seq-02/frame-000255,1,0.02938526,0.655614,1306,1043,929,0.88,87.50,64.68,13.02,166.09,0.944716480,-0.115106627,0.300385021,0.063482879,-0.9795307,-0.8286789,1.0120017
seq-02/frame-000256,1,0.02730622,0.739156,1644,1299,1160,0.89,107.25,85.10,11.09,204.34,0.947073496,-0.114136397,0.293066089,0.064319073,-0.9791913,-0.8237281,0.9978465
seq-02/frame-000257,1,0.02422132,0.645634,1414,1093,944,0.90,70.06,66.85,10.95,148.76,0.947383615,-0.115585173,0.291594830,0.063849885,-0.9917551,-0.8257956,1.0020130
seq-02/frame-000258,1,0.02239926,0.588161,1302,1067,911,0.89,65.10,66.87,11.80,144.66,0.949344600,-0.114230646,0.285476382,0.064802968,-0.9981532,-0.8227932,0.9954763
seq-02/frame-000259,1,0.01944303,0.500082,1938,1545,1384,0.89,94.31,96.79,14.04,206.04,0.951242101,-0.115985078,0.278689044,0.063390403,-1.0015644,-0.8274210,0.9819528
seq-02/frame-000260,1,0.01559101,0.371889,1976,1599,1417,0.93,90.72,115.67,11.35,218.67,0.951871298,-0.118062359,0.276110617,0.061361540,-1.0083855,-0.8281711,0.9827897
seq-02/frame-000261,1,0.01688957,0.486175,1428,1131,990,0.90,76.59,67.16,18.27,162.93,0.952539168,-0.117591534,0.274082120,0.060994721,-1.0196480,-0.8250015,0.9870327
seq-02/frame-000262,1,0.01502953,0.370861,1758,1463,1306,0.88,89.28,111.31,17.84,219.31,0.954133992,-0.117854509,0.268669047,0.059628713,-1.0244192,-0.8307501,0.9834943
seq-02/frame-000263,1,0.01336776,0.280964,1813,1569,1400,0.87,84.81,92.24,10.13,188.05,0.954917062,-0.117397189,0.266805938,0.056266297,-1.0317823,-0.8365492,0.9849824
seq-02/frame-000264,1,0.01855755,0.452692,1704,1411,1272,0.89,86.27,81.95,9.83,178.95,0.955982019,-0.114327900,0.265170551,0.052077725,-1.0444816,-0.8326518,0.9821822
seq-02/frame-000265,1,0.01667852,0.450676,1662,1422,1242,1.00,81.53,90.52,19.40,192.45,0.957181749,-0.113622307,0.261584406,0.049665571,-1.0502005,-0.8335482,0.9835299
seq-02/frame-000266,1,0.01608191,0.448683,2014,1700,1545,0.86,90.77,132.77,26.23,250.64,0.958210465,-0.112312516,0.258653104,0.048137037,-1.0554027,-0.8384900,0.9804659
seq-02/frame-000267,1,0.01668561,0.441710,1923,1609,1483,0.88,78.87,115.64,19.89,215.29,0.958916399,-0.110709298,0.257053674,0.046327104,-1.0618851,-0.8390435,0.9805531
seq-02/frame-000268,1,0.01584056,0.473770,1775,1524,1378,0.89,74.17,103.39,18.59,197.04,0.959788572,-0.110532814,0.254605566,0.042004770,-1.0681545,-0.8426456,0.9817779
seq-02/frame-000269,1,0.01641674,0.486652,2080,1776,1618,0.93,78.22,122.82,26.76,228.73,0.960492002,-0.110209147,0.252682864,0.038215550,-1.0749007,-0.8429663,0.9814239
seq-02/frame-000270,1,0.02128719,0.640141,1797,1535,1374,0.89,80.68,94.75,12.33,188.66,0.960613662,-0.109733730,0.252763377,0.035924587,-1.0863857,-0.8451259,0.9850782
seq-02/frame-000271,1,0.01844843,0.637177,1961,1667,1512,0.91,78.65,111.17,17.80,208.53,0.961503254,-0.108152876,0.250406993,0.033328464,-1.0927006,-0.8437415,0.9850851
seq-02/frame-000272,1,0.01866443,0.674813,2127,1798,1625,1.18,110.62,125.67,14.25,251.73,0.961655503,-0.109871473,0.249492582,0.030006727,-1.0963556,-0.8489259,0.9876081
seq-02/frame-000273,1,0.01979665,0.710205,2082,1768,1587,0.93,118.31,122.00,17.80,259.05,0.961481640,-0.109159318,0.250636339,0.028613357,-1.1059231,-0.8467066,0.9890837
seq-02/frame-000274,1,0.02074756,0.724597,2109,1796,1636,0.92,92.72,125.48,19.08,238.20,0.961675594,-0.109004082,0.249963343,0.028574283,-1.1146125,-0.8445095,0.9914268
seq-02/frame-000275,1,0.02044451,0.742529,2318,1954,1787,1.41,120.04,133.12,53.29,307.85,0.961596798,-0.110470879,0.249689032,0.027985181,-1.1190745,-0.8464092,0.9955093
seq-02/frame-000276,1,0.02201986,0.727918,1765,1484,1324,0.96,105.58,110.92,66.95,284.42,0.961521626,-0.110862532,0.249648532,0.029347447,-1.1274476,-0.8437668,0.9923654
seq-02/frame-000277,1,0.02563366,0.807281,1411,1190,1019,1.20,99.16,80.98,15.46,196.80,0.961485011,-0.111774556,0.249070892,0.031885948,-1.1394443,-0.8390402,0.9956537
seq-02/frame-000278,1,0.02173584,0.763022,1769,1536,1368,1.43,102.89,133.60,25.52,263.45,0.961845720,-0.114087665,0.246281657,0.034382560,-1.1425512,-0.8393560,0.9995251
seq-02/frame-000279,1,0.01759244,0.684038,1901,1589,1402,0.93,107.36,155.41,15.92,279.63,0.961873796,-0.116501176,0.244898960,0.035366306,-1.1469327,-0.8438585,1.0075821
seq-02/frame-000280,1,0.01901402,0.610814,1524,1274,1129,1.67,93.02,123.07,18.91,236.67,0.962439863,-0.117322383,0.242419503,0.034318406,-1.1545269,-0.8455201,1.0095676
seq-02/frame-000281,1,0.02138599,0.738114,2098,1781,1587,1.28,108.96,166.00,17.31,293.54,0.962898829,-0.118452553,0.240444140,0.031328147,-1.1634843,-0.8434389,1.0145350
seq-02/frame-000282,1,0.02125232,0.803955,1835,1549,1355,0.94,137.75,95.21,16.22,250.12,0.963129274,-0.119346938,0.239320822,0.029391406,-1.1714999,-0.8428119,1.0186713
seq-02/frame-000283,1,0.02536779,0.790920,1341,1108,935,0.99,130.76,75.02,14.09,220.86,0.963486125,-0.120774831,0.237152347,0.029439611,-1.1834957,-0.8457146,1.0227371
seq-02/frame-000284,1,0.02394058,0.863501,2000,1686,1455,0.94,146.31,117.91,16.24,281.41,0.964138516,-0.121958926,0.233893281,0.029272447,-1.1873542,-0.8430638,1.0231822
seq-02/frame-000285,1,0.02428298,0.863945,2167,1835,1609,2.01,157.93,125.91,26.08,311.93,0.963987377,-0.125306268,0.232807828,0.028760937,-1.1923840,-0.8468670,1.0283144
seq-02/frame-000286,1,0.02211802,0.879795,1564,1231,1023,1.85,104.86,88.63,14.61,209.95,0.964362232,-0.125432157,0.231166452,0.028884780,-1.1984911,-0.8422911,1.0346145
seq-02/frame-000287,1,0.02821387,0.884480,1532,1244,1050,1.17,101.95,94.35,18.16,215.63,0.964999878,-0.126679666,0.227799226,0.028896559,-1.2112601,-0.8430457,1.0319055
seq-02/frame-000288,1,0.02780069,1.008140,1770,1421,1209,1.76,93.76,99.10,15.83,210.45,0.965118418,-0.130939750,0.225037531,0.027555965,-1.2142911,-0.8446588,1.0356713
seq-02/frame-000289,1,0.02509503,0.925843,2040,1657,1402,0.86,105.32,111.41,23.60,241.20,0.965334995,-0.135085633,0.221923748,0.025101172,-1.2159524,-0.8437813,1.0353748
seq-02/frame-000290,1,0.02503695,1.006717,1566,1186,947,1.42,95.12,84.39,24.98,205.92,0.965553372,-0.136937924,0.219866219,0.024769674,-1.2203248,-0.8407378,1.0423338
seq-02/frame-000291,1,0.02671016,0.875854,1403,994,782,0.89,98.31,76.64,15.51,191.35,0.966537641,-0.138745675,0.214395557,0.024272857,-1.2264820,-0.8438269,1.0458269
seq-02/frame-000292,1,0.03085620,1.028828,1588,1153,948,1.30,91.73,81.75,15.94,190.72,0.967453420,-0.139809590,0.209626176,0.023324340,-1.2348993,-0.8406682,1.0427571
seq-02/frame-000293,1,0.03411153,1.075000,1428,996,822,1.33,88.83,78.88,13.80,182.85,0.968046846,-0.142981273,0.204720166,0.023050236,-1.2407250,-0.8391538,1.0381990
seq-02/frame-000294,1,0.03136574,1.286264,2125,1587,1265,1.21,96.75,102.31,13.15,213.42,0.967941643,-0.147584915,0.202016794,0.022290873,-1.2412710,-0.8377493,1.0499287
seq-02/frame-000295,1,0.03456837,1.419261,2206,1586,1251,0.92,96.59,113.42,18.37,229.30,0.968278403,-0.148930751,0.199413863,0.022151233,-1.2419070,-0.8395729,1.0594818
seq-02/frame-000296,1,0.03562079,1.435092,2146,1580,1260,1.33,101.02,116.95,14.33,233.64,0.969027582,-0.148466688,0.196233115,0.020874669,-1.2460314,-0.8395401,1.0571234
seq-02/frame-000297,1,0.03529661,1.463282,2146,1580,1260,1.37,97.58,110.51,15.68,225.14,0.969027582,-0.148466688,0.196233115,0.020874669,-1.2460314,-0.8395401,1.0571234
seq-02/frame-000298,1,0.03548721,1.462163,1982,1427,1106,0.89,100.25,116.69,22.83,240.66,0.969823719,-0.148483145,0.192307111,0.020314656,-1.2492147,-0.8367625,1.0539949
seq-02/frame-000299,1,0.04044332,1.674069,2282,1615,1236,1.02,93.28,120.94,24.24,239.49,0.970169622,-0.149102023,0.190054401,0.020464969,-1.2537629,-0.8351064,1.0579537
seq-02/frame-000300,1,0.03921527,1.736164,2691,1851,1497,0.98,106.07,204.25,15.93,327.24,0.970575567,-0.149903206,0.187403658,0.019798124,-1.2517369,-0.8391057,1.0603208
seq-02/frame-000301,1,0.03587454,1.492768,1956,1346,1041,0.91,95.21,117.96,32.10,246.19,0.971583923,-0.148063495,0.183503728,0.020694556,-1.2507992,-0.8353964,1.0516902
seq-02/frame-000302,1,0.03651609,1.509863,1956,1346,1041,1.06,80.23,109.54,19.55,210.39,0.971583923,-0.148063495,0.183503728,0.020694556,-1.2507992,-0.8353964,1.0516902
seq-02/frame-000303,1,0.03702256,1.580401,1938,1372,1034,0.89,80.46,108.17,54.34,243.87,0.972305403,-0.148558385,0.179153659,0.021367618,-1.2528464,-0.8343178,1.0501470
seq-02/frame-000304,1,0.04601255,2.022553,2545,1767,1416,0.95,105.77,170.36,18.08,295.16,0.972633565,-0.148481101,0.177431354,0.021340701,-1.2549142,-0.8331525,1.0560487
seq-02/frame-000305,1,0.04510274,1.698706,2107,1459,1073,0.92,145.69,116.10,15.85,278.56,0.973310219,-0.147861026,0.174211513,0.021323304,-1.2556417,-0.8335971,1.0523408
seq-02/frame-000306,1,0.04610466,1.993932,2107,1459,1073,0.96,142.78,113.14,14.01,270.89,0.973310219,-0.147861026,0.174211513,0.021323304,-1.2556417,-0.8335971,1.0523408
seq-02/frame-000307,1,0.02886505,0.723751,1709,1000,771,1.52,141.85,97.23,11.78,252.38,0.975907450,-0.149667048,0.157426350,0.020527254,-1.2357824,-0.8443666,1.0167443
seq-02/frame-000308,1,0.04191645,1.906135,2031,1383,1006,1.79,137.32,106.42,29.88,275.41,0.975460685,-0.148083523,0.161523752,0.021396252,-1.2511556,-0.8309414,1.0404587
seq-02/frame-000309,1,0.04519325,2.067164,1602,1058,717,1.57,121.86,85.35,19.01,227.80,0.976469357,-0.147380853,0.156229193,0.019465801,-1.2509976,-0.8283845,1.0415179
seq-02/frame-000310,1,0.04615962,2.068830,1602,1058,717,14.91,101.61,87.91,20.40,224.83,0.976469357,-0.147380853,0.156229193,0.019465801,-1.2509976,-0.8283845,1.0415179
seq-02/frame-000311,1,0.04896897,2.093885,1343,849,594,2.12,106.10,64.04,26.16,198.44,0.977913698,-0.146089291,0.148575232,0.016374356,-1.2523416,-0.8245944,1.0389214
seq-02/frame-000312,1,0.06618150,2.212377,1411,785,561,1.37,106.85,70.24,14.48,192.94,0.982602133,-0.153623488,0.103844536,0.010449128,-1.1622573,-0.8594865,0.9760635
seq-02/frame-000313,1,0.05813125,1.745129,1387,886,674,0.84,80.86,67.99,17.49,167.18,0.983452123,-0.151259492,0.099507727,0.006379640,-1.1779976,-0.8532260,0.9673659
seq-02/frame-000314,1,0.05793549,1.740796,1387,886,674,1.11,73.83,73.91,11.84,160.70,0.983452123,-0.151259492,0.099507727,0.006379640,-1.1779976,-0.8532260,0.9673659
seq-02/frame-000315,1,0.03991029,1.769177,1216,689,476,0.83,72.95,62.47,16.04,152.30,0.982520964,-0.143834423,0.118022195,0.005914035,-1.2401213,-0.8237813,1.0145731
seq-02/frame-000316,1,0.04538937,1.976269,1041,608,425,0.80,73.97,47.11,17.61,139.50,0.983825393,-0.142153467,0.108995344,0.000045938,-1.2443026,-0.8141742,1.0112920
seq-02/frame-000317,1,0.04266331,1.792554,1156,673,475,0.79,80.92,56.70,14.60,153.01,0.984568686,-0.145530713,0.097101013,-0.004087478,-1.2404325,-0.8214370,1.0038283
seq-02/frame-000318,1,0.04095556,1.786135,1156,673,475,1.08,70.62,55.26,17.23,144.18,0.984568686,-0.145530713,0.097101013,-0.004087478,-1.2404325,-0.8214370,1.0038283
seq-02/frame-000319,1,0.06159997,1.747724,1194,714,515,0.84,66.38,56.62,14.41,138.24,0.985950025,-0.155525074,0.059994877,-0.010729110,-1.1743754,-0.8615035,0.9533621
seq-02/frame-000320,1,0.02677726,1.741877,1065,587,402,1.16,79.75,44.91,26.60,152.42,0.985904565,-0.148178835,0.077007040,-0.010253695,-1.2337121,-0.8252956,0.9954754
seq-02/frame-000321,1,0.03142841,1.868589,1095,688,510,0.78,61.56,60.29,15.52,138.15,0.986432302,-0.149463963,0.065104486,-0.019319490,-1.2351866,-0.8158372,0.9836440
seq-02/frame-000322,1,0.03122586,1.862870,1095,688,510,1.13,67.26,50.85,18.09,137.33,0.986432302,-0.149463963,0.065104486,-0.019319490,-1.2351866,-0.8158372,0.9836440
seq-02/frame-000323,1,0.01375125,1.356393,1121,734,544,0.81,68.09,52.29,23.62,144.82,0.986334221,-0.155153139,0.049857706,-0.024218125,-1.2183178,-0.8317438,0.9786975
seq-02/frame-000324,1,0.03722048,2.148778,948,589,423,1.36,65.16,53.47,19.94,139.95,0.987137756,-0.150011449,0.047050914,-0.029014248,-1.2395992,-0.8092805,0.9658490
seq-02/frame-000325,1,0.12425882,3.539727,887,350,211,0.79,65.05,51.37,13.68,130.89,0.983662910,-0.178382792,-0.001687409,-0.024166340,-1.1304357,-0.9176811,0.9486536
seq-02/frame-000326,1,0.12432399,3.561443,887,350,211,0.76,68.72,44.63,25.78,139.90,0.983662910,-0.178382792,-0.001687409,-0.024166340,-1.1304357,-0.9176811,0.9486536
seq-02/frame-000327,1,0.07065768,1.940625,1012,562,379,0.79,75.19,45.52,24.30,145.80,0.985901841,-0.162802565,-0.003171733,-0.038507468,-1.1781993,-0.8665762,0.9209494
seq-02/frame-000328,1,0.03910189,2.234136,900,462,296,0.80,58.73,53.47,14.76,127.77,0.987996387,-0.148300723,0.012976971,-0.041250865,-1.2354129,-0.7995255,0.9499851
seq-02/frame-000329,1,0.03767956,0.691403,856,342,218,0.79,63.24,48.12,19.48,131.63,0.986022232,-0.160397422,-0.013594157,-0.042988639,-1.1938064,-0.8420014,0.9309567
seq-02/frame-000330,1,0.07593987,1.929208,1019,524,363,0.79,83.38,61.47,14.13,159.77,0.983882470,-0.168850729,-0.037764114,-0.045150737,-1.1612284,-0.8761720,0.9240803
seq-02/frame-000331,1,0.08230433,2.413137,1023,682,510,0.80,74.75,52.65,27.52,155.71,0.982936393,-0.172945791,-0.030036324,-0.054987450,-1.2354124,-0.8917546,0.9327245
seq-02/frame-000332,1,0.08091569,2.332255,1023,682,510,0.75,64.19,46.99,25.94,137.88,0.982936393,-0.172945791,-0.030036324,-0.054987450,-1.2354124,-0.8917546,0.9327245
seq-02/frame-000333,1,0.11215427,2.875153,1086,515,345,0.80,56.86,54.23,12.36,124.25,0.980930823,-0.178483685,-0.052143364,-0.056562921,-1.1984746,-0.9298007,0.9181739
seq-02/frame-000334,1,0.05365595,1.581471,1065,664,489,0.80,73.04,70.93,14.23,159.00,0.982849469,-0.163353786,-0.061834541,-0.059151938,-1.1847878,-0.8666994,0.9192438
seq-02/frame-000335,1,0.05599748,1.723238,1107,753,587,0.81,66.62,53.65,21.18,142.26,0.982085433,-0.162772911,-0.072631419,-0.061138036,-1.1729457,-0.8668185,0.9225568
seq-02/frame-000336,1,0.05274860,1.383285,975,622,473,0.81,73.37,47.90,12.21,134.30,0.982334482,-0.158618377,-0.080308650,-0.058392615,-1.1634917,-0.8522913,0.9214037
seq-02/frame-000337,1,0.08212330,2.765954,1089,700,542,0.82,64.38,54.44,26.70,146.33,0.979994870,-0.167651939,-0.088178802,-0.061052276,-1.1682080,-0.8956033,0.9229152
seq-02/frame-000338,1,0.08059978,2.157659,1089,700,542,0.82,63.36,55.97,24.14,144.29,0.979994870,-0.167651939,-0.088178802,-0.061052276,-1.1682080,-0.8956033,0.9229152
seq-02/frame-000339,1,0.06176538,1.687214,1009,658,514,0.82,71.86,40.62,17.75,131.06,0.980192644,-0.160184692,-0.096047947,-0.065863777,-1.1661428,-0.8714660,0.9149219
seq-02/frame-000340,1,0.07131255,2.037244,1058,629,474,0.81,56.98,56.44,31.16,145.38,0.979130644,-0.157823122,-0.107435156,-0.069661544,-1.1563043,-0.8723935,0.9014941
seq-02/frame-000341,1,0.11267412,3.223909,1244,605,403,0.79,77.07,52.56,14.78,145.20,0.976690807,-0.162302593,-0.124028239,-0.065954008,-1.1106524,-0.8960228,0.9181558
seq-02/frame-000342,1,0.04542535,1.514628,1227,645,460,0.80,62.47,55.13,31.98,150.39,0.978922986,-0.152500225,-0.115821691,-0.070984538,-1.1613463,-0.8528382,0.9174528
seq-02/frame-000343,1,0.04501808,1.501629,1227,645,460,0.74,67.26,53.60,16.86,138.46,0.978922986,-0.152500225,-0.115821691,-0.070984538,-1.1613463,-0.8528382,0.9174528
seq-02/frame-000344,1,0.03660205,1.130410,1302,679,489,0.83,84.16,84.56,45.95,215.50,0.978981104,-0.149556400,-0.118023942,-0.072795816,-1.1712611,-0.8499212,0.9086300
seq-02/frame-000345,1,0.11379538,3.093604,1402,707,446,0.84,85.92,84.84,118.73,290.33,0.975363657,-0.154822338,-0.141513615,-0.068335029,-1.1088281,-0.8958767,0.8927494
seq-02/frame-000346,1,0.03761229,1.384212,1317,707,514,0.84,98.54,173.73,117.36,390.48,0.977235501,-0.149771361,-0.130912403,-0.073764877,-1.1648480,-0.8514599,0.9163152
seq-02/frame-000347,1,0.02887358,1.147929,1229,756,504,0.82,77.15,106.57,109.36,293.90,0.978933744,-0.142737133,-0.133196557,-0.059778862,-1.1807732,-0.8036345,0.9246264
seq-02/frame-000348,1,0.02869428,1.325713,1210,718,497,0.79,66.32,91.69,125.54,284.35,0.977552719,-0.145286596,-0.141106254,-0.058064714,-1.1724408,-0.8111090,0.9267858
seq-02/frame-000349,1,0.02911929,1.352802,1210,718,497,0.74,67.48,68.29,22.29,158.80,0.977552719,-0.145286596,-0.141106254,-0.058064714,-1.1724408,-0.8111090,0.9267858
seq-02/frame-000350,1,0.02362564,1.009509,1181,739,543,0.79,67.60,188.17,130.41,387.00,0.976558743,-0.148341319,-0.144849110,-0.057849895,-1.1721567,-0.8176169,0.9209538
seq-02/frame-000351,1,0.02990260,1.171823,1166,715,529,0.78,69.62,185.10,126.05,381.56,0.974956738,-0.153604378,-0.150826014,-0.055826226,-1.1641447,-0.8215594,0.9216104
seq-02/frame-000352,1,0.02500223,1.033155,958,572,412,0.77,61.91,174.04,87.22,323.94,0.974412551,-0.156094681,-0.152379600,-0.054176468,-1.1762707,-0.8156391,0.9208537
seq-02/frame-000353,1,0.03188654,1.484727,1037,604,409,0.77,60.00,159.04,98.27,318.08,0.972269674,-0.163104200,-0.160356510,-0.048728755,-1.1713224,-0.8142060,0.9265699
seq-02/frame-000354,1,0.03275733,1.515013,1037,604,409,2.79,432.78,242.23,16.51,694.31,0.972269674,-0.163104200,-0.160356510,-0.048728755,-1.1713224,-0.8142060,0.9265699
seq-02/frame-000355,1,0.16133496,4.529451,1975,1031,603,1.09,559.14,186.21,30.89,777.32,0.963642246,-0.194018549,-0.170046333,-0.069531789,-1.1642516,-0.9890192,0.8803820
seq-02/frame-000356,1,0.03318225,1.525450,2337,1279,843,27.66,542.59,155.58,68.66,796.40,0.969307241,-0.169543081,-0.168835092,-0.056509535,-1.1633652,-0.8348793,0.9230530
seq-02/frame-000357,1,0.03856274,1.623622,2305,1388,972,47.30,504.40,151.50,18.91,723.43,0.969317096,-0.169093514,-0.170015113,-0.054098164,-1.1625214,-0.8288752,0.9241020
seq-02/frame-000358,1,0.05620428,2.006177,2175,1190,833,33.88,522.55,145.48,37.22,739.14,0.966464693,-0.177855867,-0.171487387,-0.070038306,-1.1512440,-0.8823518,0.9085391
seq-02/frame-000359,1,0.05548422,1.767676,2175,1190,833,1.41,481.76,158.26,40.04,681.47,0.966464693,-0.177855867,-0.171487387,-0.070038306,-1.1512440,-0.8823518,0.9085391
seq-02/frame-000360,1,0.03196279,1.212478,2187,1302,922,10.17,474.99,140.65,18.83,644.64,0.967418449,-0.176117426,-0.172064455,-0.058974745,-1.1650696,-0.8492829,0.9164093
seq-02/frame-000361,1,0.03029197,1.154189,1887,1137,848,1.54,398.69,188.56,22.15,610.95,0.966859843,-0.177796919,-0.172909156,-0.060603004,-1.1695769,-0.8468411,0.9171130
seq-02/frame-000362,1,0.02860194,1.185820,1533,926,643,6.84,325.21,184.14,29.11,545.31,0.965553812,-0.181612579,-0.175789152,-0.061813284,-1.1716357,-0.8493161,0.9159092
seq-02/frame-000363,1,0.05075522,1.679696,2084,1084,696,3.40,368.37,186.55,19.09,577.42,0.961719258,-0.190163622,-0.181371832,-0.077705367,-1.1573836,-0.8868434,0.9104580
seq-02/frame-000364,1,0.05101844,1.701720,2084,1084,696,0.93,93.81,226.69,41.67,363.10,0.961719258,-0.190163622,-0.181371832,-0.077705367,-1.1573836,-0.8868434,0.9104580
seq-02/frame-000365,1,0.03430223,1.332322,2300,1400,991,0.93,167.36,342.05,36.26,546.61,0.962830682,-0.187739833,-0.181054021,-0.070215906,-1.1717347,-0.8577277,0.9184464
seq-02/frame-000366,1,0.02629320,1.137338,1782,1116,830,0.87,181.05,344.96,33.37,560.26,0.961833070,-0.191641456,-0.181104463,-0.073156491,-1.1807167,-0.8673192,0.9169186
seq-02/frame-000367,1,0.02597992,1.174106,1898,1183,884,0.88,220.23,301.28,14.27,536.66,0.960908928,-0.193306233,-0.183760798,-0.074287969,-1.1880753,-0.8643776,0.9198642
seq-02/frame-000368,1,0.02853174,1.162799,2149,1279,950,0.88,190.37,335.20,36.21,562.67,0.959874857,-0.193539151,-0.187243017,-0.078249009,-1.1883874,-0.8724059,0.9201949
seq-02/frame-000369,1,0.02864921,1.171418,2149,1279,950,0.90,227.30,321.48,52.75,602.43,0.959874857,-0.193539151,-0.187243017,-0.078249009,-1.1883874,-0.8724059,0.9201949
seq-02/frame-000370,1,0.03069229,1.145260,2255,1327,988,0.96,230.60,314.72,48.73,595.02,0.959209274,-0.193884691,-0.187862989,-0.083867712,-1.1871370,-0.8836323,0.9201647
seq-02/frame-000371,1,0.02616497,1.059125,2244,1294,973,0.99,210.32,319.52,34.64,565.46,0.960019835,-0.191014245,-0.185619290,-0.086144954,-1.1962605,-0.8787933,0.9175998
seq-02/frame-000372,1,0.02688237,1.134826,2104,1250,895,0.92,210.97,300.59,56.76,569.49,0.959557848,-0.190590568,-0.187935196,-0.087202836,-1.1964574,-0.8841548,0.9168947
seq-02/frame-000373,1,0.02358065,0.907944,2225,1259,926,0.96,242.21,279.32,37.47,559.96,0.958947628,-0.190969915,-0.188156382,-0.092450608,-1.2003153,-0.8935189,0.9120518
seq-02/frame-000374,1,0.02292898,0.978976,2227,1360,1007,1.05,243.12,207.31,27.17,478.67,0.958565070,-0.191136778,-0.188991065,-0.094351022,-1.2038898,-0.8952983,0.9111515
seq-02/frame-000375,1,0.02259506,0.970255,2227,1360,1007,0.95,166.96,148.27,13.07,329.26,0.958565070,-0.191136778,-0.188991065,-0.094351022,-1.2038898,-0.8952983,0.9111515
seq-02/frame-000376,1,0.02085665,0.942779,1695,1153,900,0.96,162.42,115.17,26.05,304.61,0.957919027,-0.192248755,-0.190782886,-0.095044438,-1.2068000,-0.8978787,0.9099079
seq-02/frame-000377,1,0.01738848,0.917557,1766,1144,889,1.48,171.06,103.49,16.86,292.89,0.956836682,-0.195000082,-0.193119278,-0.095621530,-1.2113831,-0.9014128,0.9082047
seq-02/frame-000378,1,0.04373296,1.800957,2006,1172,831,0.93,164.66,128.45,26.42,320.46,0.953318268,-0.202825404,-0.191616229,-0.115452830,-1.2166922,-0.9500541,0.8935428
seq-02/frame-000379,1,0.01854179,0.872433,1953,1307,991,0.90,136.29,128.61,12.03,277.83,0.955181601,-0.197605707,-0.196664646,-0.099514369,-1.2162578,-0.9088467,0.9059046
seq-02/frame-000380,1,0.01899725,0.867151,1714,1141,904,0.91,131.76,110.88,13.59,257.15,0.953658927,-0.200196777,-0.199948099,-0.102355550,-1.2170566,-0.9163006,0.9058099
seq-02/frame-000381,1,0.01901725,0.884095,1714,1141,904,0.85,127.45,107.56,13.62,249.48,0.953658927,-0.200196777,-0.199948099,-0.102355550,-1.2170566,-0.9163006,0.9058099
seq-02/frame-000382,1,0.01496997,0.736533,2084,1332,1024,0.91,151.76,125.64,32.39,310.70,0.953019309,-0.201873608,-0.200886270,-0.103179214,-1.2226524,-0.9156186,0.9039705
seq-02/frame-000383,1,0.01643085,0.763663,1931,1220,964,0.87,131.73,126.80,20.77,280.18,0.952530034,-0.202224580,-0.202055982,-0.104714530,-1.2263689,-0.9175108,0.9026718
seq-02/frame-000384,1,0.01413819,0.636231,1974,1243,947,3.44,100.43,132.96,16.22,253.05,0.952204454,-0.201270974,-0.203894519,-0.105941958,-1.2297422,-0.9194987,0.9003693
seq-02/frame-000385,1,0.01377966,0.637359,1964,1264,981,0.88,106.51,129.15,31.39,267.94,0.951630396,-0.201315341,-0.206030610,-0.106878958,-1.2299757,-0.9230023,0.8993965
seq-02/frame-000386,1,0.01357082,0.619824,1964,1264,981,0.89,117.02,142.15,40.59,300.66,0.951630396,-0.201315341,-0.206030610,-0.106878958,-1.2299757,-0.9230023,0.8993965
seq-02/frame-000387,1,0.01260732,0.680017,1790,1203,970,0.93,116.33,130.00,40.28,287.54,0.950722587,-0.201957901,-0.209288814,-0.107413965,-1.2288496,-0.9279440,0.8967330
seq-02/frame-000388,1,0.00999009,0.383562,1359,944,764,0.84,99.22,102.02,18.04,220.13,0.950381691,-0.201347786,-0.210982532,-0.108259325,-1.2323135,-0.9269211,0.8919732
seq-02/frame-000389,1,0.01236070,0.323335,922,564,451,0.78,71.49,52.18,14.78,139.23,0.949627663,-0.201267227,-0.214453903,-0.108205030,-1.2366952,-0.9239020,0.8876466
seq-02/frame-000390,1,0.01021681,0.489228,1332,858,685,2.78,90.23,158.22,11.99,263.23,0.946663253,-0.203652043,-0.224496707,-0.109342394,-1.2289447,-0.9289432,0.8876938
seq-02/frame-000391,1,0.01536787,0.623500,1921,1289,1008,6.98,95.31,104.61,23.02,229.91,0.943740026,-0.206542722,-0.230834477,-0.115802902,-1.2180860,-0.9442085,0.8829819
seq-02/frame-000392,1,0.01522427,0.636087,1921,1289,1008,2.95,121.19,195.35,18.46,337.95,0.943740026,-0.206542722,-0.230834477,-0.115802902,-1.2180860,-0.9442085,0.8829819
seq-02/frame-000393,1,0.01236111,0.509005,1909,1225,985,0.90,125.10,162.38,27.72,316.11,0.943042154,-0.205930001,-0.231609682,-0.120918508,-1.2195483,-0.9448762,0.8813154
seq-02/frame-000394,1,0.01380957,0.641629,1778,1177,975,0.87,139.08,161.08,18.16,319.19,0.942471120,-0.204305924,-0.235336262,-0.120930236,-1.2150527,-0.9421195,0.8752384
seq-02/frame-000395,1,0.01355378,0.640165,1784,1195,964,1.24,159.46,107.01,18.97,286.69,0.940199886,-0.205486479,-0.241179822,-0.125027094,-1.2087373,-0.9454999,0.8713555
seq-02/frame-000396,1,0.01510116,0.562525,1923,1294,1060,0.95,146.39,116.94,10.88,275.16,0.938258149,-0.206319234,-0.245452442,-0.129834969,-1.2035008,-0.9463045,0.8678307
seq-02/frame-000397,1,0.01143002,0.481392,1628,1143,941,1.98,126.76,93.25,14.11,236.11,0.936866442,-0.206687590,-0.249333701,-0.131887132,-1.2011353,-0.9444920,0.8662342
seq-02/frame-000398,1,0.01140345,0.483790,1628,1143,941,0.85,117.73,92.94,12.68,224.20,0.936866442,-0.206687590,-0.249333701,-0.131887132,-1.2011353,-0.9444920,0.8662342
seq-02/frame-000399,1,0.01253966,0.382389,1287,909,761,4.22,125.04,80.15,12.11,221.51,0.935067029,-0.208061984,-0.254864950,-0.131923159,-1.1937793,-0.9453465,0.8602684
seq-02/frame-000400,1,0.01405285,0.292934,1184,836,716,0.89,104.91,70.98,13.53,190.32,0.933084220,-0.210437562,-0.260579972,-0.131026520,-1.1896672,-0.9440801,0.8563345
seq-02/frame-000401,1,0.01314897,0.298573,1252,848,711,0.84,100.71,74.88,15.47,191.89,0.929991997,-0.213574657,-0.267799112,-0.133358115,-1.1831922,-0.9504048,0.8520694
seq-02/frame-000402,1,0.01286631,0.540538,1671,1164,937,0.87,85.59,90.79,22.88,200.13,0.927197742,-0.213016060,-0.277441212,-0.133995815,-1.1731870,-0.9494173,0.8527253
seq-02/frame-000403,1,0.01864794,1.170141,2046,1429,1174,0.90,105.43,107.19,20.20,233.72,0.924866354,-0.213062904,-0.283136635,-0.138058218,-1.1637251,-0.9526160,0.8489301
seq-02/frame-000404,1,0.01345055,0.295183,2046,1429,1174,1.37,116.26,104.24,21.13,243.01,0.924866354,-0.213062904,-0.283136635,-0.138058218,-1.1637251,-0.9526160,0.8489301
seq-02/frame-000405,1,0.01358222,0.199572,1411,1046,903,1.49,83.87,82.19,10.57,178.11,0.923304926,-0.214077441,-0.286529160,-0.139928206,-1.1617550,-0.9559039,0.8457944
seq-02/frame-000406,1,0.01585937,0.286946,1285,904,770,4.66,89.16,68.61,18.80,181.24,0.921560248,-0.213727497,-0.293455609,-0.137590233,-1.1556229,-0.9556896,0.8435019
seq-02/frame-000407,1,0.01899374,0.367339,1611,1210,1041,0.97,87.43,84.37,23.21,195.99,0.919789820,-0.212927384,-0.301067041,-0.134191108,-1.1444011,-0.9549159,0.8408728
seq-02/frame-000408,1,0.01900450,0.280718,1740,1253,1081,0.84,89.70,83.27,13.28,187.09,0.918334746,-0.213961773,-0.305841454,-0.131691526,-1.1377613,-0.9552613,0.8393408
seq-02/frame-000409,1,0.01861514,0.258907,1860,1332,1142,0.88,107.64,81.27,14.03,203.82,0.917034950,-0.216104146,-0.309590937,-0.128449797,-1.1280367,-0.9573836,0.8372171
seq-02/frame-000410,1,0.01830295,0.249807,1860,1332,1142,0.87,100.79,87.03,15.01,203.70,0.917034950,-0.216104146,-0.309590937,-0.128449797,-1.1280367,-0.9573836,0.8372171
seq-02/frame-000411,1,0.01910722,0.272932,1623,1213,1048,0.83,100.45,76.84,16.12,194.24,0.915712772,-0.217997470,-0.313401121,-0.125407173,-1.1180453,-0.9545375,0.8349563
seq-02/frame-000412,1,0.02188032,0.956504,1331,926,760,0.80,75.24,100.11,31.21,207.37,0.911998973,-0.223228226,-0.318312531,-0.130782892,-1.1032209,-0.9665151,0.8349537
seq-02/frame-000413,1,0.01227049,0.624368,866,567,461,0.78,58.11,85.14,27.83,171.87,0.911284554,-0.224865216,-0.317148767,-0.135693607,-1.1034140,-0.9634692,0.8398988
seq-02/frame-000414,1,0.02765668,1.036385,1120,743,605,0.77,73.08,90.46,17.79,182.10,0.909494301,-0.228767745,-0.315852726,-0.143953088,-1.0846533,-0.9788186,0.8381236
seq-02/frame-000415,1,0.02528853,1.016133,1345,829,665,0.83,118.79,87.70,19.54,226.86,0.908844639,-0.230526007,-0.315680225,-0.145619975,-1.0772549,-0.9742747,0.8395938
seq-02/frame-000416,1,0.01551525,0.848529,1686,1059,848,0.78,135.07,90.32,15.85,242.02,0.908301788,-0.234033186,-0.314125391,-0.146770462,-1.0815705,-0.9682871,0.8406460
seq-02/frame-000417,1,0.01277593,0.486140,1686,1059,848,0.81,122.99,87.34,15.52,226.66,0.908301788,-0.234033186,-0.314125391,-0.146770462,-1.0815705,-0.9682871,0.8406460
seq-02/frame-000418,1,0.01085230,0.476230,2199,1394,1077,0.96,159.74,145.70,25.33,331.73,0.907911325,-0.234166408,-0.315781216,-0.145414386,-1.0804589,-0.9566817,0.8416700
seq-02/frame-000419,1,0.01105183,0.820386,2294,1308,1012,0.96,171.83,122.63,17.70,313.12,0.906381021,-0.236260723,-0.316467342,-0.150009123,-1.0774679,-0.9682954,0.8414433
seq-02/frame-000420,1,0.01619660,0.921733,2468,1433,1133,0.92,141.67,129.86,21.40,293.85,0.905959339,-0.237427566,-0.317870381,-0.147730323,-1.0657594,-0.9714407,0.8426826
seq-02/frame-000421,1,0.01045535,0.709478,1576,1022,851,0.83,139.64,80.14,17.98,238.60,0.907069553,-0.235233063,-0.318474745,-0.143052680,-1.0664073,-0.9579617,0.8441230
seq-02/frame-000422,1,0.01254073,0.391249,1026,678,568,2.21,92.56,47.70,15.01,157.47,0.906981714,-0.237077968,-0.320259803,-0.136425316,-1.0680368,-0.9558257,0.8394685
seq-02/frame-000423,1,0.01199234,0.438044,1026,678,568,3.13,79.17,50.20,11.77,144.28,0.906981714,-0.237077968,-0.320259803,-0.136425316,-1.0680368,-0.9558257,0.8394685
seq-02/frame-000424,1,0.02390163,1.225846,1340,787,624,0.83,88.79,78.77,11.37,179.78,0.902887941,-0.244081147,-0.324733112,-0.140592199,-1.0613730,-0.9771344,0.8354646
seq-02/frame-000425,1,0.01449909,0.945191,1819,1059,862,0.86,95.25,84.40,16.10,196.61,0.899955886,-0.244089340,-0.333662212,-0.138453334,-1.0559435,-0.9687082,0.8440851
seq-02/frame-000426,1,0.01613892,1.025708,2118,1310,1043,0.92,103.53,106.34,14.30,225.09,0.897411097,-0.243668315,-0.339533172,-0.141408275,-1.0498375,-0.9681487,0.8477225
seq-02/frame-000427,1,0.02247439,1.424428,2005,1232,1045,1.24,97.17,113.86,14.03,226.31,0.894496497,-0.246098107,-0.342531608,-0.148269473,-1.0484275,-0.9816090,0.8494151
seq-02/frame-000428,1,0.01030190,0.821785,1190,760,616,0.81,71.87,57.78,15.06,145.52,0.894983790,-0.243494792,-0.344091377,-0.145998036,-1.0572644,-0.9711408,0.8465365
seq-02/frame-000429,1,0.01723865,1.037612,1139,649,503,1.07,84.62,56.85,13.78,156.33,0.891099614,-0.245554975,-0.350874127,-0.150105229,-1.0558018,-0.9847534,0.8447481
seq-02/frame-000430,1,0.01733673,1.063760,1139,649,503,0.80,75.00,63.38,13.65,152.84,0.891099614,-0.245554975,-0.350874127,-0.150105229,-1.0558018,-0.9847534,0.8447481
seq-02/frame-000431,1,0.01410010,1.202974,1297,738,603,0.81,78.33,72.35,24.61,176.10,0.887781938,-0.244204759,-0.358357252,-0.154231468,-1.0591375,-0.9875256,0.8461165
seq-02/frame-000432,1,0.02251284,1.379804,1620,959,783,0.83,84.46,108.67,15.08,209.05,0.884172820,-0.244641929,-0.365481623,-0.157518046,-1.0537095,-0.9969769,0.8445457
seq-02/frame-000433,1,0.01322703,1.104287,1922,1204,989,0.88,96.70,103.63,10.73,211.94,0.882977098,-0.240059222,-0.370319402,-0.159957979,-1.0561439,-0.9839613,0.8418733
seq-02/frame-000434,1,0.01496432,1.268126,1797,1167,942,0.86,97.20,86.81,11.52,196.40,0.879178892,-0.240437030,-0.375490319,-0.168052169,-1.0545214,-0.9892025,0.8435157
seq-02/frame-000435,1,0.01508512,1.270989,1797,1167,942,0.86,95.79,106.55,13.99,217.19,0.879178892,-0.240437030,-0.375490319,-0.168052169,-1.0545214,-0.9892025,0.8435157
seq-02/frame-000436,1,0.02265329,1.608094,2042,1249,1041,1.49,98.46,128.03,25.98,253.96,0.874811199,-0.242959709,-0.378767659,-0.179474250,-1.0567979,-1.0066474,0.8427462
seq-02/frame-000437,1,0.02568104,1.624399,2028,1224,1001,1.58,103.43,108.92,31.63,245.56,0.871940428,-0.244069895,-0.381601840,-0.185821988,-1.0529654,-1.0097254,0.8413967
seq-02/frame-000438,1,0.01164653,1.087134,1740,1144,952,1.30,97.68,99.48,15.28,213.74,0.870898397,-0.242281366,-0.382897317,-0.190329624,-1.0625386,-0.9972292,0.8404371
seq-02/frame-000439,1,0.02221448,1.600676,1472,910,755,1.81,80.20,98.77,14.71,195.50,0.864605120,-0.246162470,-0.389335319,-0.200698864,-1.0618579,-1.0177793,0.8444153
seq-02/frame-000440,1,0.01671084,1.236535,1289,832,696,0.80,87.99,82.15,12.16,183.10,0.862142629,-0.246780253,-0.392486786,-0.204361732,-1.0697920,-1.0184079,0.8399891
seq-02/frame-000441,1,0.01225175,0.949448,1409,912,729,2.47,70.93,81.11,10.92,165.44,0.860144355,-0.242368111,-0.400009716,-0.203473869,-1.0684325,-1.0065428,0.8398798
seq-02/frame-000442,1,0.01298539,0.456563,1409,912,729,0.81,87.13,69.58,19.65,177.17,0.860144355,-0.242368111,-0.400009716,-0.203473869,-1.0684325,-1.0065428,0.8398798
seq-02/frame-000443,1,0.01581126,0.842557,1816,1252,986,0.84,77.47,140.25,18.06,236.61,0.858309209,-0.240754278,-0.403711664,-0.205814410,-1.0782143,-0.9988738,0.8364890
seq-02/frame-000444,1,0.01242048,1.081919,1916,1222,1028,0.85,77.90,121.27,15.33,215.36,0.851851399,-0.245812907,-0.408288258,-0.217315226,-1.0773968,-1.0264767,0.8385359
seq-02/frame-000445,1,0.00935497,0.809326,1937,1344,1096,0.84,102.22,125.86,10.90,239.81,0.850764853,-0.243026479,-0.409761610,-0.221884472,-1.0808651,-1.0171785,0.8353956
seq-02/frame-000446,1,0.01462626,0.950669,2242,1450,1239,0.89,143.51,124.94,15.19,284.53,0.845754576,-0.247460688,-0.410909275,-0.233700606,-1.0819273,-1.0368728,0.8371151
seq-02/frame-000447,1,0.01090888,0.708795,2296,1538,1304,0.90,127.25,137.78,14.77,280.70,0.845009600,-0.246266563,-0.411096964,-0.237299055,-1.0873834,-1.0356950,0.8383112
seq-02/frame-000448,1,0.01356106,0.531695,2268,1523,1222,0.88,119.19,132.64,23.54,276.26,0.845204149,-0.245753650,-0.409599443,-0.239715219,-1.0897335,-1.0340876,0.8352684
seq-02/frame-000449,1,0.01396334,0.490412,2276,1522,1285,0.89,136.78,116.46,21.22,275.35,0.843274712,-0.246352995,-0.411019476,-0.243435725,-1.0904606,-1.0387052,0.8361538
seq-02/frame-000450,1,0.01464119,0.482014,2276,1522,1285,1.20,122.35,136.54,44.33,304.42,0.843274712,-0.246352995,-0.411019476,-0.243435725,-1.0904606,-1.0387052,0.8361538
seq-02/frame-000451,1,0.01563003,0.595894,1676,1226,1042,0.88,119.53,102.59,7.70,230.70,0.842008144,-0.246952334,-0.412578106,-0.244573377,-1.0934078,-1.0406781,0.8334687
seq-02/frame-000452,1,0.01380841,0.571685,1797,1281,1029,0.84,104.49,100.84,13.68,219.86,0.839002906,-0.249664647,-0.416572809,-0.245374778,-1.0931572,-1.0434241,0.8353056
seq-02/frame-000453,1,0.01848801,0.680267,2259,1548,1312,0.87,96.75,130.13,19.15,246.90,0.834615914,-0.255143558,-0.417717184,-0.252646780,-1.0972809,-1.0631141,0.8329939
seq-02/frame-000454,1,0.01948447,0.926551,2267,1506,1299,0.89,100.95,116.69,13.72,232.25,0.830132173,-0.259183296,-0.420067812,-0.259321475,-1.0930015,-1.0814647,0.8388602
seq-02/frame-000455,1,0.01624413,0.780900,2251,1507,1330,0.91,104.15,115.97,25.52,246.56,0.830048304,-0.259097905,-0.418972322,-0.261438870,-1.0940064,-1.0869241,0.8402295
seq-02/frame-000456,1,0.01293782,0.613507,2376,1639,1335,0.91,97.03,155.56,17.69,271.19,0.833336608,-0.253681746,-0.418135435,-0.257601295,-1.0921926,-1.0732849,0.8364510
seq-02/frame-000457,1,0.02183905,0.829243,1225,883,745,0.99,94.61,72.11,16.51,184.23,0.833667134,-0.254163761,-0.417661405,-0.256824538,-1.0962752,-1.0764264,0.8290188
seq-02/frame-000458,1,0.02331336,1.110412,2059,1353,1164,0.83,83.56,127.61,21.62,233.64,0.826600431,-0.260141828,-0.427193086,-0.258000048,-1.0799153,-1.1022869,0.8379904
seq-02/frame-000459,1,0.01573151,0.745181,2059,1353,1164,0.85,92.66,126.72,22.36,242.59,0.826600431,-0.260141828,-0.427193086,-0.258000048,-1.0799153,-1.1022869,0.8379904
seq-02/frame-000460,1,0.01123984,0.632141,1245,961,838,1.72,89.17,62.71,6.88,160.48,0.828417065,-0.258930834,-0.424744545,-0.257433605,-1.0913531,-1.1005123,0.8355288
seq-02/frame-000461,1,0.00937005,0.532753,1054,819,731,0.81,68.91,54.59,8.90,133.21,0.830183671,-0.256028646,-0.422549178,-0.258256842,-1.0887751,-1.1078005,0.8365327
seq-02/frame-000462,1,0.02010374,0.990732,1058,795,697,0.79,71.84,55.68,12.14,140.45,0.829676416,-0.256244125,-0.419935310,-0.263875592,-1.0844992,-1.1293926,0.8397621
seq-02/frame-000463,1,0.03955856,1.589958,1352,943,809,0.82,65.37,94.07,18.25,178.51,0.830200258,-0.258937102,-0.414704624,-0.267841715,-1.0790090,-1.1528486,0.8368941
seq-02/frame-000464,1,0.01520976,0.821010,2168,1529,1313,1.87,86.94,148.40,10.74,247.94,0.834823135,-0.254042687,-0.411454543,-0.263130776,-1.0749160,-1.1336348,0.8319571
seq-02/frame-000465,1,0.02173232,1.062364,2309,1500,1262,0.90,102.35,137.47,15.03,255.74,0.834939466,-0.254538081,-0.410901599,-0.263146972,-1.0709535,-1.1463894,0.8308356
seq-02/frame-000466,1,0.03400503,1.366721,2204,1446,1248,0.89,127.57,118.44,12.29,259.20,0.835021849,-0.257293453,-0.409182425,-0.262884640,-1.0681295,-1.1606480,0.8246425
seq-02/frame-000467,1,0.02751188,1.124331,1981,1399,1193,0.86,139.54,105.82,11.22,257.44,0.835536868,-0.257900101,-0.408419969,-0.261837370,-1.0648810,-1.1580151,0.8244274
seq-02/frame-000468,1,0.02126515,0.924905,1158,857,735,1.16,86.65,73.73,9.43,170.98,0.836288872,-0.258842464,-0.406019384,-0.262239892,-1.0629134,-1.1602172,0.8256941
seq-02/frame-000469,1,0.01655788,0.601397,704,521,420,0.77,52.88,47.79,6.61,108.03,0.838139914,-0.258696242,-0.402116872,-0.262487638,-1.0567173,-1.1667839,0.8292770
seq-02/frame-000470,1,0.01479568,1.029434,740,481,378,3.00,70.96,39.88,13.29,127.13,0.840819101,-0.257025252,-0.395959856,-0.264909517,-1.0516120,-1.1774232,0.8350478
seq-02/frame-000471,1,0.01489971,0.993996,740,481,378,0.87,79.61,43.93,9.86,134.26,0.840819101,-0.257025252,-0.395959856,-0.264909517,-1.0516120,-1.1774232,0.8350478
seq-02/frame-000472,1,0.02908685,1.271393,1069,761,650,1.22,80.01,57.26,11.22,149.71,0.844369859,-0.257224566,-0.388135543,-0.265001632,-1.0469840,-1.1925200,0.8315987
seq-02/frame-000473,1,0.02811157,1.425727,1558,1075,932,0.82,97.64,98.62,20.60,217.69,0.845537509,-0.256767083,-0.385735367,-0.265226719,-1.0365773,-1.1961377,0.8339524
seq-02/frame-000474,1,0.02484570,1.284094,1866,1206,1015,2.48,91.06,113.39,8.26,215.18,0.846389198,-0.254882810,-0.383914184,-0.266964376,-1.0350225,-1.1997974,0.8328081
seq-02/frame-000475,1,0.02591658,1.365381,2342,1503,1215,0.91,110.70,123.00,14.02,248.63,0.846260005,-0.250914625,-0.386489309,-0.267417031,-1.0253219,-1.2014699,0.8306657
seq-02/frame-000476,1,0.01813476,0.944043,2216,1432,1202,0.86,109.43,108.49,17.52,236.31,0.848186545,-0.247584648,-0.386084226,-0.264991314,-1.0277183,-1.1910058,0.8244964
seq-02/frame-000477,1,0.01726233,0.761418,955,722,621,0.78,67.78,40.71,7.98,117.25,0.850042413,-0.244207777,-0.385530741,-0.262976245,-1.0269144,-1.1886606,0.8253411
seq-02/frame-000478,1,0.01373001,0.706780,742,545,456,0.75,72.13,28.80,7.50,109.18,0.851341630,-0.239639333,-0.383907154,-0.265340754,-1.0217374,-1.2015431,0.8291153
seq-02/frame-000479,1,0.03192699,1.404325,1051,768,624,0.79,66.93,60.44,7.63,135.80,0.851053101,-0.237340395,-0.381500036,-0.271727581,-1.0126472,-1.2276767,0.8344816
seq-02/frame-000480,1,0.02084539,0.851554,1649,1172,990,0.84,83.34,77.48,8.27,169.94,0.855623066,-0.231311293,-0.378058422,-0.267350115,-1.0012618,-1.2100920,0.8292844
seq-02/frame-000481,1,0.02685841,1.025844,2157,1398,1190,0.87,100.11,105.09,25.39,231.45,0.855964491,-0.230704804,-0.377788149,-0.267163241,-0.9925648,-1.2191063,0.8311354
seq-02/frame-000482,1,0.02845730,0.856203,2000,1440,1232,0.86,90.20,107.62,18.59,217.27,0.859560398,-0.226458161,-0.375073957,-0.263044009,-0.9914778,-1.2054031,0.8241207
seq-02/frame-000483,1,0.02342472,0.571942,1214,895,746,0.80,76.36,66.25,11.60,155.01,0.861013550,-0.224254859,-0.374361372,-0.261187649,-0.9827554,-1.1976541,0.8301589
seq-02/frame-000484,1,0.02201996,0.587173,1684,1132,944,0.82,79.08,88.12,12.86,180.88,0.861266361,-0.224724551,-0.372388526,-0.262765897,-0.9749439,-1.2024091,0.8361310
seq-02/frame-000485,1,0.02110165,0.611007,1577,1143,983,0.83,77.30,87.79,17.96,183.89,0.861377603,-0.223462522,-0.372894586,-0.262759880,-0.9656215,-1.2098356,0.8424467
seq-02/frame-000486,1,0.02417014,0.761639,1577,1143,983,0.82,73.02,79.62,17.93,171.38,0.861377603,-0.223462522,-0.372894586,-0.262759880,-0.9656215,-1.2098356,0.8424467
seq-02/frame-000487,1,0.03341862,0.785707,952,735,602,0.78,58.61,41.88,8.90,110.17,0.865300393,-0.218490925,-0.367586448,-0.261528486,-0.9732920,-1.1925830,0.8393186
seq-02/frame-000488,1,0.03631949,0.949922,1012,658,526,0.76,63.82,48.28,15.80,128.66,0.862260029,-0.219220461,-0.369799106,-0.267766043,-0.9386903,-1.2141815,0.8495200
seq-02/frame-000489,1,0.04597138,1.229191,2145,1328,1108,0.86,89.18,110.48,10.54,211.07,0.860471558,-0.220662919,-0.371625548,-0.269798122,-0.9194211,-1.2227092,0.8636043
seq-02/frame-000490,1,0.03616986,0.878217,2268,1474,1242,0.90,92.80,117.43,24.21,235.34,0.861553742,-0.217737170,-0.372813532,-0.267068803,-0.9085666,-1.2060387,0.8666944
seq-02/frame-000491,1,0.02855926,0.666471,1503,1074,894,0.85,82.18,73.14,13.64,169.81,0.865373084,-0.213839018,-0.368714359,-0.263537513,-0.9307361,-1.1746586,0.8570399
seq-02/frame-000492,1,0.03273647,1.097553,1870,1157,970,0.84,85.20,105.46,22.91,214.42,0.858295592,-0.220222051,-0.380539385,-0.264614250,-0.9023023,-1.1984036,0.8780585
seq-02/frame-000493,1,0.03502981,1.119063,2252,1460,1247,0.88,102.63,116.31,20.05,239.88,0.856328592,-0.221723179,-0.382628014,-0.266713286,-0.9007110,-1.2015091,0.8830420
seq-02/frame-000494,1,0.04367990,1.285361,1090,698,560,0.76,76.42,60.88,12.98,151.04,0.855960261,-0.222212432,-0.381501468,-0.269091613,-0.8912879,-1.2018711,0.8839120
seq-02/frame-000495,1,0.06039974,1.910242,1275,908,742,0.77,70.71,56.67,21.27,149.42,0.855218987,-0.227565200,-0.374745579,-0.276369888,-0.8976306,-1.2160917,0.8872040
seq-02/frame-000496,1,0.04689725,1.366601,1848,1236,1046,0.80,96.70,120.60,27.19,245.29,0.856583068,-0.224892450,-0.374839839,-0.274196878,-0.8825116,-1.1972422,0.8979129
seq-02/frame-000497,1,0.05905339,1.702606,1343,715,564,0.76,78.32,65.28,17.36,161.72,0.854041954,-0.227230513,-0.379888313,-0.273246235,-0.8542112,-1.1991446,0.9172575
seq-02/frame-000498,1,0.05849936,1.673083,1874,1243,1034,0.79,80.90,120.21,20.20,222.10,0.851932387,-0.234386329,-0.383229888,-0.269089407,-0.8399865,-1.1934319,0.9406975
seq-02/frame-000499,1,0.04741124,1.536502,2563,1461,1201,0.90,135.04,136.24,15.03,287.21,0.851034595,-0.235544805,-0.384484313,-0.269129294,-0.8406706,-1.1832212,0.9522447
seq-02/frame-000500,1,0.04741997,1.525844,2563,1461,1201,0.91,121.04,141.96,16.90,280.82,0.851034595,-0.235544805,-0.384484313,-0.269129294,-0.8406706,-1.1832212,0.9522447
seq-02/frame-000501,1,0.03182161,1.159384,2616,1672,1417,0.92,148.94,154.47,18.06,322.39,0.852371526,-0.232083426,-0.384579248,-0.267766442,-0.8453321,-1.1645725,0.9533113
seq-02/frame-000502,1,0.03359765,1.156446,2653,1503,1213,1.20,153.81,150.74,15.66,321.40,0.850634908,-0.231754824,-0.391354349,-0.263726618,-0.8292696,-1.1608730,0.9725071
seq-02/frame-000503,1,0.03798949,1.195593,1102,623,472,0.77,89.08,71.41,11.93,173.20,0.852327525,-0.232944406,-0.385146413,-0.266339885,-0.8561233,-1.1550087,0.9767724
seq-02/frame-000504,1,0.02741707,0.576179,712,366,262,0.75,64.31,44.28,11.61,120.97,0.855680447,-0.227416717,-0.381261159,-0.265955896,-0.8519630,-1.1359418,0.9954556
seq-02/frame-000505,1,0.06100456,2.171121,1274,723,550,0.79,83.44,75.85,13.50,173.58,0.853335849,-0.227965161,-0.374649322,-0.281935628,-0.8361526,-1.1781417,1.0001115
seq-02/frame-000506,1,0.04419423,1.315116,2530,1329,1070,0.94,105.84,138.16,11.01,255.95,0.854076797,-0.222329452,-0.382415407,-0.273643740,-0.7924185,-1.1538300,1.0221009
seq-02/frame-000507,1,0.01859018,0.780958,2106,1431,1218,0.88,115.98,119.09,12.58,248.53,0.858022381,-0.218944887,-0.377866066,-0.270329364,-0.8160958,-1.1221094,1.0236422
seq-02/frame-000508,1,0.02483166,0.688121,1315,775,621,1.10,96.29,77.80,9.58,184.77,0.858956860,-0.216791295,-0.382597510,-0.262323831,-0.8206341,-1.1109986,1.0358317
seq-02/frame-000509,1,0.03194149,1.087309,1789,1132,923,0.84,99.38,99.35,18.88,218.45,0.856817125,-0.213699887,-0.390366105,-0.260405601,-0.8116617,-1.1208456,1.0398450
seq-02/frame-000510,1,0.03262135,1.314004,2206,1568,1325,0.90,96.19,114.51,23.18,234.80,0.851809107,-0.214225134,-0.401089421,-0.260107889,-0.7867296,-1.1339033,1.0625186
seq-02/frame-000511,1,0.03317929,0.915906,753,341,245,1.03,60.70,40.89,17.26,119.87,0.854730977,-0.211421688,-0.396356560,-0.260071729,-0.8075422,-1.1151131,1.0772767
seq-02/frame-000512,1,0.04244851,1.499845,777,341,219,0.79,66.17,35.54,12.76,115.26,0.858328366,-0.204475362,-0.385837280,-0.269428722,-0.7978794,-1.1208680,1.0670220
seq-02/frame-000513,1,0.01465490,0.659244,1777,876,665,0.81,96.03,81.81,12.11,190.77,0.859102247,-0.198711989,-0.390397223,-0.264663717,-0.7711056,-1.1151526,1.0958263
seq-02/frame-000514,1,0.03812937,1.560246,1467,793,614,0.80,78.91,82.37,15.10,177.18,0.862057065,-0.195326609,-0.387222823,-0.262228179,-0.7864627,-1.1067077,1.0890338
seq-02/frame-000515,1,0.01144537,0.432089,2033,1343,1124,1.27,93.10,121.16,16.32,231.85,0.860260087,-0.195595886,-0.398203780,-0.251254019,-0.7650776,-1.1053526,1.1077233
seq-02/frame-000516,1,0.02479472,0.968681,2033,1343,1124,0.84,94.46,93.94,12.44,201.69,0.860260087,-0.195595886,-0.398203780,-0.251254019,-0.7650776,-1.1053526,1.1077233
seq-02/frame-000517,1,0.01967758,0.624259,2107,1326,1100,0.85,94.01,97.60,11.09,203.55,0.855745110,-0.196367649,-0.410642937,-0.245992746,-0.7378356,-1.1130919,1.1374123
seq-02/frame-000518,1,0.01643038,0.602932,2292,1319,1050,1.02,100.91,112.74,16.61,231.28,0.854354984,-0.188830335,-0.415948455,-0.247805467,-0.7281329,-1.1027785,1.1466354
seq-02/frame-000519,1,0.02178223,0.815062,2445,1455,1141,3.05,100.95,127.68,13.01,244.69,0.852669991,-0.185113105,-0.418053789,-0.252820203,-0.7255812,-1.1063471,1.1508581
seq-02/frame-000520,1,0.01993214,0.602586,2220,1279,1038,0.88,95.03,137.76,8.66,242.34,0.851919736,-0.182178334,-0.420566216,-0.253313789,-0.7189814,-1.0980173,1.1541762
seq-02/frame-000521,1,0.01128825,0.443736,1701,1082,886,0.83,93.85,100.12,15.20,210.00,0.851239850,-0.176639930,-0.425996968,-0.250430900,-0.7148877,-1.0802786,1.1681121
seq-02/frame-000522,1,0.02386870,0.950508,1620,1155,969,0.83,78.97,90.57,17.39,187.77,0.849879120,-0.170335569,-0.427873143,-0.256155908,-0.7278959,-1.0775193,1.1599503
seq-02/frame-000523,1,0.02755481,0.961365,1924,1294,1067,0.85,88.83,114.14,14.43,218.26,0.844063265,-0.168039660,-0.438096499,-0.259598409,-0.7123107,-1.0790606,1.1670520
seq-02/frame-000524,1,0.02441564,0.693633,2381,1419,1126,0.94,93.89,119.07,24.88,238.78,0.838569100,-0.166787112,-0.450111145,-0.257650696,-0.6862054,-1.0769440,1.1896035
seq-02/frame-000525,1,0.02116046,0.848808,2213,1243,988,1.01,83.54,117.79,15.59,217.94,0.837947145,-0.162261818,-0.451448367,-0.260211563,-0.6858810,-1.0695862,1.1930735
seq-02/frame-000526,1,0.02090848,0.800345,2089,1171,938,0.91,103.60,102.61,17.70,224.82,0.835440482,-0.158598960,-0.455721369,-0.263065780,-0.6785425,-1.0647210,1.2017496
seq-02/frame-000527,1,0.02009058,0.793725,2127,1475,1248,0.89,88.05,103.43,11.55,203.92,0.834576554,-0.151932367,-0.459352501,-0.263427050,-0.6711513,-1.0468793,1.2039710
seq-02/frame-000528,1,0.02163161,0.884494,1882,1243,1044,1.64,95.99,98.03,15.63,211.30,0.832556932,-0.146968663,-0.465046081,-0.262642932,-0.6642863,-1.0355177,1.2097555
seq-02/frame-000529,1,0.01764330,0.850336,2153,1384,1110,1.71,84.16,122.41,20.56,228.85,0.827209588,-0.143317650,-0.475044980,-0.263660039,-0.6469910,-1.0364159,1.2239883
seq-02/frame-000530,1,0.02151515,0.802778,2205,1391,1167,0.90,96.16,107.62,12.10,216.79,0.824617733,-0.138729578,-0.480615804,-0.264136608,-0.6324472,-1.0311773,1.2288726
seq-02/frame-000531,1,0.02525046,0.873483,1779,1334,1125,0.83,80.85,92.11,25.50,199.29,0.824470633,-0.133595002,-0.483095216,-0.262715745,-0.6303019,-1.0143971,1.2269422
seq-02/frame-000532,1,0.02585108,0.910261,1352,978,801,0.80,76.22,67.13,15.47,159.63,0.821337033,-0.128870291,-0.490406052,-0.261342360,-0.6230395,-1.0063252,1.2328288
seq-02/frame-000533,1,0.02860715,0.876268,1013,771,639,0.79,54.14,46.29,10.26,111.48,0.816524929,-0.124159833,-0.499884394,-0.260743108,-0.6063588,-1.0052266,1.2321061
seq-02/frame-000534,1,0.02622639,0.858907,853,627,528,0.78,50.40,48.70,13.29,113.17,0.811026956,-0.123042126,-0.510491513,-0.257864938,-0.5972812,-1.0009059,1.2398339
seq-02/frame-000535,1,0.04106465,1.364898,651,429,335,0.77,58.20,27.18,16.81,102.96,0.807764138,-0.120584511,-0.518703652,-0.252829971,-0.5996373,-0.9823179,1.2358144
seq-02/frame-000536,1,0.05613460,1.927981,632,372,255,0.75,52.09,27.24,12.97,93.05,0.800966090,-0.116654312,-0.532112105,-0.248398474,-0.5791691,-0.9646954,1.2257227
seq-02/frame-000537,1,0.03263134,1.239110,729,471,341,0.78,59.50,38.09,15.72,114.10,0.787075381,-0.122711441,-0.551371061,-0.247879407,-0.5554397,-0.9793999,1.2443660
seq-02/frame-000538,1,0.02809258,1.060286,701,447,327,0.78,57.58,41.96,14.22,114.54,0.778520736,-0.126044980,-0.564727403,-0.243107153,-0.5460125,-0.9707085,1.2506838
seq-02/frame-000539,1,0.02648801,0.898357,994,633,490,0.80,73.19,43.28,15.05,132.33,0.766348623,-0.125864612,-0.582844720,-0.239081406,-0.5126475,-0.9622808,1.2711760
seq-02/frame-000540,1,0.01624304,0.517142,1542,1203,1059,0.86,92.85,72.56,13.53,179.80,0.756864874,-0.132110121,-0.591053012,-0.245680311,-0.5125785,-0.9865923,1.2756193
seq-02/frame-000541,1,0.02041113,0.719297,1541,1158,992,1.08,87.94,74.81,13.34,177.17,0.752670735,-0.133538376,-0.595759803,-0.246423463,-0.5059358,-0.9854116,1.2737753
seq-02/frame-000542,1,0.02357365,0.838137,1547,1141,978,0.82,93.38,86.05,12.43,192.68,0.749223242,-0.133431777,-0.601835233,-0.242187628,-0.4884895,-0.9697180,1.2750199
seq-02/frame-000543,1,0.01719946,0.523544,2615,2129,1914,0.92,126.78,144.11,19.71,291.53,0.743606149,-0.139007574,-0.608131031,-0.240631335,-0.4806278,-0.9766362,1.2823700
seq-02/frame-000544,1,0.01902337,0.776033,2311,1827,1652,0.90,115.85,108.82,15.57,241.14,0.741170379,-0.138528705,-0.609704527,-0.244410837,-0.4647916,-0.9851678,1.2897860
seq-02/frame-000545,1,0.01658464,0.858492,2086,1661,1482,0.96,98.38,117.00,12.55,228.90,0.743283200,-0.135986191,-0.606685719,-0.246921605,-0.4563816,-0.9825962,1.2912242
seq-02/frame-000546,1,0.02266996,0.979941,2456,2033,1855,0.94,97.36,135.36,11.92,245.58,0.747485579,-0.134992608,-0.601746089,-0.246868283,-0.4501743,-0.9822568,1.2811603
seq-02/frame-000547,1,0.01909791,0.655448,2819,2346,2105,1.03,106.98,174.34,23.36,305.72,0.749065124,-0.134487221,-0.601753146,-0.242296883,-0.4362961,-0.9753503,1.2848384
seq-02/frame-000548,1,0.01856299,0.662715,2674,2196,1955,1.07,86.69,160.65,12.32,260.74,0.749730890,-0.133176190,-0.601801636,-0.240837052,-0.4271948,-0.9724100,1.2835326
seq-02/frame-000549,1,0.01945584,0.713561,2683,2154,1936,1.01,98.21,155.25,21.49,275.96,0.750041145,-0.132113117,-0.602164209,-0.239546801,-0.4197623,-0.9774273,1.2839363
seq-02/frame-000550,1,0.02407459,0.830073,2887,2349,2138,1.03,91.60,150.38,28.44,271.45,0.750553360,-0.131807741,-0.601678110,-0.239332039,-0.4065633,-0.9852725,1.2824561
seq-02/frame-000551,1,0.02545830,0.954690,2810,2311,2104,1.01,102.78,167.03,21.79,292.61,0.751263878,-0.129745523,-0.600979330,-0.239984436,-0.3969753,-0.9846076,1.2805893
seq-02/frame-000552,1,0.02018951,0.984024,2365,1900,1744,0.90,87.29,157.73,26.25,272.18,0.753829365,-0.125471101,-0.599649648,-0.237525980,-0.3833898,-0.9782381,1.2817974
seq-02/frame-000553,1,0.02052877,0.899805,2562,2115,1922,0.94,109.56,174.96,21.95,307.42,0.756506587,-0.122736196,-0.597758873,-0.235197662,-0.3682856,-0.9791140,1.2805444
seq-02/frame-000554,1,0.02903704,1.004342,2765,2338,2123,1.00,106.37,177.38,28.13,312.89,0.759516045,-0.121993996,-0.594566612,-0.233973047,-0.3620629,-0.9808285,1.2701856
seq-02/frame-000555,1,0.03292729,1.153615,2572,2196,1980,0.95,94.27,171.60,28.18,295.01,0.763066556,-0.121656299,-0.591808372,-0.229547437,-0.3537383,-0.9767809,1.2643859
seq-02/frame-000556,1,0.02977009,1.092436,2617,2193,1982,1.67,101.70,167.58,28.79,299.74,0.766304635,-0.119539789,-0.590303163,-0.223673022,-0.3363874,-0.9721563,1.2644047
seq-02/frame-000557,1,0.03261214,1.110951,2660,2198,1972,0.94,92.81,156.26,17.81,267.82,0.768805866,-0.118209454,-0.588342543,-0.220945960,-0.3303137,-0.9732382,1.2597850
seq-02/frame-000558,1,0.04071110,1.372117,2263,1747,1546,0.87,122.79,133.19,28.75,285.60,0.773535589,-0.113127583,-0.585545935,-0.214431343,-0.3132784,-0.9637095,1.2494527
seq-02/frame-000559,1,0.03451106,1.146632,2254,1907,1757,0.88,111.24,153.89,18.95,284.98,0.776490686,-0.112124432,-0.583900183,-0.208688530,-0.2917054,-0.9675610,1.2523465
seq-02/frame-000560,1,0.02823605,0.841530,2218,1885,1728,0.89,133.31,133.90,17.30,285.41,0.778971706,-0.110744287,-0.582480396,-0.204096479,-0.2708817,-0.9599807,1.2570656
seq-02/frame-000561,1,0.03673402,1.186328,1908,1550,1399,0.88,104.44,107.21,27.51,240.04,0.785011759,-0.109546052,-0.575488478,-0.201418007,-0.2549477,-0.9582411,1.2434352
seq-02/frame-000562,1,0.04311275,1.290625,1962,1672,1505,3.00,115.88,115.82,15.91,250.61,0.791699933,-0.110459343,-0.568454733,-0.194600015,-0.2486318,-0.9543028,1.2318463
seq-02/frame-000563,1,0.03608147,1.024788,1712,1275,1076,0.84,94.99,119.61,15.54,230.99,0.795538690,-0.111318862,-0.565693864,-0.186324328,-0.2254100,-0.9491662,1.2342237
seq-02/frame-000564,1,0.04476536,1.458620,1250,685,509,0.79,92.19,78.09,21.25,192.33,0.801079676,-0.107818602,-0.560720424,-0.179552520,-0.1822381,-0.9278144,1.2344738
seq-02/frame-000565,1,0.03554966,1.166931,1066,536,360,0.78,78.54,66.96,12.52,158.80,0.809134743,-0.115664909,-0.547045064,-0.180732661,-0.1689952,-0.9460903,1.2328782
seq-02/frame-000566,1,0.03754498,1.702582,1062,488,329,0.79,86.23,71.39,34.31,192.73,0.824950309,-0.111170947,-0.525919493,-0.174661662,-0.1659804,-0.9204508,1.2033375
seq-02/frame-000567,1,0.03602415,1.014160,1264,585,400,0.81,83.56,87.42,19.85,191.64,0.834803532,-0.115189698,-0.510464628,-0.171056306,-0.1355807,-0.9258126,1.1906279
seq-02/frame-000568,1,0.03764224,1.029052,1353,724,546,0.79,89.67,87.38,23.77,201.61,0.840774068,-0.119137630,-0.501042675,-0.166917436,-0.1160167,-0.9091504,1.1766008
seq-02/frame-000569,1,0.02988104,1.018755,1871,1260,1038,1.12,95.65,118.24,24.98,240.00,0.844981268,-0.128069852,-0.492807448,-0.163540790,-0.1084172,-0.8926053,1.1682271
seq-02/frame-000570,1,0.02426984,0.713364,1673,1112,898,1.30,101.26,102.34,38.47,243.37,0.847791613,-0.137392694,-0.486172659,-0.161272363,-0.1031558,-0.9028084,1.1525181
seq-02/frame-000571,1,0.04082681,0.874265,1439,874,654,2.00,95.61,94.90,26.09,218.61,0.850521455,-0.140002080,-0.481626408,-0.158267736,-0.0705195,-0.8819106,1.1361910
seq-02/frame-000572,1,0.02578281,0.782304,1871,1266,1019,0.84,119.38,130.92,28.19,279.33,0.851647778,-0.147836194,-0.475065815,-0.164781654,-0.0710943,-0.8826143,1.1369802
seq-02/frame-000573,1,0.01511391,0.497260,2151,1640,1400,1.28,121.46,165.33,50.34,338.41,0.854233932,-0.154523900,-0.467026389,-0.168205544,-0.0702568,-0.8987475,1.1383060
seq-02/frame-000574,1,0.01290109,0.835916,2753,2127,1895,0.94,133.45,254.80,28.38,417.57,0.857724507,-0.154161410,-0.460789104,-0.167977172,-0.0598679,-0.8874955,1.1254949
seq-02/frame-000575,1,0.02068221,0.655687,3083,2333,2067,3.74,169.16,275.16,29.51,477.57,0.857766439,-0.164372413,-0.458359789,-0.164695933,-0.0609224,-0.9143842,1.1307396
seq-02/frame-000576,1,0.01214767,0.537297,2765,1978,1715,4.16,136.50,266.15,21.02,427.83,0.860505817,-0.159312282,-0.457843659,-0.156615834,-0.0478039,-0.9030290,1.1240357
seq-02/frame-000577,1,0.01555664,0.722188,2333,1729,1524,2.06,147.99,176.27,52.33,378.64,0.865078793,-0.153457843,-0.452605455,-0.152439083,-0.0385547,-0.8858196,1.1131467
seq-02/frame-000578,1,0.02571083,0.964805,1963,1407,1190,0.85,119.24,189.13,34.71,343.94,0.865638462,-0.148640042,-0.453763089,-0.150583035,-0.0204375,-0.8784348,1.1365214
seq-02/frame-000579,1,0.03103479,1.067086,1954,1320,1076,0.96,126.84,137.18,25.20,290.18,0.872853426,-0.146349951,-0.441227322,-0.148415090,-0.0261473,-0.8996965,1.0907043
seq-02/frame-000580,1,0.02353326,0.861871,1977,1296,1061,0.97,152.71,121.04,26.29,301.00,0.875775875,-0.143217163,-0.439020981,-0.140591750,-0.0068518,-0.9045977,1.0900462
seq-02/frame-000581,1,0.00509795,0.439588,1622,990,773,1.90,160.65,126.07,28.47,317.09,0.877620125,-0.141423323,-0.439977040,-0.127289289,0.0196750,-0.9110913,1.1022521
seq-02/frame-000582,1,0.00389532,0.427976,2046,1374,1147,1.22,169.43,125.61,37.79,334.06,0.881942234,-0.136368274,-0.436374385,-0.114712625,0.0341307,-0.9056003,1.0933572
seq-02/frame-000583,1,0.01011198,0.448600,2382,1900,1726,0.98,170.46,154.19,32.64,358.28,0.884864577,-0.131057351,-0.433599866,-0.108764919,0.0563699,-0.8926913,1.0813106
seq-02/frame-000584,1,0.01583562,0.606860,2078,1583,1396,0.99,123.15,143.79,17.17,285.10,0.887776130,-0.131355998,-0.427631920,-0.108305516,0.0583773,-0.8971376,1.0638242
seq-02/frame-000585,1,0.01539742,0.830911,1394,850,676,1.31,100.16,99.96,13.40,214.83,0.890005205,-0.127350595,-0.424631430,-0.106586627,0.0707834,-0.8955757,1.0680429
seq-02/frame-000586,1,0.01065992,0.445525,2167,1683,1506,0.87,128.53,129.22,30.63,289.25,0.893849759,-0.128331214,-0.417263777,-0.102247975,0.0856063,-0.9100014,1.0552488
seq-02/frame-000587,1,0.01888919,0.683006,2002,1504,1365,0.85,117.60,139.17,19.08,276.70,0.895815670,-0.125308382,-0.414153506,-0.101434554,0.0935477,-0.9106812,1.0441160
seq-02/frame-000588,1,0.01638564,0.626614,1058,678,547,0.76,85.44,69.16,19.40,174.76,0.896972405,-0.122398574,-0.413481102,-0.097429317,0.1127071,-0.9160090,1.0573976
seq-02/frame-000589,1,0.01921929,0.648227,1165,795,683,1.39,94.68,74.95,17.45,188.47,0.901494684,-0.114200377,-0.407252409,-0.091711959,0.1319279,-0.9123862,1.0431951
seq-02/frame-000590,1,0.01769596,0.933763,1094,724,613,0.83,87.03,60.26,13.76,161.87,0.904560056,-0.106737249,-0.402014484,-0.093608860,0.1430037,-0.9111365,1.0325421
seq-02/frame-000591,1,0.02539914,0.918375,900,559,437,0.78,80.62,52.77,6.40,140.57,0.907972621,-0.102281143,-0.396487941,-0.089003368,0.1558103,-0.9071816,1.0293821
seq-02/frame-000592,1,0.01222447,0.402979,1327,945,818,0.80,81.59,79.71,14.41,176.52,0.911195950,-0.103819410,-0.389481828,-0.085131524,0.1607858,-0.9355840,1.0161064
seq-02/frame-000593,1,0.01350381,0.582827,1622,1219,1095,1.17,101.94,89.61,18.48,211.21,0.911892955,-0.100689595,-0.389047253,-0.083397118,0.1825721,-0.9508910,1.0035818
seq-02/frame-000594,1,0.01808328,0.683650,1505,1097,1005,1.08,87.27,89.58,13.02,190.95,0.914282595,-0.095784977,-0.385128413,-0.081170684,0.1825062,-0.9379561,0.9887945
seq-02/frame-000595,1,0.01367560,0.392311,1004,773,692,1.32,78.62,46.85,20.22,147.00,0.914751225,-0.094664105,-0.385363519,-0.075920099,0.1990097,-0.9437568,0.9970281
seq-02/frame-000596,1,0.00976107,0.519883,1300,1020,923,0.77,82.28,68.05,19.55,170.66,0.916671096,-0.090054321,-0.382396081,-0.073331840,0.2163961,-0.9469774,0.9805924
seq-02/frame-000597,1,0.01644759,0.694983,1352,1037,937,0.82,96.36,81.27,17.55,196.02,0.918506627,-0.086960247,-0.378528524,-0.074159609,0.2214780,-0.9437873,0.9678813
seq-02/frame-000598,1,0.00567062,0.625220,1508,1182,1078,1.78,96.52,81.87,20.87,201.04,0.918465431,-0.086034137,-0.379444022,-0.071004325,0.2442722,-0.9501222,0.9733003
seq-02/frame-000599,1,0.01115438,0.639921,1670,1315,1207,0.86,91.24,94.78,15.81,202.69,0.919365202,-0.086247928,-0.377713496,-0.068274701,0.2548334,-0.9553469,0.9656932
seq-02/frame-000600,1,0.01457612,0.660666,1393,1026,922,0.81,82.60,90.08,18.73,192.23,0.919853524,-0.086832846,-0.377071522,-0.064394247,0.2587027,-0.9571044,0.9651513
seq-02/frame-000601,1,0.01698740,0.573291,1277,963,865,0.90,85.22,79.00,11.74,176.86,0.919601897,-0.085985681,-0.378912515,-0.058001040,0.2778967,-0.9628361,0.9624014
seq-02/frame-000602,1,0.01234235,0.701030,1594,1244,1123,1.08,88.05,104.30,19.30,212.72,0.921444067,-0.082344704,-0.375843957,-0.053865572,0.2887127,-0.9516987,0.9432730
seq-02/frame-000603,1,0.01245189,0.886862,1528,1191,1082,0.86,91.36,93.09,16.90,202.21,0.922296394,-0.080658054,-0.374188502,-0.053353585,0.2981889,-0.9480922,0.9341273
seq-02/frame-000604,1,0.00757798,0.718524,1115,781,684,2.43,93.38,62.62,10.83,169.26,0.923057441,-0.079407260,-0.372769403,-0.051984812,0.3108964,-0.9426215,0.9318864
seq-02/frame-000605,1,0.01317278,0.840595,1291,1041,941,0.87,92.30,77.28,16.30,186.75,0.924481722,-0.080320954,-0.368941758,-0.052574410,0.3254009,-0.9403757,0.9188077
seq-02/frame-000606,1,0.01207478,0.577943,1060,753,679,0.82,80.11,70.33,9.13,160.40,0.924230181,-0.082716878,-0.369364582,-0.050262278,0.3480955,-0.9399980,0.9333528
seq-02/frame-000607,1,0.02070693,0.627006,836,614,539,0.79,75.26,50.17,7.21,133.43,0.926027113,-0.082555182,-0.365190645,-0.047898019,0.3663577,-0.9310179,0.9316039
seq-02/frame-000608,1,0.01615691,0.595414,809,595,528,0.76,78.76,48.82,13.15,141.49,0.928914293,-0.082917214,-0.357641554,-0.048326909,0.3774412,-0.9284583,0.9155278
seq-02/frame-000609,1,0.02106181,0.726492,877,630,566,0.76,79.67,52.22,11.39,144.05,0.931112366,-0.083461974,-0.351807345,-0.047910893,0.3895370,-0.9199002,0.9115624
seq-02/frame-000610,1,0.02218556,0.435218,835,605,541,2.45,80.28,49.70,11.54,143.97,0.933002328,-0.087712931,-0.346001203,-0.045784989,0.4019312,-0.9236579,0.9135557
seq-02/frame-000611,1,0.02055697,0.332370,961,691,609,1.16,79.78,48.09,8.56,137.59,0.935577425,-0.089874627,-0.338726273,-0.043381400,0.4133024,-0.9202084,0.9027335
seq-02/frame-000612,1,0.01238309,0.515208,1059,855,789,0.77,67.61,65.66,7.58,141.62,0.938517532,-0.092318511,-0.329845252,-0.043176896,0.4085880,-0.9222709,0.8791924
seq-02/frame-000613,1,0.01042839,0.414267,1000,814,737,0.78,64.87,56.22,10.04,131.92,0.939805073,-0.095276554,-0.325939487,-0.038108441,0.4231717,-0.9173421,0.8811135
seq-02/frame-000614,1,0.01378704,0.540691,741,550,483,0.72,72.29,32.57,9.35,114.93,0.941389008,-0.095690348,-0.321541024,-0.035234409,0.4334674,-0.9097182,0.8772267
seq-02/frame-000615,1,0.01818409,0.814693,641,492,424,0.76,66.88,27.75,5.94,101.34,0.943715134,-0.095051310,-0.315045731,-0.033364375,0.4418471,-0.8984941,0.8673446
seq-02/frame-000616,1,0.01120124,0.404308,654,444,383,0.93,68.67,33.39,15.82,118.82,0.945708975,-0.099461203,-0.308194124,-0.027538813,0.4563514,-0.8978281,0.8681652
seq-02/frame-000617,1,0.01423501,0.521873,805,601,547,0.95,74.39,42.92,9.82,128.08,0.948679401,-0.102921887,-0.298061299,-0.023957080,0.4578366,-0.9015096,0.8461169
seq-02/frame-000618,1,0.00822317,0.354546,844,678,613,0.73,71.87,34.02,13.69,120.31,0.949928104,-0.107785462,-0.292661678,-0.019184200,0.4665967,-0.9028085,0.8472040
seq-02/frame-000619,1,0.00956421,0.468075,774,559,497,0.73,65.64,52.23,8.74,127.34,0.952067954,-0.109052439,-0.285368422,-0.015460951,0.4732620,-0.8940864,0.8378116
seq-02/frame-000620,1,0.00715973,0.331588,675,486,420,0.78,63.48,38.01,10.10,112.37,0.953325535,-0.110574120,-0.280751387,-0.011065542,0.4923608,-0.8865909,0.8393847
seq-02/frame-000621,1,0.01262446,0.423148,661,458,397,0.75,64.51,30.03,6.34,101.63,0.955800981,-0.110718935,-0.272287953,-0.006713670,0.5034467,-0.8768632,0.8304852
seq-02/frame-000622,1,0.01316599,0.169421,715,594,524,0.74,67.45,46.32,10.21,124.72,0.958152106,-0.114825379,-0.262213002,-0.002003724,0.5130094,-0.8778263,0.8160741
seq-02/frame-000623,1,0.00813768,0.262796,829,713,649,0.74,75.34,46.32,15.60,138.02,0.960169247,-0.117927978,-0.253309093,0.001585238,0.5140430,-0.8751922,0.8054204
seq-02/frame-000624,1,0.01060782,0.328179,693,516,454,0.74,79.46,35.78,24.39,140.36,0.961899002,-0.119860695,-0.245664117,0.005732891,0.5233685,-0.8673546,0.7973520
seq-02/frame-000625,1,0.02074022,0.272106,644,475,409,0.73,79.63,35.30,8.15,123.82,0.963317761,-0.121215449,-0.239239037,0.009507334,0.5390392,-0.8562353,0.7994216
seq-02/frame-000626,1,0.02054219,0.284695,670,500,443,0.73,56.53,41.71,8.73,107.72,0.965913410,-0.123567731,-0.227123059,0.012546556,0.5421199,-0.8545019,0.7778936
seq-02/frame-000627,1,0.02110138,0.283526,801,648,569,0.77,70.72,41.10,14.51,127.10,0.967758613,-0.126202647,-0.217486524,0.014689160,0.5462100,-0.8511573,0.7629455
seq-02/frame-000628,1,0.02227778,0.367935,741,541,478,0.74,64.58,34.71,9.58,109.61,0.969351697,-0.129390439,-0.208217225,0.016155153,0.5513686,-0.8449185,0.7532652
seq-02/frame-000629,1,0.02287160,0.237032,953,731,644,0.78,75.07,59.87,10.37,146.09,0.970496387,-0.134318774,-0.199325548,0.019093359,0.5570537,-0.8451228,0.7454868
seq-02/frame-000630,1,0.03056114,0.349316,1094,818,718,0.78,73.92,60.01,18.67,153.38,0.971575756,-0.136679833,-0.191840665,0.023586713,0.5687390,-0.8412326,0.7400843
seq-02/frame-000631,1,0.03358043,0.384739,1217,967,878,0.82,73.75,92.26,18.58,185.41,0.972659672,-0.139210194,-0.183759634,0.028037147,0.5783241,-0.8407302,0.7247336
seq-02/frame-000632,1,0.04028537,0.504218,1141,863,768,2.57,93.78,78.49,11.81,186.65,0.973836493,-0.140283133,-0.175978214,0.031540388,0.5839677,-0.8337026,0.7120490
seq-02/frame-000633,1,0.05143311,0.767383,1042,640,517,0.79,83.71,65.53,17.58,167.61,0.974940226,-0.141342280,-0.168285892,0.034551047,0.5926897,-0.8238772,0.6968738
seq-02/frame-000634,1,0.05328025,0.936592,1077,668,565,0.78,88.94,69.33,11.15,170.20,0.975298432,-0.147382241,-0.160772692,0.034979794,0.5989899,-0.8324975,0.6941360
seq-02/frame-000635,1,0.05222606,1.070677,1231,871,763,1.06,90.05,74.10,17.42,182.63,0.976500409,-0.147396905,-0.153303514,0.034916122,0.6050704,-0.8231278,0.6785563
seq-02/frame-000636,1,0.05312938,1.146808,1392,990,866,0.82,95.35,89.90,17.73,203.81,0.976964432,-0.151639750,-0.145561002,0.036849423,0.6104152,-0.8276697,0.6709998
seq-02/frame-000637,1,0.04955789,1.092992,1414,1027,870,0.84,99.34,95.01,17.56,212.76,0.977681828,-0.153560159,-0.138151791,0.038361497,0.6121284,-0.8260543,0.6554944
seq-02/frame-000638,1,0.05105855,1.236041,1357,964,839,0.80,105.07,86.73,11.87,204.48,0.978001520,-0.156175339,-0.132876461,0.038290156,0.6157076,-0.8245666,0.6492500
seq-02/frame-000639,1,0.05295368,1.392385,1227,816,682,0.87,77.50,83.28,14.62,176.29,0.978780765,-0.156349431,-0.126738920,0.038474881,0.6176429,-0.8209410,0.6465694
seq-02/frame-000640,1,0.05430484,1.394778,1436,1007,876,2.26,83.92,108.42,12.22,206.83,0.979895188,-0.155327020,-0.118628541,0.040077508,0.6247146,-0.8130467,0.6275207
seq-02/frame-000641,1,0.05851920,1.473210,1867,1284,1096,0.87,110.62,120.51,19.12,251.12,0.979744661,-0.159834227,-0.112396472,0.043822969,0.6319199,-0.8209908,0.6235451
seq-02/frame-000642,1,0.05870273,1.530417,1664,1185,1028,0.93,109.89,104.66,24.92,240.40,0.980350246,-0.158659918,-0.107731785,0.046198361,0.6341819,-0.8128873,0.6216302
seq-02/frame-000643,1,0.03783459,0.973143,1382,947,797,1.11,101.92,90.33,23.36,216.73,0.981663811,-0.157114723,-0.096294309,0.048770206,0.6226871,-0.8116740,0.5960776
seq-02/frame-000644,1,0.05679305,1.465121,1728,1243,1033,1.06,119.42,112.34,20.91,253.73,0.982036375,-0.155907771,-0.093677172,0.050218648,0.6426673,-0.8021970,0.5945560
seq-02/frame-000645,1,0.05807086,1.563065,1916,1324,1115,2.47,110.95,112.43,10.15,236.01,0.982123013,-0.158225264,-0.088928914,0.049907932,0.6495011,-0.8124199,0.5881509
seq-02/frame-000646,1,0.04649255,1.217490,1861,1300,1114,2.46,125.54,111.59,18.00,257.60,0.983194155,-0.155202930,-0.081351614,0.051217370,0.6414367,-0.8052756,0.5732966
seq-02/frame-000647,1,0.05412385,1.514807,2081,1332,1126,2.07,120.12,130.09,32.93,285.22,0.983223808,-0.156256473,-0.078437786,0.051984345,0.6491937,-0.8073047,0.5771621
seq-02/frame-000648,1,0.04377793,1.270001,1657,1129,967,1.47,112.52,98.68,19.48,232.15,0.984201400,-0.153577089,-0.072308599,0.050330389,0.6483522,-0.8023077,0.5565904
seq-02/frame-000649,1,0.04436760,1.268229,1657,1129,967,1.25,110.85,98.74,15.52,226.37,0.984201400,-0.153577089,-0.072308599,0.050330389,0.6483522,-0.8023077,0.5565904
seq-02/frame-000650,1,0.01540246,0.814698,1443,924,756,1.18,107.93,96.24,14.08,219.43,0.985286674,-0.152815337,-0.059916354,0.047620090,0.6256229,-0.8066096,0.5300700
seq-02/frame-000651,1,0.04998014,1.362866,1906,1210,1031,1.26,94.91,143.62,21.81,261.60,0.984802279,-0.154637253,-0.061109886,0.050173422,0.6591197,-0.7962200,0.5430110
seq-02/frame-000652,1,0.04062317,1.249793,2290,1452,1191,0.90,102.22,165.58,32.36,301.06,0.984727985,-0.156312577,-0.055952948,0.052406499,0.6583069,-0.8040971,0.5380008
seq-02/frame-000653,1,0.04063541,1.232476,2290,1452,1191,0.94,127.87,164.63,32.61,326.05,0.984727985,-0.156312577,-0.055952948,0.052406499,0.6583069,-0.8040971,0.5380008
seq-02/frame-000654,1,0.05664041,1.506602,1845,1222,1010,0.87,104.05,131.31,24.08,260.31,0.984796094,-0.154693507,-0.053885679,0.057817868,0.6767347,-0.7931667,0.5328718
seq-02/frame-000655,1,0.02541938,0.855333,1590,977,792,0.84,93.75,130.55,11.20,236.34,0.985270049,-0.154606732,-0.041897900,0.059868649,0.6566231,-0.8014454,0.5111278
seq-02/frame-000656,1,0.01419402,0.665921,1503,955,761,1.66,129.02,99.17,27.52,257.37,0.985249261,-0.155981450,-0.032357614,0.062503323,0.6532581,-0.8076222,0.5032477
seq-02/frame-000657,1,0.01353539,0.671189,1503,955,761,0.84,123.53,98.02,26.57,248.97,0.985249261,-0.155981450,-0.032357614,0.062503323,0.6532581,-0.8076222,0.5032477
seq-02/frame-000658,1,0.01975358,0.740340,1427,902,705,0.84,129.75,89.61,11.88,232.08,0.985312971,-0.155465755,-0.026177663,0.065600903,0.6652361,-0.8053481,0.4960729
seq-02/frame-000659,1,0.03210012,0.926731,1481,883,666,4.92,107.31,98.06,15.92,226.22,0.985474344,-0.153816338,-0.020891841,0.068879485,0.6744771,-0.7873349,0.4947674
seq-02/frame-000660,1,0.03432267,0.931444,1624,1029,780,0.87,118.44,114.24,24.36,257.91,0.984998837,-0.155575205,-0.014419385,0.073251127,0.6844376,-0.7878129,0.4917944
seq-02/frame-000661,1,0.00675286,0.844255,1532,969,765,1.82,95.87,109.53,14.51,221.73,0.984116776,-0.161562308,-0.001909126,0.073540105,0.6643593,-0.8199775,0.4848906
seq-02/frame-000662,1,0.00891236,0.800426,1335,793,613,1.27,109.61,82.53,12.23,205.65,0.984604581,-0.157370637,0.004261764,0.075961438,0.6751543,-0.8059126,0.4765455
seq-02/frame-000663,1,0.00935822,0.789843,1335,793,613,0.84,99.39,87.15,11.25,198.64,0.984604581,-0.157370637,0.004261764,0.075961438,0.6751543,-0.8059126,0.4765455
seq-02/frame-000664,1,0.02267202,0.822662,1397,844,648,0.91,116.35,84.59,18.25,220.10,0.984779807,-0.154753567,0.010264402,0.078451948,0.6891750,-0.7963094,0.4673737
seq-02/frame-000665,1,0.01942847,0.889131,1641,994,765,1.34,106.00,92.08,14.44,213.86,0.984560729,-0.154464153,0.019264103,0.080061792,0.6862514,-0.7947974,0.4624246
seq-02/frame-000666,1,0.00771293,0.855318,1656,977,751,0.93,111.97,90.78,18.36,222.05,0.983587137,-0.157498197,0.026685865,0.083895930,0.6913491,-0.8083338,0.4620558
seq-02/frame-000667,1,0.01491188,0.869204,1565,898,707,0.86,112.45,87.22,14.09,214.62,0.983295193,-0.156373423,0.031529117,0.087657461,0.7048116,-0.8057287,0.4571962
seq-02/frame-000668,1,0.02335369,0.981295,1276,727,578,1.39,104.53,76.69,8.18,190.79,0.983290824,-0.153810102,0.036476207,0.090283413,0.7186695,-0.7958160,0.4490023
seq-02/frame-000669,1,0.04318587,1.032738,1053,619,474,0.77,93.18,64.41,9.62,167.98,0.982769632,-0.153191275,0.041580726,0.094695967,0.7401221,-0.7852558,0.4437078
seq-02/frame-000670,1,0.04599868,0.491395,1116,645,486,2.15,89.52,60.37,17.10,169.14,0.981688359,-0.155410003,0.051006905,0.097642163,0.7451048,-0.7901271,0.4459279
seq-02/frame-000671,1,0.04115542,1.023461,1116,645,486,0.80,78.88,77.36,18.65,175.69,0.981688359,-0.155410003,0.051006905,0.097642163,0.7451048,-0.7901271,0.4459279
seq-02/frame-000672,1,0.02241412,1.065843,952,499,386,0.78,59.47,57.65,11.92,129.87,0.980122471,-0.159106802,0.065094527,0.099033682,0.7337228,-0.8125426,0.4355365
seq-02/frame-000673,1,0.02607895,0.907907,1101,587,451,0.79,76.48,52.23,18.49,148.00,0.979241484,-0.158259853,0.074207482,0.102631299,0.7433533,-0.8007110,0.4324801
seq-02/frame-000674,1,0.04484161,0.931461,1341,734,538,0.81,78.57,63.69,6.92,149.99,0.978470477,-0.156654343,0.081261422,0.107011796,0.7585299,-0.7869670,0.4265273
seq-02/frame-000675,1,0.03634537,0.840512,1302,700,514,0.81,80.29,78.19,13.62,172.93,0.976814962,-0.160619271,0.087566585,0.111202845,0.7739621,-0.7970804,0.4209077
seq-02/frame-000676,1,0.04044539,1.015908,1309,736,531,1.49,86.39,64.54,14.62,167.04,0.974981286,-0.165044920,0.094473889,0.115092789,0.7869959,-0.8085738,0.4184682
seq-02/frame-000677,1,0.03439503,0.904695,1162,639,486,1.21,90.61,56.16,11.72,159.70,0.973810646,-0.164094026,0.103322406,0.118703231,0.7910578,-0.7988854,0.4110479
seq-02/frame-000678,1,0.06870129,1.745408,1200,585,414,1.43,73.76,57.27,29.01,161.48,0.971326767,-0.160190493,0.129259870,0.118975641,0.7067721,-0.7796069,0.4219084
seq-02/frame-000679,1,0.05299688,1.164165,1212,684,477,1.24,73.39,71.48,10.13,156.24,0.970850864,-0.167871533,0.117434354,0.124406269,0.8187675,-0.7962781,0.4028887
seq-02/frame-000680,1,0.06257477,1.246521,1326,766,579,0.81,80.61,77.82,8.11,167.35,0.968888224,-0.169935754,0.124663516,0.129755375,0.8315981,-0.7986468,0.3997254
seq-02/frame-000681,1,0.07096475,1.467576,1531,885,669,0.82,66.88,77.84,16.87,162.42,0.967620291,-0.170311588,0.130770210,0.132680398,0.8407406,-0.7956784,0.4015054
seq-02/frame-000682,1,0.06988345,1.451662,1531,885,669,0.80,80.00,80.39,13.33,174.51,0.967620291,-0.170311588,0.130770210,0.132680398,0.8407406,-0.7956784,0.4015054
seq-02/frame-000683,1,0.06977066,1.406969,1388,798,600,0.82,90.05,74.86,10.00,175.74,0.966075827,-0.170659282,0.138916359,0.135185619,0.8439091,-0.7969846,0.3977446
seq-02/frame-000684,1,0.08186319,1.653799,1558,837,603,0.83,81.40,103.28,17.69,203.20,0.964517179,-0.171251724,0.144472873,0.139667635,0.8564268,-0.7921515,0.3912879
seq-02/frame-000685,1,0.07436785,1.587568,1641,952,698,0.83,77.32,87.26,20.23,185.64,0.962883147,-0.172824205,0.151466353,0.141583134,0.8514625,-0.7934383,0.3893184
seq-02/frame-000686,1,0.08504004,1.709065,1548,903,648,0.82,104.77,81.36,14.89,201.84,0.961489433,-0.173499776,0.155112472,0.146205396,0.8649060,-0.7921171,0.3863558
seq-02/frame-000687,1,0.06290532,1.216290,1921,879,616,0.83,115.77,111.93,35.16,263.69,0.959811978,-0.172544879,0.165641966,0.146805893,0.8428065,-0.7833816,0.3923666
seq-02/frame-000688,1,0.09201020,1.834395,1644,886,641,0.81,93.10,102.20,29.32,225.43,0.959164691,-0.174777294,0.164097917,0.150092861,0.8771636,-0.7865091,0.3810597
seq-02/frame-000689,1,0.10774366,2.158499,1641,871,597,0.81,105.38,83.64,28.38,218.21,0.958071610,-0.175864222,0.167138959,0.152430753,0.8899999,-0.7842560,0.3797554
seq-02/frame-000690,1,0.07934227,1.577427,1888,839,568,1.38,108.28,108.64,25.91,244.22,0.956240406,-0.174642358,0.177803046,0.153265812,0.8621279,-0.7737814,0.3846249
seq-02/frame-000691,1,0.09681329,2.041565,2111,1028,697,2.26,101.96,153.54,20.36,278.12,0.954885818,-0.178080560,0.177584451,0.157937173,0.8863197,-0.7789879,0.3806964
seq-02/frame-000692,1,0.09847187,2.035073,1699,887,632,0.93,93.07,118.58,17.30,229.88,0.953847794,-0.178192453,0.180805417,0.160409590,0.8948030,-0.7779892,0.3796918
seq-02/frame-000693,1,0.12549357,2.608376,1244,746,542,0.81,97.04,88.55,17.88,204.28,0.952847290,-0.178399846,0.182385108,0.164290015,0.9172308,-0.7732298,0.3752121
seq-02/frame-000694,1,0.14426069,2.924345,1211,679,478,0.83,95.92,78.22,13.58,188.56,0.950873643,-0.180384932,0.189041620,0.166023665,0.9228775,-0.7807316,0.3701332
seq-02/frame-000695,1,0.11951456,2.643051,1555,727,527,0.82,130.75,94.66,16.31,242.54,0.949463998,-0.177045900,0.199331633,0.165649526,0.8970851,-0.7600616,0.3781816
seq-02/frame-000696,1,0.03475588,1.105316,1679,820,609,0.84,134.25,112.47,21.22,268.77,0.943506530,-0.179371005,0.223647148,0.166142781,0.8070770,-0.7773196,0.3988183
seq-02/frame-000697,1,0.03658503,1.604127,1679,820,609,2.91,121.06,97.77,17.64,239.37,0.943506530,-0.179371005,0.223647148,0.166142781,0.8070770,-0.7773196,0.3988183
seq-02/frame-000698,1,0.03797756,1.033895,1486,762,584,3.65,105.26,89.01,13.72,211.63,0.940563171,-0.180668675,0.231218919,0.170989952,0.7977522,-0.7795355,0.3981680
seq-02/frame-000699,1,0.02815110,0.860679,1006,379,241,1.26,96.19,69.19,13.94,180.58,0.937939445,-0.186586850,0.234738107,0.174221026,0.8008291,-0.7862476,0.3912356
seq-02/frame-000700,1,0.02811340,0.963232,759,250,146,1.89,84.58,47.65,8.96,143.08,0.936719905,-0.190632483,0.235593394,0.175245051,0.8105980,-0.7759085,0.3869013
seq-02/frame-000701,1,0.03207736,0.987609,875,319,208,1.06,74.57,50.67,12.93,139.22,0.933103673,-0.201718010,0.239594233,0.176697436,0.8245320,-0.7863146,0.3916350
seq-02/frame-000702,1,0.02954815,1.357115,863,339,215,1.41,82.81,54.56,13.29,152.08,0.931390349,-0.202091662,0.248607769,0.172815379,0.8092547,-0.7779455,0.3781456
seq-02/frame-000703,1,0.02772362,1.333850,1204,413,248,1.06,83.99,69.15,25.31,179.52,0.929411870,-0.208294357,0.250456335,0.173432006,0.8237000,-0.7810132,0.3730408
seq-02/frame-000704,1,0.05311089,1.662407,1736,587,347,1.73,99.63,115.94,16.22,233.52,0.928109178,-0.213996986,0.248421401,0.176367375,0.8614457,-0.7775100,0.3792657
seq-02/frame-000705,1,0.02622120,1.184389,1585,558,333,1.31,100.16,92.38,15.26,209.12,0.923183572,-0.219727480,0.258237558,0.181011852,0.8341412,-0.7983148,0.3772251
seq-02/frame-000706,1,0.01955989,1.259248,968,340,185,2.80,69.04,53.63,16.10,141.58,0.921777545,-0.222827921,0.259863302,0.182057519,0.8291927,-0.7958491,0.3645409
seq-02/frame-000707,1,0.01860365,1.262601,892,317,181,1.58,78.79,51.02,20.54,151.94,0.919459674,-0.229651135,0.261277605,0.183271046,0.8305074,-0.7971861,0.3577779
seq-02/frame-000708,1,0.01611519,1.502816,946,344,179,1.14,83.10,56.71,15.05,156.00,0.914419064,-0.240273258,0.266871493,0.186778327,0.8365724,-0.8137004,0.3666616
seq-02/frame-000709,1,0.01573206,0.809424,946,344,179,1.31,73.39,54.73,15.68,145.11,0.914419064,-0.240273258,0.266871493,0.186778327,0.8365724,-0.8137004,0.3666616
seq-02/frame-000710,1,0.03711798,1.809759,1701,525,277,1.40,101.70,93.88,14.87,211.85,0.915015264,-0.242255031,0.268435322,0.178891155,0.8405731,-0.7912418,0.3622945
seq-02/frame-000711,1,0.03359028,1.378792,2192,943,630,0.85,108.16,130.16,15.71,254.88,0.911153977,-0.250150294,0.270664795,0.184292782,0.8483424,-0.8110073,0.3712493
seq-02/frame-000712,1,0.04088459,1.617452,1540,726,505,1.03,94.28,88.39,27.93,211.65,0.909787427,-0.252163403,0.271924863,0.186433164,0.8611008,-0.8167155,0.3727421
seq-02/frame-000713,1,0.04390208,1.696525,1218,477,309,0.98,81.55,75.57,15.38,173.49,0.908290312,-0.249649695,0.278666713,0.187159294,0.8598322,-0.8200689,0.3730162
seq-02/frame-000714,1,0.04877954,1.620164,1218,477,309,1.07,80.41,69.95,11.07,162.50,0.908290312,-0.249649695,0.278666713,0.187159294,0.8598322,-0.8200689,0.3730162
seq-02/frame-000715,1,0.03189645,1.561375,1706,688,413,1.31,115.92,86.87,22.48,226.58,0.906583202,-0.249995617,0.284230717,0.186606508,0.8539387,-0.8363171,0.3687663
seq-02/frame-000716,1,0.04287563,1.525894,2235,1065,775,0.89,113.09,130.70,9.53,254.22,0.906514530,-0.249171866,0.285567146,0.186000520,0.8687204,-0.8357911,0.3718339
seq-02/frame-000717,1,0.03255655,1.125673,2553,1125,778,0.92,125.04,154.51,19.76,300.24,0.903951788,-0.252581295,0.289198520,0.188250020,0.8608583,-0.8571068,0.3742284
seq-02/frame-000718,1,0.03119757,1.121727,2233,897,547,0.86,106.89,133.56,18.51,259.83,0.903506655,-0.255081457,0.287351602,0.189837381,0.8628942,-0.8647473,0.3728018
seq-02/frame-000719,1,0.02345059,1.083654,1547,708,470,0.83,91.69,82.21,49.58,224.31,0.902151272,-0.258358736,0.288200848,0.190562634,0.8485952,-0.8822302,0.3715520
seq-02/frame-000720,1,0.02487960,1.299260,1547,708,470,0.82,92.21,91.70,24.46,209.19,0.902151272,-0.258358736,0.288200848,0.190562634,0.8485952,-0.8822302,0.3715520
seq-02/frame-000721,1,0.02544963,1.257606,2108,738,450,0.91,98.93,127.83,27.95,255.63,0.903782701,-0.259255442,0.283018425,0.189377970,0.8538227,-0.8800539,0.3710061
seq-02/frame-000722,1,0.04746171,1.221492,1604,801,579,0.78,84.36,101.93,10.82,197.91,0.902822472,-0.266088992,0.277480495,0.192646844,0.8921428,-0.8897041,0.3835862
seq-02/frame-000723,1,0.02854666,1.164942,2228,990,661,1.08,129.70,123.70,17.82,272.31,0.902287842,-0.264574895,0.284110593,0.187504523,0.8623937,-0.9040915,0.3824020
seq-02/frame-000724,1,0.03989352,1.067174,1810,928,680,0.88,89.77,102.17,14.83,207.66,0.899639244,-0.271863131,0.285100065,0.188301945,0.8767551,-0.9240081,0.4001148
seq-02/frame-000725,1,0.02844284,1.019781,1135,440,270,0.78,83.23,53.25,30.46,167.72,0.899719950,-0.270746671,0.286256935,0.187769057,0.8723006,-0.9300625,0.3911237
seq-02/frame-000726,1,0.02807949,1.016735,1135,440,270,0.78,62.15,66.80,20.49,150.22,0.899719950,-0.270746671,0.286256935,0.187769057,0.8723006,-0.9300625,0.3911237
seq-02/frame-000727,1,0.03527125,1.216967,873,409,244,0.76,81.49,64.69,31.71,178.65,0.903078159,-0.273908011,0.271161100,0.189462128,0.9012800,-0.9492472,0.3794834
seq-02/frame-000728,1,0.04386322,1.095998,1482,600,411,0.82,97.92,94.19,21.15,214.09,0.903062202,-0.273263187,0.272664278,0.188308473,0.8898014,-0.9464363,0.4079986
seq-02/frame-000729,1,0.03682467,0.940039,1254,566,395,0.78,79.30,69.58,23.70,173.36,0.900827277,-0.272580785,0.276609254,0.194157803,0.8806057,-0.9680939,0.4138915
seq-02/frame-000730,1,0.06892452,1.472101,818,373,264,0.77,59.00,47.20,18.71,125.68,0.896968000,-0.275945829,0.282593650,0.198602959,0.8770002,-0.9994296,0.4486620
seq-02/frame-000731,1,0.04324450,0.811137,420,216,145,0.74,51.46,24.77,12.84,89.82,0.899915117,-0.271038674,0.275809968,0.201543248,0.9034231,-1.0025783,0.4222373
seq-02/frame-000732,1,0.04303884,0.829732,420,216,145,0.74,69.67,25.29,11.18,106.88,0.899915117,-0.271038674,0.275809968,0.201543248,0.9034231,-1.0025783,0.4222373
seq-02/frame-000733,1,0.07032626,1.685111,386,187,126,0.73,48.01,21.84,17.07,87.65,0.894415418,-0.263372719,0.296205812,0.207166569,0.8828587,-1.0210916,0.4591354
seq-02/frame-000734,1,0.04742516,0.952904,442,234,161,1.31,55.10,23.41,6.11,85.94,0.900082188,-0.249092722,0.292461605,0.205599320,0.8877393,-1.0066093,0.4354321
seq-02/frame-000735,1,0.04999009,1.287148,469,254,165,0.73,62.20,26.43,10.66,100.03,0.900198110,-0.243834243,0.295217637,0.207448238,0.8689995,-1.0279926,0.4404582
seq-02/frame-000736,1,0.04624039,0.813887,400,221,168,0.73,63.42,16.76,15.49,96.40,0.903091963,-0.237885070,0.287781206,0.212173461,0.8931623,-1.0400021,0.4437477
seq-02/frame-000737,1,0.04800224,1.448280,308,185,126,0.71,57.72,15.61,17.39,91.42,0.903596111,-0.226028763,0.296683714,0.210722187,0.8793837,-1.0422228,0.4488813
seq-02/frame-000738,1,0.04369418,1.280594,490,266,193,0.73,56.32,29.59,24.91,111.55,0.906449564,-0.217906461,0.299397631,0.203044383,0.8832430,-1.0451577,0.4553323
seq-02/frame-000739,1,0.05634476,1.561581,552,368,288,2.96,65.72,32.43,14.16,115.28,0.904522299,-0.215684603,0.306693037,0.203122977,0.8585193,-1.0732165,0.4678137
seq-02/frame-000740,1,0.04270710,1.064945,423,235,174,0.73,55.98,28.91,31.58,117.20,0.907542555,-0.212796402,0.299441016,0.203517273,0.8751531,-1.0849457,0.4665236
seq-02/frame-000741,1,0.04199859,1.050699,423,235,174,0.70,50.65,30.44,25.79,107.58,0.907542555,-0.212796402,0.299441016,0.203517273,0.8751531,-1.0849457,0.4665236
seq-02/frame-000742,1,0.06665336,1.694688,386,273,208,0.73,60.14,15.95,15.05,91.87,0.909550155,-0.202817780,0.303777117,0.198249657,0.8800480,-1.0752757,0.5023897
seq-02/frame-000743,1,0.04418153,1.360342,376,251,200,0.72,61.77,27.48,9.18,99.16,0.908996799,-0.200078138,0.307349347,0.198065485,0.8681040,-1.1040433,0.4900123
seq-02/frame-000744,1,0.04422373,1.147353,523,351,285,0.75,60.63,30.21,11.43,103.01,0.910038412,-0.195023312,0.310603933,0.193186939,0.8670709,-1.1080245,0.5051139
seq-02/frame-000745,1,0.05399387,1.494716,507,367,303,0.75,64.49,27.75,7.86,100.85,0.910619687,-0.192107454,0.313069880,0.189350895,0.8567789,-1.1206010,0.5195854
seq-02/frame-000746,1,0.04918425,1.414283,505,338,269,0.75,62.11,29.47,17.19,109.53,0.912210138,-0.183608551,0.313144697,0.190002535,0.8539122,-1.1180357,0.5241372
seq-02/frame-000747,1,0.05059256,1.292414,493,346,277,0.75,74.60,28.36,14.90,118.60,0.913659263,-0.177755154,0.311549221,0.191224840,0.8529093,-1.1203357,0.5366711
seq-02/frame-000748,1,0.06165893,1.581364,453,322,253,0.75,74.67,20.85,9.72,105.99,0.915135138,-0.175771894,0.308499882,0.190944344,0.8441946,-1.1451706,0.5491111
seq-02/frame-000749,1,0.06299065,1.851469,377,264,205,1.44,55.10,20.17,13.32,90.03,0.916131893,-0.168347526,0.309525608,0.191194567,0.8460621,-1.1531252,0.5635712
seq-02/frame-000750,1,0.06246833,1.855423,385,253,190,0.84,50.94,24.65,14.63,91.06,0.917465501,-0.158330785,0.311401094,0.190309684,0.8513413,-1.1488435,0.5805574
seq-02/frame-000751,1,0.06340956,1.672238,486,356,282,0.74,63.32,32.50,7.99,104.55,0.919013216,-0.149320970,0.311647970,0.189719527,0.8523051,-1.1529626,0.5931780
seq-02/frame-000752,1,0.05316084,1.403148,574,434,354,0.76,53.51,28.47,8.97,91.71,0.920808489,-0.144417847,0.310411541,0.186815115,0.8546589,-1.1537972,0.5949469
seq-02/frame-000753,1,0.06043833,1.739373,450,312,261,0.74,60.20,25.93,6.50,93.36,0.921659910,-0.138866598,0.312817084,0.182769117,0.8467358,-1.1526921,0.6116316
seq-02/frame-000754,1,0.04994156,1.236803,570,421,352,0.76,56.86,36.41,7.67,101.70,0.922958911,-0.132526632,0.310401154,0.185026118,0.8500007,-1.1630598,0.6123774
seq-02/frame-000755,1,0.05787496,1.456417,650,507,428,0.77,64.95,32.61,16.63,114.96,0.923520572,-0.130217065,0.311525902,0.181947469,0.8523385,-1.1672263,0.6322065
seq-02/frame-000756,1,0.05643250,1.197491,435,330,277,1.05,44.22,20.39,16.18,81.84,0.924650307,-0.127434307,0.310189586,0.180456999,0.8685378,-1.1704162,0.6426547
seq-02/frame-000757,1,0.05867034,1.499481,523,406,340,1.10,53.24,31.15,7.51,92.99,0.923172636,-0.123346332,0.316381046,0.180113853,0.8521457,-1.1887555,0.6507808
seq-02/frame-000758,1,0.05610635,1.531655,616,487,423,0.76,63.61,47.71,29.29,141.37,0.923152346,-0.118113504,0.319789520,0.177689642,0.8424518,-1.1878702,0.6579591
seq-02/frame-000759,1,0.05158576,1.259002,470,350,300,0.77,70.11,22.53,8.38,101.79,0.923998099,-0.113551178,0.318479534,0.178618109,0.8590391,-1.1855039,0.6683117
seq-02/frame-000760,1,0.05841705,1.339548,411,320,276,0.73,62.27,25.98,5.06,94.04,0.923294528,-0.107291992,0.322088844,0.179650826,0.8643093,-1.1922966,0.6847731
seq-02/frame-000761,1,0.05423798,1.244575,399,312,268,0.73,56.74,28.95,8.80,95.22,0.922633388,-0.100777640,0.325823208,0.180085356,0.8662889,-1.2000962,0.6899407
seq-02/frame-000762,1,0.05116712,1.178434,410,323,281,0.89,54.27,24.90,15.65,95.71,0.922098009,-0.094256635,0.329077293,0.180441357,0.8717701,-1.2026616,0.6949766
seq-02/frame-000763,1,0.05244269,1.184234,351,251,209,0.72,45.13,28.47,9.47,83.79,0.920904860,-0.086333973,0.336252368,0.177242853,0.8706727,-1.1970281,0.7123835
seq-02/frame-000764,1,0.05502725,0.914671,336,263,223,0.72,60.59,68.16,106.95,236.43,0.918948217,-0.075614595,0.342098642,0.181066637,0.8823014,-1.2001842,0.7222049
seq-02/frame-000765,1,0.05164308,1.295461,423,346,303,0.86,50.20,99.96,86.24,237.27,0.917385320,-0.070451274,0.348313101,0.179217121,0.8664311,-1.2146359,0.7304458
seq-02/frame-000766,1,0.04427113,1.194118,544,444,394,0.74,81.13,465.10,15.48,562.44,0.916689952,-0.065419557,0.350925025,0.179586859,0.8665685,-1.2154514,0.7347431
seq-02/frame-000767,1,0.04895537,1.074770,456,364,306,0.76,171.97,376.00,20.90,569.63,0.916973790,-0.059220160,0.352131226,0.177920324,0.8799064,-1.2052573,0.7556085
seq-02/frame-000768,1,0.04723114,1.068881,460,385,336,0.74,204.32,360.33,27.13,592.53,0.915586039,-0.053181505,0.355118681,0.181010099,0.8795246,-1.2149976,0.7636909
seq-02/frame-000769,1,0.04326798,0.983786,451,361,313,2.80,243.80,282.22,22.48,551.30,0.914606375,-0.046835569,0.359171282,0.179715324,0.8815169,-1.2098276,0.7747635
seq-02/frame-000770,1,0.04421569,0.946605,515,407,371,3.99,441.61,108.49,69.89,623.98,0.913185495,-0.043086399,0.363090469,0.180003125,0.8868171,-1.2163024,0.7867350
seq-02/frame-000771,1,0.05448291,1.472029,732,561,497,2.70,428.46,204.09,21.96,657.22,0.910514674,-0.042547785,0.369030287,0.181574671,0.8740892,-1.2407526,0.8006440
seq-02/frame-000772,1,0.03460059,0.988112,533,397,346,0.76,434.65,111.23,33.31,579.95,0.913026684,-0.038878084,0.364292047,0.179337873,0.8882743,-1.2248106,0.8038879
seq-02/frame-000773,1,0.04804831,0.833772,422,290,248,1.80,400.26,73.48,15.68,491.23,0.915766827,-0.033260512,0.359610777,0.175911756,0.9157028,-1.2126245,0.8166044
seq-02/frame-000774,1,0.04310164,0.731003,462,310,259,2.02,318.59,66.51,64.32,451.44,0.916032784,-0.026402635,0.360803136,0.173227989,0.9140596,-1.2103431,0.8258152
seq-02/frame-000775,1,0.05399340,1.052150,367,232,179,1.82,295.40,64.16,13.04,374.41,0.917745395,-0.019112989,0.357561461,0.171836797,0.9280109,-1.2056863,0.8348480
seq-02/frame-000776,1,0.04031174,1.066162,465,320,265,0.77,167.41,53.19,12.81,234.18,0.916709753,-0.015781258,0.360677821,0.171189051,0.9116032,-1.2272099,0.8456642
seq-02/frame-000777,1,0.05993167,1.682802,427,292,248,10.82,317.41,91.06,11.96,431.25,0.918029361,-0.013498208,0.355341698,0.175419978,0.9325066,-1.2404897,0.8545800
seq-02/frame-000778,1,0.05574209,1.772308,372,277,232,1.50,154.73,49.29,16.24,221.76,0.920078035,-0.008458892,0.349476924,0.176778778,0.9317875,-1.2419328,0.8648546
seq-02/frame-000779,1,0.04303890,1.372422,405,295,264,0.91,126.85,60.08,14.22,202.06,0.921832566,-0.001988979,0.346469843,0.173722229,0.9198975,-1.2382379,0.8828843
seq-02/frame-000780,1,0.04408095,1.384363,421,323,284,4.97,169.70,47.43,13.45,235.56,0.922283814,-0.001128300,0.345898525,0.172468846,0.9127466,-1.2508816,0.9035178
seq-02/frame-000781,1,0.04076464,1.269777,453,339,291,0.76,159.18,53.48,24.39,237.81,0.924448243,0.003227515,0.341681865,0.169229231,0.9178021,-1.2437093,0.9095794
seq-02/frame-000782,1,0.06812260,2.025519,435,307,266,1.09,150.28,43.43,17.80,212.60,0.926110985,0.000607604,0.337012708,0.169530262,0.9355109,-1.2677331,0.9294059
seq-02/frame-000783,1,0.04042879,1.397836,381,278,243,1.45,125.40,49.26,12.12,188.24,0.927047056,0.010309769,0.335463165,0.167158396,0.9145912,-1.2520783,0.9358687
seq-02/frame-000784,1,0.05190006,1.621948,415,304,264,2.41,132.02,49.02,73.62,257.08,0.929467083,0.012471739,0.329358618,0.165705453,0.9260904,-1.2583919,0.9484534
seq-02/frame-000785,1,0.05938109,1.896552,474,336,287,0.82,192.21,80.89,10.86,284.78,0.930695052,0.010908824,0.326532018,0.164513099,0.9232557,-1.2737145,0.9595688
seq-02/frame-000786,1,0.05804053,1.778321,447,333,291,0.77,169.11,43.96,19.19,233.03,0.931599966,0.011878625,0.325347185,0.161646559,0.9163926,-1.2795388,0.9779260
seq-02/frame-000787,1,0.03099438,1.028692,478,343,299,0.77,114.69,55.68,20.03,191.17,0.933436610,0.021992593,0.322688416,0.155192163,0.9124527,-1.2452960,0.9898140
seq-02/frame-000788,1,0.05436186,1.626130,532,358,306,7.57,106.34,81.30,6.10,201.31,0.934166300,0.018065657,0.319984251,0.156898166,0.9236933,-1.2727248,1.0027396
seq-02/frame-000789,1,0.05966345,1.800288,484,364,312,2.59,163.98,34.86,11.14,212.56,0.933543214,0.015592201,0.321524394,0.157721318,0.9085892,-1.2951119,1.0131323
seq-02/frame-000790,1,0.04898161,1.511448,510,374,310,1.57,101.60,66.77,27.21,197.16,0.935242905,0.018077938,0.318199900,0.154086730,0.9093742,-1.2825178,1.0240732
seq-02/frame-000791,1,0.04999003,1.417617,511,391,332,0.84,152.30,36.51,17.32,206.97,0.934509655,0.017274452,0.321599453,0.151548968,0.8969782,-1.2923936,1.0469009
seq-02/frame-000792,1,0.03315138,0.984571,518,361,308,0.78,146.29,41.50,9.06,197.62,0.935961018,0.023263821,0.320798684,0.143261897,0.9013647,-1.2666308,1.0612182
seq-02/frame-000793,1,0.03238708,1.119388,511,356,299,0.78,82.80,33.39,12.88,129.85,0.935228053,0.024076599,0.324684371,0.139100203,0.8930316,-1.2743246,1.0675299
seq-02/frame-000794,1,0.04585593,1.401450,537,374,317,2.16,72.73,37.38,10.97,123.25,0.935173975,0.026291356,0.325319009,0.137571591,0.9027982,-1.2812663,1.0747344
seq-02/frame-000795,1,0.03111688,0.946026,617,372,303,0.78,75.91,43.34,8.64,128.66,0.932230882,0.031313458,0.333595372,0.136671789,0.8788022,-1.2870836,1.0958967
seq-02/frame-000796,1,0.04614767,1.257488,610,390,330,0.79,79.10,39.45,18.31,137.68,0.931541938,0.030571527,0.334091808,0.140277094,0.8795894,-1.3041769,1.1049066
seq-02/frame-000797,1,0.04124207,1.306934,532,385,338,0.93,73.43,25.31,24.72,124.39,0.932030070,0.032286838,0.332407480,0.140651254,0.8711279,-1.3029976,1.1072307
seq-02/frame-000798,1,0.04141796,1.342477,487,365,310,2.87,60.13,23.93,8.31,95.24,0.932308109,0.032965743,0.331709789,0.140297775,0.8637143,-1.3080761,1.1194502
seq-02/frame-000799,1,0.03095895,1.168965,558,416,363,2.72,77.21,55.85,22.55,158.33,0.933348634,0.036984175,0.329972757,0.136420221,0.8618254,-1.2960048,1.1290105
seq-02/frame-000800,1,0.01787438,0.835298,729,520,429,0.96,70.49,75.25,14.26,160.96,0.931527749,0.040205165,0.335052294,0.135571228,0.8443429,-1.2933539,1.1439314
seq-02/frame-000801,1,0.02122266,0.777029,689,511,449,0.96,75.73,80.76,20.75,178.21,0.929240765,0.042231048,0.340320213,0.137514698,0.8370275,-1.3019945,1.1635307
seq-02/frame-000802,1,0.03271999,1.166581,580,443,389,0.74,73.44,65.01,10.81,149.99,0.929122023,0.041257854,0.340364868,0.138498419,0.8363536,-1.3171385,1.1697691
seq-02/frame-000803,1,0.01873188,0.989424,538,372,310,0.75,82.04,63.52,28.37,174.69,0.928405714,0.046725182,0.342391224,0.136557088,0.8217480,-1.3110632,1.1827604
seq-02/frame-000804,1,0.03077947,1.031706,547,419,371,0.76,98.02,43.02,10.90,152.71,0.927900744,0.046683502,0.342391138,0.139961314,0.8186243,-1.3263744,1.1927335
seq-02/frame-000805,1,0.01066438,0.826389,689,486,408,0.74,107.60,59.94,22.10,190.39,0.927595898,0.052118633,0.344206359,0.135541437,0.8039665,-1.3115366,1.2000655
seq-02/frame-000806,1,0.00802787,0.708771,621,457,393,7.60,112.94,47.04,20.49,188.08,0.925409623,0.057645668,0.348889707,0.136271707,0.7923077,-1.3133378,1.2089443
seq-02/frame-000807,1,0.02214734,0.953443,612,450,417,0.78,96.66,48.58,17.80,163.82,0.923633636,0.059618867,0.351698961,0.140193931,0.7836938,-1.3317956,1.2164754
seq-02/frame-000808,1,0.02844462,1.006652,586,435,384,1.54,95.95,45.88,8.11,151.48,0.922371200,0.061399571,0.352470469,0.145691557,0.7765280,-1.3410734,1.2242421
seq-02/frame-000809,1,0.03499619,1.253790,533,391,341,0.76,71.59,46.77,24.95,144.08,0.923040209,0.060317978,0.350128143,0.147542531,0.7806525,-1.3500135,1.2327499
seq-02/frame-000810,1,0.00812633,0.877627,414,281,240,0.75,68.34,36.14,14.46,119.70,0.922863468,0.071973781,0.349935355,0.143833384,0.7700485,-1.3281811,1.2437238
seq-02/frame-000811,1,0.01049612,0.792996,502,371,311,0.98,74.84,59.07,15.50,150.39,0.920892329,0.081703186,0.352862385,0.144118161,0.7457372,-1.3278380,1.2501821
seq-02/frame-000812,1,0.00891819,0.741776,484,388,350,1.25,71.80,45.19,8.03,126.28,0.920144933,0.084077483,0.352511069,0.148324728,0.7487661,-1.3412967,1.2625440
seq-02/frame-000813,1,0.01275287,0.720509,541,416,368,1.01,72.35,57.63,14.55,145.54,0.919449189,0.088430130,0.352105332,0.151046801,0.7374850,-1.3489489,1.2632433
seq-02/frame-000814,1,0.00605696,0.541590,474,378,334,1.38,89.41,41.54,12.72,145.04,0.918326750,0.095741665,0.352621484,0.152209080,0.7282881,-1.3444018,1.2735180
seq-02/frame-000815,1,0.01473984,0.732805,407,313,267,0.78,88.23,23.49,12.54,125.05,0.918924613,0.105451315,0.349604374,0.149111896,0.7261786,-1.3331661,1.2753722
seq-02/frame-000816,1,0.00468038,0.529026,507,383,328,1.27,88.59,30.66,15.56,136.09,0.917507602,0.109812658,0.349563323,0.154681815,0.7183767,-1.3547211,1.2781578
seq-02/frame-000817,1,0.01937776,0.786389,483,387,334,1.30,91.31,42.56,12.16,147.35,0.916031896,0.111713405,0.349747639,0.161500061,0.7004743,-1.3675065,1.2784028
seq-02/frame-000818,1,0.02353343,0.886261,518,435,389,2.82,94.05,49.26,22.45,168.58,0.914052329,0.116879519,0.352321025,0.163454624,0.6912914,-1.3652598,1.3053931
seq-02/frame-000819,1,0.02110665,0.862979,630,538,468,1.22,92.37,71.29,12.32,177.21,0.914429442,0.118414852,0.349482378,0.166309311,0.6890052,-1.3726951,1.3012187
seq-02/frame-000820,1,0.02244570,0.940334,630,521,452,0.89,96.01,48.38,12.75,158.04,0.914222812,0.119511514,0.348799119,0.168085760,0.6830625,-1.3767262,1.3050790
seq-02/frame-000821,1,0.03387296,0.974771,793,651,558,2.00,97.42,63.67,6.84,169.93,0.913150047,0.124027613,0.351118549,0.165800806,0.6637381,-1.3649580,1.3154482
seq-02/frame-000822,1,0.03492935,1.163712,872,683,576,1.94,108.89,70.55,13.63,195.01,0.913535659,0.120968954,0.352825066,0.162276257,0.6614898,-1.3737730,1.3239274
seq-02/frame-000823,1,0.03381991,1.024478,865,711,613,1.62,114.92,58.12,13.22,187.89,0.913370789,0.123730357,0.353548473,0.159524535,0.6581552,-1.3655241,1.3284388
seq-02/frame-000824,1,0.03154240,0.989213,774,645,556,1.26,98.88,62.57,11.94,174.64,0.913225132,0.123038626,0.354556956,0.158652825,0.6550450,-1.3725380,1.3303522
seq-02/frame-000825,1,0.04273856,1.349483,831,699,597,5.25,97.04,69.87,9.73,181.89,0.911239487,0.122758692,0.358892801,0.160526816,0.6464150,-1.3902805,1.3446253
seq-02/frame-000826,1,0.04018592,1.148098,846,669,574,1.20,96.00,61.27,14.44,172.91,0.911935832,0.126441670,0.357679658,0.156367528,0.6400365,-1.3736724,1.3397789
seq-02/frame-000827,1,0.04328703,1.380144,667,551,489,0.77,86.86,52.00,9.45,149.09,0.910649448,0.126225881,0.361200616,0.155944623,0.6407760,-1.3829556,1.3526870
seq-02/frame-000828,1,0.04151971,1.253325,544,472,419,0.99,76.63,43.27,8.95,129.84,0.910131752,0.133763865,0.360941120,0.153260988,0.6466794,-1.3709485,1.3550407
seq-02/frame-000829,1,0.03634513,1.047507,696,586,514,0.77,85.03,51.85,11.84,149.51,0.909610344,0.136441716,0.361096130,0.153630284,0.6367153,-1.3764683,1.3449428
seq-02/frame-000830,1,0.04384786,1.230113,724,602,528,1.38,96.71,50.15,11.24,159.48,0.908618204,0.137029785,0.362672337,0.155256474,0.6247064,-1.3846738,1.3471769
seq-02/frame-000831,1,0.04586732,1.254307,772,618,530,0.77,83.11,58.09,12.87,154.85,0.909725234,0.135095820,0.360952745,0.154474054,0.6174728,-1.3812411,1.3382490
seq-02/frame-000832,1,0.04751796,1.422801,780,623,541,1.76,80.27,48.90,9.70,140.64,0.910256334,0.132190997,0.361723970,0.152035250,0.6194649,-1.3831820,1.3454933
seq-02/frame-000833,1,0.06880863,2.070498,542,457,398,0.75,75.98,31.76,6.15,114.66,0.908131289,0.129527349,0.368311643,0.151217597,0.6047406,-1.3858487,1.3596964
seq-02/frame-000834,1,0.07465229,2.238743,451,388,330,0.75,61.57,25.71,6.55,94.59,0.907412535,0.122119858,0.370912094,0.155285061,0.5999089,-1.3974993,1.3538614
seq-02/frame-000835,1,0.05582800,1.553063,710,561,487,0.77,69.83,54.20,7.53,132.34,0.909311385,0.120820567,0.366673625,0.155259939,0.6106487,-1.3744308,1.3392845
seq-02/frame-000836,1,0.05610686,1.513729,836,658,562,0.85,77.66,64.85,36.29,179.66,0.909615580,0.121322954,0.366740073,0.152911594,0.6102486,-1.3658044,1.3377028
seq-02/frame-000837,1,0.07091868,1.922232,595,534,458,0.75,71.05,37.74,11.71,121.25,0.907569078,0.121563679,0.369554152,0.158020156,0.5986830,-1.3692233,1.3421443
seq-02/frame-000838,1,0.06252873,1.704417,466,380,327,0.93,71.22,32.92,15.16,120.24,0.910338964,0.114265226,0.362540424,0.163679166,0.6169914,-1.3830546,1.3293448
seq-02/frame-000839,1,0.05002253,1.330302,625,540,473,0.77,67.57,45.33,42.69,156.37,0.913989300,0.114980246,0.356498410,0.155923012,0.6194355,-1.3498703,1.3218960
seq-02/frame-000840,1,0.07362486,2.063047,622,543,479,0.75,73.24,67.54,13.69,155.23,0.913248356,0.109229123,0.361025128,0.153971735,0.6040469,-1.3533580,1.3321075
seq-02/frame-000841,1,0.06594459,1.858830,527,448,407,0.93,73.01,48.30,31.25,153.50,0.915267193,0.101154696,0.358697925,0.152936235,0.6142880,-1.3529745,1.3189315
seq-02/frame-000842,1,0.06883912,2.089645,714,590,511,1.42,111.29,61.07,13.79,187.56,0.915210076,0.100786207,0.360291420,0.149742279,0.6061971,-1.3357853,1.3201984
seq-02/frame-000843,1,0.07262950,2.061845,714,590,511,0.74,91.04,66.50,13.55,171.84,0.915210076,0.100786207,0.360291420,0.149742279,0.6061971,-1.3357853,1.3201984
seq-02/frame-000844,1,0.04730768,1.231554,545,413,358,0.74,110.36,29.22,11.82,152.14,0.919421012,0.092289032,0.348974043,0.156092453,0.6381134,-1.3465262,1.2858959
seq-02/frame-000845,1,0.05407289,1.488128,447,346,309,0.74,95.98,29.74,9.51,135.98,0.922133214,0.084965767,0.341132292,0.161492764,0.6533359,-1.3575697,1.2703302
seq-02/frame-000846,1,0.06390047,1.365600,261,191,169,0.77,87.52,15.15,6.40,109.84,0.923605261,0.081648243,0.337899951,0.161587468,0.6313343,-1.3454592,1.2630227
seq-02/frame-000847,1,0.04740852,1.057239,417,336,298,0.72,92.48,73.15,19.13,185.48,0.927493654,0.075278640,0.330694822,0.157256425,0.6420323,-1.3271693,1.2597225
seq-02/frame-000848,1,0.04569286,1.209373,549,467,404,0.93,63.91,37.84,9.96,112.65,0.927949364,0.070996086,0.331839588,0.154116906,0.6410245,-1.3161379,1.2683220
seq-02/frame-000849,1,0.04101027,1.197810,480,392,341,0.74,63.41,33.19,9.10,106.43,0.929335161,0.064276090,0.331927504,0.148421272,0.6453531,-1.3067805,1.2603945
seq-02/frame-000850,1,0.05028888,1.341438,472,385,345,0.74,61.01,30.72,10.06,102.53,0.929123273,0.056759449,0.334830270,0.146277130,0.6369896,-1.3057485,1.2557676
seq-02/frame-000851,1,0.05258522,1.246138,494,382,332,0.76,68.49,29.79,15.34,114.39,0.929467166,0.049853199,0.334494585,0.147373061,0.6356266,-1.3018745,1.2460632
seq-02/frame-000852,1,0.04719809,1.057463,473,382,330,1.26,63.54,25.08,9.36,99.24,0.931269344,0.042319727,0.330392739,0.147604500,0.6415054,-1.2940692,1.2367744
seq-02/frame-000853,1,0.03015903,0.835436,514,427,391,1.02,73.39,33.90,7.77,116.09,0.934375283,0.036949031,0.323855787,0.143857672,0.6555313,-1.2764195,1.2272034
seq-02/frame-000854,1,0.04225136,1.041805,496,418,375,0.72,64.82,30.39,14.03,109.96,0.934703902,0.030704089,0.323763918,0.143397347,0.6459821,-1.2762332,1.2258725
seq-02/frame-000855,1,0.04854063,1.218775,503,417,367,0.97,56.14,29.60,10.51,97.22,0.935232852,0.020989469,0.323599871,0.142063643,0.6454960,-1.2792120,1.2229571
seq-02/frame-000856,1,0.04202041,1.137885,561,479,433,0.87,68.81,41.89,8.00,119.57,0.935874199,0.015423185,0.323441458,0.138878481,0.6487934,-1.2658928,1.2179908
seq-02/frame-000857,1,0.04702782,1.254539,541,455,405,1.11,78.78,38.14,10.03,128.06,0.935436250,0.013497709,0.325119223,0.138109827,0.6391814,-1.2499755,1.2150160
seq-02/frame-000858,1,0.04850524,1.169691,500,426,371,0.74,72.27,36.01,8.70,117.72,0.936039878,0.006661268,0.323578366,0.138137665,0.6365308,-1.2448054,1.2016053
seq-02/frame-000859,1,0.04282953,1.062897,562,466,417,0.77,76.61,35.46,17.33,130.17,0.936545668,-0.000512125,0.321420771,0.139895094,0.6441526,-1.2436470,1.1939177
seq-02/frame-000860,1,0.02704841,0.808010,734,589,543,0.76,75.97,45.56,22.39,144.68,0.938029575,-0.003073480,0.316523531,0.141081268,0.6595506,-1.2346271,1.1809261
seq-02/frame-000861,1,0.03767751,0.887430,577,459,413,0.79,74.00,32.77,14.88,122.45,0.937875838,-0.006876774,0.315248635,0.144775414,0.6558165,-1.2395551,1.1752637
seq-02/frame-000862,1,0.04272511,1.092745,536,418,381,0.73,78.73,31.69,8.92,120.08,0.938124479,-0.009225398,0.315472788,0.142528149,0.6414039,-1.2215417,1.1715357
seq-02/frame-000863,1,0.03627109,0.929845,580,493,444,0.74,74.04,37.24,10.50,122.53,0.939103132,-0.013437071,0.312240405,0.142865961,0.6457903,-1.2111603,1.1594980
seq-02/frame-000864,1,0.03947709,0.878995,556,453,402,1.24,67.84,37.37,9.90,116.34,0.939772905,-0.018212933,0.309547415,0.143790036,0.6427817,-1.2076102,1.1490601
seq-02/frame-000865,1,0.02629638,0.698316,666,545,484,5.74,76.57,44.13,17.46,143.90,0.942186348,-0.019217896,0.302248855,0.143391726,0.6542297,-1.1890253,1.1329829
seq-02/frame-000866,1,0.01866433,0.606967,735,553,491,1.14,72.91,50.71,8.71,133.47,0.944415597,-0.020339455,0.293701340,0.146304511,0.6736233,-1.1827049,1.1176710
seq-02/frame-000867,1,0.02266924,0.674397,848,642,577,1.56,84.77,56.07,14.46,156.85,0.944082376,-0.018892990,0.295011243,0.146013318,0.6522141,-1.1697120,1.1213479
seq-02/frame-000868,1,0.02217841,0.725889,711,603,531,0.75,72.03,45.65,8.35,126.78,0.945083582,-0.022838436,0.292708131,0.143587527,0.6508475,-1.1675064,1.1156940
seq-02/frame-000869,1,0.03202848,0.914913,747,615,535,0.76,76.42,44.57,12.62,134.38,0.945419495,-0.024527904,0.292807432,0.140869330,0.6359270,-1.1548981,1.1116580
seq-02/frame-000870,1,0.02670867,0.872742,641,533,460,1.15,74.35,36.91,10.94,123.36,0.946956440,-0.029212609,0.288254463,0.139030533,0.6393416,-1.1526523,1.1045493
seq-02/frame-000871,1,0.03614905,1.085695,580,502,440,1.12,70.56,38.49,14.97,125.14,0.947486186,-0.030759319,0.287152699,0.137357630,0.6270952,-1.1373741,1.1011379
seq-02/frame-000872,1,0.02394556,0.912201,575,481,432,0.74,67.07,34.99,17.61,120.41,0.949610338,-0.033863680,0.279520060,0.137702555,0.6410648,-1.1254368,1.0838870
seq-02/frame-000873,1,0.03910121,1.203133,555,502,437,0.78,71.65,31.54,16.76,120.73,0.948859935,-0.037736010,0.281237170,0.138370778,0.6189694,-1.1224430,1.0927869
seq-02/frame-000874,1,0.03359800,1.174080,548,468,416,0.75,69.38,28.50,12.04,110.67,0.951379545,-0.040254323,0.272871017,0.137105651,0.6259120,-1.1066115,1.0745066
seq-02/frame-000875,1,0.03358588,1.160983,548,468,416,0.97,59.63,35.60,14.34,110.54,0.951379545,-0.040254323,0.272871017,0.137105651,0.6259120,-1.1066115,1.0745066
seq-02/frame-000876,1,0.04153587,1.233565,639,554,496,0.76,63.33,42.50,11.17,117.76,0.951062250,-0.044276824,0.272241290,0.139301254,0.6106804,-1.1056938,1.0774309
seq-02/frame-000877,1,0.03095469,0.983477,617,511,455,0.79,70.20,39.13,14.21,124.33,0.952671124,-0.047473188,0.265255429,0.140725207,0.6178518,-1.0991723,1.0617803
seq-02/frame-000878,1,0.02831818,1.042806,566,438,406,0.88,71.19,30.82,10.17,113.07,0.955074573,-0.049983078,0.256186476,0.140366452,0.6271935,-1.0819447,1.0447352
seq-02/frame-000879,1,0.03357439,1.042933,598,498,452,1.10,71.72,32.22,15.20,120.24,0.954611858,-0.053599245,0.256617523,0.141388717,0.6072674,-1.0772300,1.0484490
seq-02/frame-000880,1,0.04160759,1.313155,582,499,441,0.76,65.59,27.34,15.81,109.49,0.954895499,-0.055027777,0.255160168,0.141562066,0.5927420,-1.0674199,1.0513208
seq-02/frame-000881,1,0.03369755,1.286695,483,376,313,0.76,75.78,21.62,9.76,107.92,0.959729224,-0.065428255,0.232681995,0.143171402,0.6384484,-1.0829642,1.0090256
seq-02/frame-000882,1,0.03173051,0.988008,370,249,193,1.60,59.69,18.84,19.84,99.96,0.962206310,-0.064997604,0.221957715,0.143767527,0.6198611,-1.0581118,0.9984271
seq-02/frame-000883,1,0.04008108,1.193109,415,273,205,0.94,65.14,20.37,16.80,103.26,0.964971025,-0.068917587,0.207576208,0.144891014,0.6231266,-1.0411498,0.9858276
seq-02/frame-000884,1,0.03914728,1.392792,390,267,200,1.22,65.14,19.52,16.58,102.46,0.966352520,-0.081477219,0.199752406,0.140082997,0.6098524,-1.0578901,0.9844810
seq-02/frame-000885,1,0.03522366,1.017791,485,354,279,0.96,68.24,26.36,11.30,106.87,0.967452250,-0.082536323,0.192545070,0.141951740,0.6072165,-1.0283508,0.9825751
seq-02/frame-000886,1,0.07449429,1.387582,446,322,232,0.74,61.06,24.70,17.40,103.91,0.965093300,-0.103125360,0.189352914,0.148679373,0.6285836,-1.0932412,1.0237308
seq-02/frame-000887,1,0.05000232,1.241833,520,370,290,0.73,52.45,28.70,11.77,93.65,0.970332059,-0.095891723,0.174095542,0.137663412,0.6124204,-1.0184283,0.9628942
seq-02/frame-000888,1,0.02191995,0.842788,637,474,389,0.74,59.15,35.43,23.23,118.56,0.970421831,-0.100201300,0.175656685,0.131855596,0.5776765,-1.0104835,0.9777172
seq-02/frame-000889,1,0.02887384,0.825984,622,485,412,0.82,62.84,24.97,15.50,104.13,0.971328828,-0.106469942,0.168154996,0.130032134,0.5833471,-1.0154626,0.9662286
seq-02/frame-000890,1,0.04025681,0.985083,534,356,276,0.81,56.81,26.99,9.73,94.35,0.973018945,-0.108286540,0.157668031,0.129030812,0.5930114,-0.9988507,0.9574232
seq-02/frame-000891,1,0.06732767,1.701121,409,241,174,0.71,58.25,16.42,16.50,91.89,0.975463358,-0.114203394,0.139968817,0.125847334,0.6063759,-0.9936704,0.9283600
seq-02/frame-000892,1,0.05918433,1.403561,452,250,187,0.84,58.09,24.28,11.13,94.34,0.976319625,-0.122366895,0.131199956,0.120883844,0.5802007,-0.9923773,0.9189293
seq-02/frame-000893,1,0.05943921,1.417761,452,250,187,0.68,64.01,19.98,11.50,96.17,0.976319625,-0.122366895,0.131199956,0.120883844,0.5802007,-0.9923773,0.9189293
seq-02/frame-000894,1,0.03713178,0.912526,533,308,255,0.73,69.75,27.76,15.38,113.63,0.976705508,-0.122996507,0.129661042,0.118769627,0.5543206,-0.9650783,0.9462111
seq-02/frame-000895,1,0.03820398,0.943291,629,420,341,0.74,52.61,24.08,32.87,110.30,0.977489588,-0.128373058,0.123344100,0.113228517,0.5402540,-0.9613431,0.9470678
seq-02/frame-000896,1,0.02265297,0.432970,557,409,341,0.73,80.50,35.74,13.17,130.14,0.977789732,-0.137989163,0.112898793,0.110182094,0.5448302,-0.9760837,0.9448050
seq-02/frame-000897,1,0.02988429,0.437154,475,317,248,0.89,73.85,18.62,13.75,107.11,0.978945804,-0.142506936,0.100009350,0.106559922,0.5408791,-0.9772213,0.9305711
seq-02/frame-000898,1,0.02319904,0.948734,463,283,213,0.74,67.16,26.04,27.42,121.35,0.980216999,-0.151405975,0.082016310,0.097591962,0.5421773,-0.9847033,0.9351823
seq-02/frame-000899,1,0.02366218,3.076705,444,317,247,0.72,58.96,14.71,19.06,93.46,0.981062828,-0.155904925,0.062902758,0.096190562,0.5654139,-0.9722012,0.9443746
seq-02/frame-000900,1,0.02125649,1.085788,444,317,247,0.68,87.50,26.31,24.76,139.25,0.981062828,-0.155904925,0.062902758,0.096190562,0.5654139,-0.9722012,0.9443746
seq-02/frame-000901,1,0.01380234,0.644730,489,325,252,0.73,70.95,26.52,23.19,121.39,0.981612682,-0.159987765,0.051808758,0.090312292,0.5506817,-0.9638734,0.9607981
seq-02/frame-000902,1,0.02635333,1.125007,829,557,483,0.78,76.62,55.64,34.29,167.33,0.983027668,-0.162674902,0.034592953,0.077439054,0.5570084,-0.9568447,0.9493720
seq-02/frame-000903,1,0.01864288,1.178060,1088,694,586,1.83,69.88,46.45,11.29,129.46,0.982703724,-0.171690299,0.024255107,0.065019391,0.5591791,-0.9771270,0.9542610
seq-02/frame-000904,1,0.01845367,1.166251,1088,694,586,1.34,76.87,63.26,19.20,160.66,0.982703724,-0.171690299,0.024255107,0.065019391,0.5591791,-0.9771270,0.9542610
seq-02/frame-000905,1,0.02287248,0.899673,964,644,561,0.78,83.24,65.51,13.68,163.20,0.983458902,-0.170792606,0.018981754,0.057255286,0.5537220,-0.9635530,0.9502249
seq-02/frame-000906,1,0.03308473,0.922099,673,476,404,0.79,64.82,48.18,20.66,134.45,0.983573988,-0.171798006,0.010147053,0.054448994,0.5596963,-0.9563838,0.9544612
seq-02/frame-000907,1,0.02009552,2.059113,734,495,397,0.79,69.41,35.18,25.95,131.33,0.983408318,-0.175181131,-0.000458352,0.047110942,0.5536929,-0.9697452,0.9586609
seq-02/frame-000908,1,0.02078039,0.653266,734,495,397,0.79,68.16,33.82,22.54,125.32,0.983408318,-0.175181131,-0.000458352,0.047110942,0.5536929,-0.9697452,0.9586609
seq-02/frame-000909,1,0.04355686,1.418808,998,693,592,0.80,88.50,60.34,21.03,170.67,0.983018905,-0.177279713,-0.018174768,0.043765448,0.5805311,-0.9649371,0.9664289
seq-02/frame-000910,1,0.02570140,0.747655,815,596,505,0.80,74.07,47.51,16.44,138.83,0.983033823,-0.178366195,-0.019393989,0.038129727,0.5569140,-0.9649080,0.9792735
seq-02/frame-000911,1,0.02550718,0.740947,815,596,505,0.81,89.20,50.55,16.58,157.14,0.983033823,-0.178366195,-0.019393989,0.038129727,0.5569140,-0.9649080,0.9792735
seq-02/frame-000912,1,0.02162491,0.526147,741,468,389,0.82,64.49,43.65,18.48,127.43,0.983214903,-0.176811634,-0.024100925,0.038016389,0.5435665,-0.9618781,0.9839409
seq-02/frame-000913,1,0.02760341,0.806396,682,438,365,0.80,61.65,40.68,10.26,113.39,0.981998402,-0.180944201,-0.041166974,0.035264911,0.5641698,-0.9707236,0.9956673
seq-02/frame-000914,1,0.02808203,0.803273,682,438,365,1.02,66.53,43.46,13.60,124.61,0.981998402,-0.180944201,-0.041166974,0.035264911,0.5641698,-0.9707236,0.9956673
seq-02/frame-000915,1,0.04648747,1.821230,832,605,522,1.00,72.91,52.83,16.12,142.86,0.980124426,-0.186467172,-0.059728581,0.031915499,0.5890320,-0.9940107,1.0117894
seq-02/frame-000916,1,0.03560289,1.298760,1089,782,675,1.11,83.01,61.14,18.93,164.19,0.980627385,-0.182829931,-0.064438431,0.028121817,0.5834938,-0.9864948,1.0199150
seq-02/frame-000917,1,0.03554127,1.292498,1089,782,675,1.32,83.47,65.66,15.90,166.34,0.980627385,-0.182829931,-0.064438431,0.028121817,0.5834938,-0.9864948,1.0199150
seq-02/frame-000918,1,0.02386553,0.596748,843,522,421,1.04,76.15,46.49,15.57,139.25,0.981856465,-0.176678466,-0.065487919,0.021305710,0.5613402,-0.9723532,1.0220964
seq-02/frame-000919,1,0.01880432,0.725625,713,548,440,0.82,77.26,40.34,19.00,137.42,0.979935592,-0.181664538,-0.080040998,0.017823283,0.5698878,-0.9946208,1.0392977
seq-02/frame-000920,1,0.02709125,0.838844,821,557,450,1.01,69.95,36.41,20.80,128.17,0.979277083,-0.179320067,-0.093201278,0.013199600,0.5780883,-0.9926500,1.0581595
seq-02/frame-000921,1,0.02684514,0.839989,821,557,450,1.64,65.33,39.60,21.41,127.98,0.979277083,-0.179320067,-0.093201278,0.013199600,0.5780883,-0.9926500,1.0581595
seq-02/frame-000922,1,0.02371127,0.735625,840,537,430,0.83,67.96,43.45,13.23,125.47,0.978527122,-0.177004863,-0.105416055,0.006434658,0.5820296,-0.9899505,1.0574186
seq-02/frame-000923,1,0.01921260,0.801298,1034,705,552,0.90,76.06,50.74,12.36,140.06,0.975576576,-0.184485549,-0.119211200,-0.002028705,0.5851488,-1.0087021,1.0778393
seq-02/frame-000924,1,0.05390359,2.025480,1277,898,730,1.62,88.69,64.25,18.16,172.72,0.972051115,-0.188311416,-0.139602703,-0.012904525,0.6214775,-1.0279262,1.1018223
seq-02/frame-000925,1,0.05394210,2.026317,1277,898,730,1.13,81.03,59.51,17.81,159.49,0.972051115,-0.188311416,-0.139602703,-0.012904525,0.6214775,-1.0279262,1.1018223
seq-02/frame-000926,1,0.03677281,1.390626,1368,911,756,1.50,87.06,69.88,19.57,178.02,0.971640463,-0.186722001,-0.143545693,-0.021079365,0.6131720,-1.0271616,1.1072271
seq-02/frame-000927,1,0.01498156,0.685077,979,722,600,1.11,63.37,47.68,17.21,129.36,0.970548839,-0.188814561,-0.146611315,-0.029818381,0.5955561,-1.0264464,1.1167793
seq-02/frame-000928,1,0.03487771,1.411706,1217,796,648,0.87,88.40,54.62,18.27,162.16,0.965916898,-0.197976156,-0.162727803,-0.036464361,0.6167507,-1.0486264,1.1317900
seq-02/frame-000929,1,0.03420366,1.392678,1217,796,648,0.86,78.18,61.99,22.70,163.74,0.965916898,-0.197976156,-0.162727803,-0.036464361,0.6167507,-1.0486264,1.1317900
seq-02/frame-000930,1,0.05512841,1.893474,1610,1149,964,1.73,84.65,83.67,10.77,180.83,0.962673885,-0.200745377,-0.176837538,-0.041094654,0.6383317,-1.0532647,1.1613276
seq-02/frame-000931,1,0.03001019,1.113814,1528,1083,913,1.52,83.75,79.43,10.02,174.72,0.962278202,-0.198762060,-0.179166679,-0.049128480,0.6244740,-1.0522074,1.1639405
seq-02/frame-000932,1,0.04453353,1.501478,1541,1112,948,0.88,78.41,76.67,24.28,180.24,0.958424507,-0.205292597,-0.189739228,-0.057240197,0.6400408,-1.0725906,1.1786701
seq-02/frame-000933,1,0.04462385,1.514300,1541,1112,948,1.23,76.49,62.67,22.18,162.57,0.958424507,-0.205292597,-0.189739228,-0.057240197,0.6400408,-1.0725906,1.1786701
seq-02/frame-000934,1,0.04644368,1.628966,1467,1061,888,0.89,79.73,79.69,18.35,178.68,0.955339657,-0.207648334,-0.199900903,-0.065176203,0.6427032,-1.0784536,1.2010351
seq-02/frame-000935,1,0.02252618,0.819418,1420,1049,886,1.11,95.53,57.17,17.44,171.26,0.954846087,-0.203120687,-0.204635033,-0.071661982,0.6336641,-1.0657808,1.2041830
seq-02/frame-000936,1,0.02689936,0.917415,1342,994,833,0.87,84.36,58.02,12.49,155.74,0.951620073,-0.206040269,-0.214930273,-0.075971187,0.6441530,-1.0745699,1.2132886
seq-02/frame-000937,1,0.04290156,2.226723,1386,1024,861,0.88,76.32,69.21,21.09,167.50,0.948169654,-0.209924869,-0.225061286,-0.079077645,0.6476504,-1.0843170,1.2293133
seq-02/frame-000938,1,0.03192546,1.078833,1386,1024,861,0.85,80.32,58.71,22.92,162.81,0.948169654,-0.209924869,-0.225061286,-0.079077645,0.6476504,-1.0843170,1.2293133
seq-02/frame-000939,1,0.03098073,1.027060,2066,1408,1183,0.91,90.70,90.13,13.67,195.41,0.945471486,-0.211287401,-0.233388704,-0.083492609,0.6516651,-1.0864206,1.2370399
seq-02/frame-000940,1,0.03401700,1.079491,2238,1777,1536,0.95,112.63,102.52,12.26,228.36,0.943150935,-0.211695613,-0.241626969,-0.085250746,0.6674653,-1.0779387,1.2592104
seq-02/frame-000941,1,0.02852710,0.861981,2324,1804,1555,0.94,107.63,114.87,14.71,238.16,0.942291681,-0.211102662,-0.243890703,-0.089662582,0.6687511,-1.0797474,1.2628414
seq-02/frame-000942,1,0.02500142,0.756489,2079,1565,1341,0.91,97.39,120.11,24.43,242.84,0.941037232,-0.211354013,-0.246810073,-0.094144550,0.6739058,-1.0757358,1.2730062
seq-02/frame-000943,1,0.01697439,0.710299,2079,1565,1341,0.92,88.46,104.31,19.41,213.10,0.941037232,-0.211354013,-0.246810073,-0.094144550,0.6739058,-1.0757358,1.2730062
seq-02/frame-000944,1,0.02919799,0.807011,1913,1440,1273,0.91,91.16,100.36,8.41,200.84,0.939997842,-0.213983623,-0.247108894,-0.097735672,0.6785022,-1.0811168,1.2881602
seq-02/frame-000945,1,0.03004306,0.867958,2068,1521,1288,0.90,94.71,102.28,15.16,213.04,0.939477125,-0.214078575,-0.247815642,-0.100700062,0.6804866,-1.0859331,1.3000985
seq-02/frame-000946,1,0.02776859,0.872590,2437,1818,1520,0.96,102.47,123.68,26.00,253.11,0.939175751,-0.213835841,-0.248601213,-0.102081240,0.6827885,-1.0899773,1.3049805
seq-02/frame-000947,1,0.02513722,0.695874,1775,1330,1104,0.84,77.23,84.88,9.02,171.96,0.938439708,-0.215365505,-0.249296773,-0.103921766,0.6802913,-1.0945071,1.3030765
seq-02/frame-000948,1,0.02256163,0.695976,2219,1562,1297,0.91,91.37,104.71,11.95,208.94,0.936110725,-0.219302275,-0.254789175,-0.103371652,0.6893388,-1.0876706,1.3170909
seq-02/frame-000949,1,0.03455605,1.072766,1927,1454,1233,0.91,77.33,89.49,17.05,184.77,0.934894868,-0.220050514,-0.257386241,-0.106309362,0.6961534,-1.0840755,1.3343451
seq-02/frame-000950,1,0.02568459,0.679857,1927,1454,1233,0.90,105.89,102.44,19.56,228.79,0.934894868,-0.220050514,-0.257386241,-0.106309362,0.6961534,-1.0840755,1.3343451
seq-02/frame-000951,1,0.02363032,0.648163,1751,1246,1049,0.88,88.15,90.82,14.35,194.21,0.934490948,-0.220934849,-0.255859231,-0.111581875,0.6968010,-1.0844175,1.3424624
seq-02/frame-000952,1,0.01856791,0.685773,1661,1151,956,0.85,87.28,82.08,13.60,183.80,0.933379693,-0.225210543,-0.253185999,-0.118234552,0.6909973,-1.0894770,1.3452346
seq-02/frame-000953,1,0.02511158,0.802249,2240,1590,1333,0.93,92.97,99.46,27.40,220.77,0.930809421,-0.230857904,-0.256175503,-0.121130346,0.6985055,-1.0946694,1.3632046
seq-02/frame-000954,1,0.01911009,0.528022,2240,1590,1333,0.91,105.99,123.94,20.45,251.29,0.930809421,-0.230857904,-0.256175503,-0.121130346,0.6985055,-1.0946694,1.3632046
seq-02/frame-000955,1,0.02670044,0.894526,2254,1666,1428,0.92,101.72,110.44,15.86,228.94,0.928891881,-0.233034323,-0.260184754,-0.123120963,0.6979615,-1.1004501,1.3767709
seq-02/frame-000956,1,0.02291839,0.817985,2130,1552,1325,0.91,97.47,102.40,11.91,212.70,0.927154176,-0.234498817,-0.263695900,-0.125936141,0.6927884,-1.1053842,1.3788929
seq-02/frame-000957,1,0.02261310,0.780296,2290,1684,1411,0.93,86.26,105.26,18.00,210.45,0.924765495,-0.236613975,-0.269269372,-0.127736492,0.6956185,-1.1037288,1.3925369
seq-02/frame-000958,1,0.02696860,0.822938,2068,1538,1287,1.26,86.46,95.09,28.22,211.03,0.922351292,-0.238909449,-0.274448899,-0.129877525,0.6945907,-1.1084004,1.4129064
seq-02/frame-000959,1,0.02327343,0.699186,1957,1460,1216,0.91,74.63,91.96,17.77,185.28,0.921375074,-0.236955188,-0.277768374,-0.133285191,0.6921922,-1.1116633,1.4223499
seq-02/frame-000960,1,0.02425016,0.781484,1848,1394,1198,1.04,87.02,97.50,16.03,201.59,0.919982107,-0.236005836,-0.281424504,-0.136873726,0.6932829,-1.1173670,1.4280142
seq-02/frame-000961,1,0.02461359,0.794554,1848,1394,1198,0.88,87.21,97.23,19.24,204.56,0.919982107,-0.236005836,-0.281424504,-0.136873726,0.6932829,-1.1173670,1.4280142
seq-02/frame-000962,1,0.02292286,0.828735,1454,1108,960,0.87,76.92,83.91,13.04,174.74,0.917038958,-0.237622625,-0.286389034,-0.143374891,0.6809118,-1.1286856,1.4356255
seq-02/frame-000963,1,0.02692915,1.028663,1490,1209,1050,0.86,78.97,66.23,13.54,159.61,0.913223936,-0.240417368,-0.294492916,-0.146613281,0.6762461,-1.1373122,1.4542187
seq-02/frame-000964,1,0.02457089,0.912292,1528,1153,973,0.84,80.61,80.43,26.90,188.79,0.910684114,-0.239194839,-0.302576187,-0.147945682,0.6740169,-1.1384648,1.4693973
seq-02/frame-000965,1,0.02342067,0.801969,1631,1232,1061,1.26,77.07,82.24,19.72,180.28,0.908695808,-0.235879424,-0.309583675,-0.150966134,0.6696127,-1.1410864,1.4802736
seq-02/frame-000966,1,0.02443409,0.906689,1410,1086,933,0.84,71.62,74.28,13.73,160.47,0.906342605,-0.234723784,-0.315841251,-0.153922483,0.6652010,-1.1454778,1.4927436
seq-02/frame-000967,1,0.02829458,1.095714,1388,1123,934,0.84,72.38,75.48,17.22,165.92,0.903730811,-0.233962495,-0.322767342,-0.156055805,0.6559739,-1.1501524,1.5050622
seq-02/frame-000968,1,0.02854879,1.098310,1388,1123,934,0.85,61.77,67.08,15.86,145.57,0.903730811,-0.233962495,-0.322767342,-0.156055805,0.6559739,-1.1501524,1.5050622
seq-02/frame-000969,1,0.02338224,0.897025,1227,1025,848,0.83,70.16,63.60,33.23,167.82,0.901560905,-0.232483438,-0.328804858,-0.158198456,0.6475160,-1.1541582,1.5070804
seq-02/frame-000970,1,0.03101180,1.312920,1244,940,772,0.82,68.61,63.68,13.86,146.97,0.898074909,-0.234825509,-0.338360063,-0.154372617,0.6486606,-1.1582473,1.5303711
seq-02/frame-000971,1,0.02419463,0.815771,1287,1046,898,1.71,69.62,89.96,10.09,171.39,0.895743968,-0.230413584,-0.345437974,-0.158823580,0.6320779,-1.1578028,1.5234821
seq-02/frame-000972,1,0.02457981,0.900347,1517,1165,996,0.83,80.12,84.69,12.03,177.68,0.891407005,-0.230626559,-0.355977882,-0.159639247,0.6329194,-1.1528891,1.5512340
seq-02/frame-000973,1,0.01909016,0.616177,1633,1306,1145,0.84,81.80,71.37,14.56,168.57,0.889451865,-0.226629309,-0.361487344,-0.163833561,0.6274565,-1.1529265,1.5552417
seq-02/frame-000974,1,0.02183863,0.789216,1433,1185,1043,0.83,93.73,75.38,19.26,189.20,0.886529216,-0.227601015,-0.366716307,-0.166681966,0.6160806,-1.1585372,1.5675564
seq-02/frame-000975,1,0.02246532,0.831940,1269,1001,829,0.80,81.03,64.88,15.04,161.75,0.883236670,-0.227391844,-0.373441489,-0.169491556,0.6034729,-1.1603790,1.5830454
seq-02/frame-000976,1,0.01470545,0.519008,1080,897,768,0.79,67.38,52.19,22.56,142.93,0.880523339,-0.224642118,-0.380661146,-0.171206486,0.5917746,-1.1616427,1.5907887
seq-02/frame-000977,1,0.02202716,0.762876,1175,916,760,0.81,80.25,62.97,17.85,161.88,0.877483231,-0.224540945,-0.387561885,-0.171465237,0.5826211,-1.1686350,1.5973865
seq-02/frame-000978,1,0.01982226,0.591415,1199,973,810,0.79,64.52,55.66,13.15,134.13,0.873231767,-0.222333080,-0.396995072,-0.174439663,0.5745460,-1.1693559,1.6084776
seq-02/frame-000979,1,0.01986529,0.602450,1199,973,810,0.74,67.23,71.66,14.25,153.89,0.873231767,-0.222333080,-0.396995072,-0.174439663,0.5745460,-1.1693559,1.6084776
seq-02/frame-000980,1,0.01909237,0.455935,889,693,554,0.77,55.02,43.95,16.26,116.01,0.868466067,-0.220778671,-0.408131649,-0.174505088,0.5654787,-1.1734515,1.6348302
seq-02/frame-000981,1,0.01611146,0.339281,1321,956,806,0.80,83.31,63.38,10.43,157.92,0.867021777,-0.212594002,-0.415791496,-0.173765535,0.5580063,-1.1647851,1.6487827
seq-02/frame-000982,1,0.01982471,0.487499,1469,1087,945,0.85,84.85,75.53,13.72,174.95,0.865197647,-0.208116997,-0.420036122,-0.178016864,0.5560303,-1.1711492,1.6490954
seq-02/frame-000983,1,0.02017861,0.514636,1514,1111,943,0.83,95.65,76.88,10.33,183.69,0.860958528,-0.206217410,-0.427542025,-0.182845862,0.5399640,-1.1721814,1.6682475
seq-02/frame-000984,1,0.01667354,0.368784,1513,1148,983,0.82,90.06,86.89,10.60,188.37,0.858044558,-0.202488566,-0.434081935,-0.185285700,0.5327488,-1.1728341,1.6831907
seq-02/frame-000985,1,0.01507677,0.363684,1219,875,748,0.80,62.56,57.20,7.84,128.41,0.855821832,-0.199112706,-0.438472967,-0.188850678,0.5193751,-1.1765770,1.6883758
seq-02/frame-000986,1,0.01782760,0.437369,1045,751,616,0.78,89.82,50.39,11.59,152.58,0.852461446,-0.198134408,-0.444999496,-0.189809611,0.5099996,-1.1846452,1.6957874
seq-02/frame-000987,1,0.02291665,0.617294,971,706,576,0.77,65.10,47.36,12.33,125.57,0.848918060,-0.196563586,-0.451640646,-0.191628837,0.4892579,-1.1900083,1.7002651
seq-02/frame-000988,1,0.01876274,0.527508,993,742,620,0.77,59.68,51.36,16.67,128.50,0.844473229,-0.192278409,-0.461853857,-0.191272039,0.4790418,-1.1882030,1.7174595
seq-02/frame-000989,1,0.01928688,0.550634,1300,899,763,0.96,78.75,71.71,9.04,160.47,0.840980043,-0.189128116,-0.470000710,-0.189953828,0.4723241,-1.1908988,1.7327521
seq-02/frame-000990,1,0.01828799,0.554085,1590,1251,1098,0.83,84.51,92.69,17.73,195.76,0.838171384,-0.186372117,-0.475703911,-0.190892519,0.4642028,-1.1904817,1.7427332
seq-02/frame-000991,1,0.01476763,0.414454,1306,943,799,1.22,93.85,61.65,18.14,174.86,0.835836397,-0.183015821,-0.481371821,-0.190168077,0.4575236,-1.1857009,1.7569116
seq-02/frame-000992,1,0.01396684,0.361742,1707,1368,1181,1.33,93.56,93.98,22.04,210.91,0.835451923,-0.180540485,-0.482816642,-0.190560509,0.4447699,-1.1900476,1.7598247
seq-02/frame-000993,1,0.01850232,0.485900,1575,1180,1028,0.97,83.90,79.67,16.78,181.33,0.834301100,-0.178917947,-0.484695459,-0.192354765,0.4332589,-1.1945255,1.7598537
seq-02/frame-000994,1,0.02039626,0.499705,1478,1126,956,0.82,86.66,78.44,14.88,180.81,0.831465953,-0.178977734,-0.489276400,-0.192976539,0.4218886,-1.1999831,1.7693164
seq-02/frame-000995,1,0.02042706,0.530224,1275,903,784,0.82,82.37,62.05,8.36,153.60,0.828974193,-0.177956128,-0.493640515,-0.193526344,0.4098812,-1.2011157,1.7779902
seq-02/frame-000996,1,0.02139361,0.532186,995,702,590,2.15,76.14,44.01,8.24,130.54,0.826653498,-0.176378422,-0.497960861,-0.193828859,0.3983247,-1.2060719,1.7785649
seq-02/frame-000997,1,0.03261828,0.706585,1149,798,676,0.81,74.09,59.05,13.15,147.10,0.823608577,-0.175643561,-0.503296757,-0.193676602,0.3849052,-1.2127381,1.7778528
seq-02/frame-000998,1,0.02672028,0.640101,1108,811,687,0.80,65.54,55.98,14.52,136.83,0.820046774,-0.173101176,-0.509849989,-0.193938804,0.3684302,-1.2081964,1.7867209
seq-02/frame-000999,1,0.02119528,0.439576,1074,737,613,0.79,75.71,61.17,19.20,156.89,0.816541513,-0.170975146,-0.516626182,-0.192678085,0.3496395,-1.2083758,1.8047979
seq-06/frame-000000,1,0.03144495,1.346053,2682,1491,1198,1.02,106.57,140.60,22.82,271.03,0.874646927,-0.258802666,-0.359025975,-0.197773312,-1.0149029,-0.9586966,0.6677225
seq-06/frame-000001,1,0.03178039,1.503231,2763,1550,1227,1.78,122.33,150.59,14.79,289.49,0.874742613,-0.259077557,-0.359109285,-0.196836738,-1.0140192,-0.9574793,0.6702546
seq-06/frame-000002,1,0.03115754,1.468434,2904,1604,1246,1.10,133.08,143.40,25.19,302.76,0.875059449,-0.258191373,-0.358678614,-0.197377375,-1.0147331,-0.9568704,0.6707539
seq-06/frame-000003,1,0.03364431,1.377971,2976,1677,1328,0.98,124.84,140.68,23.19,289.70,0.875258612,-0.257671943,-0.358347371,-0.197774352,-1.0122243,-0.9573494,0.6706667
seq-06/frame-000004,1,0.03496421,1.576247,2847,1594,1297,1.27,133.59,154.45,13.12,302.44,0.875005683,-0.257489393,-0.357739155,-0.200217293,-1.0135245,-0.9577373,0.6722959
seq-06/frame-000005,1,0.03320850,1.669370,2924,1613,1308,0.94,137.65,157.31,22.04,317.94,0.875123495,-0.257330454,-0.356687070,-0.201777701,-1.0175798,-0.9572707,0.6755539
seq-06/frame-000006,1,0.03484631,1.683858,2655,1495,1224,0.89,129.49,144.97,20.88,296.24,0.876017031,-0.257080883,-0.353997486,-0.202951620,-1.0207177,-0.9599354,0.6754332
seq-06/frame-000007,1,0.03689164,1.645052,2433,1350,1107,0.90,114.71,128.45,16.32,260.39,0.877867275,-0.255928593,-0.349878088,-0.203555707,-1.0205405,-0.9589099,0.6703445
seq-06/frame-000008,1,0.04158201,1.583359,2715,1558,1272,3.32,132.71,147.20,18.70,301.94,0.878678900,-0.256395895,-0.347990868,-0.202699017,-1.0160435,-0.9597299,0.6719962
seq-06/frame-000009,1,0.03740646,1.739525,2921,1666,1345,2.62,123.71,157.44,20.33,304.10,0.879385333,-0.256862305,-0.345586839,-0.203157398,-1.0213137,-0.9556901,0.6742535
seq-06/frame-000010,1,0.03225874,1.369505,2888,1620,1309,1.97,123.65,158.29,30.54,314.45,0.880502539,-0.256778332,-0.342886129,-0.203000666,-1.0261446,-0.9525244,0.6759356
seq-06/frame-000011,1,0.02898303,1.508452,2464,1345,1048,0.89,113.29,139.82,19.33,273.33,0.881885257,-0.256380583,-0.339388980,-0.203377752,-1.0371255,-0.9532358,0.6770641
seq-06/frame-000012,1,0.03725698,1.776493,1973,1061,843,0.85,114.80,107.49,17.21,240.36,0.882878470,-0.256233555,-0.335809156,-0.205188166,-1.0382834,-0.9609486,0.6786337
seq-06/frame-000013,1,0.03830050,1.491669,2786,1595,1254,2.28,132.50,154.99,22.12,311.88,0.884403147,-0.254030427,-0.333510500,-0.205110610,-1.0330447,-0.9571104,0.6759138
seq-06/frame-000014,1,0.03531956,1.533183,3013,1712,1319,0.99,136.42,171.03,18.22,326.66,0.885973685,-0.253069850,-0.330122306,-0.205001326,-1.0393190,-0.9518094,0.6710010
seq-06/frame-000015,1,0.03158036,1.438236,2923,1625,1282,0.97,137.40,164.68,15.85,318.90,0.886730987,-0.251762827,-0.330266119,-0.203095856,-1.0424445,-0.9457294,0.6731282
seq-06/frame-000016,1,0.03266567,1.502384,2780,1579,1249,0.97,130.71,161.94,21.61,315.24,0.886777910,-0.252863536,-0.329450073,-0.202848764,-1.0495758,-0.9506099,0.6749495
seq-06/frame-000017,1,0.02713042,1.517615,2634,1412,1108,0.87,124.35,147.86,25.64,298.72,0.888247427,-0.251383693,-0.327324613,-0.201696169,-1.0596771,-0.9478734,0.6772970
seq-06/frame-000018,1,0.02659465,1.282310,2400,1252,950,0.86,122.84,133.95,15.29,272.94,0.889387010,-0.249200029,-0.326016341,-0.201502947,-1.0650737,-0.9500224,0.6784039
seq-06/frame-000019,1,0.02748350,1.325009,2043,1060,838,0.83,108.21,115.07,21.24,245.36,0.891106510,-0.246625076,-0.323733851,-0.200752717,-1.0695594,-0.9508419,0.6805410
seq-06/frame-000020,1,0.04037263,1.916927,2672,1483,1174,1.22,114.22,148.05,21.64,285.13,0.891897650,-0.245954691,-0.322516164,-0.200020488,-1.0693606,-0.9579443,0.6844459
seq-06/frame-000021,1,0.04220388,1.762905,2897,1686,1327,0.92,128.11,160.48,16.40,305.91,0.893079107,-0.243952157,-0.321520393,-0.198800628,-1.0671995,-0.9530258,0.6825244
seq-06/frame-000022,1,0.03428040,1.320723,1797,989,787,0.83,105.86,91.95,11.68,210.33,0.893997766,-0.242464015,-0.320599375,-0.197977867,-1.0777215,-0.9461448,0.6824911
seq-06/frame-000023,1,0.03652338,1.752070,1778,1074,830,0.92,102.37,83.93,17.22,204.45,0.892413703,-0.240439328,-0.326099323,-0.198610029,-1.0825476,-0.9465184,0.6903662
seq-06/frame-000024,1,0.03155049,1.604494,1848,1110,897,0.82,106.54,98.08,16.04,221.49,0.892632416,-0.238877295,-0.327375058,-0.197409671,-1.0929179,-0.9450283,0.6899139
seq-06/frame-000025,1,0.03535692,1.716192,1622,965,765,0.81,97.20,72.90,14.88,185.81,0.891937148,-0.238651618,-0.331252979,-0.194332172,-1.0941268,-0.9443320,0.6940679
seq-06/frame-000026,1,0.03900883,2.020676,1745,1042,807,1.18,98.10,93.31,20.31,212.90,0.889899085,-0.241587826,-0.334737861,-0.194076032,-1.1033434,-0.9516829,0.7000770
seq-06/frame-000027,1,0.04273719,2.167998,1834,1167,961,0.86,102.41,102.09,21.25,226.61,0.887847717,-0.243064238,-0.339277403,-0.193744810,-1.1030579,-0.9519479,0.7061270
seq-06/frame-000028,1,0.03208337,1.797145,1480,936,738,1.34,87.14,79.34,19.62,187.44,0.887930623,-0.242522584,-0.339139412,-0.194284492,-1.1183949,-0.9499060,0.7073967
seq-06/frame-000029,1,0.03572677,2.066921,1639,1019,817,2.34,100.71,87.96,19.69,210.70,0.886632429,-0.240800708,-0.343803036,-0.194158253,-1.1212262,-0.9510117,0.7137541
seq-06/frame-000030,1,0.02720295,1.774867,1857,1146,936,1.50,90.18,98.18,16.40,206.26,0.887246286,-0.237263930,-0.346154575,-0.191512053,-1.1286242,-0.9404424,0.7162931
seq-06/frame-000031,1,0.02790292,1.834448,1857,1146,936,0.84,95.06,97.15,11.85,204.91,0.887246286,-0.237263930,-0.346154575,-0.191512053,-1.1286242,-0.9404424,0.7162931
seq-06/frame-000032,1,0.01704682,1.514166,1457,928,763,1.40,76.25,72.81,8.86,159.33,0.887516756,-0.235883471,-0.348230041,-0.188172354,-1.1394021,-0.9276898,0.7200278
seq-06/frame-000033,1,0.02222012,1.743188,1396,857,676,1.33,83.86,60.39,22.82,168.40,0.883939291,-0.240185514,-0.353548530,-0.189646213,-1.1453647,-0.9358349,0.7261540
seq-06/frame-000034,1,0.00854358,1.316536,1223,814,660,0.81,69.41,52.05,9.29,131.57,0.882592445,-0.240862454,-0.358613186,-0.185505895,-1.1549177,-0.9196509,0.7338726
seq-06/frame-000035,1,0.02882191,1.721404,1004,665,525,0.79,78.70,41.67,8.10,129.26,0.875597878,-0.251944560,-0.365423779,-0.190572181,-1.1553100,-0.9476094,0.7423599
seq-06/frame-000036,1,0.03239511,2.081349,1296,822,667,0.79,84.40,74.50,11.90,171.58,0.869964736,-0.252738528,-0.377007755,-0.192742698,-1.1586436,-0.9529577,0.7585641
seq-06/frame-000037,1,0.02567368,1.816977,1549,989,831,0.82,79.32,78.11,22.72,180.97,0.868259461,-0.250828839,-0.381717279,-0.193655162,-1.1700215,-0.9495030,0.7631224
seq-06/frame-000038,1,0.00945507,1.200054,954,700,604,0.81,78.46,40.57,8.19,128.03,0.867361305,-0.246971769,-0.388048661,-0.190019864,-1.1760190,-0.9326686,0.7723684
seq-06/frame-000039,1,0.01260420,0.789035,954,700,604,0.79,70.08,49.72,10.18,130.78,0.867361305,-0.246971769,-0.388048661,-0.190019864,-1.1760190,-0.9326686,0.7723684
seq-06/frame-000040,1,0.01512216,1.064399,677,457,351,0.75,51.39,39.17,10.22,101.53,0.863912547,-0.250640851,-0.393114809,-0.190512524,-1.1905358,-0.9469190,0.7759509
seq-06/frame-000041,1,0.02161612,1.133279,678,416,320,1.16,62.70,29.89,9.75,103.51,0.859227072,-0.251395502,-0.403631567,-0.188707969,-1.2010253,-0.9493273,0.7825174
seq-06/frame-000042,1,0.01036970,0.721379,705,499,407,0.73,64.34,34.09,14.42,113.59,0.852265712,-0.250573682,-0.420258346,-0.185037588,-1.1971458,-0.9424280,0.7994666
seq-06/frame-000043,1,0.01488026,0.674269,723,535,419,0.76,55.25,32.26,12.39,100.66,0.845616815,-0.252170711,-0.431794705,-0.186803285,-1.2034308,-0.9441187,0.8080983
seq-06/frame-000044,1,0.01451829,0.684202,723,535,419,0.74,60.37,39.73,18.53,119.37,0.845616815,-0.252170711,-0.431794705,-0.186803285,-1.2034308,-0.9441187,0.8080983
seq-06/frame-000045,1,0.01944875,0.827386,868,605,483,0.76,66.91,44.38,12.70,124.75,0.838284246,-0.254167610,-0.443900059,-0.188761981,-1.2100484,-0.9454517,0.8188889
seq-06/frame-000046,1,0.01897787,0.808317,948,712,598,0.78,74.89,48.82,8.71,133.21,0.830496545,-0.255991112,-0.456335819,-0.191054076,-1.2119729,-0.9472005,0.8342517
seq-06/frame-000047,1,0.01313473,0.621904,1112,791,687,0.79,64.86,56.67,13.35,135.66,0.821853847,-0.256167388,-0.469357025,-0.196566797,-1.2080977,-0.9490917,0.8490684
seq-06/frame-000048,1,0.01309862,0.605071,1112,791,687,0.81,63.11,64.26,17.69,145.87,0.821853847,-0.256167388,-0.469357025,-0.196566797,-1.2080977,-0.9490917,0.8490684
seq-06/frame-000049,1,0.01798913,0.882644,1252,913,784,0.82,69.73,71.12,10.92,152.60,0.814905717,-0.255825573,-0.478999617,-0.202586564,-1.2130194,-0.9504310,0.8635024
seq-06/frame-000050,1,0.02223970,1.070222,1131,842,714,0.80,67.54,62.16,7.08,137.59,0.809934992,-0.255502424,-0.485987531,-0.206252127,-1.2164183,-0.9518625,0.8724246
seq-06/frame-000051,1,0.02440320,1.173550,1154,850,719,0.80,63.48,48.76,11.62,124.66,0.803261007,-0.255565767,-0.495069425,-0.210628008,-1.2181768,-0.9531113,0.8834899
seq-06/frame-000052,1,0.02380364,1.134617,1154,850,719,0.82,88.50,67.63,14.23,171.18,0.803261007,-0.255565767,-0.495069425,-0.210628008,-1.2181768,-0.9531113,0.8834899
seq-06/frame-000053,1,0.02167682,1.149297,1362,1016,869,0.82,62.94,64.14,11.85,139.76,0.796207318,-0.257909086,-0.502589543,-0.216657706,-1.2177085,-0.9613697,0.8934856
seq-06/frame-000054,1,0.01970173,1.082110,1505,1012,860,0.84,81.68,82.22,14.66,179.41,0.789633722,-0.259461884,-0.509941071,-0.221626306,-1.2178011,-0.9677173,0.9081306
seq-06/frame-000055,1,0.01939205,1.049145,1505,1012,860,0.83,83.33,85.26,10.50,179.92,0.789633722,-0.259461884,-0.509941071,-0.221626306,-1.2178011,-0.9677173,0.9081306
seq-06/frame-000056,1,0.01531736,0.858038,1340,957,823,0.82,65.16,65.86,12.14,143.99,0.785130510,-0.261338061,-0.513010820,-0.228237594,-1.2207934,-0.9828556,0.9186759
seq-06/frame-000057,1,0.01180660,0.805935,1244,945,803,1.41,74.35,82.79,9.29,167.85,0.784051318,-0.258207719,-0.516458268,-0.227734850,-1.2181778,-0.9859772,0.9327405
seq-06/frame-000058,1,0.01176109,0.652346,1348,969,852,0.82,77.55,61.04,14.47,153.88,0.783912580,-0.257758613,-0.516481482,-0.228666665,-1.2188863,-0.9928891,0.9403576
seq-06/frame-000059,1,0.01201779,0.664703,1348,969,852,0.80,73.02,79.37,7.64,160.83,0.783912580,-0.257758613,-0.516481482,-0.228666665,-1.2188863,-0.9928891,0.9403576
seq-06/frame-000060,1,0.01208059,0.685902,1480,1012,864,0.83,72.76,98.59,22.90,195.10,0.782995734,-0.260511261,-0.515165440,-0.231637934,-1.2167382,-1.0018040,0.9480854
seq-06/frame-000061,1,0.00862075,0.679748,1334,1002,865,0.86,81.51,95.98,8.28,186.63,0.783507593,-0.260439713,-0.514570372,-0.231310051,-1.2140277,-1.0039006,0.9570317
seq-06/frame-000062,1,0.00961287,0.704112,1345,987,852,0.84,68.95,74.62,10.95,155.36,0.785224587,-0.260996579,-0.512087976,-0.230367182,-1.2134673,-1.0093847,0.9648532
seq-06/frame-000063,1,0.00987137,0.718359,1345,987,852,0.82,60.14,73.52,17.37,151.85,0.785224587,-0.260996579,-0.512087976,-0.230367182,-1.2134673,-1.0093847,0.9648532
seq-06/frame-000064,1,0.00704385,0.758733,1562,1111,942,0.87,101.46,72.38,10.50,185.22,0.787119203,-0.258948146,-0.511281877,-0.227991361,-1.2044436,-1.0090103,0.9697047
seq-06/frame-000065,1,0.00602485,0.663432,1603,1078,904,2.21,85.81,94.68,13.81,196.51,0.787493076,-0.259990342,-0.511067777,-0.225985410,-1.2020709,-1.0158565,0.9768229
seq-06/frame-000066,1,0.00607380,0.676069,1603,1078,904,0.85,78.81,85.37,15.04,180.08,0.787493076,-0.259990342,-0.511067777,-0.225985410,-1.2020709,-1.0158565,0.9768229
seq-06/frame-000067,1,0.00722995,0.794817,1627,1105,914,0.86,98.20,104.83,13.83,217.72,0.788316238,-0.259021971,-0.511750706,-0.222657455,-1.1954436,-1.0196745,0.9815704
seq-06/frame-000068,1,0.00798040,0.743635,1717,1161,946,0.88,83.85,101.10,7.89,193.72,0.789176545,-0.260134550,-0.511256357,-0.219425008,-1.1918195,-1.0246741,0.9862350
seq-06/frame-000069,1,0.00827187,0.768106,1778,1139,917,0.90,90.22,110.19,11.12,212.42,0.789331927,-0.260874922,-0.511548941,-0.217294881,-1.1858695,-1.0291390,0.9913024
seq-06/frame-000070,1,0.00798849,0.750289,1778,1139,917,1.01,90.84,107.68,16.18,215.71,0.789331927,-0.260874922,-0.511548941,-0.217294881,-1.1858695,-1.0291390,0.9913024
seq-06/frame-000071,1,0.01172538,0.937204,1670,1100,888,1.71,77.25,88.16,10.45,177.58,0.789732049,-0.260749087,-0.511514246,-0.216070315,-1.1820762,-1.0335899,0.9938568
seq-06/frame-000072,1,0.01306687,0.917111,1783,1117,894,0.87,93.33,91.54,21.08,206.82,0.790337510,-0.261854877,-0.511326439,-0.212941110,-1.1768943,-1.0409380,0.9948504
seq-06/frame-000073,1,0.01426816,0.947128,1739,1131,905,0.90,89.59,76.63,9.97,177.10,0.789697840,-0.262596011,-0.513943515,-0.208044996,-1.1678559,-1.0444681,1.0014343
seq-06/frame-000074,1,0.00803536,0.751169,1682,1078,840,0.91,86.33,87.88,18.82,193.94,0.788590334,-0.263881325,-0.514698346,-0.208752350,-1.1652018,-1.0539669,1.0008419
seq-06/frame-000075,1,0.01184752,0.840788,1682,1078,840,0.90,87.05,77.82,15.62,181.39,0.788590334,-0.263881325,-0.514698346,-0.208752350,-1.1652018,-1.0539669,1.0008419
seq-06/frame-000076,1,0.00638978,0.618088,1768,1102,892,0.90,95.75,94.34,21.57,212.56,0.786391570,-0.267724278,-0.516080490,-0.208741320,-1.1537093,-1.0634515,1.0076932
seq-06/frame-000077,1,0.00630231,0.680303,1759,1103,892,0.90,76.54,82.40,10.81,170.66,0.785723943,-0.269764647,-0.515401805,-0.210299551,-1.1525658,-1.0676952,1.0101067
seq-06/frame-000078,1,0.01146636,0.699869,1794,1160,892,0.92,78.76,87.81,10.65,178.14,0.785247065,-0.269619383,-0.516134807,-0.210469228,-1.1448433,-1.0661141,1.0105904
seq-06/frame-000079,1,0.01442395,0.906718,1794,1160,892,0.91,101.03,89.65,10.24,201.85,0.785247065,-0.269619383,-0.516134807,-0.210469228,-1.1448433,-1.0661141,1.0105904
seq-06/frame-000080,1,0.02439175,1.279575,1728,1143,913,0.90,82.45,82.59,12.76,178.70,0.784849858,-0.271021071,-0.516240616,-0.209890223,-1.1426074,-1.0677342,1.0067704
seq-06/frame-000081,1,0.02598441,1.350323,1825,1140,902,1.33,103.26,92.08,27.35,224.03,0.781987437,-0.274971003,-0.520458591,-0.204962073,-1.1344132,-1.0717470,1.0152836
seq-06/frame-000082,1,0.01196715,0.950920,1802,1098,862,0.91,84.32,88.06,15.41,188.69,0.778890473,-0.277691607,-0.523587188,-0.205118159,-1.1299384,-1.0857732,1.0224119
seq-06/frame-000083,1,0.01878811,1.148229,1802,1098,862,0.90,87.30,83.89,17.20,189.30,0.778890473,-0.277691607,-0.523587188,-0.205118159,-1.1299384,-1.0857732,1.0224119
seq-06/frame-000084,1,0.01316970,0.915583,1761,1109,903,0.91,85.86,84.83,17.48,189.07,0.777747789,-0.278576889,-0.525232743,-0.204043768,-1.1223625,-1.0952492,1.0281415
seq-06/frame-000085,1,0.01063076,0.808212,1760,1163,945,0.85,101.54,84.88,15.32,202.60,0.778242359,-0.281058452,-0.523462948,-0.203301549,-1.1195514,-1.1106589,1.0292914
seq-06/frame-000086,1,0.00728702,0.767847,1664,1133,944,1.19,89.06,82.14,19.80,192.19,0.779115171,-0.281213628,-0.524195349,-0.197781905,-1.1107069,-1.1131378,1.0387095
seq-06/frame-000087,1,0.00702766,0.766040,1664,1133,944,6.18,93.08,71.70,19.76,190.73,0.779115171,-0.281213628,-0.524195349,-0.197781905,-1.1107069,-1.1131378,1.0387095
seq-06/frame-000088,1,0.01025952,0.847662,1742,1197,977,0.87,79.97,78.59,18.77,178.19,0.781875917,-0.280109002,-0.522308492,-0.193398130,-1.1037710,-1.1141121,1.0400267
seq-06/frame-000089,1,0.00672182,0.813914,1549,1058,884,0.85,80.09,79.88,11.52,172.35,0.782103091,-0.280475324,-0.522100656,-0.192507800,-1.0938826,-1.1235130,1.0486749
seq-06/frame-000090,1,0.00321913,0.605620,1369,1010,859,0.84,78.71,66.82,14.61,160.98,0.783855192,-0.282253556,-0.519622734,-0.189462880,-1.0900814,-1.1333920,1.0572007
seq-06/frame-000091,1,0.01050329,0.726794,1295,968,808,0.82,71.35,61.56,19.40,153.15,0.786013729,-0.283199296,-0.516944066,-0.186411933,-1.0821452,-1.1467821,1.0666235
seq-06/frame-000092,1,0.01101783,0.753377,1295,968,808,0.78,73.30,82.15,10.57,166.80,0.786013729,-0.283199296,-0.516944066,-0.186411933,-1.0821452,-1.1467821,1.0666235
seq-06/frame-000093,1,0.01316112,0.752317,1250,884,754,0.83,72.70,73.28,11.34,158.16,0.789906574,-0.280542857,-0.514233726,-0.181402823,-1.0691937,-1.1456993,1.0732232
seq-06/frame-000094,1,0.01677188,0.975088,1133,813,706,0.82,82.52,45.04,9.81,138.20,0.792507436,-0.280088887,-0.510547447,-0.181172526,-1.0622896,-1.1518240,1.0817253
seq-06/frame-000095,1,0.01648548,0.905002,940,742,613,0.81,72.48,48.98,11.73,134.00,0.797816832,-0.276694912,-0.505844419,-0.176209115,-1.0541207,-1.1523609,1.0895442
seq-06/frame-000096,1,0.02294229,0.850402,983,719,593,0.81,55.56,49.57,12.34,118.28,0.803315166,-0.277472139,-0.496922190,-0.175391826,-1.0515622,-1.1757545,1.0980437
seq-06/frame-000097,1,0.02078669,0.809785,1265,940,789,0.83,65.22,64.24,16.93,147.23,0.808585694,-0.273770057,-0.492558334,-0.169190479,-1.0323791,-1.1700794,1.1040093
seq-06/frame-000098,1,0.02030812,0.844262,1265,940,789,0.84,65.74,54.05,16.41,137.04,0.808585694,-0.273770057,-0.492558334,-0.169190479,-1.0323791,-1.1700794,1.1040093
seq-06/frame-000099,1,0.01823269,0.864699,1229,900,755,0.83,84.18,75.71,19.67,180.40,0.812060859,-0.272161141,-0.488174545,-0.167842451,-1.0249252,-1.1730944,1.1090472
seq-06/frame-000100,1,0.00900272,0.705480,1118,882,729,0.81,59.59,48.91,22.97,132.29,0.816985356,-0.270241980,-0.481733993,-0.165639850,-1.0235241,-1.1780283,1.1115172
seq-06/frame-000101,1,0.01345082,0.681672,838,542,424,0.81,63.60,44.65,14.35,123.41,0.820987346,-0.266800278,-0.476833333,-0.165612083,-1.0154975,-1.1812315,1.1232846
seq-06/frame-000102,1,0.01600945,0.683366,1013,696,567,0.81,71.98,58.47,10.13,141.39,0.825791515,-0.266313953,-0.467478699,-0.169141710,-1.0087871,-1.1990815,1.1304303
seq-06/frame-000103,1,0.00627694,0.691350,1363,1017,840,0.82,72.56,57.83,10.65,141.86,0.832985072,-0.258131534,-0.460464623,-0.165759804,-0.9946684,-1.1807168,1.1197726
seq-06/frame-000104,1,0.00585800,0.650208,1541,1137,945,0.84,69.61,65.88,13.67,150.01,0.834225237,-0.259570664,-0.456926272,-0.167061986,-0.9860495,-1.1859551,1.1280038
seq-06/frame-000105,1,0.01096489,0.763175,1531,1109,919,0.84,78.29,71.38,25.52,176.04,0.837125415,-0.257924928,-0.452987156,-0.165826439,-0.9795726,-1.1831815,1.1310578
seq-06/frame-000106,1,0.00823633,0.843344,1547,1127,943,0.84,98.23,82.36,14.96,196.40,0.838086714,-0.258198204,-0.450350589,-0.167716109,-0.9751480,-1.1847769,1.1398826
seq-06/frame-000107,1,0.01079565,0.726251,1547,1127,943,0.86,85.79,82.97,12.77,182.40,0.838086714,-0.258198204,-0.450350589,-0.167716109,-0.9751480,-1.1847769,1.1398826
seq-06/frame-000108,1,0.02180099,0.929175,1646,1211,988,0.88,79.26,84.61,17.70,182.45,0.841215717,-0.254167439,-0.446183579,-0.169337663,-0.9728007,-1.1808529,1.1372817
seq-06/frame-000109,1,0.01824931,0.714257,1952,1403,1152,0.88,89.65,100.50,31.17,222.21,0.842015757,-0.254314514,-0.444513548,-0.169532587,-0.9651321,-1.1844243,1.1461440
seq-06/frame-000110,1,0.03351087,1.147690,2260,1411,1141,0.94,99.84,103.74,13.59,218.12,0.845008673,-0.252476455,-0.439373658,-0.170782819,-0.9675063,-1.1832865,1.1370930
seq-06/frame-000111,1,0.03043197,1.097948,2193,1239,991,0.93,89.44,112.08,15.31,217.77,0.843616702,-0.254549873,-0.441394237,-0.169370452,-0.9594654,-1.1832409,1.1476570
seq-06/frame-000112,1,0.03080830,1.055452,2149,1363,1109,0.92,92.65,94.27,13.95,201.78,0.843329075,-0.256911463,-0.441040072,-0.168155367,-0.9595874,-1.1855620,1.1556249
seq-06/frame-000113,1,0.03125201,1.065531,2038,1315,1082,0.89,89.14,105.44,18.08,213.57,0.843334079,-0.258427370,-0.439980748,-0.168581929,-0.9606364,-1.1882093,1.1648034
seq-06/frame-000114,1,0.02823338,0.987281,2075,1309,1080,0.91,94.59,93.73,9.25,198.49,0.843480827,-0.262026415,-0.437804729,-0.167956159,-0.9589395,-1.1993517,1.1744222
seq-06/frame-000115,1,0.02683477,0.967565,2035,1345,1105,0.90,96.87,104.59,19.26,221.63,0.843961326,-0.262555376,-0.437607556,-0.165207696,-0.9590866,-1.1959489,1.1876085
seq-06/frame-000116,1,0.02131988,1.058691,2003,1336,1107,0.89,87.56,88.55,21.90,198.91,0.844826882,-0.262367962,-0.436222496,-0.164743821,-0.9626692,-1.1969062,1.1980602
seq-06/frame-000117,1,0.03001560,1.037883,2003,1336,1107,0.86,83.09,110.35,28.61,222.91,0.844826882,-0.262367962,-0.436222496,-0.164743821,-0.9626692,-1.1969062,1.1980602
seq-06/frame-000118,1,0.03196260,1.209424,1674,1134,950,0.87,75.34,90.99,20.09,187.30,0.845679393,-0.261811796,-0.434235953,-0.166493499,-0.9704785,-1.2004987,1.2105658
seq-06/frame-000119,1,0.02051063,0.880460,1652,1048,828,0.85,84.23,104.88,18.51,208.47,0.846111212,-0.261962841,-0.434152700,-0.164264175,-0.9660266,-1.2056111,1.2323703
seq-06/frame-000120,1,0.01990636,0.878194,1768,1172,973,0.87,84.87,88.79,15.48,190.01,0.846944623,-0.264109790,-0.431120356,-0.164517667,-0.9723641,-1.2207842,1.2475951
seq-06/frame-000121,1,0.02532231,1.182643,1496,978,805,0.83,69.86,68.55,23.32,162.56,0.849487014,-0.261044253,-0.428527160,-0.163071101,-0.9807090,-1.2186572,1.2567229
seq-06/frame-000122,1,0.01300424,0.720126,1288,884,741,0.81,76.28,77.16,22.63,176.88,0.850440286,-0.258285394,-0.431741115,-0.153751699,-0.9731879,-1.2148915,1.2832907
seq-06/frame-000123,1,0.01423426,0.816324,923,646,564,0.78,68.58,49.35,18.58,137.30,0.853079335,-0.254242393,-0.429600031,-0.151856075,-0.9771006,-1.2154772,1.2946780
seq-06/frame-000124,1,0.01401576,0.871662,905,630,547,0.77,56.58,53.26,8.44,119.05,0.855494502,-0.250454909,-0.427343689,-0.150926696,-0.9803378,-1.2183452,1.3093498
seq-06/frame-000125,1,0.02677707,1.161187,735,407,324,0.77,47.66,31.49,9.35,89.27,0.859858378,-0.244907120,-0.422932182,-0.147622634,-0.9950824,-1.2159334,1.3206797
seq-06/frame-000126,1,0.02891902,1.132678,784,487,391,0.75,50.07,38.14,12.48,101.44,0.863555966,-0.238833150,-0.421775650,-0.139050785,-0.9935389,-1.2131415,1.3360008
seq-06/frame-000127,1,0.02912571,1.145595,784,487,391,0.78,55.43,41.24,15.71,113.16,0.863555966,-0.238833150,-0.421775650,-0.139050785,-0.9935389,-1.2131415,1.3360008
seq-06/frame-000128,1,0.01116810,0.812675,1039,784,676,0.81,87.26,63.54,11.98,163.60,0.865739213,-0.238494179,-0.417192560,-0.139880338,-0.9943634,-1.2331051,1.3554864
seq-06/frame-000129,1,0.01236694,0.701248,1219,902,791,0.80,69.65,70.92,10.36,151.73,0.869008654,-0.234365427,-0.414257620,-0.135231025,-0.9963509,-1.2340408,1.3671174
seq-06/frame-000130,1,0.01145580,0.700463,1292,971,863,0.82,76.06,66.68,15.42,158.98,0.871004005,-0.232734945,-0.411881407,-0.132439325,-1.0051500,-1.2418027,1.3840536
seq-06/frame-000131,1,0.01193092,0.665883,1428,1094,955,0.85,95.29,69.50,12.39,178.03,0.873920331,-0.230236300,-0.408557268,-0.127810248,-1.0094752,-1.2400192,1.3958850
seq-06/frame-000132,1,0.01335360,0.774781,1400,1028,918,0.84,95.65,66.70,16.71,179.91,0.875750436,-0.228066633,-0.406517522,-0.125659413,-1.0148931,-1.2377319,1.4087996
seq-06/frame-000133,1,0.00919351,0.724024,1308,1007,894,4.46,91.12,57.91,11.32,164.81,0.876412839,-0.227777095,-0.405876945,-0.123620534,-1.0190982,-1.2434573,1.4258058
seq-06/frame-000134,1,0.01358176,0.905231,1109,869,768,0.77,83.05,60.51,13.51,157.85,0.878116380,-0.227338515,-0.403163331,-0.121194685,-1.0303580,-1.2498964,1.4421087
seq-06/frame-000135,1,0.02127802,0.850318,1140,824,737,0.99,84.46,54.00,13.15,152.60,0.880350891,-0.224346140,-0.401710643,-0.115237487,-1.0357279,-1.2502027,1.4535761
seq-06/frame-000136,1,0.01353982,0.771365,1140,824,737,0.79,83.77,51.66,12.93,149.15,0.880350891,-0.224346140,-0.401710643,-0.115237487,-1.0357279,-1.2502027,1.4535761
seq-06/frame-000137,1,0.01171092,0.868516,1519,1142,1014,0.85,91.66,76.92,12.71,182.14,0.881562409,-0.222625053,-0.400718228,-0.112741770,-1.0368623,-1.2553739,1.4648405
seq-06/frame-000138,1,0.00578645,0.627371,1523,1192,1076,0.86,89.70,74.32,15.43,180.32,0.881923382,-0.222944579,-0.400971709,-0.108298434,-1.0371340,-1.2545311,1.4794418
seq-06/frame-000139,1,0.00747388,0.616933,1236,986,897,1.16,77.57,69.04,12.76,160.53,0.882770473,-0.223398281,-0.399562893,-0.105636143,-1.0432882,-1.2565248,1.4941156
seq-06/frame-000140,1,0.01429019,0.611515,1056,854,752,0.81,80.99,46.29,12.71,140.81,0.883843463,-0.223552151,-0.397769158,-0.103076991,-1.0422630,-1.2630079,1.5120366
seq-06/frame-000141,1,0.01874599,0.677325,1038,811,725,0.80,81.08,52.93,17.98,152.79,0.886808198,-0.223838855,-0.391292799,-0.101770979,-1.0507575,-1.2709761,1.5227513
seq-06/frame-000142,1,0.01573144,0.736060,1131,943,855,1.07,79.83,52.28,10.30,143.49,0.890621342,-0.220515796,-0.385120122,-0.099241633,-1.0632542,-1.2681371,1.5273285
seq-06/frame-000143,1,0.01515321,0.570531,1647,1302,1171,0.89,88.36,87.28,19.99,196.53,0.893563993,-0.216329079,-0.381976327,-0.094017048,-1.0723224,-1.2650669,1.5346630
seq-06/frame-000144,1,0.01644782,0.379735,1634,1311,1187,1.09,98.92,70.38,17.46,187.86,0.895226615,-0.213226151,-0.380821644,-0.089882097,-1.0703917,-1.2619512,1.5507836
seq-06/frame-000145,1,0.01648403,0.370117,1634,1311,1187,0.89,94.39,73.75,15.62,184.64,0.895226615,-0.213226151,-0.380821644,-0.089882097,-1.0703917,-1.2619512,1.5507836
seq-06/frame-000146,1,0.01793339,0.487842,1732,1375,1242,0.91,93.20,81.14,15.08,190.34,0.897253759,-0.213310273,-0.376030412,-0.089641221,-1.0757941,-1.2638830,1.5578294
seq-06/frame-000147,1,0.01400155,0.284960,1669,1341,1224,0.98,82.57,84.18,9.93,177.67,0.900004047,-0.210582540,-0.371917725,-0.085585719,-1.0855642,-1.2561118,1.5646953
seq-06/frame-000148,1,0.01339937,0.227883,1636,1334,1206,0.90,92.44,96.46,20.28,210.10,0.901643854,-0.210980924,-0.368333279,-0.082801003,-1.0892925,-1.2556074,1.5731420
seq-06/frame-000149,1,0.01960439,0.394645,1578,1248,1119,1.31,79.25,82.38,17.30,180.24,0.903190507,-0.211886381,-0.363982551,-0.082872029,-1.0984432,-1.2592384,1.5849332
seq-06/frame-000150,1,0.02384399,0.239646,1523,1251,1122,0.87,77.61,74.24,15.37,168.09,0.905594654,-0.209893763,-0.359721667,-0.080269873,-1.0997553,-1.2564581,1.5994712
seq-06/frame-000151,1,0.02396581,0.243762,1523,1251,1122,0.86,82.63,64.51,13.01,161.01,0.905594654,-0.209893763,-0.359721667,-0.080269873,-1.0997553,-1.2564581,1.5994712
seq-06/frame-000152,1,0.01964187,0.341946,1578,1241,1116,0.86,86.47,78.54,13.91,179.79,0.909537489,-0.208833586,-0.350420440,-0.079596511,-1.1091722,-1.2574965,1.6003862
seq-06/frame-000153,1,0.01417305,0.274244,1633,1307,1188,0.88,89.24,80.93,13.62,184.67,0.912254837,-0.207955019,-0.344450026,-0.076811475,-1.1215709,-1.2496923,1.6028452
seq-06/frame-000154,1,0.01711461,0.371748,1647,1324,1204,0.88,85.07,95.13,16.10,197.18,0.913306925,-0.210969626,-0.340760140,-0.072421027,-1.1302157,-1.2505425,1.6127898
seq-06/frame-000155,1,0.02159055,0.255389,1581,1265,1143,0.87,83.66,84.55,17.23,186.30,0.914706006,-0.211639347,-0.337921639,-0.065807871,-1.1351436,-1.2480414,1.6272436
seq-06/frame-000156,1,0.02916564,0.648865,1476,1186,1071,0.86,78.41,78.12,12.72,170.11,0.917501481,-0.209203139,-0.332249570,-0.063524030,-1.1437140,-1.2445271,1.6338541
seq-06/frame-000157,1,0.02118654,0.152623,1476,1186,1071,0.84,72.21,96.77,12.95,182.78,0.917501481,-0.209203139,-0.332249570,-0.063524030,-1.1437140,-1.2445271,1.6338541
seq-06/frame-000158,1,0.02452594,0.353703,1547,1253,1138,0.87,89.70,89.48,10.29,190.34,0.919638638,-0.209078023,-0.326926315,-0.060583333,-1.1465180,-1.2495040,1.6417602
seq-06/frame-000159,1,0.01902283,0.322952,1630,1270,1134,1.06,101.80,80.92,13.42,197.21,0.922145856,-0.208000165,-0.321094298,-0.057283539,-1.1559540,-1.2438549,1.6426652
seq-06/frame-000160,1,0.01171811,0.158341,1626,1246,1112,0.88,91.36,88.48,12.46,193.18,0.923784682,-0.207735042,-0.317127560,-0.053834236,-1.1678990,-1.2376648,1.6431797
seq-06/frame-000161,1,0.01885785,0.287090,1589,1275,1153,0.85,127.14,86.56,22.05,236.59,0.923944261,-0.208914658,-0.316158719,-0.052204719,-1.1746068,-1.2404620,1.6576411
seq-06/frame-000162,1,0.01893312,0.281519,1589,1275,1153,1.25,103.56,76.79,12.94,194.53,0.923944261,-0.208914658,-0.316158719,-0.052204719,-1.1746068,-1.2404620,1.6576411
seq-06/frame-000163,1,0.02465699,0.417794,1448,1170,1038,0.85,75.63,73.85,9.58,159.91,0.925461214,-0.207923110,-0.312718385,-0.049967326,-1.1766411,-1.2406187,1.6691775
seq-06/frame-000164,1,0.02359574,0.344611,1436,1133,1027,0.83,97.42,73.06,16.59,187.90,0.928487199,-0.209148499,-0.303095630,-0.047973591,-1.1917072,-1.2467851,1.6740888
seq-06/frame-000165,1,0.01389037,0.384987,1554,1250,1110,0.85,72.59,77.47,15.23,166.15,0.930977992,-0.203322357,-0.300157154,-0.042961379,-1.1956863,-1.2377862,1.6703912
seq-06/frame-000166,1,0.01679944,0.534981,1487,1196,1083,0.86,87.35,76.38,12.41,177.01,0.931525669,-0.202351505,-0.298827720,-0.044897557,-1.2027098,-1.2396290,1.6772346
seq-06/frame-000167,1,0.02071433,0.377557,1381,1153,1027,0.83,78.44,69.64,13.24,162.16,0.933036311,-0.199446840,-0.295997114,-0.045275922,-1.2171892,-1.2356892,1.6894885
seq-06/frame-000168,1,0.02045305,0.392379,1381,1153,1027,0.84,66.39,71.98,8.21,147.43,0.933036311,-0.199446840,-0.295997114,-0.045275922,-1.2171892,-1.2356892,1.6894885
seq-06/frame-000169,1,0.02245751,0.270290,1299,1075,985,0.82,86.56,70.45,9.46,167.29,0.935591447,-0.195418579,-0.290784068,-0.043873109,-1.2294671,-1.2351898,1.6971972
seq-06/frame-000170,1,0.01883251,0.245766,1378,1125,1020,0.84,93.13,76.19,10.26,180.43,0.938402078,-0.191126529,-0.284821542,-0.041819612,-1.2390595,-1.2358414,1.6987516
seq-06/frame-000171,1,0.00990030,0.221353,1366,1116,1031,0.81,77.17,60.02,9.54,147.54,0.940471044,-0.186399413,-0.281574168,-0.038541700,-1.2481736,-1.2344774,1.6956927
seq-06/frame-000172,1,0.01180020,0.351071,1328,1091,994,0.82,77.92,73.43,9.80,161.98,0.941293051,-0.181827232,-0.282294288,-0.034873840,-1.2564938,-1.2331976,1.7028801
seq-06/frame-000173,1,0.01069481,0.531806,1328,1091,994,1.43,68.30,73.20,20.01,162.95,0.941293051,-0.181827232,-0.282294288,-0.034873840,-1.2564938,-1.2331976,1.7028801
seq-06/frame-000174,1,0.01317262,0.567601,1353,1116,1015,0.82,72.39,74.07,11.86,159.15,0.942387853,-0.176877666,-0.282342075,-0.030039602,-1.2594871,-1.2281424,1.7067838
seq-06/frame-000175,1,0.01704418,0.489811,1357,1146,1055,1.02,72.46,91.22,12.44,177.14,0.942741286,-0.176829588,-0.281178697,-0.030144726,-1.2670328,-1.2372757,1.7152819
seq-06/frame-000176,1,0.01532086,0.197440,1243,1053,952,0.85,69.81,80.92,29.38,180.96,0.945037028,-0.172696560,-0.276379878,-0.026364290,-1.2821257,-1.2350744,1.7209308
seq-06/frame-000177,1,0.01310600,0.687367,1243,1053,952,0.80,75.88,69.84,17.14,163.66,0.945037028,-0.172696560,-0.276379878,-0.026364290,-1.2821257,-1.2350744,1.7209308
seq-06/frame-000178,1,0.01638857,0.579116,1342,1078,982,0.83,66.66,61.44,7.42,136.35,0.946281202,-0.167933312,-0.275441527,-0.021960320,-1.2787196,-1.2293628,1.7215936
seq-06/frame-000179,1,0.01553554,0.426714,1247,1055,964,0.82,69.63,59.29,18.77,148.51,0.947907114,-0.167814223,-0.269990710,-0.020383976,-1.2924479,-1.2306128,1.7296416
seq-06/frame-000180,1,0.01750532,0.643619,1267,1060,968,0.83,75.88,64.73,13.78,155.22,0.949011711,-0.164528176,-0.268367611,-0.016913799,-1.2943568,-1.2274387,1.7343188
seq-06/frame-000181,1,0.02111102,0.538294,1199,1021,932,0.81,86.20,51.81,12.33,151.16,0.949932514,-0.165875013,-0.264294043,-0.016197459,-1.2988663,-1.2344313,1.7429279
seq-06/frame-000182,1,0.02085390,0.711397,1248,1015,914,0.81,81.64,60.96,11.51,154.92,0.951789176,-0.164213108,-0.258757948,-0.013256843,-1.3048097,-1.2290531,1.7446555
seq-06/frame-000183,1,0.02013504,0.657955,1248,1015,914,0.75,84.89,63.71,10.29,159.65,0.951789176,-0.164213108,-0.258757948,-0.013256843,-1.3048097,-1.2290531,1.7446555
seq-06/frame-000184,1,0.01526604,0.702451,1216,1016,916,0.85,70.08,55.10,17.96,143.99,0.952477051,-0.163716721,-0.256519791,-0.013487002,-1.3130166,-1.2298900,1.7471672
seq-06/frame-000185,1,0.01545890,0.707331,1230,1008,892,0.98,78.84,66.91,7.89,154.61,0.952735703,-0.163520335,-0.255662107,-0.013880475,-1.3206051,-1.2308106,1.7540365
seq-06/frame-000186,1,0.01724992,0.481170,1183,993,899,0.81,66.55,55.46,24.01,146.83,0.953211742,-0.163992773,-0.253635878,-0.012750966,-1.3250560,-1.2312593,1.7611049
seq-06/frame-000187,1,0.01871431,0.757953,1183,993,899,0.82,74.95,54.64,16.56,146.97,0.953211742,-0.163992773,-0.253635878,-0.012750966,-1.3250560,-1.2312593,1.7611049
seq-06/frame-000188,1,0.02320922,0.870207,1102,931,839,0.79,59.92,45.23,10.24,116.19,0.953706197,-0.162000152,-0.253089065,-0.012098132,-1.3301933,-1.2308054,1.7748424
seq-06/frame-000189,1,0.02299213,0.833242,1094,897,812,0.79,65.52,52.60,15.69,134.61,0.955210588,-0.159135423,-0.249276195,-0.010489440,-1.3356970,-1.2307912,1.7792616
seq-06/frame-000190,1,0.02045973,0.583892,1104,911,809,0.80,65.54,51.69,9.61,127.64,0.956598396,-0.157858456,-0.244763288,-0.009547260,-1.3425049,-1.2327423,1.7818117
seq-06/frame-000191,1,0.01864587,0.693961,1104,911,809,0.82,65.67,71.20,13.39,151.09,0.956598396,-0.157858456,-0.244763288,-0.009547260,-1.3425049,-1.2327423,1.7818117
seq-06/frame-000192,1,0.01362247,0.643754,1006,813,721,0.79,63.21,56.22,12.50,132.73,0.957729606,-0.155073480,-0.242121258,-0.009138535,-1.3513768,-1.2303427,1.7849445
seq-06/frame-000193,1,0.01565077,0.723690,1005,792,711,0.78,63.17,45.16,10.30,119.42,0.957923741,-0.153376882,-0.242516768,-0.006576924,-1.3533896,-1.2297522,1.7938642
seq-06/frame-000194,1,0.01592794,0.745447,1005,792,711,1.11,76.43,53.25,13.28,144.07,0.957923741,-0.153376882,-0.242516768,-0.006576924,-1.3533896,-1.2297522,1.7938642
seq-06/frame-000195,1,0.01456329,0.693435,999,801,707,0.81,64.32,49.99,12.12,127.25,0.958407982,-0.152630831,-0.241115758,-0.004600190,-1.3584608,-1.2290584,1.7985837
seq-06/frame-000196,1,0.01147268,0.644473,990,806,719,0.80,67.78,48.34,10.03,126.95,0.958330440,-0.153646375,-0.240814272,-0.002011248,-1.3640645,-1.2305758,1.8054162
seq-06/frame-000197,1,0.01755879,0.862988,984,783,697,0.80,71.17,44.59,7.92,124.49,0.957561178,-0.153218899,-0.244128966,0.001267643,-1.3635080,-1.2285340,1.8193445
seq-06/frame-000198,1,0.01797411,0.891693,984,783,697,0.73,63.27,49.26,10.83,124.09,0.957561178,-0.153218899,-0.244128966,0.001267643,-1.3635080,-1.2285340,1.8193445
seq-06/frame-000199,1,0.02479670,0.954582,900,745,663,0.78,63.47,49.82,9.67,123.74,0.958015878,-0.151428090,-0.243459328,0.001632714,-1.3650500,-1.2241569,1.8320994
seq-06/frame-000200,1,0.02292692,0.890179,835,702,632,0.81,58.20,41.80,16.38,117.20,0.959328876,-0.150278969,-0.238961157,0.001380329,-1.3697476,-1.2236443,1.8379543
seq-06/frame-000201,1,0.02413944,0.869307,816,653,595,0.77,62.19,38.85,6.41,108.22,0.960543700,-0.147045520,-0.236077417,0.000931473,-1.3738051,-1.2214685,1.8510395
seq-06/frame-000202,1,0.02435401,0.896589,816,653,595,0.76,68.01,41.59,8.86,119.22,0.960543700,-0.147045520,-0.236077417,0.000931473,-1.3738051,-1.2214685,1.8510395
seq-06/frame-000203,1,0.02896321,1.019937,702,595,526,0.75,62.19,33.83,12.39,109.16,0.961570045,-0.145297521,-0.232960118,0.001123540,-1.3733173,-1.2234565,1.8638160
seq-06/frame-000204,1,0.03042171,1.100262,671,555,498,0.73,60.22,30.21,16.26,107.41,0.963514330,-0.141953533,-0.226894895,0.002834938,-1.3742797,-1.2231680,1.8727067
seq-06/frame-000205,1,0.02252974,0.875568,630,547,487,1.32,55.04,38.15,9.51,104.02,0.966093618,-0.137895427,-0.218275107,0.001987621,-1.3822284,-1.2209117,1.8733945
seq-06/frame-000206,1,0.02258881,0.897198,630,547,487,0.97,62.13,43.28,15.18,121.57,0.966093618,-0.137895427,-0.218275107,0.001987621,-1.3822284,-1.2209117,1.8733945
seq-06/frame-000207,1,0.02116765,0.930520,607,506,453,0.73,54.23,29.20,8.04,92.20,0.967501139,-0.135997750,-0.213131631,0.004589741,-1.3822208,-1.2224497,1.8822609
seq-06/frame-000208,1,0.01846001,0.752912,635,566,500,0.73,53.69,33.95,5.97,94.34,0.968203995,-0.134801615,-0.210645536,0.006164931,-1.3808085,-1.2270652,1.8914132
seq-06/frame-000209,1,0.02444617,1.400638,635,543,480,0.74,67.50,31.35,6.58,106.18,0.969570864,-0.128685124,-0.208026469,0.009872522,-1.3801768,-1.2198369,1.8932880
seq-06/frame-000210,1,0.01923871,0.919953,635,543,480,0.74,58.75,64.86,19.62,143.97,0.969570864,-0.128685124,-0.208026469,0.009872522,-1.3801768,-1.2198369,1.8932880
seq-06/frame-000211,1,0.01874073,0.822640,647,532,479,0.75,62.07,53.27,29.99,146.09,0.970572035,-0.125927034,-0.204981887,0.010711402,-1.3795445,-1.2193360,1.8974176
seq-06/frame-000212,1,0.01932112,0.738293,575,481,435,0.74,68.84,31.46,6.35,107.39,0.971284640,-0.125295509,-0.202057834,0.008933959,-1.3764441,-1.2208103,1.9058197
seq-06/frame-000213,1,0.01802700,0.620406,536,463,410,0.73,55.46,58.14,11.48,125.82,0.971825264,-0.124963988,-0.199592974,0.010114521,-1.3699973,-1.2268165,1.9176906
seq-06/frame-000214,1,0.01829115,0.621730,536,463,410,0.71,83.41,28.81,63.04,175.97,0.971825264,-0.124963988,-0.199592974,0.010114521,-1.3699973,-1.2268165,1.9176906
seq-06/frame-000215,1,0.01878979,0.839103,554,472,414,1.40,64.82,58.15,13.03,137.40,0.973809082,-0.117865762,-0.194280014,0.007668823,-1.3737845,-1.2180742,1.9135422
seq-06/frame-000216,1,0.01449771,0.387230,560,473,417,2.60,55.80,56.39,14.99,129.77,0.973292190,-0.122138550,-0.194232272,0.007636246,-1.3656531,-1.2307466,1.9286880
seq-06/frame-000217,1,0.01471751,0.411636,560,473,417,0.69,93.87,34.32,13.33,142.22,0.973292190,-0.122138550,-0.194232272,0.007636246,-1.3656531,-1.2307466,1.9286880
seq-06/frame-000218,1,0.01478369,0.504720,517,437,393,0.74,76.93,24.88,10.01,112.56,0.974136237,-0.116763053,-0.193323282,0.007147670,-1.3617329,-1.2260619,1.9316736
seq-06/frame-000219,1,0.01475190,0.302025,539,440,397,0.75,117.28,49.01,11.56,178.60,0.974323480,-0.116633575,-0.192488948,0.006194326,-1.3573491,-1.2322069,1.9387187
seq-06/frame-000220,1,0.01945595,0.577264,531,427,392,0.75,109.95,39.70,8.43,158.82,0.975109507,-0.110744454,-0.192034157,0.004471869,-1.3510430,-1.2265177,1.9431647
seq-06/frame-000221,1,0.01981973,0.594056,531,427,392,0.74,96.07,41.62,8.15,146.58,0.975109507,-0.110744454,-0.192034157,0.004471869,-1.3510430,-1.2265177,1.9431647
seq-06/frame-000222,1,0.01096877,0.563068,514,420,380,0.75,104.21,38.14,9.92,153.02,0.976849318,-0.107742620,-0.184792928,0.002917292,-1.3557178,-1.2274197,1.9332001
seq-06/frame-000223,1,0.01115089,0.565856,514,420,380,0.75,62.88,37.26,17.92,118.81,0.976849318,-0.107742620,-0.184792928,0.002917292,-1.3557178,-1.2274197,1.9332001
seq-06/frame-000224,1,0.01356543,0.407722,520,443,379,0.74,76.84,43.67,7.49,128.74,0.976725342,-0.107569330,-0.185552596,0.002584483,-1.3446303,-1.2295848,1.9382400
seq-06/frame-000225,1,0.01497521,0.408010,530,455,401,0.83,92.29,34.88,14.80,142.80,0.976349375,-0.107758067,-0.187397910,0.003481272,-1.3360206,-1.2336511,1.9435141
seq-06/frame-000226,1,0.01319861,0.510023,530,430,378,0.73,92.72,26.17,16.30,135.93,0.977322136,-0.103650390,-0.184642671,0.002263633,-1.3338752,-1.2303741,1.9378042
seq-06/frame-000227,1,0.01389051,0.514687,530,430,378,1.00,66.43,42.78,11.58,121.79,0.977322136,-0.103650390,-0.184642671,0.002263633,-1.3338752,-1.2303741,1.9378042
seq-06/frame-000228,1,0.01681583,0.586852,541,434,380,0.74,63.63,24.85,8.50,97.72,0.978129132,-0.098956968,-0.182906591,0.004012227,-1.3249892,-1.2280706,1.9373397
seq-06/frame-000229,1,0.02145804,0.946907,536,436,372,0.74,52.72,42.94,10.51,106.92,0.978911654,-0.092287858,-0.182218230,0.003382467,-1.3154615,-1.2240153,1.9306980
seq-06/frame-000230,1,0.02162599,0.930076,536,436,372,1.01,58.93,30.51,10.49,100.94,0.978911654,-0.092287858,-0.182218230,0.003382467,-1.3154615,-1.2240153,1.9306980
seq-06/frame-000231,1,0.00497020,0.157675,540,438,378,0.79,59.74,36.44,24.37,121.34,0.978898966,-0.097872450,-0.179254521,0.006753874,-1.3125427,-1.2428891,1.9281300
seq-06/frame-000232,1,0.02463926,0.756934,515,443,398,0.73,69.44,31.34,14.20,115.71,0.978779321,-0.092743456,-0.182404234,0.010880637,-1.2963030,-1.2337452,1.9187331
seq-06/frame-000233,1,0.01802896,0.613547,515,443,398,0.96,59.43,39.95,11.66,112.00,0.978779321,-0.092743456,-0.182404234,0.010880637,-1.2963030,-1.2337452,1.9187331
seq-06/frame-000234,1,0.01699311,0.588966,510,405,367,1.20,63.80,40.53,10.87,116.41,0.978345909,-0.090482048,-0.185614166,0.014130220,-1.2867935,-1.2364008,1.9198643
seq-06/frame-000235,1,0.04677676,2.129623,446,332,298,1.08,74.67,38.31,23.15,137.20,0.980136947,-0.076389249,-0.182222846,0.017061147,-1.2693310,-1.2173960,1.8983446
seq-06/frame-000236,1,0.03927334,1.458202,446,332,298,0.67,64.81,26.14,19.82,111.44,0.980136947,-0.076389249,-0.182222846,0.017061147,-1.2693310,-1.2173960,1.8983446
seq-06/frame-000237,1,0.03314479,1.140466,457,355,313,0.68,60.00,28.47,8.17,98.37,0.980924788,-0.073067787,-0.179114552,0.019121601,-1.2586201,-1.2241384,1.9017155
seq-06/frame-000238,1,0.01829597,0.764003,440,349,307,0.72,73.48,26.21,9.33,109.74,0.981761044,-0.070187253,-0.175600706,0.019580451,-1.2564338,-1.2390584,1.8900338
seq-06/frame-000239,1,0.01902968,0.749318,440,349,307,1.40,71.25,25.97,9.28,107.90,0.981761044,-0.070187253,-0.175600706,0.019580451,-1.2564338,-1.2390584,1.8900338
seq-06/frame-000240,1,0.03985117,1.695571,400,316,284,0.81,70.22,25.70,10.34,107.06,0.981972618,-0.056580742,-0.179056163,0.021616850,-1.2379687,-1.2236674,1.8767448
seq-06/frame-000241,1,0.04813548,2.324780,386,322,284,0.72,72.14,27.30,9.75,109.91,0.982956457,-0.050624096,-0.175081509,0.024088768,-1.2314063,-1.2323971,1.8547806
seq-06/frame-000242,1,0.03796100,1.518321,386,322,284,1.68,59.78,27.14,10.07,98.68,0.982956457,-0.050624096,-0.175081509,0.024088768,-1.2314063,-1.2323971,1.8547806
seq-06/frame-000243,1,0.02696177,1.152933,430,350,313,1.80,67.30,28.21,8.50,105.81,0.982561676,-0.047235797,-0.178223327,0.024037029,-1.2184598,-1.2450732,1.8531358
seq-06/frame-000244,1,0.03493040,1.357612,434,348,312,1.88,77.44,23.94,8.23,111.49,0.982350889,-0.040542507,-0.180768708,0.025801371,-1.2039839,-1.2400153,1.8425569
seq-06/frame-000245,1,0.03409422,1.352248,434,348,312,3.80,66.90,24.27,9.79,104.76,0.982350889,-0.040542507,-0.180768708,0.025801371,-1.2039839,-1.2400153,1.8425569
seq-06/frame-000246,1,0.03607641,1.420940,444,364,317,2.49,59.46,27.65,10.03,99.65,0.981633849,-0.037416416,-0.184982804,0.027863249,-1.1876082,-1.2417933,1.8343988
seq-06/frame-000247,1,0.03188518,1.030590,444,364,317,1.77,63.49,21.29,9.04,95.59,0.981633849,-0.037416416,-0.184982804,0.027863249,-1.1876082,-1.2417933,1.8343988
seq-06/frame-000248,1,0.03161182,1.119669,405,327,292,0.83,65.04,21.32,7.33,94.52,0.982007143,-0.035933546,-0.183256074,0.028070684,-1.1798071,-1.2484590,1.8159489
seq-06/frame-000249,1,0.03808713,1.005264,364,284,256,0.99,60.59,16.10,7.93,85.61,0.981864090,-0.032726896,-0.184319045,0.029972455,-1.1551193,-1.2514989,1.8039516
seq-06/frame-000250,1,0.03702634,1.184912,423,348,296,0.72,58.37,23.70,6.08,88.88,0.982960982,-0.026917261,-0.179770497,0.027308198,-1.1530097,-1.2492250,1.7825654
seq-06/frame-000251,1,0.03752313,1.166112,423,348,296,0.73,49.82,23.15,8.84,82.54,0.982960982,-0.026917261,-0.179770497,0.027308198,-1.1530097,-1.2492250,1.7825654
seq-06/frame-000252,1,0.03568924,1.167743,421,340,305,0.73,62.33,21.41,9.10,93.57,0.982614786,-0.023802247,-0.181766303,0.029370850,-1.1383305,-1.2488882,1.7754883
seq-06/frame-000253,1,0.03962353,1.309070,398,303,277,0.72,44.42,18.32,5.63,69.09,0.982954185,-0.018013679,-0.180290630,0.031174767,-1.1267010,-1.2444734,1.7566164
seq-06/frame-000254,1,0.03935705,1.311115,398,303,277,0.73,56.35,20.13,11.16,88.37,0.982954185,-0.018013679,-0.180290630,0.031174767,-1.1267010,-1.2444734,1.7566164
seq-06/frame-000255,1,0.03534865,0.779469,403,313,280,0.70,53.98,19.81,8.35,82.85,0.983598020,-0.022393756,-0.176695397,0.028498963,-1.1147190,-1.2650126,1.7324158
seq-06/frame-000256,1,0.04347966,1.064234,436,338,300,0.88,54.78,20.89,14.19,90.75,0.983757647,-0.018612159,-0.176309719,0.028095596,-1.0978487,-1.2479828,1.7159198
seq-06/frame-000257,1,0.04351618,1.022466,436,338,300,0.72,54.56,19.50,12.54,87.32,0.983757647,-0.018612159,-0.176309719,0.028095596,-1.0978487,-1.2479828,1.7159198
seq-06/frame-000258,1,0.03810143,0.829820,441,323,277,0.72,49.71,23.37,9.59,83.39,0.983549152,-0.020169383,-0.177028081,0.029754320,-1.0835444,-1.2473985,1.7100742
seq-06/frame-000259,1,0.03954316,0.871889,410,300,266,0.71,41.60,24.40,9.12,75.83,0.984320300,-0.022649405,-0.172692635,0.027889172,-1.0762605,-1.2548129,1.6885657
seq-06/frame-000260,1,0.03954681,0.948365,410,297,262,0.98,48.45,17.29,13.00,79.72,0.984809606,-0.023672809,-0.170038429,0.026010987,-1.0657991,-1.2517405,1.6751042
seq-06/frame-000261,1,0.03972367,0.981995,410,297,262,1.60,61.54,22.15,9.36,94.65,0.984809606,-0.023672809,-0.170038429,0.026010987,-1.0657991,-1.2517405,1.6751042
seq-06/frame-000262,1,0.03289307,0.822333,399,300,271,0.70,48.21,14.26,8.23,71.40,0.984465958,-0.031464603,-0.170825428,0.025601372,-1.0514614,-1.2650420,1.6707398
seq-06/frame-000263,1,0.03160371,0.585231,444,323,282,0.71,48.86,21.07,9.65,80.29,0.984046281,-0.029387784,-0.173279914,0.027628737,-1.0324389,-1.2491621,1.6614890
seq-06/frame-000264,1,0.03158016,0.654394,444,323,282,0.73,55.29,27.81,15.34,99.17,0.984046281,-0.029387784,-0.173279914,0.027628737,-1.0324389,-1.2491621,1.6614890
seq-06/frame-000265,1,0.02877372,0.699586,421,311,265,0.71,59.62,15.74,9.97,86.04,0.984538694,-0.029431094,-0.170636913,0.026465340,-1.0222066,-1.2486336,1.6501859
seq-06/frame-000266,1,0.03162025,0.557001,439,303,262,0.72,52.21,18.97,9.76,81.66,0.985055999,-0.026548683,-0.168016315,0.027025259,-1.0038823,-1.2368753,1.6402035
seq-06/frame-000267,1,0.03196982,0.511018,439,303,262,0.70,52.64,25.13,12.65,91.13,0.985055999,-0.026548683,-0.168016315,0.027025259,-1.0038823,-1.2368753,1.6402035
seq-06/frame-000268,1,0.03797128,0.563380,437,313,265,0.70,47.67,22.87,7.31,78.56,0.985259051,-0.025094146,-0.167221924,0.025917461,-0.9839790,-1.2316754,1.6272169
seq-06/frame-000269,1,0.03125611,0.560920,461,330,290,0.71,54.01,38.15,8.41,101.28,0.985621092,-0.030084118,-0.164726940,0.022606267,-0.9776595,-1.2445340,1.6135649
seq-06/frame-000270,1,0.03839191,0.472097,459,319,286,0.70,49.31,17.55,8.86,76.42,0.985461825,-0.029592751,-0.165785910,0.022456478,-0.9587772,-1.2329620,1.5989109
seq-06/frame-000271,1,0.03819252,0.518034,459,319,286,0.72,53.56,26.73,10.79,91.80,0.985461825,-0.029592751,-0.165785910,0.022456478,-0.9587772,-1.2329620,1.5989109
seq-06/frame-000272,1,0.03630378,0.780421,464,321,279,0.72,57.44,29.32,9.98,97.47,0.985874943,-0.031166212,-0.163275840,0.020500347,-0.9527719,-1.2343896,1.5828717
seq-06/frame-000273,1,0.03810955,0.722359,463,324,289,0.71,56.77,18.20,11.22,86.89,0.985361588,-0.028829240,-0.166836067,0.019928426,-0.9226156,-1.2264552,1.5809998
seq-06/frame-000274,1,0.03787472,0.758651,463,324,289,0.69,58.14,23.27,7.12,89.22,0.985361588,-0.028829240,-0.166836067,0.019928426,-0.9226156,-1.2264552,1.5809998
seq-06/frame-000275,1,0.04440853,0.789254,475,391,349,0.70,62.89,28.14,11.66,103.40,0.986083624,-0.027422022,-0.162970214,0.018106014,-0.9076243,-1.2207490,1.5613879
seq-06/frame-000276,1,0.03668769,0.330221,485,363,323,0.71,60.76,28.29,17.50,107.27,0.985727155,-0.036477851,-0.163455090,0.017139907,-0.8840233,-1.2366817,1.5622608
seq-06/frame-000277,1,0.03665889,0.304784,485,363,323,0.72,66.14,31.69,10.97,109.51,0.985727155,-0.036477851,-0.163455090,0.017139907,-0.8840233,-1.2366817,1.5622608
seq-06/frame-000278,1,0.03184581,0.531036,516,436,384,0.73,53.24,27.66,8.20,89.83,0.985531322,-0.041405734,-0.163497999,0.016792363,-0.8756245,-1.2456324,1.5487951
seq-06/frame-000279,1,0.03586518,0.816248,518,412,366,0.72,50.31,23.39,11.44,85.86,0.984132822,-0.044258998,-0.170825437,0.018504033,-0.8550214,-1.2494818,1.5389079
seq-06/frame-000280,1,0.05519401,1.392609,596,441,394,0.96,58.51,27.49,7.91,94.87,0.983098178,-0.042483471,-0.177220026,0.017498245,-0.8377170,-1.2383266,1.5288921
seq-06/frame-000281,1,0.03405048,0.874240,596,441,394,0.68,59.48,33.53,13.13,106.82,0.983098178,-0.042483471,-0.177220026,0.017498245,-0.8377170,-1.2383266,1.5288921
seq-06/frame-000282,1,0.03680540,0.954866,569,458,419,0.71,52.17,27.25,12.16,92.30,0.983192723,-0.040194682,-0.177596752,0.013260889,-0.8292014,-1.2256011,1.5053311
seq-06/frame-000283,1,0.04246212,0.979206,638,507,453,1.02,71.70,34.27,7.49,114.48,0.982520408,-0.042956372,-0.180875524,0.009614679,-0.8144829,-1.2262727,1.4874084
seq-06/frame-000284,1,0.04239625,1.023961,638,507,453,0.74,57.01,32.58,13.46,103.79,0.982520408,-0.042956372,-0.180875524,0.009614679,-0.8144829,-1.2262727,1.4874084
seq-06/frame-000285,1,0.03194320,0.963547,639,534,463,0.72,66.39,37.02,12.58,116.71,0.981209642,-0.046995101,-0.187027548,0.006308369,-0.8017251,-1.2289881,1.4893433
seq-06/frame-000286,1,0.04237453,0.954082,636,520,460,0.72,54.77,29.18,12.93,97.60,0.981076261,-0.049405124,-0.187181698,0.003393429,-0.8011239,-1.2276737,1.4595940
seq-06/frame-000287,1,0.04238488,0.961904,636,520,460,0.74,46.61,39.09,16.72,103.17,0.981076261,-0.049405124,-0.187181698,0.003393429,-0.8011239,-1.2276737,1.4595940
seq-06/frame-000288,1,0.03611928,0.669955,683,532,474,0.75,58.00,36.58,8.31,103.64,0.978827928,-0.050964484,-0.198192310,0.004279816,-0.7678412,-1.2201130,1.4654878
seq-06/frame-000289,1,0.04057866,0.907854,693,549,492,0.73,56.82,27.44,6.90,91.89,0.978138195,-0.049885578,-0.201883866,-0.000066014,-0.7587143,-1.2160617,1.4442780
seq-06/frame-000290,1,0.04653786,0.907833,555,467,414,0.72,52.75,26.55,24.55,104.57,0.977461691,-0.050456462,-0.204971270,-0.003092958,-0.7458178,-1.1979687,1.4280821
seq-06/frame-000291,1,0.04636096,0.926487,555,467,414,0.71,47.76,23.79,21.25,93.52,0.977461691,-0.050456462,-0.204971270,-0.003092958,-0.7458178,-1.1979687,1.4280821
seq-06/frame-000292,1,0.04511345,0.617169,592,474,435,0.75,55.27,38.96,14.29,109.27,0.975558679,-0.059935712,-0.211357104,-0.004598855,-0.7214540,-1.1963511,1.4249490
seq-06/frame-000293,1,0.03667731,0.730672,656,558,499,0.74,76.99,41.08,10.71,129.52,0.973543682,-0.068084583,-0.217974873,-0.008008919,-0.7092730,-1.1971354,1.4223691
seq-06/frame-000294,1,0.03306827,0.683002,735,553,487,1.52,70.87,45.69,9.39,127.47,0.971829898,-0.073959915,-0.223462000,-0.011887590,-0.6960953,-1.1936204,1.4155775
seq-06/frame-000295,1,0.03289495,0.731648,735,553,487,0.73,77.53,33.70,10.13,122.09,0.971829898,-0.073959915,-0.223462000,-0.011887590,-0.6960953,-1.1936204,1.4155775
seq-06/frame-000296,1,0.03422496,0.591127,803,652,589,0.74,82.36,41.08,10.28,134.46,0.970065064,-0.080816514,-0.228457750,-0.015796165,-0.6766285,-1.1930388,1.4074114
seq-06/frame-000297,1,0.03179180,0.754772,811,675,599,0.73,59.74,45.92,8.10,114.50,0.968602912,-0.084169729,-0.233091397,-0.019805471,-0.6632108,-1.1840463,1.4011432
seq-06/frame-000298,1,0.03090088,0.782930,820,617,519,0.76,68.27,37.36,17.72,124.11,0.966392407,-0.090017016,-0.239638635,-0.023579183,-0.6453811,-1.1789896,1.3978796
seq-06/frame-000299,1,0.03071794,0.802240,820,617,519,1.24,59.63,45.49,15.13,121.50,0.966392407,-0.090017016,-0.239638635,-0.023579183,-0.6453811,-1.1789896,1.3978796
seq-06/frame-000300,1,0.03844566,0.850512,720,507,432,0.88,59.71,37.83,10.95,109.37,0.964566219,-0.095556629,-0.244091224,-0.030006917,-0.6269611,-1.1706160,1.3840326
seq-06/frame-000301,1,0.03083411,0.485287,958,784,688,0.75,68.51,53.87,6.97,130.10,0.962268688,-0.107217589,-0.247792543,-0.033796682,-0.6139281,-1.1765333,1.3851334
seq-06/frame-000302,1,0.03271073,0.511772,1007,802,713,3.96,66.54,52.23,14.37,137.11,0.961129575,-0.111108970,-0.249866301,-0.038099462,-0.5985222,-1.1764946,1.3755162
seq-06/frame-000303,1,0.03670021,0.424781,904,651,566,0.91,85.39,43.31,13.57,143.18,0.960436873,-0.112687459,-0.251220743,-0.041841213,-0.5743195,-1.1634304,1.3709253
seq-06/frame-000304,1,0.05208599,1.309071,936,651,569,0.76,82.92,43.33,6.71,133.73,0.959766767,-0.119600103,-0.249586509,-0.047435680,-0.5608401,-1.1610537,1.3625853
seq-06/frame-000305,1,0.03667809,0.526676,936,651,569,0.72,66.65,45.27,7.00,119.63,0.959766767,-0.119600103,-0.249586509,-0.047435680,-0.5608401,-1.1610537,1.3625853
seq-06/frame-000306,1,0.03581493,0.496321,1137,819,714,0.79,83.54,48.90,10.23,143.46,0.958967375,-0.126276613,-0.248724649,-0.050713317,-0.5471848,-1.1637889,1.3581264
seq-06/frame-000307,1,0.03779674,0.388472,1012,782,703,0.79,64.03,48.85,11.02,124.70,0.958865422,-0.128104521,-0.247997899,-0.051607906,-0.5247002,-1.1559883,1.3571636
seq-06/frame-000308,1,0.04100425,0.548549,878,636,564,0.76,82.07,46.91,10.80,140.54,0.960204720,-0.129748807,-0.240867217,-0.056170518,-0.5089350,-1.1490954,1.3436752
seq-06/frame-000309,1,0.03767149,0.696619,1184,850,743,0.79,75.24,58.76,13.74,148.54,0.960805214,-0.136773706,-0.233711895,-0.059372086,-0.5014803,-1.1545551,1.3390408
seq-06/frame-000310,1,0.03990529,0.580623,1282,1016,911,0.83,74.35,67.45,15.10,157.73,0.960619058,-0.140882260,-0.232273558,-0.058414113,-0.4851912,-1.1594287,1.3370048
seq-06/frame-000311,1,0.03995089,0.583057,1282,1016,911,0.78,74.90,64.12,15.29,155.09,0.960619058,-0.140882260,-0.232273558,-0.058414113,-0.4851912,-1.1594287,1.3370048
seq-06/frame-000312,1,0.03721079,0.508990,1167,858,746,0.81,68.19,58.51,9.10,136.62,0.961551203,-0.139569671,-0.229091508,-0.058793471,-0.4690219,-1.1493770,1.3297342
seq-06/frame-000313,1,0.03641615,0.618682,1124,826,715,0.80,64.09,57.34,8.73,130.96,0.962261251,-0.142345364,-0.224028249,-0.060020211,-0.4522607,-1.1468660,1.3267366
seq-06/frame-000314,1,0.03651064,0.633946,1254,905,796,0.83,71.30,63.53,10.36,146.03,0.963446145,-0.144692873,-0.217983304,-0.057608829,-0.4378778,-1.1501235,1.3241410
seq-06/frame-000315,1,0.04094323,0.833263,1205,850,765,0.83,82.74,66.99,9.09,159.66,0.964642070,-0.146885815,-0.211924368,-0.054573774,-0.4253913,-1.1575682,1.3175347
seq-06/frame-000316,1,0.04093685,0.844952,1205,850,765,0.84,85.99,70.19,9.21,166.23,0.964642070,-0.146885815,-0.211924368,-0.054573774,-0.4253913,-1.1575682,1.3175347
seq-06/frame-000317,1,0.04384194,0.844203,1125,808,701,0.81,70.05,76.92,16.25,164.03,0.965576425,-0.148499020,-0.207244347,-0.051575084,-0.4074467,-1.1542131,1.3082772
seq-06/frame-000318,1,0.04419958,0.807417,973,709,632,0.79,69.19,53.59,15.04,138.61,0.966412010,-0.152619606,-0.201319200,-0.047176935,-0.3875691,-1.1475927,1.3057902
seq-06/frame-000319,1,0.04750452,0.721642,1084,800,698,0.81,62.97,55.25,11.68,130.71,0.967206720,-0.157915909,-0.194116044,-0.043505040,-0.3707153,-1.1486316,1.3055510
seq-06/frame-000320,1,0.05028347,0.836142,559,382,313,0.69,55.25,33.61,14.70,104.25,0.969474175,-0.158306078,-0.182462437,-0.042029380,-0.3737994,-1.1463795,1.2807638
seq-06/frame-000321,1,0.05013119,0.862981,559,382,313,0.66,49.94,25.77,17.35,93.72,0.969474175,-0.158306078,-0.182462437,-0.042029380,-0.3737994,-1.1463795,1.2807638
seq-06/frame-000322,1,0.04735272,0.572572,540,382,309,0.70,43.13,28.78,13.25,85.87,0.968907503,-0.165058981,-0.180131387,-0.039070030,-0.3424536,-1.1426685,1.2928777
seq-06/frame-000323,1,0.04456475,0.502609,673,502,410,0.70,52.31,32.43,14.14,99.59,0.968992404,-0.172279034,-0.173838439,-0.033968397,-0.3250280,-1.1360483,1.2950628
seq-06/frame-000324,1,0.04034994,0.546549,772,581,492,0.95,60.33,35.07,11.50,107.86,0.969108594,-0.177286899,-0.168825090,-0.029932894,-0.3098680,-1.1317197,1.2994540
seq-06/frame-000325,1,0.04039070,0.567865,772,581,492,0.88,64.60,34.89,10.67,111.05,0.969108594,-0.177286899,-0.168825090,-0.029932894,-0.3098680,-1.1317197,1.2994540
seq-06/frame-000326,1,0.04452415,0.537856,724,552,463,0.72,94.20,30.62,17.30,142.84,0.970021934,-0.179013050,-0.161953907,-0.027976910,-0.2961705,-1.1278701,1.2880563
seq-06/frame-000327,1,0.04423196,0.285534,716,520,437,0.71,75.16,37.13,14.06,127.05,0.970536926,-0.182091639,-0.155983064,-0.023874542,-0.2780850,-1.1201126,1.2894005
seq-06/frame-000328,1,0.03991575,0.517043,745,529,443,1.08,65.85,38.89,22.59,128.42,0.970620544,-0.186468461,-0.149970940,-0.025179144,-0.2622900,-1.1152578,1.2894126
seq-06/frame-000329,1,0.03982361,0.506463,745,529,443,0.72,88.82,33.52,17.29,140.35,0.970620544,-0.186468461,-0.149970940,-0.025179144,-0.2622900,-1.1152578,1.2894126
seq-06/frame-000330,1,0.03771386,0.560503,829,558,466,0.75,69.36,40.24,10.02,120.38,0.971070295,-0.188620445,-0.144525486,-0.023604959,-0.2482601,-1.1083953,1.2879319
seq-06/frame-000331,1,0.04466227,0.822471,816,560,452,0.72,82.60,32.16,12.00,127.48,0.971440422,-0.189792363,-0.140569269,-0.022861450,-0.2261676,-1.1012240,1.2839274
seq-06/frame-000332,1,0.03817033,0.413780,851,591,488,0.74,76.83,46.29,16.01,139.86,0.970817375,-0.198573041,-0.132605478,-0.022319455,-0.2228476,-1.1104041,1.2837921
seq-06/frame-000333,1,0.03792468,0.435833,851,591,488,0.74,61.01,44.06,13.10,118.91,0.970817375,-0.198573041,-0.132605478,-0.022319455,-0.2228476,-1.1104041,1.2837921
seq-06/frame-000334,1,0.03758732,0.998627,838,594,492,0.74,62.55,42.14,12.98,118.41,0.970691434,-0.200099672,-0.130635102,-0.025548604,-0.2035450,-1.0921013,1.2920474
seq-06/frame-000335,1,0.04265247,0.912284,1358,890,761,0.79,77.97,63.98,17.62,160.36,0.967976502,-0.215445339,-0.126370257,-0.025206266,-0.1941505,-1.1191945,1.2936213
seq-06/frame-000336,1,0.04187716,0.899091,1358,890,761,0.78,79.80,72.55,17.46,170.60,0.967976502,-0.215445339,-0.126370257,-0.025206266,-0.1941505,-1.1191945,1.2936213
seq-06/frame-000337,1,0.03203639,0.522010,845,531,446,0.77,62.24,36.94,11.45,111.40,0.969526582,-0.211888932,-0.120564973,-0.024194517,-0.1851654,-1.0969092,1.2818344
seq-06/frame-000338,1,0.03343647,0.713846,859,560,438,1.15,54.83,42.68,18.43,117.09,0.970154817,-0.212455414,-0.114241045,-0.024724703,-0.1676216,-1.0934888,1.2843461
seq-06/frame-000339,1,0.02588522,1.731886,859,560,438,1.08,70.01,39.83,18.71,129.64,0.970154817,-0.212455414,-0.114241045,-0.024724703,-0.1676216,-1.0934888,1.2843461
seq-06/frame-000340,1,0.03313259,0.690179,742,504,410,0.72,69.01,28.53,20.20,118.47,0.970063143,-0.217049026,-0.106129641,-0.024570661,-0.1623243,-1.0989541,1.2815611
seq-06/frame-000341,1,0.04293089,1.143354,704,480,387,0.71,63.60,32.09,15.23,111.62,0.968808248,-0.224023226,-0.103970209,-0.020356021,-0.1440031,-1.1042625,1.2867753
seq-06/frame-000342,1,0.04298075,1.131421,704,480,387,0.72,62.54,35.93,14.91,114.10,0.968808248,-0.224023226,-0.103970209,-0.020356021,-0.1440031,-1.1042625,1.2867753
seq-06/frame-000343,1,0.05053469,1.441730,697,459,353,0.71,50.11,33.61,10.82,95.25,0.967052949,-0.232194509,-0.102358202,-0.020423062,-0.1291636,-1.1080120,1.2851092
seq-06/frame-000344,1,0.04545312,1.053717,796,528,413,0.73,48.81,46.53,18.07,114.14,0.966752571,-0.235709947,-0.097105169,-0.020021803,-0.1219246,-1.1019739,1.2745447
seq-06/frame-000345,1,0.04499591,1.027967,796,528,413,0.73,60.01,38.75,13.35,112.85,0.966752571,-0.235709947,-0.097105169,-0.020021803,-0.1219246,-1.1019739,1.2745447
seq-06/frame-000346,1,0.03495209,0.841576,757,431,339,0.73,48.47,30.92,17.35,97.48,0.966102887,-0.240568683,-0.090300140,-0.024855698,-0.1232019,-1.1052547,1.2761708
seq-06/frame-000347,1,0.03146336,0.859268,747,479,383,0.75,57.74,29.31,16.01,103.81,0.966168449,-0.242128346,-0.084775688,-0.026560795,-0.1128850,-1.0995163,1.2713203
seq-06/frame-000348,1,0.02430004,1.569130,747,479,383,0.74,59.02,39.79,15.98,115.53,0.966168449,-0.242128346,-0.084775688,-0.026560795,-0.1128850,-1.0995163,1.2713203
seq-06/frame-000349,1,0.02118123,0.873399,990,685,538,0.80,71.66,49.08,10.21,131.75,0.966813143,-0.244632445,-0.066461981,-0.031782347,-0.1446028,-1.0927238,1.2701966
seq-06/frame-000350,1,0.01525254,0.700775,1035,678,511,0.74,75.74,53.90,21.94,152.32,0.965149947,-0.250138740,-0.068907871,-0.034174497,-0.1241607,-1.0972590,1.2717789
seq-06/frame-000351,1,0.01889783,0.915285,978,607,431,0.73,78.36,49.32,15.85,144.27,0.964201978,-0.254181252,-0.065928803,-0.036875873,-0.1219494,-1.0940471,1.2652330
seq-06/frame-000352,1,0.01915022,0.897846,978,607,431,0.68,66.94,48.50,12.30,128.42,0.964201978,-0.254181252,-0.065928803,-0.036875873,-0.1219494,-1.0940471,1.2652330
seq-06/frame-000353,1,0.04403388,1.525978,894,406,261,0.75,58.33,37.66,13.18,109.93,0.959658258,-0.266536048,-0.080765654,-0.038619577,-0.0679159,-1.1177386,1.2619177
seq-06/frame-000354,1,0.05315023,2.208634,1178,641,498,0.75,69.89,63.95,12.06,146.67,0.956979150,-0.275577870,-0.082038950,-0.038953240,-0.0531440,-1.1184251,1.2735287
seq-06/frame-000355,1,0.04277552,1.439816,1178,641,498,0.73,75.07,51.98,12.03,139.82,0.956979150,-0.275577870,-0.082038950,-0.038953240,-0.0531440,-1.1184251,1.2735287
seq-06/frame-000356,1,0.06517734,2.437894,1307,754,595,1.20,65.05,67.88,28.82,162.95,0.952647840,-0.287618117,-0.089140394,-0.042330854,-0.0250468,-1.1379055,1.2876756
seq-06/frame-000357,1,0.03255432,1.052049,1248,630,413,0.75,68.36,66.12,24.58,159.82,0.953817623,-0.286415618,-0.077490335,-0.046832513,-0.0506449,-1.1228448,1.2747324
seq-06/frame-000358,1,0.03259138,1.078090,1248,630,413,0.77,72.07,52.78,27.16,152.78,0.953817623,-0.286415618,-0.077490335,-0.046832513,-0.0506449,-1.1228448,1.2747324
seq-06/frame-000359,1,0.05492277,2.001180,1855,1100,893,0.99,91.47,84.76,23.40,200.62,0.950252460,-0.293348278,-0.091734146,-0.050516308,0.0036478,-1.1289132,1.2799294
seq-06/frame-000360,1,0.05156532,1.829840,1919,1194,999,0.86,87.32,85.77,16.18,190.14,0.948841479,-0.297343020,-0.091565855,-0.053876444,0.0118820,-1.1356834,1.2919923
seq-06/frame-000361,1,0.05152549,1.822342,1919,1194,999,0.86,101.64,95.98,19.82,218.31,0.948841479,-0.297343020,-0.091565855,-0.053876444,0.0118820,-1.1356834,1.2919923
seq-06/frame-000362,1,0.05272378,2.032781,1993,1240,1020,0.86,99.00,93.61,13.88,207.36,0.947643712,-0.299750124,-0.094060473,-0.057217883,0.0243033,-1.1384108,1.3025785
seq-06/frame-000363,1,0.05379449,1.925356,1478,945,767,0.83,78.37,71.56,24.54,175.31,0.945996469,-0.304710753,-0.092615674,-0.060534082,0.0277370,-1.1546822,1.3139564
seq-06/frame-000364,1,0.03835216,1.420225,1452,911,744,0.79,75.44,67.66,18.59,162.49,0.948858345,-0.295795045,-0.091833764,-0.061153029,0.0353809,-1.1391832,1.3065343
seq-06/frame-000365,1,0.03819130,1.429041,1452,911,744,0.79,76.86,88.20,16.91,182.76,0.948858345,-0.295795045,-0.091833764,-0.061153029,0.0353809,-1.1391832,1.3065343
seq-06/frame-000366,1,0.00964444,0.917999,2295,1328,999,0.93,92.96,123.64,20.99,238.52,0.951775578,-0.288596413,-0.080810074,-0.065613197,0.0132780,-1.1239771,1.3090754
seq-06/frame-000367,1,0.05273113,1.946856,2361,1298,990,0.94,85.62,126.86,15.98,229.41,0.946431849,-0.300926833,-0.097149895,-0.065358198,0.0578523,-1.1636348,1.3274029
seq-06/frame-000368,1,0.05248800,1.933365,2361,1298,990,0.95,106.49,114.23,18.08,239.75,0.946431849,-0.300926833,-0.097149895,-0.065358198,0.0578523,-1.1636348,1.3274029
seq-06/frame-000369,1,0.04420032,1.631517,2009,1131,861,0.89,90.58,103.53,34.21,229.21,0.945900421,-0.301368748,-0.100047299,-0.066631894,0.0617447,-1.1605566,1.3388627
seq-06/frame-000370,1,0.05300278,2.182592,1574,1033,825,0.81,85.14,79.53,15.14,180.62,0.944043847,-0.302091579,-0.111996358,-0.070559970,0.0826976,-1.1637192,1.3616526
seq-06/frame-000371,1,0.04338061,2.172281,1574,1033,825,0.75,82.19,82.52,12.12,177.58,0.944043847,-0.302091579,-0.111996358,-0.070559970,0.0826976,-1.1637192,1.3616526
seq-06/frame-000372,1,0.04318308,1.747702,1383,901,708,0.80,80.50,72.82,15.44,169.56,0.944514759,-0.297865272,-0.112057434,-0.081309788,0.0785531,-1.1715388,1.3567912
seq-06/frame-000373,1,0.03998174,1.521771,1331,893,711,0.79,72.57,67.66,15.62,156.64,0.945156426,-0.293155648,-0.114605493,-0.087204801,0.0899156,-1.1710661,1.3619298
seq-06/frame-000374,1,0.03933359,1.498984,1331,893,711,0.80,77.21,67.58,18.76,164.36,0.945156426,-0.293155648,-0.114605493,-0.087204801,0.0899156,-1.1710661,1.3619298
seq-06/frame-000375,1,0.05841441,2.363255,1683,1082,819,0.85,73.68,96.76,16.95,188.26,0.943661148,-0.292455593,-0.125168065,-0.091139011,0.1137331,-1.1742124,1.3848557
seq-06/frame-000376,1,0.06060779,2.478613,1668,1093,863,0.84,98.21,109.80,16.31,225.16,0.942138999,-0.291287472,-0.133095470,-0.099052062,0.1175581,-1.1819407,1.3962751
seq-06/frame-000377,1,0.04399296,1.543893,1126,745,615,0.79,78.23,64.17,19.54,162.74,0.943200524,-0.284177664,-0.131137372,-0.111439746,0.1133802,-1.1890945,1.3785684
seq-06/frame-000378,1,0.04335988,1.523281,1126,745,615,0.79,79.45,67.87,16.40,164.51,0.943200524,-0.284177664,-0.131137372,-0.111439746,0.1133802,-1.1890945,1.3785684
seq-06/frame-000379,1,0.03507265,1.331867,963,622,497,1.07,87.29,55.21,19.54,163.12,0.942953583,-0.282167086,-0.128844762,-0.120910308,0.1068760,-1.1941815,1.3886395
seq-06/frame-000380,1,0.02825172,1.940367,963,622,497,0.83,71.67,58.66,18.34,149.51,0.942953583,-0.282167086,-0.128844762,-0.120910308,0.1068760,-1.1941815,1.3886395
seq-06/frame-000381,1,0.04338319,1.655380,844,545,436,1.07,78.60,47.41,10.90,137.98,0.942897059,-0.275516337,-0.133561975,-0.131137648,0.1264597,-1.1985030,1.3975158
seq-06/frame-000382,1,0.05587952,2.049880,1064,730,595,0.77,92.13,66.75,25.06,184.71,0.941947190,-0.275927296,-0.133897039,-0.136642602,0.1374023,-1.2120252,1.4108682
seq-06/frame-000383,1,0.06096343,2.277723,1732,1090,851,1.72,96.03,105.08,22.97,225.80,0.941348824,-0.274840790,-0.136767624,-0.140069798,0.1513184,-1.2122733,1.4211323
seq-06/frame-000384,1,0.06159401,2.299876,1732,1090,851,1.15,103.06,99.89,18.68,222.79,0.941348824,-0.274840790,-0.136767624,-0.140069798,0.1513184,-1.2122733,1.4211323
seq-06/frame-000385,1,0.04499173,1.701892,1305,940,738,0.82,85.35,72.79,25.49,184.45,0.941929964,-0.271397521,-0.134813983,-0.144694572,0.1523533,-1.2050568,1.4153540
seq-06/frame-000386,1,0.04905816,1.718296,1222,804,618,1.61,90.58,57.11,24.65,173.95,0.940655357,-0.270685795,-0.133254897,-0.155369986,0.1539688,-1.2200189,1.4159755
seq-06/frame-000387,1,0.04908125,1.713694,1222,804,618,1.20,93.29,63.43,25.82,183.75,0.940655357,-0.270685795,-0.133254897,-0.155369986,0.1539688,-1.2200189,1.4159755
seq-06/frame-000388,1,0.04762351,1.893977,1299,774,598,0.86,97.86,77.17,18.67,194.57,0.939458803,-0.273811884,-0.132561245,-0.157707726,0.1580750,-1.2196040,1.4328808
seq-06/frame-000389,1,0.04932757,1.769352,1018,620,503,1.41,86.25,47.11,11.96,146.73,0.940121954,-0.271432569,-0.129950941,-0.160024450,0.1681023,-1.2262421,1.4310300
seq-06/frame-000390,1,0.04942751,1.779112,1018,620,503,0.85,80.94,48.74,16.73,147.27,0.940121954,-0.271432569,-0.129950941,-0.160024450,0.1681023,-1.2262421,1.4310300
seq-06/frame-000391,1,0.05415563,1.916587,1927,1068,819,1.16,104.11,95.51,28.63,229.41,0.939603059,-0.274538646,-0.124921431,-0.161769155,0.1647980,-1.2382799,1.4364042
seq-06/frame-000392,1,0.06272804,2.571952,1629,974,681,0.84,110.76,81.47,24.14,217.22,0.938467681,-0.282995977,-0.131098763,-0.148340162,0.1860323,-1.2320748,1.4574988
seq-06/frame-000393,1,0.06232264,2.566955,1629,974,681,1.00,88.90,91.58,20.04,201.52,0.938467681,-0.282995977,-0.131098763,-0.148340162,0.1860323,-1.2320748,1.4574988
seq-06/frame-000394,1,0.05233268,2.070616,1971,1122,781,0.91,95.16,115.07,24.72,235.86,0.939025331,-0.282151383,-0.132707582,-0.144950763,0.1937392,-1.2246902,1.4558221
seq-06/frame-000395,1,0.06814469,2.801480,1923,1114,779,0.89,95.02,101.17,33.01,230.09,0.936982278,-0.289818043,-0.132391001,-0.143325977,0.1902986,-1.2396440,1.4727869
seq-06/frame-000396,1,0.06062178,2.452386,1923,1114,779,0.89,93.21,115.80,23.09,232.99,0.936982278,-0.289818043,-0.132391001,-0.143325977,0.1902986,-1.2396440,1.4727869
seq-06/frame-000397,1,0.06683350,2.647123,1811,1071,791,0.90,91.32,108.72,25.41,226.36,0.936200899,-0.294081389,-0.131456654,-0.140581509,0.1897822,-1.2466252,1.4773634
seq-06/frame-000398,1,0.06416886,2.602223,1712,1032,735,1.26,84.70,98.70,12.13,196.80,0.936784737,-0.295811230,-0.132725314,-0.131582917,0.2020741,-1.2387329,1.4797198
seq-06/frame-000399,1,0.06407894,2.604986,1712,1032,735,0.85,96.81,93.74,14.84,206.25,0.936784737,-0.295811230,-0.132725314,-0.131582917,0.2020741,-1.2387329,1.4797198
seq-06/frame-000400,1,0.05804333,2.372204,1458,916,683,0.82,79.44,81.66,17.02,178.95,0.937067449,-0.299616400,-0.129916588,-0.123516349,0.2008117,-1.2438719,1.4700784
seq-06/frame-000401,1,0.06490839,2.481647,1749,1062,794,0.86,91.89,87.90,15.12,195.78,0.935421629,-0.303864178,-0.132853764,-0.122485978,0.2018625,-1.2526343,1.4794110
seq-06/frame-000402,1,0.06510930,2.488781,1749,1062,794,0.86,94.01,85.46,19.86,200.20,0.935421629,-0.303864178,-0.132853764,-0.122485978,0.2018625,-1.2526343,1.4794110
seq-06/frame-000403,1,0.06829711,2.753223,1419,870,640,0.85,87.79,71.99,20.40,181.03,0.934682865,-0.310110681,-0.133195986,-0.111616024,0.2046302,-1.2520782,1.4894602
seq-06/frame-000404,1,0.01323310,1.291404,1849,999,709,0.88,102.44,86.13,32.26,221.71,0.940207110,-0.296680313,-0.115292929,-0.121239115,0.1487747,-1.2292705,1.4499638
seq-06/frame-000405,1,0.01111976,1.789204,1849,999,709,0.84,98.29,87.52,32.99,219.64,0.940207110,-0.296680313,-0.115292929,-0.121239115,0.1487747,-1.2292705,1.4499638
seq-06/frame-000406,1,0.04302011,1.554119,1452,763,586,0.83,81.17,79.27,14.11,175.39,0.936487342,-0.311185290,-0.118201439,-0.110379317,0.1648381,-1.2672159,1.4712749
seq-06/frame-000407,1,0.05619449,2.222806,1682,916,678,1.00,99.27,81.71,24.61,206.59,0.935981793,-0.315046993,-0.120358206,-0.100982064,0.1822283,-1.2658444,1.4911753
seq-06/frame-000408,1,0.06487825,2.539236,1334,791,609,1.28,79.70,67.67,14.62,163.27,0.934483020,-0.322203969,-0.112129805,-0.101749672,0.1590253,-1.2933574,1.4901886
seq-06/frame-000409,1,0.06546672,2.561577,1334,791,609,0.81,70.80,73.43,12.76,157.80,0.934483020,-0.322203969,-0.112129805,-0.101749672,0.1590253,-1.2933574,1.4901886
seq-06/frame-000410,1,0.06986679,3.058996,990,693,497,1.49,82.20,43.12,10.76,137.58,0.933955281,-0.326733027,-0.120108362,-0.080913804,0.1787674,-1.2741771,1.5053487
seq-06/frame-000411,1,0.06988722,3.058080,990,693,497,0.78,58.61,45.65,13.88,118.93,0.933955281,-0.326733027,-0.120108362,-0.080913804,0.1787674,-1.2741771,1.5053487
seq-06/frame-000412,1,0.06932019,2.875080,1291,865,671,0.81,71.16,54.36,19.76,146.08,0.933966242,-0.326794606,-0.123258119,-0.075629230,0.1766213,-1.2703572,1.5014174
seq-06/frame-000413,1,0.05895278,2.372435,1923,1004,700,0.87,89.92,99.53,11.76,202.08,0.935133761,-0.326201446,-0.118551467,-0.071154869,0.1622501,-1.2688937,1.4946980
seq-06/frame-000414,1,0.05938636,2.381379,1923,1004,700,0.87,107.04,88.68,11.68,208.27,0.935133761,-0.326201446,-0.118551467,-0.071154869,0.1622501,-1.2688937,1.4946980
seq-06/frame-000415,1,0.06677215,2.669711,1930,1137,821,0.87,94.74,93.45,19.77,208.84,0.934465377,-0.329656445,-0.115191273,-0.069513005,0.1524748,-1.2753914,1.5043568
seq-06/frame-000416,1,0.06689144,2.669046,1930,1137,821,0.86,78.22,89.50,25.19,193.77,0.934465377,-0.329656445,-0.115191273,-0.069513005,0.1524748,-1.2753914,1.5043568
seq-06/frame-000417,1,0.07541257,2.962238,1448,948,709,0.84,80.76,75.48,20.57,177.65,0.933760517,-0.334185747,-0.111409623,-0.063238268,0.1470458,-1.2839860,1.5041568
seq-06/frame-000418,1,0.07646724,3.114280,1427,926,729,1.23,78.80,63.67,21.52,165.22,0.932456515,-0.339483742,-0.108311237,-0.059534127,0.1283861,-1.2903015,1.5086799
seq-06/frame-000419,1,0.07679092,3.114062,1427,926,729,0.79,96.45,73.49,21.64,192.36,0.932456515,-0.339483742,-0.108311237,-0.059534127,0.1283861,-1.2903015,1.5086799
seq-06/frame-000420,1,0.07227448,2.874970,1419,967,751,0.82,78.18,62.87,18.22,160.10,0.932708201,-0.340861888,-0.105325951,-0.052678550,0.1218991,-1.2822696,1.5006612
seq-06/frame-000421,1,0.07304185,3.018321,1384,922,703,0.81,73.86,65.57,15.68,155.93,0.931779812,-0.345481708,-0.102265506,-0.044390732,0.1084824,-1.2786902,1.5072536
seq-06/frame-000422,1,0.07310422,3.015914,1384,922,703,0.83,71.48,66.00,8.88,147.19,0.931779812,-0.345481708,-0.102265506,-0.044390732,0.1084824,-1.2786902,1.5072536
seq-06/frame-000423,1,0.07956317,3.214208,1193,778,578,0.80,61.37,81.89,17.89,161.96,0.930949971,-0.349099649,-0.101080883,-0.035273816,0.1030459,-1.2752472,1.5098060
seq-06/frame-000424,1,0.07964153,3.214854,1193,778,578,0.80,71.46,90.03,20.13,182.43,0.930949971,-0.349099649,-0.101080883,-0.035273816,0.1030459,-1.2752472,1.5098060
seq-06/frame-000425,1,0.07940134,3.332016,1095,736,534,0.79,87.39,74.72,18.66,181.56,0.929353144,-0.354806085,-0.098094593,-0.028157182,0.0819904,-1.2785649,1.5160518
seq-06/frame-000426,1,0.06619720,3.593914,1167,809,599,1.08,86.25,84.68,28.10,200.11,0.928825124,-0.357865692,-0.093797790,-0.020445306,0.0676786,-1.2802530,1.5102611
seq-06/frame-000427,1,0.07591028,3.156052,1167,809,599,1.26,92.98,73.48,31.24,198.96,0.928825124,-0.357865692,-0.093797790,-0.020445306,0.0676786,-1.2802530,1.5102611
seq-06/frame-000428,1,0.07758346,3.162804,844,535,366,0.89,65.94,46.83,20.66,134.33,0.928233123,-0.360059764,-0.093114335,-0.008363978,0.0581345,-1.2703990,1.5150909
seq-06/frame-000429,1,0.07746675,3.151872,844,535,366,0.71,66.25,50.66,18.30,135.93,0.928233123,-0.360059764,-0.093114335,-0.008363978,0.0581345,-1.2703990,1.5150909
seq-06/frame-000430,1,0.06738073,3.010397,762,417,290,1.04,58.89,44.79,19.08,123.80,0.927265025,-0.366558632,-0.073172158,-0.021451768,-0.0258246,-1.3173878,1.5068959
seq-06/frame-000431,1,0.07840014,3.218415,910,544,391,0.77,79.30,54.41,16.42,150.91,0.925330951,-0.367157520,-0.094406824,0.006733334,0.0295753,-1.2873369,1.5163675
seq-06/frame-000432,1,0.07826752,3.219663,910,544,391,0.74,61.23,66.07,24.06,152.10,0.925330951,-0.367157520,-0.094406824,0.006733334,0.0295753,-1.2873369,1.5163675
seq-06/frame-000433,1,0.06980379,3.169051,957,639,437,1.08,81.25,63.62,10.57,156.52,0.923952027,-0.371300035,-0.090496318,0.016104394,0.0021287,-1.2826186,1.5256517
seq-06/frame-000434,1,0.06935077,3.168308,957,639,437,1.21,77.42,43.56,9.64,131.83,0.923952027,-0.371300035,-0.090496318,0.016104394,0.0021287,-1.2826186,1.5256517
seq-06/frame-000435,1,0.07044164,3.030474,1095,676,454,0.77,90.43,54.05,12.39,157.64,0.924791857,-0.368335614,-0.092293940,0.023889874,-0.0044407,-1.2714103,1.5266582
seq-06/frame-000436,1,0.06971001,3.010083,1095,676,454,0.78,92.13,60.93,21.47,175.31,0.924791857,-0.368335614,-0.092293940,0.023889874,-0.0044407,-1.2714103,1.5266582
seq-06/frame-000437,1,0.06457705,2.862931,1382,865,621,1.16,109.86,95.96,24.74,231.72,0.925565852,-0.367098049,-0.087914085,0.028948046,-0.0240122,-1.2753878,1.5222570
seq-06/frame-000438,1,0.06018153,2.769891,1208,809,562,0.80,89.66,71.29,14.38,176.12,0.925575864,-0.367774785,-0.082908433,0.034310628,-0.0411915,-1.2819484,1.5167987
seq-06/frame-000439,1,0.06077708,2.775531,1208,809,562,0.82,90.78,64.69,99.62,255.91,0.925575864,-0.367774785,-0.082908433,0.034310628,-0.0411915,-1.2819484,1.5167987
seq-06/frame-000440,1,0.07725474,2.979238,1040,611,421,9.46,86.62,49.53,17.94,163.55,0.925559131,-0.366876235,-0.086296163,0.035987446,-0.0414569,-1.2935050,1.5138252
seq-06/frame-000441,1,0.07640838,2.969527,1040,611,421,0.78,83.56,45.88,31.43,161.65,0.925559131,-0.366876235,-0.086296163,0.035987446,-0.0414569,-1.2935050,1.5138252
seq-06/frame-000442,1,0.06400614,3.052452,1050,719,533,0.79,82.84,65.83,18.13,167.60,0.923036990,-0.373418820,-0.080107952,0.046301366,-0.0695494,-1.2910104,1.5162213
seq-06/frame-000443,1,0.05685461,2.456471,1396,988,758,0.81,83.89,87.06,24.07,195.83,0.923638656,-0.371769514,-0.080916674,0.046168747,-0.0866325,-1.2894344,1.5104045
seq-06/frame-000444,1,0.05667254,2.470966,1396,988,758,0.81,90.36,82.93,19.06,193.17,0.923638656,-0.371769514,-0.080916674,0.046168747,-0.0866325,-1.2894344,1.5104045
seq-06/frame-000445,1,0.05683251,2.082599,1554,1030,798,0.80,95.17,68.46,16.50,180.93,0.924365689,-0.370318248,-0.080188121,0.044523404,-0.1019846,-1.2972164,1.5057239
seq-06/frame-000446,1,0.05589934,2.320395,1275,750,517,0.78,72.30,63.24,27.51,163.83,0.924109538,-0.369570694,-0.081579519,0.052762169,-0.1120094,-1.2755112,1.5260459
seq-06/frame-000447,1,0.05563097,2.312064,1275,750,517,0.79,93.78,89.74,22.69,207.00,0.924109538,-0.369570694,-0.081579519,0.052762169,-0.1120094,-1.2755112,1.5260459
seq-06/frame-000448,1,0.04316282,1.919376,1528,820,543,0.82,101.23,86.40,13.93,202.39,0.925293552,-0.368188747,-0.071747273,0.055867866,-0.1373840,-1.2888685,1.5193431
seq-06/frame-000449,1,0.04267941,1.585569,1794,982,716,0.84,101.43,120.15,26.01,248.44,0.927368300,-0.364571636,-0.064796888,0.053636946,-0.1561284,-1.2976667,1.5171879
seq-06/frame-000450,1,0.04315936,1.618379,1794,982,716,0.82,113.94,127.19,27.05,269.02,0.927368300,-0.364571636,-0.064796888,0.053636946,-0.1561284,-1.2976667,1.5171879
seq-06/frame-000451,1,0.05780839,2.465950,2075,1245,941,0.86,105.65,115.64,15.46,237.63,0.924769950,-0.371358748,-0.058979972,0.058434430,-0.1659218,-1.3048813,1.5381054
seq-06/frame-000452,1,0.05246829,1.920249,1686,1088,864,0.81,91.18,84.10,10.88,186.98,0.926537200,-0.367313910,-0.057253599,0.057717709,-0.1750399,-1.3120514,1.5242481
seq-06/frame-000453,1,0.05949372,2.053413,1686,1088,864,0.81,91.54,85.36,13.25,190.96,0.926537200,-0.367313910,-0.057253599,0.057717709,-0.1750399,-1.3120514,1.5242481
seq-06/frame-000454,1,0.06068664,2.488163,1844,1223,961,3.24,103.13,86.74,20.09,213.20,0.924453072,-0.372517846,-0.053217375,0.061521404,-0.1974407,-1.3151587,1.5478986
seq-06/frame-000455,1,0.06079545,2.488867,1844,1223,961,0.85,96.37,107.95,25.98,231.15,0.924453072,-0.372517846,-0.053217375,0.061521404,-0.1974407,-1.3151587,1.5478986
seq-06/frame-000456,1,0.05997031,2.217388,2004,1223,965,1.19,104.07,107.15,18.04,230.44,0.925259860,-0.370772009,-0.050022585,0.062610305,-0.2089181,-1.3163095,1.5423554
seq-06/frame-000457,1,0.05985543,2.314339,2079,1237,968,0.96,91.90,114.33,13.64,220.83,0.924457768,-0.372903453,-0.047392491,0.063834169,-0.2215640,-1.3136050,1.5520199
seq-06/frame-000458,1,0.05980270,2.314314,2079,1237,968,0.82,80.30,99.44,12.22,192.79,0.924457768,-0.372903453,-0.047392491,0.063834169,-0.2215640,-1.3136050,1.5520199
seq-06/frame-000459,1,0.05595283,2.030812,1491,1003,753,0.83,74.81,84.24,18.16,178.04,0.925055740,-0.371144531,-0.044921611,0.067124235,-0.2311061,-1.3100644,1.5494887
seq-06/frame-000460,1,0.04704108,1.502940,1257,853,653,0.78,75.78,71.60,9.75,157.92,0.927379666,-0.364032620,-0.045429617,0.073371361,-0.2334619,-1.2993243,1.5327596
seq-06/frame-000461,1,0.05713611,1.522702,1257,853,653,0.77,70.38,67.91,9.91,148.98,0.927379666,-0.364032620,-0.045429617,0.073371361,-0.2334619,-1.2993243,1.5327596
seq-06/frame-000462,1,0.06530364,2.242227,1134,702,521,0.76,61.74,58.91,15.92,137.34,0.923481590,-0.373177349,-0.041270777,0.078848853,-0.2483583,-1.3162428,1.5645346
seq-06/frame-000463,1,0.06589118,2.268311,1134,702,521,0.71,68.17,64.61,17.29,150.78,0.923481590,-0.373177349,-0.041270777,0.078848853,-0.2483583,-1.3162428,1.5645346
seq-06/frame-000464,1,0.05492816,1.858733,898,478,308,0.73,57.21,52.41,21.87,132.22,0.924441126,-0.369089286,-0.041724665,0.086259815,-0.2608254,-1.3057569,1.5641410
seq-06/frame-000465,1,0.05649004,1.582371,935,452,299,0.74,57.02,43.10,20.32,121.19,0.925231709,-0.365345367,-0.040515619,0.093954950,-0.2672903,-1.3111960,1.5669925
seq-06/frame-000466,1,0.06203923,1.612596,935,452,299,0.70,56.55,50.28,22.55,130.08,0.925231709,-0.365345367,-0.040515619,0.093954950,-0.2672903,-1.3111960,1.5669925
seq-06/frame-000467,1,0.05820325,1.746215,1320,739,533,0.79,81.85,62.40,16.17,161.22,0.925103088,-0.364826795,-0.033214111,0.099912508,-0.2914958,-1.3118856,1.5716083
seq-06/frame-000468,1,0.05865609,1.762804,1320,739,533,0.77,74.12,72.91,22.24,170.04,0.925103088,-0.364826795,-0.033214111,0.099912508,-0.2914958,-1.3118856,1.5716083
seq-06/frame-000469,1,0.04031152,1.734919,1425,859,583,0.81,82.23,66.75,15.75,165.55,0.926991680,-0.359340503,-0.017293134,0.106121516,-0.3400790,-1.2926805,1.5826602
seq-06/frame-000470,1,0.04404512,1.676508,1415,827,585,0.81,79.16,58.48,14.29,152.75,0.924487506,-0.361248548,-0.026992731,0.118717018,-0.3112147,-1.2978164,1.5978995
seq-06/frame-000471,1,0.04430672,1.692553,1415,827,585,0.82,78.53,69.94,17.72,167.02,0.924487506,-0.361248548,-0.026992731,0.118717018,-0.3112147,-1.2978164,1.5978995
seq-06/frame-000472,1,0.04363342,1.487987,1458,784,527,0.80,79.19,69.70,21.39,171.08,0.925746805,-0.356598963,-0.018732102,0.124415193,-0.3238007,-1.2987021,1.6013505
seq-06/frame-000473,1,0.04355738,1.983996,1557,943,656,0.83,85.81,77.19,12.32,176.15,0.924048391,-0.357396686,-0.014162365,0.134913331,-0.3272990,-1.2943047,1.6130237
seq-06/frame-000474,1,0.04338084,1.971133,1557,943,656,0.79,89.84,75.38,16.84,182.86,0.924048391,-0.357396686,-0.014162365,0.134913331,-0.3272990,-1.2943047,1.6130237
seq-06/frame-000475,1,0.02642324,1.297438,1822,1076,795,0.87,88.05,92.87,13.68,195.46,0.925500364,-0.350321189,-0.005465400,0.143855033,-0.3439595,-1.2816276,1.6104914
seq-06/frame-000476,1,0.02663131,1.308873,1822,1076,795,0.84,78.59,102.82,14.53,196.78,0.925500364,-0.350321189,-0.005465400,0.143855033,-0.3439595,-1.2816276,1.6104914
seq-06/frame-000477,1,0.03021590,1.566990,1719,1036,756,0.86,85.42,92.46,12.46,191.20,0.923815865,-0.352702199,-0.002638824,0.148857124,-0.3475595,-1.2843916,1.6210774
seq-06/frame-000478,1,0.03987481,1.865733,1289,762,522,0.82,65.67,68.88,18.35,153.72,0.927930943,-0.344290996,0.016687321,0.141878148,-0.3964888,-1.2872732,1.6111425
seq-06/frame-000479,1,0.04001159,1.863349,1289,762,522,1.36,69.21,60.11,17.09,147.78,0.927930943,-0.344290996,0.016687321,0.141878148,-0.3964888,-1.2872732,1.6111425
seq-06/frame-000480,1,0.03277331,0.868044,859,457,273,0.75,62.73,46.82,14.19,124.50,0.927448124,-0.339292426,0.018105670,0.156181983,-0.3729304,-1.2946563,1.6193446
seq-06/frame-000481,1,0.02810303,1.443711,959,600,406,0.76,66.90,49.30,31.85,148.81,0.928929463,-0.337256723,0.029540778,0.149917637,-0.3842117,-1.2907928,1.6237187
seq-06/frame-000482,1,0.02823687,1.437058,959,600,406,1.21,70.92,56.87,20.04,149.05,0.928929463,-0.337256723,0.029540778,0.149917637,-0.3842117,-1.2907928,1.6237187
seq-06/frame-000483,1,0.02248997,0.929586,1197,716,513,0.80,72.71,57.04,24.87,155.43,0.930098988,-0.329922846,0.045636493,0.154868006,-0.3966276,-1.2854113,1.6163162
seq-06/frame-000484,1,0.01303716,0.673665,1545,955,659,0.85,71.35,72.34,22.77,167.30,0.929129397,-0.327609187,0.052621867,0.163161650,-0.3965160,-1.2783938,1.6214221
seq-06/frame-000485,1,0.01338347,0.693489,1545,955,659,0.82,72.39,75.44,20.74,169.40,0.929129397,-0.327609187,0.052621867,0.163161650,-0.3965160,-1.2783938,1.6214221
seq-06/frame-000486,1,0.03510066,1.360593,1638,978,711,0.87,73.80,80.78,23.26,178.70,0.931788770,-0.318313572,0.070908461,0.159430699,-0.4381229,-1.2722581,1.6115392
seq-06/frame-000487,1,0.03442897,1.353804,1638,978,711,0.86,94.02,75.48,26.58,196.94,0.931788770,-0.318313572,0.070908461,0.159430699,-0.4381229,-1.2722581,1.6115392
seq-06/frame-000488,1,0.03822870,1.597750,1572,1002,722,1.02,82.86,77.19,19.39,180.46,0.932471512,-0.314887806,0.078602157,0.158632438,-0.4499997,-1.2675550,1.6126087
seq-06/frame-000489,1,0.04211584,2.022569,1363,758,513,0.79,76.71,77.26,10.73,165.49,0.933423435,-0.307624651,0.089746784,0.161348321,-0.4644033,-1.2590123,1.6199407
seq-06/frame-000490,1,0.04234010,2.014411,1363,758,513,0.78,81.03,69.66,14.28,165.76,0.933423435,-0.307624651,0.089746784,0.161348321,-0.4644033,-1.2590123,1.6199407
seq-06/frame-000491,1,0.02721595,0.972976,1275,770,551,0.78,87.94,57.35,13.47,159.54,0.931365862,-0.310767338,0.091019497,0.166423389,-0.4503455,-1.2812141,1.6169024
seq-06/frame-000492,1,0.02687163,0.985180,1275,770,551,0.74,66.77,54.93,17.23,139.66,0.931365862,-0.310767338,0.091019497,0.166423389,-0.4503455,-1.2812141,1.6169024
seq-06/frame-000493,1,0.03103064,1.279426,1281,775,559,0.81,76.34,74.38,15.30,166.84,0.933243447,-0.300576450,0.102000373,0.168245032,-0.4646391,-1.2687342,1.6134089
seq-06/frame-000494,1,0.03155328,1.484128,1492,964,699,0.84,80.39,75.98,10.96,168.17,0.932119280,-0.300187263,0.115116057,0.166701978,-0.4814587,-1.2724913,1.6207588
seq-06/frame-000495,1,0.03129370,1.479859,1492,964,699,0.85,69.25,85.71,14.61,170.42,0.932119280,-0.300187263,0.115116057,0.166701978,-0.4814587,-1.2724913,1.6207588
seq-06/frame-000496,1,0.03936776,1.715259,1746,988,740,0.87,72.54,86.43,14.17,174.01,0.931686975,-0.295147238,0.126846638,0.169580126,-0.5010088,-1.2656750,1.6221853
seq-06/frame-000497,1,0.03907874,1.709952,1746,988,740,0.86,83.31,75.52,14.10,173.79,0.931686975,-0.295147238,0.126846638,0.169580126,-0.5010088,-1.2656750,1.6221853
seq-06/frame-000498,1,0.03162410,1.556370,1734,1020,739,0.84,97.54,80.58,25.93,204.90,0.930708097,-0.293707593,0.131019080,0.174219084,-0.5023853,-1.2683672,1.6245776
seq-06/frame-000499,1,0.02946430,1.564388,1564,946,697,0.82,87.06,92.84,23.74,204.47,0.930238959,-0.289971315,0.138123504,0.177465528,-0.5075703,-1.2631039,1.6250953
seq-06/frame-000500,1,0.02889975,1.557702,1564,946,697,0.83,92.90,78.37,16.58,188.68,0.930238959,-0.289971315,0.138123504,0.177465528,-0.5075703,-1.2631039,1.6250953
seq-06/frame-000501,1,0.02479742,1.669607,1507,953,694,0.84,84.61,67.15,23.58,176.18,0.928294331,-0.290576491,0.147325768,0.179248585,-0.5163077,-1.2691158,1.6294711
seq-06/frame-000502,1,0.02521607,1.642604,1507,953,694,0.79,77.14,69.08,8.91,155.92,0.928294331,-0.290576491,0.147325768,0.179248585,-0.5163077,-1.2691158,1.6294711
seq-06/frame-000503,1,0.02502545,1.730401,1336,821,589,0.81,69.02,74.31,10.15,154.28,0.927384879,-0.284323797,0.157698083,0.185063715,-0.5253134,-1.2592045,1.6314192
seq-06/frame-000504,1,0.02669023,1.134794,1175,680,426,1.13,68.58,60.87,6.44,137.02,0.922649307,-0.274232416,0.179169044,0.203502560,-0.5295238,-1.2520008,1.6719198
seq-06/frame-000505,1,0.02688025,1.147328,1175,680,426,0.79,55.43,66.24,6.44,128.91,0.922649307,-0.274232416,0.179169044,0.203502560,-0.5295238,-1.2520008,1.6719198
seq-06/frame-000506,1,0.02371840,1.768945,1221,816,595,0.81,73.44,65.67,20.02,159.96,0.923332481,-0.276965227,0.180903842,0.194990236,-0.5341303,-1.2580945,1.6294529
seq-06/frame-000507,1,0.02849209,1.428919,1550,986,737,0.83,80.63,71.63,14.89,167.98,0.920074180,-0.274106195,0.194257496,0.201477846,-0.5495791,-1.2604846,1.6274805
seq-06/frame-000508,1,0.02856784,1.467774,1550,986,737,0.84,106.11,80.04,21.24,208.23,0.920074180,-0.274106195,0.194257496,0.201477846,-0.5495791,-1.2604846,1.6274805
seq-06/frame-000509,1,0.03165559,1.531438,1668,1070,808,0.85,98.34,74.87,22.89,196.95,0.917865880,-0.271424592,0.203153743,0.206347942,-0.5636060,-1.2579832,1.6259867
seq-06/frame-000510,1,0.03215101,1.453471,1650,992,739,0.87,85.78,74.65,12.87,174.18,0.915528329,-0.268650229,0.212023206,0.211379029,-0.5773857,-1.2514573,1.6279511
seq-06/frame-000511,1,0.03207760,1.494259,1650,992,739,0.79,88.96,81.51,19.41,190.67,0.915528329,-0.268650229,0.212023206,0.211379029,-0.5773857,-1.2514573,1.6279511
seq-06/frame-000512,1,0.03521893,1.500567,1676,1059,776,1.07,100.47,80.74,17.30,199.58,0.913496173,-0.265633556,0.219099041,0.216700638,-0.5888142,-1.2470161,1.6264797
seq-06/frame-000513,1,0.03186598,1.443531,1516,971,741,0.81,64.58,82.95,10.25,158.61,0.909702609,-0.266922729,0.228487431,0.221329875,-0.6022005,-1.2490938,1.6303361
seq-06/frame-000514,1,0.03183249,1.472431,1516,971,741,1.26,83.82,75.50,14.92,175.50,0.909702609,-0.266922729,0.228487431,0.221329875,-0.6022005,-1.2490938,1.6303361
seq-06/frame-000515,1,0.02490385,1.037635,1613,945,607,0.84,76.58,68.91,9.82,156.16,0.900709803,-0.260800155,0.250803714,0.240421769,-0.6236311,-1.2466838,1.6774269
seq-06/frame-000516,1,0.05068280,1.863972,1594,995,748,0.82,67.84,76.95,17.15,162.75,0.905549308,-0.255102547,0.242473609,0.236874839,-0.6262799,-1.2250828,1.6164372
seq-06/frame-000517,1,0.07141849,2.727176,1373,881,623,0.79,60.14,66.08,19.81,146.82,0.904009260,-0.245979472,0.247698927,0.246792623,-0.6334747,-1.2080754,1.6005261
seq-06/frame-000518,1,0.07173976,2.769499,1373,881,623,0.79,76.59,67.94,21.08,166.41,0.904009260,-0.245979472,0.247698927,0.246792623,-0.6334747,-1.2080754,1.6005261
seq-06/frame-000519,1,0.04849770,1.922322,1050,728,515,0.74,64.88,44.58,23.16,133.36,0.897059797,-0.259673064,0.259504027,0.245990406,-0.6505438,-1.2326367,1.6162255
seq-06/frame-000520,1,0.03499699,1.115632,1313,833,519,0.77,69.90,63.47,16.94,151.09,0.883589920,-0.258304137,0.289754202,0.261897552,-0.6825216,-1.2346082,1.6935093
seq-06/frame-000521,1,0.03480301,1.152154,1313,833,519,1.08,82.49,68.52,13.28,165.37,0.883589920,-0.258304137,0.289754202,0.261897552,-0.6825216,-1.2346082,1.6935093
seq-06/frame-000522,1,0.02638126,0.989039,1084,738,459,0.76,70.95,44.27,22.81,138.79,0.879610137,-0.259709756,0.296768787,0.266017175,-0.6889305,-1.2422463,1.6896021
seq-06/frame-000523,1,0.03645365,1.597755,1420,872,518,1.13,85.30,66.15,24.38,176.98,0.874839445,-0.257282156,0.311353079,0.267434289,-0.7116503,-1.2412688,1.6979218
seq-06/frame-000524,1,0.03703798,1.681263,1420,872,518,0.79,73.43,66.24,37.78,178.25,0.874839445,-0.257282156,0.311353079,0.267434289,-0.7116503,-1.2412688,1.6979218
seq-06/frame-000525,1,0.03832755,1.528803,1668,1023,658,0.83,82.83,73.71,9.29,166.67,0.871078061,-0.258220254,0.319799665,0.268837286,-0.7294997,-1.2521734,1.6997656
seq-06/frame-000526,1,0.05625126,1.540614,1822,949,630,0.85,68.82,92.25,18.45,180.38,0.879521927,-0.252184161,0.302978526,0.266548948,-0.7257851,-1.2438780,1.6127067
seq-06/frame-000527,1,0.05669510,1.578497,1822,949,630,0.85,88.21,106.43,15.55,211.04,0.879521927,-0.252184161,0.302978526,0.266548948,-0.7257851,-1.2438780,1.6127067
seq-06/frame-000528,1,0.02922771,1.639447,1544,925,607,0.81,89.22,65.16,8.84,164.03,0.867968207,-0.252228717,0.330462501,0.271673335,-0.7581038,-1.2522634,1.6985057
seq-06/frame-000529,1,0.03048071,1.680661,1211,796,513,0.78,71.01,62.15,13.90,147.85,0.865696288,-0.249281504,0.338438882,0.271823090,-0.7704698,-1.2554787,1.6986503
seq-06/frame-000530,1,0.06588190,1.490756,1415,703,443,0.96,76.92,66.78,17.83,162.49,0.871913997,-0.250335838,0.325619537,0.266589325,-0.7659182,-1.2674720,1.6085721
seq-06/frame-000531,1,0.05373327,2.222624,1579,915,606,0.79,73.23,74.83,13.09,161.94,0.855601974,-0.257383717,0.358589991,0.270392497,-0.8000846,-1.2978169,1.7086498
seq-06/frame-000532,1,0.05280175,2.249385,1579,915,606,0.80,87.01,73.56,13.97,175.35,0.855601974,-0.257383717,0.358589991,0.270392497,-0.8000846,-1.2978169,1.7086498
seq-06/frame-000533,1,0.03855876,2.406940,1123,683,458,1.08,73.89,53.96,14.94,143.87,0.855484981,-0.240319474,0.368510290,0.273115661,-0.8214854,-1.2653618,1.7115860
seq-06/frame-000534,1,0.03497836,2.243536,1478,883,558,0.80,75.03,70.46,21.61,167.90,0.854418006,-0.237088902,0.376390537,0.268493738,-0.8394280,-1.2754390,1.7099679
seq-06/frame-000535,1,0.03543937,2.400523,1614,976,675,0.82,79.93,127.77,18.00,226.52,0.853704839,-0.234856152,0.382069008,0.264676991,-0.8589212,-1.2796358,1.7065811
seq-06/frame-000536,1,0.03802661,2.675850,1736,1017,718,0.82,81.28,73.76,9.65,165.51,0.852545367,-0.231586610,0.387660741,0.263160005,-0.8775002,-1.2713126,1.7102235
seq-06/frame-000537,1,0.07073331,3.474547,1299,734,512,0.79,63.11,61.78,14.30,139.97,0.847280070,-0.247134290,0.393327926,0.257554400,-0.8789502,-1.3135255,1.7249064
seq-06/frame-000538,1,0.06311068,2.884379,1299,734,512,0.79,69.82,67.93,20.59,159.13,0.847280070,-0.247134290,0.393327926,0.257554400,-0.8789502,-1.3135255,1.7249064
seq-06/frame-000539,1,0.04073162,2.374659,851,493,354,0.74,69.03,39.22,9.40,118.39,0.848014356,-0.228886794,0.402107400,0.258441729,-0.9006313,-1.2804498,1.7247164
seq-06/frame-000540,1,0.04813218,1.835131,989,519,361,0.85,69.13,47.54,13.98,131.51,0.845465548,-0.228046942,0.409654993,0.255666551,-0.9119024,-1.2989347,1.7441834
seq-06/frame-000541,1,0.03482069,1.136761,1515,899,617,0.77,73.14,75.31,16.65,165.88,0.846673324,-0.221257950,0.412332948,0.253319448,-0.9250291,-1.2990032,1.7425290
seq-06/frame-000542,1,0.03970408,1.442012,1594,922,664,0.81,74.36,85.25,37.77,198.20,0.847206337,-0.220959539,0.414555301,0.248117326,-0.9334716,-1.3044859,1.7457015
seq-06/frame-000543,1,0.02515543,0.803592,1659,989,732,0.81,71.48,79.89,21.46,173.63,0.848151082,-0.212099577,0.417681524,0.247377559,-0.9466410,-1.2893141,1.7433261
seq-06/frame-000544,1,0.01940188,0.396926,744,489,357,0.72,57.23,33.11,7.40,98.47,0.848202767,-0.203637042,0.421157939,0.248414999,-0.9582344,-1.2770856,1.7513987
seq-06/frame-000545,1,0.01749425,0.686485,744,489,357,0.72,49.00,36.02,16.60,102.34,0.848202767,-0.203637042,0.421157939,0.248414999,-0.9582344,-1.2770856,1.7513987
seq-06/frame-000546,1,0.04074104,1.278948,567,305,201,0.70,53.84,24.20,10.21,88.96,0.847786237,-0.208083078,0.423154575,0.242693499,-0.9626519,-1.3099309,1.7683211
seq-06/frame-000547,1,0.02747280,0.534539,559,323,216,0.70,53.67,29.07,18.67,102.11,0.850643295,-0.192882347,0.424921926,0.242164699,-0.9633119,-1.2887029,1.7657765
seq-06/frame-000548,1,0.02926065,0.536314,493,277,193,1.08,60.88,27.69,12.92,102.57,0.851125211,-0.188141346,0.428147371,0.238492217,-0.9791140,-1.3090615,1.7550591
seq-06/frame-000549,1,0.02753274,0.629889,484,253,167,0.69,52.57,23.53,17.64,94.44,0.853421106,-0.170168583,0.433523347,0.234035418,-0.9929188,-1.2738425,1.7858614
seq-06/frame-000550,1,0.03348613,0.727898,714,478,359,0.71,56.39,25.59,11.11,93.80,0.855897144,-0.163821425,0.433414191,0.229684040,-1.0004962,-1.2689462,1.7945703
seq-06/frame-000551,1,0.02662230,0.658363,660,443,329,0.73,50.26,33.09,8.12,92.20,0.857698605,-0.164693917,0.430227673,0.228326882,-1.0033587,-1.2898743,1.7861877
seq-06/frame-000552,1,0.02823836,0.624233,717,491,348,0.72,52.35,43.90,11.88,108.85,0.859259341,-0.157279927,0.431488682,0.225286320,-1.0053118,-1.2801113,1.8003087
seq-06/frame-000553,1,0.03044927,0.778728,692,478,358,0.71,53.62,33.94,14.96,103.23,0.860428904,-0.154798396,0.432907513,0.219751321,-1.0106428,-1.2814364,1.8091080
seq-06/frame-000554,1,0.03100142,0.774852,769,512,391,0.72,54.54,40.17,11.24,106.67,0.860803108,-0.148399067,0.434464746,0.219627210,-1.0153839,-1.2824139,1.8141588
seq-06/frame-000555,1,0.02787408,0.685172,987,664,504,0.75,65.78,51.30,11.32,129.16,0.861149127,-0.142584411,0.436417596,0.218246533,-1.0155405,-1.2764669,1.8185048
seq-06/frame-000556,1,0.02227841,0.654460,1237,794,595,1.06,68.88,65.64,11.84,147.42,0.860306334,-0.138686749,0.440777260,0.215300729,-1.0229936,-1.2705262,1.8204841
seq-06/frame-000557,1,0.02722203,0.724600,1383,863,656,2.11,91.72,85.34,7.63,186.80,0.858413532,-0.138356337,0.445768233,0.212777853,-1.0249788,-1.2669391,1.8338588
seq-06/frame-000558,1,0.02665452,0.696195,1386,839,637,0.80,93.41,75.68,23.01,192.93,0.857723078,-0.137646621,0.448458686,0.210355263,-1.0288345,-1.2681045,1.8402484
seq-06/frame-000559,1,0.02381437,0.688330,1320,850,620,0.79,77.50,81.50,8.84,168.62,0.857486307,-0.137846193,0.450971707,0.205767297,-1.0333218,-1.2644480,1.8439036
seq-06/frame-000560,1,0.02408460,0.665813,1379,909,697,0.80,74.26,72.54,13.41,161.02,0.856446828,-0.139078825,0.454096513,0.202366666,-1.0378654,-1.2609014,1.8521534
seq-06/frame-000561,1,0.03278398,0.844650,1214,790,611,0.78,81.73,62.11,12.96,157.58,0.855617666,-0.138076071,0.456357891,0.201471794,-1.0431407,-1.2531435,1.8681657
seq-06/frame-000562,1,0.02813710,0.678971,1370,850,639,0.82,66.02,73.58,21.12,161.55,0.857267183,-0.138623287,0.454143142,0.199074277,-1.0408082,-1.2511312,1.8694950
seq-06/frame-000563,1,0.02574811,0.655798,980,670,485,1.06,55.58,44.98,13.56,115.19,0.856166854,-0.137935355,0.457149901,0.197398388,-1.0394242,-1.2418959,1.8732883
seq-06/frame-000564,1,0.02480458,0.672163,1275,845,603,0.79,57.58,72.67,12.57,143.60,0.853128659,-0.137232514,0.462989137,0.197432993,-1.0427239,-1.2415317,1.8793595
seq-06/frame-000565,1,0.02841109,0.767995,1400,896,665,0.86,69.46,65.16,11.99,147.47,0.850794744,-0.139018761,0.467468549,0.195691708,-1.0525155,-1.2447750,1.8868564
seq-06/frame-000566,1,0.03051919,0.801842,1250,855,640,0.78,60.43,61.77,20.82,143.79,0.850235720,-0.135758191,0.469174293,0.196327319,-1.0573989,-1.2310038,1.8981571
seq-06/frame-000567,1,0.02709789,0.670272,1487,898,652,0.83,79.33,71.26,12.53,163.96,0.851182961,-0.136819467,0.466863242,0.196994198,-1.0559270,-1.2325034,1.8978559
seq-06/frame-000568,1,0.01927964,0.566297,1118,803,623,0.75,66.49,53.24,12.69,133.18,0.850694207,-0.136743255,0.468259854,0.195840133,-1.0579812,-1.2234488,1.8981643
seq-06/frame-000569,1,0.02824141,0.792041,1390,883,653,0.81,82.65,68.52,10.46,162.45,0.848435859,-0.141160733,0.471600388,0.194482168,-1.0628073,-1.2276315,1.9091861
seq-06/frame-000570,1,0.03350404,0.862034,1485,843,608,0.81,84.80,68.92,18.00,172.54,0.847383083,-0.139699682,0.473806505,0.194764745,-1.0624260,-1.2217640,1.9215699
seq-06/frame-000571,1,0.02714089,0.773470,1218,831,600,0.79,78.41,65.15,11.26,155.62,0.846712352,-0.133390200,0.475654597,0.197580240,-1.0630947,-1.2073657,1.9216152
seq-06/frame-000572,1,0.02192525,0.690798,1043,670,487,0.75,73.57,63.72,12.78,150.83,0.844495323,-0.131930435,0.479407192,0.198974254,-1.0660429,-1.1999294,1.9231844
seq-06/frame-000573,1,0.03528611,1.025226,965,688,535,0.74,61.60,52.89,12.05,127.28,0.839687820,-0.136922833,0.486661260,0.198336382,-1.0692313,-1.2118745,1.9414873
seq-06/frame-000574,1,0.03231604,0.942797,1317,801,586,0.80,69.58,68.99,13.66,153.03,0.839189629,-0.132038705,0.488937392,0.198158456,-1.0774637,-1.2136275,1.9417299
seq-06/frame-000575,1,0.02476066,0.718104,989,713,526,0.73,58.67,56.29,16.67,132.36,0.838546099,-0.124628893,0.492500841,0.196852737,-1.0833232,-1.1852240,1.9471763
seq-06/frame-000576,1,0.02917274,0.834354,1294,785,576,0.79,64.42,56.10,13.58,134.90,0.834754611,-0.130988137,0.496793434,0.198048306,-1.0918482,-1.2000814,1.9531778
seq-06/frame-000577,1,0.03434731,0.884151,1362,858,642,0.78,76.18,62.20,9.12,148.27,0.832494761,-0.128162327,0.500744753,0.199453210,-1.0896162,-1.1960667,1.9717197
seq-06/frame-000578,1,0.02694531,0.741824,971,616,449,0.75,62.11,41.55,15.49,119.90,0.831599016,-0.124421802,0.504000917,0.197345805,-1.0981126,-1.1842847,1.9744148
seq-06/frame-000579,1,0.03057742,0.933505,1202,700,486,0.79,72.96,55.46,15.68,144.90,0.824842009,-0.127632299,0.512756939,0.201062125,-1.1036041,-1.1933514,1.9861096
seq-06/frame-000580,1,0.02190615,0.562889,1322,802,603,0.80,81.31,75.59,9.47,167.18,0.822042700,-0.123156696,0.518167120,0.201447420,-1.1123270,-1.1799591,1.9940279
seq-06/frame-000581,1,0.02840912,0.796345,1119,699,513,0.75,70.15,58.63,15.82,145.35,0.818690113,-0.127594023,0.522765974,0.200454485,-1.1163129,-1.1804165,2.0101563
seq-06/frame-000582,1,0.02400103,0.637556,929,604,445,0.75,64.52,54.58,8.73,128.59,0.814782745,-0.129236368,0.527576258,0.202707502,-1.1188065,-1.1836500,2.0134897
seq-06/frame-000583,1,0.01651188,0.554156,636,385,283,0.73,59.31,34.62,12.67,107.33,0.809454027,-0.126808216,0.536325971,0.202628497,-1.1247903,-1.1790558,2.0158414
seq-06/frame-000584,1,0.02070216,0.486795,936,566,405,0.76,58.33,50.23,15.91,125.23,0.802015946,-0.128549840,0.547167419,0.202121686,-1.1344718,-1.1904455,2.0238871
seq-06/frame-000585,1,0.02680254,0.645728,1016,569,416,0.76,68.63,48.11,10.39,127.88,0.796188446,-0.127123655,0.557478829,0.197840567,-1.1370726,-1.1840741,2.0464820
seq-06/frame-000586,1,0.01421780,0.342311,1058,595,422,0.77,55.59,51.46,17.99,125.81,0.792202892,-0.120977286,0.564765567,0.197025198,-1.1471023,-1.1715388,2.0476955
seq-06/frame-000587,1,0.02878515,0.919779,1644,883,632,0.83,83.20,83.27,17.10,184.41,0.785353625,-0.124614144,0.573218541,0.197766286,-1.1607586,-1.1854781,2.0631453
seq-06/frame-000588,1,0.02336107,0.720761,1748,982,714,0.81,90.47,87.25,14.37,192.91,0.783765733,-0.121760502,0.576047841,0.197622220,-1.1645626,-1.1815125,2.0687538
seq-06/frame-000589,1,0.01836736,0.670919,1317,744,549,0.79,79.47,61.76,10.63,152.66,0.781638989,-0.118609361,0.580569237,0.194709196,-1.1664013,-1.1735156,2.0822820
seq-06/frame-000590,1,0.02252413,0.606164,982,521,367,1.24,74.22,47.09,17.97,140.52,0.779639969,-0.118253915,0.583841864,0.193148152,-1.1718022,-1.1736083,2.0730772
seq-06/frame-000591,1,0.02299523,0.796269,1270,648,444,0.78,73.96,54.14,7.68,136.56,0.771766492,-0.119303698,0.594756624,0.190807931,-1.1779163,-1.1747973,2.1012312
seq-06/frame-000592,1,0.02627814,0.926084,1180,636,472,1.61,69.29,61.54,11.47,143.90,0.767962928,-0.118824671,0.600183632,0.189455130,-1.1839994,-1.1788656,2.1047411
seq-06/frame-000593,1,0.02513965,0.711703,958,528,388,1.69,63.60,46.20,17.13,128.61,0.765441085,-0.115235516,0.604510379,0.188116781,-1.1888220,-1.1736856,2.1003252
seq-06/frame-000594,1,0.02701803,0.847289,1049,561,411,0.78,67.81,58.89,12.44,139.92,0.759511289,-0.116140711,0.612579630,0.185472729,-1.1937023,-1.1743290,2.1143791
seq-06/frame-000595,1,0.02244767,0.794422,1380,728,498,0.81,73.13,66.94,15.12,156.00,0.755443357,-0.114789419,0.618252600,0.184099014,-1.1986651,-1.1666781,2.1208049
seq-06/frame-000596,1,0.04008716,1.337811,1333,666,448,0.81,63.75,68.15,16.44,149.15,0.750461204,-0.118847708,0.622755328,0.186705663,-1.2064607,-1.1836202,2.1185592
seq-06/frame-000597,1,0.03297330,1.249087,1148,563,378,0.79,75.85,56.98,12.66,146.29,0.745612989,-0.114940038,0.628184564,0.190352863,-1.2059324,-1.1743797,2.1261461
seq-06/frame-000598,1,0.03462292,1.191654,971,488,352,0.76,74.58,43.68,18.49,137.52,0.741610714,-0.115411110,0.632909986,0.190049402,-1.2009388,-1.1604965,2.1319025
seq-06/frame-000599,1,0.03630759,1.001279,918,412,283,1.29,76.32,46.16,8.36,132.14,0.737834108,-0.118403024,0.635665127,0.193678595,-1.2231115,-1.1771097,2.1170723
seq-06/frame-000600,1,0.08575947,2.142020,1000,402,253,1.10,69.46,42.52,17.80,130.88,0.727497217,-0.130606235,0.643816320,0.197965547,-1.2360110,-1.2110832,2.0932158
seq-06/frame-000601,1,0.03335338,0.976188,1068,460,281,0.75,72.81,45.84,21.69,141.09,0.721682640,-0.123060707,0.651301772,0.199590157,-1.2084721,-1.1533357,2.1314123
seq-06/frame-000602,1,0.05576028,1.427606,1131,455,297,0.78,73.01,50.60,16.49,140.88,0.716696628,-0.132585280,0.653922709,0.202859996,-1.2327747,-1.1892380,2.1246643
seq-06/frame-000603,1,0.05028248,1.162666,1216,589,419,0.82,79.47,67.14,18.35,165.80,0.711012659,-0.131360004,0.659926434,0.204212266,-1.2085164,-1.1742013,2.1384407
seq-06/frame-000604,1,0.04766182,1.119863,1185,538,361,1.21,69.66,55.98,11.24,138.10,0.703549207,-0.128522546,0.668761808,0.203120930,-1.2083895,-1.1669832,2.1375436
seq-06/frame-000605,1,0.05535054,1.025371,1608,726,477,0.85,78.90,75.92,14.75,170.42,0.697797629,-0.128993549,0.675245770,0.201202096,-1.2124933,-1.1678067,2.1461621
seq-06/frame-000606,1,0.05462623,1.028480,2087,894,590,0.88,90.94,104.34,14.70,210.86,0.694474301,-0.126882462,0.678237448,0.203961393,-1.2115983,-1.1637374,2.1458665
seq-06/frame-000607,1,0.05470483,0.766738,2288,979,642,0.91,101.31,157.24,21.75,281.21,0.692433188,-0.125734095,0.679470780,0.207476927,-1.2068044,-1.1605567,2.1468332
seq-06/frame-000608,1,0.06098883,0.721094,1725,736,502,0.83,94.09,99.43,18.20,212.55,0.689255419,-0.124835068,0.682496993,0.208664870,-1.2018131,-1.1582280,2.1427575
seq-06/frame-000609,1,0.06913276,1.492381,1749,663,411,0.86,107.40,107.09,12.69,228.04,0.683010352,-0.128536661,0.689036227,0.205436761,-1.2234104,-1.1772530,2.1638854
seq-06/frame-000610,1,0.19162334,3.629748,2122,678,352,0.87,99.19,143.41,10.46,253.94,0.665625479,-0.134577865,0.705325232,0.203341676,-1.2265528,-1.2134415,2.2961893
seq-06/frame-000611,1,0.06260533,0.744804,1917,832,562,0.83,96.89,122.30,9.16,229.18,0.682117770,-0.122842978,0.690562127,0.206758067,-1.1994735,-1.1571107,2.1405592
seq-06/frame-000612,1,0.18746112,3.497701,2483,850,471,0.93,127.66,142.80,14.33,285.73,0.661758294,-0.134834448,0.709350947,0.201784204,-1.2307950,-1.2318455,2.2727445
seq-06/frame-000613,1,0.06666431,0.906157,2308,954,629,0.90,102.91,155.72,13.17,272.70,0.676325410,-0.120664136,0.697886871,0.202430289,-1.2006424,-1.1551278,2.1458949
seq-06/frame-000614,1,0.08053788,1.773113,1618,577,363,0.86,92.81,90.37,8.71,192.75,0.671549484,-0.126875764,0.703009166,0.196728096,-1.2278255,-1.1804049,2.1688464
seq-06/frame-000615,1,0.06964097,1.185334,2048,846,526,0.87,99.88,112.44,14.49,227.69,0.672418872,-0.122226069,0.702485664,0.198563693,-1.2022327,-1.1600637,2.1376370
seq-06/frame-000616,1,0.19878135,3.773646,1964,653,360,0.84,85.89,93.23,19.74,199.70,0.652629884,-0.131561359,0.721439329,0.190502329,-1.2150946,-1.2161234,2.2809433
seq-06/frame-000617,1,0.21906092,4.078163,1479,495,284,0.82,88.01,69.24,11.93,170.00,0.649556746,-0.131684710,0.723952669,0.191383658,-1.2092847,-1.2407444,2.2863546
seq-06/frame-000618,1,0.09634316,2.221250,1528,603,378,0.83,97.15,74.66,21.58,194.22,0.663974420,-0.127680948,0.712932942,0.185909024,-1.2311153,-1.2132643,2.1262650
seq-06/frame-000619,1,0.18743715,3.703456,2177,742,430,0.85,103.99,104.19,11.88,220.91,0.644452315,-0.120960404,0.733110421,0.180551669,-1.2192622,-1.2032337,2.2688779
seq-06/frame-000620,1,0.07941133,1.405262,1670,701,465,0.81,83.51,79.59,9.70,173.61,0.659210232,-0.111694453,0.720157972,0.185307082,-1.2092877,-1.1795666,2.1252268
seq-06/frame-000621,1,0.17726237,3.304292,1536,526,294,0.81,78.45,70.99,12.05,162.30,0.642285713,-0.116806667,0.736020040,0.179164076,-1.2163697,-1.2158118,2.2455785
seq-06/frame-000622,1,0.18911983,3.657334,1879,605,368,0.84,93.27,95.73,23.61,213.44,0.637914922,-0.115481348,0.741050815,0.174849365,-1.2100282,-1.2144489,2.2613726
seq-06/frame-000623,1,0.12007108,2.329756,2256,808,501,0.87,97.04,111.26,22.00,231.17,0.642256434,-0.106126538,0.739016867,0.173487465,-1.2243079,-1.1961954,2.1931534
seq-06/frame-000624,1,0.18143382,3.405003,2158,784,492,0.86,104.10,109.76,19.84,234.57,0.633806677,-0.107994055,0.746491852,0.171395142,-1.2132568,-1.2129341,2.2548938
seq-06/frame-000625,1,0.11701890,2.276856,2194,806,505,0.85,94.18,105.48,11.83,212.33,0.638542588,-0.099862964,0.743441680,0.172003550,-1.2121453,-1.1947529,2.1848830
seq-06/frame-000626,1,0.17239806,3.230211,1759,617,362,0.81,83.72,91.17,18.34,194.04,0.630854798,-0.101055975,0.750490572,0.169037910,-1.2078323,-1.2131336,2.2429287
seq-06/frame-000627,1,0.21187462,3.927760,1781,619,352,0.80,82.37,86.59,8.51,178.27,0.626302159,-0.102730848,0.753969993,0.169473385,-1.2025021,-1.2482577,2.2642639
seq-06/frame-000628,1,0.17156381,3.165495,2237,833,526,0.86,97.44,102.93,14.73,215.97,0.627104188,-0.092997343,0.755094524,0.167105029,-1.2115247,-1.2261216,2.2311183
seq-06/frame-000629,1,0.20149398,3.762343,2323,833,549,0.89,102.04,125.07,13.18,241.19,0.622956095,-0.092698181,0.758951114,0.165305647,-1.2094093,-1.2332695,2.2614275
seq-06/frame-000630,1,0.12009281,2.397338,2278,853,539,0.88,99.27,104.93,17.91,223.00,0.630633805,-0.085472562,0.753473622,0.165145228,-1.2169535,-1.2038140,2.1836937
seq-06/frame-000631,1,0.19172534,3.481814,2116,783,488,0.83,101.31,92.05,13.91,208.10,0.621709570,-0.086417767,0.760731828,0.165215815,-1.2010617,-1.2413830,2.2422266
seq-06/frame-000632,1,0.19778539,3.673650,2282,852,530,0.87,95.35,116.90,15.03,228.15,0.619978805,-0.084616427,0.762596240,0.164052787,-1.2051055,-1.2444843,2.2457139
seq-06/frame-000633,1,0.16927770,3.176559,2289,849,551,0.97,103.83,113.16,14.68,232.65,0.621991288,-0.080295999,0.761513354,0.163636184,-1.2086490,-1.2319008,2.2194430
seq-06/frame-000634,1,0.21092794,3.747871,2397,801,498,1.17,100.29,125.64,15.58,242.68,0.619720460,-0.081842405,0.762186710,0.168284852,-1.2037089,-1.2886097,2.2248729
seq-06/frame-000635,1,0.17429811,3.256437,2194,796,488,0.84,98.02,97.39,12.01,208.26,0.619903524,-0.077223155,0.764050199,0.161193982,-1.2098738,-1.2385729,2.2200755
seq-06/frame-000636,1,0.18296220,3.280559,2174,833,521,0.88,97.73,115.72,18.56,232.90,0.617526917,-0.075920329,0.766493230,0.159325885,-1.2164308,-1.2501009,2.2272071
seq-06/frame-000637,1,0.17696749,3.242595,2137,775,476,0.87,85.42,95.83,14.70,196.83,0.617322559,-0.074537946,0.766717175,0.159692599,-1.2161691,-1.2483354,2.2198251
seq-06/frame-000638,1,0.17009331,3.051296,2159,789,491,0.85,93.76,114.63,9.19,218.44,0.617155491,-0.072083365,0.767785850,0.156294521,-1.2256581,-1.2324185,2.2195064
seq-06/frame-000639,1,0.20651953,3.713521,2184,767,486,0.87,88.06,107.53,15.78,212.24,0.611655898,-0.075021958,0.771177509,0.159793672,-1.2148382,-1.2642904,2.2381564
seq-06/frame-000640,1,0.20158746,3.254890,2114,781,486,0.84,85.67,95.43,32.55,214.50,0.611241046,-0.073703576,0.771759192,0.159185165,-1.2152247,-1.2614203,2.2350355
seq-06/frame-000641,1,0.09627335,1.875418,1717,725,496,0.79,83.43,103.71,21.78,209.72,0.623433475,-0.066126902,0.762021424,0.162115035,-1.2216533,-1.2328543,2.1031496
seq-06/frame-000642,1,0.10144922,2.105304,1966,794,527,0.82,89.51,111.40,14.44,216.17,0.622446803,-0.066212308,0.763214825,0.160246806,-1.2365137,-1.2450485,2.0782283
seq-06/frame-000643,1,0.10905765,2.403032,2095,795,510,0.86,96.38,104.87,17.86,219.98,0.623186741,-0.066490297,0.762374732,0.161251651,-1.2332600,-1.2494946,2.0609855
seq-06/frame-000644,1,0.11357201,2.508087,2087,797,508,0.85,94.73,104.43,11.78,211.78,0.624097420,-0.065302009,0.761650906,0.161635254,-1.2475083,-1.2534313,2.0432987
seq-06/frame-000645,1,0.09281071,2.116659,2165,860,563,0.83,100.22,110.14,20.86,232.07,0.621436107,-0.062012517,0.763737115,0.163331665,-1.2271330,-1.2290211,2.0506637
seq-06/frame-000646,1,0.17712057,2.939726,2102,749,478,0.83,101.10,107.89,11.55,221.36,0.604750622,-0.069601463,0.777258958,0.159062358,-1.2295010,-1.2622436,2.1922702
seq-06/frame-000647,1,0.09507843,2.092640,2021,759,486,1.28,99.66,112.89,10.18,224.03,0.616716450,-0.065608550,0.767647699,0.161472441,-1.2491114,-1.2390871,2.0748114
seq-06/frame-000648,1,0.19362091,3.224696,2118,773,490,0.88,78.80,109.63,13.80,203.12,0.603046687,-0.075095284,0.777442455,0.162106818,-1.2299758,-1.2807787,2.1879369
seq-06/frame-000649,1,0.19324700,3.131435,2169,796,494,0.88,97.67,108.33,10.46,217.35,0.603191166,-0.074406730,0.777200755,0.163043067,-1.2310800,-1.2808543,2.1859259
seq-06/frame-000650,1,0.18192675,3.039890,2119,786,502,0.87,85.92,94.39,12.38,193.56,0.603307893,-0.073102883,0.777627715,0.161154248,-1.2308655,-1.2603197,2.1857639
seq-06/frame-000651,1,0.09942463,2.195127,1985,814,579,0.83,93.38,99.17,15.12,208.50,0.618647732,-0.066818720,0.764880905,0.166635660,-1.2233225,-1.2372907,2.0403142
seq-06/frame-000652,1,0.09567158,2.186464,2082,875,605,0.82,87.63,145.66,20.59,254.71,0.619545147,-0.064503420,0.764463920,0.166126560,-1.2250168,-1.2348581,2.0282066
seq-06/frame-000653,1,0.15243231,2.559865,2129,829,522,2.03,105.51,120.16,14.87,242.57,0.607311158,-0.068299641,0.775330500,0.159282558,-1.2321276,-1.2485611,2.1392186
seq-06/frame-000654,1,0.14652242,2.460521,1972,791,509,0.82,92.53,119.26,16.55,229.16,0.612610558,-0.064937180,0.771782869,0.157615575,-1.2244723,-1.2307757,2.1266563
seq-06/frame-000655,1,0.17981338,2.942841,2121,828,548,0.84,88.73,122.14,12.47,224.19,0.612225277,-0.068214752,0.771368256,0.159743457,-1.2228868,-1.2605669,2.1366353
seq-06/frame-000656,1,0.09993245,2.092013,2115,950,673,0.83,96.53,134.42,13.15,244.94,0.629973745,-0.060630464,0.756696629,0.163912292,-1.2121253,-1.2297879,1.9802654
seq-06/frame-000657,1,0.09753193,2.036957,2016,913,655,0.82,96.24,132.06,8.28,237.40,0.629665264,-0.059523952,0.757476196,0.161889984,-1.2135232,-1.2289755,1.9849001
seq-06/frame-000658,1,0.17841508,3.122504,2064,848,584,0.86,119.95,95.59,18.66,235.07,0.618467095,-0.066135044,0.766958321,0.157795886,-1.2218061,-1.2662284,2.0835172
seq-06/frame-000659,1,0.10006243,2.157675,2099,963,691,0.84,130.75,101.84,11.66,245.10,0.633866229,-0.059453762,0.754356418,0.160078883,-1.2149427,-1.2250606,1.9536564
seq-06/frame-000660,1,0.10322556,2.246742,1993,940,663,0.83,110.57,99.96,16.32,227.68,0.637057305,-0.059371280,0.751372433,0.161469836,-1.2062577,-1.2208616,1.9266241
seq-06/frame-000661,1,0.16958417,3.126258,1704,724,509,0.78,101.52,73.96,10.96,187.22,0.627843555,-0.067738138,0.758361872,0.161589872,-1.2157127,-1.2707263,1.9959929
seq-06/frame-000662,1,0.10636075,2.211337,2089,927,643,0.85,91.85,106.22,18.78,217.71,0.634239462,-0.062385268,0.753181106,0.162992652,-1.2015875,-1.2159717,1.9167868
seq-06/frame-000663,1,0.15286560,2.831833,1892,844,610,0.82,73.58,92.53,8.23,175.16,0.628453974,-0.069497238,0.757634038,0.161883914,-1.1954864,-1.2425447,1.9667771
seq-06/frame-000664,1,0.11162866,2.488616,1731,815,596,0.77,97.41,77.97,19.04,195.19,0.642590118,-0.065806291,0.744997886,0.166510127,-1.1886641,-1.2111620,1.8350037
seq-06/frame-000665,1,0.10732824,2.344969,1607,759,542,0.73,90.67,77.49,14.88,183.78,0.639313323,-0.071821220,0.747170810,0.166901072,-1.1854814,-1.2100902,1.8275808
seq-06/frame-000666,1,0.09415406,2.310614,1602,759,549,0.75,107.32,86.25,12.95,207.27,0.642470647,-0.069115961,0.743469404,0.172359208,-1.1546403,-1.1770463,1.7997448
seq-06/frame-000667,1,0.08687359,2.150542,2024,972,742,0.78,88.23,94.41,14.05,197.46,0.644360912,-0.072335594,0.741196855,0.173763632,-1.1519226,-1.1740260,1.7902739
seq-06/frame-000668,1,0.10635153,2.547658,1669,793,573,0.78,76.48,86.24,10.85,174.36,0.647664033,-0.078315979,0.736910328,0.177090590,-1.1529180,-1.1858479,1.7360957
seq-06/frame-000669,1,0.10151182,2.314504,2328,1144,871,0.83,97.12,115.32,16.79,230.06,0.644286348,-0.081172755,0.739492714,0.177360117,-1.1457536,-1.1881928,1.7495358
seq-06/frame-000670,1,0.14785205,2.924565,2343,1103,850,0.83,87.50,91.17,8.25,187.75,0.639559522,-0.090780343,0.741697201,0.180576325,-1.1429590,-1.2396774,1.7821869
seq-06/frame-000671,1,0.11983269,2.652544,1698,738,551,0.75,74.03,86.09,8.66,169.54,0.641535161,-0.093296996,0.740524724,0.177063380,-1.1569700,-1.2145540,1.7590541
seq-06/frame-000672,1,0.10503040,2.481223,1730,808,581,0.76,77.23,76.38,23.17,177.55,0.647763579,-0.091263922,0.734407824,0.180882256,-1.1274459,-1.1777755,1.6864141
seq-06/frame-000673,1,0.11148879,2.568371,2295,1097,846,0.78,105.57,108.83,8.06,223.24,0.645776479,-0.093494000,0.734854154,0.184989146,-1.1243263,-1.1855393,1.6758858
seq-06/frame-000674,1,0.09360948,2.285227,1805,835,639,0.89,93.64,82.05,18.43,195.01,0.645763944,-0.094325381,0.733515283,0.189860423,-1.1162011,-1.1610707,1.6535270
seq-06/frame-000675,1,0.10132737,2.470126,2295,1023,763,0.76,98.99,95.09,10.66,205.50,0.644635943,-0.099254200,0.732589534,0.194693810,-1.1126682,-1.1751245,1.6398994
seq-06/frame-000676,1,0.14919883,2.947775,2295,1000,714,0.79,106.76,138.24,17.64,263.44,0.636294870,-0.109498742,0.737436030,0.198310278,-1.1137972,-1.2329698,1.6836211
seq-06/frame-000677,1,0.11458016,2.744688,2691,1206,898,1.13,121.04,121.79,11.47,255.43,0.641953523,-0.102540463,0.733115242,0.199807835,-1.1024238,-1.1809929,1.6181127
seq-06/frame-000678,1,0.12482293,2.738526,2315,980,709,0.81,107.05,115.14,16.89,239.89,0.634456157,-0.109828108,0.737426141,0.203975141,-1.0852219,-1.2036841,1.6390013
seq-06/frame-000679,1,0.13875669,3.232115,2769,1238,971,0.86,109.47,134.49,14.29,259.11,0.635909690,-0.109703584,0.735463525,0.206585075,-1.0774986,-1.2053977,1.5990947
seq-06/frame-000680,1,0.11623479,2.792373,2707,1176,909,0.83,105.32,126.77,21.28,254.21,0.635510531,-0.106742535,0.736345602,0.206222091,-1.0814193,-1.1825803,1.5887540
seq-06/frame-000681,1,0.13884787,2.985891,2737,1199,923,0.84,106.54,123.62,23.92,254.92,0.628975723,-0.112331984,0.739964778,0.210293111,-1.0585715,-1.2065473,1.5809490
seq-06/frame-000682,1,0.14324001,2.952733,2686,1160,864,0.83,108.34,128.26,12.54,249.97,0.624813378,-0.112973999,0.743250504,0.210769559,-1.0523643,-1.2073189,1.5986358
seq-06/frame-000683,1,0.15742001,3.298379,1930,840,610,0.78,86.23,107.02,13.83,207.86,0.624679626,-0.112729011,0.742411365,0.214226281,-1.0430881,-1.2196989,1.5700723
seq-06/frame-000684,1,0.13929314,3.194747,2416,1052,796,0.82,99.84,99.44,16.88,216.99,0.627448047,-0.108920851,0.740833929,0.213565648,-1.0254599,-1.1882320,1.5232649
seq-06/frame-000685,1,0.15626162,3.319318,2120,923,671,0.79,97.68,102.85,19.89,221.22,0.619421127,-0.111046202,0.748209917,0.210162148,-1.0156617,-1.2030164,1.5412867
seq-06/frame-000686,1,0.14019946,3.121928,2524,1096,817,0.82,105.01,124.26,16.06,246.16,0.620853886,-0.108424970,0.747810245,0.208720665,-1.0158698,-1.1855497,1.5050208
seq-06/frame-000687,1,0.13646268,3.005730,2538,1106,845,0.95,106.85,156.78,20.47,285.04,0.619148834,-0.108648015,0.749075723,0.209131277,-1.0030824,-1.1839311,1.4978391
seq-06/frame-000688,1,0.13660712,3.285552,2505,1179,891,0.81,115.67,145.94,15.30,277.71,0.623887299,-0.105138541,0.745299836,0.210329930,-0.9790570,-1.1579323,1.4427262
seq-06/frame-000689,1,0.13328545,3.124976,1983,966,731,0.92,107.72,127.50,20.05,256.20,0.624129418,-0.106360706,0.745631849,0.207805234,-0.9737772,-1.1582175,1.4273932
seq-06/frame-000690,1,0.12959076,3.016083,1326,609,439,0.73,73.48,56.99,30.32,161.53,0.620842027,-0.110749764,0.750366978,0.198088531,-0.9660989,-1.1525910,1.4063584
seq-06/frame-000691,1,0.12112499,2.806993,2466,1083,843,0.79,94.59,151.17,15.55,262.10,0.617965606,-0.114432431,0.753355039,0.193597298,-0.9666944,-1.1415240,1.4022968
seq-06/frame-000692,1,0.11611942,2.781006,2691,1435,1164,0.85,106.84,155.42,26.38,289.49,0.617229944,-0.117986936,0.752566440,0.196850279,-0.9484784,-1.1411305,1.3969866
seq-06/frame-000693,1,0.12045073,2.872240,2442,1104,862,0.84,122.35,123.43,16.23,262.85,0.620407987,-0.124310662,0.748579861,0.198164026,-0.9314350,-1.1445266,1.3640327
seq-06/frame-000694,1,0.11921985,2.808985,2208,970,730,0.79,94.15,123.84,7.81,226.61,0.620380296,-0.127088207,0.747842179,0.199271053,-0.9207559,-1.1447565,1.3474701
seq-06/frame-000695,1,0.14156691,3.300940,2032,888,667,1.09,92.23,114.40,16.63,224.35,0.620379028,-0.129718768,0.746338622,0.203178652,-0.8942386,-1.1555661,1.3175416
seq-06/frame-000696,1,0.12376997,2.930514,2636,1371,1115,1.23,106.83,124.89,12.89,245.85,0.616487098,-0.126581157,0.750316770,0.202350223,-0.8897429,-1.1424046,1.3222124
seq-06/frame-000697,1,0.12191621,3.134156,2477,1312,1054,0.82,122.78,114.69,8.43,246.71,0.620068390,-0.118735906,0.747398852,0.206910444,-0.8770974,-1.1053400,1.2898480
seq-06/frame-000698,1,0.12086938,3.199447,2178,1099,867,0.80,94.27,98.64,11.19,204.89,0.621250253,-0.116994341,0.744700386,0.213966780,-0.8631445,-1.0961056,1.2755213
seq-06/frame-000699,1,0.13272961,3.266760,2924,1466,1214,0.89,127.43,146.67,8.49,283.48,0.621829466,-0.121511591,0.741815396,0.219711099,-0.8587717,-1.1247416,1.2610417
seq-06/frame-000700,1,0.13001211,3.112764,1932,816,599,0.79,104.26,84.99,8.09,198.12,0.620750702,-0.123675913,0.741931365,0.221157602,-0.8441269,-1.1280326,1.2375410
seq-06/frame-000701,1,0.12658811,3.066435,2507,1259,1026,0.84,110.01,129.73,18.17,258.76,0.616664532,-0.122551342,0.745002753,0.222883202,-0.8357990,-1.1282789,1.2314844
seq-06/frame-000702,1,0.11358136,2.849036,2951,1715,1444,0.93,113.63,173.48,12.77,300.82,0.614464482,-0.121288875,0.747033290,0.222853480,-0.8335052,-1.1211962,1.2355362
seq-06/frame-000703,1,0.11873914,2.975064,3000,1589,1363,0.91,116.83,164.42,14.05,296.22,0.616845104,-0.120064749,0.744425686,0.225647894,-0.8202767,-1.1158074,1.2134358
seq-06/frame-000704,1,0.13060961,3.241538,2021,951,729,0.81,102.94,105.74,12.96,222.45,0.619867473,-0.118576405,0.741744069,0.226979488,-0.8149224,-1.1064078,1.1784405
seq-06/frame-000705,1,0.12647146,3.110836,2644,1350,1128,0.83,121.68,167.46,17.85,307.82,0.615772402,-0.119374886,0.744576489,0.228429063,-0.8055623,-1.1077342,1.1755193
seq-06/frame-000706,1,0.11938654,3.029657,2519,1371,1136,1.20,121.41,139.06,14.12,275.78,0.616192011,-0.118820551,0.744243527,0.228671501,-0.7919081,-1.0979385,1.1634508
seq-06/frame-000707,1,0.14064272,3.408235,1929,892,701,0.79,90.27,97.31,16.02,204.40,0.621764767,-0.115032705,0.740922873,0.226294823,-0.7797359,-1.0677619,1.1221381
seq-06/frame-000708,1,0.13339289,3.268152,2652,1376,1159,0.84,98.91,144.84,17.92,262.51,0.616584628,-0.119785195,0.744748316,0.225443672,-0.7860332,-1.0967899,1.1278041
seq-06/frame-000709,1,0.11400252,2.945456,2843,1756,1496,0.94,108.40,160.46,13.26,283.05,0.615012379,-0.118396196,0.746359634,0.225143091,-0.7805850,-1.0838785,1.1322565
seq-06/frame-000710,1,0.12826101,3.228952,2613,1457,1219,0.85,94.49,121.31,12.19,228.84,0.620888388,-0.119291086,0.741450642,0.224762524,-0.7673129,-1.0678891,1.0950715
seq-06/frame-000711,1,0.11370909,2.807757,1842,1046,866,0.81,86.94,105.80,20.01,213.57,0.624042451,-0.118453974,0.739995000,0.221239861,-0.7620228,-1.0446040,1.0706260
seq-06/frame-000712,1,0.13315111,3.181734,1998,1135,950,0.82,84.98,109.41,12.43,207.64,0.626897410,-0.121790674,0.737633122,0.219235139,-0.7477360,-1.0461504,1.0390572
seq-06/frame-000713,1,0.10263630,2.561770,2904,1784,1524,1.65,118.06,140.03,21.03,280.77,0.623599351,-0.126229518,0.740769620,0.215523381,-0.7508248,-1.0598274,1.0529156
seq-06/frame-000714,1,0.09641753,2.400619,2511,1542,1327,0.86,129.29,113.20,9.12,252.47,0.625963332,-0.126604119,0.739846152,0.211586801,-0.7532899,-1.0446664,1.0396460
seq-06/frame-000715,1,0.09908950,2.387729,1976,1120,935,0.80,75.79,83.63,14.95,175.18,0.628952689,-0.128210952,0.737929849,0.208422657,-0.7561583,-1.0274512,1.0160640
seq-06/frame-000716,1,0.09854770,2.403717,2563,1655,1420,0.81,121.89,124.94,14.09,261.73,0.628726366,-0.133216400,0.736495231,0.211024457,-0.7446981,-1.0352379,0.9967287
seq-06/frame-000717,1,0.09231351,2.311216,2567,1652,1409,0.81,92.96,127.08,18.60,239.45,0.629160521,-0.134619844,0.734862746,0.214502405,-0.7443286,-1.0314231,0.9804648
seq-06/frame-000718,1,0.09067977,2.336744,2861,1829,1596,0.87,123.85,141.28,15.09,281.09,0.631278904,-0.138778939,0.731537321,0.216980412,-0.7324209,-1.0306869,0.9631976
seq-06/frame-000719,1,0.09907123,2.456955,2821,1817,1570,0.86,130.35,134.41,14.30,279.92,0.635519056,-0.143311593,0.727257330,0.216041877,-0.7221454,-1.0299961,0.9407726
seq-06/frame-000720,1,0.08993160,2.105708,2197,1211,1003,0.81,104.00,113.80,15.09,233.71,0.637832482,-0.144755067,0.726477767,0.210821606,-0.7245783,-1.0070155,0.9278402
seq-06/frame-000721,1,0.08049749,1.901020,2773,1694,1413,0.85,106.37,124.37,14.22,245.83,0.636857877,-0.149238731,0.726233491,0.211482298,-0.7108350,-1.0151770,0.9151518
seq-06/frame-000722,1,0.06459772,1.726675,2900,2002,1770,0.98,115.42,141.68,18.67,276.76,0.636123646,-0.151479352,0.726226161,0.212123258,-0.7055526,-1.0245859,0.9116160
seq-06/frame-000723,1,0.06835984,1.787132,3081,2089,1850,0.88,107.43,149.14,12.20,269.65,0.638074386,-0.151297738,0.724052929,0.213816341,-0.6983316,-1.0212113,0.9023857
seq-06/frame-000724,1,0.06878133,1.833984,2934,1942,1690,0.85,117.13,158.55,11.74,288.26,0.640839542,-0.150022561,0.720708675,0.217708333,-0.6904667,-1.0164268,0.8892449
seq-06/frame-000725,1,0.06072000,1.564167,2976,2005,1758,0.92,111.87,179.66,19.60,312.04,0.642363235,-0.147026240,0.718675236,0.221942930,-0.6875308,-1.0075072,0.8768059
seq-06/frame-000726,1,0.06203678,1.578462,3261,2175,1911,0.97,118.40,185.74,21.06,326.18,0.643885143,-0.146585066,0.716161038,0.225916155,-0.6746314,-1.0049375,0.8600706
seq-06/frame-000727,1,0.06247073,1.585434,3198,2191,1927,0.93,115.33,178.61,13.19,308.06,0.645342195,-0.146788931,0.714472733,0.226969545,-0.6659083,-1.0014781,0.8455902
seq-06/frame-000728,1,0.05718454,1.420607,2934,2061,1861,0.99,110.16,164.39,14.47,290.01,0.645538026,-0.146384827,0.714225920,0.227449940,-0.6594635,-0.9979023,0.8360710
seq-06/frame-000729,1,0.06600096,1.697761,3250,2164,1929,0.91,127.68,167.88,23.57,320.05,0.648206502,-0.145289023,0.711386062,0.229454357,-0.6520153,-0.9898511,0.8117141
seq-06/frame-000730,1,0.07016490,1.550048,2833,1798,1557,0.85,106.40,151.69,11.56,270.50,0.649109577,-0.144503626,0.711592573,0.226740975,-0.6451095,-0.9688942,0.8006034
seq-06/frame-000731,1,0.06385558,1.577192,3371,2306,2043,0.91,116.74,172.36,26.01,316.03,0.647123928,-0.149012451,0.711584618,0.229506518,-0.6323833,-0.9889334,0.7925358
seq-06/frame-000732,1,0.05874351,1.490276,3285,2308,2028,0.95,131.92,145.88,20.84,299.59,0.647223014,-0.149299628,0.711464241,0.229413656,-0.6199674,-0.9816910,0.7858268
seq-06/frame-000733,1,0.05772844,1.384079,2826,1806,1565,0.85,100.41,142.17,22.87,266.31,0.647684597,-0.148616852,0.711157800,0.229504418,-0.6088855,-0.9737152,0.7718517
seq-06/frame-000734,1,0.06185453,1.513478,3089,2007,1765,0.86,105.89,135.23,15.42,257.40,0.647340815,-0.147775512,0.711817234,0.228972689,-0.6010489,-0.9695605,0.7582769
seq-06/frame-000735,1,0.06107167,1.563255,3234,2189,1959,0.92,117.15,137.76,12.29,268.13,0.646546524,-0.149357054,0.712106244,0.229291867,-0.5887362,-0.9717294,0.7495393
seq-06/frame-000736,1,0.05523034,1.441591,3126,2138,1899,0.90,115.29,141.32,13.09,270.61,0.645807571,-0.150539297,0.712440511,0.229562672,-0.5763624,-0.9705974,0.7429443
seq-06/frame-000737,1,0.05869125,1.631256,3226,2172,1921,0.90,126.14,167.23,19.98,314.25,0.646011296,-0.151030856,0.711973301,0.230115415,-0.5637104,-0.9696837,0.7299608
seq-06/frame-000738,1,0.06290714,1.677003,3297,2373,2104,0.92,147.94,152.06,16.37,317.29,0.646309737,-0.152427336,0.710983263,0.231413980,-0.5455379,-0.9738051,0.7179923
seq-06/frame-000739,1,0.05673443,1.544697,3244,2324,2055,0.91,134.82,150.52,20.74,306.99,0.646895252,-0.152227837,0.710499283,0.231395739,-0.5302312,-0.9724153,0.7131125
seq-06/frame-000740,1,0.05155732,1.476907,3384,2451,2193,0.92,126.37,155.35,18.58,301.21,0.648416603,-0.151513969,0.709667846,0.230154238,-0.5205191,-0.9660922,0.7062157
seq-06/frame-000741,1,0.05689392,1.633357,2997,2292,2090,0.88,117.23,142.36,21.35,281.84,0.650894181,-0.153687210,0.706947649,0.230091349,-0.4997829,-0.9690710,0.6917882
seq-06/frame-000742,1,0.05533255,1.586098,2691,1999,1787,0.85,124.64,119.03,17.91,262.45,0.654120995,-0.154975315,0.704360315,0.228002022,-0.4800608,-0.9675989,0.6808114
seq-06/frame-000743,1,0.05222381,1.444887,2739,2056,1827,1.18,108.56,128.96,16.21,254.91,0.655333387,-0.155424691,0.704339810,0.224247070,-0.4668997,-0.9623098,0.6777907
seq-06/frame-000744,1,0.04586473,1.368696,2245,1612,1427,0.83,89.98,100.90,10.95,202.66,0.655958193,-0.157381113,0.704450417,0.220679960,-0.4515308,-0.9588819,0.6737922
seq-06/frame-000745,1,0.04787804,1.339044,1817,1298,1141,0.79,91.17,86.30,9.26,187.53,0.657161796,-0.159228452,0.703937942,0.217384563,-0.4339551,-0.9558613,0.6606989
seq-06/frame-000746,1,0.04658438,1.263715,1467,1040,910,0.76,73.75,70.04,10.61,155.17,0.656866008,-0.161519637,0.705047412,0.212947415,-0.4113970,-0.9564780,0.6570523
seq-06/frame-000747,1,0.04490555,1.300797,2167,1688,1529,0.80,106.89,82.72,17.48,207.90,0.657892665,-0.163786429,0.704399111,0.210174070,-0.3886661,-0.9693869,0.6498919
seq-06/frame-000748,1,0.03759230,1.159421,2188,1729,1557,0.81,104.29,99.13,22.19,226.43,0.658718906,-0.161881831,0.704920339,0.207294455,-0.3780862,-0.9620263,0.6526252
seq-06/frame-000749,1,0.03603247,1.164741,2429,1956,1788,0.83,108.99,106.61,15.10,231.54,0.661173186,-0.162159447,0.702982480,0.205839659,-0.3653777,-0.9625531,0.6445133
seq-06/frame-000750,1,0.03591079,1.098287,1890,1504,1365,0.79,106.52,84.23,14.23,205.77,0.662696200,-0.162878280,0.702181431,0.203090251,-0.3499724,-0.9570935,0.6376100
seq-06/frame-000751,1,0.03175605,0.904085,1295,989,886,0.74,74.22,54.24,16.58,145.78,0.662868030,-0.165007945,0.702726921,0.198879932,-0.3318821,-0.9559673,0.6354615
seq-06/frame-000752,1,0.03413568,0.953363,1183,903,805,0.84,84.59,54.82,14.82,155.06,0.662307533,-0.164824322,0.704794966,0.193508995,-0.3166720,-0.9509445,0.6304183
seq-06/frame-000753,1,0.03163570,0.932390,1556,1254,1140,0.74,86.35,72.93,14.80,174.81,0.662033598,-0.165288344,0.705429916,0.191728746,-0.2974124,-0.9595087,0.6275946
seq-06/frame-000754,1,0.02358749,0.841096,1991,1650,1539,0.80,102.86,95.58,14.54,213.78,0.662865940,-0.163930572,0.705499823,0.189751186,-0.2906115,-0.9593769,0.6303430
seq-06/frame-000755,1,0.02261689,0.827967,2020,1717,1598,0.86,95.05,109.05,13.74,218.71,0.664443693,-0.164439817,0.704221787,0.188535940,-0.2778572,-0.9570119,0.6280422
seq-06/frame-000756,1,0.02063231,0.703130,1791,1511,1407,0.78,88.74,79.35,12.52,181.40,0.665427883,-0.165195890,0.703237195,0.188078435,-0.2611542,-0.9572633,0.6255188
seq-06/frame-000757,1,0.01978680,0.741856,1890,1623,1508,0.82,84.85,79.14,11.56,176.37,0.667551391,-0.165707638,0.701409844,0.186923382,-0.2491273,-0.9562872,0.6227708
seq-06/frame-000758,1,0.01846438,0.768323,1795,1556,1455,0.78,91.86,78.12,16.71,187.47,0.670057417,-0.167304224,0.698793618,0.186332591,-0.2381815,-0.9533256,0.6202082
seq-06/frame-000759,1,0.01288714,0.591974,1154,1031,947,0.78,74.72,64.38,8.03,147.91,0.670711242,-0.169255596,0.697209351,0.188143811,-0.2155771,-0.9559097,0.6236271
seq-06/frame-000760,1,0.01389039,0.676693,854,731,664,0.73,65.00,35.78,11.39,112.91,0.674547568,-0.167786974,0.693551224,0.189261219,-0.1983473,-0.9549527,0.6213422
seq-06/frame-000761,1,0.01395840,0.714502,1055,923,854,0.74,84.17,46.34,10.19,141.43,0.680416284,-0.168927894,0.687830860,0.188111017,-0.1858774,-0.9570701,0.6153880
seq-06/frame-000762,1,0.01272547,0.507866,921,805,753,0.73,62.93,43.09,10.79,117.55,0.683719225,-0.169765103,0.684984987,0.185750907,-0.1691925,-0.9531046,0.6192514
seq-06/frame-000763,1,0.01606651,0.643085,845,715,660,0.70,71.44,45.11,8.02,125.28,0.689334755,-0.170216347,0.679429500,0.184985260,-0.1477481,-0.9571104,0.6116975
seq-06/frame-000764,1,0.01305771,0.631287,1079,949,876,0.75,80.39,50.37,11.28,142.81,0.694283978,-0.172337603,0.674616178,0.182105794,-0.1339423,-0.9628772,0.6146563
seq-06/frame-000765,1,0.00833544,0.416616,1143,1044,986,0.76,71.95,54.94,8.24,135.89,0.698425561,-0.174672734,0.670799978,0.178097057,-0.1237266,-0.9584112,0.6159914
seq-06/frame-000766,1,0.01159163,0.441681,854,771,703,0.72,69.47,40.86,17.02,128.08,0.702299228,-0.176763426,0.666450279,0.177128512,-0.0986376,-0.9609855,0.6147816
seq-06/frame-000767,1,0.01034932,0.347472,762,651,590,0.70,63.77,32.75,12.75,109.97,0.707309094,-0.176820513,0.661857068,0.174337529,-0.0793721,-0.9629940,0.6184638
seq-06/frame-000768,1,0.01203516,0.330467,797,718,653,0.73,63.79,37.54,11.85,113.92,0.712771114,-0.177195124,0.656402658,0.172321727,-0.0599756,-0.9671678,0.6234594
seq-06/frame-000769,1,0.00799202,0.224022,830,724,657,0.71,70.34,43.81,16.69,131.55,0.718397464,-0.176815817,0.651328595,0.168559521,-0.0453875,-0.9652964,0.6197866
seq-06/frame-000770,1,0.00965618,0.213772,768,679,619,0.69,56.30,37.60,14.60,109.19,0.723017825,-0.176434914,0.647288886,0.164721106,-0.0246681,-0.9680342,0.6211998
seq-06/frame-000771,1,0.02230044,0.593891,991,857,788,0.85,62.77,51.01,12.32,126.96,0.728361373,-0.177501859,0.641730709,0.161754438,-0.0025195,-0.9782792,0.6187321
seq-06/frame-000772,1,0.02116367,0.560019,1151,1022,946,0.76,72.15,65.30,11.86,150.08,0.731535629,-0.179832694,0.638756609,0.156543353,0.0098658,-0.9777382,0.6253001
seq-06/frame-000773,1,0.01611149,0.398839,832,749,686,0.73,72.17,40.18,27.88,140.97,0.735715272,-0.182989983,0.633882606,0.153070395,0.0329265,-0.9748595,0.6282330
seq-06/frame-000774,1,0.02032900,0.504373,720,576,521,0.72,65.62,29.26,13.57,109.17,0.741588657,-0.184918377,0.627118151,0.150247405,0.0570561,-0.9824465,0.6262873
seq-06/frame-000775,1,0.02141798,0.484804,776,653,594,0.73,74.32,36.30,13.65,124.99,0.748051377,-0.185770682,0.620890313,0.142841205,0.0784777,-0.9828736,0.6261956
seq-06/frame-000776,1,0.01768227,0.506912,804,716,653,0.73,64.48,52.36,9.92,127.49,0.750731661,-0.186601334,0.618499752,0.137985406,0.0887241,-0.9873127,0.6372593
seq-06/frame-000777,1,0.03153907,0.869050,651,508,443,0.69,51.54,28.00,8.00,88.23,0.754856102,-0.187980438,0.613386903,0.136426271,0.1189916,-1.0011385,0.6447739
seq-06/frame-000778,1,0.02520671,0.617266,652,521,435,0.72,65.62,31.27,9.19,106.80,0.762794080,-0.185441400,0.605731158,0.129793853,0.1333858,-0.9992909,0.6447473
seq-06/frame-000779,1,0.02823745,0.761333,692,583,514,1.05,65.03,34.46,8.72,109.26,0.768865546,-0.185351647,0.598374824,0.128211193,0.1546365,-1.0029439,0.6491759
seq-06/frame-000780,1,0.02514694,0.733887,677,594,521,0.73,52.21,31.67,11.79,96.41,0.774593538,-0.185275915,0.591429729,0.126049842,0.1724657,-1.0048296,0.6540220
seq-06/frame-000781,1,0.02782343,0.684533,633,492,422,0.71,56.00,25.01,9.94,91.67,0.781865209,-0.183580507,0.582755848,0.124018605,0.1982225,-1.0145451,0.6491238
seq-06/frame-000782,1,0.02158545,0.519856,649,555,501,0.71,71.73,31.48,9.96,113.89,0.787338213,-0.181204832,0.577438568,0.117592720,0.2114472,-1.0135113,0.6536040
seq-06/frame-000783,1,0.02062967,0.403713,659,552,478,2.94,57.47,31.01,6.72,98.14,0.793438981,-0.179935417,0.570177405,0.113910296,0.2318189,-1.0160114,0.6579407
seq-06/frame-000784,1,0.02037663,0.419470,660,534,462,0.76,59.24,32.52,8.50,101.02,0.799716962,-0.179876654,0.561820051,0.111603765,0.2460062,-1.0198431,0.6640897
seq-06/frame-000785,1,0.02095342,0.349823,731,605,549,1.26,62.77,27.75,13.15,104.93,0.806037416,-0.179340750,0.553127879,0.110408918,0.2637191,-1.0200235,0.6689976
seq-06/frame-000786,1,0.01882548,0.343607,736,643,574,0.76,56.95,31.92,11.77,101.40,0.811877280,-0.179925798,0.544636303,0.108872796,0.2797442,-1.0216369,0.6713715
seq-06/frame-000787,1,0.01704902,0.353259,658,557,496,0.76,56.97,36.69,11.12,105.54,0.816650897,-0.179766967,0.538051639,0.106139453,0.2931576,-1.0168131,0.6827709
seq-06/frame-000788,1,0.02214305,0.398573,630,547,487,0.74,56.84,28.42,18.85,104.85,0.821467003,-0.182809165,0.529427582,0.107141067,0.3090292,-1.0248217,0.6910041
seq-06/frame-000789,1,0.02686309,0.571683,762,699,625,0.76,57.83,33.16,10.26,102.01,0.827151634,-0.185252642,0.519548830,0.107566933,0.3300091,-1.0332667,0.6925171
seq-06/frame-000790,1,0.02661041,0.606942,895,790,736,0.77,69.18,37.28,8.62,115.85,0.832579522,-0.186240194,0.511202938,0.103910953,0.3504283,-1.0330640,0.6911667
seq-06/frame-000791,1,0.02360803,0.478421,719,645,590,0.76,56.68,32.61,8.17,98.22,0.835243457,-0.186032435,0.507356659,0.101732593,0.3625215,-1.0313050,0.7035973
seq-06/frame-000792,1,0.03318082,0.806185,564,492,431,1.04,64.40,25.16,11.37,101.99,0.838702712,-0.189153096,0.500353421,0.102202352,0.3767736,-1.0430493,0.7182588
seq-06/frame-000793,1,0.02561062,0.610748,589,525,477,0.75,50.66,26.65,13.80,91.87,0.844500215,-0.188892614,0.491564253,0.097486166,0.3868258,-1.0377448,0.7251449
seq-06/frame-000794,1,0.02720685,0.599197,841,765,700,0.77,58.66,42.82,9.41,111.66,0.848531898,-0.188773042,0.484671911,0.097218799,0.4020928,-1.0396924,0.7340304
seq-06/frame-000795,1,0.02450275,0.596766,861,761,697,0.77,64.59,38.06,6.66,110.09,0.852214775,-0.188698723,0.478437105,0.096024507,0.4201492,-1.0373665,0.7395131
seq-06/frame-000796,1,0.02674943,0.690386,650,563,508,0.75,61.29,30.06,19.14,111.25,0.855416172,-0.190271499,0.472262305,0.095017080,0.4337306,-1.0427308,0.7519471
seq-06/frame-000797,1,0.02772938,0.695291,685,616,568,0.76,64.51,31.79,9.60,106.66,0.860749116,-0.189870620,0.462959267,0.093428177,0.4573635,-1.0427184,0.7568677
seq-06/frame-000798,1,0.02817416,0.683076,815,723,659,0.75,61.74,40.04,9.47,112.01,0.864332107,-0.189495208,0.457257014,0.089093200,0.4693069,-1.0447254,0.7654657
seq-06/frame-000799,1,0.02396373,0.564211,772,653,599,0.77,61.79,35.27,7.73,105.56,0.867625117,-0.188495067,0.452211357,0.084859617,0.4813480,-1.0422242,0.7748333
seq-06/frame-000800,1,0.03014257,0.752022,635,559,503,0.76,46.02,29.13,10.64,86.56,0.870696887,-0.189843565,0.445768165,0.084481328,0.5025345,-1.0496312,0.7870160
seq-06/frame-000801,1,0.03070496,0.732526,630,534,486,0.75,60.70,25.45,8.91,95.81,0.874833052,-0.187656233,0.438885088,0.082656813,0.5226720,-1.0484064,0.7954890
seq-06/frame-000802,1,0.02713617,0.692079,613,524,468,0.85,51.25,32.49,7.87,92.45,0.878201117,-0.185217083,0.433545799,0.080594488,0.5337721,-1.0470900,0.8100112
seq-06/frame-000803,1,0.02793194,0.729806,628,532,473,0.75,52.24,25.94,10.69,89.62,0.882345562,-0.185015962,0.425522476,0.078524047,0.5452569,-1.0517954,0.8156620
seq-06/frame-000804,1,0.03207641,0.843287,673,575,515,0.74,59.88,43.45,7.54,111.61,0.886212152,-0.185598699,0.417739051,0.075334118,0.5618831,-1.0565969,0.8247916
seq-06/frame-000805,1,0.02597532,0.727370,630,553,492,0.75,65.61,38.62,8.76,113.74,0.888292901,-0.186601064,0.413664770,0.070691034,0.5694396,-1.0590083,0.8501407
seq-06/frame-000806,1,0.02703965,0.768369,490,409,359,0.74,51.46,20.53,7.36,80.10,0.891203943,-0.187168786,0.407439961,0.068673543,0.5808148,-1.0616336,0.8712968
seq-06/frame-000807,1,0.02000049,0.553297,444,354,307,0.72,59.09,26.15,7.52,93.49,0.897270414,-0.185285041,0.395248926,0.065981391,0.5950087,-1.0602683,0.8742899
seq-06/frame-000808,1,0.03088133,0.764678,434,372,320,0.71,52.22,22.29,9.24,84.47,0.901006086,-0.187413754,0.386021429,0.063651973,0.6022922,-1.0722077,0.9006877
seq-06/frame-000809,1,0.02899053,0.617972,526,457,397,0.72,53.08,26.23,10.83,90.86,0.906051268,-0.188441654,0.374704087,0.056193332,0.6106144,-1.0756271,0.9069034
seq-06/frame-000810,1,0.02891355,0.677003,499,412,365,0.72,43.44,22.44,8.00,74.60,0.909783590,-0.188944536,0.365970406,0.051569796,0.6298649,-1.0805345,0.9244863
seq-06/frame-000811,1,0.02682492,0.516249,468,391,335,0.71,55.63,23.98,12.53,92.85,0.913710667,-0.185328653,0.358782914,0.045397454,0.6333171,-1.0777581,0.9416092
seq-06/frame-000812,1,0.03839556,0.825283,424,331,278,0.70,42.34,14.55,9.29,66.87,0.917473680,-0.185921719,0.349295123,0.040842116,0.6340507,-1.0859647,0.9597215
seq-06/frame-000813,1,0.05294102,1.186911,386,284,233,0.70,40.14,23.17,7.58,71.59,0.921747668,-0.187450512,0.337096050,0.040122253,0.6454356,-1.0975217,0.9811317
seq-06/frame-000814,1,0.04340827,0.871359,434,323,270,0.70,53.55,28.68,7.52,90.45,0.927472923,-0.185328038,0.322820877,0.035130846,0.6493322,-1.0903399,0.9835843
seq-06/frame-000815,1,0.03851299,0.818071,487,380,312,0.70,50.22,29.30,15.42,95.65,0.931203054,-0.185212936,0.312386605,0.031171297,0.6610833,-1.0842178,1.0026645
seq-06/frame-000816,1,0.03861107,0.943287,514,381,310,0.71,53.91,23.83,9.89,88.35,0.935107419,-0.187558960,0.299731025,0.023602191,0.6635442,-1.0844222,1.0075931
seq-06/frame-000817,1,0.04806419,1.043583,449,334,275,0.71,57.95,15.20,20.55,94.40,0.937367801,-0.191329342,0.290205862,0.022699022,0.6720517,-1.0900529,1.0322740
seq-06/frame-000818,1,0.01784750,0.828918,504,389,321,0.71,54.58,20.92,16.92,93.13,0.943346219,-0.186702803,0.273833559,0.015973602,0.7005981,-1.0628918,1.0323518
seq-06/frame-000819,1,0.02226407,1.000014,507,367,292,0.70,53.10,24.04,14.81,92.65,0.946656242,-0.185467933,0.263268424,0.011547350,0.7061863,-1.0556609,1.0478044
seq-06/frame-000820,1,0.04538005,1.406356,507,320,242,0.72,57.64,19.50,19.73,97.59,0.952604063,-0.189916829,0.237350510,0.011909374,0.7576608,-1.0803048,1.0165658
seq-06/frame-000821,1,0.02607725,0.830696,576,345,261,0.72,61.31,24.17,14.29,100.49,0.952822067,-0.191230986,0.235559818,0.008508279,0.7314679,-1.0852567,1.0532050
seq-06/frame-000822,1,0.04520987,1.194006,590,393,301,0.74,50.66,27.72,15.16,94.29,0.953637077,-0.191240144,0.232367537,0.002976730,0.7056463,-1.0822923,1.0796992
seq-06/frame-000823,1,0.03983333,1.169854,620,432,330,0.74,67.28,24.68,9.84,102.54,0.956484026,-0.189354583,0.221987520,-0.002165660,0.7192956,-1.0699872,1.1006977
seq-06/frame-000824,1,0.00911014,0.663970,648,433,336,0.75,55.49,35.11,12.27,103.63,0.960895834,-0.186138573,0.204922084,-0.006210311,0.7530677,-1.0615657,1.0949482
seq-06/frame-000825,1,0.03174265,1.014432,643,468,368,0.74,56.75,31.89,19.63,109.01,0.962073909,-0.185550059,0.199741603,-0.009394723,0.7448040,-1.0633578,1.1210384
seq-06/frame-000826,1,0.02920107,1.050116,603,404,316,0.74,62.50,28.16,7.77,99.17,0.967707765,-0.179277901,0.176854978,-0.011110009,0.7952734,-1.0482956,1.0952427
seq-06/frame-000827,1,0.04242297,1.407733,569,355,260,0.73,58.38,20.64,14.76,94.52,0.970237760,-0.180592111,0.160447255,-0.016788617,0.8186264,-1.0613767,1.0952942
seq-06/frame-000828,1,0.04406894,1.347047,632,398,314,0.74,55.51,26.91,16.27,99.44,0.972236124,-0.180375640,0.147551202,-0.021217672,0.8284166,-1.0700371,1.1043633
seq-06/frame-000829,1,0.04961959,1.575581,674,428,337,0.76,56.70,27.63,8.82,93.90,0.973973575,-0.180559545,0.134013383,-0.028533124,0.8410412,-1.0797828,1.1136856
seq-06/frame-000830,1,0.01852190,1.191772,663,360,279,0.75,63.69,25.59,15.25,105.27,0.973911956,-0.175856245,0.138147510,-0.038540229,0.7939250,-1.0641171,1.1500557
seq-06/frame-000831,1,0.05540383,1.613541,538,355,288,0.75,54.64,23.76,12.80,91.95,0.976440650,-0.181340235,0.110023311,-0.039676798,0.8585601,-1.1000920,1.1427435
seq-06/frame-000832,1,0.05257195,1.674203,474,276,216,0.73,55.04,24.28,20.93,100.98,0.979187076,-0.172216365,0.096692892,-0.046740540,0.8673848,-1.0709562,1.1459322
seq-06/frame-000833,1,0.03570559,1.255370,552,418,346,0.75,48.01,24.02,15.47,88.26,0.979501854,-0.174060082,0.086470999,-0.052933657,0.8583456,-1.0833265,1.1608201
seq-06/frame-000834,1,0.03986853,1.616731,637,472,405,0.75,56.23,30.36,13.30,100.64,0.979871755,-0.175003370,0.072409094,-0.063103786,0.8686040,-1.0921675,1.1678050
seq-06/frame-000835,1,0.01373957,0.944603,561,460,388,0.75,62.53,22.49,14.30,100.08,0.980448449,-0.171551004,0.069507764,-0.066781460,0.8481141,-1.0805236,1.1875646
seq-06/frame-000836,1,0.03466894,1.474299,443,300,243,0.73,48.86,19.18,15.16,83.94,0.981197607,-0.172395552,0.048288525,-0.072105807,0.8770697,-1.0934503,1.1928353
seq-06/frame-000837,1,0.03699676,1.405470,463,346,294,0.74,51.53,21.16,15.11,88.55,0.981483017,-0.170860573,0.035298410,-0.079068166,0.8811068,-1.0990519,1.1972987
seq-06/frame-000838,1,0.03448035,1.327217,490,356,294,0.72,46.66,17.17,17.60,82.16,0.981408592,-0.172555712,0.021608141,-0.081208309,0.8842121,-1.1070977,1.2174289
seq-06/frame-000839,1,0.03392520,1.320490,490,356,294,1.03,60.85,18.91,15.09,95.88,0.981408592,-0.172555712,0.021608141,-0.081208309,0.8842121,-1.1070977,1.2174289
seq-06/frame-000840,1,0.03038230,1.197475,538,413,347,0.73,49.84,24.88,14.08,89.54,0.982346184,-0.165581162,0.009209161,-0.086568155,0.8941267,-1.0903225,1.2242424
seq-06/frame-000841,1,0.01361151,0.957840,501,357,294,0.74,50.80,20.72,15.70,87.96,0.982027597,-0.164333830,0.001806691,-0.092805852,0.8826613,-1.0929881,1.2380020
seq-06/frame-000842,1,0.01376769,0.954813,501,357,294,0.73,52.15,19.56,15.53,87.97,0.982027597,-0.164333830,0.001806691,-0.092805852,0.8826613,-1.0929881,1.2380020
seq-06/frame-000843,1,0.01994852,0.924067,485,352,295,0.74,47.81,23.74,6.34,78.62,0.981842866,-0.162052460,-0.004503158,-0.098505369,0.8714454,-1.0952082,1.2342640
seq-06/frame-000844,1,0.02237136,0.736746,462,365,308,0.73,54.97,24.45,12.79,92.94,0.981240538,-0.163976283,-0.020639442,-0.099261261,0.8901344,-1.1072141,1.2467464
seq-06/frame-000845,1,0.02206143,0.742910,462,365,308,0.68,60.33,16.49,16.55,94.05,0.981240538,-0.163976283,-0.020639442,-0.099261261,0.8901344,-1.1072141,1.2467464
seq-06/frame-000846,1,0.01398503,0.702886,439,356,296,0.71,60.67,12.75,12.34,86.48,0.980687921,-0.163140350,-0.031523780,-0.103163361,0.8831864,-1.1002773,1.2579868
seq-06/frame-000847,1,0.01817590,0.654820,518,374,317,0.74,51.03,18.34,10.82,80.94,0.979986305,-0.161943398,-0.045182726,-0.106581889,0.8884637,-1.0982137,1.2610675
seq-06/frame-000848,1,0.01184691,0.601686,653,499,442,0.75,52.72,20.27,13.12,86.86,0.978795469,-0.162899660,-0.055078950,-0.111307864,0.8874610,-1.1004004,1.2744335
seq-06/frame-000849,1,0.01179582,0.609814,653,499,442,0.70,70.79,29.68,9.85,111.02,0.978795469,-0.162899660,-0.055078950,-0.111307864,0.8874610,-1.1004004,1.2744335
seq-06/frame-000850,1,0.02155125,0.566889,610,466,409,0.74,57.32,32.10,15.32,105.49,0.977992571,-0.162515543,-0.064175236,-0.114020912,0.8944222,-1.1035339,1.2761705
seq-06/frame-000851,1,0.02138203,0.551977,610,466,409,0.75,60.50,26.49,17.90,105.64,0.977992571,-0.162515543,-0.064175236,-0.114020912,0.8944222,-1.1035339,1.2761705
seq-06/frame-000852,1,0.01214483,0.511790,556,438,378,1.07,64.17,22.29,20.67,108.19,0.977404877,-0.161383764,-0.070579236,-0.116848444,0.8828526,-1.0972213,1.2883885
seq-06/frame-000853,1,0.01597184,0.671155,569,435,374,0.77,56.22,26.35,12.70,96.05,0.976222520,-0.159965774,-0.080350478,-0.122247058,0.8849735,-1.1004529,1.2911544
seq-06/frame-000854,1,0.01637169,0.337099,610,474,416,0.77,51.74,24.29,17.22,94.02,0.975354595,-0.159197281,-0.091630179,-0.122243811,0.8909645,-1.0994926,1.2996035
seq-06/frame-000855,1,0.01659866,0.334326,610,474,416,0.76,45.02,22.23,13.57,81.59,0.975354595,-0.159197281,-0.091630179,-0.122243811,0.8909645,-1.0994926,1.2996035
seq-06/frame-000856,1,0.01597310,0.587500,624,468,411,1.04,62.00,27.37,14.54,104.95,0.974065066,-0.159093491,-0.098780771,-0.126999478,0.8835169,-1.1027872,1.3036685
seq-06/frame-000857,1,0.01290511,0.517810,673,533,471,0.78,53.16,26.70,13.40,94.04,0.972723816,-0.157712196,-0.109507483,-0.130166636,0.8874404,-1.1004422,1.3146741
seq-06/frame-000858,1,0.01964581,0.562160,662,491,429,0.77,59.88,33.17,11.00,104.82,0.971688570,-0.157028472,-0.115086155,-0.133860221,0.8810791,-1.1037566,1.3108742
seq-06/frame-000859,1,0.01971785,0.570388,662,491,429,1.04,61.63,27.87,12.71,103.26,0.971688570,-0.157028472,-0.115086155,-0.133860221,0.8810791,-1.1037566,1.3108742
seq-06/frame-000860,1,0.01160395,0.422846,549,400,336,0.80,54.43,19.74,15.22,90.20,0.970268364,-0.156133830,-0.127000920,-0.134433238,0.8864595,-1.0982510,1.3262133
seq-06/frame-000861,1,0.02702446,1.064014,468,384,330,0.71,55.42,20.37,7.95,84.46,0.969099551,-0.158746733,-0.128603113,-0.138227254,0.8565845,-1.1011812,1.3209002
seq-06/frame-000862,1,0.02810770,2.219786,468,384,330,0.67,46.46,19.98,10.33,77.45,0.969099551,-0.158746733,-0.128603113,-0.138227254,0.8565845,-1.1011812,1.3209002
seq-06/frame-000863,1,0.01572719,0.448484,595,456,385,0.74,52.22,37.65,20.35,110.98,0.966588382,-0.160619478,-0.144659059,-0.137775325,0.8703051,-1.1027776,1.3302962
seq-06/frame-000864,1,0.01547996,0.792889,685,550,449,0.79,56.83,34.78,11.59,104.00,0.964959552,-0.157893160,-0.153357538,-0.142843549,0.8640740,-1.0941163,1.3351507
seq-06/frame-000865,1,0.01154130,0.511732,793,601,517,0.80,73.76,32.71,13.98,121.26,0.963078380,-0.158681401,-0.163529424,-0.143381919,0.8642672,-1.1013071,1.3418577
seq-06/frame-000866,1,0.01160938,0.522294,793,601,517,0.77,59.93,30.79,8.33,99.83,0.963078380,-0.158681401,-0.163529424,-0.143381919,0.8642672,-1.1013071,1.3418577
seq-06/frame-000867,1,0.01560255,0.602536,849,631,553,0.82,51.10,38.43,9.98,100.33,0.962032220,-0.154662573,-0.171628646,-0.145317253,0.8667224,-1.0877490,1.3539699
seq-06/frame-000868,1,0.01581706,0.684427,808,604,493,0.79,61.00,34.16,10.89,106.85,0.961000113,-0.152934785,-0.177527983,-0.146879374,0.8621529,-1.0868237,1.3615575
seq-06/frame-000869,1,0.01187152,0.739920,691,528,443,0.78,59.24,28.59,11.82,100.44,0.959804351,-0.152648154,-0.184025058,-0.146999750,0.8527209,-1.0984426,1.3546958
seq-06/frame-000870,1,0.01205756,0.746054,691,528,443,0.73,50.00,29.13,13.25,93.12,0.959804351,-0.152648154,-0.184025058,-0.146999750,0.8527209,-1.0984426,1.3546958
seq-06/frame-000871,1,0.01791515,0.753370,640,536,461,0.75,62.86,26.49,13.23,103.33,0.958093648,-0.155457052,-0.190817278,-0.146555222,0.8466223,-1.1010828,1.3523900
seq-06/frame-000872,1,0.01907801,0.931382,798,605,516,0.80,64.93,42.09,18.15,125.98,0.955910852,-0.153659003,-0.199969212,-0.150451551,0.8480741,-1.0912421,1.3596028
seq-06/frame-000873,1,0.01465020,0.616417,916,680,575,0.79,62.24,56.18,14.76,133.97,0.954241841,-0.153263660,-0.208106972,-0.150413590,0.8466950,-1.0950686,1.3710638
seq-06/frame-000874,1,0.01733282,0.719661,1234,904,756,0.84,71.77,61.68,16.63,150.93,0.953782579,-0.149900514,-0.212060318,-0.151192093,0.8421135,-1.0924189,1.3717360
seq-06/frame-000875,1,0.01715850,0.715004,1234,904,756,0.79,75.41,58.50,15.03,149.74,0.953782579,-0.149900514,-0.212060318,-0.151192093,0.8421135,-1.0924189,1.3717360
seq-06/frame-000876,1,0.01909485,0.778888,1268,976,801,0.90,85.56,60.13,11.57,158.16,0.953273006,-0.149754553,-0.213711009,-0.152222713,0.8343836,-1.0987487,1.3664290
seq-06/frame-000877,1,0.01918529,0.868217,1098,832,714,0.83,82.68,48.10,18.75,150.36,0.952267361,-0.149457156,-0.216894652,-0.154292389,0.8259053,-1.0958563,1.3729316
seq-06/frame-000878,1,0.01166800,0.623868,1056,771,651,0.82,64.45,43.77,11.31,120.36,0.950929257,-0.150343351,-0.222038697,-0.154367233,0.8166586,-1.1014165,1.3832865
seq-06/frame-000879,1,0.01835140,0.747828,1096,840,718,0.84,78.58,48.78,23.64,151.84,0.950803584,-0.148022185,-0.224179796,-0.154289978,0.8033602,-1.0987659,1.3788312
seq-06/frame-000880,1,0.01910029,0.939052,1096,840,718,0.85,62.60,52.14,20.27,135.86,0.950803584,-0.148022185,-0.224179796,-0.154289978,0.8033602,-1.0987659,1.3788312
seq-06/frame-000881,1,0.01814956,0.786618,1045,823,688,0.84,65.02,49.12,19.48,134.46,0.949539433,-0.148871417,-0.228667512,-0.154671705,0.7989440,-1.1000630,1.3788612
seq-06/frame-000882,1,0.03100749,1.102637,1033,786,668,0.85,58.39,52.79,12.06,124.09,0.948108753,-0.144636028,-0.235816891,-0.156718238,0.7992050,-1.0843758,1.3950333
seq-06/frame-000883,1,0.02882504,1.205170,1041,785,646,0.86,58.56,56.31,12.71,128.45,0.947273121,-0.143354230,-0.239300141,-0.157666233,0.7861441,-1.0858613,1.3944733
seq-06/frame-000884,1,0.02255454,1.010037,1104,828,695,0.86,70.31,61.13,20.75,153.05,0.946812712,-0.146844113,-0.239575371,-0.156799671,0.7678880,-1.0967385,1.3840618
seq-06/frame-000885,1,0.02284432,1.020852,1104,828,695,0.85,64.96,45.31,16.74,127.88,0.946812712,-0.146844113,-0.239575371,-0.156799671,0.7678880,-1.0967385,1.3840618
seq-06/frame-000886,1,0.02879880,1.139370,1088,811,679,0.86,67.28,45.95,12.34,126.44,0.945787898,-0.144995738,-0.244438085,-0.157198952,0.7655895,-1.0868254,1.3935711
seq-06/frame-000887,1,0.01664276,0.719202,985,746,598,0.81,71.46,49.21,12.07,133.55,0.945088849,-0.149555683,-0.244778119,-0.156600890,0.7419168,-1.1042147,1.3954177
seq-06/frame-000888,1,0.03471370,1.221858,1124,799,659,0.84,67.76,50.08,9.05,127.73,0.944883080,-0.141589034,-0.251070717,-0.155280411,0.7440273,-1.0854389,1.4018657
seq-06/frame-000889,1,0.01799604,0.711239,1180,903,763,1.20,70.69,54.04,10.89,136.82,0.944478954,-0.147682595,-0.250554379,-0.152878576,0.7232182,-1.1075277,1.3890775
seq-06/frame-000890,1,0.02356651,0.818245,1180,903,763,0.86,80.62,45.39,23.99,150.87,0.944478954,-0.147682595,-0.250554379,-0.152878576,0.7232182,-1.1075277,1.3890775
seq-06/frame-000891,1,0.01028146,0.507462,869,613,497,0.79,52.31,39.94,9.19,102.23,0.943540735,-0.150488329,-0.251892771,-0.153734110,0.7019284,-1.1202030,1.3936782
seq-06/frame-000892,1,0.01926731,0.667163,878,631,490,0.80,62.81,32.71,27.43,123.76,0.942942504,-0.148096652,-0.255141986,-0.154367686,0.6808600,-1.1258737,1.3878715
seq-06/frame-000893,1,0.02600541,0.967364,951,714,595,0.83,56.52,46.02,8.70,112.07,0.942600059,-0.145687066,-0.258085915,-0.153857299,0.6669238,-1.1235262,1.3803831
seq-06/frame-000894,1,0.02748925,1.088624,1070,774,625,0.84,64.91,54.14,17.64,137.53,0.941054233,-0.139507670,-0.267241503,-0.153416167,0.6734000,-1.1025091,1.3983217
seq-06/frame-000895,1,0.01351646,0.385573,902,626,473,0.80,69.16,37.44,16.93,124.33,0.939044356,-0.149983004,-0.270030063,-0.150945560,0.6512288,-1.1447869,1.3923815
seq-06/frame-000896,1,0.01281274,0.389140,902,626,473,0.78,71.70,30.82,21.02,124.32,0.939044356,-0.149983004,-0.270030063,-0.150945560,0.6512288,-1.1447869,1.3923815
seq-06/frame-000897,1,0.01114077,0.487699,936,703,572,0.84,60.45,34.37,14.54,110.20,0.938753938,-0.143765333,-0.273947425,-0.151741162,0.6353071,-1.1320956,1.3934427
seq-06/frame-000898,1,0.02126536,0.512096,956,730,617,0.79,71.01,37.90,18.72,128.42,0.937373711,-0.148235420,-0.276778905,-0.150831772,0.6245329,-1.1418384,1.3813364
seq-06/frame-000899,1,0.00392266,0.241582,1112,792,665,0.82,64.29,44.96,17.13,127.21,0.936489619,-0.149820595,-0.279431240,-0.149863820,0.6156944,-1.1362441,1.3911680
seq-06/frame-000900,1,0.00757708,0.441066,924,675,535,0.79,59.67,46.65,15.52,122.63,0.936309249,-0.146349418,-0.281873658,-0.149846851,0.5973525,-1.1322127,1.3950476
seq-06/frame-000901,1,0.00360268,0.581127,727,517,397,0.80,65.11,29.15,9.80,104.87,0.935423053,-0.145737134,-0.285744675,-0.148641786,0.5865082,-1.1349644,1.3937553
seq-06/frame-000902,1,0.01343986,0.389542,806,592,477,0.77,58.71,34.40,11.16,105.05,0.933959020,-0.151339398,-0.289589542,-0.144757840,0.5721682,-1.1434478,1.3846539
seq-06/frame-000903,1,0.01383725,0.390229,806,592,477,1.07,59.31,40.92,9.51,110.81,0.933959020,-0.151339398,-0.289589542,-0.144757840,0.5721682,-1.1434478,1.3846539
seq-06/frame-000904,1,0.01964913,0.481286,1064,731,594,0.83,68.40,49.02,12.14,130.39,0.931616029,-0.156398036,-0.295398017,-0.142727853,0.5680000,-1.1556627,1.3965781
seq-06/frame-000905,1,0.01193714,0.318133,1220,938,788,0.82,91.38,58.23,11.56,161.99,0.931337918,-0.152817977,-0.298592460,-0.141770556,0.5551719,-1.1425673,1.3998296
seq-06/frame-000906,1,0.01883683,0.498498,1200,890,773,0.81,92.15,56.55,13.68,163.19,0.931241707,-0.155060402,-0.298341176,-0.140490916,0.5392374,-1.1493038,1.3956045
seq-06/frame-000907,1,0.01559934,0.509201,1261,899,773,0.81,60.46,54.68,9.35,125.30,0.931108733,-0.156402114,-0.299901870,-0.136505581,0.5289796,-1.1420747,1.3978885
seq-06/frame-000908,1,0.01576382,0.538098,1272,900,758,0.88,90.58,56.89,12.69,161.05,0.931518182,-0.157470955,-0.299603024,-0.133096968,0.5203174,-1.1419332,1.3938135
seq-06/frame-000909,1,0.01448584,0.375382,1407,995,836,0.81,77.49,66.12,15.79,160.22,0.932198663,-0.156503125,-0.298586671,-0.131751373,0.5021451,-1.1418612,1.3882348
seq-06/frame-000910,1,0.01686452,0.562610,1460,1054,892,0.83,93.20,72.30,16.68,183.01,0.932505262,-0.157425441,-0.298691778,-0.128196680,0.4894958,-1.1387554,1.3918133
seq-06/frame-000911,1,0.01741628,0.552182,1300,956,819,1.03,78.01,73.56,13.01,165.60,0.933034210,-0.158290059,-0.297966542,-0.124929418,0.4765431,-1.1357652,1.3895999
seq-06/frame-000912,1,0.01844576,0.582361,1129,854,724,0.80,85.13,62.39,10.61,158.95,0.933684873,-0.160768892,-0.295549346,-0.122623432,0.4594530,-1.1402832,1.3769492
seq-06/frame-000913,1,0.01705421,0.401394,1065,786,676,0.78,66.19,61.37,24.56,152.90,0.934058691,-0.161098741,-0.295067154,-0.120486232,0.4477485,-1.1362984,1.3641123
seq-06/frame-000914,1,0.01880832,0.682694,1164,897,773,0.80,74.92,44.13,10.50,130.36,0.932728612,-0.164105008,-0.299004189,-0.116975969,0.4374347,-1.1323255,1.3789005
seq-06/frame-000915,1,0.02314777,0.852816,1262,997,866,0.79,73.95,79.01,15.81,169.57,0.932777655,-0.166568804,-0.297886583,-0.115949399,0.4204422,-1.1362855,1.3706119
seq-06/frame-000916,1,0.02318103,0.722905,1377,1052,919,0.78,70.13,60.45,10.47,141.83,0.932888928,-0.167971670,-0.296797908,-0.115822139,0.4139646,-1.1336868,1.3584722
seq-06/frame-000917,1,0.01487917,0.676015,1433,1123,989,0.83,88.30,64.00,15.09,168.23,0.932323062,-0.169123548,-0.298152561,-0.115221452,0.4027830,-1.1239873,1.3656142
seq-06/frame-000918,1,0.01966773,0.658370,1525,1190,1038,0.82,114.50,80.51,12.56,208.39,0.932200380,-0.169030658,-0.297954639,-0.116850852,0.3846380,-1.1310993,1.3632281
seq-06/frame-000919,1,0.01968402,0.655430,1525,1190,1038,0.82,81.17,64.04,17.56,163.60,0.932200380,-0.169030658,-0.297954639,-0.116850852,0.3846380,-1.1310993,1.3632281
seq-06/frame-000920,1,0.01869325,0.718119,1415,1098,960,0.79,68.71,64.24,15.35,149.10,0.932645919,-0.169010883,-0.296846421,-0.116142640,0.3674406,-1.1269402,1.3558270
seq-06/frame-000921,1,0.01724219,0.611925,1220,942,822,0.78,77.09,53.22,15.73,146.83,0.932047656,-0.170139730,-0.297836025,-0.116761899,0.3572298,-1.1206073,1.3555054
seq-06/frame-000922,1,0.02418615,0.769709,1150,915,817,0.78,59.25,44.99,15.95,120.98,0.931189794,-0.175465990,-0.297412000,-0.116804782,0.3476102,-1.1279519,1.3510194
seq-06/frame-000923,1,0.02482310,0.849090,1434,1108,977,0.83,81.42,71.56,23.00,176.81,0.930270035,-0.177736978,-0.298765314,-0.117245537,0.3311877,-1.1292219,1.3551486
seq-06/frame-000924,1,0.01824728,0.517284,1780,1385,1210,0.85,88.29,75.29,14.72,179.15,0.930767080,-0.174593314,-0.298464194,-0.118781068,0.3175316,-1.1184636,1.3447534
seq-06/frame-000925,1,0.02190958,0.621095,1525,1139,982,0.79,80.15,68.96,22.30,172.20,0.929969461,-0.175405483,-0.298878004,-0.122725943,0.3014764,-1.1198801,1.3458005
seq-06/frame-000926,1,0.02708353,0.642354,1106,854,756,0.76,65.57,49.45,15.35,131.14,0.929453819,-0.179303665,-0.298097918,-0.122895997,0.2873804,-1.1240088,1.3415181
seq-06/frame-000927,1,0.02868976,0.797197,1224,946,849,0.78,72.84,57.15,14.67,145.44,0.928712137,-0.183780889,-0.298185562,-0.121670545,0.2652546,-1.1259710,1.3432279
seq-06/frame-000928,1,0.01826141,0.725049,1136,905,797,0.80,70.55,47.07,7.86,126.27,0.928354414,-0.185622910,-0.300145267,-0.116683483,0.2544822,-1.1167582,1.3525485
seq-06/frame-000929,1,0.01959036,0.770357,1255,1041,925,0.80,69.40,52.58,13.46,136.25,0.927942853,-0.187405479,-0.302080383,-0.112020939,0.2413821,-1.1162511,1.3584044
seq-06/frame-000930,1,0.02153591,0.848685,1732,1424,1279,0.83,89.52,82.07,11.77,184.19,0.927743549,-0.188939514,-0.303212511,-0.107962677,0.2298716,-1.1109166,1.3678383
seq-06/frame-000931,1,0.02304637,0.842307,2034,1637,1465,0.85,91.42,85.43,16.20,193.90,0.928577139,-0.190988222,-0.300259279,-0.105415185,0.2139540,-1.1117722,1.3644696
seq-06/frame-000932,1,0.02205467,0.862227,1812,1498,1346,0.85,85.89,76.16,15.63,178.54,0.928931581,-0.193589645,-0.297987223,-0.103984524,0.1962701,-1.1125883,1.3650798
seq-06/frame-000933,1,0.02465297,0.951184,1523,1258,1144,0.81,72.24,67.56,17.28,157.90,0.928751342,-0.196660980,-0.297031047,-0.102557108,0.1769103,-1.1173294,1.3657303
seq-06/frame-000934,1,0.02450950,0.942087,1523,1258,1144,0.81,83.21,65.45,15.30,164.77,0.928751342,-0.196660980,-0.297031047,-0.102557108,0.1769103,-1.1173294,1.3657303
seq-06/frame-000935,1,0.02964728,0.909607,1545,1258,1135,0.79,77.22,69.24,23.15,170.40,0.928696363,-0.199563265,-0.295545408,-0.101737305,0.1600504,-1.1205499,1.3600206
seq-06/frame-000936,1,0.02380360,1.015964,1340,1133,1021,0.79,76.94,58.07,11.54,147.35,0.927647390,-0.205161658,-0.296178462,-0.098271729,0.1420389,-1.1169231,1.3749761
seq-06/frame-000937,1,0.02067305,0.977635,1285,1052,915,0.82,79.13,58.54,8.63,147.12,0.927375638,-0.208466289,-0.296204531,-0.093696891,0.1255562,-1.1179392,1.3808558
seq-06/frame-000938,1,0.02277891,0.987056,1215,948,829,0.98,67.55,53.08,9.80,131.42,0.927432369,-0.209539550,-0.296849748,-0.088558484,0.1115483,-1.1169751,1.3894998
seq-06/frame-000939,1,0.02323802,0.984234,1061,802,691,0.78,77.64,41.82,18.47,138.72,0.928168341,-0.211360536,-0.294601149,-0.083907199,0.0923147,-1.1235457,1.3865997
seq-06/frame-000940,1,0.02353633,0.891397,972,723,606,0.78,74.32,55.78,11.60,142.47,0.927519242,-0.213900634,-0.295864267,-0.080118106,0.0724511,-1.1317123,1.3904410
seq-06/frame-000941,1,0.02238566,0.890401,1040,759,643,0.76,67.85,73.76,11.41,153.79,0.927346089,-0.212747081,-0.298633141,-0.074740598,0.0623080,-1.1277185,1.3979610
seq-06/frame-000942,1,0.01500556,0.681698,1138,859,717,0.75,68.97,65.17,14.21,149.12,0.928557717,-0.209388950,-0.298250895,-0.070592052,0.0499961,-1.1186929,1.4023568
seq-06/frame-000943,1,0.02477552,0.958728,1365,1002,832,0.79,94.49,67.38,14.39,177.05,0.930223945,-0.208908032,-0.294410917,-0.066053449,0.0323129,-1.1262370,1.4084729
seq-06/frame-000944,1,0.01643937,0.782775,1365,1002,832,0.79,101.80,73.32,14.93,190.85,0.930223945,-0.208908032,-0.294410917,-0.066053449,0.0323129,-1.1262370,1.4084729
seq-06/frame-000945,1,0.01762837,0.675343,1448,1058,911,0.79,89.69,69.07,15.01,174.57,0.931806699,-0.206494521,-0.291626113,-0.063643529,0.0200587,-1.1284123,1.4094618
seq-06/frame-000946,1,0.02129790,0.818290,1231,983,841,0.77,75.80,48.50,8.40,133.47,0.933072374,-0.206469127,-0.288671964,-0.058437508,0.0069789,-1.1339465,1.4098692
seq-06/frame-000947,1,0.02183530,0.722544,1387,1126,976,0.80,99.07,60.97,22.69,183.53,0.934256041,-0.205245449,-0.286640621,-0.053638698,-0.0065285,-1.1388977,1.4010814
seq-06/frame-000948,1,0.02201656,0.751417,1870,1457,1271,0.84,98.15,84.18,13.80,196.98,0.934310737,-0.204141968,-0.287164926,-0.054090738,-0.0207788,-1.1388655,1.4047703
seq-06/frame-000949,1,0.02390873,0.723356,1799,1405,1198,0.88,90.98,91.26,12.12,195.25,0.934673617,-0.203226396,-0.286241874,-0.056123541,-0.0320118,-1.1410418,1.4055299
seq-06/frame-000950,1,0.02250685,0.700671,1681,1242,1054,0.83,80.05,71.67,17.67,170.22,0.935077110,-0.201153803,-0.285983959,-0.058147415,-0.0460371,-1.1359139,1.4141060
seq-06/frame-000951,1,0.01912398,0.532380,1673,1249,1056,0.84,80.49,80.12,13.04,174.50,0.937001770,-0.198482575,-0.281073964,-0.060247637,-0.0595356,-1.1357596,1.4072568
seq-06/frame-000952,1,0.02315247,0.621483,1752,1330,1114,0.84,78.25,69.79,26.58,175.46,0.937967295,-0.198899625,-0.277469641,-0.060554854,-0.0688560,-1.1387692,1.4072697
seq-06/frame-000953,1,0.02289868,0.610672,1752,1330,1114,0.83,78.91,72.00,16.57,168.31,0.937967295,-0.198899625,-0.277469641,-0.060554854,-0.0688560,-1.1387692,1.4072697
seq-06/frame-000954,1,0.02281179,0.549066,1761,1276,1082,0.84,91.48,78.20,23.58,194.10,0.938868786,-0.197076902,-0.275142848,-0.063107139,-0.0817061,-1.1409037,1.4068642
seq-06/frame-000955,1,0.02383808,0.562467,1713,1221,1060,0.82,81.36,85.48,21.30,188.96,0.939867320,-0.195007630,-0.273163170,-0.063271850,-0.0905645,-1.1404763,1.4093702
seq-06/frame-000956,1,0.02554200,0.568116,1777,1304,1101,0.86,83.03,88.04,15.85,187.78,0.941227304,-0.193781354,-0.269390149,-0.062999183,-0.0987940,-1.1406851,1.4023643
seq-06/frame-000957,1,0.02433514,0.329126,1593,1241,1025,0.81,82.67,70.34,13.79,167.61,0.942509111,-0.190671815,-0.266315084,-0.066310717,-0.1067434,-1.1396982,1.3951024
seq-06/frame-000958,1,0.02644640,0.494437,1655,1246,1044,0.83,92.74,69.32,14.59,177.49,0.942910275,-0.190106031,-0.264489690,-0.069463037,-0.1133883,-1.1477710,1.3938482
seq-06/frame-000959,1,0.02929917,0.806927,1655,1246,1044,0.82,88.78,69.98,17.89,177.47,0.942910275,-0.190106031,-0.264489690,-0.069463037,-0.1133883,-1.1477710,1.3938482
seq-06/frame-000960,1,0.02314764,0.397182,1477,1079,905,0.82,96.17,73.33,16.60,186.92,0.943833460,-0.186665616,-0.263717097,-0.069192783,-0.1179583,-1.1437814,1.3951775
seq-06/frame-000961,1,0.02216317,0.296880,1295,901,733,0.79,73.42,52.27,11.62,138.10,0.946514875,-0.180984451,-0.257639189,-0.070542669,-0.1242834,-1.1412624,1.3776945
seq-06/frame-000962,1,0.02665220,0.484425,1403,987,833,0.79,64.58,57.25,13.34,135.96,0.947300155,-0.181326313,-0.254004252,-0.072284330,-0.1269629,-1.1523522,1.3770677
seq-06/frame-000963,1,0.02397263,0.241595,1234,888,734,0.79,65.81,64.20,9.80,140.60,0.949306764,-0.175926670,-0.250160953,-0.072704695,-0.1277458,-1.1439666,1.3662737
seq-06/frame-000964,1,0.01731947,0.236520,847,646,501,0.74,64.72,42.26,12.88,120.60,0.951831114,-0.169135687,-0.245259218,-0.072515964,-0.1317672,-1.1304330,1.3621543
seq-06/frame-000965,1,0.01706768,0.240061,847,646,501,0.74,64.14,39.03,12.66,116.58,0.951831114,-0.169135687,-0.245259218,-0.072515964,-0.1317672,-1.1304330,1.3621543
seq-06/frame-000966,1,0.03564327,0.754326,804,565,479,0.74,58.68,39.26,17.81,116.49,0.954963970,-0.164134356,-0.234894593,-0.076995192,-0.1302066,-1.1506059,1.3332154
seq-06/frame-000967,1,0.03529809,0.417026,1034,732,635,0.76,62.81,44.67,10.61,118.86,0.956993963,-0.162047078,-0.228842468,-0.074393709,-0.1256636,-1.1464388,1.3259740
seq-06/frame-000968,1,0.03352771,0.405370,1400,1026,897,0.81,84.75,68.24,18.51,172.31,0.958278246,-0.163252192,-0.223416146,-0.071671127,-0.1268491,-1.1515376,1.3232107
seq-06/frame-000969,1,0.03253447,0.490216,1306,1006,870,0.80,68.49,62.78,23.01,155.08,0.959642581,-0.163930843,-0.218465612,-0.066974417,-0.1281009,-1.1527433,1.3134514
seq-06/frame-000970,1,0.04619372,0.945813,940,668,578,0.76,56.70,49.86,12.03,119.35,0.962458029,-0.155816337,-0.212159476,-0.066213048,-0.1238199,-1.1376218,1.2858760
seq-06/frame-000971,1,0.03444154,0.727650,940,668,578,0.76,61.09,45.02,12.05,118.92,0.962458029,-0.155816337,-0.212159476,-0.066213048,-0.1238199,-1.1376218,1.2858760
seq-06/frame-000972,1,0.03297829,0.634432,905,622,532,0.75,62.29,39.01,14.06,116.11,0.963914997,-0.155871475,-0.206583583,-0.062411423,-0.1168892,-1.1423309,1.2828811
seq-06/frame-000973,1,0.03646661,0.549927,885,663,582,0.74,58.25,43.05,23.11,125.16,0.966686350,-0.152527316,-0.197434241,-0.057206986,-0.1153746,-1.1410276,1.2571294
seq-06/frame-000974,1,0.03346767,0.912755,747,516,447,0.74,50.65,30.58,13.32,95.30,0.968793035,-0.146300425,-0.192077412,-0.056058093,-0.1054771,-1.1289083,1.2449999
seq-06/frame-000975,1,0.05268582,1.261572,788,574,493,0.75,55.05,33.52,14.88,104.20,0.970763143,-0.144219056,-0.183724810,-0.055362255,-0.1011816,-1.1280582,1.2220309
seq-06/frame-000976,1,0.03871910,0.950938,788,574,493,0.71,58.35,28.33,12.27,99.66,0.970763143,-0.144219056,-0.183724810,-0.055362255,-0.1011816,-1.1280582,1.2220309
seq-06/frame-000977,1,0.04052050,0.624688,976,718,645,0.75,66.27,42.74,10.32,120.09,0.971333826,-0.147572979,-0.178174700,-0.054649712,-0.0931380,-1.1353678,1.2108966
seq-06/frame-000978,1,0.03629552,0.508604,1179,859,745,0.76,79.87,46.97,14.42,142.02,0.972238557,-0.148443335,-0.172494615,-0.054427688,-0.0931083,-1.1327212,1.1935803
seq-06/frame-000979,1,0.04138916,0.653223,1127,841,743,0.78,71.06,56.34,14.76,142.93,0.973014044,-0.146981707,-0.168900091,-0.055792533,-0.0830147,-1.1276021,1.1741930
seq-06/frame-000980,1,0.04058681,0.661888,1127,841,743,0.79,72.83,51.39,14.09,139.10,0.973014044,-0.146981707,-0.168900091,-0.055792533,-0.0830147,-1.1276021,1.1741930
seq-06/frame-000981,1,0.04298792,0.614343,1118,771,686,0.80,77.70,52.17,12.59,143.25,0.973938674,-0.145682392,-0.164207263,-0.057062028,-0.0736182,-1.1246526,1.1557411
seq-06/frame-000982,1,0.04313369,0.575168,1149,794,693,0.81,70.62,46.55,20.06,138.04,0.974810819,-0.144547798,-0.159944512,-0.057162527,-0.0622946,-1.1192087,1.1454635
seq-06/frame-000983,1,0.03790715,0.970545,1375,892,759,0.81,87.55,68.74,20.30,177.39,0.977393241,-0.138436756,-0.148950664,-0.057891414,-0.0698004,-1.1026434,1.1183215
seq-06/frame-000984,1,0.03810755,0.977367,1375,892,759,0.75,73.71,57.31,19.44,151.22,0.977393241,-0.138436756,-0.148950664,-0.057891414,-0.0698004,-1.1026434,1.1183215
seq-06/frame-000985,1,0.04489096,0.399726,1483,975,827,0.82,72.00,68.79,10.42,152.04,0.976385834,-0.144924810,-0.149073105,-0.058691659,-0.0509184,-1.1266626,1.1070028
seq-06/frame-000986,1,0.03577524,0.567730,1543,971,821,0.84,70.97,71.22,24.08,167.12,0.977457606,-0.140847329,-0.145573060,-0.059557893,-0.0461435,-1.1134573,1.0932463
seq-06/frame-000987,1,0.03863227,0.491854,1536,1017,887,0.85,76.58,73.24,18.59,169.28,0.978012619,-0.140331550,-0.143130931,-0.057549185,-0.0344516,-1.1152734,1.0799915
seq-06/frame-000988,1,0.03953492,0.496084,1536,1017,887,0.85,77.70,68.97,18.94,166.46,0.978012619,-0.140331550,-0.143130931,-0.057549185,-0.0344516,-1.1152734,1.0799915
seq-06/frame-000989,1,0.03703591,0.267581,1513,954,835,0.83,79.83,68.32,16.78,165.75,0.978715446,-0.139992762,-0.138574345,-0.057578232,-0.0290139,-1.1229127,1.0580180
seq-06/frame-000990,1,0.03701022,0.541280,1359,901,806,0.80,68.26,56.38,12.35,137.78,0.979126886,-0.137888769,-0.137472493,-0.058297025,-0.0185297,-1.1171464,1.0454443
seq-06/frame-000991,1,0.03481737,1.531955,1201,869,720,0.81,61.40,53.33,11.77,127.31,0.981650453,-0.130248423,-0.125091550,-0.061235943,-0.0457147,-1.0911766,1.0252853
seq-06/frame-000992,1,0.03468960,1.532696,1201,869,720,0.79,74.37,58.27,14.99,148.43,0.981650453,-0.130248423,-0.125091550,-0.061235943,-0.0457147,-1.0911766,1.0252853
seq-06/frame-000993,1,0.02904322,0.363705,1302,889,771,0.80,74.17,53.15,32.70,160.81,0.979730230,-0.137020540,-0.132773295,-0.061035238,-0.0028191,-1.1195565,1.0180237
seq-06/frame-000994,1,0.03211437,0.325666,1334,911,793,0.78,76.15,55.90,27.62,160.46,0.979621259,-0.138296714,-0.132182605,-0.061187962,0.0081015,-1.1230270,1.0023714
seq-06/frame-000995,1,0.03276737,0.282606,1149,772,665,0.75,61.71,55.89,13.52,131.87,0.979414296,-0.141299703,-0.130616844,-0.061002227,0.0090860,-1.1258476,0.9845340
seq-06/frame-000996,1,0.03288405,0.285499,1149,772,665,0.70,72.26,64.89,16.14,153.99,0.979414296,-0.141299703,-0.130616844,-0.061002227,0.0090860,-1.1258476,0.9845340
seq-06/frame-000997,1,0.03759942,0.497995,1215,852,730,0.76,67.42,64.57,30.53,163.28,0.979307371,-0.142695583,-0.130446935,-0.059821745,0.0134417,-1.1224825,0.9651052
seq-06/frame-000998,1,0.03248571,0.302778,1181,872,748,0.75,77.18,61.79,11.01,150.74,0.978376144,-0.145896612,-0.134868791,-0.057486592,0.0278491,-1.1210433,0.9594903
seq-06/frame-000999,1,0.02456659,0.257396,1379,1031,898,0.77,90.63,57.55,14.85,163.80,0.977598568,-0.148255264,-0.138168630,-0.056840539,0.0478881,-1.1185370,0.9571691
seq-07/frame-000000,1,0.02736462,0.686837,2085,1547,1401,1.02,90.05,87.86,17.67,196.60,0.895545691,-0.034748825,0.439728622,0.058559149,-1.0890923,-0.8353184,0.5863211
seq-07/frame-000001,1,0.02346802,0.662548,2281,1713,1548,1.28,94.36,110.37,17.79,223.81,0.895413451,-0.035862778,0.439934919,0.058359917,-1.0826581,-0.8343161,0.5994469
seq-07/frame-000002,1,0.02082870,0.575650,2319,1677,1531,0.94,91.57,97.11,12.71,202.34,0.895762526,-0.036178481,0.439029119,0.059615831,-1.0741787,-0.8323516,0.5997216
seq-07/frame-000003,1,0.03309818,0.658777,2215,1669,1525,0.90,108.11,110.79,9.45,229.26,0.897012158,-0.036919094,0.435985609,0.062631599,-1.0593117,-0.8336060,0.5871489
seq-07/frame-000004,1,0.03304733,0.651511,2242,1676,1539,0.91,102.80,105.66,14.82,224.19,0.897196903,-0.038194300,0.435283966,0.064084177,-1.0534349,-0.8324397,0.5893351
seq-07/frame-000005,1,0.02720388,0.681817,2261,1716,1573,1.32,109.88,114.81,17.60,243.62,0.895216084,-0.042746499,0.438440174,0.067313552,-1.0528516,-0.8392998,0.6113398
seq-07/frame-000006,1,0.03445549,0.841501,2234,1665,1515,0.93,85.17,110.28,31.35,227.74,0.893649890,-0.041232481,0.441829324,0.066907441,-1.0615428,-0.8370018,0.6350352
seq-07/frame-000007,1,0.03335529,0.725368,2272,1709,1566,0.91,96.41,120.97,16.04,234.33,0.896314771,-0.041459993,0.435896364,0.069966139,-1.0336517,-0.8399694,0.6061164
seq-07/frame-000008,1,0.03022780,0.624969,2010,1546,1424,0.88,91.52,97.88,13.16,203.45,0.895570932,-0.043043673,0.437413276,0.069062098,-1.0139459,-0.8358527,0.6316325
seq-07/frame-000009,1,0.03684563,0.808907,2290,1727,1576,0.93,89.80,126.92,19.88,237.54,0.896282429,-0.042889709,0.435658228,0.070994287,-1.0034312,-0.8437767,0.6269866
seq-07/frame-000010,1,0.04818268,1.070398,1177,898,814,0.81,62.39,64.64,19.80,147.65,0.896517891,-0.045540622,0.435912067,0.064516618,-0.9633451,-0.8527141,0.6437915
seq-07/frame-000011,1,0.05128038,1.369371,1019,719,596,0.78,73.47,47.16,12.00,133.42,0.894389898,-0.041673402,0.441351175,0.059490998,-0.9798690,-0.8586118,0.6875826
seq-07/frame-000012,1,0.04421920,0.793937,1908,1460,1334,0.89,80.21,83.95,10.80,175.85,0.897871607,-0.036011548,0.434476034,0.061321465,-0.9551444,-0.8456677,0.6522007
seq-07/frame-000013,1,0.01773335,0.803750,1810,1334,1193,0.84,101.48,96.43,19.05,217.81,0.894416349,-0.043437664,0.441516503,0.056530887,-0.9679432,-0.8444791,0.6836223
seq-07/frame-000014,1,0.02303535,0.767934,1799,1322,1213,0.86,96.05,75.37,19.15,191.43,0.893427770,-0.045009034,0.442899940,0.060005416,-0.9408125,-0.8508744,0.6995415
seq-07/frame-000015,1,0.01632734,0.786194,1525,1100,988,0.86,71.96,85.81,13.29,171.92,0.892015278,-0.043831009,0.445906763,0.059621684,-0.9354367,-0.8491588,0.7056426
seq-07/frame-000016,1,0.02419977,0.946473,960,699,604,0.80,60.50,61.63,6.34,129.26,0.886271188,-0.048306251,0.456468131,0.061860586,-0.9305937,-0.8549384,0.7259210
seq-07/frame-000017,1,0.01836556,0.882162,996,679,579,0.82,67.05,43.31,9.74,120.92,0.883720069,-0.050304067,0.461006629,0.063096976,-0.9017419,-0.8598159,0.7386423
seq-07/frame-000018,1,0.03761203,0.875505,964,691,597,1.08,83.32,41.86,7.35,133.62,0.882118444,-0.049329797,0.463904349,0.065010583,-0.8637292,-0.8744126,0.7480802
seq-07/frame-000019,1,0.02544858,0.653094,1320,946,846,0.82,70.71,76.66,14.10,162.28,0.879656765,-0.043168321,0.468905888,0.066841153,-0.8622691,-0.8657596,0.7582220
seq-07/frame-000020,1,0.03012064,0.786732,1363,973,858,0.83,64.89,63.47,10.03,139.22,0.874501242,-0.043910083,0.477516271,0.072785249,-0.8448470,-0.8730944,0.7849769
seq-07/frame-000021,1,0.02714364,0.662382,1317,930,833,0.82,64.71,61.53,6.89,133.95,0.873140339,-0.042553983,0.479981879,0.073705519,-0.8158801,-0.8716991,0.7968703
seq-07/frame-000022,1,0.03837574,0.812210,1770,1366,1249,0.88,79.59,83.14,9.27,172.88,0.872694078,-0.042647214,0.480424538,0.076016608,-0.7910977,-0.8791584,0.7982163
seq-07/frame-000023,1,0.04180886,0.857502,1246,926,844,0.82,74.23,61.13,10.65,146.83,0.872412978,-0.043388850,0.481133763,0.074318951,-0.7520076,-0.8705982,0.8068553
seq-07/frame-000024,1,0.03068510,0.729106,1476,1133,1022,0.83,86.08,73.03,16.07,176.02,0.869067754,-0.043854920,0.487053629,0.074677630,-0.7485791,-0.8831539,0.8451690
seq-07/frame-000025,1,0.03183050,0.687072,1740,1349,1202,1.43,84.58,72.60,21.94,180.55,0.870238867,-0.041468843,0.485058289,0.075386381,-0.7295591,-0.8753381,0.8462135
seq-07/frame-000026,1,0.03207206,0.589175,1645,1323,1190,0.86,93.54,80.23,20.09,194.74,0.871748021,-0.044199999,0.481756573,0.077539357,-0.6968569,-0.8798066,0.8631789
seq-07/frame-000027,1,0.03314642,0.625226,1737,1405,1246,0.87,79.66,75.11,12.27,167.92,0.872243350,-0.043782436,0.480367383,0.080757752,-0.6812951,-0.8828326,0.8738097
seq-07/frame-000028,1,0.03426541,0.725463,1915,1498,1359,0.87,92.06,76.32,12.09,181.34,0.872830062,-0.045842156,0.478768093,0.082748371,-0.6688942,-0.8902488,0.8806987
seq-07/frame-000029,1,0.03451419,0.731651,1966,1508,1342,0.85,95.61,94.11,21.84,212.42,0.874328714,-0.048895606,0.475538892,0.083793095,-0.6349176,-0.8901879,0.8941518
seq-07/frame-000030,1,0.04189465,0.874841,1707,1329,1202,0.86,73.93,79.51,15.92,170.23,0.875787985,-0.051945347,0.472736432,0.082567256,-0.6121594,-0.8949308,0.9008406
seq-07/frame-000031,1,0.03166994,0.655615,1884,1448,1290,0.90,81.90,89.93,17.49,190.21,0.875661200,-0.053197271,0.473167287,0.080624010,-0.6049159,-0.8983838,0.9194354
seq-07/frame-000032,1,0.03138056,0.638009,1927,1511,1349,0.89,87.48,99.49,14.12,201.98,0.876592102,-0.054213697,0.471343755,0.080512274,-0.5885039,-0.8974466,0.9216390
seq-07/frame-000033,1,0.02449150,0.512286,1183,914,806,0.81,63.32,54.04,8.89,127.06,0.878973099,-0.053188865,0.467828028,0.075592144,-0.5543345,-0.8898363,0.9432768
seq-07/frame-000034,1,0.02097220,0.481326,1194,960,856,0.79,69.42,79.52,16.41,166.15,0.880626384,-0.051297764,0.465351388,0.072895791,-0.5412191,-0.8931831,0.9486061
seq-07/frame-000035,1,0.01981410,0.400089,1843,1412,1290,0.87,97.66,129.73,22.10,250.37,0.881700301,-0.050603785,0.463332054,0.073261471,-0.5271887,-0.8968766,0.9561137
seq-07/frame-000036,1,0.01862464,0.402107,1455,1191,1075,0.83,83.06,82.98,15.83,182.71,0.882624837,-0.057881271,0.460766051,0.072923255,-0.4945032,-0.9033137,0.9623183
seq-07/frame-000037,1,0.02629431,0.644742,982,754,663,0.99,71.29,50.35,28.04,150.67,0.881926047,-0.058885750,0.462346481,0.070531190,-0.4755891,-0.9087850,0.9851147
seq-07/frame-000038,1,0.02246102,0.493250,1139,889,798,0.80,79.88,67.62,24.10,172.40,0.883817546,-0.054455950,0.459772460,0.067159366,-0.4563916,-0.9065486,0.9860705
seq-07/frame-000039,1,0.01903428,0.459327,1433,1153,1070,0.85,82.28,103.94,16.86,203.93,0.884136157,-0.055336197,0.459471651,0.064241435,-0.4433527,-0.9083476,0.9830674
seq-07/frame-000040,1,0.02561623,0.651701,860,671,578,0.78,55.62,53.40,11.61,121.41,0.884248102,-0.054122679,0.459391476,0.064307859,-0.4018946,-0.9154652,0.9960738
seq-07/frame-000041,1,0.03046165,0.768210,854,680,612,0.91,68.14,64.58,21.38,155.01,0.883564317,-0.050217821,0.461499647,0.061727985,-0.3885920,-0.9168170,1.0090672
seq-07/frame-000042,1,0.02538764,0.625429,1319,1072,1005,0.82,84.73,106.86,14.17,206.59,0.884104784,-0.046134785,0.460761791,0.062680814,-0.3740344,-0.9142817,0.9992601
seq-07/frame-000043,1,0.01901545,0.265536,925,756,672,0.77,88.72,60.76,17.58,167.83,0.885232280,-0.045967796,0.458558621,0.063045728,-0.3580521,-0.9052330,0.9834752
seq-07/frame-000044,1,0.02386901,0.591885,983,791,729,0.90,99.74,50.00,8.41,159.05,0.881797074,-0.050894484,0.463906665,0.068075530,-0.3449903,-0.9179686,1.0053346
seq-07/frame-000045,1,0.02464718,0.670612,1015,841,783,2.49,97.17,50.18,8.19,158.03,0.879797489,-0.044875881,0.467799115,0.071459928,-0.3060771,-0.9209262,1.0131477
seq-07/frame-000046,1,0.02160732,0.563892,1021,857,784,1.35,99.65,58.61,12.52,172.13,0.879092350,-0.043672180,0.469141080,0.072083477,-0.2906172,-0.9181154,1.0112552
seq-07/frame-000047,1,0.02059812,0.621834,1118,942,863,1.37,91.18,56.21,13.15,161.91,0.878598930,-0.042927365,0.470159516,0.071910989,-0.2735137,-0.9152738,1.0180055
seq-07/frame-000048,1,0.03128404,0.866818,852,675,600,0.83,88.67,41.80,8.56,139.99,0.878533176,-0.040537356,0.470452438,0.072185073,-0.2633121,-0.9210034,1.0291002
seq-07/frame-000049,1,0.03265910,0.763580,609,442,369,1.50,61.06,33.81,13.45,109.82,0.877575815,-0.039277336,0.472508376,0.071090183,-0.2549119,-0.9086178,1.0312968
seq-07/frame-000050,1,0.01416461,0.357405,937,764,680,3.73,72.49,60.23,11.94,148.39,0.878394393,-0.044872432,0.468929973,0.080712048,-0.2139802,-0.9059095,1.0179773
seq-07/frame-000051,1,0.02490725,0.760651,916,794,739,1.34,66.88,55.99,10.02,134.22,0.876132114,-0.049334419,0.472380430,0.082555211,-0.1984264,-0.9205551,1.0402391
seq-07/frame-000052,1,0.02571991,0.747129,1020,893,823,0.80,77.79,68.40,8.52,155.52,0.876309851,-0.047876361,0.472431196,0.081226005,-0.1798658,-0.9238544,1.0425910
seq-07/frame-000053,1,0.02503711,0.721115,835,716,644,0.77,74.77,50.88,16.78,143.20,0.874041379,-0.049436148,0.476877943,0.078709351,-0.1560346,-0.9242171,1.0549574
seq-07/frame-000054,1,0.02758688,0.751529,717,633,577,0.80,79.15,49.53,10.49,139.98,0.873531372,-0.046164662,0.478167256,0.078535605,-0.1384484,-0.9266554,1.0606360
seq-07/frame-000055,1,0.02700575,0.759854,1044,890,805,0.80,83.96,64.10,14.16,163.03,0.873861064,-0.044396676,0.477617790,0.079227668,-0.1146049,-0.9283080,1.0589844
seq-07/frame-000056,1,0.02287662,0.560021,862,687,628,0.85,76.12,55.87,10.57,143.42,0.872636502,-0.046434197,0.480242221,0.075609587,-0.1078105,-0.9217245,1.0663992
seq-07/frame-000057,1,0.02553958,0.717803,1052,869,793,0.83,90.07,74.85,7.77,173.52,0.870581065,-0.050641377,0.483194973,0.077760392,-0.0685657,-0.9322119,1.0822098
seq-07/frame-000058,1,0.02434314,0.692298,1111,935,850,1.10,103.05,61.86,10.80,176.82,0.870429395,-0.050859745,0.483527102,0.077249570,-0.0492217,-0.9313276,1.0863126
seq-07/frame-000059,1,0.02503779,0.685907,1059,873,795,2.06,90.63,61.75,9.74,164.18,0.869497028,-0.051355430,0.485187275,0.077011991,-0.0375678,-0.9336285,1.0949367
seq-07/frame-000060,1,0.02810579,0.809481,1025,849,786,0.79,84.15,55.95,13.89,154.78,0.869025098,-0.051464216,0.485943406,0.077497220,-0.0166760,-0.9392337,1.1035586
seq-07/frame-000061,1,0.02252838,0.633255,1036,864,788,1.07,74.26,57.45,7.22,140.00,0.869049247,-0.049304763,0.486174044,0.077183189,-0.0027376,-0.9355411,1.1100718
seq-07/frame-000062,1,0.02706381,0.741236,1023,842,757,0.83,75.22,45.90,12.85,134.80,0.868960420,-0.047656257,0.485811299,0.081388279,0.0123517,-0.9407833,1.1203291
seq-07/frame-000063,1,0.02962519,0.907799,1187,957,860,0.82,67.85,54.99,7.96,131.62,0.870542549,-0.049225144,0.482047537,0.085806344,0.0469035,-0.9466547,1.1246222
seq-07/frame-000064,1,0.02484434,0.748909,929,759,690,0.77,79.02,47.47,13.73,140.99,0.869958814,-0.049332954,0.482895951,0.086887407,0.0647935,-0.9531115,1.1346877
seq-07/frame-000065,1,0.01895041,0.643507,1006,862,786,0.78,82.29,44.95,9.41,137.42,0.870218019,-0.046568146,0.482567496,0.087639138,0.0832249,-0.9535659,1.1321162
seq-07/frame-000066,1,0.01798366,0.590071,693,578,519,0.79,59.73,31.80,17.72,110.05,0.868164716,-0.047993686,0.486457929,0.085704811,0.0915763,-0.9569292,1.1402478
seq-07/frame-000067,1,0.01851557,0.516762,984,799,717,0.81,65.49,46.68,9.37,122.36,0.865606212,-0.049425964,0.490888260,0.085508336,0.1006011,-0.9598735,1.1431535
seq-07/frame-000068,1,0.02448915,0.608045,997,801,729,0.79,74.41,43.79,12.10,131.11,0.865335300,-0.054968784,0.490798936,0.085379481,0.1322287,-0.9745694,1.1557114
seq-07/frame-000069,1,0.01396682,0.403527,1250,964,859,1.16,75.66,56.75,10.40,143.98,0.866533413,-0.054887676,0.489190198,0.082462940,0.1523234,-0.9720320,1.1526577
seq-07/frame-000070,1,0.01550069,0.399128,1252,948,861,0.79,73.27,56.07,20.17,150.31,0.866906994,-0.059218374,0.488526382,0.079419278,0.1526036,-0.9853564,1.1598518
seq-07/frame-000071,1,0.01905972,0.462941,1091,880,789,1.10,73.07,46.79,13.20,134.16,0.866844197,-0.063212101,0.488378346,0.077922777,0.1550322,-0.9897839,1.1656950
seq-07/frame-000072,1,0.01716089,0.400023,1235,1007,909,0.84,79.20,67.92,15.51,163.48,0.866778342,-0.067014464,0.487825835,0.078932386,0.1638385,-0.9944697,1.1686035
seq-07/frame-000073,1,0.01584728,0.426191,1025,797,723,1.27,69.20,54.00,13.17,137.69,0.867645135,-0.069445719,0.486077696,0.078087678,0.1844318,-1.0028630,1.1669546
seq-07/frame-000074,1,0.02078478,0.468432,918,707,647,0.76,61.98,65.48,9.97,138.19,0.869702169,-0.068438421,0.483132549,0.074278258,0.2082791,-1.0037468,1.1630979
seq-07/frame-000075,1,0.01193081,0.300261,855,711,651,0.77,60.07,57.06,14.02,131.92,0.869522399,-0.068218772,0.484162886,0.069737339,0.2019344,-1.0125493,1.1678209
seq-07/frame-000076,1,0.01411674,0.385382,870,681,614,0.76,79.01,57.52,8.34,145.63,0.870296760,-0.066981139,0.483228903,0.067726684,0.2122611,-1.0193308,1.1685161
seq-07/frame-000077,1,0.01409030,0.576591,573,430,372,0.74,64.64,33.15,10.18,108.72,0.871961858,-0.064764664,0.481795080,0.057978933,0.2321305,-1.0301615,1.1695227
seq-07/frame-000078,1,0.01766553,0.699100,748,590,533,0.75,75.09,45.81,11.13,132.79,0.871911460,-0.059594477,0.482965304,0.054437302,0.2301631,-1.0310512,1.1678938
seq-07/frame-000079,1,0.01146704,0.499649,926,802,748,0.86,80.76,46.77,17.44,145.83,0.874696141,-0.057635523,0.478283417,0.053195678,0.2424104,-1.0316885,1.1508103
seq-07/frame-000080,1,0.01189274,0.448669,807,713,664,0.75,92.47,42.04,6.55,141.81,0.875685684,-0.058025464,0.476701129,0.050632618,0.2527879,-1.0347913,1.1411751
seq-07/frame-000081,1,0.01777326,0.380662,762,656,621,0.76,77.43,32.39,15.02,125.60,0.875857297,-0.058806715,0.476578700,0.047838359,0.2553325,-1.0391045,1.1256677
seq-07/frame-000082,1,0.01448335,0.568039,672,515,466,0.75,64.58,39.67,9.61,114.61,0.876197079,-0.058484045,0.476194817,0.045790738,0.2734598,-1.0453623,1.1274646
seq-07/frame-000083,1,0.02160791,0.617403,919,809,749,0.76,73.85,45.52,15.59,135.72,0.877620137,-0.055955851,0.474221228,0.042024571,0.2642186,-1.0498466,1.1119443
seq-07/frame-000084,1,0.02941399,0.826679,874,778,732,0.77,72.26,47.64,8.80,129.48,0.877489550,-0.057056827,0.474609604,0.038759917,0.2623482,-1.0516739,1.1035804
seq-07/frame-000085,1,0.02467671,0.593902,949,845,790,0.79,65.07,46.08,14.97,126.90,0.879193877,-0.057529550,0.471372102,0.038946360,0.2750096,-1.0512092,1.0836188
seq-07/frame-000086,1,0.02311596,0.625416,947,837,805,0.78,63.52,55.47,13.31,133.08,0.880388946,-0.058757388,0.469093551,0.037604694,0.2828892,-1.0531664,1.0736881
seq-07/frame-000087,1,0.02481133,0.902304,764,662,639,0.75,70.07,47.08,17.58,135.48,0.882795952,-0.063401475,0.464393389,0.031469671,0.2937689,-1.0489701,1.0429576
seq-07/frame-000088,1,0.01206868,0.413880,631,539,496,0.74,68.82,34.39,7.99,111.95,0.883839971,-0.064382955,0.462592788,0.026261254,0.3079116,-1.0419022,1.0233480
seq-07/frame-000089,1,0.02502637,0.450382,658,558,531,0.75,55.03,35.53,11.46,102.77,0.882677067,-0.066478522,0.464670071,0.023313643,0.3035847,-1.0480950,1.0055320
seq-07/frame-000090,1,0.03248055,0.673308,834,743,696,0.77,61.77,45.36,13.52,121.43,0.881277941,-0.065543961,0.467209360,0.027723532,0.3023835,-1.0528224,0.9997875
seq-07/frame-000091,1,0.02391139,0.599553,644,528,499,0.75,61.12,32.16,8.24,102.27,0.884161255,-0.062456277,0.461530628,0.036709225,0.3228999,-1.0518393,0.9878500
seq-07/frame-000092,1,0.02961302,0.716443,796,675,634,0.77,71.90,40.58,12.29,125.55,0.887168877,-0.061864225,0.455494426,0.040361233,0.3248376,-1.0517848,0.9730484
seq-07/frame-000093,1,0.02020504,0.475562,700,588,548,0.75,55.52,35.32,6.02,97.61,0.889440195,-0.063039525,0.451311021,0.035221016,0.3300680,-1.0391315,0.9509739
seq-07/frame-000094,1,0.02585014,0.455049,452,353,322,0.75,49.42,18.29,9.53,77.98,0.888703640,-0.066685711,0.452474402,0.032027664,0.3420369,-1.0456764,0.9325087
seq-07/frame-000095,1,0.02130924,0.395688,764,678,642,0.75,57.39,44.11,8.03,110.29,0.887141357,-0.064526662,0.455865078,0.031678917,0.3456570,-1.0390138,0.9217509
seq-07/frame-000096,1,0.02606772,0.652599,933,827,773,1.18,77.61,45.84,7.07,131.70,0.886511567,-0.062688690,0.456877618,0.037818154,0.3467790,-1.0404956,0.9187504
seq-07/frame-000097,1,0.02229511,0.651920,960,844,782,1.25,70.48,42.16,16.88,130.78,0.887518992,-0.059721033,0.454844779,0.043123833,0.3560284,-1.0361980,0.9088457
seq-07/frame-000098,1,0.02053552,0.637574,951,793,737,0.78,63.57,48.07,7.40,119.83,0.889243995,-0.056529883,0.451387793,0.047943187,0.3737009,-1.0378495,0.8948548
seq-07/frame-000099,1,0.02364217,0.681133,870,756,704,0.76,68.10,43.38,17.51,129.75,0.890364959,-0.054494545,0.449332206,0.048797061,0.3800078,-1.0397114,0.8826871
seq-07/frame-000100,1,0.03118905,0.464553,608,548,507,0.73,50.65,27.26,6.30,84.94,0.890666268,-0.049762633,0.449669999,0.045101782,0.3976797,-1.0382956,0.8527912
seq-07/frame-000101,1,0.03438549,0.607981,757,634,590,0.74,60.22,30.18,12.27,103.41,0.890377016,-0.046989469,0.450256338,0.047853829,0.4030961,-1.0427637,0.8506581
seq-07/frame-000102,1,0.03415385,1.067880,749,648,607,0.76,68.91,46.96,17.83,134.45,0.893207105,-0.043394800,0.444750991,0.049945119,0.4263666,-1.0400772,0.8405823
seq-07/frame-000103,1,0.03670158,1.002125,699,631,560,0.73,62.75,33.70,12.00,109.18,0.896052340,-0.039277522,0.439254851,0.051016241,0.4509727,-1.0343000,0.8340444
seq-07/frame-000104,1,0.04171135,1.176964,787,648,601,0.75,62.19,31.10,13.36,107.41,0.896868976,-0.038926870,0.438156763,0.046145303,0.4393750,-1.0453559,0.8210479
seq-07/frame-000105,1,0.03683515,0.984404,766,645,598,0.74,69.78,46.45,16.87,133.85,0.898612419,-0.036145404,0.435272743,0.041555619,0.4626967,-1.0317784,0.8150278
seq-07/frame-000106,1,0.04484573,1.124323,858,725,668,0.77,50.20,33.28,9.52,93.76,0.897968458,-0.039120675,0.436648531,0.038213620,0.4540747,-1.0413348,0.8046217
seq-07/frame-000107,1,0.04449766,1.241275,845,702,640,0.75,73.00,50.44,9.77,133.96,0.899079677,-0.040500910,0.434065902,0.040027539,0.4768488,-1.0430304,0.8084746
seq-07/frame-000108,1,0.05838902,1.580114,670,588,537,0.74,69.40,29.44,18.46,118.05,0.900499174,-0.041159325,0.431075156,0.039766290,0.4735871,-1.0554939,0.8065070
seq-07/frame-000109,1,0.05706091,1.548438,672,590,545,0.73,61.83,45.30,12.78,120.65,0.903651392,-0.038929205,0.424639072,0.039753447,0.4859959,-1.0520966,0.8007608
seq-07/frame-000110,1,0.04933133,1.351875,692,597,550,0.73,69.47,38.95,18.73,127.89,0.908093948,-0.036598752,0.415550427,0.036657277,0.5161878,-1.0439407,0.7880543
seq-07/frame-000111,1,0.04435191,1.520743,675,550,508,0.72,51.41,26.16,21.98,100.26,0.910849713,-0.034722282,0.409952239,0.032959436,0.5314398,-1.0384622,0.7795068
seq-07/frame-000112,1,0.05613495,1.739645,673,543,478,0.73,58.24,31.96,9.34,100.27,0.911891346,-0.034878893,0.407683954,0.032115872,0.5242773,-1.0482132,0.7833679
seq-07/frame-000113,1,0.06428510,1.607787,901,692,622,0.77,58.84,42.34,16.79,118.75,0.916581101,-0.037270551,0.396956613,0.030256228,0.5400238,-1.0576898,0.7732716
seq-07/frame-000114,1,0.05875651,1.458480,912,712,665,0.76,74.77,43.46,8.19,127.17,0.918064951,-0.037298654,0.393524266,0.030070047,0.5514456,-1.0525871,0.7682544
seq-07/frame-000115,1,0.04855225,1.272752,619,497,459,0.74,57.35,40.93,11.23,110.26,0.920476722,-0.035943457,0.387795011,0.032337329,0.5782458,-1.0430303,0.7648580
seq-07/frame-000116,1,0.04596852,1.196817,517,426,384,0.72,56.45,26.12,11.53,94.82,0.923358337,-0.030418004,0.381178142,0.034457955,0.5980083,-1.0388026,0.7577623
seq-07/frame-000117,1,0.05917560,1.315989,400,288,260,0.68,56.93,15.25,11.29,84.15,0.926282311,-0.026427070,0.374353393,0.034091441,0.6290469,-1.0378122,0.7602702
seq-07/frame-000118,1,0.05032883,1.082979,384,284,229,0.69,54.52,13.74,15.47,84.43,0.927990512,-0.017233657,0.371394773,0.024546565,0.6340347,-1.0230462,0.7569436
seq-07/frame-000119,1,0.06112844,1.615457,548,423,374,0.72,62.52,26.15,15.25,104.65,0.927097680,-0.016056241,0.373471243,0.027410200,0.6035115,-1.0498897,0.7494187
seq-07/frame-000120,1,0.07056117,1.842879,412,303,276,0.70,46.82,14.85,7.60,69.97,0.929838035,-0.017995820,0.366195415,0.031277745,0.6080561,-1.0567749,0.7386961
seq-07/frame-000121,1,0.05794725,1.555488,610,484,439,0.72,68.50,37.94,10.02,117.18,0.932408358,-0.015769839,0.359942725,0.028411301,0.6137769,-1.0390567,0.7387977
seq-07/frame-000122,1,0.06300293,1.673518,674,495,438,0.71,51.38,36.34,12.92,101.36,0.934232954,-0.016663980,0.355104366,0.028844221,0.6194603,-1.0415255,0.7342096
seq-07/frame-000123,1,0.06163245,1.598519,720,565,506,0.72,67.38,42.37,9.04,119.52,0.936182689,-0.016450884,0.350039587,0.027633844,0.6243374,-1.0374619,0.7271362
seq-07/frame-000124,1,0.04882444,1.329227,470,393,343,0.70,50.31,26.91,8.30,86.22,0.938960401,-0.011197950,0.342666453,0.028419596,0.6537509,-1.0180501,0.7244757
seq-07/frame-000125,1,0.06813541,1.837533,470,369,329,0.69,68.80,40.66,9.80,119.96,0.940145271,-0.009469093,0.339476215,0.028162119,0.6428043,-1.0298185,0.7209240
seq-07/frame-000126,1,0.06495093,1.790834,394,304,266,0.68,49.87,22.77,10.19,83.52,0.942825039,-0.008777292,0.332218536,0.025194220,0.6387790,-1.0178200,0.7115283
seq-07/frame-000127,1,0.07287308,1.943002,380,299,259,1.08,57.68,21.54,7.86,88.16,0.946194381,-0.009952608,0.321874892,0.031838546,0.6580608,-1.0256843,0.6998102
seq-07/frame-000128,1,0.09965133,2.670472,392,278,244,0.67,59.09,25.45,16.29,101.51,0.948740302,-0.014263188,0.313485984,0.037615658,0.6617961,-1.0481931,0.6933828
seq-07/frame-000129,1,0.07066613,1.884029,468,341,309,0.70,58.76,33.23,24.48,117.17,0.951755046,-0.007709393,0.305222676,0.030692283,0.6623150,-1.0090128,0.6889627
seq-07/frame-000130,1,0.07892325,2.101889,411,297,261,0.68,52.35,17.95,6.36,77.36,0.954614688,-0.008764776,0.295991610,0.031983482,0.6747595,-1.0129892,0.6816898
seq-07/frame-000131,1,0.09044004,2.270108,399,312,266,0.69,52.11,20.50,22.54,95.85,0.957275164,-0.011343609,0.288142864,0.021662697,0.6587608,-1.0064470,0.6688112
seq-07/frame-000132,1,0.08641268,2.137537,486,374,329,0.70,74.52,36.00,20.99,132.22,0.960828892,-0.013194056,0.275941810,0.022133108,0.6787074,-1.0046090,0.6510410
seq-07/frame-000133,1,0.06160138,1.615047,482,349,287,0.71,50.43,43.48,20.93,115.55,0.963995737,-0.008948336,0.265131170,0.018374133,0.7019965,-0.9740181,0.6424674
seq-07/frame-000134,1,0.08266784,2.068759,448,320,262,0.69,65.86,37.39,25.78,129.72,0.966687288,-0.013668434,0.254430816,0.024368442,0.7120770,-0.9953959,0.6270265
seq-07/frame-000135,1,0.02777556,0.833692,366,274,221,0.81,69.34,20.82,14.40,105.37,0.970673944,-0.000437195,0.239239332,0.023589097,0.7465470,-0.9382457,0.6079645
seq-07/frame-000136,1,0.04322048,1.127958,488,333,277,0.70,51.86,37.45,17.67,107.68,0.973825178,-0.000666809,0.225659915,0.027233812,0.7593568,-0.9562614,0.5923475
seq-07/frame-000137,1,0.04502432,1.200687,472,322,252,0.70,68.87,36.33,20.52,126.43,0.975675652,0.000113336,0.216920874,0.031659794,0.7644202,-0.9514310,0.5824336
seq-07/frame-000138,1,0.06362774,1.691065,413,275,215,0.69,70.48,37.70,14.16,123.03,0.977437152,-0.002626359,0.207437180,0.039743343,0.7580711,-0.9597410,0.5769318
seq-07/frame-000139,1,0.05428802,1.462513,629,447,361,1.41,67.88,41.86,12.92,124.07,0.980889390,-0.002146241,0.189886975,0.042359599,0.7882092,-0.9605532,0.5599577
seq-07/frame-000140,1,0.02852260,0.693314,1002,730,610,0.76,72.61,72.65,11.94,157.95,0.984052692,0.002060823,0.173847330,0.037591985,0.8414967,-0.9360039,0.5356391
seq-07/frame-000141,1,0.00661148,0.302516,862,662,561,0.74,84.04,57.87,19.77,162.43,0.983481825,0.003340438,0.177269732,0.036438761,0.8275133,-0.9266566,0.5251060
seq-07/frame-000142,1,0.05365944,1.390477,952,710,598,1.11,96.80,44.03,14.24,156.19,0.981635819,-0.005216957,0.187718200,0.033552645,0.7900767,-0.9597551,0.5241571
seq-07/frame-000143,1,0.05442144,1.429374,1322,913,790,0.97,104.35,75.06,20.96,201.34,0.981547597,-0.006629330,0.188346374,0.032342081,0.7941082,-0.9647746,0.5281266
seq-07/frame-000144,1,0.04217169,1.103460,1272,874,741,1.14,103.79,86.21,16.09,207.23,0.982263192,-0.004261522,0.184770871,0.031632054,0.8095707,-0.9570730,0.5210118
seq-07/frame-000145,1,0.04012030,1.225019,744,555,462,0.93,71.46,28.26,30.86,131.51,0.983024557,-0.004727056,0.180405876,0.033077112,0.8197224,-0.9645890,0.5079954
seq-07/frame-000146,1,0.02453582,0.654072,1162,754,591,0.81,93.25,70.78,20.11,184.95,0.984747543,0.000711711,0.171466515,0.029512764,0.8482423,-0.9520456,0.4912477
seq-07/frame-000147,1,0.04270041,0.967948,1203,812,675,0.80,98.16,86.16,23.37,208.49,0.985557373,-0.001569910,0.166569071,0.030478598,0.8660940,-0.9659229,0.4843076
seq-07/frame-000148,1,0.06210736,1.634514,1005,641,542,0.76,87.09,67.54,23.65,179.04,0.984640163,-0.006147337,0.172036144,0.029146591,0.8254868,-0.9948298,0.4912739
seq-07/frame-000149,1,0.07052215,1.844342,973,667,573,0.77,87.35,67.46,9.81,165.40,0.984931630,-0.007154453,0.170660157,0.027085233,0.8123466,-1.0006989,0.4900143
seq-07/frame-000150,1,0.06163491,1.591540,1004,638,546,0.77,78.25,52.27,19.65,150.94,0.986406013,-0.008664705,0.161478563,0.029202309,0.8442227,-1.0043634,0.4788933
seq-07/frame-000151,1,0.04765323,1.316844,778,525,460,0.74,96.07,45.02,17.75,159.58,0.987256434,-0.007750412,0.155815452,0.031403974,0.8507599,-0.9939878,0.4793312
seq-07/frame-000152,1,0.05689228,1.622682,724,528,457,0.73,71.07,32.73,19.20,123.72,0.987503651,-0.006044894,0.154226198,0.031847734,0.8312874,-1.0029300,0.4780456
seq-07/frame-000153,1,0.04102852,1.175420,1054,708,567,0.77,83.92,61.11,22.24,168.04,0.989325309,-0.000604731,0.142917058,0.028456673,0.8785757,-0.9923385,0.4581735
seq-07/frame-000154,1,0.04420773,1.146027,1071,779,675,1.13,80.46,51.42,18.18,151.20,0.988027933,-0.001063069,0.151939097,0.026724216,0.8426449,-1.0022013,0.4652090
seq-07/frame-000155,1,0.03669989,1.066746,1018,778,681,0.76,62.59,42.79,9.49,115.64,0.988451182,-0.001736597,0.149571296,0.024283180,0.8605429,-0.9969630,0.4604715
seq-07/frame-000156,1,0.05229808,1.457201,587,467,403,0.70,58.51,33.52,16.50,109.23,0.989040753,-0.001185473,0.146183441,0.020673282,0.8544477,-1.0153625,0.4665604
seq-07/frame-000157,1,0.07643659,1.986979,611,426,347,0.71,57.15,32.98,13.48,104.32,0.990750998,0.000180036,0.134903741,0.014608514,0.8909602,-1.0336909,0.4623825
seq-07/frame-000158,1,0.06384332,1.799416,570,400,319,1.45,59.15,34.47,10.37,105.45,0.990036600,0.007207473,0.140283418,0.009805416,0.8534849,-1.0344606,0.4745240
seq-07/frame-000159,1,0.06810799,1.874612,682,482,397,0.73,65.19,32.96,12.75,111.64,0.990077258,0.012661553,0.139713833,0.008170305,0.8422340,-1.0401891,0.4708439
seq-07/frame-000160,1,0.10044946,2.644992,506,351,308,0.70,50.89,23.93,10.51,86.03,0.991553088,0.009157490,0.128822427,0.011974819,0.8667220,-1.0696429,0.4624383
seq-07/frame-000161,1,0.14462643,3.679715,391,282,220,0.67,45.26,17.00,11.27,74.20,0.992330555,0.003029025,0.122603501,0.015468539,0.8422636,-1.1157246,0.4833179
seq-07/frame-000162,1,0.10720590,2.866691,456,338,284,1.10,49.51,22.48,17.55,90.65,0.993879166,0.013750932,0.107896102,0.019327334,0.8618066,-1.0854969,0.4735148
seq-07/frame-000163,1,0.07819180,2.064423,626,509,465,0.86,63.35,31.19,9.47,104.89,0.994351171,0.022271010,0.102194091,0.018058737,0.8544832,-1.0600754,0.4578498
seq-07/frame-000164,1,0.09472940,2.533032,844,638,584,0.73,64.66,42.86,16.83,125.09,0.995144330,0.017647067,0.095496111,0.016026129,0.8686672,-1.0833543,0.4567588
seq-07/frame-000165,1,0.09073858,2.425544,597,443,386,0.81,60.51,33.66,12.76,107.75,0.994549171,0.021336647,0.100799446,0.016005191,0.8254069,-1.0827659,0.4688122
seq-07/frame-000166,1,0.08045195,2.161246,653,493,431,0.71,49.97,31.78,6.78,89.24,0.995075514,0.027028087,0.094562311,0.012335841,0.8453283,-1.0829941,0.4512748
seq-07/frame-000167,1,0.08128691,2.040173,571,431,379,0.68,54.90,26.67,19.05,101.29,0.994485012,0.034045219,0.098778109,0.009130636,0.8064058,-1.0747016,0.4608813
seq-07/frame-000168,1,0.08147851,2.041660,571,431,379,0.70,52.16,24.53,27.04,104.43,0.994485012,0.034045219,0.098778109,0.009130636,0.8064058,-1.0747016,0.4608813
seq-07/frame-000169,1,0.09738844,2.520356,595,471,427,0.71,59.65,32.59,13.12,106.07,0.995599079,0.031394686,0.087744555,0.009886366,0.8363793,-1.1071584,0.4444856
seq-07/frame-000170,1,0.13162122,3.345578,678,529,484,0.75,58.55,36.74,10.84,106.89,0.996057782,0.025542339,0.083970865,0.012859963,0.8338413,-1.1430900,0.4367624
seq-07/frame-000171,1,0.12767357,3.219861,558,464,421,0.72,52.31,27.13,12.37,92.53,0.996025778,0.026742088,0.083294567,0.016719004,0.8079439,-1.1377613,0.4340042
seq-07/frame-000172,1,0.09654605,2.474629,551,441,412,0.98,52.90,29.73,25.68,109.28,0.996447238,0.034267875,0.075234411,0.016074792,0.8151541,-1.1109695,0.4247927
seq-07/frame-000173,1,0.10321988,2.676463,537,407,363,0.72,48.73,28.54,11.05,89.03,0.997237135,0.033660921,0.064706056,0.014077116,0.8363494,-1.1216657,0.4125212
seq-07/frame-000174,1,0.10241437,2.666892,537,407,363,0.67,59.52,25.56,13.93,99.68,0.997237135,0.033660921,0.064706056,0.014077116,0.8363494,-1.1216657,0.4125212
seq-07/frame-000175,1,0.14364074,3.573262,476,378,337,0.69,49.34,22.50,13.93,86.45,0.998014609,0.024468738,0.056082632,0.014928489,0.8474556,-1.1614502,0.4025076
seq-07/frame-000176,1,0.12517282,3.130869,534,432,397,0.71,62.15,28.83,8.66,100.35,0.998162985,0.025313364,0.053011482,0.014821313,0.8271750,-1.1466901,0.3963257
seq-07/frame-000177,1,0.12260468,2.984329,473,380,329,0.67,47.65,23.40,6.83,78.56,0.998531531,0.023770991,0.046095932,0.015648883,0.8331624,-1.1434944,0.3881252
seq-07/frame-000178,1,0.09478724,2.257186,397,293,244,0.68,47.19,24.18,9.60,81.66,0.998872767,0.024036812,0.039092351,0.012133260,0.8317962,-1.1156528,0.3776006
seq-07/frame-000179,1,0.11203035,2.745690,471,351,313,0.68,57.14,22.11,8.06,88.00,0.999434068,0.015643935,0.027731831,0.010851612,0.8536075,-1.1306901,0.3649996
seq-07/frame-000180,1,0.11207909,2.763598,471,351,313,0.69,55.44,17.66,11.13,84.93,0.999434068,0.015643935,0.027731831,0.010851612,0.8536075,-1.1306901,0.3649996
seq-07/frame-000181,1,0.10932937,2.663116,484,396,365,1.47,53.26,19.63,8.41,82.78,0.999522201,0.013129507,0.027007513,0.007319856,0.8224277,-1.1324397,0.3667681
seq-07/frame-000182,1,0.11015018,2.654011,455,360,323,0.68,51.18,21.70,8.25,81.82,0.999765092,0.009332603,0.018405738,0.006625065,0.8296658,-1.1347234,0.3558521
seq-07/frame-000183,1,0.13507014,3.251100,473,378,344,0.68,56.02,22.29,11.01,90.01,0.999947113,0.000740031,0.008844377,0.005196116,0.8367822,-1.1610438,0.3489702
seq-07/frame-000184,1,0.13287116,2.929763,473,378,344,0.70,54.77,22.04,7.81,85.33,0.999947113,0.000740031,0.008844377,0.005196116,0.8367822,-1.1610438,0.3489702
seq-07/frame-000185,1,0.10485094,2.486262,535,409,372,2.12,53.05,21.15,19.31,95.63,0.999975787,0.004519200,0.003310450,0.004128247,0.8315853,-1.1308257,0.3385661
seq-07/frame-000186,1,0.10890296,2.638584,639,525,477,0.71,65.40,23.33,12.92,102.37,0.999986035,0.000894106,-0.001648476,0.004940858,0.8255590,-1.1365569,0.3363321
seq-07/frame-000187,1,0.09649217,2.324580,588,451,417,0.73,58.15,25.92,8.52,93.32,0.999927977,0.002542754,-0.009504239,0.006873536,0.8323287,-1.1232358,0.3228187
seq-07/frame-000188,1,0.09265249,2.487365,544,419,381,1.00,51.89,20.09,5.76,78.74,0.999836965,0.002829239,-0.016541749,0.006664021,0.8365078,-1.1158505,0.3131771
seq-07/frame-000189,1,0.09298592,2.253218,544,419,381,0.95,57.89,25.07,8.22,92.12,0.999836965,0.002829239,-0.016541749,0.006664021,0.8365078,-1.1158505,0.3131771
seq-07/frame-000190,1,0.08165262,2.039698,584,468,429,0.73,58.33,24.95,12.39,96.40,0.999721607,0.003779525,-0.022298836,0.006721975,0.8314114,-1.1053793,0.3063031
seq-07/frame-000191,1,0.07702811,1.990731,750,624,579,0.75,67.66,34.24,13.36,116.02,0.999567167,0.004978966,-0.028623195,0.004626108,0.8390618,-1.1002456,0.2995316
seq-07/frame-000192,1,0.08197940,2.019927,844,680,632,0.74,64.08,42.79,13.46,121.07,0.999544413,0.004743720,-0.029797411,-0.000759935,0.8278759,-1.1048851,0.2895637
seq-07/frame-000193,1,0.08220442,2.019418,844,680,632,0.74,60.85,46.13,14.74,122.47,0.999544413,0.004743720,-0.029797411,-0.000759935,0.8278759,-1.1048851,0.2895637
seq-07/frame-000194,1,0.07994821,2.104112,614,466,435,0.72,55.10,28.33,12.64,96.79,0.999422575,0.004700281,-0.033603225,-0.001802118,0.8233378,-1.1069040,0.2910087
seq-07/frame-000195,1,0.07511884,1.954112,489,385,358,0.71,49.55,20.36,6.74,77.37,0.999236192,0.007561736,-0.038222101,-0.002987254,0.8121396,-1.1020282,0.2825944
seq-07/frame-000196,1,0.07349299,1.861559,476,380,360,0.72,51.33,19.86,13.91,85.82,0.998922965,0.008607533,-0.045517048,-0.002649232,0.8131173,-1.0956247,0.2713603
seq-07/frame-000197,1,0.07286536,1.940905,476,380,360,0.67,46.92,22.48,12.17,82.25,0.998922965,0.008607533,-0.045517048,-0.002649232,0.8131173,-1.0956247,0.2713603
seq-07/frame-000198,1,0.07676504,1.839470,473,395,370,0.77,52.55,18.95,14.18,86.46,0.998209233,0.009968952,-0.058842750,-0.004059221,0.8460105,-1.0908429,0.2740747
seq-07/frame-000199,1,0.06939725,1.739398,518,421,389,0.70,54.25,27.16,6.80,88.92,0.997899945,0.011436246,-0.063634525,-0.003944566,0.8411391,-1.0837341,0.2669703
seq-07/frame-000200,1,0.06794098,1.635073,421,339,312,0.69,51.84,21.82,13.93,88.29,0.996937352,0.014501114,-0.076780082,-0.003232972,0.8680837,-1.0682594,0.2837647
seq-07/frame-000201,1,0.06472318,1.606894,520,421,391,0.71,42.56,26.70,6.18,76.15,0.996607948,0.016090304,-0.080328581,-0.007811435,0.8534914,-1.0739751,0.2677687
seq-07/frame-000202,1,0.06343500,1.620231,520,421,391,0.70,60.43,18.65,6.08,85.86,0.996607948,0.016090304,-0.080328581,-0.007811435,0.8534914,-1.0739751,0.2677687
seq-07/frame-000203,1,0.05836145,1.537328,630,526,498,0.99,63.36,22.55,5.91,92.81,0.996316116,0.017860791,-0.083211004,-0.010541235,0.8486865,-1.0632056,0.2544835
seq-07/frame-000204,1,0.05747638,1.433397,447,374,339,0.68,49.00,19.48,8.72,77.88,0.995359463,0.017500368,-0.094131873,-0.009615987,0.8753764,-1.0574852,0.2603924
seq-07/frame-000205,1,0.05281018,1.331746,461,388,370,0.70,46.76,16.97,14.27,78.71,0.994540854,0.017433133,-0.102405993,-0.009878676,0.8799042,-1.0536546,0.2576606
seq-07/frame-000206,1,0.05411838,1.354368,461,388,370,0.66,47.63,21.03,16.10,85.42,0.994540854,0.017433133,-0.102405993,-0.009878676,0.8799042,-1.0536546,0.2576606
seq-07/frame-000207,1,0.04491502,1.218349,630,519,482,0.73,57.62,34.51,10.01,102.86,0.993647912,0.018808767,-0.110385203,-0.011187689,0.8903520,-1.0424156,0.2597582
seq-07/frame-000208,1,0.04684804,1.188804,691,571,546,0.71,53.82,29.05,5.44,89.02,0.992758430,0.020067038,-0.117718506,-0.013052475,0.9063156,-1.0371403,0.2586892
seq-07/frame-000209,1,0.05025841,1.046537,704,601,573,0.72,62.00,48.54,10.28,121.54,0.992038447,0.021003068,-0.123181928,-0.015646185,0.9146288,-1.0328491,0.2541168
seq-07/frame-000210,1,0.04787683,1.122141,727,631,589,0.73,61.16,34.17,10.05,106.11,0.991504383,0.020030618,-0.127560746,-0.015687236,0.9170406,-1.0343142,0.2496547
seq-07/frame-000211,1,0.04796513,1.133763,727,631,589,1.03,55.74,34.03,15.46,106.27,0.991504383,0.020030618,-0.127560746,-0.015687236,0.9170406,-1.0343142,0.2496547
seq-07/frame-000212,1,0.05438395,1.256069,639,545,512,0.70,57.19,33.46,12.69,104.03,0.990800481,0.016886052,-0.133375344,-0.015501125,0.9241744,-1.0423813,0.2418606
seq-07/frame-000213,1,0.06034466,1.360006,577,486,449,0.69,54.91,26.43,8.18,90.22,0.989861890,0.013561387,-0.140526663,-0.015549443,0.9328405,-1.0505250,0.2345718
seq-07/frame-000214,1,0.05004812,1.139864,813,673,629,0.71,53.62,31.40,10.19,95.92,0.988799085,0.014466778,-0.147502988,-0.017605406,0.9456380,-1.0376197,0.2391398
seq-07/frame-000215,1,0.03481183,0.961428,951,730,663,0.74,81.55,39.96,6.79,129.04,0.988013438,0.013714861,-0.152610279,-0.018747043,0.9563585,-1.0187353,0.2460422
seq-07/frame-000216,1,0.03634174,0.930056,902,724,652,0.74,84.87,38.48,9.57,133.66,0.987723916,0.008200527,-0.154873422,-0.018666582,0.9628379,-1.0213874,0.2382468
seq-07/frame-000217,1,0.03555468,0.940829,902,724,652,0.73,67.08,37.67,9.97,115.45,0.987723916,0.008200527,-0.154873422,-0.018666582,0.9628379,-1.0213874,0.2382468
seq-07/frame-000218,1,0.04269376,1.149693,961,811,771,0.74,66.59,47.78,10.59,125.70,0.986963234,0.002265258,-0.159950116,-0.017731418,0.9701527,-1.0329607,0.2427751
seq-07/frame-000219,1,0.04436694,1.084618,1142,956,890,0.76,60.65,61.63,19.46,142.50,0.985991236,0.000449322,-0.165877519,-0.017485136,0.9851737,-1.0324080,0.2451596
seq-07/frame-000220,1,0.03054230,0.831841,1063,833,778,1.10,61.67,53.76,9.98,126.52,0.985410615,0.000288080,-0.169194354,-0.018414847,0.9876570,-1.0193548,0.2409991
seq-07/frame-000221,1,0.03458846,0.860776,1140,904,833,0.74,72.19,55.14,14.62,142.69,0.984764103,-0.003569243,-0.172723043,-0.019841158,0.9961072,-1.0224175,0.2361040
seq-07/frame-000222,1,0.04102179,1.049040,1286,1020,942,0.79,81.04,66.70,17.43,165.96,0.984109477,-0.008011707,-0.176282910,-0.019715094,1.0016488,-1.0322798,0.2391673
seq-07/frame-000223,1,0.02936709,0.719860,1229,973,889,0.79,84.26,49.86,9.55,144.46,0.983674210,-0.006309868,-0.178588509,-0.021245650,1.0123571,-1.0123948,0.2394047
seq-07/frame-000224,1,0.02599188,0.702379,1143,880,791,0.76,81.22,44.22,10.45,136.65,0.983559336,-0.009344232,-0.178943035,-0.022430074,1.0204301,-1.0077674,0.2388861
seq-07/frame-000225,1,0.03188229,0.869990,1198,925,851,0.76,63.74,55.72,14.85,135.07,0.983372898,-0.014381322,-0.179496535,-0.023492848,1.0193962,-1.0141932,0.2360204
seq-07/frame-000226,1,0.01989804,0.479740,1024,810,763,1.04,64.99,51.15,6.78,123.97,0.982901344,-0.014292399,-0.181876236,-0.024934111,1.0226582,-0.9980570,0.2318931
seq-07/frame-000227,1,0.04007450,0.814341,887,647,580,0.72,55.81,41.63,7.28,105.44,0.982300859,-0.021035908,-0.184446764,-0.024938001,1.0242015,-1.0105606,0.2186020
seq-07/frame-000228,1,0.04536953,1.394101,838,631,584,0.72,67.02,42.04,12.83,122.62,0.981255848,-0.026399778,-0.189383330,-0.023957623,1.0240603,-1.0178510,0.2189096
seq-07/frame-000229,1,0.04408151,0.865048,838,631,584,0.82,54.22,48.55,9.87,113.45,0.981255848,-0.026399778,-0.189383330,-0.023957623,1.0240603,-1.0178510,0.2189096
seq-07/frame-000230,1,0.04945032,0.951941,799,607,546,0.71,78.96,58.50,13.80,151.98,0.979890833,-0.031372614,-0.195828517,-0.021929598,1.0249235,-1.0228598,0.2197830
seq-07/frame-000231,1,0.05041694,0.908811,790,599,550,0.72,58.01,47.30,11.12,117.15,0.978461910,-0.034517889,-0.202630729,-0.019015628,1.0259627,-1.0148439,0.2145944
seq-07/frame-000232,1,0.05127692,0.894178,777,610,566,0.74,71.83,53.29,8.44,134.29,0.976794015,-0.036841630,-0.210273938,-0.017349861,1.0261153,-1.0103648,0.2166099
seq-07/frame-000233,1,0.03880693,0.619086,964,728,676,0.75,59.79,52.68,21.53,134.75,0.975155723,-0.036945806,-0.217846507,-0.015786815,1.0348598,-0.9938831,0.2168054
seq-07/frame-000234,1,0.03955590,0.669500,1078,823,770,0.81,64.15,62.15,17.08,144.19,0.973931646,-0.040085016,-0.222675861,-0.016303395,1.0351532,-0.9909668,0.2147324
seq-07/frame-000235,1,0.03276952,0.609394,1132,892,833,0.75,82.96,59.48,13.43,156.63,0.972628029,-0.042666650,-0.227780529,-0.017038335,1.0388914,-0.9877085,0.2223632
seq-07/frame-000236,1,0.03206348,0.600789,1051,824,781,0.74,63.53,53.60,8.90,126.77,0.971755730,-0.044667537,-0.231120795,-0.016697038,1.0346944,-0.9853584,0.2168352
seq-07/frame-000237,1,0.04512070,0.729028,929,701,633,1.18,75.41,42.35,11.96,130.91,0.970848356,-0.048327424,-0.234183000,-0.016620858,1.0358005,-0.9824276,0.2020544
seq-07/frame-000238,1,0.04750009,0.718849,907,685,613,0.73,70.56,36.89,9.85,118.03,0.969615019,-0.054628677,-0.237917074,-0.016058931,1.0367562,-0.9830908,0.1953057
seq-07/frame-000239,1,0.04138450,0.677770,965,740,693,0.73,77.34,51.03,12.35,141.46,0.968269088,-0.059846955,-0.242076062,-0.016507444,1.0361326,-0.9806894,0.1988637
seq-07/frame-000240,1,0.03370920,0.597982,1035,828,774,0.74,72.05,53.67,8.20,134.67,0.967238813,-0.063195689,-0.245300213,-0.016828242,1.0400111,-0.9696520,0.1996947
seq-07/frame-000241,1,0.03093517,0.571889,787,588,515,0.73,78.34,40.07,9.31,128.45,0.966718877,-0.067723484,-0.246078190,-0.017710641,1.0464295,-0.9687999,0.1980203
seq-07/frame-000242,1,0.02751084,0.635576,707,499,437,0.70,59.59,28.79,14.37,103.45,0.967021310,-0.072945723,-0.243012914,-0.022213297,1.0412282,-0.9641706,0.1958697
seq-07/frame-000243,1,0.01181209,0.475084,814,666,608,0.73,59.60,35.85,6.48,102.65,0.967108084,-0.076507639,-0.240907435,-0.028498102,1.0470112,-0.9624323,0.2127327
seq-07/frame-000244,1,0.01345626,0.434824,945,800,761,0.86,68.57,45.79,10.40,125.62,0.968105153,-0.076775545,-0.236138206,-0.033416692,1.0488559,-0.9610287,0.2084789
seq-07/frame-000245,1,0.02645848,0.606166,1302,1076,1013,0.74,72.12,68.59,12.25,153.70,0.968959109,-0.082172217,-0.230537259,-0.034907665,1.0416256,-0.9776383,0.1897852
seq-07/frame-000246,1,0.04226559,0.795752,726,594,557,0.75,66.56,41.73,20.59,129.64,0.968682422,-0.086380562,-0.230510789,-0.032519845,1.0236859,-0.9943210,0.1760609
seq-07/frame-000247,1,0.06627840,1.074613,574,450,403,0.96,63.17,31.95,6.06,102.15,0.967397120,-0.090551991,-0.235018615,-0.026634558,1.0189135,-1.0059537,0.1507036
seq-07/frame-000248,1,0.06269220,0.967482,564,400,326,0.69,61.45,22.74,6.48,91.36,0.964755323,-0.096809339,-0.243861827,-0.020162565,1.0183487,-1.0056142,0.1506905
seq-07/frame-000249,1,0.05986805,0.935942,611,409,336,0.69,61.97,29.55,18.49,110.70,0.961882266,-0.101304715,-0.253178447,-0.020506968,1.0122370,-0.9916225,0.1490793
seq-07/frame-000250,1,0.05185466,0.821924,932,773,719,0.73,69.54,45.83,11.28,127.38,0.959020341,-0.108081010,-0.261136094,-0.020159886,1.0175718,-0.9953106,0.1542996
seq-07/frame-000251,1,0.05960180,0.948539,681,549,495,0.74,62.44,29.05,8.01,100.24,0.957308012,-0.111218251,-0.266012873,-0.020712873,1.0059221,-1.0069319,0.1511315
seq-07/frame-000252,1,0.07513374,1.154062,631,458,376,0.70,65.95,31.43,6.81,104.90,0.953962745,-0.115045293,-0.276171280,-0.021191646,1.0002720,-1.0089118,0.1411616
seq-07/frame-000253,1,0.08283663,1.361435,889,741,685,0.74,62.77,39.53,15.20,118.24,0.951467628,-0.118407571,-0.283363523,-0.019852282,0.9956516,-1.0127315,0.1320765
seq-07/frame-000254,1,0.06309784,1.105294,980,803,739,0.76,61.97,46.84,11.31,120.88,0.948158414,-0.119451127,-0.293838988,-0.019639257,1.0037176,-1.0150188,0.1555513
seq-07/frame-000255,1,0.04359009,0.889140,1934,1661,1547,0.92,86.84,89.63,17.10,194.49,0.945134467,-0.118626873,-0.303767221,-0.019338557,1.0256080,-1.0147459,0.1745711
seq-07/frame-000256,1,0.03862998,0.823487,2267,1886,1776,0.86,119.86,111.46,18.79,250.98,0.944741702,-0.118054801,-0.305243586,-0.018775864,1.0264988,-1.0144713,0.1716985
seq-07/frame-000257,1,0.07941176,1.395353,1027,832,784,0.77,59.53,60.21,7.56,128.09,0.945216024,-0.118016507,-0.303715982,-0.019884006,0.9995376,-1.0183140,0.1414823
seq-07/frame-000258,1,0.09233323,1.625888,998,819,747,0.75,78.63,44.74,12.66,136.79,0.943061616,-0.119507665,-0.309757179,-0.020079778,0.9887610,-1.0209964,0.1447529
seq-07/frame-000259,1,0.08523232,1.473670,1236,1033,968,0.79,71.89,52.95,9.18,134.82,0.940834659,-0.119360852,-0.316645053,-0.017861732,0.9990120,-1.0160763,0.1489295
seq-07/frame-000260,1,0.09814312,1.693544,1209,1018,939,0.77,76.83,55.70,14.01,147.31,0.939552219,-0.120503693,-0.319942916,-0.018894924,0.9896632,-1.0216697,0.1371595
seq-07/frame-000261,1,0.06983119,1.246463,1592,1355,1261,0.80,68.04,72.67,24.28,165.79,0.936245572,-0.123732452,-0.328367642,-0.017584112,1.0057548,-1.0271249,0.1622463
seq-07/frame-000262,1,0.05492110,0.971629,1218,1033,968,0.75,65.73,56.90,15.56,138.94,0.933975696,-0.125590107,-0.334118540,-0.016772743,1.0124821,-1.0431327,0.1755157
seq-07/frame-000263,1,0.04360367,0.806716,1310,1136,1049,0.75,69.51,64.87,9.10,144.23,0.931537017,-0.123831542,-0.341459377,-0.017607623,1.0236693,-1.0518586,0.1895148
seq-07/frame-000264,1,0.03192925,0.684047,1584,1349,1273,1.07,76.86,79.09,10.80,167.82,0.930683612,-0.119041539,-0.345453387,-0.017862924,1.0309392,-1.0470982,0.2029763
seq-07/frame-000265,1,0.05606100,0.542358,903,735,667,0.72,64.75,42.73,12.37,120.58,0.931093077,-0.111333062,-0.346735648,-0.021095531,1.0131441,-1.0676603,0.1950690
seq-07/frame-000266,1,0.05768399,0.988135,1071,910,859,0.74,71.96,46.28,6.90,125.88,0.930595497,-0.105410816,-0.349880527,-0.021545231,1.0039563,-1.0635902,0.1862196
seq-07/frame-000267,1,0.05880236,1.011696,834,734,667,0.72,70.70,36.29,15.24,122.95,0.929363873,-0.101234571,-0.354314148,-0.022267417,1.0026574,-1.0606830,0.1791282
seq-07/frame-000268,1,0.05192526,0.929197,970,864,815,0.72,60.78,42.93,7.98,112.42,0.926921843,-0.099450745,-0.361140459,-0.022427988,1.0015411,-1.0668015,0.1887966
seq-07/frame-000269,1,0.07532519,1.332592,804,700,659,0.73,69.83,35.11,12.31,117.99,0.924124780,-0.093989246,-0.369419112,-0.026247512,0.9858426,-1.0728841,0.1768065
seq-07/frame-000270,1,0.06390750,1.198408,732,627,591,0.73,52.85,41.10,6.33,101.01,0.921468639,-0.092734812,-0.376232132,-0.027298055,0.9832929,-1.0729977,0.1870756
seq-07/frame-000271,1,0.06290815,1.134000,812,686,632,0.74,65.92,32.13,8.04,106.83,0.918036841,-0.091240250,-0.384767294,-0.028943137,0.9801976,-1.0721954,0.1917627
seq-07/frame-000272,1,0.07065547,1.367685,1015,894,828,0.75,65.09,46.76,9.09,121.69,0.912800053,-0.089562645,-0.397130864,-0.032583321,0.9795470,-1.0847970,0.1990031
seq-07/frame-000273,1,0.07121155,1.370971,898,778,726,0.73,69.99,39.37,8.30,118.39,0.910502092,-0.087969920,-0.402547646,-0.034678907,0.9689914,-1.0892508,0.2012794
seq-07/frame-000274,1,0.09234744,1.707840,1001,883,836,0.75,65.52,45.73,15.92,127.92,0.905743766,-0.084710344,-0.413613875,-0.037093820,0.9669329,-1.0935910,0.2154778
seq-07/frame-000275,1,0.07838055,1.411107,952,822,781,0.74,72.51,41.21,16.54,131.00,0.904091377,-0.084036450,-0.417142837,-0.039351128,0.9524654,-1.1022399,0.2086088
seq-07/frame-000276,1,0.07370327,1.421055,1055,890,837,0.76,72.70,44.06,7.55,125.06,0.899440499,-0.079117667,-0.427800107,-0.041644345,0.9555117,-1.0978020,0.2233744
seq-07/frame-000277,1,0.06540915,1.581409,979,796,747,0.90,72.89,46.86,6.63,127.28,0.896838122,-0.079062862,-0.433117043,-0.042896078,0.9498133,-1.1047108,0.2339177
seq-07/frame-000278,1,0.07510568,1.357798,883,740,690,0.73,61.57,38.74,17.50,118.53,0.892733030,-0.074918545,-0.442109614,-0.044204493,0.9380583,-1.1018971,0.2369083
seq-07/frame-000279,1,0.08389294,1.398295,843,722,680,0.71,63.61,43.57,10.80,118.70,0.886875282,-0.071229312,-0.454334934,-0.044253679,0.9307600,-1.1117204,0.2512060
seq-07/frame-000280,1,0.08367355,1.403522,984,821,776,0.75,68.03,45.61,7.93,122.33,0.882317895,-0.068767462,-0.463505638,-0.044143989,0.9263516,-1.1070142,0.2520846
seq-07/frame-000281,1,0.09006042,1.522242,1341,1046,982,0.80,72.09,65.62,8.09,146.61,0.879776616,-0.069683094,-0.468034014,-0.045623846,0.9196397,-1.1216829,0.2627219
seq-07/frame-000282,1,0.07855840,1.441576,1273,1016,949,0.81,69.28,57.78,13.56,141.43,0.876149277,-0.066883915,-0.475189775,-0.045647174,0.9295764,-1.1110194,0.2787043
seq-07/frame-000283,1,0.08504978,1.466745,1314,1026,973,0.81,78.85,70.58,8.85,159.09,0.872776158,-0.066255200,-0.481319302,-0.046944183,0.9144256,-1.1224264,0.2805640
seq-07/frame-000284,1,0.09436274,1.773858,1404,1085,1030,0.82,78.13,68.02,15.81,162.78,0.870123729,-0.064594253,-0.486203102,-0.048154140,0.9113839,-1.1250554,0.2841516
seq-07/frame-000285,1,0.09590854,1.787601,1204,949,892,0.80,67.50,66.95,8.97,144.22,0.866330285,-0.061986516,-0.493409237,-0.046656558,0.9120498,-1.1142516,0.2819037
seq-07/frame-000286,1,0.09803848,1.852320,1253,1001,938,0.79,69.35,57.52,18.60,146.26,0.861252974,-0.061260764,-0.502156072,-0.048267102,0.9045546,-1.1178118,0.2964454
seq-07/frame-000287,1,0.10772615,2.051995,1279,1003,953,0.80,72.77,51.88,9.39,134.84,0.857532036,-0.059354567,-0.508403182,-0.051400856,0.8969825,-1.1201482,0.2950221
seq-07/frame-000288,1,0.11518423,2.065769,965,795,745,0.77,82.55,45.31,10.49,139.12,0.851812488,-0.055116937,-0.518183934,-0.053507181,0.8909793,-1.1162958,0.2953159
seq-07/frame-000289,1,0.09793665,1.802513,1337,1035,961,0.80,91.07,63.91,7.31,163.08,0.844067298,-0.056113646,-0.530315088,-0.056281098,0.8952066,-1.1330384,0.3208549
seq-07/frame-000290,1,0.11447847,1.753859,944,782,731,0.76,59.56,47.09,6.74,114.15,0.840813549,-0.047806525,-0.535902283,-0.059630991,0.8773147,-1.1136459,0.3047210
seq-07/frame-000291,1,0.11513873,2.152161,1255,960,902,0.78,65.37,53.89,7.88,127.93,0.832376354,-0.049799296,-0.548342451,-0.063167967,0.8811498,-1.1217190,0.3272713
seq-07/frame-000292,1,0.11270339,2.070247,1275,955,892,0.79,72.74,63.93,9.09,146.55,0.828317218,-0.043988653,-0.554253269,-0.068984770,0.8871328,-1.1158132,0.3340585
seq-07/frame-000293,1,0.13698758,2.296883,1205,919,843,0.78,70.79,59.60,10.52,141.69,0.823585519,-0.042177362,-0.560406345,-0.076633481,0.8757598,-1.1086230,0.3217296
seq-07/frame-000294,1,0.08696407,2.694788,1170,885,819,0.77,82.72,49.95,12.53,145.97,0.817645344,-0.038174252,-0.566324906,-0.096306381,0.8806858,-1.1251934,0.3703642
seq-07/frame-000295,1,0.08480512,1.872222,1193,888,833,0.77,67.90,61.07,8.07,137.81,0.819518026,-0.028746425,-0.560641144,-0.115088468,0.8701521,-1.1191264,0.3590691
seq-07/frame-000296,1,0.05709038,1.583270,1073,840,788,0.82,61.80,41.58,10.44,114.65,0.818146305,-0.021632677,-0.559066507,-0.132715079,0.8697992,-1.1231719,0.3739596
seq-07/frame-000297,1,0.07230475,1.761954,1215,892,839,0.79,74.15,53.46,6.76,135.15,0.821405087,-0.014115098,-0.549030231,-0.153818896,0.8484203,-1.1305225,0.3514449
seq-07/frame-000298,1,0.12568406,2.682976,1484,1033,941,1.01,95.19,64.46,15.01,175.67,0.823306734,-0.005852504,-0.539957527,-0.174864631,0.8103348,-1.1270670,0.2982326
seq-07/frame-000299,1,0.11073602,2.023533,1417,999,914,0.80,97.85,65.95,16.88,181.49,0.819234395,-0.004579122,-0.544846809,-0.178818323,0.8070031,-1.1264265,0.3141114
seq-07/frame-000300,1,0.11699449,2.216502,1342,985,904,0.79,65.57,62.63,8.94,137.92,0.813488320,0.004818156,-0.548316441,-0.193810781,0.8010053,-1.1410417,0.3098308
seq-07/frame-000301,1,0.12609655,2.348326,1413,982,894,1.61,74.77,64.21,10.30,150.89,0.811917965,0.014237262,-0.545961575,-0.206185541,0.7894234,-1.1442422,0.3051711
seq-07/frame-000302,1,0.13506180,2.121310,1292,954,864,0.79,74.92,57.71,9.68,143.11,0.808170700,0.023122319,-0.549230393,-0.211356226,0.7948698,-1.1223465,0.2995668
seq-07/frame-000303,1,0.15707482,2.361713,1335,927,829,0.80,71.84,64.35,20.40,157.39,0.797916569,0.037336110,-0.555528175,-0.230919056,0.7786932,-1.1414786,0.2996600
seq-07/frame-000304,1,0.17509573,2.444948,1300,932,850,0.80,78.46,48.52,6.93,134.71,0.793704269,0.048163959,-0.558864616,-0.235338281,0.7714497,-1.1244296,0.2925274
seq-07/frame-000305,1,0.19531251,2.721096,1272,880,796,1.17,80.88,50.37,8.21,140.63,0.786849951,0.051915198,-0.565790019,-0.240943189,0.7635233,-1.1323803,0.2809907
seq-07/frame-000306,1,0.21738087,3.026451,1054,763,668,0.73,63.36,44.92,21.13,130.14,0.780301382,0.060903062,-0.573722172,-0.241378209,0.7589792,-1.1214839,0.2771564
seq-07/frame-000307,1,0.22421093,2.991063,1095,746,656,0.75,67.06,59.29,7.74,134.84,0.774598613,0.063528038,-0.581380589,-0.240744237,0.7628070,-1.1197575,0.2781598
seq-07/frame-000308,1,0.24967579,3.363441,1105,699,591,0.76,65.48,47.28,8.08,121.60,0.767828792,0.068481221,-0.589829276,-0.240521713,0.7494622,-1.1063708,0.2603872
seq-07/frame-000309,1,0.25318423,3.037828,1209,738,626,0.77,67.54,63.73,5.96,138.00,0.760051548,0.071406533,-0.598574712,-0.242757215,0.7562028,-1.1165126,0.2628625
seq-07/frame-000310,1,0.26972692,3.244531,1084,632,522,0.76,66.29,58.51,11.70,137.26,0.751395293,0.072814487,-0.607934101,-0.246006692,0.7422925,-1.1313207,0.2484623
seq-07/frame-000311,1,0.25641726,3.261711,1427,772,606,0.78,84.43,64.67,12.16,162.05,0.745942025,0.073001623,-0.615216128,-0.244438896,0.7474353,-1.1342628,0.2563064
seq-07/frame-000312,1,0.23248534,3.056017,1295,706,559,0.78,86.07,50.79,6.04,143.68,0.744617888,0.065419357,-0.620891745,-0.236131210,0.7526379,-1.1488752,0.2598269
seq-07/frame-000313,1,0.18772068,2.879334,1281,666,550,0.79,78.63,52.99,7.12,139.54,0.749072146,0.050889168,-0.624139145,-0.216221046,0.7523896,-1.1430556,0.2651848
seq-07/frame-000314,1,0.16736984,2.942986,1348,690,563,0.81,79.55,61.20,15.80,157.36,0.750609654,0.036021563,-0.628931742,-0.199330021,0.7498730,-1.1625447,0.2655554
seq-07/frame-000315,1,0.14441875,2.700927,1227,624,503,0.77,66.64,53.42,6.26,127.10,0.753105909,0.024721464,-0.632161614,-0.180532638,0.7583906,-1.1508182,0.2744420
seq-07/frame-000316,1,0.15774202,2.336244,1484,755,574,1.36,94.04,62.92,9.68,168.01,0.752787135,0.002087355,-0.639432060,-0.156313187,0.7647932,-1.1458357,0.2914368
seq-07/frame-000317,1,0.14942483,2.612497,1469,718,579,0.79,76.60,64.37,6.51,148.27,0.755938260,-0.014456893,-0.638310602,-0.144595715,0.7508071,-1.1614038,0.2882376
seq-07/frame-000318,1,0.13776002,2.428636,1541,770,618,0.81,78.97,68.23,8.15,156.16,0.761179100,-0.035097516,-0.635206945,-0.126042368,0.7469807,-1.1620072,0.2839396
seq-07/frame-000319,1,0.11680856,2.484561,1519,788,642,0.79,79.58,65.19,6.44,151.99,0.763053220,-0.043103614,-0.633996045,-0.118071487,0.7503977,-1.1746944,0.3033013
seq-07/frame-000320,1,0.15472727,2.987537,1571,875,726,1.15,91.78,78.88,8.67,180.48,0.771575775,-0.049432500,-0.624220998,-0.112140074,0.7176149,-1.1661544,0.2554983
seq-07/frame-000321,1,0.10990621,2.251032,1427,806,669,0.80,73.71,65.39,7.78,147.68,0.771341782,-0.055710426,-0.625604427,-0.102700075,0.7387720,-1.1747221,0.2898278
seq-07/frame-000322,1,0.10264681,2.594620,1252,764,664,0.78,74.29,54.39,10.66,140.12,0.781129457,-0.062268366,-0.614649727,-0.090361138,0.7380200,-1.1819351,0.2921828
seq-07/frame-000323,1,0.11638483,2.551720,970,610,522,0.78,64.93,45.71,6.12,117.53,0.788442600,-0.063784552,-0.605538936,-0.087249042,0.7312329,-1.2051916,0.2820321
seq-07/frame-000324,1,0.10890808,2.303235,1196,786,694,0.78,69.71,55.62,10.08,136.19,0.797409894,-0.068901665,-0.594707714,-0.075582780,0.7263418,-1.2075626,0.2916482
seq-07/frame-000325,1,0.12708691,2.605221,792,526,468,0.74,72.05,28.38,7.91,109.08,0.805934010,-0.066720317,-0.584075922,-0.069814670,0.7279995,-1.1934973,0.2893272
seq-07/frame-000326,1,0.08169836,1.713580,915,669,601,0.74,64.32,38.21,6.64,109.91,0.819054520,-0.065108840,-0.567284273,-0.055669427,0.7521863,-1.1717399,0.3131286
seq-07/frame-000327,1,0.05695494,1.071927,834,651,590,0.74,58.82,45.00,10.61,115.18,0.826932742,-0.068041881,-0.556056695,-0.048512826,0.7507784,-1.1816713,0.3221958
seq-07/frame-000328,1,0.05288461,1.310444,700,539,476,0.71,60.86,34.54,18.61,114.72,0.838171704,-0.064771182,-0.539605981,-0.045806922,0.7522609,-1.1783625,0.3098666
seq-07/frame-000329,1,0.03504642,0.857149,838,691,638,0.73,57.36,53.77,10.19,122.06,0.852785284,-0.062383368,-0.517022562,-0.039411244,0.7525405,-1.1834127,0.3097057
seq-07/frame-000330,1,0.05528322,1.006339,883,741,681,0.75,87.36,47.84,12.03,147.98,0.861945551,-0.061015481,-0.501999508,-0.036379557,0.7445688,-1.1909336,0.2907340
seq-07/frame-000331,1,0.05136001,0.764591,914,747,700,0.74,83.95,45.54,15.97,146.20,0.868209428,-0.057766950,-0.491901865,-0.030131772,0.7608467,-1.1877247,0.2960462
seq-07/frame-000332,1,0.05761934,1.101781,822,691,640,0.74,77.21,30.53,15.88,124.37,0.876576987,-0.056250876,-0.477063877,-0.029303269,0.7364845,-1.1977791,0.2744862
seq-07/frame-000333,1,0.06544674,1.142148,862,745,697,0.73,59.56,42.03,19.60,121.92,0.887044214,-0.051743845,-0.458085191,-0.025161373,0.7373531,-1.2055167,0.2652562
seq-07/frame-000334,1,0.07314458,1.265965,804,674,628,0.72,59.96,41.71,18.51,120.90,0.893164226,-0.047428009,-0.446694080,-0.021740459,0.7494892,-1.2067278,0.2736708
seq-07/frame-000335,1,0.07835705,1.407971,765,639,587,1.14,78.57,41.12,8.92,129.76,0.900767383,-0.043505333,-0.431670768,-0.019640665,0.7525162,-1.2073736,0.2611254
seq-07/frame-000336,1,0.08572946,1.564306,792,675,635,0.72,63.39,41.95,6.70,112.76,0.906635241,-0.038850832,-0.419852615,-0.015064341,0.7578413,-1.2097510,0.2676316
seq-07/frame-000337,1,0.09223180,1.655539,1096,915,865,1.07,68.46,68.98,9.97,148.48,0.913500982,-0.037071945,-0.404864587,-0.015043047,0.7507833,-1.2216270,0.2617328
seq-07/frame-000338,1,0.07948089,1.518916,1148,910,849,0.90,76.76,70.05,13.01,160.73,0.920305209,-0.032390425,-0.389600592,-0.014161966,0.7384228,-1.2197225,0.2321190
seq-07/frame-000339,1,0.07618402,1.231945,1092,865,800,0.81,69.02,62.67,12.33,144.83,0.921645727,-0.031660632,-0.386652360,-0.008167675,0.7651673,-1.2115300,0.2592324
seq-07/frame-000340,1,0.06579420,1.251334,1025,829,772,0.91,80.52,51.95,8.21,141.58,0.925649188,-0.029228138,-0.377142040,-0.009120216,0.7531843,-1.2061388,0.2384094
seq-07/frame-000341,1,0.06065955,1.164319,1098,867,796,0.81,69.40,55.67,9.04,134.92,0.930353191,-0.028486300,-0.365442760,-0.009113732,0.7552884,-1.2045309,0.2349401
seq-07/frame-000342,1,0.05682894,1.154512,1199,943,880,2.16,77.12,57.97,12.29,149.54,0.935524148,-0.030312300,-0.351851163,-0.008746001,0.7492354,-1.2089957,0.2183917
seq-07/frame-000343,1,0.04926790,1.123024,1171,948,872,1.31,79.12,52.00,7.81,140.24,0.939819742,-0.031035837,-0.340163208,-0.008038699,0.7449568,-1.2080337,0.2097074
seq-07/frame-000344,1,0.04052561,0.903967,1219,997,931,0.89,89.18,60.29,11.86,162.22,0.944036456,-0.033408333,-0.328057226,-0.007583519,0.7462706,-1.2058375,0.2071334
seq-07/frame-000345,1,0.05006956,1.084213,1204,929,874,3.90,84.99,54.56,9.52,152.98,0.945896477,-0.034494164,-0.322545089,-0.007394150,0.7439425,-1.2077532,0.2127997
seq-07/frame-000346,1,0.03799407,0.851034,988,854,805,0.83,68.27,44.84,10.02,123.97,0.949118997,-0.039716536,-0.312351451,-0.005683129,0.7473533,-1.2101949,0.2022382
seq-07/frame-000347,1,0.04280927,0.869449,825,690,658,0.83,56.79,38.93,12.06,108.61,0.952362079,-0.043822747,-0.301776860,-0.004094463,0.7584069,-1.2174689,0.2125590
seq-07/frame-000348,1,0.03435511,0.645353,840,695,643,0.94,58.94,42.84,12.63,115.35,0.954788535,-0.042018484,-0.294273632,-0.004041016,0.7632805,-1.2088498,0.2128871
seq-07/frame-000349,1,0.04022193,0.840494,967,784,744,0.75,56.67,47.84,24.59,129.85,0.960009213,-0.045648043,-0.276169757,-0.005369569,0.7601067,-1.2204106,0.1982497
seq-07/frame-000350,1,0.03947449,0.797654,1218,1080,1018,0.95,72.54,53.89,14.86,142.25,0.961482652,-0.048084250,-0.270587034,-0.004655228,0.7662333,-1.2235566,0.1977423
seq-07/frame-000351,1,0.02759131,0.665438,1070,908,870,1.08,78.50,48.62,10.07,138.28,0.963953329,-0.049596665,-0.261377177,-0.004015232,0.7700055,-1.2155303,0.1985087
seq-07/frame-000352,1,0.02080491,0.623757,895,765,718,0.85,71.53,44.73,8.59,125.70,0.966146408,-0.048657559,-0.253309228,-0.005291125,0.7714698,-1.2084862,0.1936650
seq-07/frame-000353,1,0.02640414,0.782750,1049,895,856,0.87,67.38,52.68,12.66,133.60,0.967821147,-0.050867763,-0.246383500,-0.005465347,0.7774304,-1.2176459,0.1934300
seq-07/frame-000354,1,0.02506802,0.517857,1142,1024,970,0.95,76.50,51.62,12.55,141.62,0.970349802,-0.053164884,-0.235776985,-0.001992540,0.7819436,-1.2157283,0.1857362
seq-07/frame-000355,1,0.02515967,0.492723,1280,1130,1075,1.45,88.74,63.91,14.80,168.91,0.971122438,-0.056793727,-0.231716367,-0.001791203,0.7863842,-1.2211829,0.1876707
seq-07/frame-000356,1,0.02703131,0.929461,1104,916,865,0.78,69.83,55.69,10.97,137.28,0.973325008,-0.059389051,-0.221589781,-0.003055752,0.7904093,-1.2152410,0.1865234
seq-07/frame-000357,1,0.03371709,0.576347,1461,1272,1198,1.01,78.94,68.68,19.44,168.07,0.974028849,-0.065241983,-0.216807434,-0.002412975,0.7890959,-1.2354886,0.1819452
seq-07/frame-000358,1,0.03402076,0.587348,1469,1262,1164,0.86,83.22,67.44,15.33,166.85,0.974076216,-0.067716162,-0.215840025,-0.001769147,0.7942978,-1.2390320,0.1770478
seq-07/frame-000359,1,0.02683446,0.285356,1175,975,918,0.78,65.80,57.74,13.29,137.61,0.974745487,-0.066929402,-0.213046668,-0.001675662,0.7999966,-1.2162052,0.1740618
seq-07/frame-000360,1,0.02580542,0.850403,1258,1083,1035,0.79,76.76,54.37,11.48,143.41,0.976359700,-0.073613833,-0.203214569,-0.002565090,0.8069127,-1.2266493,0.1783612
seq-07/frame-000361,1,0.03006375,0.342574,984,835,796,0.73,83.64,43.14,6.47,133.98,0.977107495,-0.075331661,-0.198952275,-0.002018936,0.8055186,-1.2267613,0.1732001
seq-07/frame-000362,1,0.02337807,0.283172,793,680,652,0.73,53.79,36.15,13.87,104.54,0.977956348,-0.076899322,-0.194123876,-0.001948431,0.8075705,-1.2206562,0.1698323
seq-07/frame-000363,1,0.02155108,0.460122,702,578,546,0.69,55.60,35.01,11.27,102.57,0.979013038,-0.079279595,-0.187671451,-0.005257780,0.8042808,-1.2178571,0.1686267
seq-07/frame-000364,1,0.02871633,0.345868,800,673,625,0.82,59.76,40.69,11.81,113.08,0.979615513,-0.086471884,-0.181253535,-0.004818359,0.8056475,-1.2356664,0.1567633
seq-07/frame-000365,1,0.03510148,0.515202,855,717,689,1.34,64.60,38.49,11.29,115.72,0.979712806,-0.090448851,-0.178795116,-0.003758914,0.8183537,-1.2336615,0.1655432
seq-07/frame-000366,1,0.02418585,0.624672,795,696,661,0.73,57.36,36.82,9.61,104.53,0.980664166,-0.091794731,-0.172778288,-0.004379869,0.8129626,-1.2254683,0.1636922
seq-07/frame-000367,1,0.04185918,0.783466,828,718,679,0.75,63.96,37.37,7.39,109.46,0.981066462,-0.093186015,-0.169736445,-0.003808244,0.8262907,-1.2178329,0.1748015
seq-07/frame-000368,1,0.02718440,0.761411,764,676,648,0.76,59.76,34.77,6.41,101.70,0.982088814,-0.094782815,-0.162786519,-0.004281293,0.8237683,-1.2197524,0.1686896
seq-07/frame-000369,1,0.03425631,0.735552,764,676,652,1.29,69.61,60.91,18.19,150.00,0.982845833,-0.097631053,-0.156416157,-0.004028832,0.8274404,-1.2283482,0.1660920
seq-07/frame-000370,1,0.04857354,0.869882,780,683,657,0.76,58.72,51.53,11.61,122.62,0.983313518,-0.099601152,-0.152207008,-0.002676167,0.8368680,-1.2349875,0.1751651
seq-07/frame-000371,1,0.05873882,0.958183,743,662,617,0.73,56.62,60.00,12.14,129.49,0.984337851,-0.097929034,-0.146590572,0.000323379,0.8455845,-1.2278277,0.1823329
seq-07/frame-000372,1,0.05925298,0.959387,705,620,591,0.74,61.83,51.54,9.92,124.03,0.985612066,-0.097437692,-0.138098223,0.001906003,0.8481063,-1.2372309,0.1731783
seq-07/frame-000373,1,0.05268776,0.920681,711,619,586,0.74,69.77,49.55,10.72,130.78,0.986886487,-0.097311293,-0.128757086,0.002680913,0.8394353,-1.2416901,0.1706497
seq-07/frame-000374,1,0.06068371,1.062149,747,632,608,0.76,71.71,55.28,14.04,141.80,0.987682078,-0.098602208,-0.121401180,0.004844727,0.8424100,-1.2487809,0.1728745
seq-07/frame-000375,1,0.06145694,1.118498,753,661,636,0.76,52.45,49.41,10.12,112.73,0.988476450,-0.097699336,-0.115381809,0.007495722,0.8505540,-1.2486835,0.1652129
seq-07/frame-000376,1,0.06545681,1.361123,836,736,699,0.77,70.87,53.75,9.90,135.29,0.988952370,-0.100765213,-0.108333621,0.009132827,0.8504033,-1.2647023,0.1593125
seq-07/frame-000377,1,0.07054370,1.448736,919,821,785,0.78,70.55,52.51,19.80,143.65,0.989281287,-0.100442775,-0.105219338,0.012754391,0.8647913,-1.2565135,0.1594179
seq-07/frame-000378,1,0.06584173,1.374314,786,684,662,0.76,74.32,41.94,9.77,126.80,0.989923363,-0.100087989,-0.098948185,0.015600820,0.8607512,-1.2545396,0.1583945
seq-07/frame-000379,1,0.04478404,1.408735,648,546,516,0.91,58.30,27.10,15.46,101.78,0.990898854,-0.102624756,-0.085889714,0.014511299,0.8294853,-1.2673940,0.1467812
seq-07/frame-000380,1,0.05872955,1.652560,788,681,644,0.78,75.25,39.24,12.85,128.13,0.991299082,-0.106371008,-0.075982649,0.015426450,0.8187094,-1.2864365,0.1364087
seq-07/frame-000381,1,0.05832205,1.544952,858,753,706,1.53,71.20,47.58,10.64,130.96,0.991509134,-0.105279834,-0.073513855,0.020530611,0.8366628,-1.2802026,0.1462546
seq-07/frame-000382,1,0.06071419,1.614808,788,693,658,0.79,69.75,30.69,11.05,112.29,0.991873308,-0.106266302,-0.065817811,0.023724021,0.8280562,-1.2889168,0.1361562
seq-07/frame-000383,1,0.04213258,1.282916,840,729,677,0.78,60.54,31.70,18.49,111.52,0.992504045,-0.103330322,-0.059659780,0.026443838,0.8271510,-1.2732109,0.1342824
seq-07/frame-000384,1,0.03223149,1.201531,706,611,571,0.87,65.34,26.71,12.17,105.09,0.993179880,-0.100573831,-0.052468674,0.026938234,0.8242102,-1.2672526,0.1253252
seq-07/frame-000385,1,0.03857488,1.223433,745,624,588,0.80,60.55,37.98,6.29,105.62,0.993439519,-0.101418755,-0.044824198,0.027981247,0.8239592,-1.2724363,0.1188867
seq-07/frame-000386,1,0.04322506,1.275409,1005,850,795,0.82,62.44,51.48,7.54,122.28,0.993530082,-0.103356620,-0.035590145,0.030801422,0.8081507,-1.2801671,0.1196026
seq-07/frame-000387,1,0.04054993,1.213265,953,829,771,0.79,57.53,53.40,7.26,118.98,0.993606031,-0.102656587,-0.032072449,0.034351695,0.8165442,-1.2802342,0.1153416
seq-07/frame-000388,1,0.04087388,1.236669,902,773,712,0.79,70.06,37.14,8.34,116.34,0.993571366,-0.103110400,-0.028745692,0.036849305,0.8309378,-1.2820164,0.1208579
seq-07/frame-000389,1,0.04477801,1.228322,1027,859,798,1.87,68.91,51.24,8.58,130.61,0.993577918,-0.103536042,-0.023976072,0.038837574,0.8360076,-1.2872174,0.1178761
seq-07/frame-000390,1,0.03564189,1.057478,1060,874,809,0.81,61.35,48.43,17.63,128.23,0.993715427,-0.101523762,-0.020540197,0.042434368,0.8453011,-1.2730617,0.1194145
seq-07/frame-000391,1,0.04530446,1.260696,926,780,713,1.33,70.73,43.39,13.41,128.86,0.993443173,-0.104394053,-0.014999275,0.044131239,0.8436198,-1.2895444,0.1215807
seq-07/frame-000392,1,0.03674749,1.062557,898,731,693,0.80,65.07,46.08,9.71,121.67,0.993616938,-0.102534193,-0.010624002,0.045817567,0.8487832,-1.2775836,0.1214248
seq-07/frame-000393,1,0.01841379,0.813057,885,741,660,0.78,69.10,36.93,6.66,113.47,0.993807551,-0.100530956,-0.001272595,0.047312362,0.8313711,-1.2726147,0.1176916
seq-07/frame-000394,1,0.02920059,0.824245,948,781,721,0.79,67.82,40.13,12.43,121.17,0.993667621,-0.100515213,0.002741413,0.050138165,0.8429888,-1.2762177,0.1167794
seq-07/frame-000395,1,0.01961305,0.898238,969,835,753,1.64,68.02,54.77,13.88,138.31,0.993553123,-0.100946699,0.011349282,0.050330409,0.8247212,-1.2807878,0.1173060
seq-07/frame-000396,1,0.04245745,0.923950,837,658,596,0.78,62.79,40.27,13.45,117.30,0.993497832,-0.100278325,0.010592379,0.052859398,0.8577654,-1.2785503,0.1279147
seq-07/frame-000397,1,0.01979467,0.616665,864,697,629,0.81,56.88,45.32,9.51,112.53,0.993660746,-0.096958589,0.020549688,0.053057173,0.8400494,-1.2687911,0.1148831
seq-07/frame-000398,1,0.03090739,0.951940,999,790,690,0.80,59.10,50.84,8.29,119.05,0.992870312,-0.102156633,0.027360047,0.054990854,0.8354252,-1.2960513,0.1148370
seq-07/frame-000399,1,0.03130538,0.818893,870,683,614,0.78,67.52,39.29,13.99,121.59,0.992970873,-0.099225150,0.029294302,0.057489645,0.8509998,-1.2840910,0.1185145
seq-07/frame-000400,1,0.03773956,0.786835,733,576,519,0.78,60.10,36.37,10.54,107.79,0.993403305,-0.092804001,0.034191133,0.058036692,0.8562676,-1.2590222,0.1131680
seq-07/frame-000401,1,0.02845462,0.845931,746,556,486,0.78,65.00,33.75,10.29,109.82,0.992332478,-0.098776757,0.043903343,0.059932480,0.8421779,-1.2960186,0.1195101
seq-07/frame-000402,1,0.03904114,1.062806,852,620,559,0.96,72.34,35.69,13.01,122.00,0.991817938,-0.098658886,0.054677713,0.059782523,0.8172646,-1.3055646,0.1287882
seq-07/frame-000403,1,0.04959212,1.180295,884,703,610,0.83,65.08,45.10,8.41,119.43,0.992125795,-0.095714246,0.050881053,0.062740011,0.8719879,-1.2924799,0.1137600
seq-07/frame-000404,1,0.03127788,0.952748,1001,745,654,0.79,63.40,57.08,13.21,134.49,0.991278724,-0.097080930,0.061437072,0.064554406,0.8418445,-1.3014505,0.1160572
seq-07/frame-000405,1,0.03916985,1.005144,961,735,651,0.79,63.03,48.67,8.69,121.17,0.991016214,-0.096246293,0.064497401,0.066810176,0.8518398,-1.3041424,0.1143319
seq-07/frame-000406,1,0.04392180,0.833892,853,641,552,0.79,52.71,34.10,17.53,105.13,0.991051170,-0.092004447,0.067271099,0.069479202,0.8648070,-1.2860650,0.1118163
seq-07/frame-000407,1,0.03865046,0.748178,1011,795,677,0.80,76.54,46.94,9.04,133.32,0.990423717,-0.092037440,0.074206719,0.071297501,0.8570977,-1.2877075,0.1063936
seq-07/frame-000408,1,0.03910361,0.925656,1077,783,677,0.83,66.22,50.80,19.85,137.69,0.989488433,-0.094911805,0.081723374,0.072288864,0.8427596,-1.3063773,0.1144129
seq-07/frame-000409,1,0.04344659,0.734902,912,696,595,0.81,71.94,46.82,11.22,130.79,0.989498771,-0.091565348,0.082990799,0.074969965,0.8625262,-1.2875839,0.1063943
seq-07/frame-000410,1,0.07667431,1.786223,1007,744,668,0.83,62.93,63.27,10.27,137.30,0.987046472,-0.096955509,0.104700773,0.073325574,0.7676171,-1.3255568,0.1306297
seq-07/frame-000411,1,0.04481621,1.006867,1334,929,789,0.83,79.45,63.30,10.71,154.30,0.987634776,-0.095126385,0.097168898,0.078017472,0.8361846,-1.3129359,0.1201639
seq-07/frame-000412,1,0.05278628,1.163050,1313,967,837,0.83,73.58,71.12,25.51,171.05,0.986987939,-0.097392147,0.099234626,0.080759319,0.8409961,-1.3255454,0.1126907
seq-07/frame-000413,1,0.03574692,0.605412,1157,913,778,0.80,68.56,54.72,11.85,135.93,0.987204844,-0.093526907,0.100318143,0.081336242,0.8516190,-1.2954773,0.1099767
seq-07/frame-000414,1,0.03309566,0.653486,935,732,646,0.80,58.94,46.02,11.98,117.75,0.986511152,-0.094799303,0.105236275,0.082061967,0.8452752,-1.2997912,0.1134321
seq-07/frame-000415,1,0.02296981,0.402974,926,701,619,0.81,82.24,60.26,11.53,154.85,0.986138672,-0.091888203,0.110336868,0.083143568,0.8486170,-1.2828064,0.1031744
seq-07/frame-000416,1,0.09480613,1.691398,1244,920,746,0.80,71.97,54.68,14.54,141.99,0.985716460,-0.100116107,0.105602564,0.084781628,0.9106882,-1.3107123,0.0937780
seq-07/frame-000417,1,0.14585500,2.617862,1327,962,753,0.83,73.37,57.20,10.76,142.16,0.986042551,-0.103206433,0.099332431,0.084862166,0.9623469,-1.3102523,0.0888296
seq-07/frame-000418,1,0.04722001,0.633739,1066,819,698,0.79,68.26,46.78,16.90,132.73,0.984381841,-0.099293640,0.117237722,0.085956271,0.8675931,-1.2832118,0.1021937
seq-07/frame-000419,1,0.03236469,0.297800,746,561,478,0.75,67.74,42.38,14.44,125.32,0.983449628,-0.099860157,0.123567601,0.087096652,0.8549246,-1.2738074,0.0979710
seq-07/frame-000420,1,0.05892477,0.702296,659,472,403,0.76,54.61,29.02,17.41,101.80,0.982920939,-0.101224982,0.126575309,0.087170068,0.8755194,-1.2690223,0.0874347
seq-07/frame-000421,1,0.09443782,1.339210,746,533,424,0.76,80.60,29.38,12.68,123.43,0.982710389,-0.101558565,0.128240842,0.086720451,0.9057118,-1.2483746,0.0856475
seq-07/frame-000422,1,0.02561373,0.835871,901,700,621,0.76,65.69,39.82,10.91,117.19,0.978527930,-0.110241535,0.150413964,0.087781168,0.8112642,-1.2936111,0.1092816
seq-07/frame-000423,1,0.13152513,2.154993,767,523,406,0.76,56.61,34.13,14.33,105.84,0.980316921,-0.115825436,0.131009870,0.091649424,0.9464952,-1.2877285,0.0805013
seq-07/frame-000424,1,0.10083636,1.629645,792,532,414,0.77,70.06,34.68,17.71,123.23,0.978272021,-0.122841410,0.138098709,0.093928627,0.9173601,-1.2955533,0.0848313
seq-07/frame-000425,1,0.02702575,0.552330,953,626,505,1.16,72.62,45.76,31.58,151.14,0.975871811,-0.125979155,0.152417216,0.092587538,0.8380027,-1.2945396,0.1048112
seq-07/frame-000426,1,0.02448377,0.386391,648,463,391,1.05,58.32,29.61,12.39,101.38,0.975531081,-0.124784842,0.154345054,0.094580430,0.8452271,-1.2741459,0.0959752
seq-07/frame-000427,1,0.04568170,0.571951,541,335,270,1.09,60.85,27.45,10.99,100.39,0.974522615,-0.127361567,0.159867723,0.092341840,0.8606026,-1.2602775,0.0977288
seq-07/frame-000428,1,0.02198809,0.880502,640,439,360,0.74,58.16,23.78,6.96,89.64,0.970550234,-0.136910652,0.177130820,0.088951615,0.8021046,-1.2889652,0.1066383
seq-07/frame-000429,1,0.03169422,0.909029,615,437,362,0.74,50.61,24.44,20.56,96.36,0.968472474,-0.145258464,0.181054348,0.090445393,0.8122959,-1.3088029,0.1079954
seq-07/frame-000430,1,0.03425524,1.027732,696,478,400,0.75,53.87,55.39,11.80,121.82,0.966987742,-0.147555503,0.188910145,0.086458302,0.7919335,-1.2948550,0.1068974
seq-07/frame-000431,1,0.03192970,0.913175,621,375,304,0.75,62.02,42.87,10.69,116.33,0.965829853,-0.151259726,0.192052142,0.086076507,0.7885925,-1.2813063,0.1036131
seq-07/frame-000432,1,0.00569672,0.265360,615,370,298,0.74,46.63,34.46,15.43,97.27,0.965119783,-0.156754079,0.190414217,0.087831591,0.8206599,-1.2818570,0.0922209
seq-07/frame-000433,1,0.05202188,0.836599,620,414,327,0.73,55.73,45.66,22.08,124.21,0.965583366,-0.157222844,0.188013590,0.087066819,0.8561652,-1.2500946,0.0830509
seq-07/frame-000434,1,0.11669129,2.037212,499,265,165,0.75,60.23,27.55,12.03,100.57,0.965303651,-0.165835788,0.181028825,0.088971442,0.9286915,-1.2695079,0.0637290
seq-07/frame-000435,1,0.01403673,0.474937,436,253,188,0.72,48.89,21.60,23.61,94.82,0.958778710,-0.171205685,0.209761606,0.086209438,0.8131542,-1.2763868,0.0950754
seq-07/frame-000436,1,0.01149302,0.602587,567,378,307,0.74,60.01,42.37,18.01,121.13,0.956231504,-0.174373543,0.218717705,0.085893792,0.8067079,-1.2794871,0.0896122
seq-07/frame-000437,1,0.02430220,0.899570,574,360,274,0.74,60.43,38.91,19.65,119.73,0.954062243,-0.173985289,0.228325067,0.085802208,0.7891014,-1.2698301,0.0861933
seq-07/frame-000438,1,0.01481858,0.682292,601,348,264,0.74,60.86,45.18,14.62,121.40,0.951381501,-0.181257650,0.233229915,0.087308135,0.7889151,-1.2817048,0.0913745
seq-07/frame-000439,1,0.00988289,0.825873,723,487,382,0.74,75.03,62.17,15.21,153.16,0.949461061,-0.184935814,0.237500103,0.088972692,0.7885600,-1.2829679,0.0836449
seq-07/frame-000440,1,0.02220425,1.001371,551,348,283,0.75,72.30,39.57,15.90,128.52,0.947527192,-0.187181975,0.242196636,0.092173304,0.7784208,-1.2747395,0.0851504
seq-07/frame-000441,1,0.02009691,0.930932,555,328,244,0.75,82.86,31.56,7.94,123.10,0.945088330,-0.191527146,0.246380020,0.097068459,0.7890941,-1.2701544,0.0771440
seq-07/frame-000442,1,0.02155862,1.167645,744,486,383,1.04,75.79,39.71,12.67,129.21,0.941011225,-0.197557951,0.255828276,0.100103067,0.7782525,-1.2814636,0.0975771
seq-07/frame-000443,1,0.00524919,1.043144,939,594,483,0.77,93.94,44.12,12.74,151.57,0.939081797,-0.200149327,0.258958788,0.104909346,0.7851275,-1.2877978,0.0837189
seq-07/frame-000444,1,0.03305053,1.330716,764,473,367,1.95,83.12,32.54,13.37,130.98,0.937542498,-0.197287387,0.265303242,0.108193997,0.7707260,-1.2633028,0.0782192
seq-07/frame-000445,1,0.02189718,1.185208,660,421,329,0.76,76.66,32.21,10.44,120.08,0.934857354,-0.203010424,0.268040666,0.113941632,0.7701854,-1.2810177,0.0671601
seq-07/frame-000446,1,0.04395649,1.529063,712,440,344,0.75,71.55,31.58,9.15,113.03,0.930632999,-0.206717545,0.276490989,0.121419979,0.7449561,-1.2781613,0.0820078
seq-07/frame-000447,1,0.04786091,1.522085,760,456,376,0.77,58.43,34.73,7.21,101.14,0.926896290,-0.212480835,0.279884906,0.131831720,0.7399866,-1.2968795,0.0813981
seq-07/frame-000448,1,0.03538169,1.474363,665,375,278,1.77,58.49,29.18,13.88,103.34,0.926414143,-0.212402891,0.278838551,0.137444206,0.7558097,-1.2681955,0.0676314
seq-07/frame-000449,1,0.02807942,1.355625,709,392,314,0.77,55.94,35.75,8.12,100.58,0.922623792,-0.216658058,0.283196653,0.147051965,0.7657213,-1.2682033,0.0726319
seq-07/frame-000450,1,0.02601564,1.309910,645,368,281,0.76,59.98,27.11,12.07,99.93,0.918556555,-0.221849083,0.288933861,0.153473332,0.7609887,-1.2765149,0.0756098
seq-07/frame-000451,1,0.02681210,1.492808,958,508,371,0.78,65.20,50.65,12.27,128.91,0.915053356,-0.227014989,0.293650928,0.157831184,0.7592874,-1.2762420,0.0765345
seq-07/frame-000452,1,0.02845433,1.368769,1196,667,503,0.80,77.27,61.14,11.53,150.74,0.913553896,-0.227590493,0.292920557,0.166791466,0.7826123,-1.2642915,0.0695999
seq-07/frame-000453,1,0.03105437,1.552755,746,406,295,0.96,60.24,41.19,14.07,116.47,0.910258305,-0.228942719,0.300020262,0.170302357,0.7633021,-1.2652893,0.0633835
seq-07/frame-000454,1,0.02815261,1.280705,751,371,266,0.76,70.05,34.06,5.93,110.80,0.905812830,-0.232173113,0.306362931,0.178158686,0.7756558,-1.2595770,0.0715906
seq-07/frame-000455,1,0.03271774,1.550731,1172,581,445,0.82,79.62,56.58,18.91,155.93,0.901778761,-0.236395178,0.311172370,0.184618910,0.7829481,-1.2595653,0.0786336
seq-07/frame-000456,1,0.02733277,1.195417,1447,843,679,0.82,79.34,68.56,9.42,158.14,0.896108244,-0.239574604,0.318872827,0.194715547,0.7823085,-1.2786025,0.0880214
seq-07/frame-000457,1,0.00695687,0.636723,944,545,417,0.78,67.24,48.02,12.68,128.73,0.894630864,-0.239812261,0.318541991,0.201635059,0.7846667,-1.2819725,0.0629650
seq-07/frame-000458,1,0.03406707,1.105810,841,434,336,0.78,68.39,41.36,11.97,122.51,0.892906571,-0.239348286,0.323179297,0.202448500,0.7869472,-1.2550417,0.0735616
seq-07/frame-000459,1,0.02014671,0.795016,1226,722,555,0.81,63.14,58.15,13.73,135.84,0.885960482,-0.247983858,0.329204548,0.212608551,0.7902741,-1.2853164,0.0834761
seq-07/frame-000460,1,0.02500370,0.871467,1265,752,593,0.83,65.87,51.96,12.36,131.02,0.883897730,-0.247104747,0.333112256,0.216102454,0.7937599,-1.2753375,0.0807624
seq-07/frame-000461,1,0.02873106,1.049167,1264,752,601,0.82,65.01,62.06,21.34,149.26,0.882331195,-0.246545597,0.336445372,0.217971196,0.7937940,-1.2681340,0.0779099
seq-07/frame-000462,1,0.02879615,1.077102,1235,700,546,0.80,71.90,59.41,18.93,151.04,0.878441668,-0.249097046,0.341999152,0.222097902,0.7857986,-1.2727182,0.0863810
seq-07/frame-000463,1,0.02516417,0.613669,1703,985,781,0.86,80.41,74.20,15.49,170.97,0.873557517,-0.253182113,0.343801808,0.233658721,0.7970412,-1.2910332,0.0888042
seq-07/frame-000464,1,0.02861434,0.931190,1599,962,787,0.86,82.88,75.73,24.42,183.89,0.871476674,-0.254176714,0.346452168,0.236418062,0.7908803,-1.2943707,0.0932499
seq-07/frame-000465,1,0.02424204,0.931041,1500,825,666,1.14,90.43,81.08,22.34,194.99,0.872445015,-0.251212115,0.344715721,0.238544002,0.7924650,-1.2765100,0.0800821
seq-07/frame-000466,1,0.03256491,1.194468,1410,794,629,0.81,74.11,65.37,12.31,152.59,0.868697849,-0.253515433,0.350781742,0.240927669,0.7840606,-1.2779922,0.0928595
seq-07/frame-000467,1,0.02602122,0.790511,1738,973,770,0.85,81.72,74.45,10.53,167.55,0.865124925,-0.256482994,0.351533692,0.249398079,0.7932984,-1.2890577,0.0903727
seq-07/frame-000468,1,0.02996730,0.904180,1619,972,808,0.86,83.16,78.32,11.93,174.27,0.864666212,-0.254105915,0.351879540,0.252909698,0.7964654,-1.2761305,0.0834279
seq-07/frame-000469,1,0.02424402,0.616665,1486,861,681,0.82,72.12,71.53,14.85,159.33,0.860827667,-0.256671325,0.355056278,0.258902680,0.7981207,-1.2887676,0.0852851
seq-07/frame-000470,1,0.02494704,0.590090,1517,887,718,1.26,74.65,67.82,10.17,153.90,0.858486764,-0.256540586,0.358408115,0.262166028,0.7959241,-1.2850326,0.0849118
seq-07/frame-000471,1,0.02874028,0.748953,1565,948,769,0.84,77.83,76.46,14.85,169.99,0.855067003,-0.257535100,0.360609593,0.269252324,0.7981747,-1.2818114,0.0795408
seq-07/frame-000472,1,0.03309271,0.983042,1050,700,546,0.80,61.82,53.69,8.82,125.13,0.851965954,-0.257013215,0.366554879,0.271543257,0.7937402,-1.2812351,0.0843093
seq-07/frame-000473,1,0.03876738,1.319551,1172,707,560,0.80,63.68,82.28,12.18,158.94,0.849057276,-0.256048012,0.373720598,0.271797851,0.7859160,-1.2775190,0.0869107
seq-07/frame-000474,1,0.03094462,0.764389,1632,959,766,0.86,80.35,94.78,13.78,189.77,0.843569873,-0.258440494,0.377656886,0.281022520,0.7930105,-1.2908430,0.0889255
seq-07/frame-000475,1,0.03477693,0.883695,1798,1038,813,0.91,85.53,82.41,15.93,184.77,0.844084402,-0.255375962,0.375712982,0.284858553,0.7990221,-1.2780674,0.0715432
seq-07/frame-000476,1,0.03948683,0.995326,1707,1033,839,0.88,97.58,79.48,14.49,192.43,0.841539235,-0.253969728,0.380459145,0.287335922,0.7967257,-1.2808911,0.0848671
seq-07/frame-000477,1,0.03443624,0.854664,1735,1039,844,0.87,91.01,72.19,10.41,174.48,0.839681457,-0.253695078,0.383319228,0.289206202,0.7941618,-1.2878156,0.0861226
seq-07/frame-000478,1,0.03648237,0.956916,1566,991,819,0.86,69.66,65.11,11.24,146.87,0.837601786,-0.253383132,0.387094793,0.290478671,0.7919713,-1.2912995,0.0912395
seq-07/frame-000479,1,0.03188526,0.528349,1172,835,695,1.13,75.22,54.50,7.47,138.31,0.835067737,-0.252748285,0.388521491,0.296363342,0.8027828,-1.3034926,0.0918932
seq-07/frame-000480,1,0.03827202,0.951118,1206,794,635,0.81,67.71,56.40,12.15,137.07,0.831576722,-0.252744051,0.394730409,0.297973999,0.7998632,-1.3202527,0.1037580
seq-07/frame-000481,1,0.03310988,0.662209,1650,961,778,0.90,87.73,84.13,9.29,182.06,0.836242679,-0.243446799,0.393445398,0.294334090,0.7932639,-1.2931946,0.0849656
seq-07/frame-000482,1,0.02759472,0.280855,1667,1049,870,0.90,75.84,81.26,20.35,178.36,0.834219392,-0.243401327,0.394419781,0.298775561,0.7963310,-1.3034871,0.0859465
seq-07/frame-000483,1,0.03291875,0.920069,1308,887,760,0.86,80.22,53.51,13.62,148.21,0.834075677,-0.238848363,0.398421822,0.297538698,0.7850303,-1.3050296,0.0950455
seq-07/frame-000484,1,0.02666503,0.843767,1164,806,668,1.06,70.09,50.75,15.52,137.41,0.832303203,-0.239047139,0.400842910,0.299086618,0.7858814,-1.3185416,0.0945839
seq-07/frame-000485,1,0.03214436,0.791997,1383,982,800,0.84,90.88,61.63,13.41,166.76,0.830766845,-0.234378032,0.408133558,0.297187460,0.7742160,-1.3152049,0.1005878
seq-07/frame-000486,1,0.03164670,0.701862,1623,1051,884,0.90,83.18,71.95,7.52,163.55,0.831543627,-0.231052952,0.409817412,0.295295476,0.7677861,-1.3067455,0.0963194
seq-07/frame-000487,1,0.02631299,0.382730,1472,1038,882,0.86,83.89,67.92,18.23,170.91,0.829514873,-0.231306792,0.410143900,0.300306885,0.7718640,-1.3188221,0.0974221
seq-07/frame-000488,1,0.03113391,0.621470,1282,921,770,0.82,69.03,53.19,11.75,134.80,0.828120986,-0.232043389,0.411448599,0.301797197,0.7661360,-1.3311522,0.1083721
seq-07/frame-000489,1,0.02404753,0.187482,1645,1067,895,0.89,77.07,68.01,11.25,157.22,0.830349941,-0.229049660,0.407618757,0.303153722,0.7667549,-1.3253415,0.0966572
seq-07/frame-000490,1,0.02816888,0.529418,1415,968,801,0.84,79.52,70.08,10.44,160.88,0.829552422,-0.226947387,0.411984077,0.301009607,0.7556415,-1.3222669,0.1032926
seq-07/frame-000491,1,0.03014767,0.669641,1262,912,785,0.82,61.08,62.99,12.68,137.57,0.824142240,-0.222733275,0.422514262,0.304402949,0.7472582,-1.3369131,0.1153528
seq-07/frame-000492,1,0.03145261,0.692055,1265,912,783,1.82,68.62,59.39,10.25,140.09,0.823185197,-0.219800155,0.425054898,0.305585271,0.7409701,-1.3417509,0.1194093
seq-07/frame-000493,1,0.02725299,0.480481,1476,1046,876,0.85,79.51,64.51,17.06,161.94,0.823787088,-0.214551900,0.424677763,0.308206284,0.7372096,-1.3366566,0.1133904
seq-07/frame-000494,1,0.02546248,0.518810,1508,1029,870,0.88,73.17,60.44,8.68,143.17,0.821206758,-0.214963747,0.427344568,0.311105559,0.7330349,-1.3506526,0.1201960
seq-07/frame-000495,1,0.01913457,0.315607,1486,1003,865,1.20,86.26,61.34,12.00,160.80,0.820475560,-0.213560560,0.426972659,0.314493389,0.7347888,-1.3537853,0.1139700
seq-07/frame-000496,1,0.03185037,0.895002,1475,1071,897,1.18,93.66,76.63,18.91,190.37,0.816373248,-0.210580352,0.434376825,0.317029036,0.7149298,-1.3509765,0.1328767
seq-07/frame-000497,1,0.02732485,0.539617,1401,1014,854,0.84,77.64,68.74,7.73,154.95,0.814437953,-0.210373269,0.434128815,0.322437717,0.7183681,-1.3595458,0.1356172
seq-07/frame-000498,1,0.03243259,0.846367,1509,1111,911,0.85,84.46,66.17,18.30,169.79,0.813211794,-0.207411446,0.437593661,0.322767497,0.7065645,-1.3559917,0.1435742
seq-07/frame-000499,1,0.02274889,0.436117,1483,1018,883,0.84,78.82,71.85,19.17,170.67,0.811792295,-0.206568596,0.437148348,0.327450770,0.7098362,-1.3576941,0.1403142
seq-07/frame-000500,1,0.02409043,0.404311,1395,1018,872,0.85,73.19,53.88,10.46,138.38,0.809387914,-0.206332327,0.439821660,0.329962244,0.7104866,-1.3597601,0.1462273
seq-07/frame-000501,1,0.02928527,0.575035,1198,917,790,0.83,74.24,55.08,12.39,142.54,0.806844132,-0.204830381,0.443457165,0.332254127,0.7096153,-1.3663629,0.1589003
seq-07/frame-000502,1,0.02660176,0.384919,1126,872,744,0.82,68.69,50.12,15.02,134.65,0.805960861,-0.198367550,0.445834877,0.335124853,0.7032929,-1.3672251,0.1698012
seq-07/frame-000503,1,0.02878476,0.517393,886,679,561,0.78,61.57,33.86,9.70,105.91,0.804769293,-0.197712620,0.446323660,0.337714813,0.6999595,-1.3794993,0.1823098
seq-07/frame-000504,1,0.02441077,0.557627,767,562,467,0.74,58.07,36.93,10.11,105.86,0.805528158,-0.195719517,0.440730464,0.344347086,0.7082758,-1.3785501,0.1790429
seq-07/frame-000505,1,0.04368674,1.104484,656,480,399,0.74,50.37,31.18,9.91,92.20,0.805680910,-0.195236330,0.444825694,0.338955968,0.6783804,-1.3716339,0.2138069
seq-07/frame-000506,1,0.03451534,0.745048,644,478,381,0.75,59.85,29.09,13.45,103.15,0.806874959,-0.198169463,0.435497699,0.346443962,0.6962026,-1.3872209,0.2128146
seq-07/frame-000507,1,0.03205404,0.630255,1169,904,768,0.81,70.35,60.30,9.54,140.99,0.811270411,-0.193555468,0.427873981,0.348282153,0.6946576,-1.3827023,0.2233455
seq-07/frame-000508,1,0.02691112,0.462979,1476,1052,881,1.26,93.42,64.05,25.39,184.12,0.812024197,-0.191814722,0.428614203,0.346574206,0.6920345,-1.3809588,0.2301798
seq-07/frame-000509,1,0.02657757,0.433093,1017,826,700,0.77,72.18,47.21,16.49,136.66,0.811380528,-0.192091237,0.429724674,0.346553459,0.6885813,-1.3863735,0.2421647
seq-07/frame-000510,1,0.03114197,0.803792,719,503,425,0.75,59.67,28.52,9.66,98.61,0.810648558,-0.197312776,0.423318255,0.353154695,0.7031207,-1.3977055,0.2473029
seq-07/frame-000511,1,0.02329438,0.723399,863,660,567,0.78,62.37,37.72,8.70,109.58,0.811520720,-0.198326463,0.421342757,0.352946196,0.6993539,-1.3945614,0.2640210
seq-07/frame-000512,1,0.02692192,0.789274,1165,872,763,0.81,79.49,57.74,16.89,154.93,0.813543524,-0.192516197,0.428870796,0.342278087,0.6740561,-1.3835229,0.2858482
seq-07/frame-000513,1,0.02496753,0.701167,1501,1039,882,0.85,80.70,70.11,10.94,162.61,0.810437692,-0.194523356,0.434068353,0.341959173,0.6691231,-1.3909493,0.2967286
seq-07/frame-000514,1,0.02337406,0.481330,1337,950,819,0.85,85.94,63.63,10.58,160.99,0.809408643,-0.196064378,0.434058519,0.343525268,0.6784477,-1.3912202,0.3055849
seq-07/frame-000515,1,0.02282881,0.644076,1417,983,837,0.84,76.02,64.85,20.91,162.62,0.810243412,-0.195912833,0.435174567,0.340215919,0.6694940,-1.3920332,0.3188350
seq-07/frame-000516,1,0.02317756,0.504033,1297,987,866,0.83,69.42,54.59,13.84,138.68,0.811390088,-0.196887427,0.434764788,0.337433025,0.6705049,-1.3935320,0.3276748
seq-07/frame-000517,1,0.02553840,0.518825,917,736,655,0.78,62.18,39.99,15.80,118.75,0.812424999,-0.195760854,0.435204594,0.335022792,0.6714974,-1.3933747,0.3376449
seq-07/frame-000518,1,0.02280393,0.414048,1038,805,705,0.78,62.74,46.23,10.01,119.76,0.814474329,-0.189699507,0.440895726,0.325970278,0.6599665,-1.4019847,0.3524875
seq-07/frame-000519,1,0.01835387,0.440012,1196,929,842,0.80,69.77,54.85,10.60,136.03,0.814535420,-0.186300170,0.445448331,0.321558830,0.6474064,-1.3991529,0.3613292
seq-07/frame-000520,1,0.02241966,0.455598,1028,841,752,0.82,76.68,42.52,17.90,137.93,0.813994858,-0.184688989,0.447058485,0.321622540,0.6448456,-1.4027351,0.3727078
seq-07/frame-000521,1,0.02150726,0.393307,954,773,692,1.10,73.41,44.33,9.72,128.56,0.815940115,-0.181483808,0.445469557,0.320721420,0.6444862,-1.3957950,0.3757327
seq-07/frame-000522,1,0.02147241,0.511088,820,668,600,0.77,62.42,43.36,13.83,120.39,0.817235114,-0.178568499,0.445422896,0.319121456,0.6387006,-1.3977850,0.3834440
seq-07/frame-000523,1,0.01735463,0.524342,1096,861,772,0.79,76.09,45.22,12.51,134.62,0.818942724,-0.173843945,0.446722604,0.315515472,0.6243977,-1.3936534,0.3906631
seq-07/frame-000524,1,0.01555943,0.670628,846,704,633,0.78,54.21,44.25,19.46,118.70,0.819259983,-0.168623896,0.448486006,0.315022800,0.6061761,-1.3930024,0.4049481
seq-07/frame-000525,1,0.02020475,0.523720,1006,797,698,0.79,69.38,45.38,8.33,123.89,0.819138919,-0.163069376,0.450085797,0.315978774,0.5985972,-1.3920708,0.4130056
seq-07/frame-000526,1,0.00950631,0.535366,980,805,704,0.79,60.26,45.26,14.85,121.18,0.819017338,-0.156363746,0.453693545,0.314520503,0.5816555,-1.3794844,0.4091636
seq-07/frame-000527,1,0.01116924,0.534834,780,674,607,0.76,55.47,35.45,10.14,101.81,0.816210537,-0.152760251,0.459841473,0.314659315,0.5744903,-1.3803566,0.4159570
seq-07/frame-000528,1,0.02596343,0.665197,662,543,465,0.76,52.02,29.90,7.98,90.66,0.815668655,-0.148924964,0.461387495,0.315638371,0.5821252,-1.3808859,0.4194374
seq-07/frame-000529,1,0.01017121,0.412490,1173,921,825,0.81,64.37,71.43,21.83,158.44,0.816854770,-0.138370701,0.464108482,0.313377011,0.5397213,-1.3762274,0.4271548
seq-07/frame-000530,1,0.01233779,0.508463,1314,1034,923,0.83,73.30,66.65,15.35,156.14,0.817193640,-0.137099888,0.464674804,0.312210668,0.5292499,-1.3705971,0.4282734
seq-07/frame-000531,1,0.02461523,0.686894,1065,844,772,0.79,66.11,44.81,9.29,121.01,0.818476550,-0.135494489,0.464737692,0.309445081,0.5276166,-1.3624395,0.4334008
seq-07/frame-000532,1,0.01348147,0.563061,1147,919,845,0.80,81.17,46.82,14.55,143.34,0.817032476,-0.134370192,0.468634475,0.307870612,0.4974015,-1.3745305,0.4444545
seq-07/frame-000533,1,0.01447214,0.519415,1263,970,873,0.84,73.13,51.02,28.65,153.65,0.818310969,-0.132812637,0.468141261,0.305894953,0.4913145,-1.3619012,0.4442365
seq-07/frame-000534,1,0.01276165,0.511618,1165,937,826,0.82,71.30,57.44,14.74,144.32,0.819070841,-0.132660305,0.471120401,0.299282090,0.4745683,-1.3526816,0.4512761
seq-07/frame-000535,1,0.02175330,0.674772,759,595,527,0.74,55.04,34.63,8.85,99.26,0.817588764,-0.135431399,0.475353971,0.295373577,0.4512308,-1.3422060,0.4529664
seq-07/frame-000536,1,0.02442011,0.635518,993,766,677,0.76,77.97,62.07,7.88,148.68,0.816176681,-0.135675474,0.477552846,0.295619807,0.4411685,-1.3320157,0.4566049
seq-07/frame-000537,1,0.02832321,0.620245,855,652,586,0.78,60.93,38.61,16.61,116.95,0.814444936,-0.135062688,0.481779353,0.293813158,0.4293905,-1.3229126,0.4583315
seq-07/frame-000538,1,0.02377999,0.601401,902,692,618,0.76,65.57,41.16,7.86,115.36,0.811948544,-0.133653144,0.488736460,0.289850084,0.4157586,-1.3166069,0.4686039
seq-07/frame-000539,1,0.02218200,0.574460,914,729,639,0.77,64.69,44.29,9.45,119.21,0.808617330,-0.130631443,0.494849896,0.290167227,0.4066910,-1.3205913,0.4750245
seq-07/frame-000540,1,0.02217590,0.680471,876,626,560,0.76,71.97,30.88,12.85,116.46,0.806454191,-0.117706843,0.505100613,0.283989626,0.3819188,-1.3114319,0.4826765
seq-07/frame-000541,1,0.04165507,1.126369,1157,855,745,0.81,67.61,57.37,15.72,141.51,0.806764568,-0.113526805,0.504245959,0.286319068,0.3823536,-1.3150536,0.4696394
seq-07/frame-000542,1,0.04475289,1.175943,1140,886,797,0.78,66.66,50.08,10.31,127.83,0.806988980,-0.109205429,0.506188276,0.283930256,0.3761320,-1.3064759,0.4736398
seq-07/frame-000543,1,0.05423652,1.356145,666,524,476,1.11,77.85,32.92,11.15,123.04,0.808827740,-0.104175755,0.506589419,0.279843276,0.3692288,-1.2990211,0.4682790
seq-07/frame-000544,1,0.06704337,1.582922,665,538,464,1.62,60.07,26.08,9.94,97.71,0.810537568,-0.099044967,0.508238985,0.273700709,0.3653405,-1.3006274,0.4629719
seq-07/frame-000545,1,0.04667629,0.953365,1006,869,783,0.76,74.47,55.28,11.35,141.86,0.809756924,-0.093006420,0.516744608,0.261951408,0.3359206,-1.2955291,0.4776266
seq-07/frame-000546,1,0.07057472,1.702618,618,488,422,0.73,51.41,28.00,15.62,95.76,0.812382404,-0.087833815,0.515889537,0.257250919,0.3401215,-1.2797560,0.4725633
seq-07/frame-000547,1,0.06217565,1.491760,778,614,549,0.74,65.46,33.35,13.37,112.93,0.813208255,-0.081307213,0.518723765,0.251012204,0.3235397,-1.2801633,0.4803507
seq-07/frame-000548,1,0.03561121,0.963438,915,767,696,0.76,62.05,47.63,17.85,128.29,0.812070258,-0.076722387,0.524543508,0.243946059,0.2896872,-1.2842371,0.4989649
seq-07/frame-000549,1,0.06648513,1.521127,540,386,336,0.79,58.10,29.63,9.38,97.91,0.814525433,-0.070806831,0.522092552,0.242804613,0.3091112,-1.2664616,0.4876937
seq-07/frame-000550,1,0.03462206,0.990398,805,632,568,0.75,59.12,31.07,17.68,108.62,0.813503096,-0.055517720,0.531875894,0.228557496,0.2655024,-1.2663332,0.5080130
seq-07/frame-000551,1,0.05456523,1.290651,953,748,689,0.96,62.37,44.07,8.74,116.15,0.814702944,-0.050032813,0.530513277,0.228717062,0.2686142,-1.2574239,0.5024945
seq-07/frame-000552,1,0.05341747,1.254437,885,707,651,0.76,72.40,38.50,6.83,118.48,0.815671508,-0.045022761,0.530687865,0.225883447,0.2607748,-1.2477612,0.5095028
seq-07/frame-000553,1,0.05529907,1.320136,901,742,677,0.77,62.41,40.81,15.06,119.05,0.816667308,-0.042269424,0.530125240,0.224131734,0.2512288,-1.2506442,0.5134842
seq-07/frame-000554,1,0.05658229,1.352813,965,786,695,0.77,73.90,51.54,17.87,144.08,0.818034284,-0.041927448,0.528901845,0.222091956,0.2440943,-1.2477177,0.5192010
seq-07/frame-000555,1,0.04918998,1.187486,1134,893,801,0.80,66.46,51.31,23.71,142.28,0.817434472,-0.041506151,0.531570970,0.217968868,0.2180078,-1.2443610,0.5435669
seq-07/frame-000556,1,0.04259483,0.989195,807,657,601,1.06,70.29,35.17,10.04,116.57,0.816593284,-0.042430878,0.533982787,0.215028862,0.2027582,-1.2343864,0.5551085
seq-07/frame-000557,1,0.04276918,0.992329,1061,887,816,0.79,58.89,45.52,23.32,128.52,0.816779982,-0.044380648,0.534094522,0.213644239,0.1971279,-1.2310404,0.5598962
seq-07/frame-000558,1,0.04039849,0.918804,1049,895,831,0.77,62.40,47.31,9.45,119.93,0.816190964,-0.044773549,0.535099535,0.213298211,0.1873465,-1.2278595,0.5707964
seq-07/frame-000559,1,0.03786239,0.887474,1168,959,897,0.80,72.87,51.03,7.42,132.12,0.815530835,-0.044836494,0.536959098,0.211125726,0.1765726,-1.2181019,0.5805583
seq-07/frame-000560,1,0.04539912,1.060758,916,771,711,0.76,60.75,43.93,14.58,120.01,0.814921837,-0.042924799,0.538093288,0.210986907,0.1699545,-1.2151972,0.5906261
seq-07/frame-000561,1,0.04253945,0.927228,655,548,511,0.73,53.01,30.78,8.70,93.23,0.814544649,-0.043191638,0.537968782,0.212699523,0.1595990,-1.2023781,0.5941766
seq-07/frame-000562,1,0.03989447,0.982873,976,830,782,0.78,66.58,47.46,11.37,126.18,0.814263812,-0.045379169,0.538400559,0.212226325,0.1521586,-1.2018511,0.6062197
seq-07/frame-000563,1,0.03770547,0.915462,1109,967,901,0.78,81.42,47.86,9.31,139.38,0.814228928,-0.043947015,0.539906871,0.208807289,0.1347457,-1.1987551,0.6170491
seq-07/frame-000564,1,0.04596601,0.912287,617,484,435,0.72,54.13,23.51,6.32,84.67,0.814754205,-0.043630222,0.538270861,0.211036654,0.1420183,-1.1791776,0.6100903
seq-07/frame-000565,1,0.03471488,0.866962,1108,974,920,1.09,76.82,52.17,15.21,145.30,0.812842280,-0.051347334,0.542281394,0.206353502,0.1144898,-1.1826173,0.6399349
seq-07/frame-000566,1,0.02969893,0.737296,1086,929,871,0.77,67.09,60.03,7.69,135.59,0.813114097,-0.051050951,0.543021922,0.203387458,0.1081140,-1.1704828,0.6472005
seq-07/frame-000567,1,0.03755466,0.864433,1125,959,901,0.81,77.78,49.32,15.12,143.03,0.812303581,-0.052869157,0.544612118,0.201904396,0.1036536,-1.1720611,0.6505950
seq-07/frame-000568,1,0.03353496,0.779781,1110,967,900,0.80,70.22,46.05,12.28,129.36,0.812312718,-0.052114671,0.546653734,0.196473419,0.0972932,-1.1640503,0.6569199
seq-07/frame-000569,1,0.04012117,0.923565,959,835,793,0.76,71.72,55.23,15.10,142.81,0.812222825,-0.054882016,0.547214826,0.194519872,0.0894668,-1.1692589,0.6622965
seq-07/frame-000570,1,0.03685371,0.828495,1019,869,815,0.77,64.18,51.33,11.36,127.65,0.816202369,-0.052822380,0.543656105,0.188312317,0.0795774,-1.1501651,0.6672778
seq-07/frame-000571,1,0.03410774,0.730593,857,731,672,0.75,62.82,36.22,8.69,108.48,0.816524020,-0.049993190,0.546066736,0.180555605,0.0734946,-1.1328737,0.6696087
seq-07/frame-000572,1,0.04091301,0.925598,1136,905,841,0.80,59.26,55.00,14.01,129.08,0.814589544,-0.051797592,0.550197730,0.176191209,0.0638474,-1.1428472,0.6752477
seq-07/frame-000573,1,0.03959962,0.939224,945,805,750,0.78,63.15,44.28,13.95,122.17,0.814895116,-0.050418524,0.550612716,0.173866497,0.0547938,-1.1415653,0.6797617
seq-07/frame-000574,1,0.03545056,0.776171,825,714,663,0.74,50.19,40.41,7.28,98.63,0.815967071,-0.048431123,0.549430030,0.173143895,0.0412380,-1.1331691,0.6857918
seq-07/frame-000575,1,0.02922751,0.796221,790,656,615,0.75,54.78,34.16,10.55,100.24,0.820913612,-0.049377776,0.542493611,0.171357401,0.0228841,-1.1208800,0.6908667
seq-07/frame-000576,1,0.02875680,0.748639,925,783,732,0.78,67.47,44.82,13.24,126.31,0.822962487,-0.049149065,0.539746112,0.170268168,0.0115530,-1.1114377,0.6890322
seq-07/frame-000577,1,0.02520919,0.665793,926,818,768,0.76,60.42,41.67,14.55,117.40,0.824196900,-0.049645482,0.538837820,0.166998800,0.0044417,-1.0954143,0.6876523
seq-07/frame-000578,1,0.02822547,0.506351,835,723,680,0.75,55.95,38.33,9.75,104.78,0.824025351,-0.051514851,0.539238958,0.165981287,-0.0082574,-1.0890904,0.6845490
seq-07/frame-000579,1,0.02738058,0.534737,620,526,476,0.73,62.71,31.47,7.85,102.76,0.824005383,-0.055873429,0.539050770,0.165280233,-0.0199574,-1.0837275,0.6886856
seq-07/frame-000580,1,0.02795673,0.475469,791,704,657,0.75,77.53,35.71,7.35,121.35,0.825936089,-0.064370295,0.535889685,0.162813660,-0.0445826,-1.0677901,0.6866560
seq-07/frame-000581,1,0.02621644,0.328079,709,637,578,1.07,65.94,25.64,16.51,109.17,0.827255168,-0.066353017,0.534260252,0.160661593,-0.0529010,-1.0499459,0.6794708
seq-07/frame-000582,1,0.02876467,0.275110,701,568,500,1.10,61.54,32.31,8.55,103.51,0.826715047,-0.070399964,0.534445406,0.161103023,-0.0650875,-1.0424486,0.6746410
seq-07/frame-000583,1,0.02960144,0.567678,830,723,659,0.75,59.29,38.31,8.71,107.07,0.824777767,-0.075386916,0.537447149,0.158773452,-0.0841439,-1.0328144,0.6808758
seq-07/frame-000584,1,0.02133075,0.372425,947,819,771,0.79,64.55,51.95,21.39,138.68,0.825293607,-0.077691575,0.536940242,0.156683305,-0.0854928,-1.0196720,0.6719373
seq-07/frame-000585,1,0.01776884,0.425603,1391,1208,1111,0.82,66.43,69.99,11.66,148.90,0.823915572,-0.082903188,0.540118608,0.150206797,-0.1027270,-1.0000657,0.6649273
seq-07/frame-000586,1,0.02243346,0.372195,1179,1030,967,1.57,77.01,52.62,13.41,144.61,0.824542880,-0.085116248,0.538699223,0.150623405,-0.1094619,-0.9983625,0.6595627
seq-07/frame-000587,1,0.01630347,0.502795,1633,1395,1321,0.84,79.52,78.11,16.08,174.56,0.826283781,-0.086347751,0.537049833,0.146207579,-0.1193709,-0.9819548,0.6562502
seq-07/frame-000588,1,0.01612997,0.480753,1252,1044,987,0.83,69.93,52.08,15.64,138.48,0.826404995,-0.087866194,0.537143455,0.144260962,-0.1264639,-0.9735793,0.6533990
seq-07/frame-000589,1,0.01854851,0.460112,1306,1109,1034,0.82,74.95,60.78,15.98,152.54,0.825949935,-0.089709476,0.538330598,0.141276617,-0.1394770,-0.9646860,0.6520261
seq-07/frame-000590,1,0.01048033,0.432972,1778,1497,1386,0.85,85.45,71.13,12.58,170.03,0.830477162,-0.095782971,0.532469928,0.132699218,-0.1442046,-0.9468255,0.6407241
seq-07/frame-000591,1,0.01989528,0.505429,1290,1122,1034,0.84,66.10,55.95,22.88,145.78,0.831499640,-0.097855567,0.532058048,0.126280916,-0.1605053,-0.9416873,0.6415623
seq-07/frame-000592,1,0.02354843,0.490841,1452,1298,1219,0.80,76.03,64.28,8.35,149.46,0.833397068,-0.100994129,0.529600977,0.121541424,-0.1733511,-0.9328591,0.6383889
seq-07/frame-000593,1,0.01487864,0.313594,1068,910,835,0.80,61.70,46.51,16.54,125.55,0.836736182,-0.101051058,0.524719292,0.119711781,-0.1694743,-0.9291376,0.6355984
seq-07/frame-000594,1,0.03714949,0.536360,777,684,629,0.75,52.07,40.46,12.05,105.33,0.840718540,-0.104624415,0.518513808,0.115712999,-0.1990778,-0.9198200,0.6398295
seq-07/frame-000595,1,0.01851855,0.291155,832,739,680,0.76,49.31,33.78,15.57,99.42,0.845083024,-0.104760470,0.511227436,0.116217189,-0.1907222,-0.9048394,0.6345812
seq-07/frame-000596,1,0.02509939,0.446921,882,758,709,0.75,70.04,39.72,10.55,121.06,0.848758549,-0.105124579,0.505468076,0.114279362,-0.2027026,-0.9001960,0.6359744
seq-07/frame-000597,1,0.01897668,0.440534,814,713,666,0.74,56.26,39.41,13.98,110.40,0.852824725,-0.104800656,0.498752028,0.113812242,-0.2038388,-0.8910504,0.6340579
seq-07/frame-000598,1,0.01226490,0.554192,817,730,669,0.76,59.75,35.85,19.33,115.69,0.857639427,-0.102442203,0.491478662,0.111395392,-0.2044868,-0.8816467,0.6313790
seq-07/frame-000599,1,0.01293000,0.592063,911,828,775,1.00,75.13,40.91,11.82,128.86,0.862222413,-0.100653838,0.484677622,0.107372799,-0.2101436,-0.8723570,0.6291924
seq-07/frame-000600,1,0.02295329,0.637351,854,771,711,0.74,67.57,41.47,13.40,123.19,0.868772000,-0.100048784,0.474383080,0.100926437,-0.2326595,-0.8593093,0.6363143
seq-07/frame-000601,1,0.01590763,0.578170,742,657,613,1.03,68.25,27.12,11.19,107.59,0.872754511,-0.101613031,0.467010948,0.099373689,-0.2302924,-0.8484590,0.6318472
seq-07/frame-000602,1,0.01903693,0.643448,619,512,460,0.73,55.74,26.31,10.32,93.11,0.876258107,-0.103448161,0.460157357,0.098617514,-0.2356786,-0.8403968,0.6354653
seq-07/frame-000603,1,0.03149052,0.872403,655,559,492,0.72,45.62,28.94,11.72,87.00,0.879838539,-0.107646773,0.452935899,0.095631530,-0.2547335,-0.8344395,0.6414566
seq-07/frame-000604,1,0.02268211,0.795245,1077,961,895,0.75,68.86,53.89,9.07,132.58,0.883593444,-0.112241785,0.444684034,0.094448493,-0.2468675,-0.8341492,0.6437188
seq-07/frame-000605,1,0.02699193,1.075437,1015,900,827,0.77,64.76,51.16,12.05,128.74,0.886489648,-0.113075040,0.439461422,0.090685152,-0.2543456,-0.8261819,0.6457252
seq-07/frame-000606,1,0.02848864,1.016158,648,512,444,0.74,50.04,31.24,9.81,91.82,0.893077165,-0.115985917,0.425777663,0.087600381,-0.2579117,-0.8109202,0.6652031
seq-07/frame-000607,1,0.02890330,0.863589,866,745,650,0.75,66.93,36.69,15.54,119.92,0.898118311,-0.114472628,0.415647522,0.086698640,-0.2656611,-0.8014782,0.6580763
seq-07/frame-000608,1,0.04104445,1.208642,801,680,594,0.74,55.66,30.78,8.48,95.67,0.901085669,-0.116238878,0.409610835,0.082171186,-0.2800889,-0.7880927,0.6692176
seq-07/frame-000609,1,0.02930612,0.975475,758,613,537,1.05,65.64,35.55,15.41,117.65,0.905306804,-0.117289481,0.399966548,0.081789536,-0.2724387,-0.7734770,0.6666327
seq-07/frame-000610,1,0.03042345,0.926145,814,648,554,0.75,63.61,30.82,19.60,114.78,0.908518290,-0.119848346,0.391766153,0.082159427,-0.2728478,-0.7720528,0.6728053
seq-07/frame-000611,1,0.05490879,1.321225,888,696,584,0.74,64.93,45.17,10.05,120.90,0.909929952,-0.124296193,0.387489741,0.080185027,-0.2964017,-0.7676447,0.6846695
seq-07/frame-000612,1,0.05313378,1.137100,1390,1056,932,0.79,72.63,60.59,14.38,148.39,0.916166181,-0.127395498,0.371333910,0.080752976,-0.2784509,-0.7551227,0.6938669
seq-07/frame-000613,1,0.08172906,1.704600,1132,839,719,0.76,67.29,48.05,18.45,134.55,0.917743060,-0.129819123,0.367203439,0.077822271,-0.2978327,-0.7460905,0.7016791
seq-07/frame-000614,1,0.07849485,1.630481,1361,1018,884,0.77,84.73,58.31,16.54,160.36,0.921025576,-0.130945207,0.358536766,0.077566924,-0.2854483,-0.7284299,0.7029160
seq-07/frame-000615,1,0.07866454,1.522989,1284,950,833,0.78,83.08,54.53,19.52,157.91,0.923373712,-0.133548104,0.351136736,0.079049887,-0.2883379,-0.7388493,0.7031868
seq-07/frame-000616,1,0.09043301,1.757504,1541,1101,955,0.78,83.92,67.22,22.18,174.10,0.925724465,-0.134301956,0.345183907,0.076454371,-0.2971794,-0.7254516,0.7111206
seq-07/frame-000617,1,0.07133929,1.353328,1625,1164,1014,0.80,81.99,83.46,30.43,196.68,0.928667211,-0.138402617,0.335658945,0.075861718,-0.2748098,-0.7304425,0.7078671
seq-07/frame-000618,1,0.08562967,1.589402,1563,1139,982,0.80,86.53,67.96,11.85,167.15,0.930089388,-0.137637806,0.332195973,0.075069307,-0.2929542,-0.7268113,0.7166669
seq-07/frame-000619,1,0.10038358,1.899448,1620,1083,914,0.78,79.88,69.27,9.68,159.61,0.931851761,-0.140133967,0.327116238,0.070779470,-0.3080461,-0.7143995,0.7251489
seq-07/frame-000620,1,0.09873004,1.905704,1768,1169,966,0.82,78.25,74.93,10.20,164.20,0.935883084,-0.144199436,0.314024961,0.068685516,-0.3054509,-0.7097565,0.7338287
seq-07/frame-000621,1,0.10809479,2.148873,1788,1131,943,1.29,84.44,95.51,9.30,190.54,0.937310416,-0.147603142,0.308816205,0.065536612,-0.3188733,-0.7050715,0.7380469
seq-07/frame-000622,1,0.08618842,1.753075,1866,1156,969,0.83,90.26,88.71,13.88,193.68,0.940422677,-0.149711051,0.297918966,0.066603900,-0.2903110,-0.7007301,0.7319347
seq-07/frame-000623,1,0.09988668,1.954641,2037,1289,1069,0.84,98.17,97.81,12.53,209.36,0.941230843,-0.151506260,0.294500242,0.066332196,-0.3122627,-0.7057601,0.7432161
seq-07/frame-000624,1,0.08378942,1.580158,2097,1361,1112,0.84,97.80,96.13,24.80,219.57,0.943883926,-0.153463244,0.285343564,0.064118781,-0.3016477,-0.6972319,0.7372714
seq-07/frame-000625,1,0.07909274,1.548070,1809,1085,902,0.82,88.53,87.59,10.79,187.74,0.945590976,-0.154885796,0.279084721,0.063085776,-0.2977271,-0.6972538,0.7427083
seq-07/frame-000626,1,0.09119351,1.845786,1964,1163,952,0.81,81.25,90.02,18.05,190.15,0.947438199,-0.153542403,0.273825223,0.061687418,-0.3129439,-0.6868853,0.7505731
seq-07/frame-000627,1,0.06051710,1.140112,2079,1349,1102,0.83,89.93,98.66,16.47,205.89,0.950508690,-0.158548914,0.260558054,0.059202812,-0.2896914,-0.6980342,0.7391325
seq-07/frame-000628,1,0.05465490,0.957263,1912,1130,918,0.83,86.87,82.96,8.92,179.57,0.952398880,-0.160854304,0.252754476,0.056368797,-0.2892349,-0.7046769,0.7433768
seq-07/frame-000629,1,0.07408417,1.441070,1856,999,769,0.90,89.07,76.28,20.52,186.77,0.953926784,-0.157544667,0.249605571,0.053855617,-0.3127055,-0.6873206,0.7537899
seq-07/frame-000630,1,0.05659460,1.041564,1839,1109,876,0.82,85.02,83.03,12.55,181.43,0.955996878,-0.163093481,0.238321452,0.051704658,-0.3025685,-0.7035898,0.7510899
seq-07/frame-000631,1,0.05677837,1.018449,1736,1056,816,0.82,86.57,85.26,9.88,182.53,0.958428659,-0.160865682,0.230138247,0.050725976,-0.3017093,-0.6982532,0.7586397
seq-07/frame-000632,1,0.05844671,1.071932,1764,1085,836,0.83,80.57,80.23,11.34,172.98,0.960491146,-0.161893593,0.221546138,0.046524542,-0.3112492,-0.7039510,0.7618016
seq-07/frame-000633,1,0.05859115,0.966708,1673,936,698,0.83,78.85,70.51,10.39,160.58,0.962841318,-0.161770068,0.211625763,0.044514919,-0.3131637,-0.6989049,0.7670161
seq-07/frame-000634,1,0.06356271,1.167830,1599,829,593,0.83,82.30,86.84,12.66,182.64,0.964285726,-0.162189302,0.205051627,0.042444069,-0.3230056,-0.6993568,0.7790655
seq-07/frame-000635,1,0.06483542,1.205157,1681,841,596,0.85,83.06,89.04,19.98,192.94,0.966243477,-0.163321894,0.195220544,0.039855263,-0.3329264,-0.7059194,0.7841457
seq-07/frame-000636,1,0.08006624,1.668842,1771,927,653,0.86,85.05,88.60,13.80,188.30,0.968038984,-0.163102585,0.187267163,0.035058263,-0.3507559,-0.6966541,0.7952336
seq-07/frame-000637,1,0.04892887,0.868679,1670,814,565,0.87,77.82,101.54,20.56,200.80,0.971033619,-0.163355497,0.170558805,0.036309589,-0.3259915,-0.6991275,0.7872756
seq-07/frame-000638,1,0.01310326,1.430321,1719,682,439,0.86,88.51,97.29,24.63,211.29,0.975216549,-0.163327010,0.145991889,0.031037710,-0.2967595,-0.6946626,0.7633000
seq-07/frame-000639,1,0.06146452,1.246625,1840,917,639,0.88,81.50,105.14,12.35,199.88,0.973523330,-0.168106263,0.151767633,0.030970884,-0.3428946,-0.7044584,0.8074852
seq-07/frame-000640,1,0.03685285,0.923178,1881,873,589,0.89,85.38,126.82,53.24,266.32,0.976270342,-0.166850720,0.135196431,0.027910223,-0.3250651,-0.6972978,0.7975027
seq-07/frame-000641,1,0.05031278,1.129578,1806,830,517,0.87,89.65,112.02,16.40,218.93,0.976526193,-0.169771199,0.130073023,0.025599688,-0.3433089,-0.7058836,0.8078292
seq-07/frame-000642,1,0.03594592,0.571985,1824,832,560,0.88,86.59,115.97,31.00,234.44,0.978129204,-0.170695966,0.115909074,0.026291324,-0.3253222,-0.7057831,0.8161373
seq-07/frame-000643,1,0.03487387,0.706621,1754,880,569,0.88,81.94,117.66,41.88,242.37,0.979500072,-0.169172727,0.106855343,0.023283758,-0.3302000,-0.7037226,0.8183411
seq-07/frame-000644,1,0.01854627,0.830794,1873,849,551,0.91,103.87,130.31,17.69,252.78,0.981007004,-0.169471486,0.092430562,0.019006974,-0.3222945,-0.7033718,0.8103355
seq-07/frame-000645,1,0.04094472,2.125612,1946,990,728,0.92,141.94,93.07,14.87,250.80,0.982881277,-0.170570310,0.067871795,0.015607178,-0.2757838,-0.7051482,0.7857260
seq-07/frame-000646,1,0.02974919,1.892787,1775,827,591,0.91,118.78,92.34,17.62,229.66,0.982825772,-0.173489101,0.061742547,0.011953759,-0.2887717,-0.7164110,0.7986095
seq-07/frame-000647,1,0.02839088,0.619518,1813,765,461,1.24,97.02,106.03,12.63,216.92,0.982534113,-0.171892351,0.069750390,0.014649870,-0.3383557,-0.7092015,0.8375166
seq-07/frame-000648,1,0.03370838,1.983219,1769,718,466,0.92,129.67,115.90,17.47,263.96,0.983741577,-0.174584514,0.041212855,0.008617305,-0.2901458,-0.7223267,0.8109679
seq-07/frame-000649,1,0.03992202,2.200151,1932,1004,744,0.91,121.72,129.21,14.26,266.11,0.983754293,-0.176927188,0.030158335,0.003838856,-0.2873104,-0.7327911,0.8162304
seq-07/frame-000650,1,0.02707901,1.678427,1834,871,631,0.91,75.31,110.41,11.35,197.98,0.984205382,-0.175153787,0.025694466,0.000843844,-0.3018382,-0.7277599,0.8237995
seq-07/frame-000651,1,0.04666012,1.669759,1754,848,576,0.90,79.82,101.40,17.52,199.64,0.983939734,-0.177914096,0.014435261,0.000892785,-0.2919010,-0.7418261,0.8193738
seq-07/frame-000652,1,0.04674511,1.684008,1754,848,576,0.90,77.95,97.62,28.64,205.11,0.983939734,-0.177914096,0.014435261,0.000892785,-0.2919010,-0.7418261,0.8193738
seq-07/frame-000653,1,0.04455957,1.722666,1717,797,528,0.90,84.07,96.84,22.57,204.37,0.984974748,-0.172638821,0.003619259,-0.002735554,-0.2957333,-0.7272400,0.8191942
seq-07/frame-000654,1,0.03489274,1.867653,1891,1066,797,0.92,89.79,99.89,22.25,212.86,0.983345816,-0.181401781,-0.005641310,-0.009621665,-0.3075675,-0.7504793,0.8514686
seq-07/frame-000655,1,0.04881028,2.259457,1866,989,732,0.92,94.75,96.47,14.42,206.57,0.982691279,-0.183949733,-0.018591272,-0.011606456,-0.2937881,-0.7610773,0.8666231
seq-07/frame-000656,1,0.04901666,2.274078,1866,989,732,0.93,89.35,88.78,13.47,192.54,0.982691279,-0.183949733,-0.018591272,-0.011606456,-0.2937881,-0.7610773,0.8666231
seq-07/frame-000657,1,0.04653707,1.526673,1675,803,574,0.90,106.24,84.70,38.13,229.98,0.983131958,-0.181077112,-0.023630287,-0.010209946,-0.3015763,-0.7599105,0.8579451
seq-07/frame-000658,1,0.03778682,1.496133,1636,827,607,0.91,77.41,87.18,14.82,180.32,0.983046986,-0.179704077,-0.033145041,-0.015049044,-0.3136378,-0.7572095,0.8684064
seq-07/frame-000659,1,0.03787418,1.501978,1636,827,607,0.89,90.49,72.67,14.23,178.28,0.983046986,-0.179704077,-0.033145041,-0.015049044,-0.3136378,-0.7572095,0.8684064
seq-07/frame-000660,1,0.05524494,2.105054,1815,1052,815,0.90,85.43,89.50,11.17,187.00,0.981192682,-0.186854594,-0.046129582,-0.014776451,-0.3038792,-0.7768546,0.8968244
seq-07/frame-000661,1,0.06322018,1.202453,1766,1062,778,0.90,86.95,84.31,23.63,195.80,0.982045821,-0.183598134,-0.041330399,-0.013020298,-0.3316542,-0.7806611,0.8628445
seq-07/frame-000662,1,0.05708720,1.303571,1596,867,658,0.89,79.17,79.10,26.70,185.87,0.981134631,-0.184999510,-0.053980854,-0.015365025,-0.3279123,-0.7813238,0.8811929
seq-07/frame-000663,1,0.05712361,1.305167,1596,867,658,0.92,73.94,74.96,17.48,167.30,0.981134631,-0.184999510,-0.053980854,-0.015365025,-0.3279123,-0.7813238,0.8811929
seq-07/frame-000664,1,0.04488242,1.372979,1716,898,674,0.89,85.15,80.12,21.14,187.31,0.980707470,-0.182469045,-0.066037747,-0.023599185,-0.3415207,-0.7754248,0.8998264
seq-07/frame-000665,1,0.05112061,1.525931,1717,1074,871,0.89,85.90,80.78,10.06,177.64,0.979953878,-0.183083283,-0.073816090,-0.026871808,-0.3483306,-0.7802320,0.9036273
seq-07/frame-000666,1,0.04985946,1.470976,1657,1018,795,0.88,76.18,79.70,12.07,168.84,0.979524794,-0.181532608,-0.081505452,-0.030560623,-0.3575935,-0.7779186,0.9075826
seq-07/frame-000667,1,0.04840249,1.681340,1715,1038,827,0.89,79.22,87.99,15.11,183.22,0.977474900,-0.186042361,-0.095071408,-0.029874543,-0.3469437,-0.7872022,0.9323719
seq-07/frame-000668,1,0.04843870,1.693574,1715,1038,827,0.88,86.17,80.87,14.74,182.66,0.977474900,-0.186042361,-0.095071408,-0.029874543,-0.3469437,-0.7872022,0.9323719
seq-07/frame-000669,1,0.05085406,1.585497,1777,1213,991,0.87,92.68,82.37,13.86,189.78,0.976372545,-0.186259645,-0.105837432,-0.028327287,-0.3347843,-0.7912730,0.9386682
seq-07/frame-000670,1,0.04992384,1.532691,1878,1348,1160,0.88,77.37,91.35,12.92,182.51,0.975775402,-0.185491936,-0.111506325,-0.031960076,-0.3473242,-0.7953779,0.9442996
seq-07/frame-000671,1,0.04987679,1.531062,1878,1348,1160,0.83,98.48,96.26,9.37,204.95,0.975775402,-0.185491936,-0.111506325,-0.031960076,-0.3473242,-0.7953779,0.9442996
seq-07/frame-000672,1,0.06203665,1.863785,1876,1333,1123,1.35,88.48,93.70,18.00,201.54,0.974111350,-0.188286524,-0.120731827,-0.032849482,-0.3409602,-0.8094695,0.9552347
seq-07/frame-000673,1,0.04679735,1.049460,1617,1071,873,0.85,82.81,82.41,14.32,180.40,0.974812370,-0.181076390,-0.126071003,-0.032531321,-0.3494394,-0.7955543,0.9463398
seq-07/frame-000674,1,0.05231875,1.490940,1735,1271,1077,0.88,70.73,87.75,9.75,169.12,0.972919210,-0.183467224,-0.136197832,-0.034901855,-0.3515732,-0.8053641,0.9606061
seq-07/frame-000675,1,0.05233177,1.496863,1735,1271,1077,1.80,84.26,79.48,9.66,175.20,0.972919210,-0.183467224,-0.136197832,-0.034901855,-0.3515732,-0.8053641,0.9606061
seq-07/frame-000676,1,0.05209354,1.527831,1781,1320,1136,0.87,91.07,77.51,17.83,187.28,0.971625931,-0.183021150,-0.145110296,-0.037273462,-0.3510778,-0.8073653,0.9722222
seq-07/frame-000677,1,0.05138508,1.109495,1531,1027,840,0.87,90.71,72.38,9.45,173.41,0.971616893,-0.179691985,-0.149237524,-0.037410755,-0.3581663,-0.8066879,0.9586140
seq-07/frame-000678,1,0.04760295,0.950270,1435,937,774,0.88,78.59,74.74,31.02,185.23,0.971121640,-0.176651217,-0.155171447,-0.040483700,-0.3734491,-0.8005219,0.9538343
seq-07/frame-000679,1,0.04244688,1.272621,1734,1271,1087,0.89,85.36,86.13,18.34,190.73,0.968600466,-0.178385000,-0.166887212,-0.046266484,-0.3787335,-0.8059542,0.9761428
seq-07/frame-000680,1,0.04280411,1.285707,1734,1271,1087,0.87,75.79,76.85,17.95,171.46,0.968600466,-0.178385000,-0.166887212,-0.046266484,-0.3787335,-0.8059542,0.9761428
seq-07/frame-000681,1,0.04450397,1.104064,1703,1226,1075,0.89,82.23,83.09,15.42,181.63,0.967477202,-0.176869896,-0.174626212,-0.047016894,-0.3735897,-0.8047724,0.9749560
seq-07/frame-000682,1,0.04825556,1.145920,1355,866,707,0.85,71.21,66.40,19.32,157.79,0.966126390,-0.177547804,-0.180409281,-0.050289836,-0.3849457,-0.8107433,0.9746398
seq-07/frame-000683,1,0.04421174,0.786168,1292,826,673,0.85,75.57,62.37,11.54,150.33,0.964835791,-0.175818835,-0.188594348,-0.051105823,-0.3929843,-0.8055146,0.9707353
seq-07/frame-000684,1,0.04008619,0.851310,1377,944,790,0.85,83.08,58.05,22.75,164.74,0.962478601,-0.175511159,-0.199556107,-0.054846470,-0.3991435,-0.8029856,0.9771845
seq-07/frame-000685,1,0.03992862,0.842456,1377,944,790,0.83,72.89,59.45,12.30,145.47,0.962478601,-0.175511159,-0.199556107,-0.054846470,-0.3991435,-0.8029856,0.9771845
seq-07/frame-000686,1,0.03962465,0.957149,1545,1088,923,0.85,73.45,62.85,10.18,147.35,0.959049135,-0.178487949,-0.212254155,-0.057575875,-0.3938765,-0.8141469,0.9917834
seq-07/frame-000687,1,0.04183417,1.136441,1582,1145,978,1.74,87.98,84.36,14.90,188.99,0.956492678,-0.179372289,-0.221854285,-0.061057479,-0.3962589,-0.8220788,1.0026402
seq-07/frame-000688,1,0.03824895,0.793095,1239,754,604,0.88,68.82,59.89,17.85,147.44,0.956148066,-0.175773195,-0.225942640,-0.061924014,-0.4094546,-0.8167130,0.9910770
seq-07/frame-000689,1,0.04542348,1.061693,1319,875,700,1.14,92.10,59.87,23.59,176.70,0.952404967,-0.179910780,-0.237863225,-0.063071198,-0.4117631,-0.8349132,1.0011489
seq-07/frame-000690,1,0.03019566,0.931244,1558,1122,936,0.84,87.06,69.67,19.09,176.67,0.948908979,-0.177682927,-0.253183311,-0.062439875,-0.4011565,-0.8257912,1.0226539
seq-07/frame-000691,1,0.03038400,1.158196,1558,1122,936,0.84,86.57,79.96,15.22,182.59,0.948908979,-0.177682927,-0.253183311,-0.062439875,-0.4011565,-0.8257912,1.0226539
seq-07/frame-000692,1,0.03814066,1.088901,1540,1081,913,0.85,73.81,66.10,9.50,150.26,0.948117195,-0.174942457,-0.256480401,-0.068459665,-0.4178931,-0.8322477,1.0050574
seq-07/frame-000693,1,0.03993543,1.146215,1465,1056,899,0.87,71.64,60.27,21.05,153.84,0.945389036,-0.176296917,-0.264884821,-0.070675313,-0.4199915,-0.8379697,1.0075882
seq-07/frame-000694,1,0.03559234,1.003397,1574,1136,970,0.85,87.15,74.70,16.00,178.69,0.942414398,-0.176670921,-0.274850335,-0.071412758,-0.4178284,-0.8420291,1.0169969
seq-07/frame-000695,1,0.03709653,1.023289,1542,1127,955,0.85,70.98,73.23,15.04,160.10,0.940776543,-0.175788813,-0.280691797,-0.072456228,-0.4232575,-0.8450058,1.0150000
seq-07/frame-000696,1,0.03546673,1.018931,1497,1135,975,0.85,77.53,69.40,28.88,176.66,0.939130591,-0.174647401,-0.286378639,-0.074291949,-0.4310490,-0.8434584,1.0108264
seq-07/frame-000697,1,0.03979433,1.206635,1380,960,800,0.83,77.81,68.64,14.09,161.39,0.935697727,-0.178766563,-0.295013081,-0.074024056,-0.4343442,-0.8560680,1.0258749
seq-07/frame-000698,1,0.04000149,1.051889,1317,861,684,0.81,82.27,71.74,17.64,172.46,0.934118958,-0.175794193,-0.302004061,-0.072881558,-0.4434985,-0.8581650,1.0154061
seq-07/frame-000699,1,0.02959325,0.846708,1349,1018,859,0.83,74.93,68.69,18.86,163.32,0.931194011,-0.173809191,-0.312468950,-0.070931191,-0.4382641,-0.8524210,1.0203894
seq-07/frame-000700,1,0.02862249,0.976398,1590,1281,1087,0.84,75.77,70.89,14.39,161.89,0.926937101,-0.175315315,-0.323876494,-0.071806466,-0.4362223,-0.8562850,1.0395830
seq-07/frame-000701,1,0.03284249,1.044785,1591,1180,1009,0.80,79.72,65.25,9.89,155.66,0.923941309,-0.174249369,-0.332687189,-0.072724469,-0.4337015,-0.8642197,1.0463648
seq-07/frame-000702,1,0.01183615,0.377002,1378,989,867,0.81,81.54,70.08,19.89,172.32,0.924125460,-0.168294494,-0.335313278,-0.072347104,-0.4423758,-0.8527488,1.0292524
seq-07/frame-000703,1,0.03588064,1.186806,1216,838,696,0.80,59.79,55.21,17.24,133.04,0.921330704,-0.171130678,-0.340704987,-0.076053514,-0.4573969,-0.8712352,1.0234669
seq-07/frame-000704,1,0.03024569,0.911876,1216,838,696,0.79,75.35,54.53,21.83,152.51,0.921330704,-0.171130678,-0.340704987,-0.076053514,-0.4573969,-0.8712352,1.0234669
seq-07/frame-000705,1,0.03784398,0.996627,1340,926,762,0.80,68.46,64.67,18.10,152.04,0.917313510,-0.171947515,-0.350716453,-0.077252489,-0.4632318,-0.8848085,1.0227914
seq-07/frame-000706,1,0.02437527,0.879996,1563,1190,1037,0.84,75.18,73.05,17.01,166.08,0.911772123,-0.166587541,-0.368171919,-0.073277727,-0.4364052,-0.8661260,1.0497817
seq-07/frame-000707,1,0.02087156,0.689832,1528,1213,1066,0.82,83.35,74.31,22.10,180.57,0.910562629,-0.164779240,-0.370830068,-0.078794421,-0.4546066,-0.8776689,1.0381954
seq-07/frame-000708,1,0.01738263,0.595675,1284,889,730,0.78,76.70,57.87,17.83,153.19,0.907513174,-0.158742263,-0.380760919,-0.079005415,-0.4479220,-0.8718919,1.0440047
seq-07/frame-000709,1,0.01469219,0.610267,1360,1073,937,2.94,72.40,59.43,15.44,150.22,0.905117884,-0.154150233,-0.387916959,-0.080744999,-0.4496039,-0.8798807,1.0375650
seq-07/frame-000710,1,0.01649842,0.613244,1311,1048,912,0.79,88.52,57.15,13.01,159.47,0.902994481,-0.152064890,-0.393260002,-0.082606339,-0.4466222,-0.8859144,1.0313655
seq-07/frame-000711,1,0.01285871,0.416885,1059,763,611,2.08,71.32,56.02,16.03,145.45,0.899505511,-0.151545044,-0.401975170,-0.079623475,-0.4492022,-0.8806636,1.0316869
seq-07/frame-000712,1,0.01204770,0.502853,1144,854,730,0.76,74.03,61.34,12.14,148.27,0.896865070,-0.149889240,-0.408041407,-0.081660714,-0.4580035,-0.8895883,1.0161765
seq-07/frame-000713,1,0.01417440,0.612808,1371,1070,943,0.81,72.46,65.95,20.79,160.00,0.891808675,-0.150969844,-0.418441748,-0.082412960,-0.4439885,-0.8968331,1.0196815
seq-07/frame-000714,1,0.00363123,0.270899,1289,1031,909,0.79,69.08,64.28,11.75,145.91,0.888768787,-0.149677079,-0.425414829,-0.081908724,-0.4490780,-0.8917768,1.0168190
seq-07/frame-000715,1,0.00650390,0.456682,1379,1118,1016,0.78,76.55,68.93,16.88,163.15,0.884846434,-0.145967183,-0.434316500,-0.084318129,-0.4397223,-0.8974466,1.0127871
seq-07/frame-000716,1,0.01983437,0.741664,1537,1212,1094,0.83,73.06,63.59,8.64,146.13,0.880624596,-0.148481800,-0.441320406,-0.087691361,-0.4332884,-0.9140927,1.0137833
seq-07/frame-000717,1,0.01315841,0.565883,1377,1155,1010,0.81,73.77,66.33,14.97,155.89,0.877356757,-0.147731505,-0.448035693,-0.087661520,-0.4319395,-0.9096753,1.0109216
seq-07/frame-000718,1,0.01122133,0.582502,1482,1301,1162,1.08,91.67,70.58,18.49,181.83,0.874249210,-0.144502258,-0.454630856,-0.090101058,-0.4297821,-0.9126588,1.0005155
seq-07/frame-000719,1,0.02849925,0.927189,1841,1501,1366,0.82,91.62,89.78,30.87,213.08,0.869078708,-0.144332070,-0.463823945,-0.093476208,-0.4110288,-0.9285004,1.0076777
seq-07/frame-000720,1,0.02558632,0.907683,1839,1533,1402,0.84,95.73,103.92,16.39,216.87,0.866608995,-0.144954665,-0.467359414,-0.097735222,-0.4137269,-0.9379542,1.0011041
seq-07/frame-000721,1,0.03030392,0.931790,1621,1372,1229,0.81,78.82,83.22,23.64,186.50,0.862965159,-0.144015823,-0.473951228,-0.099603265,-0.4007306,-0.9425812,1.0008062
seq-07/frame-000722,1,0.02317038,0.681071,1517,1276,1169,0.82,78.60,83.86,9.77,173.06,0.860752814,-0.142834396,-0.478261945,-0.099842078,-0.3956777,-0.9392594,0.9913773
seq-07/frame-000723,1,0.02198111,0.669582,1525,1289,1170,0.82,75.79,91.98,16.18,184.76,0.856981082,-0.144332320,-0.484152797,-0.101723524,-0.3892272,-0.9457946,0.9892731
seq-07/frame-000724,1,0.02474802,0.692736,1836,1536,1388,0.83,80.91,107.46,14.88,204.09,0.852757148,-0.144517904,-0.491023079,-0.104000757,-0.3789272,-0.9559940,0.9884291
seq-07/frame-000725,1,0.02396854,0.622749,2079,1658,1502,0.88,81.57,123.99,20.37,226.80,0.849568326,-0.143932995,-0.496227913,-0.106182910,-0.3679999,-0.9596218,0.9851477
seq-07/frame-000726,1,0.02325110,0.667827,2099,1743,1598,0.89,87.45,107.65,22.15,218.15,0.847192854,-0.144242746,-0.499490833,-0.109394725,-0.3627216,-0.9683876,0.9808986
seq-07/frame-000727,1,0.02118644,0.538886,2087,1745,1590,0.86,110.88,112.57,15.68,240.00,0.845572676,-0.140355553,-0.503228092,-0.109857435,-0.3535414,-0.9635996,0.9724382
seq-07/frame-000728,1,0.02079322,0.415897,2342,1867,1708,0.92,130.51,113.77,25.79,270.99,0.842551734,-0.139559742,-0.508351130,-0.110493359,-0.3347464,-0.9678167,0.9782115
seq-07/frame-000729,1,0.02293045,0.458235,2188,1770,1628,0.87,125.00,103.51,21.17,250.56,0.840915455,-0.140265619,-0.510058725,-0.114135226,-0.3251430,-0.9765436,0.9715951
seq-07/frame-000730,1,0.02025032,0.465812,2199,1801,1626,0.92,99.47,103.12,14.60,218.11,0.838242267,-0.141537559,-0.513592889,-0.116358777,-0.3168214,-0.9823642,0.9705886
seq-07/frame-000731,1,0.02333324,0.546463,2185,1809,1673,0.89,95.38,112.23,17.85,226.35,0.836002102,-0.140312578,-0.517343099,-0.117341317,-0.3001607,-0.9827438,0.9680316
seq-07/frame-000732,1,0.02181440,0.526945,2047,1671,1530,0.87,95.32,94.77,16.32,207.28,0.833768880,-0.141926589,-0.520354232,-0.117973602,-0.2883502,-0.9859523,0.9659973
seq-07/frame-000733,1,0.02351206,0.533377,2166,1832,1700,1.26,104.61,104.88,16.27,227.02,0.831242773,-0.143256573,-0.523865652,-0.118649845,-0.2787995,-0.9921678,0.9613307
seq-07/frame-000734,1,0.02634624,0.554736,1927,1549,1421,0.86,88.50,86.91,12.56,188.84,0.828695331,-0.143987462,-0.527500926,-0.119475655,-0.2598946,-0.9965355,0.9640322
seq-07/frame-000735,1,0.03467713,0.562428,1737,1369,1242,0.81,78.41,84.01,21.14,184.37,0.825957650,-0.146532377,-0.530352121,-0.122673760,-0.2376563,-0.9998671,0.9627783
seq-07/frame-000736,1,0.03173337,0.850540,2487,2072,1916,0.89,95.65,143.14,19.78,259.46,0.826058692,-0.150456598,-0.527692497,-0.128570911,-0.2553404,-1.0136955,0.9481411
seq-07/frame-000737,1,0.02710411,0.647991,1909,1548,1437,0.85,126.07,105.45,11.39,243.77,0.822410569,-0.149487952,-0.534176304,-0.126292851,-0.2253825,-1.0129787,0.9586513
seq-07/frame-000738,1,0.03537267,0.583492,1785,1414,1273,0.80,123.84,105.75,19.30,249.69,0.818833749,-0.153079792,-0.538132687,-0.128417598,-0.1981365,-1.0200999,0.9643999
seq-07/frame-000739,1,0.02658862,0.809068,2721,2268,2131,0.93,131.49,140.37,21.43,294.22,0.817412968,-0.159084674,-0.536543763,-0.136560962,-0.2088164,-1.0439620,0.9592155
seq-07/frame-000740,1,0.02546382,0.805216,2747,2342,2189,0.93,110.95,140.80,16.55,269.24,0.816770909,-0.159607827,-0.536955038,-0.138166242,-0.1993653,-1.0509595,0.9597308
seq-07/frame-000741,1,0.02421254,0.684260,2569,2076,1926,0.88,105.41,129.76,14.57,250.62,0.815326045,-0.159687321,-0.539201908,-0.137857543,-0.1784991,-1.0501862,0.9646182
seq-07/frame-000742,1,0.02459430,0.708110,2938,2472,2322,0.92,117.22,164.03,21.75,303.92,0.813673187,-0.163606571,-0.539921044,-0.140193082,-0.1711779,-1.0638570,0.9637374
seq-07/frame-000743,1,0.01586231,0.877994,1765,1457,1325,0.87,88.59,108.97,13.29,211.73,0.811556856,-0.165117978,-0.541983597,-0.142707055,-0.1624686,-1.0814583,0.9850684
seq-07/frame-000744,1,0.01900116,0.918441,1474,1150,1007,0.78,87.38,73.85,13.33,175.35,0.813745006,-0.159613031,-0.540328662,-0.142785440,-0.1466451,-1.0922565,0.9870779
seq-07/frame-000745,1,0.01821239,0.786052,1817,1470,1360,0.83,82.61,114.11,11.28,208.82,0.817018101,-0.155710491,-0.537057089,-0.140731478,-0.1323470,-1.0934122,0.9856142
seq-07/frame-000746,1,0.01293905,0.797965,1600,1290,1164,0.81,69.08,76.87,9.09,155.85,0.818830651,-0.152285226,-0.535508209,-0.139844675,-0.1250136,-1.0982223,0.9880025
seq-07/frame-000747,1,0.01864273,0.755435,1647,1339,1221,0.81,93.34,86.47,20.71,201.35,0.820493173,-0.148618687,-0.534636592,-0.137357760,-0.1060358,-1.1071522,0.9931103
seq-07/frame-000748,1,0.01568459,0.723433,1391,1096,983,0.79,89.28,56.28,17.36,163.72,0.822228923,-0.147537898,-0.532927679,-0.134759994,-0.0959880,-1.1151104,1.0037988
seq-07/frame-000749,1,0.01573097,0.860299,1293,972,852,0.77,70.61,56.57,20.96,148.91,0.825436826,-0.143790390,-0.529372067,-0.133205045,-0.0917581,-1.1264921,0.9986700
seq-07/frame-000750,1,0.01746500,0.785463,1046,790,719,0.76,62.07,58.81,12.06,133.71,0.827024667,-0.139099854,-0.529118596,-0.129286284,-0.0713164,-1.1304765,1.0101655
seq-07/frame-000751,1,0.01114314,0.698984,885,659,554,0.74,69.91,37.14,21.21,129.00,0.830646441,-0.134122932,-0.525294815,-0.126897151,-0.0633550,-1.1338255,1.0131975
seq-07/frame-000752,1,0.01339221,0.804329,903,647,552,0.72,71.24,43.53,17.99,133.48,0.834463328,-0.127961003,-0.521051829,-0.125705715,-0.0525261,-1.1449659,1.0148608
seq-07/frame-000753,1,0.01693899,0.700170,1325,1052,967,0.75,82.81,69.51,12.54,165.62,0.836556864,-0.124585400,-0.519254284,-0.122580916,-0.0363677,-1.1514600,1.0241665
seq-07/frame-000754,1,0.02104260,0.815341,1590,1325,1243,0.78,78.94,73.02,11.41,164.15,0.837351062,-0.123594857,-0.518601042,-0.120915132,-0.0252210,-1.1601799,1.0280706
seq-07/frame-000755,1,0.01826495,0.722227,1059,899,830,0.75,70.04,46.59,9.90,127.28,0.838028311,-0.120694127,-0.518706556,-0.118680188,-0.0096956,-1.1616467,1.0372261
seq-07/frame-000756,1,0.01536764,0.704311,842,670,605,0.73,56.74,39.38,17.07,113.92,0.840355044,-0.115571596,-0.516403884,-0.117361133,0.0019417,-1.1609752,1.0445668
seq-07/frame-000757,1,0.01291863,0.758041,765,587,511,0.73,56.56,34.86,10.48,102.62,0.844489632,-0.111909333,-0.510239127,-0.118193049,0.0004665,-1.1702402,1.0345261
seq-07/frame-000758,1,0.02480284,0.666136,1541,1229,1141,0.81,80.56,79.51,23.69,184.58,0.848779162,-0.105646027,-0.505940115,-0.111523322,0.0287763,-1.1866316,1.0520756
seq-07/frame-000759,1,0.01974308,0.666738,1630,1281,1184,0.84,86.93,86.39,12.60,186.76,0.849694546,-0.106050088,-0.504904552,-0.108829914,0.0406315,-1.1893958,1.0531945
seq-07/frame-000760,1,0.01598887,0.640965,1424,1192,1087,0.79,83.01,82.36,22.23,188.42,0.848915698,-0.106549373,-0.506795639,-0.105581955,0.0484849,-1.1947374,1.0715047
seq-07/frame-000761,1,0.01967990,0.594545,1195,958,885,0.79,67.80,61.44,8.60,138.63,0.848399631,-0.103427199,-0.508648511,-0.103911371,0.0645617,-1.1980936,1.0866219
seq-07/frame-000762,1,0.00993874,0.543877,846,680,626,0.77,63.29,37.24,13.13,114.44,0.851968102,-0.097927686,-0.503396202,-0.105606751,0.0724375,-1.1949691,1.0840881
seq-07/frame-000763,1,0.01168368,0.524326,871,709,658,0.76,65.00,46.20,7.34,119.30,0.855891199,-0.096720199,-0.496462660,-0.107797433,0.0688412,-1.2067557,1.0829221
seq-07/frame-000764,1,0.02124347,1.075468,1094,867,811,0.77,66.90,59.67,7.75,135.10,0.862714544,-0.091917233,-0.486106680,-0.104762266,0.0899020,-1.2044704,1.0699353
seq-07/frame-000765,1,0.01884570,0.557658,1312,1009,941,0.79,85.92,61.75,12.25,160.70,0.862623764,-0.097089313,-0.485424107,-0.104006459,0.0897408,-1.2205682,1.0889683
seq-07/frame-000766,1,0.01814124,0.476124,1172,956,884,0.76,57.70,47.19,13.29,118.95,0.863515782,-0.096120582,-0.484635121,-0.101144091,0.0982938,-1.2268193,1.0972783
seq-07/frame-000767,1,0.01137338,0.396748,1092,889,821,0.77,59.78,56.89,21.51,138.96,0.865562385,-0.093539457,-0.481714584,-0.100015933,0.1072919,-1.2217036,1.1034403
seq-07/frame-000768,1,0.01968692,0.493888,1189,945,876,0.77,68.05,53.01,12.20,134.03,0.867495630,-0.097004223,-0.477729777,-0.099074582,0.1062150,-1.2368968,1.1042883
seq-07/frame-000769,1,0.02514890,0.529109,1150,895,837,0.77,72.60,49.45,12.47,135.30,0.867556275,-0.095339867,-0.478188318,-0.097940558,0.1119683,-1.2462152,1.1144521
seq-07/frame-000770,1,0.01868935,0.472285,1223,932,865,0.78,68.36,60.46,15.33,144.94,0.868734031,-0.091680623,-0.476756995,-0.097972521,0.1175662,-1.2420327,1.1132262
seq-07/frame-000771,1,0.02951306,0.745360,1378,1024,924,0.82,72.89,63.12,17.46,154.30,0.869594145,-0.094750824,-0.473822760,-0.101588865,0.1169395,-1.2555952,1.1115040
seq-07/frame-000772,1,0.03277261,0.861475,1261,989,907,0.86,84.25,58.30,15.02,158.43,0.867401609,-0.095588086,-0.477457201,-0.102527988,0.1097217,-1.2661025,1.1174989
seq-07/frame-000773,1,0.03980978,0.980763,1317,1038,936,0.83,83.44,70.01,17.76,172.04,0.865639256,-0.096003078,-0.480073886,-0.104790993,0.1094965,-1.2720230,1.1177064
seq-07/frame-000774,1,0.03527127,0.855389,1371,1027,917,1.00,68.56,65.56,7.94,143.07,0.863722702,-0.096778921,-0.483191559,-0.105559706,0.1082193,-1.2774305,1.1331544
seq-07/frame-000775,1,0.04058130,0.974618,1039,838,769,0.75,61.77,47.56,23.31,133.40,0.863232757,-0.096604933,-0.483793921,-0.106958572,0.1056984,-1.2721762,1.1245823
seq-07/frame-000776,1,0.04506255,1.129359,1056,845,761,0.76,75.90,54.16,21.26,152.08,0.860299661,-0.102200638,-0.487283821,-0.109517128,0.0962709,-1.2764642,1.1309527
seq-07/frame-000777,1,0.03211372,0.865795,1264,1005,912,0.80,70.86,52.98,13.47,138.11,0.855072371,-0.107011297,-0.494933853,-0.111536111,0.0988752,-1.2916313,1.1598145
seq-07/frame-000778,1,0.02210339,0.523055,1045,844,773,0.75,67.82,65.66,7.39,141.63,0.854278850,-0.105000907,-0.495985603,-0.114807391,0.1043669,-1.2910982,1.1777619
seq-07/frame-000779,1,0.03069669,0.808129,1220,908,839,0.78,71.99,70.95,11.61,155.33,0.855865898,-0.106655287,-0.491432973,-0.120879478,0.0865645,-1.2990040,1.1743817
seq-07/frame-000780,1,0.05449091,1.310868,795,625,552,0.75,59.50,31.98,10.44,102.67,0.855797469,-0.108179731,-0.490338213,-0.124403676,0.0656539,-1.2950658,1.1500841
seq-07/frame-000781,1,0.04817585,1.141969,871,716,640,0.75,58.15,39.14,14.43,112.48,0.850132962,-0.113769310,-0.498604083,-0.125397208,0.0565257,-1.2989381,1.1660151
seq-07/frame-000782,1,0.03939896,0.960434,1213,976,904,0.77,77.93,59.02,12.56,150.29,0.839111503,-0.125296524,-0.512670092,-0.131765104,0.0429215,-1.3156698,1.2008182
seq-07/frame-000783,1,0.03656161,0.845805,1186,951,889,0.78,59.21,48.04,11.60,119.64,0.836535190,-0.127769668,-0.515748085,-0.133744905,0.0308511,-1.3153643,1.2086492
seq-07/frame-000784,1,0.04391512,0.940272,883,707,632,0.76,66.60,42.74,15.03,125.13,0.832486318,-0.130146667,-0.520904745,-0.136699024,0.0149277,-1.3189092,1.2128550
seq-07/frame-000785,1,0.03791367,0.819937,1025,831,744,0.78,71.28,49.49,16.44,137.99,0.825528519,-0.133801927,-0.530419299,-0.138762658,0.0110395,-1.3216593,1.2286728
seq-07/frame-000786,1,0.03095973,0.797655,1288,1089,1025,0.79,66.22,51.24,22.71,140.97,0.818862075,-0.136666383,-0.539271838,-0.141326171,-0.0035724,-1.3352462,1.2618903
seq-07/frame-000787,1,0.03017532,0.749400,1443,1200,1122,0.83,78.41,67.66,18.00,164.91,0.816128073,-0.135599937,-0.543225672,-0.143015713,-0.0171994,-1.3372276,1.2739269
seq-07/frame-000788,1,0.02950847,0.710238,1534,1252,1159,0.85,78.38,70.40,15.24,164.88,0.814559970,-0.137134767,-0.545046330,-0.143563955,-0.0324829,-1.3417787,1.2858530
seq-07/frame-000789,1,0.03190254,0.677393,1397,1152,1067,0.83,61.23,55.76,13.13,130.95,0.814146068,-0.137342982,-0.545628669,-0.143500661,-0.0428057,-1.3437210,1.2903350
seq-07/frame-000790,1,0.03388097,0.689404,898,727,659,0.76,63.81,40.65,9.86,115.08,0.805615934,-0.138076609,-0.557707015,-0.144501564,-0.0662225,-1.3471111,1.3121974
seq-07/frame-000791,1,0.03612812,0.942489,1107,917,841,1.31,79.10,62.75,16.40,159.55,0.796330663,-0.141362139,-0.569269893,-0.147668584,-0.0771433,-1.3577046,1.3432298
seq-07/frame-000792,1,0.03651715,0.946654,1456,1184,1111,0.83,78.97,69.50,8.14,157.45,0.792346985,-0.142775676,-0.573359209,-0.151857103,-0.0997119,-1.3603124,1.3506820
seq-07/frame-000793,1,0.02887105,0.801199,1465,1228,1125,0.84,84.35,69.16,12.36,166.71,0.788668445,-0.141932102,-0.577887303,-0.154607980,-0.1149064,-1.3578768,1.3697808
seq-07/frame-000794,1,0.04215925,1.111752,1593,1348,1258,0.85,70.58,72.89,28.36,172.67,0.786725927,-0.140879954,-0.579140534,-0.160659254,-0.1379038,-1.3702577,1.3781565
seq-07/frame-000795,1,0.03689032,0.886156,1541,1278,1193,0.82,92.30,85.18,16.74,195.03,0.786035025,-0.142169769,-0.579351983,-0.162135672,-0.1471111,-1.3675069,1.3869128
seq-07/frame-000796,1,0.03660553,1.170728,1251,1048,969,0.79,73.41,58.15,10.76,143.12,0.779601974,-0.146195683,-0.586814081,-0.162778431,-0.1762960,-1.3673837,1.4120883
seq-07/frame-000797,1,0.03793811,0.962308,1614,1301,1206,0.85,71.92,101.28,21.32,195.36,0.775589431,-0.145433248,-0.591589284,-0.165324904,-0.1904900,-1.3712546,1.4274493
seq-07/frame-000798,1,0.04048236,0.988860,1712,1377,1271,0.85,82.29,86.88,9.86,179.88,0.775099356,-0.145208662,-0.591247395,-0.169002811,-0.2077061,-1.3716044,1.4281154
seq-07/frame-000799,1,0.03613623,0.859528,1567,1286,1208,0.85,70.22,73.28,23.03,167.38,0.773892561,-0.147375240,-0.592243115,-0.169171317,-0.2208855,-1.3725536,1.4447491
seq-07/frame-000800,1,0.03440256,0.850072,1576,1285,1177,1.11,88.88,81.78,13.71,185.48,0.772501589,-0.147860276,-0.594055064,-0.168751929,-0.2342166,-1.3731969,1.4586006
seq-07/frame-000801,1,0.03328325,0.758248,1442,1201,1120,0.84,73.06,71.62,11.50,157.03,0.770683986,-0.147418145,-0.596544585,-0.168667256,-0.2419994,-1.3680161,1.4642098
seq-07/frame-000802,1,0.03299831,0.714055,1484,1234,1158,1.19,77.89,82.85,12.13,174.07,0.768022140,-0.148551768,-0.599619276,-0.168911479,-0.2573351,-1.3654336,1.4682379
seq-07/frame-000803,1,0.03341131,0.859938,1524,1255,1187,0.82,89.77,89.88,14.04,194.52,0.765580212,-0.149456867,-0.602128889,-0.170265629,-0.2796035,-1.3717872,1.4844700
seq-07/frame-000804,1,0.03703246,0.898398,1557,1249,1152,5.28,86.28,85.47,7.59,184.63,0.765773817,-0.149356630,-0.601402463,-0.172041090,-0.2923725,-1.3792630,1.4957019
seq-07/frame-000805,1,0.03213051,0.712991,1668,1293,1210,0.85,95.11,92.96,9.98,198.92,0.766035325,-0.148550051,-0.601143042,-0.172481323,-0.2965053,-1.3734235,1.5053376
seq-07/frame-000806,1,0.02878375,0.672704,1409,1133,1052,0.83,83.67,67.09,11.53,163.12,0.763617337,-0.148788938,-0.604282206,-0.172027408,-0.3100866,-1.3692112,1.5199703
seq-07/frame-000807,1,0.03877270,1.031313,1516,1240,1165,1.40,92.22,74.52,13.55,181.69,0.753418149,-0.151169091,-0.614808635,-0.177536874,-0.3412628,-1.3802579,1.5423579
seq-07/frame-000808,1,0.04102367,1.087529,1508,1222,1142,0.85,80.38,70.31,9.53,161.08,0.750018034,-0.151315149,-0.617998942,-0.180704128,-0.3586046,-1.3852763,1.5596604
seq-07/frame-000809,1,0.03838388,1.010837,1586,1254,1166,0.86,84.20,73.93,9.69,168.68,0.748709061,-0.148635505,-0.619526420,-0.183109923,-0.3715968,-1.3834401,1.5673803
seq-07/frame-000810,1,0.03401332,0.866976,1496,1190,1116,0.86,79.08,77.75,7.65,165.35,0.746525666,-0.146649637,-0.621849002,-0.185734038,-0.3826061,-1.3802037,1.5789276
seq-07/frame-000811,1,0.04325833,1.131504,1550,1198,1096,3.96,77.82,75.70,12.42,169.90,0.742257347,-0.148406302,-0.625504858,-0.189138240,-0.4000511,-1.3922994,1.6000603
seq-07/frame-000812,1,0.03371492,0.861411,1578,1229,1133,0.86,82.57,70.10,7.10,160.64,0.740725224,-0.146242355,-0.627261294,-0.191004149,-0.4080419,-1.3868955,1.6105001
seq-07/frame-000813,1,0.02982350,0.781540,1539,1191,1093,0.86,81.69,77.73,11.31,171.60,0.738049956,-0.146320023,-0.629256293,-0.194702931,-0.4206598,-1.3849277,1.6253890
seq-07/frame-000814,1,0.03785269,0.978128,1542,1157,1073,0.86,81.62,81.23,16.44,180.15,0.734620463,-0.148659441,-0.631823157,-0.197566809,-0.4390401,-1.3925541,1.6405831
seq-07/frame-000815,1,0.03388083,0.837530,1531,1158,1059,0.85,75.84,72.81,19.31,168.82,0.731852026,-0.149041039,-0.634752245,-0.198163993,-0.4482731,-1.3951811,1.6608468
seq-07/frame-000816,1,0.03523279,0.910204,1480,1128,1026,0.83,73.87,76.13,24.39,175.22,0.730853840,-0.149042566,-0.635074663,-0.200796290,-0.4619092,-1.3987183,1.6712122
seq-07/frame-000817,1,0.03315034,0.855597,1486,1126,1004,1.15,74.08,60.57,11.92,147.72,0.729502328,-0.147404114,-0.636381696,-0.202772577,-0.4753700,-1.3977863,1.6883219
seq-07/frame-000818,1,0.03761224,0.945494,1537,1109,995,0.87,83.77,66.70,13.11,164.44,0.727939946,-0.148601067,-0.637672695,-0.203456854,-0.4834401,-1.4034617,1.7002396
seq-07/frame-000819,1,0.03382369,0.864827,1515,1084,981,0.86,66.85,68.74,13.77,150.22,0.724626045,-0.149015967,-0.641137610,-0.204092876,-0.4932344,-1.4010522,1.7156413
seq-07/frame-000820,1,0.03529185,0.890212,1586,1145,1028,0.87,82.21,68.37,9.59,161.03,0.721011592,-0.148442209,-0.644210411,-0.207605735,-0.5034717,-1.4036257,1.7296321
seq-07/frame-000821,1,0.03347319,0.835512,1553,1109,1001,0.85,64.49,75.50,10.34,151.18,0.718156011,-0.148367495,-0.646135913,-0.211535841,-0.5158995,-1.4050711,1.7425890
seq-07/frame-000822,1,0.03645070,0.903461,1591,1104,981,0.86,77.97,78.15,8.77,165.75,0.714594180,-0.149570417,-0.648952505,-0.214113276,-0.5248985,-1.4065063,1.7587846
seq-07/frame-000823,1,0.03871548,0.954756,1532,1070,938,0.87,85.96,70.86,8.89,166.58,0.711805627,-0.149442319,-0.651379058,-0.216113549,-0.5351944,-1.4098358,1.7720625
seq-07/frame-000824,1,0.03719154,0.903977,1570,1077,934,1.20,82.86,58.02,10.03,152.12,0.709591819,-0.149316718,-0.653348757,-0.217530159,-0.5437640,-1.4098300,1.7822648
seq-07/frame-000825,1,0.03442340,0.823992,1502,1041,920,0.85,81.92,75.43,16.59,174.79,0.706058403,-0.149410416,-0.657285067,-0.217104581,-0.5513641,-1.4048764,1.7944536
seq-07/frame-000826,1,0.02718670,0.705719,1604,1066,950,1.17,91.24,63.02,9.54,164.97,0.703428805,-0.147397976,-0.660203960,-0.218157018,-0.5572667,-1.3997533,1.8021439
seq-07/frame-000827,1,0.03568444,0.837431,1615,1093,930,0.86,92.06,72.72,10.92,176.56,0.699080535,-0.149585758,-0.663317630,-0.221179176,-0.5650386,-1.4081691,1.8192460
seq-07/frame-000828,1,0.03388113,0.788004,1558,1070,937,0.88,72.35,81.60,17.34,172.17,0.696003967,-0.150290107,-0.665995856,-0.222353056,-0.5736144,-1.4049962,1.8308814
seq-07/frame-000829,1,0.02758933,0.621847,1568,1029,894,0.86,79.74,70.67,20.28,171.55,0.694300125,-0.150843958,-0.668309403,-0.220354210,-0.5762121,-1.3987442,1.8371377
seq-07/frame-000830,1,0.02370373,0.525103,1413,978,857,0.84,79.29,58.75,11.58,150.47,0.689903158,-0.151909321,-0.673062183,-0.218962298,-0.5829451,-1.3933942,1.8525638
seq-07/frame-000831,1,0.01162428,0.333963,1291,877,745,0.82,72.13,62.02,15.73,150.70,0.685485300,-0.149682519,-0.678552660,-0.217419718,-0.5833838,-1.3786876,1.8608457
seq-07/frame-000832,1,0.03628889,0.838920,1317,885,762,0.83,77.38,65.00,9.84,153.05,0.677071127,-0.157135333,-0.683758169,-0.222166475,-0.5992936,-1.4024049,1.8778858
seq-07/frame-000833,1,0.03426120,0.848660,1551,990,875,0.85,80.41,69.10,14.38,164.75,0.672388612,-0.159314163,-0.687654213,-0.222809864,-0.6055045,-1.3988629,1.8849511
seq-07/frame-000834,1,0.02489723,0.561332,1684,1072,909,0.86,93.55,76.51,9.90,180.82,0.668740054,-0.158355127,-0.691518404,-0.222514474,-0.6065103,-1.3869312,1.9013835
seq-07/frame-000835,1,0.03151278,0.758781,1651,1040,888,0.88,96.06,83.59,14.04,194.57,0.665249076,-0.160440966,-0.693500473,-0.225298594,-0.6162375,-1.3906786,1.9130789
seq-07/frame-000836,1,0.01326445,0.462855,1396,914,772,0.84,75.00,64.31,14.01,154.17,0.663883630,-0.160515725,-0.696493293,-0.219978002,-0.6136583,-1.3703417,1.9166753
seq-07/frame-000837,1,0.01698880,0.494606,1307,847,728,0.84,75.74,55.27,12.41,144.26,0.657735905,-0.164499010,-0.701583020,-0.219328113,-0.6197800,-1.3706346,1.9274134
seq-07/frame-000838,1,0.02768838,0.770406,1478,911,756,0.86,85.69,73.42,17.40,177.37,0.651675828,-0.168970633,-0.705530745,-0.221345676,-0.6270407,-1.3795503,1.9359494
seq-07/frame-000839,1,0.02058967,0.573095,1628,984,818,0.90,79.40,77.90,15.29,173.49,0.646721669,-0.168716605,-0.710386421,-0.220537802,-0.6314950,-1.3704488,1.9512860
seq-07/frame-000840,1,0.01721623,0.468495,1551,959,805,1.64,77.01,71.54,10.44,160.64,0.644628796,-0.168513652,-0.712341331,-0.220514608,-0.6324465,-1.3628918,1.9687959
seq-07/frame-000841,1,0.02419754,0.588290,1599,984,819,0.85,83.89,85.99,8.57,179.31,0.644778432,-0.168845188,-0.711249069,-0.223331230,-0.6377362,-1.3659726,1.9773355
seq-07/frame-000842,1,0.01855310,0.597103,1636,1047,860,0.84,76.07,87.26,18.05,182.22,0.646042043,-0.166500069,-0.710135835,-0.224976669,-0.6374156,-1.3576224,1.9760776
seq-07/frame-000843,1,0.01193735,0.360612,1511,936,791,0.85,70.97,79.07,11.92,162.81,0.642334652,-0.168194814,-0.713125830,-0.224873853,-0.6383174,-1.3459027,1.9906244
seq-07/frame-000844,1,0.01019140,0.445739,1188,781,652,1.14,70.61,47.76,15.95,135.46,0.639463299,-0.174810264,-0.715294464,-0.221092491,-0.6431226,-1.3409397,1.9895161
seq-07/frame-000845,1,0.01066797,0.439939,1535,921,763,0.86,83.83,71.61,13.24,169.55,0.634031157,-0.181886621,-0.719961562,-0.215817277,-0.6494828,-1.3365784,1.9998869
seq-07/frame-000846,1,0.01990515,0.499533,1602,981,814,0.85,71.73,76.26,7.06,155.90,0.628194714,-0.184733104,-0.724130378,-0.216518539,-0.6493304,-1.3418569,2.0190619
seq-07/frame-000847,1,0.00545929,0.680418,1294,840,707,0.80,71.14,47.51,11.43,130.88,0.629546551,-0.180641231,-0.724549395,-0.214634714,-0.6439996,-1.3184899,2.0202103
seq-07/frame-000848,1,0.01414528,0.586768,879,535,429,0.74,65.77,41.01,10.60,118.12,0.630818996,-0.180140480,-0.722746758,-0.217379682,-0.6384381,-1.3208302,2.0308091
seq-07/frame-000849,1,0.01274060,0.734194,927,567,447,0.77,65.36,50.77,12.37,129.28,0.634163921,-0.175555022,-0.720838121,-0.217735983,-0.6416506,-1.3012548,2.0469906
seq-07/frame-000850,1,0.02098608,0.389183,1120,716,591,0.80,68.06,65.65,9.69,144.21,0.635630888,-0.176955385,-0.717724121,-0.222558423,-0.6452470,-1.3144555,2.0539206
seq-07/frame-000851,1,0.02198799,0.367733,1441,864,683,0.85,75.90,72.40,19.06,168.22,0.637528771,-0.175258666,-0.716339074,-0.222934511,-0.6480508,-1.3105803,2.0601330
seq-07/frame-000852,1,0.01687207,0.390643,1738,1006,811,0.88,94.06,72.14,17.26,184.34,0.640761629,-0.174592434,-0.714601687,-0.219741772,-0.6474804,-1.3021300,2.0583771
seq-07/frame-000853,1,0.02184902,0.494905,1780,1023,829,0.90,83.92,81.41,13.18,179.42,0.641328596,-0.176681566,-0.714639286,-0.216268229,-0.6413045,-1.3006629,2.0610441
seq-07/frame-000854,1,0.02191973,0.528420,1727,994,825,0.89,77.57,85.79,19.86,184.12,0.640915770,-0.177861301,-0.715425628,-0.213912375,-0.6425464,-1.2936006,2.0669618
seq-07/frame-000855,1,0.02069755,0.396776,1213,764,633,0.80,73.14,52.91,13.00,139.86,0.639140648,-0.173442002,-0.719261479,-0.209952441,-0.6427148,-1.2732262,2.0904878
seq-07/frame-000856,1,0.01818495,0.416861,1042,626,503,0.76,75.20,47.40,11.99,135.36,0.642451557,-0.167084703,-0.718201315,-0.208627826,-0.6431368,-1.2674577,2.0929660
seq-07/frame-000857,1,0.01546987,0.233386,1454,882,725,0.83,77.26,71.42,18.56,168.08,0.646662578,-0.163490488,-0.715379703,-0.208159197,-0.6344559,-1.2669150,2.0896611
seq-07/frame-000858,1,0.01544439,0.294964,1521,917,743,0.81,89.97,79.53,14.46,184.78,0.648559544,-0.160609479,-0.714720959,-0.206758464,-0.6227291,-1.2543768,2.0923112
seq-07/frame-000859,1,0.01553463,0.359553,1227,762,617,0.78,71.33,58.80,17.13,148.05,0.650836964,-0.161173002,-0.712749679,-0.205967001,-0.6181674,-1.2470785,2.0941588
seq-07/frame-000860,1,0.01960976,0.192346,1168,707,566,0.77,70.72,54.70,13.89,140.08,0.652506875,-0.162484895,-0.711161409,-0.205141141,-0.6153607,-1.2429706,2.1047134
seq-07/frame-000861,1,0.01470328,0.223886,1246,754,610,0.82,66.44,53.54,6.55,127.35,0.655592144,-0.160031662,-0.709226759,-0.203926976,-0.6141694,-1.2296446,2.1093106
seq-07/frame-000862,1,0.02284282,0.344206,1165,724,592,0.79,70.97,53.57,10.83,136.16,0.656822537,-0.158982182,-0.708124273,-0.204618754,-0.6095091,-1.2308709,2.1175884
seq-07/frame-000863,1,0.01417919,0.247865,1307,758,611,0.79,80.10,55.98,13.81,150.68,0.661311800,-0.155136998,-0.705558066,-0.201957990,-0.6013902,-1.2119672,2.1173560
seq-07/frame-000864,1,0.02070018,0.354565,1282,702,577,0.80,71.43,63.34,9.39,144.96,0.664877187,-0.158185467,-0.701767259,-0.201093013,-0.5956085,-1.2153151,2.1138457
seq-07/frame-000865,1,0.02046819,0.457755,978,597,483,0.74,75.40,50.16,20.96,147.26,0.668428713,-0.159506428,-0.699467156,-0.196230613,-0.5819988,-1.1974137,2.1141951
seq-07/frame-000866,1,0.02073377,0.166621,1116,671,527,0.77,74.08,47.60,14.84,137.29,0.667708412,-0.163289044,-0.698453726,-0.199159626,-0.5832633,-1.1953360,2.1275062
seq-07/frame-000867,1,0.01772627,0.248940,1044,605,490,0.73,68.71,44.36,10.82,124.62,0.670788205,-0.162111003,-0.695807429,-0.199035745,-0.5772292,-1.1809808,2.1306401
seq-07/frame-000868,1,0.03138435,0.892813,857,498,402,0.73,54.85,36.74,17.85,110.17,0.678134191,-0.159759271,-0.689905307,-0.196574823,-0.5532812,-1.1626390,2.1198405
seq-07/frame-000869,1,0.02029568,0.129091,1379,718,568,0.77,70.58,68.44,15.88,155.68,0.677926684,-0.167791091,-0.687123540,-0.200306768,-0.5652256,-1.1690644,2.1304609
seq-07/frame-000870,1,0.01492937,0.210389,1823,1083,890,0.87,84.34,83.91,9.15,178.28,0.679137603,-0.169684748,-0.685717226,-0.199426900,-0.5712695,-1.1589124,2.1353690
seq-07/frame-000871,1,0.01795800,0.408627,1930,1179,959,0.91,91.67,84.65,11.49,188.73,0.682293099,-0.168660803,-0.683055633,-0.198657146,-0.5699601,-1.1559093,2.1270873
seq-07/frame-000872,1,0.02078287,0.447048,1914,1151,931,0.92,73.82,97.15,8.72,180.61,0.682190794,-0.168026619,-0.683481527,-0.198080231,-0.5610124,-1.1523547,2.1290302
seq-07/frame-000873,1,0.01716104,0.402136,1671,1090,927,1.03,82.37,69.03,13.53,165.96,0.684170086,-0.166541332,-0.682554858,-0.195688899,-0.5551373,-1.1429012,2.1254884
seq-07/frame-000874,1,0.01410141,0.378347,1349,835,675,0.84,74.68,61.05,12.62,149.20,0.687807432,-0.165052791,-0.680002251,-0.193068512,-0.5394317,-1.1288866,2.1204205
seq-07/frame-000875,1,0.01380195,0.629287,1537,926,771,0.80,84.86,64.05,13.70,163.41,0.691106988,-0.163049763,-0.676510231,-0.195242961,-0.5407577,-1.1171410,2.1122913
seq-07/frame-000876,1,0.02562955,0.897414,1719,1009,823,0.88,96.04,89.84,8.18,194.93,0.694741438,-0.161531302,-0.672332828,-0.198016516,-0.5447553,-1.1190240,2.1031597
seq-07/frame-000877,1,0.02901509,0.916319,1485,1029,865,0.82,77.38,76.98,17.24,172.43,0.697915475,-0.160319877,-0.670495502,-0.194029145,-0.5243892,-1.1113520,2.0946175
seq-07/frame-000878,1,0.01759395,0.308978,1523,899,732,0.78,76.78,66.52,19.22,163.30,0.693198596,-0.162106794,-0.675355135,-0.192594228,-0.5065888,-1.1017605,2.1101096
seq-07/frame-000879,1,0.04165034,1.391750,1921,1146,944,0.87,86.42,96.90,12.39,196.58,0.698417661,-0.160581292,-0.669020711,-0.197072849,-0.5119213,-1.0961248,2.0740287
seq-07/frame-000880,1,0.03731887,1.225149,1530,1035,858,0.81,79.41,82.06,20.10,182.38,0.697426270,-0.160305801,-0.670095390,-0.197156831,-0.5002150,-1.0909053,2.0746301
seq-07/frame-000881,1,0.02070145,0.230782,1405,890,723,0.78,68.08,72.24,14.44,155.53,0.689316197,-0.165104086,-0.677716965,-0.195661792,-0.4814221,-1.0896191,2.1060096
seq-07/frame-000882,1,0.01759713,0.146838,1933,1218,989,0.85,89.91,97.84,20.03,208.63,0.689605949,-0.165523116,-0.676740795,-0.197655332,-0.4747737,-1.0805980,2.0968422
seq-07/frame-000883,1,0.04654349,1.608176,1788,1027,822,0.84,87.05,80.41,12.73,181.03,0.699263270,-0.163312789,-0.666894754,-0.199025623,-0.4748140,-1.0688807,2.0498519
seq-07/frame-000884,1,0.01942632,0.304011,1782,1076,853,0.82,89.03,84.99,9.96,184.79,0.691520235,-0.166375455,-0.674633295,-0.197456042,-0.4542478,-1.0664452,2.0838433
seq-07/frame-000885,1,0.01338898,0.175613,1953,1219,1002,0.88,94.19,104.42,21.21,220.70,0.691115235,-0.168594320,-0.674631472,-0.196997626,-0.4513790,-1.0586530,2.0798557
seq-07/frame-000886,1,0.01882507,0.285134,1921,1257,1027,0.87,85.56,87.91,22.41,196.77,0.691830912,-0.169392734,-0.674118812,-0.195550296,-0.4392300,-1.0565230,2.0704462
seq-07/frame-000887,1,0.02559418,0.577435,1842,1140,955,0.83,89.89,75.07,15.74,181.53,0.694230121,-0.168814233,-0.672060746,-0.194629514,-0.4256754,-1.0477043,2.0537436
seq-07/frame-000888,1,0.02103437,0.212064,2122,1302,1057,0.85,96.72,90.95,24.71,213.24,0.692013876,-0.171214275,-0.673185195,-0.196530304,-0.4183370,-1.0466509,2.0572916
seq-07/frame-000889,1,0.01850462,0.328455,2294,1376,1091,0.90,91.05,103.63,15.72,211.31,0.694383428,-0.169838275,-0.671627451,-0.194687396,-0.4062308,-1.0335890,2.0503023
seq-07/frame-000890,1,0.01794168,0.372205,2147,1291,1027,0.88,94.28,105.19,9.34,209.69,0.696834898,-0.170560632,-0.669192244,-0.193679987,-0.4007764,-1.0294124,2.0398090
seq-07/frame-000891,1,0.01529904,0.188869,2184,1320,1048,0.91,80.81,93.29,16.42,191.44,0.695697605,-0.170462077,-0.670343104,-0.193875335,-0.3932745,-1.0253777,2.0362080
seq-07/frame-000892,1,0.01800556,0.359890,2063,1301,1059,0.89,102.40,101.20,15.73,220.23,0.697922939,-0.171488475,-0.668723285,-0.190537246,-0.3846737,-1.0182549,2.0218861
seq-07/frame-000893,1,0.02323395,0.403761,2259,1305,1044,0.94,99.68,115.72,12.69,229.04,0.697487012,-0.173373907,-0.668572668,-0.190955348,-0.3768393,-1.0244762,2.0130396
seq-07/frame-000894,1,0.01508176,0.175917,2290,1327,1049,0.95,97.02,115.17,23.33,236.46,0.697779592,-0.171905849,-0.669519549,-0.187871216,-0.3703169,-1.0135025,2.0092090
seq-07/frame-000895,1,0.02101946,0.509770,2019,1229,1024,0.89,93.19,90.39,13.24,197.71,0.700555406,-0.169189932,-0.668183697,-0.184736129,-0.3550739,-1.0012807,1.9909729
seq-07/frame-000896,1,0.02115884,0.429986,2352,1412,1136,0.92,94.43,122.56,12.22,230.14,0.700100976,-0.170426986,-0.668396935,-0.184550273,-0.3483442,-1.0003535,1.9806974
seq-07/frame-000897,1,0.02069428,0.428353,2359,1349,1109,0.97,96.59,112.05,13.12,222.73,0.701162867,-0.170368520,-0.667544115,-0.183657443,-0.3424496,-0.9956833,1.9723540
seq-07/frame-000898,1,0.02157506,0.506357,2032,1301,1064,0.90,91.51,93.51,13.84,199.77,0.702597417,-0.168434048,-0.666972436,-0.182029149,-0.3319227,-0.9878501,1.9628912
seq-07/frame-000899,1,0.01927952,0.410911,1759,1083,874,0.88,77.58,85.31,12.38,176.15,0.701171916,-0.168721844,-0.668490197,-0.181691329,-0.3246726,-0.9869481,1.9543935
seq-07/frame-000900,1,0.02457937,0.650303,2338,1381,1129,0.90,84.18,103.89,18.87,207.85,0.701633590,-0.166573690,-0.669657207,-0.177546433,-0.3151017,-0.9751660,1.9376244
seq-07/frame-000901,1,0.02378985,0.574847,2367,1471,1236,0.92,98.54,104.54,23.66,227.66,0.702042858,-0.167031436,-0.669013198,-0.177926013,-0.3093134,-0.9759600,1.9239255
seq-07/frame-000902,1,0.02377551,0.734409,2487,1497,1246,0.92,113.58,121.43,13.50,249.44,0.702270200,-0.164316242,-0.669585685,-0.177402789,-0.2998774,-0.9613684,1.9152012
seq-07/frame-000903,1,0.02850131,1.007946,1948,1196,990,0.89,95.46,77.80,12.74,186.90,0.703087581,-0.162909078,-0.668988019,-0.177717518,-0.2922890,-0.9574295,1.9007923
seq-07/frame-000904,1,0.01262241,0.577135,1684,1023,844,0.86,83.10,77.62,15.27,176.85,0.699526767,-0.165766481,-0.672656169,-0.175263958,-0.2918041,-0.9591407,1.8997399
seq-07/frame-000905,1,0.03390579,1.032888,2170,1330,1113,0.92,107.60,105.81,19.09,233.42,0.700950320,-0.164377448,-0.671733476,-0.174421447,-0.2832400,-0.9575579,1.8678487
seq-07/frame-000906,1,0.01261741,0.750346,2537,1506,1254,1.03,108.70,116.12,16.95,242.80,0.698698943,-0.163392558,-0.674584361,-0.173374158,-0.2737794,-0.9517691,1.8693197
seq-07/frame-000907,1,0.00707710,0.623545,2789,1645,1373,1.73,103.88,126.85,13.15,245.62,0.698601325,-0.162173665,-0.675030114,-0.173176891,-0.2707162,-0.9472061,1.8631316
seq-07/frame-000908,1,0.01652890,1.006953,2216,1403,1171,0.92,107.76,114.65,14.58,237.92,0.700983910,-0.158286713,-0.673772031,-0.172041056,-0.2571601,-0.9361807,1.8425277
seq-07/frame-000909,1,0.01218218,0.916469,2417,1491,1274,0.93,95.31,113.89,19.10,229.23,0.699356740,-0.158280684,-0.675415671,-0.172223828,-0.2549343,-0.9379233,1.8306103
seq-07/frame-000910,1,0.01763051,0.987995,2797,1764,1489,0.99,102.03,145.98,25.91,274.91,0.699776742,-0.157315850,-0.675617278,-0.170603425,-0.2463327,-0.9327773,1.8175750
seq-07/frame-000911,1,0.02576143,1.125256,2388,1503,1257,0.92,87.25,125.27,10.75,224.20,0.701657773,-0.158254881,-0.673721190,-0.169503744,-0.2362190,-0.9304376,1.7979494
seq-07/frame-000912,1,0.03680082,1.257615,2420,1572,1355,0.95,94.08,114.15,15.03,224.21,0.700281645,-0.159335169,-0.674828385,-0.169778008,-0.2290844,-0.9281563,1.7890346
seq-07/frame-000913,1,0.03761035,1.208387,2777,1797,1537,0.94,101.15,155.21,20.20,277.51,0.699891526,-0.161130353,-0.674667640,-0.170330374,-0.2235735,-0.9292589,1.7762584
seq-07/frame-000914,1,0.02197284,1.034740,2668,1757,1481,0.94,114.08,126.72,12.29,254.03,0.699625826,-0.160521930,-0.674779300,-0.171549729,-0.2103134,-0.9231337,1.7730635
seq-07/frame-000915,1,0.02328101,0.871736,3028,1882,1583,1.02,99.63,142.09,15.10,257.84,0.699033959,-0.160405476,-0.673874725,-0.177523134,-0.2092684,-0.9328240,1.7642940
seq-07/frame-000916,1,0.03071360,1.060993,2838,1758,1501,0.99,107.85,124.03,31.01,263.89,0.700954422,-0.158537747,-0.673186656,-0.174207941,-0.1927514,-0.9227029,1.7490531
seq-07/frame-000917,1,0.03586695,1.181444,2754,1657,1416,1.09,106.84,129.42,25.52,262.86,0.701415180,-0.159282048,-0.672631808,-0.173817216,-0.1845291,-0.9249470,1.7355213
seq-07/frame-000918,1,0.02348898,1.069487,2799,1866,1603,1.40,120.91,145.90,16.27,284.48,0.701136401,-0.157198161,-0.673632074,-0.172963331,-0.1705911,-0.9205089,1.7450096
seq-07/frame-000919,1,0.02845656,1.257004,2245,1332,1102,0.89,91.64,103.22,22.94,218.69,0.705845972,-0.154710253,-0.669524754,-0.171996529,-0.1509365,-0.9117477,1.7378672
seq-07/frame-000920,1,0.04146809,1.426415,2246,1300,1062,0.88,86.44,104.46,13.29,205.08,0.709752799,-0.155346884,-0.665987702,-0.169052335,-0.1373299,-0.8985452,1.7515654
seq-07/frame-000921,1,0.01509789,1.377952,2292,1369,1127,0.95,98.39,123.43,32.81,255.59,0.719028383,-0.158512204,-0.654426944,-0.172039070,-0.1498178,-0.9155219,1.7179579
seq-07/frame-000922,1,0.01636807,1.292300,2729,1736,1465,0.95,98.06,122.51,12.27,233.79,0.724843472,-0.156615459,-0.648973304,-0.170021147,-0.1436259,-0.9159371,1.7055133
seq-07/frame-000923,1,0.02264237,1.440029,2337,1468,1240,1.26,91.64,109.64,12.27,214.81,0.728657935,-0.151811541,-0.646601528,-0.167084812,-0.1286552,-0.9096061,1.7060887
seq-07/frame-000924,1,0.02778533,1.467551,1948,1098,874,0.88,89.96,85.06,10.81,186.71,0.733470823,-0.149072751,-0.642722364,-0.163419183,-0.1106380,-0.9118076,1.7125987
seq-07/frame-000925,1,0.01981752,1.369640,2248,1433,1204,0.91,99.53,111.48,18.90,230.82,0.743936405,-0.150198284,-0.631377714,-0.159252260,-0.1065574,-0.9132527,1.6840929
seq-07/frame-000926,1,0.01235827,1.105051,2300,1455,1225,0.89,98.89,115.61,10.47,225.87,0.748831116,-0.152531196,-0.626116661,-0.154803490,-0.0989174,-0.9186970,1.6838144
seq-07/frame-000927,1,0.03727792,1.341521,1989,1159,965,0.87,99.62,103.78,19.24,223.51,0.752029380,-0.151139577,-0.623801007,-0.149936462,-0.0689162,-0.9138750,1.6986858
seq-07/frame-000928,1,0.03150101,1.221845,1997,1208,990,0.87,92.82,99.72,12.91,206.32,0.758185208,-0.153348339,-0.615954818,-0.149127929,-0.0718605,-0.9184671,1.6904643
seq-07/frame-000929,1,0.03812949,2.107015,2039,1328,1143,0.85,91.72,110.11,16.87,219.55,0.775925027,-0.145383511,-0.595662110,-0.148292405,-0.0400835,-0.9050083,1.6334313
seq-07/frame-000930,1,0.03254135,1.916995,2318,1624,1428,0.92,92.23,114.51,14.69,222.36,0.782048482,-0.146430320,-0.587501050,-0.147651105,-0.0391296,-0.9088497,1.6149963
seq-07/frame-000931,1,0.02161172,1.249904,2302,1597,1382,0.91,87.64,102.75,17.15,208.45,0.786587905,-0.145796486,-0.582146465,-0.145355926,-0.0186409,-0.9134193,1.6027595
seq-07/frame-000932,1,0.02150087,1.154595,2442,1783,1572,0.92,100.92,105.26,12.42,219.53,0.791187192,-0.146563737,-0.576562585,-0.141836119,0.0011700,-0.9088922,1.5912652
seq-07/frame-000933,1,0.02157362,1.148254,2562,1896,1687,0.95,114.68,105.31,20.19,241.14,0.795082125,-0.147632069,-0.571588896,-0.139051505,0.0117435,-0.9058402,1.5812317
seq-07/frame-000934,1,0.01789359,1.043099,2452,1778,1568,0.91,101.04,107.98,11.63,221.56,0.797978656,-0.147213880,-0.568419162,-0.135859464,0.0323409,-0.9029913,1.5762980
seq-07/frame-000935,1,0.01886630,1.245152,2265,1575,1396,1.21,107.04,104.94,19.86,233.06,0.802351678,-0.146052838,-0.562420689,-0.136320659,0.0478731,-0.9019417,1.5634863
seq-07/frame-000936,1,0.01354887,1.063170,2172,1563,1367,0.90,108.09,105.58,25.58,240.15,0.805924037,-0.146110842,-0.558041938,-0.133143773,0.0627993,-0.8990932,1.5604763
seq-07/frame-000937,1,0.01710178,1.019050,1875,1204,997,0.86,87.38,95.79,9.87,193.91,0.809331779,-0.145309141,-0.553591102,-0.131925043,0.0909301,-0.9019981,1.5597419
seq-07/frame-000938,1,0.01821603,1.133311,2088,1424,1240,1.28,93.29,106.67,15.38,216.63,0.815587432,-0.143594728,-0.545375731,-0.129472027,0.1052849,-0.8881838,1.5403060
seq-07/frame-000939,1,0.01495931,0.789876,2159,1446,1254,0.90,104.23,121.72,12.52,239.37,0.818113379,-0.145170923,-0.541328884,-0.128759238,0.1232988,-0.8935321,1.5373118
seq-07/frame-000940,1,0.02180013,0.854406,2197,1414,1187,0.87,93.97,93.25,13.22,201.32,0.822576351,-0.145001451,-0.535386593,-0.125315288,0.1474013,-0.8840846,1.5238100
seq-07/frame-000941,1,0.01027554,0.789747,2462,1913,1718,0.95,90.44,120.00,20.85,232.25,0.827998489,-0.148362655,-0.526641584,-0.122701534,0.1473619,-0.8821667,1.5046748
seq-07/frame-000942,1,0.01052296,0.777494,2223,1612,1407,0.89,100.42,105.89,14.32,221.51,0.830006597,-0.147945504,-0.524475577,-0.118855146,0.1682678,-0.8818838,1.5051797
seq-07/frame-000943,1,0.01582419,0.895929,2434,1777,1585,0.91,98.18,113.98,11.10,224.17,0.839714454,-0.151493229,-0.509728099,-0.110030461,0.2031750,-0.8651491,1.4698724
seq-07/frame-000944,1,0.01007110,0.757470,2068,1399,1228,0.88,88.81,103.27,20.18,213.15,0.841452414,-0.152433999,-0.506928899,-0.108373434,0.2207958,-0.8699732,1.4722157
seq-07/frame-000945,1,0.02126108,0.934526,1553,1050,875,0.83,80.07,70.26,11.50,162.66,0.846477194,-0.148928682,-0.500072789,-0.105942501,0.2495849,-0.8547993,1.4519985
seq-07/frame-000946,1,0.03372717,1.081767,1560,1080,906,0.82,85.61,81.69,29.07,197.20,0.850734616,-0.150036771,-0.493127082,-0.102787460,0.2735227,-0.8388818,1.4473607
seq-07/frame-000947,1,0.01793316,0.845236,1784,1249,1072,0.83,88.53,81.25,14.91,185.53,0.855465074,-0.154101825,-0.483440941,-0.103522903,0.2780687,-0.8470213,1.4335413
seq-07/frame-000948,1,0.02173149,0.807220,1685,1112,921,0.82,72.01,81.28,11.79,165.91,0.860463258,-0.154815682,-0.474836654,-0.100822808,0.2944967,-0.8386589,1.4169443
seq-07/frame-000949,1,0.02257447,0.787494,2121,1486,1289,0.84,97.14,102.35,15.80,216.15,0.864901183,-0.158837462,-0.465709930,-0.099150721,0.3073552,-0.8418551,1.3998551
seq-07/frame-000950,1,0.00992927,0.691721,2268,1594,1422,0.91,99.54,114.02,10.51,224.98,0.867014837,-0.162703527,-0.460917518,-0.096787792,0.3104494,-0.8468019,1.4006986
seq-07/frame-000951,1,0.01510301,0.718514,1872,1422,1229,0.87,77.44,100.80,19.27,198.38,0.869939311,-0.160893339,-0.456972576,-0.092168290,0.3331348,-0.8387495,1.3987476
seq-07/frame-000952,1,0.01343652,0.759264,1880,1422,1255,0.87,79.30,91.16,15.38,186.72,0.874291279,-0.159835887,-0.449332136,-0.090376321,0.3446778,-0.8368719,1.3836400
seq-07/frame-000953,1,0.01521018,0.806199,1903,1400,1239,1.20,97.43,80.11,13.97,192.70,0.877665205,-0.158813758,-0.443301150,-0.089252837,0.3603960,-0.8352014,1.3720558
seq-07/frame-000954,1,0.01600075,0.657945,2176,1582,1401,0.90,109.88,99.09,14.43,224.29,0.881200009,-0.160558689,-0.436382726,-0.085308661,0.3737732,-0.8363886,1.3594936
seq-07/frame-000955,1,0.01414790,0.557236,2385,1798,1574,0.93,94.28,122.50,16.16,233.88,0.883987839,-0.161566730,-0.430797714,-0.082915745,0.3844693,-0.8412023,1.3455238
seq-07/frame-000956,1,0.01865599,0.540536,2715,1902,1675,0.95,102.41,132.38,23.73,259.48,0.885572002,-0.163326243,-0.427342579,-0.080405768,0.3976248,-0.8441661,1.3297465
seq-07/frame-000957,1,0.01289598,0.740796,2558,1795,1588,0.93,97.58,116.70,14.69,229.91,0.886334326,-0.163244941,-0.426294070,-0.077691166,0.4034075,-0.8387309,1.3270700
seq-07/frame-000958,1,0.01862763,0.748012,2466,1851,1630,0.90,109.47,131.96,14.46,256.79,0.888556185,-0.161165171,-0.423078847,-0.074148379,0.4193545,-0.8302396,1.3175705
seq-07/frame-000959,1,0.01860361,0.643296,2688,1952,1713,0.93,108.33,116.51,14.28,240.06,0.890761892,-0.160353895,-0.418671629,-0.074457685,0.4302173,-0.8309111,1.3010790
seq-07/frame-000960,1,0.01576852,0.652684,2567,1814,1589,0.97,101.01,127.66,14.92,244.56,0.891860912,-0.161550423,-0.416024980,-0.073544486,0.4343478,-0.8331283,1.2949852
seq-07/frame-000961,1,0.02055373,0.687514,2475,1727,1524,0.96,92.09,118.56,12.23,223.84,0.893334315,-0.160569478,-0.414134510,-0.068292400,0.4490309,-0.8274033,1.2858647
seq-07/frame-000962,1,0.02609951,0.699446,2353,1796,1589,0.86,97.15,119.27,14.61,231.90,0.894867223,-0.159638697,-0.411516270,-0.066200448,0.4641297,-0.8193369,1.2770103
seq-07/frame-000963,1,0.02913541,0.835518,2147,1688,1501,0.89,90.26,102.07,9.22,202.44,0.896560946,-0.157768276,-0.408529384,-0.066267519,0.4727989,-0.8107311,1.2751824
seq-07/frame-000964,1,0.02199680,0.712329,2525,1900,1672,0.91,103.28,126.19,13.45,243.84,0.899489052,-0.156811775,-0.402365374,-0.066570405,0.4787585,-0.8143698,1.2579740
seq-07/frame-000965,1,0.02314782,0.580415,2515,1829,1627,0.90,87.63,111.06,10.47,210.07,0.901313703,-0.158051930,-0.398125165,-0.064416990,0.4892281,-0.8147929,1.2421151
seq-07/frame-000966,1,0.02945288,0.457274,2465,1892,1689,0.91,104.78,126.59,11.74,244.02,0.903839472,-0.158628598,-0.392968676,-0.059049091,0.5064674,-0.8073473,1.2242461
seq-07/frame-000967,1,0.03847313,0.464663,2120,1662,1469,0.84,95.70,110.38,12.68,219.60,0.905655791,-0.157806472,-0.389348488,-0.057379972,0.5236559,-0.7987656,1.2141476
seq-07/frame-000968,1,0.02243758,0.652482,2466,1933,1747,0.89,110.33,102.95,17.60,231.77,0.908098278,-0.158295796,-0.383335995,-0.057909185,0.5254189,-0.7962107,1.2008298
seq-07/frame-000969,1,0.02259883,0.603799,2417,1854,1649,0.91,96.26,119.12,13.62,229.91,0.909444522,-0.158503216,-0.380280150,-0.056341805,0.5351236,-0.7938146,1.1963733
seq-07/frame-000970,1,0.02309132,0.563511,2338,1769,1584,0.86,117.01,117.70,16.86,252.43,0.911865163,-0.157696633,-0.374998507,-0.054861790,0.5476593,-0.7886301,1.1790773
seq-07/frame-000971,1,0.01679079,0.468322,2467,1916,1713,0.91,109.83,121.13,19.78,251.65,0.913646979,-0.159777947,-0.369954221,-0.053423596,0.5531039,-0.7884555,1.1663794
seq-07/frame-000972,1,0.01316571,0.499173,2602,1981,1769,0.90,104.84,125.95,19.96,251.66,0.915268582,-0.160107041,-0.365911782,-0.052514045,0.5599916,-0.7871162,1.1529632
seq-07/frame-000973,1,0.01528484,0.493271,2397,1872,1682,0.86,113.45,121.85,19.05,255.22,0.916487384,-0.159589562,-0.363195673,-0.051681231,0.5712283,-0.7806470,1.1448648
seq-07/frame-000974,1,0.01970491,0.542401,1877,1443,1240,0.82,85.11,73.57,20.20,179.70,0.918288911,-0.159225369,-0.358867483,-0.051057686,0.5889053,-0.7743287,1.1318134
seq-07/frame-000975,1,0.01740508,0.441229,2297,1815,1651,0.86,96.73,96.55,13.66,207.80,0.920224569,-0.161792312,-0.352821953,-0.050265896,0.5944532,-0.7734275,1.1242612
seq-07/frame-000976,1,0.01231069,0.404879,2495,1959,1746,0.90,95.73,114.42,11.24,222.29,0.922301245,-0.161964457,-0.347436847,-0.049148394,0.5983271,-0.7738954,1.1148187
seq-07/frame-000977,1,0.01772259,0.369398,2317,1826,1629,0.88,94.94,94.00,10.20,200.03,0.923670746,-0.161829496,-0.344136502,-0.047049294,0.6124007,-0.7690475,1.1088137
seq-07/frame-000978,1,0.02277006,0.477714,2027,1611,1421,0.84,91.57,97.81,17.16,207.38,0.925713340,-0.159814102,-0.339625352,-0.046571295,0.6262589,-0.7589645,1.0987723
seq-07/frame-000979,1,0.01254443,0.680311,2605,1935,1749,0.87,114.47,110.95,12.62,238.92,0.928136406,-0.161720808,-0.332067028,-0.046267498,0.6277298,-0.7622747,1.0816995
seq-07/frame-000980,1,0.00995841,0.510528,2820,2138,1920,0.90,118.62,136.74,21.22,277.48,0.928879664,-0.164718454,-0.328661762,-0.045076011,0.6333683,-0.7644024,1.0721850
seq-07/frame-000981,1,0.01763587,0.694409,2605,2000,1790,0.91,114.25,127.64,11.78,254.57,0.929446393,-0.165497091,-0.326918427,-0.043179376,0.6459989,-0.7603747,1.0705397
seq-07/frame-000982,1,0.01313510,0.598160,2622,2004,1792,0.89,108.75,131.75,15.48,256.89,0.931253186,-0.165185060,-0.321818145,-0.043754785,0.6514021,-0.7590954,1.0550290
seq-07/frame-000983,1,0.01332114,0.346884,2900,2085,1821,1.00,113.62,147.46,15.44,277.52,0.931505721,-0.168454483,-0.319432102,-0.043397136,0.6583742,-0.7640771,1.0499753
seq-07/frame-000984,1,0.01358231,0.212391,2859,2135,1883,0.92,117.41,143.42,13.40,275.16,0.932670029,-0.166204059,-0.317939958,-0.037643213,0.6746370,-0.7613298,1.0383064
seq-07/frame-000985,1,0.01192211,0.127708,2811,2073,1842,0.91,104.24,141.24,11.59,257.99,0.933896892,-0.167172489,-0.314041078,-0.035611161,0.6834102,-0.7587762,1.0255775
seq-07/frame-000986,1,0.01070165,0.200329,3238,2250,1958,1.02,126.84,139.91,12.75,280.53,0.934173481,-0.169297189,-0.312365246,-0.032959391,0.6891767,-0.7609142,1.0218196
seq-07/frame-000987,1,0.00926163,0.141501,3078,2184,1902,0.98,100.58,131.70,15.16,248.43,0.934681918,-0.169546378,-0.311091563,-0.029082266,0.6961627,-0.7594387,1.0124084
seq-07/frame-000988,1,0.01303016,0.234084,3356,2356,2068,0.96,112.83,152.77,11.36,277.92,0.934655762,-0.170535421,-0.310802561,-0.027166996,0.7089137,-0.7571883,1.0060482
seq-07/frame-000989,1,0.01430960,0.299042,3218,2312,2034,0.99,115.34,158.51,19.64,294.48,0.934622942,-0.170500101,-0.310845937,-0.028008500,0.7174520,-0.7553755,1.0049853
seq-07/frame-000990,1,0.01370224,0.283322,3363,2325,2051,1.00,125.96,157.32,11.38,295.66,0.935094274,-0.168932632,-0.310176637,-0.029170488,0.7278958,-0.7540637,0.9993352
seq-07/frame-000991,1,0.00836085,0.153732,3143,2319,2015,0.96,122.51,140.38,12.28,276.13,0.935413055,-0.169243260,-0.308967491,-0.029970400,0.7318650,-0.7555997,0.9848642
seq-07/frame-000992,1,0.00842564,0.053378,2993,2124,1849,0.96,126.28,146.85,18.88,292.98,0.934576025,-0.172019516,-0.310209848,-0.027327465,0.7416920,-0.7533651,0.9808682
seq-07/frame-000993,1,0.00559101,0.084355,3436,2266,1946,0.98,113.24,157.39,12.85,284.46,0.933794937,-0.176002794,-0.310625895,-0.023697801,0.7512868,-0.7555442,0.9818885
seq-07/frame-000994,1,0.00850713,0.210477,3617,2365,2029,1.03,132.31,156.80,11.72,301.86,0.933306307,-0.176528190,-0.311871038,-0.022662559,0.7606170,-0.7540132,0.9765764
seq-07/frame-000995,1,0.01206011,0.315287,3619,2459,2094,1.01,126.99,165.94,13.26,307.21,0.932044674,-0.176686075,-0.315485310,-0.023318998,0.7759875,-0.7515856,0.9779071
seq-07/frame-000996,1,0.02097092,0.482440,3067,2017,1658,0.93,111.35,138.01,14.16,264.45,0.931089612,-0.175234646,-0.318763392,-0.027474576,0.7919064,-0.7487821,0.9846614
seq-07/frame-000997,1,0.01788048,0.399562,2836,1700,1355,0.89,115.42,135.58,29.88,281.78,0.931550221,-0.172796765,-0.318020551,-0.034905479,0.8039231,-0.7466486,0.9771868
seq-07/frame-000998,1,0.00956203,0.250388,3631,2241,1895,0.98,118.47,169.30,19.18,307.94,0.931390620,-0.174511630,-0.316973664,-0.039810815,0.8064229,-0.7499573,0.9684086
seq-07/frame-000999,1,0.00730307,0.116662,3833,2367,2028,1.02,125.40,193.75,13.66,333.84,0.930461195,-0.177274612,-0.318236818,-0.039255633,0.8145286,-0.7554708,0.9676282
seq-09/frame-000000,1,0.05493196,1.221294,2206,1668,1505,0.90,99.71,103.38,16.98,220.97,0.807840816,-0.013109470,0.584534754,0.074434400,-1.0470724,-0.6787552,0.6593378
seq-09/frame-000001,1,0.05981263,1.323298,1981,1526,1372,0.84,91.56,88.69,8.08,189.18,0.806145480,-0.009460740,0.586816010,0.075411736,-1.0442330,-0.6788717,0.6525585
seq-09/frame-000002,1,0.05252872,1.165085,2079,1609,1434,0.87,101.78,92.78,9.05,204.48,0.805535138,-0.003950429,0.587853570,0.074335164,-1.0449685,-0.6603072,0.6531826
seq-09/frame-000003,1,0.04182489,0.939580,1999,1556,1408,0.82,105.86,93.35,19.88,219.91,0.804726765,-0.003266006,0.589112528,0.073147774,-1.0506834,-0.6474326,0.6572314
seq-09/frame-000004,1,0.04920564,1.100460,1756,1377,1237,0.81,90.32,80.36,21.83,193.32,0.803256828,-0.004772194,0.590822691,0.075393912,-1.0473316,-0.6520864,0.6601478
seq-09/frame-000005,1,0.06602292,1.584072,1952,1533,1378,0.81,90.69,90.08,18.97,200.55,0.801416204,-0.001971200,0.593398431,0.074876463,-1.0474446,-0.6500475,0.6698471
seq-09/frame-000006,1,0.03423289,0.824211,948,736,645,0.72,62.16,54.15,10.05,127.08,0.800257646,0.003832586,0.594697493,0.076862884,-1.0611531,-0.6140369,0.6664425
seq-09/frame-000007,1,0.05030585,1.137233,2002,1562,1411,0.81,80.48,90.70,17.88,189.87,0.796936949,0.002706240,0.597469021,0.088965969,-1.0297032,-0.6126352,0.6591033
seq-09/frame-000008,1,0.03600769,0.831020,1266,976,862,0.75,68.75,59.66,22.25,151.41,0.795333241,0.005584517,0.599353980,0.090491190,-1.0381670,-0.5945513,0.6641452
seq-09/frame-000009,1,0.04632080,1.051643,1711,1276,1120,0.78,87.01,73.16,12.06,173.01,0.790165648,0.004264302,0.604601400,0.100385317,-1.0226368,-0.5898520,0.6620759
seq-09/frame-000010,1,0.03492815,0.708579,1667,1271,1130,0.78,88.93,70.23,14.55,174.49,0.787602389,0.006544803,0.607930455,0.100300566,-1.0223507,-0.5787970,0.6673244
seq-09/frame-000011,1,0.03178327,0.514346,1714,1256,1116,0.78,86.50,74.87,9.94,172.08,0.783353010,0.006001836,0.613211367,0.101458654,-1.0115472,-0.5574584,0.6694806
seq-09/frame-000012,1,0.02941710,0.600669,1607,1179,1029,0.76,81.26,84.76,15.18,181.96,0.780448714,0.004890531,0.616565128,0.103553510,-1.0116856,-0.5572386,0.6770055
seq-09/frame-000013,1,0.05653729,0.990873,2126,1440,1266,0.80,88.49,108.03,20.61,217.93,0.777502827,0.003210051,0.619516223,0.108068028,-0.9715057,-0.5542850,0.6613591
seq-09/frame-000014,1,0.04179702,0.653204,1744,1217,1060,0.75,94.36,72.05,9.78,176.95,0.775017850,0.006428444,0.622792340,0.106937869,-0.9769757,-0.5344581,0.6695455
seq-09/frame-000015,1,0.03846444,0.607401,2022,1355,1184,0.79,93.10,96.83,8.85,199.57,0.769271624,0.004047091,0.629149065,0.111248567,-0.9662983,-0.5308154,0.6842457
seq-09/frame-000016,1,0.03046066,0.417059,1765,1137,972,0.74,86.11,74.29,22.89,184.03,0.766887361,0.004317157,0.632191205,0.110450977,-0.9656631,-0.5159603,0.6926457
seq-09/frame-000017,1,0.05455784,0.995868,2732,1725,1472,0.86,111.00,191.67,17.78,321.32,0.765224736,0.000786040,0.632855508,0.118001661,-0.9250117,-0.5174586,0.6755673
seq-09/frame-000018,1,0.02965298,0.590872,1637,962,776,0.76,84.69,132.18,22.55,240.19,0.763599520,0.001869846,0.635042766,0.116760276,-0.9372430,-0.4960884,0.6918174
seq-09/frame-000019,1,0.05410600,0.700520,2468,1481,1280,0.81,114.86,152.85,23.88,292.41,0.762521461,-0.004053898,0.635406048,0.121670623,-0.8902136,-0.4838055,0.6828916
seq-09/frame-000020,1,0.06130665,0.778902,2213,1303,1100,0.77,122.73,128.19,11.97,263.67,0.760469803,-0.001600335,0.637426185,0.123979747,-0.8729231,-0.4684699,0.6848961
seq-09/frame-000021,1,0.03283277,0.606915,1750,1144,968,0.74,113.67,109.83,15.91,240.14,0.755283529,-0.003179539,0.642891561,0.127385719,-0.8894502,-0.4763364,0.7066538
seq-09/frame-000022,1,0.04847030,0.790851,2004,1097,901,0.78,129.69,115.50,11.91,257.88,0.750994180,-0.003327628,0.646953714,0.132089214,-0.8517252,-0.4683545,0.6932963
seq-09/frame-000023,1,0.04818102,0.543351,1612,894,715,0.77,106.83,93.22,12.29,213.11,0.746920322,-0.000059893,0.652395606,0.128413406,-0.8422107,-0.4450726,0.7031599
seq-09/frame-000024,1,0.04820122,0.666102,1803,1002,831,1.96,139.91,101.36,14.67,257.92,0.739801857,0.001395697,0.659508914,0.133188803,-0.8205923,-0.4355793,0.7038528
seq-09/frame-000025,1,0.04509477,0.986179,1349,683,513,0.75,121.91,62.87,11.38,196.91,0.734802517,0.000179456,0.664561848,0.135730537,-0.8147788,-0.4456534,0.7058687
seq-09/frame-000026,1,0.06557812,0.981203,1307,664,489,0.80,120.20,64.34,8.16,193.51,0.728102453,0.001173237,0.672157422,0.134424107,-0.7849449,-0.4315359,0.6979625
seq-09/frame-000027,1,0.06283002,1.296901,1204,552,394,0.72,92.45,63.02,16.23,172.43,0.724063476,0.002498478,0.677083515,0.131467693,-0.7687512,-0.4333022,0.7009159
seq-09/frame-000028,1,0.04393731,0.952692,1514,774,596,0.75,94.22,65.69,7.95,168.62,0.719221657,0.009080546,0.683413304,0.124835921,-0.7744388,-0.4194984,0.7181711
seq-09/frame-000029,1,0.04363365,0.925165,1619,924,745,1.67,87.91,78.66,15.49,183.73,0.714910860,0.011450749,0.688537395,0.121192403,-0.7587957,-0.3912328,0.7108527
seq-09/frame-000030,1,0.04315202,1.037696,1693,1131,964,0.76,100.08,84.32,17.88,203.04,0.711029453,0.011412491,0.692197153,0.123166444,-0.7519920,-0.3911424,0.7135938
seq-09/frame-000031,1,0.04523835,0.887973,1637,1077,902,0.75,98.08,85.93,15.86,200.63,0.706811721,0.014864442,0.695891039,0.126221635,-0.7419177,-0.3753884,0.7158062
seq-09/frame-000032,1,0.05170771,1.035912,1514,942,764,0.75,90.14,71.63,10.56,173.08,0.704082322,0.015175358,0.698050185,0.129474831,-0.7320267,-0.3705410,0.7112437
seq-09/frame-000033,1,0.04895104,0.921029,2483,1463,1194,0.87,107.80,143.02,14.71,266.40,0.698639772,0.011030333,0.703748594,0.128525158,-0.7171450,-0.3639382,0.7245839
seq-09/frame-000034,1,0.03906683,0.890477,1821,1101,911,0.80,107.65,102.59,13.32,224.36,0.698583057,0.007989555,0.703840550,0.128554893,-0.7182852,-0.3641370,0.7301746
seq-09/frame-000035,1,0.04305383,0.958968,1481,890,700,0.93,95.89,85.86,15.89,198.57,0.699035285,0.004604853,0.703030108,0.130679506,-0.7087500,-0.3551839,0.7220084
seq-09/frame-000036,1,0.04141212,0.830726,2039,1060,810,0.77,94.61,115.17,12.50,223.05,0.697346049,-0.000362345,0.704159429,0.133670696,-0.6977234,-0.3513403,0.7270657
seq-09/frame-000037,1,0.04259977,0.737042,2414,1454,1230,0.84,111.32,129.79,23.99,265.95,0.698213833,-0.006309278,0.703170693,0.134196174,-0.6820000,-0.3433601,0.7212620
seq-09/frame-000038,1,0.04457701,0.728217,2724,1684,1381,0.88,128.24,145.74,19.41,294.28,0.698151309,-0.009891105,0.703238572,0.133949340,-0.6670773,-0.3412224,0.7224378
seq-09/frame-000039,1,0.04571812,0.736605,2921,1691,1350,0.87,145.23,154.03,30.42,330.56,0.699221151,-0.013686187,0.702415996,0.132341375,-0.6545070,-0.3428218,0.7200272
seq-09/frame-000040,1,0.04002925,0.657806,2550,1570,1301,1.89,129.49,131.43,19.09,281.91,0.699424060,-0.015999653,0.702657212,0.129702885,-0.6483147,-0.3339539,0.7213166
seq-09/frame-000041,1,0.03823697,0.753863,2625,1353,1074,0.83,132.39,138.62,10.06,281.91,0.701365249,-0.021327668,0.700553269,0.129834646,-0.6292002,-0.3202031,0.7179708
seq-09/frame-000042,1,0.04855547,0.863760,2233,1028,784,0.79,116.20,121.08,11.00,249.07,0.703404954,-0.024701449,0.698573160,0.128867561,-0.6088741,-0.3062038,0.7183450
seq-09/frame-000043,1,0.06037728,1.231286,2205,1053,795,0.79,119.38,111.44,17.48,249.08,0.709378129,-0.029064903,0.692515724,0.127905722,-0.5904283,-0.2954442,0.7093791
seq-09/frame-000044,1,0.05444141,1.030729,2438,1434,1176,0.93,115.72,134.79,23.27,274.71,0.712794734,-0.035666653,0.689089227,0.125728255,-0.5774229,-0.2993215,0.7136215
seq-09/frame-000045,1,0.05032558,1.042427,3369,2023,1669,0.96,130.75,153.98,29.83,315.52,0.719623620,-0.040239154,0.681185475,0.128487372,-0.5555526,-0.3152611,0.6866524
seq-09/frame-000046,1,0.04974668,0.902185,3082,1980,1620,0.98,145.03,141.87,24.04,311.93,0.718305758,-0.035995564,0.682619188,0.129507534,-0.5404500,-0.3070439,0.6833908
seq-09/frame-000047,1,0.03162749,0.610755,3501,2179,1784,0.98,140.12,167.48,14.42,323.00,0.715846659,-0.034709581,0.685046738,0.130651342,-0.5387688,-0.3049731,0.6940404
seq-09/frame-000048,1,0.04030581,0.894655,3082,1864,1516,0.92,117.87,155.10,23.61,297.50,0.718963755,-0.034491815,0.681743538,0.130870860,-0.5156414,-0.3035720,0.6867304
seq-09/frame-000049,1,0.04161405,0.950239,3034,1815,1504,0.96,114.96,145.81,21.57,283.30,0.722167148,-0.033527822,0.679372285,0.125713140,-0.5064495,-0.2907627,0.6834515
seq-09/frame-000050,1,0.04647763,1.054836,3492,2161,1778,1.90,126.53,169.94,27.48,325.85,0.728314628,-0.039096267,0.673829967,0.118247458,-0.4783334,-0.2825364,0.6651532
seq-09/frame-000051,1,0.05433997,1.391359,2620,1560,1302,1.09,111.95,132.56,21.67,267.27,0.732430352,-0.039896434,0.669902509,0.114824572,-0.4652585,-0.2741548,0.6576515
seq-09/frame-000052,1,0.04130372,1.048174,2981,1956,1674,0.93,123.09,153.06,18.97,296.05,0.735907493,-0.040413408,0.666230635,0.113770205,-0.4500392,-0.2747951,0.6653122
seq-09/frame-000053,1,0.04405145,1.072911,3402,2019,1665,0.94,126.60,188.97,22.09,338.60,0.739778556,-0.040358963,0.661453597,0.116524592,-0.4334093,-0.2816859,0.6516727
seq-09/frame-000054,1,0.04729339,1.172045,3391,2118,1758,0.94,137.91,173.58,12.56,324.99,0.742101350,-0.037280220,0.659168227,0.115728213,-0.4182181,-0.2770686,0.6434535
seq-09/frame-000055,1,0.03101585,0.791768,2912,1701,1345,0.91,113.29,155.92,15.29,285.42,0.743237022,-0.035683980,0.658080843,0.115130303,-0.4029678,-0.2769444,0.6444326
seq-09/frame-000056,1,0.05590183,1.383742,2675,1553,1222,0.85,109.11,147.03,15.99,272.99,0.750829045,-0.030701298,0.650426983,0.110715472,-0.3747602,-0.2773778,0.6175195
seq-09/frame-000057,1,0.05953314,1.480830,2811,1753,1411,0.89,136.15,121.05,20.83,278.93,0.753353989,-0.030247339,0.648608672,0.104161682,-0.3629428,-0.2718287,0.6072952
seq-09/frame-000058,1,0.06219912,1.566562,2327,1237,934,0.83,118.60,103.45,10.71,233.60,0.754650656,-0.031413291,0.647628892,0.100460990,-0.3450248,-0.2752770,0.6019165
seq-09/frame-000059,1,0.05108580,1.063067,1706,751,524,0.80,102.01,87.07,8.10,197.98,0.752994563,-0.028297184,0.651049689,0.091283952,-0.3308491,-0.2671550,0.6174161
seq-09/frame-000060,1,0.05191944,1.162218,1890,926,686,0.81,112.92,91.86,13.91,219.50,0.755245493,-0.013877032,0.649433082,0.087454821,-0.3074442,-0.2598498,0.6043264
seq-09/frame-000061,1,0.06187388,1.660159,2142,1338,1090,1.23,110.86,98.58,20.43,231.09,0.756144654,-0.010484764,0.648104125,0.089979856,-0.3009281,-0.2753504,0.5878971
seq-09/frame-000062,1,0.06485343,1.743026,2520,1502,1191,0.87,100.26,118.39,13.24,232.77,0.756129985,-0.008219250,0.648230864,0.089423912,-0.2907157,-0.2723154,0.5774596
seq-09/frame-000063,1,0.05486369,1.509123,2650,1632,1333,1.07,116.80,123.00,14.86,255.73,0.756186076,-0.004692136,0.648982244,0.083562255,-0.2737816,-0.2643738,0.5795469
seq-09/frame-000064,1,0.04614267,1.281632,2736,1614,1277,0.91,115.10,131.72,21.65,269.39,0.756599045,-0.004580036,0.649079619,0.078946541,-0.2667595,-0.2566251,0.5819015
seq-09/frame-000065,1,0.05955070,1.663424,2524,1574,1228,1.21,118.27,109.55,19.67,248.71,0.759837114,-0.004351569,0.645250591,0.079248330,-0.2443402,-0.2542818,0.5695982
seq-09/frame-000066,1,0.05473968,1.573399,2558,1393,1093,0.89,131.20,116.96,16.83,265.89,0.761008325,-0.004203912,0.644147045,0.076962594,-0.2372484,-0.2521937,0.5714307
seq-09/frame-000067,1,0.05796359,1.600630,2571,1441,1109,0.94,111.72,105.74,23.12,241.52,0.762312298,-0.005968328,0.643036511,0.073132653,-0.2193986,-0.2590761,0.5650853
seq-09/frame-000068,1,0.05862850,1.667842,2487,1396,1080,0.92,105.44,119.35,15.68,241.40,0.764369775,-0.004393812,0.640660387,0.072621004,-0.2000606,-0.2478113,0.5626999
seq-09/frame-000069,1,0.05134109,1.501750,2500,1441,1123,0.87,111.73,125.45,26.26,264.32,0.764689314,-0.005286028,0.640610537,0.069573349,-0.1957090,-0.2491728,0.5681744
seq-09/frame-000070,1,0.05905896,1.653413,2516,1379,1046,0.91,107.68,118.57,17.01,244.16,0.766753135,-0.005440527,0.638405658,0.067068973,-0.1768059,-0.2438757,0.5618261
seq-09/frame-000071,1,0.05768761,1.631985,2052,1093,819,0.81,87.20,92.77,13.07,193.86,0.771559722,-0.003740384,0.633071631,0.062465310,-0.1452938,-0.2258371,0.5649404
seq-09/frame-000072,1,0.05871236,1.748772,2186,1206,952,0.87,98.09,110.44,15.89,225.30,0.771061917,-0.006736777,0.633773981,0.061226446,-0.1467487,-0.2447846,0.5736648
seq-09/frame-000073,1,0.06489634,1.904879,2417,1192,866,0.89,107.20,103.18,16.99,228.27,0.774291808,-0.008613790,0.629829591,0.060931807,-0.1328031,-0.2418366,0.5662610
seq-09/frame-000074,1,0.05498291,1.637971,2306,1232,894,0.89,105.89,118.30,17.79,242.87,0.774667335,-0.008904095,0.629473654,0.059784248,-0.1223198,-0.2372240,0.5731767
seq-09/frame-000075,1,0.04760215,1.318562,2367,1213,884,0.88,111.09,123.59,24.37,259.93,0.775501832,-0.005834676,0.628644337,0.058044489,-0.0981875,-0.2189813,0.5739324
seq-09/frame-000076,1,0.04412620,1.285761,2469,1355,1035,0.91,107.81,117.99,17.07,243.79,0.772057478,-0.012157656,0.632792517,0.057905718,-0.1061383,-0.2383269,0.5922056
seq-09/frame-000077,1,0.05046060,1.415424,2423,1295,953,0.94,103.60,121.89,23.93,250.35,0.777538934,-0.010263911,0.626144606,0.057190827,-0.0730048,-0.2203560,0.5751501
seq-09/frame-000078,1,0.05601799,1.291850,2148,1211,928,0.86,91.40,101.84,19.57,213.68,0.778361912,-0.016271230,0.624811722,0.059146376,-0.0604542,-0.2376724,0.5809435
seq-09/frame-000079,1,0.04324662,1.289605,2207,1135,833,0.85,105.35,96.31,27.70,230.23,0.782425244,-0.020807455,0.620147618,0.052865106,-0.0389113,-0.2231450,0.5946211
seq-09/frame-000080,1,0.03984922,1.215549,2108,1180,875,0.85,93.04,99.09,11.33,204.32,0.784038862,-0.024336241,0.618205605,0.050126245,-0.0281254,-0.2241965,0.6019386
seq-09/frame-000081,1,0.03825108,1.195836,1673,976,737,0.85,81.94,78.49,15.36,176.64,0.787798226,-0.023786700,0.613542528,0.048720772,-0.0154254,-0.2161427,0.6012321
seq-09/frame-000082,1,0.05716032,1.704724,1968,909,614,0.86,88.18,94.22,15.76,199.03,0.795540386,-0.020009278,0.603268918,0.052742160,0.0417968,-0.2064141,0.6034685
seq-09/frame-000083,1,0.04157599,1.100770,1247,644,432,0.93,75.00,56.23,13.22,145.38,0.794093775,-0.020171300,0.605343102,0.050674688,0.0216983,-0.2205143,0.6149648
seq-09/frame-000084,1,0.03700681,1.350492,1266,660,470,0.83,76.57,58.74,21.83,157.96,0.801404505,-0.020440238,0.595820527,0.048279555,0.0459351,-0.2231118,0.6251368
seq-09/frame-000085,1,0.04252709,1.389427,1815,888,635,0.84,98.01,86.12,15.80,200.78,0.806917739,-0.022189706,0.588392900,0.046745842,0.0801912,-0.2219038,0.6330821
seq-09/frame-000086,1,0.03513303,1.023953,1631,853,624,0.83,77.44,72.42,10.19,160.89,0.810784896,-0.022205910,0.583337655,0.043034053,0.0959870,-0.2208167,0.6493244
seq-09/frame-000087,1,0.04147734,1.412463,1479,796,576,0.83,87.06,66.15,25.92,179.96,0.815127260,-0.022923072,0.576932578,0.046806876,0.1229161,-0.2265506,0.6564715
seq-09/frame-000088,1,0.03502615,1.108417,1600,808,578,0.84,79.43,74.23,7.35,161.84,0.817521979,-0.022564699,0.573691594,0.045017808,0.1307905,-0.2264475,0.6720311
seq-09/frame-000089,1,0.04004156,1.147738,1770,906,625,0.85,82.91,95.40,9.66,188.82,0.820937625,-0.022455291,0.568835728,0.044531892,0.1442455,-0.2250558,0.6755861
seq-09/frame-000090,1,0.03762807,1.023639,1771,864,618,0.87,90.83,90.80,9.99,192.50,0.825812028,-0.024615955,0.561777142,0.042836805,0.1727323,-0.2334673,0.7129156
seq-09/frame-000091,1,0.04544041,1.596441,1366,711,467,0.80,78.34,62.98,15.39,157.51,0.832143519,-0.024003816,0.551801508,0.049760188,0.2051415,-0.2297869,0.7102088
seq-09/frame-000092,1,0.04267868,1.472964,1356,677,454,0.81,69.02,55.95,13.30,139.08,0.835429181,-0.023629283,0.546481052,0.053462131,0.2199364,-0.2327684,0.7283729
seq-09/frame-000093,1,0.03611191,0.898717,1621,827,590,0.81,82.28,86.77,19.41,189.26,0.838550623,-0.022335145,0.542171893,0.048822460,0.2167146,-0.2257392,0.7370048
seq-09/frame-000094,1,0.04777812,0.978640,1583,724,493,0.80,73.08,86.01,23.28,183.18,0.839201547,-0.025147787,0.540749895,0.051941349,0.2139075,-0.2410116,0.7513846
seq-09/frame-000095,1,0.05249610,2.638040,1475,690,483,0.80,86.16,80.72,10.74,178.44,0.851223526,-0.021783116,0.520361114,0.064562494,0.2821186,-0.2259246,0.7720964
seq-09/frame-000096,1,0.04396171,1.450120,1632,745,507,0.81,104.77,82.91,17.59,206.09,0.853395431,-0.024034156,0.517299777,0.059494022,0.2847871,-0.2295433,0.7909150
seq-09/frame-000097,1,0.04704500,1.504692,1691,781,556,0.81,101.31,83.29,13.52,198.94,0.855822187,-0.022700574,0.513163408,0.060962165,0.2931303,-0.2334255,0.8022165
seq-09/frame-000098,1,0.05780237,1.870964,2128,925,662,1.00,111.07,96.31,12.74,221.12,0.859179982,-0.022372175,0.507159236,0.064021506,0.3140902,-0.2361641,0.8114331
seq-09/frame-000099,1,0.06273637,1.950788,2569,1130,782,0.85,126.73,107.86,8.53,243.97,0.860534904,-0.019963624,0.504852481,0.064846775,0.3346746,-0.2314859,0.8305990
seq-09/frame-000100,1,0.06045356,1.796947,2807,1062,691,0.88,111.38,122.03,7.93,242.22,0.860960964,-0.016821450,0.504203970,0.065127676,0.3425283,-0.2197140,0.8432856
seq-09/frame-000101,1,0.05994539,1.810128,2772,1141,751,0.84,116.33,142.54,9.04,268.75,0.860772512,-0.018510426,0.504187863,0.067250618,0.3503652,-0.2257792,0.8596660
seq-09/frame-000102,1,0.05989339,1.835079,2811,1117,711,0.84,107.72,127.60,13.33,249.48,0.860739355,-0.020166728,0.503870794,0.069536243,0.3535852,-0.2383302,0.8710983
seq-09/frame-000103,1,0.05950947,1.719379,2815,1041,666,0.92,111.26,141.29,12.03,265.50,0.860628615,-0.017858019,0.504322953,0.068248346,0.3616649,-0.2347977,0.8837476
seq-09/frame-000104,1,0.05241856,1.437679,3159,1106,608,0.93,107.89,148.10,14.06,270.98,0.858046250,-0.016248165,0.508811123,0.067851836,0.3621796,-0.2324710,0.8975800
seq-09/frame-000105,1,0.06429757,1.933616,2999,1075,644,0.92,113.62,157.73,10.80,283.07,0.857965741,-0.012856435,0.508444406,0.072206544,0.3774098,-0.2224834,0.9041497
seq-09/frame-000106,1,0.06220001,1.558147,3023,1081,641,0.93,102.94,147.00,14.07,264.95,0.854373582,-0.012811161,0.514318525,0.073199127,0.3950899,-0.2228501,0.9359869
seq-09/frame-000107,1,0.04558473,0.996353,2607,1201,803,1.30,99.00,139.10,10.91,250.31,0.849071247,-0.013332169,0.522951245,0.073636041,0.3821529,-0.2312922,0.9497422
seq-09/frame-000108,1,0.05084326,1.166987,2675,1067,676,0.92,106.50,119.79,16.25,243.46,0.846523839,-0.011475713,0.526871076,0.075316452,0.3928108,-0.2213664,0.9603793
seq-09/frame-000109,1,0.06129080,1.686478,2526,897,520,1.02,96.81,117.99,9.98,225.81,0.843876139,-0.010855507,0.529672115,0.084868549,0.4069792,-0.2265159,0.9676604
seq-09/frame-000110,1,0.04600927,0.988897,2392,1061,687,0.87,109.32,109.41,17.82,237.42,0.838006770,-0.007932354,0.538746041,0.086223168,0.3958194,-0.2237662,0.9824140
seq-09/frame-000111,1,0.05170192,1.465035,2765,1095,653,0.88,97.61,145.09,19.01,262.60,0.833860102,-0.006161290,0.543548739,0.095886064,0.4032053,-0.2267920,0.9905791
seq-09/frame-000112,1,0.05398407,1.771321,3286,1361,833,0.90,115.84,160.42,10.21,287.38,0.831616994,-0.003934183,0.545755529,0.102706379,0.4091229,-0.2281217,1.0022082
seq-09/frame-000113,1,0.06571860,1.890489,2995,1041,577,0.88,100.87,150.72,13.64,266.11,0.830671578,-0.002106321,0.547473387,0.101258008,0.4242487,-0.2233195,1.0111903
seq-09/frame-000114,1,0.05583201,1.105332,2800,1010,614,0.91,96.36,121.72,12.09,231.08,0.823395717,0.003506460,0.558566153,0.100055244,0.4255986,-0.2201420,1.0400609
seq-09/frame-000115,1,0.04730056,1.203352,2503,1121,695,0.86,90.48,128.07,24.45,243.88,0.817037786,0.007330232,0.567694172,0.100592505,0.4183562,-0.2129257,1.0563214
seq-09/frame-000116,1,0.04578929,1.268547,2279,987,629,0.84,91.95,117.64,14.01,224.46,0.811338771,0.009687640,0.574419832,0.108062040,0.4206512,-0.2116753,1.0699600
seq-09/frame-000117,1,0.06253252,2.137502,2529,951,603,0.92,108.28,108.48,9.95,227.64,0.809581226,0.012364115,0.574970330,0.117620096,0.4307598,-0.2083503,1.0676152
seq-09/frame-000118,1,0.04060498,1.584432,3181,1295,824,0.88,127.52,169.89,27.30,325.60,0.803957248,0.007770625,0.582517992,0.119436805,0.4122245,-0.2288626,1.0878880
seq-09/frame-000119,1,0.06744277,2.632995,2660,1039,684,0.86,105.54,125.39,14.84,246.65,0.807147174,0.009580553,0.576937002,0.124761163,0.4329639,-0.2156979,1.0801028
seq-09/frame-000120,1,0.05124442,1.731077,3189,1397,873,0.90,122.95,156.39,25.22,305.45,0.803223577,0.005322786,0.584229563,0.116100690,0.4140258,-0.2218124,1.0942208
seq-09/frame-000121,1,0.02897868,1.012008,3270,1250,736,0.94,116.11,148.68,15.24,280.97,0.796913096,0.001544109,0.593400230,0.113151666,0.4046707,-0.2263819,1.1244239
seq-09/frame-000122,1,0.02996261,1.072803,2706,1237,838,0.88,102.19,146.53,22.83,272.44,0.791377889,0.001943617,0.600089484,0.116661348,0.4011081,-0.2209885,1.1434040
seq-09/frame-000123,1,0.02666859,1.101707,3245,1293,828,0.93,103.32,146.97,21.80,273.02,0.787862669,-0.001336347,0.604516319,0.117603778,0.4000316,-0.2256602,1.1571691
seq-09/frame-000124,1,0.03555255,1.369893,3404,1390,897,0.91,118.84,166.23,15.13,301.11,0.786853289,-0.002584302,0.606050025,0.116441360,0.3991654,-0.2230050,1.1594487
seq-09/frame-000125,1,0.02294645,0.801999,3241,1440,976,0.88,127.58,141.21,24.26,293.94,0.783010734,-0.007277097,0.612266863,0.109409884,0.3917221,-0.2236323,1.1810794
seq-09/frame-000126,1,0.01060177,0.184684,2622,1304,947,0.89,98.97,117.99,11.27,229.13,0.776779522,-0.010559117,0.620983095,0.104317182,0.3792855,-0.2272375,1.2023558
seq-09/frame-000127,1,0.00968489,0.163324,2423,1253,903,0.86,94.23,97.50,17.21,209.80,0.771586797,-0.010801092,0.627641471,0.102972499,0.3778571,-0.2242254,1.2146823
seq-09/frame-000128,1,0.01550674,0.420010,3043,1293,840,0.91,108.19,147.31,19.84,276.25,0.766540371,-0.010597840,0.633142502,0.106930435,0.3733642,-0.2260931,1.2197552
seq-09/frame-000129,1,0.02168129,1.177519,2709,1383,957,0.89,114.37,148.02,35.98,299.26,0.759308016,-0.009976017,0.641433784,0.109153637,0.3658993,-0.2299242,1.2371548
seq-09/frame-000130,1,0.01350357,0.250429,2879,1305,883,0.88,112.39,159.72,23.35,296.35,0.745140306,-0.008607233,0.658126778,0.107522016,0.3512203,-0.2338697,1.2654505
seq-09/frame-000131,1,0.01851857,0.573587,2596,1202,845,0.90,109.70,182.83,30.21,323.64,0.742541838,-0.008277144,0.661145349,0.107004375,0.3542544,-0.2367621,1.2702856
seq-09/frame-000132,1,0.01712187,0.459132,2440,1236,889,0.90,101.62,153.50,23.55,279.57,0.737779612,-0.008392986,0.666929544,0.103998964,0.3477949,-0.2395678,1.2840714
seq-09/frame-000133,1,0.01796137,0.367608,2684,1349,915,0.88,93.40,174.54,16.25,285.07,0.731457261,-0.006196148,0.674168985,0.102117886,0.3377901,-0.2355190,1.2999953
seq-09/frame-000134,1,0.01944272,0.390566,2656,1298,908,0.87,101.76,187.98,17.79,308.40,0.724847599,-0.004406440,0.680548993,0.106909353,0.3311442,-0.2372834,1.3120863
seq-09/frame-000135,1,0.01803323,0.297922,2996,1415,946,0.91,98.00,201.60,16.38,316.89,0.717960132,-0.001293683,0.687529064,0.108790447,0.3223378,-0.2378165,1.3284406
seq-09/frame-000136,1,0.02021117,0.518962,2562,1368,950,0.87,98.82,166.42,25.01,291.12,0.714055377,-0.000841663,0.691556680,0.108965901,0.3225572,-0.2385747,1.3330330
seq-09/frame-000137,1,0.02007757,0.554151,2828,1354,880,0.88,115.62,169.16,19.48,305.15,0.707766435,-0.002483845,0.697716450,0.110689923,0.3106070,-0.2481072,1.3456648
seq-09/frame-000138,1,0.02205701,0.578593,2468,1225,863,0.87,118.91,153.70,29.29,302.77,0.701467340,0.001201454,0.703884212,0.111754836,0.3028043,-0.2426451,1.3583691
seq-09/frame-000139,1,0.02396500,0.633370,2892,1310,848,1.07,134.72,159.50,21.07,316.36,0.687651090,0.002836226,0.716311194,0.118432292,0.2848812,-0.2520025,1.3853918
seq-09/frame-000140,1,0.03195292,1.319923,3015,1338,854,1.91,134.79,157.42,29.55,323.68,0.685298988,0.003473841,0.717989469,0.121837397,0.2843620,-0.2543905,1.3839095
seq-09/frame-000141,1,0.04237436,1.959613,2958,1179,667,3.63,130.07,172.86,13.42,319.99,0.683728428,0.003899218,0.718724557,0.126234877,0.2826610,-0.2556387,1.3827455
seq-09/frame-000142,1,0.04075210,2.080532,2805,1140,750,1.26,137.66,170.78,26.40,336.11,0.681360655,0.002077659,0.720222498,0.130471811,0.2795783,-0.2589532,1.3935499
seq-09/frame-000143,1,0.04678507,2.406472,3501,1208,681,1.81,140.20,197.43,29.62,369.06,0.681426446,0.005868898,0.719708050,0.132830257,0.2799493,-0.2476106,1.3979804
seq-09/frame-000144,1,0.05155216,2.584064,3620,1262,697,0.99,140.47,246.50,27.39,415.36,0.681353512,0.002105613,0.719753167,0.133072677,0.2704654,-0.2572810,1.4011430
seq-09/frame-000145,1,0.03832460,1.727469,3501,1205,671,0.98,139.96,193.99,46.39,381.32,0.675525696,-0.003076110,0.726145410,0.127939106,0.2533639,-0.2662942,1.4270180
seq-09/frame-000146,1,0.05274063,2.632063,3423,1067,551,1.22,137.01,206.03,24.50,368.76,0.679690780,-0.002524980,0.721912584,0.129831777,0.2699642,-0.2575468,1.4174690
seq-09/frame-000147,1,0.04182680,2.050528,1618,753,454,1.09,88.12,106.01,25.37,220.62,0.681044589,-0.006202235,0.720604428,0.129880937,0.2377246,-0.2793758,1.4503200
seq-09/frame-000148,1,0.04036361,2.299793,1352,489,229,0.80,74.53,83.01,32.21,190.55,0.692873865,-0.007635042,0.709929756,0.125965293,0.2319663,-0.2818218,1.4615480
seq-09/frame-000149,1,0.05760764,2.719868,1129,342,149,1.28,86.02,83.60,16.43,187.33,0.704506727,-0.003101777,0.698636859,0.124768544,0.2580984,-0.2685479,1.4556390
seq-09/frame-000150,1,0.05257818,1.595016,1072,419,231,1.01,90.86,73.89,14.14,179.90,0.706921489,-0.013192269,0.696296329,0.123528921,0.2056708,-0.3205990,1.4978655
seq-09/frame-000151,1,0.01565152,1.250946,1058,372,199,0.83,76.43,75.92,22.39,175.58,0.720709652,-0.006530132,0.683800402,0.113806701,0.2350198,-0.2872438,1.5018653
seq-09/frame-000152,1,0.01429870,1.163268,1297,567,351,1.34,90.21,67.25,14.98,173.78,0.728636618,-0.006431346,0.675700546,0.111696416,0.2247550,-0.2977860,1.5127828
seq-09/frame-000153,1,0.01692610,0.652335,1134,450,272,1.09,95.55,61.38,8.66,166.69,0.734411912,-0.005423118,0.670027146,0.108043312,0.2122502,-0.3013930,1.5241025
seq-09/frame-000154,1,0.01556719,0.265091,1111,643,459,0.79,85.51,54.36,19.55,160.22,0.747504880,-0.002794858,0.656852760,0.098858961,0.2111703,-0.2972457,1.5531158
seq-09/frame-000155,1,0.04037368,0.626690,1012,339,189,1.50,89.74,48.12,21.48,160.85,0.752054131,-0.008118145,0.651737144,0.097915136,0.1924064,-0.3257931,1.5703975
seq-09/frame-000156,1,0.02802159,0.897653,768,315,169,0.76,74.04,38.70,16.95,130.46,0.768276246,-0.001478840,0.634143572,0.087243075,0.1969237,-0.2881691,1.5560918
seq-09/frame-000157,1,0.02544213,1.653828,742,254,129,0.79,62.52,31.04,12.19,106.54,0.781515083,-0.005467026,0.615515142,0.101712323,0.2402429,-0.3247232,1.5458364
seq-09/frame-000158,1,0.09237094,2.720968,891,340,172,1.09,65.02,48.56,19.22,133.90,0.795849093,-0.018561459,0.596654146,0.101407712,0.1925339,-0.3930844,1.5962113
seq-09/frame-000159,1,0.03955074,0.685785,826,360,227,0.79,66.05,40.07,10.21,117.12,0.811062693,-0.012134441,0.579786443,0.076666452,0.1981698,-0.3338777,1.5939800
seq-09/frame-000160,1,0.05163213,1.410029,939,475,338,0.80,62.77,50.49,8.18,122.24,0.814826164,-0.013766137,0.575680864,0.066785912,0.2011233,-0.3373249,1.6249252
seq-09/frame-000161,1,0.04862600,1.367518,983,573,449,0.80,71.74,47.97,15.15,135.67,0.819536517,-0.010349894,0.568785031,0.068821263,0.2061434,-0.3389349,1.6276439
seq-09/frame-000162,1,0.06228424,1.729259,934,535,396,1.90,70.14,56.25,14.01,142.30,0.821477117,-0.008431050,0.565881283,0.069875868,0.1973652,-0.3429392,1.6463604
seq-09/frame-000163,1,0.03048372,0.671930,914,527,386,0.78,75.52,64.84,13.08,154.23,0.835833948,-0.004520263,0.544409620,0.070564470,0.2183344,-0.3397852,1.6338103
seq-09/frame-000164,1,0.04816687,1.297470,911,542,412,0.77,68.63,54.96,18.92,143.31,0.837661693,-0.006411238,0.542390434,0.063987504,0.2200607,-0.3422412,1.6644833
seq-09/frame-000165,1,0.03621330,0.922562,1067,665,530,0.79,77.25,62.25,19.87,160.16,0.843606512,-0.006915471,0.532999630,0.064742751,0.2301528,-0.3525623,1.6543955
seq-09/frame-000166,1,0.03655212,0.947853,901,515,400,0.79,75.53,59.47,10.07,145.86,0.846117124,-0.003862546,0.529358379,0.062053210,0.2361051,-0.3422349,1.6710831
seq-09/frame-000167,1,0.02197313,1.055859,1237,677,525,0.82,86.38,72.27,20.19,179.67,0.851799720,-0.005254990,0.520074619,0.062705762,0.2472868,-0.3487211,1.6680638
seq-09/frame-000168,1,0.02990388,0.770154,1185,753,618,0.82,90.46,69.86,10.04,171.17,0.855219359,-0.005558572,0.514462612,0.062427319,0.2594760,-0.3550717,1.6904996
seq-09/frame-000169,1,0.02592794,0.663191,1228,756,630,0.81,90.60,85.17,16.99,193.56,0.857089089,-0.002598013,0.511066440,0.064827756,0.2640207,-0.3533416,1.6953386
seq-09/frame-000170,1,0.03581509,0.930741,1175,686,555,0.94,90.13,76.14,14.24,181.46,0.857905461,-0.003800558,0.509447591,0.066685294,0.2642605,-0.3617758,1.7098041
seq-09/frame-000171,1,0.03152850,0.788526,991,581,449,1.77,74.73,61.34,6.82,144.67,0.861541949,-0.004466847,0.503551040,0.064512536,0.2690578,-0.3632920,1.7115421
seq-09/frame-000172,1,0.02499600,0.544246,980,577,463,0.93,74.63,65.18,16.27,157.01,0.865810880,-0.005018476,0.496328178,0.063282505,0.2837346,-0.3724742,1.7124804
seq-09/frame-000173,1,0.04213656,1.133235,1071,616,490,0.84,88.04,73.00,11.80,173.69,0.869072542,-0.006632142,0.491166658,0.058517052,0.2742321,-0.3751863,1.7357459
seq-09/frame-000174,1,0.02756499,0.721566,1466,891,719,1.63,91.30,85.85,11.61,190.39,0.871752994,-0.005466114,0.485737780,0.063840805,0.2874121,-0.3731990,1.7348522
seq-09/frame-000175,1,0.01683366,0.416554,1254,775,620,1.01,94.15,87.68,12.51,195.36,0.873652818,-0.001917149,0.481825264,0.067612820,0.2931702,-0.3624679,1.7325139
seq-09/frame-000176,1,0.03233242,0.877487,1313,715,565,0.92,91.74,84.92,13.45,191.03,0.873466612,-0.003991234,0.481500662,0.072092028,0.2858188,-0.3739326,1.7453883
seq-09/frame-000177,1,0.01329197,0.378568,1443,800,630,0.94,103.90,88.00,12.42,205.27,0.877733537,-0.003006483,0.473744287,0.071701806,0.2987262,-0.3670484,1.7378088
seq-09/frame-000178,1,0.00774498,0.460989,1201,678,542,3.27,78.63,82.96,14.98,179.84,0.881283342,-0.002113779,0.467707488,0.067711949,0.3101672,-0.3640969,1.7362500
seq-09/frame-000179,1,0.00798644,0.832130,1894,1136,940,0.93,124.99,112.71,11.64,250.27,0.884303403,-0.003999499,0.463097552,0.059431914,0.3014235,-0.3637312,1.7273367
seq-09/frame-000180,1,0.01311503,0.539362,1507,889,738,0.85,106.50,84.83,7.17,199.36,0.884586821,-0.002234899,0.462712258,0.058296882,0.3031051,-0.3567291,1.7179303
seq-09/frame-000181,1,0.01571318,0.663980,1136,671,551,3.26,95.62,73.38,20.75,193.01,0.883998847,-0.001278980,0.463821550,0.058429205,0.2998082,-0.3505737,1.7037455
seq-09/frame-000182,1,0.01442324,0.500323,1649,943,775,0.84,108.72,107.19,9.12,225.88,0.881975550,-0.001240636,0.466851857,0.064551792,0.2966529,-0.3507733,1.6987097
seq-09/frame-000183,1,0.01138061,0.320951,1917,1069,885,0.96,113.65,111.43,9.11,235.15,0.881511625,-0.001403394,0.467114516,0.068842672,0.2969656,-0.3549381,1.6921670
seq-09/frame-000184,1,0.00634839,0.213542,1931,1139,947,1.48,113.63,97.26,9.00,221.37,0.882624096,-0.000881083,0.464997685,0.068928088,0.3000169,-0.3550810,1.6796169
seq-09/frame-000185,1,0.01044074,0.388532,1743,1065,898,0.86,107.13,106.80,9.17,223.96,0.883119706,0.000210379,0.464806405,0.063675319,0.2960812,-0.3460539,1.6687498
seq-09/frame-000186,1,0.00824370,0.266545,1966,1106,896,1.59,104.89,105.06,15.84,227.39,0.883276661,0.000085529,0.464342193,0.064874194,0.2932160,-0.3493043,1.6584253
seq-09/frame-000187,1,0.00965508,0.296995,1977,1129,951,1.05,113.02,111.72,11.67,237.45,0.884371786,0.000757398,0.462425236,0.063630743,0.2909946,-0.3445788,1.6465247
seq-09/frame-000188,1,0.01269602,0.502595,1526,989,844,1.17,97.55,81.37,16.15,196.25,0.885123037,0.000375257,0.461527972,0.059573485,0.2892491,-0.3377779,1.6325632
seq-09/frame-000189,1,0.01662635,0.543822,1883,1137,952,0.88,101.91,86.14,21.64,210.58,0.885001717,0.000726044,0.461931493,0.058229972,0.2835967,-0.3373407,1.6114259
seq-09/frame-000190,1,0.01769208,0.618469,1717,1096,935,0.84,100.07,90.06,9.40,200.38,0.886194852,0.000689426,0.459990420,0.055380702,0.2814280,-0.3359502,1.5946728
seq-09/frame-000191,1,0.02249745,0.816160,1519,975,843,1.73,92.39,82.11,12.77,189.01,0.886232727,0.003316060,0.460025595,0.054378379,0.2783604,-0.3264384,1.5787746
seq-09/frame-000192,1,0.02068430,0.596505,1797,1060,901,0.95,91.75,93.76,10.31,196.78,0.885175949,0.003569056,0.461205225,0.061159970,0.2739985,-0.3375362,1.5681527
seq-09/frame-000193,1,0.01805873,0.507382,1973,1168,968,0.87,94.42,106.52,15.93,217.75,0.887279707,0.006819580,0.457093432,0.061268334,0.2735097,-0.3316649,1.5474198
seq-09/frame-000194,1,0.01917487,0.702483,1162,872,775,0.90,73.14,58.70,14.74,147.49,0.889468096,0.007014301,0.453633352,0.054900715,0.2736779,-0.3219621,1.5272019
seq-09/frame-000195,1,0.02729209,0.982352,1424,948,834,0.82,74.97,94.45,10.62,180.85,0.889374226,0.009273780,0.453918559,0.053716161,0.2677994,-0.3153553,1.4924765
seq-09/frame-000196,1,0.02403187,0.864102,1654,1036,884,0.82,100.91,103.02,16.07,220.81,0.889838366,0.010362438,0.452639161,0.056551682,0.2630152,-0.3110140,1.4722910
seq-09/frame-000197,1,0.01835109,0.715410,1729,1059,905,0.85,106.02,93.91,12.18,212.95,0.892081698,0.009594839,0.448090474,0.057559630,0.2649997,-0.3135359,1.4509136
seq-09/frame-000198,1,0.01694343,0.763076,1312,789,699,0.79,84.71,73.35,10.03,168.87,0.895519200,0.008768007,0.441824957,0.052528019,0.2652032,-0.3147527,1.4332935
seq-09/frame-000199,1,0.01735964,0.857280,1158,705,615,0.79,87.37,59.49,11.80,159.45,0.899718018,0.009234811,0.433953005,0.045902020,0.2656217,-0.3144532,1.4161468
seq-09/frame-000200,1,0.01987855,0.977505,1545,926,782,0.82,92.69,84.61,14.32,192.45,0.903815156,0.009700497,0.425990022,0.039453322,0.2604223,-0.3142253,1.3942965
seq-09/frame-000201,1,0.02558114,0.985578,1635,1040,893,1.42,95.01,92.44,13.26,202.13,0.905252897,0.012151967,0.422950403,0.038502975,0.2581217,-0.3145452,1.3785794
seq-09/frame-000202,1,0.01621981,1.064560,1221,841,730,1.15,80.39,60.22,11.86,153.62,0.910028478,0.012937697,0.412608739,0.037878939,0.2557940,-0.3092919,1.3309172
seq-09/frame-000203,1,0.01650816,1.266209,1326,948,846,1.28,87.99,70.88,10.88,171.04,0.915459322,0.011285921,0.400996298,0.031762039,0.2647229,-0.3046619,1.3015578
seq-09/frame-000204,1,0.01168016,0.973815,1254,873,748,0.80,85.95,66.64,15.87,169.26,0.917497789,0.008794574,0.396755493,0.026562008,0.2734873,-0.3168702,1.2879944
seq-09/frame-000205,1,0.01920441,0.850662,1550,1054,913,0.85,87.69,91.74,8.93,189.22,0.917026020,0.012840184,0.397875465,0.024362306,0.2527937,-0.3126473,1.2739500
seq-09/frame-000206,1,0.01894872,0.872590,1522,1162,1017,2.08,87.31,75.53,14.18,179.11,0.918447206,0.011696981,0.394693948,0.023121368,0.2526275,-0.3105728,1.2465602
seq-09/frame-000207,1,0.01718219,0.960514,1201,906,790,0.82,69.37,72.67,8.44,151.29,0.919000460,0.008695148,0.393616748,0.020697926,0.2527052,-0.3103914,1.2325456
seq-09/frame-000208,1,0.03835381,0.744179,1478,1051,918,1.15,88.54,68.80,15.33,173.82,0.919990110,0.012463813,0.391008582,0.023982065,0.2833642,-0.3081816,1.1865422
seq-09/frame-000209,1,0.01487635,0.642448,1824,1143,967,0.88,94.55,83.89,27.75,207.08,0.919597859,0.016193309,0.391805722,0.023787191,0.2738817,-0.2994413,1.1824219
seq-09/frame-000210,1,0.01936255,0.638496,1539,1164,1019,0.86,78.82,72.04,15.79,167.50,0.921035818,0.012813517,0.388651926,0.021874998,0.2736849,-0.3081058,1.1565557
seq-09/frame-000211,1,0.01278874,0.631928,1699,1190,1010,0.87,89.57,94.53,11.66,196.63,0.921602204,0.014243341,0.387398525,0.019206439,0.2797048,-0.3009960,1.1520352
seq-09/frame-000212,1,0.00782649,0.786661,1442,1125,987,0.83,71.40,95.99,13.30,181.52,0.922825529,0.014316663,0.384612804,0.016157566,0.2787151,-0.3005777,1.1436983
seq-09/frame-000213,1,0.01050926,0.988491,1042,820,715,0.79,75.11,48.32,9.32,133.55,0.925900592,0.015143827,0.377255332,0.012536891,0.2825952,-0.3001242,1.1282402
seq-09/frame-000214,1,0.02190866,0.924617,1253,859,725,0.81,69.36,81.34,20.13,171.65,0.929613270,0.017193337,0.367915515,0.012717384,0.2972760,-0.2886717,1.1083563
seq-09/frame-000215,1,0.01705743,0.853977,1458,1002,850,0.85,82.29,82.97,16.39,182.51,0.934581629,0.017734813,0.355133114,0.011096275,0.3084417,-0.2820685,1.0912727
seq-09/frame-000216,1,0.02406122,0.699007,1700,1108,932,0.85,97.31,92.85,10.19,201.21,0.936763088,0.017846219,0.349357848,0.010272486,0.3203658,-0.2772935,1.0736073
seq-09/frame-000217,1,0.01423138,0.780797,921,676,580,0.79,84.10,48.65,14.00,147.55,0.937921178,0.017252117,0.346314339,0.008520986,0.3194103,-0.2725932,1.0677641
seq-09/frame-000218,1,0.01334868,0.766786,889,670,567,0.78,70.01,47.19,15.17,133.16,0.941318734,0.016913179,0.336993534,0.008267024,0.3222620,-0.2707835,1.0500583
seq-09/frame-000219,1,0.00775412,0.968685,769,505,426,0.77,73.60,39.49,19.33,133.19,0.944418568,0.015643530,0.328344006,0.004366089,0.3310939,-0.2586765,1.0495630
seq-09/frame-000220,1,0.01144509,0.933251,789,616,541,0.78,64.06,42.27,13.85,120.97,0.949164413,0.012755708,0.314510217,0.002744422,0.3502029,-0.2581050,1.0284890
seq-09/frame-000221,1,0.01391679,0.840188,1274,1005,889,0.85,92.93,73.42,16.23,183.43,0.952784251,0.013181040,0.303361295,0.000596660,0.3673328,-0.2493605,1.0210276
seq-09/frame-000222,1,0.01476605,0.792813,831,614,522,1.59,72.28,48.83,11.60,134.30,0.954729606,0.015696519,0.297058607,0.001087350,0.3717430,-0.2421392,1.0234220
seq-09/frame-000223,1,0.01452857,1.051543,991,737,641,0.80,72.01,47.00,19.12,138.93,0.961199514,0.021748661,0.274946758,0.005173975,0.3972721,-0.2288725,0.9966366
seq-09/frame-000224,1,0.01898866,0.875198,1541,1098,944,0.83,101.30,81.41,14.88,198.43,0.962887734,0.021886322,0.268756606,0.011751061,0.4082600,-0.2283026,0.9947097
seq-09/frame-000225,1,0.02190922,0.896563,1312,890,749,0.82,75.35,69.71,13.38,159.27,0.963696781,0.024648975,0.265044480,0.020793406,0.4219180,-0.2199488,0.9777574
seq-09/frame-000226,1,0.02135451,0.930774,1115,755,637,0.79,77.48,58.40,9.31,145.99,0.964468317,0.026086826,0.261404274,0.028073971,0.4357062,-0.2092875,0.9705662
seq-09/frame-000227,1,0.03192713,1.214214,599,320,240,0.87,57.74,27.91,13.17,99.69,0.965105565,0.023481241,0.259172657,0.029144710,0.4210640,-0.2072765,0.9764399
seq-09/frame-000228,1,0.02712939,1.096298,917,342,250,0.74,74.08,49.14,14.50,138.47,0.969096577,0.016159960,0.244868682,0.025099973,0.4393871,-0.2057260,0.9633076
seq-09/frame-000229,1,0.03128824,1.083435,1122,519,380,0.88,88.15,60.17,8.66,157.87,0.971375358,0.010767673,0.236469010,0.019909264,0.4524998,-0.1989234,0.9543426
seq-09/frame-000230,1,0.03302292,1.268506,1195,590,452,0.98,81.16,62.11,7.80,152.06,0.972797198,0.007812821,0.230861519,0.017536539,0.4682552,-0.1852686,0.9428987
seq-09/frame-000231,1,0.04232583,1.526106,1244,562,427,0.77,82.05,61.46,12.99,157.26,0.973494517,0.005461210,0.227709802,0.020660255,0.4730256,-0.1745269,0.9389330
seq-09/frame-000232,1,0.04469052,1.472959,1043,405,272,1.19,79.19,62.12,9.99,152.49,0.974577157,0.003113289,0.222336491,0.027498319,0.4796572,-0.1671502,0.9304608
seq-09/frame-000233,1,0.03562424,1.188794,1550,538,320,0.78,77.16,75.00,24.83,177.77,0.975716977,-0.005638604,0.216966572,0.029497341,0.4994337,-0.1721294,0.9221938
seq-09/frame-000234,1,0.04361381,1.336836,2477,971,716,0.91,117.27,137.38,11.24,266.80,0.976775663,-0.007962251,0.212304461,0.027797874,0.5171585,-0.1624951,0.9207862
seq-09/frame-000235,1,0.04073408,1.110481,2375,872,590,0.85,108.34,120.18,13.26,242.63,0.978468098,-0.008802669,0.204408776,0.027198288,0.5310315,-0.1651539,0.9150306
seq-09/frame-000236,1,0.03778520,1.171935,1651,511,301,0.99,89.44,70.92,8.86,170.21,0.979661809,-0.011178032,0.198694335,0.025658369,0.5376144,-0.1622262,0.9043331
seq-09/frame-000237,1,0.04810829,1.314609,2327,859,611,1.19,106.24,128.59,10.56,246.58,0.980630628,-0.015779511,0.193678348,0.024561688,0.5504772,-0.1631198,0.9064214
seq-09/frame-000238,1,0.04923777,1.195373,1551,543,375,0.79,75.43,80.66,9.91,166.80,0.982031759,-0.015519702,0.186256030,0.026104674,0.5640062,-0.1744738,0.9053641
seq-09/frame-000239,1,0.05046536,1.413787,2125,735,498,1.61,95.56,105.44,10.13,212.74,0.984076605,-0.009732430,0.176039675,0.022551018,0.5780315,-0.1559223,0.8981039
seq-09/frame-000240,1,0.05870521,1.716049,2520,892,603,0.91,94.94,127.09,9.49,232.44,0.985116656,-0.008912144,0.170435203,0.020434985,0.5852573,-0.1478273,0.8957437
seq-09/frame-000241,1,0.05867740,1.580073,1388,548,393,0.79,82.13,90.25,9.71,182.89,0.986299440,-0.010251654,0.163208689,0.021708096,0.5983430,-0.1550655,0.8935930
seq-09/frame-000242,1,0.05711050,1.397996,1681,643,440,0.81,74.85,115.77,11.46,202.89,0.988436232,-0.009581948,0.149786690,0.021585876,0.6207256,-0.1586789,0.8940500
seq-09/frame-000243,1,0.05837023,1.589900,1955,646,395,0.79,78.89,90.49,17.95,188.13,0.989860009,-0.007794817,0.140642931,0.018329455,0.6273685,-0.1479046,0.8827902
seq-09/frame-000244,1,0.07046533,1.917105,1055,358,218,1.04,63.67,50.15,11.01,125.86,0.991008441,-0.010208607,0.132546163,0.015151509,0.6323261,-0.1434758,0.8845442
seq-09/frame-000245,1,0.09414121,2.805180,1083,412,245,0.77,61.30,52.54,11.29,125.90,0.992301716,-0.013101266,0.122728265,0.010170259,0.6212825,-0.1473676,0.8791585
seq-09/frame-000246,1,0.06994006,2.246622,1114,322,183,0.77,68.56,57.07,19.70,146.10,0.994701529,-0.007180394,0.101820838,0.012240380,0.6589401,-0.1223915,0.8634613
seq-09/frame-000247,1,0.07187540,2.411096,1076,302,162,0.76,65.73,47.36,12.65,126.50,0.995675025,-0.011484246,0.090945944,0.015106034,0.6670184,-0.1263478,0.8582765
seq-09/frame-000248,1,0.09494359,3.292811,989,231,93,0.73,65.43,44.03,24.38,134.58,0.996222389,-0.017083063,0.083881519,0.014594882,0.6585896,-0.1307960,0.8588114
seq-09/frame-000249,1,0.08426189,2.665789,1050,309,146,0.89,66.46,52.84,36.11,156.31,0.998060514,-0.018713043,0.058894489,0.007514729,0.7004785,-0.1145171,0.8601330
seq-09/frame-000250,1,0.08349045,2.387368,1237,341,173,0.75,84.57,44.29,23.37,152.99,0.998795035,-0.025302515,0.040553643,0.011120423,0.7104607,-0.1309926,0.8325648
seq-09/frame-000251,1,0.07168563,2.460273,1304,267,40,0.76,74.60,59.90,24.62,159.88,0.999145297,-0.032171355,0.025461911,0.005036978,0.7372784,-0.1308955,0.7824416
seq-09/frame-000252,1,0.04634516,1.824929,1789,478,229,0.79,87.96,78.90,18.76,186.41,0.999514957,-0.030382444,-0.006412604,0.002374170,0.7784662,-0.0989757,0.8017243
seq-09/frame-000253,1,0.09798622,2.571590,2363,763,447,0.84,115.52,127.51,18.21,262.08,0.999064790,-0.041261038,0.004235792,0.012211926,0.7359538,-0.1285339,0.8195409
seq-09/frame-000254,1,0.09354597,2.375459,2264,702,372,0.85,90.60,111.45,14.67,217.57,0.999048262,-0.041971690,-0.008165474,0.008618155,0.7484036,-0.1225671,0.8202050
seq-09/frame-000255,1,0.08024414,1.758885,2462,787,444,1.17,101.33,125.06,20.30,247.86,0.998931726,-0.038533756,-0.024517864,0.007030732,0.7769334,-0.1050031,0.8211118
seq-09/frame-000256,1,0.09444719,2.593411,2447,849,517,0.86,103.94,136.94,26.18,267.94,0.998700500,-0.041884135,-0.028975177,-0.001862492,0.7588370,-0.1073330,0.8025211
seq-09/frame-000257,1,0.07853609,1.993798,2451,753,431,0.85,98.22,138.18,28.52,265.77,0.998272313,-0.041954237,-0.040868795,0.004687487,0.7787953,-0.1061020,0.7887846
seq-09/frame-000258,1,0.06419596,1.702563,2350,733,377,0.87,98.92,125.12,20.74,245.66,0.997783977,-0.040509480,-0.052135526,0.008246416,0.7953754,-0.0961887,0.7631164
seq-09/frame-000259,1,0.05472172,2.010887,2305,747,408,0.87,94.31,111.17,23.10,229.45,0.996523233,-0.050777433,-0.065770856,-0.006106838,0.8102774,-0.1297420,0.7459618
seq-09/frame-000260,1,0.04843911,1.442777,2290,769,409,0.85,91.81,120.41,52.47,265.55,0.995572303,-0.046525278,-0.081140480,-0.009349399,0.8221577,-0.1129383,0.7533354
seq-09/frame-000261,1,0.09160545,2.567873,2752,772,379,0.90,97.56,153.37,29.64,281.47,0.995326811,-0.047260481,-0.082816066,-0.015247458,0.7861217,-0.1193314,0.7436583
seq-09/frame-000262,1,0.06628112,1.986887,2874,920,530,0.93,104.06,140.92,13.06,258.98,0.994311306,-0.044826953,-0.095627125,-0.013821156,0.8185403,-0.1037569,0.7372908
seq-09/frame-000263,1,0.06353714,1.894642,2792,969,606,0.96,99.01,113.70,27.85,241.52,0.993429509,-0.044451602,-0.104518715,-0.014060724,0.8282962,-0.1017424,0.7334135
seq-09/frame-000264,1,0.06384380,1.873001,2792,969,606,0.95,116.88,142.60,16.09,276.52,0.993429509,-0.044451602,-0.104518715,-0.014060724,0.8282962,-0.1017424,0.7334135
seq-09/frame-000265,1,0.06410357,1.714253,2905,1005,608,0.95,107.50,164.03,83.17,356.00,0.992648535,-0.043364260,-0.112240651,-0.013056167,0.8340320,-0.1011452,0.7311435
seq-09/frame-000266,1,0.06659464,1.677519,2704,884,518,0.96,112.43,513.97,66.83,694.19,0.991709062,-0.044237689,-0.119666228,-0.015367375,0.8343884,-0.1042072,0.7233777
seq-09/frame-000267,1,0.07099548,2.034884,2556,977,572,0.93,95.34,395.80,148.46,640.53,0.990815518,-0.047028923,-0.124991893,-0.021211237,0.8345537,-0.1131658,0.7060886
seq-09/frame-000268,1,0.07457512,2.149195,2577,944,565,0.90,134.53,493.17,58.39,687.00,0.989501395,-0.047803750,-0.133718532,-0.026854143,0.8360033,-0.1189454,0.6892077
seq-09/frame-000269,1,0.07322747,2.295224,2351,780,447,0.89,116.20,382.42,122.41,621.93,0.988119824,-0.046289279,-0.142811569,-0.032884210,0.8482773,-0.1276894,0.6659829
seq-09/frame-000270,1,0.07415881,2.289214,2351,780,447,0.90,116.35,476.96,72.66,666.87,0.988119824,-0.046289279,-0.142811569,-0.032884210,0.8482773,-0.1276894,0.6659829
seq-09/frame-000271,1,0.07763309,2.065600,2319,882,526,0.88,111.01,519.45,27.12,658.45,0.986285410,-0.040735072,-0.154844663,-0.040060870,0.8396476,-0.1212168,0.6825482
seq-09/frame-000272,1,0.07542150,1.637123,2279,793,462,0.89,111.71,526.58,71.93,711.11,0.983970577,-0.034568661,-0.168913865,-0.045552366,0.8441650,-0.1034465,0.6937300
seq-09/frame-000273,1,0.07519268,1.941694,2208,746,428,2.37,154.30,492.14,46.39,695.21,0.982469429,-0.029830018,-0.176384852,-0.052463076,0.8484933,-0.1035932,0.6733632
seq-09/frame-000274,1,0.02630417,0.768383,2462,634,306,0.93,474.00,247.05,29.76,751.74,0.978366581,-0.024406698,-0.197534655,-0.056419904,0.9059419,-0.1026506,0.6750196
seq-09/frame-000275,1,0.03846829,0.769659,2834,804,477,2.24,475.69,260.96,40.52,779.41,0.975393422,-0.015301295,-0.211416801,-0.060633978,0.9464503,-0.0843539,0.6814108
seq-09/frame-000276,1,0.04690544,0.958714,3057,962,565,1.60,270.13,315.38,28.30,615.42,0.973703831,-0.006096896,-0.216763257,-0.069838152,0.9515646,-0.0785523,0.6900424
seq-09/frame-000277,1,0.06471875,1.783615,2843,927,524,2.38,255.16,249.04,33.37,539.96,0.976127182,-0.008897915,-0.201862907,-0.079673827,0.8649221,-0.1186833,0.6543900
seq-09/frame-000278,1,0.03258620,0.677787,3154,992,582,1.02,224.12,284.34,20.09,529.58,0.972247696,0.001390011,-0.220705126,-0.077599818,0.9390571,-0.0885080,0.6705161
seq-09/frame-000279,1,0.03650003,0.766461,3148,973,595,2.70,261.04,279.95,16.77,560.46,0.971436385,0.006313201,-0.223338033,-0.079947586,0.9338304,-0.0822489,0.6717147
seq-09/frame-000280,1,0.02576361,0.582034,3395,1044,628,1.66,258.50,342.35,40.52,643.04,0.970703317,0.008877492,-0.223668695,-0.087341712,0.9256707,-0.0905631,0.6664626
seq-09/frame-000281,1,0.02966747,0.734519,2959,943,589,1.14,198.62,316.72,26.63,543.12,0.970152863,0.011088250,-0.223362156,-0.093754040,0.9190700,-0.0927786,0.6479080
seq-09/frame-000282,1,0.01953612,0.511154,3418,1139,733,12.03,218.68,409.94,30.40,671.05,0.968683348,0.010516159,-0.227750201,-0.098345448,0.9179046,-0.1029710,0.6497802
seq-09/frame-000283,1,0.02771521,0.788937,3031,1097,671,1.01,196.68,399.41,23.28,620.38,0.967949743,0.013974284,-0.228932096,-0.102313780,0.9095589,-0.0969729,0.6467487
seq-09/frame-000284,1,0.02767541,0.787654,2646,842,524,9.77,182.80,308.57,29.17,530.31,0.966807916,0.014812570,-0.231663856,-0.106746890,0.8993957,-0.1031763,0.6426881
seq-09/frame-000285,1,0.02887999,0.913637,2758,981,612,1.29,212.44,283.88,20.12,517.73,0.964993115,0.018163494,-0.236168833,-0.112617308,0.9028951,-0.1037552,0.6375083
seq-09/frame-000286,1,0.03520063,1.051289,2489,918,573,1.39,196.53,221.45,11.47,430.84,0.963918084,0.016943279,-0.239057115,-0.115872981,0.8820344,-0.1160060,0.6387196
seq-09/frame-000287,1,0.02859910,0.830005,3301,1137,738,1.74,281.98,172.51,15.61,471.85,0.961188739,0.022397704,-0.248290011,-0.118180464,0.9013371,-0.1032783,0.6439708
seq-09/frame-000288,1,0.07080025,2.091527,2476,874,524,0.97,240.21,138.46,15.62,395.27,0.962438075,0.019103219,-0.241350363,-0.122874008,0.8471321,-0.1190366,0.6280797
seq-09/frame-000289,1,0.08180181,1.856340,2105,802,504,1.20,227.25,133.20,14.33,375.98,0.959098916,0.020795815,-0.252025399,-0.127200638,0.8329494,-0.1174958,0.6412586
seq-09/frame-000290,1,0.09094653,2.068922,2295,988,649,0.93,248.13,100.77,16.56,366.39,0.955934621,0.023656960,-0.260333611,-0.133625442,0.8266388,-0.1110072,0.6448381
seq-09/frame-000291,1,0.08951231,2.054580,2033,823,520,1.25,145.13,105.23,17.03,268.65,0.953379509,0.019525613,-0.270076900,-0.133209345,0.8501563,-0.1270907,0.6205674
seq-09/frame-000292,1,0.11018253,2.335962,2301,1025,711,1.51,137.08,128.47,11.89,278.96,0.950369283,0.020831782,-0.278370114,-0.137383925,0.8188456,-0.1258511,0.6463227
seq-09/frame-000293,1,0.09478337,1.983431,2184,831,541,0.94,137.60,113.77,14.88,267.19,0.946999683,0.024387127,-0.289795012,-0.136439434,0.8380837,-0.1143835,0.6555814
seq-09/frame-000294,1,0.11712745,2.388585,2270,980,689,0.93,121.54,97.69,17.42,237.60,0.944278712,0.024217762,-0.295981601,-0.141936978,0.8180241,-0.1268073,0.6458534
seq-09/frame-000295,1,0.07682043,1.589007,2681,1052,702,0.96,108.82,126.50,20.11,256.39,0.939104011,0.028146419,-0.311664802,-0.141973543,0.8458308,-0.1145886,0.6835648
seq-09/frame-000296,1,0.08069336,1.792859,2687,1078,728,0.96,114.08,130.33,18.42,263.77,0.937358195,0.029732353,-0.316418647,-0.142670396,0.8455396,-0.1141213,0.6778521
seq-09/frame-000297,1,0.08117497,1.777621,2593,1003,624,0.90,105.13,123.05,11.97,241.05,0.935255667,0.031727726,-0.322689450,-0.141991925,0.8351573,-0.1182970,0.6923331
seq-09/frame-000298,1,0.07082361,1.597332,2590,1086,695,0.92,108.75,139.84,11.94,261.45,0.933541984,0.032933864,-0.329631647,-0.136958761,0.8364232,-0.1180456,0.7044064
seq-09/frame-000299,1,0.07788267,1.699111,2365,953,660,0.89,97.31,133.02,22.68,253.90,0.932409764,0.031050127,-0.335085888,-0.131777728,0.8193250,-0.1234624,0.7101478
seq-09/frame-000300,1,0.07179217,1.628600,2408,1001,660,0.89,99.95,120.86,13.81,235.51,0.930316440,0.032408606,-0.341651931,-0.129363683,0.8129152,-0.1240382,0.7160079
seq-09/frame-000301,1,0.05884955,1.401621,2457,1009,678,0.86,102.17,126.24,15.50,244.77,0.927648687,0.035171523,-0.349204208,-0.127621699,0.8084029,-0.1254513,0.7313286
seq-09/frame-000302,1,0.06071543,1.612471,2767,1074,710,1.08,118.54,116.64,17.79,254.05,0.926681921,0.039821383,-0.355280144,-0.115977989,0.7849989,-0.1289592,0.7514851
seq-09/frame-000303,1,0.05581646,1.468022,2745,1149,777,0.88,116.10,123.42,12.07,252.47,0.927785982,0.039636793,-0.355389127,-0.106492554,0.7807387,-0.1302184,0.7604231
seq-09/frame-000304,1,0.04595700,1.140396,2385,1028,697,0.84,96.51,120.00,18.39,235.75,0.927172954,0.041947302,-0.358036841,-0.101982145,0.7756091,-0.1336375,0.7779403
seq-09/frame-000305,1,0.04419004,1.514981,1978,761,480,0.82,96.62,106.80,18.81,223.04,0.928319415,0.047205722,-0.354686778,-0.100955300,0.7744503,-0.1358206,0.7708633
seq-09/frame-000306,1,0.06725916,1.992156,2274,1099,790,0.84,108.84,126.20,9.22,245.10,0.933650455,0.049166830,-0.344087387,-0.086506196,0.7426309,-0.1492441,0.7657373
seq-09/frame-000307,1,0.07348842,2.178912,1969,854,591,0.79,94.75,109.66,16.30,221.51,0.936821640,0.049126660,-0.336917958,-0.080237619,0.7418383,-0.1507876,0.7542407
seq-09/frame-000308,1,0.05947705,1.819773,2007,939,663,0.82,119.23,83.03,20.55,223.63,0.938823749,0.049829967,-0.332871389,-0.072962877,0.7242456,-0.1528857,0.7791522
seq-09/frame-000309,1,0.05673174,1.671882,1924,961,709,1.20,95.54,90.43,13.35,200.52,0.940691226,0.052463524,-0.328023234,-0.068908303,0.7173198,-0.1503053,0.7799162
seq-09/frame-000310,1,0.06221033,1.856720,1871,941,708,0.79,107.80,106.00,17.19,231.77,0.943532106,0.051739177,-0.320421103,-0.066336561,0.7124579,-0.1654565,0.7784044
seq-09/frame-000311,1,0.06266605,1.812705,2279,1191,942,0.83,105.91,136.03,25.69,268.46,0.946477543,0.052820530,-0.312294061,-0.062150393,0.6925001,-0.1615815,0.7745267
seq-09/frame-000312,1,0.06405609,2.152239,1643,971,770,0.79,70.28,91.55,17.31,179.95,0.953218095,0.050270424,-0.293531636,-0.051839421,0.6545992,-0.1583243,0.7803891
seq-09/frame-000313,1,0.06308197,2.202995,1590,953,753,0.78,73.55,100.85,21.05,196.23,0.956836040,0.048352762,-0.283220743,-0.043735727,0.6357551,-0.1557444,0.7814182
seq-09/frame-000314,1,0.05316159,1.994000,1546,941,763,0.78,67.31,94.57,25.51,188.17,0.959914398,0.043524146,-0.274768351,-0.034239602,0.6327336,-0.1587785,0.7843203
seq-09/frame-000315,1,0.04839837,1.827135,1745,1086,900,0.80,102.73,107.38,17.26,228.18,0.963089090,0.037960136,-0.265166657,-0.026553275,0.6218019,-0.1569747,0.7790338
seq-09/frame-000316,1,0.04449415,1.746250,1839,1134,940,0.83,114.48,114.80,19.80,249.91,0.965847657,0.033189080,-0.256152352,-0.020561173,0.6039368,-0.1571020,0.7786510
seq-09/frame-000317,1,0.04763544,1.743066,2303,1379,1115,0.88,133.82,135.59,16.55,286.84,0.968425798,0.028511711,-0.247212172,-0.014989940,0.5851252,-0.1578656,0.7714315
seq-09/frame-000318,1,0.03970703,1.463227,2545,1395,1105,4.84,156.24,157.39,19.77,338.24,0.969714656,0.025675057,-0.242595117,-0.011911647,0.5750843,-0.1567581,0.7703291
seq-09/frame-000319,1,0.04404162,1.558889,2660,1515,1190,0.93,155.54,171.84,18.85,347.16,0.971151570,0.022110521,-0.237227350,-0.009946734,0.5559974,-0.1606453,0.7676492
seq-09/frame-000320,1,0.04152165,1.554777,2635,1552,1250,0.92,163.50,170.53,34.74,369.70,0.972585852,0.019877068,-0.231556870,-0.007942145,0.5408346,-0.1579543,0.7668171
seq-09/frame-000321,1,0.03794876,1.446864,2507,1416,1154,2.10,160.09,145.10,15.06,322.35,0.973726285,0.016790010,-0.227048333,-0.004926677,0.5267448,-0.1584791,0.7677164
seq-09/frame-000322,1,0.03257889,1.239973,2967,1517,1197,5.47,163.34,178.66,10.03,357.50,0.974470828,0.013477301,-0.224089873,-0.002949025,0.5087766,-0.1578870,0.7706780
seq-09/frame-000323,1,0.03681883,1.374298,3078,1704,1342,1.86,144.06,199.78,19.91,365.62,0.975522027,0.011050452,-0.219576678,-0.004554588,0.4865290,-0.1614956,0.7670688
seq-09/frame-000324,1,0.03789825,1.340862,2876,1625,1278,0.98,154.68,167.25,19.41,342.32,0.975858961,0.010161013,-0.218031356,-0.007640059,0.4697736,-0.1641147,0.7659851
seq-09/frame-000325,1,0.03479996,1.308075,3018,1600,1256,1.16,144.91,176.35,15.89,338.31,0.976167226,0.011453221,-0.216490034,-0.009921442,0.4536629,-0.1619262,0.7691009
seq-09/frame-000326,1,0.03988415,1.490833,2568,1516,1219,1.67,130.23,158.41,25.09,315.41,0.977077273,0.010884019,-0.212389659,-0.009600742,0.4296210,-0.1663157,0.7702001
seq-09/frame-000327,1,0.04759522,1.621436,2088,1384,1156,1.07,114.96,116.79,19.40,252.23,0.977441365,0.008719806,-0.210906807,-0.007117709,0.4059456,-0.1720331,0.7645419
seq-09/frame-000328,1,0.04490298,1.495529,2220,1498,1247,1.91,120.51,132.17,17.83,272.42,0.977220750,0.007649688,-0.212033435,-0.004786403,0.3950374,-0.1716276,0.7650205
seq-09/frame-000329,1,0.04482630,1.538832,1923,1231,962,1.45,104.53,114.76,19.32,240.07,0.977429389,0.008828202,-0.211022168,-0.004847424,0.3667904,-0.1673582,0.7663294
seq-09/frame-000330,1,0.04411233,1.518407,2359,1382,1113,1.55,116.81,144.03,14.53,276.91,0.976785903,0.007398998,-0.214045695,-0.004358381,0.3546355,-0.1769952,0.7722446
seq-09/frame-000331,1,0.04165137,1.484058,1975,1233,955,0.84,110.32,114.72,11.06,236.95,0.976991426,0.010852890,-0.212971270,-0.003633955,0.3345759,-0.1698709,0.7734257
seq-09/frame-000332,1,0.04312208,1.606201,1698,1137,885,0.84,111.23,102.88,18.32,233.28,0.976770467,0.011195143,-0.213973148,-0.003100838,0.3085936,-0.1722293,0.7780258
seq-09/frame-000333,1,0.04168181,1.428425,2093,1434,1186,1.11,116.60,118.45,11.70,247.86,0.975802612,0.009550692,-0.218443205,-0.000783144,0.2988641,-0.1787554,0.7818840
seq-09/frame-000334,1,0.04658497,1.677338,1638,1055,804,0.95,98.12,91.52,16.79,207.39,0.976083161,0.011115401,-0.217099233,-0.002456264,0.2727751,-0.1797884,0.7817521
seq-09/frame-000335,1,0.04109979,1.419013,1850,1272,1020,1.04,109.41,92.74,19.95,223.15,0.974852106,0.011525801,-0.222552476,-0.000960069,0.2577937,-0.1814541,0.7908002
seq-09/frame-000336,1,0.04299025,1.479001,1746,1256,1023,1.03,111.00,85.59,15.54,213.16,0.974465441,0.011910635,-0.224217061,-0.001397015,0.2408248,-0.1839663,0.7940086
seq-09/frame-000337,1,0.06666364,1.505653,1372,893,671,0.87,91.15,68.03,19.71,179.76,0.969702741,0.010830192,-0.243977698,0.005846786,0.2719499,-0.1672908,0.8782481
seq-09/frame-000338,1,0.03945133,1.400576,1440,1094,880,1.17,97.65,71.35,22.35,192.53,0.971738265,0.010142272,-0.235840939,-0.000964104,0.2133181,-0.1931500,0.8115224
seq-09/frame-000339,1,0.02067625,0.643500,1556,1023,808,1.04,86.44,86.79,26.99,201.26,0.969446649,0.017573431,-0.244655908,-0.002802744,0.2010999,-0.1663863,0.8479395
seq-09/frame-000340,1,0.05743085,1.776978,1347,1001,800,0.82,88.88,73.13,27.82,190.64,0.968427619,0.008418404,-0.249088514,-0.005655992,0.2055021,-0.2129004,0.8204555
seq-09/frame-000341,1,0.03029131,1.155111,1326,973,767,0.80,82.29,71.28,21.42,175.79,0.966639577,0.016291677,-0.255491266,-0.008168435,0.1749504,-0.1892257,0.8408767
seq-09/frame-000342,1,0.02980466,1.009347,1187,775,609,0.80,87.71,63.40,24.59,176.50,0.965286334,0.020072445,-0.260027813,-0.014315288,0.1454409,-0.1822622,0.8371253
seq-09/frame-000343,1,0.06890356,2.082957,1303,866,636,0.79,86.09,69.27,22.17,178.32,0.959423807,0.011284172,-0.281514672,-0.011318835,0.1946229,-0.2002867,0.8811692
seq-09/frame-000344,1,0.03479244,1.230201,1152,750,568,0.78,80.67,62.68,14.97,159.09,0.958886871,0.015721573,-0.282886694,-0.016245595,0.1463395,-0.1905595,0.8716130
seq-09/frame-000345,1,0.01272568,1.945082,964,517,362,0.76,78.06,49.43,35.75,164.01,0.956965250,0.019830721,-0.288626445,-0.022782194,0.1001704,-0.1782470,0.8793473
seq-09/frame-000346,1,0.03552588,1.454013,1013,558,393,0.77,82.71,58.51,21.02,163.02,0.949835243,0.019553219,-0.310490105,-0.032040235,0.0555348,-0.1916800,0.8862579
seq-09/frame-000347,1,0.02070482,1.299828,984,553,414,3.40,85.63,56.68,25.52,171.23,0.944334576,0.024632907,-0.326138600,-0.035482996,0.0488968,-0.1788681,0.9103411
seq-09/frame-000348,1,0.03072540,1.061425,1048,626,471,0.76,76.79,56.12,17.19,150.86,0.939640091,0.019109784,-0.339663569,-0.036605691,0.0616484,-0.2066895,0.9064890
seq-09/frame-000349,1,0.03121426,1.260995,907,599,438,0.76,85.84,50.23,12.99,149.82,0.937290240,0.024712126,-0.345011731,-0.042932759,0.0176717,-0.1930312,0.9056549
seq-09/frame-000350,1,0.01841312,0.758321,915,572,429,1.42,74.57,51.61,16.99,144.60,0.930819728,0.022216396,-0.362162822,-0.043808166,0.0149098,-0.1976197,0.9370051
seq-09/frame-000351,1,0.02601349,0.658970,1119,742,557,1.58,102.54,57.00,22.35,183.47,0.925065249,0.023318636,-0.376570310,-0.043650060,0.0137965,-0.1876117,0.9687582
seq-09/frame-000352,1,0.05584145,1.206435,1276,882,664,1.16,90.66,70.32,23.82,185.96,0.918810515,0.021520277,-0.391495357,-0.045337619,0.0061613,-0.1922927,1.0099210
seq-09/frame-000353,1,0.04849685,1.059036,1180,818,627,1.21,89.60,62.04,16.26,169.11,0.916170689,0.018653503,-0.397404981,-0.048503582,-0.0008485,-0.2093815,1.0069053
seq-09/frame-000354,1,0.02186700,0.925354,1074,666,518,1.07,85.30,54.88,18.28,159.52,0.915979493,0.022405690,-0.397145861,-0.052485413,-0.0556113,-0.2032166,0.9892818
seq-09/frame-000355,1,0.02011403,1.116070,1163,760,601,1.00,75.95,63.06,20.11,160.12,0.909812075,0.020577869,-0.411367911,-0.050940959,-0.0634168,-0.2035693,1.0241800
seq-09/frame-000356,1,0.02879320,1.237941,927,557,414,0.90,77.23,60.17,14.05,152.34,0.906380694,0.014447135,-0.419165987,-0.050647735,-0.0900707,-0.2248469,0.9947984
seq-09/frame-000357,1,0.01894116,0.676039,922,533,396,0.74,84.77,51.18,28.24,164.93,0.897936539,0.017603533,-0.436784699,-0.051178261,-0.1053404,-0.2174218,1.0438042
seq-09/frame-000358,1,0.02037900,0.558389,787,506,379,1.15,70.98,42.66,12.69,127.48,0.890932241,0.021409925,-0.450388782,-0.054141511,-0.1048069,-0.2167352,1.0619478
seq-09/frame-000359,1,0.03842109,1.325246,866,501,362,0.72,74.86,50.49,15.17,141.24,0.888368167,0.022850107,-0.454359430,-0.061946597,-0.1536300,-0.2355684,1.0403845
seq-09/frame-000360,1,0.03266365,1.090341,1023,648,502,0.73,87.55,53.92,19.64,161.84,0.882794655,0.027053781,-0.464967124,-0.061214894,-0.1671464,-0.2336304,1.0625234
seq-09/frame-000361,1,0.03485147,1.173175,1095,691,536,0.97,93.47,55.07,17.39,166.90,0.878986906,0.029552429,-0.471793568,-0.062605926,-0.1803764,-0.2344492,1.0671107
seq-09/frame-000362,1,0.03526342,1.177356,1147,721,582,1.68,89.85,57.95,28.63,178.11,0.869894248,0.034984034,-0.487758111,-0.064437098,-0.1986218,-0.2326313,1.0824469
seq-09/frame-000363,1,0.03587833,1.094361,1204,758,632,0.73,76.67,64.51,16.54,158.44,0.866354003,0.037295281,-0.493803716,-0.064789610,-0.2025435,-0.2332724,1.0873314
seq-09/frame-000364,1,0.03733633,1.104676,1020,665,539,0.71,73.98,55.45,13.99,144.12,0.863616767,0.039623197,-0.498510361,-0.063902289,-0.2195319,-0.2345340,1.0947379
seq-09/frame-000365,1,0.03689960,0.974033,934,638,515,0.95,71.50,48.03,15.13,135.61,0.859798973,0.041259839,-0.505052924,-0.062967415,-0.2299751,-0.2365625,1.0997569
seq-09/frame-000366,1,0.03852479,0.924402,915,615,486,1.07,67.71,50.30,12.52,131.60,0.856644017,0.042397384,-0.510524952,-0.061055416,-0.2420037,-0.2286596,1.0970608
seq-09/frame-000367,1,0.03684472,0.952021,901,571,451,0.78,75.17,47.79,16.99,140.74,0.847016004,0.048484739,-0.525204616,-0.066130405,-0.2597696,-0.2299248,1.1034196
seq-09/frame-000368,1,0.03591286,1.079084,763,523,425,0.72,77.10,50.18,16.18,144.19,0.843419684,0.054117120,-0.530613714,-0.064526429,-0.2801101,-0.2159019,1.1075713
seq-09/frame-000369,1,0.02633698,0.793542,724,425,319,0.71,76.97,46.35,13.04,137.07,0.836837408,0.050557604,-0.541059120,-0.066348406,-0.2813627,-0.2324541,1.1199803
seq-09/frame-000370,1,0.03213319,0.744643,889,558,460,0.78,79.32,55.81,20.37,156.28,0.831597064,0.051320380,-0.548896662,-0.067268088,-0.2945110,-0.2301331,1.1144762
seq-09/frame-000371,1,0.04353142,1.270282,1160,726,592,1.09,91.48,64.15,14.76,171.48,0.825490020,0.058604630,-0.557014512,-0.069760713,-0.3249421,-0.2239363,1.1039465
seq-09/frame-000372,1,0.03429748,1.097509,1407,951,804,0.76,102.66,69.10,13.16,185.68,0.821464400,0.061929469,-0.562089946,-0.073592614,-0.3368263,-0.2249389,1.1131693
seq-09/frame-000373,1,0.03260076,1.083408,1471,1012,854,1.55,108.91,71.44,20.80,202.70,0.819167735,0.064036691,-0.565050031,-0.074712694,-0.3475011,-0.2208538,1.1164651
seq-09/frame-000374,1,0.01897712,0.534729,1725,1089,914,0.74,104.23,92.08,14.22,211.27,0.815393936,0.061181064,-0.570841352,-0.074362333,-0.3473131,-0.2211929,1.1305619
seq-09/frame-000375,1,0.02077596,0.662426,1176,821,677,0.79,96.36,55.77,8.48,161.41,0.813407483,0.059998434,-0.573372937,-0.077536639,-0.3717863,-0.2144931,1.1262502
seq-09/frame-000376,1,0.02287413,0.829219,940,547,394,0.87,84.27,55.98,10.75,151.87,0.811255699,0.059807358,-0.576009258,-0.080626330,-0.3736253,-0.2072567,1.1244009
seq-09/frame-000377,1,0.03362888,0.579146,765,337,218,1.16,79.23,40.84,10.34,131.58,0.807227057,0.051709704,-0.581380569,-0.087790774,-0.3584519,-0.2107630,1.1329544
seq-09/frame-000378,1,0.04578155,1.482321,1105,398,227,2.58,81.39,49.16,24.84,157.98,0.808574350,0.046648287,-0.579567068,-0.090185759,-0.3585675,-0.1830048,1.1282479
seq-09/frame-000379,1,0.02103895,0.671212,1511,662,450,0.78,88.38,72.99,20.98,183.13,0.808969401,0.031767938,-0.578517743,-0.099380723,-0.3838218,-0.1961125,1.1268681
seq-09/frame-000380,1,0.01636488,0.583851,2125,1185,947,0.87,100.40,124.99,21.71,247.96,0.805482111,0.024582740,-0.581873154,-0.109626142,-0.4113481,-0.1968535,1.1200160
seq-09/frame-000381,1,0.02385815,0.924203,2087,1038,762,0.87,94.90,121.30,17.05,234.12,0.804777592,0.024374067,-0.583262835,-0.107440204,-0.4177576,-0.1837846,1.1126969
seq-09/frame-000382,1,0.02151705,0.800145,2408,1360,1069,0.88,107.07,133.97,16.65,258.57,0.802515455,0.020882905,-0.586537577,-0.107268445,-0.4244543,-0.1826257,1.1133962
seq-09/frame-000383,1,0.03661913,1.273080,2091,1038,766,0.90,104.66,124.94,9.33,239.84,0.802807147,0.022122006,-0.586349332,-0.105857273,-0.4353033,-0.1736523,1.1002012
seq-09/frame-000384,1,0.02879121,0.948691,2185,1213,953,1.77,110.00,123.60,15.49,250.86,0.798110563,0.021473340,-0.592443266,-0.107561155,-0.4372345,-0.1781626,1.1049857
seq-09/frame-000385,1,0.02818722,0.905446,2122,1064,789,1.75,113.08,121.81,19.17,255.80,0.796324350,0.018831769,-0.595390292,-0.104991876,-0.4480027,-0.1770090,1.1038869
seq-09/frame-000386,1,0.02270125,0.683943,1960,981,720,0.84,97.71,107.34,19.03,224.91,0.789866981,0.016523815,-0.605074102,-0.098602466,-0.4649904,-0.1784137,1.1058810
seq-09/frame-000387,1,0.03860739,1.207185,1635,686,442,0.87,89.16,97.84,9.82,197.70,0.788748184,0.026558083,-0.606480876,-0.096705314,-0.4793571,-0.1558426,1.0893283
seq-09/frame-000388,1,0.02256815,0.739082,1615,733,484,1.33,94.07,100.84,14.63,210.86,0.781913429,0.024278048,-0.615733921,-0.094306441,-0.4769330,-0.1657248,1.0958513
seq-09/frame-000389,1,0.03113178,1.052742,1750,940,710,0.86,96.19,101.18,16.07,214.30,0.779204279,0.025769824,-0.619317197,-0.092859126,-0.4873489,-0.1602935,1.0858881
seq-09/frame-000390,1,0.01691156,0.626910,1569,782,545,0.93,84.21,83.53,18.43,187.11,0.773374785,0.020818690,-0.627005983,-0.091222375,-0.4881133,-0.1690187,1.0974733
seq-09/frame-000391,1,0.02279326,0.738502,1569,726,511,0.86,90.21,77.70,10.06,178.83,0.770536490,0.020335805,-0.630866090,-0.088701462,-0.4950469,-0.1623833,1.0835287
seq-09/frame-000392,1,0.02394154,0.804943,1712,841,609,0.87,94.20,93.71,16.05,204.84,0.766454017,0.019664228,-0.636071125,-0.087034943,-0.5038633,-0.1588544,1.0811745
seq-09/frame-000393,1,0.01157850,0.322754,1430,642,396,0.80,83.13,81.67,12.28,177.88,0.759151113,0.017122740,-0.645155952,-0.084677018,-0.5063389,-0.1609931,1.0955799
seq-09/frame-000394,1,0.04144429,1.434123,1282,527,309,0.80,84.38,71.13,21.12,177.42,0.759995358,0.015453199,-0.644505106,-0.082349395,-0.5101114,-0.1673338,1.0552779
seq-09/frame-000395,1,0.02023319,0.652719,1369,599,399,0.83,81.76,75.38,21.23,179.21,0.748831179,0.019011539,-0.657716260,-0.079370954,-0.5110102,-0.1544719,1.0725560
seq-09/frame-000396,1,0.02431314,1.059737,1296,539,339,0.83,86.96,68.77,19.42,175.98,0.744770573,0.020693476,-0.662580593,-0.076652012,-0.5221169,-0.1395742,1.0668029
seq-09/frame-000397,1,0.02601394,1.313068,1338,605,410,0.82,94.90,76.97,19.77,192.47,0.733225056,0.016928579,-0.675333100,-0.077586367,-0.5304928,-0.1382545,1.0572807
seq-09/frame-000398,1,0.02587700,1.374297,1384,621,382,0.82,87.58,71.31,11.59,171.30,0.728761545,0.015065342,-0.680314794,-0.076494623,-0.5331622,-0.1382704,1.0496629
seq-09/frame-000399,1,0.01650035,1.125188,1314,583,377,0.83,70.59,76.53,19.65,167.60,0.721038175,0.016046027,-0.688763794,-0.073830282,-0.5348025,-0.1316904,1.0560505
seq-09/frame-000400,1,0.03079389,1.608397,1218,453,261,0.82,74.77,70.17,16.52,162.29,0.719030350,0.012379883,-0.690879991,-0.074343338,-0.5472879,-0.1369274,1.0394924
seq-09/frame-000401,1,0.02626709,1.587880,1178,519,329,2.10,74.74,83.88,15.49,176.22,0.711598697,0.012722777,-0.698809452,-0.071629431,-0.5498971,-0.1267417,1.0418134
seq-09/frame-000402,1,0.02230854,1.391931,1261,468,282,1.17,100.33,90.62,16.51,208.63,0.703383472,0.008936929,-0.707192553,-0.071066978,-0.5558211,-0.1256743,1.0458328
seq-09/frame-000403,1,0.02443048,1.533230,1298,531,343,1.53,79.68,76.33,15.02,172.56,0.697756012,0.007310846,-0.712625206,-0.072445941,-0.5611386,-0.1229779,1.0420384
seq-09/frame-000404,1,0.02218049,1.633045,1414,610,412,1.05,99.13,89.10,33.53,222.81,0.692762269,0.004543427,-0.717399837,-0.073466116,-0.5654474,-0.1179285,1.0450878
seq-09/frame-000405,1,0.02889571,1.907147,1449,616,395,1.17,96.21,96.95,20.85,215.19,0.689970406,0.000803824,-0.720166365,-0.072805221,-0.5700681,-0.1132415,1.0378819
seq-09/frame-000406,1,0.02781614,1.916911,1711,672,459,1.21,109.69,119.32,9.85,240.06,0.685356031,-0.001212321,-0.724267544,-0.075644993,-0.5843361,-0.1148047,1.0376467
seq-09/frame-000407,1,0.02936532,2.049773,1267,564,350,0.80,92.64,88.91,13.11,195.47,0.682405813,0.001923096,-0.727145082,-0.074690282,-0.5941784,-0.1116047,1.0363648
seq-09/frame-000408,1,0.02958171,2.023324,1173,495,342,1.25,87.14,84.62,22.85,195.86,0.679228770,0.002876547,-0.730872456,-0.066824069,-0.6003868,-0.1111503,1.0340890
seq-09/frame-000409,1,0.03534182,2.164770,1665,686,451,0.96,104.06,110.70,16.40,232.12,0.678412237,0.002103957,-0.731807076,-0.064890783,-0.6138058,-0.1183684,1.0257007
seq-09/frame-000410,1,0.03673362,2.364063,2037,827,522,1.19,107.66,117.23,10.10,236.18,0.677757908,0.000894385,-0.732386716,-0.065215921,-0.6142293,-0.1204108,1.0201366
seq-09/frame-000411,1,0.02732445,2.171375,1802,724,485,0.98,109.01,106.48,7.44,223.91,0.676173926,0.000823793,-0.733798732,-0.065784226,-0.6170497,-0.1170859,1.0258130
seq-09/frame-000412,1,0.03595895,2.443963,1846,757,504,0.87,101.64,111.35,14.48,228.34,0.682299501,-0.005954501,-0.728394263,-0.062239320,-0.6256057,-0.1175881,1.0120071
seq-09/frame-000413,1,0.03320571,2.208076,2002,908,616,3.89,126.79,95.25,8.49,234.42,0.683471750,-0.012468203,-0.727478646,-0.059040068,-0.6376715,-0.1214475,1.0101619
seq-09/frame-000414,1,0.03147884,2.007542,1905,774,491,1.28,112.60,95.19,22.03,231.12,0.682851324,-0.014088437,-0.728098526,-0.058207570,-0.6465970,-0.1262716,1.0070002
seq-09/frame-000415,1,0.03204757,2.079153,1827,798,540,1.37,107.89,90.66,12.83,212.75,0.683204256,-0.014034635,-0.727977254,-0.055534584,-0.6535975,-0.1232030,1.0017785
seq-09/frame-000416,1,0.03184653,2.175798,2085,782,524,1.62,112.06,101.78,11.46,226.92,0.684149297,-0.016614239,-0.727014654,-0.055797852,-0.6571783,-0.1285457,0.9946785
seq-09/frame-000417,1,0.02928385,2.091712,1989,815,514,1.18,107.87,112.63,12.57,234.27,0.685857598,-0.020402751,-0.725339377,-0.055370301,-0.6648229,-0.1342217,0.9907165
seq-09/frame-000418,1,0.02622914,1.863516,1772,742,495,0.89,102.81,85.58,14.62,203.90,0.687403854,-0.023562073,-0.724198996,-0.049563943,-0.6768413,-0.1339893,0.9880956
seq-09/frame-000419,1,0.03106763,2.053438,1637,706,445,1.26,88.18,84.20,13.74,187.39,0.689713018,-0.024068971,-0.722092057,-0.047955169,-0.6826203,-0.1384017,0.9750526
seq-09/frame-000420,1,0.02344878,1.672584,1256,550,371,0.81,64.19,57.78,12.95,135.73,0.688698113,-0.023648992,-0.723231851,-0.045511805,-0.6972186,-0.1408978,0.9813607
seq-09/frame-000421,1,0.02404218,1.782423,1264,627,439,0.80,71.98,78.60,10.15,161.54,0.691992073,-0.022615602,-0.720442870,-0.039969698,-0.6999049,-0.1429729,0.9712798
seq-09/frame-000422,1,0.02296038,1.886666,1145,587,410,0.80,72.12,62.45,21.59,156.96,0.695324576,-0.020682436,-0.717317460,-0.039390775,-0.7047260,-0.1490386,0.9639100
seq-09/frame-000423,1,0.01921849,1.505862,1271,634,455,0.79,77.84,75.05,17.74,171.42,0.697728696,-0.022036159,-0.715167017,-0.035003026,-0.7182720,-0.1532042,0.9652538
seq-09/frame-000424,1,0.02160439,1.867902,1259,630,462,1.38,80.35,73.70,8.91,164.34,0.702553364,-0.020453239,-0.710668112,-0.030842661,-0.7196104,-0.1511996,0.9549196
seq-09/frame-000425,1,0.02359665,2.096224,917,489,337,0.80,74.69,45.43,9.74,130.67,0.709085387,-0.019710415,-0.704154774,-0.031232474,-0.7294225,-0.1560920,0.9450468
seq-09/frame-000426,1,0.01700081,1.766637,1007,522,368,0.79,74.20,52.49,15.46,142.95,0.714071487,-0.023093780,-0.699320686,-0.022785224,-0.7361157,-0.1580817,0.9458918
seq-09/frame-000427,1,0.01055392,1.145753,917,508,373,0.76,62.63,44.06,6.81,114.26,0.715864333,-0.026738763,-0.697466582,-0.019069929,-0.7454788,-0.1683995,0.9553967
seq-09/frame-000428,1,0.01307575,1.256937,969,532,404,0.90,81.57,64.46,10.78,157.72,0.719984574,-0.023298639,-0.693426217,-0.015474789,-0.7516985,-0.1657049,0.9528278
seq-09/frame-000429,1,0.00420146,1.204325,1070,562,416,0.80,65.26,60.39,9.02,135.47,0.725851246,-0.024592557,-0.687268444,-0.014044968,-0.7586144,-0.1749654,0.9451496
seq-09/frame-000430,1,0.01297618,1.510640,832,487,351,0.76,56.58,55.35,16.11,128.80,0.730954262,-0.022356779,-0.681959096,-0.011740215,-0.7741983,-0.1727510,0.9417416
seq-09/frame-000431,1,0.01320461,1.647655,811,448,302,0.76,60.82,45.05,12.60,119.22,0.737425080,-0.021690730,-0.675032235,-0.008077516,-0.7843129,-0.1770909,0.9389977
seq-09/frame-000432,1,0.02069552,0.898038,747,370,254,0.76,57.16,45.24,17.21,120.36,0.739567290,-0.027275530,-0.672487637,-0.007526385,-0.7917580,-0.2064139,0.9524690
seq-09/frame-000433,1,0.02047556,1.085040,722,373,258,0.75,66.21,42.22,13.41,122.60,0.745793849,-0.018970272,-0.665906636,0.000127317,-0.8080006,-0.1903873,0.9489917
seq-09/frame-000434,1,0.02129018,0.979564,781,364,238,0.75,89.60,48.94,28.05,167.34,0.750702021,-0.015522078,-0.660451296,0.003102608,-0.8199165,-0.1964629,0.9470990
seq-09/frame-000435,1,0.00805651,1.327739,903,408,285,0.77,73.00,51.22,11.28,136.26,0.765874293,-0.012408400,-0.642810214,0.008810625,-0.8298923,-0.2118468,0.9234290
seq-09/frame-000436,1,0.02653000,1.520573,983,397,232,1.00,66.34,51.87,20.60,139.81,0.773500733,-0.016290587,-0.633481607,0.011501610,-0.8442702,-0.2338309,0.9097409
seq-09/frame-000437,1,0.01452191,1.082274,1049,429,281,0.76,71.78,56.82,16.37,145.73,0.776673333,-0.013995607,-0.629532388,0.016481147,-0.8466532,-0.2319500,0.9184993
seq-09/frame-000438,1,0.00545673,0.663971,1038,461,295,0.77,73.34,52.17,11.42,137.69,0.778174015,-0.011548296,-0.627562278,0.021850112,-0.8515197,-0.2280024,0.9278744
seq-09/frame-000439,1,0.01129469,0.582033,847,428,273,0.76,67.58,48.27,21.24,137.85,0.781332455,-0.009162478,-0.623519940,0.025661818,-0.8589049,-0.2300626,0.9308142
seq-09/frame-000440,1,0.01372811,0.612246,895,410,266,0.75,84.25,69.67,25.32,179.98,0.785923253,-0.006235293,-0.617559640,0.030097398,-0.8629747,-0.2330852,0.9309509
seq-09/frame-000441,1,0.00813998,0.526381,1084,452,296,0.77,64.88,78.56,23.46,167.68,0.791596426,-0.006017179,-0.610175426,0.032013142,-0.8713733,-0.2434204,0.9235457
seq-09/frame-000442,1,0.01855136,0.453249,1042,489,293,0.97,78.82,75.07,16.23,171.10,0.793352395,-0.004419738,-0.607808720,0.033778737,-0.8750389,-0.2470698,0.9318607
seq-09/frame-000443,1,0.01205119,0.350828,1061,455,280,0.78,86.64,74.53,17.07,179.02,0.799163828,-0.001832545,-0.600143562,0.034081124,-0.8820319,-0.2540728,0.9231266
seq-09/frame-000444,1,0.01204626,0.580143,998,454,295,0.96,97.12,62.44,18.19,178.71,0.802891234,0.001810054,-0.595020068,0.036242360,-0.8919199,-0.2516341,0.9220885
seq-09/frame-000445,1,0.01239250,0.345369,1038,420,258,0.86,95.48,52.90,14.39,163.63,0.806591633,0.002093371,-0.589874058,0.038133334,-0.8959638,-0.2594155,0.9203505
seq-09/frame-000446,1,0.02069725,0.465675,1000,403,274,1.77,99.33,52.99,11.93,166.03,0.808150648,0.004023012,-0.587587775,0.040211334,-0.8958091,-0.2616376,0.9257491
seq-09/frame-000447,1,0.01694082,0.347236,966,420,279,1.76,94.00,49.92,11.13,156.81,0.812160957,0.004916734,-0.582002612,0.040538439,-0.9067257,-0.2685625,0.9229844
seq-09/frame-000448,1,0.01212439,0.508465,917,387,242,0.80,92.61,50.36,7.49,151.26,0.817436689,0.009327192,-0.574251546,0.044106966,-0.9078338,-0.2634426,0.9157543
seq-09/frame-000449,1,0.01688077,0.525450,949,392,254,0.85,94.28,52.84,6.86,154.83,0.820364247,0.010758883,-0.570136344,0.042793662,-0.9122045,-0.2692382,0.9221471
seq-09/frame-000450,1,0.02162393,0.810082,824,357,211,1.27,78.90,50.43,17.35,147.95,0.825086475,0.014332345,-0.563063536,0.044568451,-0.9100910,-0.2650619,0.9238434
seq-09/frame-000451,1,0.01678558,0.749034,863,339,204,0.82,73.63,50.37,16.46,141.29,0.830911153,0.012208921,-0.554311728,0.046648747,-0.9152956,-0.2671058,0.9170159
seq-09/frame-000452,1,0.02667593,1.136409,956,402,255,0.80,88.48,57.65,11.47,158.40,0.832915869,0.011119858,-0.551407418,0.045578112,-0.9121208,-0.2705415,0.9244275
seq-09/frame-000453,1,0.02142699,1.105145,877,376,240,1.61,97.66,39.41,20.28,158.97,0.837732881,0.013258476,-0.544051098,0.045124658,-0.9121053,-0.2672689,0.9163466
seq-09/frame-000454,1,0.02334206,0.740602,690,292,197,0.83,80.27,38.81,23.75,143.66,0.845397221,0.014829317,-0.532345526,0.041132363,-0.9024831,-0.2746188,0.9011043
seq-09/frame-000455,1,0.07103987,2.134922,623,244,140,0.70,84.01,34.71,10.60,130.02,0.841931841,0.011334007,-0.537992518,0.039829203,-0.8666264,-0.2690902,0.9471471
seq-09/frame-000456,1,0.02659575,1.370149,760,288,182,0.72,84.67,37.77,23.93,147.09,0.852991097,0.002474568,-0.520287293,0.041245573,-0.8989462,-0.2747657,0.9179821
seq-09/frame-000457,1,0.01637715,1.000837,946,433,264,0.79,94.75,48.63,17.82,161.99,0.857229138,0.003670627,-0.513527746,0.037868015,-0.9102356,-0.2742318,0.9190128
seq-09/frame-000458,1,0.01753961,0.539154,764,397,252,0.75,84.51,37.58,12.11,134.95,0.860474613,0.010403480,-0.508490441,0.030210592,-0.9020713,-0.2842044,0.9165004
seq-09/frame-000459,1,0.02414747,0.726085,722,351,220,1.37,86.47,36.11,15.34,139.30,0.863616631,0.016747126,-0.503142326,0.027085949,-0.8938157,-0.2843591,0.9200106
seq-09/frame-000460,1,0.03040591,1.213611,732,345,220,0.73,85.88,30.18,19.54,136.33,0.866649758,0.021777266,-0.497735295,0.026524032,-0.8876069,-0.2819061,0.9305301
seq-09/frame-000461,1,0.03747874,0.663050,638,268,158,0.73,70.12,28.41,17.51,116.77,0.871760379,0.015718678,-0.489178240,0.022167869,-0.8683444,-0.3089298,0.9272189
seq-09/frame-000462,1,0.03437906,0.833263,627,290,175,0.72,76.27,31.83,22.51,131.34,0.877419995,0.021149903,-0.478653833,0.024027948,-0.8678842,-0.2993231,0.9303996
seq-09/frame-000463,1,0.04728353,0.767687,628,307,180,0.98,73.59,35.66,22.16,132.40,0.880675272,0.019078523,-0.472700113,0.024529156,-0.8466113,-0.3139370,0.9398800
seq-09/frame-000464,1,0.03806567,0.475363,659,290,168,0.97,81.82,31.29,12.39,126.48,0.886447131,0.023139073,-0.461675243,0.023065921,-0.8504898,-0.3120441,0.9409020
seq-09/frame-000465,1,0.02853224,0.410760,637,309,201,0.90,86.79,32.89,9.91,130.49,0.890839356,0.024094152,-0.453025564,0.024342413,-0.8532335,-0.3135328,0.9563783
seq-09/frame-000466,1,0.03508850,0.647729,624,278,190,0.78,77.79,31.74,9.40,119.71,0.893669994,0.026799481,-0.447271435,0.024165940,-0.8404606,-0.3118573,0.9585416
seq-09/frame-000467,1,0.05029925,0.638463,658,252,143,0.71,80.15,35.03,18.18,134.07,0.896999408,0.027571922,-0.440723341,0.019869290,-0.8200385,-0.3252334,0.9617279
seq-09/frame-000468,1,0.03225941,0.517375,592,288,200,0.66,80.85,32.31,9.39,123.21,0.900341194,0.032463613,-0.433526098,0.019671551,-0.8305616,-0.3218906,0.9735212
seq-09/frame-000469,1,0.03452564,0.576221,558,272,172,0.67,81.98,22.45,12.49,117.59,0.902328119,0.037780888,-0.428856940,0.021407842,-0.8214896,-0.3189132,0.9783792
seq-09/frame-000470,1,0.03287667,0.757723,525,306,213,0.74,83.59,29.80,11.88,126.01,0.903562157,0.043458009,-0.425733726,0.020919449,-0.8129824,-0.3167194,0.9964341
seq-09/frame-000471,1,0.02380862,0.525129,542,312,208,0.67,66.78,25.65,27.29,120.39,0.907630386,0.046032648,-0.416670308,0.021770002,-0.8145244,-0.3153463,1.0022718
seq-09/frame-000472,1,0.03068777,0.674670,529,319,239,0.70,60.98,36.91,9.90,108.49,0.909012308,0.046932092,-0.413537708,0.021921828,-0.8003713,-0.3174630,1.0098020
seq-09/frame-000473,1,0.02375841,0.501973,531,345,259,0.70,66.84,28.84,16.38,112.77,0.911414011,0.048900064,-0.407935822,0.022839642,-0.7999882,-0.3123768,1.0165567
seq-09/frame-000474,1,0.02504701,0.706869,421,277,217,0.67,64.03,22.93,10.61,98.24,0.912823439,0.049720205,-0.404857372,0.019281558,-0.7923383,-0.3204808,1.0286431
seq-09/frame-000475,1,0.03107594,0.816355,459,296,224,0.67,57.90,26.07,14.32,98.95,0.915417226,0.051289260,-0.398959856,0.014551552,-0.7827462,-0.3279430,1.0304415
seq-09/frame-000476,1,0.01959840,0.534901,459,296,230,0.87,59.21,23.60,10.32,94.01,0.918475133,0.053390334,-0.391433151,0.018248023,-0.7887616,-0.3217575,1.0383361
seq-09/frame-000477,1,0.01461659,0.543580,531,335,250,0.71,62.08,29.18,9.41,101.37,0.920384658,0.057583072,-0.386431571,0.015713412,-0.7918827,-0.3197865,1.0536130
seq-09/frame-000478,1,0.01969689,0.699518,537,333,251,0.97,62.67,32.40,18.94,114.98,0.921556648,0.061933992,-0.383001563,0.014398903,-0.7777963,-0.3191117,1.0582912
seq-09/frame-000479,1,0.01582053,0.747528,564,327,246,0.72,74.08,25.63,9.43,109.87,0.924252231,0.065013667,-0.376005622,0.012280440,-0.7841873,-0.3192266,1.0604093
seq-09/frame-000480,1,0.01666992,0.717816,516,339,270,1.70,61.02,25.02,11.13,98.89,0.924644717,0.066915983,-0.374636906,0.014198111,-0.7734500,-0.3171210,1.0703538
seq-09/frame-000481,1,0.02482967,0.900921,489,302,246,0.72,61.67,26.87,11.47,100.73,0.925728790,0.068810162,-0.371684721,0.011909561,-0.7593761,-0.3203108,1.0718233
seq-09/frame-000482,1,0.02376476,0.923541,531,339,270,0.84,60.01,27.85,14.15,102.86,0.927320089,0.070348745,-0.367425266,0.011277448,-0.7554753,-0.3196843,1.0790388
seq-09/frame-000483,1,0.02812102,0.923459,753,486,369,0.73,69.30,39.25,10.47,119.74,0.927847693,0.073434144,-0.365471857,0.011679338,-0.7437242,-0.3156207,1.0923244
seq-09/frame-000484,1,0.04076915,1.300767,630,357,277,0.98,63.84,32.31,12.57,109.70,0.927977137,0.073846400,-0.365150850,0.008366535,-0.7277035,-0.3193535,1.0992126
seq-09/frame-000485,1,0.03119697,1.044287,663,409,331,0.70,73.81,26.87,6.72,108.10,0.930240747,0.074190609,-0.359268858,0.008590356,-0.7335664,-0.3138853,1.1054941
seq-09/frame-000486,1,0.03207248,1.131218,807,439,323,0.72,68.51,37.79,10.58,117.60,0.931559908,0.074685036,-0.355732589,0.008521096,-0.7303471,-0.3119966,1.1118035
seq-09/frame-000487,1,0.02009630,1.052257,750,394,285,0.71,60.82,31.03,15.11,107.66,0.933392339,0.077568218,-0.350339100,0.004942533,-0.7418925,-0.3091244,1.1123098
seq-09/frame-000488,1,0.03603338,1.221934,650,393,315,1.04,67.72,29.38,10.97,109.12,0.933248219,0.077393100,-0.350778839,0.003503817,-0.7221884,-0.3125802,1.1215516
seq-09/frame-000489,1,0.03137226,1.094216,692,416,350,1.34,73.01,34.17,12.99,121.52,0.935259658,0.077721262,-0.345309218,0.003212626,-0.7256801,-0.3099494,1.1250026
seq-09/frame-000490,1,0.02414201,1.138262,675,416,346,0.69,67.73,31.25,15.66,115.33,0.937227754,0.078161005,-0.339844880,0.000671690,-0.7321230,-0.3050451,1.1268461
seq-09/frame-000491,1,0.04235951,1.413601,636,421,342,0.76,60.62,27.95,9.37,98.70,0.937620749,0.074962709,-0.339480327,-0.001014956,-0.7166680,-0.3142963,1.1430577
seq-09/frame-000492,1,0.03556539,1.185134,676,409,332,0.94,50.87,38.12,9.02,98.95,0.939428802,0.075979752,-0.334215609,-0.000728440,-0.7206965,-0.3067237,1.1512288
seq-09/frame-000493,1,0.02985862,1.192072,679,409,337,0.72,57.62,25.18,7.13,90.65,0.941178890,0.076585626,-0.329097576,-0.003424055,-0.7271098,-0.3027145,1.1581821
seq-09/frame-000494,1,0.02410247,0.945669,722,426,341,0.70,80.44,39.86,12.28,133.29,0.942934489,0.077390610,-0.323841505,-0.003452906,-0.7330122,-0.2967434,1.1668979
seq-09/frame-000495,1,0.02214057,0.991672,718,432,346,0.71,64.41,29.47,6.00,100.60,0.944667409,0.076666356,-0.318902372,-0.005199401,-0.7375001,-0.2958969,1.1679046
seq-09/frame-000496,1,0.03685836,1.209689,639,396,319,0.71,74.83,31.08,17.01,123.62,0.945347720,0.074971864,-0.317244360,-0.007274862,-0.7242144,-0.3035339,1.1824286
seq-09/frame-000497,1,0.03612027,1.200476,685,405,342,0.70,55.76,32.54,8.05,97.06,0.947033813,0.077530152,-0.311482735,-0.009723034,-0.7245385,-0.3023644,1.1888728
seq-09/frame-000498,1,0.03774548,1.244868,687,411,334,0.71,54.42,29.98,7.22,92.33,0.947675515,0.079703060,-0.308970962,-0.009771659,-0.7208434,-0.2952732,1.2007065
seq-09/frame-000499,1,0.03614593,1.205619,632,408,337,0.70,57.42,24.40,5.52,88.03,0.949312673,0.080211795,-0.303639040,-0.013223108,-0.7230761,-0.2951177,1.2069151
seq-09/frame-000500,1,0.04031378,1.222723,669,422,348,0.70,58.62,25.40,6.98,91.70,0.950733359,0.079627361,-0.299358787,-0.012242599,-0.7185217,-0.2920517,1.2167120
seq-09/frame-000501,1,0.04241845,1.348431,604,368,304,0.70,52.19,35.07,7.85,95.81,0.952407060,0.078550531,-0.294068152,-0.016568906,-0.7184844,-0.2959072,1.2267871
seq-09/frame-000502,1,0.03920110,1.138857,763,460,356,0.73,60.59,61.42,15.54,138.29,0.954090699,0.080400156,-0.288075034,-0.016109852,-0.7257244,-0.2926649,1.2412849
seq-09/frame-000503,1,0.02766005,1.081077,904,496,370,0.73,67.08,46.92,14.23,128.97,0.955574022,0.081170116,-0.282972308,-0.014709662,-0.7307048,-0.2872255,1.2375456
seq-09/frame-000504,1,0.03681795,1.288122,780,427,341,0.71,61.38,52.52,11.40,126.02,0.955477414,0.080462394,-0.283526662,-0.014189656,-0.7233014,-0.2874319,1.2520678
seq-09/frame-000505,1,0.02987128,1.067005,716,415,326,0.72,69.67,50.67,13.86,134.92,0.956891833,0.082064876,-0.277993707,-0.018516871,-0.7316677,-0.2857402,1.2615244
seq-09/frame-000506,1,0.02251434,0.765379,801,464,359,0.74,54.91,54.64,14.03,124.32,0.958345508,0.083087769,-0.272774248,-0.016264069,-0.7425199,-0.2807854,1.2700127
seq-09/frame-000507,1,0.00978836,0.614269,835,463,358,0.71,88.07,52.58,10.88,152.24,0.960433960,0.084059090,-0.265067792,-0.015483646,-0.7626018,-0.2707277,1.2625484
seq-09/frame-000508,1,0.03676629,1.262705,756,421,319,0.70,73.50,43.61,10.46,128.27,0.958918469,0.079290021,-0.271816928,-0.017436152,-0.7261726,-0.2846551,1.2866544
seq-09/frame-000509,1,0.01466160,0.835021,781,458,346,0.72,83.63,44.95,12.04,141.34,0.961735105,0.078117010,-0.261819172,-0.020348024,-0.7519151,-0.2850622,1.2813355
seq-09/frame-000510,1,0.01263151,0.506734,937,479,356,0.76,81.80,60.10,9.51,152.17,0.962673133,0.079244045,-0.258287625,-0.016380589,-0.7626087,-0.2775664,1.2905287
seq-09/frame-000511,1,0.01008922,0.819854,945,497,356,0.74,78.41,72.38,25.28,176.81,0.962136388,0.077865999,-0.260666170,-0.016840561,-0.7550278,-0.2785120,1.2959336
seq-09/frame-000512,1,0.00365246,0.922186,879,486,369,1.03,83.14,66.40,7.43,158.00,0.962175690,0.077559551,-0.260167181,-0.022704506,-0.7561813,-0.2765412,1.2951755
seq-09/frame-000513,1,0.00995758,0.538988,878,485,354,0.97,91.43,52.11,17.37,161.88,0.963156834,0.077428446,-0.256500084,-0.023269217,-0.7626354,-0.2737906,1.2997536
seq-09/frame-000514,1,0.01916647,0.858824,948,511,381,0.73,88.12,55.81,10.18,154.85,0.962403921,0.071462035,-0.261031514,-0.023117490,-0.7406514,-0.2870335,1.3127171
seq-09/frame-000515,1,0.01095334,0.590773,947,492,365,1.41,86.09,47.94,12.72,148.17,0.963961830,0.073966843,-0.254394353,-0.024290096,-0.7600490,-0.2715901,1.3089171
seq-09/frame-000516,1,0.00937681,0.429566,920,496,375,0.73,95.21,47.74,10.05,153.73,0.964318635,0.070676811,-0.254162318,-0.022268264,-0.7552727,-0.2718125,1.3159866
seq-09/frame-000517,1,0.02736717,0.988005,814,466,359,0.73,91.04,38.82,6.98,137.57,0.963115104,0.067154586,-0.259338758,-0.025356791,-0.7197045,-0.2788607,1.3282263
seq-09/frame-000518,1,0.01198471,0.572455,949,520,382,1.21,83.59,47.34,15.60,147.75,0.964977265,0.065612442,-0.252683677,-0.025784577,-0.7319142,-0.2722741,1.3285740
seq-09/frame-000519,1,0.00050524,0.444654,1027,554,420,0.74,81.83,48.80,11.00,142.37,0.966631323,0.062030819,-0.247199828,-0.025851653,-0.7368136,-0.2740631,1.3248444
seq-09/frame-000520,1,0.01841730,0.763113,1066,667,532,1.67,87.17,52.29,10.71,151.85,0.965880753,0.057680180,-0.251131134,-0.026086799,-0.7167696,-0.2816860,1.3375415
seq-09/frame-000521,1,0.01345648,0.596155,1048,634,507,0.77,80.49,59.32,10.30,150.88,0.966424783,0.059517167,-0.248370111,-0.028162639,-0.7194506,-0.2709147,1.3443255
seq-09/frame-000522,1,0.01611773,0.597684,1148,610,462,0.76,81.74,57.35,16.27,156.12,0.967595809,0.059583781,-0.243702834,-0.028584117,-0.7265517,-0.2621420,1.3388218
seq-09/frame-000523,1,0.03456011,1.020319,1071,608,477,0.75,73.32,53.71,10.62,138.40,0.966389093,0.049916746,-0.250330664,-0.030577745,-0.6841943,-0.2907659,1.3545268
seq-09/frame-000524,1,0.01555602,0.487716,1101,608,449,0.82,90.15,54.82,13.71,159.50,0.968018001,0.048863777,-0.244622946,-0.026703856,-0.6954289,-0.2852222,1.3559453
seq-09/frame-000525,1,0.01982927,0.736727,1151,641,483,0.76,69.58,54.94,11.66,136.95,0.968481261,0.052373213,-0.242415849,-0.023144097,-0.7074673,-0.2711068,1.3619255
seq-09/frame-000526,1,0.01270505,1.024781,1109,527,379,0.78,69.77,50.57,10.83,131.95,0.966792910,0.047663471,-0.249674232,-0.026503611,-0.6786673,-0.2898802,1.3571213
seq-09/frame-000527,1,0.02300550,0.939734,1160,663,495,0.77,75.75,56.99,13.56,147.07,0.967089082,0.053278483,-0.247346631,-0.026828258,-0.6898547,-0.2653951,1.3622443
seq-09/frame-000528,1,0.01751162,0.653959,1026,566,431,0.75,70.03,53.41,15.71,139.89,0.966827013,0.049320177,-0.249498354,-0.023740634,-0.6734792,-0.2676120,1.3633114
seq-09/frame-000529,1,0.01285842,0.729074,1246,758,586,0.75,69.58,62.51,7.12,139.97,0.966525840,0.043360421,-0.251957981,-0.021560403,-0.6565907,-0.2768620,1.3693456
seq-09/frame-000530,1,0.03073386,1.022961,1257,703,522,0.81,75.20,71.09,19.96,167.05,0.967659555,0.043800681,-0.247669418,-0.019399599,-0.6662675,-0.2626834,1.3627613
seq-09/frame-000531,1,0.02582329,0.979105,1298,735,583,0.77,73.45,68.55,12.41,155.19,0.966444140,0.042343420,-0.252637740,-0.019155448,-0.6482313,-0.2669985,1.3714602
seq-09/frame-000532,1,0.01948737,0.782386,1152,742,584,0.76,72.92,55.37,19.86,148.92,0.965340115,0.037697178,-0.257474503,-0.020106367,-0.6204630,-0.2789052,1.3819836
seq-09/frame-000533,1,0.02391086,0.901177,1258,708,531,0.76,65.90,63.43,16.48,146.57,0.965009372,0.029638967,-0.259978549,-0.017017563,-0.5974754,-0.3068289,1.3818968
seq-09/frame-000534,1,0.01077389,0.655705,1181,661,488,0.71,76.70,55.50,15.20,148.12,0.965800562,0.034013134,-0.256796286,-0.011315882,-0.6092783,-0.2935107,1.3754549
seq-09/frame-000535,1,0.02272960,1.109279,1104,540,384,0.71,72.25,64.08,28.84,165.88,0.964226365,0.042389395,-0.261167891,-0.016186079,-0.6021322,-0.2828743,1.3786195
seq-09/frame-000536,1,0.00305370,0.784627,1231,697,510,0.78,74.83,53.86,12.14,141.62,0.962831936,0.043676755,-0.265868250,-0.019002062,-0.5790799,-0.2946892,1.3729791
seq-09/frame-000537,1,0.02807080,1.127637,1286,754,583,0.77,80.98,64.28,12.40,158.44,0.962771500,0.048345384,-0.265363770,-0.017771688,-0.5833220,-0.2750355,1.3767118
seq-09/frame-000538,1,0.03567992,1.076691,1273,738,535,0.77,86.82,49.87,12.87,150.32,0.959878604,0.039313094,-0.277136982,-0.016811871,-0.5306160,-0.3059557,1.4006582
seq-09/frame-000539,1,0.01574561,1.056008,1161,552,387,0.74,59.54,51.89,7.73,119.90,0.960387891,0.039296582,-0.275170173,-0.019805359,-0.5288489,-0.3112475,1.3762284
seq-09/frame-000540,1,0.04451243,1.371096,1137,530,353,0.75,57.10,57.67,14.90,130.42,0.958236851,0.034606089,-0.283042232,-0.021717524,-0.4989390,-0.3344361,1.3760488
seq-09/frame-000541,1,0.02340017,1.034644,1214,619,446,0.81,66.70,52.77,8.71,128.99,0.958697216,0.050033783,-0.278771230,-0.026131776,-0.5273595,-0.2833521,1.3612925
seq-09/frame-000542,1,0.02135534,0.828068,1272,721,550,0.81,83.33,68.21,8.40,160.75,0.955777877,0.043217007,-0.289534412,-0.028120526,-0.4877155,-0.3128995,1.3749272
seq-09/frame-000543,1,0.05015112,1.418508,1224,583,412,0.81,62.88,63.03,6.36,133.08,0.954144927,0.036447647,-0.295677506,-0.029220536,-0.4585364,-0.3381292,1.3713029
seq-09/frame-000544,1,0.03163344,1.079929,1246,637,448,0.75,85.13,57.63,9.44,152.95,0.952916547,0.040641431,-0.298991154,-0.030043612,-0.4598321,-0.3279347,1.3733167
seq-09/frame-000545,1,0.02198816,0.878300,1168,583,437,0.73,73.03,64.02,18.13,155.90,0.951541549,0.045050567,-0.302529752,-0.031857118,-0.4518778,-0.3224669,1.3664153
seq-09/frame-000546,1,0.00470021,0.758318,1058,643,524,0.71,83.24,44.31,8.29,136.55,0.950283264,0.052731130,-0.304969530,-0.034274359,-0.4541624,-0.3105444,1.3626279
seq-09/frame-000547,1,0.01291927,0.457629,1133,616,486,0.74,73.85,57.91,12.57,145.07,0.947336843,0.055140581,-0.313605299,-0.034119468,-0.4284589,-0.3113207,1.3612062
seq-09/frame-000548,1,0.00924952,0.749296,1057,679,537,1.10,62.10,52.61,15.52,131.35,0.945751422,0.061740025,-0.316669339,-0.038248497,-0.4281669,-0.3053132,1.3551575
seq-09/frame-000549,1,0.00660588,0.603843,998,555,426,0.71,65.09,45.56,8.53,119.89,0.943563696,0.063029847,-0.322541462,-0.041009709,-0.4042949,-0.3182004,1.3442475
seq-09/frame-000550,1,0.02386956,1.033135,1099,523,407,0.72,66.48,52.75,13.43,133.38,0.940285776,0.065776461,-0.330401050,-0.048695608,-0.3800241,-0.3328560,1.3451327
seq-09/frame-000551,1,0.00606794,0.526806,1112,650,518,0.78,57.28,66.03,20.79,144.89,0.939647651,0.070706112,-0.331350621,-0.047641402,-0.3758664,-0.3119573,1.3333169
seq-09/frame-000552,1,0.01589496,0.563323,1113,647,523,0.77,67.37,55.16,11.18,134.48,0.938761005,0.067645266,-0.334019910,-0.050819230,-0.3522180,-0.3266521,1.3267455
seq-09/frame-000553,1,0.01240179,0.597384,1159,666,546,0.72,63.75,64.98,13.93,143.39,0.938226619,0.068761827,-0.335439434,-0.049829798,-0.3391597,-0.3263873,1.3269023
seq-09/frame-000554,1,0.01798278,0.754425,958,522,406,0.68,60.88,57.18,15.99,134.73,0.936520892,0.072528401,-0.339212740,-0.051019285,-0.3181998,-0.3304038,1.3210210
seq-09/frame-000555,1,0.01501893,0.583159,1045,653,518,0.73,64.79,58.82,18.95,143.29,0.935833411,0.077279493,-0.339738143,-0.053119688,-0.3031886,-0.3266002,1.3042685
seq-09/frame-000556,1,0.01343381,0.591141,996,637,507,0.74,78.98,66.25,15.70,161.68,0.936393485,0.077602186,-0.338519364,-0.050495374,-0.3011993,-0.3209505,1.2893427
seq-09/frame-000557,1,0.01213679,0.506813,1243,706,546,1.12,71.56,74.79,9.16,156.63,0.934424983,0.075600785,-0.344925315,-0.046486543,-0.2715149,-0.3170952,1.2954876
seq-09/frame-000558,1,0.01643930,0.958398,1271,641,480,0.77,71.43,80.75,15.63,168.60,0.932605584,0.077141507,-0.349310666,-0.047729143,-0.2557216,-0.3171324,1.2973261
seq-09/frame-000559,1,0.01092988,1.139582,1157,600,457,0.73,88.03,57.11,9.15,155.02,0.930703461,0.082694150,-0.352627844,-0.051052409,-0.2403634,-0.3144111,1.2863074
seq-09/frame-000560,1,0.00701551,1.097104,1131,655,528,1.08,71.33,60.42,7.42,140.25,0.929722679,0.089490378,-0.353230943,-0.053245789,-0.2261134,-0.3053100,1.2635054
seq-09/frame-000561,1,0.01046442,0.851594,1131,571,448,2.24,81.04,59.31,17.13,159.74,0.928003758,0.089586304,-0.357673196,-0.053415381,-0.2053885,-0.3034248,1.2566893
seq-09/frame-000562,1,0.01086928,0.919519,1173,691,569,0.80,75.92,79.25,11.40,167.37,0.926013628,0.089806558,-0.362331715,-0.056118361,-0.1852838,-0.2981261,1.2592796
seq-09/frame-000563,1,0.01559524,0.875295,1232,709,555,5.96,89.87,68.08,15.22,179.13,0.926161034,0.089462428,-0.361776037,-0.057795437,-0.1673541,-0.2966338,1.2366960
seq-09/frame-000564,1,0.01560740,1.055265,1169,658,536,0.80,75.19,53.39,17.09,146.48,0.923609283,0.093518898,-0.366790450,-0.060538204,-0.1410927,-0.2873035,1.2449961
seq-09/frame-000565,1,0.00855799,0.971581,1134,596,468,0.76,78.37,66.63,15.92,161.74,0.923178948,0.092963372,-0.367589457,-0.063058958,-0.1321761,-0.2844746,1.2317281
seq-09/frame-000566,1,0.02185403,0.978335,1144,608,478,0.91,71.45,66.69,9.09,148.14,0.921011126,0.088623679,-0.373356924,-0.066999676,-0.1053427,-0.2856587,1.2212611
seq-09/frame-000567,1,0.00917386,0.891364,1323,803,639,0.80,75.21,82.15,18.73,176.89,0.919780297,0.088832840,-0.375597834,-0.070987322,-0.0942965,-0.2750455,1.2155514
seq-09/frame-000568,1,0.01377746,0.721674,1328,790,643,0.79,82.52,76.80,20.42,180.53,0.918787478,0.086871868,-0.378525648,-0.070719037,-0.0786691,-0.2779852,1.2048877
seq-09/frame-000569,1,0.01104552,0.953332,1287,744,592,1.13,87.50,70.44,12.51,171.59,0.916333574,0.087912480,-0.383862977,-0.072480283,-0.0582592,-0.2711713,1.2044584
seq-09/frame-000570,1,0.00901667,0.957976,1490,810,644,0.96,73.40,87.64,13.02,175.02,0.915032105,0.087900974,-0.386194359,-0.076443328,-0.0410251,-0.2662502,1.2005220
seq-09/frame-000571,1,0.00850220,0.926367,1438,806,663,1.21,90.08,86.64,14.98,192.90,0.913249905,0.087485297,-0.389864528,-0.079539825,-0.0262577,-0.2720905,1.2022206
seq-09/frame-000572,1,0.01816240,1.124970,1389,769,615,1.14,101.32,60.05,9.44,171.95,0.912135638,0.089729397,-0.391060001,-0.083840858,-0.0105796,-0.2707067,1.1842185
seq-09/frame-000573,1,0.01367788,1.249993,1279,806,664,1.52,88.74,58.23,15.39,163.89,0.909564296,0.092652415,-0.395454958,-0.087884571,-0.0025032,-0.2676842,1.1858027
seq-09/frame-000574,1,0.00930990,0.986619,1291,800,673,0.78,79.43,54.53,22.25,157.00,0.907309375,0.096456717,-0.399018809,-0.090938379,0.0191753,-0.2641307,1.1819682
seq-09/frame-000575,1,0.01771916,0.888177,1287,796,654,1.15,86.09,54.23,11.23,152.71,0.907317572,0.095171592,-0.398879206,-0.092803935,0.0350450,-0.2691290,1.1713271
seq-09/frame-000576,1,0.01497001,0.911771,1454,824,671,0.78,93.76,88.32,17.26,200.13,0.907009412,0.093075103,-0.400534008,-0.090793498,0.0477743,-0.2674952,1.1702916
seq-09/frame-000577,1,0.01623097,1.071995,1475,855,683,1.06,83.85,91.22,17.01,193.14,0.906757406,0.093753686,-0.401170023,-0.089799026,0.0580042,-0.2651912,1.1649714
seq-09/frame-000578,1,0.01596837,1.057743,1275,794,659,0.81,83.02,87.06,17.56,188.45,0.905774636,0.096011154,-0.402759738,-0.090215076,0.0668795,-0.2665906,1.1694015
seq-09/frame-000579,1,0.02404362,1.158036,1273,743,595,0.74,69.70,74.04,15.94,160.43,0.905497868,0.100817255,-0.403457434,-0.084448742,0.0927707,-0.2686536,1.1528822
seq-09/frame-000580,1,0.02444032,1.180413,1113,654,511,0.78,68.20,72.83,14.09,155.91,0.903975735,0.103617759,-0.406341207,-0.083534748,0.1049603,-0.2711970,1.1545100
seq-09/frame-000581,1,0.01628781,1.087756,1121,632,519,0.74,94.55,68.42,21.02,184.73,0.903632281,0.108801039,-0.406758043,-0.078478837,0.1229955,-0.2595094,1.1459388
seq-09/frame-000582,1,0.02210157,1.122201,1207,728,605,0.74,92.75,77.18,16.88,187.56,0.902967030,0.109122301,-0.408806146,-0.074969330,0.1334627,-0.2617676,1.1405832
seq-09/frame-000583,1,0.02947546,0.998870,1255,779,641,2.65,94.42,81.34,13.43,191.86,0.901708124,0.109932398,-0.412185968,-0.070285528,0.1535803,-0.2588036,1.1237549
seq-09/frame-000584,1,0.02186015,1.057416,1349,798,643,1.06,102.10,76.24,18.77,198.17,0.899393784,0.108147301,-0.418470248,-0.065403627,0.1767709,-0.2567102,1.1292730
seq-09/frame-000585,1,0.02084444,1.217343,1326,799,664,1.32,95.54,80.67,23.35,200.88,0.899158625,0.109303799,-0.418476409,-0.066662899,0.1848691,-0.2559758,1.1229338
seq-09/frame-000586,1,0.02316730,1.277626,1321,783,644,0.99,91.15,77.65,18.88,188.68,0.898721757,0.109477072,-0.419488690,-0.065903057,0.2011013,-0.2563938,1.1129639
seq-09/frame-000587,1,0.02741739,1.528251,1280,739,604,1.09,94.98,88.02,14.38,198.47,0.898082089,0.109989603,-0.420250484,-0.068850414,0.2164065,-0.2533232,1.1029082
seq-09/frame-000588,1,0.02757158,1.493179,1418,815,659,1.78,91.46,76.31,18.11,187.66,0.896932012,0.107528087,-0.422910960,-0.071393255,0.2391774,-0.2495137,1.0826284
seq-09/frame-000589,1,0.02905246,1.538507,1294,792,619,1.26,102.14,86.93,12.59,202.93,0.895910164,0.106017804,-0.425254293,-0.072553358,0.2533692,-0.2477660,1.0724416
seq-09/frame-000590,1,0.02259536,1.389737,1435,841,677,0.79,93.53,86.44,14.05,194.81,0.893988632,0.105275724,-0.428927623,-0.075646818,0.2658880,-0.2463858,1.0715446
seq-09/frame-000591,1,0.01505853,1.260832,1407,849,699,1.07,87.92,80.35,7.65,176.99,0.893515230,0.105813671,-0.429302167,-0.078317619,0.2809257,-0.2408256,1.0671140
seq-09/frame-000592,1,0.02091474,1.072911,1354,815,656,0.81,98.63,85.81,49.43,234.69,0.895141496,0.102722913,-0.426762704,-0.077738668,0.2938862,-0.2416920,1.0490275
seq-09/frame-000593,1,0.03010850,1.405815,1639,1006,837,2.98,111.85,281.03,14.98,410.84,0.895241673,0.097120932,-0.427225001,-0.081170618,0.3134466,-0.2360704,1.0266868
seq-09/frame-000594,1,0.02825487,1.307318,1583,968,798,0.80,100.37,299.75,9.15,410.08,0.894746505,0.095959006,-0.428595358,-0.080787252,0.3236259,-0.2342995,1.0190055
seq-09/frame-000595,1,0.02871913,1.218208,1646,1070,903,1.40,100.07,295.14,12.56,409.18,0.893828055,0.094854385,-0.430891339,-0.080041914,0.3352057,-0.2329073,1.0121859
seq-09/frame-000596,1,0.02917396,1.353706,1665,1033,876,2.48,100.55,300.07,21.06,424.16,0.893133209,0.095772312,-0.431893021,-0.081296698,0.3455493,-0.2296901,1.0009011
seq-09/frame-000597,1,0.03253363,1.466698,1460,939,781,1.74,87.72,301.52,16.97,407.95,0.892146327,0.096811173,-0.433423360,-0.082744899,0.3642386,-0.2244001,0.9818633
seq-09/frame-000598,1,0.03443179,1.496838,1232,815,691,2.24,80.74,256.37,27.09,366.45,0.891377707,0.096944885,-0.434838790,-0.083442793,0.3754376,-0.2201499,0.9689190
seq-09/frame-000599,1,0.04034497,1.658873,1552,1081,927,1.16,115.06,292.81,10.91,419.95,0.890379512,0.096632103,-0.436776895,-0.084335667,0.3854776,-0.2219547,0.9557011
seq-09/frame-000600,1,0.03012465,1.412010,1585,1035,889,1.66,148.24,270.98,15.68,436.56,0.889514286,0.098333172,-0.438219138,-0.084017308,0.3998620,-0.2167960,0.9544675
seq-09/frame-000601,1,0.02231916,1.476285,1283,859,724,0.75,299.87,89.53,14.23,404.39,0.891422387,0.099722254,-0.434098677,-0.083546034,0.4268431,-0.2082233,0.9354650
seq-09/frame-000602,1,0.03027236,1.458618,1575,1079,918,1.03,273.28,124.08,26.87,425.25,0.892232319,0.099025727,-0.432050380,-0.086301008,0.4348129,-0.2091227,0.9231926
seq-09/frame-000603,1,0.03028974,1.415825,1624,1103,940,0.80,119.41,130.23,10.73,261.17,0.892165695,0.099128652,-0.432082045,-0.086712104,0.4445468,-0.2078640,0.9123693
seq-09/frame-000604,1,0.02797771,1.349920,1359,900,745,4.28,101.65,119.01,11.59,236.53,0.891429197,0.099719273,-0.433520265,-0.086430507,0.4585743,-0.2033838,0.9056816
seq-09/frame-000605,1,0.02872043,1.223280,1223,858,723,0.74,110.55,95.88,18.45,225.63,0.893476227,0.093605897,-0.431089605,-0.084261022,0.4834486,-0.1910882,0.8806733
seq-09/frame-000606,1,0.02203901,1.036001,1380,942,794,0.80,116.32,109.36,14.35,240.84,0.893302173,0.089623034,-0.432710585,-0.082100488,0.4996579,-0.1881667,0.8811435
seq-09/frame-000607,1,0.02528234,1.190593,1321,891,748,3.72,103.03,123.11,16.37,246.23,0.893781908,0.087858997,-0.431756108,-0.083793557,0.5094157,-0.1858604,0.8702253
seq-09/frame-000608,1,0.02752219,1.190938,1574,1067,907,3.53,110.42,125.56,13.32,252.84,0.894174030,0.085977511,-0.430921595,-0.085832687,0.5193794,-0.1835483,0.8612629
seq-09/frame-000609,1,0.04446278,1.377568,1805,1217,1025,0.80,118.43,114.91,11.30,245.44,0.894860707,0.083550960,-0.429712299,-0.087125729,0.5267377,-0.1869175,0.8468895
seq-09/frame-000610,1,0.02455936,1.109413,1401,911,769,0.75,126.24,71.28,12.03,210.30,0.894170550,0.080690941,-0.431751986,-0.086822937,0.5561928,-0.1736967,0.8452641
seq-09/frame-000611,1,0.02139642,0.920935,1675,1088,919,0.76,117.68,87.92,9.14,215.50,0.895038961,0.077869204,-0.430258358,-0.087860060,0.5708291,-0.1733999,0.8373901
seq-09/frame-000612,1,0.03364039,1.197216,2099,1359,1118,0.79,97.02,90.95,11.86,200.62,0.896535045,0.075302873,-0.427271761,-0.089404882,0.5714922,-0.1746219,0.8245701
seq-09/frame-000613,1,0.03251228,1.073717,2320,1472,1221,0.83,95.90,119.05,18.44,234.23,0.896393648,0.074443402,-0.427618984,-0.089881103,0.5973921,-0.1715347,0.8166135
seq-09/frame-000614,1,0.03686792,1.253863,2310,1444,1196,3.01,106.71,111.23,16.71,237.67,0.896288605,0.074973718,-0.427401142,-0.091509242,0.6069646,-0.1699179,0.8107079
seq-09/frame-000615,1,0.03479213,1.217295,2179,1322,1112,0.82,97.70,108.21,15.25,221.97,0.896442368,0.073244707,-0.427308047,-0.091837507,0.6231641,-0.1737067,0.8055462
seq-09/frame-000616,1,0.03815332,1.186748,2191,1357,1149,0.79,106.98,99.31,12.47,219.54,0.897259941,0.072034984,-0.426107993,-0.090374433,0.6301330,-0.1725649,0.8018587
seq-09/frame-000617,1,0.03139402,1.036980,1914,1199,1028,0.76,93.98,96.08,12.64,203.46,0.897456067,0.070985311,-0.426239854,-0.088618736,0.6599027,-0.1761477,0.8052861
seq-09/frame-000618,1,0.03817678,1.171547,2165,1341,1123,0.81,104.88,104.00,13.26,222.96,0.898308025,0.072653477,-0.424136552,-0.088726258,0.6669503,-0.1740323,0.7974184
seq-09/frame-000619,1,0.04125495,1.194332,2207,1358,1127,0.85,100.84,104.32,14.02,220.03,0.897934264,0.073642179,-0.424829312,-0.088379535,0.6750398,-0.1726542,0.7996558
seq-09/frame-000620,1,0.02990963,1.062577,2072,1252,1041,0.81,89.01,102.30,9.86,201.98,0.897994564,0.074802051,-0.425241493,-0.084735399,0.7025259,-0.1749918,0.7854824
seq-09/frame-000621,1,0.03527410,1.102320,2057,1262,1072,0.78,77.14,99.50,10.44,187.86,0.897655004,0.074344408,-0.426591855,-0.081901118,0.7188045,-0.1726189,0.7921095
seq-09/frame-000622,1,0.04165373,1.314837,2227,1300,1079,0.82,94.85,112.08,16.98,224.73,0.898444571,0.075633697,-0.424527942,-0.082782382,0.7279001,-0.1711823,0.7809881
seq-09/frame-000623,1,0.03704230,1.199881,2234,1343,1097,0.81,98.87,110.61,11.84,222.13,0.897831351,0.075999934,-0.425815929,-0.082484365,0.7410629,-0.1710241,0.7825685
seq-09/frame-000624,1,0.02821288,0.870068,969,612,493,0.78,62.65,46.91,12.88,123.22,0.899415292,0.075350992,-0.423227454,-0.079075167,0.7804950,-0.1785713,0.7901512
seq-09/frame-000625,1,0.04125996,1.023430,811,469,377,0.68,61.86,38.15,12.60,113.29,0.902634520,0.076613423,-0.416774092,-0.075370165,0.7764025,-0.1707448,0.7881218
seq-09/frame-000626,1,0.03223141,1.027038,1147,688,572,0.72,74.36,65.67,9.93,150.68,0.905512261,0.076392887,-0.411136581,-0.071960992,0.8038665,-0.1710565,0.7793375
seq-09/frame-000627,1,0.03879923,0.764441,1277,779,647,0.73,76.22,62.68,17.29,156.93,0.906464903,0.076647226,-0.409522559,-0.068832091,0.8087259,-0.1596945,0.7925790
seq-09/frame-000628,1,0.03267698,0.574828,1018,618,479,0.70,78.82,45.25,18.39,143.16,0.910050684,0.072916480,-0.401995491,-0.069932576,0.8423434,-0.1583923,0.7915304
seq-09/frame-000629,1,0.03783123,1.176920,1163,633,504,0.77,81.79,48.09,9.10,139.76,0.914034663,0.070292851,-0.393078861,-0.071334131,0.8541913,-0.1643918,0.7529386
seq-09/frame-000630,1,0.02964701,0.729312,918,507,392,0.68,71.00,44.84,11.81,128.33,0.915079821,0.067146681,-0.391886782,-0.067416568,0.8659648,-0.1593325,0.7716608
seq-09/frame-000631,1,0.04770966,1.527234,857,409,290,0.68,58.59,43.46,13.46,116.19,0.925481987,0.060371102,-0.368345084,-0.064500550,0.8767401,-0.1629971,0.7256847
seq-09/frame-000632,1,0.04155296,1.221661,1010,488,367,0.70,55.57,51.26,7.98,115.51,0.928518578,0.058564119,-0.361649056,-0.060278147,0.8794683,-0.1490626,0.7237052
seq-09/frame-000633,1,0.04929358,1.536137,1076,509,384,0.70,62.83,74.10,16.91,154.55,0.931859453,0.054544578,-0.353616921,-0.060149165,0.8871042,-0.1537301,0.7122680
seq-09/frame-000634,1,0.05035648,1.476302,1520,744,588,0.74,74.06,88.76,20.82,184.38,0.934581276,0.051210750,-0.347238797,-0.057969956,0.8942995,-0.1622629,0.7025294
seq-09/frame-000635,1,0.05279678,1.548652,1151,478,333,0.83,78.02,65.34,11.67,155.87,0.940975744,0.054817461,-0.330023437,-0.051422039,0.8990778,-0.1406113,0.6848253
seq-09/frame-000636,1,0.04669484,1.224593,1599,724,543,0.71,80.40,86.49,15.73,183.33,0.943167312,0.051199766,-0.324928158,-0.047283162,0.9024165,-0.1292474,0.6803842
seq-09/frame-000637,1,0.04983532,1.370925,1431,659,486,0.73,80.20,73.35,13.69,167.97,0.945622810,0.044338650,-0.319127043,-0.044603978,0.9001531,-0.1329550,0.6716419
seq-09/frame-000638,1,0.07671705,1.931446,1151,594,435,0.71,76.19,79.80,22.43,179.14,0.949737426,0.038646617,-0.307496013,-0.044175353,0.8794359,-0.1475587,0.6511865
seq-09/frame-000639,1,0.06158601,1.690053,1299,546,390,0.75,86.62,74.66,24.56,186.60,0.954684208,0.034604097,-0.292925441,-0.039690121,0.8906690,-0.1357347,0.6481107
seq-09/frame-000640,1,0.07519796,2.021739,1322,761,587,0.76,97.78,70.51,20.99,190.05,0.957990201,0.031137252,-0.282390878,-0.039250969,0.8739477,-0.1438807,0.6416686
seq-09/frame-000641,1,0.03254999,1.202049,1229,540,347,0.75,88.76,61.31,21.26,172.09,0.958691808,0.035604885,-0.280041298,-0.034916767,0.9072044,-0.1100826,0.6761918
seq-09/frame-000642,1,0.06104331,1.898236,1236,708,528,0.75,89.89,63.54,9.07,163.26,0.964006710,0.024775931,-0.262616544,-0.033313165,0.8733555,-0.1420613,0.6336037
seq-09/frame-000643,1,0.04678075,1.459004,1204,691,512,0.77,75.66,68.64,15.12,160.19,0.966400987,0.024844899,-0.253729874,-0.032756894,0.8765245,-0.1386359,0.6379535
seq-09/frame-000644,1,0.07134876,2.254330,1408,708,505,0.99,94.81,86.50,17.14,199.44,0.970912566,0.021740017,-0.236207342,-0.032592213,0.8546622,-0.1520362,0.6232977
seq-09/frame-000645,1,0.06493566,1.800883,1470,808,608,0.81,95.77,82.81,15.29,194.69,0.972581885,0.023815843,-0.229155913,-0.031699372,0.8537863,-0.1447390,0.6292758
seq-09/frame-000646,1,0.05305272,1.689744,1307,736,568,0.79,86.99,69.21,9.03,166.02,0.976889850,0.023379350,-0.209979025,-0.032379573,0.8547558,-0.1446472,0.6269725
seq-09/frame-000647,1,0.05602327,1.777607,1416,763,589,0.80,86.85,83.14,21.23,192.02,0.979717159,0.022265182,-0.196715965,-0.031006105,0.8449869,-0.1476263,0.6204816
seq-09/frame-000648,1,0.09010966,3.223090,1240,624,446,1.01,90.03,71.48,9.97,172.48,0.984104497,0.018046100,-0.173082137,-0.035429513,0.8027111,-0.1620050,0.6106728
seq-09/frame-000649,1,0.09407258,3.207972,1258,579,397,0.79,89.99,59.76,8.07,158.61,0.986502476,0.019427036,-0.159043192,-0.033774529,0.7867881,-0.1563447,0.6134048
seq-09/frame-000650,1,0.09719756,3.408322,1203,588,419,0.88,94.22,62.18,18.98,176.27,0.988962537,0.018615533,-0.143639923,-0.031211136,0.7759116,-0.1586816,0.6113191
seq-09/frame-000651,1,0.07926998,2.852106,1080,532,363,0.77,88.41,54.24,17.00,160.42,0.990346279,0.020903740,-0.133869975,-0.029259365,0.7835420,-0.1480168,0.6135982
seq-09/frame-000652,1,0.06578389,2.420764,1170,525,351,2.56,90.26,65.42,17.46,175.70,0.991756937,0.015972615,-0.123621306,-0.029678716,0.7922887,-0.1645202,0.6080389
seq-09/frame-000653,1,0.07285601,2.432939,1008,461,312,0.76,73.15,50.55,14.36,138.83,0.993171371,0.017489784,-0.111189223,-0.030686992,0.7802808,-0.1666591,0.6190990
seq-09/frame-000654,1,0.09750037,3.144229,839,319,212,0.77,70.37,55.87,16.10,143.12,0.995196726,0.022769815,-0.090711474,-0.028921273,0.7441516,-0.1491269,0.6230200
seq-09/frame-000655,1,0.05029879,2.069092,876,423,288,1.04,82.65,46.94,14.90,145.53,0.996228938,0.020239488,-0.081344555,-0.022390390,0.7800388,-0.1481435,0.6120378
seq-09/frame-000656,1,0.06407266,2.655537,971,474,323,0.77,77.74,48.78,13.38,140.67,0.997651427,0.015598369,-0.061721957,-0.025272931,0.7589588,-0.1605025,0.6078259
seq-09/frame-000657,1,0.05920486,2.347832,932,463,326,0.89,69.85,49.81,15.44,135.99,0.998392188,0.018501939,-0.048397633,-0.022986674,0.7523848,-0.1495120,0.6122111
seq-09/frame-000658,1,0.06330363,2.323031,1094,535,383,0.77,90.84,62.10,19.34,173.05,0.998889864,0.017021280,-0.035502878,-0.025862362,0.7406954,-0.1577258,0.6095476
seq-09/frame-000659,1,0.08245474,2.685492,1225,523,352,0.78,87.87,73.20,24.20,186.06,0.999191382,0.020361968,-0.021552489,-0.027156262,0.7144926,-0.1483527,0.6234256
seq-09/frame-000660,1,0.08042736,2.640384,1408,648,460,0.78,105.86,89.39,19.76,215.78,0.999196117,0.022147255,-0.014558224,-0.030077862,0.7098486,-0.1514252,0.6274672
seq-09/frame-000661,1,0.06850467,2.297717,1407,667,503,2.35,89.55,82.16,17.31,191.37,0.999245787,0.024610784,-0.009306867,-0.028557827,0.7138484,-0.1443187,0.6281842
seq-09/frame-000662,1,0.07843799,2.446808,1466,678,482,0.79,90.64,93.20,19.93,204.56,0.999294009,0.025163437,-0.000221724,-0.027896893,0.6966722,-0.1417341,0.6375326
seq-09/frame-000663,1,0.07978872,2.539877,1658,699,483,0.84,118.21,114.99,19.08,253.12,0.999379399,0.022136900,0.008805212,-0.025946936,0.6834623,-0.1504582,0.6298051
seq-09/frame-000664,1,0.09037062,2.905011,2175,888,614,1.22,115.77,126.15,13.12,256.25,0.999191513,0.022918104,0.017929432,-0.027741966,0.6650181,-0.1461178,0.6400043
seq-09/frame-000665,1,0.10122092,3.089544,2410,896,607,1.19,111.53,136.81,15.07,264.60,0.999015139,0.027611290,0.023488364,-0.025586448,0.6493543,-0.1301865,0.6546764
seq-09/frame-000666,1,0.09179177,2.860969,2355,1083,813,0.98,118.54,138.08,11.43,269.03,0.999034541,0.027169934,0.024230014,-0.024590400,0.6495881,-0.1319867,0.6545016
seq-09/frame-000667,1,0.08265652,2.716717,1776,810,602,0.90,119.05,105.73,15.91,241.59,0.998977991,0.025678578,0.026945922,-0.025641781,0.6494295,-0.1388442,0.6490853
seq-09/frame-000668,1,0.06889347,2.511113,1764,691,476,7.52,105.96,102.65,21.86,237.99,0.998941300,0.024298140,0.030606554,-0.024271753,0.6506293,-0.1363564,0.6446409
seq-09/frame-000669,1,0.08794468,2.791641,2298,897,627,0.87,115.25,137.61,13.64,267.37,0.998783736,0.022777981,0.039357347,-0.019058126,0.6277451,-0.1371284,0.6650001
seq-09/frame-000670,1,0.09943849,2.973404,1428,580,384,0.79,95.90,84.11,9.04,189.85,0.998538034,0.023283743,0.045893756,-0.016535586,0.6089782,-0.1423588,0.6757453
seq-09/frame-000671,1,0.08423647,2.759304,1307,545,379,0.78,83.44,67.93,13.95,166.10,0.998301114,0.025829443,0.049096958,-0.017810490,0.6185643,-0.1472692,0.6806996
seq-09/frame-000672,1,0.08674349,2.868036,1994,835,614,1.25,106.60,119.83,14.36,242.03,0.997823067,0.029770160,0.056733966,-0.015624401,0.6058290,-0.1379874,0.6884185
seq-09/frame-000673,1,0.09564005,3.075881,2162,763,490,1.65,99.38,135.66,17.94,254.64,0.997381616,0.031677314,0.063740159,-0.012792613,0.5876773,-0.1395153,0.7009662
seq-09/frame-000674,1,0.08356896,2.701914,1269,619,462,0.79,90.35,69.50,9.77,170.42,0.997368792,0.029644644,0.064787061,-0.013391204,0.5935148,-0.1521500,0.7004970
seq-09/frame-000675,1,0.06538045,2.496065,1010,508,383,2.37,78.23,60.63,13.59,154.82,0.996785196,0.036810173,0.070207838,-0.011625111,0.6052738,-0.1246827,0.7093019
seq-09/frame-000676,1,0.06508555,2.402101,1347,619,470,0.79,94.00,76.88,9.05,180.72,0.996051820,0.035243771,0.081216168,-0.006525493,0.5897720,-0.1274296,0.7116988
seq-09/frame-000677,1,0.07266311,2.316934,1436,626,454,1.83,89.89,82.26,16.16,190.14,0.995396270,0.031737236,0.090368931,-0.003531218,0.5740399,-0.1399842,0.7235937
seq-09/frame-000678,1,0.06882021,2.224105,847,453,315,1.68,81.42,59.31,14.75,157.16,0.994759063,0.031760073,0.097077447,-0.004655496,0.5747176,-0.1390295,0.7298547
seq-09/frame-000679,1,0.06899640,2.205346,847,453,315,0.82,74.65,51.78,16.10,143.34,0.994759063,0.031760073,0.097077447,-0.004655496,0.5747176,-0.1390295,0.7298547
seq-09/frame-000680,1,0.07193269,2.292675,785,406,297,1.44,77.45,51.10,18.10,148.10,0.993405179,0.032510374,0.109950691,-0.000265437,0.5636335,-0.1468765,0.7402269
seq-09/frame-000681,1,0.06995644,2.252602,568,307,238,1.73,71.24,37.85,10.37,121.19,0.991893727,0.036164060,0.121794504,0.002257126,0.5584287,-0.1321029,0.7437718
seq-09/frame-000682,1,0.07461005,2.348665,434,210,152,1.74,69.87,29.01,10.71,111.34,0.989764136,0.031551649,0.139163924,0.002202575,0.5342342,-0.1430795,0.7392891
seq-09/frame-000683,1,0.04270846,1.553127,572,263,176,0.76,61.54,30.38,15.04,107.72,0.988325055,0.028081730,0.149742311,0.001497747,0.5653327,-0.1449507,0.7482320
seq-09/frame-000684,1,0.06759301,2.308161,458,230,169,0.76,66.12,21.86,10.79,99.52,0.984328538,0.026463617,0.174325250,0.002777482,0.5163511,-0.1483933,0.7603962
seq-09/frame-000685,1,0.05863256,1.931037,478,216,164,0.72,48.06,27.07,9.48,85.33,0.982033633,0.027147534,0.186734560,0.001777452,0.5220337,-0.1300409,0.7715006
seq-09/frame-000686,1,0.05225745,1.566538,991,432,313,0.80,79.09,48.80,7.50,136.20,0.980061691,0.022307950,0.197434718,-0.000984425,0.5263625,-0.1316878,0.7840763
seq-09/frame-000687,1,0.05790054,1.697160,799,367,278,0.76,74.04,33.49,14.38,122.68,0.977103660,0.016954304,0.212086927,-0.000353232,0.4912383,-0.1394859,0.7954166
seq-09/frame-000688,1,0.05701410,1.684716,626,278,199,0.75,63.59,33.73,12.19,110.26,0.974128213,0.012046887,0.225674750,0.000063112,0.4790280,-0.1447888,0.8067336
seq-09/frame-000689,1,0.04378750,1.269905,1110,450,344,0.79,66.20,52.04,7.89,126.92,0.971582174,0.007399235,0.236578365,-0.002001825,0.4858866,-0.1514463,0.8130125
seq-09/frame-000690,1,0.04898213,1.270968,1663,655,435,0.80,93.15,95.54,21.71,211.20,0.968516941,0.007348522,0.248822218,-0.002904798,0.4681661,-0.1533321,0.8293038
seq-09/frame-000691,1,0.04683784,1.210620,2203,927,691,0.85,95.06,114.86,13.71,224.48,0.966453523,0.009898676,0.256637849,-0.002572780,0.4527325,-0.1531853,0.8399310
seq-09/frame-000692,1,0.03667099,1.013382,1364,669,514,0.81,81.89,75.19,6.42,164.31,0.964420855,0.005300171,0.264316508,-0.001051874,0.4332439,-0.1763306,0.8453214
seq-09/frame-000693,1,0.05191582,1.536440,1127,542,411,0.78,71.78,61.16,22.85,156.57,0.961069274,0.012823023,0.275999656,0.002368719,0.4294121,-0.1455834,0.8615561
seq-09/frame-000694,1,0.03015802,0.862406,1473,806,610,0.91,84.67,75.86,12.89,174.32,0.958809407,0.006557866,0.283765867,0.010883429,0.4182132,-0.1568108,0.8613302
seq-09/frame-000695,1,0.02634560,0.667667,2271,1192,953,0.83,107.57,129.64,19.22,257.26,0.957320347,0.000214637,0.288635660,0.015071906,0.3963547,-0.1755473,0.8780682
seq-09/frame-000696,1,0.03319848,0.736629,2107,1098,869,1.57,103.11,120.89,12.62,238.19,0.956381807,0.001314767,0.291913978,0.010878446,0.3891300,-0.1719395,0.8931878
seq-09/frame-000697,1,0.03000397,0.884157,2011,1244,1029,0.98,105.71,119.57,21.82,248.08,0.954264496,0.000819981,0.298745112,0.011399882,0.3690889,-0.1789820,0.9015549
seq-09/frame-000698,1,0.02707590,0.740245,2436,1408,1163,1.74,112.82,150.65,14.35,279.56,0.953178679,0.000855954,0.301939624,0.016796907,0.3562587,-0.1805759,0.9118674
seq-09/frame-000699,1,0.02637104,0.595198,1919,951,732,0.86,103.88,106.67,11.32,222.74,0.952351747,0.001945227,0.304454390,0.018162899,0.3528964,-0.1823641,0.9200152
seq-09/frame-000700,1,0.02650846,0.650955,2107,1157,941,2.01,109.80,124.77,14.47,251.04,0.949880505,0.002523996,0.312069188,0.018261357,0.3343110,-0.1899810,0.9341279
seq-09/frame-000701,1,0.02539717,0.692373,2280,1354,1108,0.87,115.41,140.85,15.96,273.10,0.947981433,0.004883038,0.317573288,0.021320542,0.3188931,-0.1888752,0.9430406
seq-09/frame-000702,1,0.02496322,0.612114,2301,1438,1215,1.52,117.94,120.07,24.23,263.88,0.946613737,0.006727369,0.321332882,0.024947048,0.3093536,-0.1864957,0.9521948
seq-09/frame-000703,1,0.02452566,0.713202,2016,1343,1133,0.88,115.42,122.46,25.88,264.63,0.945199582,0.005695254,0.325496650,0.024844415,0.2897620,-0.1934597,0.9645952
seq-09/frame-000704,1,0.01915284,0.600656,1583,1076,925,1.29,100.04,84.49,33.53,219.35,0.945361706,0.006831299,0.325229630,0.021685633,0.2807930,-0.1955019,0.9689985
seq-09/frame-000705,1,0.01944190,0.636221,1851,1234,1033,0.84,101.12,112.53,24.61,239.10,0.944432491,0.008132130,0.328059541,0.018922895,0.2604495,-0.1985673,0.9797814
seq-09/frame-000706,1,0.01342862,0.550110,1845,1174,981,1.61,117.42,109.73,43.53,272.31,0.943676159,0.010225691,0.330120378,0.019780731,0.2547933,-0.1992930,0.9780805
seq-09/frame-000707,1,0.02297851,0.781818,1424,925,781,1.18,92.67,85.09,16.65,195.59,0.939385111,0.011549006,0.342037881,0.020792334,0.2282183,-0.2063814,0.9978142
seq-09/frame-000708,1,0.01909149,0.593419,1089,611,499,1.09,88.53,62.35,22.51,174.47,0.936550858,0.014959357,0.349451176,0.023077752,0.2023996,-0.2172044,1.0040993
seq-09/frame-000709,1,0.01075387,0.343708,1470,836,676,1.12,93.50,81.89,22.27,198.79,0.935955279,0.020829017,0.350830917,0.021714852,0.1996730,-0.2124500,1.0051234
seq-09/frame-000710,1,0.00969680,0.300951,1766,1150,951,1.74,104.45,108.09,15.21,229.49,0.933982866,0.024023477,0.355982416,0.019375210,0.1799134,-0.2110857,0.9978321
seq-09/frame-000711,1,0.02971471,0.886351,1413,1002,861,0.85,91.38,87.00,16.68,195.91,0.929055844,0.023854795,0.368728778,0.018035388,0.1335833,-0.2190307,1.0339974
seq-09/frame-000712,1,0.00566710,0.448950,1778,1146,988,0.86,100.57,109.11,16.43,226.98,0.930401652,0.026882389,0.365076957,0.018679382,0.1356352,-0.2205555,1.0142700
seq-09/frame-000713,1,0.01002678,0.627305,1846,1223,1060,1.42,109.34,109.51,18.73,239.01,0.927629541,0.026976571,0.372302010,0.012919482,0.1029355,-0.2175894,1.0291282
seq-09/frame-000714,1,0.01349379,0.555122,1809,1235,1052,0.87,117.85,103.66,15.30,237.68,0.925466121,0.027258887,0.377622902,0.013052037,0.0786720,-0.2225084,1.0327982
seq-09/frame-000715,1,0.01180152,0.447284,1462,1031,898,0.85,93.24,81.75,26.47,202.31,0.919777420,0.029386309,0.390974156,0.016886452,0.0370633,-0.2232883,1.0436467
seq-09/frame-000716,1,0.01148940,0.410313,1752,1206,1033,1.11,111.10,96.05,23.91,232.18,0.916524760,0.030570624,0.398420642,0.017572544,0.0155691,-0.2201191,1.0499547
seq-09/frame-000717,1,0.01739138,0.545676,1485,947,808,1.54,91.37,91.90,11.11,195.93,0.913536086,0.032483024,0.404851721,0.022175578,-0.0113061,-0.2203634,1.0569908
seq-09/frame-000718,1,0.01536794,0.383110,1518,941,797,0.85,102.03,100.19,14.59,217.67,0.911165941,0.034321850,0.409523270,0.029821634,-0.0293488,-0.2186668,1.0589300
seq-09/frame-000719,1,0.03540401,0.861147,1899,1040,868,3.53,103.07,125.93,27.13,259.66,0.905995243,0.031636751,0.420748669,0.033797835,-0.0805171,-0.2233581,1.0851089
seq-09/frame-000720,1,0.03447248,0.799047,1858,1045,855,0.88,117.37,127.32,17.12,262.70,0.904621499,0.030066064,0.423866281,0.033065858,-0.0972026,-0.2223810,1.0885691
seq-09/frame-000721,1,0.03496636,0.842578,1890,1073,865,1.00,109.64,126.81,16.04,253.50,0.902661454,0.027970479,0.428089834,0.034044775,-0.1130745,-0.2254800,1.0940342
seq-09/frame-000722,1,0.02854613,0.770451,1702,994,856,1.78,96.35,114.79,22.28,235.20,0.897472397,0.026736242,0.438490107,0.039432173,-0.1405565,-0.2289596,1.0933252
seq-09/frame-000723,1,0.03018223,0.745032,2037,1103,908,0.97,111.12,124.92,13.55,250.56,0.894860889,0.028467160,0.443450968,0.042010113,-0.1502359,-0.2247720,1.1098955
seq-09/frame-000724,1,0.02719417,0.695699,2041,1109,931,1.04,129.13,123.16,31.46,284.80,0.892889580,0.028984956,0.447228557,0.043528017,-0.1579575,-0.2260425,1.1167301
seq-09/frame-000725,1,0.02547768,0.968777,1824,1128,953,1.30,108.14,117.78,14.63,241.85,0.890564413,0.031049559,0.451546433,0.045130578,-0.1726391,-0.2232045,1.1286024
seq-09/frame-000726,1,0.01752906,0.616910,1811,995,828,0.93,110.65,101.45,12.09,225.12,0.890395568,0.031934412,0.451928455,0.044006788,-0.1887370,-0.2199536,1.1245982
seq-09/frame-000727,1,0.01679345,0.471144,1715,962,803,1.82,108.94,114.55,10.54,235.84,0.887667119,0.032549749,0.457153346,0.044703663,-0.1962077,-0.2186975,1.1328554
seq-09/frame-000728,1,0.01664183,0.553208,1669,946,780,1.89,105.60,116.49,8.69,232.67,0.880749935,0.033433344,0.470017376,0.047385960,-0.2264554,-0.2144124,1.1463772
seq-09/frame-000729,1,0.01455964,0.529155,1857,1065,896,1.53,109.59,113.31,9.01,233.45,0.878690592,0.031054267,0.474025814,0.047307545,-0.2286339,-0.2154579,1.1530354
seq-09/frame-000730,1,0.01249308,0.526675,1573,891,737,1.73,104.16,108.05,19.26,233.21,0.875767677,0.030418137,0.479622723,0.045472599,-0.2417775,-0.2168521,1.1530156
seq-09/frame-000731,1,0.01525801,0.477405,1812,1001,842,1.10,102.18,120.50,13.81,237.59,0.868752137,0.031063289,0.492012972,0.047202027,-0.2559323,-0.2140906,1.1733679
seq-09/frame-000732,1,0.01992373,0.578434,1248,723,605,1.63,91.21,74.71,16.16,183.71,0.865288587,0.030792653,0.498225409,0.045813925,-0.2631678,-0.2159833,1.1783670
seq-09/frame-000733,1,0.03944829,1.440274,1211,698,596,0.92,88.71,75.27,11.31,176.23,0.860849621,0.031598491,0.505962422,0.044062372,-0.2688348,-0.2152466,1.1835547
seq-09/frame-000734,1,0.03206419,0.879474,678,408,311,0.78,79.08,39.44,12.51,131.82,0.849101757,0.027036908,0.525617860,0.044956396,-0.3214892,-0.2346435,1.1906008
seq-09/frame-000735,1,0.02964977,0.454831,734,419,323,3.61,76.80,36.83,15.78,133.02,0.840802907,0.031092133,0.538402938,0.046968364,-0.3081164,-0.2196303,1.2031340
seq-09/frame-000736,1,0.02604741,0.609580,633,362,288,2.92,69.54,39.45,8.58,120.49,0.822501733,0.028611360,0.565905389,0.049227847,-0.3390278,-0.2302352,1.2132418
seq-09/frame-000737,1,0.01365930,1.080012,591,368,288,2.00,63.33,33.73,18.38,117.44,0.808917648,0.026589509,0.585467213,0.046619518,-0.3636313,-0.2378608,1.2460452
seq-09/frame-000738,1,0.01103499,0.780593,750,476,381,2.59,67.80,43.03,6.89,120.30,0.790757514,0.030966461,0.609265502,0.050390279,-0.3816449,-0.2310279,1.2508405
seq-09/frame-000739,1,0.00736263,0.572931,874,510,398,1.14,72.90,65.23,11.51,150.79,0.781526343,0.033769601,0.620266500,0.057841675,-0.3872483,-0.2268851,1.2484784
seq-09/frame-000740,1,0.01589200,0.853890,939,589,468,0.78,82.93,57.67,13.03,154.42,0.770040268,0.035073198,0.633945383,0.062618747,-0.3993575,-0.2272013,1.2670911
seq-09/frame-000741,1,0.02080449,0.925362,1023,595,472,2.19,85.31,61.08,17.67,166.26,0.750072530,0.030546988,0.657427959,0.065165638,-0.4158773,-0.2299705,1.2828791
seq-09/frame-000742,1,0.02354062,0.926887,1255,711,555,0.78,90.26,83.08,10.85,184.98,0.739926265,0.031904408,0.668529855,0.067520846,-0.4212922,-0.2316152,1.2913428
seq-09/frame-000743,1,0.01306357,0.520648,1383,812,652,0.80,98.99,84.19,16.04,200.02,0.725159973,0.032167274,0.684028513,0.072203002,-0.4456897,-0.2508707,1.2891857
seq-09/frame-000744,1,0.01312009,0.552507,1348,782,641,1.03,95.10,85.99,11.55,193.68,0.716540394,0.035204942,0.693305548,0.068248759,-0.4484850,-0.2386983,1.3010085
seq-09/frame-000745,1,0.01489384,0.531919,1233,757,597,0.81,96.65,70.07,11.72,179.25,0.708023691,0.036286578,0.701812719,0.069603486,-0.4602408,-0.2397737,1.3093542
seq-09/frame-000746,1,0.02888763,0.828841,1710,1009,787,2.12,120.59,98.71,24.45,245.88,0.690939740,0.032429756,0.718201190,0.075747194,-0.4933314,-0.2572036,1.3145233
seq-09/frame-000747,1,0.01643951,0.688858,1938,1115,882,1.28,123.73,111.79,12.62,249.42,0.686916553,0.032782254,0.722167562,0.074464662,-0.4887135,-0.2450294,1.3154272
seq-09/frame-000748,1,0.02956441,0.752178,1761,1106,903,1.55,120.34,107.45,22.41,251.75,0.674991264,0.024045721,0.734238441,0.068574844,-0.5208916,-0.2554139,1.3529982
seq-09/frame-000749,1,0.03015250,0.834492,1716,1007,791,0.81,115.61,94.14,10.44,221.00,0.667313594,0.023209212,0.741284278,0.068202038,-0.5279711,-0.2550224,1.3666337
seq-09/frame-000750,1,0.03306573,0.799195,2290,1234,981,0.82,128.38,144.71,33.56,307.48,0.661463800,0.023553399,0.746443218,0.068799721,-0.5438809,-0.2538584,1.3746724
seq-09/frame-000751,1,0.02908549,0.862233,2285,1224,981,0.85,129.15,191.05,17.06,338.11,0.652710180,0.018517336,0.755118728,0.058499873,-0.5464870,-0.2470715,1.4070069
seq-09/frame-000752,1,0.03848867,1.102614,2611,1429,1175,1.61,136.44,197.74,17.26,353.05,0.650527483,0.016113660,0.757613905,0.050749541,-0.5630540,-0.2445803,1.4257896
seq-09/frame-000753,1,0.03932343,1.089135,2216,1319,1075,1.02,137.44,140.85,13.07,292.39,0.648265550,0.014422962,0.759615724,0.050276294,-0.5775033,-0.2478767,1.4337698
seq-09/frame-000754,1,0.04612587,1.226597,2546,1462,1223,13.44,143.30,172.07,23.08,351.89,0.639274695,0.017752928,0.767145126,0.050010532,-0.5986882,-0.2425463,1.4668602
seq-09/frame-000755,1,0.03155170,0.983627,2106,1282,1066,0.79,148.02,152.10,14.46,315.37,0.637935932,0.017331039,0.768269467,0.049994084,-0.6077209,-0.2363418,1.4636168
seq-09/frame-000756,1,0.03312581,1.019890,2168,1286,1057,0.81,136.53,142.21,21.03,300.58,0.632603954,0.016803054,0.772610808,0.051014052,-0.6191616,-0.2380814,1.4770725
seq-09/frame-000757,1,0.01876048,0.861925,1726,1042,853,0.78,133.90,101.50,15.30,251.48,0.628061253,0.017598086,0.776132468,0.053364424,-0.6326990,-0.2381557,1.4850318
seq-09/frame-000758,1,0.03636986,0.977676,2738,1473,1203,3.03,154.77,170.28,11.68,339.75,0.618670134,0.019563198,0.783378464,0.056415688,-0.6459359,-0.2353500,1.5114777
seq-09/frame-000759,1,0.02406190,0.800799,2442,1482,1229,1.83,137.63,149.88,19.53,308.87,0.619429184,0.019637470,0.782750393,0.056777449,-0.6576321,-0.2378806,1.5042270
seq-09/frame-000760,1,0.03144590,0.952020,2575,1564,1324,2.29,133.74,145.59,8.85,290.48,0.613376649,0.025356229,0.787112072,0.059839240,-0.6747993,-0.2330165,1.5212040
seq-09/frame-000761,1,0.03273105,0.884334,2406,1439,1196,0.83,130.52,131.70,9.59,272.65,0.611309765,0.027318800,0.788422941,0.062795864,-0.6865653,-0.2344133,1.5243096
seq-09/frame-000762,1,0.02997855,0.809740,2640,1584,1300,1.68,134.31,143.42,10.63,290.05,0.609530227,0.026427260,0.789729641,0.064043708,-0.6925122,-0.2353800,1.5271345
seq-09/frame-000763,1,0.03130991,0.737924,2381,1522,1273,0.84,126.52,137.69,14.46,279.51,0.611185786,0.024852624,0.788543881,0.063504562,-0.6993515,-0.2385739,1.5327195
seq-09/frame-000764,1,0.03063827,0.764327,2409,1506,1274,0.83,117.73,126.33,13.36,258.24,0.614114044,0.024639017,0.786501219,0.060602743,-0.7076407,-0.2403533,1.5309739
seq-09/frame-000765,1,0.03669612,0.867821,2389,1630,1368,0.81,132.97,132.49,13.86,280.13,0.615450266,0.025184939,0.785678825,0.057406205,-0.7172785,-0.2386562,1.5342354
seq-09/frame-000766,1,0.06198795,2.069891,1010,756,620,0.92,86.74,64.37,10.35,162.38,0.616838572,0.026786459,0.784530810,0.057481035,-0.7278778,-0.2335182,1.5526408
seq-09/frame-000767,1,0.04692986,0.844467,1184,823,676,0.73,89.97,67.76,7.70,166.16,0.631293262,0.021589266,0.773350947,0.054139021,-0.7287001,-0.2368078,1.5387695
seq-09/frame-000768,1,0.04966068,0.888032,1045,742,587,0.88,80.64,67.19,13.09,161.81,0.637368668,0.021630232,0.768605765,0.050383447,-0.7425723,-0.2374369,1.5422611
seq-09/frame-000769,1,0.05778309,0.480957,1182,878,716,0.76,74.26,53.99,17.92,146.93,0.646299967,0.026891026,0.760951863,0.050254233,-0.7601359,-0.2417064,1.5491496
seq-09/frame-000770,1,0.04995195,0.892798,1461,1112,916,1.09,80.34,76.71,11.32,169.47,0.652559241,0.027345917,0.755609559,0.049727577,-0.7693692,-0.2427794,1.5414788
seq-09/frame-000771,1,0.04785422,0.962721,1683,1289,1069,0.75,84.84,84.59,16.81,186.99,0.656686132,0.025305542,0.752191103,0.048285595,-0.7794920,-0.2420361,1.5404904
seq-09/frame-000772,1,0.05238841,1.100535,2028,1480,1240,0.79,94.84,85.81,12.63,194.08,0.664859897,0.026797235,0.744756874,0.050797876,-0.7964121,-0.2498202,1.5402804
seq-09/frame-000773,1,0.05505900,1.146407,2076,1533,1307,0.83,113.59,106.77,18.06,239.25,0.666388439,0.027932083,0.743278374,0.051802570,-0.8068451,-0.2495252,1.5448480
seq-09/frame-000774,1,0.06595779,1.134465,1015,683,534,1.04,84.57,46.95,12.84,145.39,0.674753038,0.026522586,0.735514331,0.054986903,-0.8167729,-0.2551770,1.5582834
seq-09/frame-000775,1,0.04674415,0.935738,1256,839,644,0.77,84.27,60.68,6.84,152.55,0.683625793,0.024017518,0.727313267,0.055626840,-0.8236484,-0.2614069,1.5436342
seq-09/frame-000776,1,0.05402682,1.235421,1626,1202,994,0.80,89.51,90.41,11.17,191.90,0.691770655,0.025892824,0.719603255,0.054351439,-0.8404360,-0.2604303,1.5454610
seq-09/frame-000777,1,0.05071553,1.308192,1775,1291,1063,3.16,87.31,79.40,21.89,191.76,0.694920174,0.026362119,0.716579332,0.053898534,-0.8485567,-0.2550546,1.5496977
seq-09/frame-000778,1,0.06162437,1.533902,1191,712,543,0.77,71.18,60.21,14.97,147.15,0.703609285,0.022532272,0.708027985,0.055880614,-0.8603522,-0.2642351,1.5703968
seq-09/frame-000779,1,0.05831778,1.277457,1033,628,451,0.95,79.83,58.30,11.38,150.46,0.711922546,0.022215916,0.699647831,0.056264141,-0.8561915,-0.2599939,1.5646333
seq-09/frame-000780,1,0.06794806,1.598099,1188,656,483,0.76,74.17,51.47,19.35,145.75,0.726567328,0.021035702,0.684835194,0.051557487,-0.8601526,-0.2608016,1.5720693
seq-09/frame-000781,1,0.05453251,1.414676,1332,849,678,1.09,92.03,87.34,12.40,192.88,0.733879216,0.020339418,0.677166568,0.049528218,-0.8679420,-0.2637336,1.5627329
seq-09/frame-000782,1,0.05690398,1.371297,1359,846,670,0.86,76.75,79.10,11.54,168.26,0.744216778,0.019981725,0.665901842,0.048133712,-0.8770607,-0.2642968,1.5724548
seq-09/frame-000783,1,0.04544319,1.152224,1553,1032,834,0.80,77.98,75.97,7.30,162.06,0.755798544,0.015407282,0.653118386,0.044357082,-0.8833425,-0.2669492,1.5678741
seq-09/frame-000784,1,0.03670176,0.996848,1341,848,677,0.80,65.49,62.08,12.42,140.79,0.761052131,0.013931449,0.647099973,0.043211023,-0.8924497,-0.2737596,1.5668040
seq-09/frame-000785,1,0.03474909,1.044543,1470,1033,847,0.82,78.59,74.53,15.28,169.22,0.765647305,0.014333518,0.641734021,0.041907046,-0.8973807,-0.2694840,1.5690887
seq-09/frame-000786,1,0.03251633,1.038832,1789,1293,1088,0.83,88.32,87.84,10.21,187.20,0.772260329,0.014822655,0.633708361,0.042520426,-0.9085053,-0.2689474,1.5732947
seq-09/frame-000787,1,0.02973891,1.097183,2455,1772,1516,0.86,100.89,150.16,15.68,267.60,0.774454165,0.014022643,0.631070189,0.042125149,-0.9186512,-0.2715954,1.5751979
seq-09/frame-000788,1,0.02713190,1.093891,2454,1759,1495,0.85,96.44,145.34,12.72,255.36,0.776864361,0.011707332,0.628037788,0.043740592,-0.9332704,-0.2706136,1.5801000
seq-09/frame-000789,1,0.02110909,0.937134,2422,1654,1377,0.87,101.29,141.36,15.89,259.41,0.778111906,0.010734864,0.626361679,0.045800332,-0.9428457,-0.2724273,1.5766222
seq-09/frame-000790,1,0.02573746,0.955573,2556,1646,1345,0.87,120.20,151.00,15.10,287.18,0.778976355,0.006656727,0.625031781,0.049867809,-0.9512325,-0.2669198,1.5851073
seq-09/frame-000791,1,0.01412428,0.894874,2629,1629,1338,0.90,129.77,151.07,14.11,295.85,0.779225705,0.003166756,0.624695669,0.050523190,-0.9579770,-0.2690114,1.5753680
seq-09/frame-000792,1,0.00373838,1.038440,2207,1285,962,0.87,111.20,124.42,10.82,247.32,0.778570533,-0.000906591,0.625273023,0.053485984,-0.9820992,-0.2692759,1.5693687
seq-09/frame-000793,1,0.00805254,1.029691,2720,1635,1294,1.21,104.73,161.82,15.57,283.34,0.776691440,-0.003665309,0.627392900,0.055813273,-0.9817663,-0.2666232,1.5752215
seq-09/frame-000794,1,0.01715535,0.942784,2902,1839,1469,0.99,110.95,163.72,17.65,293.31,0.774100867,-0.002097969,0.630302606,0.059009081,-0.9861148,-0.2632417,1.5834310
seq-09/frame-000795,1,0.01808821,0.971327,2668,1617,1297,0.94,112.53,165.64,14.51,293.62,0.773127860,-0.000588791,0.631121441,0.062918142,-0.9961920,-0.2559259,1.5827758
seq-09/frame-000796,1,0.01652188,0.985745,2619,1583,1260,0.92,120.18,148.28,19.05,288.44,0.774608707,-0.001077653,0.628893956,0.066877367,-1.0019984,-0.2562657,1.5778961
seq-09/frame-000797,1,0.01619609,1.056742,3205,1861,1471,1.03,142.91,178.50,35.35,357.79,0.777293886,-0.002208781,0.625285833,0.069476351,-1.0124212,-0.2571346,1.5622694
seq-09/frame-000798,1,0.02102624,1.233961,2974,1665,1336,1.85,138.81,172.45,20.44,333.55,0.776340754,-0.002140647,0.626397590,0.070117834,-1.0179252,-0.2522132,1.5641630
seq-09/frame-000799,1,0.01853944,1.240826,3196,1818,1401,1.04,134.52,192.43,37.84,365.83,0.777398084,-0.004641642,0.624877302,0.071826397,-1.0261831,-0.2547049,1.5538681
seq-09/frame-000800,1,0.03549872,1.267461,3173,1641,1223,2.35,145.30,180.54,55.14,383.34,0.782920768,-0.009375613,0.617890890,0.071819339,-1.0352303,-0.2561879,1.5026403
seq-09/frame-000801,1,0.03325213,1.161731,3352,1705,1296,2.14,145.47,242.67,19.53,409.82,0.781705815,-0.010928121,0.619396492,0.071865016,-1.0387958,-0.2530374,1.5029506
seq-09/frame-000802,1,0.02727792,1.285033,3301,1763,1352,1.09,146.46,251.44,19.62,418.61,0.778417115,-0.009538769,0.623227952,0.074583685,-1.0533429,-0.2544663,1.5093382
seq-09/frame-000803,1,0.02520449,1.380539,3290,1839,1397,1.73,140.53,240.87,14.54,397.67,0.777335280,-0.007304519,0.624535811,0.075176639,-1.0619802,-0.2574281,1.5058198
seq-09/frame-000804,1,0.04855075,1.322191,2797,1326,980,1.00,122.09,210.40,14.69,348.19,0.785615280,-0.003180092,0.614057670,0.075707972,-1.0560000,-0.2634024,1.4458378
seq-09/frame-000805,1,0.04419032,1.182574,2864,1431,1065,1.67,126.58,227.67,22.45,378.37,0.788210874,-0.001458293,0.611147806,0.072248534,-1.0610638,-0.2524793,1.4476606
seq-09/frame-000806,1,0.03205311,1.631137,3058,1481,1099,1.01,134.85,204.73,23.68,364.27,0.792331724,-0.005410076,0.606261087,0.068034284,-1.0835584,-0.2729609,1.4289444
seq-09/frame-000807,1,0.02456995,1.378063,2944,1446,1105,1.09,183.69,152.37,19.84,357.00,0.793468709,-0.001486851,0.604886740,0.067210332,-1.0890225,-0.2664269,1.4248232
seq-09/frame-000808,1,0.05315338,1.329521,3369,1413,982,1.32,187.78,169.36,12.34,370.81,0.798605076,0.000656782,0.597616344,0.071303622,-1.0891793,-0.2774675,1.3735604
seq-09/frame-000809,1,0.02586089,1.266868,3177,1462,1062,1.32,159.86,152.44,28.98,342.60,0.796546759,0.001090786,0.600882638,0.066724254,-1.1047946,-0.2648803,1.3924432
seq-09/frame-000810,1,0.06397555,1.385855,3320,1616,1210,2.28,150.42,170.80,27.38,350.87,0.803623456,0.001678295,0.591141349,0.068836250,-1.0923539,-0.2758728,1.3314765
seq-09/frame-000811,1,0.06913204,1.446417,3370,1655,1243,1.19,140.59,212.54,43.87,398.19,0.804910444,-0.000665100,0.589540593,0.067532397,-1.1002695,-0.2788212,1.3062537
seq-09/frame-000812,1,0.06322543,1.431800,2830,1276,908,1.14,125.57,153.39,8.58,288.67,0.804543408,-0.002158405,0.590378201,0.064488959,-1.1059292,-0.2742677,1.3018798
seq-09/frame-000813,1,0.06764858,1.399641,3105,1424,1026,1.22,124.34,173.46,22.72,321.75,0.803409545,-0.001170273,0.591378308,0.069306788,-1.1180362,-0.2872876,1.2726509
seq-09/frame-000814,1,0.06616818,1.348317,3160,1643,1232,1.28,121.34,228.79,23.39,374.80,0.804769618,-0.000453036,0.589687347,0.067930036,-1.1224549,-0.2817671,1.2601957
seq-09/frame-000815,1,0.07371096,1.442128,2818,1424,1032,0.91,121.10,177.03,58.07,357.11,0.804099105,-0.006436132,0.590884351,0.065106751,-1.1341762,-0.3063854,1.2189609
seq-09/frame-000816,1,0.07557196,1.321201,2972,1529,1134,0.96,125.02,210.38,22.00,358.37,0.803575093,-0.003788937,0.591602388,0.065263525,-1.1310747,-0.2963821,1.2080089
seq-09/frame-000817,1,0.07946747,1.529746,2448,1124,811,4.15,94.44,210.18,19.75,328.51,0.802523871,-0.010480616,0.593570179,0.059329893,-1.1509274,-0.3229651,1.1743116
seq-09/frame-000818,1,0.07203705,1.383180,3309,1542,1159,0.99,176.01,465.11,75.67,717.79,0.801546978,-0.011092968,0.595100737,0.057048231,-1.1526272,-0.3244841,1.1670050
seq-09/frame-000819,1,0.07288168,1.531035,3437,1556,1150,1.04,160.65,508.34,48.04,718.07,0.804136362,-0.014920940,0.591764243,0.054379749,-1.1576400,-0.3303036,1.1482768
seq-09/frame-000820,1,0.08121451,1.589104,3238,1454,1043,0.97,211.56,655.83,13.88,882.26,0.806318363,-0.016402476,0.588872033,0.053022498,-1.1465590,-0.3324652,1.1315653
seq-09/frame-000821,1,0.07318814,1.507492,3351,1588,1120,1.33,204.16,674.82,76.91,957.22,0.807558520,-0.017730488,0.587483625,0.048967914,-1.1631544,-0.3401507,1.1095373
seq-09/frame-000822,1,0.05951757,1.256313,3030,1402,1049,1.35,169.54,603.92,16.32,791.15,0.808083990,-0.019312829,0.586874399,0.046965084,-1.1635860,-0.3360801,1.1122502
seq-09/frame-000823,1,0.08306028,1.614487,3424,1509,1086,1.09,187.89,631.45,24.49,844.92,0.814307820,-0.025047583,0.577882151,0.048245341,-1.1547152,-0.3513349,1.0692811
seq-09/frame-000824,1,0.08076935,1.573350,3412,1484,1076,1.36,220.04,579.50,12.63,813.53,0.815123280,-0.025678803,0.576733430,0.047887243,-1.1502221,-0.3562529,1.0621946
seq-09/frame-000825,1,0.08386175,1.672233,3428,1505,1100,1.32,419.70,378.31,23.46,822.79,0.817902031,-0.028762436,0.573118289,0.041766224,-1.1515170,-0.3639684,1.0327790
seq-09/frame-000826,1,0.07104751,1.344120,2862,1043,656,1.48,314.75,440.99,20.66,777.89,0.816803364,-0.031354111,0.574740420,0.039020956,-1.1538695,-0.3722245,1.0331204
seq-09/frame-000827,1,0.07991237,1.473945,2780,1536,1171,1.82,499.96,206.26,28.42,736.65,0.816837037,-0.030749509,0.575054054,0.033831315,-1.1418933,-0.3833761,0.9997060
seq-09/frame-000828,1,0.07040130,1.264095,2450,907,610,3.57,223.48,157.96,13.23,398.25,0.815917065,-0.031026940,0.576567057,0.029784250,-1.1520719,-0.3869293,0.9917912
seq-09/frame-000829,1,0.07095303,1.259631,1903,884,622,4.39,200.03,113.53,26.99,344.94,0.813073461,-0.033499045,0.580749988,0.022777462,-1.1469439,-0.4036042,0.9685852
seq-09/frame-000830,1,0.06648777,1.401265,2037,1037,754,0.90,111.92,131.21,15.05,259.08,0.809496526,-0.035363011,0.585773796,0.018272681,-1.1650536,-0.4185268,0.9673213
seq-09/frame-000831,1,0.07641949,1.484858,3004,1714,1392,1.19,164.50,168.41,17.63,351.73,0.810060916,-0.030925718,0.585355448,0.014279761,-1.1337393,-0.4113723,0.9282578
seq-09/frame-000832,1,0.07482307,1.466851,2853,1535,1175,1.33,159.13,158.73,17.30,336.49,0.809994510,-0.029733281,0.585531033,0.013350470,-1.1316505,-0.4116888,0.9212363
seq-09/frame-000833,1,0.07678840,1.497825,2174,1136,863,0.91,151.98,120.76,24.05,297.70,0.808993803,-0.026615038,0.587125171,0.010232330,-1.1202662,-0.4198183,0.9038930
seq-09/frame-000834,1,0.06134838,1.271279,2714,1540,1221,0.97,149.56,138.79,22.28,311.60,0.810531805,-0.020176330,0.585305794,0.006945220,-1.1196777,-0.3979740,0.8945510
seq-09/frame-000835,1,0.06521782,1.322991,2611,1533,1247,1.04,149.04,161.50,15.57,327.16,0.813596578,-0.021632193,0.580978893,0.007495447,-1.1078821,-0.3995742,0.8796484
seq-09/frame-000836,1,0.07216493,1.400085,2448,1449,1149,1.37,131.55,136.95,16.55,286.42,0.817299474,-0.021064651,0.575801786,0.005491317,-1.0924257,-0.4079364,0.8649827
seq-09/frame-000837,1,0.07130281,1.469937,2601,1568,1254,6.18,153.68,131.21,15.31,306.38,0.819102366,-0.017235561,0.573353884,0.006290774,-1.0937972,-0.4062841,0.8522433
seq-09/frame-000838,1,0.07253471,1.474576,2709,1638,1350,1.09,135.51,132.90,15.02,284.53,0.824587425,-0.015509059,0.565517034,0.002351879,-1.0758582,-0.3990786,0.8250073
seq-09/frame-000839,1,0.07023641,1.381897,2591,1608,1320,1.68,117.40,144.99,28.37,292.45,0.825120003,-0.011933541,0.564818648,0.003803289,-1.0669389,-0.3917353,0.8187506
seq-09/frame-000840,1,0.06722237,1.397495,2462,1505,1237,1.22,104.95,183.29,38.67,328.13,0.828930149,-0.010627505,0.559163402,0.009907279,-1.0629561,-0.3858771,0.8032675
seq-09/frame-000841,1,0.07127463,1.345172,2281,1460,1193,0.90,117.94,188.46,19.52,326.81,0.831193185,-0.011621102,0.555804306,0.008025702,-1.0485739,-0.3915285,0.7940304
seq-09/frame-000842,1,0.07114637,1.360869,2289,1499,1226,0.89,122.36,183.85,22.61,329.71,0.834617235,-0.005561233,0.550745920,0.007878856,-1.0351235,-0.3869059,0.7850787
seq-09/frame-000843,1,0.06653335,1.374963,2648,1622,1346,0.96,146.00,192.48,18.37,357.82,0.836345838,-0.004103058,0.548126343,0.008143553,-1.0432322,-0.3881499,0.7708339
seq-09/frame-000844,1,0.07173899,1.474899,1769,1136,924,1.13,119.39,145.63,12.85,279.00,0.841789856,-0.002894795,0.539730520,0.008510261,-1.0151436,-0.3777433,0.7571437
seq-09/frame-000845,1,0.06948926,1.422430,2178,1446,1176,0.90,155.79,148.55,18.27,323.51,0.843982234,-0.003231161,0.536285159,0.009043083,-1.0140844,-0.3804125,0.7556700
seq-09/frame-000846,1,0.06930359,1.401501,1521,954,787,0.85,112.55,129.91,20.97,264.29,0.849012110,-0.000932251,0.528249979,0.011380999,-1.0021691,-0.3819289,0.7484735
seq-09/frame-000847,1,0.07049341,1.477329,1889,1207,999,1.36,169.36,120.63,16.55,307.90,0.854227972,-0.001088911,0.519837642,0.007887540,-0.9947774,-0.3781139,0.7317002
seq-09/frame-000848,1,0.06840277,1.309079,2338,1535,1291,0.95,183.84,143.70,15.12,343.62,0.857922100,-0.001037626,0.513700459,0.008968357,-0.9811691,-0.3783377,0.7249254
seq-09/frame-000849,1,0.06603062,1.224998,2144,1412,1197,6.29,162.65,130.58,11.73,311.26,0.859963733,0.000866358,0.510234266,0.011073468,-0.9753700,-0.3747643,0.7207315
seq-09/frame-000850,1,0.06530202,1.258669,1999,1368,1154,0.97,106.61,119.79,11.60,238.98,0.864549923,0.000026003,0.502492119,0.007422919,-0.9692191,-0.3819191,0.7124789
seq-09/frame-000851,1,0.07178456,1.334848,2209,1488,1267,0.93,122.19,139.26,19.87,282.25,0.867981187,0.001564321,0.496551685,0.006529617,-0.9543068,-0.3788176,0.6967814
seq-09/frame-000852,1,0.06101426,1.055705,1330,811,683,0.85,94.80,71.02,16.07,182.74,0.871191891,0.003791133,0.490891834,0.005960093,-0.9518101,-0.3803082,0.7038465
seq-09/frame-000853,1,0.06503214,1.285276,1121,707,573,1.21,88.42,63.10,23.79,176.52,0.875256480,0.005505236,0.483573741,0.007226629,-0.9496791,-0.3866192,0.6952633
seq-09/frame-000854,1,0.06420745,1.298434,1078,690,565,1.38,77.15,62.24,14.24,155.01,0.884468798,0.009782942,0.466475588,0.004445716,-0.9268634,-0.3797894,0.6760896
seq-09/frame-000855,1,0.06160864,1.331214,1016,651,526,0.95,79.41,57.87,15.90,154.13,0.889784741,0.011171715,0.456241350,0.001462353,-0.9204642,-0.3756973,0.6650338
seq-09/frame-000856,1,0.05347099,1.206549,1123,767,637,0.83,81.47,66.87,17.11,166.28,0.897808138,0.009049425,0.440288774,-0.002109537,-0.9154386,-0.3814764,0.6548832
seq-09/frame-000857,1,0.05596699,1.311359,1292,919,778,0.85,91.69,88.11,10.49,191.16,0.902506087,0.010002935,0.430556698,-0.001906606,-0.9050521,-0.3825776,0.6404091
seq-09/frame-000858,1,0.05048664,1.383934,1603,1233,1070,0.84,98.26,98.69,15.18,212.97,0.905404844,0.010756301,0.424383395,-0.005010457,-0.8968734,-0.3882124,0.6319651
seq-09/frame-000859,1,0.04404043,0.954318,1031,730,593,1.17,84.87,68.95,10.70,165.70,0.909784614,0.019295318,0.414627685,-0.001878951,-0.8900650,-0.3761603,0.6259213
seq-09/frame-000860,1,0.04507608,1.081781,1111,797,663,1.55,90.11,51.71,12.48,155.85,0.913277284,0.018636231,0.406908435,-0.001679213,-0.8933464,-0.3809961,0.6172716
seq-09/frame-000861,1,0.04667252,1.056910,1145,801,683,0.85,94.26,54.63,32.62,182.36,0.918104918,0.018936202,0.395835452,-0.006250885,-0.8849334,-0.3841993,0.6220403
seq-09/frame-000862,1,0.04771903,1.040664,1030,683,565,1.22,83.02,55.73,26.76,168.90,0.920220907,0.023482731,0.390674085,-0.003975239,-0.8815745,-0.3844697,0.6232797
seq-09/frame-000863,1,0.04847493,1.155692,1427,1117,988,2.90,86.44,121.20,52.13,262.67,0.926198800,0.029175163,0.375895471,-0.002680853,-0.8746032,-0.3807840,0.5922717
seq-09/frame-000864,1,0.04967912,1.181725,1075,795,674,1.98,89.83,78.95,64.34,235.10,0.928013421,0.029865984,0.371308377,-0.005403969,-0.8754250,-0.3769268,0.5975839
seq-09/frame-000865,1,0.04454042,1.099992,1032,725,625,4.60,75.13,77.62,22.26,179.60,0.932711520,0.036231730,0.358792672,-0.002073621,-0.8630983,-0.3732753,0.6002062
seq-09/frame-000866,1,0.05079151,1.307973,1230,947,823,1.47,101.60,259.64,22.89,385.60,0.934698915,0.037635659,0.353437222,-0.001903976,-0.8636743,-0.3757384,0.5963809
seq-09/frame-000867,1,0.04863291,1.195364,1195,909,793,1.03,116.27,248.48,17.23,383.02,0.936633934,0.039828109,0.348033309,-0.001846827,-0.8621881,-0.3723499,0.5893564
seq-09/frame-000868,1,0.04985127,1.244348,1365,985,838,0.89,149.62,228.21,11.91,390.64,0.939622456,0.044995755,0.339240825,0.000827803,-0.8577317,-0.3682829,0.5916859
seq-09/frame-000869,1,0.04862577,1.215481,1411,1066,936,0.90,175.20,187.85,13.78,377.73,0.941373343,0.047994853,0.333924312,0.002697611,-0.8565643,-0.3593028,0.5900720
seq-09/frame-000870,1,0.04962405,1.229537,1907,1457,1280,0.91,221.32,197.58,18.54,438.35,0.943756591,0.049995418,0.326817552,0.003773931,-0.8475877,-0.3601240,0.5842437
seq-09/frame-000871,1,0.04913071,1.233737,1852,1386,1229,1.09,274.38,126.81,17.22,419.52,0.944668169,0.052265324,0.323755615,0.007258617,-0.8449899,-0.3557762,0.5836398
seq-09/frame-000872,1,0.04842722,1.233890,1957,1507,1350,1.38,242.18,192.70,11.55,447.81,0.945677245,0.054052809,0.320440903,0.009511514,-0.8394174,-0.3526865,0.5811686
seq-09/frame-000873,1,0.05561975,1.409847,1965,1503,1334,1.42,252.09,133.72,16.73,403.97,0.947625766,0.054598813,0.314540649,0.009410520,-0.8355850,-0.3518648,0.5800576
seq-09/frame-000874,1,0.05281826,1.369297,2019,1525,1352,8.80,222.66,128.31,13.54,373.31,0.948304354,0.056308368,0.312145467,0.010650198,-0.8315458,-0.3480143,0.5786244
seq-09/frame-000875,1,0.04758872,1.269670,2017,1557,1365,1.80,209.31,132.29,15.00,358.40,0.949701894,0.059849424,0.307037420,0.014573305,-0.8245010,-0.3364557,0.5755787
seq-09/frame-000876,1,0.05396507,1.459139,1860,1460,1291,1.96,118.77,97.41,13.06,231.20,0.950383559,0.059125819,0.305121927,0.013260354,-0.8236661,-0.3369395,0.5812988
seq-09/frame-000877,1,0.05222593,1.393486,1880,1471,1281,0.92,115.24,109.46,9.42,235.05,0.951469339,0.059518666,0.301648113,0.013116469,-0.8210795,-0.3337786,0.5773934
seq-09/frame-000878,1,0.04928496,1.322755,2061,1565,1387,0.97,111.65,130.72,18.69,262.03,0.953315570,0.059241861,0.295741418,0.014725489,-0.8131498,-0.3273945,0.5774873
seq-09/frame-000879,1,0.04912314,1.313465,2156,1602,1408,0.97,111.59,107.75,17.03,237.35,0.953861689,0.059037012,0.294027887,0.014495209,-0.8088876,-0.3266890,0.5776395
seq-09/frame-000880,1,0.05062286,1.346802,1997,1514,1345,0.97,92.20,102.60,20.92,216.69,0.954323415,0.059452495,0.292420993,0.014905804,-0.8073670,-0.3216113,0.5808860
seq-09/frame-000881,1,0.04960927,1.335293,2126,1617,1451,0.95,95.33,94.92,12.32,203.52,0.955040120,0.059444084,0.290052900,0.015299855,-0.8029537,-0.3174451,0.5798241
seq-09/frame-000882,1,0.04774845,1.291244,2051,1563,1347,0.91,88.13,88.99,12.56,190.60,0.956147144,0.059003076,0.286378155,0.016994969,-0.7963881,-0.3115648,0.5808695
seq-09/frame-000883,1,0.04826387,1.344557,2149,1617,1443,0.91,108.12,101.95,15.59,226.58,0.956806592,0.057767617,0.284458354,0.016355219,-0.7938449,-0.3083501,0.5832656
seq-09/frame-000884,1,0.05215605,1.439864,2112,1634,1465,0.91,93.32,129.82,22.52,246.56,0.957478249,0.055968449,0.282568804,0.016056346,-0.7905021,-0.3120836,0.5870519
seq-09/frame-000885,1,0.05156750,1.504301,2003,1520,1345,0.90,97.89,109.22,23.00,231.02,0.958547783,0.055421951,0.278968540,0.017061922,-0.7887688,-0.3048995,0.5986805
seq-09/frame-000886,1,0.04963766,1.424553,2134,1621,1438,0.98,101.88,115.34,23.32,241.52,0.959458789,0.055008804,0.275863269,0.017672610,-0.7842922,-0.3041300,0.5963964
seq-09/frame-000887,1,0.05098592,1.484069,2212,1670,1457,0.99,98.56,130.56,19.84,249.95,0.959967437,0.054183698,0.274324196,0.016519154,-0.7813117,-0.3026433,0.5985701
seq-09/frame-000888,1,0.05177457,1.419295,1999,1536,1367,0.91,86.51,112.59,12.96,212.98,0.960386031,0.054290446,0.272732278,0.018119681,-0.7804482,-0.2988832,0.6088516
seq-09/frame-000889,1,0.05439528,1.497583,1918,1518,1314,0.91,90.10,117.00,11.41,219.42,0.960831011,0.054577411,0.271053735,0.018840032,-0.7793008,-0.3002649,0.6151517
seq-09/frame-000890,1,0.05035022,1.450217,2024,1523,1356,0.90,101.92,128.34,10.27,241.42,0.961637438,0.055217345,0.268036619,0.018996149,-0.7762763,-0.2958746,0.6110239
seq-09/frame-000891,1,0.05119521,1.615770,2099,1606,1417,0.91,109.61,133.36,16.17,260.05,0.962027668,0.054096516,0.266982753,0.017220418,-0.7766690,-0.2940129,0.6194601
seq-09/frame-000892,1,0.04994716,1.402846,1588,1180,1030,0.89,91.23,94.68,13.17,199.96,0.962870799,0.056034562,0.263365807,0.019452622,-0.7763380,-0.2890165,0.6261060
seq-09/frame-000893,1,0.04978908,1.419755,1519,1134,977,1.55,97.78,86.64,19.81,205.79,0.963833214,0.054472368,0.260009583,0.021291145,-0.7790806,-0.2873579,0.6274463
seq-09/frame-000894,1,0.05191286,1.581315,1741,1366,1171,0.86,98.67,111.25,9.92,220.70,0.964742489,0.052141543,0.257258998,0.019261288,-0.7804622,-0.2871368,0.6356832
seq-09/frame-000895,1,0.05246963,1.554346,1846,1386,1215,1.54,109.42,95.44,16.05,222.47,0.965463076,0.050407025,0.254921286,0.018849878,-0.7797470,-0.2888608,0.6415402
seq-09/frame-000896,1,0.05926963,1.660659,1589,1172,1014,0.91,91.35,81.37,10.74,184.37,0.965801767,0.051254592,0.253420981,0.019435046,-0.7861193,-0.2842583,0.6499537
seq-09/frame-000897,1,0.06224766,1.602812,2058,1514,1304,1.04,110.13,117.68,11.31,240.16,0.966772785,0.050000078,0.249849801,0.020626486,-0.7856815,-0.2944839,0.6633513
seq-09/frame-000898,1,0.06255014,1.771734,1491,1056,879,0.87,88.04,83.09,18.33,190.33,0.966583686,0.054317390,0.249472755,0.022998758,-0.7902634,-0.2865683,0.6777024
seq-09/frame-000899,1,0.06156667,1.785938,1403,1010,859,0.89,86.44,76.75,13.79,177.87,0.967930575,0.055226339,0.244114184,0.021649904,-0.7961990,-0.2846944,0.6742951
seq-09/frame-000900,1,0.05805048,1.727044,1523,1099,929,1.00,90.02,81.76,13.55,186.33,0.969315093,0.053846229,0.238972653,0.020515961,-0.7937196,-0.2887933,0.6703313
seq-09/frame-000901,1,0.05807888,1.776334,1354,994,847,2.30,88.38,70.09,10.41,171.18,0.969927324,0.053762182,0.236545758,0.019917783,-0.7984100,-0.2862812,0.6797269
seq-09/frame-000902,1,0.06552195,1.870728,1262,871,734,1.36,76.14,61.65,9.65,148.81,0.970621314,0.053505748,0.233693196,0.020466787,-0.8057449,-0.2880250,0.6911747
seq-09/frame-000903,1,0.05909749,1.808696,1606,1165,983,0.98,76.12,85.41,18.99,181.50,0.971879936,0.053168358,0.228427874,0.021052859,-0.8008387,-0.2917449,0.6893881
seq-09/frame-000904,1,0.05899612,1.840252,1961,1370,1178,0.92,90.16,98.08,14.73,203.89,0.972151611,0.054534886,0.226833897,0.022216545,-0.8024848,-0.2908406,0.6949043
seq-09/frame-000905,1,0.06004867,1.841082,1694,1204,987,0.89,94.48,90.91,22.34,208.62,0.972284319,0.056252004,0.225654107,0.024065310,-0.8067946,-0.2887737,0.7017833
seq-09/frame-000906,1,0.06031179,1.859085,1770,1242,1062,0.94,101.09,92.69,14.03,208.74,0.972878252,0.057352443,0.222714686,0.024834921,-0.8091940,-0.2893217,0.7045386
seq-09/frame-000907,1,0.05442764,2.090690,1988,1385,1163,0.93,103.03,113.02,10.72,227.70,0.973315851,0.057554740,0.220834212,0.023999111,-0.8117538,-0.2887594,0.7043204
seq-09/frame-000908,1,0.06429561,2.079499,1384,981,784,1.50,66.75,75.66,14.23,158.14,0.974441759,0.055527156,0.216513168,0.022406274,-0.8245393,-0.2879012,0.7190457
seq-09/frame-000909,1,0.06048682,2.044366,1983,1328,1139,1.05,98.44,108.57,12.56,220.62,0.975155433,0.055127153,0.213394562,0.022262952,-0.8251505,-0.2871094,0.7207040
seq-09/frame-000910,1,0.05849653,1.959167,1712,1129,950,0.90,98.09,81.20,9.98,190.17,0.975450799,0.055422591,0.211675019,0.024854794,-0.8257959,-0.2867509,0.7255509
seq-09/frame-000911,1,0.05938648,1.975338,1546,1082,863,1.07,87.44,80.39,14.71,183.61,0.975948698,0.055600936,0.209102848,0.026620940,-0.8302919,-0.2874461,0.7307543
seq-09/frame-000912,1,0.05814705,2.042928,2123,1424,1185,0.90,101.01,109.61,16.36,227.88,0.976491685,0.055283823,0.206755036,0.025691306,-0.8350425,-0.2854185,0.7264567
seq-09/frame-000913,1,0.06140145,2.113073,2058,1359,1134,1.05,93.48,105.24,15.51,215.28,0.976635361,0.053827458,0.206512460,0.025270129,-0.8364663,-0.2894514,0.7363646
seq-09/frame-000914,1,0.06114504,2.106526,2100,1391,1180,0.96,92.37,99.87,8.55,201.75,0.976652647,0.054605205,0.206178861,0.025654547,-0.8399259,-0.2903608,0.7399726
seq-09/frame-000915,1,0.05896434,2.084143,2208,1389,1140,0.95,92.79,98.23,24.04,216.02,0.976542598,0.055795587,0.206324423,0.026108202,-0.8437988,-0.2870727,0.7413246
seq-09/frame-000916,1,0.05871754,2.044560,2132,1391,1146,0.93,88.33,100.60,13.78,203.64,0.976357915,0.056969031,0.206556342,0.028534712,-0.8491839,-0.2847555,0.7464381
seq-09/frame-000917,1,0.05794609,2.060108,2141,1303,1091,0.96,91.91,109.31,8.79,210.98,0.976472829,0.056760337,0.206130092,0.028097386,-0.8515558,-0.2843778,0.7491730
seq-09/frame-000918,1,0.05659573,2.079009,2178,1402,1142,0.96,85.05,100.73,18.79,205.54,0.976338135,0.056856661,0.206918667,0.026755041,-0.8568912,-0.2783565,0.7515947
seq-09/frame-000919,1,0.05460775,1.961684,1793,1144,943,0.93,84.41,103.45,20.57,209.36,0.976427391,0.056568151,0.206295296,0.028841740,-0.8607955,-0.2742866,0.7576325
seq-09/frame-000920,1,0.06164366,2.137640,2125,1374,1144,0.92,88.31,104.84,17.84,211.91,0.976538042,0.055232315,0.206009060,0.029717184,-0.8690488,-0.2773836,0.7678668
seq-09/frame-000921,1,0.06196198,2.142244,2139,1362,1115,0.99,86.32,97.90,14.85,200.06,0.976562262,0.055221267,0.205707830,0.031000778,-0.8729552,-0.2783634,0.7721783
seq-09/frame-000922,1,0.05594917,1.961520,2219,1410,1144,0.95,96.04,111.17,11.63,219.79,0.976860594,0.055431026,0.204115203,0.031745325,-0.8745335,-0.2762028,0.7703270
seq-09/frame-000923,1,0.05964181,2.123950,2152,1377,1106,0.91,91.61,115.57,13.69,221.79,0.976587298,0.055770534,0.205311685,0.031843524,-0.8836094,-0.2717196,0.7803863
seq-09/frame-000924,1,0.05680327,1.996170,2195,1372,1126,0.94,93.20,121.71,11.56,227.41,0.976971223,0.054848158,0.203647635,0.032350426,-0.8857825,-0.2723998,0.7823315
seq-09/frame-000925,1,0.05821552,2.052814,2262,1452,1186,0.98,99.78,109.82,16.31,226.89,0.976793037,0.054077654,0.204556903,0.033278270,-0.8899228,-0.2746488,0.7906998
seq-09/frame-000926,1,0.06165576,2.181233,2168,1324,1072,0.92,93.11,106.80,15.50,216.34,0.976224843,0.053464875,0.207386054,0.033430325,-0.8980234,-0.2805869,0.7945582
seq-09/frame-000927,1,0.05761682,2.072906,1976,1228,998,0.94,82.98,100.47,14.32,198.72,0.975491861,0.055898442,0.209548482,0.037154095,-0.9037295,-0.2755090,0.7946526
seq-09/frame-000928,1,0.05606319,2.134892,1665,1084,869,0.91,74.96,88.91,13.82,178.59,0.974533116,0.055737921,0.213624872,0.039279820,-0.9068301,-0.2778248,0.8002568
seq-09/frame-000929,1,0.05462128,2.026015,1881,1166,940,0.92,81.79,93.74,11.43,187.89,0.973210806,0.056858826,0.218962607,0.041026548,-0.9117676,-0.2769042,0.8065746
seq-09/frame-000930,1,0.05140625,1.982576,1975,1278,1012,0.92,95.11,108.97,14.35,219.35,0.971877652,0.060032490,0.223787536,0.042060295,-0.9194829,-0.2639161,0.8127482
seq-09/frame-000931,1,0.05360681,2.059643,1735,1114,909,0.90,88.70,90.29,10.11,190.01,0.970854140,0.057465424,0.228637185,0.043185671,-0.9251510,-0.2699153,0.8175422
seq-09/frame-000932,1,0.06061139,2.085835,1732,1075,873,0.99,82.50,98.48,14.41,196.38,0.969014802,0.059505422,0.235255063,0.046092002,-0.9363362,-0.2710173,0.8335393
seq-09/frame-000933,1,0.05725509,2.068411,1827,1141,910,0.89,90.48,77.04,27.25,195.65,0.967832461,0.063470556,0.238453634,0.049108856,-0.9409790,-0.2682385,0.8341084
seq-09/frame-000934,1,0.05072552,2.032601,1336,768,597,0.87,71.33,66.35,11.23,149.79,0.966508176,0.065266908,0.243205526,0.049530287,-0.9415807,-0.2647967,0.8341310
seq-09/frame-000935,1,0.05152078,1.844541,1771,1060,857,1.45,98.21,92.75,12.25,204.65,0.964341750,0.068041651,0.250308870,0.052543243,-0.9515773,-0.2637792,0.8388325
seq-09/frame-000936,1,0.03995085,1.277284,2158,1405,1147,0.96,100.11,108.02,11.95,221.05,0.963336742,0.070368518,0.252909799,0.055382556,-0.9540110,-0.2587586,0.8409670
seq-09/frame-000937,1,0.04415535,1.499012,2139,1369,1109,0.97,91.17,112.67,14.31,219.13,0.961374750,0.071719962,0.259539411,0.057044997,-0.9636652,-0.2523433,0.8562764
seq-09/frame-000938,1,0.04746338,1.459672,2182,1330,1102,1.00,103.54,99.35,16.48,220.37,0.960601497,0.072268318,0.261831902,0.058873666,-0.9708345,-0.2520371,0.8597450
seq-09/frame-000939,1,0.04492067,1.427405,2168,1336,1100,1.01,98.72,124.08,20.02,243.83,0.959872536,0.072926771,0.263807005,0.061092263,-0.9730167,-0.2534224,0.8656726
seq-09/frame-000940,1,0.04094775,1.335129,1994,1275,1029,0.92,92.04,94.38,32.51,219.85,0.959230619,0.073436297,0.265515918,0.063127064,-0.9744296,-0.2497884,0.8645919
seq-09/frame-000941,1,0.04212402,1.410993,1902,1230,1013,0.91,92.89,103.79,22.57,220.17,0.957975185,0.071130884,0.270457883,0.063847287,-0.9782612,-0.2525135,0.8741450
seq-09/frame-000942,1,0.04191744,1.461401,1639,985,793,0.92,86.97,158.83,91.90,338.62,0.956659184,0.069815053,0.275757740,0.062343674,-0.9830774,-0.2520166,0.8794650
seq-09/frame-000943,1,0.04553554,1.341050,2039,1222,996,1.37,80.65,275.70,16.60,374.33,0.954990713,0.070789099,0.281172973,0.062637060,-0.9947288,-0.2438416,0.8837957
seq-09/frame-000944,1,0.04007275,1.087919,2152,1282,1037,1.63,87.87,251.43,19.84,360.78,0.953037509,0.073651967,0.283755708,0.076010473,-1.0012203,-0.2410532,0.9035069
seq-09/frame-000945,1,0.03760003,1.122461,2283,1400,1109,1.00,89.82,277.07,10.77,378.67,0.952462551,0.072739254,0.285286263,0.078331587,-1.0040132,-0.2419345,0.9045233
seq-09/frame-000946,1,0.03507801,1.006780,2400,1479,1178,1.49,204.99,188.55,22.10,417.13,0.951526281,0.074147756,0.287464081,0.080400553,-1.0074161,-0.2357907,0.9126656
seq-09/frame-000947,1,0.03810882,1.055941,2434,1536,1247,1.02,245.21,153.68,17.42,417.33,0.951237761,0.072031764,0.289088216,0.079913387,-1.0152781,-0.2368411,0.9151936
seq-09/frame-000948,1,0.03738564,1.003154,2462,1543,1250,0.99,199.06,193.30,13.75,407.10,0.950394600,0.072221664,0.291076602,0.082513924,-1.0171404,-0.2330410,0.9265587
seq-09/frame-000949,1,0.03706403,1.033607,2478,1471,1187,1.06,253.87,140.40,15.16,410.49,0.949816771,0.072066537,0.292463290,0.084378553,-1.0231633,-0.2358751,0.9331014
seq-09/frame-000950,1,0.03449231,0.981699,2458,1472,1206,0.99,239.04,157.93,12.78,410.74,0.948522141,0.070704101,0.296870535,0.084702800,-1.0295098,-0.2346428,0.9371021
seq-09/frame-000951,1,0.03508023,0.893507,2491,1427,1164,3.53,214.40,140.14,11.33,369.40,0.947289983,0.070701350,0.299500116,0.089121756,-1.0332919,-0.2349153,0.9493467
seq-09/frame-000952,1,0.03949568,1.034308,2504,1508,1179,1.01,152.09,114.00,11.03,278.14,0.946044801,0.071875248,0.301835005,0.093428121,-1.0412133,-0.2332684,0.9602020
seq-09/frame-000953,1,0.03026226,0.783896,2324,1377,1097,0.97,93.46,111.65,12.68,218.76,0.945313288,0.072922118,0.301863579,0.099717257,-1.0398654,-0.2299724,0.9571902
seq-09/frame-000954,1,0.03433209,1.246063,2406,1425,1133,1.00,102.74,131.34,19.72,254.80,0.943561779,0.065939920,0.307741351,0.103142413,-1.0451556,-0.2347559,0.9669505
seq-09/frame-000955,1,0.03149802,0.840512,2670,1515,1214,1.02,105.98,136.60,13.20,256.81,0.942189274,0.065298641,0.311843494,0.103774252,-1.0543265,-0.2333915,0.9738311
seq-09/frame-000956,1,0.02871402,0.727967,2701,1574,1262,1.10,100.12,137.10,10.36,248.67,0.941690021,0.064457092,0.312813268,0.105891672,-1.0557134,-0.2332278,0.9823812
seq-09/frame-000957,1,0.03029677,0.770982,2659,1628,1339,1.07,110.74,151.63,23.54,286.98,0.941581894,0.062000969,0.313561400,0.106106862,-1.0583500,-0.2377062,0.9885756
seq-09/frame-000958,1,0.02692387,0.730378,2652,1556,1252,2.07,109.23,128.43,15.68,255.41,0.941374875,0.060382982,0.314106117,0.107259444,-1.0590073,-0.2428626,0.9931194
seq-09/frame-000959,1,0.02550239,0.603130,2708,1687,1390,1.04,110.84,149.44,15.89,277.22,0.939562282,0.057208503,0.318680730,0.111321595,-1.0617752,-0.2481278,1.0036051
seq-09/frame-000960,1,0.02855457,0.666099,2733,1709,1414,1.03,113.25,140.17,14.02,268.47,0.938927901,0.057373904,0.319507136,0.114183285,-1.0666412,-0.2542003,1.0101740
seq-09/frame-000961,1,0.02413352,0.603564,2654,1587,1269,1.09,102.46,122.15,15.97,241.68,0.939230224,0.056529920,0.318221109,0.115699097,-1.0646763,-0.2576860,1.0078812
seq-09/frame-000962,1,0.02670321,0.698886,2669,1588,1294,1.09,105.77,135.31,16.85,259.02,0.938589508,0.054062977,0.320241577,0.116500054,-1.0683401,-0.2650988,1.0121125
seq-09/frame-000963,1,0.01086122,0.190534,2093,1337,1084,0.94,96.40,108.25,13.37,218.97,0.936965553,0.053024546,0.322324976,0.124058695,-1.0562292,-0.2777838,1.0035038
seq-09/frame-000964,1,0.01530838,0.414698,2424,1405,1123,1.03,88.98,136.86,12.74,239.61,0.934369060,0.053459387,0.329335956,0.125037525,-1.0624536,-0.2802947,1.0172313
seq-09/frame-000965,1,0.01803600,0.407175,2849,1706,1391,1.00,99.48,151.30,17.79,269.57,0.933427009,0.054159734,0.331381442,0.126360916,-1.0670689,-0.2765029,1.0168419
seq-09/frame-000966,1,0.01559299,0.381259,2849,1860,1564,1.02,113.52,150.77,27.66,292.97,0.933773391,0.048468665,0.332084862,0.124248492,-1.0662628,-0.2863408,1.0137509
seq-09/frame-000967,1,0.02994469,0.649002,1935,968,696,0.88,89.64,101.75,16.83,209.10,0.933251718,0.040405777,0.335613421,0.121541085,-1.0852582,-0.2893263,1.0172902
seq-09/frame-000968,1,0.02609225,0.561290,1973,1094,798,0.87,97.67,102.02,12.47,213.04,0.934433806,0.031357378,0.332904566,0.122575390,-1.0824151,-0.2941554,1.0220326
seq-09/frame-000969,1,0.02462186,0.553678,1967,1099,819,1.37,89.89,88.80,14.94,194.99,0.935839041,0.024353472,0.328957893,0.124092318,-1.0794165,-0.2975650,1.0160143
seq-09/frame-000970,1,0.02172986,0.515220,2204,1232,904,0.95,98.20,108.98,9.97,218.10,0.936640378,0.017231570,0.325587997,0.128063778,-1.0717979,-0.3004757,1.0102876
seq-09/frame-000971,1,0.00588100,0.564543,2457,1447,1116,0.94,133.29,114.10,22.34,270.67,0.937633111,0.001093828,0.319883379,0.136079303,-1.0578901,-0.3234792,1.0109883
seq-09/frame-000972,1,0.00807488,0.551771,2702,1721,1445,0.99,113.72,128.57,17.97,261.26,0.938993440,-0.005734268,0.317168454,0.132900753,-1.0654935,-0.3309758,1.0169331
seq-09/frame-000973,1,0.00785987,0.385519,3137,1994,1637,1.07,129.61,154.95,17.74,303.38,0.940650624,-0.011897422,0.313614046,0.129155275,-1.0601532,-0.3427252,1.0151920
seq-09/frame-000974,1,0.01155820,0.874689,2986,1960,1614,1.05,127.70,171.18,19.42,319.36,0.942093352,-0.016043935,0.313179216,0.118833863,-1.0645592,-0.3526913,1.0150724
seq-09/frame-000975,1,0.01034963,0.474909,2804,1912,1583,1.03,96.94,122.83,16.49,237.29,0.944170876,-0.020471585,0.307093834,0.117539983,-1.0618721,-0.3586924,1.0103302
seq-09/frame-000976,1,0.01333369,0.637474,2798,1727,1425,1.17,114.84,148.72,11.38,276.11,0.946080816,-0.023877234,0.301012468,0.117270894,-1.0539245,-0.3646674,1.0014943
seq-09/frame-000977,1,0.01221910,0.540364,3447,2132,1758,1.52,122.02,165.57,12.08,301.20,0.946418469,-0.028068276,0.300016079,0.116166287,-1.0507384,-0.3739054,0.9975559
seq-09/frame-000978,1,0.01174011,0.562169,3452,2168,1786,1.84,119.16,175.84,12.95,309.80,0.946413693,-0.032327348,0.300515948,0.113781500,-1.0462527,-0.3834978,0.9967664
seq-09/frame-000979,1,0.01902934,0.792822,2885,1744,1430,1.04,128.63,149.07,19.72,298.46,0.946834880,-0.039629316,0.299041068,0.111837686,-1.0472210,-0.3866178,0.9866156
seq-09/frame-000980,1,0.01013413,0.470118,3304,1991,1605,1.18,116.55,188.57,13.19,319.50,0.946533684,-0.046525812,0.299095491,0.111585038,-1.0476201,-0.4050180,0.9901064
seq-09/frame-000981,1,0.01387316,0.551229,3272,1963,1616,1.19,123.21,194.19,48.31,366.91,0.946311823,-0.045162796,0.299370375,0.113276802,-1.0473265,-0.4092299,0.9872230
seq-09/frame-000982,1,0.01333099,0.492125,2985,1831,1484,1.22,112.88,160.36,18.61,293.08,0.946101292,-0.045293974,0.299340629,0.115047769,-1.0471174,-0.4146043,0.9821984
seq-09/frame-000983,1,0.01284622,0.559715,3528,2182,1814,1.18,112.87,245.36,82.51,441.93,0.946301147,-0.048475283,0.298315354,0.114770358,-1.0436926,-0.4253403,0.9769973
seq-09/frame-000984,1,0.01286546,0.532253,3337,2174,1891,1.14,109.39,521.48,17.48,649.50,0.946375826,-0.052950322,0.298621882,0.111328481,-1.0392145,-0.4387561,0.9667757
seq-09/frame-000985,1,0.01435749,0.507150,3145,1966,1634,1.19,101.01,454.92,13.59,570.71,0.945457955,-0.052594893,0.301184609,0.112387113,-1.0453676,-0.4417626,0.9655389
seq-09/frame-000986,1,0.01340313,0.510756,3207,1995,1676,1.20,108.20,500.06,16.62,626.09,0.945465032,-0.052996629,0.299877216,0.115589301,-1.0442964,-0.4477405,0.9593017
seq-09/frame-000987,1,0.01317719,0.519601,3558,2211,1795,1.10,166.04,569.91,19.06,756.12,0.945410032,-0.054866634,0.298947617,0.117557841,-1.0393835,-0.4585290,0.9565421
seq-09/frame-000988,1,0.01181243,0.416036,2698,1710,1408,0.97,125.06,453.88,16.85,596.76,0.945041138,-0.055457401,0.299684441,0.118367903,-1.0313770,-0.4705901,0.9502176
seq-09/frame-000989,1,0.01083143,0.367426,2211,1259,953,0.94,117.84,417.63,14.28,550.70,0.942235712,-0.055166637,0.308284319,0.118782507,-1.0270430,-0.4865860,0.9367178
seq-09/frame-000990,1,0.00981798,0.312032,2077,1160,881,0.95,223.05,301.50,15.14,540.64,0.940030387,-0.053812175,0.315221958,0.118668608,-1.0258612,-0.4940469,0.9303276
seq-09/frame-000991,1,0.01425708,0.339727,2339,1483,1195,2.22,218.32,309.24,21.75,551.53,0.938230095,-0.050983464,0.320873380,0.119017854,-1.0289187,-0.4915898,0.9149692
seq-09/frame-000992,1,0.00313296,0.220686,2184,1391,1115,1.89,289.95,164.57,17.73,474.14,0.935335961,-0.052368331,0.329226786,0.118380406,-1.0341941,-0.5066715,0.9187685
seq-09/frame-000993,1,0.01437459,1.044890,2024,1127,851,1.20,228.80,147.52,21.17,398.69,0.934427157,-0.050518456,0.332125345,0.118264661,-1.0257002,-0.5109321,0.9025818
seq-09/frame-000994,1,0.00937924,0.144336,2272,1515,1245,1.00,124.71,137.55,9.79,273.06,0.929360545,-0.049087683,0.345882118,0.119352160,-1.0325609,-0.5180989,0.8908676
seq-09/frame-000995,1,0.01776619,0.360633,2376,1414,1154,0.99,132.93,120.53,10.82,265.27,0.928196178,-0.047490566,0.348651413,0.120990464,-1.0289925,-0.5234807,0.8766882
seq-09/frame-000996,1,0.01860939,0.262286,2094,1248,994,1.02,120.60,99.80,9.57,230.99,0.925933402,-0.046021997,0.354861801,0.120840440,-1.0399168,-0.5272283,0.8620332
seq-09/frame-000997,1,0.02367323,0.292418,2445,1650,1400,1.01,135.56,107.26,15.58,259.41,0.921606198,-0.046653056,0.364601989,0.124623019,-1.0385165,-0.5421955,0.8420362
seq-09/frame-000998,1,0.02373182,0.531930,2425,1440,1190,1.01,126.77,97.32,10.52,235.62,0.920013300,-0.048474308,0.368048650,0.125562575,-1.0354492,-0.5482455,0.8365187
seq-09/frame-000999,1,0.02007619,0.452783,2294,1274,989,1.07,118.95,96.35,14.59,230.96,0.917775708,-0.048787929,0.373479248,0.125780522,-1.0305386,-0.5585756,0.8392817
