frame,ok,trans_err_m,rot_err_deg,keypoints,matches,inliers,ms_decode,ms_extract,ms_match,ms_pose,ms_total
seq-01/frame-000000,1,0.06342,1.2885,2281,1234,996,2.37,275.13,136.81,15.39,429.71
seq-01/frame-000001,1,0.06771,1.3719,2312,1179,938,2.45,264.07,145.34,15.84,427.70
seq-01/frame-000002,1,0.06919,1.3521,2303,1232,1010,2.64,272.27,134.08,20.96,429.95
seq-01/frame-000003,1,0.06879,1.3998,2265,1223,969,1.15,258.15,135.37,11.21,405.87
seq-01/frame-000004,1,0.06942,1.3927,2279,1179,938,1.57,234.21,141.57,13.12,390.46
seq-01/frame-000005,1,0.07181,1.4596,2287,1229,977,1.18,263.66,140.23,16.10,421.17
seq-01/frame-000006,1,0.06621,1.3404,2370,1250,990,1.07,279.64,134.61,17.66,432.99
seq-01/frame-000007,1,0.06573,1.3623,2272,1343,1074,1.16,267.74,112.66,13.88,395.45
seq-01/frame-000008,1,0.06719,1.3619,2284,1278,1004,1.08,249.87,132.38,14.12,397.45
seq-01/frame-000009,1,0.06679,1.3358,2324,1215,985,1.20,290.96,124.70,12.39,429.25
seq-01/frame-000010,1,0.07272,1.4702,2397,1341,1099,1.05,106.94,131.44,14.79,254.23
seq-01/frame-000011,1,0.06984,1.4493,2399,1274,1010,1.04,111.48,123.97,13.45,249.94
seq-01/frame-000012,1,0.06997,1.3996,2354,1241,1014,1.04,107.72,137.01,25.16,270.94
seq-01/frame-000013,1,0.06686,1.3475,2511,1339,1073,1.00,119.19,136.73,18.02,274.94
seq-01/frame-000014,1,0.05386,1.0368,2552,1363,1107,1.04,118.32,143.39,24.95,287.70
seq-01/frame-000015,1,0.06319,1.1671,2627,1436,1171,1.77,139.85,153.77,23.04,318.44
seq-01/frame-000016,1,0.06788,1.1997,2418,1224,932,0.93,124.89,127.04,14.99,267.85
seq-01/frame-000017,1,0.07093,1.3145,2378,1274,1023,1.12,115.07,125.45,19.00,260.64
seq-01/frame-000018,1,0.05953,1.0656,2477,1335,1095,0.92,134.99,130.83,27.80,294.54
seq-01/frame-000019,1,0.05211,0.8818,2611,1386,1113,0.98,120.49,141.42,16.38,279.26
seq-01/frame-000020,1,0.05982,0.9957,2520,1301,1027,1.04,110.49,126.24,17.02,254.80
seq-01/frame-000021,1,0.04859,0.6947,2442,1324,1030,0.92,115.82,118.04,15.47,250.27
seq-01/frame-000022,1,0.04745,0.8537,2546,1432,1175,1.20,122.88,124.91,13.63,262.62
seq-01/frame-000023,1,0.04303,0.7323,2513,1462,1199,0.93,107.65,120.99,20.27,249.85
seq-01/frame-000024,1,0.04490,0.5662,2372,1294,1064,1.01,111.41,103.63,24.82,240.88
seq-01/frame-000025,1,0.04210,0.5763,2282,1289,1051,1.37,114.32,114.96,28.35,259.00
seq-01/frame-000026,1,0.04238,0.6250,2460,1338,1062,0.91,101.97,116.69,22.30,241.87
seq-01/frame-000027,1,0.05484,1.0225,2098,1254,1008,0.89,117.93,85.62,14.09,218.53
seq-01/frame-000028,1,0.04309,0.8581,1950,1065,856,0.87,101.62,87.25,20.16,209.90
seq-01/frame-000029,1,0.05263,1.0055,1971,1074,882,1.36,96.14,96.65,16.48,210.64
seq-01/frame-000030,1,0.04174,0.7567,2283,1329,1087,0.88,100.75,93.08,11.49,206.22
seq-01/frame-000031,1,0.04293,0.8338,2544,1497,1218,0.92,97.79,110.15,13.13,221.99
seq-01/frame-000032,1,0.04955,1.0881,2551,1484,1214,1.30,125.40,118.98,33.25,278.94
seq-01/frame-000033,1,0.04108,0.9627,2586,1438,1173,0.91,110.05,127.54,23.97,262.47
seq-01/frame-000034,1,0.05005,1.0616,2297,1364,1134,0.87,105.96,108.75,18.35,233.93
seq-01/frame-000035,1,0.05123,1.0921,1642,909,734,0.84,93.99,70.12,17.64,182.60
seq-01/frame-000036,1,0.04669,1.1098,1769,1021,850,0.89,127.37,78.39,14.12,220.77
seq-01/frame-000037,1,0.05171,1.2764,2112,1223,1020,0.86,93.65,106.06,12.20,212.77
seq-01/frame-000038,1,0.05205,1.4581,2339,1379,1118,0.88,99.32,102.53,29.11,231.85
seq-01/frame-000039,1,0.04968,1.4442,2382,1259,1030,0.90,116.96,120.03,17.06,254.96
seq-01/frame-000040,1,0.04953,1.4287,2092,1290,1083,0.88,104.61,87.45,13.66,206.60
seq-01/frame-000041,1,0.05884,1.5712,1999,1132,924,0.88,85.10,87.21,20.31,193.51
seq-01/frame-000042,1,0.06047,1.6024,1806,1134,955,0.85,82.43,79.26,19.59,182.13
seq-01/frame-000043,1,0.04914,1.3751,1721,996,833,0.85,68.90,72.23,20.39,162.37
seq-01/frame-000044,1,0.06295,1.7680,1606,955,783,0.98,89.99,78.65,13.71,183.34
seq-01/frame-000045,1,0.05713,1.5824,1804,1081,890,0.83,86.56,88.53,21.89,197.82
seq-01/frame-000046,1,0.07021,1.7128,2199,1355,1132,0.88,97.94,104.34,9.09,212.25
seq-01/frame-000047,1,0.06464,1.6602,1890,1266,1073,0.85,89.77,90.03,19.39,200.04
seq-01/frame-000048,1,0.05874,1.6129,1719,1160,967,0.84,85.74,79.36,14.18,180.12
seq-01/frame-000049,1,0.06454,1.7508,1667,1115,955,0.83,83.85,86.64,18.92,190.25
seq-01/frame-000050,1,0.06669,1.7283,1624,1086,953,0.86,95.46,74.95,9.90,181.18
seq-01/frame-000051,1,0.06312,1.6018,2175,1404,1214,0.89,81.89,91.84,17.27,191.90
seq-01/frame-000052,1,0.06713,1.5374,2118,1356,1165,0.93,100.87,100.07,21.16,223.03
seq-01/frame-000053,1,0.07390,1.8667,1891,1240,1085,0.87,90.61,94.50,16.51,202.48
seq-01/frame-000054,1,0.06675,1.7801,1792,1194,1039,1.19,88.07,85.98,15.27,190.52
seq-01/frame-000055,1,0.06275,1.6161,1840,1289,1151,0.86,96.85,92.04,11.87,201.61
seq-01/frame-000056,1,0.06459,1.6390,1649,1128,982,0.83,88.74,82.03,16.03,187.64
seq-01/frame-000057,1,0.05902,1.5518,1625,1095,940,0.83,86.60,81.58,14.84,183.86
seq-01/frame-000058,1,0.05504,1.4274,1938,1329,1148,0.86,93.72,88.49,17.74,200.82
seq-01/frame-000059,1,0.05385,1.3364,1957,1347,1194,0.88,96.24,93.54,17.59,208.26
seq-01/frame-000060,1,0.06687,1.5496,1685,1165,1022,0.86,78.81,76.76,16.39,172.82
seq-01/frame-000061,1,0.04744,1.2531,1452,1032,899,0.84,76.20,67.27,15.84,160.16
seq-01/frame-000062,1,0.05313,1.2011,1622,1134,1000,0.85,76.68,78.93,12.01,168.47
seq-01/frame-000063,1,0.05571,1.2222,1980,1318,1169,0.91,89.06,80.24,16.42,186.63
seq-01/frame-000064,1,0.05653,1.2143,1906,1277,1132,1.19,100.59,82.26,14.59,198.63
seq-01/frame-000065,1,0.05655,1.1348,1958,1318,1159,0.89,94.72,91.83,9.67,197.11
seq-01/frame-000066,1,0.05136,0.8823,1383,943,811,0.84,77.71,70.73,10.23,159.52
seq-01/frame-000067,1,0.05915,1.3504,1451,944,812,0.83,71.12,72.28,17.93,162.17
seq-01/frame-000068,1,0.05722,1.2188,1668,1120,995,0.85,84.08,80.08,17.18,182.19
seq-01/frame-000069,1,0.05701,1.2310,1830,1273,1134,0.86,74.65,81.22,23.49,180.23
seq-01/frame-000070,1,0.05994,1.2292,1914,1242,1092,1.23,85.54,88.42,11.28,186.48
seq-01/frame-000071,1,0.06397,1.3617,1805,1227,1083,0.85,82.53,88.57,20.97,192.92
seq-01/frame-000072,1,0.06189,1.2852,1913,1296,1134,0.89,96.97,80.82,12.09,190.77
seq-01/frame-000073,1,0.06425,1.2960,1861,1239,1068,0.87,92.80,85.16,20.45,199.29
seq-01/frame-000074,1,0.06390,1.2250,1871,1262,1115,1.33,94.46,86.97,23.44,206.21
seq-01/frame-000075,1,0.06038,1.2857,1702,1091,935,1.16,79.43,82.18,17.78,180.56
seq-01/frame-000076,1,0.06707,1.4038,1832,1212,1043,0.92,83.21,93.19,14.70,192.01
seq-01/frame-000077,1,0.06085,1.2598,1969,1295,1130,0.89,90.14,93.58,19.68,204.29
seq-01/frame-000078,1,0.06670,1.3726,1906,1271,1075,0.89,85.47,92.08,15.56,194.01
seq-01/frame-000079,1,0.05669,1.1939,1943,1236,1055,0.88,81.88,85.55,16.92,185.23
seq-01/frame-000080,1,0.05386,1.2100,1896,1215,1037,0.86,93.01,83.81,16.55,194.23
seq-01/frame-000081,1,0.06699,1.4055,1942,1211,1042,0.92,83.52,93.36,16.49,194.30
seq-01/frame-000082,1,0.06403,1.4109,1892,1205,1049,0.87,86.00,101.41,21.68,209.97
seq-01/frame-000083,1,0.05872,1.1727,1854,1236,1089,1.02,97.34,100.84,17.47,216.67
seq-01/frame-000084,1,0.07227,1.5860,1732,1029,865,0.85,105.52,101.62,26.79,234.78
seq-01/frame-000085,1,0.06312,1.2857,1883,1247,1086,0.93,115.77,114.31,18.89,249.91
seq-01/frame-000086,1,0.06971,1.4989,1925,1300,1104,0.88,88.60,104.35,21.79,215.63
seq-01/frame-000087,1,0.06904,1.4495,1876,1252,1078,0.98,111.05,110.01,15.07,237.11
seq-01/frame-000088,1,0.06653,1.4032,1978,1332,1136,1.16,105.91,111.58,16.44,235.10
seq-01/frame-000089,1,0.07025,1.4361,1896,1252,1075,0.96,99.72,117.44,9.32,227.45
seq-01/frame-000090,1,0.07801,1.6080,1882,1230,1048,1.32,106.01,90.20,19.51,217.05
seq-01/frame-000091,1,0.07208,1.4349,1951,1310,1118,1.31,112.08,97.18,15.84,226.40
seq-01/frame-000092,1,0.07479,1.6903,1866,1251,1069,1.29,104.62,101.73,18.23,225.88
seq-01/frame-000093,1,0.06547,1.4131,1847,1199,1029,1.94,101.33,100.20,24.94,228.43
seq-01/frame-000094,1,0.06625,1.4535,1972,1294,1116,4.13,104.37,104.33,29.05,241.89
seq-01/frame-000095,1,0.06794,1.4598,1901,1201,1021,1.75,92.31,112.21,15.25,221.52
seq-01/frame-000096,1,0.06421,1.4073,1984,1292,1123,0.96,92.73,111.61,21.50,226.81
seq-01/frame-000097,1,0.06290,1.3454,1950,1296,1108,0.97,110.38,104.72,23.64,239.71
seq-01/frame-000098,1,0.06327,1.3384,1986,1315,1099,1.50,106.66,115.61,14.82,238.59
seq-01/frame-000099,1,0.06577,1.3439,2068,1338,1153,0.91,123.38,117.49,13.46,255.24
seq-01/frame-000100,1,0.06309,1.3515,2027,1328,1133,0.97,97.88,106.79,15.87,221.52
seq-01/frame-000101,1,0.05992,1.2262,1984,1338,1134,1.68,109.04,114.49,27.04,252.25
seq-01/frame-000102,1,0.05900,1.2611,1953,1300,1084,0.98,93.02,110.33,20.60,224.94
seq-01/frame-000103,1,0.06198,1.3039,1925,1294,1100,0.97,102.58,128.66,17.57,249.78
seq-01/frame-000104,1,0.05737,1.1588,2062,1398,1186,1.53,102.91,112.58,16.89,233.91
seq-01/frame-000105,1,0.05555,1.2417,1977,1345,1132,3.77,122.52,110.82,32.71,269.82
seq-01/frame-000106,1,0.04823,1.1221,1915,1369,1158,2.91,113.16,104.86,19.87,240.80
seq-01/frame-000107,1,0.05323,1.1917,1907,1326,1118,1.24,116.50,106.08,22.49,246.31
seq-01/frame-000108,1,0.05489,1.0851,1874,1322,1117,2.14,102.89,107.85,21.17,234.05
seq-01/frame-000109,1,0.05742,1.3459,1923,1282,1075,1.49,109.61,110.96,33.03,255.09
seq-01/frame-000110,1,0.05126,1.2125,2022,1359,1186,1.43,116.23,106.87,14.98,239.51
seq-01/frame-000111,1,0.05087,1.1398,1955,1353,1160,1.24,107.26,109.55,28.31,246.37
seq-01/frame-000112,1,0.05652,1.2776,2101,1435,1229,1.46,110.87,107.06,22.68,242.08
seq-01/frame-000113,1,0.04992,1.1541,1998,1408,1206,1.59,102.37,154.44,16.37,274.76
seq-01/frame-000114,1,0.04792,0.9682,1854,1277,1091,0.95,103.68,108.61,33.99,247.23
seq-01/frame-000115,1,0.05199,0.9980,1811,1192,1004,0.87,92.00,133.35,26.95,253.18
seq-01/frame-000116,1,0.05842,1.1236,1861,1261,1077,0.90,106.50,140.21,24.13,271.74
seq-01/frame-000117,1,0.06628,1.2721,1902,1327,1131,0.90,98.14,140.70,16.40,256.14
seq-01/frame-000118,1,0.06925,1.3727,1876,1309,1127,1.36,99.63,130.86,21.30,253.16
seq-01/frame-000119,1,0.05008,0.9736,1947,1335,1125,0.91,107.28,143.11,20.58,271.88
seq-01/frame-000120,1,0.05950,1.0990,1770,1254,1061,0.92,100.96,130.15,23.84,255.87
seq-01/frame-000121,1,0.05388,0.9462,1950,1273,1084,3.10,124.79,140.16,14.00,282.05
seq-01/frame-000122,1,0.05904,1.0907,1857,1245,1047,1.57,134.52,104.89,16.00,256.98
seq-01/frame-000123,1,0.05414,1.0050,1877,1267,1064,2.63,115.27,108.75,17.54,244.20
seq-01/frame-000124,1,0.04603,0.8058,1910,1305,1105,1.26,111.61,94.07,15.85,222.80
seq-01/frame-000125,1,0.05374,1.0112,1824,1275,1092,1.38,122.02,91.78,15.03,230.21
seq-01/frame-000126,1,0.03580,0.5046,1763,1206,1023,0.93,108.00,89.69,19.89,218.52
seq-01/frame-000127,1,0.06004,1.1702,1856,1253,1067,1.59,117.32,107.14,17.51,243.56
seq-01/frame-000128,1,0.04449,0.7219,1909,1274,1068,1.30,100.55,95.09,23.23,220.17
seq-01/frame-000129,1,0.05331,0.9437,1807,1243,1041,0.93,107.97,94.74,19.79,223.44
seq-01/frame-000130,1,0.06003,0.9444,1811,1201,1029,0.94,90.86,90.81,21.58,204.19
seq-01/frame-000131,1,0.05432,0.9131,1831,1176,992,0.95,96.88,105.70,9.26,212.79
seq-01/frame-000132,1,0.05332,0.9261,1866,1242,1048,0.91,93.22,120.31,16.22,230.66
seq-01/frame-000133,1,0.05974,1.1680,1755,1220,1022,0.89,99.22,112.01,20.35,232.47
seq-01/frame-000134,1,0.04174,0.6841,1820,1249,1075,0.90,99.33,113.09,12.40,225.73
seq-01/frame-000135,1,0.04413,0.6834,1821,1259,1081,0.94,99.52,88.86,14.28,203.60
seq-01/frame-000136,1,0.04271,0.6756,1791,1211,1035,0.92,115.79,85.26,19.39,221.36
seq-01/frame-000137,1,0.05522,1.0827,1749,1264,1074,1.03,106.94,77.55,16.86,202.39
seq-01/frame-000138,1,0.04748,0.8458,1827,1240,1053,0.92,99.45,93.23,19.26,212.86
seq-01/frame-000139,1,0.06418,1.4547,1717,1260,1088,0.98,104.25,83.30,18.96,207.50
seq-01/frame-000140,1,0.04978,0.9673,1794,1242,1054,0.90,105.01,91.24,13.63,210.78
seq-01/frame-000141,1,0.05410,1.0390,1790,1223,1041,0.90,88.26,98.74,14.74,202.65
seq-01/frame-000142,1,0.05233,1.0108,1775,1194,1023,0.91,86.10,94.69,13.47,195.18
seq-01/frame-000143,1,0.05294,0.8579,1716,1207,1022,1.00,90.08,87.02,17.95,196.05
seq-01/frame-000144,1,0.05820,1.0619,1572,1034,879,1.16,99.24,65.75,19.22,185.38
seq-01/frame-000145,1,0.03874,0.7757,1716,1183,1022,0.90,83.47,77.98,8.69,171.04
seq-01/frame-000146,1,0.03444,0.7110,1847,1267,1095,0.95,95.97,103.54,19.82,220.29
seq-01/frame-000147,1,0.05037,1.0860,1690,1174,1005,0.91,83.97,79.62,15.63,180.14
seq-01/frame-000148,1,0.03588,0.7179,1815,1250,1064,0.95,93.16,98.38,25.82,218.32
seq-01/frame-000149,1,0.04786,0.9257,1741,1191,1019,0.95,86.41,85.20,11.73,184.29
seq-01/frame-000150,1,0.04423,0.9179,1676,1169,996,0.93,73.48,71.48,14.74,160.63
seq-01/frame-000151,1,0.04141,0.7912,1746,1201,1024,0.93,80.71,90.65,17.86,190.16
seq-01/frame-000152,1,0.03997,0.7484,1780,1219,1023,0.92,73.02,76.22,16.62,166.78
seq-01/frame-000153,1,0.04847,0.9995,1727,1156,986,0.95,76.88,76.51,15.23,169.57
seq-01/frame-000154,1,0.03794,0.7239,1766,1169,983,0.94,97.44,73.02,9.97,181.37
seq-01/frame-000155,1,0.03546,0.7045,1762,1143,964,0.95,97.17,85.95,22.06,206.14
seq-01/frame-000156,1,0.04067,0.8325,1753,1141,966,0.92,89.70,86.22,13.07,189.92
seq-01/frame-000157,1,0.03497,0.7160,1830,1203,1025,0.91,83.62,87.05,11.48,183.06
seq-01/frame-000158,1,0.03925,0.8912,1720,1283,1114,0.88,86.16,75.71,9.98,172.73
seq-01/frame-000159,1,0.03214,0.7510,1797,1270,1104,0.92,98.61,92.36,16.28,208.16
seq-01/frame-000160,1,0.04483,1.1147,1755,1223,1039,0.90,71.69,81.90,18.27,172.78
seq-01/frame-000161,1,0.03921,0.7974,1738,1236,1046,0.89,93.88,88.73,17.94,201.45
seq-01/frame-000162,1,0.03413,0.6583,1757,1150,976,0.91,82.79,76.08,12.02,171.81
seq-01/frame-000163,1,0.03160,0.6976,1744,1232,1042,0.92,99.24,83.93,13.51,197.60
seq-01/frame-000164,1,0.04652,1.1784,1688,1159,994,0.90,76.32,86.88,11.57,175.67
seq-01/frame-000165,1,0.03856,1.0482,1589,1063,901,0.86,87.52,82.95,8.15,179.48
seq-01/frame-000166,1,0.04234,1.2171,1538,1108,945,0.91,71.28,69.57,8.04,149.81
seq-01/frame-000167,1,0.03333,0.8049,1684,1182,1025,0.92,82.31,77.51,19.21,179.95
seq-01/frame-000168,1,0.03750,1.0403,1653,1132,958,0.93,86.61,76.77,16.57,180.88
seq-01/frame-000169,1,0.04038,1.0152,1615,1167,988,0.90,75.85,83.91,23.34,184.01
seq-01/frame-000170,1,0.03048,0.8379,1685,1165,980,0.89,88.94,84.26,13.27,187.37
seq-01/frame-000171,1,0.02336,0.6336,1674,1146,981,0.92,83.59,91.22,8.84,184.58
seq-01/frame-000172,1,0.02447,0.7983,1644,1168,1017,0.87,75.62,82.99,12.98,172.46
seq-01/frame-000173,1,0.03526,0.9987,1745,1197,1022,0.90,84.25,91.05,15.72,191.92
seq-01/frame-000174,1,0.01357,0.3977,1742,1240,1050,0.87,79.72,84.27,11.79,176.65
seq-01/frame-000175,1,0.02492,0.7809,1675,1268,1078,0.88,88.12,77.63,18.88,185.51
seq-01/frame-000176,1,0.01097,0.2849,1323,978,849,0.83,65.50,61.60,19.27,147.21
seq-01/frame-000177,1,0.00988,0.2328,1373,1010,879,0.83,72.43,60.35,14.11,147.72
seq-01/frame-000178,1,0.02524,0.4767,1418,1141,980,0.86,79.63,67.89,19.44,167.82
seq-01/frame-000179,1,0.02077,0.3983,1321,1067,946,0.85,76.43,66.77,16.06,160.10
seq-01/frame-000180,1,0.01972,0.6241,1650,1288,1103,0.89,85.69,69.51,18.00,174.09
seq-01/frame-000181,1,0.02220,0.4862,1608,1279,1097,1.37,79.97,63.35,15.86,160.56
seq-01/frame-000182,1,0.02052,0.4732,1521,1160,1007,0.96,77.28,73.82,15.80,167.86
seq-01/frame-000183,1,0.02097,0.4545,1574,1224,1054,0.91,83.73,75.12,10.74,170.51
seq-01/frame-000184,1,0.01878,0.3269,1568,1232,1083,0.87,83.13,74.66,10.40,169.08
seq-01/frame-000185,1,0.01804,0.3788,1553,1248,1065,0.90,95.94,64.61,15.86,177.31
seq-01/frame-000186,1,0.02297,0.4859,1632,1261,1082,1.05,83.46,68.83,19.03,172.37
seq-01/frame-000187,1,0.02059,0.4585,1657,1298,1129,0.89,85.29,80.52,11.38,178.08
seq-01/frame-000188,1,0.01707,0.3648,1610,1254,1064,0.91,74.28,76.45,15.07,166.70
seq-01/frame-000189,1,0.02344,0.5066,1493,1180,1024,0.89,75.24,68.00,9.24,153.36
seq-01/frame-000190,1,0.01986,0.5718,1436,1137,982,0.88,84.73,69.33,13.73,168.66
seq-01/frame-000191,1,0.02067,0.4860,1467,1170,1018,0.87,69.78,69.88,7.96,148.49
seq-01/frame-000192,1,0.02553,0.6564,1544,1228,1090,0.85,91.60,88.22,17.19,197.86
seq-01/frame-000193,1,0.02112,0.4792,1575,1248,1078,0.90,76.07,85.96,13.65,176.60
seq-01/frame-000194,1,0.02512,0.5973,1578,1272,1077,0.91,83.24,83.92,10.49,178.56
seq-01/frame-000195,1,0.02742,0.6689,1541,1240,1075,1.49,76.70,80.81,16.51,175.51
seq-01/frame-000196,1,0.03268,0.7233,1638,1293,1101,0.89,110.21,83.81,24.40,219.31
seq-01/frame-000197,1,0.02736,0.6609,1587,1241,1045,0.90,99.13,87.70,17.34,205.08
seq-01/frame-000198,1,0.02455,0.5954,1591,1248,1051,0.91,99.18,95.39,13.38,208.87
seq-01/frame-000199,1,0.02839,0.7066,1557,1198,1032,0.91,85.32,80.98,18.97,186.17
seq-01/frame-000200,1,0.02891,0.6830,1466,1163,981,1.63,86.56,76.31,9.20,173.70
seq-01/frame-000201,1,0.03092,0.7070,1455,1146,977,1.87,95.13,81.93,26.96,205.88
seq-01/frame-000202,1,0.02393,0.5590,1387,1082,926,1.50,90.83,67.06,10.01,169.40
seq-01/frame-000203,1,0.03466,0.5023,1231,949,823,1.00,83.59,56.40,14.16,155.15
seq-01/frame-000204,1,0.03138,0.7472,1122,857,733,1.45,81.12,53.22,12.24,148.02
seq-01/frame-000205,1,0.02988,0.6968,1073,813,702,1.07,82.09,48.25,13.30,144.71
seq-01/frame-000206,1,0.04139,0.9441,1248,972,810,1.77,79.77,60.85,9.23,151.63
seq-01/frame-000207,1,0.04512,1.1241,1393,1074,891,0.94,79.66,80.47,11.93,173.00
seq-01/frame-000208,1,0.02530,0.5642,1252,957,813,1.26,92.64,68.37,8.47,170.74
seq-01/frame-000209,1,0.03367,0.7550,1000,763,633,0.87,71.51,59.40,14.89,146.68
seq-01/frame-000210,1,0.04912,1.2011,1250,944,783,1.30,73.00,67.85,21.08,163.23
seq-01/frame-000211,1,0.04277,1.0672,1416,1059,864,0.90,87.01,71.81,22.57,182.29
seq-01/frame-000212,1,0.04442,1.1225,1391,1055,835,1.30,87.76,78.80,11.96,179.83
seq-01/frame-000213,1,0.05644,1.5585,1254,945,764,0.88,86.62,62.70,9.10,159.30
seq-01/frame-000214,1,0.04905,1.2835,1352,999,815,1.21,92.26,57.64,14.39,165.50
seq-01/frame-000215,1,0.02453,0.5534,1212,935,811,3.13,84.95,54.23,17.63,159.94
seq-01/frame-000216,1,0.05044,1.4271,1599,1120,880,0.94,99.40,71.86,24.11,196.32
seq-01/frame-000217,1,0.05044,1.4418,1464,1050,811,0.92,76.99,62.19,12.00,152.10
seq-01/frame-000218,1,0.04744,1.2816,1513,1052,826,0.93,75.87,64.89,11.94,153.63
seq-01/frame-000219,1,0.05196,1.4907,1521,1106,862,0.91,77.08,68.48,9.92,156.39
seq-01/frame-000220,1,0.05298,1.5679,1534,1084,870,0.94,82.20,72.25,16.30,171.69
seq-01/frame-000221,1,0.02958,0.8100,1313,1001,831,0.86,76.89,64.22,10.85,152.82
seq-01/frame-000222,1,0.05239,1.5423,1445,1014,816,1.24,89.54,62.87,13.40,167.06
seq-01/frame-000223,1,0.05320,1.5560,1473,1026,795,0.96,85.08,65.33,9.25,160.62
seq-01/frame-000224,1,0.05078,1.4272,1539,1136,855,0.90,92.73,79.89,18.69,192.22
seq-01/frame-000225,1,0.06490,1.8751,1502,1060,833,0.93,79.12,70.12,11.88,162.06
seq-01/frame-000226,1,0.05529,1.6195,1529,1108,861,0.92,79.15,62.22,22.80,165.09
seq-01/frame-000227,1,0.04391,1.2299,1427,1043,823,0.89,75.57,62.39,9.68,148.54
seq-01/frame-000228,1,0.03916,1.1162,1515,1019,809,0.93,75.11,69.24,23.68,168.97
seq-01/frame-000229,1,0.03339,0.9824,1321,987,805,0.85,78.67,60.59,21.16,161.27
seq-01/frame-000230,1,0.04478,1.3048,1339,1002,796,0.89,72.25,61.55,27.12,161.82
seq-01/frame-000231,1,0.04460,1.2600,1437,1000,777,0.94,96.90,77.56,12.81,188.22
seq-01/frame-000232,1,0.05019,1.5397,1432,1013,792,1.05,83.81,77.46,10.48,172.80
seq-01/frame-000233,1,0.04661,1.3807,1318,972,747,0.86,77.70,67.18,24.74,170.48
seq-01/frame-000234,1,0.04961,1.3648,1177,870,693,0.88,66.00,56.91,22.89,146.68
seq-01/frame-000235,1,0.03900,1.1381,933,684,566,0.81,68.65,42.18,14.54,126.19
seq-01/frame-000236,1,0.02109,0.9192,909,597,474,0.83,75.05,39.96,19.50,135.34
seq-01/frame-000237,1,0.02289,0.8852,805,552,441,0.84,50.71,30.68,8.35,90.58
seq-01/frame-000238,1,0.03627,0.9553,1007,764,620,0.85,57.71,44.01,12.93,115.50
seq-01/frame-000239,1,0.04151,1.0132,1001,755,618,0.85,60.66,47.39,10.87,119.78
seq-01/frame-000240,1,0.02732,0.7669,897,624,513,0.84,67.13,39.13,21.00,128.11
seq-01/frame-000241,1,0.04537,1.9550,979,739,600,0.84,72.15,48.68,10.85,132.53
seq-01/frame-000242,1,0.03712,0.8739,1128,855,702,0.86,74.26,50.16,10.39,135.66
seq-01/frame-000243,1,0.04894,1.3040,1086,811,659,1.25,75.32,49.08,22.25,147.90
seq-01/frame-000244,1,0.03261,0.9145,1142,822,654,0.86,76.81,51.87,13.78,143.32
seq-01/frame-000245,1,0.04522,1.1768,964,671,558,1.11,71.67,48.61,14.64,136.04
seq-01/frame-000246,1,0.04274,1.1079,1074,772,621,0.84,74.43,44.76,28.63,148.67
seq-01/frame-000247,1,0.06016,1.6709,1275,943,765,0.86,83.91,56.99,15.95,157.71
seq-01/frame-000248,1,0.03783,1.0893,1290,968,793,0.85,77.35,67.70,11.71,157.61
seq-01/frame-000249,1,0.04813,1.2237,1091,723,582,0.82,61.80,55.42,13.36,131.41
seq-01/frame-000250,1,0.04640,1.1141,931,609,503,0.81,58.12,48.30,8.65,115.88
seq-01/frame-000251,1,0.03494,1.1235,1021,595,459,0.85,69.26,43.53,12.24,125.89
seq-01/frame-000252,1,0.03673,1.1331,1150,735,574,0.86,72.59,47.74,15.08,136.28
seq-01/frame-000253,1,0.03480,1.0197,1168,758,605,0.89,67.01,62.95,11.81,142.67
seq-01/frame-000254,1,0.03007,0.8300,1145,753,612,0.86,69.86,54.37,16.25,141.34
seq-01/frame-000255,1,0.02703,0.7533,1195,729,577,0.88,77.13,48.88,12.91,139.82
seq-01/frame-000256,1,0.02522,0.7746,1134,750,572,0.86,78.18,54.65,21.86,155.54
seq-01/frame-000257,1,0.02047,1.0558,1061,619,453,0.88,85.42,45.96,14.70,146.96
seq-01/frame-000258,1,0.02655,1.0609,1221,740,557,0.87,77.14,49.17,14.79,141.98
seq-01/frame-000259,1,0.02492,0.8162,1164,714,536,1.45,82.18,53.71,20.65,158.00
seq-01/frame-000260,1,0.01942,0.8702,1176,662,491,0.90,71.04,51.61,12.65,136.20
seq-01/frame-000261,1,0.03971,1.3527,1235,739,550,0.90,75.65,68.72,20.63,165.90
seq-01/frame-000262,1,0.02420,0.8432,1285,782,621,0.91,73.10,72.35,11.23,157.60
seq-01/frame-000263,1,0.04294,1.3223,1176,685,521,1.02,75.90,52.15,15.17,144.24
seq-01/frame-000264,1,0.02999,1.3758,1197,683,506,0.90,75.16,60.08,22.10,158.24
seq-01/frame-000265,1,0.02087,1.1351,1373,801,618,0.90,75.67,56.40,19.06,152.02
seq-01/frame-000266,1,0.01946,1.0797,1446,844,632,0.92,74.02,65.80,17.52,158.27
seq-01/frame-000267,1,0.02407,1.5323,1303,754,542,0.93,82.85,53.56,16.21,153.55
seq-01/frame-000268,1,0.03068,1.7634,1454,862,642,0.92,76.68,70.41,11.13,159.14
seq-01/frame-000269,1,0.01909,1.3362,1400,802,577,1.37,81.37,65.29,26.41,174.44
seq-01/frame-000270,1,0.02237,1.4946,1333,749,547,0.91,73.92,63.96,12.20,150.99
seq-01/frame-000271,1,0.02786,1.5048,1402,768,566,0.91,71.57,67.34,12.22,152.04
seq-01/frame-000272,1,0.00796,1.1439,1670,970,722,0.93,95.87,77.39,18.61,192.81
seq-01/frame-000273,1,0.01077,1.1239,1517,831,604,0.93,95.88,83.90,15.70,196.41
seq-01/frame-000274,1,0.02709,1.3357,1397,774,558,0.91,83.07,61.78,16.37,162.13
seq-01/frame-000275,1,0.01639,1.1050,1614,818,606,0.94,89.38,68.30,16.72,175.34
seq-01/frame-000276,1,0.01627,0.8618,1871,1064,787,0.95,83.32,90.60,24.92,199.80
seq-01/frame-000277,1,0.00843,1.1516,1597,867,621,0.95,80.58,66.03,10.88,158.44
seq-01/frame-000278,1,0.01546,0.9048,1628,847,628,0.94,82.54,70.45,21.68,175.62
seq-01/frame-000279,1,0.01094,0.8620,1960,1038,763,0.96,85.50,95.24,8.50,190.21
seq-01/frame-000280,1,0.02041,0.8885,2029,1082,759,1.70,90.31,101.59,14.79,208.39
seq-01/frame-000281,1,0.00923,1.1172,1720,901,666,0.96,68.10,75.82,19.96,164.85
seq-01/frame-000282,1,0.02621,0.8211,1721,872,629,0.97,82.35,78.53,15.48,177.33
seq-01/frame-000283,1,0.02052,1.0605,1892,933,657,1.23,102.61,92.01,10.90,206.75
seq-01/frame-000284,1,0.01378,1.0279,1881,902,652,0.96,101.49,86.16,9.52,198.13
seq-01/frame-000285,1,0.02078,1.1876,1770,896,628,0.95,97.32,84.17,13.11,195.55
seq-01/frame-000286,1,0.00906,1.0340,1878,886,625,0.95,100.07,97.92,10.70,209.64
seq-01/frame-000287,1,0.01805,0.7662,1887,903,635,0.96,89.78,88.60,37.95,217.28
seq-01/frame-000288,1,0.00671,0.7779,1826,856,591,0.96,88.50,84.78,18.89,193.13
seq-01/frame-000289,1,0.03053,1.3209,1836,872,583,1.87,95.53,95.86,17.07,210.32
seq-01/frame-000290,1,0.01071,1.1517,1683,829,571,0.96,82.79,81.71,29.10,195.90
seq-01/frame-000291,1,0.01290,0.8883,1760,768,515,2.67,75.09,109.35,20.06,207.18
seq-01/frame-000292,1,0.01015,1.1149,1713,810,559,0.97,76.11,111.99,14.64,203.71
seq-01/frame-000293,1,0.02155,1.0634,1720,788,520,0.95,78.34,95.82,13.35,188.47
seq-01/frame-000294,1,0.01744,1.3032,1614,768,502,0.94,88.09,73.63,28.84,191.51
seq-01/frame-000295,1,0.01927,1.0176,1562,723,485,0.94,81.70,71.67,14.51,168.82
seq-01/frame-000296,1,0.01379,0.8747,1732,792,528,0.94,99.33,71.84,23.22,195.34
seq-01/frame-000297,1,0.01117,1.2423,1618,736,512,0.94,95.44,71.72,33.26,201.37
seq-01/frame-000298,1,0.01922,1.3028,1455,651,455,0.93,100.42,69.50,91.24,262.10
seq-01/frame-000299,1,0.03892,1.2722,1600,716,484,0.93,89.40,62.41,56.46,209.21
seq-01/frame-000300,1,0.04580,1.2106,1669,823,570,0.95,88.49,186.76,18.03,294.24
seq-01/frame-000301,1,0.07074,1.7048,1678,806,566,0.94,85.90,184.67,18.31,289.82
seq-01/frame-000302,1,0.03501,1.2341,1709,838,587,0.94,110.42,128.57,8.74,248.67
seq-01/frame-000303,1,0.06096,1.1346,1775,928,656,0.96,213.13,87.00,17.03,318.12
seq-01/frame-000304,1,0.06414,1.9261,1961,1139,849,0.96,203.03,91.25,19.01,314.26
seq-01/frame-000305,1,0.06480,3.0117,2048,1062,747,0.97,173.98,86.14,25.56,286.65
seq-01/frame-000306,1,0.06041,3.4498,1913,1005,742,0.95,194.66,157.34,9.31,362.27
seq-01/frame-000307,1,0.08351,3.6861,2103,1243,953,1.30,160.82,103.63,15.88,281.64
seq-01/frame-000308,1,0.08118,3.2903,2072,1231,942,9.81,140.12,96.41,27.17,273.52
seq-01/frame-000309,1,0.09483,3.2815,1719,727,485,1.09,134.17,89.05,19.13,243.45
seq-01/frame-000310,1,0.09480,3.3655,2034,1311,1013,0.95,100.49,104.91,14.40,220.75
seq-01/frame-000311,1,0.08369,2.6977,2228,1393,1074,0.97,104.40,108.32,25.88,239.57
seq-01/frame-000312,1,0.07162,2.9174,2021,1238,973,0.93,95.51,94.06,17.09,207.60
seq-01/frame-000313,1,0.08089,2.7031,1897,1128,875,0.95,79.89,88.98,16.85,186.68
seq-01/frame-000314,1,0.07197,2.7216,2326,1501,1151,0.92,101.64,104.49,14.20,221.25
seq-01/frame-000315,1,0.06336,2.2799,2213,1440,1124,0.93,96.44,106.11,14.26,217.73
seq-01/frame-000316,1,0.03337,2.4005,1946,1147,884,0.89,99.09,95.46,13.13,208.56
seq-01/frame-000317,1,0.03365,0.4885,2484,1602,1214,1.21,111.98,121.69,16.97,251.86
seq-01/frame-000318,1,0.04662,0.5924,2445,1505,1160,1.49,112.26,124.38,26.83,264.95
seq-01/frame-000319,1,0.04393,1.0501,2299,1467,1160,0.92,114.75,125.66,21.61,262.94
seq-01/frame-000320,1,0.07503,1.8149,2195,1315,990,0.94,96.61,127.89,19.17,244.62
seq-01/frame-000321,1,0.04535,0.7422,2288,1370,1070,0.91,86.42,122.94,11.93,222.20
seq-01/frame-000322,1,0.03422,0.3984,2027,1256,964,0.90,98.16,105.41,14.64,219.12
seq-01/frame-000323,1,0.04271,0.6528,2019,1172,892,0.92,91.96,113.02,22.99,228.90
seq-01/frame-000324,1,0.02262,0.4828,2033,1240,973,0.94,84.20,105.65,25.91,216.70
seq-01/frame-000325,1,0.05643,1.1379,1956,1212,967,0.92,84.74,92.96,22.77,201.40
seq-01/frame-000326,1,0.04973,0.7867,2231,1398,1110,0.94,98.56,106.55,19.07,225.13
seq-01/frame-000327,1,0.03873,0.8375,2055,1333,1045,0.93,97.45,91.81,14.04,204.23
seq-01/frame-000328,1,0.04199,0.8922,2472,1457,1103,1.19,116.80,106.54,16.33,240.88
seq-01/frame-000329,1,0.03763,0.7244,2557,1555,1176,0.95,111.62,117.20,19.87,249.65
seq-01/frame-000330,1,0.03173,0.6535,2626,1482,1103,3.29,111.39,108.73,26.07,249.49
seq-01/frame-000331,1,0.04493,1.1247,2443,1409,1072,0.92,118.05,121.01,16.08,256.05
seq-01/frame-000332,1,0.04766,1.1480,2677,1543,1157,0.96,128.82,120.09,20.90,270.78
seq-01/frame-000333,1,0.04156,1.0225,2630,1501,1130,0.97,96.43,144.98,14.09,256.47
seq-01/frame-000334,1,0.03715,0.8933,2696,1497,1104,0.98,103.35,136.13,23.96,264.43
seq-01/frame-000335,1,0.02618,0.6129,2009,1222,944,0.92,102.31,112.57,21.44,237.24
seq-01/frame-000336,1,0.03732,0.8669,1873,1155,878,0.91,85.30,102.45,16.98,205.65
seq-01/frame-000337,1,0.03382,0.7826,1585,853,649,0.90,76.37,87.54,11.35,176.17
seq-01/frame-000338,1,0.06088,1.2909,1816,1077,847,0.88,79.29,105.87,12.26,198.30
seq-01/frame-000339,1,0.05674,0.9782,1657,847,656,0.91,86.39,80.15,19.92,187.37
seq-01/frame-000340,1,0.05989,1.0433,1649,913,698,0.90,77.70,81.42,17.30,177.32
seq-01/frame-000341,1,0.07560,1.4126,1689,999,790,0.92,88.70,96.48,25.25,211.36
seq-01/frame-000342,1,0.07652,1.3859,1337,767,591,0.90,79.47,66.68,13.70,160.76
seq-01/frame-000343,1,0.07033,1.5980,1861,1080,842,0.89,103.01,96.88,14.03,214.83
seq-01/frame-000344,1,0.08214,1.5032,1411,833,627,0.92,91.28,81.41,12.06,185.67
seq-01/frame-000345,1,0.09929,2.3062,1744,931,725,0.89,96.52,86.24,18.91,202.57
seq-01/frame-000346,1,0.09295,1.9737,1347,721,544,0.86,66.49,78.91,24.75,171.02
seq-01/frame-000347,1,0.10291,2.0961,1303,677,514,1.19,86.33,64.87,17.55,169.95
seq-01/frame-000348,1,0.11773,2.6235,1512,809,623,0.95,92.55,143.39,37.06,273.95
seq-01/frame-000349,1,0.09655,2.2808,1770,981,741,1.16,110.48,132.52,24.47,268.64
seq-01/frame-000350,1,0.01615,0.7382,1353,689,527,0.88,84.26,109.93,63.11,258.19
seq-01/frame-000351,1,0.13166,2.8495,1178,577,425,1.50,84.75,80.88,72.39,239.52
seq-01/frame-000352,1,0.14275,3.1205,1150,566,412,0.87,109.15,78.11,31.54,219.67
seq-01/frame-000353,1,0.12131,2.8253,1261,637,476,0.86,106.98,96.25,19.03,223.11
seq-01/frame-000354,1,0.14548,3.3297,1444,746,556,1.04,80.32,92.52,20.17,194.05
seq-01/frame-000355,1,0.12237,2.8539,1296,629,451,0.87,110.35,88.31,17.61,217.14
seq-01/frame-000356,1,0.14021,3.0835,1335,672,512,0.86,176.49,97.65,15.99,290.99
seq-01/frame-000357,1,0.08000,2.1544,975,460,322,0.81,91.03,70.95,16.56,179.35
seq-01/frame-000358,1,0.15720,3.4179,1556,844,650,5.98,115.57,77.70,17.20,216.46
seq-01/frame-000359,1,0.14170,2.1263,1123,505,343,0.84,96.92,54.64,16.67,169.07
seq-01/frame-000360,1,0.06836,1.4786,1176,577,405,1.26,88.24,49.34,25.27,164.12
seq-01/frame-000361,1,0.19067,3.8304,1108,484,321,3.62,102.53,47.02,13.98,167.16
seq-01/frame-000362,1,0.09185,1.8208,1300,632,476,0.83,104.69,65.56,10.44,181.52
seq-01/frame-000363,1,0.09743,2.0192,1331,670,497,1.96,111.58,67.53,12.31,193.39
seq-01/frame-000364,1,0.09397,2.0910,1397,663,476,2.28,100.10,73.24,10.94,186.56
seq-01/frame-000365,1,0.10752,2.2685,2023,895,665,1.01,114.55,104.37,18.16,238.09
seq-01/frame-000366,1,0.09430,1.9506,1955,889,692,0.91,111.88,95.67,29.73,238.19
seq-01/frame-000367,1,0.11547,2.1515,1139,485,336,0.83,65.20,57.21,9.05,132.29
seq-01/frame-000368,1,0.10740,2.4523,1877,823,609,0.88,113.08,197.82,11.14,322.93
seq-01/frame-000369,1,0.12657,2.8928,1065,443,309,0.79,74.53,81.93,15.62,172.86
seq-01/frame-000370,1,0.09033,2.1705,1981,924,711,0.87,91.63,212.29,9.39,314.19
seq-01/frame-000371,1,0.07540,1.9603,2222,1016,778,0.98,118.96,200.46,8.34,328.74
seq-01/frame-000372,1,0.07842,2.0229,2144,1016,782,1.04,131.03,172.03,19.17,323.28
seq-01/frame-000373,1,0.09328,2.2458,1921,941,728,0.98,127.06,171.97,10.87,310.88
seq-01/frame-000374,1,0.13922,3.3163,2161,1049,781,0.90,156.50,173.85,17.36,348.61
seq-01/frame-000375,1,0.18559,4.2903,1880,933,706,0.88,197.01,94.69,10.23,302.82
seq-01/frame-000376,1,0.11119,2.7835,2084,1041,799,2.24,202.48,104.46,15.07,324.25
seq-01/frame-000377,1,0.20379,4.6092,1715,837,632,2.26,184.20,83.02,9.12,278.60
seq-01/frame-000378,1,0.09507,2.5532,1828,929,739,0.86,173.01,90.87,17.36,282.10
seq-01/frame-000379,1,0.10957,2.8923,1506,783,614,0.82,70.90,102.77,9.22,183.71
seq-01/frame-000380,1,0.13276,3.2612,1722,881,718,0.84,85.43,107.93,20.48,214.69
seq-01/frame-000381,1,0.13938,3.4753,1556,829,667,0.82,78.66,91.62,14.30,185.39
seq-01/frame-000382,1,0.14251,3.3781,1608,872,684,0.83,88.57,105.69,11.43,206.53
seq-01/frame-000383,1,0.17205,4.0597,1339,669,546,0.78,76.05,86.02,16.98,179.84
seq-01/frame-000384,1,0.14942,3.6861,1757,891,725,0.84,105.38,96.82,29.94,232.98
seq-01/frame-000385,1,0.15248,3.7042,1607,808,637,0.82,106.15,94.62,21.72,223.31
seq-01/frame-000386,1,0.22165,5.0879,1076,560,447,0.78,64.24,77.75,10.76,153.54
seq-01/frame-000387,1,0.17155,4.2950,1523,802,643,0.83,93.67,103.63,10.24,208.38
seq-01/frame-000388,1,0.16494,4.3267,1870,907,696,0.93,120.11,95.60,10.97,227.62
seq-01/frame-000389,1,0.16084,4.2195,1646,793,665,0.88,105.19,86.59,9.51,202.17
seq-01/frame-000390,1,0.17173,4.5237,1962,939,721,1.07,100.53,93.48,19.94,215.03
seq-01/frame-000391,1,0.17694,4.5693,1681,816,665,0.86,81.07,65.42,17.26,164.61
seq-01/frame-000392,1,0.18339,4.6914,1981,981,770,5.06,115.52,96.50,14.27,231.35
seq-01/frame-000393,1,0.18898,4.9188,2027,986,776,1.61,111.62,96.28,13.54,223.06
seq-01/frame-000394,1,0.18199,4.7611,1910,916,735,0.88,108.04,82.91,10.85,202.69
seq-01/frame-000395,1,0.18879,4.8536,2017,923,698,0.94,81.31,96.50,13.20,191.96
seq-01/frame-000396,1,0.19128,4.9328,2089,1002,778,0.91,103.94,122.15,17.42,244.43
seq-01/frame-000397,1,0.19212,4.8518,2121,985,757,0.95,102.50,119.94,14.49,237.88
seq-01/frame-000398,1,0.17605,4.5220,1839,893,721,0.90,88.05,100.90,15.69,205.54
seq-01/frame-000399,1,0.17873,4.6494,1343,570,443,0.85,68.52,88.90,8.31,166.58
seq-01/frame-000400,1,0.18151,4.5140,1389,629,485,0.82,80.01,73.42,9.17,163.43
seq-01/frame-000401,1,0.20618,5.0900,1708,848,666,0.84,79.41,70.72,9.07,160.05
seq-01/frame-000402,1,0.18170,4.7542,1846,860,662,0.90,99.65,91.05,11.79,203.39
seq-01/frame-000403,1,0.18019,4.6185,2313,1094,873,0.88,113.42,108.14,10.61,233.06
seq-01/frame-000404,1,0.17374,4.5667,2195,1048,812,0.88,92.36,109.26,14.38,216.88
seq-01/frame-000405,1,0.18227,4.4604,2267,1000,782,0.88,102.59,110.51,19.81,233.80
seq-01/frame-000406,1,0.17811,4.4416,2252,1162,919,0.90,106.85,127.90,12.39,248.04
seq-01/frame-000407,1,0.18202,4.3346,1990,910,698,0.92,97.40,95.32,13.25,206.89
seq-01/frame-000408,1,0.16670,4.2063,2455,1166,923,0.88,114.39,111.10,10.21,236.58
seq-01/frame-000409,1,0.16456,4.1339,2170,982,786,0.85,102.49,101.36,20.23,224.94
seq-01/frame-000410,1,0.16338,4.1703,2498,1142,888,0.93,108.68,130.46,15.00,255.07
seq-01/frame-000411,1,0.15135,3.8095,2433,1098,834,0.90,96.77,107.97,14.05,219.69
seq-01/frame-000412,1,0.21720,5.1201,2661,1219,894,0.92,104.33,132.96,11.48,249.69
seq-01/frame-000413,1,0.16227,4.0599,2608,1176,937,0.94,105.17,133.73,15.56,255.40
seq-01/frame-000414,1,0.15634,3.9995,2694,1217,923,0.94,108.93,138.01,18.57,266.46
seq-01/frame-000415,1,0.19290,4.5915,2472,1160,889,1.27,127.62,113.02,12.36,254.27
seq-01/frame-000416,1,0.20614,4.8158,2649,1210,923,0.92,106.65,116.36,14.82,238.75
seq-01/frame-000417,1,0.15142,3.7646,2641,1129,878,2.09,96.44,144.28,14.56,257.38
seq-01/frame-000418,1,0.16826,4.0812,2685,1217,953,0.95,122.93,111.02,15.33,250.23
seq-01/frame-000419,1,0.19195,4.6114,2750,1253,950,0.97,105.01,129.22,15.89,251.09
seq-01/frame-000420,1,0.17881,4.3369,2679,1232,931,0.92,131.65,127.41,21.45,281.43
seq-01/frame-000421,1,0.24981,5.6244,2684,1193,887,0.94,104.17,123.48,10.82,239.42
seq-01/frame-000422,1,0.22127,5.1094,2713,1258,956,0.94,113.60,127.14,12.98,254.66
seq-01/frame-000423,1,0.21859,5.0576,2478,1133,864,0.88,110.83,114.08,14.51,240.31
seq-01/frame-000424,1,0.15944,3.7822,2574,1183,916,0.92,105.84,142.24,13.90,262.90
seq-01/frame-000425,1,0.19868,4.5133,2759,1238,944,0.94,110.66,147.04,13.43,272.08
seq-01/frame-000426,1,0.10820,2.9149,2618,1113,822,0.91,102.18,131.45,15.60,250.15
seq-01/frame-000427,1,0.19302,4.4719,2497,1110,839,1.31,109.06,119.23,11.58,241.19
seq-01/frame-000428,1,0.18908,4.3519,2435,1097,808,1.69,135.16,126.51,20.81,284.17
seq-01/frame-000429,1,0.17551,3.7238,2696,1264,976,0.89,122.13,148.36,12.65,284.03
seq-01/frame-000430,1,0.17046,3.8769,2671,1246,944,0.93,111.71,138.03,14.06,264.75
seq-01/frame-000431,1,0.16716,3.8080,2497,1172,874,0.90,89.12,132.21,13.63,235.87
seq-01/frame-000432,1,0.15827,3.6104,2635,1259,937,0.94,98.28,138.74,15.80,253.77
seq-01/frame-000433,1,0.15240,3.4219,2458,1160,862,0.92,98.75,127.97,15.12,242.77
seq-01/frame-000434,1,0.14052,3.2996,2455,1187,930,0.92,97.71,119.33,14.41,232.37
seq-01/frame-000435,1,0.11939,2.6809,2186,1084,848,0.87,96.08,97.15,10.53,204.63
seq-01/frame-000436,1,0.10480,2.3861,1996,964,746,0.88,121.51,103.49,11.57,237.44
seq-01/frame-000437,1,0.10219,2.1722,1878,912,686,0.87,85.42,82.72,13.59,182.61
seq-01/frame-000438,1,0.07303,1.6961,1823,944,727,0.88,86.53,82.72,9.86,179.98
seq-01/frame-000439,1,0.07637,1.6884,2031,1004,785,1.35,86.62,100.78,11.97,200.73
seq-01/frame-000440,1,0.05832,1.5949,2066,1108,893,0.87,98.20,100.26,14.92,214.26
seq-01/frame-000441,1,0.06430,1.3920,2102,1118,878,0.88,107.30,103.07,17.57,228.82
seq-01/frame-000442,1,0.06608,1.4308,2080,1134,911,1.13,95.42,102.46,22.46,221.47
seq-01/frame-000443,1,0.03454,0.9896,1741,1064,861,0.83,96.79,77.10,17.92,192.63
seq-01/frame-000444,1,0.03287,0.8350,1514,866,683,0.82,92.89,80.20,8.15,182.06
seq-01/frame-000445,1,0.03593,0.9082,1491,922,743,0.81,80.50,88.15,11.59,181.05
seq-01/frame-000446,1,0.03129,0.6675,1952,1258,1029,0.86,108.53,86.05,14.38,209.82
seq-01/frame-000447,1,0.02698,0.4725,1757,1198,994,0.83,104.97,80.30,20.77,206.88
seq-01/frame-000448,1,0.02819,0.5120,2604,1632,1360,0.92,104.48,124.85,21.73,251.99
seq-01/frame-000449,1,0.02502,0.5456,2115,1444,1222,1.22,81.50,96.27,26.29,205.29
seq-01/frame-000450,1,0.05721,1.2736,1350,813,640,0.82,87.03,70.96,18.85,177.66
seq-01/frame-000451,1,0.04701,1.0792,1438,927,745,0.82,81.81,84.48,14.09,181.21
seq-01/frame-000452,1,0.04428,0.9094,1329,741,579,0.81,72.61,83.31,21.22,177.95
seq-01/frame-000453,1,0.03855,0.8203,1668,1156,940,0.90,84.29,105.68,20.60,211.48
seq-01/frame-000454,1,0.04004,0.6842,1293,832,684,1.07,85.04,80.68,15.53,182.32
seq-01/frame-000455,1,0.02729,0.5356,1336,893,729,0.81,82.79,78.91,15.24,177.76
seq-01/frame-000456,1,0.06633,0.9714,1193,655,494,0.80,73.20,68.54,19.73,162.28
seq-01/frame-000457,1,0.02393,0.3239,1513,1051,873,0.83,101.83,90.83,20.65,214.14
seq-01/frame-000458,1,0.02356,0.3850,1564,1112,910,1.55,102.60,87.98,19.72,211.85
seq-01/frame-000459,1,0.02402,0.2660,1381,977,748,0.97,100.60,77.02,14.52,193.11
seq-01/frame-000460,1,0.01749,0.0567,1954,1457,1200,1.07,107.19,121.32,28.00,257.58
seq-01/frame-000461,1,0.02084,0.1551,2053,1482,1241,1.82,117.28,120.59,34.07,273.77
seq-01/frame-000462,1,0.01422,0.3217,2226,1640,1386,1.65,122.21,122.18,21.26,267.31
seq-01/frame-000463,1,0.02006,0.6549,2360,1769,1476,1.31,120.22,127.95,18.43,267.91
seq-01/frame-000464,1,0.02636,0.5213,2192,1641,1381,1.32,110.80,137.37,28.28,277.77
seq-01/frame-000465,1,0.01223,0.2709,2290,1725,1437,1.34,124.26,127.45,22.35,275.40
seq-01/frame-000466,1,0.00695,0.2819,2260,1725,1426,1.34,111.91,134.06,17.04,264.36
seq-01/frame-000467,1,0.01170,0.2706,2180,1633,1356,1.42,120.38,131.48,25.93,279.21
seq-01/frame-000468,1,0.00762,0.2431,2203,1682,1411,0.97,116.98,131.67,17.36,266.98
seq-01/frame-000469,1,0.02346,0.4806,2138,1551,1290,1.55,118.03,144.39,58.21,322.18
seq-01/frame-000470,1,0.02952,0.6120,2088,1548,1327,1.50,113.37,185.91,17.00,317.77
seq-01/frame-000471,1,0.02266,0.4552,2203,1615,1371,0.92,123.07,171.57,29.01,324.58
seq-01/frame-000472,1,0.03078,0.5717,2154,1527,1296,1.89,128.70,161.28,23.32,315.19
seq-01/frame-000473,1,0.02081,0.4388,2104,1540,1306,1.02,142.32,139.21,18.05,300.60
seq-01/frame-000474,1,0.05441,0.9857,2069,1463,1246,2.16,150.07,136.85,11.40,300.48
seq-01/frame-000475,1,0.02345,0.4375,2053,1492,1245,1.19,165.79,116.98,20.53,304.50
seq-01/frame-000476,1,0.03350,0.6582,1865,1277,1063,0.99,165.02,110.83,15.48,292.31
seq-01/frame-000477,1,0.02959,0.7288,1750,1186,983,1.19,141.50,105.37,63.88,311.94
seq-01/frame-000478,1,0.04564,0.8393,1971,1322,1106,1.67,137.88,155.68,24.90,320.14
seq-01/frame-000479,1,0.05222,0.9206,1945,1257,1055,6.40,111.14,167.04,16.35,300.94
seq-01/frame-000480,1,0.06596,0.7416,1934,1239,1018,0.87,164.26,120.09,13.81,299.05
seq-01/frame-000481,1,0.05477,0.9198,2092,1357,1104,0.92,172.06,123.44,21.55,317.96
seq-01/frame-000482,1,0.04842,0.9141,2026,1326,1110,0.88,142.77,108.12,27.00,278.77
seq-01/frame-000483,1,0.05912,0.8775,2293,1490,1188,0.93,180.34,150.87,37.84,369.98
seq-01/frame-000484,1,0.04413,0.8449,2287,1489,1169,0.93,187.24,157.85,13.74,359.77
seq-01/frame-000485,1,0.05881,1.1712,2251,1405,1127,0.93,172.72,129.28,14.50,317.42
seq-01/frame-000486,1,0.07349,1.2318,2208,1391,1111,0.93,173.40,160.19,15.98,350.49
seq-01/frame-000487,1,0.08578,1.4652,2361,1408,1093,1.11,124.17,124.37,23.75,273.39
seq-01/frame-000488,1,0.06852,1.1743,2373,1415,1130,6.27,143.79,144.69,21.93,316.68
seq-01/frame-000489,1,0.04976,0.8306,2385,1466,1173,0.94,146.50,193.37,23.13,363.95
seq-01/frame-000490,1,0.07700,1.3775,2476,1502,1196,0.94,235.45,233.58,20.16,490.13
seq-01/frame-000491,1,0.03781,0.6763,2413,1435,1138,1.42,118.81,178.58,50.85,349.66
seq-01/frame-000492,1,0.05627,1.0490,2468,1411,1102,1.37,135.18,286.36,19.87,442.79
seq-01/frame-000493,1,0.07644,1.4342,2368,1378,1086,1.54,126.38,206.60,25.72,360.24
seq-01/frame-000494,1,0.08722,1.7105,2412,1364,1075,1.33,162.18,198.38,16.14,378.03
seq-01/frame-000495,1,0.07078,1.4195,2330,1373,1032,0.95,168.45,201.61,33.55,404.57
seq-01/frame-000496,1,0.05717,1.1262,2356,1387,1096,1.75,160.80,210.91,26.47,399.94
seq-01/frame-000497,1,0.05353,1.1475,2421,1413,1112,1.36,159.03,184.19,53.37,398.87
seq-01/frame-000498,1,0.06586,1.3000,2426,1412,1127,1.39,186.36,411.00,53.46,652.21
seq-01/frame-000499,1,0.04969,1.0458,2353,1291,1028,0.96,198.96,545.27,34.79,779.99
seq-01/frame-000500,1,0.05511,1.0548,2457,1370,1095,0.96,168.53,532.59,27.51,729.59
seq-01/frame-000501,1,0.04848,0.9681,2384,1325,1021,1.37,391.96,329.19,30.26,752.79
seq-01/frame-000502,1,0.04180,0.8491,2581,1428,1111,2.58,437.31,310.18,55.25,805.32
seq-01/frame-000503,1,0.03501,0.7006,2558,1425,1043,0.96,395.19,369.34,46.47,811.97
seq-01/frame-000504,1,0.06230,1.2478,2547,1351,1029,3.89,442.00,273.29,112.12,831.30
seq-01/frame-000505,1,0.03681,0.7581,2569,1469,1122,0.96,396.59,289.83,106.04,793.42
seq-01/frame-000506,1,0.04819,1.0397,2566,1406,1063,0.95,482.45,381.39,66.99,931.79
seq-01/frame-000507,1,0.06083,1.2489,2583,1361,1044,1.19,448.74,278.06,80.39,808.38
seq-01/frame-000508,1,0.03615,0.6777,2551,1369,1031,2.80,262.06,398.79,50.95,714.60
seq-01/frame-000509,1,0.03459,0.6635,2574,1405,1087,4.68,308.47,315.87,34.99,664.01
seq-01/frame-000510,1,0.03338,0.6241,2603,1405,1040,3.02,302.60,313.87,20.89,640.38
seq-01/frame-000511,1,0.05374,1.0650,2445,1349,996,2.08,323.84,248.78,40.31,615.01
seq-01/frame-000512,1,0.05500,1.0945,2678,1454,1111,2.57,276.18,278.78,147.32,704.85
seq-01/frame-000513,1,0.02736,0.6928,2654,1428,1072,2.53,294.25,280.42,108.22,685.41
seq-01/frame-000514,1,0.04499,0.9440,2653,1407,1097,1.17,265.07,281.29,25.93,573.46
seq-01/frame-000515,1,0.03626,0.7716,2657,1363,1048,1.26,256.76,375.56,20.50,654.08
seq-01/frame-000516,1,0.04722,0.8970,2719,1412,1078,1.08,260.61,370.19,84.56,716.45
seq-01/frame-000517,1,0.05854,1.1484,2568,1409,1113,4.85,230.51,180.46,15.98,431.80
seq-01/frame-000518,1,0.03275,0.6781,2657,1495,1167,0.97,220.75,688.13,30.32,940.18
seq-01/frame-000519,1,0.05514,1.1494,2530,1420,1118,1.25,443.66,431.85,20.87,897.64
seq-01/frame-000520,1,0.03642,0.7987,2711,1456,1120,2.55,439.19,477.03,13.49,932.26
seq-01/frame-000521,1,0.04227,0.8579,2710,1426,1079,0.97,513.74,248.48,71.54,834.74
seq-01/frame-000522,1,0.02010,0.3955,2692,1510,1172,2.08,579.96,206.90,28.67,817.61
seq-01/frame-000523,1,0.03193,0.6448,2819,1480,1154,1.62,539.53,263.47,16.01,820.63
seq-01/frame-000524,1,0.03780,0.6701,2345,1404,1135,1.43,521.59,179.75,14.92,717.69
seq-01/frame-000525,1,0.03835,0.8026,2424,1480,1201,1.51,508.11,213.75,29.39,752.76
seq-01/frame-000526,1,0.04232,0.9694,2710,1514,1203,0.95,525.90,239.28,23.91,790.04
seq-01/frame-000527,1,0.03330,0.6719,2767,1671,1325,1.48,483.52,195.82,34.40,715.23
seq-01/frame-000528,1,0.03910,0.6384,2744,1619,1286,0.95,194.20,295.29,14.11,504.56
seq-01/frame-000529,1,0.02268,0.4469,2953,1658,1322,5.79,149.09,233.17,19.81,407.87
seq-01/frame-000530,1,0.02879,0.5721,2797,1674,1336,0.96,171.51,216.02,33.92,422.41
seq-01/frame-000531,1,0.02560,0.4847,2785,1607,1298,1.10,172.17,193.51,31.00,397.79
seq-01/frame-000532,1,0.02030,0.4196,2843,1588,1250,1.84,181.78,201.55,49.20,434.37
seq-01/frame-000533,1,0.02698,0.6732,2850,1612,1265,1.98,169.64,182.16,27.45,381.22
seq-01/frame-000534,1,0.01723,0.3659,2963,1647,1300,1.01,163.28,219.51,38.73,422.54
seq-01/frame-000535,1,0.01433,0.4620,2969,1911,1515,0.98,183.47,228.62,25.42,438.48
seq-01/frame-000536,1,0.00759,0.3585,2740,1778,1455,0.95,269.84,179.23,23.90,473.93
seq-01/frame-000537,1,0.00451,0.4123,2627,1740,1393,0.98,165.46,173.51,24.05,364.01
seq-01/frame-000538,1,0.00831,0.5581,2855,1851,1504,1.58,183.53,169.98,28.00,383.10
seq-01/frame-000539,1,0.00905,0.6455,2890,1908,1534,1.40,153.27,174.41,45.18,374.27
seq-01/frame-000540,1,0.02434,0.7690,2944,1812,1480,1.30,143.20,333.77,28.13,506.41
seq-01/frame-000541,1,0.01929,0.7673,3040,1923,1518,0.97,146.52,205.08,50.21,402.78
seq-01/frame-000542,1,0.02090,0.6568,3071,1856,1446,1.74,146.30,258.15,32.14,438.33
seq-01/frame-000543,1,0.02006,0.6473,3042,1819,1428,0.98,128.82,222.31,23.40,375.50
seq-01/frame-000544,1,0.02334,0.6302,2860,1759,1404,0.98,125.07,236.17,30.25,392.47
seq-01/frame-000545,1,0.02080,0.8142,3058,1794,1411,0.95,145.67,218.52,20.35,385.49
seq-01/frame-000546,1,0.02855,0.9073,3092,1767,1370,0.96,153.12,249.13,41.75,444.97
seq-01/frame-000547,1,0.02798,0.9308,2843,1895,1568,0.96,132.40,208.12,27.87,369.36
seq-01/frame-000548,1,0.02927,1.0080,3118,1961,1569,1.27,165.14,138.31,12.19,316.92
seq-01/frame-000549,1,0.01826,0.4102,3110,1998,1615,1.32,184.51,167.39,21.17,374.40
seq-01/frame-000550,1,0.02139,0.6029,3237,2026,1645,1.71,155.79,177.97,37.31,372.78
seq-01/frame-000551,1,0.02292,0.7609,3184,2027,1626,1.34,167.28,201.14,38.70,408.46
seq-01/frame-000552,1,0.01846,0.4885,3226,2018,1620,2.67,153.87,197.70,36.19,390.43
seq-01/frame-000553,1,0.02220,0.4537,3215,1957,1594,4.57,167.51,216.74,55.87,444.69
seq-01/frame-000554,1,0.02581,0.5095,3297,2104,1705,0.99,147.95,240.58,38.77,428.30
seq-01/frame-000555,1,0.02399,0.4721,3205,1963,1570,1.02,134.79,235.99,33.60,405.41
seq-01/frame-000556,1,0.02280,0.7561,3199,2014,1630,1.02,137.51,222.89,17.57,379.00
seq-01/frame-000557,1,0.03172,0.4465,3183,1939,1545,0.98,111.97,220.57,13.36,346.88
seq-01/frame-000558,1,0.02434,0.7630,3228,2108,1688,1.79,148.04,275.05,20.58,445.46
seq-01/frame-000559,1,0.02387,0.9001,3269,2037,1640,1.01,184.46,190.20,24.22,399.90
seq-01/frame-000560,1,0.02622,1.0309,3278,2122,1700,1.02,178.52,189.93,26.78,396.25
seq-01/frame-000561,1,0.02042,0.5681,3201,2072,1698,0.99,156.51,190.44,20.76,368.70
seq-01/frame-000562,1,0.02215,0.7763,3391,2210,1784,0.99,156.65,193.58,21.50,372.73
seq-01/frame-000563,1,0.02542,0.6419,3328,2158,1713,1.02,126.71,195.04,22.81,345.58
seq-01/frame-000564,1,0.02267,0.6461,3331,2141,1693,1.01,146.83,186.52,25.69,360.04
seq-01/frame-000565,1,0.02268,0.7010,3159,2117,1725,1.00,146.72,170.16,50.60,368.48
seq-01/frame-000566,1,0.02101,0.5833,3217,2132,1737,0.99,153.64,187.66,30.68,372.99
seq-01/frame-000567,1,0.02001,0.8035,2899,2032,1680,4.73,135.41,160.23,21.02,321.39
seq-01/frame-000568,1,0.02659,0.9107,3290,2116,1737,1.05,159.53,188.11,36.73,385.43
seq-01/frame-000569,1,0.02715,0.7856,3327,2032,1620,1.03,139.85,196.13,48.71,385.73
seq-01/frame-000570,1,0.02101,0.7377,3058,2084,1718,0.95,152.08,195.22,33.86,382.12
seq-01/frame-000571,1,0.02841,0.8132,3161,2162,1760,0.97,157.62,238.14,25.45,422.18
seq-01/frame-000572,1,0.04198,1.0410,3331,2241,1797,0.99,172.44,243.51,25.43,442.37
seq-01/frame-000573,1,0.03032,0.7588,3259,2028,1620,1.38,157.15,246.30,33.34,438.17
seq-01/frame-000574,1,0.03602,0.8225,3298,2062,1654,1.04,159.06,249.03,33.63,442.77
seq-01/frame-000575,1,0.03752,0.8918,3244,2154,1712,2.64,150.68,242.16,29.04,424.52
seq-01/frame-000576,1,0.02662,0.8645,3210,2164,1705,1.68,154.20,276.68,80.69,513.25
seq-01/frame-000577,1,0.03725,0.9285,3261,2125,1655,1.05,150.19,274.10,78.52,503.85
seq-01/frame-000578,1,0.03328,0.9474,3287,2167,1722,1.05,184.96,301.54,25.95,513.52
seq-01/frame-000579,1,0.03675,0.9352,3305,2014,1547,1.09,187.53,276.88,21.12,486.63
seq-01/frame-000580,1,0.04031,0.9177,3464,2196,1741,1.41,212.31,258.59,25.65,497.96
seq-01/frame-000581,1,0.04076,1.1035,3424,2279,1796,1.04,219.30,240.94,34.41,495.69
seq-01/frame-000582,1,0.03270,1.0770,3508,2420,1932,1.47,219.05,227.09,26.23,473.83
seq-01/frame-000583,1,0.04506,1.2126,3647,2421,1856,2.00,243.26,218.30,23.81,487.38
seq-01/frame-000584,1,0.03780,1.0642,3585,2325,1801,6.50,221.93,223.68,22.10,474.22
seq-01/frame-000585,1,0.04060,1.0708,3581,2296,1776,4.19,228.34,211.22,50.37,494.13
seq-01/frame-000586,1,0.04157,0.9069,3080,1990,1555,0.97,191.37,191.38,22.91,406.64
seq-01/frame-000587,1,0.02790,0.9981,3430,2261,1765,2.23,189.00,209.76,15.95,416.95
seq-01/frame-000588,1,0.03670,0.9713,3616,2284,1744,2.72,160.29,253.34,31.80,448.16
seq-01/frame-000589,1,0.02616,0.7643,3705,2296,1743,1.10,170.69,278.53,26.70,477.02
seq-01/frame-000590,1,0.03522,1.0094,3689,2230,1729,1.08,154.59,276.69,22.32,454.68
seq-01/frame-000591,1,0.03618,0.7999,3746,2279,1747,1.34,192.99,248.02,28.22,470.57
seq-01/frame-000592,1,0.03449,0.9694,3793,2362,1836,2.55,201.68,243.68,25.16,473.06
seq-01/frame-000593,1,0.03026,0.8825,3695,2343,1783,1.35,234.68,202.80,31.67,470.50
seq-01/frame-000594,1,0.03106,0.9310,3690,2382,1875,1.03,225.93,223.98,21.87,472.80
seq-01/frame-000595,1,0.04127,1.1450,3740,2433,1908,1.37,239.50,219.08,22.08,482.03
seq-01/frame-000596,1,0.03300,0.8993,3694,2390,1862,1.03,234.56,210.91,18.27,464.78
seq-01/frame-000597,1,0.03478,0.8633,3852,2336,1767,1.06,218.61,235.13,16.23,471.04
seq-01/frame-000598,1,0.03438,0.8859,3858,2291,1656,1.14,171.55,214.24,30.30,417.23
seq-01/frame-000599,1,0.03738,0.9810,3769,2220,1646,1.07,168.58,190.05,24.97,384.67
seq-01/frame-000600,1,0.04970,1.0411,3901,2205,1607,1.39,170.17,219.14,36.17,426.88
seq-01/frame-000601,1,0.03241,0.8621,3798,2190,1608,1.07,155.35,224.50,89.95,470.87
seq-01/frame-000602,1,0.04115,0.8709,3817,2182,1566,1.06,158.49,306.03,125.26,590.84
seq-01/frame-000603,1,0.04515,1.0682,3842,2169,1568,1.10,162.40,405.48,48.51,617.49
seq-01/frame-000604,1,0.04734,1.1858,3904,2167,1548,1.08,162.27,288.71,129.82,581.88
seq-01/frame-000605,1,0.05080,1.1125,3947,2218,1607,1.08,191.61,400.15,41.95,634.80
seq-01/frame-000606,1,0.05646,1.5170,3971,2435,1792,2.39,164.04,444.76,141.76,752.95
seq-01/frame-000607,1,0.05205,1.3886,3946,2207,1557,1.05,150.26,426.59,77.43,655.33
seq-01/frame-000608,1,0.04526,1.3651,3979,2457,1818,1.32,350.44,298.84,34.24,684.84
seq-01/frame-000609,1,0.04600,1.4277,3704,2409,1819,1.00,380.22,355.19,30.60,767.01
seq-01/frame-000610,1,0.05475,1.5733,4000,2487,1801,1.02,375.87,281.17,25.64,683.70
seq-01/frame-000611,1,0.05245,1.4783,3526,2246,1681,5.43,301.83,252.49,30.34,590.10
seq-01/frame-000612,1,0.06059,1.3771,3430,2052,1515,1.07,188.83,245.61,22.77,458.28
seq-01/frame-000613,1,0.05799,1.7429,4000,2463,1798,1.02,224.76,281.34,37.06,544.20
seq-01/frame-000614,1,0.07262,1.6565,3035,1825,1356,1.20,173.73,204.23,31.06,410.23
seq-01/frame-000615,1,0.06940,1.6630,3801,2226,1636,1.63,205.00,251.48,19.67,477.79
seq-01/frame-000616,1,0.05635,1.5170,3845,2314,1651,1.04,191.17,250.95,27.25,470.41
seq-01/frame-000617,1,0.07106,1.6275,3156,1964,1420,1.01,179.48,175.41,15.14,371.05
seq-01/frame-000618,1,0.06630,1.5120,3516,2278,1710,1.80,155.94,182.47,51.91,392.12
seq-01/frame-000619,1,0.07191,1.6055,3439,2010,1447,1.03,152.43,212.09,27.04,392.59
seq-01/frame-000620,1,0.06989,1.6959,3172,1939,1448,1.66,143.10,199.57,34.32,378.65
seq-01/frame-000621,1,0.06502,0.9822,2786,1803,1331,0.99,131.14,164.63,37.80,334.56
seq-01/frame-000622,1,0.06684,1.3177,3097,1804,1309,1.00,118.00,223.06,26.67,368.73
seq-01/frame-000623,1,0.07761,1.6717,3406,2092,1575,1.04,134.28,227.07,34.66,397.07
seq-01/frame-000624,1,0.08135,1.5210,3868,2363,1756,1.02,168.87,217.54,85.68,473.11
seq-01/frame-000625,1,0.06404,1.2224,4000,2547,1876,1.00,171.77,282.36,77.09,532.22
seq-01/frame-000626,1,0.07918,1.6425,3795,2385,1769,1.03,192.55,450.78,83.22,727.58
seq-01/frame-000627,1,0.07924,1.4607,4000,2379,1742,1.02,184.13,430.49,79.00,694.64
seq-01/frame-000628,1,0.07341,1.3972,4001,2347,1670,1.05,187.62,496.45,39.62,724.74
seq-01/frame-000629,1,0.08592,1.9738,3810,2211,1579,1.04,272.76,398.57,21.25,693.62
seq-01/frame-000630,1,0.09808,2.1675,4000,2221,1542,1.06,313.68,379.59,42.32,736.66
seq-01/frame-000631,1,0.07773,1.8580,3984,2209,1536,1.05,277.47,377.65,23.89,680.06
seq-01/frame-000632,1,0.07472,1.8784,4001,2207,1538,1.02,314.23,350.25,47.72,713.22
seq-01/frame-000633,1,0.06147,1.4018,4000,2470,1796,1.36,370.85,287.93,35.04,695.18
seq-01/frame-000634,1,0.06972,1.9009,4001,2220,1523,2.72,354.26,264.65,35.39,657.03
seq-01/frame-000635,1,0.06018,1.7218,3825,2063,1419,2.32,300.71,255.07,37.87,595.98
seq-01/frame-000636,1,0.05828,1.6305,3927,2314,1601,1.07,184.90,263.17,35.74,484.89
seq-01/frame-000637,1,0.04686,1.1600,4000,2260,1569,1.64,193.13,227.10,32.87,454.73
seq-01/frame-000638,1,0.05561,1.5110,3953,2415,1743,1.00,191.92,209.83,35.53,438.28
seq-01/frame-000639,1,0.05251,1.6478,3383,2203,1652,0.97,178.60,167.26,25.73,372.57
seq-01/frame-000640,1,0.05405,1.7142,3813,2372,1699,6.91,208.74,284.87,42.43,542.95
seq-01/frame-000641,1,0.05954,1.5197,3860,2286,1622,4.69,164.54,232.01,32.95,434.20
seq-01/frame-000642,1,0.05956,1.5813,3038,1974,1441,1.07,177.58,231.87,33.41,443.94
seq-01/frame-000643,1,0.05537,1.6009,3252,2019,1472,0.96,172.95,173.91,45.02,392.85
seq-01/frame-000644,1,0.05488,1.5637,2897,1784,1317,1.00,138.00,185.76,21.44,346.21
seq-01/frame-000645,1,0.04678,1.1012,2192,1454,1123,1.18,124.29,139.10,32.29,296.87
seq-01/frame-000646,1,0.04917,1.0647,2283,1567,1203,1.04,122.20,150.70,32.25,306.20
seq-01/frame-000647,1,0.05011,1.2567,2200,1491,1129,0.90,107.66,132.08,32.75,273.40
seq-01/frame-000648,1,0.04615,1.3164,2222,1441,1051,0.97,119.23,133.20,27.99,281.39
seq-01/frame-000649,1,0.02307,0.1824,2057,1310,953,0.90,114.98,110.07,15.09,241.03
seq-01/frame-000650,1,0.03359,1.2249,2307,1523,1169,1.32,106.46,127.41,32.28,267.49
seq-01/frame-000651,1,0.02775,1.3352,2222,1462,1091,1.67,117.88,136.40,31.77,287.73
seq-01/frame-000652,1,0.02972,0.9943,1983,1308,952,0.90,110.83,114.55,26.74,253.03
seq-01/frame-000653,1,0.03092,1.1772,2081,1411,1058,0.92,114.15,126.97,32.57,274.61
seq-01/frame-000654,1,0.02552,1.0512,2037,1268,937,2.21,115.27,124.49,21.02,263.00
seq-01/frame-000655,1,0.02757,1.2968,1919,1208,882,0.93,104.19,129.86,33.43,268.40
seq-01/frame-000656,1,0.04118,1.5668,1891,1191,862,1.24,101.07,127.50,36.94,266.75
seq-01/frame-000657,1,0.04059,1.5084,1936,1210,886,1.29,128.07,126.82,28.13,284.31
seq-01/frame-000658,1,0.03991,1.3279,1917,1187,845,0.92,117.72,97.56,21.23,237.44
seq-01/frame-000659,1,0.03362,1.1324,1777,1065,758,0.90,118.05,97.93,17.65,234.53
seq-01/frame-000660,1,0.05040,1.7730,1842,1092,764,0.91,101.74,115.29,33.35,251.31
seq-01/frame-000661,1,0.02468,1.0647,1959,1205,890,0.92,113.63,142.40,25.85,282.80
seq-01/frame-000662,1,0.03708,1.5055,2059,1312,967,0.90,123.96,123.52,25.72,274.10
seq-01/frame-000663,1,0.04457,1.6312,2018,1225,893,1.52,137.91,114.36,28.73,282.53
seq-01/frame-000664,1,0.02680,0.7097,1950,1201,862,1.80,137.46,97.53,27.96,264.75
seq-01/frame-000665,1,0.03370,1.3123,1937,1156,852,0.90,157.93,100.41,20.07,279.31
seq-01/frame-000666,1,0.05511,2.2214,2005,1298,954,0.88,134.20,110.48,21.55,267.10
seq-01/frame-000667,1,0.06570,2.6200,1886,1130,835,0.88,137.90,107.26,30.37,276.42
seq-01/frame-000668,1,0.05782,2.1581,1779,1135,832,0.88,139.24,91.90,27.12,259.15
seq-01/frame-000669,1,0.03555,1.2313,1621,1084,803,0.88,110.23,93.28,26.81,231.20
seq-01/frame-000670,1,0.02711,0.6361,1473,985,715,0.88,78.22,74.59,18.69,172.38
seq-01/frame-000671,1,0.08621,2.8055,1583,904,619,0.89,86.46,77.42,22.22,186.99
seq-01/frame-000672,1,0.07237,1.8490,1679,1072,752,0.88,101.01,94.04,18.83,214.75
seq-01/frame-000673,1,0.04126,0.5493,1798,1002,705,1.47,98.65,91.47,29.08,220.68
seq-01/frame-000674,1,0.01909,0.2142,1591,1021,722,0.88,79.96,81.46,23.87,186.19
seq-01/frame-000675,1,0.06480,2.4769,1610,750,470,0.98,88.41,87.72,21.00,198.11
seq-01/frame-000676,1,0.03171,1.5620,1619,894,634,0.98,94.04,80.14,34.50,209.66
seq-01/frame-000677,1,0.03431,1.2888,1665,889,596,1.22,92.37,96.63,19.69,209.92
seq-01/frame-000678,1,0.03281,1.2466,1692,831,548,0.90,95.81,101.73,20.37,218.82
seq-01/frame-000679,1,0.02406,1.1935,1674,782,512,0.89,93.39,94.32,30.52,219.12
seq-01/frame-000680,1,0.02113,0.6294,1578,879,596,0.88,92.72,83.03,16.34,192.96
seq-01/frame-000681,1,0.04323,1.4139,1802,994,675,0.91,103.74,105.55,22.03,232.23
seq-01/frame-000682,1,0.04491,1.3923,1913,995,679,1.49,97.76,95.05,17.94,212.25
seq-01/frame-000683,1,0.01666,0.6199,1822,969,672,0.90,110.37,104.76,20.75,236.79
seq-01/frame-000684,1,0.02403,1.0696,1823,963,662,0.92,106.96,108.47,30.64,246.99
seq-01/frame-000685,1,0.04718,1.4379,1806,977,698,1.93,106.13,95.82,43.35,247.24
seq-01/frame-000686,1,0.02230,0.9510,2079,1202,900,0.97,119.03,124.88,25.78,270.66
seq-01/frame-000687,1,0.01983,1.0549,1979,1077,792,5.03,122.06,116.48,31.29,274.87
seq-01/frame-000688,1,0.02776,0.9760,1986,1075,792,0.92,105.08,123.75,25.63,255.38
seq-01/frame-000689,1,0.03446,1.3116,2060,1168,859,1.42,119.35,119.37,18.97,259.11
seq-01/frame-000690,1,0.02465,1.0904,2155,1184,859,0.91,99.75,121.44,21.88,243.98
seq-01/frame-000691,1,0.02025,0.7851,2079,1182,885,0.91,129.98,97.16,27.76,255.82
seq-01/frame-000692,1,0.03660,1.2222,1923,1061,795,0.91,119.81,91.00,14.71,226.43
seq-01/frame-000693,1,0.04324,1.6902,1970,1091,795,0.92,118.79,99.58,28.42,247.71
seq-01/frame-000694,1,0.03331,1.4097,1966,1067,808,1.13,100.78,98.43,18.72,219.06
seq-01/frame-000695,1,0.03460,1.5025,1803,965,721,0.92,115.47,94.41,19.46,230.27
seq-01/frame-000696,1,0.03262,1.3553,1754,985,727,0.90,97.59,104.52,26.70,229.72
seq-01/frame-000697,1,0.02113,1.2860,1757,967,692,1.17,84.39,90.42,24.14,200.13
seq-01/frame-000698,1,0.03331,1.1791,1767,945,696,0.89,99.01,101.36,19.03,220.30
seq-01/frame-000699,1,0.03480,0.9700,1690,979,733,1.57,87.45,105.84,18.88,213.74
seq-01/frame-000700,1,0.02337,1.1069,1657,914,651,0.89,78.38,95.23,25.07,199.58
seq-01/frame-000701,1,0.01675,0.8823,1770,950,724,0.90,100.84,99.85,16.38,217.97
seq-01/frame-000702,1,0.02588,1.5790,1824,1060,785,0.88,103.41,109.80,19.51,233.63
seq-01/frame-000703,1,0.01724,1.4993,1702,924,666,0.88,113.88,84.38,22.11,221.26
seq-01/frame-000704,1,0.03147,2.0113,1892,1045,779,1.26,103.19,117.27,26.45,248.17
seq-01/frame-000705,1,0.03687,2.1082,1829,1039,781,0.95,121.08,109.56,19.55,251.15
seq-01/frame-000706,1,0.02659,2.1333,1813,1032,754,0.90,106.05,100.73,31.67,239.35
seq-01/frame-000707,1,0.02714,2.1365,1798,975,758,0.88,113.91,96.43,19.43,230.66
seq-01/frame-000708,1,0.03964,2.5097,1689,945,717,1.75,112.11,97.74,45.63,257.23
seq-01/frame-000709,1,0.03964,2.5819,1690,936,703,0.88,113.54,100.82,21.39,236.63
seq-01/frame-000710,1,0.02408,1.9808,1719,957,710,0.86,96.65,110.56,23.20,231.27
seq-01/frame-000711,1,0.03737,2.0909,1768,962,732,1.14,106.04,104.64,10.58,222.40
seq-01/frame-000712,1,0.04518,1.6343,1644,977,749,1.20,95.37,94.33,10.57,201.52
seq-01/frame-000713,1,0.05559,1.6773,1683,959,716,1.35,111.36,91.66,15.38,219.76
seq-01/frame-000714,1,0.05321,1.4017,1699,930,724,0.88,112.95,70.65,11.12,195.61
seq-01/frame-000715,1,0.05135,1.4296,1624,892,666,0.86,113.74,76.74,9.49,200.83
seq-01/frame-000716,1,0.05965,1.5663,1805,994,756,0.88,105.82,98.57,15.32,220.59
seq-01/frame-000717,1,0.05236,1.2295,1858,1126,873,0.88,103.26,78.80,23.62,206.56
seq-01/frame-000718,1,0.06031,1.3142,1979,1121,856,1.61,111.94,99.88,24.50,237.94
seq-01/frame-000719,1,0.04645,0.9087,1964,1273,1012,0.89,107.35,95.25,17.49,220.98
seq-01/frame-000720,1,0.04902,1.0110,2017,1162,899,2.86,99.29,115.35,13.75,231.25
seq-01/frame-000721,1,0.05115,1.0371,2024,1173,916,0.89,87.32,115.76,20.62,224.60
seq-01/frame-000722,1,0.05448,1.2853,2055,1173,907,0.91,100.09,111.90,27.35,240.25
seq-01/frame-000723,1,0.03404,0.6569,2247,1484,1229,1.16,117.78,134.21,21.84,274.98
seq-01/frame-000724,1,0.03383,0.6670,2015,1301,1056,0.88,104.83,121.47,16.72,243.91
seq-01/frame-000725,1,0.03443,0.8080,2142,1420,1176,1.51,116.25,122.96,21.61,262.33
seq-01/frame-000726,1,0.02490,0.6280,2436,1409,1147,0.93,129.19,133.60,15.09,278.82
seq-01/frame-000727,1,0.02568,0.7320,2449,1439,1157,0.90,124.61,140.00,20.72,286.23
seq-01/frame-000728,1,0.03234,0.6803,2160,1388,1135,0.87,116.07,110.73,16.46,244.14
seq-01/frame-000729,1,0.02531,0.7389,2315,1448,1179,1.49,123.40,121.15,22.69,268.73
seq-01/frame-000730,1,0.02885,0.6413,2043,1371,1126,1.06,117.73,126.75,25.13,270.68
seq-01/frame-000731,1,0.02800,0.5983,2239,1276,999,2.90,108.10,125.45,41.77,278.22
seq-01/frame-000732,1,0.02641,0.5151,2182,1268,1004,2.82,132.32,112.23,16.51,263.88
seq-01/frame-000733,1,0.02822,0.7345,2304,1544,1268,1.51,131.73,139.24,15.01,287.49
seq-01/frame-000734,1,0.02625,0.7680,1920,1176,925,0.86,107.26,108.73,18.38,235.23
seq-01/frame-000735,1,0.02743,0.7092,2065,1315,1065,0.88,105.63,121.56,11.41,239.49
seq-01/frame-000736,1,0.03394,0.8451,1823,1113,881,0.86,120.08,88.59,22.89,232.42
seq-01/frame-000737,1,0.03080,0.8934,1889,1160,907,0.87,112.85,84.57,19.14,217.44
seq-01/frame-000738,1,0.03432,0.7924,2052,1288,1052,0.88,99.39,106.50,20.31,227.09
seq-01/frame-000739,1,0.03795,0.9319,1903,1133,882,1.11,118.80,128.37,19.99,268.28
seq-01/frame-000740,1,0.03809,1.0048,2098,1216,972,0.89,125.68,126.57,30.83,283.98
seq-01/frame-000741,1,0.03646,0.8421,1939,1119,880,0.86,106.40,116.18,25.06,248.50
seq-01/frame-000742,1,0.04153,1.1053,1856,1221,978,0.86,79.18,131.63,22.94,234.61
seq-01/frame-000743,1,0.04032,0.9320,2092,1337,1064,0.89,132.64,118.59,18.17,270.28
seq-01/frame-000744,1,0.03777,0.8931,1774,1084,832,9.26,112.27,101.21,22.88,245.61
seq-01/frame-000745,1,0.03751,0.7739,1656,1013,792,0.86,122.86,90.72,16.75,231.19
seq-01/frame-000746,1,0.04634,1.0446,1894,1096,854,4.53,140.63,101.25,26.44,272.85
seq-01/frame-000747,1,0.05223,1.3018,1668,1034,818,1.65,111.70,85.33,23.69,222.38
seq-01/frame-000748,1,0.04353,0.9809,1901,1174,930,0.97,136.56,90.42,30.04,257.99
seq-01/frame-000749,1,0.04868,1.1214,1612,889,692,0.85,99.69,86.54,15.34,202.41
seq-01/frame-000750,1,0.05228,0.9917,1786,1167,929,1.32,100.99,98.82,29.93,231.07
seq-01/frame-000751,1,0.05239,0.8685,1669,983,748,3.73,84.56,103.13,12.31,203.73
seq-01/frame-000752,1,0.04687,0.9038,1617,992,774,3.74,92.42,90.85,17.11,204.13
seq-01/frame-000753,1,0.05580,1.0065,1762,1080,867,1.35,102.53,84.15,14.26,202.29
seq-01/frame-000754,1,0.07377,1.2386,1479,875,683,1.26,106.52,82.83,19.04,209.65
seq-01/frame-000755,1,0.07198,1.5100,1831,1162,926,0.85,112.59,96.79,16.78,227.01
seq-01/frame-000756,1,0.05421,0.6024,1589,868,668,0.85,101.92,84.38,29.14,216.30
seq-01/frame-000757,1,0.06890,1.3628,1773,1075,829,1.18,99.37,96.16,17.26,213.97
seq-01/frame-000758,1,0.07490,1.4056,1606,914,721,1.37,105.17,74.28,18.07,198.89
seq-01/frame-000759,1,0.07089,1.7654,1862,1112,861,2.08,104.74,113.28,25.16,245.27
seq-01/frame-000760,1,0.07842,1.6180,1603,942,717,1.29,86.29,77.59,18.43,183.61
seq-01/frame-000761,1,0.06776,1.5863,1898,1125,869,0.93,95.80,93.91,17.55,208.19
seq-01/frame-000762,1,0.06779,1.9199,1741,1035,794,1.09,92.90,90.58,22.28,206.85
seq-01/frame-000763,1,0.05073,1.3708,1573,901,694,0.84,112.56,92.35,15.92,221.66
seq-01/frame-000764,1,0.05932,1.7656,1877,1035,800,0.87,100.29,104.16,12.48,217.81
seq-01/frame-000765,1,0.07147,1.5891,1460,747,568,0.84,95.97,79.61,9.93,186.35
seq-01/frame-000766,1,0.06032,1.9892,1805,1016,753,0.89,98.69,106.09,21.54,227.22
seq-01/frame-000767,1,0.05161,1.8463,1703,1002,771,0.91,111.78,102.42,18.76,233.88
seq-01/frame-000768,1,0.04753,1.7138,1604,974,745,0.85,92.26,86.20,17.98,197.30
seq-01/frame-000769,1,0.04105,1.6063,1593,900,682,1.18,95.55,87.91,31.99,216.64
seq-01/frame-000770,1,0.04612,1.8827,1528,912,700,1.61,111.81,94.37,21.52,229.33
seq-01/frame-000771,1,0.04573,2.2650,1753,1087,838,0.88,109.20,104.57,13.14,227.79
seq-01/frame-000772,1,0.03814,1.6217,1427,829,632,0.82,102.89,92.27,41.74,237.72
seq-01/frame-000773,1,0.04719,2.1261,1537,954,760,0.98,100.81,108.59,21.85,232.23
seq-01/frame-000774,1,0.05150,2.0547,1759,996,757,0.89,146.92,109.25,12.45,269.51
seq-01/frame-000775,1,0.03837,1.8661,1430,832,633,0.83,106.52,84.31,23.24,214.90
seq-01/frame-000776,1,0.04872,2.2303,1664,939,729,0.88,115.27,108.91,18.38,243.45
seq-01/frame-000777,1,0.04617,2.1524,1691,942,709,0.87,125.53,98.11,21.65,246.16
seq-01/frame-000778,1,0.03784,1.8831,1441,767,558,2.34,100.67,81.11,19.55,203.66
seq-01/frame-000779,1,0.04902,2.4073,1591,895,668,0.86,127.23,77.17,19.86,225.13
seq-01/frame-000780,1,0.04329,2.3640,1517,918,692,0.85,110.40,88.16,18.07,217.48
seq-01/frame-000781,1,0.03439,1.8140,1451,800,599,3.37,106.46,73.85,14.46,198.15
seq-01/frame-000782,1,0.05040,2.1147,1512,832,621,3.38,108.28,79.34,12.58,203.57
seq-01/frame-000783,1,0.05509,2.4048,1516,805,619,1.15,94.35,60.33,23.91,179.75
seq-01/frame-000784,1,0.02250,1.4966,1258,677,518,0.80,79.52,70.21,12.58,163.11
seq-01/frame-000785,1,0.03938,1.9104,1322,723,534,1.29,72.92,67.27,15.11,156.60
seq-01/frame-000786,1,0.03322,1.6040,1313,737,549,0.99,75.20,69.88,25.13,171.21
seq-01/frame-000787,1,0.04634,2.7332,1301,742,542,1.38,82.05,63.59,16.70,163.73
seq-01/frame-000788,1,0.05985,2.6655,1408,772,562,0.84,75.46,67.94,30.47,174.71
seq-01/frame-000789,1,0.06913,2.6494,1260,689,500,0.82,72.90,80.31,9.75,163.78
seq-01/frame-000790,1,0.06618,2.7079,1185,632,451,1.09,88.48,70.58,15.52,175.67
seq-01/frame-000791,1,0.04837,2.0413,1094,567,399,0.79,72.55,73.65,20.58,167.57
seq-01/frame-000792,1,0.05158,1.9583,1046,493,345,0.78,68.84,75.47,14.68,159.78
seq-01/frame-000793,1,0.05042,1.4603,786,499,385,1.01,77.57,39.08,22.62,140.28
seq-01/frame-000794,1,0.07362,3.1187,1149,576,398,1.26,94.10,67.84,35.02,198.23
seq-01/frame-000795,1,0.04209,2.3191,1098,466,321,1.14,94.00,53.40,8.10,156.64
seq-01/frame-000796,1,0.07845,3.0168,1081,534,396,0.78,88.12,73.71,42.34,204.95
seq-01/frame-000797,1,0.03702,1.3074,905,508,383,2.47,87.89,59.95,10.96,161.27
seq-01/frame-000798,1,0.04634,1.5730,790,415,291,0.77,66.78,62.65,37.60,167.80
seq-01/frame-000799,1,0.06859,2.6760,1060,492,338,1.80,103.96,46.96,14.63,167.35
seq-01/frame-000800,1,0.06565,2.0284,1095,526,363,1.56,76.70,104.82,31.44,214.52
seq-01/frame-000801,1,0.05983,2.2804,842,400,283,1.19,91.26,63.34,22.87,178.66
seq-01/frame-000802,1,0.08390,2.5191,789,402,281,2.91,105.79,43.60,26.39,178.69
seq-01/frame-000803,1,0.07833,2.2758,931,409,280,2.06,109.18,52.03,17.02,180.28
seq-01/frame-000804,1,0.07252,2.4521,1040,422,255,0.84,111.77,59.40,15.80,187.82
seq-01/frame-000805,1,0.10233,2.8982,971,388,243,0.81,84.43,39.96,9.71,134.92
seq-01/frame-000806,1,0.02446,1.1205,856,466,321,0.79,86.99,34.71,15.51,138.01
seq-01/frame-000807,1,0.04869,1.5490,658,377,268,0.77,68.13,27.66,7.94,104.50
seq-01/frame-000808,1,0.03893,1.3938,817,445,299,0.79,77.05,42.41,23.39,143.64
seq-01/frame-000809,1,0.06336,1.2018,832,446,294,3.45,59.74,33.70,12.51,109.39
seq-01/frame-000810,1,0.01561,0.7940,730,369,256,0.77,66.91,41.10,16.09,124.88
seq-01/frame-000811,1,0.05210,1.1174,744,385,267,0.77,66.30,33.59,16.71,117.37
seq-01/frame-000812,1,0.06615,1.6626,837,369,226,0.78,72.93,41.34,12.97,128.01
seq-01/frame-000813,1,0.09828,2.2739,962,337,189,0.78,59.47,58.14,7.15,125.56
seq-01/frame-000814,1,0.07757,1.9166,881,399,235,1.95,67.68,40.16,19.64,129.43
seq-01/frame-000815,1,0.09769,2.5419,851,405,262,1.23,69.33,46.66,13.55,130.78
seq-01/frame-000816,1,0.07955,1.3177,786,382,255,1.35,65.71,38.18,12.57,117.82
seq-01/frame-000817,1,0.06611,1.0495,696,355,242,2.26,58.29,36.89,10.64,108.07
seq-01/frame-000818,1,0.07723,1.1928,835,409,262,0.77,71.74,51.01,9.36,132.89
seq-01/frame-000819,1,0.11931,2.3012,760,284,141,0.77,78.80,36.35,14.11,130.03
seq-01/frame-000820,1,0.07127,1.5983,831,260,116,1.46,64.80,39.05,14.61,119.92
seq-01/frame-000821,1,0.05514,1.7523,774,258,117,0.78,62.27,44.82,14.57,122.44
seq-01/frame-000822,1,0.08391,1.5695,792,281,132,0.80,70.03,41.02,20.60,132.45
seq-01/frame-000823,1,0.04379,1.0118,715,320,184,0.77,70.29,26.45,25.71,123.22
seq-01/frame-000824,1,0.08700,1.9488,655,263,159,0.76,67.54,28.78,19.92,117.01
seq-01/frame-000825,1,0.06565,1.9764,572,214,109,0.75,58.82,26.37,22.42,108.37
seq-01/frame-000826,1,0.10552,2.8030,640,267,158,0.76,57.01,33.88,24.25,115.91
seq-01/frame-000827,1,0.10364,2.3610,719,267,135,0.77,58.62,30.16,23.89,113.44
seq-01/frame-000828,1,0.08351,1.7016,604,304,191,0.76,48.64,34.72,24.69,108.81
seq-01/frame-000829,1,0.10848,2.8291,552,251,152,1.74,62.13,25.50,11.18,100.56
seq-01/frame-000830,1,0.16522,3.5386,675,313,167,0.77,57.10,31.61,22.06,111.55
seq-01/frame-000831,1,0.09280,1.6582,593,280,184,0.74,54.11,31.58,21.35,107.78
seq-01/frame-000832,1,0.07111,1.5490,638,273,157,0.77,52.83,57.00,18.72,129.31
seq-01/frame-000833,1,0.08862,2.2448,706,323,201,0.78,81.55,30.49,26.52,139.34
seq-01/frame-000834,1,0.11638,3.1445,594,265,137,0.76,69.03,39.43,20.40,129.62
seq-01/frame-000835,1,0.10732,1.7558,516,233,145,0.77,55.48,34.70,16.74,107.69
seq-01/frame-000836,1,0.07289,1.4128,564,267,151,0.79,45.41,37.89,21.92,106.02
seq-01/frame-000837,1,0.09861,1.9442,601,288,171,1.70,62.60,27.68,7.36,99.34
seq-01/frame-000838,1,0.09007,3.3748,550,201,112,0.78,98.07,26.25,16.20,141.31
seq-01/frame-000839,1,0.12330,2.2736,555,299,198,0.78,82.29,33.31,12.54,128.93
seq-01/frame-000840,1,0.09350,2.0575,529,233,126,0.76,83.85,30.53,20.67,135.81
seq-01/frame-000841,1,0.07691,1.9660,426,162,89,0.75,80.25,21.12,17.64,119.76
seq-01/frame-000842,1,0.14028,2.6051,523,223,129,3.57,128.85,47.84,21.08,201.35
seq-01/frame-000843,1,0.10770,2.2762,617,250,137,1.10,88.60,41.28,13.95,144.93
seq-01/frame-000844,1,0.07832,1.0536,689,197,70,0.78,66.04,49.09,18.12,134.03
seq-01/frame-000845,1,0.12593,2.5859,529,216,116,0.77,65.54,31.18,19.77,117.27
seq-01/frame-000846,1,0.15162,2.5680,500,220,127,0.76,73.31,31.66,15.30,121.04
seq-01/frame-000847,1,0.08424,2.6205,496,215,101,0.89,65.79,29.17,19.93,115.78
seq-01/frame-000848,1,0.23814,9.8077,611,163,31,0.89,66.13,30.04,37.20,134.25
seq-01/frame-000849,1,0.09220,2.9125,656,249,128,1.77,74.11,34.16,27.34,137.38
seq-01/frame-000850,1,0.12947,2.9441,822,241,91,1.03,72.92,42.21,30.05,146.21
seq-01/frame-000851,1,0.11311,3.5697,728,210,69,0.80,71.90,34.74,38.46,145.90
seq-01/frame-000852,1,0.23555,5.8827,560,174,66,0.77,58.60,34.17,33.97,127.52
seq-01/frame-000853,1,0.20516,6.1303,685,188,48,1.10,72.76,35.04,47.06,155.97
seq-01/frame-000854,1,0.20701,6.1508,685,188,48,0.77,60.51,34.92,46.17,142.37
seq-01/frame-000855,1,0.24121,2.9226,618,226,102,0.78,67.34,39.30,37.32,144.75
seq-01/frame-000856,0,-1.00000,-1.0000,588,137,0,1.00,75.54,34.13,24.09,134.76
seq-01/frame-000857,1,0.19913,8.6355,636,179,47,1.52,65.23,32.86,49.39,149.01
seq-01/frame-000858,1,0.18631,9.3570,636,179,47,2.28,75.20,29.68,46.48,153.66
seq-01/frame-000859,1,0.15854,6.8433,628,187,41,4.83,70.05,36.31,39.77,150.97
seq-01/frame-000860,1,2.01318,70.3081,687,193,39,0.84,78.32,33.95,59.09,172.20
seq-01/frame-000861,1,2.03129,70.3274,687,193,39,1.44,67.84,38.05,48.86,156.19
seq-01/frame-000862,1,0.30618,4.7485,858,246,94,1.01,74.70,46.73,22.73,145.17
seq-01/frame-000863,1,0.21181,9.4440,851,237,59,2.06,81.17,46.87,28.54,158.64
seq-01/frame-000864,1,0.43726,6.1429,725,233,85,1.33,82.10,38.98,26.68,149.12
seq-01/frame-000865,1,0.76405,8.9077,819,225,85,1.09,78.62,47.67,33.80,161.17
seq-01/frame-000866,1,0.57940,3.0414,677,228,91,1.45,76.50,36.05,43.55,157.56
seq-01/frame-000867,1,0.62353,2.9664,677,228,91,0.80,87.38,39.47,35.80,163.45
seq-01/frame-000868,1,1.29656,22.8061,748,194,48,0.80,70.48,45.01,59.01,175.30
seq-01/frame-000869,1,0.76450,7.9618,724,235,80,0.80,78.17,57.05,42.73,178.76
seq-01/frame-000870,0,-1.00000,-1.0000,637,123,0,0.79,72.49,46.68,26.13,146.09
seq-01/frame-000871,1,1.14084,13.6587,537,148,52,0.99,77.48,34.80,35.86,149.13
seq-01/frame-000872,1,1.13461,13.6735,537,148,52,0.79,63.88,34.91,39.95,139.53
seq-01/frame-000873,1,0.49800,20.2070,575,140,34,0.79,72.61,37.13,46.39,156.92
seq-01/frame-000874,1,1.36276,16.8391,713,196,48,2.27,88.42,41.37,36.89,168.95
seq-01/frame-000875,1,1.33332,24.3783,707,169,41,2.48,83.93,38.62,30.43,155.46
seq-01/frame-000876,1,1.33671,24.3633,707,169,41,1.94,80.58,36.75,27.21,146.48
seq-01/frame-000877,0,-1.00000,-1.0000,638,151,0,4.35,78.17,28.49,16.50,127.52
seq-01/frame-000878,1,1.57703,39.1542,696,188,38,2.40,81.61,30.31,29.54,143.86
seq-01/frame-000879,1,1.09994,25.7684,692,189,38,1.39,67.07,28.45,25.36,122.29
seq-01/frame-000880,1,0.84037,18.8086,769,207,62,1.44,74.40,34.66,41.09,151.60
seq-01/frame-000881,1,0.84311,18.8097,769,207,62,2.36,79.76,27.87,33.66,143.66
seq-01/frame-000882,1,2.79899,63.1679,699,169,34,2.29,79.88,31.02,32.74,145.92
seq-01/frame-000883,0,-1.00000,-1.0000,542,143,0,3.69,50.53,24.23,33.82,112.27
seq-01/frame-000884,1,0.86636,21.7840,696,186,60,0.78,60.28,22.73,31.68,115.47
seq-01/frame-000885,1,0.87081,21.8192,696,186,60,0.78,57.23,25.51,35.19,118.71
seq-01/frame-000886,1,1.24600,43.9098,724,185,43,2.41,68.52,41.50,29.02,141.46
seq-01/frame-000887,1,2.20513,54.1510,717,200,52,0.79,58.70,40.34,60.27,160.11
seq-01/frame-000888,1,1.57677,31.5691,760,214,69,0.79,76.18,40.66,45.90,163.54
seq-01/frame-000889,1,1.57016,31.4066,760,214,69,0.78,75.67,43.26,44.17,163.87
seq-01/frame-000890,1,1.36993,17.7305,865,232,56,0.92,88.66,50.89,52.47,192.94
seq-01/frame-000891,1,1.48994,55.1928,781,201,52,0.80,79.02,46.51,38.63,164.96
seq-01/frame-000892,1,1.14134,15.8160,777,244,88,1.45,78.10,48.56,24.96,153.07
seq-01/frame-000893,1,1.13745,15.4862,777,244,88,0.79,81.98,43.37,27.37,153.52
seq-01/frame-000894,1,1.17296,14.3205,775,214,74,0.78,81.00,50.70,41.50,173.99
seq-01/frame-000895,1,1.45945,34.3042,852,219,58,6.13,80.89,45.47,38.58,171.07
seq-01/frame-000896,1,1.03845,16.9006,766,211,64,1.77,99.29,39.11,36.49,176.67
seq-01/frame-000897,1,1.24452,17.7791,790,247,82,1.04,77.74,35.10,28.32,142.20
seq-01/frame-000898,1,1.23779,17.7928,790,247,82,1.42,61.00,28.02,33.63,124.06
seq-01/frame-000899,1,0.68521,7.4151,907,235,74,1.12,69.94,39.78,32.24,143.09
seq-01/frame-000900,1,2.63342,55.8261,789,193,49,0.80,70.62,34.28,37.45,143.15
seq-01/frame-000901,1,1.64307,35.5121,892,251,81,0.80,69.47,32.17,36.21,138.65
seq-01/frame-000902,1,1.63391,35.3728,892,251,81,0.75,64.46,33.66,37.05,135.92
seq-01/frame-000903,1,0.97890,12.8056,929,260,89,0.82,67.78,39.19,35.06,142.86
seq-01/frame-000904,1,0.46376,5.8607,953,256,92,0.85,64.22,45.41,33.28,143.76
seq-01/frame-000905,0,-1.00000,-1.0000,888,179,0,0.80,56.14,35.82,29.05,121.82
seq-01/frame-000906,1,1.31179,21.2094,977,247,70,0.93,54.53,44.82,50.89,151.17
seq-01/frame-000907,1,1.30979,20.9951,977,247,70,0.91,72.22,55.49,44.03,172.66
seq-01/frame-000908,1,1.55260,56.3315,958,278,105,0.81,61.37,45.47,61.04,168.69
seq-01/frame-000909,1,1.30484,20.2842,1017,251,62,0.84,80.19,61.66,25.32,168.01
seq-01/frame-000910,1,0.69232,9.0336,1069,268,90,1.22,86.93,55.84,32.07,176.07
seq-01/frame-000911,1,0.69811,9.0050,1069,268,90,0.97,86.98,55.74,37.98,181.67
seq-01/frame-000912,1,1.49817,32.0948,864,249,89,2.01,70.74,53.12,30.38,156.26
seq-01/frame-000913,1,1.44975,30.9808,1019,250,89,1.25,86.70,46.17,47.06,181.18
seq-01/frame-000914,1,0.37335,18.0414,1072,290,79,1.19,92.89,44.52,35.21,173.81
seq-01/frame-000915,1,0.37482,18.0696,1072,290,79,0.85,79.89,47.24,38.43,166.41
seq-01/frame-000916,1,1.70246,69.8218,1067,285,102,3.82,77.18,55.26,49.07,185.34
seq-01/frame-000917,1,1.44586,29.2401,1005,270,67,0.86,64.98,53.33,35.63,154.80
seq-01/frame-000918,1,1.45307,29.2271,1005,270,67,0.87,64.27,44.08,30.53,139.74
seq-01/frame-000919,1,1.55602,36.0204,930,275,96,0.81,68.30,38.59,36.74,144.44
seq-01/frame-000920,1,1.39181,56.3184,1065,278,73,1.00,71.80,44.55,35.18,152.53
seq-01/frame-000921,1,1.08714,15.8395,1079,288,91,0.83,57.84,41.80,36.10,136.56
seq-01/frame-000922,1,0.37360,7.7207,1048,279,80,0.83,67.32,50.85,49.59,168.58
seq-01/frame-000923,1,0.37006,7.7154,1048,279,80,0.90,73.60,46.59,50.33,171.43
seq-01/frame-000924,1,0.71644,17.7715,1058,286,73,1.29,67.80,49.00,31.75,149.84
seq-01/frame-000925,1,2.03049,56.0092,1105,287,80,0.81,73.30,55.51,31.72,161.35
seq-01/frame-000926,1,1.42045,30.3017,1087,291,75,0.81,86.78,50.30,30.93,168.83
seq-01/frame-000927,1,0.43251,14.6191,1047,269,73,0.79,84.74,47.84,31.04,164.42
seq-01/frame-000928,1,0.43065,14.8365,1047,269,73,0.81,82.53,41.16,24.49,148.99
seq-01/frame-000929,1,1.06556,21.2114,1056,276,75,0.82,79.73,45.20,33.33,159.07
seq-01/frame-000930,1,2.84968,72.2265,1096,301,81,1.10,81.45,39.13,25.65,147.33
seq-01/frame-000931,1,1.01750,36.3047,1118,278,66,1.76,72.23,49.10,23.70,146.79
seq-01/frame-000932,1,0.20665,11.9363,1240,328,91,0.83,68.74,53.10,34.40,157.08
seq-01/frame-000933,1,0.27899,12.3134,918,248,90,0.86,71.13,37.00,17.61,126.60
seq-01/frame-000934,1,1.31127,35.8712,1000,270,89,0.80,63.25,53.72,59.36,177.14
seq-01/frame-000935,1,1.31508,35.8739,1000,270,89,0.80,55.19,49.13,44.86,149.97
seq-01/frame-000936,1,1.56457,55.2655,1154,350,130,0.83,55.46,46.04,29.99,132.32
seq-01/frame-000937,1,0.96235,26.7189,1118,279,78,0.97,69.55,54.54,29.39,154.45
seq-01/frame-000938,1,0.32179,19.0038,1015,288,92,0.78,74.20,52.98,31.11,159.06
seq-01/frame-000939,1,0.16331,18.9033,1067,284,103,3.98,71.75,51.48,49.37,176.57
seq-01/frame-000940,1,1.05672,40.4621,1164,335,123,0.79,61.61,54.52,36.91,153.82
seq-01/frame-000941,1,0.44997,15.1592,982,266,84,0.78,66.01,39.99,37.03,143.81
seq-01/frame-000942,1,0.83426,16.8441,1082,311,117,0.79,66.33,55.04,26.90,149.06
seq-01/frame-000943,1,1.13614,38.4677,1140,268,85,0.80,62.27,66.79,34.35,164.21
seq-01/frame-000944,1,0.56104,10.3479,1122,338,124,0.79,63.65,56.11,34.97,155.53
seq-01/frame-000945,1,1.13120,27.8716,1052,322,118,0.80,61.71,52.84,40.24,155.60
seq-01/frame-000946,1,0.82700,26.7797,1020,251,90,0.78,77.87,45.45,32.86,156.97
seq-01/frame-000947,1,0.96986,32.3302,953,242,83,0.79,68.00,41.86,42.32,152.97
seq-01/frame-000948,1,0.97006,32.3473,953,242,83,0.79,79.85,47.75,52.51,180.89
seq-01/frame-000949,1,0.89636,31.8014,923,298,113,0.78,62.49,49.30,35.98,148.55
seq-01/frame-000950,1,0.94454,30.8270,1077,252,88,0.79,72.52,42.58,23.58,139.48
seq-01/frame-000951,1,0.20380,6.5308,1118,327,117,0.79,64.10,42.53,31.76,139.18
seq-01/frame-000952,1,1.08457,37.5975,1112,269,52,0.80,69.34,51.26,33.49,154.90
seq-01/frame-000953,1,0.37841,11.6347,1030,288,101,0.79,73.91,45.56,32.96,153.22
seq-01/frame-000954,1,1.54810,59.0465,1159,315,91,0.80,80.24,51.44,36.52,169.00
seq-01/frame-000955,1,0.37737,10.0249,1250,283,84,0.82,81.88,52.96,28.02,163.68
seq-01/frame-000956,1,0.40401,10.8332,1384,342,92,0.84,76.17,53.89,22.50,153.41
seq-01/frame-000957,1,0.24120,5.6271,1243,334,122,0.82,88.69,56.79,26.80,173.10
seq-01/frame-000958,1,0.55763,16.2611,1161,321,104,0.79,75.63,49.13,30.72,156.28
seq-01/frame-000959,1,1.30491,45.5165,1249,364,155,1.70,84.79,53.94,34.25,174.69
seq-01/frame-000960,1,0.50122,18.6487,1212,321,91,0.79,70.61,55.58,28.73,155.72
seq-01/frame-000961,1,0.10758,1.3901,1306,406,177,0.83,69.16,46.11,18.44,134.55
seq-01/frame-000962,1,0.67143,25.0815,1362,339,80,0.82,64.63,55.04,34.13,154.62
seq-01/frame-000963,1,0.09964,0.9340,1344,403,176,0.81,72.02,53.20,22.80,148.83
seq-01/frame-000964,1,0.13386,1.7360,1368,407,170,1.07,68.05,56.45,21.07,146.65
seq-01/frame-000965,1,0.07574,0.8436,1167,386,169,0.81,74.50,58.23,18.80,152.34
seq-01/frame-000966,1,0.08931,0.8972,1186,347,167,0.81,75.31,43.07,21.58,140.77
seq-01/frame-000967,1,0.15873,5.3798,1213,405,181,0.80,70.08,45.77,18.17,134.83
seq-01/frame-000968,1,0.13454,2.0329,1309,439,226,0.79,82.66,65.84,30.13,179.42
seq-01/frame-000969,1,0.18437,3.3503,1118,333,135,0.78,76.82,42.59,30.94,151.13
seq-01/frame-000970,1,0.19591,4.2099,1062,292,144,2.00,67.04,61.97,19.34,150.36
seq-01/frame-000971,1,0.16898,1.4701,1083,351,158,0.79,66.62,45.59,46.18,159.17
seq-01/frame-000972,1,0.22475,5.1413,1188,385,190,0.79,69.76,81.51,22.51,174.58
seq-01/frame-000973,1,0.14239,2.7978,1244,462,244,1.11,66.90,70.56,16.57,155.15
seq-01/frame-000974,1,0.08913,1.3177,1299,479,288,0.80,69.09,51.97,18.41,140.28
seq-01/frame-000975,1,0.08794,1.1702,1395,534,317,0.80,61.16,80.86,15.67,158.50
seq-01/frame-000976,1,0.12881,2.0720,1256,410,209,0.79,60.11,71.54,20.40,152.84
seq-01/frame-000977,1,0.11549,1.9309,1347,492,264,0.80,70.35,60.69,23.90,155.74
seq-01/frame-000978,1,0.08848,0.8985,1639,658,369,0.80,79.63,78.60,16.21,175.24
seq-01/frame-000979,1,0.08575,0.6026,1588,635,389,2.43,101.97,68.56,16.82,189.79
seq-01/frame-000980,1,0.12431,2.2431,1544,617,396,0.81,74.31,69.48,15.73,160.33
seq-01/frame-000981,1,0.07866,0.7231,1854,772,512,0.83,82.79,96.78,19.67,200.06
seq-01/frame-000982,1,0.07227,0.7288,1739,699,449,2.22,85.10,95.86,16.94,200.12
seq-01/frame-000983,1,0.09458,1.1772,1635,664,410,0.82,92.66,70.47,21.44,185.39
seq-01/frame-000984,1,0.09615,0.8021,1848,789,505,0.84,92.86,94.60,12.14,200.44
seq-01/frame-000985,1,0.08540,1.0380,1755,821,530,1.17,81.19,83.20,24.30,189.86
seq-01/frame-000986,1,0.08667,0.9698,1841,861,569,1.23,80.33,89.05,20.34,190.95
seq-01/frame-000987,1,0.08647,0.9416,1929,883,599,0.85,78.73,103.79,17.38,200.76
seq-01/frame-000988,1,0.08251,0.8161,1917,906,609,1.02,82.80,88.22,11.73,183.78
seq-01/frame-000989,1,0.08026,1.0464,1922,928,600,0.84,83.12,82.94,19.58,186.48
seq-01/frame-000990,1,0.06678,0.8079,1867,957,677,0.82,76.62,75.64,19.20,172.29
seq-01/frame-000991,1,0.08161,1.2985,2208,1003,670,0.86,85.68,91.25,16.56,194.35
seq-01/frame-000992,1,0.08401,0.9642,2170,978,662,0.89,94.63,99.33,13.67,208.53
seq-01/frame-000993,1,0.08386,1.2380,1902,890,617,0.83,94.77,99.69,15.89,211.18
seq-01/frame-000994,1,0.13062,2.0750,1937,905,619,0.83,84.28,95.96,16.03,197.11
seq-01/frame-000995,1,0.10718,1.3928,2121,1083,752,1.04,100.93,100.28,17.24,219.49
seq-01/frame-000996,1,0.07177,1.4014,2222,1065,722,0.86,87.92,130.19,37.83,256.81
seq-01/frame-000997,1,0.07802,2.2111,1927,925,620,0.86,91.38,106.68,26.56,225.49
seq-01/frame-000998,1,0.11660,1.9463,2367,1178,840,0.87,83.39,211.20,64.09,359.56
seq-01/frame-000999,1,0.06394,1.3203,2726,1469,1031,0.93,99.97,302.38,21.05,424.32
seq-07/frame-000000,1,0.10578,2.6902,2888,2041,1755,0.93,111.44,316.34,21.04,449.76
seq-07/frame-000001,1,0.10786,2.6838,2703,1930,1675,0.91,97.45,297.78,19.27,415.42
seq-07/frame-000002,1,0.09535,2.5361,2796,1852,1597,0.95,196.55,239.15,24.01,460.67
seq-07/frame-000003,1,0.10216,2.5992,2739,1953,1723,0.94,202.64,239.52,27.67,470.78
seq-07/frame-000004,1,0.10153,2.5930,2775,1927,1643,0.95,178.76,235.65,31.32,446.68
seq-07/frame-000005,1,0.09241,2.4102,2840,2021,1748,0.94,244.83,185.93,21.19,452.89
seq-07/frame-000006,1,0.09179,2.3751,2811,1858,1581,1.49,265.22,177.75,28.13,472.60
seq-07/frame-000007,1,0.11099,2.7462,2916,2009,1741,6.77,219.03,180.45,28.80,435.06
seq-07/frame-000008,1,0.09606,2.4883,2865,2012,1753,1.00,121.65,175.38,23.00,321.04
seq-07/frame-000009,1,0.10147,2.5560,2708,1898,1651,0.95,123.65,158.64,17.05,300.29
seq-07/frame-000010,1,0.07237,1.8895,2658,1974,1695,1.54,120.57,143.65,27.31,293.07
seq-07/frame-000011,1,0.07727,2.0727,2681,1910,1631,3.29,115.54,157.72,28.17,304.72
seq-07/frame-000012,1,0.08164,2.1105,2795,1914,1660,1.39,130.68,164.92,20.78,317.77
seq-07/frame-000013,1,0.07531,1.9125,2688,1824,1552,1.47,133.90,157.14,21.30,313.81
seq-07/frame-000014,1,0.08227,2.0641,2620,1949,1726,1.65,123.86,149.06,39.26,313.83
seq-07/frame-000015,1,0.07674,1.9557,2666,1953,1707,0.92,116.46,151.78,18.19,287.36
seq-07/frame-000016,1,0.07961,1.9539,2578,1856,1620,2.36,137.59,134.80,31.04,305.79
seq-07/frame-000017,1,0.07299,1.8558,2542,1847,1603,1.00,125.79,132.94,27.63,287.37
seq-07/frame-000018,1,0.07621,2.0296,2730,1937,1701,1.39,132.73,153.80,26.09,314.02
seq-07/frame-000019,1,0.07667,1.9895,2320,1589,1370,1.03,117.94,123.95,27.90,270.83
seq-07/frame-000020,1,0.08306,2.0070,1646,1212,1046,1.16,99.31,97.96,28.47,226.90
seq-07/frame-000021,1,0.07459,1.8793,1491,1085,915,2.28,91.83,91.95,16.30,202.36
seq-07/frame-000022,1,0.07824,1.9256,1699,1250,1082,0.85,100.70,100.23,12.15,213.94
seq-07/frame-000023,1,0.07164,1.8169,1672,1191,1001,0.84,89.24,97.81,18.81,206.70
seq-07/frame-000024,1,0.08001,2.0820,1945,1388,1206,0.84,115.16,106.72,18.99,241.72
seq-07/frame-000025,1,0.08065,1.9507,1692,1211,1058,0.83,113.32,94.89,20.85,229.89
seq-07/frame-000026,1,0.08211,1.3224,1080,747,620,1.04,82.63,58.66,14.33,156.66
seq-07/frame-000027,1,0.08968,2.0977,1200,808,695,0.93,84.65,65.98,15.36,166.91
seq-07/frame-000028,1,0.06494,1.6752,1305,900,757,1.09,90.27,63.67,11.67,166.70
seq-07/frame-000029,1,0.08843,2.2198,1287,866,721,0.81,84.79,61.31,15.33,162.26
seq-07/frame-000030,1,0.09838,2.3581,1370,940,790,1.14,91.02,79.87,24.24,196.28
seq-07/frame-000031,1,0.09130,2.3662,1195,836,711,0.81,81.57,65.96,14.47,162.82
seq-07/frame-000032,1,0.09295,2.3136,1204,824,660,1.23,82.63,64.78,15.31,163.95
seq-07/frame-000033,1,0.11093,2.8991,1518,928,779,1.07,80.73,77.71,16.07,175.59
seq-07/frame-000034,1,0.09885,2.0109,1627,955,777,1.21,87.27,77.56,11.40,177.44
seq-07/frame-000035,1,0.09590,2.6736,1766,1153,951,0.86,106.37,73.47,16.57,197.27
seq-07/frame-000036,1,0.09009,2.5546,1792,1095,920,1.14,96.11,77.10,20.13,194.48
seq-07/frame-000037,1,0.09246,2.6428,1947,1144,951,0.88,92.76,94.63,10.96,199.24
seq-07/frame-000038,1,0.08808,2.5849,2133,1311,1102,0.90,113.90,108.67,10.51,233.98
seq-07/frame-000039,1,0.07676,2.3956,2201,1352,1132,0.88,112.69,108.85,15.66,238.07
seq-07/frame-000040,1,0.08591,2.6133,1973,1198,1007,0.89,92.80,84.73,19.64,198.06
seq-07/frame-000041,1,0.08736,2.7533,2350,1527,1307,1.54,97.77,101.89,16.05,217.25
seq-07/frame-000042,1,0.09129,2.8061,2048,1283,1054,0.88,90.01,97.33,22.26,210.48
seq-07/frame-000043,1,0.07596,2.5194,2549,1619,1351,0.89,103.47,111.40,11.35,227.12
seq-07/frame-000044,1,0.06860,2.7691,2065,1269,1070,0.86,85.67,100.96,13.80,201.30
seq-07/frame-000045,1,0.07985,2.6919,2417,1528,1284,1.19,102.44,112.18,16.66,232.48
seq-07/frame-000046,1,0.08670,2.8390,2014,1198,1005,0.86,91.32,99.26,20.63,212.08
seq-07/frame-000047,1,0.09840,3.1781,1984,1164,984,0.87,100.48,89.76,13.62,204.74
seq-07/frame-000048,1,0.08914,3.0172,1912,1103,910,0.89,85.80,88.58,10.31,185.58
seq-07/frame-000049,1,0.10396,3.4534,1716,1007,806,0.84,76.91,75.37,13.20,166.32
seq-07/frame-000050,1,0.11369,3.8855,1772,1014,815,0.84,88.14,82.93,23.97,195.88
seq-07/frame-000051,1,0.11848,3.9166,1589,794,628,0.82,86.49,72.34,11.01,170.66
seq-07/frame-000052,1,0.10067,3.4532,1999,1124,912,0.84,90.41,106.74,10.49,208.48
seq-07/frame-000053,1,0.08491,2.8978,1488,719,550,0.83,83.17,73.86,16.91,174.77
seq-07/frame-000054,1,0.10435,3.6765,1597,896,693,0.86,74.57,76.60,13.66,165.69
seq-07/frame-000055,1,0.10175,3.4300,1475,713,500,1.15,82.21,72.81,11.87,168.05
seq-07/frame-000056,1,0.09529,3.0133,1944,1017,763,0.90,84.91,104.70,26.42,216.93
seq-07/frame-000057,1,0.10144,3.9652,1611,758,543,0.83,79.09,99.03,17.38,196.33
seq-07/frame-000058,1,0.08225,2.7310,1963,935,674,0.96,95.31,102.50,27.47,226.24
seq-07/frame-000059,1,0.08999,3.0478,1474,589,382,0.84,79.50,76.55,15.52,172.41
seq-07/frame-000060,1,0.07062,2.1894,2535,1095,766,1.24,94.09,119.60,8.47,223.39
seq-07/frame-000061,1,0.08681,3.5951,1436,498,289,0.83,76.70,71.22,22.62,171.37
seq-07/frame-000062,1,0.11592,4.0617,2656,991,684,0.93,98.18,144.91,10.89,254.91
seq-07/frame-000063,1,0.07178,1.7799,2244,663,390,0.87,100.20,121.32,14.91,237.31
seq-07/frame-000064,1,0.11483,3.8284,3026,1009,634,1.74,114.69,168.71,16.33,301.48
seq-07/frame-000065,1,0.11411,3.7471,2743,868,523,0.92,115.33,164.92,11.20,292.37
seq-07/frame-000066,1,0.11858,3.7612,3068,1005,635,1.27,136.28,143.70,27.48,308.73
seq-07/frame-000067,1,0.10727,3.1344,3282,1072,668,1.74,128.84,163.72,25.85,320.15
seq-07/frame-000068,1,0.10162,3.0983,2925,1032,636,0.94,122.75,147.45,23.83,294.98
seq-07/frame-000069,1,0.11627,3.1292,3318,1018,612,0.98,127.44,185.60,9.76,323.79
seq-07/frame-000070,1,0.09972,2.5474,2304,741,431,0.88,109.25,116.58,15.29,242.01
seq-07/frame-000071,1,0.10359,2.5986,2971,945,568,0.96,110.75,150.19,19.50,281.41
seq-07/frame-000072,1,0.10104,2.5700,2456,873,531,0.90,105.96,118.92,11.90,237.68
seq-07/frame-000073,1,0.10799,2.7745,2082,743,434,0.91,105.30,112.61,24.74,243.56
seq-07/frame-000074,1,0.10704,2.8150,3558,1336,868,1.02,127.36,160.65,11.13,300.18
seq-07/frame-000075,1,0.11717,2.9872,2497,916,563,0.92,108.01,128.47,17.78,255.17
seq-07/frame-000076,1,0.11324,2.9405,3433,1367,928,1.00,147.24,184.03,20.70,352.98
seq-07/frame-000077,1,0.11040,2.7971,2948,1098,748,0.93,152.85,147.63,9.92,311.34
seq-07/frame-000078,1,0.11210,2.7792,3210,1208,784,0.94,132.80,155.06,15.50,304.30
seq-07/frame-000079,1,0.11214,2.9047,3351,1269,847,1.37,158.00,164.24,15.55,339.19
seq-07/frame-000080,1,0.11396,2.8801,2910,1042,670,1.13,120.08,129.90,13.97,265.08
seq-07/frame-000081,1,0.11015,2.6274,2943,1060,673,0.95,128.27,148.79,13.58,291.60
seq-07/frame-000082,1,0.17842,3.5242,1505,534,319,0.87,80.04,71.93,10.95,163.80
seq-07/frame-000083,1,0.11665,2.8980,2995,1235,827,0.99,121.34,137.22,14.19,273.73
seq-07/frame-000084,1,0.11700,3.0192,1779,736,492,0.88,70.51,79.01,7.54,157.94
seq-07/frame-000085,1,0.11976,3.2657,1192,483,309,0.84,58.20,51.02,13.14,123.20
seq-07/frame-000086,1,0.17379,3.8573,1082,429,257,1.11,55.79,51.54,19.81,128.26
seq-07/frame-000087,1,0.14218,3.9636,859,309,166,0.79,65.86,41.40,14.20,122.24
seq-07/frame-000088,1,0.13843,3.2800,1345,548,358,0.81,86.45,55.09,11.96,154.31
seq-07/frame-000089,1,0.12671,4.8043,1170,495,298,0.83,68.04,48.98,14.56,132.41
seq-07/frame-000090,1,0.10867,4.7027,1604,695,456,0.83,110.51,73.20,11.26,195.80
seq-07/frame-000091,1,0.11987,4.1686,1504,661,446,0.88,91.85,74.23,15.04,182.00
seq-07/frame-000092,1,0.11695,5.2589,1507,641,379,0.84,77.54,84.72,15.40,178.50
seq-07/frame-000093,1,0.11292,5.5547,1454,719,502,0.84,74.39,64.83,14.52,154.58
seq-07/frame-000094,1,0.09357,4.9473,1564,712,478,0.82,91.26,71.02,11.23,174.32
seq-07/frame-000095,1,0.07266,4.5101,1678,789,542,0.85,81.69,80.28,20.92,183.75
seq-07/frame-000096,1,0.07596,4.0425,2069,932,667,0.90,96.34,110.47,32.63,240.33
seq-07/frame-000097,1,0.07404,4.0225,2192,1023,736,0.89,88.03,127.14,25.90,241.97
seq-07/frame-000098,1,0.06646,4.7401,1869,937,679,0.87,75.61,82.99,23.86,183.34
seq-07/frame-000099,1,0.05471,3.9993,1921,901,636,0.86,89.29,111.35,12.19,213.69
seq-07/frame-000100,1,0.05472,3.9654,2111,1004,724,0.88,124.58,106.26,15.86,247.59
seq-07/frame-000101,1,0.05082,4.3069,1838,926,679,0.87,87.44,111.00,15.56,214.88
seq-07/frame-000102,1,0.05320,3.7827,1531,752,542,0.84,101.65,82.12,20.60,205.22
seq-07/frame-000103,1,0.08231,3.6314,1024,505,332,0.83,56.74,64.95,15.03,137.56
seq-07/frame-000104,1,0.05852,4.4508,1191,681,507,0.82,72.51,89.23,17.27,179.85
seq-07/frame-000105,1,0.04164,3.7917,1825,984,747,0.84,110.04,90.46,17.60,218.95
seq-07/frame-000106,1,0.03829,3.6760,1384,735,568,0.83,109.69,134.68,19.66,264.87
seq-07/frame-000107,1,0.06121,3.9125,1063,540,375,0.83,74.06,49.48,13.18,137.54
seq-07/frame-000108,1,0.04924,3.8175,1183,711,518,0.82,71.22,69.12,16.17,157.33
seq-07/frame-000109,1,0.05319,3.0313,1594,948,726,0.86,88.26,92.09,18.50,199.72
seq-07/frame-000110,1,0.04635,3.6367,1218,672,511,0.80,71.91,65.95,16.56,155.22
seq-07/frame-000111,1,0.04891,3.8952,1257,791,630,0.86,92.06,73.11,14.44,180.49
seq-07/frame-000112,1,0.03770,3.5940,1234,750,574,0.92,84.47,71.24,13.12,169.75
seq-07/frame-000113,1,0.07098,3.9113,919,515,371,0.80,67.70,51.57,17.10,137.18
seq-07/frame-000114,1,0.04820,3.6921,1555,1091,895,0.94,95.96,89.69,23.22,209.81
seq-07/frame-000115,1,0.05764,3.6185,1482,978,813,1.22,89.99,93.13,19.63,203.98
seq-07/frame-000116,1,0.05953,3.5393,1562,1092,905,0.85,99.88,89.94,12.79,203.46
seq-07/frame-000117,1,0.07777,3.6185,1734,1179,988,0.87,108.21,96.52,17.65,223.25
seq-07/frame-000118,1,0.04630,3.1558,1299,912,714,1.59,92.95,71.01,20.37,185.93
seq-07/frame-000119,1,0.04783,3.5433,946,630,468,0.82,81.04,43.21,20.67,145.75
seq-07/frame-000120,1,0.06142,3.1861,1332,1001,815,1.03,88.15,77.22,11.18,177.58
seq-07/frame-000121,1,0.06552,3.3186,1894,1338,1081,0.89,108.46,98.90,29.96,238.21
seq-07/frame-000122,1,0.06489,3.0946,1902,1260,1038,1.88,97.30,93.81,19.87,212.87
seq-07/frame-000123,1,0.06085,3.1705,1804,1290,1067,0.97,99.10,97.22,35.26,232.56
seq-07/frame-000124,1,0.06301,3.1418,1486,1023,853,1.09,97.86,90.28,22.17,211.41
seq-07/frame-000125,1,0.07476,3.3424,1359,967,811,0.79,81.21,69.30,25.04,176.35
seq-07/frame-000126,1,0.07748,3.4756,1438,1028,864,2.41,83.72,86.27,31.79,204.20
seq-07/frame-000127,1,0.08239,3.2591,1646,1197,1011,0.82,94.04,107.28,18.96,221.10
seq-07/frame-000128,1,0.08697,3.1917,2025,1387,1135,0.84,86.18,135.79,33.98,256.78
seq-07/frame-000129,1,0.06439,3.4302,1249,924,751,0.80,90.04,79.14,14.43,184.41
seq-07/frame-000130,1,0.06124,2.2154,870,597,440,0.77,65.60,56.91,22.15,145.44
seq-07/frame-000131,1,0.07250,3.2140,975,709,534,0.88,90.92,68.61,17.96,178.37
seq-07/frame-000132,1,0.07487,3.1229,1432,1101,912,0.84,111.05,92.76,21.77,226.43
seq-07/frame-000133,1,0.07487,2.8344,1952,1435,1213,0.90,130.03,111.72,13.21,255.85
seq-07/frame-000134,1,0.06658,2.7308,1670,1297,1073,0.86,114.57,91.42,17.24,224.09
seq-07/frame-000135,1,0.08101,2.8578,1522,1118,896,1.30,110.73,79.94,37.84,229.80
seq-07/frame-000136,1,0.04396,2.3762,1553,1132,931,0.95,105.27,91.16,33.10,230.48
seq-07/frame-000137,1,0.08853,2.8998,2398,1469,1189,2.60,122.18,141.47,15.88,282.13
seq-07/frame-000138,1,0.08321,3.1061,2415,1525,1253,0.93,133.23,147.30,32.88,314.34
seq-07/frame-000139,1,0.07251,2.9829,2146,1462,1218,0.87,121.11,118.34,24.81,265.15
seq-07/frame-000140,1,0.07813,3.8570,2092,1456,1191,0.84,118.32,127.40,31.65,278.22
seq-07/frame-000141,1,0.05673,3.0365,2276,1446,1185,0.91,110.00,144.70,26.58,282.19
seq-07/frame-000142,1,0.05528,2.8578,2174,1451,1188,0.89,130.01,125.93,20.14,276.98
seq-07/frame-000143,1,0.04429,2.4460,1464,1014,783,1.03,95.14,91.44,26.77,214.38
seq-07/frame-000144,1,0.05711,3.4824,2396,1689,1371,0.87,111.97,123.94,15.72,252.51
seq-07/frame-000145,1,0.06172,3.2502,2364,1475,1161,0.92,113.65,136.53,19.93,271.03
seq-07/frame-000146,1,0.04286,2.2548,2258,1451,1171,0.90,101.55,104.15,29.72,236.32
seq-07/frame-000147,1,0.03383,2.3500,1549,1125,881,0.89,115.41,68.91,20.60,205.81
seq-07/frame-000148,1,0.07864,2.7812,1616,1176,908,0.86,94.47,81.43,22.21,198.98
seq-07/frame-000149,1,0.07739,3.2710,2488,1434,1132,0.92,107.11,125.67,22.76,256.45
seq-07/frame-000150,1,0.09403,3.1938,2497,1601,1256,0.93,117.00,142.81,24.48,285.22
seq-07/frame-000151,1,0.08390,2.4595,1641,1191,952,0.91,89.25,81.81,25.69,197.66
seq-07/frame-000152,1,0.09440,2.6790,1406,1015,753,0.86,89.43,67.49,22.64,180.42
seq-07/frame-000153,1,0.11014,3.4835,2481,1496,1168,0.92,101.57,139.21,27.69,269.40
seq-07/frame-000154,1,0.08752,2.9572,2486,1367,1057,0.95,107.44,105.99,33.32,247.70
seq-07/frame-000155,1,0.12425,3.3543,2467,1404,1084,1.35,106.64,138.26,16.39,262.64
seq-07/frame-000156,1,0.12040,3.0566,2481,1579,1295,0.90,101.13,155.43,88.11,345.57
seq-07/frame-000157,1,0.13747,3.3667,2211,1384,1123,0.90,93.56,123.23,46.31,264.00
seq-07/frame-000158,1,0.11236,3.1411,2431,1420,1129,0.92,109.38,253.19,40.23,403.73
seq-07/frame-000159,1,0.09702,2.7607,1986,1366,1121,0.89,82.43,217.32,39.02,339.66
seq-07/frame-000160,1,0.10978,3.0359,2296,1485,1196,0.88,103.79,301.39,19.67,425.74
seq-07/frame-000161,1,0.10981,2.7519,2198,1526,1239,0.88,117.87,252.23,26.22,397.19
seq-07/frame-000162,1,0.09532,2.6638,1873,1235,998,0.86,182.87,139.35,28.89,351.98
seq-07/frame-000163,1,0.08873,2.4298,1724,1249,958,0.90,183.12,128.28,34.56,346.87
seq-07/frame-000164,1,0.10189,3.3102,2394,1520,1219,0.90,174.51,135.93,24.82,336.16
seq-07/frame-000165,1,0.09754,2.3743,2086,1301,1023,0.87,173.29,156.77,21.51,352.44
seq-07/frame-000166,1,0.07164,2.2578,1779,1148,891,28.39,174.90,91.31,15.28,309.89
seq-07/frame-000167,1,0.05900,1.6696,1608,1025,805,0.86,125.81,87.02,22.01,235.71
seq-07/frame-000168,1,0.05745,2.5308,2135,1335,1071,0.87,135.31,113.23,21.33,270.76
seq-07/frame-000169,1,0.09041,2.4581,2574,1544,1182,0.90,133.37,117.53,16.74,268.54
seq-07/frame-000170,1,0.08024,1.8358,2564,1610,1292,0.91,113.96,127.85,21.10,263.82
seq-07/frame-000171,1,0.09762,2.4917,2579,1549,1191,0.94,112.28,125.65,25.07,263.95
seq-07/frame-000172,1,0.07175,2.2345,2343,1507,1183,1.23,130.58,127.06,26.40,285.26
seq-07/frame-000173,1,0.06185,2.2832,2213,1437,1148,3.34,93.25,100.66,17.72,214.97
seq-07/frame-000174,1,0.05136,2.6064,2241,1378,1108,0.89,95.19,99.44,18.95,214.48
seq-07/frame-000175,1,0.04057,2.8746,2488,1541,1214,0.91,106.64,122.49,22.17,252.21
seq-07/frame-000176,1,0.04433,2.7466,2495,1615,1308,1.24,127.95,113.94,38.95,282.08
seq-07/frame-000177,1,0.05530,3.9560,1647,1024,816,0.84,81.62,85.36,30.11,197.94
seq-07/frame-000178,1,0.03663,2.5294,1734,1069,861,0.85,72.11,70.62,22.61,166.19
seq-07/frame-000179,1,0.06471,3.2022,1978,1246,1008,0.90,74.34,107.58,17.90,200.72
seq-07/frame-000180,1,0.06803,3.3780,2578,1687,1344,1.50,117.00,120.00,25.32,263.82
seq-07/frame-000181,1,0.07258,3.1318,2636,1771,1436,0.89,114.82,123.51,38.68,277.90
seq-07/frame-000182,1,0.09118,2.1317,2202,1461,1165,0.89,117.10,99.76,13.64,231.38
seq-07/frame-000183,1,0.08465,2.0936,2473,1520,1205,0.91,126.37,124.71,22.11,274.11
seq-07/frame-000184,1,0.08155,1.9951,2048,1328,1064,1.43,97.22,100.93,20.02,219.60
seq-07/frame-000185,1,0.10442,2.7589,1394,868,721,0.83,69.29,62.35,17.60,150.07
seq-07/frame-000186,1,0.08041,1.9584,2403,1514,1194,0.89,94.47,123.33,19.89,238.58
seq-07/frame-000187,1,0.08329,1.8013,2502,1630,1322,0.93,111.17,129.65,19.80,261.56
seq-07/frame-000188,1,0.09726,2.2845,1576,1063,818,0.84,75.63,83.81,12.95,173.23
seq-07/frame-000189,1,0.07607,1.8370,1398,953,789,0.82,72.61,82.49,26.39,182.30
seq-07/frame-000190,1,0.08466,2.0959,1735,1183,974,0.82,81.65,84.30,29.90,196.67
seq-07/frame-000191,1,0.07028,1.6896,2324,1659,1383,0.86,111.62,111.13,21.84,245.46
seq-07/frame-000192,1,0.07638,1.7454,2464,1540,1226,0.93,99.67,122.89,16.36,239.85
seq-07/frame-000193,1,0.07572,1.9359,1508,1043,839,0.83,79.02,78.30,17.08,175.24
seq-07/frame-000194,1,0.07515,2.0924,1607,1094,913,0.82,95.91,92.17,26.04,214.94
seq-07/frame-000195,1,0.05731,1.4415,2481,1538,1238,0.90,98.38,119.20,12.63,231.12
seq-07/frame-000196,1,0.05771,1.2735,2474,1615,1314,0.89,96.12,119.60,25.74,242.36
seq-07/frame-000197,1,0.06805,1.4524,2418,1673,1372,0.89,105.83,104.90,15.80,227.43
seq-07/frame-000198,1,0.05183,1.1530,1677,1151,936,0.84,75.07,84.71,13.93,174.55
seq-07/frame-000199,1,0.04131,1.0086,2151,1533,1265,0.84,81.06,98.82,21.03,201.75
seq-07/frame-000200,1,0.05095,1.3288,2459,1476,1168,0.93,82.55,126.22,22.17,231.87
seq-07/frame-000201,1,0.04782,1.4329,2546,1522,1212,0.92,122.32,120.76,11.56,255.56
seq-07/frame-000202,1,0.05802,1.1771,2256,1641,1384,0.87,106.71,173.84,25.05,306.48
seq-07/frame-000203,1,0.04633,1.1364,2309,1585,1323,0.85,93.96,122.44,17.77,235.02
seq-07/frame-000204,1,0.04358,1.2880,2066,1379,1157,0.88,82.64,112.52,18.41,214.44
seq-07/frame-000205,1,0.05141,1.2607,1694,1207,1025,0.84,84.33,82.77,13.38,181.32
seq-07/frame-000206,1,0.05753,1.2311,1601,1141,975,0.86,89.11,90.20,16.46,196.64
seq-07/frame-000207,1,0.03243,0.8796,2352,1638,1384,0.91,93.97,109.07,18.43,222.38
seq-07/frame-000208,1,0.02151,0.6593,2090,1564,1331,0.89,84.93,106.69,13.32,205.83
seq-07/frame-000209,1,0.03281,0.8649,2402,1405,1133,0.92,96.26,120.50,14.29,231.97
seq-07/frame-000210,1,0.03852,1.1211,2330,1603,1365,0.92,96.55,117.58,23.74,238.79
seq-07/frame-000211,1,0.02561,0.7162,2060,1452,1228,0.89,95.67,109.94,14.65,221.16
seq-07/frame-000212,1,0.03768,0.9644,2457,1509,1242,0.94,115.70,118.99,16.68,252.32
seq-07/frame-000213,1,0.03106,0.7535,1961,1503,1299,0.90,91.67,89.88,18.35,200.80
seq-07/frame-000214,1,0.02635,0.6662,1540,1172,1011,0.84,85.48,73.95,22.05,182.32
seq-07/frame-000215,1,0.03226,0.8363,2226,1651,1398,0.92,94.26,112.68,13.96,221.82
seq-07/frame-000216,1,0.03563,1.0886,2302,1588,1331,0.89,99.67,112.42,13.41,226.39
seq-07/frame-000217,1,0.03916,0.9518,2461,1671,1411,0.93,100.26,122.95,18.44,242.58
seq-07/frame-000218,1,0.04566,1.2216,2464,1630,1371,0.98,92.30,112.59,17.41,223.28
seq-07/frame-000219,1,0.03239,0.9316,2351,1603,1349,0.93,93.28,109.14,19.56,222.91
seq-07/frame-000220,1,0.03604,0.9147,2220,1584,1363,0.93,92.17,96.16,18.05,207.32
seq-07/frame-000221,1,0.03355,0.9198,1697,1279,1100,0.98,101.37,73.95,9.16,185.46
seq-07/frame-000222,1,0.03486,0.8339,1768,1130,954,0.91,77.44,78.31,9.01,165.67
seq-07/frame-000223,1,0.02886,0.7614,1727,1332,1149,0.87,91.49,76.99,15.61,184.96
seq-07/frame-000224,1,0.02830,0.5555,1830,1382,1203,0.87,96.77,83.45,23.07,204.17
seq-07/frame-000225,1,0.01882,0.6535,1878,1484,1268,0.88,81.96,81.23,11.54,175.61
seq-07/frame-000226,1,0.02396,0.6282,1556,1156,981,0.87,78.32,81.58,16.71,177.48
seq-07/frame-000227,1,0.02815,0.8017,1373,999,850,0.87,75.50,55.56,8.35,140.29
seq-07/frame-000228,1,0.01938,0.5351,1713,1253,1079,1.42,83.67,81.83,8.46,175.38
seq-07/frame-000229,1,0.02575,0.5303,2168,1534,1313,0.91,102.56,102.27,27.20,232.94
seq-07/frame-000230,1,0.02516,0.3862,1619,1247,1093,0.84,79.62,84.84,15.08,180.38
seq-07/frame-000231,1,0.02699,0.3899,1461,1066,918,0.87,78.12,62.19,8.53,149.71
seq-07/frame-000232,1,0.01652,0.2853,1448,1093,949,0.83,71.81,61.82,23.22,157.68
seq-07/frame-000233,1,0.01666,0.3471,1977,1421,1197,0.89,87.54,86.93,19.86,195.22
seq-07/frame-000234,1,0.02425,0.3231,2148,1571,1342,0.91,88.80,101.86,12.77,204.34
seq-07/frame-000235,1,0.03135,0.4982,2134,1567,1318,0.92,96.29,111.17,13.62,222.00
seq-07/frame-000236,1,0.02643,0.6749,2177,1544,1298,0.91,94.51,104.12,19.27,218.81
seq-07/frame-000237,1,0.02753,0.4575,2084,1460,1256,0.91,86.69,96.16,22.20,205.96
seq-07/frame-000238,1,0.03578,0.7348,2118,1618,1370,0.88,91.32,95.11,18.26,205.56
seq-07/frame-000239,1,0.03295,0.6551,2144,1512,1269,1.03,96.86,98.67,39.94,236.51
seq-07/frame-000240,1,0.03207,0.5720,1945,1367,1157,0.91,81.47,97.36,17.97,197.71
seq-07/frame-000241,1,0.02616,0.4906,1886,1391,1202,0.86,96.41,90.41,15.70,203.37
seq-07/frame-000242,1,0.03395,0.8288,2144,1513,1279,0.87,98.57,92.81,18.88,211.13
seq-07/frame-000243,1,0.03383,0.6836,2049,1401,1179,0.91,81.76,98.77,29.59,211.03
seq-07/frame-000244,1,0.02374,0.4228,2024,1483,1261,0.90,102.47,111.51,12.78,227.67
seq-07/frame-000245,1,0.02086,0.3204,2188,1531,1288,0.93,90.20,114.15,19.15,224.43
seq-07/frame-000246,1,0.02447,0.3343,2172,1552,1308,0.92,119.63,102.23,18.06,240.85
seq-07/frame-000247,1,0.03132,0.7090,2192,1621,1340,0.94,80.48,120.23,20.67,222.32
seq-07/frame-000248,1,0.02103,0.3740,2018,1317,1107,0.91,103.74,99.19,10.65,214.50
seq-07/frame-000249,1,0.02965,0.6402,1373,945,790,0.85,89.63,69.95,9.66,170.09
seq-07/frame-000250,1,0.02463,0.5198,1570,1129,975,0.87,87.17,80.54,21.34,189.92
seq-07/frame-000251,1,0.01748,0.2624,2118,1460,1216,2.15,108.35,109.09,19.60,239.20
seq-07/frame-000252,1,0.01749,0.3494,2101,1436,1196,0.92,95.70,109.42,11.07,217.12
seq-07/frame-000253,1,0.01865,0.2498,1839,1313,1118,1.13,101.14,101.81,22.75,226.84
seq-07/frame-000254,1,0.01072,0.2987,2040,1457,1232,0.90,94.25,101.50,22.40,219.05
seq-07/frame-000255,1,0.01625,0.3845,2158,1485,1249,0.96,109.58,115.91,11.03,237.49
seq-07/frame-000256,1,0.01366,0.4754,2113,1562,1300,0.92,109.10,101.64,19.99,231.65
seq-07/frame-000257,1,0.01140,0.5029,2168,1584,1334,1.30,115.09,106.97,10.66,234.02
seq-07/frame-000258,1,0.00739,0.5599,2179,1549,1290,0.96,98.91,97.17,16.63,213.67
seq-07/frame-000259,1,0.02470,0.6459,1701,1175,1018,0.88,89.99,82.69,13.85,187.42
seq-07/frame-000260,1,0.02295,0.5378,1221,905,742,0.91,84.79,61.13,13.79,160.62
seq-07/frame-000261,1,0.02507,0.6302,1283,868,711,0.85,76.70,55.94,14.24,147.73
seq-07/frame-000262,1,0.02352,0.6995,1622,1110,956,0.86,78.56,80.46,16.44,176.33
seq-07/frame-000263,1,0.01697,0.5164,1652,1115,939,0.87,81.56,76.78,11.77,170.98
seq-07/frame-000264,1,0.02178,0.3497,1538,1020,840,0.86,85.93,59.78,8.66,155.23
seq-07/frame-000265,1,0.01449,0.4559,1317,817,685,0.84,69.89,58.63,12.37,141.72
seq-07/frame-000266,1,0.01687,0.4265,1228,674,527,0.82,63.40,53.73,10.33,128.28
seq-07/frame-000267,1,0.01793,0.2420,1528,858,680,2.70,83.11,95.49,13.86,195.17
seq-07/frame-000268,1,0.02703,1.1750,2491,1458,1171,0.93,115.27,119.37,11.89,247.46
seq-07/frame-000269,1,0.01917,0.9647,2269,1284,1021,0.94,98.47,111.03,14.76,225.20
seq-07/frame-000270,1,0.02390,0.6938,1687,1008,797,0.93,83.25,62.27,11.98,158.43
seq-07/frame-000271,1,0.01113,0.3313,2226,1307,1037,0.94,113.11,101.27,19.88,235.20
seq-07/frame-000272,1,0.01164,0.4107,2148,1324,1077,0.90,90.79,96.54,14.87,203.10
seq-07/frame-000273,1,0.01392,0.5624,2127,1247,1000,0.94,109.41,100.43,12.88,223.66
seq-07/frame-000274,1,0.02244,0.8274,1570,864,645,0.91,98.00,77.89,14.38,191.19
seq-07/frame-000275,1,0.01677,0.5861,1868,1036,805,0.90,79.62,79.88,15.88,176.28
seq-07/frame-000276,1,0.01188,0.4675,2501,1443,1158,0.95,91.85,129.28,21.88,243.96
seq-07/frame-000277,1,0.00903,0.1852,2430,1419,1111,0.96,94.18,133.43,23.51,252.08
seq-07/frame-000278,1,0.02063,0.5983,2048,1153,902,0.91,84.96,131.48,17.37,234.72
seq-07/frame-000279,1,0.01844,0.2637,1902,1046,829,0.91,89.62,131.38,18.91,240.83
seq-07/frame-000280,1,0.01336,0.1729,1808,983,774,0.93,97.03,107.11,14.05,219.12
seq-07/frame-000281,1,0.01342,0.1874,1808,983,774,0.88,78.79,102.98,14.29,196.95
seq-07/frame-000282,1,0.01879,0.6105,1988,1122,898,0.91,85.53,119.42,27.30,233.15
seq-07/frame-000283,1,0.00770,0.1430,2058,1075,815,0.90,83.52,126.93,14.24,225.59
seq-07/frame-000284,1,0.01927,0.5095,1951,1039,809,1.84,92.08,103.56,19.90,217.39
seq-07/frame-000285,1,0.01796,0.3328,1682,912,747,0.85,80.05,98.41,17.53,196.85
seq-07/frame-000286,1,0.02205,0.8118,1692,949,772,1.83,91.61,88.43,12.73,194.61
seq-07/frame-000287,1,0.01912,0.5388,1931,1076,840,1.77,106.10,91.54,11.85,211.26
seq-07/frame-000288,1,0.01203,0.1869,1869,1025,827,1.09,101.71,87.97,21.01,211.79
seq-07/frame-000289,1,0.02460,0.6754,1986,1149,913,0.92,102.39,104.78,7.82,215.92
seq-07/frame-000290,1,0.02031,0.6335,2114,1127,885,0.94,92.54,100.62,23.43,217.53
seq-07/frame-000291,1,0.01873,0.5358,2347,1281,996,0.94,100.08,119.22,10.40,230.65
seq-07/frame-000292,1,0.02701,0.6840,2294,1191,938,0.99,106.53,111.89,22.20,241.61
seq-07/frame-000293,1,0.03220,1.0777,2121,1123,874,1.88,93.11,114.59,14.35,223.94
seq-07/frame-000294,1,0.01716,0.7339,2011,1083,847,1.22,90.47,102.17,17.53,211.40
seq-07/frame-000295,1,0.01959,0.6644,2408,1318,1032,0.95,112.63,128.15,18.57,260.32
seq-07/frame-000296,1,0.01837,0.6316,2745,1457,1103,1.01,96.13,130.93,17.85,245.92
seq-07/frame-000297,1,0.01455,0.5342,2490,1327,1027,0.99,84.75,103.56,17.10,206.40
seq-07/frame-000298,1,0.01879,0.6497,1801,931,687,0.95,75.47,87.39,11.91,175.72
seq-07/frame-000299,1,0.02724,0.8370,1633,822,621,0.91,100.57,74.75,14.45,190.69
seq-07/frame-000300,1,0.02594,0.7373,1771,908,706,0.90,94.43,89.81,14.43,199.58
seq-07/frame-000301,1,0.01792,0.4567,2363,1252,995,0.91,93.83,111.02,14.00,219.77
seq-07/frame-000302,1,0.03340,1.0182,2565,1412,1071,0.98,107.49,129.48,15.60,253.55
seq-07/frame-000303,1,0.00962,0.5581,2698,1564,1257,0.98,121.70,150.20,23.38,296.27
seq-07/frame-000304,1,0.02056,0.7983,2158,1193,970,0.90,82.02,112.26,9.64,204.82
seq-07/frame-000305,1,0.03431,1.0748,2610,1473,1174,1.00,126.08,132.01,12.64,271.74
seq-07/frame-000306,1,0.03462,1.1288,2602,1522,1200,0.99,113.38,135.31,14.55,264.24
seq-07/frame-000307,1,0.02642,0.8508,2664,1626,1303,0.96,110.11,141.93,22.56,275.57
seq-07/frame-000308,1,0.03725,1.1214,2638,1604,1296,0.96,114.70,118.99,26.81,261.47
seq-07/frame-000309,1,0.05055,1.4044,1604,840,631,0.86,86.78,68.05,14.88,170.58
seq-07/frame-000310,1,0.03622,0.9740,1617,859,663,0.85,90.35,85.03,22.27,198.50
seq-07/frame-000311,1,0.01743,0.3624,1996,1188,947,0.91,82.94,92.04,20.77,196.67
seq-07/frame-000312,1,0.02885,1.0997,1426,723,557,0.87,66.54,68.47,15.37,151.25
seq-07/frame-000313,1,0.03136,1.0518,1805,1004,771,0.89,81.71,96.30,11.02,189.91
seq-07/frame-000314,1,0.01372,0.5213,1827,1035,831,0.87,96.96,87.17,15.43,200.42
seq-07/frame-000315,1,0.02569,0.6594,1541,820,621,0.89,82.79,79.96,21.87,185.51
seq-07/frame-000316,1,0.03161,0.9000,2239,1479,1204,0.93,97.33,118.64,18.28,235.18
seq-07/frame-000317,1,0.02263,0.7727,1633,897,653,0.90,96.29,87.25,14.10,198.54
seq-07/frame-000318,1,0.03034,0.8811,1723,976,763,0.88,96.53,95.56,15.49,208.46
seq-07/frame-000319,1,0.03957,1.0925,2332,1522,1227,0.94,93.04,124.83,27.47,246.29
seq-07/frame-000320,1,0.02724,0.7870,1436,725,539,0.84,79.82,85.86,18.68,185.21
seq-07/frame-000321,1,0.00871,0.3602,1933,1150,917,0.88,104.11,104.39,15.03,224.41
seq-07/frame-000322,1,0.03498,0.7978,1846,1051,828,0.91,91.62,109.87,19.66,222.07
seq-07/frame-000323,1,0.01277,0.4518,1667,926,707,0.88,83.78,95.77,15.03,195.47
seq-07/frame-000324,1,0.01603,0.4821,1695,967,762,0.88,80.49,78.50,14.07,173.95
seq-07/frame-000325,1,0.05470,1.3578,1847,1168,939,0.88,98.96,76.65,14.05,190.55
seq-07/frame-000326,1,0.03351,1.3241,2081,1395,1181,0.86,96.77,121.18,10.38,229.20
seq-07/frame-000327,1,0.02652,0.8704,2337,1504,1255,0.89,86.86,108.28,23.41,219.44
seq-07/frame-000328,1,0.03889,1.1510,2490,1671,1395,1.68,139.69,129.74,19.22,290.33
seq-07/frame-000329,1,0.03194,1.0283,2515,1681,1403,0.93,133.59,138.31,21.79,294.63
seq-07/frame-000330,1,0.03212,0.9914,2456,1645,1409,0.93,128.34,128.68,15.83,273.78
seq-07/frame-000331,1,0.02904,1.0536,2020,1311,1129,0.94,121.70,119.39,14.95,256.99
seq-07/frame-000332,1,0.04727,1.2209,2318,1497,1290,0.88,109.12,139.28,19.41,268.70
seq-07/frame-000333,1,0.05071,1.3060,2479,1626,1371,0.91,112.85,141.60,26.45,281.82
seq-07/frame-000334,1,0.04608,1.1744,2445,1585,1339,0.94,95.37,143.04,21.35,260.70
seq-07/frame-000335,1,0.05616,1.3488,2546,1720,1460,0.92,97.51,160.01,38.06,296.51
seq-07/frame-000336,1,0.05729,1.4096,2406,1643,1381,1.01,121.27,145.39,36.95,304.62
seq-07/frame-000337,1,0.03989,0.8013,1976,1320,1115,0.84,122.59,126.64,14.54,264.62
seq-07/frame-000338,1,0.04229,1.0585,2081,1346,1100,0.88,118.14,146.03,30.83,295.88
seq-07/frame-000339,1,0.04795,1.1187,1972,1259,1053,0.87,122.47,137.09,18.20,278.64
seq-07/frame-000340,1,0.05514,1.2310,1721,1138,945,0.88,109.19,127.43,31.50,269.00
seq-07/frame-000341,1,0.03865,0.9379,1824,1146,965,1.79,109.30,126.36,15.88,253.33
seq-07/frame-000342,1,0.05097,1.1951,2262,1559,1296,0.96,128.64,157.54,28.28,315.42
seq-07/frame-000343,1,0.05064,1.0763,2247,1575,1330,2.26,123.63,157.30,21.62,304.81
seq-07/frame-000344,1,0.05711,1.3385,1958,1345,1161,1.63,115.17,132.09,22.52,271.43
seq-07/frame-000345,1,0.06383,1.3721,2132,1464,1266,0.93,135.19,131.55,29.96,297.64
seq-07/frame-000346,1,0.04870,1.0551,1984,1359,1177,1.54,133.48,126.44,25.69,287.15
seq-07/frame-000347,1,0.06001,1.2210,2128,1471,1247,0.90,133.51,139.50,21.71,295.63
seq-07/frame-000348,1,0.04696,0.9118,1857,1246,1058,0.86,117.48,115.36,14.30,248.01
seq-07/frame-000349,1,0.05367,1.0824,1747,1088,905,3.19,105.20,115.37,13.02,236.78
seq-07/frame-000350,1,0.06809,1.3597,1960,1300,1085,1.20,120.90,121.80,23.48,267.38
seq-07/frame-000351,1,0.07238,1.4496,2161,1442,1218,1.50,130.64,134.39,25.99,292.52
seq-07/frame-000352,1,0.05938,1.2429,2061,1361,1107,2.08,127.73,106.06,12.17,248.05
seq-07/frame-000353,1,0.08055,1.6089,1953,1264,1055,1.70,114.86,108.31,19.01,243.88
seq-07/frame-000354,1,0.08197,1.6831,2220,1498,1238,0.91,132.47,118.23,22.48,274.09
seq-07/frame-000355,1,0.10122,1.7864,2217,1500,1266,3.46,117.47,111.76,23.65,256.34
seq-07/frame-000356,1,0.10921,1.8047,2399,1631,1299,0.94,116.53,120.06,21.13,258.66
seq-07/frame-000357,1,0.11134,1.9257,2381,1630,1349,0.93,106.62,110.01,19.99,237.56
seq-07/frame-000358,1,0.10453,1.8458,2266,1527,1290,0.91,102.83,93.18,16.42,213.34
seq-07/frame-000359,1,0.11449,2.1259,2112,1421,1137,0.91,114.33,92.50,20.74,228.48
seq-07/frame-000360,1,0.11711,2.1871,2323,1600,1330,0.94,152.99,121.59,13.71,289.23
seq-07/frame-000361,1,0.10959,1.9034,2362,1556,1213,0.96,96.03,108.83,15.70,221.53
seq-07/frame-000362,1,0.13617,2.3716,1982,1403,1166,0.87,82.30,76.40,25.56,185.14
seq-07/frame-000363,1,0.12249,2.0288,1834,1213,931,0.86,106.76,86.27,16.20,210.10
seq-07/frame-000364,1,0.11973,1.8835,2147,1356,1059,0.89,84.39,91.60,15.97,192.85
seq-07/frame-000365,1,0.12203,2.1386,2183,1396,1082,0.93,100.24,160.12,34.94,296.24
seq-07/frame-000366,1,0.07536,1.4230,1853,1135,898,1.07,88.85,162.01,19.58,271.52
seq-07/frame-000367,1,0.11346,2.0902,1717,1029,775,0.86,69.29,148.69,25.74,244.58
seq-07/frame-000368,1,0.09828,1.8609,2425,1474,1193,0.93,111.99,171.46,14.01,298.39
seq-07/frame-000369,1,0.07539,1.4878,1838,1114,891,0.88,89.39,155.90,27.11,273.27
seq-07/frame-000370,1,0.05441,0.6839,1379,642,482,0.82,76.28,130.89,12.85,220.83
seq-07/frame-000371,1,0.03830,1.2445,1832,1097,846,0.90,125.71,118.13,15.91,260.66
seq-07/frame-000372,1,0.04704,1.0353,2011,1006,737,0.90,151.62,111.59,23.67,287.77
seq-07/frame-000373,1,0.05870,0.8021,1993,1080,845,0.88,148.65,84.54,18.30,252.38
seq-07/frame-000374,1,0.05092,0.8750,2398,1323,1022,0.96,180.81,124.04,13.09,318.91
seq-07/frame-000375,1,0.05085,0.9590,1999,1063,847,1.04,105.37,95.28,13.66,215.35
seq-07/frame-000376,1,0.05318,0.8980,1872,924,710,0.87,100.66,88.96,13.70,204.20
seq-07/frame-000377,1,0.04021,0.6909,2048,1175,921,0.91,123.78,94.95,18.78,238.42
seq-07/frame-000378,1,0.04958,0.4029,1745,912,727,0.88,116.38,83.80,21.10,222.16
seq-07/frame-000379,1,0.03900,0.5818,1703,940,764,0.86,92.29,80.88,23.87,197.90
seq-07/frame-000380,1,0.05403,1.0002,1939,1008,784,0.90,92.57,96.90,12.72,203.10
seq-07/frame-000381,1,0.04051,0.3843,2054,1042,807,0.89,93.10,95.07,22.95,212.01
seq-07/frame-000382,1,0.03816,0.7031,2456,1256,942,0.96,106.55,115.96,19.51,242.99
seq-07/frame-000383,1,0.02257,0.0973,2003,1177,941,0.91,95.16,95.01,12.26,203.34
seq-07/frame-000384,1,0.03207,0.2195,1698,1016,795,0.87,84.70,93.22,12.74,191.53
seq-07/frame-000385,1,0.02322,0.1564,2021,1210,983,0.90,98.16,95.91,20.58,215.56
seq-07/frame-000386,1,0.04833,0.3492,1565,715,514,0.85,92.34,59.96,17.80,170.96
seq-07/frame-000387,1,0.01080,0.6451,1981,1184,947,0.90,96.32,96.30,16.96,210.47
seq-07/frame-000388,1,0.01574,0.9298,2203,1273,986,1.41,124.37,111.66,27.99,265.43
seq-07/frame-000389,1,0.01155,0.5055,2458,1393,1082,0.98,113.01,140.30,20.88,275.16
seq-07/frame-000390,1,0.00532,0.5751,1970,1134,881,0.92,92.27,105.17,16.05,214.41
seq-07/frame-000391,1,0.01470,0.6312,2121,1260,984,0.92,112.41,126.52,25.21,265.06
seq-07/frame-000392,1,0.01013,0.3454,2314,1312,1029,1.28,111.57,132.77,9.57,255.20
seq-07/frame-000393,1,0.02079,0.6394,1967,1158,903,0.90,93.00,119.18,21.39,234.47
seq-07/frame-000394,1,0.01987,0.7018,1934,1127,903,0.89,122.86,121.08,22.49,267.32
seq-07/frame-000395,1,0.01926,0.6585,2149,1245,984,1.31,124.26,127.96,14.76,268.30
seq-07/frame-000396,1,0.03119,1.0552,2208,1220,943,1.68,114.93,123.04,23.34,263.26
seq-07/frame-000397,1,0.01722,0.7162,2446,1313,1013,1.18,128.85,141.15,20.72,291.90
seq-07/frame-000398,1,0.02732,0.9660,2503,1365,1053,1.08,130.79,139.19,24.52,295.59
seq-07/frame-000399,1,0.01928,0.7674,2693,1419,1092,0.99,130.04,165.97,20.02,317.02
seq-07/frame-000400,1,0.01509,0.7860,2436,1442,1143,1.42,118.05,139.57,18.97,278.01
seq-07/frame-000401,1,0.02300,0.8587,2429,1341,1051,1.29,129.86,138.42,23.21,292.77
seq-07/frame-000402,1,0.02081,0.7572,2325,1384,1101,1.32,114.07,138.05,19.20,272.64
seq-07/frame-000403,1,0.01785,0.6874,2561,1445,1116,0.99,130.37,151.50,22.05,304.91
seq-07/frame-000404,1,0.02179,0.7887,1764,1044,783,1.57,106.98,101.92,18.00,228.49
seq-07/frame-000405,1,0.02835,1.0301,1519,859,642,1.09,93.71,87.93,14.47,197.24
seq-07/frame-000406,1,0.03164,1.1911,1655,886,638,1.58,95.34,95.23,13.51,205.67
seq-07/frame-000407,1,0.02183,0.7990,2402,1332,1017,2.11,124.36,135.13,12.62,274.22
seq-07/frame-000408,1,0.03579,1.1937,2237,1267,1000,1.89,120.44,115.36,32.55,270.25
seq-07/frame-000409,1,0.01969,0.7377,2317,1341,1041,1.84,116.68,134.44,26.05,279.02
seq-07/frame-000410,1,0.02500,0.8693,1660,920,696,2.68,97.84,89.17,16.20,205.89
seq-07/frame-000411,1,0.03834,1.0917,2354,1265,946,1.45,124.19,134.67,23.98,284.30
seq-07/frame-000412,1,0.02557,0.8719,1635,914,709,0.89,94.55,89.24,15.99,200.67
seq-07/frame-000413,1,0.02228,0.3196,1674,962,752,1.89,98.78,111.35,8.06,220.09
seq-07/frame-000414,1,0.04128,1.2765,1522,797,614,0.83,100.77,79.40,24.70,205.71
seq-07/frame-000415,1,0.04544,1.5378,1669,912,687,1.56,99.02,99.39,8.34,208.31
seq-07/frame-000416,1,0.03636,1.1869,1502,785,578,1.80,88.23,79.09,21.26,190.38
seq-07/frame-000417,1,0.03387,1.3405,1457,712,543,0.84,71.50,58.83,12.21,143.38
seq-07/frame-000418,1,0.02432,1.5392,1408,778,569,0.83,78.01,64.69,8.71,152.25
seq-07/frame-000419,1,0.01740,0.9711,1260,651,481,0.84,73.55,51.09,9.81,135.28
seq-07/frame-000420,1,0.02339,2.1483,1501,815,577,0.83,88.49,76.41,12.83,178.56
seq-07/frame-000421,1,0.05594,2.9482,1995,1156,887,0.90,107.14,90.07,18.04,216.16
seq-07/frame-000422,1,0.07530,2.8962,2003,1147,888,0.90,89.10,89.91,18.18,198.10
seq-07/frame-000423,1,0.08448,2.3025,2307,1219,922,0.93,99.06,119.38,22.06,241.44
seq-07/frame-000424,1,0.05499,2.4215,1748,1014,791,0.88,84.09,85.42,18.62,189.02
seq-07/frame-000425,1,0.05320,2.3056,1483,849,631,0.87,77.60,66.13,13.64,158.24
seq-07/frame-000426,1,0.06355,1.6486,1787,1083,830,1.02,83.61,98.03,14.56,197.23
seq-07/frame-000427,1,0.07537,1.3278,1972,1136,877,0.90,86.08,124.07,17.94,229.01
seq-07/frame-000428,1,0.03933,1.5032,1395,804,600,0.88,65.03,74.75,21.05,161.72
seq-07/frame-000429,1,0.03065,1.5942,1707,1034,793,1.22,91.88,86.36,13.10,192.56
seq-07/frame-000430,1,0.04522,1.1895,2045,1309,1037,0.87,88.17,106.87,31.53,227.45
seq-07/frame-000431,1,0.05494,1.3143,1975,1275,1024,0.86,105.46,95.95,17.39,219.66
seq-07/frame-000432,1,0.07869,1.7763,2283,1396,1118,1.27,130.07,147.24,22.01,300.59
seq-07/frame-000433,1,0.07112,1.6396,2324,1381,1083,0.90,120.98,143.57,26.22,291.67
seq-07/frame-000434,1,0.06019,1.3632,2081,1321,1047,0.89,90.27,108.33,31.93,231.42
seq-07/frame-000435,1,0.08028,1.6687,2114,1356,1102,1.21,124.06,124.81,23.36,273.44
seq-07/frame-000436,1,0.08209,1.6488,1593,1008,806,0.86,83.69,88.52,23.40,196.48
seq-07/frame-000437,1,0.05154,1.1090,1586,1004,780,0.87,114.59,106.56,13.53,235.55
seq-07/frame-000438,1,0.06470,1.4497,2438,1586,1262,0.94,112.95,132.51,16.93,263.34
seq-07/frame-000439,1,0.06456,1.5660,2489,1604,1282,1.53,120.14,125.36,24.92,271.96
seq-07/frame-000440,1,0.07831,1.6113,2153,1449,1228,1.45,121.19,113.08,23.68,259.40
seq-07/frame-000441,1,0.07176,1.6476,2382,1553,1235,1.34,111.83,127.64,51.99,292.80
seq-07/frame-000442,1,0.08117,1.8136,2397,1566,1253,0.94,119.40,186.37,20.70,327.42
seq-07/frame-000443,1,0.05223,1.4035,2348,1468,1205,0.92,116.81,191.96,21.63,331.32
seq-07/frame-000444,1,0.08597,1.9033,2355,1512,1213,1.76,103.95,185.74,29.00,320.44
seq-07/frame-000445,1,0.06549,1.5074,2464,1668,1346,0.94,121.06,188.87,19.40,330.26
seq-07/frame-000446,1,0.09225,2.0227,2384,1520,1229,0.92,123.88,164.51,24.54,313.85
seq-07/frame-000447,1,0.05775,1.4077,2419,1514,1187,1.56,115.69,170.99,13.69,301.94
seq-07/frame-000448,1,0.06654,1.3259,1887,1274,996,0.93,139.40,104.65,19.66,264.66
seq-07/frame-000449,1,0.09923,2.1698,1824,1223,946,0.87,137.01,91.40,25.78,255.07
seq-07/frame-000450,1,0.05898,1.4810,2478,1628,1302,1.58,149.52,132.19,31.96,315.26
seq-07/frame-000451,1,0.01797,1.2306,2447,1616,1295,0.92,117.91,144.15,21.08,284.07
seq-07/frame-000452,1,0.07355,1.4703,2400,1592,1239,1.50,97.75,148.70,26.88,274.84
seq-07/frame-000453,1,0.02167,0.6604,2552,1713,1334,0.96,118.29,142.15,20.39,281.80
seq-07/frame-000454,1,0.02757,0.8870,2372,1559,1234,1.29,133.82,127.06,25.85,288.01
seq-07/frame-000455,1,0.02028,0.9281,2483,1682,1321,0.94,103.95,153.18,12.72,270.79
seq-07/frame-000456,1,0.01262,0.8920,2531,1655,1301,0.95,148.26,142.60,18.47,310.29
seq-07/frame-000457,1,0.04569,2.3764,1964,1177,919,0.85,105.41,120.27,20.86,247.39
seq-07/frame-000458,1,0.02868,1.1718,2283,1430,1131,0.91,142.50,134.57,15.52,293.50
seq-07/frame-000459,1,0.06871,1.3264,1961,1318,1034,0.85,108.86,107.96,14.96,232.63
seq-07/frame-000460,1,0.04230,1.3135,2483,1721,1422,1.29,104.22,141.57,21.71,268.78
seq-07/frame-000461,1,0.06033,1.2923,2637,1708,1353,0.96,105.18,133.48,31.72,271.34
seq-07/frame-000462,1,0.05567,1.3094,2253,1571,1299,0.91,111.08,132.56,26.22,270.78
seq-07/frame-000463,1,0.06942,1.5222,2375,1722,1398,0.90,102.58,127.81,21.63,252.93
seq-07/frame-000464,1,0.06753,1.8015,2256,1572,1275,0.89,110.34,157.06,32.78,301.19
seq-07/frame-000465,1,0.10692,2.2748,1917,1297,1014,0.88,101.16,118.83,38.40,259.28
seq-07/frame-000466,1,0.06376,1.4618,2509,1754,1376,0.93,106.86,169.31,26.14,303.25
seq-07/frame-000467,1,0.09758,2.1246,2187,1448,1154,0.90,93.96,137.78,27.13,259.78
seq-07/frame-000468,1,0.10257,2.0209,2257,1495,1171,0.89,108.30,143.98,16.76,269.93
seq-07/frame-000469,1,0.07008,1.8157,2567,1730,1357,0.93,109.29,148.92,25.12,284.27
seq-07/frame-000470,1,0.03031,0.6742,2553,1737,1363,0.95,135.54,134.43,35.47,306.39
seq-07/frame-000471,1,0.05146,0.8833,2639,1773,1358,1.79,150.97,131.59,25.23,309.58
seq-07/frame-000472,1,0.06154,1.1488,2481,1666,1272,0.92,123.08,135.27,24.89,284.53
seq-07/frame-000473,1,0.02794,0.7968,2522,1807,1425,0.90,92.59,136.64,17.51,247.65
seq-07/frame-000474,1,0.02712,0.9153,1748,1102,847,0.85,106.80,94.12,20.31,222.09
seq-07/frame-000475,1,0.05297,0.9484,2728,1854,1410,0.98,105.76,159.39,19.19,285.33
seq-07/frame-000476,1,0.04574,0.8885,2354,1577,1234,0.91,107.84,144.81,27.27,280.83
seq-07/frame-000477,1,0.04987,0.9745,2059,1426,1135,0.93,97.27,127.30,21.89,247.39
seq-07/frame-000478,1,0.05584,1.0731,2729,1852,1437,0.98,113.83,152.26,19.80,286.87
seq-07/frame-000479,1,0.05932,1.1228,2501,1697,1351,0.92,118.57,133.04,23.01,275.54
seq-07/frame-000480,1,0.03055,0.8149,2561,1753,1383,1.07,119.97,127.44,19.26,267.73
seq-07/frame-000481,1,0.02798,0.9665,2738,1888,1454,0.98,119.05,135.46,26.69,282.18
seq-07/frame-000482,1,0.03805,0.8050,2823,1878,1451,1.26,125.81,109.01,14.16,250.24
seq-07/frame-000483,1,0.03634,0.7201,2774,1895,1476,0.97,118.64,125.10,20.24,264.95
seq-07/frame-000484,1,0.03854,0.8105,2810,1906,1510,0.98,125.74,130.70,15.74,273.16
seq-07/frame-000485,1,0.03471,0.7815,2619,1865,1440,0.95,101.76,136.72,29.81,269.25
seq-07/frame-000486,1,0.01953,0.5945,2918,1986,1484,0.98,114.89,164.47,33.68,314.03
seq-07/frame-000487,1,0.03228,0.5630,2785,1907,1442,0.96,104.89,126.38,26.76,258.98
seq-07/frame-000488,1,0.02945,0.5198,2939,1965,1469,0.98,112.43,181.47,35.41,330.30
seq-07/frame-000489,1,0.03020,0.5902,2728,1823,1370,1.00,97.28,159.70,31.77,289.74
seq-07/frame-000490,1,0.03101,0.7446,2327,1606,1222,0.92,120.19,141.75,20.55,283.41
seq-07/frame-000491,1,0.02203,0.5696,2319,1577,1202,0.92,112.08,159.45,32.99,305.44
seq-07/frame-000492,1,0.03589,0.4953,3013,1909,1455,1.00,140.35,238.92,29.32,409.59
seq-07/frame-000493,1,0.02677,0.6255,2516,1614,1276,0.91,155.91,156.86,28.41,342.10
seq-07/frame-000494,1,0.02718,0.5059,2163,1377,1074,1.09,135.42,136.03,27.02,299.56
seq-07/frame-000495,1,0.03793,0.3900,2053,1351,1054,0.87,133.63,149.47,29.52,313.49
seq-07/frame-000496,1,0.03398,0.3836,2365,1543,1207,2.51,156.04,152.46,21.48,332.50
seq-07/frame-000497,1,0.03077,0.5163,2617,1746,1402,1.20,156.27,159.37,18.70,335.54
seq-07/frame-000498,1,0.03910,0.5204,2743,1890,1487,8.52,165.67,188.94,24.90,388.04
seq-07/frame-000499,1,0.02077,0.3852,2866,1950,1537,3.58,144.86,194.74,19.21,362.39
seq-07/frame-000500,1,0.03968,0.4316,2759,1832,1445,1.14,145.81,149.39,21.12,317.46
seq-07/frame-000501,1,0.04897,0.6984,1933,1222,962,2.27,111.42,107.49,17.40,238.59
seq-07/frame-000502,1,0.03873,0.3963,1936,1195,931,0.90,91.09,97.18,24.98,214.15
seq-07/frame-000503,1,0.03649,0.2932,2220,1413,1098,0.91,102.41,112.78,14.68,230.78
seq-07/frame-000504,1,0.02471,0.3646,2347,1543,1229,2.52,111.33,113.96,15.81,243.63
seq-07/frame-000505,1,0.02205,0.2101,2011,1300,1046,1.19,102.65,87.56,20.70,212.10
seq-07/frame-000506,1,0.01758,0.4537,2004,1248,974,0.90,102.52,104.58,22.11,230.11
seq-07/frame-000507,1,0.03238,0.4767,2152,1407,1139,0.91,99.68,100.38,27.71,228.69
seq-07/frame-000508,1,0.03461,0.5395,2611,1643,1323,0.92,122.92,126.96,18.34,269.14
seq-07/frame-000509,1,0.02220,0.4146,2416,1442,1153,0.90,112.77,126.71,31.85,272.24
seq-07/frame-000510,1,0.03230,0.4273,2644,1614,1309,0.90,134.08,117.04,12.22,264.24
seq-07/frame-000511,1,0.03711,0.7116,2326,1303,986,0.93,92.92,114.41,27.43,235.69
seq-07/frame-000512,1,0.03417,0.6487,2311,1087,824,0.90,112.59,115.14,10.89,239.53
seq-07/frame-000513,1,0.04053,0.8020,2229,1088,845,0.87,100.78,136.07,20.75,258.48
seq-07/frame-000514,1,0.03390,0.6722,2463,1414,1108,0.90,100.37,127.27,18.45,246.99
seq-07/frame-000515,1,0.04508,0.9498,2425,1390,1077,0.93,89.52,122.28,12.31,225.04
seq-07/frame-000516,1,0.02952,0.5670,2849,1906,1575,0.94,115.31,177.58,30.51,324.34
seq-07/frame-000517,1,0.02514,0.4980,2966,1958,1598,0.99,94.55,182.67,28.05,306.27
seq-07/frame-000518,1,0.02889,0.4989,2502,1746,1455,0.89,117.26,133.35,15.93,267.43
seq-07/frame-000519,1,0.04154,0.9856,2657,1314,1029,0.93,121.91,136.20,36.61,295.65
seq-07/frame-000520,1,0.01154,0.4478,2698,1810,1494,1.47,127.07,144.93,24.96,298.44
seq-07/frame-000521,1,0.02916,0.5885,2967,1883,1561,1.80,134.49,166.94,18.78,322.02
seq-07/frame-000522,1,0.02862,0.5132,2503,1455,1181,4.04,131.08,148.02,15.70,298.84
seq-07/frame-000523,1,0.03988,0.8380,2598,1504,1246,0.90,115.20,155.76,19.57,291.43
seq-07/frame-000524,1,0.03192,0.7286,3087,1872,1544,0.95,112.07,166.54,27.43,306.99
seq-07/frame-000525,1,0.02609,0.6266,2968,1905,1565,2.89,114.32,164.01,33.49,314.71
seq-07/frame-000526,1,0.02697,0.5820,3136,1971,1615,1.45,112.67,193.69,23.93,331.74
seq-07/frame-000527,1,0.02872,0.5369,2624,1699,1410,0.93,101.69,171.25,18.63,292.50
seq-07/frame-000528,1,0.02627,0.5920,2395,1543,1264,0.90,127.71,155.35,12.80,296.76
seq-07/frame-000529,1,0.03833,0.7387,2078,1352,1139,1.24,115.44,127.45,21.84,265.97
seq-07/frame-000530,1,0.03904,0.9171,2237,1354,1124,1.87,108.87,138.53,25.12,274.39
seq-07/frame-000531,1,0.05528,1.2893,2303,1373,1167,1.41,138.75,124.36,20.91,285.44
seq-07/frame-000532,1,0.01966,0.6370,2776,1846,1535,0.92,164.49,135.47,14.37,315.25
seq-07/frame-000533,1,0.02734,0.7860,2750,1733,1454,1.33,161.29,137.39,15.22,315.24
seq-07/frame-000534,1,0.02646,0.8084,2546,1719,1462,1.32,154.76,111.54,21.15,288.76
seq-07/frame-000535,1,0.03552,0.8484,2763,1755,1500,2.47,205.36,138.97,20.97,367.77
seq-07/frame-000536,1,0.02533,0.6734,2790,1783,1505,0.96,118.87,124.88,23.84,268.55
seq-07/frame-000537,1,0.03405,0.9078,2887,1899,1569,0.95,116.34,136.31,12.89,266.49
seq-07/frame-000538,1,0.02607,0.6860,2864,1819,1526,0.91,127.13,133.62,26.99,288.65
seq-07/frame-000539,1,0.01970,0.4663,2884,1881,1570,1.34,119.69,135.09,20.07,276.19
seq-07/frame-000540,1,0.02217,0.6507,2744,1789,1492,0.94,108.99,119.52,16.77,246.24
seq-07/frame-000541,1,0.02436,0.6248,2846,1823,1509,0.93,108.03,150.64,21.79,281.39
seq-07/frame-000542,1,0.02363,0.6373,2777,1824,1536,0.94,101.97,124.69,19.85,247.45
seq-07/frame-000543,1,0.02422,0.2522,2532,1626,1365,0.89,105.09,124.52,25.44,255.93
seq-07/frame-000544,1,0.02410,0.5655,2747,1856,1551,0.92,99.56,129.87,28.14,258.50
seq-07/frame-000545,1,0.03157,0.6761,2853,1848,1545,0.95,97.25,126.64,17.81,242.65
seq-07/frame-000546,1,0.04106,0.8325,2799,1782,1502,0.93,103.25,132.08,14.00,250.26
seq-07/frame-000547,1,0.03539,0.7376,2810,1847,1528,0.93,108.07,122.79,22.44,254.22
seq-07/frame-000548,1,0.02239,0.4008,2804,1811,1513,0.95,102.73,136.10,20.84,260.63
seq-07/frame-000549,1,0.03276,0.6657,2734,1766,1471,0.93,111.10,110.46,20.95,243.45
seq-07/frame-000550,1,0.02798,0.6343,2737,1691,1382,0.95,101.88,127.53,23.17,253.53
seq-07/frame-000551,1,0.02886,0.6253,2786,1736,1436,0.93,108.78,129.88,35.23,274.82
seq-07/frame-000552,1,0.03076,0.6567,2664,1699,1384,0.95,98.04,120.61,29.21,248.80
seq-07/frame-000553,1,0.03070,0.5861,2301,1482,1246,1.61,95.96,108.24,16.98,222.79
seq-07/frame-000554,1,0.02341,0.5644,2439,1674,1429,0.89,105.39,107.81,22.24,236.33
seq-07/frame-000555,1,0.01533,0.5148,2354,1567,1314,0.89,86.32,109.95,16.76,213.92
seq-07/frame-000556,1,0.02352,0.5901,2329,1524,1294,0.89,97.57,105.39,21.25,225.10
seq-07/frame-000557,1,0.02497,0.5814,2383,1561,1298,0.90,99.25,120.64,16.20,237.00
seq-07/frame-000558,1,0.01890,0.5531,2446,1608,1367,0.98,102.66,116.56,21.38,241.58
seq-07/frame-000559,1,0.03317,0.7773,2112,1456,1251,0.87,91.40,97.04,14.90,204.21
seq-07/frame-000560,1,0.03393,0.9842,2446,1608,1370,0.90,94.98,109.23,15.52,220.63
seq-07/frame-000561,1,0.03134,0.9509,2171,1439,1206,0.90,98.57,98.87,18.68,217.02
seq-07/frame-000562,1,0.03620,1.0138,2020,1398,1191,0.85,93.55,85.27,13.99,193.67
seq-07/frame-000563,1,0.02606,0.7520,2354,1665,1426,0.86,90.50,118.03,19.24,228.64
seq-07/frame-000564,1,0.03603,0.9861,1950,1370,1172,0.86,92.68,86.08,15.78,195.39
seq-07/frame-000565,1,0.02743,0.7617,2227,1614,1418,0.86,88.18,92.13,25.34,206.51
seq-07/frame-000566,1,0.01628,0.4564,2415,1737,1496,0.89,92.56,111.81,18.73,224.01
seq-07/frame-000567,1,0.03067,0.6954,2609,1857,1575,0.92,100.49,128.75,19.71,249.91
seq-07/frame-000568,1,0.02260,0.5308,2309,1750,1520,0.91,98.01,130.28,24.00,253.20
seq-07/frame-000569,1,0.02744,0.7165,2243,1693,1487,0.86,113.70,126.32,29.86,270.74
seq-07/frame-000570,1,0.03638,0.9425,1922,1477,1261,1.33,98.68,103.41,24.02,227.45
seq-07/frame-000571,1,0.02958,0.7509,2309,1691,1491,0.88,123.54,143.27,22.32,290.02
seq-07/frame-000572,1,0.03149,0.8552,2570,1921,1685,0.91,113.11,160.92,22.51,297.46
seq-07/frame-000573,1,0.02612,0.7615,2638,1935,1692,0.95,109.03,154.65,32.52,297.16
seq-07/frame-000574,1,0.03832,0.9936,2689,1990,1742,0.91,124.77,169.27,30.76,325.72
seq-07/frame-000575,1,0.03853,0.9382,2538,1848,1624,0.89,122.27,154.31,24.04,301.50
seq-07/frame-000576,1,0.03677,0.9658,2440,1850,1604,0.88,123.01,136.74,19.52,280.14
seq-07/frame-000577,1,0.04777,1.1782,2257,1703,1506,1.54,123.66,126.47,18.08,269.76
seq-07/frame-000578,1,0.04457,1.0687,2140,1524,1309,1.12,133.66,122.87,14.84,272.49
seq-07/frame-000579,1,0.04393,1.0536,1756,1238,1069,0.96,123.89,100.83,24.26,249.94
seq-07/frame-000580,1,0.04562,1.0703,1478,967,838,1.17,106.20,81.80,20.50,209.67
seq-07/frame-000581,1,0.04439,1.2480,2414,1717,1491,3.55,133.16,124.46,17.94,279.11
seq-07/frame-000582,1,0.04584,1.2683,2355,1695,1485,1.43,121.37,114.23,13.36,250.39
seq-07/frame-000583,1,0.04219,1.2132,2188,1578,1394,1.89,116.23,107.39,18.24,243.75
seq-07/frame-000584,1,0.04866,1.3162,2293,1673,1466,0.92,111.59,110.45,19.14,242.11
seq-07/frame-000585,1,0.05750,1.3518,2275,1559,1359,0.93,108.25,109.94,22.55,241.68
seq-07/frame-000586,1,0.04591,1.2631,2136,1553,1342,1.40,106.25,95.50,14.88,218.03
seq-07/frame-000587,1,0.04997,1.4001,2258,1530,1323,0.97,96.85,108.00,17.15,222.97
seq-07/frame-000588,1,0.05406,1.5400,1972,1364,1171,1.84,96.52,86.60,15.45,200.43
seq-07/frame-000589,1,0.04972,1.1092,1816,1258,1093,0.87,86.29,82.48,17.55,187.20
seq-07/frame-000590,1,0.04915,1.3709,1551,1090,927,1.19,79.89,78.38,14.76,174.23
seq-07/frame-000591,1,0.07475,2.1208,1565,1071,906,0.83,74.36,68.66,17.98,161.84
seq-07/frame-000592,1,0.04394,1.2841,1704,1210,1065,0.84,72.38,79.61,21.13,173.97
seq-07/frame-000593,1,0.04492,1.4182,1888,1361,1182,0.88,82.62,87.74,28.76,200.01
seq-07/frame-000594,1,0.04394,1.4353,2183,1578,1379,0.87,100.45,103.71,21.76,226.79
seq-07/frame-000595,1,0.04169,1.3704,2540,1784,1518,0.92,110.90,116.25,19.98,248.04
seq-07/frame-000596,1,0.03805,1.2195,1890,1364,1169,0.86,92.43,86.31,16.06,195.66
seq-07/frame-000597,1,0.06121,1.7790,2098,1446,1250,0.97,91.93,91.95,18.37,203.22
seq-07/frame-000598,1,0.03767,1.2657,2540,1694,1418,0.92,90.76,116.07,15.58,223.33
seq-07/frame-000599,1,0.03224,1.1703,2611,1778,1508,0.88,94.23,133.42,24.18,252.72
seq-07/frame-000600,1,0.02850,1.1047,2437,1710,1409,0.90,100.14,131.33,18.93,251.30
seq-07/frame-000601,1,0.05020,1.6996,2562,1824,1579,0.89,97.73,132.32,18.68,249.62
seq-07/frame-000602,1,0.03537,1.2798,2373,1692,1426,0.91,96.90,134.25,20.97,253.04
seq-07/frame-000603,1,0.04988,1.6125,2281,1540,1289,0.88,87.14,139.04,17.61,244.67
seq-07/frame-000604,1,0.05107,1.5444,2437,1657,1391,0.91,106.08,130.12,23.66,260.78
seq-07/frame-000605,1,0.05711,1.8930,2329,1689,1429,1.30,101.38,128.48,20.76,251.93
seq-07/frame-000606,1,0.05821,1.8363,2239,1539,1323,1.35,117.67,109.62,26.36,255.01
seq-07/frame-000607,1,0.06816,2.1756,1161,677,525,0.81,80.37,62.53,15.16,158.87
seq-07/frame-000608,1,0.06095,2.0743,1433,815,646,0.86,91.21,74.02,16.58,182.68
seq-07/frame-000609,1,0.07284,2.2534,1453,835,685,1.10,84.03,73.83,19.69,178.66
seq-07/frame-000610,1,0.06502,2.1460,1103,604,481,0.84,83.67,50.97,10.51,146.00
seq-07/frame-000611,1,0.09754,2.8973,1154,676,501,0.96,75.57,66.04,18.43,161.00
seq-07/frame-000612,1,0.09014,2.8237,1065,601,450,1.29,74.06,62.57,11.54,149.46
seq-07/frame-000613,1,0.07234,2.9489,1451,769,593,0.83,81.50,87.86,11.61,181.80
seq-07/frame-000614,1,0.08757,2.6506,787,328,220,0.78,55.06,56.41,22.34,134.59
seq-07/frame-000615,1,0.08551,2.8577,1618,948,750,1.50,109.29,82.10,8.23,201.12
seq-07/frame-000616,1,0.07032,2.6986,2412,1433,1151,0.93,123.65,127.46,14.37,266.41
seq-07/frame-000617,1,0.06621,2.5810,1754,1004,815,0.84,105.49,81.11,9.47,196.91
seq-07/frame-000618,1,0.09085,3.0235,1860,1012,781,0.84,102.54,96.01,23.31,222.71
seq-07/frame-000619,1,0.06482,2.7629,1608,971,795,2.31,90.16,81.42,12.91,186.80
seq-07/frame-000620,1,0.07356,3.0816,1491,885,710,1.27,91.43,84.27,13.95,190.92
seq-07/frame-000621,1,0.07191,2.6725,1439,864,718,0.85,90.73,69.46,11.23,172.26
seq-07/frame-000622,1,0.05673,3.3894,1216,549,378,3.06,85.52,59.04,18.63,166.26
seq-07/frame-000623,1,0.08506,3.1329,2626,1399,1096,0.94,103.46,138.02,11.01,253.43
seq-07/frame-000624,1,0.06909,2.7910,2249,1128,871,0.91,110.82,119.71,15.85,247.30
seq-07/frame-000625,1,0.07414,3.0257,2398,1131,850,0.91,108.19,128.78,22.69,260.57
seq-07/frame-000626,1,0.07706,2.8848,2319,939,647,0.90,112.13,112.05,21.64,246.73
seq-07/frame-000627,1,0.08190,2.6779,2247,984,714,1.11,106.24,114.56,11.26,233.17
seq-07/frame-000628,1,0.07261,2.3911,2958,1304,943,1.22,105.89,134.05,16.00,257.17
seq-07/frame-000629,1,0.07481,2.9914,1634,756,569,0.95,102.81,75.11,8.01,186.88
seq-07/frame-000630,1,0.08081,2.7544,1666,464,254,1.43,92.02,86.40,10.13,189.97
seq-07/frame-000631,1,0.06861,2.6158,1196,363,224,0.88,81.46,58.76,14.44,155.54
seq-07/frame-000632,1,0.07186,2.2152,2210,701,430,0.91,91.09,109.23,15.66,216.90
seq-07/frame-000633,1,0.07441,2.1220,2570,798,496,0.89,91.49,114.06,9.52,215.96
seq-07/frame-000634,1,0.06951,1.7815,3467,1245,833,0.99,120.28,180.14,22.79,324.21
seq-07/frame-000635,1,0.07110,1.6333,3038,854,469,0.94,118.58,153.12,13.12,285.77
seq-07/frame-000636,1,0.06367,1.5501,2876,1067,720,1.27,117.79,161.95,11.84,292.86
seq-07/frame-000637,1,0.05735,1.2790,2923,918,548,0.92,109.54,156.28,20.73,287.47
seq-07/frame-000638,1,0.06112,1.8264,2230,864,599,0.92,101.52,114.04,26.40,242.89
seq-07/frame-000639,1,0.05742,1.6037,1664,508,310,0.85,96.25,80.71,10.06,187.87
seq-07/frame-000640,1,0.06566,1.9001,1744,706,474,0.85,88.86,72.13,14.38,176.22
seq-07/frame-000641,1,0.05708,1.2125,2041,644,401,0.87,84.91,91.65,11.74,189.18
seq-07/frame-000642,1,0.05726,2.1665,2166,774,506,0.89,91.12,119.76,14.50,226.27
seq-07/frame-000643,1,0.06965,1.6085,1635,617,378,0.83,74.17,111.73,38.09,224.83
seq-07/frame-000644,1,0.09376,1.8587,2141,896,630,3.16,107.71,107.91,16.35,235.14
seq-07/frame-000645,1,0.08699,1.7248,1109,433,279,0.83,75.36,65.13,13.97,155.29
seq-07/frame-000646,1,0.09238,2.2431,1011,444,294,1.59,81.41,59.66,18.57,161.23
seq-07/frame-000647,1,0.09899,2.4764,810,289,172,2.73,86.31,46.62,11.62,147.29
seq-07/frame-000648,1,0.07826,2.4586,913,351,210,0.95,87.25,56.13,26.33,170.66
seq-07/frame-000649,1,0.09053,4.3993,1825,813,569,1.86,111.91,104.46,21.92,240.15
seq-07/frame-000650,1,0.08713,4.6175,1703,847,600,1.33,107.96,90.79,21.70,221.78
seq-07/frame-000651,1,0.07136,4.2529,962,394,258,1.27,74.47,59.77,17.13,152.66
seq-07/frame-000652,1,0.07365,3.2025,910,378,249,0.87,81.80,53.32,10.43,146.41
seq-07/frame-000653,1,0.13681,4.8960,867,348,226,0.80,64.79,62.17,18.70,146.47
seq-07/frame-000654,1,0.05542,3.1218,1147,462,288,0.82,71.83,77.47,23.63,173.76
seq-07/frame-000655,1,0.08675,4.3051,1216,585,432,1.22,84.43,84.23,20.47,190.35
seq-07/frame-000656,1,0.06309,3.3746,1065,586,412,0.78,74.01,66.62,11.65,153.05
seq-07/frame-000657,1,0.07851,2.8084,855,393,264,1.08,71.65,64.43,28.83,165.99
seq-07/frame-000658,1,0.08344,3.8820,562,246,153,0.73,74.38,38.62,11.07,124.79
seq-07/frame-000659,1,0.09804,2.7771,712,376,260,0.75,59.60,46.98,14.89,122.22
seq-07/frame-000660,1,0.06214,2.5322,671,318,229,0.82,71.80,45.56,26.53,144.71
seq-07/frame-000661,1,0.06300,2.4784,623,350,258,0.73,89.15,27.97,42.42,160.26
seq-07/frame-000662,1,0.10378,2.3821,643,366,271,0.72,59.27,42.01,11.58,113.57
seq-07/frame-000663,1,0.12530,3.0661,636,363,264,1.14,70.73,39.55,27.92,139.35
seq-07/frame-000664,1,0.11716,2.7718,679,396,306,0.75,65.43,32.10,22.06,120.34
seq-07/frame-000665,1,0.07308,2.0852,781,480,371,0.81,72.34,51.17,19.53,143.85
seq-07/frame-000666,1,0.06281,0.6707,940,505,365,0.82,75.28,48.64,24.18,148.93
seq-07/frame-000667,1,0.13238,3.4739,980,479,329,0.74,67.91,55.91,11.28,135.84
seq-07/frame-000668,1,0.15015,2.7474,918,448,310,1.20,78.62,56.25,12.92,148.99
seq-07/frame-000669,1,0.09460,2.2637,879,514,382,2.56,74.78,45.16,15.47,137.97
seq-07/frame-000670,1,0.08286,1.6879,1250,738,558,0.76,78.07,74.37,15.61,168.80
seq-07/frame-000671,1,0.06853,1.2689,1359,759,562,0.78,85.80,72.77,18.72,178.07
seq-07/frame-000672,1,0.06328,0.4400,1333,814,597,2.54,98.92,68.19,27.02,196.67
seq-07/frame-000673,1,0.08827,1.6521,1274,692,522,1.46,77.11,72.56,13.17,164.31
seq-07/frame-000674,1,0.10371,2.5181,1092,558,425,3.35,89.05,55.11,18.18,165.69
seq-07/frame-000675,1,0.07867,1.8307,1210,709,533,0.79,78.76,62.28,19.24,161.08
seq-07/frame-000676,1,0.09909,2.4985,1338,695,515,2.23,87.15,67.74,17.16,174.29
seq-07/frame-000677,1,0.06655,1.5993,1402,833,628,0.93,80.28,80.61,18.57,180.38
seq-07/frame-000678,1,0.07923,1.1933,1250,720,529,0.76,74.09,65.11,23.98,163.94
seq-07/frame-000679,1,0.07883,1.5528,1239,724,539,3.38,76.51,67.10,32.10,179.09
seq-07/frame-000680,1,0.08401,1.2422,1327,741,562,1.31,93.02,63.45,19.41,177.19
seq-07/frame-000681,1,0.07440,1.7764,1108,635,459,1.15,84.77,63.78,11.50,161.20
seq-07/frame-000682,1,0.07525,1.4451,1279,704,537,1.42,81.37,59.18,21.86,163.84
seq-07/frame-000683,1,0.07885,1.5181,1208,741,545,0.76,72.93,61.45,18.18,153.32
seq-07/frame-000684,1,0.09672,2.4089,1054,607,442,0.75,70.68,54.04,16.69,142.17
seq-07/frame-000685,1,0.08666,1.8307,1103,629,469,0.75,72.91,49.81,16.18,139.65
seq-07/frame-000686,1,0.10344,1.9387,732,365,261,0.72,52.06,34.34,13.92,101.08
seq-07/frame-000687,1,0.08696,1.3279,761,421,301,0.72,49.65,39.56,15.53,105.45
seq-07/frame-000688,1,0.09392,1.8052,921,440,308,2.92,66.92,57.48,20.23,147.55
seq-07/frame-000689,1,0.08969,0.9794,1021,561,390,1.09,74.75,45.27,20.70,141.81
seq-07/frame-000690,1,0.10598,2.1582,954,535,391,0.76,60.67,43.30,20.27,125.00
seq-07/frame-000691,1,0.08717,1.6203,734,384,272,0.73,59.38,48.23,20.10,128.46
seq-07/frame-000692,1,0.10149,2.1877,745,400,289,0.73,74.42,34.85,20.01,130.01
seq-07/frame-000693,1,0.08701,1.5297,861,453,327,0.73,68.15,49.17,11.35,129.40
seq-07/frame-000694,1,0.10120,2.3916,827,463,335,0.72,67.17,41.53,17.87,127.29
seq-07/frame-000695,1,0.09268,1.7232,831,477,361,0.71,74.29,35.29,14.40,124.70
seq-07/frame-000696,1,0.08318,1.6720,1023,590,435,0.75,70.13,46.32,11.22,128.42
seq-07/frame-000697,1,0.08896,1.5456,791,400,276,0.73,72.56,33.32,17.81,124.42
seq-07/frame-000698,1,0.15835,3.5093,615,284,183,0.73,62.01,28.84,25.06,116.64
seq-07/frame-000699,1,0.08282,0.4985,1148,654,464,0.77,80.74,68.13,12.71,162.35
seq-07/frame-000700,1,0.08223,1.0076,1046,563,408,0.76,61.99,56.68,12.29,131.72
seq-07/frame-000701,1,0.07125,1.7357,1228,707,545,0.75,96.87,53.76,17.55,168.94
seq-07/frame-000702,1,0.10806,2.4315,1052,625,466,0.74,88.01,56.75,19.18,164.69
seq-07/frame-000703,1,0.07681,1.8483,1129,660,507,0.73,82.14,54.72,33.80,171.38
seq-07/frame-000704,1,0.06439,1.6035,1185,683,504,0.75,71.85,59.96,29.12,161.68
seq-07/frame-000705,1,0.09342,2.2089,1074,621,454,0.74,64.78,54.79,23.22,143.53
seq-07/frame-000706,1,0.03963,2.5724,703,351,241,0.73,59.70,42.31,18.30,121.05
seq-07/frame-000707,1,0.07238,2.6883,740,358,238,0.73,67.92,35.50,17.06,121.21
seq-07/frame-000708,1,0.14615,1.6766,656,274,178,0.73,49.21,27.76,10.55,88.26
seq-07/frame-000709,1,0.15065,1.8959,591,255,148,0.73,49.51,28.48,17.01,95.73
seq-07/frame-000710,1,0.16260,3.9672,766,336,193,0.75,56.01,36.48,21.79,115.04
seq-07/frame-000711,1,0.13171,6.1129,1045,470,288,0.75,79.94,42.16,24.09,146.95
seq-07/frame-000712,1,0.12833,2.0530,661,374,262,0.71,49.15,29.91,26.16,105.93
seq-07/frame-000713,1,0.08717,1.6066,872,521,369,0.73,58.77,36.98,25.87,122.34
seq-07/frame-000714,1,0.08779,1.3423,1230,769,563,0.75,70.40,59.64,20.15,150.95
seq-07/frame-000715,1,0.11150,3.4629,951,575,401,0.76,72.81,55.65,14.93,144.14
seq-07/frame-000716,1,0.14211,2.9378,1237,823,602,1.00,66.34,63.71,26.91,157.97
seq-07/frame-000717,1,0.04064,2.8838,1011,684,529,0.73,76.04,49.00,15.11,140.89
seq-07/frame-000718,1,0.08881,2.2084,1067,662,495,0.74,68.62,52.99,26.01,148.35
seq-07/frame-000719,1,0.04288,2.2259,1213,809,650,0.75,80.30,66.84,19.70,167.59
seq-07/frame-000720,1,0.06223,2.2237,1106,714,574,0.75,63.96,60.08,14.87,139.67
seq-07/frame-000721,1,0.08634,1.9547,1494,987,779,0.77,73.15,68.45,22.81,165.18
seq-07/frame-000722,1,0.07228,2.3153,1593,954,723,0.79,86.36,96.49,16.67,200.31
seq-07/frame-000723,1,0.09327,1.4303,1110,712,560,0.78,69.10,61.47,11.82,143.17
seq-07/frame-000724,1,0.08682,1.2528,1896,1278,993,0.82,98.46,95.66,11.25,206.19
seq-07/frame-000725,1,0.07656,1.4463,2094,1426,1102,0.84,94.11,112.95,31.42,239.32
seq-07/frame-000726,1,0.08058,1.4422,1611,1053,825,0.99,88.05,79.02,22.54,190.60
seq-07/frame-000727,1,0.10267,0.8636,2063,1385,1053,0.86,99.87,91.15,16.80,208.69
seq-07/frame-000728,1,0.11494,0.4816,2163,1431,1075,0.83,100.01,108.82,26.32,235.99
seq-07/frame-000729,1,0.07036,2.0256,1746,1096,856,0.81,86.15,111.71,30.98,229.65
seq-07/frame-000730,1,0.10915,1.2888,2404,1466,1081,0.89,96.45,119.43,18.61,235.39
seq-07/frame-000731,1,0.08398,1.6346,2468,1520,1149,0.88,100.61,121.66,24.50,247.66
seq-07/frame-000732,1,0.08720,1.7721,2370,1519,1162,0.86,90.62,134.58,23.23,249.29
seq-07/frame-000733,1,0.09251,1.7135,2409,1498,1140,0.91,101.49,105.11,22.46,229.98
seq-07/frame-000734,1,0.09543,1.6490,2441,1601,1234,1.22,107.93,128.99,21.62,259.76
seq-07/frame-000735,1,0.09442,2.2012,1680,1155,931,0.84,82.27,78.52,23.04,184.67
seq-07/frame-000736,1,0.06535,1.5933,1549,1062,848,0.85,89.10,75.83,15.14,180.93
seq-07/frame-000737,1,0.10468,1.6014,2328,1599,1256,0.94,102.86,117.41,29.88,251.09
seq-07/frame-000738,1,0.10320,0.9921,2534,1601,1185,0.91,101.50,138.38,14.34,255.14
seq-07/frame-000739,1,0.10457,1.3506,2430,1494,1124,0.89,92.54,121.75,13.84,229.02
seq-07/frame-000740,1,0.10979,1.3879,2411,1471,1145,0.87,108.18,110.66,24.39,244.10
seq-07/frame-000741,1,0.10909,0.7381,2512,1578,1208,0.93,96.63,135.79,24.10,257.45
seq-07/frame-000742,1,0.07195,2.2743,2376,1604,1315,0.86,100.48,112.70,22.78,236.82
seq-07/frame-000743,1,0.10213,0.9042,2476,1656,1290,0.87,99.00,124.73,13.35,237.95
seq-07/frame-000744,1,0.08776,1.5513,2531,1608,1245,0.93,97.11,104.68,24.20,226.92
seq-07/frame-000745,1,0.09401,1.0969,2548,1616,1260,0.93,92.17,129.70,16.18,238.98
seq-07/frame-000746,1,0.08873,1.9477,2513,1747,1369,0.89,118.80,113.26,21.98,254.93
seq-07/frame-000747,1,0.06264,2.3587,1457,961,736,2.12,79.48,55.58,30.60,167.77
seq-07/frame-000748,1,0.09045,2.2976,1725,1195,995,0.85,82.78,87.86,27.47,198.97
seq-07/frame-000749,1,0.10747,2.7446,2519,1671,1305,0.92,94.14,163.57,20.42,279.05
seq-07/frame-000750,1,0.10809,3.3684,1388,890,706,0.83,70.02,76.81,19.62,167.28
seq-07/frame-000751,1,0.15286,3.6229,1634,1120,917,0.82,71.74,86.72,10.72,170.00
seq-07/frame-000752,1,0.11925,2.7871,2400,1626,1278,0.87,88.95,112.19,20.63,222.63
seq-07/frame-000753,1,0.12383,1.8827,2423,1629,1272,0.89,93.86,112.34,27.40,234.49
seq-07/frame-000754,1,0.12731,1.6110,2000,1403,1142,0.84,101.16,102.90,20.48,225.39
seq-07/frame-000755,1,0.10080,1.7011,1772,1320,1075,0.84,72.06,78.78,17.16,168.84
seq-07/frame-000756,1,0.10226,1.3791,1883,1375,1111,0.85,97.76,86.25,13.66,198.52
seq-07/frame-000757,1,0.08074,1.8246,2334,1641,1330,1.22,98.78,123.37,24.43,247.80
seq-07/frame-000758,1,0.08773,1.6830,2161,1573,1276,0.87,91.38,113.99,15.69,221.92
seq-07/frame-000759,1,0.07596,1.5221,2454,1643,1305,0.88,96.32,118.18,25.26,240.63
seq-07/frame-000760,1,0.08741,1.7464,2341,1586,1284,0.85,96.63,121.35,14.61,233.44
seq-07/frame-000761,1,0.07672,2.0051,2228,1635,1362,0.84,94.01,108.68,21.65,225.18
seq-07/frame-000762,1,0.09645,1.5402,2227,1615,1291,0.85,88.42,103.31,19.59,212.17
seq-07/frame-000763,1,0.09247,1.5155,2028,1473,1219,0.86,91.25,104.54,22.11,218.77
seq-07/frame-000764,1,0.08152,1.9482,2317,1594,1330,0.87,92.94,111.91,17.06,222.79
seq-07/frame-000765,1,0.06520,1.9598,1726,1292,1094,0.81,90.23,81.15,16.58,188.77
seq-07/frame-000766,1,0.07855,1.2298,2132,1549,1296,0.83,98.16,112.85,15.83,227.67
seq-07/frame-000767,1,0.06594,1.4012,1654,1255,1081,0.85,90.20,73.82,20.12,184.99
seq-07/frame-000768,1,0.08108,1.3975,2131,1553,1319,0.87,94.14,97.06,26.48,218.56
seq-07/frame-000769,1,0.08253,1.5366,1786,1378,1163,0.84,83.50,100.70,13.18,198.22
seq-07/frame-000770,1,0.07277,1.3796,1827,1318,1128,0.88,85.54,77.15,20.81,184.38
seq-07/frame-000771,1,0.05407,1.2120,1862,1386,1174,0.88,84.86,95.98,16.63,198.36
seq-07/frame-000772,1,0.05856,1.0189,1862,1354,1175,0.87,94.97,90.42,24.84,211.10
seq-07/frame-000773,1,0.05132,1.0132,2072,1487,1265,0.90,97.15,100.21,24.10,222.38
seq-07/frame-000774,1,0.07072,1.1662,2044,1552,1352,0.89,93.96,91.25,20.21,206.31
seq-07/frame-000775,1,0.06202,0.8638,2342,1790,1544,0.90,103.30,119.56,18.57,242.35
seq-07/frame-000776,1,0.07359,0.6658,2515,1772,1432,0.96,94.77,118.08,15.90,229.79
seq-07/frame-000777,1,0.07354,0.7287,2425,1822,1540,0.90,100.84,115.09,25.25,242.08
seq-07/frame-000778,1,0.05215,1.2009,1494,1092,938,0.85,74.30,65.23,24.50,164.89
seq-07/frame-000779,1,0.07523,0.9739,1926,1472,1236,0.86,99.16,94.91,21.17,216.10
seq-07/frame-000780,1,0.08544,1.4122,2304,1684,1407,0.89,101.12,94.06,36.64,232.73
seq-07/frame-000781,1,0.07727,0.8982,2550,1839,1532,0.93,105.54,127.06,15.34,248.87
seq-07/frame-000782,1,0.06421,1.1126,1748,1276,1074,0.89,80.41,84.64,21.12,187.07
seq-07/frame-000783,1,0.05730,1.2915,1776,1348,1146,0.85,82.01,78.83,18.32,180.01
seq-07/frame-000784,1,0.04508,0.7573,2201,1662,1420,0.87,98.20,98.57,14.44,212.08
seq-07/frame-000785,1,0.05740,0.9169,2383,1783,1500,0.89,97.37,121.17,17.01,236.44
seq-07/frame-000786,1,0.05658,1.0455,1962,1452,1245,0.86,89.33,117.50,17.20,224.89
seq-07/frame-000787,1,0.05807,0.9825,2254,1680,1402,0.87,88.03,116.36,13.63,218.89
seq-07/frame-000788,1,0.04911,1.1380,1644,1094,907,0.83,85.63,76.92,16.69,180.07
seq-07/frame-000789,1,0.05441,1.2063,1663,1059,838,0.83,72.43,76.60,15.27,165.13
seq-07/frame-000790,1,0.03308,0.7340,1873,1266,1030,0.86,83.06,83.14,22.11,189.18
seq-07/frame-000791,1,0.04851,1.1668,1840,1153,910,0.87,90.82,92.44,14.84,198.98
seq-07/frame-000792,1,0.03779,0.5597,1752,1215,980,0.84,80.08,85.97,14.74,181.63
seq-07/frame-000793,1,0.04849,1.4054,1335,872,700,0.82,72.90,66.84,16.65,157.21
seq-07/frame-000794,1,0.02640,0.4523,1524,983,801,0.83,77.98,81.60,15.18,175.59
seq-07/frame-000795,1,0.03199,0.7218,2197,1501,1251,0.88,86.32,109.37,15.03,211.61
seq-07/frame-000796,1,0.05778,1.2004,2770,1729,1382,1.31,115.42,136.89,25.06,278.69
seq-07/frame-000797,1,0.02373,0.6016,1561,988,805,0.85,88.47,77.50,13.44,180.25
seq-07/frame-000798,1,0.01867,0.5050,1443,845,662,0.85,71.88,83.78,15.98,172.48
seq-07/frame-000799,1,0.03419,0.8612,1642,953,758,0.89,86.91,80.66,21.02,189.49
seq-07/frame-000800,1,0.02040,0.7050,1329,748,569,1.16,86.10,68.60,17.48,173.34
seq-07/frame-000801,1,0.02269,0.7462,1402,811,628,0.84,78.86,61.34,23.10,164.14
seq-07/frame-000802,1,0.02713,1.1049,2213,1445,1177,0.88,97.74,110.40,19.19,228.21
seq-07/frame-000803,1,0.03968,1.2072,2408,1584,1277,0.88,84.49,118.72,14.05,218.14
seq-07/frame-000804,1,0.04369,1.5551,2150,1332,1069,0.86,96.35,113.45,22.52,233.18
seq-07/frame-000805,1,0.03344,1.5461,2007,1250,1006,0.87,91.74,109.66,26.58,228.86
seq-07/frame-000806,1,0.05133,1.8845,2201,1173,877,0.86,82.40,102.14,18.61,204.01
seq-07/frame-000807,1,0.04478,1.5567,1997,977,711,0.86,85.10,103.07,14.76,203.80
seq-07/frame-000808,1,0.03140,1.5132,2161,1228,972,0.86,81.93,95.49,29.40,207.68
seq-07/frame-000809,1,0.04752,1.8155,2078,1112,840,0.85,83.20,103.76,11.18,198.99
seq-07/frame-000810,1,0.01081,0.9912,2008,1112,877,0.85,87.86,84.84,16.11,189.67
seq-07/frame-000811,1,0.01714,1.1670,2004,1097,870,0.85,93.28,101.88,17.85,213.86
seq-07/frame-000812,1,0.01949,1.1420,2716,1643,1316,0.90,105.64,132.01,23.83,262.38
seq-07/frame-000813,1,0.03011,1.0141,2566,1494,1204,3.64,114.52,124.77,31.38,274.31
seq-07/frame-000814,1,0.03926,0.9254,2243,1281,991,0.89,100.17,106.34,19.60,227.00
seq-07/frame-000815,1,0.03633,0.7695,1895,959,723,0.89,73.04,93.36,13.47,180.76
seq-07/frame-000816,1,0.05601,1.2259,2081,1223,969,0.88,85.15,101.63,16.29,203.94
seq-07/frame-000817,1,0.02593,0.4244,1881,1025,795,0.84,91.57,100.53,17.36,210.30
seq-07/frame-000818,1,0.01664,0.6963,1800,941,710,0.82,92.32,71.37,10.81,175.32
seq-07/frame-000819,1,0.03779,0.7605,2158,1297,1020,1.12,100.23,105.57,22.26,229.18
seq-07/frame-000820,1,0.02778,0.5301,2578,1588,1282,0.86,101.84,107.57,20.20,230.48
seq-07/frame-000821,1,0.05848,1.2739,3087,1584,1198,0.94,104.90,121.66,17.20,244.70
seq-07/frame-000822,1,0.05605,1.2576,2942,1651,1295,0.91,124.70,136.84,21.60,284.05
seq-07/frame-000823,1,0.04178,0.8812,2908,1488,1127,0.92,110.92,135.07,18.74,265.66
seq-07/frame-000824,1,0.06324,1.3242,2954,1481,1132,0.93,112.65,139.85,29.79,283.22
seq-07/frame-000825,1,0.05662,1.1670,2983,1607,1269,0.92,122.14,135.35,32.55,290.97
seq-07/frame-000826,1,0.06769,1.4652,2648,1365,1055,0.91,103.59,115.91,30.24,250.66
seq-07/frame-000827,1,0.05793,1.2087,1943,1120,891,1.16,116.41,89.91,13.78,221.26
seq-07/frame-000828,1,0.06158,1.2203,1467,798,625,0.82,66.58,69.89,16.31,153.60
seq-07/frame-000829,1,0.06365,1.4866,2224,1264,1006,0.86,90.34,96.98,16.74,204.92
seq-07/frame-000830,1,0.03020,0.4957,1969,1116,888,0.83,85.00,97.92,22.56,206.32
seq-07/frame-000831,1,0.01736,0.7381,1735,952,738,0.82,76.26,80.31,26.11,183.50
seq-07/frame-000832,1,0.05564,1.2664,2100,1185,932,1.69,80.82,100.16,11.97,194.65
seq-07/frame-000833,1,0.07674,1.7364,2765,1439,1149,1.69,125.01,155.86,30.27,312.84
seq-07/frame-000834,1,0.05439,1.2291,2444,1447,1155,0.85,98.63,125.43,16.58,241.50
seq-07/frame-000835,1,0.05555,1.2080,2536,1357,1107,0.86,106.48,123.23,25.38,255.95
seq-07/frame-000836,1,0.05539,1.2283,2693,1492,1202,0.86,119.20,143.63,13.62,277.32
seq-07/frame-000837,1,0.05577,1.6988,1743,900,716,0.80,103.67,97.39,16.13,217.99
seq-07/frame-000838,1,0.02204,0.5105,2204,1224,1012,1.19,91.72,105.02,22.25,220.19
seq-07/frame-000839,1,0.05092,1.2940,2651,1434,1169,0.91,107.26,132.05,28.90,269.13
seq-07/frame-000840,1,0.08066,1.9957,2848,1640,1314,0.91,108.92,145.22,24.12,279.17
seq-07/frame-000841,1,0.05142,1.2667,2370,1387,1118,0.85,104.15,138.34,10.81,254.14
seq-07/frame-000842,1,0.04826,1.1617,2415,1309,1069,0.89,80.86,134.56,14.37,230.67
seq-07/frame-000843,1,0.06424,1.5779,2627,1686,1388,0.90,113.53,136.34,21.01,271.79
seq-07/frame-000844,1,0.06657,1.6182,2527,1548,1307,0.87,83.42,121.91,20.73,226.94
seq-07/frame-000845,1,0.08318,1.9928,2673,1551,1273,0.92,116.53,140.16,24.90,282.52
seq-07/frame-000846,1,0.06549,1.9088,2482,1584,1325,0.89,129.60,114.71,16.47,261.67
seq-07/frame-000847,1,0.07243,1.7622,2561,1631,1346,0.91,112.04,114.56,35.55,263.07
seq-07/frame-000848,1,0.04229,1.0521,2360,1461,1235,0.87,92.48,95.01,15.64,204.00
seq-07/frame-000849,1,0.06919,1.7602,2511,1526,1270,0.88,98.59,117.45,18.74,235.65
seq-07/frame-000850,1,0.06351,1.6397,2544,1540,1271,0.88,119.19,116.89,15.22,252.18
seq-07/frame-000851,1,0.05201,1.3037,2394,1526,1288,0.86,94.35,114.43,16.41,226.05
seq-07/frame-000852,1,0.01843,0.3705,1974,1158,928,0.84,75.16,91.24,11.30,178.54
seq-07/frame-000853,1,0.07878,2.0012,2573,1529,1248,0.93,84.04,117.40,17.67,220.05
seq-07/frame-000854,1,0.09451,2.4161,2301,1484,1243,0.89,95.80,106.89,11.07,214.66
seq-07/frame-000855,1,0.11274,2.9101,1768,1060,881,0.86,79.89,98.17,22.00,200.92
seq-07/frame-000856,1,0.08729,1.6652,1489,815,644,0.80,74.71,73.02,15.87,164.40
seq-07/frame-000857,1,0.06474,1.9659,1389,674,488,0.82,88.53,67.59,10.68,167.62
seq-07/frame-000858,1,0.09964,2.3989,1724,1026,829,0.85,90.72,80.90,22.43,194.89
seq-07/frame-000859,1,0.04248,1.0208,1635,943,756,0.83,90.07,84.11,19.06,194.07
seq-07/frame-000860,1,0.02713,0.6261,1622,921,744,0.83,82.63,83.71,11.50,178.68
seq-07/frame-000861,1,0.09377,2.3540,2090,1302,1049,0.88,93.30,107.55,24.83,226.57
seq-07/frame-000862,1,0.04475,1.2080,2023,1318,1066,1.40,89.29,97.75,18.80,207.26
seq-07/frame-000863,1,0.10413,2.6154,2366,1451,1199,0.91,101.16,120.06,25.95,248.09
seq-07/frame-000864,1,0.09267,2.3331,2042,1284,1043,0.88,93.64,96.45,24.68,215.65
seq-07/frame-000865,1,0.04105,1.2003,1693,1109,919,1.43,92.42,82.09,23.93,199.88
seq-07/frame-000866,1,0.05248,0.5635,1473,756,587,0.84,72.37,72.48,9.87,155.55
seq-07/frame-000867,1,0.05867,1.8023,1420,806,627,0.81,73.88,64.86,10.55,150.10
seq-07/frame-000868,1,0.04140,1.3760,1460,801,625,0.85,79.99,69.51,16.43,166.77
seq-07/frame-000869,1,0.00965,0.5844,1285,678,523,0.80,72.65,64.04,17.14,154.65
seq-07/frame-000870,1,0.02053,0.6019,1705,1042,835,0.94,78.48,91.01,15.89,186.33
seq-07/frame-000871,1,0.02757,0.9505,1773,1013,827,1.68,86.64,83.12,13.05,184.49
seq-07/frame-000872,1,0.03950,1.2512,1526,907,743,0.83,69.78,84.74,12.07,167.42
seq-07/frame-000873,1,0.05449,1.6514,1995,1181,997,0.88,85.70,106.70,23.23,216.51
seq-07/frame-000874,1,0.04716,1.4555,1727,1049,851,0.85,93.66,93.54,16.20,204.26
seq-07/frame-000875,1,0.04986,1.3784,1401,884,703,0.86,92.32,68.94,25.24,187.37
seq-07/frame-000876,1,0.04085,1.2167,1584,955,768,0.86,77.55,85.00,12.90,176.31
seq-07/frame-000877,1,0.05990,1.6500,1205,711,566,0.82,73.77,60.97,10.75,146.31
seq-07/frame-000878,1,0.03989,1.2429,1189,678,526,0.82,84.94,57.98,15.99,159.73
seq-07/frame-000879,1,0.05239,1.6279,1297,753,586,1.59,81.08,61.91,14.19,158.78
seq-07/frame-000880,1,0.06628,2.0365,1199,715,576,0.82,81.47,52.92,11.77,146.98
seq-07/frame-000881,1,0.05759,1.6475,1193,662,519,0.84,64.46,54.07,14.05,133.43
seq-07/frame-000882,1,0.05182,1.5946,1316,689,529,0.89,72.48,71.13,27.91,172.41
seq-07/frame-000883,1,0.05964,1.8695,1777,1018,818,0.88,97.02,90.23,21.73,209.87
seq-07/frame-000884,1,0.05805,1.7980,1410,810,636,0.88,97.32,72.84,19.20,190.24
seq-07/frame-000885,1,0.07111,1.9575,1179,648,484,0.86,74.36,48.74,16.23,140.19
seq-07/frame-000886,1,0.04889,1.2306,1324,699,541,0.85,82.46,53.23,10.84,147.38
seq-07/frame-000887,1,0.08477,2.3350,1347,751,589,0.88,81.06,64.16,17.18,163.29
seq-07/frame-000888,1,0.08339,2.3527,952,540,407,0.84,72.53,49.66,7.36,130.39
seq-07/frame-000889,1,0.06296,1.7055,968,512,389,0.80,81.76,40.16,10.32,133.04
seq-07/frame-000890,1,0.07184,2.0393,1107,598,476,0.82,79.53,48.71,15.64,144.70
seq-07/frame-000891,1,0.06375,1.8470,1122,618,461,0.83,69.91,50.28,16.74,137.76
seq-07/frame-000892,1,0.10233,2.9149,975,484,349,0.84,61.28,44.25,14.82,121.20
seq-07/frame-000893,1,0.08316,2.3063,1087,570,411,0.85,61.18,50.72,16.82,129.57
seq-07/frame-000894,1,0.08157,2.4195,1347,715,536,0.87,72.90,58.96,14.98,147.72
seq-07/frame-000895,1,0.07859,2.4615,1469,827,638,0.88,84.02,56.04,19.55,160.50
seq-07/frame-000896,1,0.08435,2.6240,1157,659,492,0.85,79.46,46.60,8.84,135.75
seq-07/frame-000897,1,0.07580,2.2631,1209,671,510,0.99,85.69,55.90,9.72,152.30
seq-07/frame-000898,1,0.06794,2.0329,1264,724,555,0.82,83.50,57.29,12.86,154.48
seq-07/frame-000899,1,0.07694,2.2240,997,536,399,0.82,71.89,40.68,20.59,133.98
seq-07/frame-000900,1,0.05503,1.6322,1082,547,414,0.80,67.34,48.69,13.02,129.85
seq-07/frame-000901,1,0.06480,1.8614,1409,752,571,0.84,76.48,61.77,15.51,154.60
seq-07/frame-000902,1,0.05365,1.4634,1578,812,596,0.85,72.99,74.16,19.20,167.20
seq-07/frame-000903,1,0.07435,2.1059,1793,944,665,0.90,89.48,83.60,25.27,199.25
seq-07/frame-000904,1,0.05797,1.6363,1803,977,678,1.05,86.15,77.06,21.16,185.43
seq-07/frame-000905,1,0.05346,1.5813,1605,930,681,0.89,92.39,71.94,19.17,184.38
seq-07/frame-000906,1,0.04969,1.4360,1440,833,623,0.88,83.95,67.48,24.42,176.74
seq-07/frame-000907,1,0.06387,1.8799,1531,789,567,0.89,86.69,78.50,24.34,190.43
seq-07/frame-000908,1,0.06706,1.8175,1399,775,598,0.86,84.09,65.50,18.88,169.33
seq-07/frame-000909,1,0.04747,1.4885,1046,672,527,0.79,67.67,55.43,16.87,140.78
seq-07/frame-000910,1,0.05392,1.4808,963,641,501,0.81,61.56,46.70,11.18,120.25
seq-07/frame-000911,1,0.06434,1.7013,1402,839,641,0.86,80.87,85.17,25.27,192.17
seq-07/frame-000912,1,0.06943,2.0156,1465,964,743,0.84,72.47,75.18,16.55,165.04
seq-07/frame-000913,1,0.04469,1.3620,1107,687,549,0.81,56.19,75.08,19.49,151.57
seq-07/frame-000914,1,0.05418,1.7834,1005,671,524,0.79,89.06,56.48,17.20,163.54
seq-07/frame-000915,1,0.06593,2.0239,1048,683,548,0.79,77.20,61.31,12.51,151.82
seq-07/frame-000916,1,0.05087,1.7067,1085,690,552,0.88,78.90,67.57,17.43,164.78
seq-07/frame-000917,1,0.05760,1.8896,1028,679,553,0.78,70.62,64.97,13.29,149.68
seq-07/frame-000918,1,0.05889,2.0236,994,670,529,0.78,68.71,52.03,14.93,136.46
seq-07/frame-000919,1,0.05099,1.6214,1105,719,557,0.82,83.23,51.31,16.63,151.99
seq-07/frame-000920,1,0.05853,1.6539,1606,941,712,0.85,91.36,129.37,23.84,245.42
seq-07/frame-000921,1,0.05375,1.6119,1348,841,646,0.85,84.43,94.63,7.01,186.92
seq-07/frame-000922,1,0.05901,1.7582,1226,803,647,0.83,74.82,73.72,29.64,179.02
seq-07/frame-000923,1,0.05079,1.5395,1191,802,634,0.82,89.80,105.29,11.90,207.80
seq-07/frame-000924,1,0.04877,1.5327,1282,826,669,0.87,130.65,125.84,14.49,271.86
seq-07/frame-000925,1,0.05118,1.5290,1376,894,686,1.35,122.32,123.17,14.65,261.50
seq-07/frame-000926,1,0.04191,1.2305,1439,894,708,0.86,103.59,133.17,17.33,254.95
seq-07/frame-000927,1,0.05274,1.5138,1291,819,634,1.55,112.00,123.41,16.22,253.19
seq-07/frame-000928,1,0.05923,1.7989,1156,758,589,1.16,78.69,117.68,21.08,218.62
seq-07/frame-000929,1,0.05632,1.6980,1143,784,618,0.99,127.09,111.89,12.45,252.42
seq-07/frame-000930,1,0.05321,1.5921,1146,815,651,0.83,136.65,63.50,27.06,228.04
seq-07/frame-000931,1,0.06233,2.0631,1031,661,525,2.30,127.11,60.79,20.49,210.70
seq-07/frame-000932,1,0.06716,1.9544,1213,774,618,0.84,147.27,84.47,9.33,241.91
seq-07/frame-000933,1,0.05290,1.6412,1437,867,679,0.87,98.38,84.00,9.84,193.10
seq-07/frame-000934,1,0.04733,1.2658,1433,960,768,0.88,106.82,83.13,18.79,209.62
seq-07/frame-000935,1,0.06247,1.7075,1410,945,742,0.87,98.26,69.84,28.77,197.74
seq-07/frame-000936,1,0.04692,1.3994,1290,827,656,0.85,96.87,67.24,13.25,178.21
seq-07/frame-000937,1,0.06622,1.9896,1381,868,681,0.84,111.61,60.05,8.00,180.50
seq-07/frame-000938,1,0.05146,1.4240,1516,851,635,1.83,103.96,68.37,18.12,192.29
seq-07/frame-000939,1,0.05641,1.6544,1239,791,632,0.81,99.75,65.60,21.63,187.79
seq-07/frame-000940,1,0.05893,1.8405,1168,729,569,0.82,87.20,59.58,14.08,161.69
seq-07/frame-000941,1,0.05990,1.6811,1329,876,719,4.02,83.29,59.34,17.45,164.09
seq-07/frame-000942,1,0.05511,1.7258,1194,699,570,0.84,69.00,60.15,8.85,138.84
seq-07/frame-000943,1,0.05174,1.6504,1147,714,561,0.82,69.31,50.61,17.53,138.26
seq-07/frame-000944,1,0.06125,2.0420,1133,716,562,0.83,69.35,48.37,12.15,130.70
seq-07/frame-000945,1,0.05319,1.7780,1111,701,553,0.81,78.88,51.95,22.93,154.58
seq-07/frame-000946,1,0.05329,1.7308,1094,683,542,0.82,67.30,48.43,20.52,137.07
seq-07/frame-000947,1,0.05291,1.6851,1075,675,531,0.80,79.49,65.99,18.31,164.60
seq-07/frame-000948,1,0.06089,1.9111,996,569,444,0.80,70.85,59.34,13.39,144.38
seq-07/frame-000949,1,0.06791,2.0138,1130,617,478,0.83,68.81,68.72,16.44,154.80
seq-07/frame-000950,1,0.03619,1.2419,930,517,383,0.81,69.88,57.76,16.89,145.35
seq-07/frame-000951,1,0.05546,1.8677,770,423,312,0.78,59.65,48.45,15.98,124.88
seq-07/frame-000952,1,0.06466,1.9789,620,307,228,0.76,57.91,40.30,15.74,114.72
seq-07/frame-000953,1,0.06599,1.5731,811,482,372,0.78,54.77,59.75,18.45,133.76
seq-07/frame-000954,1,0.05455,1.1837,909,517,418,0.81,79.50,54.38,19.62,154.32
seq-07/frame-000955,1,0.05141,1.0547,882,474,330,0.86,71.23,48.56,14.47,135.12
seq-07/frame-000956,1,0.05509,1.2587,1066,616,467,0.81,82.74,65.95,14.02,163.52
seq-07/frame-000957,1,0.05405,1.1760,880,565,455,1.47,81.24,45.23,9.24,137.18
seq-07/frame-000958,1,0.05168,1.1796,1222,683,508,0.97,90.50,65.55,20.67,177.70
seq-07/frame-000959,1,0.05498,1.3492,1233,783,577,0.80,99.04,71.58,24.36,195.78
seq-07/frame-000960,1,0.05546,1.3684,934,579,467,0.99,80.40,55.26,16.57,153.24
seq-07/frame-000961,1,0.07513,1.8250,838,478,378,3.90,74.90,48.46,15.67,142.93
seq-07/frame-000962,1,0.06925,1.7547,986,614,503,1.01,81.84,56.02,27.08,165.95
seq-07/frame-000963,1,0.05020,1.2682,1073,738,562,1.49,90.11,59.84,22.82,174.25
seq-07/frame-000964,1,0.05578,1.4175,864,565,440,0.91,76.05,52.27,16.15,145.38
seq-07/frame-000965,1,0.06347,1.6817,870,573,461,1.21,74.50,48.96,25.11,149.78
seq-07/frame-000966,1,0.05642,1.3973,825,534,436,0.96,70.94,49.43,16.24,137.58
seq-07/frame-000967,1,0.04192,0.9393,920,596,494,1.16,76.97,50.20,21.26,149.59
seq-07/frame-000968,1,0.03878,0.9775,901,610,496,1.11,81.44,50.90,14.26,147.72
seq-07/frame-000969,1,0.03720,1.1141,1090,637,469,0.90,87.38,62.76,17.21,168.25
seq-07/frame-000970,1,0.07751,2.3852,909,516,384,0.82,84.39,54.04,17.49,156.75
seq-07/frame-000971,1,0.05418,1.5654,747,467,349,0.79,74.73,41.93,19.38,136.84
seq-07/frame-000972,1,0.05169,1.1867,746,462,357,0.76,70.20,45.26,39.12,155.34
seq-07/frame-000973,1,0.03232,1.1237,660,367,274,2.45,65.02,39.89,15.21,122.58
seq-07/frame-000974,1,0.04299,1.1320,676,410,318,0.83,75.22,45.70,14.01,135.76
seq-07/frame-000975,1,0.04949,1.5110,733,432,338,1.25,73.22,42.15,14.50,131.12
seq-07/frame-000976,1,0.04528,1.4359,708,441,356,0.77,73.31,36.71,23.39,134.19
seq-07/frame-000977,1,0.02553,1.1887,679,402,308,0.90,76.21,36.53,22.60,136.24
seq-07/frame-000978,1,0.02708,1.1561,724,448,340,1.26,79.76,32.71,13.90,127.63
seq-07/frame-000979,1,0.03992,1.3860,636,380,289,1.62,77.06,31.10,18.63,128.42
seq-07/frame-000980,1,0.04425,1.3893,625,391,281,2.15,67.82,37.69,25.97,133.63
seq-07/frame-000981,1,0.03616,1.0421,713,430,306,1.61,72.56,43.41,18.57,136.16
seq-07/frame-000982,1,0.04498,1.0707,594,355,255,2.57,58.51,35.08,31.59,127.75
seq-07/frame-000983,1,0.03853,1.3969,540,273,188,0.74,66.25,30.77,16.96,114.74
seq-07/frame-000984,1,0.03937,1.8285,683,341,229,1.25,74.66,41.60,28.11,145.62
seq-07/frame-000985,1,0.05500,1.7421,615,336,222,0.89,62.56,37.64,24.36,125.47
seq-07/frame-000986,1,0.08292,2.2669,647,342,226,1.04,70.39,38.31,11.69,121.43
seq-07/frame-000987,1,0.04081,1.5059,596,355,245,1.03,76.76,25.58,18.59,121.96
seq-07/frame-000988,1,0.07447,2.5708,644,336,202,0.89,67.61,35.28,12.32,116.10
seq-07/frame-000989,1,0.03637,1.4481,907,509,353,3.38,88.57,51.03,12.94,155.92
seq-07/frame-000990,1,0.02464,1.7997,745,336,191,0.77,69.78,43.99,17.01,131.56
seq-07/frame-000991,1,0.05167,2.2037,690,333,214,0.78,65.61,34.88,16.21,117.48
seq-07/frame-000992,1,0.05503,2.6394,724,383,233,2.63,70.01,39.30,15.81,127.74
seq-07/frame-000993,1,0.04943,2.3987,701,356,232,2.58,74.34,43.00,14.66,134.58
seq-07/frame-000994,1,0.10566,3.7229,745,312,177,0.77,74.03,33.65,7.72,116.17
seq-07/frame-000995,1,0.06140,2.3778,762,370,232,0.84,69.13,32.78,9.05,111.80
seq-07/frame-000996,1,0.07621,2.6526,777,332,166,1.37,69.26,30.12,16.56,117.31
seq-07/frame-000997,1,0.04016,1.9692,846,358,195,0.78,64.20,30.81,11.50,107.29
seq-07/frame-000998,1,0.06250,2.2724,820,308,155,1.31,64.20,29.11,11.13,105.76
seq-07/frame-000999,1,0.08319,3.0274,871,311,165,1.41,60.65,27.43,14.37,103.86
