frame,ok,trans_err_m,rot_err_deg,keypoints,matches,inliers,ms_decode,ms_extract,ms_match,ms_pose,ms_total
seq-03/frame-000000,1,0.10536,3.0906,1805,1041,889,1.01,501.60,176.61,26.40,705.62
seq-03/frame-000001,1,0.09679,2.9729,1874,1106,901,1.69,491.53,186.61,15.37,695.20
seq-03/frame-000002,1,0.12057,3.4628,1797,1139,960,1.29,495.05,176.02,17.69,690.05
seq-03/frame-000003,1,0.11679,3.3421,1807,1087,914,1.14,466.83,204.39,15.15,687.52
seq-03/frame-000004,1,0.10235,3.0675,1794,1021,837,2.16,506.02,166.58,22.12,696.88
seq-03/frame-000005,1,0.10395,3.1222,1859,1086,903,2.31,496.74,184.03,22.82,705.89
seq-03/frame-000006,1,0.10069,3.0955,1868,1140,942,1.48,494.87,179.56,18.05,693.97
seq-03/frame-000007,1,0.10893,3.1530,1839,1097,911,1.31,480.04,194.85,12.26,688.47
seq-03/frame-000008,1,0.11446,3.2353,1795,1035,854,1.26,505.76,164.26,14.99,686.27
seq-03/frame-000009,1,0.10599,3.1917,1837,1106,930,1.24,492.32,185.11,21.66,700.34
seq-03/frame-000010,1,0.09987,2.9618,1844,1071,879,0.92,169.18,156.85,12.31,339.26
seq-03/frame-000011,1,0.09991,3.0241,1862,1089,894,0.94,195.44,151.56,19.81,367.76
seq-03/frame-000012,1,0.09901,2.9634,1901,1106,911,0.94,160.67,169.97,15.11,346.69
seq-03/frame-000013,1,0.09381,2.8604,1804,1083,909,1.31,138.90,161.13,11.14,312.49
seq-03/frame-000014,1,0.10299,3.0159,1874,1127,932,0.95,153.25,156.89,20.46,331.55
seq-03/frame-000015,1,0.09792,2.8814,1837,1098,891,0.93,169.05,149.06,11.27,330.32
seq-03/frame-000016,1,0.09385,2.8811,1817,1101,896,1.02,168.00,165.56,29.09,363.67
seq-03/frame-000017,1,0.10594,3.0811,1764,1092,912,0.99,173.02,150.16,10.79,334.97
seq-03/frame-000018,1,0.09228,2.8294,1807,1118,914,0.94,181.76,137.00,19.01,338.70
seq-03/frame-000019,1,0.10973,3.1052,1811,1212,1040,0.90,178.59,146.83,32.38,358.72
seq-03/frame-000020,1,0.11834,3.3038,1466,991,861,0.86,97.45,90.84,9.42,198.58
seq-03/frame-000021,1,0.10153,2.9419,1810,1095,913,1.08,105.82,111.58,18.26,236.75
seq-03/frame-000022,1,0.09990,2.9933,1765,1162,990,0.86,110.41,110.65,17.60,239.53
seq-03/frame-000023,1,0.11469,3.3258,1320,891,745,1.57,100.39,71.30,18.85,192.12
seq-03/frame-000024,1,0.09818,2.9967,1846,1112,901,0.91,104.29,97.55,18.81,221.56
seq-03/frame-000025,1,0.10114,3.0293,1706,1014,839,0.87,100.84,99.61,9.98,211.30
seq-03/frame-000026,1,0.11271,3.3244,1492,1020,870,0.86,82.70,82.72,11.41,177.69
seq-03/frame-000027,1,0.10320,3.0220,1629,1067,890,0.87,95.34,100.55,13.22,209.98
seq-03/frame-000028,1,0.08912,2.7129,1689,1022,846,0.89,98.51,94.69,15.89,209.99
seq-03/frame-000029,1,0.08195,2.4376,1729,1083,885,0.91,95.84,107.64,21.15,225.54
seq-03/frame-000030,1,0.08317,2.5407,1687,1025,854,0.91,95.50,89.79,12.64,198.85
seq-03/frame-000031,1,0.09150,2.4046,1661,1126,951,0.87,91.15,80.26,18.55,190.83
seq-03/frame-000032,1,0.08697,2.4250,1712,1161,979,0.88,106.43,82.83,13.70,203.85
seq-03/frame-000033,1,0.07797,2.4168,1703,1138,940,0.89,77.30,106.98,16.41,201.59
seq-03/frame-000034,1,0.09409,2.4232,1679,1155,997,0.85,91.50,95.04,16.09,203.48
seq-03/frame-000035,1,0.08254,2.5188,1736,1075,874,0.88,96.17,90.94,14.73,202.73
seq-03/frame-000036,1,0.07964,2.4392,1662,1116,956,0.88,99.57,80.84,25.15,206.45
seq-03/frame-000037,1,0.08832,2.4708,1629,1106,913,0.87,97.89,90.56,18.69,208.01
seq-03/frame-000038,1,0.09662,2.8484,1500,960,818,0.83,86.13,83.59,12.37,182.93
seq-03/frame-000039,1,0.10418,2.9172,1423,983,856,0.81,75.90,83.07,16.79,176.57
seq-03/frame-000040,1,0.08078,2.4324,1663,1089,924,0.90,80.98,101.32,9.74,192.94
seq-03/frame-000041,1,0.08026,2.5000,1663,1104,926,0.88,93.38,95.14,18.43,207.83
seq-03/frame-000042,1,0.08820,2.5126,1581,1077,919,0.84,78.95,83.89,16.13,179.82
seq-03/frame-000043,1,0.10445,2.9331,1233,872,764,1.10,78.02,58.94,13.29,151.35
seq-03/frame-000044,1,0.10435,2.8501,1205,858,729,0.80,71.95,68.21,10.99,151.96
seq-03/frame-000045,1,0.09179,2.5587,1441,976,836,0.85,76.13,72.81,9.56,159.35
seq-03/frame-000046,1,0.08526,2.4022,1522,1080,940,0.85,92.46,85.24,16.78,195.34
seq-03/frame-000047,1,0.08409,2.4402,1552,1132,976,0.84,95.56,98.47,16.95,211.82
seq-03/frame-000048,1,0.10335,2.8659,1364,946,827,0.82,89.43,76.51,20.87,187.63
seq-03/frame-000049,1,0.08825,2.6821,1436,1047,923,0.83,82.40,82.11,16.75,182.09
seq-03/frame-000050,1,0.07851,2.3377,1474,1083,936,0.86,81.52,81.61,12.64,176.64
seq-03/frame-000051,1,0.09303,2.5543,1417,1042,902,0.84,85.98,87.63,25.33,199.80
seq-03/frame-000052,1,0.07586,2.2039,1434,1010,898,0.84,71.34,77.64,9.82,159.65
seq-03/frame-000053,1,0.08638,2.4488,1583,1099,969,0.86,95.60,162.51,106.34,365.31
seq-03/frame-000054,1,0.07790,2.2320,1498,1101,957,0.86,72.57,124.94,52.45,250.82
seq-03/frame-000055,1,0.07974,2.3535,1519,1157,1007,0.85,79.23,93.21,34.15,207.45
seq-03/frame-000056,1,0.08029,2.3213,1554,1137,988,0.92,79.15,216.30,61.59,357.97
seq-03/frame-000057,1,0.08897,2.4837,1393,911,788,0.80,72.35,228.25,43.64,345.05
seq-03/frame-000058,1,0.07431,2.1518,1536,1119,975,0.87,71.56,186.83,49.25,308.50
seq-03/frame-000059,1,0.07180,2.0988,1576,1166,1007,0.86,87.39,290.93,29.85,409.02
seq-03/frame-000060,1,0.09025,2.6159,1233,914,790,0.82,132.67,215.17,30.14,378.80
seq-03/frame-000061,1,0.09232,2.6449,1253,820,694,0.83,271.09,101.66,21.27,394.86
seq-03/frame-000062,1,0.07828,2.3726,1646,1165,1001,3.84,296.51,142.75,21.65,464.74
seq-03/frame-000063,1,0.07410,2.2521,1499,1041,904,3.11,225.86,130.50,20.43,379.91
seq-03/frame-000064,1,0.06409,1.9704,1477,1078,933,2.24,219.37,128.29,36.83,386.74
seq-03/frame-000065,1,0.06895,2.0860,1357,1007,898,0.86,156.78,130.30,18.50,306.43
seq-03/frame-000066,1,0.06562,2.0227,1393,1011,862,0.83,186.43,111.50,18.58,317.34
seq-03/frame-000067,1,0.06668,2.0787,1605,1158,1002,0.98,178.15,134.63,21.36,335.13
seq-03/frame-000068,1,0.07007,2.0984,1523,1131,987,0.87,139.12,118.88,20.47,279.35
seq-03/frame-000069,1,0.07536,2.2569,1439,1069,952,3.26,127.83,115.83,22.68,269.61
seq-03/frame-000070,1,0.07448,2.2339,1517,1108,967,2.14,113.73,119.84,23.41,259.13
seq-03/frame-000071,1,0.07614,2.2561,1571,1122,979,1.99,111.84,144.57,17.71,276.11
seq-03/frame-000072,1,0.06776,2.0568,1492,1104,960,0.82,119.59,131.32,18.92,270.64
seq-03/frame-000073,1,0.07697,2.2962,1551,1113,977,1.27,112.68,130.20,15.60,259.76
seq-03/frame-000074,1,0.06961,2.2515,1686,1237,1076,3.51,111.62,129.99,14.89,260.10
seq-03/frame-000075,1,0.06600,2.0956,1663,1225,1064,1.45,106.11,125.30,11.82,244.68
seq-03/frame-000076,1,0.07043,2.1772,1568,1120,961,0.83,136.79,98.43,14.59,250.64
seq-03/frame-000077,1,0.06683,2.1811,1744,1210,1074,3.69,137.88,106.41,21.90,269.88
seq-03/frame-000078,1,0.06132,1.9983,1712,1252,1115,1.43,143.43,84.04,14.17,243.08
seq-03/frame-000079,1,0.06206,1.9514,1716,1204,1056,1.79,129.25,89.64,16.19,236.86
seq-03/frame-000080,1,0.06562,2.0555,1780,1313,1142,0.95,108.43,97.11,15.56,222.05
seq-03/frame-000081,1,0.05755,1.9198,1594,1199,1048,1.11,94.92,85.18,13.23,194.44
seq-03/frame-000082,1,0.06188,1.8617,1570,1148,996,0.86,89.55,78.95,25.67,195.04
seq-03/frame-000083,1,0.06460,1.9476,1474,1052,913,0.82,81.53,83.86,15.31,181.51
seq-03/frame-000084,1,0.06306,1.7978,1570,1091,956,0.85,88.60,84.25,13.56,187.26
seq-03/frame-000085,1,0.06387,1.8741,1719,1220,1041,0.85,87.63,84.27,17.95,190.71
seq-03/frame-000086,1,0.06386,1.9666,1638,1192,1040,0.82,100.49,91.17,12.58,205.05
seq-03/frame-000087,1,0.06188,1.7017,1987,1491,1280,0.93,101.61,91.49,17.38,211.41
seq-03/frame-000088,1,0.06288,1.7717,2029,1487,1269,1.32,90.46,108.81,26.63,227.23
seq-03/frame-000089,1,0.06895,1.8879,1805,1293,1123,0.89,78.68,92.87,15.08,187.52
seq-03/frame-000090,1,0.06123,1.5760,1808,1376,1195,0.86,98.57,95.36,20.95,215.74
seq-03/frame-000091,1,0.05832,1.6310,2107,1604,1393,0.90,102.87,103.69,10.59,218.05
seq-03/frame-000092,1,0.06838,1.8584,1874,1335,1145,0.84,92.61,96.54,21.08,211.08
seq-03/frame-000093,1,0.06116,1.7154,2058,1463,1261,0.86,94.91,110.59,15.04,221.41
seq-03/frame-000094,1,0.05753,1.5447,2207,1596,1381,0.90,100.16,131.03,31.19,263.29
seq-03/frame-000095,1,0.05903,1.6754,2256,1665,1443,0.89,96.31,120.21,23.22,240.64
seq-03/frame-000096,1,0.05092,1.4642,2352,1783,1556,2.50,101.15,122.08,27.52,253.24
seq-03/frame-000097,1,0.05368,1.5436,2321,1767,1516,0.91,95.13,129.16,14.85,240.05
seq-03/frame-000098,1,0.06510,1.8505,2229,1553,1315,0.86,95.21,120.83,30.58,247.49
seq-03/frame-000099,1,0.05751,1.6303,2321,1734,1495,0.90,92.00,148.28,23.10,264.28
seq-03/frame-000100,1,0.05047,1.5011,2255,1728,1530,0.90,102.49,120.29,21.83,245.52
seq-03/frame-000101,1,0.05233,1.4791,2313,1787,1555,0.90,93.29,119.87,18.89,232.97
seq-03/frame-000102,1,0.05544,1.5962,2319,1789,1573,0.94,106.72,115.75,14.91,238.33
seq-03/frame-000103,1,0.05647,1.5910,2282,1748,1515,0.93,98.81,110.24,17.01,226.99
seq-03/frame-000104,1,0.04520,1.3592,2336,1574,1368,0.94,126.47,122.74,19.77,269.94
seq-03/frame-000105,1,0.05138,1.5046,2313,1633,1387,1.34,104.42,111.99,18.17,235.92
seq-03/frame-000106,1,0.04745,1.3805,2376,1872,1636,0.89,102.98,125.37,12.12,241.37
seq-03/frame-000107,1,0.04680,1.3776,2362,1738,1534,0.91,99.07,117.93,20.69,242.37
seq-03/frame-000108,1,0.04186,1.2886,2306,1727,1506,0.91,106.20,131.24,10.91,249.27
seq-03/frame-000109,1,0.03669,1.1332,2336,1676,1449,0.89,103.23,124.88,18.47,247.48
seq-03/frame-000110,1,0.04124,1.2594,2171,1711,1513,0.88,100.52,124.24,22.81,248.45
seq-03/frame-000111,1,0.03694,1.1721,2179,1689,1461,0.89,95.74,108.37,19.29,224.28
seq-03/frame-000112,1,0.04080,1.2161,2355,1844,1605,0.92,97.18,135.42,40.97,274.50
seq-03/frame-000113,1,0.03824,1.1837,2328,1705,1476,0.93,93.74,118.21,11.29,224.17
seq-03/frame-000114,1,0.03986,1.2468,2309,1822,1591,0.89,90.48,144.79,27.10,263.27
seq-03/frame-000115,1,0.03383,1.0704,2392,1838,1606,0.91,107.47,141.15,27.57,277.11
seq-03/frame-000116,1,0.03060,0.9499,2367,1632,1392,0.90,88.49,134.50,14.81,238.70
seq-03/frame-000117,1,0.02791,0.9200,2357,1651,1434,0.89,107.44,145.02,24.72,278.07
seq-03/frame-000118,1,0.03428,1.1367,2390,1910,1659,0.91,93.37,127.48,22.23,243.99
seq-03/frame-000119,1,0.03085,1.0668,2327,1770,1534,0.91,88.50,136.89,27.19,253.49
seq-03/frame-000120,1,0.03019,1.1286,2293,1803,1572,1.53,110.86,128.83,21.31,262.53
seq-03/frame-000121,1,0.03206,1.1104,2386,1844,1583,0.91,105.33,140.62,19.55,266.41
seq-03/frame-000122,1,0.02982,1.0020,2380,1892,1629,1.13,116.09,137.00,18.24,272.48
seq-03/frame-000123,1,0.03479,1.1255,2304,1753,1520,1.20,105.82,127.55,17.29,251.86
seq-03/frame-000124,1,0.02842,1.0273,2365,1794,1550,0.94,108.94,132.59,18.37,260.84
seq-03/frame-000125,1,0.03307,1.1874,2302,1794,1564,1.10,98.13,134.65,22.26,256.14
seq-03/frame-000126,1,0.02722,1.0037,2512,1739,1462,0.94,119.28,128.35,19.73,268.31
seq-03/frame-000127,1,0.02399,0.8087,2384,1666,1436,0.89,118.68,120.13,21.41,261.10
seq-03/frame-000128,1,0.03692,1.3020,1805,1308,1113,0.83,94.26,109.87,24.40,229.36
seq-03/frame-000129,1,0.02975,1.1078,1625,1205,1024,0.88,93.26,80.56,18.24,192.94
seq-03/frame-000130,1,0.02048,1.0283,1797,1360,1199,0.88,96.23,91.95,22.65,211.71
seq-03/frame-000131,1,0.02855,1.0894,2502,1723,1470,1.36,124.80,136.24,14.86,277.26
seq-03/frame-000132,1,0.02586,0.8967,2523,1739,1471,0.91,119.13,133.97,17.97,271.98
seq-03/frame-000133,1,0.02700,1.0350,2423,1674,1425,0.93,118.13,128.08,13.75,260.90
seq-03/frame-000134,1,0.01982,0.9441,2345,1797,1546,0.92,116.08,137.89,18.65,273.54
seq-03/frame-000135,1,0.02504,1.0073,2486,1739,1427,0.91,118.75,152.90,24.55,297.12
seq-03/frame-000136,1,0.02508,0.8339,2585,1776,1491,0.92,115.48,145.22,15.09,276.70
seq-03/frame-000137,1,0.02749,0.9138,2666,1797,1489,0.93,110.74,163.44,24.77,299.88
seq-03/frame-000138,1,0.02743,0.9051,2749,1818,1504,0.92,130.04,157.16,14.11,302.24
seq-03/frame-000139,1,0.03211,1.0378,2629,1800,1482,0.96,114.34,151.14,33.34,299.78
seq-03/frame-000140,1,0.03015,0.8996,2580,1739,1431,0.92,129.00,142.07,15.04,287.04
seq-03/frame-000141,1,0.03211,0.9906,2766,1829,1466,0.94,132.50,152.30,19.20,304.95
seq-03/frame-000142,1,0.03342,0.8917,2749,1824,1475,0.96,107.16,143.64,17.14,268.90
seq-03/frame-000143,1,0.03273,0.8643,2505,1673,1394,2.08,108.84,147.59,24.60,283.12
seq-03/frame-000144,1,0.02630,0.7614,2602,1721,1428,0.92,127.40,142.91,25.45,296.69
seq-03/frame-000145,1,0.03043,0.8901,2624,1776,1437,0.94,117.26,129.03,12.83,260.07
seq-03/frame-000146,1,0.02877,0.8961,2749,1756,1402,0.98,130.11,159.15,29.42,319.65
seq-03/frame-000147,1,0.02988,0.7511,2667,1749,1415,0.94,121.98,160.40,21.89,305.22
seq-03/frame-000148,1,0.02909,0.7917,2624,1686,1377,0.93,110.67,156.24,18.57,286.42
seq-03/frame-000149,1,0.02824,0.7993,2692,1692,1380,0.95,121.91,162.07,23.27,308.20
seq-03/frame-000150,1,0.02900,0.8890,2638,1619,1286,0.95,117.32,154.22,27.59,300.09
seq-03/frame-000151,1,0.02943,0.8311,2685,1645,1325,1.34,119.84,172.64,34.63,328.45
seq-03/frame-000152,1,0.03020,0.8427,2702,1665,1346,0.96,114.66,179.20,25.08,319.91
seq-03/frame-000153,1,0.03123,0.9388,2661,1704,1373,1.01,122.20,187.98,20.09,331.29
seq-03/frame-000154,1,0.03226,0.9671,2661,1704,1373,0.95,133.72,306.89,25.88,467.45
seq-03/frame-000155,1,0.03481,1.0529,2541,1601,1307,0.95,122.49,257.10,45.91,426.45
seq-03/frame-000156,1,0.03244,0.8530,2596,1711,1419,0.93,150.63,560.01,37.24,748.82
seq-03/frame-000157,1,0.03320,0.9292,2572,1661,1362,0.94,138.83,535.34,49.16,724.27
seq-03/frame-000158,1,0.03465,1.0643,2483,1627,1320,0.98,138.40,578.59,37.56,755.54
seq-03/frame-000159,1,0.04823,1.4818,2045,1445,1216,0.92,123.22,511.52,61.43,697.08
seq-03/frame-000160,1,0.03811,1.0613,2101,1485,1251,0.90,137.73,535.93,44.00,718.57
seq-03/frame-000161,1,0.04064,1.1952,2031,1455,1222,2.33,201.93,506.77,27.36,738.39
seq-03/frame-000162,1,0.03499,1.0589,1879,1326,1146,4.39,196.50,459.53,28.33,688.76
seq-03/frame-000163,1,0.04139,1.6937,1587,1128,943,3.20,137.54,466.58,27.46,634.78
seq-03/frame-000164,1,0.04048,1.3345,1587,1128,943,4.18,304.79,214.22,43.95,567.14
seq-03/frame-000165,1,0.03607,1.3872,1543,1089,923,1.19,245.42,219.46,14.23,480.30
seq-03/frame-000166,1,0.03577,1.1299,1661,1184,1021,0.92,123.32,148.47,16.89,289.60
seq-03/frame-000167,1,0.04209,1.1880,2027,1509,1285,1.07,164.73,144.27,20.77,330.84
seq-03/frame-000168,1,0.03678,1.1331,1873,1398,1197,0.95,154.16,136.21,21.52,312.83
seq-03/frame-000169,1,0.03966,1.2410,1521,1028,861,2.17,123.10,134.54,21.59,281.39
seq-03/frame-000170,1,0.03411,1.2279,1497,1089,928,0.89,155.98,92.80,18.49,268.17
seq-03/frame-000171,1,0.03439,1.2175,1497,1089,928,2.41,126.25,78.56,24.47,231.69
seq-03/frame-000172,1,0.03953,1.1835,1607,1118,963,1.25,108.11,100.40,24.08,233.83
seq-03/frame-000173,1,0.03626,1.0398,1927,1395,1190,0.89,141.68,140.40,20.75,303.72
seq-03/frame-000174,1,0.03270,1.1232,1399,1011,858,0.98,111.09,98.80,18.28,229.15
seq-03/frame-000175,1,0.03556,1.1654,1045,767,629,1.96,91.74,69.21,17.96,180.87
seq-03/frame-000176,1,0.04833,1.4877,1213,873,753,0.83,97.09,67.29,16.51,181.73
seq-03/frame-000177,1,0.04486,1.2597,1913,1380,1195,0.87,108.26,104.48,26.26,239.89
seq-03/frame-000178,1,0.04464,1.2592,1913,1380,1195,0.88,100.65,102.91,30.21,234.65
seq-03/frame-000179,1,0.03560,1.3219,1920,1488,1287,0.94,110.71,118.86,22.91,253.43
seq-03/frame-000180,1,0.05045,1.7891,1246,936,810,0.82,74.68,70.70,14.29,160.49
seq-03/frame-000181,1,0.02842,1.2436,1313,975,843,0.85,84.25,69.21,18.59,172.90
seq-03/frame-000182,1,0.03194,1.0029,2080,1623,1429,0.86,96.43,136.04,18.97,252.32
seq-03/frame-000183,1,0.04472,1.3556,2248,1688,1450,0.90,115.14,110.84,30.53,257.41
seq-03/frame-000184,1,0.03741,1.3010,2046,1570,1365,0.90,98.91,111.85,16.40,228.06
seq-03/frame-000185,1,0.03463,1.1553,1887,1472,1278,0.89,88.37,108.09,16.38,213.73
seq-03/frame-000186,1,0.03418,1.1556,1887,1472,1278,0.86,90.21,116.83,19.60,227.49
seq-03/frame-000187,1,0.02296,0.8771,2243,1769,1530,0.88,106.09,141.63,18.46,267.06
seq-03/frame-000188,1,0.04393,1.0310,2007,1450,1214,0.88,94.98,114.63,16.33,226.83
seq-03/frame-000189,1,0.03019,1.1152,2357,1804,1557,0.91,103.72,138.38,18.52,261.54
seq-03/frame-000190,1,0.04661,1.2983,2222,1641,1419,0.88,88.04,126.27,26.95,242.15
seq-03/frame-000191,1,0.04360,1.7746,1867,1506,1322,0.84,95.22,122.93,27.66,246.65
seq-03/frame-000192,1,0.04886,1.3174,1867,1506,1322,0.84,96.90,143.30,28.58,269.62
seq-03/frame-000193,1,0.03739,1.1514,2208,1756,1532,0.89,100.90,150.14,35.54,287.47
seq-03/frame-000194,1,0.04125,1.3287,2355,1806,1554,0.91,95.58,216.86,21.50,334.85
seq-03/frame-000195,1,0.01679,0.7771,2154,1598,1327,0.96,94.99,183.20,22.25,301.40
seq-03/frame-000196,1,0.03263,1.1749,2166,1609,1335,0.94,81.29,189.86,24.11,296.20
seq-03/frame-000197,1,0.01901,0.8848,2201,1672,1413,0.95,103.89,187.15,35.41,327.40
seq-03/frame-000198,1,0.02119,0.6192,2014,1601,1381,0.85,157.10,142.27,34.45,334.67
seq-03/frame-000199,1,0.02466,0.5198,2014,1601,1381,0.88,138.08,165.99,30.68,335.63
seq-03/frame-000200,1,0.01770,0.6798,2251,1700,1441,0.93,162.05,169.31,19.97,352.28
seq-03/frame-000201,1,0.01873,0.6995,2040,1567,1325,1.78,184.87,153.57,12.46,352.67
seq-03/frame-000202,1,0.01699,0.7251,2189,1656,1391,2.34,137.66,153.96,22.65,316.61
seq-03/frame-000203,1,0.02375,0.8961,2274,1691,1431,2.28,144.27,166.56,20.36,333.47
seq-03/frame-000204,1,0.01550,0.6583,2275,1702,1419,0.96,138.26,155.28,28.22,322.73
seq-03/frame-000205,1,0.01269,0.5234,2135,1624,1367,4.10,123.79,141.60,16.54,286.02
seq-03/frame-000206,1,0.01312,0.5126,2135,1624,1367,11.21,137.04,148.85,22.64,319.75
seq-03/frame-000207,1,0.01305,0.4905,2146,1667,1435,15.89,122.04,153.60,20.76,312.29
seq-03/frame-000208,1,0.01931,0.7245,2314,1731,1452,1.42,141.69,172.39,12.95,328.46
seq-03/frame-000209,1,0.01727,0.7176,2152,1577,1332,1.14,124.52,160.26,15.03,300.95
seq-03/frame-000210,1,0.01583,0.5395,2214,1739,1470,0.96,127.04,151.30,18.52,297.82
seq-03/frame-000211,1,0.01656,0.6143,2169,1673,1401,0.93,137.87,152.25,33.85,324.90
seq-03/frame-000212,1,0.01811,0.7151,2182,1673,1423,1.40,148.76,163.94,22.27,336.38
seq-03/frame-000213,1,0.00851,0.6083,2147,1750,1547,0.89,130.70,146.25,19.95,297.80
seq-03/frame-000214,1,0.01304,0.5203,2147,1750,1547,1.09,90.31,146.44,32.11,269.96
seq-03/frame-000215,1,0.01356,0.4916,2132,1758,1539,1.23,139.29,145.75,26.97,313.24
seq-03/frame-000216,1,0.01857,0.7533,2127,1671,1409,1.32,125.24,147.72,73.01,347.29
seq-03/frame-000217,1,0.01464,0.5584,2175,1707,1466,0.91,119.19,201.31,23.53,344.95
seq-03/frame-000218,1,0.01468,0.3839,1614,1377,1214,0.85,120.42,153.55,20.38,295.20
seq-03/frame-000219,1,0.01451,0.3808,1614,1377,1214,0.85,115.31,152.75,19.84,288.75
seq-03/frame-000220,1,0.01140,0.6029,1333,1085,960,2.02,101.66,117.39,27.38,248.45
seq-03/frame-000221,1,0.00963,0.4410,2221,1825,1599,4.08,137.71,143.10,21.68,306.57
seq-03/frame-000222,1,0.01544,0.3654,2185,1787,1532,2.80,185.91,155.19,31.79,375.71
seq-03/frame-000223,1,0.01575,0.4336,1695,1444,1274,0.99,127.31,114.93,21.99,265.23
seq-03/frame-000224,1,0.02464,0.7386,1474,1266,1128,0.87,117.26,97.99,27.18,243.30
seq-03/frame-000225,1,0.02492,0.7587,1474,1266,1128,1.01,109.46,93.66,25.70,229.83
seq-03/frame-000226,1,0.01018,0.3973,2260,1795,1545,1.27,126.56,272.85,97.62,498.31
seq-03/frame-000227,1,0.01103,0.3868,2309,1800,1563,1.41,130.75,563.90,39.08,735.14
seq-03/frame-000228,1,0.01191,0.2784,1888,1605,1425,1.15,134.97,503.83,52.69,692.66
seq-03/frame-000229,1,0.01475,0.3404,2150,1830,1633,1.23,140.53,550.31,31.46,723.53
seq-03/frame-000230,1,0.01330,0.3036,2367,2006,1769,1.07,128.98,578.33,38.17,746.55
seq-03/frame-000231,1,0.01261,0.3523,2244,1870,1630,1.64,153.10,579.23,26.56,760.54
seq-03/frame-000232,1,0.00970,0.4935,2448,2050,1796,0.91,159.81,543.05,19.75,723.54
seq-03/frame-000233,1,0.01634,0.5127,2448,2050,1796,1.09,174.76,514.26,23.58,713.68
seq-03/frame-000234,1,0.01450,0.4555,2393,1915,1650,0.92,211.44,493.29,30.03,735.67
seq-03/frame-000235,1,0.01197,0.2620,2499,2066,1800,4.70,304.55,348.36,13.84,671.45
seq-03/frame-000236,1,0.01350,0.3120,2139,1766,1582,2.62,222.64,199.16,26.61,451.03
seq-03/frame-000237,1,0.01342,0.2878,2139,1766,1582,1.46,140.07,228.98,23.27,393.78
seq-03/frame-000238,1,0.01459,0.3566,2179,1862,1667,0.91,168.98,202.62,19.52,392.03
seq-03/frame-000239,1,0.01413,0.2652,2271,1935,1710,1.96,159.26,239.33,42.43,442.98
seq-03/frame-000240,1,0.01327,0.4689,2437,2074,1817,1.58,207.11,234.14,44.82,487.66
seq-03/frame-000241,1,0.01169,0.2840,2457,2083,1805,1.27,184.70,253.80,33.71,473.49
seq-03/frame-000242,1,0.01196,0.2615,2457,2083,1805,1.13,217.45,238.58,27.39,484.55
seq-03/frame-000243,1,0.01603,0.3283,1748,1522,1349,0.88,189.96,170.62,34.94,396.39
seq-03/frame-000244,1,0.01504,0.4984,1426,1212,1088,0.99,166.59,134.29,25.29,327.16
seq-03/frame-000245,1,0.01519,0.4010,2355,2026,1787,0.97,222.69,212.39,25.97,462.03
seq-03/frame-000246,1,0.01160,0.2172,2492,2083,1805,10.53,190.09,248.69,31.63,480.93
seq-03/frame-000247,1,0.01149,0.1979,2492,2083,1805,3.16,185.37,212.20,49.62,450.35
seq-03/frame-000248,1,0.01299,0.3293,2324,1933,1682,1.21,164.22,237.28,30.78,433.50
seq-03/frame-000249,1,0.01126,0.2372,1784,1517,1369,2.00,156.88,176.20,31.36,366.44
seq-03/frame-000250,1,0.01553,0.4896,1983,1732,1571,2.45,178.61,199.56,33.62,414.23
seq-03/frame-000251,1,0.01554,0.4705,1983,1732,1571,1.28,164.44,172.93,28.19,366.84
seq-03/frame-000252,1,0.01364,0.5323,2318,1892,1638,1.16,286.79,211.84,19.41,519.20
seq-03/frame-000253,1,0.01593,0.5598,2311,1876,1651,1.00,167.06,225.46,30.04,423.56
seq-03/frame-000254,1,0.01231,0.3646,2137,1875,1686,0.93,184.57,221.31,25.62,432.43
seq-03/frame-000255,1,0.01228,0.3487,2137,1875,1686,1.12,199.54,194.77,28.83,424.26
seq-03/frame-000256,1,0.01453,0.6071,2196,1934,1755,5.20,188.37,210.46,35.69,439.73
seq-03/frame-000257,1,0.01398,0.4880,2412,2030,1782,0.98,177.19,219.10,35.58,432.85
seq-03/frame-000258,1,0.01044,0.4157,2478,2086,1829,1.00,179.12,261.82,25.72,467.66
seq-03/frame-000259,1,0.00799,0.4599,2297,2018,1816,4.22,176.73,207.61,28.52,417.08
seq-03/frame-000260,1,0.01716,0.5073,2297,2018,1816,1.35,165.11,221.54,16.14,404.15
seq-03/frame-000261,1,0.01761,0.6056,2369,2078,1854,1.86,175.70,202.91,22.03,402.52
seq-03/frame-000262,1,0.01593,0.6407,2471,2180,1958,2.25,199.11,258.72,22.83,482.92
seq-03/frame-000263,1,0.01567,0.6062,2471,2180,1958,3.11,175.81,310.12,48.60,537.65
seq-03/frame-000264,1,0.01649,0.7056,2184,1948,1785,0.93,184.01,247.26,37.51,469.71
seq-03/frame-000265,1,0.01740,0.6837,2103,1848,1693,1.28,164.48,230.35,31.62,427.74
seq-03/frame-000266,1,0.01581,0.4747,1637,1384,1266,1.19,164.38,190.10,38.54,394.21
seq-03/frame-000267,1,0.01765,0.7843,1327,1094,1002,0.92,145.48,139.00,32.19,317.61
seq-03/frame-000268,1,0.01724,0.7276,1327,1094,1002,2.05,141.46,141.15,25.76,310.42
seq-03/frame-000269,1,0.01638,0.7270,2166,1899,1691,1.73,234.61,193.91,28.94,459.20
seq-03/frame-000270,1,0.01592,0.7910,2143,1820,1665,2.52,179.92,242.92,15.32,440.68
seq-03/frame-000271,1,0.01960,0.6887,2143,1820,1665,5.94,237.48,184.45,18.19,446.06
seq-03/frame-000272,1,0.02381,0.9746,1423,1232,1108,0.92,191.15,100.29,16.59,308.95
seq-03/frame-000273,1,0.01639,0.6932,1677,1439,1293,7.03,210.77,122.47,55.09,395.36
seq-03/frame-000274,1,0.02158,0.8061,1677,1439,1293,1.51,192.44,122.74,53.47,370.16
seq-03/frame-000275,1,0.01505,0.7004,1629,1441,1315,5.07,201.25,113.75,56.55,376.61
seq-03/frame-000276,1,0.02029,0.8605,1664,1458,1338,0.92,150.76,153.01,16.16,320.86
seq-03/frame-000277,1,0.02487,1.1021,1664,1458,1338,0.91,159.53,148.27,14.96,323.67
seq-03/frame-000278,1,0.01733,0.6969,1316,1090,983,2.26,147.94,132.02,12.38,294.59
seq-03/frame-000279,1,0.01451,0.6141,1292,1080,973,0.91,127.32,91.02,19.28,238.53
seq-03/frame-000280,1,0.02140,1.0811,1937,1699,1515,1.11,167.22,130.18,13.13,311.64
seq-03/frame-000281,1,0.02149,1.0699,1937,1699,1515,1.23,148.04,161.88,60.75,371.91
seq-03/frame-000282,1,0.02378,1.1833,2568,2204,1919,1.32,198.67,140.46,18.04,358.50
seq-03/frame-000283,1,0.01988,1.0509,2117,1851,1639,0.97,145.58,129.59,17.09,293.23
seq-03/frame-000284,1,0.01586,0.7851,1705,1446,1287,0.97,122.90,99.93,29.57,253.37
seq-03/frame-000285,1,0.01619,0.8105,1705,1446,1287,4.95,117.99,82.04,22.50,227.48
seq-03/frame-000286,1,0.01833,1.0236,1866,1564,1371,1.56,129.29,116.32,31.62,278.80
seq-03/frame-000287,1,0.01983,1.0179,2410,2082,1823,0.88,143.24,169.65,40.70,354.47
seq-03/frame-000288,1,0.01974,1.0016,2410,2082,1823,1.34,153.64,146.97,20.16,322.11
seq-03/frame-000289,1,0.01343,0.6126,2194,1913,1684,0.90,121.69,199.36,35.53,357.48
seq-03/frame-000290,1,0.01246,0.1358,1734,1480,1304,0.91,87.13,195.17,51.80,335.02
seq-03/frame-000291,1,0.01226,0.0833,1734,1480,1304,1.36,99.15,204.05,48.40,352.96
seq-03/frame-000292,1,0.01088,0.4314,1832,1504,1296,0.93,117.87,233.92,43.63,396.35
seq-03/frame-000293,1,0.01088,0.3742,1949,1599,1389,0.99,167.80,217.79,26.62,413.20
seq-03/frame-000294,1,0.01131,0.3821,1949,1599,1389,0.94,126.44,212.66,37.74,377.77
seq-03/frame-000295,1,0.02137,0.5419,1644,1364,1188,3.63,125.36,216.68,26.66,372.33
seq-03/frame-000296,1,0.00576,0.4612,1780,1528,1341,1.20,153.14,194.88,20.75,369.98
seq-03/frame-000297,1,0.01050,0.0707,1780,1528,1341,1.29,152.23,168.85,16.68,339.06
seq-03/frame-000298,1,0.01377,0.5966,2406,1971,1646,1.24,197.41,182.31,38.47,419.42
seq-03/frame-000299,1,0.01279,0.5498,2406,1971,1646,1.59,195.38,153.02,26.45,376.44
seq-03/frame-000300,1,0.00953,0.4982,2688,2302,1909,1.31,175.71,149.40,19.76,346.18
seq-03/frame-000301,1,0.02260,0.5458,1519,1190,1031,3.99,107.67,98.53,15.00,225.19
seq-03/frame-000302,1,0.02400,0.5377,1519,1190,1031,1.68,124.11,80.53,17.49,223.82
seq-03/frame-000303,1,0.01753,0.3899,1739,1481,1290,5.17,109.42,110.28,20.92,245.79
seq-03/frame-000304,1,0.01358,0.5975,2651,2270,1899,1.11,131.58,150.49,30.78,313.96
seq-03/frame-000305,1,0.01230,0.6313,2651,2270,1899,1.25,110.32,139.66,48.10,299.32
seq-03/frame-000306,1,0.02706,1.2736,2764,2356,1965,0.95,124.48,180.60,18.57,324.59
seq-03/frame-000307,1,0.01486,0.4476,2063,1782,1529,0.92,108.19,126.93,21.99,258.03
seq-03/frame-000308,1,0.01643,0.5361,2063,1782,1529,0.91,95.67,160.70,15.93,273.22
seq-03/frame-000309,1,0.03360,1.3897,1731,1481,1271,0.84,94.55,128.73,16.91,241.03
seq-03/frame-000310,1,0.01713,0.6903,2770,2270,1858,0.97,139.30,160.85,36.18,337.29
seq-03/frame-000311,1,0.01656,0.7120,2770,2270,1858,1.58,138.58,154.64,27.53,322.34
seq-03/frame-000312,1,0.00796,0.4478,2780,2283,1875,0.94,129.84,149.32,33.36,313.47
seq-03/frame-000313,1,0.00794,0.3579,2780,2283,1875,1.00,152.43,163.07,84.59,401.09
seq-03/frame-000314,1,0.01597,0.8781,2059,1789,1540,0.99,119.09,119.46,74.76,314.37
seq-03/frame-000315,1,0.02278,0.6437,1818,1541,1322,1.19,111.94,104.81,30.68,248.62
seq-03/frame-000316,1,0.02250,0.6648,1818,1541,1322,0.94,112.80,90.67,24.87,229.28
seq-03/frame-000317,1,0.01455,0.5595,2533,2086,1698,0.95,143.27,238.11,44.47,426.97
seq-03/frame-000318,1,0.03110,1.3593,2662,2102,1688,0.99,129.06,262.97,27.18,420.21
seq-03/frame-000319,1,0.03158,1.3328,2662,2102,1688,0.99,127.02,265.95,41.00,434.96
seq-03/frame-000320,1,0.00967,0.3282,2578,2124,1737,1.16,243.99,301.08,41.78,588.01
seq-03/frame-000321,1,0.02687,0.9089,1831,1597,1391,0.96,214.76,181.95,39.71,437.39
seq-03/frame-000322,1,0.02740,0.9107,1831,1597,1391,3.91,174.69,171.69,35.63,385.93
seq-03/frame-000323,1,0.03041,0.9238,1941,1661,1438,1.38,138.10,136.10,53.07,328.65
seq-03/frame-000324,1,0.01955,0.5656,2673,2181,1800,0.93,397.00,232.83,25.40,656.17
seq-03/frame-000325,1,0.00927,0.2947,2544,2010,1602,1.02,211.97,258.04,22.43,493.46
seq-03/frame-000326,1,0.00953,0.2573,2544,2010,1602,1.26,195.97,249.07,15.05,461.35
seq-03/frame-000327,1,0.03048,0.8852,2323,1876,1551,1.00,264.62,168.00,25.09,458.72
seq-03/frame-000328,1,0.01804,0.5022,2462,1836,1496,4.70,236.80,177.46,28.77,447.73
seq-03/frame-000329,1,0.01892,0.5279,2462,1836,1496,2.58,245.74,183.60,34.93,466.87
seq-03/frame-000330,1,0.02691,0.8690,2541,1920,1550,1.15,188.34,154.95,43.30,387.73
seq-03/frame-000331,1,0.03429,1.2136,1883,1530,1314,1.35,190.09,125.75,43.67,360.86
seq-03/frame-000332,1,0.03457,1.1811,1883,1530,1314,1.22,183.62,134.32,41.64,360.80
seq-03/frame-000333,1,0.03782,1.3980,1598,1233,1034,0.92,112.95,139.30,27.37,280.54
seq-03/frame-000334,1,0.04061,1.3385,2102,1728,1483,0.94,123.59,184.66,31.63,340.81
seq-03/frame-000335,1,0.04067,1.3541,2102,1728,1483,1.51,129.94,175.75,25.22,332.43
seq-03/frame-000336,1,0.04166,1.3101,2387,1767,1429,1.23,152.09,164.52,27.15,345.00
seq-03/frame-000337,1,0.04130,1.5513,1716,1301,1115,0.88,144.39,114.03,26.65,285.95
seq-03/frame-000338,1,0.04266,1.5832,1716,1301,1115,3.12,161.47,99.77,24.17,288.53
seq-03/frame-000339,1,0.04744,1.7974,1400,1049,898,2.87,145.31,164.66,25.72,338.57
seq-03/frame-000340,1,0.04787,1.8098,1400,1049,898,1.50,129.24,97.56,17.38,245.69
seq-03/frame-000341,1,0.05295,1.7176,2066,1602,1328,1.04,149.30,127.67,16.71,294.73
seq-03/frame-000342,1,0.04279,1.3578,2760,1946,1482,0.95,165.64,170.12,33.45,370.16
seq-03/frame-000343,1,0.04301,1.3555,2760,1946,1482,0.94,149.12,173.20,28.09,351.35
seq-03/frame-000344,1,0.05034,1.6428,1953,1563,1304,0.91,122.34,129.40,11.92,264.58
seq-03/frame-000345,1,0.04164,1.5710,1524,1086,928,0.93,109.73,104.78,12.30,227.74
seq-03/frame-000346,1,0.04216,1.6024,1524,1086,928,0.92,113.77,80.97,16.09,211.76
seq-03/frame-000347,1,0.05138,1.4789,2023,1557,1310,0.93,130.40,110.63,27.42,269.38
seq-03/frame-000348,1,0.04530,1.3483,2582,1863,1472,1.07,116.06,150.13,28.16,295.42
seq-03/frame-000349,1,0.04446,1.3396,2582,1863,1472,2.09,121.26,150.18,26.43,299.96
seq-03/frame-000350,1,0.04074,1.4181,2153,1671,1408,0.89,126.19,115.91,23.84,266.84
seq-03/frame-000351,1,0.04712,1.3078,2236,1763,1462,1.52,118.44,139.84,14.50,274.31
seq-03/frame-000352,1,0.04761,1.3309,2236,1763,1462,1.22,122.79,142.10,14.86,280.96
seq-03/frame-000353,1,0.04092,1.0793,2163,1678,1358,1.47,108.51,154.94,24.68,289.61
seq-03/frame-000354,1,0.05405,1.9560,2410,1766,1408,0.96,134.53,140.32,21.60,297.41
seq-03/frame-000355,1,0.05368,1.9642,2410,1766,1408,1.01,109.87,141.77,25.65,278.29
seq-03/frame-000356,1,0.05520,1.8844,2609,1859,1455,0.96,130.78,157.97,16.72,306.43
seq-03/frame-000357,1,0.03628,1.4531,2262,1549,1232,0.96,114.19,149.54,28.28,292.99
seq-03/frame-000358,1,0.03530,1.3931,2262,1549,1232,0.96,121.84,126.11,23.68,272.59
seq-03/frame-000359,1,0.03704,1.2857,2492,1905,1521,0.91,117.88,161.42,30.19,310.41
seq-03/frame-000360,1,0.03824,0.9675,2650,1813,1411,1.52,131.65,165.30,16.86,315.33
seq-03/frame-000361,1,0.03768,0.9743,2650,1813,1411,5.60,129.24,153.04,16.26,304.13
seq-03/frame-000362,1,0.04614,1.1620,2547,1787,1373,1.00,120.33,153.18,23.76,298.28
seq-03/frame-000363,1,0.03812,1.1742,2534,1740,1317,3.45,125.31,148.73,26.53,304.02
seq-03/frame-000364,1,0.04192,1.2030,2733,1917,1458,1.42,130.56,177.52,17.77,327.27
seq-03/frame-000365,1,0.04225,1.2224,2733,1917,1458,0.97,143.71,172.81,15.17,332.67
seq-03/frame-000366,1,0.05090,1.6456,2450,1736,1401,1.31,132.42,134.96,30.72,299.41
seq-03/frame-000367,1,0.03701,1.9455,2387,1612,1250,0.96,105.51,144.84,24.12,275.44
seq-03/frame-000368,1,0.03519,0.8702,2787,1959,1491,1.41,118.95,195.55,31.60,347.51
seq-03/frame-000369,1,0.03603,0.9783,2787,1959,1491,0.96,106.61,259.70,53.42,420.70
seq-03/frame-000370,1,0.03959,1.2010,2646,1844,1436,0.98,107.64,184.59,50.91,344.13
seq-03/frame-000371,1,0.03344,1.1957,2411,1655,1247,0.97,126.29,204.64,52.12,384.03
seq-03/frame-000372,1,0.03552,0.9517,2721,1954,1526,0.95,163.55,281.08,31.11,476.69
seq-03/frame-000373,1,0.03743,1.0555,2721,1954,1526,1.58,171.69,283.61,26.16,483.05
seq-03/frame-000374,1,0.03953,1.3318,2859,1954,1443,1.21,211.41,226.55,22.88,462.05
seq-03/frame-000375,1,0.03296,1.1317,2887,1989,1501,1.93,244.72,219.90,45.71,512.25
seq-03/frame-000376,1,0.03237,1.1578,2887,1989,1501,1.88,182.08,255.35,41.35,480.67
seq-03/frame-000377,1,0.05229,1.3320,2870,1941,1436,0.99,261.09,205.63,30.47,498.18
seq-03/frame-000378,1,0.04105,1.2192,2646,1814,1375,0.96,214.63,195.07,19.28,429.94
seq-03/frame-000379,1,0.04522,1.0698,2831,1780,1269,1.27,179.88,221.09,35.06,437.30
seq-03/frame-000380,1,0.04512,1.0617,2831,1780,1269,2.81,178.65,215.79,32.88,430.13
seq-03/frame-000381,1,0.04697,1.1692,2977,1815,1281,1.36,190.07,228.36,36.75,456.54
seq-03/frame-000382,1,0.03977,1.6116,2961,1940,1424,1.02,154.55,233.59,61.78,450.94
seq-03/frame-000383,1,0.04405,2.0959,2910,1907,1371,1.03,157.81,181.43,56.34,396.62
seq-03/frame-000384,1,0.05336,1.2981,2910,1907,1371,0.99,163.78,266.49,33.35,464.61
seq-03/frame-000385,1,0.05941,1.4764,2637,1709,1262,0.99,164.83,255.37,45.08,466.28
seq-03/frame-000386,1,0.04588,1.0857,2914,1758,1214,1.89,197.27,376.04,28.66,603.87
seq-03/frame-000387,1,0.04502,1.0908,2914,1758,1214,1.02,178.20,383.95,29.12,592.30
seq-03/frame-000388,1,0.05691,1.3061,2788,1596,1084,1.40,165.81,389.92,17.86,575.00
seq-03/frame-000389,1,0.04863,1.2262,2879,1918,1402,2.27,130.26,388.37,32.56,553.46
seq-03/frame-000390,1,0.05793,1.4706,2866,1924,1438,1.47,182.40,349.79,45.72,579.37
seq-03/frame-000391,1,0.04425,0.9197,3007,1742,1196,1.62,188.67,307.59,57.11,555.00
seq-03/frame-000392,1,0.04477,0.9553,3007,1742,1196,1.02,169.69,212.34,54.38,437.43
seq-03/frame-000393,1,0.05454,1.3738,2895,1731,1156,10.47,152.14,287.13,49.92,499.67
seq-03/frame-000394,1,0.05364,1.4691,2248,1543,1206,2.57,138.50,163.81,80.56,385.44
seq-03/frame-000395,1,0.04399,1.0571,2142,1548,1194,1.29,138.52,171.40,63.22,374.43
seq-03/frame-000396,1,0.06133,1.9042,3031,1902,1403,1.23,211.16,221.39,27.44,461.23
seq-03/frame-000397,1,0.06073,1.8736,3031,1902,1403,0.99,216.56,217.44,35.22,470.20
seq-03/frame-000398,1,0.06844,2.1820,2813,1514,1005,1.06,192.50,223.83,23.90,441.29
seq-03/frame-000399,1,0.06152,1.8886,2933,1859,1329,0.94,227.03,180.71,36.31,445.00
seq-03/frame-000400,1,0.05610,1.8085,2336,1571,1217,1.63,181.23,150.01,28.48,365.48
seq-03/frame-000401,1,0.06201,1.7138,2336,1571,1217,2.11,188.52,153.37,24.59,368.59
seq-03/frame-000402,1,0.06172,1.7958,2523,1673,1270,6.66,180.37,167.58,31.43,386.04
seq-03/frame-000403,1,0.05686,1.9240,2800,1625,1092,1.07,174.67,174.62,62.35,412.72
seq-03/frame-000404,1,0.06246,2.0655,2814,1779,1276,4.58,174.08,210.66,31.22,420.54
seq-03/frame-000405,1,0.04203,1.1706,2404,1805,1383,4.40,152.22,168.61,63.23,388.46
seq-03/frame-000406,1,0.04151,1.1435,2404,1805,1383,3.67,126.08,153.40,22.11,305.26
seq-03/frame-000407,1,0.06279,2.0960,2919,1892,1332,2.57,170.17,172.21,30.82,375.77
seq-03/frame-000408,1,0.06462,2.3145,3003,1811,1247,1.12,157.64,196.82,27.17,382.75
seq-03/frame-000409,1,0.05561,1.7635,3007,1866,1252,1.02,175.41,186.16,19.85,382.45
seq-03/frame-000410,1,0.04523,1.4966,2708,1963,1484,2.96,181.11,167.33,20.01,371.41
seq-03/frame-000411,1,0.04645,1.5894,2708,1963,1484,1.41,161.78,180.26,17.17,360.64
seq-03/frame-000412,1,0.06008,2.1854,2865,1929,1349,1.82,164.08,190.64,47.75,404.29
seq-03/frame-000413,1,0.10015,3.8623,2561,1636,1078,0.93,118.93,165.93,41.89,327.69
seq-03/frame-000414,1,0.04277,1.3678,2829,1853,1279,3.82,134.32,204.25,22.44,364.83
seq-03/frame-000415,1,0.04331,1.3963,2829,1853,1279,0.97,132.70,199.49,32.54,365.71
seq-03/frame-000416,1,0.03660,1.0747,3025,1869,1222,0.98,129.81,204.93,37.95,373.67
seq-03/frame-000417,1,0.04957,1.7229,2904,1965,1366,1.01,128.40,306.64,28.13,464.18
seq-03/frame-000418,1,0.05699,1.9723,2986,1896,1285,1.31,133.24,206.33,27.74,368.63
seq-03/frame-000419,1,0.04694,1.4405,2803,1812,1194,1.05,126.68,202.50,43.01,373.25
seq-03/frame-000420,1,0.04737,1.4260,2803,1812,1194,1.02,150.50,194.73,37.01,383.26
seq-03/frame-000421,1,0.03526,1.1311,2903,2029,1432,0.95,146.01,165.61,33.73,346.31
seq-03/frame-000422,1,0.05069,1.8748,2727,2007,1457,5.54,128.69,201.38,26.74,362.35
seq-03/frame-000423,1,0.03192,2.0173,2571,1946,1403,0.96,143.16,176.11,27.51,347.74
seq-03/frame-000424,1,0.03532,1.9937,2571,1946,1403,1.00,141.31,208.25,35.38,385.95
seq-03/frame-000425,1,0.05236,2.4169,2731,1940,1334,3.17,145.27,172.81,33.39,354.64
seq-03/frame-000426,1,0.06558,2.6347,2840,1979,1366,1.01,148.14,180.71,33.71,363.57
seq-03/frame-000427,1,0.06633,2.6967,2840,1979,1366,1.56,167.32,190.74,45.07,404.69
seq-03/frame-000428,1,0.03875,1.9669,2795,2040,1441,2.51,127.86,169.49,34.79,334.65
seq-03/frame-000429,1,0.03835,2.2120,2301,1793,1320,0.91,122.43,135.84,29.22,288.40
seq-03/frame-000430,1,0.02770,1.6715,2548,1984,1456,1.25,128.84,168.77,40.44,339.29
seq-03/frame-000431,1,0.03931,1.6860,2746,2109,1526,2.32,121.48,183.85,24.96,332.62
seq-03/frame-000432,1,0.03910,1.6878,2746,2109,1526,6.63,125.07,168.67,23.64,324.02
seq-03/frame-000433,1,0.03230,1.8295,2057,1549,1221,1.50,112.95,124.76,24.62,263.84
seq-03/frame-000434,1,0.03271,1.6623,2449,1819,1297,4.14,114.88,150.02,42.47,311.50
seq-03/frame-000435,1,0.03547,1.6343,2890,2188,1513,1.30,137.69,248.95,21.48,409.43
seq-03/frame-000436,1,0.03184,1.8765,2846,2098,1445,4.10,139.67,236.58,20.47,400.82
seq-03/frame-000437,1,0.03303,1.8143,2846,2098,1445,2.92,142.80,226.44,20.50,392.65
seq-03/frame-000438,1,0.02494,1.6743,2231,1769,1296,0.94,151.35,152.71,41.95,346.95
seq-03/frame-000439,1,0.02884,1.5454,2200,1707,1270,2.30,150.72,140.88,29.81,323.71
seq-03/frame-000440,1,0.03908,1.9722,2980,2115,1466,2.96,176.30,193.91,23.09,396.27
seq-03/frame-000441,1,0.03384,1.6469,2911,2062,1396,1.22,185.89,171.74,52.85,411.71
seq-03/frame-000442,1,0.02520,1.7552,2379,1858,1339,1.29,159.67,142.93,47.32,351.21
seq-03/frame-000443,1,0.02543,1.7342,2379,1858,1339,0.94,160.69,164.30,46.28,372.22
seq-03/frame-000444,1,0.02888,1.7271,2313,1779,1289,0.97,163.18,146.14,21.96,332.25
seq-03/frame-000445,1,0.04665,1.8290,3073,2115,1391,1.05,141.11,264.61,30.26,437.03
seq-03/frame-000446,1,0.03603,0.8955,3001,2024,1254,1.02,311.77,302.74,68.33,683.87
seq-03/frame-000447,1,0.03484,1.7945,2667,2017,1409,0.98,143.69,218.32,59.30,422.29
seq-03/frame-000448,1,0.02779,1.6337,2157,1692,1235,0.95,120.51,208.43,41.82,371.72
seq-03/frame-000449,1,0.04520,2.2775,2952,2090,1330,1.03,177.55,291.18,32.04,501.79
seq-03/frame-000450,1,0.04575,2.2810,2952,2090,1330,1.02,188.39,304.35,49.60,543.36
seq-03/frame-000451,1,0.07877,3.2455,2996,2066,1338,1.01,200.71,295.69,46.34,543.76
seq-03/frame-000452,1,0.03466,1.8969,2688,2048,1430,0.95,177.16,287.91,42.93,508.96
seq-03/frame-000453,1,0.03251,1.8452,2728,2053,1413,2.15,180.94,241.27,47.25,471.61
seq-03/frame-000454,1,0.05404,2.3225,3021,2071,1345,1.82,201.40,301.67,53.50,558.39
seq-03/frame-000455,1,0.07365,2.7181,3214,2139,1321,5.22,214.01,250.99,42.75,512.97
seq-03/frame-000456,1,0.06021,2.5927,2970,2122,1376,4.84,160.30,219.86,41.33,426.33
seq-03/frame-000457,1,0.06420,2.4148,2970,2122,1376,1.04,164.03,224.50,47.20,436.78
seq-03/frame-000458,1,0.05488,2.3873,2943,2098,1348,10.14,158.14,177.26,29.50,375.04
seq-03/frame-000459,1,0.04286,1.8176,2798,2099,1387,4.64,174.11,191.67,37.45,407.87
seq-03/frame-000460,1,0.05015,2.1292,2938,2080,1365,4.87,186.97,195.70,26.05,413.59
seq-03/frame-000461,1,0.04836,1.8026,3021,2023,1260,14.22,158.31,196.75,31.34,400.63
seq-03/frame-000462,1,0.05346,1.9596,2878,2048,1342,6.77,167.48,172.01,23.03,369.28
seq-03/frame-000463,1,0.05452,1.9519,2595,1928,1314,1.69,133.98,169.29,29.62,334.58
seq-03/frame-000464,1,0.01335,1.4804,3060,2157,1340,1.04,130.55,207.99,39.08,378.66
seq-03/frame-000465,1,0.06552,2.3732,2982,1908,1201,1.09,126.47,182.49,34.21,344.27
seq-03/frame-000466,1,0.03170,1.0047,2987,1884,1059,1.10,140.57,188.74,31.60,362.01
seq-03/frame-000467,1,0.07321,2.7583,3182,2118,1354,1.05,139.86,200.95,57.96,399.82
seq-03/frame-000468,1,0.06001,1.7692,2946,1974,1298,1.05,131.59,169.75,28.79,331.19
seq-03/frame-000469,1,0.03911,1.3721,2068,1570,1101,1.79,118.52,139.48,31.11,290.91
seq-03/frame-000470,1,0.03876,1.6246,2068,1570,1101,0.91,100.80,123.85,29.64,255.21
seq-03/frame-000471,1,0.04207,1.2787,2416,1793,1210,0.96,113.33,148.87,33.12,296.29
seq-03/frame-000472,1,0.03937,0.5455,3044,2111,1349,1.06,125.99,289.14,47.25,463.44
seq-03/frame-000473,1,0.05168,1.9679,2941,2142,1363,0.97,137.97,286.04,48.08,473.07
seq-03/frame-000474,1,0.04811,1.6870,2851,2079,1364,0.95,122.66,222.66,103.67,449.93
seq-03/frame-000475,1,0.04718,1.8700,2721,2082,1422,0.97,146.22,289.72,30.09,467.01
seq-03/frame-000476,1,0.03426,1.1973,2345,1804,1261,0.90,143.66,223.79,46.73,415.09
seq-03/frame-000477,1,0.02697,1.2056,2547,1964,1327,1.73,219.80,239.80,97.37,558.70
seq-03/frame-000478,1,0.02592,0.8704,2329,1816,1285,1.08,179.53,246.41,29.68,456.70
seq-03/frame-000479,1,0.02666,1.0843,2329,1816,1285,1.32,223.16,200.45,36.17,461.11
seq-03/frame-000480,1,0.02494,1.7805,2113,1622,1059,0.89,184.31,228.41,17.67,431.28
seq-03/frame-000481,1,0.02792,1.1983,2639,1975,1347,6.35,203.09,239.65,20.53,469.62
seq-03/frame-000482,1,0.03642,0.7816,2920,2004,1263,0.94,232.01,284.82,38.13,555.90
seq-03/frame-000483,1,0.07857,1.1216,2352,1659,990,1.15,123.29,163.74,48.64,336.82
seq-03/frame-000484,1,0.03482,1.0657,2814,2001,1341,0.94,201.63,190.57,27.27,420.41
seq-03/frame-000485,1,0.02075,1.4278,2656,1788,1093,0.91,168.10,187.68,13.65,370.34
seq-03/frame-000486,1,0.02603,1.1868,2656,1788,1093,0.91,170.09,184.89,13.25,369.15
seq-03/frame-000487,1,0.02532,1.7099,1940,1193,755,0.90,118.42,135.82,19.90,275.04
seq-03/frame-000488,1,0.03133,1.5632,2230,1283,731,0.92,114.34,154.30,26.51,296.07
seq-03/frame-000489,1,0.02783,1.0531,2755,1886,1203,0.91,151.89,191.52,27.61,371.93
seq-03/frame-000490,1,0.02942,1.2019,2755,1886,1203,0.90,133.54,198.62,29.03,362.10
seq-03/frame-000491,1,0.01830,1.1022,2551,1731,1086,5.42,120.31,169.24,18.32,313.29
seq-03/frame-000492,1,0.02322,1.2847,2394,1464,858,0.94,129.82,152.42,23.21,306.40
seq-03/frame-000493,1,0.05723,2.1922,2650,1546,943,2.18,112.25,155.61,19.13,289.17
seq-03/frame-000494,1,0.03299,1.1885,2746,1738,1084,1.01,164.21,165.95,30.86,362.02
seq-03/frame-000495,1,0.03191,1.0461,2746,1738,1084,1.00,113.11,197.12,31.57,342.81
seq-03/frame-000496,1,0.06445,2.6237,2618,1500,887,1.00,122.04,177.45,33.84,334.33
seq-03/frame-000497,1,0.03603,1.3260,2618,1524,935,1.35,126.71,190.13,25.54,343.73
seq-03/frame-000498,1,0.09290,4.9022,3105,1600,879,1.05,132.33,250.88,29.77,414.04
seq-03/frame-000499,1,0.09326,4.9005,3105,1600,879,1.04,118.06,223.70,131.57,474.38
seq-03/frame-000500,1,0.09466,5.0969,2960,1607,897,1.01,168.11,312.69,136.87,618.68
seq-03/frame-000501,1,0.02313,1.2325,2348,1376,850,14.12,153.20,168.53,89.16,425.02
seq-03/frame-000502,1,0.02189,1.0597,2821,1680,1024,1.49,149.54,305.38,134.46,590.88
seq-03/frame-000503,1,0.05554,2.3469,2979,1829,1110,4.64,154.62,429.38,29.54,618.18
seq-03/frame-000504,1,0.05450,2.3229,2979,1829,1110,1.80,150.85,493.51,17.99,664.15
seq-03/frame-000505,1,0.04776,1.8881,2462,1412,907,2.81,143.41,468.75,35.82,650.79
seq-03/frame-000506,1,0.05407,2.1544,3270,1984,1266,1.01,266.03,450.06,48.91,766.01
seq-03/frame-000507,1,0.09596,2.4714,3048,1766,1016,1.05,275.65,407.68,56.37,740.76
seq-03/frame-000508,1,0.03711,1.6374,3203,1938,1207,1.03,412.66,284.33,31.82,729.85
seq-03/frame-000509,1,0.04135,1.5092,3203,1938,1207,2.54,329.92,322.60,61.25,716.31
seq-03/frame-000510,1,0.03864,1.3451,3341,2114,1378,2.31,376.70,261.23,65.49,705.73
seq-03/frame-000511,1,0.04281,1.6198,3428,2110,1326,3.10,297.45,307.80,45.43,653.79
seq-03/frame-000512,1,0.03768,1.5268,3558,2158,1324,1.34,264.51,370.36,29.12,665.34
seq-03/frame-000513,1,0.08143,2.6460,3470,1770,1040,1.22,239.80,332.85,30.78,604.65
seq-03/frame-000514,1,0.07987,2.5862,3470,1770,1040,2.00,188.45,297.00,46.08,533.53
seq-03/frame-000515,1,0.04806,2.0769,3334,1933,1216,1.11,151.32,284.19,48.11,484.72
seq-03/frame-000516,1,0.03994,1.6381,2981,1967,1283,2.79,160.58,263.58,42.77,469.71
seq-03/frame-000517,1,0.03907,1.7212,2356,1611,1113,0.96,184.12,232.57,60.72,478.38
seq-03/frame-000518,1,0.04831,2.0874,3072,1923,1261,1.04,227.79,263.77,37.82,530.43
seq-03/frame-000519,1,0.04825,2.1260,2870,1816,1205,1.02,193.54,192.55,24.36,411.47
seq-03/frame-000520,1,0.04964,2.2117,2870,1816,1205,1.01,179.98,191.09,18.17,390.26
seq-03/frame-000521,1,0.04676,2.1383,2268,1500,1043,1.77,186.86,141.27,16.48,346.38
seq-03/frame-000522,1,0.04260,1.8980,2311,1564,1109,0.98,178.79,169.62,21.30,370.69
seq-03/frame-000523,1,0.04669,2.2240,2089,1472,1017,0.97,105.76,128.41,17.09,252.22
seq-03/frame-000524,1,0.04393,2.4077,2089,1472,1017,0.98,169.89,157.21,19.62,347.70
seq-03/frame-000525,1,0.03015,1.5620,1623,1029,733,0.92,116.72,92.12,47.52,257.28
seq-03/frame-000526,1,0.03372,1.8285,1719,1059,756,0.90,102.56,155.68,18.50,277.65
seq-03/frame-000527,1,0.02851,1.7450,2060,1366,946,0.93,111.56,209.09,66.26,387.84
seq-03/frame-000528,1,0.02684,1.6209,2060,1366,946,0.93,179.99,206.17,41.82,428.90
seq-03/frame-000529,1,0.03261,1.8507,1696,1068,768,1.09,163.38,196.01,26.98,387.46
seq-03/frame-000530,1,0.03757,1.9971,1579,918,661,0.91,183.25,183.66,15.89,383.71
seq-03/frame-000531,1,0.03827,1.9951,1579,918,661,0.91,132.99,184.25,19.39,337.55
seq-03/frame-000532,1,0.03833,1.8388,2054,1398,992,1.17,226.82,158.62,26.72,413.32
seq-03/frame-000533,1,0.03205,1.6365,2014,1300,932,0.94,109.95,194.34,30.80,336.04
seq-03/frame-000534,1,0.03173,1.6118,2014,1300,932,0.90,174.62,148.57,34.94,359.04
seq-03/frame-000535,1,0.03154,1.4865,2355,1516,1081,0.92,192.62,173.20,55.38,422.12
seq-03/frame-000536,1,0.03258,1.4597,2317,1555,1077,0.89,222.93,205.14,29.45,458.41
seq-03/frame-000537,1,0.03410,1.5259,2317,1555,1077,2.38,157.83,210.28,11.90,382.40
seq-03/frame-000538,1,0.03804,1.6636,1973,1347,961,1.36,127.94,186.04,15.44,330.79
seq-03/frame-000539,1,0.03540,1.2321,1697,1077,768,0.94,116.42,148.45,18.63,284.44
seq-03/frame-000540,1,0.03558,1.2787,1697,1077,768,2.29,113.67,184.97,19.39,320.32
seq-03/frame-000541,1,0.02967,1.1323,2135,1338,946,0.89,177.77,198.14,27.58,404.38
seq-03/frame-000542,1,0.03055,1.1567,2135,1338,946,1.79,187.93,140.89,25.13,355.73
seq-03/frame-000543,1,0.03115,1.1262,2329,1511,1015,0.89,166.87,163.49,18.98,350.23
seq-03/frame-000544,1,0.04330,1.5482,1821,1153,813,0.88,153.99,132.94,34.76,322.57
seq-03/frame-000545,1,0.04475,1.5841,1821,1153,813,4.84,106.52,145.01,19.04,275.42
seq-03/frame-000546,1,0.03080,1.0348,1915,1164,807,0.95,125.47,154.69,17.48,298.59
seq-03/frame-000547,1,0.02996,1.0744,1915,1164,807,0.93,125.29,141.87,16.40,284.49
seq-03/frame-000548,1,0.02770,1.1643,2101,1473,1010,0.88,144.44,130.82,26.53,302.68
seq-03/frame-000549,1,0.03606,1.5844,1698,1107,801,0.88,149.02,181.16,12.29,343.36
seq-03/frame-000550,1,0.03632,1.6352,1698,1107,801,0.88,124.39,103.08,12.62,240.98
seq-03/frame-000551,1,0.04796,1.7989,1703,980,674,0.91,171.54,160.36,12.29,345.10
seq-03/frame-000552,1,0.03141,1.1381,2188,1404,938,0.89,129.14,126.23,15.77,272.03
seq-03/frame-000553,1,0.03145,1.1713,2188,1404,938,0.86,132.68,136.41,22.73,292.68
seq-03/frame-000554,1,0.02414,1.4307,1792,1057,719,0.92,119.33,151.20,10.37,281.83
seq-03/frame-000555,1,0.02274,1.1115,2038,1243,841,0.86,114.54,116.18,26.66,258.24
seq-03/frame-000556,1,0.02561,1.4207,2038,1243,841,0.86,90.92,141.26,18.86,251.91
seq-03/frame-000557,1,0.02763,1.5317,2219,1208,728,0.91,102.30,178.41,27.34,308.96
seq-03/frame-000558,1,0.02732,1.2954,2219,1208,728,3.39,95.46,182.62,25.36,306.83
seq-03/frame-000559,1,0.02584,1.7389,2030,1262,862,0.90,94.59,149.32,20.03,264.84
seq-03/frame-000560,1,0.03480,2.1713,1638,960,675,0.88,99.06,112.22,11.39,223.56
seq-03/frame-000561,1,0.03318,2.0022,1638,960,675,0.86,92.61,115.64,36.20,245.32
seq-03/frame-000562,1,0.01794,1.7520,2056,1174,755,0.85,102.01,130.65,32.23,265.74
seq-03/frame-000563,1,0.01821,1.7293,2056,1174,755,0.85,127.22,126.02,36.84,290.94
seq-03/frame-000564,1,0.03759,3.6792,2889,1384,745,0.91,155.94,185.51,71.42,413.79
seq-03/frame-000565,1,0.02640,2.9749,2609,1383,791,0.90,145.29,199.94,35.49,381.62
seq-03/frame-000566,1,0.02605,2.8595,2609,1383,791,2.48,135.57,179.69,26.48,344.21
seq-03/frame-000567,1,0.02756,3.0366,2318,1284,790,0.88,113.78,158.04,27.48,300.18
seq-03/frame-000568,1,0.02811,3.0275,2318,1284,790,0.88,162.12,130.81,29.90,323.71
seq-03/frame-000569,1,0.04230,3.4955,2701,1260,670,0.99,145.80,193.52,44.42,384.75
seq-03/frame-000570,1,0.04130,3.5978,2701,1260,670,0.94,108.91,217.56,45.66,373.08
seq-03/frame-000571,1,0.14540,7.6571,2639,1040,538,5.23,164.37,177.01,41.90,388.51
seq-03/frame-000572,1,0.03879,3.8836,2304,1133,636,0.98,141.41,166.41,51.73,360.54
seq-03/frame-000573,1,0.03822,3.7543,2304,1133,636,0.98,139.72,188.82,78.95,408.48
seq-03/frame-000574,1,0.02053,2.9536,1961,1114,748,0.90,110.44,262.08,20.71,394.14
seq-03/frame-000575,1,0.06404,4.8225,2362,1120,674,1.00,124.73,315.42,40.91,482.05
seq-03/frame-000576,1,0.06557,4.7407,2362,1120,674,0.94,142.44,331.32,28.82,503.52
seq-03/frame-000577,1,0.02398,1.8510,2345,1237,749,0.90,121.26,329.05,37.82,489.03
seq-03/frame-000578,1,0.03362,1.3863,2345,1237,749,3.77,137.93,305.00,35.74,482.44
seq-03/frame-000579,1,0.02905,0.5361,1666,1031,697,0.88,219.21,167.13,28.18,415.40
seq-03/frame-000580,1,0.03164,0.7391,1666,1031,697,0.88,135.22,150.43,40.08,326.61
seq-03/frame-000581,1,0.03533,0.7144,1606,1019,704,5.64,153.61,130.22,43.12,332.60
seq-03/frame-000582,1,0.04466,1.3972,2058,1221,828,1.55,262.40,157.78,26.97,448.70
seq-03/frame-000583,1,0.04437,1.3982,2058,1221,828,1.03,172.21,159.78,29.84,362.86
seq-03/frame-000584,1,0.03809,1.0693,1952,1277,853,1.84,141.92,155.08,27.87,326.71
seq-03/frame-000585,1,0.04552,1.2637,1724,1104,795,2.91,130.04,141.05,32.05,306.05
seq-03/frame-000586,1,0.04693,1.2683,1724,1104,795,0.86,149.58,165.44,37.23,353.12
seq-03/frame-000587,1,0.03815,1.3296,1980,1326,904,0.87,139.84,171.83,31.59,344.12
seq-03/frame-000588,1,0.04237,0.9439,1486,967,687,0.85,125.40,112.57,25.46,264.28
seq-03/frame-000589,1,0.04218,0.9211,1486,967,687,0.99,135.42,134.12,20.08,290.61
seq-03/frame-000590,1,0.04854,1.2971,1450,857,619,0.90,238.58,100.12,14.87,354.47
seq-03/frame-000591,1,0.04869,1.3156,1450,857,619,0.92,110.93,124.96,19.89,256.71
seq-03/frame-000592,1,0.04052,1.2419,1898,1160,794,1.65,157.30,129.20,26.62,314.78
seq-03/frame-000593,1,0.04826,1.6278,2716,1614,1079,0.94,168.89,185.94,18.58,374.35
seq-03/frame-000594,1,0.04875,1.6616,2716,1614,1079,1.94,163.52,205.17,183.64,554.28
seq-03/frame-000595,1,0.04644,1.5640,2497,1583,1079,1.52,155.91,514.17,17.37,688.97
seq-03/frame-000596,1,0.04681,1.5384,2497,1583,1079,1.59,153.65,499.85,19.46,674.56
seq-03/frame-000597,1,0.03599,1.0907,2133,1367,969,3.60,130.27,487.90,19.35,641.13
seq-03/frame-000598,1,0.05303,1.9234,2438,1504,1025,0.97,131.51,527.02,37.19,696.70
seq-03/frame-000599,1,0.05250,1.9384,2438,1504,1025,1.24,127.11,523.74,42.63,695.02
seq-03/frame-000600,1,0.04753,1.8495,2964,1774,1117,1.37,147.09,581.59,27.57,757.62
seq-03/frame-000601,1,0.04849,1.9060,2964,1774,1117,2.14,165.22,593.37,26.08,786.82
seq-03/frame-000602,1,0.05391,2.1361,2687,1621,1081,1.01,388.12,293.97,23.56,706.66
seq-03/frame-000603,1,0.03765,1.5226,2323,1520,1061,1.12,435.74,176.65,27.98,641.49
seq-03/frame-000604,1,0.03572,1.3780,1916,1287,936,1.88,238.88,178.87,40.06,459.69
seq-03/frame-000605,1,0.03569,1.3858,1916,1287,936,1.35,155.74,188.73,24.70,370.52
seq-03/frame-000606,1,0.03656,1.6203,1902,1315,984,0.90,140.36,270.35,25.99,437.61
seq-03/frame-000607,1,0.03184,1.4767,1859,1210,872,0.94,138.35,152.85,34.23,326.36
seq-03/frame-000608,1,0.03225,1.5102,1859,1210,872,1.34,132.03,205.89,185.21,524.48
seq-03/frame-000609,1,0.03568,1.7601,2471,1721,1209,0.97,150.02,275.45,20.47,446.90
seq-03/frame-000610,1,0.02964,1.6463,1709,1273,953,1.12,212.25,179.59,39.42,432.37
seq-03/frame-000611,1,0.02971,1.6463,1709,1273,953,0.87,235.01,132.97,18.40,387.26
seq-03/frame-000612,1,0.04429,2.2015,1930,1318,992,1.24,272.19,136.79,17.91,428.14
seq-03/frame-000613,1,0.04756,2.3478,2672,1760,1213,2.68,223.12,226.79,27.76,480.35
seq-03/frame-000614,1,0.04900,2.4791,2672,1760,1213,0.99,228.67,215.87,59.55,505.09
seq-03/frame-000615,1,0.04833,2.3628,2195,1570,1144,1.05,184.95,173.83,13.92,373.75
seq-03/frame-000616,1,0.03221,1.9634,1801,1231,908,1.01,164.51,129.89,13.82,309.22
seq-03/frame-000617,1,0.03116,1.8635,1801,1231,908,1.37,132.20,117.36,18.28,269.22
seq-03/frame-000618,1,0.02850,1.8769,1720,1208,883,1.04,149.51,88.09,18.84,257.48
seq-03/frame-000619,1,0.04150,1.7654,2066,1526,1143,1.16,106.65,149.54,29.74,287.10
seq-03/frame-000620,1,0.04278,1.7382,2066,1526,1143,0.92,96.09,107.28,42.25,246.53
seq-03/frame-000621,1,0.04844,1.9711,1865,1404,1054,0.89,109.13,147.01,28.63,285.66
seq-03/frame-000622,1,0.04424,1.9905,2148,1567,1148,0.91,99.78,179.12,16.55,296.37
seq-03/frame-000623,1,0.04761,2.0706,2515,1809,1345,1.38,118.20,184.83,56.98,361.40
seq-03/frame-000624,1,0.05052,2.0953,2669,1955,1440,1.16,148.93,215.96,34.80,400.86
seq-03/frame-000625,1,0.05176,2.1529,2669,1955,1440,0.93,153.55,218.72,41.41,414.62
seq-03/frame-000626,1,0.04900,1.9537,2348,1759,1303,0.98,140.58,269.15,30.22,440.94
seq-03/frame-000627,1,0.03590,1.2650,2555,1864,1357,1.79,203.98,183.50,24.88,414.16
seq-03/frame-000628,1,0.03544,1.2381,2623,1964,1428,11.36,232.87,205.99,24.52,474.74
seq-03/frame-000629,1,0.03565,1.4171,2403,1688,1258,2.99,213.26,203.74,25.36,445.35
seq-03/frame-000630,1,0.03486,1.1797,2403,1688,1258,0.98,171.07,202.00,24.95,399.00
seq-03/frame-000631,1,0.04114,1.6726,3200,2238,1498,2.12,253.40,255.25,47.08,557.85
seq-03/frame-000632,1,0.03845,1.4985,3043,2144,1490,1.00,226.99,250.23,23.60,501.83
seq-03/frame-000633,1,0.03421,1.2608,2391,1704,1289,2.79,145.60,219.41,27.16,394.96
seq-03/frame-000634,1,0.05552,2.5019,3404,2084,1327,2.73,213.68,241.93,43.49,501.84
seq-03/frame-000635,1,0.04243,1.8891,3336,2144,1415,2.05,206.72,253.92,45.74,508.44
seq-03/frame-000636,1,0.03999,1.6947,3336,2144,1415,1.53,197.63,252.90,36.61,488.68
seq-03/frame-000637,1,0.03067,1.2494,2999,2157,1562,1.07,191.69,238.80,22.68,454.24
seq-03/frame-000638,1,0.04162,1.7890,3128,2091,1429,1.65,172.95,248.80,36.30,459.71
seq-03/frame-000639,1,0.03008,1.0700,3087,2218,1552,4.83,206.47,240.82,34.09,486.22
seq-03/frame-000640,1,0.03515,1.1365,3036,2184,1516,2.47,180.25,238.74,36.26,457.72
seq-03/frame-000641,1,0.03308,0.8911,2929,2105,1508,1.18,200.86,259.62,38.90,500.57
seq-03/frame-000642,1,0.05040,1.8914,3441,2233,1470,1.34,208.27,297.66,20.16,527.44
seq-03/frame-000643,1,0.02490,1.3023,3220,2188,1449,2.27,180.33,278.20,33.75,494.55
seq-03/frame-000644,1,0.03709,0.9844,2676,1950,1412,1.38,145.42,224.16,20.46,391.42
seq-03/frame-000645,1,0.03492,0.7230,2810,2037,1467,1.87,182.41,255.66,35.27,475.22
seq-03/frame-000646,1,0.04041,1.0602,3520,2374,1583,1.66,177.09,259.69,44.03,482.47
seq-03/frame-000647,1,0.03811,1.0446,3520,2374,1583,1.09,197.31,336.24,28.09,562.73
seq-03/frame-000648,1,0.05775,2.5240,3087,2166,1443,3.82,223.37,268.70,50.48,546.38
seq-03/frame-000649,1,0.03876,0.8827,2793,2007,1368,2.70,201.18,340.75,83.31,627.94
seq-03/frame-000650,1,0.05380,1.6376,3475,2360,1605,1.10,276.17,377.96,30.61,685.85
seq-03/frame-000651,1,0.04808,1.4617,3610,2427,1673,1.07,224.01,395.54,25.60,646.23
seq-03/frame-000652,1,0.01974,1.3815,3175,2325,1554,1.04,197.98,345.67,41.12,585.83
seq-03/frame-000653,1,0.04665,1.0655,2931,2182,1565,1.05,198.62,344.45,43.57,587.69
seq-03/frame-000654,1,0.02404,1.0495,3341,2413,1568,1.08,182.43,357.77,44.72,586.00
seq-03/frame-000655,1,0.04701,1.0759,3228,2292,1588,1.78,272.90,248.47,44.30,567.45
seq-03/frame-000656,1,0.04254,0.7863,2839,2164,1577,1.01,235.61,178.03,26.70,441.36
seq-03/frame-000657,1,0.04853,1.3488,2661,1901,1372,3.93,231.39,193.78,29.95,459.05
seq-03/frame-000658,1,0.05624,1.1851,2680,1964,1452,1.03,192.57,204.83,28.21,426.65
seq-03/frame-000659,1,0.06063,1.5242,2652,1966,1431,15.81,120.77,211.31,15.57,363.48
seq-03/frame-000660,1,0.05236,1.2980,2748,2066,1526,3.19,149.31,201.25,56.93,410.68
seq-03/frame-000661,1,0.04575,0.4007,2694,2016,1471,1.01,163.50,193.99,42.63,401.20
seq-03/frame-000662,1,0.05070,0.3203,2530,1909,1368,1.23,159.21,197.10,32.61,390.15
seq-03/frame-000663,1,0.06106,1.1361,2546,1818,1334,0.99,156.85,208.63,26.36,392.83
seq-03/frame-000664,1,0.05330,0.2840,2358,1737,1285,1.01,170.40,196.70,24.68,392.79
seq-03/frame-000665,1,0.05460,0.3963,2378,1722,1230,0.99,146.17,172.48,18.11,337.75
seq-03/frame-000666,1,0.06220,1.7935,2521,1694,1227,2.16,122.13,213.36,19.02,356.66
seq-03/frame-000667,1,0.04468,1.4304,2860,2097,1491,1.02,167.03,181.42,19.28,368.76
seq-03/frame-000668,1,0.05388,0.3511,2505,1794,1249,1.40,163.54,165.81,24.45,355.20
seq-03/frame-000669,1,0.06338,0.3029,2318,1603,1128,0.98,156.37,150.85,21.61,329.81
seq-03/frame-000670,1,0.06459,2.3006,2851,1879,1314,1.01,150.21,170.42,22.69,344.33
seq-03/frame-000671,1,0.06267,1.2810,2727,1874,1372,2.91,144.91,145.58,20.07,313.47
seq-03/frame-000672,1,0.06414,0.9171,2686,1853,1308,1.00,121.75,159.83,20.17,302.76
seq-03/frame-000673,1,0.06041,2.7396,2853,2426,1627,1.03,131.19,170.57,30.04,332.83
seq-03/frame-000674,1,0.06696,0.4333,2680,1872,1313,1.03,134.47,171.13,24.39,331.02
seq-03/frame-000675,1,0.08474,1.6870,2647,1715,1187,1.02,128.43,142.32,35.46,307.22
seq-03/frame-000676,1,0.08790,1.2832,2808,1945,1348,1.06,130.83,179.72,32.99,344.60
seq-03/frame-000677,1,0.10363,1.5239,2901,1916,1317,1.42,134.29,201.31,34.22,371.23
seq-03/frame-000678,1,0.03828,2.4771,2854,2333,1605,1.05,129.15,197.26,29.02,356.48
seq-03/frame-000679,1,0.12533,1.5657,2582,1494,1028,3.80,114.39,180.17,52.67,351.04
seq-03/frame-000680,1,0.03183,2.1720,3090,2644,1817,1.09,150.62,392.23,41.79,585.73
seq-03/frame-000681,1,0.03348,2.1229,2834,2342,1575,1.05,143.83,363.79,50.00,558.68
seq-03/frame-000682,1,0.13408,1.3625,2513,1484,990,1.11,149.74,338.63,70.74,560.23
seq-03/frame-000683,1,0.03781,2.2805,2882,2306,1582,1.09,174.33,385.16,81.29,641.88
seq-03/frame-000684,1,0.08520,1.8342,2976,2017,1321,1.30,180.66,345.87,54.76,582.60
seq-03/frame-000685,1,0.04255,2.2649,3067,2384,1624,1.24,178.36,417.17,58.06,654.83
seq-03/frame-000686,1,0.10633,1.5349,2927,1942,1326,1.16,250.27,384.83,42.40,678.67
seq-03/frame-000687,1,0.09596,2.4804,2906,1734,1106,1.79,315.87,334.05,33.15,684.86
seq-03/frame-000688,1,0.06333,2.1011,2919,2136,1477,1.79,331.92,304.34,31.97,670.02
seq-03/frame-000689,1,0.06845,2.2618,2799,2044,1414,1.02,339.53,295.33,28.87,664.75
seq-03/frame-000690,1,0.03650,1.9587,2824,2296,1612,1.80,219.72,216.58,35.74,473.84
seq-03/frame-000691,1,0.03270,1.5916,2573,2071,1469,1.07,267.62,191.29,35.88,495.86
seq-03/frame-000692,1,0.07781,2.0593,2865,1973,1379,4.17,248.45,205.17,145.27,603.06
seq-03/frame-000693,1,0.09988,1.8692,2797,1602,1071,1.62,206.32,482.81,33.06,723.81
seq-03/frame-000694,1,0.03093,1.6827,2634,2097,1499,3.08,171.25,490.02,35.70,700.06
seq-03/frame-000695,1,0.08007,1.6839,3034,2151,1527,1.06,198.54,547.85,42.05,789.51
seq-03/frame-000696,1,0.05532,1.8258,3101,2267,1576,1.81,171.28,531.77,37.44,742.29
seq-03/frame-000697,1,0.07887,1.9611,2518,1596,1094,1.61,145.26,464.25,54.79,665.92
seq-03/frame-000698,1,0.02349,1.2508,2730,2116,1519,1.08,148.33,476.24,60.54,686.20
seq-03/frame-000699,1,0.07979,1.6406,2942,1914,1346,1.53,160.52,486.37,21.15,669.57
seq-03/frame-000700,1,0.01792,1.1332,2439,1890,1370,1.04,310.53,207.83,32.53,551.94
seq-03/frame-000701,1,0.02575,1.4250,2777,2027,1410,1.06,326.95,216.63,84.25,628.90
seq-03/frame-000702,1,0.01722,1.2861,3215,2458,1743,2.48,237.35,325.42,56.23,621.47
seq-03/frame-000703,1,0.02025,1.3062,2785,2041,1517,1.96,165.56,396.18,40.20,603.90
seq-03/frame-000704,1,0.08814,1.7326,2838,1695,1169,1.54,176.65,380.46,33.68,592.34
seq-03/frame-000705,1,0.01760,1.1768,2985,2234,1627,1.10,223.24,410.74,34.62,669.70
seq-03/frame-000706,1,0.06765,1.5668,2978,1806,1226,1.61,249.29,349.32,28.59,628.81
seq-03/frame-000707,1,0.02451,1.1043,2738,1989,1442,1.55,366.11,249.47,29.16,646.30
seq-03/frame-000708,1,0.01889,1.1898,2973,2113,1516,1.19,323.51,276.09,36.23,637.02
seq-03/frame-000709,1,0.02073,1.3473,3013,1983,1429,1.12,362.85,289.30,39.39,692.67
seq-03/frame-000710,1,0.04569,1.8647,2561,1494,993,1.05,330.66,241.50,19.21,592.43
seq-03/frame-000711,1,0.02525,1.0080,3113,2101,1529,2.24,301.25,300.98,44.51,648.99
seq-03/frame-000712,1,0.02645,0.9577,2663,1836,1320,1.41,210.12,239.27,48.63,499.44
seq-03/frame-000713,1,0.02424,0.9315,2715,1850,1333,1.07,174.77,229.99,32.49,438.32
seq-03/frame-000714,1,0.02303,0.9651,3115,2114,1533,3.61,188.91,245.29,20.29,458.11
seq-03/frame-000715,1,0.02958,1.0143,2625,1738,1272,1.54,173.70,160.58,27.48,363.35
seq-03/frame-000716,1,0.02749,0.8427,2707,1821,1320,1.57,177.22,173.11,42.65,394.55
seq-03/frame-000717,1,0.02630,1.1025,3080,1964,1408,1.21,178.90,210.49,79.71,470.32
seq-03/frame-000718,1,0.03046,1.0630,2687,1738,1261,1.07,194.99,223.07,61.26,480.39
seq-03/frame-000719,1,0.03231,1.0004,2646,1763,1278,5.60,155.17,167.52,49.20,377.49
seq-03/frame-000720,1,0.03226,0.9887,2986,1918,1372,1.55,163.89,278.05,33.50,477.00
seq-03/frame-000721,1,0.02224,0.7312,2735,1734,1264,1.81,154.61,258.20,46.12,460.75
seq-03/frame-000722,1,0.03608,0.9014,2458,1582,1144,1.19,121.16,281.70,25.13,429.17
seq-03/frame-000723,1,0.03434,0.8718,2699,1758,1300,1.30,157.57,296.12,22.08,477.07
seq-03/frame-000724,1,0.03280,0.8989,2856,1848,1315,1.33,228.51,263.35,45.85,539.04
seq-03/frame-000725,1,0.02818,0.8473,2877,1888,1373,1.07,219.27,260.25,34.19,514.79
seq-03/frame-000726,1,0.03093,0.8563,2863,1785,1264,4.18,236.95,278.70,33.22,553.05
seq-03/frame-000727,1,0.03087,0.9219,3053,1886,1331,17.03,206.88,299.76,44.78,568.46
seq-03/frame-000728,1,0.02770,0.7861,2758,1724,1274,2.40,193.21,246.98,39.63,482.22
seq-03/frame-000729,1,0.03730,1.0113,2615,1629,1230,1.03,183.47,265.51,30.51,480.54
seq-03/frame-000730,1,0.03974,1.1459,3049,1883,1367,2.57,230.81,246.63,25.26,505.28
seq-03/frame-000731,1,0.03947,1.3783,2606,1693,1281,1.90,186.55,239.39,38.58,466.43
seq-03/frame-000732,1,0.04145,1.1645,2855,1752,1265,3.14,225.72,234.75,25.81,489.43
seq-03/frame-000733,1,0.04207,1.2143,2758,1863,1402,1.94,196.23,230.30,31.13,459.60
seq-03/frame-000734,1,0.04073,1.1693,3152,1924,1432,3.64,193.15,230.40,23.97,451.16
seq-03/frame-000735,1,0.03684,1.0990,3071,1875,1409,2.23,186.89,226.40,30.97,446.49
seq-03/frame-000736,1,0.03920,1.0530,3288,1848,1351,1.18,187.02,276.99,30.62,495.81
seq-03/frame-000737,1,0.03841,1.2509,3182,1989,1496,2.37,191.36,222.88,57.57,474.19
seq-03/frame-000738,1,0.02612,0.8364,3235,1874,1334,1.49,195.60,256.86,35.24,489.20
seq-03/frame-000739,1,0.04140,1.2254,3075,1958,1456,1.30,193.64,231.73,34.36,461.03
seq-03/frame-000740,1,0.03745,1.1949,3294,1923,1431,1.05,184.47,286.86,35.57,507.95
seq-03/frame-000741,1,0.04027,1.1985,3263,1806,1268,1.53,186.49,340.14,23.12,551.28
seq-03/frame-000742,1,0.03908,1.1673,2963,1806,1344,2.51,154.17,249.17,26.46,432.32
seq-03/frame-000743,1,0.04010,1.3653,2912,1870,1421,0.94,165.81,199.44,35.64,401.84
seq-03/frame-000744,1,0.04567,1.3028,3131,1749,1232,1.09,200.66,225.82,23.76,451.34
seq-03/frame-000745,1,0.04078,1.4156,2934,1930,1429,1.15,213.29,231.66,23.20,469.30
seq-03/frame-000746,1,0.03618,1.1682,3336,1863,1355,3.45,171.14,257.76,30.08,462.43
seq-03/frame-000747,1,0.03910,1.2733,2517,1544,1113,1.05,154.12,172.21,29.83,357.21
seq-03/frame-000748,1,0.04288,1.5294,2800,1819,1345,0.94,151.38,192.34,16.09,360.76
seq-03/frame-000749,1,0.03700,1.4389,3366,1762,1262,1.53,173.69,260.19,66.24,501.65
seq-03/frame-000750,1,0.03554,1.5534,2802,1794,1325,3.19,166.57,263.07,16.82,449.66
seq-03/frame-000751,1,0.03700,1.2836,2953,1620,1137,1.41,178.89,193.42,38.30,412.02
seq-03/frame-000752,1,0.03840,1.4662,2842,1716,1220,1.05,145.56,265.47,20.64,432.71
seq-03/frame-000753,1,0.04272,1.5825,3130,1890,1392,1.08,170.78,307.95,34.31,514.13
seq-03/frame-000754,1,0.04777,1.5302,2685,1621,1193,1.01,153.67,242.10,40.50,437.28
seq-03/frame-000755,1,0.04524,1.6403,2925,1813,1322,2.50,196.26,260.06,45.89,504.78
seq-03/frame-000756,1,0.04010,1.4657,3343,1765,1239,1.98,208.93,294.89,44.44,550.25
seq-03/frame-000757,1,0.04054,1.4373,2954,1821,1316,3.10,221.35,256.11,31.06,511.63
seq-03/frame-000758,1,0.03886,1.8350,3487,1810,1224,1.37,208.68,365.99,23.40,599.44
seq-03/frame-000759,1,0.03786,1.3234,3717,2073,1456,1.13,226.45,339.58,42.67,609.83
seq-03/frame-000760,1,0.04454,1.4403,3420,1944,1360,2.41,213.81,316.01,29.66,561.90
seq-03/frame-000761,1,0.03893,1.3522,3192,1761,1209,1.73,217.39,286.83,22.88,528.84
seq-03/frame-000762,1,0.04232,1.4443,2937,1755,1271,1.45,218.58,277.53,31.48,529.04
seq-03/frame-000763,1,0.04134,1.5577,3242,1753,1230,4.64,209.16,304.63,31.91,550.35
seq-03/frame-000764,1,0.04194,1.4259,2890,1833,1300,2.81,208.23,276.64,22.00,509.69
seq-03/frame-000765,1,0.04065,1.5389,2763,1731,1269,1.33,198.06,227.96,19.40,446.75
seq-03/frame-000766,1,0.04174,1.4343,3659,1980,1373,1.08,240.18,250.80,19.07,511.13
seq-03/frame-000767,1,0.04091,1.4775,3419,1893,1309,1.50,232.02,231.07,22.77,487.36
seq-03/frame-000768,1,0.04328,1.4690,3116,1738,1214,1.83,190.19,191.97,52.43,436.42
seq-03/frame-000769,1,0.04698,1.5997,3052,1641,1155,3.37,187.73,282.38,22.51,495.99
seq-03/frame-000770,1,0.04714,1.6078,2913,1582,1083,1.54,140.45,176.11,36.29,354.40
seq-03/frame-000771,1,0.04427,1.6163,3249,1875,1375,3.30,194.57,227.09,21.98,446.94
seq-03/frame-000772,1,0.04508,1.5699,3457,1711,1177,1.15,185.19,260.12,18.80,465.26
seq-03/frame-000773,1,0.04604,1.6356,3151,1700,1203,1.07,160.69,223.11,25.53,410.39
seq-03/frame-000774,1,0.04286,1.5982,2752,1665,1214,0.93,136.68,200.08,18.52,356.22
seq-03/frame-000775,1,0.04406,1.6086,3246,1852,1286,1.02,173.89,208.91,22.84,406.66
seq-03/frame-000776,1,0.04559,1.6973,3110,1866,1359,1.04,159.75,190.04,11.93,362.77
seq-03/frame-000777,1,0.04753,1.6075,3429,1711,1148,1.10,191.04,197.42,15.27,405.19
seq-03/frame-000778,1,0.04529,1.5801,3100,1810,1299,5.28,139.09,170.26,22.97,337.60
seq-03/frame-000779,1,0.04883,1.6321,3137,1857,1340,2.68,139.49,182.81,24.31,349.29
seq-03/frame-000780,1,0.04950,1.6533,3364,1652,1132,1.10,142.40,224.52,14.04,382.07
seq-03/frame-000781,1,0.04867,1.6507,3351,1858,1291,1.25,148.14,187.46,30.00,366.86
seq-03/frame-000782,1,0.04647,1.5630,3004,1755,1261,1.18,133.77,165.95,14.30,315.21
seq-03/frame-000783,1,0.05132,1.7024,3373,1687,1136,1.51,159.04,205.00,25.03,390.58
seq-03/frame-000784,1,0.05244,1.8533,3509,1933,1366,1.05,145.65,210.24,29.00,385.95
seq-03/frame-000785,1,0.04936,1.6843,3598,1953,1393,1.40,147.30,240.66,12.00,401.36
seq-03/frame-000786,1,0.04721,1.6692,3214,1837,1311,1.04,127.08,200.38,15.28,343.78
seq-03/frame-000787,1,0.05133,1.7632,3336,1903,1331,1.37,150.14,172.41,30.69,354.62
seq-03/frame-000788,1,0.05675,1.8995,3329,1783,1231,1.03,134.85,183.94,24.06,343.89
seq-03/frame-000789,1,0.05079,1.5969,3344,1559,1063,1.09,151.65,195.43,26.85,375.03
seq-03/frame-000790,1,0.05184,1.5703,3429,1842,1284,1.05,147.11,207.68,17.57,373.42
seq-03/frame-000791,1,0.05185,1.7047,3457,1836,1253,1.07,138.55,213.20,15.44,368.27
seq-03/frame-000792,1,0.05655,1.7359,3365,1662,1109,1.08,123.57,193.42,23.62,341.70
seq-03/frame-000793,1,0.05281,1.7492,3494,1892,1306,1.05,109.64,218.96,21.57,351.22
seq-03/frame-000794,1,0.04950,1.6637,3306,1708,1189,1.06,119.23,209.63,39.84,369.76
seq-03/frame-000795,1,0.05742,1.8210,3449,1751,1180,1.09,156.03,186.83,34.17,378.13
seq-03/frame-000796,1,0.05176,1.7118,3434,1712,1182,1.01,146.44,164.30,15.86,327.60
seq-03/frame-000797,1,0.05269,1.7340,3467,1758,1203,1.43,141.79,220.13,36.22,399.58
seq-03/frame-000798,1,0.05373,1.7341,3493,1673,1135,2.06,152.43,230.48,37.78,422.75
seq-03/frame-000799,1,0.05430,1.6584,2950,1607,1132,1.00,127.53,178.98,39.62,347.13
seq-03/frame-000800,1,0.05514,1.7834,3358,1717,1189,1.06,124.94,342.20,43.58,511.78
seq-03/frame-000801,1,0.05323,1.7715,3280,1824,1305,1.34,122.32,273.74,54.86,452.27
seq-03/frame-000802,1,0.05195,1.6457,3399,1846,1290,1.02,128.29,295.10,42.46,466.87
seq-03/frame-000803,1,0.05233,1.6333,3077,1666,1163,0.96,125.56,270.43,31.70,428.64
seq-03/frame-000804,1,0.05169,1.6858,3331,1596,1056,1.08,165.66,314.71,77.64,559.09
seq-03/frame-000805,1,0.05571,1.7817,3432,1886,1321,1.03,184.51,335.37,29.83,550.73
seq-03/frame-000806,1,0.05242,1.7687,3377,1942,1353,1.09,213.33,376.62,26.49,617.52
seq-03/frame-000807,1,0.04749,1.5272,3311,1849,1303,1.89,189.65,360.59,26.44,578.58
seq-03/frame-000808,1,0.05135,1.5452,3299,1831,1296,1.28,180.20,400.83,24.05,606.37
seq-03/frame-000809,1,0.05253,1.5824,3449,1780,1224,5.47,207.48,328.85,22.77,564.57
seq-03/frame-000810,1,0.06014,1.9017,3361,1711,1142,1.06,207.34,270.76,38.86,518.02
seq-03/frame-000811,1,0.05250,1.7010,3460,1866,1337,4.18,202.45,276.76,35.12,518.52
seq-03/frame-000812,1,0.05362,1.4483,3182,1856,1316,1.00,235.72,280.34,33.46,550.53
seq-03/frame-000813,1,0.04993,1.7242,3387,1878,1321,1.90,214.64,218.34,22.02,456.90
seq-03/frame-000814,1,0.05367,1.6565,3408,1730,1186,1.90,274.02,203.35,19.82,499.09
seq-03/frame-000815,1,0.05539,1.6383,3542,1745,1180,1.32,184.85,228.68,22.38,437.22
seq-03/frame-000816,1,0.05607,1.6129,3596,1669,1127,1.12,151.78,221.62,21.04,395.56
seq-03/frame-000817,1,0.05540,1.6698,3649,1675,1137,1.03,166.08,208.75,21.59,397.45
seq-03/frame-000818,1,0.05678,1.7329,3637,1634,1089,1.06,165.45,217.93,25.55,409.98
seq-03/frame-000819,1,0.05688,1.5963,3632,1822,1249,2.05,163.91,186.75,14.13,366.84
seq-03/frame-000820,1,0.05144,1.5237,3618,1839,1313,1.40,159.33,208.52,29.33,398.58
seq-03/frame-000821,1,0.05805,1.5812,3640,1883,1292,1.03,166.38,234.29,32.88,434.58
seq-03/frame-000822,1,0.05851,1.6548,3569,1651,1131,1.04,154.57,220.39,35.24,411.25
seq-03/frame-000823,1,0.06034,1.7573,3664,1702,1156,1.09,137.13,233.92,23.85,395.99
seq-03/frame-000824,1,0.04972,1.4647,3560,1618,1078,1.06,110.97,226.43,38.24,376.71
seq-03/frame-000825,1,0.06126,1.6303,3513,1687,1112,1.01,134.85,233.35,20.75,389.96
seq-03/frame-000826,1,0.05424,1.6914,3597,1732,1177,0.99,138.25,212.59,19.63,371.47
seq-03/frame-000827,1,0.05235,1.6611,3531,1688,1133,1.03,160.60,211.24,21.01,393.89
seq-03/frame-000828,1,0.05631,1.6016,3343,1705,1154,1.43,154.68,187.94,34.96,379.01
seq-03/frame-000829,1,0.03937,3.0843,3581,1814,1258,7.53,169.73,228.05,22.54,427.85
seq-03/frame-000830,1,0.05142,3.5181,3679,1637,1051,1.62,177.62,216.09,16.62,411.96
seq-03/frame-000831,1,0.04323,3.5145,3702,1803,1221,1.20,146.23,219.17,20.71,387.32
seq-03/frame-000832,1,0.04130,3.3180,3503,1679,1120,1.20,150.11,209.16,19.14,379.61
seq-03/frame-000833,1,0.04861,3.3518,3583,1734,1130,1.01,145.97,206.61,29.39,382.99
seq-03/frame-000834,1,0.04279,3.2909,3609,1681,1152,1.38,141.30,208.89,20.79,372.36
seq-03/frame-000835,1,0.04011,3.3546,3651,1772,1230,1.03,143.79,230.36,15.24,390.41
seq-03/frame-000836,1,0.04884,3.3563,3469,1706,1201,0.96,142.90,208.09,20.94,372.90
seq-03/frame-000837,1,0.03870,3.2161,3064,1631,1165,2.51,111.19,194.93,27.08,335.72
seq-03/frame-000838,1,0.03791,3.1954,2795,1332,870,1.02,99.38,166.03,29.43,295.86
seq-03/frame-000839,1,0.05173,3.5563,3538,1630,1114,0.99,146.85,212.01,13.66,373.51
seq-03/frame-000840,1,0.04388,3.4451,3608,1774,1208,1.01,129.46,221.98,32.69,385.14
seq-03/frame-000841,1,0.05181,3.5851,3605,1566,999,0.99,132.04,211.30,14.02,358.35
seq-03/frame-000842,1,0.04823,3.4841,3152,1585,1093,0.94,139.66,238.13,15.45,394.19
seq-03/frame-000843,1,0.06043,3.5703,3627,1453,889,0.92,128.44,255.21,26.14,410.72
seq-03/frame-000844,1,0.05361,3.3652,3663,1587,1044,1.41,166.28,261.51,19.06,448.27
seq-03/frame-000845,1,0.04311,3.4422,3564,1549,1021,1.02,133.94,236.97,19.65,391.59
seq-03/frame-000846,1,0.05164,3.5244,3641,1682,1131,1.02,133.00,249.39,26.05,409.46
seq-03/frame-000847,1,0.04647,3.0938,3633,1587,1051,0.97,154.39,231.27,13.68,400.31
seq-03/frame-000848,1,0.05073,3.1484,3595,1616,1050,0.98,134.03,225.40,23.32,383.74
seq-03/frame-000849,1,0.05151,3.4767,3617,1466,932,1.03,153.05,198.52,27.53,380.14
seq-03/frame-000850,1,0.04672,3.2772,3659,1675,1138,2.40,161.55,303.28,34.06,501.30
seq-03/frame-000851,1,0.04219,3.0206,3588,1643,1119,1.20,165.77,266.14,26.91,460.01
seq-03/frame-000852,1,0.04580,3.0286,3345,1593,1061,0.93,153.59,262.31,23.75,440.59
seq-03/frame-000853,1,0.04822,2.9298,3584,1607,1045,2.53,142.96,295.33,24.28,465.10
seq-03/frame-000854,1,0.06245,3.2634,3369,1261,749,1.01,118.77,308.01,37.82,465.61
seq-03/frame-000855,1,0.04617,2.9352,3446,1571,1048,1.03,131.48,260.62,19.63,412.75
seq-03/frame-000856,1,0.05257,2.8653,3492,1601,1058,0.96,136.92,278.41,19.71,436.00
seq-03/frame-000857,1,0.04995,3.3619,3548,1569,1024,1.64,128.74,297.71,22.77,450.87
seq-03/frame-000858,1,0.05183,3.3880,3342,1559,1076,0.99,131.18,252.50,20.84,405.52
seq-03/frame-000859,1,0.04691,3.1148,3379,1668,1126,0.99,206.37,173.11,24.19,404.67
seq-03/frame-000860,1,0.03745,2.7996,3288,1769,1260,1.77,150.03,193.76,16.73,362.29
seq-03/frame-000861,1,0.04877,3.1470,3476,1647,1152,1.83,130.03,160.79,21.56,314.22
seq-03/frame-000862,1,0.04641,3.3117,3293,1569,1075,4.83,151.14,188.62,11.86,356.45
seq-03/frame-000863,1,0.04933,3.2311,3413,1661,1132,0.97,127.62,188.29,16.22,333.11
seq-03/frame-000864,1,0.03739,2.9701,3573,1898,1327,1.00,147.37,198.65,27.26,374.28
seq-03/frame-000865,1,0.04413,3.0578,3533,1742,1211,1.02,143.11,204.45,43.77,392.36
seq-03/frame-000866,1,0.03924,3.0081,3203,1738,1225,0.90,130.90,170.38,24.18,326.36
seq-03/frame-000867,1,0.03081,2.9502,3533,1736,1242,1.01,133.41,205.68,47.50,387.60
seq-03/frame-000868,1,0.03125,2.8031,3553,1864,1308,0.99,116.63,222.16,31.33,371.11
seq-03/frame-000869,1,0.05293,3.3651,3605,1920,1325,0.98,114.71,247.01,24.38,387.07
seq-03/frame-000870,1,0.03342,2.8960,3536,1792,1244,0.99,118.21,215.69,24.07,358.95
seq-03/frame-000871,1,0.03402,2.9982,3612,1817,1270,1.03,120.57,263.98,33.71,419.31
seq-03/frame-000872,1,0.04177,3.0601,3653,1850,1290,1.00,121.95,259.32,45.04,427.31
seq-03/frame-000873,1,0.03396,2.9681,3554,1727,1168,1.03,123.76,278.61,20.97,424.38
seq-03/frame-000874,1,0.04280,3.1818,3495,1781,1245,0.99,297.56,276.76,31.61,606.93
seq-03/frame-000875,1,0.03599,3.0125,3510,1738,1213,1.03,180.06,267.34,21.50,469.93
seq-03/frame-000876,1,0.02696,2.7885,3536,1852,1311,1.02,176.67,288.15,27.19,493.06
seq-03/frame-000877,1,0.03019,2.8254,3545,1928,1388,1.07,155.34,272.39,21.77,450.57
seq-03/frame-000878,1,0.03951,3.1823,3451,1766,1217,1.04,147.96,272.52,34.44,455.97
seq-03/frame-000879,1,0.04653,3.3330,3458,1799,1247,1.10,173.54,269.19,30.84,474.67
seq-03/frame-000880,1,0.04821,3.3372,3519,1914,1318,1.27,163.39,280.40,22.23,467.29
seq-03/frame-000881,1,0.03478,3.0543,3422,1788,1283,2.89,146.24,257.84,20.60,427.56
seq-03/frame-000882,1,0.03957,3.0474,3445,1708,1197,1.45,138.06,276.51,18.93,434.96
seq-03/frame-000883,1,0.03316,2.9176,3426,1714,1183,9.14,150.11,238.14,20.08,417.47
seq-03/frame-000884,1,0.04968,3.3084,3529,1844,1266,1.14,177.51,225.26,17.10,421.02
seq-03/frame-000885,1,0.03949,3.0501,3481,1773,1234,1.32,165.21,213.74,19.91,400.18
seq-03/frame-000886,1,0.05092,3.3290,3336,1635,1091,1.48,175.89,224.13,19.47,420.96
seq-03/frame-000887,1,0.03559,2.8876,3372,1805,1266,2.05,176.68,208.39,22.18,409.29
seq-03/frame-000888,1,0.03507,2.8883,3360,1739,1233,1.27,148.50,211.44,14.00,375.23
seq-03/frame-000889,1,0.03537,2.9658,3434,1775,1231,2.83,148.97,187.15,18.59,357.54
seq-03/frame-000890,1,0.04810,3.1848,3346,1750,1196,2.00,155.79,184.95,23.18,365.92
seq-03/frame-000891,1,0.04752,3.0425,3323,1796,1222,1.00,134.55,186.39,20.33,342.27
seq-03/frame-000892,1,0.04637,3.0107,3395,1883,1347,1.01,134.73,230.58,19.56,385.88
seq-03/frame-000893,1,0.03871,2.8290,3348,1808,1299,1.40,127.87,234.65,11.82,375.74
seq-03/frame-000894,1,0.04696,3.0150,3407,1749,1226,1.00,119.83,171.04,10.23,302.11
seq-03/frame-000895,1,0.05011,2.9281,3426,1927,1357,0.97,139.44,208.18,18.17,366.77
seq-03/frame-000896,1,0.03647,2.7997,3427,1835,1287,1.01,175.78,208.54,22.38,407.71
seq-03/frame-000897,1,0.04831,2.9113,3451,1885,1310,1.43,187.03,226.79,19.62,434.87
seq-03/frame-000898,1,0.03250,2.4858,3408,1674,1156,0.99,149.00,172.83,22.69,345.51
seq-03/frame-000899,1,0.02426,0.7852,3242,1839,1312,4.17,168.12,226.12,24.29,422.71
seq-03/frame-000900,1,0.02625,0.7372,3205,1762,1199,0.93,145.85,189.83,23.63,360.24
seq-03/frame-000901,1,0.02026,0.6004,3418,1763,1179,1.01,106.84,204.23,20.74,332.82
seq-03/frame-000902,1,0.02220,0.8027,3194,1809,1286,0.95,108.20,195.23,37.93,342.31
seq-03/frame-000903,1,0.02628,0.8274,3214,1694,1155,0.91,101.40,203.04,38.97,344.31
seq-03/frame-000904,1,0.02395,0.7295,3431,1791,1211,0.99,117.01,230.42,21.02,369.45
seq-03/frame-000905,1,0.02045,0.6785,3304,1740,1184,0.95,123.65,236.73,22.91,384.24
seq-03/frame-000906,1,0.02051,0.8993,3348,1745,1206,0.97,152.04,209.14,17.30,379.45
seq-03/frame-000907,1,0.01701,0.8106,3416,1823,1304,2.35,153.27,236.80,21.14,413.55
seq-03/frame-000908,1,0.02541,0.7740,3141,1738,1190,0.99,138.84,186.48,23.36,349.68
seq-03/frame-000909,1,0.02583,0.7411,3386,1812,1246,0.96,164.32,226.46,23.17,414.91
seq-03/frame-000910,1,0.02151,1.2050,3424,1842,1281,1.39,157.80,223.17,26.30,408.66
seq-03/frame-000911,1,0.01386,0.8252,3474,1749,1224,2.13,157.06,213.20,38.19,410.58
seq-03/frame-000912,1,0.01658,0.7399,3343,1768,1211,1.03,140.44,242.16,40.90,424.53
seq-03/frame-000913,1,0.01391,0.7668,3395,1788,1232,1.00,152.44,243.22,32.89,429.55
seq-03/frame-000914,1,0.01686,1.0783,3215,1768,1275,2.79,125.32,217.65,33.61,379.37
seq-03/frame-000915,1,0.01906,0.7845,3385,1803,1217,0.98,153.33,255.07,25.25,434.63
seq-03/frame-000916,1,0.01542,0.8129,3461,1769,1226,3.30,162.50,270.16,29.57,465.54
seq-03/frame-000917,1,0.02206,1.0834,3312,1740,1223,1.19,160.76,239.47,26.08,427.51
seq-03/frame-000918,1,0.02356,0.8374,3298,1617,1103,2.40,166.87,233.59,20.58,423.45
seq-03/frame-000919,1,0.01465,0.7709,3535,1820,1263,2.51,187.61,254.06,18.75,462.93
seq-03/frame-000920,1,0.01384,0.7753,3385,1682,1139,5.41,188.69,250.27,20.47,464.84
seq-03/frame-000921,1,0.02614,0.8728,3330,1666,1143,1.01,184.31,230.62,21.09,437.03
seq-03/frame-000922,1,0.01948,1.0641,3391,1809,1255,1.63,176.97,232.61,20.56,431.77
seq-03/frame-000923,1,0.01344,0.8332,3321,1648,1104,2.01,158.57,232.26,20.73,413.56
seq-03/frame-000924,1,0.02061,1.0816,3342,1748,1219,8.80,164.29,238.27,19.32,430.69
seq-03/frame-000925,1,0.03208,1.2554,3083,1741,1229,1.24,144.82,221.77,18.97,386.80
seq-03/frame-000926,1,0.01319,0.8019,2886,1658,1165,1.88,150.91,239.68,14.94,407.41
seq-03/frame-000927,1,0.00799,0.6795,3227,1768,1225,1.04,160.77,240.28,27.91,430.01
seq-03/frame-000928,1,0.01702,0.9821,3220,1794,1264,1.78,156.23,233.93,32.89,424.84
seq-03/frame-000929,1,0.01493,0.9066,3143,1770,1205,0.98,152.10,285.07,23.62,461.77
seq-03/frame-000930,1,0.01201,0.8582,3155,1798,1253,6.01,185.38,216.13,84.54,492.06
seq-03/frame-000931,1,0.01196,0.9231,3073,1839,1278,1.11,155.10,210.35,13.48,380.04
seq-03/frame-000932,1,0.01054,0.9014,3063,1833,1276,1.44,159.78,265.04,21.21,447.48
seq-03/frame-000933,1,0.01130,0.8919,2855,1819,1298,1.01,165.88,236.91,20.61,424.41
seq-03/frame-000934,1,0.01111,0.7398,2422,1685,1214,1.89,156.33,238.83,28.55,425.61
seq-03/frame-000935,1,0.01272,0.5702,2842,1841,1322,3.09,212.29,198.25,33.70,447.34
seq-03/frame-000936,1,0.01529,0.7199,3136,1765,1210,0.99,220.16,196.68,16.70,434.54
seq-03/frame-000937,1,0.01190,0.8796,2786,1629,1137,2.36,160.10,181.12,15.65,359.22
seq-03/frame-000938,1,0.01853,0.9372,2805,1766,1264,1.24,237.10,167.18,25.58,431.10
seq-03/frame-000939,1,0.02624,0.8524,3232,1881,1316,0.98,190.67,185.33,31.80,408.78
seq-03/frame-000940,1,0.02533,1.0382,2931,1786,1254,0.96,141.49,172.60,22.44,337.49
seq-03/frame-000941,1,0.03373,1.0644,2910,1811,1274,0.94,128.89,197.47,19.23,346.54
seq-03/frame-000942,1,0.02598,0.8803,3103,1987,1360,0.95,147.73,188.56,28.63,365.88
seq-03/frame-000943,1,0.02312,0.8713,2893,1704,1175,1.52,134.99,184.28,28.13,348.92
seq-03/frame-000944,1,0.02255,1.0808,3043,1908,1331,3.35,124.74,191.32,10.84,330.26
seq-03/frame-000945,1,0.02060,0.8864,3094,1902,1367,0.97,151.99,166.98,19.33,339.28
seq-03/frame-000946,1,0.01943,0.8887,3055,1942,1378,1.33,135.83,187.38,19.09,343.63
seq-03/frame-000947,1,0.01664,0.7697,2863,1921,1387,1.32,125.72,159.08,16.08,302.20
seq-03/frame-000948,1,0.01533,0.6538,3213,1966,1408,1.77,131.05,173.00,20.29,326.11
seq-03/frame-000949,1,0.01480,0.6258,2837,1792,1232,0.96,112.78,150.13,13.35,277.22
seq-03/frame-000950,1,0.01411,0.6055,2953,1910,1370,1.06,127.29,140.63,18.78,287.76
seq-03/frame-000951,1,0.01882,0.6572,3082,1885,1305,0.98,134.36,162.67,21.53,319.55
seq-03/frame-000952,1,0.01534,0.5905,2630,1801,1296,0.92,112.85,145.55,13.58,272.90
seq-03/frame-000953,1,0.01757,0.4600,2224,1524,1064,0.92,111.61,123.51,17.95,254.00
seq-03/frame-000954,1,0.03391,0.8849,2529,1443,932,0.93,92.39,147.69,14.74,255.75
seq-03/frame-000955,1,0.01807,0.5115,3057,1924,1312,0.97,116.69,191.76,21.23,330.65
seq-03/frame-000956,1,0.02620,0.3653,3086,1862,1260,0.97,114.46,190.38,19.81,325.62
seq-03/frame-000957,1,0.02459,0.2995,2919,1781,1216,0.94,104.55,183.32,23.24,312.06
seq-03/frame-000958,1,0.02849,0.1500,3218,1954,1312,0.99,122.29,201.98,25.22,350.50
seq-03/frame-000959,1,0.03287,0.0789,3227,1932,1326,0.96,132.01,208.71,25.02,366.70
seq-03/frame-000960,1,0.03633,0.1760,3251,1831,1244,1.01,123.82,172.88,29.10,326.81
seq-03/frame-000961,1,0.03256,0.0740,2889,1890,1346,0.97,116.89,180.52,21.16,319.54
seq-03/frame-000962,1,0.03525,0.2627,2810,1801,1246,0.91,115.52,171.05,19.71,307.20
seq-03/frame-000963,1,0.03774,0.1105,3331,1994,1392,1.00,116.95,189.39,34.92,342.27
seq-03/frame-000964,1,0.03884,0.2264,2496,1756,1292,0.91,133.06,170.46,18.24,322.67
seq-03/frame-000965,1,0.04332,0.3389,2105,1501,1124,0.90,108.00,123.71,15.68,248.29
seq-03/frame-000966,1,0.04399,0.4548,1870,1307,918,0.88,100.20,94.30,14.19,209.58
seq-03/frame-000967,1,0.06414,0.4604,2656,1479,933,1.34,130.96,150.93,12.86,296.09
seq-03/frame-000968,1,0.05102,0.3954,3160,1846,1251,0.99,125.89,195.19,23.34,345.41
seq-03/frame-000969,1,0.05674,0.3091,3170,1975,1341,0.99,126.38,195.49,11.84,334.70
seq-03/frame-000970,1,0.07100,0.3726,2212,1298,821,0.89,96.26,102.05,23.64,222.85
seq-03/frame-000971,1,0.06492,0.5601,2140,1413,927,0.89,101.95,129.54,18.89,251.28
seq-03/frame-000972,1,0.08241,0.4779,2637,1496,950,0.95,126.06,148.02,19.64,294.66
seq-03/frame-000973,1,0.07372,0.5875,2694,1736,1101,0.92,109.78,161.39,24.29,296.38
seq-03/frame-000974,1,0.08277,0.9302,2204,1389,883,0.89,95.69,114.13,15.89,226.60
seq-03/frame-000975,1,0.08850,0.6435,2565,1586,1017,0.92,88.08,157.47,21.01,267.48
seq-03/frame-000976,1,0.10458,0.3497,2416,1263,760,0.91,91.97,137.86,54.65,285.40
seq-03/frame-000977,1,0.07768,0.9781,2617,1778,1267,0.93,99.23,200.94,19.35,320.45
seq-03/frame-000978,1,0.10528,0.2907,2978,1983,1413,0.95,94.41,157.08,22.03,274.47
seq-03/frame-000979,1,0.10164,0.5210,2290,1280,826,0.91,86.07,166.05,15.34,268.37
seq-03/frame-000980,1,0.09222,0.4618,2072,1262,837,1.51,87.38,146.77,28.24,263.90
seq-03/frame-000981,1,0.10836,1.5461,1971,1172,712,0.89,121.24,137.97,14.13,274.23
seq-03/frame-000982,1,0.06765,1.9193,2342,1340,847,0.91,135.15,133.05,36.00,305.11
seq-03/frame-000983,1,0.12358,0.6035,2301,1407,925,0.91,104.19,121.64,32.92,259.66
seq-03/frame-000984,1,0.09322,1.0909,2384,1340,868,0.92,102.28,141.18,18.19,262.58
seq-03/frame-000985,1,0.06064,1.4747,2518,1593,1086,0.93,129.44,181.53,24.71,336.61
seq-03/frame-000986,1,0.02676,1.5095,2115,1238,806,1.14,84.22,162.62,26.35,274.33
seq-03/frame-000987,1,0.01335,1.7088,2844,1429,867,0.93,98.14,216.72,48.29,364.09
seq-03/frame-000988,1,0.01758,1.7032,1261,738,472,0.84,77.22,119.84,15.05,212.95
seq-03/frame-000989,1,0.01478,1.5959,1267,713,466,0.84,90.80,91.24,17.75,200.63
seq-03/frame-000990,1,0.03733,2.2018,2386,1358,858,1.01,118.11,227.90,17.44,364.47
seq-03/frame-000991,1,0.02591,1.4972,2293,1179,739,0.93,121.03,194.86,26.59,343.40
seq-03/frame-000992,1,0.03733,1.9796,1912,1133,725,3.53,102.51,178.90,22.37,307.30
seq-03/frame-000993,1,0.03619,1.7515,1434,849,525,0.86,85.68,141.22,15.36,243.12
seq-03/frame-000994,1,0.03464,1.6382,1348,745,471,0.86,72.51,135.72,39.51,248.60
seq-03/frame-000995,1,0.02235,1.7551,2050,1055,670,0.91,158.97,212.43,16.04,388.36
seq-03/frame-000996,1,0.03088,1.9216,2329,1168,768,0.93,189.00,249.06,22.81,461.79
seq-03/frame-000997,1,0.01942,1.8598,1709,927,627,0.89,175.58,171.96,29.20,377.63
seq-03/frame-000998,1,0.01947,2.5720,1211,608,382,0.86,160.32,150.12,41.18,352.49
seq-03/frame-000999,1,0.01190,2.2109,1310,648,419,0.87,116.63,113.73,9.51,240.75
seq-04/frame-000000,1,0.02502,0.8241,2700,1753,1454,1.01,206.88,245.67,17.49,471.06
seq-04/frame-000001,1,0.02007,0.7452,2659,1788,1512,1.00,208.57,246.90,19.03,475.51
seq-04/frame-000002,1,0.02235,0.8000,2742,1765,1463,1.42,221.50,219.00,38.32,480.24
seq-04/frame-000003,1,0.02203,0.7967,2806,1776,1479,1.02,197.62,240.23,20.58,459.46
seq-04/frame-000004,1,0.02224,0.8065,2670,1725,1450,2.42,219.49,238.33,28.02,488.27
seq-04/frame-000005,1,0.02296,0.8211,2766,1813,1494,1.04,216.85,268.31,17.96,504.16
seq-04/frame-000006,1,0.02211,0.7992,2675,1757,1483,0.97,158.49,210.94,31.51,401.91
seq-04/frame-000007,1,0.01998,0.7242,2801,1769,1502,1.37,188.53,252.66,21.03,463.60
seq-04/frame-000008,1,0.02270,0.7882,2815,1846,1565,1.05,176.46,222.24,17.32,417.08
seq-04/frame-000009,1,0.02305,0.8087,2736,1711,1461,1.03,163.04,243.88,20.19,428.14
seq-04/frame-000010,1,0.02178,0.8034,2771,1805,1551,1.03,205.53,177.69,21.03,405.30
seq-04/frame-000011,1,0.01902,0.6647,2763,1778,1500,0.99,185.27,239.35,31.94,457.56
seq-04/frame-000012,1,0.02234,0.7598,2807,1852,1533,1.00,188.13,252.60,28.86,470.59
seq-04/frame-000013,1,0.02162,0.7766,2771,1768,1484,1.05,183.60,256.75,39.16,480.56
seq-04/frame-000014,1,0.01938,0.6836,2767,1811,1521,1.05,179.97,248.00,22.29,451.31
seq-04/frame-000015,1,0.02028,0.7519,2685,1737,1477,3.39,146.41,296.08,37.07,483.95
seq-04/frame-000016,1,0.02028,0.7416,2766,1831,1562,1.04,154.88,290.95,32.82,479.69
seq-04/frame-000017,1,0.02444,0.8466,2873,1869,1608,1.03,207.60,239.70,19.52,467.86
seq-04/frame-000018,1,0.02705,0.9262,2836,1905,1599,0.99,194.39,237.74,39.18,472.31
seq-04/frame-000019,1,0.02199,0.7933,2866,1844,1558,1.09,208.70,242.21,37.44,489.46
seq-04/frame-000020,1,0.02343,0.8227,2935,1920,1580,1.06,144.14,264.76,28.85,438.81
seq-04/frame-000021,1,0.02257,0.7670,2814,1834,1558,1.04,189.74,233.97,23.18,447.93
seq-04/frame-000022,1,0.02826,0.9537,2868,1856,1569,1.00,164.48,237.31,19.07,421.86
seq-04/frame-000023,1,0.02212,0.7652,2926,1867,1582,1.02,181.97,219.77,16.79,419.55
seq-04/frame-000024,1,0.02501,0.8386,2546,1658,1376,1.42,158.52,224.14,19.98,404.07
seq-04/frame-000025,1,0.03033,0.9684,2110,1348,1124,0.91,289.85,141.07,17.64,449.48
seq-04/frame-000026,1,0.02053,0.6782,2599,1781,1472,5.48,178.07,193.21,17.05,393.81
seq-04/frame-000027,1,0.02166,0.7250,2881,1936,1635,1.01,211.93,186.91,25.20,425.05
seq-04/frame-000028,1,0.02619,0.8231,2839,1909,1619,0.99,184.03,178.64,12.80,376.46
seq-04/frame-000029,1,0.02247,0.7252,2916,1925,1613,1.05,162.14,187.21,15.53,365.94
seq-04/frame-000030,1,0.02637,0.9134,1865,1228,1006,2.43,127.66,117.56,27.31,274.98
seq-04/frame-000031,1,0.04561,1.5108,1773,1146,919,1.92,103.77,95.55,24.35,225.59
seq-04/frame-000032,1,0.04355,1.5683,1694,888,676,0.89,107.27,107.44,29.78,245.38
seq-04/frame-000033,1,0.03727,1.4197,1024,496,337,2.75,88.58,73.01,11.93,176.27
seq-04/frame-000034,1,0.03435,1.2597,2127,1390,1169,0.86,113.88,150.59,12.72,278.06
seq-04/frame-000035,1,0.01796,0.6837,2601,1733,1443,0.96,101.71,148.25,15.42,266.35
seq-04/frame-000036,1,0.03521,1.1553,1639,973,711,0.82,123.30,91.49,18.94,234.56
seq-04/frame-000037,1,0.02121,0.8361,1283,728,542,0.81,113.93,60.34,12.00,187.08
seq-04/frame-000038,1,0.04434,1.8137,1013,467,290,0.79,103.40,47.75,11.23,163.17
seq-04/frame-000039,1,0.02412,0.7641,1638,1044,821,1.21,109.28,97.26,19.64,227.40
seq-04/frame-000040,1,0.01988,0.2859,1992,1329,1099,0.89,123.38,115.81,30.14,270.22
seq-04/frame-000041,1,0.01796,0.5366,2117,1495,1256,2.58,129.45,166.22,20.16,318.42
seq-04/frame-000042,1,0.01037,0.5175,2462,1829,1569,3.09,130.82,189.45,23.45,346.81
seq-04/frame-000043,1,0.00821,0.4858,2622,1975,1730,1.60,124.23,224.40,20.76,371.00
seq-04/frame-000044,1,0.00651,0.4721,2524,2089,1872,0.91,114.11,182.90,22.53,320.45
seq-04/frame-000045,1,0.00678,0.5600,2534,2000,1771,0.93,142.02,214.43,27.57,384.97
seq-04/frame-000046,1,0.00980,0.3948,2241,1743,1531,0.89,114.74,183.28,20.70,319.61
seq-04/frame-000047,1,0.00860,0.3443,2994,2274,2012,0.99,164.08,207.86,24.57,397.50
seq-04/frame-000048,1,0.01216,0.5049,2631,1925,1697,1.50,177.36,184.68,30.18,393.73
seq-04/frame-000049,1,0.01233,0.3791,2823,2155,1911,0.94,173.01,210.47,14.65,399.08
seq-04/frame-000050,1,0.00146,0.3444,3001,2192,1916,1.29,198.22,213.71,22.38,435.60
seq-04/frame-000051,1,0.00782,0.2973,2786,2088,1853,0.99,173.87,174.51,22.73,372.11
seq-04/frame-000052,1,0.01442,0.6844,2051,1503,1323,0.91,136.80,123.92,17.33,278.96
seq-04/frame-000053,1,0.00815,0.2332,2180,1672,1448,0.95,113.61,153.83,24.82,293.21
seq-04/frame-000054,1,0.00434,0.3925,2680,1996,1738,0.95,134.34,149.62,17.49,302.39
seq-04/frame-000055,1,0.02450,1.3228,1080,551,377,0.79,67.85,64.99,16.42,150.06
seq-04/frame-000056,1,0.00763,0.3942,2694,2163,1893,0.96,148.98,149.25,27.74,326.94
seq-04/frame-000057,1,0.00532,0.5234,2688,1999,1743,0.94,109.81,164.32,24.18,299.27
seq-04/frame-000058,1,0.01264,0.5859,2035,1605,1379,0.83,112.37,101.30,16.73,231.23
seq-04/frame-000059,1,0.00860,0.5796,2585,2058,1864,0.90,119.55,150.40,12.85,283.70
seq-04/frame-000060,1,0.01725,0.8802,1645,1188,1020,0.84,85.06,95.39,9.14,190.43
seq-04/frame-000061,1,0.00609,0.3484,2853,2319,2083,1.01,127.89,183.27,24.46,336.64
seq-04/frame-000062,1,0.00453,0.1752,2887,2371,2139,0.97,110.63,205.19,35.61,352.40
seq-04/frame-000063,1,0.01574,0.8695,1077,665,520,0.78,67.52,62.16,10.59,141.05
seq-04/frame-000064,1,0.00658,0.3330,2484,2104,1871,0.93,105.31,136.21,22.52,264.97
seq-04/frame-000065,1,0.00708,0.2228,2714,2280,2048,0.93,102.85,140.42,20.00,264.21
seq-04/frame-000066,1,0.01429,0.7112,1033,645,516,0.80,84.45,78.95,18.54,182.74
seq-04/frame-000067,1,0.01805,0.5929,1188,848,737,0.82,75.82,81.16,12.78,170.58
seq-04/frame-000068,1,0.01093,0.4457,1753,1394,1235,0.85,86.30,111.24,17.19,215.59
seq-04/frame-000069,1,0.00750,0.3545,2922,2420,2189,0.96,121.62,197.56,42.10,362.25
seq-04/frame-000070,1,0.03321,0.6335,924,636,528,1.29,53.72,48.54,12.28,115.83
seq-04/frame-000071,1,0.00875,0.3393,2489,2061,1837,0.89,98.00,179.63,20.44,298.96
seq-04/frame-000072,1,0.00202,0.2111,2998,2351,2132,1.03,155.14,320.68,25.02,501.88
seq-04/frame-000073,1,0.01815,0.3246,1174,877,753,0.81,80.87,95.56,12.23,189.48
seq-04/frame-000074,1,0.01065,0.3459,2530,2050,1824,1.37,120.92,175.28,15.38,312.96
seq-04/frame-000075,1,0.00631,0.1365,2771,2340,2129,0.94,119.79,207.49,22.94,351.17
seq-04/frame-000076,1,0.00710,0.2447,1720,1310,1144,1.43,125.57,108.50,10.54,246.04
seq-04/frame-000077,1,0.01129,0.4004,1356,1129,992,0.85,122.47,98.38,15.56,237.26
seq-04/frame-000078,1,0.00768,0.3576,2948,2396,2183,0.98,135.02,181.02,23.47,340.50
seq-04/frame-000079,1,0.00945,0.2866,2834,2302,2095,8.30,133.71,185.88,27.11,355.01
seq-04/frame-000080,1,0.01843,0.3210,1378,1056,901,0.83,99.03,74.16,15.82,189.84
seq-04/frame-000081,1,0.02032,0.3023,1571,1195,1038,0.96,126.85,104.74,16.83,249.38
seq-04/frame-000082,1,0.00750,0.0660,3059,2469,2209,1.04,141.14,249.28,27.54,419.01
seq-04/frame-000083,1,0.00641,0.0761,2464,1906,1677,0.99,118.85,218.94,23.54,362.32
seq-04/frame-000084,1,0.01310,0.1394,2540,1996,1789,0.92,141.03,257.59,42.70,442.25
seq-04/frame-000085,1,0.01036,0.1566,3214,2589,2299,1.16,151.78,308.83,16.93,478.70
seq-04/frame-000086,1,0.00750,0.0636,2865,2317,2072,1.48,170.88,246.80,12.50,431.65
seq-04/frame-000087,1,0.01584,0.1348,1901,1460,1286,0.86,118.19,204.39,22.18,345.62
seq-04/frame-000088,1,0.01388,0.2451,3065,2409,2162,2.92,181.99,269.83,22.08,476.83
seq-04/frame-000089,1,0.01332,0.1985,3192,2440,2157,1.80,178.44,272.52,31.54,484.31
seq-04/frame-000090,1,0.01471,0.2532,3080,2399,2162,7.03,192.18,257.31,24.79,481.32
seq-04/frame-000091,1,0.01055,0.0717,3027,2356,2115,5.18,166.66,270.12,18.54,460.50
seq-04/frame-000092,1,0.01364,0.2286,3209,2533,2237,1.56,182.60,257.83,24.76,466.75
seq-04/frame-000093,1,0.01197,0.1483,3213,2503,2212,1.36,176.86,223.38,30.84,432.44
seq-04/frame-000094,1,0.01938,0.3134,2705,2039,1803,0.96,148.80,150.84,24.66,325.27
seq-04/frame-000095,1,0.02056,0.3608,2353,1857,1673,0.93,153.57,143.29,23.62,321.41
seq-04/frame-000096,1,0.01821,0.4046,2957,2339,2050,0.99,145.66,219.51,24.58,390.75
seq-04/frame-000097,1,0.01133,0.2282,1854,1373,1174,2.69,101.33,114.83,13.00,231.84
seq-04/frame-000098,1,0.01932,0.3803,3218,2418,2138,1.09,128.48,237.84,23.38,390.80
seq-04/frame-000099,1,0.02054,0.4286,3124,2406,2094,1.09,126.23,242.33,29.93,399.58
seq-04/frame-000100,1,0.02107,0.4657,3257,2534,2222,1.12,138.42,241.66,25.55,406.75
seq-04/frame-000101,1,0.01847,0.3753,3223,2520,2192,2.49,123.41,213.60,28.16,367.66
seq-04/frame-000102,1,0.02051,0.3837,3137,2436,2106,1.05,168.53,229.08,18.80,417.46
seq-04/frame-000103,1,0.02496,0.4952,3098,2353,2084,0.97,164.57,210.26,15.64,391.45
seq-04/frame-000104,1,0.02536,0.5887,3206,2397,2098,3.62,168.61,229.47,37.02,438.72
seq-04/frame-000105,1,0.02198,0.4565,2995,2325,2042,8.95,133.22,327.67,22.26,492.10
seq-04/frame-000106,1,0.02892,0.4837,2183,1610,1414,1.61,143.42,157.61,20.82,323.47
seq-04/frame-000107,1,0.03110,0.5486,2394,1802,1594,1.10,138.87,142.80,29.72,312.49
seq-04/frame-000108,1,0.02887,0.5611,3094,2381,2074,1.02,157.67,212.04,21.34,392.08
seq-04/frame-000109,1,0.02686,0.5755,3253,2408,2085,1.15,174.97,195.88,11.95,383.95
seq-04/frame-000110,1,0.01989,0.4397,3230,2570,2254,1.72,175.04,209.66,20.94,407.36
seq-04/frame-000111,1,0.02429,0.5230,2349,1728,1491,0.94,142.43,150.52,16.92,310.82
seq-04/frame-000112,1,0.02453,0.4869,3050,2344,2046,1.18,158.07,177.40,21.65,358.30
seq-04/frame-000113,1,0.03683,0.4506,1448,957,786,0.85,116.78,81.79,14.90,214.32
seq-04/frame-000114,1,0.04245,0.6839,2530,1977,1726,2.06,148.80,140.72,19.78,311.37
seq-04/frame-000115,1,0.03028,0.5096,3250,2424,2091,1.50,135.82,168.26,30.56,336.14
seq-04/frame-000116,1,0.03148,0.4739,2732,1947,1674,1.60,123.59,149.82,16.86,291.88
seq-04/frame-000117,1,0.03934,0.6411,2549,1893,1663,0.96,106.87,130.37,13.54,251.75
seq-04/frame-000118,1,0.03592,0.6449,2783,2129,1853,1.05,119.03,152.40,22.65,295.14
seq-04/frame-000119,1,0.03160,0.5281,2993,2245,1923,1.52,114.59,159.34,15.82,291.27
seq-04/frame-000120,1,0.03829,0.6992,2943,2173,1859,1.01,130.22,177.72,13.39,322.34
seq-04/frame-000121,1,0.03499,0.6641,2761,2115,1806,1.01,131.21,151.47,14.00,297.69
seq-04/frame-000122,1,0.03121,0.6143,2981,2235,1889,1.07,121.41,156.30,17.30,296.09
seq-04/frame-000123,1,0.03108,0.5569,2845,2071,1759,1.06,127.35,176.50,48.76,353.67
seq-04/frame-000124,1,0.03311,0.6228,3057,2268,1947,1.04,127.13,200.99,23.71,352.88
seq-04/frame-000125,1,0.03171,0.6417,3081,2261,1945,1.04,118.71,212.10,60.46,392.31
seq-04/frame-000126,1,0.02173,0.4589,3176,2424,2073,1.00,110.43,223.57,65.01,400.00
seq-04/frame-000127,1,0.02099,0.4981,3010,2289,2007,0.97,117.85,225.81,36.61,381.25
seq-04/frame-000128,1,0.01912,0.5346,2923,2242,1927,1.02,125.11,218.27,20.08,364.48
seq-04/frame-000129,1,0.03992,0.6783,3016,2188,1874,1.02,117.95,253.24,34.58,406.79
seq-04/frame-000130,1,0.03361,0.4957,3079,2243,1929,1.00,131.49,252.61,30.73,415.82
seq-04/frame-000131,1,0.02200,0.4050,3116,2239,1887,1.10,110.87,227.13,40.44,379.54
seq-04/frame-000132,1,0.01833,0.4400,3263,2406,2034,1.07,203.24,268.01,41.08,513.40
seq-04/frame-000133,1,0.02456,0.4852,3161,2358,2022,1.03,202.32,218.70,27.07,449.13
seq-04/frame-000134,1,0.02281,0.6267,2739,1975,1689,1.02,173.93,194.70,15.91,385.56
seq-04/frame-000135,1,0.02812,0.4841,3113,2283,1958,19.58,173.13,219.48,23.78,435.98
seq-04/frame-000136,1,0.02058,0.4014,3133,2313,2012,2.84,179.09,258.32,31.05,471.32
seq-04/frame-000137,1,0.01811,0.4073,3093,2235,1883,1.24,155.64,225.41,34.60,416.90
seq-04/frame-000138,1,0.01976,0.5012,3278,2412,2046,1.07,184.37,282.99,18.20,486.63
seq-04/frame-000139,1,0.01325,0.4348,3293,2416,2075,8.79,220.93,233.53,20.22,483.47
seq-04/frame-000140,1,0.02792,0.5140,3250,2350,2051,3.94,192.61,240.56,24.97,462.10
seq-04/frame-000141,1,0.02796,0.2262,3152,2332,2016,1.02,169.24,251.72,17.19,439.17
seq-04/frame-000142,1,0.02220,0.3947,3020,2216,1901,1.09,180.49,213.19,54.76,449.53
seq-04/frame-000143,1,0.02514,0.5524,3062,2276,1928,1.11,159.79,210.16,20.19,391.24
seq-04/frame-000144,1,0.01741,0.6126,3160,2355,1992,2.40,163.70,198.40,112.04,476.54
seq-04/frame-000145,1,0.02916,0.5261,3153,2322,2001,4.80,152.32,715.21,83.85,956.19
seq-04/frame-000146,1,0.03615,0.4537,2250,1622,1379,2.09,130.54,154.96,44.45,332.05
seq-04/frame-000147,1,0.02929,0.5626,3018,2252,1928,2.14,136.36,740.65,57.87,937.01
seq-04/frame-000148,1,0.02886,0.7040,3118,2248,1882,5.22,245.20,766.70,26.83,1043.95
seq-04/frame-000149,1,0.02371,0.6901,2973,2130,1805,4.52,312.65,632.02,21.58,970.78
seq-04/frame-000150,1,0.05024,1.4588,1882,1278,1057,1.42,116.07,666.18,46.14,829.82
seq-04/frame-000151,1,0.04137,1.2591,1311,865,706,0.84,116.54,625.58,62.14,805.10
seq-04/frame-000152,1,0.02346,0.6489,3006,2295,1986,1.02,410.05,517.73,36.69,965.49
seq-04/frame-000153,1,0.02940,0.4788,1922,1281,1072,1.14,393.84,332.66,23.79,751.44
seq-04/frame-000154,1,0.03803,0.6242,1424,873,686,0.98,496.81,138.62,11.62,648.02
seq-04/frame-000155,1,0.03111,0.5051,2260,1543,1327,1.11,408.92,350.63,16.24,776.90
seq-04/frame-000156,1,0.02824,0.6557,3174,2352,2042,1.03,266.33,217.46,26.46,511.28
seq-04/frame-000157,1,0.02401,0.6212,3251,2376,2077,1.08,141.75,212.01,19.55,374.40
seq-04/frame-000158,1,0.04099,0.7470,2918,2101,1798,1.01,213.38,189.50,27.52,431.41
seq-04/frame-000159,1,0.03964,0.6226,1925,1315,1119,0.93,140.89,146.31,35.36,323.48
seq-04/frame-000160,1,0.03605,0.5258,2205,1551,1312,4.34,161.30,168.50,14.60,348.74
seq-04/frame-000161,1,0.04385,1.0720,2691,1916,1646,10.29,135.20,181.16,15.57,342.22
seq-04/frame-000162,1,0.02917,0.8946,3142,2272,1952,1.05,153.07,208.83,26.85,389.81
seq-04/frame-000163,1,0.03343,1.0890,3207,2221,1888,1.06,169.60,241.80,33.86,446.33
seq-04/frame-000164,1,0.02896,0.7433,3076,2172,1862,0.96,127.78,209.46,22.18,360.38
seq-04/frame-000165,1,0.03545,0.6868,2575,1802,1551,0.91,122.01,154.52,27.51,304.95
seq-04/frame-000166,1,0.03442,1.0256,3014,2146,1824,1.02,120.87,191.57,35.82,349.28
seq-04/frame-000167,1,0.03503,1.1789,3029,2080,1761,1.03,120.74,213.38,21.04,356.20
seq-04/frame-000168,1,0.03657,1.1963,3269,2259,1873,1.09,175.16,217.06,19.46,412.77
seq-04/frame-000169,1,0.03706,1.3015,3362,2424,2052,1.01,156.06,232.15,14.90,404.12
seq-04/frame-000170,1,0.03241,0.8690,2622,1983,1724,0.94,106.52,195.13,14.19,316.78
seq-04/frame-000171,1,0.04144,1.3563,2828,2092,1788,0.99,141.87,207.65,15.63,366.14
seq-04/frame-000172,1,0.03583,1.0237,3176,2238,1923,0.97,156.89,201.45,15.96,375.27
seq-04/frame-000173,1,0.03489,1.0498,2865,1924,1605,1.01,146.11,162.81,11.96,321.89
seq-04/frame-000174,1,0.04160,1.3947,3247,2321,1961,1.02,161.32,179.33,14.89,356.56
seq-04/frame-000175,1,0.04608,1.3790,2683,1993,1714,1.60,137.84,166.23,16.71,322.38
seq-04/frame-000176,1,0.03350,1.1359,3098,2190,1872,1.04,116.89,172.92,22.80,313.66
seq-04/frame-000177,1,0.03631,0.8332,2474,1736,1474,0.90,94.30,150.74,11.24,257.17
seq-04/frame-000178,1,0.03732,0.9599,2380,1798,1536,0.88,98.19,139.81,20.78,259.66
seq-04/frame-000179,1,0.03942,1.3343,3263,2260,1902,1.06,111.95,195.33,41.06,349.40
seq-04/frame-000180,1,0.03978,1.5394,3183,2123,1777,1.00,130.39,213.10,23.86,368.35
seq-04/frame-000181,1,0.04433,1.5417,1895,1361,1164,0.83,82.96,103.92,16.02,203.73
seq-04/frame-000182,1,0.04080,1.3967,1693,1250,1071,0.86,78.54,106.09,17.30,202.79
seq-04/frame-000183,1,0.04359,1.4629,3050,2143,1824,1.03,106.77,210.01,21.59,339.40
seq-04/frame-000184,1,0.03667,0.9642,2025,1529,1278,0.84,110.69,133.63,17.37,262.53
seq-04/frame-000185,1,0.05933,1.9446,2852,2106,1808,0.91,129.85,174.79,25.59,331.14
seq-04/frame-000186,1,0.04268,1.6445,3275,2219,1860,3.44,111.58,211.61,21.40,348.04
seq-04/frame-000187,1,0.04463,1.6793,2976,2005,1654,2.43,161.42,200.87,33.71,398.43
seq-04/frame-000188,1,0.04743,1.6042,2854,1959,1619,0.94,134.80,197.91,24.88,358.53
seq-04/frame-000189,1,0.04738,1.7292,3076,2138,1790,0.95,150.50,211.08,34.65,397.18
seq-04/frame-000190,1,0.05693,2.1626,3148,2195,1864,0.93,151.30,250.00,20.30,422.55
seq-04/frame-000191,1,0.04838,2.0467,3301,2285,1929,0.93,138.89,217.01,33.49,390.32
seq-04/frame-000192,1,0.04616,1.8822,3187,2154,1797,1.37,149.77,259.71,24.58,435.43
seq-04/frame-000193,1,0.05269,1.9954,3295,2226,1879,0.93,156.17,234.48,18.60,410.19
seq-04/frame-000194,1,0.05343,2.0966,3157,2096,1727,1.00,156.55,167.93,30.53,356.02
seq-04/frame-000195,1,0.04813,2.0741,3266,2133,1778,1.05,171.76,188.59,17.96,379.37
seq-04/frame-000196,1,0.04527,2.0381,3269,2226,1868,0.98,155.46,189.45,29.02,374.92
seq-04/frame-000197,1,0.04941,2.1694,3128,2059,1694,1.14,184.75,195.41,26.04,407.34
seq-04/frame-000198,1,0.04539,1.9014,3147,2002,1641,1.05,176.88,184.55,25.01,387.49
seq-04/frame-000199,1,0.05727,2.3421,3226,1977,1622,1.03,163.05,186.87,29.31,380.26
seq-04/frame-000200,1,0.05904,2.4583,2944,1982,1640,0.97,124.07,173.53,23.64,322.21
seq-04/frame-000201,1,0.05861,1.9766,2861,1908,1614,0.95,128.54,183.46,18.08,331.04
seq-04/frame-000202,1,0.05186,1.7162,1383,863,701,0.84,82.45,83.98,21.36,188.64
seq-04/frame-000203,1,0.05570,2.2459,2878,1939,1602,1.03,124.25,164.46,30.02,319.76
seq-04/frame-000204,1,0.05058,2.0892,1640,1032,847,1.18,97.19,98.97,21.75,219.09
seq-04/frame-000205,1,0.04277,1.1511,1640,1032,847,0.86,91.84,99.02,22.43,214.14
seq-04/frame-000206,1,0.07798,3.3096,2246,1595,1339,0.88,99.29,126.04,22.23,248.45
seq-04/frame-000207,1,0.06078,2.5453,3172,2022,1686,1.00,122.14,181.82,15.83,320.80
seq-04/frame-000208,1,0.03486,1.5820,3018,1949,1592,1.07,115.57,154.18,17.36,288.18
seq-04/frame-000209,1,0.03820,1.8228,3230,1992,1611,1.93,131.42,166.29,27.63,327.27
seq-04/frame-000210,1,0.04481,2.0958,3062,2084,1723,1.25,115.42,167.48,31.37,315.52
seq-04/frame-000211,1,0.03438,1.7569,3068,1905,1538,1.01,128.04,171.31,26.09,326.45
seq-04/frame-000212,1,0.03492,1.7200,3068,1905,1538,1.31,114.77,193.75,30.75,340.58
seq-04/frame-000213,1,0.04816,2.2928,3327,2087,1707,0.98,136.40,189.05,17.76,344.19
seq-04/frame-000214,1,0.06031,2.6765,2915,2214,1841,0.90,122.84,180.43,24.11,328.28
seq-04/frame-000215,1,0.04809,2.2849,3323,2175,1790,1.00,130.15,230.29,21.01,382.46
seq-04/frame-000216,1,0.02640,1.2370,2706,1655,1338,1.23,109.93,167.05,17.34,295.56
seq-04/frame-000217,1,0.04340,1.5944,2979,1772,1416,0.98,145.84,202.85,22.98,372.65
seq-04/frame-000218,1,0.03497,1.7447,2979,1772,1416,0.96,138.42,208.06,23.17,370.61
seq-04/frame-000219,1,0.03887,1.8971,2998,1948,1587,1.49,156.86,266.10,30.58,455.03
seq-04/frame-000220,1,0.04037,2.0469,2990,1827,1452,2.99,147.08,196.86,17.48,364.41
seq-04/frame-000221,1,0.04430,2.2932,3160,1904,1535,1.01,150.12,281.46,24.55,457.14
seq-04/frame-000222,1,0.03713,2.0156,3121,1862,1511,4.80,134.33,250.69,39.28,429.09
seq-04/frame-000223,1,0.04557,2.2197,2941,1945,1582,1.89,159.74,237.75,34.31,433.69
seq-04/frame-000224,1,0.03577,2.0416,2890,1885,1547,0.93,145.29,243.05,41.48,430.75
seq-04/frame-000225,1,0.03617,2.0196,2890,1885,1547,0.93,159.83,273.18,22.89,456.83
seq-04/frame-000226,1,0.04872,2.3948,3108,1900,1516,1.86,140.12,224.20,25.96,392.15
seq-04/frame-000227,1,0.05829,2.4213,2283,1702,1455,0.88,145.26,138.34,20.27,304.75
seq-04/frame-000228,1,0.04333,1.7696,1759,1215,1019,0.86,161.16,92.30,17.23,271.55
seq-04/frame-000229,1,0.05098,2.4670,2842,1884,1559,4.15,200.38,201.98,19.81,426.32
seq-04/frame-000230,1,0.05036,2.5194,2842,1884,1559,0.95,126.10,160.94,16.04,304.03
seq-04/frame-000231,1,0.05225,2.4423,2804,1825,1471,1.01,114.79,151.17,20.23,287.20
seq-04/frame-000232,1,0.05235,2.3830,2694,1928,1621,0.92,117.38,156.20,20.93,295.42
seq-04/frame-000233,1,0.02617,1.4242,1980,1400,1194,0.86,91.84,101.68,19.74,214.12
seq-04/frame-000234,1,0.05355,2.6426,2881,2025,1676,1.51,125.15,182.57,19.20,328.44
seq-04/frame-000235,1,0.04680,2.3082,2719,1900,1602,0.96,107.09,142.54,26.15,276.74
seq-04/frame-000236,1,0.04793,2.3561,2719,1900,1602,0.95,126.73,160.74,36.17,324.60
seq-04/frame-000237,1,0.04819,2.3201,2871,1913,1574,0.97,132.90,161.46,24.02,319.36
seq-04/frame-000238,1,0.05377,2.5554,2876,1934,1567,1.02,108.95,178.64,24.62,313.23
seq-04/frame-000239,1,0.05523,2.5119,2749,1883,1594,0.99,108.03,175.64,20.13,304.79
seq-04/frame-000240,1,0.05776,2.5292,2849,1856,1531,1.03,106.89,183.55,13.52,304.99
seq-04/frame-000241,1,0.05189,2.6097,2860,1893,1523,0.97,121.37,161.86,17.61,301.82
seq-04/frame-000242,1,0.04657,2.5016,2705,1733,1394,0.96,112.77,148.78,22.12,284.63
seq-04/frame-000243,1,0.04588,2.5166,2705,1733,1394,0.94,118.71,162.15,28.75,310.56
seq-04/frame-000244,1,0.05334,2.4469,2742,1748,1403,0.97,106.31,162.97,19.62,289.88
seq-04/frame-000245,1,0.04961,2.3093,2573,1665,1333,0.98,103.28,144.30,14.91,263.48
seq-04/frame-000246,1,0.04723,2.3994,2802,1783,1423,1.05,114.03,135.79,12.35,263.24
seq-04/frame-000247,1,0.04776,2.5214,2802,1783,1423,1.18,116.69,137.45,13.74,269.07
seq-04/frame-000248,1,0.05369,2.6186,2780,1700,1378,1.04,119.73,151.99,18.58,291.34
seq-04/frame-000249,1,0.04862,2.6714,2848,1818,1462,0.95,111.46,158.76,19.31,290.49
seq-04/frame-000250,1,0.06199,2.8548,2879,1775,1370,1.29,102.51,165.70,11.21,280.71
seq-04/frame-000251,1,0.01531,1.1745,1917,1274,1053,0.87,98.44,114.60,16.70,230.61
seq-04/frame-000252,1,0.01113,0.9422,1314,841,694,0.84,82.78,79.28,18.86,181.76
seq-04/frame-000253,1,0.04017,1.6586,1968,1309,1071,0.85,101.42,123.80,22.48,248.56
seq-04/frame-000254,1,0.04066,1.6692,1968,1309,1071,0.86,99.82,112.18,21.33,234.19
seq-04/frame-000255,1,0.04402,2.3132,2579,1701,1350,0.98,97.02,164.44,36.00,298.45
seq-04/frame-000256,1,0.05019,2.6017,2714,1726,1357,0.97,105.26,166.64,20.05,292.93
seq-04/frame-000257,1,0.02506,1.6244,1878,1339,1095,0.87,92.78,114.68,19.20,227.54
seq-04/frame-000258,1,0.02357,1.8795,2087,1454,1173,0.85,98.27,124.71,27.95,251.77
seq-04/frame-000259,1,0.04125,1.9214,2295,1502,1190,0.91,99.82,136.06,22.28,259.08
seq-04/frame-000260,1,0.04113,2.3699,2295,1502,1190,0.90,101.05,126.89,21.75,250.59
seq-04/frame-000261,1,0.04920,2.6231,2585,1663,1331,0.94,109.90,134.80,20.22,265.87
seq-04/frame-000262,1,0.07328,3.4533,2487,1545,1228,0.98,110.22,147.58,13.98,272.76
seq-04/frame-000263,1,0.05052,2.6898,2631,1599,1265,1.00,120.82,130.65,30.87,283.34
seq-04/frame-000264,1,0.05131,2.7305,2631,1599,1265,0.97,120.04,125.23,22.28,268.52
seq-04/frame-000265,1,0.06272,3.1099,2504,1446,1113,0.99,128.99,142.00,22.69,294.67
seq-04/frame-000266,1,0.07109,3.4911,2715,1715,1378,3.30,111.56,147.66,25.74,288.26
seq-04/frame-000267,1,0.07669,3.4367,2459,1355,966,0.99,123.07,115.17,22.67,261.90
seq-04/frame-000268,1,0.04065,2.4616,2271,1488,1211,0.89,89.33,113.83,17.15,221.19
seq-04/frame-000269,1,0.04247,2.5279,2271,1488,1211,0.91,91.45,119.43,18.49,230.29
seq-04/frame-000270,1,0.03292,2.1883,2060,1320,1032,1.53,88.78,108.40,22.19,220.90
seq-04/frame-000271,1,0.04715,2.6256,2137,1181,897,0.93,93.40,111.11,44.32,249.77
seq-04/frame-000272,1,0.07306,3.4648,2330,1370,1056,0.95,90.96,159.51,30.96,282.38
seq-04/frame-000273,1,0.07493,3.5849,2330,1370,1056,0.96,103.71,150.36,30.48,285.51
seq-04/frame-000274,1,0.04734,2.6824,2373,1438,1150,0.94,94.82,177.20,22.78,295.74
seq-04/frame-000275,1,0.05082,2.7749,2411,1521,1210,0.90,121.56,146.49,31.92,300.87
seq-04/frame-000276,1,0.08137,3.7953,2364,1265,872,0.98,116.69,164.08,17.82,299.57
seq-04/frame-000277,1,0.07080,3.5473,2392,1265,896,0.97,132.65,154.54,21.62,309.77
seq-04/frame-000278,1,0.07519,3.8646,2413,1502,1152,0.86,119.60,156.10,24.20,300.76
seq-04/frame-000279,1,0.08996,4.0592,2355,1398,1052,0.87,115.53,163.09,18.75,298.25
seq-04/frame-000280,1,0.09112,4.1192,2355,1398,1052,0.88,118.30,169.88,19.92,308.98
seq-04/frame-000281,1,0.07922,3.5805,2428,1371,999,0.98,110.24,170.30,14.24,295.76
seq-04/frame-000282,1,0.03446,2.2423,1954,1165,859,0.91,91.78,141.01,36.18,269.89
seq-04/frame-000283,1,0.03796,2.4888,1738,906,649,0.88,92.21,116.98,21.59,231.66
seq-04/frame-000284,1,0.06549,3.3918,2215,1202,910,0.93,91.59,134.61,10.28,237.42
seq-04/frame-000285,1,0.06554,3.3992,2215,1202,910,1.14,111.61,137.38,10.93,261.05
seq-04/frame-000286,1,0.06305,3.2696,2179,1135,829,2.57,116.73,138.42,18.61,276.33
seq-04/frame-000287,1,0.03602,0.5939,2084,976,634,1.71,101.67,113.75,17.32,234.46
seq-04/frame-000288,1,0.04938,2.8856,2137,1250,924,1.64,117.36,144.47,21.73,285.20
seq-04/frame-000289,1,0.09408,4.1496,2060,1082,765,0.94,98.15,126.12,22.77,247.98
seq-04/frame-000290,1,0.09390,4.1523,2060,1082,765,0.94,88.12,111.60,18.62,219.28
seq-04/frame-000291,1,0.05066,2.8673,1919,973,697,0.92,88.75,92.62,16.15,198.44
seq-04/frame-000292,1,0.08614,4.0928,2236,1246,873,0.91,95.87,130.67,18.42,245.87
seq-04/frame-000293,1,0.07280,3.6015,1784,971,722,0.87,103.26,94.25,27.71,226.09
seq-04/frame-000294,1,0.08358,3.9090,2242,1182,844,0.93,119.22,121.99,16.26,258.40
seq-04/frame-000295,1,0.10471,4.3827,2301,1201,798,1.00,106.41,169.01,32.34,308.77
seq-04/frame-000296,1,0.08471,3.8151,2053,1127,796,1.05,124.35,123.21,16.06,264.68
seq-04/frame-000297,1,0.06372,3.4225,2061,1118,820,1.28,88.54,142.98,23.11,255.92
seq-04/frame-000298,1,0.06377,3.4299,2061,1118,820,1.23,94.19,136.94,31.67,264.02
seq-04/frame-000299,1,0.10457,4.5475,2355,1269,874,1.10,117.13,151.03,26.03,295.29
seq-04/frame-000300,1,0.08307,3.7320,2250,1052,690,0.92,106.78,154.78,20.90,283.38
seq-04/frame-000301,1,0.07126,3.6281,1257,667,441,0.81,75.57,103.41,22.00,201.79
seq-04/frame-000302,1,0.05954,3.3518,1486,712,472,0.84,73.90,105.07,29.39,209.21
seq-04/frame-000303,1,0.08198,4.0159,2088,948,671,0.93,91.83,144.72,22.49,259.99
seq-04/frame-000304,1,0.09550,4.3980,2107,988,616,0.93,105.10,129.74,30.75,266.52
seq-04/frame-000305,1,0.03645,2.6329,1639,798,519,0.89,106.33,107.25,24.11,238.57
seq-04/frame-000306,1,0.07378,3.9338,1312,518,294,2.45,88.46,92.88,25.43,209.23
seq-04/frame-000307,1,0.08567,4.3492,1658,702,455,4.09,94.12,105.58,26.81,230.60
seq-04/frame-000308,1,0.05350,3.2012,1301,586,367,0.85,95.30,79.43,22.59,198.17
seq-04/frame-000309,1,0.11859,4.4014,757,272,138,0.78,66.50,51.62,18.87,137.76
seq-04/frame-000310,1,0.11918,4.4238,757,272,138,0.76,74.58,47.74,16.28,139.37
seq-04/frame-000311,1,0.09825,4.0530,870,368,226,0.80,78.01,56.10,15.50,150.41
seq-04/frame-000312,1,0.09735,4.8854,1577,701,452,0.89,105.14,111.33,27.95,245.32
seq-04/frame-000313,1,0.06937,1.7136,1358,586,358,0.93,88.12,92.54,29.06,210.64
seq-04/frame-000314,1,0.06075,3.8149,1096,485,291,0.82,81.12,79.68,24.87,186.51
seq-04/frame-000315,1,0.10293,2.7033,940,395,214,1.07,71.69,64.46,30.72,167.95
seq-04/frame-000316,1,0.04034,1.3343,927,372,213,0.86,91.37,58.84,57.58,208.67
seq-04/frame-000317,1,0.03660,0.8037,1494,662,421,0.88,106.02,105.49,41.00,253.40
seq-04/frame-000318,1,0.03337,0.6792,1487,695,446,1.34,115.86,137.43,32.87,287.51
seq-04/frame-000319,1,0.04687,2.7565,1193,585,374,2.74,91.95,71.09,14.36,180.15
seq-04/frame-000320,1,0.08245,1.8390,1325,570,321,0.84,89.58,131.72,17.79,239.93
seq-04/frame-000321,1,0.11629,5.1929,1664,781,469,0.89,116.23,125.55,15.18,257.86
seq-04/frame-000322,1,0.11688,5.2070,1664,781,469,2.44,142.14,110.22,17.51,272.30
seq-04/frame-000323,1,0.06176,3.8464,1335,684,426,0.84,99.65,106.11,17.08,223.68
seq-04/frame-000324,1,0.02927,1.1142,1453,708,448,1.11,127.37,85.42,23.62,237.52
seq-04/frame-000325,1,0.06551,3.7863,1062,497,309,1.11,135.20,63.01,23.57,222.89
seq-04/frame-000326,1,0.10092,5.2672,785,374,217,1.19,66.79,61.22,22.57,151.77
seq-04/frame-000327,1,0.06448,2.2833,1321,607,375,0.84,92.89,94.85,16.16,204.75
seq-04/frame-000328,1,0.05928,0.9137,1349,591,357,1.40,97.02,91.96,27.52,217.89
seq-04/frame-000329,1,0.05501,0.8947,1473,644,396,1.15,92.05,95.14,13.31,201.64
seq-04/frame-000330,1,0.05218,1.8225,1155,544,345,0.82,84.84,70.27,15.11,171.04
seq-04/frame-000331,1,0.10300,5.1145,1619,704,429,2.14,103.10,107.32,28.69,241.25
seq-04/frame-000332,1,0.07485,2.5992,1018,416,239,0.79,77.07,64.29,11.85,154.01
seq-04/frame-000333,1,0.07574,2.6307,1018,416,239,0.93,86.40,59.01,12.70,159.04
seq-04/frame-000334,1,0.05669,2.2713,1197,564,354,0.85,85.18,67.64,23.99,177.66
seq-04/frame-000335,1,0.05159,1.7183,1296,581,344,1.01,84.31,77.50,21.09,183.92
seq-04/frame-000336,1,0.12200,5.3145,1535,648,351,0.85,98.69,107.59,28.94,236.09
seq-04/frame-000337,1,0.05479,2.5647,818,331,168,0.82,68.41,55.15,24.88,149.26
seq-04/frame-000338,1,0.07974,2.4672,656,262,134,0.79,56.22,38.52,20.41,115.95
seq-04/frame-000339,1,0.04553,4.1326,564,196,98,0.73,59.11,36.34,20.67,116.84
seq-04/frame-000340,1,0.04044,3.1042,708,263,133,0.75,76.02,53.34,22.70,152.82
seq-04/frame-000341,1,0.09253,2.8280,1289,548,297,0.84,92.07,85.33,17.01,195.25
seq-04/frame-000342,1,0.09275,2.8535,1289,548,297,0.83,92.19,98.76,15.82,207.60
seq-04/frame-000343,1,0.08400,3.1564,1500,590,324,3.36,110.63,95.15,29.20,238.34
seq-04/frame-000344,1,0.18820,6.9958,1303,564,309,7.29,93.67,75.57,17.54,194.08
seq-04/frame-000345,1,0.08587,2.7427,1498,587,309,4.01,116.65,78.60,22.74,222.01
seq-04/frame-000346,1,0.03765,0.8606,1219,497,304,1.51,85.21,78.29,14.10,179.11
seq-04/frame-000347,1,0.09646,3.1484,716,257,128,3.29,81.52,40.09,19.02,143.93
seq-04/frame-000348,1,0.08376,1.5987,707,265,139,0.89,75.26,38.91,16.61,131.67
seq-04/frame-000349,1,0.04715,2.6646,968,337,181,0.86,87.06,46.71,27.87,162.50
seq-04/frame-000350,1,0.04067,0.7985,1361,584,326,0.83,92.78,68.34,31.77,193.73
seq-04/frame-000351,1,0.09644,3.4505,1392,481,233,1.49,80.58,82.35,19.57,183.99
seq-04/frame-000352,1,0.05471,1.7286,1368,463,270,0.83,79.69,77.37,23.08,180.96
seq-04/frame-000353,1,0.05559,2.6806,1368,463,270,0.81,76.33,83.03,29.03,189.20
seq-04/frame-000354,1,0.13217,5.1108,993,340,177,0.78,91.61,61.93,28.74,183.06
seq-04/frame-000355,1,0.10031,2.5735,830,292,125,0.74,60.98,54.68,17.59,134.00
seq-04/frame-000356,1,0.10848,3.4497,901,303,138,0.77,78.15,50.54,20.38,149.84
seq-04/frame-000357,1,0.10750,3.6051,1106,428,212,0.79,86.77,67.79,19.10,174.46
seq-04/frame-000358,1,0.03422,2.3501,940,282,114,0.78,79.18,51.24,18.24,149.44
seq-04/frame-000359,1,0.04531,2.0374,1328,482,259,0.82,85.88,83.31,28.25,198.26
seq-04/frame-000360,1,0.03301,1.4836,1702,595,285,0.93,99.86,111.34,24.92,237.06
seq-04/frame-000361,1,0.05635,2.0498,1392,540,288,1.17,94.59,84.89,21.19,201.85
seq-04/frame-000362,1,0.11809,5.0255,805,256,124,1.32,71.83,47.57,28.46,149.18
seq-04/frame-000363,1,0.06198,2.6656,881,248,115,0.77,75.76,51.25,38.26,166.05
seq-04/frame-000364,1,0.07296,2.8086,1192,470,266,1.44,95.91,61.52,16.06,174.93
seq-04/frame-000365,1,0.04321,0.5958,1377,464,236,2.01,96.11,83.04,27.49,208.65
seq-04/frame-000366,1,0.03725,1.1961,1291,431,207,2.16,93.72,80.97,25.84,202.69
seq-04/frame-000367,1,0.03339,1.9557,1659,558,274,0.89,100.53,120.52,20.50,242.44
seq-04/frame-000368,1,0.09827,3.3091,1841,548,235,1.15,104.23,121.82,28.76,255.96
seq-04/frame-000369,1,0.03751,1.8716,2222,738,364,1.23,125.59,140.19,22.87,289.88
seq-04/frame-000370,1,0.04141,1.8714,1525,499,235,1.73,112.89,93.51,31.12,239.25
seq-04/frame-000371,1,0.02984,1.6910,2104,766,405,1.01,113.33,125.07,28.22,267.63
seq-04/frame-000372,1,0.05743,1.4143,2089,670,319,0.93,115.01,144.90,21.38,282.23
seq-04/frame-000373,1,0.04331,1.4237,1543,491,255,1.21,111.71,95.60,17.49,226.01
seq-04/frame-000374,1,0.06484,2.5960,2093,705,353,1.02,120.29,130.78,19.60,271.70
seq-04/frame-000375,1,0.02562,1.6204,2206,770,408,1.57,118.33,135.51,25.01,280.42
seq-04/frame-000376,1,0.06254,2.3685,1715,609,324,0.85,98.81,109.07,13.29,222.03
seq-04/frame-000377,1,0.02518,1.4447,1869,701,411,1.29,110.61,119.45,14.00,245.35
seq-04/frame-000378,1,0.02927,1.2084,1917,748,439,0.89,112.54,112.42,16.12,241.98
seq-04/frame-000379,1,0.07414,2.4945,1827,666,324,1.46,123.96,93.04,24.74,243.22
seq-04/frame-000380,1,0.02484,1.4743,2343,870,499,1.99,119.52,120.44,18.82,260.78
seq-04/frame-000381,1,0.03076,1.7278,1826,732,429,0.98,103.40,100.70,20.25,225.34
seq-04/frame-000382,1,0.04973,1.9085,1861,681,361,0.89,110.47,97.20,24.14,232.70
seq-04/frame-000383,1,0.05272,2.0093,1912,692,351,1.22,96.71,106.10,13.64,217.69
seq-04/frame-000384,1,0.05217,2.0137,1912,692,351,1.10,106.99,96.12,12.21,216.43
seq-04/frame-000385,1,0.02772,1.5492,1720,704,439,0.89,97.48,90.51,19.70,208.94
seq-04/frame-000386,1,0.02862,1.7186,1809,716,418,0.90,91.79,87.71,25.17,205.57
seq-04/frame-000387,1,0.02566,1.6896,2328,907,533,2.69,109.45,151.86,20.08,284.08
seq-04/frame-000388,1,0.02609,1.7723,1902,808,465,0.91,84.92,134.97,20.04,240.84
seq-04/frame-000389,1,0.02429,1.6845,1945,761,448,0.97,109.20,126.91,19.57,256.66
seq-04/frame-000390,1,0.01888,1.5228,2211,784,467,0.96,97.58,160.10,14.17,272.81
seq-04/frame-000391,1,0.02667,1.7360,1595,726,449,0.86,91.28,120.87,11.15,224.16
seq-04/frame-000392,1,0.02781,1.7871,1363,656,428,0.84,92.36,118.75,25.67,237.63
seq-04/frame-000393,1,0.02279,1.6802,2128,806,494,2.51,126.58,159.89,26.17,315.16
seq-04/frame-000394,1,0.02443,1.7305,2575,869,465,0.96,126.95,181.11,23.77,332.79
seq-04/frame-000395,1,0.02145,1.6956,2468,898,503,1.00,137.18,193.23,18.29,349.70
seq-04/frame-000396,1,0.02189,1.6696,2463,845,469,0.96,117.84,182.28,18.95,320.04
seq-04/frame-000397,1,0.02019,1.7980,2576,882,470,1.01,141.06,157.21,14.45,313.73
seq-04/frame-000398,1,0.01566,1.5521,2396,902,509,0.95,126.28,142.60,32.30,302.13
seq-04/frame-000399,1,0.01920,1.7119,2424,890,479,0.98,136.33,145.41,24.31,307.04
seq-04/frame-000400,1,0.01453,1.6075,2429,910,507,6.90,133.41,135.36,23.17,298.84
seq-04/frame-000401,1,0.02098,1.7307,2300,894,499,1.06,123.90,133.66,18.63,277.25
seq-04/frame-000402,1,0.01772,1.3933,2050,767,459,1.64,117.86,134.71,25.32,279.53
seq-04/frame-000403,1,0.02022,1.5585,1990,821,523,4.00,104.29,115.98,20.70,244.97
seq-04/frame-000404,1,0.03615,1.8294,2492,918,512,0.95,103.65,148.50,20.05,273.16
seq-04/frame-000405,1,0.02398,1.6000,2404,927,549,0.96,104.53,139.43,21.42,266.34
seq-04/frame-000406,1,0.02049,1.3957,2414,912,535,0.92,117.54,131.54,22.16,272.16
seq-04/frame-000407,1,0.02421,1.5471,2481,954,564,0.98,129.28,148.73,24.46,303.45
seq-04/frame-000408,1,0.02477,1.3840,2423,914,542,0.92,111.55,145.87,20.55,278.90
seq-04/frame-000409,1,0.02140,1.3634,2515,944,553,0.92,116.50,136.85,15.57,269.85
seq-04/frame-000410,1,0.02539,1.3234,2412,962,571,1.31,124.87,137.59,19.70,283.47
seq-04/frame-000411,1,0.03585,1.3673,2086,865,538,0.87,113.06,114.49,18.40,246.83
seq-04/frame-000412,1,0.02572,1.4052,1863,896,608,1.32,105.10,115.92,14.66,237.01
seq-04/frame-000413,1,0.02653,1.3466,2086,1034,661,0.93,108.66,136.34,22.63,268.56
seq-04/frame-000414,1,0.02673,1.3065,2696,1056,660,0.96,120.82,143.60,27.92,293.29
seq-04/frame-000415,1,0.02613,1.2912,2747,1137,682,1.34,118.31,156.75,19.85,296.26
seq-04/frame-000416,1,0.02566,1.4215,2752,1098,669,1.36,126.81,140.57,20.37,289.12
seq-04/frame-000417,1,0.02793,1.1826,2386,1042,640,0.91,109.08,144.94,24.04,278.97
seq-04/frame-000418,1,0.02999,1.2275,1980,1004,666,0.90,106.93,105.66,29.80,243.30
seq-04/frame-000419,1,0.03098,1.2408,1626,809,551,0.85,92.82,78.26,25.58,197.50
seq-04/frame-000420,1,0.03413,1.5647,1678,819,562,1.03,109.88,98.80,29.25,238.96
seq-04/frame-000421,1,0.03504,1.5366,1760,1022,733,0.88,100.82,85.56,30.45,217.72
seq-04/frame-000422,1,0.03105,1.4761,1943,1031,695,0.87,103.39,120.41,15.18,239.85
seq-04/frame-000423,1,0.03073,1.3542,2447,1112,744,0.91,92.02,133.45,14.72,241.10
seq-04/frame-000424,1,0.03594,1.6752,1997,1154,812,0.85,100.30,127.68,27.96,256.80
seq-04/frame-000425,1,0.03760,1.7317,1538,970,692,0.81,97.61,84.80,19.56,202.78
seq-04/frame-000426,1,0.03204,1.5551,1519,960,705,0.80,87.76,104.52,20.23,213.31
seq-04/frame-000427,1,0.03297,1.7439,2093,1140,790,0.87,117.33,121.43,34.07,273.70
seq-04/frame-000428,1,0.03493,1.5770,2683,1252,823,0.90,146.04,151.21,23.48,321.63
seq-04/frame-000429,1,0.03185,1.5079,2003,1179,835,0.86,119.70,122.48,15.30,258.33
seq-04/frame-000430,1,0.19308,6.3922,2364,1027,595,1.20,146.92,137.16,18.55,303.83
seq-04/frame-000431,1,0.02633,1.4090,2273,1344,947,2.50,138.81,135.46,17.21,293.97
seq-04/frame-000432,1,0.03466,1.7314,2232,1226,843,0.87,118.71,136.09,18.20,273.86
seq-04/frame-000433,1,0.11488,3.6805,2647,1261,810,0.93,137.98,157.76,23.43,320.11
seq-04/frame-000434,1,0.19320,5.9614,2348,1191,792,0.87,118.90,138.91,17.40,276.09
seq-04/frame-000435,1,0.04462,2.2927,2486,1334,916,0.90,112.48,148.20,22.56,284.15
seq-04/frame-000436,1,0.10075,4.3177,2932,1325,844,0.93,116.81,178.62,25.35,321.72
seq-04/frame-000437,1,0.12653,3.4000,2280,1180,843,0.88,114.45,128.24,25.59,269.17
seq-04/frame-000438,1,0.09899,4.2122,2038,1007,689,1.14,118.51,99.03,18.46,237.14
seq-04/frame-000439,1,0.11721,3.5252,2488,1321,908,0.87,122.27,125.68,25.37,274.19
seq-04/frame-000440,1,0.07809,3.2925,3078,1313,791,4.15,143.68,158.99,21.07,327.90
seq-04/frame-000441,1,0.10092,3.4519,2766,1340,855,0.93,132.46,128.51,25.41,287.32
seq-04/frame-000442,1,0.03527,1.9350,2703,1507,1021,4.41,133.19,145.57,25.98,309.15
seq-04/frame-000443,1,0.09357,3.7520,3376,1457,921,0.96,122.82,178.27,41.44,343.50
seq-04/frame-000444,1,0.07629,3.0564,3099,1461,990,0.95,114.48,169.58,14.93,299.94
seq-04/frame-000445,1,0.10377,3.3795,3415,1570,1021,0.97,105.92,186.98,20.66,314.53
seq-04/frame-000446,1,0.10492,4.2761,2549,1329,941,0.89,107.78,137.76,18.88,265.31
seq-04/frame-000447,1,0.10534,4.0181,2549,1329,941,0.85,107.32,122.87,33.41,264.45
seq-04/frame-000448,1,0.08414,3.5288,2901,1331,879,0.97,92.00,170.04,29.27,292.28
seq-04/frame-000449,1,0.08038,3.2632,3023,1310,830,1.08,98.59,170.20,48.76,318.63
seq-04/frame-000450,1,0.10548,3.3775,3369,1425,893,0.97,129.50,177.21,16.47,324.15
seq-04/frame-000451,1,0.08148,2.8031,3285,1550,986,0.93,124.46,210.06,19.92,355.37
seq-04/frame-000452,1,0.06756,2.9410,3214,1467,928,1.01,113.47,197.27,22.64,334.39
seq-04/frame-000453,1,0.08345,3.5570,3164,1390,881,1.06,112.03,187.44,44.94,345.47
seq-04/frame-000454,1,0.08347,3.5552,3164,1390,881,1.07,136.31,194.55,47.67,379.60
seq-04/frame-000455,1,0.00825,0.8243,3454,1639,1075,1.04,149.86,301.00,34.07,485.98
seq-04/frame-000456,1,0.06689,2.4918,2585,1562,1101,2.56,123.28,141.44,45.18,312.46
seq-04/frame-000457,1,0.07878,3.4313,3402,1553,1043,0.98,132.84,221.83,23.95,379.60
seq-04/frame-000458,1,0.04797,2.4901,3136,1326,850,1.10,126.93,167.74,26.48,322.25
seq-04/frame-000459,1,0.09027,3.8047,3547,1564,998,1.03,109.91,433.47,25.37,569.79
seq-04/frame-000460,1,0.07646,2.3815,3492,1713,1110,0.98,130.44,508.52,24.87,664.81
seq-04/frame-000461,1,0.07856,2.1042,3492,1713,1110,0.97,180.35,302.42,25.16,508.91
seq-04/frame-000462,1,0.08892,4.2667,3457,1582,1015,1.01,229.11,303.51,27.76,561.40
seq-04/frame-000463,1,0.08292,3.4017,2993,1349,901,1.06,243.40,239.11,36.62,520.20
seq-04/frame-000464,1,0.05151,2.7495,3164,1357,868,1.08,246.85,240.56,28.97,517.46
seq-04/frame-000465,1,0.09999,3.2213,2684,1457,1034,0.89,252.28,210.33,32.94,496.47
seq-04/frame-000466,1,0.09040,3.1938,3017,1523,1039,1.07,283.08,233.89,38.29,556.32
seq-04/frame-000467,1,0.00283,0.6587,3213,1507,1002,1.34,231.66,245.50,33.05,511.55
seq-04/frame-000468,1,0.07210,2.6741,2929,1595,1126,0.98,205.89,230.38,35.24,472.50
seq-04/frame-000469,1,0.07401,2.3831,2929,1595,1126,0.92,132.07,207.72,24.43,365.14
seq-04/frame-000470,1,0.06769,2.1180,2016,923,611,1.18,124.27,147.70,18.13,291.28
seq-04/frame-000471,1,0.06262,2.5855,2285,1217,871,0.85,133.24,144.70,22.16,300.96
seq-04/frame-000472,1,0.12631,5.6308,2467,1186,809,1.03,158.56,147.21,25.71,332.51
seq-04/frame-000473,1,0.11730,5.1862,3086,1408,896,1.04,188.76,177.72,32.22,399.75
seq-04/frame-000474,1,0.08970,3.2457,2419,1503,1094,0.86,127.51,146.13,29.00,303.50
seq-04/frame-000475,1,0.09003,2.8506,2419,1503,1094,0.88,152.33,117.18,33.73,304.13
seq-04/frame-000476,1,0.10666,4.7263,2237,1339,977,0.83,120.27,109.96,23.09,254.15
seq-04/frame-000477,1,0.03786,2.9979,3378,1685,1134,0.97,141.20,185.51,30.93,358.61
seq-04/frame-000478,1,0.10287,5.0687,3090,1390,938,1.08,117.64,179.57,31.34,329.63
seq-04/frame-000479,1,0.06694,4.1983,3192,1467,964,1.03,121.29,193.41,19.71,335.44
seq-04/frame-000480,1,0.07310,2.2670,3727,1730,1100,0.98,124.25,254.78,13.03,393.04
seq-04/frame-000481,1,0.05257,3.6248,3158,1633,1126,0.93,122.55,211.02,15.41,349.92
seq-04/frame-000482,1,0.04840,3.0719,3158,1633,1126,0.95,135.73,209.87,10.38,356.93
seq-04/frame-000483,1,0.03044,2.6745,3370,1573,1074,1.25,130.49,246.95,15.13,393.83
seq-04/frame-000484,1,0.03886,2.5852,3221,1715,1194,1.81,137.49,177.68,39.35,356.33
seq-04/frame-000485,1,0.08527,2.5760,2252,1360,1022,0.82,105.06,158.41,20.43,284.73
seq-04/frame-000486,1,0.08529,2.5798,2252,1360,1022,0.83,110.63,175.71,16.12,303.29
seq-04/frame-000487,1,0.10109,2.0004,2182,1295,933,0.82,136.42,126.90,27.25,291.39
seq-04/frame-000488,1,0.04920,2.0540,2009,1075,774,0.79,102.69,142.00,45.38,290.87
seq-04/frame-000489,1,0.09035,3.7479,2550,1305,920,0.85,136.56,130.35,29.28,297.06
seq-04/frame-000490,1,0.11165,5.1515,2489,1209,821,1.01,101.45,152.70,33.17,288.34
seq-04/frame-000491,1,0.12272,5.3804,2488,1295,916,1.81,107.23,132.42,23.74,265.20
seq-04/frame-000492,1,0.12293,5.3838,2488,1295,916,1.06,105.00,150.52,19.40,275.99
seq-04/frame-000493,1,0.08666,3.8787,3087,1512,1011,0.93,108.35,190.91,17.49,317.69
seq-04/frame-000494,1,0.02594,2.5681,3381,1815,1261,0.89,136.22,197.11,20.78,355.01
seq-04/frame-000495,1,0.01528,2.5485,3321,1670,1125,0.91,127.39,202.74,39.35,370.39
seq-04/frame-000496,1,0.01378,2.6019,3012,1535,1066,0.92,115.59,165.53,18.01,300.06
seq-04/frame-000497,1,0.01421,2.6113,3012,1535,1066,1.67,127.15,156.35,21.72,306.89
seq-04/frame-000498,1,0.11878,4.9261,2420,1251,854,1.03,89.56,140.38,17.81,248.78
seq-04/frame-000499,1,0.03830,2.8336,1932,978,636,1.01,79.40,93.03,17.36,190.80
seq-04/frame-000500,1,0.03528,2.9564,1793,990,687,0.89,79.34,98.13,16.26,194.62
seq-04/frame-000501,1,0.03366,3.6551,1793,990,687,0.86,74.69,78.26,13.97,167.79
seq-04/frame-000502,1,0.03567,2.6142,1584,877,609,0.79,76.81,76.87,29.68,184.15
seq-04/frame-000503,1,0.04770,3.0462,1215,567,372,0.76,89.15,77.81,22.00,189.72
seq-04/frame-000504,1,0.12110,3.9793,1568,742,510,0.83,108.74,107.06,44.83,261.46
seq-04/frame-000505,1,0.06641,3.0490,1669,768,488,0.83,87.84,91.20,26.30,206.18
seq-04/frame-000506,1,0.06663,3.0878,1669,768,488,0.85,97.70,81.92,26.36,206.84
seq-04/frame-000507,1,0.02808,2.6285,1614,754,493,0.84,91.14,101.21,46.78,239.97
seq-04/frame-000508,1,0.03913,1.6695,1646,775,503,0.86,105.69,268.09,35.53,410.18
seq-04/frame-000509,1,0.08177,4.1946,1817,803,521,0.89,107.75,289.35,20.19,418.19
seq-04/frame-000510,1,0.04469,3.2811,2165,997,653,0.91,138.32,301.92,22.14,463.30
seq-04/frame-000511,1,0.02361,2.1788,1797,820,520,0.91,101.09,300.02,35.63,437.66
seq-04/frame-000512,1,0.02124,2.2393,1797,820,520,5.27,127.75,253.05,35.55,421.63
seq-04/frame-000513,1,0.04536,3.3490,2114,933,587,0.98,126.77,231.58,24.11,383.45
seq-04/frame-000514,1,0.05910,3.8948,1721,754,459,1.97,198.80,135.23,26.81,362.81
seq-04/frame-000515,1,0.03776,3.1994,1577,719,451,1.78,171.16,141.38,24.57,338.89
seq-04/frame-000516,1,0.01280,1.9743,1593,774,487,1.30,167.30,118.83,19.47,306.91
seq-04/frame-000517,1,0.07371,4.5912,2030,849,531,1.13,155.07,139.59,21.38,317.16
seq-04/frame-000518,1,0.07024,4.5049,2030,849,531,0.90,115.58,154.27,23.67,294.43
seq-04/frame-000519,1,0.02780,2.1639,1948,964,581,0.94,111.29,142.88,36.56,291.67
seq-04/frame-000520,1,0.06960,4.3083,1627,742,473,2.08,113.11,119.64,49.37,284.21
seq-04/frame-000521,1,0.04090,2.8891,1512,758,475,1.19,105.36,118.02,30.55,255.13
seq-04/frame-000522,1,0.06521,4.0734,1526,770,496,0.87,112.68,126.80,28.41,268.77
seq-04/frame-000523,1,0.06011,4.0240,1849,777,464,0.87,110.16,130.34,56.04,297.41
seq-04/frame-000524,1,0.05504,3.4488,2131,952,612,0.96,126.35,198.37,44.01,369.69
seq-04/frame-000525,1,0.06258,3.4395,2363,969,584,0.95,129.95,216.06,15.30,362.26
seq-04/frame-000526,1,0.05909,3.8846,2333,1035,649,0.95,134.66,187.80,22.75,346.18
seq-04/frame-000527,1,0.05828,3.8435,2333,1035,649,0.91,133.95,198.90,20.50,354.26
seq-04/frame-000528,1,0.07851,4.5328,2272,992,614,1.51,157.51,170.13,22.08,351.24
seq-04/frame-000529,1,0.04758,3.4355,2194,924,595,1.53,152.13,160.10,20.12,333.89
seq-04/frame-000530,1,0.06085,3.9482,2402,1010,624,6.24,152.53,160.24,18.95,337.96
seq-04/frame-000531,1,0.05294,3.0199,2119,881,521,0.92,160.48,145.55,24.38,331.34
seq-04/frame-000532,1,0.08845,4.7976,2297,920,553,0.89,141.33,170.05,24.58,336.85
seq-04/frame-000533,1,0.06665,3.7826,2242,993,653,0.87,129.17,177.29,16.94,324.28
seq-04/frame-000534,1,0.05612,3.7551,2271,1006,651,0.90,116.27,160.34,21.01,298.53
seq-04/frame-000535,1,0.05333,3.4821,2271,1006,651,0.94,150.95,147.63,31.65,331.18
seq-04/frame-000536,1,0.04097,3.2067,2163,1036,717,0.92,143.95,130.36,35.34,310.57
seq-04/frame-000537,1,0.07011,4.1923,2419,1120,766,1.24,143.23,142.39,44.90,331.75
seq-04/frame-000538,1,0.07541,4.4832,2262,1023,633,0.88,127.05,147.63,22.24,297.82
seq-04/frame-000539,1,0.03374,2.5271,2856,1355,880,1.46,135.66,166.11,28.84,332.08
seq-04/frame-000540,1,0.03238,0.6456,1398,640,425,1.02,90.33,93.60,11.66,196.60
seq-04/frame-000541,1,0.03313,2.6584,1876,1025,742,0.84,124.31,96.14,16.51,237.80
seq-04/frame-000542,1,0.02818,3.0220,1876,1025,742,0.86,133.17,104.58,14.91,253.53
seq-04/frame-000543,1,0.05683,3.7799,2161,1030,681,1.99,129.08,113.21,9.93,254.21
seq-04/frame-000544,1,0.08370,4.3076,1398,684,418,0.84,93.69,73.73,15.30,183.56
seq-04/frame-000545,1,0.06455,3.3944,1546,789,543,4.59,103.78,93.28,13.30,214.96
seq-04/frame-000546,1,0.08368,4.2636,2464,1292,891,2.03,105.75,119.26,19.29,246.34
seq-04/frame-000547,1,0.04794,3.2259,2691,1394,978,0.89,105.98,146.99,26.52,280.38
seq-04/frame-000548,1,0.01794,2.1864,1665,913,650,0.86,84.10,84.81,18.44,188.21
seq-04/frame-000549,1,0.01616,1.8478,1665,913,650,0.83,87.44,94.48,22.66,205.42
seq-04/frame-000550,1,0.06599,3.9741,2358,1206,844,0.89,130.10,276.39,57.63,465.01
seq-04/frame-000551,1,0.03497,2.8446,2327,1249,906,1.01,122.52,250.51,41.10,415.14
seq-04/frame-000552,1,0.04040,2.9797,2096,1152,856,0.85,86.31,117.38,19.47,224.01
seq-04/frame-000553,1,0.03124,2.6619,1722,932,683,1.33,108.76,227.53,27.62,365.24
seq-04/frame-000554,1,0.04309,2.9896,1472,896,664,0.84,82.37,85.17,26.60,194.99
seq-04/frame-000555,1,0.04110,2.7386,1192,680,506,0.80,77.62,55.12,20.14,153.68
seq-04/frame-000556,1,0.04513,2.7855,1262,813,610,0.83,75.51,197.74,46.85,320.94
seq-04/frame-000557,1,0.04279,2.7066,1264,761,594,0.80,79.49,185.57,40.24,306.14
seq-04/frame-000558,1,0.04243,1.9376,1264,761,594,0.81,77.96,237.17,23.58,339.53
seq-04/frame-000559,1,0.02791,2.3609,1297,772,587,0.81,93.28,235.51,35.39,364.99
seq-04/frame-000560,1,0.04493,2.7112,1456,808,556,0.88,118.04,238.27,13.47,370.67
seq-04/frame-000561,1,0.04698,2.8641,1423,783,566,0.85,115.06,206.17,29.43,351.51
seq-04/frame-000562,1,0.01037,1.7233,1306,665,460,1.01,114.04,202.73,26.92,344.69
seq-04/frame-000563,1,0.01278,1.5786,1306,665,460,1.19,169.64,118.30,43.86,332.98
seq-04/frame-000564,1,0.02096,1.9336,1292,734,528,0.81,159.56,96.44,44.26,301.07
seq-04/frame-000565,1,0.04199,2.7740,1764,914,627,1.95,172.57,156.37,36.85,367.74
seq-04/frame-000566,1,0.07028,3.4054,1898,984,664,0.90,170.11,179.04,13.58,363.64
seq-04/frame-000567,1,0.02270,1.9982,1137,639,461,0.87,118.97,60.23,14.63,194.70
seq-04/frame-000568,1,0.02079,1.9246,1407,809,580,0.84,106.94,137.22,33.12,278.12
seq-04/frame-000569,1,0.02011,1.9046,1407,809,580,0.83,128.26,173.56,33.25,335.91
seq-04/frame-000570,1,0.05790,3.1274,1466,778,555,0.84,168.40,92.29,30.23,291.77
seq-04/frame-000571,1,0.06386,3.2390,1483,740,506,1.30,148.15,97.90,17.07,264.43
seq-04/frame-000572,1,0.04351,2.7030,1474,735,508,0.86,217.10,95.09,33.32,346.38
seq-04/frame-000573,1,0.05651,2.8016,1586,761,523,0.86,103.38,83.93,25.55,213.72
seq-04/frame-000574,1,0.05537,2.9621,1586,761,523,0.88,100.81,123.52,95.20,320.40
seq-04/frame-000575,1,0.05168,2.9519,1763,802,537,0.89,99.51,196.40,35.45,332.25
seq-04/frame-000576,1,0.04178,2.5552,1747,829,612,0.88,87.04,194.56,28.51,310.99
seq-04/frame-000577,1,0.04656,2.8112,1658,891,652,0.91,104.62,122.38,21.22,249.14
seq-04/frame-000578,1,0.05572,3.0122,1928,935,651,0.88,101.75,205.65,32.47,340.76
seq-04/frame-000579,1,0.05627,3.0747,1928,935,651,0.89,159.75,120.24,32.20,313.09
seq-04/frame-000580,1,0.05099,2.7930,1938,880,608,0.89,183.68,105.51,27.76,317.84
seq-04/frame-000581,1,0.05367,2.8880,1871,820,546,0.87,198.13,103.71,34.48,337.19
seq-04/frame-000582,1,0.07284,3.5536,1902,846,504,0.86,214.62,112.07,14.29,341.84
seq-04/frame-000583,1,0.07143,3.4955,1685,754,453,37.00,158.67,96.56,10.62,302.85
seq-04/frame-000584,1,0.04445,2.7049,1714,907,666,0.86,92.98,111.77,26.17,231.78
seq-04/frame-000585,1,0.04275,2.6510,1714,907,666,1.02,103.12,112.22,20.76,237.12
seq-04/frame-000586,1,0.04716,2.8944,1825,938,684,1.51,109.62,124.43,21.90,257.47
seq-04/frame-000587,1,0.03772,2.1847,1363,740,506,1.06,85.39,98.14,29.36,213.96
seq-04/frame-000588,1,0.03837,2.8085,1216,687,507,0.89,81.20,77.74,7.65,167.48
seq-04/frame-000589,1,0.04258,3.0072,1646,854,641,0.86,92.16,89.98,13.70,196.71
seq-04/frame-000590,1,0.04556,2.7410,1646,854,641,0.86,94.50,97.29,18.67,211.32
seq-04/frame-000591,1,0.04815,2.8411,1663,863,621,0.85,83.00,98.29,24.24,206.39
seq-04/frame-000592,1,0.03555,2.3001,1560,888,664,0.90,103.91,78.35,19.04,202.21
seq-04/frame-000593,1,0.01965,1.7770,1207,691,516,0.82,87.24,72.00,22.23,182.30
seq-04/frame-000594,1,0.01948,1.7758,1022,612,438,0.81,74.64,59.29,13.75,148.50
seq-04/frame-000595,1,0.02070,1.8096,1162,716,561,0.81,77.70,67.12,28.74,174.38
seq-04/frame-000596,1,0.02128,1.7989,1162,716,561,0.81,78.06,52.83,28.65,160.36
seq-04/frame-000597,1,0.01794,1.6927,966,571,433,0.80,65.73,45.61,15.86,128.01
seq-04/frame-000598,1,0.04440,2.9329,892,541,407,0.80,60.26,41.90,9.47,112.43
seq-04/frame-000599,1,0.04594,2.7394,1090,678,509,1.27,66.00,70.20,18.36,155.83
seq-04/frame-000600,1,0.03538,2.3086,1109,698,563,0.81,67.46,52.59,14.00,134.86
seq-04/frame-000601,1,0.03603,2.3002,1109,698,563,0.79,68.04,62.79,20.11,151.74
seq-04/frame-000602,1,0.04444,2.7578,1247,720,571,1.20,85.86,77.65,23.39,188.11
seq-04/frame-000603,1,0.04265,2.7248,912,557,425,0.78,68.44,49.37,11.77,130.36
seq-04/frame-000604,1,0.03602,2.6596,775,515,402,0.77,63.25,41.67,12.53,118.22
seq-04/frame-000605,1,0.04310,2.6728,1154,744,621,1.19,74.23,68.83,17.28,161.53
seq-04/frame-000606,1,0.04236,2.6736,1154,744,621,0.81,76.98,61.98,20.36,160.13
seq-04/frame-000607,1,0.03316,2.1245,971,586,466,0.80,73.74,72.48,14.13,161.16
seq-04/frame-000608,1,0.01640,1.7622,663,401,302,1.01,59.73,40.65,14.88,116.27
seq-04/frame-000609,1,0.03900,2.6933,732,512,418,0.75,55.75,50.17,15.11,121.78
seq-04/frame-000610,1,0.02274,2.1199,1486,1024,836,0.85,91.80,85.94,14.03,192.61
seq-04/frame-000611,1,0.02195,2.1599,1486,1024,836,0.84,86.58,82.38,14.11,183.91
seq-04/frame-000612,1,0.04516,2.6208,1301,750,622,0.81,84.22,74.80,10.36,170.18
seq-04/frame-000613,1,0.01852,2.0074,656,440,336,0.75,73.63,32.71,8.09,115.18
seq-04/frame-000614,1,0.08990,2.9555,522,282,195,0.71,59.09,26.09,9.96,95.86
seq-04/frame-000615,1,0.06218,1.5372,838,611,528,2.80,70.74,56.93,10.60,141.07
seq-04/frame-000616,1,0.07255,2.1364,1652,1213,1014,0.84,100.78,81.01,14.18,196.80
seq-04/frame-000617,1,0.07204,2.1394,1652,1213,1014,2.41,86.69,115.43,18.35,222.88
seq-04/frame-000618,1,0.07133,1.4788,999,627,508,0.80,64.08,57.00,11.09,132.98
seq-04/frame-000619,1,0.09754,2.6687,596,307,224,0.73,49.93,31.84,7.41,89.91
seq-04/frame-000620,1,0.07673,2.1121,727,448,341,0.76,54.88,35.21,9.88,100.73
seq-04/frame-000621,1,0.05020,1.3471,1909,1487,1300,0.85,77.02,123.05,32.92,233.85
seq-04/frame-000622,1,0.05154,1.1251,1600,1184,1012,0.86,71.40,97.70,16.57,186.53
seq-04/frame-000623,1,0.06041,1.6616,1893,1375,1201,0.89,122.27,130.74,19.35,273.26
seq-04/frame-000624,1,0.05599,1.5457,1205,833,714,0.83,97.62,69.79,15.29,183.53
seq-04/frame-000625,1,0.05631,1.5300,1205,833,714,0.83,80.41,76.35,17.71,175.32
seq-04/frame-000626,1,0.06157,1.8266,1499,1133,1002,1.31,80.30,93.99,31.74,207.34
seq-04/frame-000627,1,0.05776,1.6072,1733,1303,1170,0.87,92.17,114.05,22.38,229.47
seq-04/frame-000628,1,0.05504,1.7262,1978,1472,1298,0.88,104.61,137.73,21.96,265.18
seq-04/frame-000629,1,0.05087,1.5307,1819,1207,1048,0.88,90.87,142.85,10.07,244.67
seq-04/frame-000630,1,0.05583,1.7432,1615,1167,1038,0.89,97.06,126.72,16.42,241.10
seq-04/frame-000631,1,0.06151,1.7926,1510,1095,966,0.95,129.72,104.44,13.68,248.79
seq-04/frame-000632,1,0.04977,1.6129,2130,1621,1453,1.16,147.05,130.60,15.24,294.04
seq-04/frame-000633,1,0.05036,1.4572,2196,1649,1457,1.24,151.64,147.29,23.03,323.21
seq-04/frame-000634,1,0.06099,1.8990,1750,1273,1129,2.51,121.91,123.00,17.39,264.81
seq-04/frame-000635,1,0.04881,1.6311,1880,1458,1289,2.63,127.13,122.26,15.52,267.55
seq-04/frame-000636,1,0.05361,1.6428,1782,1336,1203,1.10,112.12,104.46,16.96,234.65
seq-04/frame-000637,1,0.05262,1.5857,1782,1336,1203,0.90,101.52,130.26,43.42,276.09
seq-04/frame-000638,1,0.05198,1.6508,2055,1512,1359,1.00,115.50,160.64,22.72,299.86
seq-04/frame-000639,1,0.04941,1.6126,2102,1597,1423,2.29,99.20,145.74,43.21,290.45
seq-04/frame-000640,1,0.04807,1.3142,1393,1039,932,3.40,92.96,126.27,29.99,252.62
seq-04/frame-000641,1,0.04965,1.5722,1805,1363,1215,0.93,118.29,154.64,14.12,287.98
seq-04/frame-000642,1,0.04471,1.2803,2372,1813,1637,1.03,149.20,182.90,10.75,343.89
seq-04/frame-000643,1,0.04722,1.3519,1951,1451,1297,0.90,129.21,129.52,17.15,276.77
seq-04/frame-000644,1,0.04558,1.2775,1645,1250,1122,0.97,127.74,106.63,25.89,261.23
seq-04/frame-000645,1,0.04891,1.3968,1640,1187,1047,1.22,117.24,118.21,15.58,252.25
seq-04/frame-000646,1,0.04249,1.2426,1920,1499,1332,0.92,134.17,138.76,17.90,291.75
seq-04/frame-000647,1,0.04089,1.0913,1785,1375,1244,4.10,119.07,124.56,27.47,275.23
seq-04/frame-000648,1,0.04272,1.2133,1821,1369,1230,0.94,104.83,109.22,18.75,233.74
seq-04/frame-000649,1,0.04261,1.0253,2123,1649,1478,2.41,125.56,128.01,29.57,285.55
seq-04/frame-000650,1,0.03789,0.9804,2501,1927,1744,1.48,136.34,146.38,20.45,304.65
seq-04/frame-000651,1,0.03918,1.0351,2562,1990,1802,1.39,125.17,706.02,17.95,850.53
seq-04/frame-000652,1,0.04213,1.0703,2679,2092,1900,1.27,120.23,761.99,22.71,906.20
seq-04/frame-000653,1,0.04128,1.0089,2122,1683,1493,1.15,108.33,679.92,24.48,813.89
seq-04/frame-000654,1,0.04826,1.1458,2099,1632,1486,1.32,105.24,688.48,17.10,812.14
seq-04/frame-000655,1,0.03896,0.9045,2546,1913,1718,1.01,122.46,754.13,14.49,892.09
seq-04/frame-000656,1,0.03803,0.8919,2610,2089,1891,1.12,122.31,765.40,26.88,915.72
seq-04/frame-000657,1,0.03797,0.9268,2643,2106,1900,1.06,273.16,611.93,19.36,905.52
seq-04/frame-000658,1,0.03966,0.9849,2799,2206,1983,3.33,296.27,584.85,20.22,904.69
seq-04/frame-000659,1,0.04047,0.9819,2714,2126,1919,1.05,577.93,238.45,20.24,837.67
seq-04/frame-000660,1,0.03702,0.8874,2585,2037,1814,1.02,572.73,225.73,15.94,815.42
seq-04/frame-000661,1,0.03482,0.8591,2570,2009,1813,1.07,159.42,224.26,25.13,409.89
seq-04/frame-000662,1,0.03853,0.8858,2465,1919,1728,0.99,140.29,239.95,24.12,405.35
seq-04/frame-000663,1,0.03352,0.9036,2613,1962,1752,1.29,162.15,203.50,23.12,390.06
seq-04/frame-000664,1,0.03936,1.0519,2544,1982,1752,0.99,138.44,166.44,20.33,326.19
seq-04/frame-000665,1,0.03352,0.8183,2514,1931,1739,1.81,146.04,203.71,22.71,374.28
seq-04/frame-000666,1,0.03093,0.5490,2343,1800,1631,0.98,160.40,163.92,27.38,352.67
seq-04/frame-000667,1,0.03936,0.9092,2229,1738,1554,1.06,171.84,562.74,28.13,763.78
seq-04/frame-000668,1,0.04532,1.1761,2056,1554,1380,4.43,146.33,175.20,18.99,344.96
seq-04/frame-000669,1,0.03602,0.9818,2398,1889,1704,0.97,190.07,209.69,34.54,435.27
seq-04/frame-000670,1,0.03716,0.9101,2411,1858,1670,1.00,142.89,187.02,29.79,360.70
seq-04/frame-000671,1,0.03738,0.9465,2437,1890,1704,1.23,159.96,1214.17,19.69,1395.06
seq-04/frame-000672,1,0.03416,0.8809,2228,1630,1465,1.15,125.74,476.30,220.54,823.74
seq-04/frame-000673,1,0.03811,0.9174,1862,1421,1253,1.91,139.70,443.50,377.09,962.22
seq-04/frame-000674,1,0.04334,0.9802,1577,1189,1054,6.54,115.27,292.44,56.27,470.52
seq-04/frame-000675,1,0.03733,0.7286,1756,1348,1185,1.20,300.14,857.20,60.96,1219.50
seq-04/frame-000676,1,0.03391,0.6869,1578,1172,1030,0.90,276.91,561.12,145.39,984.33
seq-04/frame-000677,1,0.03738,0.7178,1588,1152,1013,1.17,258.94,785.61,67.23,1112.96
seq-04/frame-000678,1,0.03624,0.6950,1495,1120,973,1.03,321.18,827.45,36.79,1186.46
seq-04/frame-000679,1,0.03966,0.8141,1353,952,832,3.10,295.34,835.88,34.61,1168.93
seq-04/frame-000680,1,0.03751,0.7667,1450,1020,904,0.92,203.86,992.37,16.96,1214.13
seq-04/frame-000681,1,0.04347,0.8826,1742,1236,1092,1.85,631.67,576.34,27.93,1237.79
seq-04/frame-000682,1,0.04724,1.0419,989,578,466,6.88,543.58,319.58,32.62,902.68
seq-04/frame-000683,1,0.04135,0.7559,1374,978,802,3.82,501.63,327.04,19.64,852.14
seq-04/frame-000684,1,0.04101,0.7393,2109,1476,1270,2.14,413.73,361.20,17.11,794.19
seq-04/frame-000685,1,0.05312,1.0998,1994,1404,1207,20.76,398.66,267.38,32.80,719.61
seq-04/frame-000686,1,0.05264,0.8008,1366,841,678,1.71,203.91,290.89,10.70,507.22
seq-04/frame-000687,1,0.04128,0.8102,2302,1579,1378,1.13,430.55,210.84,15.32,657.85
seq-04/frame-000688,1,0.04327,0.8931,2508,1642,1393,1.08,416.42,214.37,18.04,649.92
seq-04/frame-000689,1,0.04819,0.8046,1619,1025,859,0.94,358.39,165.02,13.58,537.92
seq-04/frame-000690,1,0.03055,1.0890,2578,1736,1490,1.26,168.72,210.75,39.09,419.82
seq-04/frame-000691,1,0.03547,0.8086,2646,1723,1478,1.10,153.20,173.84,24.89,353.02
seq-04/frame-000692,1,0.03855,0.9339,2711,1748,1536,1.05,146.92,210.49,14.92,373.37
seq-04/frame-000693,1,0.03696,0.7430,2527,1692,1451,1.54,127.63,204.30,15.45,348.92
seq-04/frame-000694,1,0.03183,0.7160,2709,1849,1579,1.42,139.59,186.36,21.13,348.51
seq-04/frame-000695,1,0.03208,0.7743,2805,1886,1590,1.72,133.66,200.43,19.16,354.97
seq-04/frame-000696,1,0.03276,0.7142,2839,1812,1531,1.05,166.59,155.26,21.35,344.27
seq-04/frame-000697,1,0.03214,0.8166,2817,1797,1517,1.11,166.71,179.17,10.91,357.90
seq-04/frame-000698,1,0.03418,0.8924,2784,1759,1484,1.10,153.29,181.60,27.15,363.14
seq-04/frame-000699,1,0.03092,0.7281,2848,1875,1540,1.11,138.39,211.48,17.73,368.71
seq-04/frame-000700,1,0.03360,0.7643,2723,1787,1514,1.06,122.19,180.78,30.81,334.83
seq-04/frame-000701,1,0.03146,0.8188,2892,1867,1591,1.58,147.53,216.59,32.06,397.76
seq-04/frame-000702,1,0.03354,0.8445,2893,1889,1608,2.36,128.74,225.93,28.16,385.19
seq-04/frame-000703,1,0.03757,1.0305,2441,1733,1490,0.96,102.10,191.70,25.90,320.67
seq-04/frame-000704,1,0.03179,0.7332,2509,1699,1430,1.33,107.31,199.67,17.25,325.56
seq-04/frame-000705,1,0.03254,0.8061,2907,1784,1476,1.03,118.14,206.34,27.77,353.29
seq-04/frame-000706,1,0.02808,0.8019,2684,1657,1395,1.01,141.87,168.59,29.18,340.65
seq-04/frame-000707,1,0.03099,0.8248,2728,1891,1605,1.03,122.33,172.26,17.87,313.50
seq-04/frame-000708,1,0.03944,0.9579,2442,1667,1410,1.41,111.97,160.73,23.06,297.18
seq-04/frame-000709,1,0.04240,1.0847,2243,1520,1274,0.99,114.63,123.16,24.15,262.94
seq-04/frame-000710,1,0.03691,0.9750,2566,1739,1483,1.03,120.02,147.18,22.68,290.92
seq-04/frame-000711,1,0.04492,1.1500,2197,1395,1162,1.87,101.61,142.30,13.60,259.39
seq-04/frame-000712,1,0.04351,1.2167,2288,1540,1295,0.99,101.63,137.66,17.93,258.21
seq-04/frame-000713,1,0.04714,1.2969,2664,1903,1624,0.98,112.10,166.69,18.78,298.54
seq-04/frame-000714,1,0.04742,1.4257,2944,1907,1607,1.31,115.47,187.96,23.93,328.68
seq-04/frame-000715,1,0.04639,1.2481,2586,1754,1481,1.14,104.06,139.75,17.00,261.95
seq-04/frame-000716,1,0.04469,1.2033,2340,1600,1353,1.01,107.75,109.36,18.73,236.86
seq-04/frame-000717,1,0.04432,1.3038,2870,1940,1652,1.03,117.39,157.07,13.98,289.47
seq-04/frame-000718,1,0.04580,1.3688,2808,1901,1591,1.04,105.22,166.74,17.20,290.21
seq-04/frame-000719,1,0.05452,1.6441,3016,2046,1741,1.00,140.51,154.95,13.77,310.23
seq-04/frame-000720,1,0.05880,1.7867,3029,2037,1735,1.05,124.70,170.75,25.44,321.95
seq-04/frame-000721,1,0.06397,1.8514,2532,1600,1307,1.55,100.33,170.64,20.32,292.84
seq-04/frame-000722,1,0.07423,2.2349,2846,1921,1591,1.03,113.11,161.31,28.02,303.47
seq-04/frame-000723,1,0.06734,2.0139,2156,1363,1086,0.99,90.06,115.90,18.20,225.15
seq-04/frame-000724,1,0.06136,1.7970,2730,1713,1422,0.98,124.80,152.73,15.34,293.86
seq-04/frame-000725,1,0.07797,2.3737,2963,1946,1626,1.06,129.05,163.72,27.31,321.14
seq-04/frame-000726,1,0.07673,2.3429,2679,1716,1420,1.04,122.48,156.77,33.89,314.18
seq-04/frame-000727,1,0.07123,2.1223,2575,1677,1383,0.95,132.26,139.61,25.17,297.99
seq-04/frame-000728,1,0.06743,2.1167,2925,1918,1585,1.03,145.25,174.11,21.99,342.38
seq-04/frame-000729,1,0.07552,2.3302,2390,1403,1119,0.99,120.39,177.78,20.79,319.95
seq-04/frame-000730,1,0.05055,1.5148,2737,1719,1360,1.02,110.56,166.28,24.99,302.84
seq-04/frame-000731,1,0.05863,1.8764,2512,1573,1266,0.99,105.19,141.42,12.31,259.92
seq-04/frame-000732,1,0.07335,2.4287,2809,1872,1522,1.00,101.59,154.90,31.12,288.62
seq-04/frame-000733,1,0.05785,1.8135,2066,1171,909,0.97,80.46,118.87,17.22,217.52
seq-04/frame-000734,1,0.08021,2.4956,2451,1465,1134,0.98,93.47,140.98,26.97,262.41
seq-04/frame-000735,1,0.08046,2.5851,2484,1477,1112,0.99,89.73,139.14,44.82,274.69
seq-04/frame-000736,1,0.07204,1.5865,2183,1300,1015,0.93,84.15,135.29,27.36,247.74
seq-04/frame-000737,1,0.09775,2.8651,2758,1679,1282,1.05,100.72,187.09,21.95,310.82
seq-04/frame-000738,1,0.09415,2.7510,2823,1638,1286,1.08,128.03,189.42,17.01,335.54
seq-04/frame-000739,1,0.07000,1.8297,1658,899,665,0.90,100.60,109.28,22.40,233.19
seq-04/frame-000740,1,0.08804,2.6504,2554,1575,1236,1.43,107.94,177.51,12.62,299.50
seq-04/frame-000741,1,0.09923,2.7199,2893,1646,1244,1.09,118.27,200.29,17.80,337.44
seq-04/frame-000742,1,0.11101,2.8634,2662,1593,1217,1.04,142.13,157.91,15.54,316.63
seq-04/frame-000743,1,0.09733,2.7193,2703,1591,1216,1.06,139.55,154.53,26.13,321.27
seq-04/frame-000744,1,0.09943,2.7773,2450,1449,1156,0.96,121.91,138.53,26.64,288.04
seq-04/frame-000745,1,0.09763,2.6715,2414,1448,1151,0.95,124.39,152.59,19.96,297.89
seq-04/frame-000746,1,0.09209,2.5613,2062,1297,1006,0.92,94.41,112.87,15.67,223.88
seq-04/frame-000747,1,0.10192,2.8871,2413,1519,1228,0.97,91.06,194.99,25.08,312.10
seq-04/frame-000748,1,0.09857,2.8253,2551,1561,1207,0.98,102.84,141.90,23.63,269.34
seq-04/frame-000749,1,0.10050,2.9132,2643,1569,1271,0.99,104.75,142.57,19.02,267.34
seq-04/frame-000750,1,0.09821,2.9452,2474,1520,1192,0.97,120.30,137.14,23.54,281.96
seq-04/frame-000751,1,0.09471,2.9343,2545,1556,1283,0.99,119.06,140.81,29.13,289.99
seq-04/frame-000752,1,0.08925,2.7347,1977,1210,951,0.95,96.89,109.00,19.87,226.71
seq-04/frame-000753,1,0.08906,2.8079,1789,1040,830,0.90,108.24,103.67,19.30,232.12
seq-04/frame-000754,1,0.08417,2.6256,2039,1284,1025,0.94,97.85,116.35,16.18,231.33
seq-04/frame-000755,1,0.08891,2.8976,1998,1255,1008,0.94,92.32,142.21,14.34,249.82
seq-04/frame-000756,1,0.08429,2.7153,1766,1151,889,3.27,74.71,85.98,15.68,179.64
seq-04/frame-000757,1,0.07742,2.5164,1626,983,771,0.92,78.73,89.78,21.76,191.18
seq-04/frame-000758,1,0.07576,2.5426,1753,1106,902,1.35,83.93,97.00,18.15,200.43
seq-04/frame-000759,1,0.07194,2.4473,2240,1433,1179,0.98,96.86,120.58,19.39,237.81
seq-04/frame-000760,1,0.07152,2.4475,1984,1293,1092,0.94,99.88,99.63,16.88,217.32
seq-04/frame-000761,1,0.07436,2.4939,2261,1452,1200,3.55,107.80,129.50,9.29,250.14
seq-04/frame-000762,1,0.06899,2.3885,2515,1650,1335,0.97,130.09,130.56,41.14,302.77
seq-04/frame-000763,1,0.07142,2.4450,2501,1660,1386,1.13,104.86,134.82,29.30,270.11
seq-04/frame-000764,1,0.07243,2.4326,2616,1707,1381,1.03,109.20,128.54,21.90,260.67
seq-04/frame-000765,1,0.07093,2.3375,2716,1715,1370,1.05,106.05,179.10,24.97,311.17
seq-04/frame-000766,1,0.07128,2.4108,2777,1772,1421,1.06,120.97,155.27,19.83,297.13
seq-04/frame-000767,1,0.07161,2.3286,2735,1742,1393,1.05,95.36,164.78,10.50,271.69
seq-04/frame-000768,1,0.06942,2.3459,2619,1693,1380,1.03,95.03,152.84,16.80,265.70
seq-04/frame-000769,1,0.07280,2.4669,2626,1751,1416,1.02,121.94,151.58,15.70,290.24
seq-04/frame-000770,1,0.07541,2.3953,2330,1530,1207,0.98,117.38,113.91,25.22,257.49
seq-04/frame-000771,1,0.06917,2.3089,2723,1662,1316,1.08,142.81,148.94,17.31,310.15
seq-04/frame-000772,1,0.07040,2.3696,2645,1696,1345,1.04,113.49,145.93,14.27,274.73
seq-04/frame-000773,1,0.06188,2.1415,2462,1599,1277,4.26,132.68,137.87,13.11,287.92
seq-04/frame-000774,1,0.06417,2.1212,2516,1612,1275,1.57,116.99,138.38,13.79,270.74
seq-04/frame-000775,1,0.06429,2.1996,2687,1696,1321,1.08,115.88,146.10,15.60,278.66
seq-04/frame-000776,1,0.06264,2.1313,2691,1801,1425,1.04,101.32,127.90,19.78,250.05
seq-04/frame-000777,1,0.06553,2.1826,2745,1727,1380,1.04,107.11,141.65,14.53,264.34
seq-04/frame-000778,1,0.06535,2.1644,2729,1780,1412,1.00,110.03,154.06,16.43,281.53
seq-04/frame-000779,1,0.06563,2.2105,2742,1706,1357,1.01,97.87,153.89,19.79,272.57
seq-04/frame-000780,1,0.06413,2.1818,2688,1717,1333,1.02,117.22,136.57,16.66,271.49
seq-04/frame-000781,1,0.06531,2.2413,2705,1675,1345,1.01,114.32,134.58,23.32,273.22
seq-04/frame-000782,1,0.06880,2.3186,2822,1753,1359,1.04,107.44,129.84,19.05,257.38
seq-04/frame-000783,1,0.06657,2.2660,2835,1703,1314,1.09,109.12,137.59,23.38,271.19
seq-04/frame-000784,1,0.06345,2.2099,2644,1724,1355,1.02,105.38,129.47,13.42,249.28
seq-04/frame-000785,1,0.06242,2.1904,2683,1742,1368,1.03,95.91,135.09,19.51,251.55
seq-04/frame-000786,1,0.06486,2.2045,2726,1679,1320,1.07,106.58,141.23,23.59,272.48
seq-04/frame-000787,1,0.06358,2.2004,2832,1821,1411,1.08,99.01,140.63,23.82,264.54
seq-04/frame-000788,1,0.06146,2.1341,2777,1732,1385,1.02,112.70,124.78,29.33,267.83
seq-04/frame-000789,1,0.06166,2.1073,2746,1735,1365,1.03,116.22,138.82,12.97,269.04
seq-04/frame-000790,1,0.05891,2.0706,2724,1732,1385,0.99,102.13,136.69,17.44,257.25
seq-04/frame-000791,1,0.05421,1.9190,2872,1775,1408,1.06,128.17,154.86,18.85,302.94
seq-04/frame-000792,1,0.06328,2.1380,2895,1793,1395,1.52,116.62,142.70,23.21,284.06
seq-04/frame-000793,1,0.05961,2.0037,2806,1785,1412,1.02,116.38,157.73,28.59,303.72
seq-04/frame-000794,1,0.05844,2.0229,2830,1839,1432,1.00,132.62,163.28,22.20,319.10
seq-04/frame-000795,1,0.05823,1.9364,2758,1769,1418,0.99,120.76,151.22,11.96,284.93
seq-04/frame-000796,1,0.06155,2.0648,2787,1792,1405,1.02,101.55,159.91,22.90,285.38
seq-04/frame-000797,1,0.06400,2.1480,2841,1749,1358,1.06,98.60,153.88,15.61,269.15
seq-04/frame-000798,1,0.06127,1.9952,2646,1745,1397,0.98,96.92,148.28,20.21,266.41
seq-04/frame-000799,1,0.05978,1.9702,2600,1644,1304,0.96,89.11,142.58,22.70,255.34
seq-04/frame-000800,1,0.06298,2.0185,2330,1554,1238,0.95,82.08,123.60,14.57,221.20
seq-04/frame-000801,1,0.06146,1.9530,2252,1452,1149,0.94,103.85,120.90,18.64,244.34
seq-04/frame-000802,1,0.06137,1.9038,2043,1362,1066,0.90,89.59,121.00,14.25,225.74
seq-04/frame-000803,1,0.06563,2.0699,2545,1767,1416,0.95,111.14,144.34,12.86,269.30
seq-04/frame-000804,1,0.06421,1.8251,1840,1188,926,0.91,103.14,79.48,21.28,204.81
seq-04/frame-000805,1,0.06632,2.0466,2381,1692,1351,0.93,116.83,114.45,15.43,247.64
seq-04/frame-000806,1,0.06722,2.1283,2172,1509,1215,0.93,131.59,128.00,22.93,283.46
seq-04/frame-000807,1,0.06508,2.0226,2234,1626,1296,0.89,104.24,121.03,16.38,242.55
seq-04/frame-000808,1,0.06969,2.2277,2586,1870,1531,0.96,121.95,138.72,23.97,285.60
seq-04/frame-000809,1,0.07216,2.3738,2868,2024,1687,0.95,100.19,155.92,22.52,279.58
seq-04/frame-000810,1,0.07259,2.0630,2450,1812,1495,0.95,97.58,128.41,14.98,241.92
seq-04/frame-000811,1,0.07192,2.3707,2545,1850,1504,0.92,99.61,144.75,20.85,266.14
seq-04/frame-000812,1,0.07277,2.5072,2728,1999,1650,0.95,97.55,151.91,16.10,266.51
seq-04/frame-000813,1,0.07267,2.4917,2966,2194,1814,0.97,115.47,162.74,29.00,308.18
seq-04/frame-000814,1,0.07867,2.7352,2537,1914,1580,0.96,102.66,118.13,17.88,239.64
seq-04/frame-000815,1,0.07598,2.6584,2774,2027,1675,0.92,98.13,147.59,18.93,265.58
seq-04/frame-000816,1,0.07743,2.6827,2694,2025,1684,0.93,114.97,142.76,17.06,275.72
seq-04/frame-000817,1,0.07948,1.9825,2129,1506,1189,0.95,89.27,113.26,22.24,225.71
seq-04/frame-000818,1,0.08074,2.9168,2760,2050,1684,0.95,96.78,149.87,13.53,261.12
seq-04/frame-000819,1,0.07884,2.7133,2263,1646,1319,0.92,87.12,121.41,15.15,224.61
seq-04/frame-000820,1,0.08655,3.2214,2754,2097,1707,0.93,100.16,125.65,20.75,247.49
seq-04/frame-000821,1,0.08632,3.2712,3097,2451,2017,0.96,116.58,161.20,18.19,296.94
seq-04/frame-000822,1,0.08221,3.0812,2298,1722,1330,0.91,103.48,112.78,23.82,240.99
seq-04/frame-000823,1,0.08583,3.2690,2904,2273,1848,1.00,124.24,145.84,21.31,292.38
seq-04/frame-000824,1,0.08560,2.8886,2457,1933,1553,0.95,106.97,136.13,21.57,265.62
seq-04/frame-000825,1,0.08752,3.4798,3006,2362,1917,0.99,114.29,170.20,21.05,306.54
seq-04/frame-000826,1,0.08787,3.5255,2578,1961,1585,0.93,109.20,135.58,24.53,270.24
seq-04/frame-000827,1,0.08605,3.5152,3008,2380,1991,0.96,115.74,145.49,21.22,283.41
seq-04/frame-000828,1,0.08419,3.4379,3000,2420,1945,0.96,111.38,176.98,43.18,332.50
seq-04/frame-000829,1,0.08667,3.6621,2536,2017,1664,0.91,106.42,176.53,30.75,314.62
seq-04/frame-000830,1,0.08904,3.7720,2728,2181,1756,0.90,109.99,149.34,23.54,283.77
seq-04/frame-000831,1,0.08767,3.7303,2895,2312,1865,0.92,101.41,186.13,16.65,305.12
seq-04/frame-000832,1,0.08934,3.7908,3207,2419,1923,1.04,172.61,191.65,17.36,382.66
seq-04/frame-000833,1,0.09184,3.9550,2962,2334,1893,0.95,163.08,165.93,19.80,349.77
seq-04/frame-000834,1,0.08827,3.8677,2972,2323,1835,0.93,170.57,150.70,14.90,337.10
seq-04/frame-000835,1,0.08933,3.8928,3443,2567,2062,1.05,166.13,207.52,29.22,403.92
seq-04/frame-000836,1,0.08787,3.8095,2716,1998,1535,0.93,128.91,161.78,12.44,304.07
seq-04/frame-000837,1,0.07750,2.9525,3428,2393,1911,1.05,140.83,179.35,21.87,343.10
seq-04/frame-000838,1,0.07666,2.9421,3545,2531,2027,1.01,157.66,194.61,28.55,381.84
seq-04/frame-000839,1,0.07735,2.9501,2815,2034,1660,4.85,113.28,161.54,25.65,305.31
seq-04/frame-000840,1,0.07127,2.6416,2814,2061,1657,0.99,116.56,167.04,20.81,305.41
seq-04/frame-000841,1,0.06808,2.5550,3489,2408,1901,1.04,134.30,314.93,66.25,516.52
seq-04/frame-000842,1,0.07195,2.8132,3511,2486,1953,1.03,135.22,352.01,33.19,521.45
seq-04/frame-000843,1,0.06205,2.3545,2995,2208,1735,0.95,149.69,295.39,15.88,461.91
seq-04/frame-000844,1,0.07928,3.5653,3269,2273,1744,1.14,138.67,334.93,31.64,506.38
seq-04/frame-000845,1,0.08274,3.7529,2253,1683,1303,0.91,111.71,132.51,25.66,270.79
seq-04/frame-000846,1,0.04085,1.5134,2858,1992,1551,1.00,131.48,297.20,52.30,481.99
seq-04/frame-000847,1,0.08251,3.5594,3266,2249,1724,0.99,144.55,290.72,20.52,456.77
seq-04/frame-000848,1,0.03219,1.2267,2977,2132,1647,0.94,162.44,306.22,32.93,502.54
seq-04/frame-000849,1,0.02215,0.9641,2363,1666,1232,1.81,125.60,261.98,28.60,418.00
seq-04/frame-000850,1,0.01511,0.8055,2701,1962,1495,1.19,220.29,227.99,17.99,467.46
seq-04/frame-000851,1,0.07981,3.7205,2864,2124,1632,1.58,159.92,164.11,27.49,353.09
seq-04/frame-000852,1,0.02326,1.0022,3222,2393,1844,3.89,168.23,175.59,25.62,373.33
seq-04/frame-000853,1,0.08074,3.8018,2795,2078,1513,0.95,162.56,148.45,23.19,335.15
seq-04/frame-000854,1,0.02367,1.1335,3414,2496,1922,1.00,143.46,160.94,18.08,323.48
seq-04/frame-000855,1,0.01981,0.9035,3106,2260,1736,0.99,156.95,167.05,23.39,348.38
seq-04/frame-000856,1,0.02346,1.2115,3408,2483,1938,1.00,127.14,177.50,14.00,319.65
seq-04/frame-000857,1,0.02165,1.2052,3292,2384,1863,0.97,139.81,169.20,26.62,336.60
seq-04/frame-000858,1,0.02309,1.1364,3625,2558,2023,1.10,145.67,187.19,27.50,361.46
seq-04/frame-000859,1,0.04589,1.9925,2973,2025,1516,1.00,112.36,159.74,33.42,306.52
seq-04/frame-000860,1,0.02219,1.0870,3447,2489,1994,1.05,122.61,166.36,30.12,320.15
seq-04/frame-000861,1,0.08737,3.9800,3592,2306,1688,1.10,105.80,176.16,21.97,305.04
seq-04/frame-000862,1,0.02654,1.4158,2790,2091,1645,0.96,110.09,129.29,19.69,260.03
seq-04/frame-000863,1,0.02318,1.2287,3274,2324,1809,1.06,128.54,151.10,20.70,301.41
seq-04/frame-000864,1,0.02577,1.3412,3722,2588,2014,1.04,156.40,184.09,18.10,359.64
seq-04/frame-000865,1,0.02064,1.1949,3279,2444,1896,0.97,143.50,173.21,23.24,340.92
seq-04/frame-000866,1,0.02458,1.2341,3547,2351,1812,1.16,149.01,202.23,34.36,386.76
seq-04/frame-000867,1,0.02645,1.2402,3680,2638,2078,1.04,137.78,207.86,25.62,372.31
seq-04/frame-000868,1,0.02027,1.0322,3567,2467,1908,1.07,123.80,193.88,24.67,343.43
seq-04/frame-000869,1,0.02400,1.3074,3687,2697,2080,1.02,129.40,205.68,29.40,365.51
seq-04/frame-000870,1,0.02141,1.1575,3621,2598,2035,1.08,118.62,186.79,23.11,329.61
seq-04/frame-000871,1,0.02550,1.3520,3588,2373,1806,1.15,112.54,194.59,17.84,326.12
seq-04/frame-000872,1,0.02430,1.2986,3602,2482,1944,1.10,109.30,184.86,18.48,313.74
seq-04/frame-000873,1,0.02190,1.1315,3409,2468,1944,1.06,112.81,179.64,23.14,316.64
seq-04/frame-000874,1,0.02468,1.2525,2987,2216,1732,0.97,110.24,168.98,18.89,299.07
seq-04/frame-000875,1,0.02167,1.1948,2751,2020,1583,0.97,113.80,150.12,29.69,294.60
seq-04/frame-000876,1,0.02679,1.4172,2897,2046,1616,1.02,124.49,156.76,18.06,300.33
seq-04/frame-000877,1,0.02448,1.3208,3302,2399,1886,1.03,139.21,186.96,41.04,368.24
seq-04/frame-000878,1,0.02672,1.4173,3220,2314,1801,0.99,117.24,155.38,15.08,288.70
seq-04/frame-000879,1,0.02463,1.3175,3459,2478,1957,0.98,139.53,177.69,25.99,344.19
seq-04/frame-000880,1,0.02465,1.2842,3400,2305,1779,1.05,121.65,187.30,25.91,335.91
seq-04/frame-000881,1,0.02190,1.2614,3290,2365,1828,0.97,133.96,183.12,20.67,338.73
seq-04/frame-000882,1,0.08027,4.0911,2945,2164,1656,0.92,111.84,170.29,33.95,317.00
seq-04/frame-000883,1,0.02159,1.1480,3580,2490,1900,1.00,123.81,180.86,21.15,326.81
seq-04/frame-000884,1,0.08412,4.1525,2306,1558,1209,0.90,82.04,141.75,31.66,256.35
seq-04/frame-000885,1,0.01557,0.8027,3403,2313,1798,1.01,129.17,197.76,28.51,356.44
seq-04/frame-000886,1,0.07956,3.8119,2404,1691,1336,0.92,103.72,114.35,26.22,245.21
seq-04/frame-000887,1,0.02367,1.0095,2428,1667,1227,0.90,116.08,119.52,16.56,253.08
seq-04/frame-000888,1,0.07180,3.4798,1856,1419,1119,0.89,83.26,86.46,24.04,194.66
seq-04/frame-000889,1,0.07313,3.4706,1904,1392,1059,0.89,90.50,92.19,34.09,217.67
seq-04/frame-000890,1,0.06226,2.9696,2765,1792,1309,1.04,93.36,134.44,23.93,252.77
seq-04/frame-000891,1,0.01745,0.6631,3432,2347,1766,1.02,130.38,196.05,14.69,342.15
seq-04/frame-000892,1,0.07430,3.3885,3332,2537,1990,0.98,106.17,176.55,23.76,307.47
seq-04/frame-000893,1,0.07380,3.4061,3348,2642,2106,0.97,130.81,179.47,22.55,333.80
seq-04/frame-000894,1,0.07004,3.2335,3288,2543,2000,0.94,149.15,153.94,15.73,319.76
seq-04/frame-000895,1,0.05899,3.0968,3056,2316,1843,0.94,121.56,156.62,24.43,303.55
seq-04/frame-000896,1,0.06770,3.0334,3095,2506,2020,0.96,118.39,161.48,27.80,308.63
seq-04/frame-000897,1,0.06422,3.0636,3209,2527,2028,0.94,115.24,164.66,19.69,300.54
seq-04/frame-000898,1,0.06065,2.8362,3099,2314,1788,0.93,126.96,173.12,14.03,315.05
seq-04/frame-000899,1,0.06372,2.8500,2979,2443,1948,0.92,102.96,159.34,19.41,282.63
seq-04/frame-000900,1,0.06012,2.7008,2382,1915,1566,0.90,93.08,118.53,15.73,228.25
seq-04/frame-000901,1,0.05609,2.5389,2895,2338,1853,0.95,99.90,141.21,21.06,263.12
seq-04/frame-000902,1,0.06274,2.6711,3519,2834,2327,1.02,121.90,157.39,25.93,306.24
seq-04/frame-000903,1,0.06121,2.5188,2798,2300,1876,0.99,102.80,136.29,21.52,261.60
seq-04/frame-000904,1,0.06091,2.5974,3211,2626,2200,0.98,137.14,169.87,21.69,329.67
seq-04/frame-000905,1,0.05566,2.4251,2488,2000,1664,0.89,111.13,132.76,12.09,256.87
seq-04/frame-000906,1,0.05461,2.2276,2751,2206,1793,0.99,112.59,136.62,21.64,271.84
seq-04/frame-000907,1,0.05397,2.2769,2411,1944,1618,1.21,106.47,127.92,17.15,252.75
seq-04/frame-000908,1,0.05148,2.0707,3099,2535,2091,1.00,132.82,169.19,19.97,322.99
seq-04/frame-000909,1,0.05475,2.2588,2815,2255,1895,0.94,113.12,143.81,31.69,289.57
seq-04/frame-000910,1,0.04794,1.8989,2473,1902,1571,0.99,114.86,120.71,28.29,264.85
seq-04/frame-000911,1,0.04172,1.7210,2482,2021,1671,0.95,89.96,126.00,25.77,242.68
seq-04/frame-000912,1,0.04367,1.8476,2639,2125,1758,0.98,102.31,122.70,12.16,238.16
seq-04/frame-000913,1,0.04658,1.9183,2759,2278,1889,0.96,112.76,134.77,27.07,275.56
seq-04/frame-000914,1,0.03908,1.7238,2636,2113,1767,0.94,104.64,139.77,20.06,265.42
seq-04/frame-000915,1,0.04677,1.9296,2444,1936,1558,1.38,115.36,119.16,22.29,258.20
seq-04/frame-000916,1,0.03660,1.6671,2399,1981,1676,0.94,103.05,121.52,13.31,238.83
seq-04/frame-000917,1,0.03840,1.6905,3137,2530,2115,1.47,121.30,188.59,32.74,344.11
seq-04/frame-000918,1,0.03951,1.6444,2658,2150,1802,0.96,118.12,144.73,25.45,289.26
seq-04/frame-000919,1,0.03807,1.6366,2472,1869,1544,1.00,110.96,122.39,21.59,255.94
seq-04/frame-000920,1,0.03360,1.5179,3203,2555,2163,1.01,119.22,171.57,34.38,326.19
seq-04/frame-000921,1,0.03133,1.4172,3378,2693,2278,1.03,107.07,176.01,32.22,316.34
seq-04/frame-000922,1,0.03092,1.3815,3317,2613,2204,1.03,128.18,155.12,18.71,303.04
seq-04/frame-000923,1,0.02772,1.2237,3227,2437,2049,1.08,138.85,167.56,23.62,331.11
seq-04/frame-000924,1,0.03072,1.3820,3252,2541,2151,1.03,126.34,182.72,23.80,333.89
seq-04/frame-000925,1,0.02387,1.1304,3240,2508,2094,1.03,118.05,165.67,25.00,309.75
seq-04/frame-000926,1,0.02563,1.1746,3297,2595,2197,1.06,138.91,161.91,26.21,328.10
seq-04/frame-000927,1,0.02345,1.2110,3189,2456,2096,0.99,124.51,161.43,21.46,308.38
seq-04/frame-000928,1,0.02762,1.2100,3497,2673,2260,1.09,130.86,204.61,27.25,363.80
seq-04/frame-000929,1,0.03231,1.4637,2666,2002,1696,0.97,110.02,132.95,26.75,270.69
seq-04/frame-000930,1,0.03071,1.1352,3028,2314,1924,1.05,115.64,153.31,29.45,299.45
seq-04/frame-000931,1,0.02798,0.9882,3347,2521,2134,1.07,117.40,181.53,24.48,324.48
seq-04/frame-000932,1,0.02687,0.9200,3163,2281,1919,1.06,108.64,166.28,19.58,295.57
seq-04/frame-000933,1,0.02843,1.0195,3082,2327,1996,1.00,115.45,160.43,17.36,294.24
seq-04/frame-000934,1,0.05161,1.2387,2562,1959,1615,1.02,109.40,135.09,24.06,269.57
seq-04/frame-000935,1,0.03587,1.0579,2950,2312,1938,1.06,135.35,133.16,21.77,291.33
seq-04/frame-000936,1,0.05440,1.2494,2763,2105,1726,1.03,111.54,138.91,28.15,279.64
seq-04/frame-000937,1,0.05303,1.1766,2547,1879,1546,1.01,106.67,132.73,25.84,266.26
seq-04/frame-000938,1,0.05672,1.3104,2943,2205,1836,1.03,115.17,151.26,17.60,285.07
seq-04/frame-000939,1,0.05094,1.2898,2771,2142,1776,1.04,112.39,145.14,23.54,282.12
seq-04/frame-000940,1,0.05738,1.3381,2357,1691,1377,1.03,100.95,113.83,21.79,237.60
seq-04/frame-000941,1,0.06615,1.5402,2983,2195,1804,1.06,122.96,156.73,21.39,302.15
seq-04/frame-000942,1,0.08015,1.8386,3100,2275,1903,1.01,120.84,154.25,18.10,294.20
seq-04/frame-000943,1,0.06723,1.5109,2579,1890,1528,1.04,125.32,136.31,19.70,282.37
seq-04/frame-000944,1,0.07294,1.5645,2695,1981,1598,0.99,106.45,144.18,21.45,273.08
seq-04/frame-000945,1,0.06965,1.3354,3188,2324,1884,1.06,114.66,177.74,15.83,309.30
seq-04/frame-000946,1,0.08264,1.6296,2597,1801,1439,0.97,111.74,144.73,15.89,273.33
seq-04/frame-000947,1,0.08332,1.3689,1708,922,661,0.90,78.89,92.24,12.91,184.94
seq-04/frame-000948,1,0.07703,1.5758,2776,2053,1630,0.98,97.11,144.99,14.46,257.53
seq-04/frame-000949,1,0.08540,1.8227,2595,1710,1311,0.98,94.39,159.44,17.55,272.36
seq-04/frame-000950,1,0.06572,1.3486,3238,2416,1959,1.00,104.13,178.37,24.19,307.70
seq-04/frame-000951,1,0.07467,1.6827,2863,2246,1793,0.99,107.34,154.21,21.95,284.50
seq-04/frame-000952,1,0.08698,1.6950,1903,1386,1058,0.87,84.80,109.76,28.29,223.72
seq-04/frame-000953,1,0.08295,2.1354,2670,2143,1689,0.93,120.98,152.31,24.76,298.98
seq-04/frame-000954,1,0.08054,2.1676,2404,1832,1447,0.90,105.06,125.93,20.46,252.34
seq-04/frame-000955,1,0.07863,1.9282,2198,1776,1402,0.89,87.40,118.93,21.98,229.21
seq-04/frame-000956,1,0.08141,1.9414,1934,1569,1253,0.88,90.83,95.71,18.82,206.23
seq-04/frame-000957,1,0.08420,2.0921,2442,1908,1544,0.93,92.85,126.37,21.30,241.45
seq-04/frame-000958,1,0.08755,2.5565,2909,2234,1750,0.97,110.85,142.48,15.20,269.51
seq-04/frame-000959,1,0.08597,2.3473,2770,2270,1798,0.96,104.74,139.38,14.59,259.67
seq-04/frame-000960,1,0.08608,2.4881,3335,2520,2011,1.06,128.32,166.07,12.41,307.87
seq-04/frame-000961,1,0.08678,2.5167,3316,2547,2045,2.08,129.14,180.36,21.45,333.04
seq-04/frame-000962,1,0.05532,0.9574,3046,2270,1686,1.01,122.07,143.48,22.80,289.36
seq-04/frame-000963,1,0.09006,2.5585,3407,2537,2030,1.07,134.35,171.85,22.07,329.33
seq-04/frame-000964,1,0.08952,2.5154,3633,2687,2169,1.10,127.67,181.58,23.14,333.49
seq-04/frame-000965,1,0.09106,2.3678,2880,2243,1847,0.94,126.77,172.23,24.38,324.33
seq-04/frame-000966,1,0.08625,2.2699,3248,2382,1899,1.38,124.26,154.30,29.27,309.22
seq-04/frame-000967,1,0.09347,2.3934,2443,1866,1533,0.91,108.48,125.27,26.97,261.63
seq-04/frame-000968,1,0.08318,2.1660,3252,2357,1871,1.01,111.72,173.38,20.07,306.18
seq-04/frame-000969,1,0.08114,2.0106,3767,2669,2129,1.07,116.23,211.96,24.64,353.91
seq-04/frame-000970,1,0.08925,2.3215,2824,1983,1602,1.05,117.94,151.24,25.10,295.33
seq-04/frame-000971,1,0.08957,2.1864,3518,2490,1963,1.05,125.29,191.14,19.55,337.03
seq-04/frame-000972,1,0.09337,2.2914,3798,2590,2036,1.12,144.05,190.88,33.78,369.85
seq-04/frame-000973,1,0.10585,2.4058,3171,2234,1786,1.08,122.60,161.80,15.24,300.72
seq-04/frame-000974,1,0.10828,2.3769,3569,2576,2062,1.02,131.63,194.98,25.01,352.64
seq-04/frame-000975,1,0.11280,2.4916,3216,2271,1794,1.07,130.58,155.02,18.31,304.99
seq-04/frame-000976,1,0.11222,2.4732,3384,2353,1851,1.10,130.21,175.75,23.97,331.04
seq-04/frame-000977,1,0.11540,2.4325,3352,2454,1900,1.06,123.68,172.44,20.23,317.41
seq-04/frame-000978,1,0.11658,2.4655,3233,2247,1783,1.07,114.07,196.04,22.68,333.88
seq-04/frame-000979,1,0.01789,0.7760,3535,2381,1770,1.15,105.38,180.96,14.30,301.78
seq-04/frame-000980,1,0.11567,2.4377,3429,2435,1930,1.08,123.00,191.57,21.29,336.94
seq-04/frame-000981,1,0.12393,2.4266,2288,1747,1430,0.90,120.75,116.09,14.90,252.66
seq-04/frame-000982,1,0.11490,2.2725,3475,2583,2089,0.99,138.68,181.39,28.95,350.01
seq-04/frame-000983,1,0.11672,2.3469,3527,2591,2079,0.98,142.46,191.17,24.36,358.97
seq-04/frame-000984,1,0.11129,2.1901,3713,2782,2199,0.97,115.13,194.52,19.07,329.69
seq-04/frame-000985,1,0.11058,2.1267,2402,1781,1452,0.90,104.76,119.27,20.66,245.59
seq-04/frame-000986,1,0.09889,1.8708,2447,1839,1470,0.90,111.29,135.41,15.08,262.67
seq-04/frame-000987,1,0.09084,1.8197,3451,2377,1888,1.03,131.33,190.73,23.25,346.34
seq-04/frame-000988,1,0.09273,1.8615,3811,2650,2070,1.07,113.01,196.28,19.63,329.99
seq-04/frame-000989,1,0.09781,1.9446,3638,2616,2071,1.01,113.85,186.12,16.94,317.93
seq-04/frame-000990,1,0.09130,1.8274,3408,2389,1857,1.00,117.94,176.22,17.19,312.35
seq-04/frame-000991,1,0.08902,1.9373,3370,2201,1688,1.13,111.00,192.35,16.70,321.19
seq-04/frame-000992,1,0.08839,1.6716,3169,2405,1898,0.93,123.28,166.56,13.82,304.59
seq-04/frame-000993,1,0.09054,1.8410,3120,2275,1773,1.01,131.31,169.34,28.05,329.72
seq-04/frame-000994,1,0.07896,1.6333,3273,2177,1673,1.10,105.71,190.13,32.01,328.95
seq-04/frame-000995,1,0.09228,1.8787,2943,2173,1752,0.92,110.59,152.24,35.18,298.93
seq-04/frame-000996,1,0.08242,1.6328,3187,2217,1722,1.05,118.50,163.79,24.49,307.84
seq-04/frame-000997,1,0.08004,1.6515,3472,2350,1817,1.08,113.12,189.61,26.22,330.03
seq-04/frame-000998,1,0.09109,1.8732,3111,2258,1748,0.98,110.15,193.55,34.71,339.39
seq-04/frame-000999,1,0.09091,1.8556,2955,2151,1728,1.01,95.01,159.75,17.77,273.54
seq-06/frame-000000,1,0.04494,1.0446,3693,2400,1974,1.07,136.47,223.38,22.31,383.24
seq-06/frame-000001,1,0.05857,1.3388,3638,2440,2019,1.03,119.62,191.77,24.23,336.66
seq-06/frame-000002,1,0.05506,1.2128,3500,2382,2002,1.06,147.03,187.12,15.86,351.08
seq-06/frame-000003,1,0.04273,0.9862,3579,2555,2171,1.42,137.45,209.87,29.33,378.07
seq-06/frame-000004,1,0.04956,1.1153,3623,2419,2020,1.14,130.85,224.57,18.76,375.32
seq-06/frame-000005,1,0.05023,1.1418,3535,2479,2080,1.20,149.09,190.93,17.62,358.85
seq-06/frame-000006,1,0.05546,1.2358,3435,2315,1947,1.62,137.23,188.47,31.90,359.22
seq-06/frame-000007,1,0.04437,0.9416,3601,2654,2287,1.10,138.72,192.14,33.26,365.23
seq-06/frame-000008,1,0.05006,1.0504,3604,2622,2218,1.84,132.18,160.20,24.12,318.34
seq-06/frame-000009,1,0.05594,1.2130,3566,2410,2002,1.13,116.02,183.12,16.57,316.85
seq-06/frame-000010,1,0.05778,1.2813,3580,2393,1995,1.27,119.75,166.80,28.11,315.94
seq-06/frame-000011,1,0.08001,1.6618,3719,2673,2259,0.99,128.32,212.28,31.66,373.25
seq-06/frame-000012,1,0.07506,1.4814,3755,2660,2280,0.98,123.67,225.09,18.52,368.26
seq-06/frame-000013,1,0.07317,1.5805,3707,2536,2166,1.03,140.72,206.48,15.80,364.02
seq-06/frame-000014,1,0.06705,1.4494,3776,2526,2111,1.15,134.14,204.52,22.90,362.72
seq-06/frame-000015,1,0.06254,1.3887,3729,2441,2078,1.18,129.65,227.27,26.11,384.21
seq-06/frame-000016,1,0.05732,1.2649,3698,2502,2102,1.17,143.69,207.67,26.76,379.28
seq-06/frame-000017,1,0.05633,1.2090,3732,2475,2071,1.17,139.28,217.59,30.57,388.61
seq-06/frame-000018,1,0.05898,1.2974,3749,2523,2129,1.17,133.26,221.93,17.96,374.32
seq-06/frame-000019,1,0.05648,1.2717,3583,2430,2064,1.16,119.67,211.73,23.26,355.83
seq-06/frame-000020,1,0.05587,1.2158,3578,2676,2307,1.51,122.10,170.09,23.06,316.76
seq-06/frame-000021,1,0.06975,1.5168,3453,2638,2317,0.97,119.65,161.34,15.09,297.06
seq-06/frame-000022,1,0.05805,1.1552,2496,1960,1719,0.95,109.47,133.15,19.71,263.29
seq-06/frame-000023,1,0.07504,1.6319,1968,1547,1331,0.91,97.40,103.12,15.29,216.72
seq-06/frame-000024,1,0.07462,1.8083,1772,1357,1170,0.87,81.44,104.49,20.67,207.48
seq-06/frame-000025,1,0.06317,1.7271,1900,1506,1317,1.08,85.84,107.46,19.25,213.62
seq-06/frame-000026,1,0.05047,1.4738,2429,1941,1702,0.89,115.90,127.12,12.58,256.49
seq-06/frame-000027,1,0.05139,1.3569,3057,2231,1910,1.01,110.93,156.47,21.95,290.37
seq-06/frame-000028,1,0.05579,1.5837,3357,2444,2092,1.07,136.34,160.51,32.85,330.76
seq-06/frame-000029,1,0.05266,1.5065,3475,2564,2248,1.10,123.09,194.58,28.16,346.93
seq-06/frame-000030,1,0.05732,1.7902,3097,2363,2049,0.95,123.27,160.98,21.85,307.06
seq-06/frame-000031,1,0.04657,1.5824,2710,2176,1942,0.93,106.83,148.51,17.54,273.82
seq-06/frame-000032,1,0.05021,1.7404,2956,2204,1918,0.93,113.51,154.40,17.23,286.06
seq-06/frame-000033,1,0.04911,1.7724,2897,2178,1897,1.18,110.50,160.32,22.24,294.23
seq-06/frame-000034,1,0.05554,1.9764,3064,2294,1993,0.93,139.10,166.48,18.03,324.55
seq-06/frame-000035,1,0.05365,1.7241,3440,2567,2231,1.03,132.32,191.74,35.44,360.53
seq-06/frame-000036,1,0.05623,1.8435,3180,2339,2009,1.04,121.65,198.25,18.56,339.50
seq-06/frame-000037,1,0.05315,1.7826,3196,2365,2074,0.96,112.96,162.30,19.48,295.71
seq-06/frame-000038,1,0.04575,1.6281,1959,1654,1472,0.92,88.75,110.19,13.67,213.52
seq-06/frame-000039,1,0.05269,1.7995,1736,1442,1243,0.86,99.55,83.28,12.73,196.41
seq-06/frame-000040,1,0.05666,1.9573,1551,1261,1106,0.85,77.09,87.55,10.71,176.21
seq-06/frame-000041,1,0.05118,1.7247,1376,1130,1003,0.88,104.29,76.33,11.58,193.09
seq-06/frame-000042,1,0.04951,1.6801,1418,1174,1040,0.86,88.39,79.20,11.58,180.04
seq-06/frame-000043,1,0.04773,1.6132,1418,1174,1040,0.85,72.39,77.40,16.26,166.91
seq-06/frame-000044,1,0.04523,1.5748,1344,1102,949,0.89,75.19,62.07,20.96,159.11
seq-06/frame-000045,1,0.05651,2.0432,1137,905,786,1.06,73.03,58.28,15.15,147.53
seq-06/frame-000046,1,0.07409,2.6088,1043,834,692,0.82,76.22,50.49,15.94,143.47
seq-06/frame-000047,1,0.07423,2.5020,986,696,563,0.79,60.99,43.00,9.72,114.51
seq-06/frame-000048,1,0.06884,2.4981,940,655,537,0.81,82.79,78.12,9.07,170.80
seq-06/frame-000049,1,0.06934,2.4982,940,655,537,0.82,56.88,48.39,9.38,115.47
seq-06/frame-000050,1,0.07385,2.7079,901,642,511,0.83,61.56,43.31,8.93,114.63
seq-06/frame-000051,1,0.07601,2.9542,861,538,404,0.85,58.40,37.16,8.90,105.30
seq-06/frame-000052,1,0.08531,3.5091,890,559,416,0.84,59.08,49.23,14.51,123.66
seq-06/frame-000053,1,0.07485,3.2720,881,617,485,0.85,59.23,45.75,13.60,119.44
seq-06/frame-000054,1,0.03529,2.4137,1407,949,781,0.87,72.22,86.11,26.68,185.88
seq-06/frame-000055,1,0.01581,1.5784,1884,1451,1239,0.92,104.48,109.07,13.22,227.68
seq-06/frame-000056,1,0.01733,1.8131,1959,1476,1275,0.91,114.58,109.47,16.00,240.96
seq-06/frame-000057,1,0.02004,1.8219,2039,1551,1332,0.93,107.74,111.81,21.29,241.77
seq-06/frame-000058,1,0.01445,1.5469,1913,1453,1264,0.92,122.58,93.32,13.57,230.40
seq-06/frame-000059,1,0.02145,1.7392,1934,1451,1272,0.92,99.25,111.35,15.04,226.57
seq-06/frame-000060,1,0.01928,1.7532,1577,1206,1017,0.88,103.46,78.93,17.59,200.87
seq-06/frame-000061,1,0.02942,2.1714,1108,642,500,2.44,88.43,51.02,8.65,150.54
seq-06/frame-000062,1,0.02496,1.6945,1584,1135,910,1.17,93.84,86.51,20.73,202.25
seq-06/frame-000063,1,0.02135,1.6774,2060,1558,1314,0.91,90.91,120.25,21.15,233.23
seq-06/frame-000064,1,0.02241,1.4252,2287,1750,1495,0.95,83.32,120.57,20.57,225.42
seq-06/frame-000065,1,0.02424,1.5091,2273,1698,1431,0.95,85.36,122.70,22.44,231.46
seq-06/frame-000066,1,0.02476,1.3417,2284,1680,1411,0.94,113.44,132.50,18.65,265.53
seq-06/frame-000067,1,0.03108,1.4762,2339,1687,1396,0.94,111.20,149.38,25.88,287.40
seq-06/frame-000068,1,0.02754,1.1305,2266,1666,1392,0.96,96.54,121.85,18.99,238.35
seq-06/frame-000069,1,0.02682,1.1129,2336,1822,1529,0.93,104.28,128.54,20.95,254.71
seq-06/frame-000070,1,0.02832,1.1740,2330,1693,1398,0.93,114.07,138.64,14.73,268.37
seq-06/frame-000071,1,0.03127,0.8170,2609,1926,1627,0.98,114.62,157.21,30.21,303.03
seq-06/frame-000072,1,0.03337,0.6754,2787,2078,1752,4.48,125.78,176.30,19.69,326.26
seq-06/frame-000073,1,0.03866,1.0355,2123,1624,1354,0.90,98.76,124.74,24.36,248.75
seq-06/frame-000074,1,0.05971,1.4955,1580,1122,894,0.85,73.43,91.02,19.30,184.60
seq-06/frame-000075,1,0.06387,1.1774,2167,1644,1316,0.87,101.79,114.69,25.35,242.71
seq-06/frame-000076,1,0.05674,0.4157,2466,1680,1333,0.93,114.57,123.14,18.69,257.32
seq-06/frame-000077,1,0.06470,0.8212,2680,1794,1454,1.70,112.61,130.99,14.65,259.94
seq-06/frame-000078,1,0.07103,0.9158,2596,2005,1666,0.97,116.34,131.93,27.72,276.96
seq-06/frame-000079,1,0.08546,1.4730,1368,795,590,0.81,85.02,73.69,15.90,175.42
seq-06/frame-000080,1,0.05752,0.8670,1577,1019,786,0.81,97.53,74.75,19.99,193.09
seq-06/frame-000081,1,0.09268,1.6000,2142,1509,1228,0.84,95.94,125.09,16.33,238.20
seq-06/frame-000082,1,0.05499,0.7626,1387,804,628,1.39,95.32,72.74,9.14,178.59
seq-06/frame-000083,1,0.07018,0.9848,1297,741,544,0.79,82.58,64.20,28.11,175.68
seq-06/frame-000084,1,0.07129,0.9910,2390,1550,1220,0.85,91.66,127.56,22.12,242.20
seq-06/frame-000085,1,0.05881,0.5624,2867,1837,1483,0.87,113.43,143.89,30.49,288.68
seq-06/frame-000086,1,0.08744,1.1317,3114,2091,1643,0.87,118.25,142.89,23.61,285.62
seq-06/frame-000087,1,0.06380,0.9334,2546,1539,1200,0.89,110.73,122.79,27.27,261.69
seq-06/frame-000088,1,0.04482,0.8606,2212,1267,995,0.85,92.81,103.13,16.49,213.27
seq-06/frame-000089,1,0.04564,0.7084,2366,1407,1123,0.84,106.86,117.97,20.37,246.04
seq-06/frame-000090,1,0.05158,0.7042,3013,1841,1505,0.85,121.78,144.76,21.26,288.66
seq-06/frame-000091,1,0.06139,0.6028,3544,2254,1806,0.91,124.70,191.11,37.94,354.66
seq-06/frame-000092,1,0.02506,0.4484,3466,2171,1739,1.03,123.95,162.98,23.95,311.91
seq-06/frame-000093,1,0.06171,0.6375,2793,1571,1183,0.85,112.55,155.68,25.32,294.40
seq-06/frame-000094,1,0.04242,0.8363,3300,1908,1412,0.89,108.45,169.05,18.52,296.92
seq-06/frame-000095,1,0.04205,0.8329,3483,2099,1600,0.92,129.51,198.45,30.41,359.29
seq-06/frame-000096,1,0.04194,0.7574,3195,1802,1463,0.89,132.69,183.14,33.90,350.61
seq-06/frame-000097,1,0.04025,0.8242,2776,1567,1253,0.84,118.76,161.78,18.09,299.48
seq-06/frame-000098,1,0.05081,1.2193,2366,1265,929,0.84,100.30,144.14,12.65,257.94
seq-06/frame-000099,1,0.05390,1.2407,2340,1241,904,0.83,101.78,125.14,23.79,251.54
seq-06/frame-000100,1,0.04548,0.8957,2639,1499,1143,0.85,109.14,148.36,12.02,270.37
seq-06/frame-000101,1,0.04942,1.1262,2520,1559,1228,0.86,103.10,137.29,9.14,250.40
seq-06/frame-000102,1,0.05409,1.1811,2303,1427,1123,0.85,116.14,137.87,26.81,281.68
seq-06/frame-000103,1,0.05136,0.7442,2623,1634,1235,0.87,108.62,122.48,17.73,249.70
seq-06/frame-000104,1,0.05224,1.1606,2690,1501,1160,0.88,117.02,134.18,14.05,266.13
seq-06/frame-000105,1,0.05710,1.2214,1712,916,667,0.82,90.42,89.20,21.62,202.06
seq-06/frame-000106,1,0.04467,0.9419,1830,1130,843,0.83,74.97,96.94,17.80,190.54
seq-06/frame-000107,1,0.04910,1.0615,2007,1213,928,0.85,130.73,103.16,22.54,257.29
seq-06/frame-000108,1,0.05098,1.0744,2041,1239,975,0.85,103.73,109.11,23.38,237.08
seq-06/frame-000109,1,0.06281,1.2755,1404,793,578,0.78,69.48,65.64,15.74,151.64
seq-06/frame-000110,1,0.05362,1.0650,1391,801,592,0.78,76.57,81.66,14.51,173.53
seq-06/frame-000111,1,0.04394,1.0926,1497,869,665,0.81,64.50,71.19,14.46,150.96
seq-06/frame-000112,1,0.04088,0.9656,1400,830,614,0.81,66.29,77.20,14.49,158.80
seq-06/frame-000113,1,0.03789,0.9334,1120,645,463,0.78,60.67,55.02,25.47,141.95
seq-06/frame-000114,1,0.03501,0.8220,1406,665,490,0.80,76.47,71.25,21.98,170.49
seq-06/frame-000115,1,0.03380,0.7302,1412,668,471,0.81,75.58,70.88,20.03,167.30
seq-06/frame-000116,1,0.03185,0.7748,1195,674,487,0.84,70.63,65.05,12.43,148.95
seq-06/frame-000117,1,0.04472,1.0411,1296,694,503,0.80,74.61,61.70,17.27,154.38
seq-06/frame-000118,1,0.04105,1.0058,1314,620,449,0.83,66.48,66.29,11.10,144.70
seq-06/frame-000119,1,0.02605,0.7359,1277,600,409,0.81,73.46,68.60,20.80,163.67
seq-06/frame-000120,1,0.02110,0.5696,1268,683,496,0.81,67.70,65.37,13.32,147.20
seq-06/frame-000121,1,0.03519,0.8301,1264,601,432,0.81,82.54,65.28,10.10,158.72
seq-06/frame-000122,1,0.02277,0.7760,1210,642,489,0.82,77.80,60.86,12.89,152.37
seq-06/frame-000123,1,0.03654,1.0477,1236,618,427,0.81,67.19,61.70,22.83,152.54
seq-06/frame-000124,1,0.03175,0.7152,1180,557,385,0.81,75.09,79.70,12.91,168.51
seq-06/frame-000125,1,0.04579,1.1021,1194,559,389,0.81,80.09,71.95,14.93,167.78
seq-06/frame-000126,1,0.03363,0.8457,1161,531,357,0.82,63.80,73.42,7.59,145.63
seq-06/frame-000127,1,0.03628,0.9412,1250,611,457,0.82,64.46,56.69,19.29,141.27
seq-06/frame-000128,1,0.03180,0.7721,1299,631,447,0.82,61.19,64.67,10.20,136.89
seq-06/frame-000129,1,0.04770,1.1245,1351,688,492,0.84,81.50,81.16,21.57,185.07
seq-06/frame-000130,1,0.05724,1.1983,1391,706,504,0.85,67.97,66.41,12.99,148.22
seq-06/frame-000131,1,0.04559,1.1124,1628,883,669,1.35,77.41,68.89,22.35,170.00
seq-06/frame-000132,1,0.04789,1.1638,1714,985,754,1.22,95.95,79.59,14.47,191.24
seq-06/frame-000133,1,0.04311,0.8127,1741,991,770,0.90,76.95,86.63,12.84,177.32
seq-06/frame-000134,1,0.08063,1.3876,1575,816,639,1.01,82.85,75.89,11.33,171.08
seq-06/frame-000135,1,0.09378,1.6401,1312,674,530,0.85,78.01,66.17,19.08,164.11
seq-06/frame-000136,1,0.08803,1.7091,1212,667,520,0.86,72.97,60.98,25.19,160.01
seq-06/frame-000137,1,0.05956,1.2315,1109,624,454,0.85,68.81,63.29,14.69,147.64
seq-06/frame-000138,1,0.09095,1.2993,1673,952,751,1.20,99.78,75.19,25.71,201.89
seq-06/frame-000139,1,0.08323,1.2896,1398,801,649,0.84,71.57,66.86,19.19,158.46
seq-06/frame-000140,1,0.07330,1.1262,1273,726,565,0.84,78.52,76.25,22.09,177.70
seq-06/frame-000141,1,0.09352,1.3487,1309,776,585,0.86,77.49,72.57,17.70,168.62
seq-06/frame-000142,1,0.08900,1.1157,1431,825,660,0.86,82.91,72.49,17.66,173.93
seq-06/frame-000143,1,0.10475,1.3093,1331,751,591,0.85,77.02,67.72,21.52,167.12
seq-06/frame-000144,1,0.10247,1.3360,1240,684,514,0.85,71.72,51.17,29.94,153.69
seq-06/frame-000145,1,0.10965,1.2189,1472,828,652,1.18,76.62,65.99,22.61,166.40
seq-06/frame-000146,1,0.10298,1.3021,1407,805,623,0.85,71.66,75.64,27.33,175.49
seq-06/frame-000147,1,0.10367,1.3881,1424,836,644,0.85,79.70,73.42,17.84,171.81
seq-06/frame-000148,1,0.10711,1.4175,1526,908,690,0.87,78.60,84.59,8.15,172.21
seq-06/frame-000149,1,0.10312,1.2206,1592,920,709,0.86,74.73,86.92,13.31,175.82
seq-06/frame-000150,1,0.11191,1.4358,1895,1101,842,0.90,84.10,104.76,17.97,207.74
seq-06/frame-000151,1,0.12741,1.4990,1931,1138,885,0.90,114.66,105.09,13.94,234.60
seq-06/frame-000152,1,0.12050,1.3935,1886,1116,857,0.91,84.50,90.75,15.84,192.00
seq-06/frame-000153,1,0.13467,1.6392,2091,1220,970,0.92,117.36,104.24,14.87,237.39
seq-06/frame-000154,1,0.12321,1.3991,1997,1174,937,0.91,107.74,98.56,36.55,243.76
seq-06/frame-000155,1,0.09675,1.6479,2114,1380,1011,0.91,100.09,108.56,24.75,234.31
seq-06/frame-000156,1,0.13960,1.6233,2251,1266,1029,0.92,101.49,125.93,18.94,247.28
seq-06/frame-000157,1,0.13595,1.6711,1585,890,676,0.87,81.84,77.77,21.18,181.67
seq-06/frame-000158,1,0.12916,1.4207,1629,920,726,0.89,82.28,75.74,11.03,169.94
seq-06/frame-000159,1,0.12741,1.5960,1853,1067,792,0.89,74.62,90.84,25.98,192.34
seq-06/frame-000160,1,0.13030,1.4659,1776,1044,790,0.92,99.23,96.84,13.28,210.28
seq-06/frame-000161,1,0.13294,1.4122,1599,918,722,0.90,83.44,93.12,13.41,190.88
seq-06/frame-000162,1,0.10698,1.1295,1595,1088,845,0.88,94.32,80.76,21.27,197.23
seq-06/frame-000163,1,0.15328,1.7626,1678,962,753,0.88,85.81,87.49,19.01,193.19
seq-06/frame-000164,1,0.08892,1.2594,1594,1162,886,0.89,106.21,80.23,16.83,204.16
seq-06/frame-000165,1,0.10144,2.0031,1480,949,792,0.88,100.99,73.24,9.58,184.70
seq-06/frame-000166,1,0.05889,0.8082,1531,1108,892,0.91,82.55,73.53,18.19,175.18
seq-06/frame-000167,1,0.10640,1.7860,1780,967,761,0.91,80.93,85.99,11.30,179.14
seq-06/frame-000168,1,0.08004,1.3132,1689,1180,1004,0.90,90.33,87.84,16.86,195.94
seq-06/frame-000169,1,0.08350,1.2885,1574,1085,915,0.93,83.45,76.84,21.83,183.07
seq-06/frame-000170,1,0.05720,0.8355,1473,1030,860,0.91,94.43,69.53,11.04,175.91
seq-06/frame-000171,1,0.06708,1.0723,1591,1143,958,0.92,88.88,79.47,21.61,190.89
seq-06/frame-000172,1,0.06463,1.0306,1654,1175,958,0.91,84.51,88.25,9.76,183.42
seq-06/frame-000173,1,0.06803,1.0611,1656,1174,996,0.92,93.66,99.96,13.46,208.01
seq-06/frame-000174,1,0.06272,0.9913,1738,1265,1077,0.91,89.10,95.07,18.41,203.50
seq-06/frame-000175,1,0.07317,1.1924,1662,1200,1037,1.37,84.50,115.15,21.18,222.20
seq-06/frame-000176,1,0.06534,1.0501,1447,1052,861,1.31,76.74,67.67,15.96,161.68
seq-06/frame-000177,1,0.06854,1.0739,1391,906,758,0.89,92.82,92.88,19.35,205.95
seq-06/frame-000178,1,0.07640,1.2478,1581,1102,936,0.90,72.17,97.04,14.02,184.14
seq-06/frame-000179,1,0.07104,0.9480,2021,1530,1326,0.94,92.60,122.41,19.07,235.02
seq-06/frame-000180,1,0.07298,1.0046,2171,1706,1490,0.95,95.09,121.45,23.93,241.42
seq-06/frame-000181,1,0.05132,0.6368,1540,1057,893,0.93,82.15,95.79,13.47,192.36
seq-06/frame-000182,1,0.07624,0.6449,1262,874,717,0.88,62.77,58.26,20.09,142.01
seq-06/frame-000183,1,0.07530,0.8179,1423,1052,892,1.26,72.45,77.86,12.99,164.57
seq-06/frame-000184,1,0.05905,0.9976,1670,1241,1092,0.92,103.57,83.69,17.26,205.44
seq-06/frame-000185,1,0.05728,0.8696,1444,1011,853,0.89,84.10,90.36,14.18,189.53
seq-06/frame-000186,1,0.05116,0.8931,1374,962,833,0.87,82.99,81.86,14.16,179.88
seq-06/frame-000187,1,0.05270,1.1104,1502,1107,944,0.98,73.48,89.64,15.22,179.31
seq-06/frame-000188,1,0.04507,1.1359,1645,1225,1062,0.91,86.56,74.81,14.07,176.35
seq-06/frame-000189,1,0.03006,0.8613,1414,905,740,0.89,69.57,78.06,10.47,159.00
seq-06/frame-000190,1,0.03567,1.1462,1292,924,767,0.90,64.57,76.97,15.00,157.45
seq-06/frame-000191,1,0.01731,0.8444,1238,884,728,0.88,75.07,68.83,13.13,157.91
seq-06/frame-000192,1,0.02844,0.8760,1207,823,681,0.84,72.61,59.06,15.29,147.81
seq-06/frame-000193,1,0.02653,0.7967,1631,1239,1078,0.90,78.05,76.52,21.96,177.43
seq-06/frame-000194,1,0.03121,1.4616,1659,1296,1132,1.07,74.67,85.92,17.80,179.46
seq-06/frame-000195,1,0.02828,0.8240,1129,780,639,1.10,83.03,59.07,10.84,154.04
seq-06/frame-000196,1,0.05928,1.3130,1264,837,698,0.86,77.50,63.96,14.55,156.88
seq-06/frame-000197,1,0.05429,1.0363,1857,1456,1272,0.93,107.36,95.89,18.11,222.29
seq-06/frame-000198,1,0.04888,0.9391,1615,1300,1134,0.88,87.50,88.85,12.24,189.48
seq-06/frame-000199,1,0.03672,0.7625,1187,827,693,1.19,68.42,55.09,12.58,137.28
seq-06/frame-000200,1,0.05834,1.3222,1565,1236,1090,0.91,77.31,74.13,17.36,169.72
seq-06/frame-000201,1,0.05584,1.4057,1654,1287,1141,0.91,73.41,81.76,26.60,182.69
seq-06/frame-000202,1,0.05722,1.3804,1715,1338,1182,0.90,95.34,80.17,20.50,196.92
seq-06/frame-000203,1,0.06542,1.4044,2143,1592,1393,0.94,93.64,102.37,22.36,219.31
seq-06/frame-000204,1,0.05560,1.0107,2145,1779,1610,0.91,112.56,120.12,13.02,246.62
seq-06/frame-000205,1,0.04888,1.2073,1949,1625,1467,0.89,83.82,89.59,15.96,190.26
seq-06/frame-000206,1,0.05634,1.3151,2121,1736,1566,0.92,94.06,105.37,19.38,219.73
seq-06/frame-000207,1,0.05820,1.4241,2074,1654,1486,0.91,111.63,96.55,14.32,223.42
seq-06/frame-000208,1,0.05995,1.4202,1860,1488,1348,0.91,94.53,107.70,22.04,225.18
seq-06/frame-000209,1,0.04942,1.0093,2837,2269,2004,1.00,110.23,133.67,22.15,267.07
seq-06/frame-000210,1,0.04728,0.9990,2959,2154,1903,1.04,118.17,153.69,19.58,292.48
seq-06/frame-000211,1,0.05747,1.2546,2352,1805,1597,0.94,99.81,116.41,17.18,234.35
seq-06/frame-000212,1,0.05282,1.2365,1988,1541,1364,0.91,85.06,104.58,11.64,202.20
seq-06/frame-000213,1,0.06206,1.4165,2721,2145,1926,0.96,122.01,141.53,12.21,276.71
seq-06/frame-000214,1,0.06044,1.4115,2934,2291,2048,0.99,117.27,147.95,31.83,298.03
seq-06/frame-000215,1,0.05256,1.2638,2509,1885,1672,0.95,108.43,129.39,18.62,257.39
seq-06/frame-000216,1,0.05623,1.3448,2439,1876,1665,0.96,107.98,122.94,27.24,259.12
seq-06/frame-000217,1,0.05327,1.2840,2491,1898,1710,0.97,97.74,146.19,19.99,264.90
seq-06/frame-000218,1,0.05335,1.2449,2078,1572,1327,1.31,97.81,97.57,21.18,217.87
seq-06/frame-000219,1,0.05451,1.2799,2325,1754,1526,2.40,109.52,121.55,21.68,255.15
seq-06/frame-000220,1,0.04577,1.0189,2199,1615,1392,0.93,97.03,107.01,17.01,221.98
seq-06/frame-000221,1,0.03783,0.8435,1972,1410,1203,0.93,76.85,96.86,20.61,195.25
seq-06/frame-000222,1,0.04922,1.1150,2115,1603,1381,0.93,85.18,120.86,16.24,223.21
seq-06/frame-000223,1,0.05259,1.1637,2355,1825,1598,0.98,107.79,106.88,18.58,234.23
seq-06/frame-000224,1,0.04688,1.0572,2624,2007,1786,1.01,117.97,136.51,20.19,275.68
seq-06/frame-000225,1,0.05762,1.3671,3047,2393,2126,1.01,109.83,159.96,20.81,291.61
seq-06/frame-000226,1,0.04721,1.1835,2720,2165,1951,0.97,117.97,146.26,16.61,281.82
seq-06/frame-000227,1,0.06607,1.6457,2165,1680,1473,0.94,109.30,114.63,16.02,240.90
seq-06/frame-000228,1,0.05974,1.4344,2355,1760,1502,1.00,88.46,110.07,10.59,210.12
seq-06/frame-000229,1,0.05364,1.3857,2897,2306,2066,1.03,111.64,128.52,21.31,262.49
seq-06/frame-000230,1,0.05382,1.4066,3037,2437,2183,0.99,115.44,170.22,28.60,315.26
seq-06/frame-000231,1,0.07814,1.3166,2033,1654,1462,0.90,85.61,101.98,29.37,217.86
seq-06/frame-000232,1,0.07958,2.0362,2250,1734,1527,0.91,97.02,118.91,15.90,232.74
seq-06/frame-000233,1,0.07961,2.0520,2330,1737,1496,0.92,97.98,148.78,14.36,262.05
seq-06/frame-000234,1,0.06382,1.6443,2233,1700,1464,0.96,96.79,140.13,22.16,260.04
seq-06/frame-000235,1,0.07075,1.8101,2554,1948,1681,1.00,113.71,131.50,19.81,266.02
seq-06/frame-000236,1,0.05958,1.5625,2349,1827,1577,0.95,110.70,138.61,15.88,266.14
seq-06/frame-000237,1,0.08330,2.1177,1964,1446,1214,0.90,108.81,97.66,13.72,221.10
seq-06/frame-000238,1,0.09388,2.3102,2015,1419,1185,0.89,103.40,108.98,13.58,226.86
seq-06/frame-000239,1,0.09771,2.5053,2069,1465,1232,0.99,127.69,143.23,16.77,288.69
seq-06/frame-000240,1,0.09042,2.2969,2350,1690,1442,0.92,99.56,122.33,17.22,240.03
seq-06/frame-000241,1,0.08496,2.8801,2626,1777,1501,0.91,120.89,135.73,22.08,279.62
seq-06/frame-000242,1,0.09899,2.6255,2615,1881,1599,0.93,104.42,138.82,18.25,262.43
seq-06/frame-000243,1,0.10512,2.6558,2574,1690,1417,0.96,97.62,122.69,20.08,241.36
seq-06/frame-000244,1,0.08159,2.0943,3592,2485,2164,0.98,129.88,175.99,28.51,335.36
seq-06/frame-000245,1,0.07623,2.0949,3548,2335,1985,1.10,124.83,195.15,32.17,353.26
seq-06/frame-000246,1,0.07603,2.1104,3540,2477,2178,1.11,149.52,177.88,25.08,353.60
seq-06/frame-000247,1,0.05586,1.4143,3729,2636,2271,1.07,114.59,179.16,17.62,312.44
seq-06/frame-000248,1,0.06059,1.6798,3644,2410,2054,1.10,116.98,173.62,26.89,318.59
seq-06/frame-000249,1,0.06026,1.4473,3652,2538,2235,1.09,121.28,182.90,18.16,323.42
seq-06/frame-000250,1,0.09414,2.6079,2405,1572,1352,0.96,101.70,117.32,22.30,242.28
seq-06/frame-000251,1,0.07974,2.3476,2037,1226,1028,0.91,79.45,104.48,11.83,196.66
seq-06/frame-000252,1,0.07852,2.3362,1945,1261,1052,0.90,82.63,102.30,17.08,202.92
seq-06/frame-000253,1,0.07960,2.3091,1950,1310,1097,0.92,75.76,111.09,14.04,201.81
seq-06/frame-000254,1,0.07081,2.0405,1963,1360,1136,0.92,89.03,92.38,16.83,199.16
seq-06/frame-000255,1,0.06072,1.8090,1800,1171,976,0.89,78.11,97.43,11.11,187.56
seq-06/frame-000256,1,0.04925,1.6222,1724,1092,908,0.88,86.57,81.89,17.78,187.12
seq-06/frame-000257,1,0.05278,1.5433,1772,1218,987,0.90,109.81,162.67,40.49,313.88
seq-06/frame-000258,1,0.03868,1.1823,1692,1222,1036,1.07,83.90,78.43,20.45,183.85
seq-06/frame-000259,1,0.03344,1.0401,1524,1010,818,0.85,74.82,72.04,18.30,166.01
seq-06/frame-000260,1,0.03436,2.3564,1578,1051,870,0.87,92.63,76.18,38.90,208.57
seq-06/frame-000261,1,0.01557,0.4451,1522,1059,877,0.87,88.95,138.61,30.13,258.56
seq-06/frame-000262,1,0.00337,0.1917,1846,1340,1162,0.88,83.38,156.91,12.20,253.38
seq-06/frame-000263,1,0.01667,0.1871,1679,1148,940,0.87,80.31,155.81,26.89,263.88
seq-06/frame-000264,1,0.02254,0.2256,2182,1589,1382,0.91,172.15,103.02,18.39,294.47
seq-06/frame-000265,1,0.01420,0.3523,2437,1872,1677,1.39,200.64,127.47,20.64,350.15
seq-06/frame-000266,1,0.01616,0.2043,1999,1497,1350,0.95,166.39,103.82,18.35,289.51
seq-06/frame-000267,1,0.02690,0.3586,2028,1580,1386,0.90,177.41,87.30,16.54,282.15
seq-06/frame-000268,1,0.01857,0.3421,2429,1865,1685,0.95,179.74,118.60,29.00,328.28
seq-06/frame-000269,1,0.02402,0.3632,2404,1874,1694,2.55,138.71,128.92,13.72,283.91
seq-06/frame-000270,1,0.03799,0.6300,2080,1622,1446,0.90,129.01,111.59,20.20,261.71
seq-06/frame-000271,1,0.02980,0.5395,2270,1770,1577,0.96,127.52,112.91,13.03,254.43
seq-06/frame-000272,1,0.03665,0.7033,2331,1797,1597,2.66,113.49,125.82,28.06,270.04
seq-06/frame-000273,1,0.05599,1.1005,1892,1404,1225,1.04,97.26,87.13,10.44,195.88
seq-06/frame-000274,1,0.06286,1.2843,1541,1162,988,0.89,82.88,77.96,16.19,177.92
seq-06/frame-000275,1,0.06972,1.4437,1600,1236,1079,0.89,78.39,84.37,15.90,179.55
seq-06/frame-000276,1,0.05679,1.1892,2102,1582,1393,0.92,97.70,115.01,17.79,231.42
seq-06/frame-000277,1,0.05946,1.3144,2212,1766,1538,0.97,89.46,120.25,23.98,234.66
seq-06/frame-000278,1,0.04738,1.1544,2288,1727,1492,1.00,97.26,104.95,26.90,230.12
seq-06/frame-000279,1,0.05384,1.3075,2215,1657,1449,0.94,105.07,105.68,16.31,228.00
seq-06/frame-000280,1,0.08608,2.0440,1695,1230,1048,0.87,79.62,84.94,14.47,179.91
seq-06/frame-000281,1,0.09684,2.3965,1638,1159,943,0.91,88.43,84.81,16.65,190.80
seq-06/frame-000282,1,0.10394,2.4631,1869,1351,1124,0.89,101.44,90.12,19.13,211.58
seq-06/frame-000283,1,0.06981,1.7461,2225,1605,1402,1.00,90.54,134.13,17.33,243.00
seq-06/frame-000284,1,0.07861,1.9260,2807,2031,1709,1.01,104.56,154.68,32.70,292.95
seq-06/frame-000285,1,0.08757,2.1146,2525,1807,1515,0.97,101.64,134.38,25.53,262.53
seq-06/frame-000286,1,0.07829,1.8163,2180,1650,1425,0.92,106.99,138.09,20.46,266.46
seq-06/frame-000287,1,0.08256,2.0340,1956,1405,1203,0.88,93.17,123.58,29.99,247.63
seq-06/frame-000288,1,0.08871,1.9541,1690,1203,1012,0.86,84.54,91.42,21.73,198.56
seq-06/frame-000289,1,0.08169,1.7336,2318,1785,1565,0.95,107.90,160.04,24.40,293.31
seq-06/frame-000290,1,0.05674,1.5082,2606,1859,1471,0.94,103.95,205.93,29.52,340.34
seq-06/frame-000291,1,0.07662,1.6282,2419,1508,1253,1.38,119.15,169.25,36.29,326.08
seq-06/frame-000292,1,0.10335,2.3126,2593,1637,1340,0.95,120.08,174.48,22.17,317.68
seq-06/frame-000293,1,0.10655,2.2632,2565,1537,1232,0.93,110.28,192.31,19.86,323.38
seq-06/frame-000294,1,0.06009,1.5499,2425,1787,1409,1.46,139.13,151.08,29.77,321.44
seq-06/frame-000295,1,0.07764,1.7671,2410,1555,1318,0.96,101.20,142.98,21.38,266.52
seq-06/frame-000296,1,0.09621,2.1191,2560,1635,1328,1.48,120.74,154.36,25.41,302.00
seq-06/frame-000297,1,0.04421,1.2347,2365,1763,1383,0.96,114.94,146.91,30.96,293.77
seq-06/frame-000298,1,0.07952,2.0267,2206,1474,1237,0.92,101.82,136.02,38.32,277.08
seq-06/frame-000299,1,0.05694,1.3881,2321,1806,1429,0.93,99.58,167.21,14.23,281.95
seq-06/frame-000300,1,0.07249,1.7644,2481,1627,1294,0.94,97.78,183.82,17.60,300.18
seq-06/frame-000301,1,0.03823,1.0760,2285,1529,1087,0.93,97.61,172.73,16.08,287.34
seq-06/frame-000302,1,0.02974,0.9730,2518,1726,1290,0.97,117.82,174.27,19.74,312.79
seq-06/frame-000303,1,0.08962,2.0174,2829,1788,1444,1.00,136.37,157.84,16.90,312.11
seq-06/frame-000304,1,0.08277,1.4413,2529,1567,1235,0.94,136.49,135.75,13.22,286.40
seq-06/frame-000305,1,0.04265,0.9958,2546,1555,1064,0.93,153.92,133.23,19.08,307.17
seq-06/frame-000306,1,0.08427,2.4776,2766,1837,1434,0.95,153.59,159.14,17.92,331.60
seq-06/frame-000307,1,0.08538,2.0685,2769,1633,1261,2.05,159.20,156.43,20.30,338.01
seq-06/frame-000308,1,0.09445,1.9201,2928,1802,1392,1.69,141.72,153.53,15.58,312.52
seq-06/frame-000309,1,0.08644,2.2043,2701,1664,1300,0.98,114.48,149.13,28.43,293.02
seq-06/frame-000310,1,0.12025,1.8314,2820,1668,1239,0.99,116.80,154.33,25.83,297.95
seq-06/frame-000311,1,0.01787,0.7004,2625,1843,1313,0.97,104.28,149.88,25.57,280.71
seq-06/frame-000312,1,0.05333,1.5019,2395,1637,1295,0.94,91.09,138.02,19.61,249.67
seq-06/frame-000313,1,0.06843,1.8471,2228,1477,1196,0.92,84.63,112.85,21.16,219.57
seq-06/frame-000314,1,0.06980,1.9313,2608,1667,1331,0.95,105.69,139.44,13.46,259.54
seq-06/frame-000315,1,0.08941,2.3341,2432,1543,1169,0.91,103.62,141.87,23.02,269.42
seq-06/frame-000316,1,0.00809,0.3490,2085,1477,1092,0.94,91.98,101.09,23.88,217.89
seq-06/frame-000317,1,0.10711,2.5913,2463,1471,1074,0.97,120.10,139.99,28.86,289.92
seq-06/frame-000318,1,0.11188,1.6878,2087,1277,931,0.94,86.73,97.80,22.07,207.55
seq-06/frame-000319,1,0.03112,0.7677,1963,1206,815,0.87,101.27,97.60,11.36,211.10
seq-06/frame-000320,1,0.11327,3.2292,2633,1770,1346,0.95,129.79,146.79,31.77,309.30
seq-06/frame-000321,1,0.11619,2.6534,2536,1534,1116,0.95,102.29,127.28,26.17,256.69
seq-06/frame-000322,1,0.11045,3.1298,2530,1899,1500,0.93,96.07,121.31,16.26,234.57
seq-06/frame-000323,1,0.12529,3.3274,1950,1374,1039,0.92,111.08,103.24,33.03,248.27
seq-06/frame-000324,1,0.10638,2.9680,2398,1594,1172,0.92,104.52,138.83,24.24,268.52
seq-06/frame-000325,1,0.10795,2.0903,2267,1503,1170,0.94,109.20,129.57,26.67,266.38
seq-06/frame-000326,1,0.08754,2.7742,2678,1716,1333,0.96,97.85,157.93,31.51,288.26
seq-06/frame-000327,1,0.11899,3.3218,3357,2453,1855,0.99,137.95,198.55,26.02,363.51
seq-06/frame-000328,1,0.10050,3.0345,2728,2008,1564,0.95,113.96,158.07,38.27,311.25
seq-06/frame-000329,1,0.10674,2.3290,1554,897,659,0.87,79.03,86.32,21.51,187.74
seq-06/frame-000330,1,0.10747,2.6068,1500,944,708,1.14,94.08,84.83,18.13,198.19
seq-06/frame-000331,1,0.11714,3.3739,2348,1621,1198,0.89,97.79,139.52,32.82,271.02
seq-06/frame-000332,1,0.11952,3.6155,3147,2224,1641,0.94,127.10,162.59,15.95,306.59
seq-06/frame-000333,1,0.11046,3.2750,2432,1417,1000,0.93,113.27,138.32,22.63,275.15
seq-06/frame-000334,1,0.10792,3.0351,1773,1202,894,0.93,96.83,99.79,17.46,215.00
seq-06/frame-000335,1,0.09582,3.0995,1609,939,679,1.30,90.34,79.58,28.31,199.53
seq-06/frame-000336,1,0.09621,3.3095,1798,1175,863,0.90,100.28,86.91,19.17,207.26
seq-06/frame-000337,1,0.09703,2.7507,2124,1229,867,0.92,96.15,118.05,14.95,230.07
seq-06/frame-000338,1,0.09782,3.4270,1868,1221,835,0.89,82.04,126.45,15.39,224.77
seq-06/frame-000339,1,0.08996,3.4896,1577,959,672,0.85,82.55,83.44,21.55,188.40
seq-06/frame-000340,1,0.09079,3.2458,1385,798,572,0.81,66.27,70.48,14.00,151.56
seq-06/frame-000341,1,0.14546,3.0400,1513,850,568,0.82,81.51,76.50,16.22,175.05
seq-06/frame-000342,1,0.14440,2.6146,1396,685,419,0.81,79.51,80.64,19.78,180.74
seq-06/frame-000343,1,0.05097,1.7662,1295,659,408,0.81,64.72,68.23,17.86,151.63
seq-06/frame-000344,1,0.04831,1.5783,1451,926,653,1.07,89.10,68.41,15.89,174.48
seq-06/frame-000345,1,0.09964,3.7321,1512,966,655,0.87,73.85,79.37,16.70,170.79
seq-06/frame-000346,1,0.07733,3.2628,1773,1190,876,0.92,87.59,84.72,13.22,186.45
seq-06/frame-000347,1,0.03982,1.3209,1900,1385,999,0.91,98.27,87.72,22.16,209.06
seq-06/frame-000348,1,0.03777,1.2580,1774,1196,844,0.87,95.19,93.04,21.74,210.85
seq-06/frame-000349,1,0.11446,3.8609,1771,971,625,0.87,88.90,88.77,19.77,198.32
seq-06/frame-000350,1,0.08119,3.5032,1652,1096,767,0.90,96.14,70.72,16.93,184.68
seq-06/frame-000351,1,0.09062,3.6479,1752,1235,862,0.92,86.53,86.40,23.54,197.39
seq-06/frame-000352,1,0.08404,3.4211,1916,1364,963,0.94,95.70,108.81,12.34,217.80
seq-06/frame-000353,1,0.10334,3.8674,1890,1299,961,0.91,85.07,89.15,25.32,200.45
seq-06/frame-000354,1,0.02848,0.9930,2127,1637,1209,1.07,98.35,108.83,25.68,233.93
seq-06/frame-000355,1,0.08701,3.5065,2012,1312,882,0.91,96.54,110.15,17.56,225.17
seq-06/frame-000356,1,0.02965,1.0966,1914,1415,1047,0.92,94.09,101.31,17.01,213.33
seq-06/frame-000357,1,0.02846,0.9977,2356,1695,1325,1.27,100.74,116.02,17.08,235.11
seq-06/frame-000358,1,0.01989,0.7274,2509,1948,1509,0.96,96.79,126.16,15.84,239.76
seq-06/frame-000359,1,0.03315,0.9562,2301,1785,1350,0.99,95.05,106.69,25.53,228.27
seq-06/frame-000360,1,0.02712,0.8926,2170,1657,1247,2.21,105.90,104.70,22.75,235.57
seq-06/frame-000361,1,0.02833,0.6207,2325,1799,1380,0.94,103.07,119.40,20.02,243.43
seq-06/frame-000362,1,0.02346,0.5054,2427,1897,1478,1.29,112.09,114.96,17.26,245.62
seq-06/frame-000363,1,0.02696,0.8499,2111,1617,1233,0.89,103.67,129.01,25.09,258.66
seq-06/frame-000364,1,0.03226,0.9312,2075,1582,1190,0.91,100.66,114.31,22.10,237.99
seq-06/frame-000365,1,0.03467,0.9824,2035,1555,1167,1.39,92.94,111.49,21.70,227.53
seq-06/frame-000366,1,0.02928,0.8474,1917,1485,1091,0.91,80.84,114.29,14.57,210.61
seq-06/frame-000367,1,0.02639,0.8063,2086,1569,1181,1.66,84.13,116.29,20.45,222.53
seq-06/frame-000368,1,0.02930,0.8613,1919,1418,1058,0.96,80.14,96.49,17.17,194.76
seq-06/frame-000369,1,0.03764,0.8621,1594,1142,820,0.90,80.84,84.64,14.41,180.79
seq-06/frame-000370,1,0.03943,0.9470,2292,1763,1403,0.96,97.66,141.84,21.24,261.71
seq-06/frame-000371,1,0.04235,1.0386,2753,2084,1637,0.97,112.26,131.88,20.63,265.75
seq-06/frame-000372,1,0.03981,1.0860,2728,1785,1384,0.98,120.71,177.85,14.06,313.60
seq-06/frame-000373,1,0.03664,1.0836,2142,1368,1051,0.91,114.75,151.43,11.23,278.32
seq-06/frame-000374,1,0.03672,1.1662,1941,1255,964,0.89,97.84,93.46,39.11,231.30
seq-06/frame-000375,1,0.04653,1.2397,2338,1555,1183,1.14,89.71,145.31,35.50,271.66
seq-06/frame-000376,1,0.04711,1.2434,2041,1292,964,0.89,86.54,102.09,29.42,218.94
seq-06/frame-000377,1,0.04998,1.3251,1832,1144,854,0.89,87.06,121.78,25.35,235.08
seq-06/frame-000378,1,0.05018,1.3583,1789,1122,832,0.87,79.33,110.02,21.91,212.14
seq-06/frame-000379,1,0.05055,1.3255,2000,1261,938,0.88,90.72,158.13,19.23,268.96
seq-06/frame-000380,1,0.05223,1.3500,2173,1420,1050,1.69,145.57,104.15,12.03,263.44
seq-06/frame-000381,1,0.04479,1.1925,2411,1663,1223,0.96,114.57,123.65,26.54,265.73
seq-06/frame-000382,1,0.05425,1.3470,2384,1542,1187,0.99,130.97,124.99,14.20,271.15
seq-06/frame-000383,1,0.05606,1.2701,2313,1360,990,0.96,118.30,120.01,23.39,262.66
seq-06/frame-000384,1,0.05575,1.2406,2327,1439,1041,0.94,126.64,99.59,17.24,244.41
seq-06/frame-000385,1,0.05548,1.3155,2482,1527,1114,1.45,102.02,131.05,12.86,247.38
seq-06/frame-000386,1,0.05157,1.2285,2376,1525,1149,0.92,112.45,134.64,12.38,260.39
seq-06/frame-000387,1,0.05182,1.1813,2060,1217,910,0.87,102.88,100.90,20.98,225.64
seq-06/frame-000388,1,0.05348,1.1582,1912,1134,817,1.28,98.42,93.88,14.90,208.48
seq-06/frame-000389,1,0.05248,1.2144,2328,1371,1032,0.90,90.88,120.34,20.29,232.41
seq-06/frame-000390,1,0.04524,1.0699,2598,1729,1339,0.93,116.17,124.45,18.83,260.37
seq-06/frame-000391,1,0.04635,1.0148,2881,2082,1627,0.98,107.13,139.31,13.75,261.17
seq-06/frame-000392,1,0.04477,1.0245,2724,1733,1328,0.99,104.46,123.74,23.98,253.19
seq-06/frame-000393,1,0.04728,0.9004,2339,1556,1167,0.93,100.86,118.50,14.72,235.01
seq-06/frame-000394,1,0.04823,0.9027,2113,1377,1070,0.89,90.82,106.72,17.71,216.15
seq-06/frame-000395,1,0.04815,1.0817,2365,1690,1353,0.90,115.84,126.08,17.40,260.23
seq-06/frame-000396,1,0.04226,0.7989,2600,1877,1488,0.96,104.80,127.54,19.94,253.25
seq-06/frame-000397,1,0.04062,0.6645,2643,1682,1280,0.94,109.74,133.40,15.99,260.07
seq-06/frame-000398,1,0.04593,0.6705,2192,1266,894,0.91,102.08,122.03,27.21,252.23
seq-06/frame-000399,1,0.06232,0.6626,1964,1024,689,1.25,82.80,102.64,16.08,202.78
seq-06/frame-000400,1,0.07159,0.9814,1812,860,548,0.90,86.97,98.16,9.00,195.03
seq-06/frame-000401,1,0.05738,0.7179,1981,1013,661,0.93,101.95,102.60,19.43,224.91
seq-06/frame-000402,1,0.05511,0.6499,1894,1040,711,0.90,100.32,94.59,23.07,218.89
seq-06/frame-000403,1,0.05687,0.7135,1736,1002,718,0.87,75.25,89.65,15.15,180.93
seq-06/frame-000404,1,0.05519,0.7657,1994,1124,746,0.91,92.84,96.34,23.78,213.88
seq-06/frame-000405,1,0.04269,0.7601,1950,1159,808,0.89,88.06,92.57,30.01,211.55
seq-06/frame-000406,1,0.04699,1.0018,1542,900,584,0.84,74.80,86.80,19.84,182.28
seq-06/frame-000407,1,0.05478,0.9607,1539,854,556,0.85,81.54,84.18,31.82,198.41
seq-06/frame-000408,1,0.05714,1.0146,1709,1019,690,0.86,89.22,87.52,30.39,207.99
seq-06/frame-000409,1,0.04371,0.9079,2251,1330,907,0.91,101.45,133.80,21.76,257.91
seq-06/frame-000410,1,0.02866,2.3020,1936,1252,883,1.83,98.60,101.09,22.56,224.08
seq-06/frame-000411,1,0.02823,0.7697,2545,1757,1215,0.92,119.30,125.86,21.15,267.24
seq-06/frame-000412,1,0.04017,1.0128,3205,2081,1517,1.20,118.43,179.31,22.17,321.11
seq-06/frame-000413,1,0.04371,1.0943,2885,1993,1387,0.99,129.15,145.50,15.25,290.89
seq-06/frame-000414,1,0.04939,1.1659,2794,1891,1300,0.97,125.93,141.66,23.29,291.86
seq-06/frame-000415,1,0.04655,1.0533,2622,1777,1230,0.95,121.12,146.46,16.82,285.36
seq-06/frame-000416,1,0.04677,1.0207,2477,1557,1087,0.93,101.55,114.41,24.88,241.77
seq-06/frame-000417,1,0.06654,1.4429,2944,1996,1311,0.96,125.42,158.55,28.46,313.40
seq-06/frame-000418,1,0.06124,1.4349,3406,2171,1524,2.14,130.52,168.90,18.99,320.55
seq-06/frame-000419,1,0.07541,1.7097,3161,2227,1504,1.00,113.13,162.89,19.99,297.02
seq-06/frame-000420,1,0.06594,1.6066,2713,1780,1233,0.96,99.33,133.01,21.89,255.18
seq-06/frame-000421,1,0.05133,1.4156,2049,1066,692,0.89,82.83,94.85,39.59,218.15
seq-06/frame-000422,1,0.05863,1.6914,1865,1112,744,0.87,88.32,103.97,23.84,217.01
seq-06/frame-000423,1,0.06228,1.7907,2757,1770,1195,0.94,112.02,154.51,18.90,286.37
seq-06/frame-000424,1,0.02416,1.4071,2714,1991,1469,0.95,125.26,138.69,19.59,284.49
seq-06/frame-000425,1,0.05105,1.4570,2484,1463,961,0.91,101.15,123.87,26.01,251.94
seq-06/frame-000426,1,0.04242,1.2753,2842,1845,1325,0.96,132.38,146.82,14.58,294.74
seq-06/frame-000427,1,0.04283,1.3391,3029,2052,1523,0.97,111.11,165.16,20.30,297.55
seq-06/frame-000428,1,0.03163,1.2914,2222,1585,1206,0.87,99.60,106.43,11.93,218.83
seq-06/frame-000429,1,0.03712,1.4793,2422,1560,1136,0.88,119.10,135.55,14.20,269.72
seq-06/frame-000430,1,0.03993,1.4736,2538,1730,1296,0.88,103.39,125.40,15.90,245.58
seq-06/frame-000431,1,0.02683,1.5047,2798,2081,1634,0.92,102.21,135.12,24.46,262.72
seq-06/frame-000432,1,0.03978,1.8271,1797,1221,953,0.87,77.12,87.64,23.64,189.27
seq-06/frame-000433,1,0.04590,2.6299,2193,1500,1187,0.90,83.98,112.33,29.04,226.25
seq-06/frame-000434,1,0.03176,1.6383,2653,1957,1541,0.91,124.18,133.81,15.46,274.36
seq-06/frame-000435,1,0.06559,2.7487,2997,2028,1506,0.95,132.35,151.97,26.14,311.40
seq-06/frame-000436,1,0.02745,1.7389,2701,1972,1587,0.97,111.82,141.47,27.81,282.08
seq-06/frame-000437,1,0.02377,1.5244,2701,2125,1713,0.94,126.21,124.75,16.17,268.08
seq-06/frame-000438,1,0.02953,1.6563,2801,2132,1717,0.94,132.45,145.25,16.24,294.88
seq-06/frame-000439,1,0.02558,1.6369,2848,2180,1782,0.93,104.54,159.48,38.40,303.36
seq-06/frame-000440,1,0.02931,1.6411,2719,2090,1703,0.92,104.40,141.20,25.50,272.03
seq-06/frame-000441,1,0.02238,1.5489,2782,2134,1748,0.96,113.41,143.18,21.19,278.75
seq-06/frame-000442,1,0.01969,1.5415,2663,1715,1352,0.96,101.65,138.25,21.96,262.82
seq-06/frame-000443,1,0.02842,1.8194,2647,1727,1405,1.38,105.80,152.07,26.53,285.77
seq-06/frame-000444,1,0.04548,2.2265,2915,1792,1383,0.97,104.52,173.84,21.84,301.17
seq-06/frame-000445,1,0.01858,1.4451,2831,1944,1587,0.94,101.36,138.33,15.27,255.90
seq-06/frame-000446,1,0.01998,1.3230,2677,1782,1446,0.92,109.36,122.89,15.03,248.20
seq-06/frame-000447,1,0.02124,1.4709,2551,1679,1343,0.91,99.05,127.61,12.26,239.84
seq-06/frame-000448,1,0.02435,1.4092,2604,1890,1528,0.91,103.05,139.91,25.25,269.13
seq-06/frame-000449,1,0.01845,1.2365,2725,1935,1621,0.91,124.31,128.54,20.47,274.23
seq-06/frame-000450,1,0.01775,1.3081,2651,1930,1576,1.31,125.48,125.07,20.05,271.91
seq-06/frame-000451,1,0.01841,1.3797,2176,1412,1129,0.90,83.99,131.36,22.66,238.91
seq-06/frame-000452,1,0.02652,1.7673,2246,1360,1100,0.90,95.01,107.84,16.48,220.23
seq-06/frame-000453,1,0.05966,3.0925,2523,1683,1333,0.90,99.67,144.98,17.20,262.75
seq-06/frame-000454,1,0.05037,2.8787,2277,1413,1111,0.89,105.59,107.70,15.59,229.77
seq-06/frame-000455,1,0.04881,3.0053,2276,1537,1211,0.90,110.76,103.55,14.90,230.12
seq-06/frame-000456,1,0.03299,1.7855,2276,1537,1211,0.87,106.51,116.36,24.94,248.68
seq-06/frame-000457,1,0.02380,1.6348,2141,1500,1248,0.86,82.59,98.79,16.99,199.23
seq-06/frame-000458,1,0.03069,1.2658,1535,1072,875,0.82,74.64,76.72,17.95,170.13
seq-06/frame-000459,1,0.05650,3.2336,1694,1149,929,0.83,88.07,86.55,13.74,189.19
seq-06/frame-000460,1,0.04741,2.9137,1828,1208,998,0.85,80.36,94.60,22.39,198.20
seq-06/frame-000461,1,0.03435,1.4271,1828,1208,998,0.85,78.44,93.96,24.33,197.58
seq-06/frame-000462,1,0.03952,2.3372,2071,1389,1136,0.90,87.81,119.62,16.26,224.60
seq-06/frame-000463,1,0.04784,2.5562,2101,1424,1174,0.90,98.35,110.83,10.60,220.69
seq-06/frame-000464,1,0.04902,2.1301,1991,1402,1159,0.88,94.57,92.62,18.09,206.17
seq-06/frame-000465,1,0.04659,2.2488,1886,1179,947,0.87,111.97,93.09,8.69,214.62
seq-06/frame-000466,1,0.05554,2.2903,1787,1197,968,0.86,84.75,91.12,17.22,193.95
seq-06/frame-000467,1,0.07188,3.6091,2045,1321,1061,0.90,101.65,105.49,14.49,222.53
seq-06/frame-000468,1,0.05840,2.3057,2045,1321,1061,0.87,98.20,94.26,22.42,215.75
seq-06/frame-000469,1,0.03194,1.5007,2212,1385,1067,0.95,99.08,114.47,18.17,232.67
seq-06/frame-000470,1,0.05075,2.0977,2356,1545,1239,0.93,95.14,117.79,13.04,226.90
seq-06/frame-000471,1,0.05402,2.0524,2370,1569,1260,0.91,104.78,131.53,22.68,259.91
seq-06/frame-000472,1,0.05467,2.0287,2370,1569,1260,0.92,98.50,126.87,20.53,246.82
seq-06/frame-000473,1,0.05347,2.0152,2560,1693,1343,0.95,95.76,119.87,22.73,239.30
seq-06/frame-000474,1,0.05431,2.0822,2570,1648,1290,0.97,119.68,131.30,22.91,274.86
seq-06/frame-000475,1,0.04724,1.8394,2800,1687,1282,0.99,105.12,132.53,13.27,251.92
seq-06/frame-000476,1,0.05121,2.0205,2874,1745,1336,1.02,114.74,138.74,32.24,286.75
seq-06/frame-000477,1,0.05038,2.0026,2874,1745,1336,1.02,105.49,151.52,43.59,301.62
seq-06/frame-000478,1,0.05565,2.0892,2699,1611,1211,1.36,132.44,138.08,10.05,281.93
seq-06/frame-000479,1,0.05290,1.9686,2745,1629,1259,0.99,108.54,135.28,21.14,265.95
seq-06/frame-000480,1,0.05312,2.0273,2849,1760,1347,0.98,111.76,156.55,14.53,283.82
seq-06/frame-000481,1,0.05941,2.0819,2623,1626,1238,0.99,104.88,144.29,13.36,263.52
seq-06/frame-000482,1,0.05868,2.0673,2623,1626,1238,1.00,105.54,137.86,12.71,257.11
seq-06/frame-000483,1,0.05913,1.8952,2420,1431,1094,0.95,91.15,114.44,14.98,221.52
seq-06/frame-000484,1,0.05743,1.9365,2488,1544,1189,0.94,98.72,133.25,14.29,247.21
seq-06/frame-000485,1,0.06580,2.3328,2515,1600,1207,0.96,110.73,120.32,16.29,248.30
seq-06/frame-000486,1,0.05914,2.0422,2509,1584,1187,0.96,106.23,138.26,19.48,264.93
seq-06/frame-000487,1,0.05927,2.0385,2509,1584,1187,1.16,113.36,141.81,18.94,275.27
seq-06/frame-000488,1,0.06683,1.9433,2301,1460,1120,1.24,88.58,109.60,18.12,217.56
seq-06/frame-000489,1,0.06336,1.9320,2290,1479,1150,0.94,98.54,121.74,20.62,241.85
seq-06/frame-000490,1,0.06255,2.1282,2469,1510,1146,0.93,119.42,148.98,16.02,285.36
seq-06/frame-000491,1,0.04626,1.5295,2469,1510,1146,0.92,89.91,121.87,22.12,234.83
seq-06/frame-000492,1,0.05603,1.8099,1667,1152,914,0.85,89.98,92.77,19.94,203.55
seq-06/frame-000493,1,0.04730,1.5149,1749,1220,977,0.86,84.23,108.98,26.78,220.85
seq-06/frame-000494,1,0.06625,2.0790,2110,1464,1124,0.90,81.35,153.06,62.87,298.19
seq-06/frame-000495,1,0.06256,2.0759,2114,1307,987,1.22,93.28,163.69,74.66,332.85
seq-06/frame-000496,1,0.06365,2.0781,2061,1316,995,0.91,89.77,133.62,68.25,292.55
seq-06/frame-000497,1,0.06445,1.9246,2311,1551,1210,1.16,102.15,282.74,34.97,421.03
seq-06/frame-000498,1,0.05454,1.7394,2636,1656,1284,0.94,121.58,347.63,48.65,518.81
seq-06/frame-000499,1,0.05402,1.7180,2636,1656,1284,0.90,125.93,325.85,19.50,472.18
seq-06/frame-000500,1,0.05966,1.8548,2761,1778,1389,0.97,109.92,384.51,198.90,694.30
seq-06/frame-000501,1,0.05932,1.7236,2617,1937,1569,1.00,128.45,384.78,17.62,531.84
seq-06/frame-000502,1,0.05876,1.9069,1948,1316,1014,0.91,112.06,350.68,16.30,479.95
seq-06/frame-000503,1,0.07278,1.9660,1954,1354,1040,0.90,137.94,284.08,26.39,449.31
seq-06/frame-000504,1,0.06401,1.8335,2739,1921,1510,2.80,182.29,305.39,57.50,547.98
seq-06/frame-000505,1,0.05834,1.7172,2675,1805,1400,1.79,216.85,293.37,29.48,541.49
seq-06/frame-000506,1,0.05616,1.7055,2675,1805,1400,1.26,179.04,309.84,25.08,515.23
seq-06/frame-000507,1,0.05030,1.5385,2321,1698,1369,1.05,169.54,245.90,27.64,444.14
seq-06/frame-000508,1,0.05077,1.4257,2129,1454,1167,0.93,127.45,238.50,18.89,385.79
seq-06/frame-000509,1,0.05378,1.6026,2488,1853,1514,1.00,178.31,240.39,31.91,451.61
seq-06/frame-000510,1,0.05250,1.5505,2583,1966,1598,0.98,237.44,241.28,37.63,517.32
seq-06/frame-000511,1,0.05165,1.5118,2509,1842,1473,1.46,148.42,176.98,22.44,349.30
seq-06/frame-000512,1,0.05254,1.5019,2509,1842,1473,1.81,226.85,263.76,110.19,602.61
seq-06/frame-000513,1,0.04987,1.4603,2432,1799,1467,0.98,176.64,353.22,53.21,584.06
seq-06/frame-000514,1,0.05336,1.6452,2430,1919,1564,1.11,172.69,317.05,26.81,517.66
seq-06/frame-000515,1,0.04785,1.6050,2528,1936,1583,0.95,170.13,339.17,23.42,533.67
seq-06/frame-000516,1,0.06487,1.1912,2333,1463,1184,1.40,157.53,335.29,21.20,515.41
seq-06/frame-000517,1,0.05557,1.2330,1887,1266,986,0.89,144.14,284.10,22.31,451.44
seq-06/frame-000518,1,0.04330,1.1230,1754,1204,950,1.80,145.03,240.32,31.09,418.25
seq-06/frame-000519,1,0.04424,1.1049,1754,1204,950,1.80,139.15,264.48,105.92,511.36
seq-06/frame-000520,1,0.03843,1.0099,1676,1064,827,4.74,238.70,112.97,20.45,376.87
seq-06/frame-000521,1,0.03897,1.1089,1672,1147,910,0.86,238.51,143.46,21.96,404.79
seq-06/frame-000522,1,0.04496,0.9571,1548,1062,856,0.93,263.80,123.69,19.59,408.01
seq-06/frame-000523,1,0.04326,0.9632,1629,1100,875,1.49,108.93,134.87,24.05,269.34
seq-06/frame-000524,1,0.04760,1.1220,2126,1357,1060,0.90,127.97,173.28,14.58,316.74
seq-06/frame-000525,1,0.04944,1.2197,2313,1722,1360,1.52,165.71,161.39,27.84,356.46
seq-06/frame-000526,1,0.05426,1.4882,2156,1386,1106,1.17,145.47,147.65,22.24,316.52
seq-06/frame-000527,1,0.04721,0.8364,2156,1386,1106,1.42,141.54,146.68,19.26,308.91
seq-06/frame-000528,1,0.05050,1.2459,2022,1380,1094,1.37,136.79,141.57,15.15,294.87
seq-06/frame-000529,1,0.04146,1.0082,2672,1715,1287,1.49,158.18,173.87,24.37,357.92
seq-06/frame-000530,1,0.04551,1.0477,2800,1883,1469,3.65,128.84,178.09,46.10,356.69
seq-06/frame-000531,1,0.05093,0.9314,2492,1563,1162,0.96,148.97,557.87,27.79,735.61
seq-06/frame-000532,1,0.05168,1.1554,2469,1621,1264,0.95,112.85,614.01,20.09,747.90
seq-06/frame-000533,1,0.05079,1.1356,2240,1548,1217,0.95,122.34,562.95,34.50,720.76
seq-06/frame-000534,1,0.04818,1.1543,2592,1617,1225,0.94,160.80,556.23,58.21,776.19
seq-06/frame-000535,1,0.04854,1.1825,2684,1695,1278,0.99,161.29,599.22,156.68,918.19
seq-06/frame-000536,1,0.05631,1.3429,2469,1600,1197,0.95,162.33,547.82,13.73,724.83
seq-06/frame-000537,1,0.06952,1.1341,1921,1313,1035,0.88,152.42,516.41,31.61,701.33
seq-06/frame-000538,1,0.06202,1.2425,1921,1313,1035,0.95,237.51,388.46,22.37,649.29
seq-06/frame-000539,1,0.05137,1.2837,2913,1741,1304,2.17,465.11,319.23,39.71,826.23
seq-06/frame-000540,1,0.04141,0.9487,3021,1795,1327,3.68,449.46,346.61,35.80,835.55
seq-06/frame-000541,1,0.04405,0.8653,2063,1337,1056,0.98,107.24,310.50,27.89,446.61
seq-06/frame-000542,1,0.05169,1.2208,1332,949,774,0.87,336.89,107.44,13.15,458.35
seq-06/frame-000543,1,0.05629,1.1509,1792,1131,877,0.91,214.84,225.30,26.04,467.10
seq-06/frame-000544,1,0.04386,1.0765,2841,1708,1286,0.99,313.42,207.84,33.39,555.65
seq-06/frame-000545,1,0.04621,1.0445,2744,1681,1286,0.99,302.50,207.75,31.15,542.39
seq-06/frame-000546,1,0.04174,0.8462,2544,1592,1215,1.32,247.64,208.75,17.09,474.80
seq-06/frame-000547,1,0.05852,1.3217,1596,1099,879,0.92,242.93,128.65,21.06,393.57
seq-06/frame-000548,1,0.05831,1.3142,1596,1099,879,0.86,194.25,105.76,23.59,324.47
seq-06/frame-000549,1,0.04869,0.8757,1444,1052,880,0.96,179.42,110.26,18.65,309.29
seq-06/frame-000550,1,0.05065,0.9559,2287,1417,1086,1.48,122.10,179.93,26.49,330.00
seq-06/frame-000551,1,0.05219,1.0809,2193,1368,1064,0.90,126.92,186.25,14.11,328.18
seq-06/frame-000552,1,0.04126,0.8336,2338,1435,1074,1.60,138.99,162.13,19.35,322.08
seq-06/frame-000553,1,0.04304,0.9493,2886,1737,1283,1.00,165.10,193.19,13.16,372.46
seq-06/frame-000554,1,0.03303,0.7156,2869,1688,1249,0.98,191.03,169.86,25.60,387.47
seq-06/frame-000555,1,0.03873,0.7556,2536,1541,1179,0.98,175.73,145.10,22.25,344.06
seq-06/frame-000556,1,0.04819,0.7854,2293,1367,1058,0.90,156.37,134.85,24.57,316.69
seq-06/frame-000557,1,0.06333,1.1417,2561,1571,1174,0.98,143.70,150.40,23.21,318.28
seq-06/frame-000558,1,0.03999,0.7381,2553,1539,1157,1.56,152.38,156.18,29.47,339.61
seq-06/frame-000559,1,0.04878,0.9068,2411,1458,1068,4.67,153.31,135.55,29.99,323.52
seq-06/frame-000560,1,0.04488,0.8687,2627,1625,1196,0.99,94.50,149.96,29.68,275.13
seq-06/frame-000561,1,0.05067,1.0422,2827,1736,1276,0.98,122.75,185.75,15.24,324.72
seq-06/frame-000562,1,0.04159,1.0849,2827,1736,1276,1.31,115.95,165.32,20.72,303.30
seq-06/frame-000563,1,0.06104,1.2530,2959,1733,1295,1.79,126.35,173.95,27.16,329.25
seq-06/frame-000564,1,0.06386,1.3303,2766,1707,1287,1.37,129.80,179.38,22.08,332.63
seq-06/frame-000565,1,0.07878,1.5351,2418,1446,1124,1.48,125.51,175.86,32.24,335.09
seq-06/frame-000566,1,0.08015,1.5636,2364,1435,1105,0.89,114.31,142.95,28.95,287.10
seq-06/frame-000567,1,0.08035,1.6740,2592,1596,1220,0.95,125.77,167.21,17.53,311.47
seq-06/frame-000568,1,0.05939,1.2495,2652,1602,1230,1.16,139.46,147.13,29.21,316.96
seq-06/frame-000569,1,0.08119,1.7193,2798,1655,1264,0.98,139.47,204.52,18.76,363.74
seq-06/frame-000570,1,0.07477,1.5150,2657,1602,1189,1.94,128.26,142.73,28.24,301.18
seq-06/frame-000571,1,0.08196,1.7482,2870,1728,1317,1.00,110.53,183.05,31.44,326.03
seq-06/frame-000572,1,0.07071,1.4504,3048,1706,1272,1.45,127.74,190.20,16.48,335.87
seq-06/frame-000573,1,0.07037,1.4662,2868,1714,1276,0.98,117.60,170.06,18.13,306.77
seq-06/frame-000574,1,0.06911,1.4226,2698,1603,1194,2.40,133.77,177.68,38.90,352.75
seq-06/frame-000575,1,0.06523,1.3263,2503,1512,1171,0.93,128.01,159.90,27.84,316.69
seq-06/frame-000576,1,0.03206,0.6731,2500,1601,1191,1.26,151.84,161.92,32.46,347.48
seq-06/frame-000577,1,0.06232,1.2689,2256,1505,1117,1.39,121.13,157.69,14.25,294.46
seq-06/frame-000578,1,0.06489,1.2612,2073,1502,1152,0.87,108.75,128.44,33.93,271.98
seq-06/frame-000579,1,0.07431,1.5216,2399,1790,1364,0.96,121.96,160.41,23.28,306.61
seq-06/frame-000580,1,0.06088,1.3232,2702,1589,1191,1.38,118.29,179.96,37.41,337.04
seq-06/frame-000581,1,0.06016,1.3576,2098,1436,1169,1.12,97.84,130.44,22.37,251.78
seq-06/frame-000582,1,0.05560,1.3470,1683,1182,937,0.90,106.07,113.85,21.73,242.59
seq-06/frame-000583,1,0.03836,1.2723,1491,1039,787,0.89,114.68,90.22,22.93,228.72
seq-06/frame-000584,1,0.05824,1.3292,1352,978,803,0.85,85.00,82.87,15.98,184.72
seq-06/frame-000585,1,0.04825,1.1714,1358,954,786,0.86,120.12,88.63,17.08,226.69
seq-06/frame-000586,1,0.05362,1.3455,1292,909,732,0.86,94.04,85.10,30.96,210.97
seq-06/frame-000587,1,0.04730,1.2416,1272,905,726,0.84,92.60,80.81,13.53,187.78
seq-06/frame-000588,1,0.04884,1.1187,1628,1205,985,0.87,97.73,94.64,13.99,207.23
seq-06/frame-000589,1,0.04801,1.2112,1537,1132,945,0.89,100.13,96.10,43.02,240.14
seq-06/frame-000590,1,0.03316,1.1671,1196,840,689,0.86,79.44,61.44,29.93,171.67
seq-06/frame-000591,1,0.03250,1.0497,1201,808,670,0.87,91.89,59.75,19.02,171.53
seq-06/frame-000592,1,0.03550,1.1525,1294,898,756,0.89,69.28,68.87,28.74,167.79
seq-06/frame-000593,1,0.02960,0.9647,1397,1033,856,1.25,82.79,66.31,28.69,179.04
seq-06/frame-000594,1,0.02660,1.1419,1386,1008,846,1.56,93.43,78.26,25.31,198.57
seq-06/frame-000595,1,0.02779,1.0770,1416,1041,888,0.92,95.70,85.83,15.18,197.62
seq-06/frame-000596,1,0.01912,1.0773,1282,949,804,0.86,71.62,70.09,18.31,160.88
seq-06/frame-000597,1,0.01297,1.1785,1159,856,707,0.84,63.57,70.96,16.93,152.31
seq-06/frame-000598,1,0.00930,0.9467,1231,958,802,1.24,69.68,58.28,17.70,146.91
seq-06/frame-000599,1,0.00523,0.7630,1396,1122,982,1.26,81.49,88.64,13.72,185.12
seq-06/frame-000600,1,0.00647,0.7473,1346,1003,865,0.85,74.38,74.29,23.40,172.92
seq-06/frame-000601,1,0.01076,0.7067,1329,937,780,0.82,70.64,76.88,24.55,172.89
seq-06/frame-000602,1,0.01657,0.8002,1240,953,825,0.84,69.15,70.24,19.78,160.02
seq-06/frame-000603,1,0.01938,0.6938,1191,893,741,1.23,85.32,60.44,17.89,164.88
seq-06/frame-000604,1,0.02721,0.5860,1203,857,722,1.24,68.46,83.14,15.63,168.48
seq-06/frame-000605,1,0.03823,0.8391,1211,856,719,0.93,87.00,72.77,16.45,177.14
seq-06/frame-000606,1,0.05055,1.0421,1332,986,816,2.37,96.40,88.85,16.60,204.22
seq-06/frame-000607,1,0.04929,0.9515,1175,811,667,1.66,79.40,86.92,21.57,189.56
seq-06/frame-000608,1,0.08165,1.6895,1172,762,620,1.13,82.74,85.80,20.13,189.80
seq-06/frame-000609,1,0.09571,1.9504,1344,1006,863,0.85,87.86,78.42,21.46,188.60
seq-06/frame-000610,1,0.09821,1.8990,1366,1043,892,0.86,76.46,82.61,18.75,178.68
seq-06/frame-000611,1,0.10364,2.0415,1429,1009,858,1.29,116.56,94.21,21.09,233.16
seq-06/frame-000612,1,0.10170,1.9765,1761,1267,1113,0.89,104.71,123.83,22.80,252.23
seq-06/frame-000613,1,0.11090,2.1695,1488,1068,906,0.87,118.44,96.48,8.82,224.61
seq-06/frame-000614,1,0.10952,2.2454,1482,1007,865,1.33,81.77,67.97,12.63,163.71
seq-06/frame-000615,1,0.11443,2.3836,1730,1303,1116,0.89,103.78,106.71,15.37,226.74
seq-06/frame-000616,1,0.11715,2.9899,1568,1012,842,1.26,99.35,104.37,20.46,225.45
seq-06/frame-000617,1,0.11341,2.3027,1909,1344,1131,1.36,146.03,130.29,17.78,295.47
seq-06/frame-000618,1,0.12586,2.6020,1530,1011,832,2.60,106.89,93.73,15.29,218.50
seq-06/frame-000619,1,0.13856,2.9951,1390,949,802,0.87,102.46,80.77,22.09,206.18
seq-06/frame-000620,1,0.13376,2.9208,2060,1448,1270,0.92,127.23,116.56,21.21,265.93
seq-06/frame-000621,1,0.12736,2.8719,2510,1893,1658,1.00,126.83,154.39,15.03,297.26
seq-06/frame-000622,1,0.12684,2.8041,2212,1586,1412,0.96,97.69,122.80,13.79,235.23
seq-06/frame-000623,1,0.15333,3.5363,1160,700,548,1.07,93.55,73.94,29.19,197.75
seq-06/frame-000624,1,0.15201,3.3585,1179,744,615,1.38,100.18,68.40,21.75,191.71
seq-06/frame-000625,1,0.14879,3.7112,1561,978,816,0.89,84.40,99.31,12.67,197.27
seq-06/frame-000626,1,0.15493,3.5922,1424,947,802,0.88,85.55,79.42,9.61,175.46
seq-06/frame-000627,1,0.16866,4.4538,1263,799,659,0.87,73.63,72.19,11.69,158.38
seq-06/frame-000628,1,0.17954,3.9779,1282,789,641,4.15,85.82,76.47,19.94,186.38
seq-06/frame-000629,1,0.19280,4.1974,1647,1025,849,0.93,76.24,90.87,11.87,179.92
seq-06/frame-000630,1,0.19328,4.2676,1436,923,755,0.87,92.43,68.79,20.00,182.10
seq-06/frame-000631,1,0.19560,4.2107,2150,1302,1048,0.98,111.90,140.34,33.11,286.34
seq-06/frame-000632,1,0.19481,4.2220,2260,1295,1039,0.93,114.16,138.25,21.94,275.28
seq-06/frame-000633,1,0.20505,4.3759,1545,981,808,0.90,86.85,76.85,11.93,176.54
seq-06/frame-000634,1,0.21454,4.1841,1399,915,727,0.90,82.30,80.36,14.74,178.30
seq-06/frame-000635,1,0.21514,4.5053,1717,1097,873,1.48,110.83,110.50,19.76,242.58
seq-06/frame-000636,1,0.22774,4.6378,1779,1111,891,0.90,94.32,117.22,27.66,240.10
seq-06/frame-000637,1,0.23106,4.7372,1683,1064,837,0.89,91.40,114.81,12.73,219.82
seq-06/frame-000638,1,0.14495,3.1308,2374,1455,1153,0.98,116.15,149.80,29.80,296.73
seq-06/frame-000639,1,0.19417,4.0662,2400,1472,1175,1.01,110.42,127.87,31.84,271.14
seq-06/frame-000640,1,0.12287,2.7108,2145,1315,1015,0.92,122.86,126.35,26.57,276.70
seq-06/frame-000641,1,0.17956,3.6765,2443,1570,1233,0.95,121.16,150.59,38.67,311.37
seq-06/frame-000642,1,0.13073,2.6879,1858,1246,1004,0.92,153.63,191.64,22.62,368.82
seq-06/frame-000643,1,0.08752,1.8898,1903,1277,1001,0.88,97.92,113.86,23.16,235.83
seq-06/frame-000644,1,0.13882,3.5075,1349,867,661,0.85,88.13,75.63,16.00,180.62
seq-06/frame-000645,1,0.11432,2.4256,1634,1108,893,0.89,86.18,101.32,28.04,216.43
seq-06/frame-000646,1,0.08924,1.8148,1720,1119,848,1.02,93.49,96.14,33.80,224.46
seq-06/frame-000647,1,0.09886,2.0129,2075,1378,1095,1.19,96.81,158.38,31.12,287.50
seq-06/frame-000648,1,0.08012,1.9527,1995,1349,1081,1.25,105.58,151.98,26.83,285.65
seq-06/frame-000649,1,0.09043,2.0541,2359,1546,1237,0.96,143.58,141.37,14.88,300.79
seq-06/frame-000650,1,0.11394,2.5125,2688,1576,1237,0.98,155.24,159.46,21.08,336.77
seq-06/frame-000651,1,0.07774,1.8756,2334,1513,1194,0.95,144.79,136.59,18.36,300.69
seq-06/frame-000652,1,0.11495,2.4584,2397,1496,1185,0.93,142.64,158.06,25.44,327.07
seq-06/frame-000653,1,0.10496,2.4206,2653,1732,1388,1.01,125.88,162.94,23.57,313.41
seq-06/frame-000654,1,0.10859,2.5321,2516,1584,1267,0.98,130.65,140.83,17.43,289.90
seq-06/frame-000655,1,0.09610,2.5596,1776,1072,826,0.88,106.83,117.47,20.51,245.70
seq-06/frame-000656,1,0.12028,2.6547,2560,1554,1242,2.46,114.77,152.92,29.57,299.73
seq-06/frame-000657,1,0.11303,2.5170,2370,1482,1210,1.00,101.61,162.26,31.63,296.50
seq-06/frame-000658,1,0.10843,2.4683,2301,1414,1134,0.96,97.01,136.41,19.12,253.50
seq-06/frame-000659,1,0.10165,2.3303,2607,1599,1260,1.02,116.06,153.85,16.05,286.98
seq-06/frame-000660,1,0.11820,2.5832,2500,1578,1263,1.89,120.05,150.38,27.67,299.99
seq-06/frame-000661,1,0.10017,2.3048,1701,980,740,0.91,102.23,106.80,14.78,224.72
seq-06/frame-000662,1,0.11086,2.4866,1925,1141,874,1.04,100.58,108.53,31.80,241.96
seq-06/frame-000663,1,0.10411,2.4276,1947,1157,927,1.22,109.08,100.70,16.48,227.49
seq-06/frame-000664,1,0.09827,2.2503,1672,997,786,1.67,92.42,100.25,23.00,217.35
seq-06/frame-000665,1,0.08826,2.1174,2004,1207,944,0.91,102.44,113.73,22.66,239.75
seq-06/frame-000666,1,0.08921,2.2429,2497,1571,1313,2.11,111.00,130.99,15.25,259.34
seq-06/frame-000667,1,0.09989,2.5315,2444,1607,1351,1.67,117.17,130.34,15.77,264.95
seq-06/frame-000668,1,0.10381,2.5248,2761,1766,1456,1.02,122.37,148.47,22.86,294.72
seq-06/frame-000669,1,0.10067,2.5425,2791,1811,1471,1.32,136.85,159.71,22.96,320.84
seq-06/frame-000670,1,0.09720,2.4356,2726,1677,1417,1.04,131.35,162.52,20.61,315.52
seq-06/frame-000671,1,0.10283,2.5875,2650,1711,1408,1.60,124.16,149.07,17.53,292.38
seq-06/frame-000672,1,0.10687,2.7110,2373,1612,1331,0.93,118.58,142.22,20.76,282.50
seq-06/frame-000673,1,0.10059,2.4651,2541,1660,1384,0.99,122.93,155.17,20.00,299.09
seq-06/frame-000674,1,0.10138,2.5768,2340,1620,1361,1.45,111.56,135.97,28.70,277.68
seq-06/frame-000675,1,0.10679,2.7399,1712,1103,881,1.26,79.12,100.27,17.09,197.74
seq-06/frame-000676,1,0.10207,2.5130,1642,1064,862,0.86,80.40,84.88,20.40,186.55
seq-06/frame-000677,1,0.09862,2.4133,2146,1457,1211,1.67,94.15,127.62,17.84,241.29
seq-06/frame-000678,1,0.10419,2.6309,1822,1179,949,0.89,74.64,98.48,15.13,189.14
seq-06/frame-000679,1,0.10774,2.5965,1556,916,718,0.86,81.61,92.99,16.98,192.44
seq-06/frame-000680,1,0.10144,2.4013,1804,1165,962,0.87,84.66,105.74,18.47,209.74
seq-06/frame-000681,1,0.10477,2.4528,2280,1574,1351,1.21,133.01,122.24,15.65,272.11
seq-06/frame-000682,1,0.10711,2.4914,1918,1263,1040,0.87,99.07,128.48,17.88,246.30
seq-06/frame-000683,1,0.10250,2.3740,2464,1639,1393,0.92,119.92,132.61,16.12,269.56
seq-06/frame-000684,1,0.10526,2.5014,2495,1580,1309,0.99,101.59,141.26,23.79,267.63
seq-06/frame-000685,1,0.10560,2.4395,2495,1670,1382,0.93,115.26,135.41,20.79,272.40
seq-06/frame-000686,1,0.11437,2.6060,2392,1618,1363,0.94,114.51,130.91,27.86,274.22
seq-06/frame-000687,1,0.11272,2.6622,2233,1559,1327,1.22,115.16,116.25,20.07,252.69
seq-06/frame-000688,1,0.11080,2.6901,1718,1193,1003,0.88,96.43,94.59,16.92,208.81
seq-06/frame-000689,1,0.11276,2.7153,2258,1552,1311,2.13,91.70,129.74,15.35,238.93
seq-06/frame-000690,1,0.09151,2.2935,1835,1289,1073,1.19,102.03,116.75,17.87,237.84
seq-06/frame-000691,1,0.09265,2.2984,1694,1212,1019,0.88,93.15,95.76,25.04,214.84
seq-06/frame-000692,1,0.09145,2.3858,1794,1198,1005,2.17,88.00,95.04,12.24,197.46
seq-06/frame-000693,1,0.08103,2.0706,1682,1066,863,0.87,87.06,88.28,30.63,206.85
seq-06/frame-000694,1,0.08343,2.4882,1423,848,669,1.28,86.99,77.88,22.03,188.19
seq-06/frame-000695,1,0.09024,2.7755,1260,750,580,1.13,86.83,73.07,14.15,175.18
seq-06/frame-000696,1,0.08912,2.7370,1499,936,738,1.48,95.63,89.49,26.64,213.25
seq-06/frame-000697,1,0.07967,2.5544,2500,1776,1490,0.95,115.09,168.19,35.04,319.27
seq-06/frame-000698,1,0.07871,2.5567,2611,1889,1615,1.68,114.50,170.39,23.74,310.31
seq-06/frame-000699,1,0.07456,2.4440,2460,1889,1626,1.16,116.59,137.17,15.97,270.89
seq-06/frame-000700,1,0.07616,2.5497,2343,1688,1450,0.95,115.32,150.59,16.43,283.28
seq-06/frame-000701,1,0.08464,2.7870,1879,1284,1060,0.89,105.99,107.10,25.20,239.19
seq-06/frame-000702,1,0.08680,2.8056,2382,1588,1352,1.21,125.66,136.49,20.03,283.41
seq-06/frame-000703,1,0.07949,2.7019,2674,1781,1505,0.94,134.28,153.05,21.94,310.21
seq-06/frame-000704,1,0.08154,2.6748,2624,1669,1409,0.96,122.93,154.52,20.06,298.46
seq-06/frame-000705,1,0.07927,2.7001,2697,1779,1495,1.02,125.13,150.79,15.91,292.86
seq-06/frame-000706,1,0.07394,2.6009,2679,1722,1433,1.01,122.25,163.85,25.90,313.01
seq-06/frame-000707,1,0.08335,2.8325,2653,1709,1434,1.32,101.96,142.84,17.59,263.72
seq-06/frame-000708,1,0.08068,2.7831,2705,1725,1447,1.03,119.36,147.10,28.25,295.74
seq-06/frame-000709,1,0.08788,3.1515,2442,1448,1187,0.98,106.29,139.03,12.44,258.74
seq-06/frame-000710,1,0.07597,2.8563,2275,1546,1319,0.92,104.16,126.18,26.69,257.95
seq-06/frame-000711,1,0.08916,2.9618,1463,925,735,0.85,87.38,90.83,9.20,188.26
seq-06/frame-000712,1,0.06943,2.6345,2596,1687,1425,0.98,120.62,152.53,21.27,295.41
seq-06/frame-000713,1,0.06199,2.4580,2481,1592,1318,1.34,111.38,143.02,28.87,284.61
seq-06/frame-000714,1,0.06107,2.3999,2337,1502,1252,1.05,105.35,133.30,15.32,255.02
seq-06/frame-000715,1,0.06906,2.7449,2425,1736,1482,1.43,97.03,129.48,29.69,257.64
seq-06/frame-000716,1,0.06469,2.5815,2698,1663,1357,1.00,103.40,171.84,31.29,307.54
seq-06/frame-000717,1,0.05480,2.2724,2657,1683,1393,0.99,109.13,146.54,20.81,277.47
seq-06/frame-000718,1,0.05975,2.3535,2675,1654,1363,1.29,115.51,167.07,14.93,298.80
seq-06/frame-000719,1,0.05228,2.2939,2664,1571,1276,1.00,109.49,170.55,13.10,294.15
seq-06/frame-000720,1,0.05003,2.1868,2776,1575,1259,1.56,139.68,168.59,31.22,341.05
seq-06/frame-000721,1,0.04752,2.1105,2490,1449,1171,0.95,111.42,147.72,21.22,281.32
seq-06/frame-000722,1,0.04116,1.9819,2184,1324,1067,2.69,122.83,111.32,8.96,245.80
seq-06/frame-000723,1,0.04695,1.8848,2042,1264,1023,1.37,112.74,122.07,9.59,245.77
seq-06/frame-000724,1,0.04692,1.9794,2542,1573,1284,0.93,127.96,159.83,29.26,317.99
seq-06/frame-000725,1,0.04300,1.9211,2506,1496,1229,6.88,118.51,150.74,33.35,309.48
seq-06/frame-000726,1,0.03583,1.6491,2716,1613,1320,2.04,123.40,142.73,18.31,286.49
seq-06/frame-000727,1,0.03962,1.8752,2775,1454,1173,1.27,122.32,152.47,19.34,295.40
seq-06/frame-000728,1,0.03808,1.7509,2615,1424,1128,1.27,114.28,148.93,17.37,281.86
seq-06/frame-000729,1,0.03716,1.8653,2641,1386,1071,0.96,107.47,170.78,15.81,295.03
seq-06/frame-000730,1,0.04395,1.9821,2898,1519,1215,0.98,116.24,180.70,22.77,320.69
seq-06/frame-000731,1,0.03173,1.5698,2185,1197,971,1.54,114.73,137.02,46.04,299.33
seq-06/frame-000732,1,0.03752,1.6313,1759,1030,825,0.88,117.08,102.96,23.56,244.48
seq-06/frame-000733,1,0.03315,1.4413,2115,1150,888,0.89,106.56,142.55,29.96,279.96
seq-06/frame-000734,1,0.02474,1.1873,2373,1392,1103,0.89,101.21,173.25,32.26,307.62
seq-06/frame-000735,1,0.03929,1.4232,1665,865,674,0.95,95.03,84.78,41.68,222.45
seq-06/frame-000736,1,0.02393,1.2534,2126,1264,1025,0.91,98.27,135.02,24.83,259.03
seq-06/frame-000737,1,0.02514,1.3221,3086,1712,1387,0.98,117.04,206.37,54.83,379.23
seq-06/frame-000738,1,0.02382,1.3092,1890,1097,877,0.90,107.00,141.79,17.86,267.61
seq-06/frame-000739,1,0.01706,1.0877,2020,1213,953,0.96,137.28,149.00,49.88,337.12
seq-06/frame-000740,1,0.01973,1.1521,2184,1328,1081,2.75,113.78,136.78,13.92,267.24
seq-06/frame-000741,1,0.02459,1.0414,1948,1083,846,0.87,142.46,191.01,27.23,361.58
seq-06/frame-000742,1,0.02874,1.1335,1820,1083,856,1.71,120.45,166.22,22.70,311.07
seq-06/frame-000743,1,0.01988,0.9282,1725,1119,922,0.84,145.34,138.88,14.20,299.26
seq-06/frame-000744,1,0.01174,0.7013,1613,998,820,3.34,150.08,124.23,18.50,296.15
seq-06/frame-000745,1,0.01683,0.7765,1418,997,834,3.24,116.64,127.82,60.14,307.85
seq-06/frame-000746,1,0.01376,0.5927,1514,1047,839,1.28,109.55,172.12,37.51,320.47
seq-06/frame-000747,1,0.01237,0.6279,1412,913,742,0.90,157.80,156.76,30.64,346.11
seq-06/frame-000748,1,0.01979,0.6298,1385,867,693,0.85,104.88,141.04,36.00,282.77
seq-06/frame-000749,1,0.03223,0.5574,1992,1297,1074,1.54,127.24,186.62,21.45,336.85
seq-06/frame-000750,1,0.02267,0.4710,1850,1295,1081,1.67,141.13,182.09,14.66,339.55
seq-06/frame-000751,1,0.02235,0.4333,1565,1058,852,0.84,125.90,138.08,20.55,285.37
seq-06/frame-000752,1,0.02339,0.4267,2480,1840,1570,1.35,187.37,173.41,19.85,381.99
seq-06/frame-000753,1,0.02696,0.4427,2289,1624,1387,2.48,152.03,189.81,26.80,371.13
seq-06/frame-000754,1,0.02827,0.5727,1738,1344,1157,2.44,139.50,134.79,34.55,311.27
seq-06/frame-000755,1,0.02368,0.5673,1417,1030,865,0.92,117.68,96.65,15.41,230.66
seq-06/frame-000756,1,0.03242,0.6085,1558,1209,1022,0.88,103.21,124.87,25.86,254.82
seq-06/frame-000757,1,0.04058,0.8164,2026,1554,1349,1.19,137.06,122.41,14.87,275.54
seq-06/frame-000758,1,0.03135,0.6126,1712,1290,1116,1.59,128.35,111.37,13.97,255.29
seq-06/frame-000759,1,0.02555,0.4475,1403,980,788,0.83,92.79,94.25,23.05,210.92
seq-06/frame-000760,1,0.01962,0.3204,1052,615,473,2.10,94.15,67.85,14.94,179.05
seq-06/frame-000761,1,0.03587,0.7436,1062,649,458,1.00,82.70,68.98,20.86,173.54
seq-06/frame-000762,1,0.03512,0.6645,1181,734,562,0.81,82.04,61.88,15.65,160.40
seq-06/frame-000763,1,0.02891,0.4611,1211,752,578,0.82,74.56,50.57,13.55,139.50
seq-06/frame-000764,1,0.03793,0.6972,1267,795,603,0.85,76.09,73.97,9.58,160.49
seq-06/frame-000765,1,0.04953,0.7161,1497,945,749,0.81,89.83,92.87,12.25,195.75
seq-06/frame-000766,1,0.06168,1.1282,1813,1383,1179,4.70,85.90,100.89,20.96,212.45
seq-06/frame-000767,1,0.05056,1.0885,1594,1042,853,1.15,90.01,81.91,13.42,186.49
seq-06/frame-000768,1,0.04385,0.9187,1546,919,695,0.82,93.87,90.47,11.17,196.33
seq-06/frame-000769,1,0.05514,1.1514,2200,1649,1411,0.86,98.58,130.37,39.31,269.12
seq-06/frame-000770,1,0.05106,1.2918,1982,1531,1297,1.63,122.24,111.62,15.08,250.57
seq-06/frame-000771,1,0.05501,1.5744,1598,895,678,0.80,89.55,88.74,10.62,189.71
seq-06/frame-000772,1,0.05070,1.5213,1936,1403,1141,0.81,111.30,107.53,11.95,231.59
seq-06/frame-000773,1,0.04584,1.3135,1666,947,737,0.81,89.70,85.36,10.11,185.99
seq-06/frame-000774,1,0.05154,1.5175,1399,746,522,1.76,63.46,80.96,15.70,161.88
seq-06/frame-000775,1,0.04512,1.4837,1707,937,683,0.81,80.52,98.67,10.53,190.54
seq-06/frame-000776,1,0.04790,1.6327,1763,872,627,0.84,75.73,92.88,12.81,182.27
seq-06/frame-000777,1,0.04086,1.4270,1848,894,631,0.81,85.41,117.37,19.45,223.05
seq-06/frame-000778,1,0.05027,1.9503,1624,762,537,0.79,90.98,101.25,20.54,213.56
seq-06/frame-000779,1,0.05506,2.2453,1610,691,462,0.79,83.83,97.87,10.62,193.12
seq-06/frame-000780,1,0.05540,2.2601,1610,691,462,1.23,108.35,94.64,14.93,219.15
seq-06/frame-000781,1,0.05846,2.2041,1663,756,527,2.79,102.94,88.38,15.74,209.85
seq-06/frame-000782,1,0.04913,1.7132,1716,841,568,1.10,96.47,97.37,11.15,206.09
seq-06/frame-000783,1,0.05370,1.9009,1715,759,502,0.85,85.26,115.86,15.05,217.03
seq-06/frame-000784,1,0.05287,1.8533,1715,759,502,0.91,101.43,96.52,16.62,215.49
seq-06/frame-000785,1,0.05972,2.0132,1687,677,417,0.80,88.45,105.58,18.74,213.57
seq-06/frame-000786,1,0.04608,1.4545,1938,808,518,1.28,116.54,105.32,14.50,237.65
seq-06/frame-000787,1,0.02870,0.9111,2273,1071,732,0.85,94.79,127.85,17.17,240.66
seq-06/frame-000788,1,0.02871,0.9290,2273,1071,732,0.82,102.50,143.45,22.73,269.50
seq-06/frame-000789,1,0.03254,0.9669,1957,889,578,0.83,92.34,109.01,7.94,210.13
seq-06/frame-000790,1,0.03423,1.1013,2244,969,637,0.86,102.26,143.98,18.39,265.49
seq-06/frame-000791,1,0.03219,1.1894,2861,1362,960,1.51,166.61,167.57,8.41,344.11
seq-06/frame-000792,1,0.03048,1.0168,3044,1560,1155,1.23,126.50,187.07,18.66,333.47
seq-06/frame-000793,1,0.03053,1.0121,3044,1560,1155,0.99,144.94,210.06,14.28,370.27
seq-06/frame-000794,1,0.03042,1.0695,2710,1243,828,0.90,94.88,180.88,10.30,286.96
seq-06/frame-000795,1,0.03627,1.2509,2635,1181,778,0.97,107.58,181.75,13.97,304.28
seq-06/frame-000796,1,0.03291,1.3054,2899,1483,1087,1.08,115.02,189.62,22.71,328.43
seq-06/frame-000797,1,0.03337,1.3151,2899,1483,1087,1.08,136.08,168.96,19.70,325.82
seq-06/frame-000798,1,0.03240,1.1466,3673,1683,1145,1.04,178.05,205.58,16.20,400.88
seq-06/frame-000799,1,0.03359,1.1616,2820,1146,699,0.93,127.58,158.70,16.26,303.48
seq-06/frame-000800,1,0.03580,1.2899,3202,1325,894,1.13,119.34,165.08,22.84,308.40
seq-06/frame-000801,1,0.04065,1.9409,3364,1670,1163,1.13,115.93,159.50,20.94,297.51
seq-06/frame-000802,1,0.03583,1.5299,3364,1670,1163,1.13,114.81,164.56,16.91,297.42
seq-06/frame-000803,1,0.03430,1.2592,3402,1487,1013,1.10,137.08,184.67,19.29,342.14
seq-06/frame-000804,1,0.02708,1.0871,3203,1274,797,1.01,114.82,165.19,19.55,300.57
seq-06/frame-000805,1,0.02975,1.1555,3084,1250,793,1.05,102.97,167.70,28.19,299.91
seq-06/frame-000806,1,0.03138,1.4260,3367,1489,984,1.11,112.43,203.66,25.06,342.26
seq-06/frame-000807,1,0.03900,1.9889,3544,1548,1058,1.06,115.45,186.29,22.24,325.04
seq-06/frame-000808,1,0.03511,1.5843,3544,1548,1058,1.05,107.01,230.16,14.16,352.39
seq-06/frame-000809,1,0.03827,1.6531,3632,1581,1072,1.15,111.43,198.57,17.87,329.02
seq-06/frame-000810,1,0.04061,1.3922,3667,1383,820,1.12,131.06,187.79,16.93,336.91
seq-06/frame-000811,1,0.03211,1.2606,3700,1461,873,1.09,119.67,200.79,12.18,333.75
seq-06/frame-000812,1,0.03620,1.7585,3679,1534,1014,1.16,129.66,215.60,17.05,363.46
seq-06/frame-000813,1,0.04020,1.8210,3703,1543,983,1.11,102.08,187.61,15.52,306.32
seq-06/frame-000814,1,0.03975,2.0744,3693,1520,990,1.16,121.50,191.92,21.47,336.06
seq-06/frame-000815,1,0.04180,1.7735,3693,1520,990,1.13,133.27,205.42,21.00,360.82
seq-06/frame-000816,1,0.03476,1.3578,3491,1298,819,1.13,107.86,190.40,21.80,321.19
seq-06/frame-000817,1,0.06131,2.4553,3900,1511,926,0.99,118.93,207.36,13.53,340.80
seq-06/frame-000818,1,0.06262,2.3163,3780,1312,727,0.92,135.10,224.66,52.57,413.25
seq-06/frame-000819,1,0.03838,1.8220,4000,1415,800,1.15,117.75,222.22,69.14,410.27
seq-06/frame-000820,1,0.03920,2.0242,4000,1586,987,1.36,153.70,277.04,109.94,542.05
seq-06/frame-000821,1,0.05850,1.5430,4000,1523,883,1.19,134.39,376.11,541.39,1053.11
seq-06/frame-000822,1,0.10347,2.6234,4001,1882,1304,1.10,144.90,1118.01,256.11,1520.16
seq-06/frame-000823,1,0.03090,1.7450,4000,1536,888,1.12,146.82,1789.60,145.98,2083.55
seq-06/frame-000824,1,0.02784,1.3935,4000,1445,777,1.19,136.36,2337.62,81.70,2556.89
seq-06/frame-000825,1,0.06181,1.3816,4001,1625,1005,1.16,135.68,2266.89,81.66,2485.41
seq-06/frame-000826,1,0.05169,2.2477,4000,1337,715,1.19,125.59,2236.30,212.98,2576.06
seq-06/frame-000827,1,0.01357,1.3404,3836,1461,872,1.21,136.82,2854.56,49.15,3041.74
seq-06/frame-000828,1,0.04645,2.2115,4000,1373,758,5.41,893.14,2090.46,65.27,3054.27
seq-06/frame-000829,1,0.04826,1.1631,4000,1398,782,2.18,961.93,2015.55,52.77,3032.44
seq-06/frame-000830,1,0.05866,1.8340,3373,1169,673,3.61,1096.06,1619.70,67.54,2786.92
seq-06/frame-000831,1,0.06463,1.6720,3323,1376,870,2.74,994.73,1224.40,50.70,2272.57
seq-06/frame-000832,1,0.04658,1.5942,3390,1552,1051,2.05,924.75,919.72,45.87,1892.40
seq-06/frame-000833,1,0.06316,2.0230,3191,1256,805,1.51,701.92,576.59,51.58,1331.60
seq-06/frame-000834,1,0.07454,2.2909,3305,1498,972,22.33,743.99,359.72,77.48,1203.53
seq-06/frame-000835,1,0.03304,1.5259,3213,1336,835,1.67,597.20,405.79,32.99,1037.66
seq-06/frame-000836,1,0.04882,1.9427,3375,1268,742,1.03,589.09,316.71,82.95,989.79
seq-06/frame-000837,1,0.00718,0.9826,3966,1700,1049,1.55,276.06,438.22,47.04,762.87
seq-06/frame-000838,1,0.06362,1.5359,3338,1450,912,1.25,220.37,305.69,41.99,569.30
seq-06/frame-000839,1,0.01234,0.9187,3231,1288,774,1.12,188.83,332.65,49.86,572.47
seq-06/frame-000840,1,0.01519,0.8498,3614,1474,901,1.64,238.22,281.62,54.50,575.98
seq-06/frame-000841,1,0.03139,0.6461,3236,1489,981,1.18,243.74,273.65,61.80,580.38
seq-06/frame-000842,1,0.02110,1.4595,3015,1286,787,1.60,207.27,327.45,65.03,601.35
seq-06/frame-000843,1,0.03112,1.0973,3987,1740,1071,4.25,273.77,397.90,70.66,746.59
seq-06/frame-000844,1,0.00343,1.1815,4000,1688,1067,1.16,226.00,870.93,32.85,1130.95
seq-06/frame-000845,1,0.00649,0.7832,4000,1803,1191,1.06,303.83,827.89,16.78,1149.56
seq-06/frame-000846,1,0.02325,1.2633,3286,1429,920,1.08,237.29,764.42,35.36,1038.16
seq-06/frame-000847,1,0.03218,1.6512,2748,1220,794,1.55,209.22,716.11,27.37,954.25
seq-06/frame-000848,1,0.01103,1.0369,3799,1709,1128,1.17,299.09,714.85,24.19,1039.29
seq-06/frame-000849,1,0.01546,1.0310,3793,1700,1133,1.16,631.20,408.21,30.89,1071.47
seq-06/frame-000850,1,0.01178,0.7730,3409,1628,1102,1.01,309.29,649.13,29.49,988.92
seq-06/frame-000851,1,0.05948,2.6223,2938,1219,699,0.97,453.96,432.05,22.88,909.86
seq-06/frame-000852,1,0.01726,1.4750,3231,1584,1086,1.13,462.69,434.74,29.90,928.46
seq-06/frame-000853,1,0.00449,0.9205,4001,1856,1290,2.01,608.72,264.43,12.76,887.92
seq-06/frame-000854,1,0.00581,0.9138,4000,1843,1275,1.22,181.84,234.16,20.93,438.16
seq-06/frame-000855,1,0.00998,0.9762,3645,1765,1221,1.16,159.67,194.18,14.68,369.70
seq-06/frame-000856,1,0.01650,1.0380,3515,1721,1186,1.33,167.42,218.84,29.79,417.38
seq-06/frame-000857,1,0.00766,0.8419,4000,1952,1388,1.21,175.84,260.63,27.27,464.95
seq-06/frame-000858,1,0.01858,0.9911,3867,1876,1294,1.10,141.49,231.09,33.10,406.78
seq-06/frame-000859,1,0.01345,1.0306,3729,1817,1253,1.54,140.89,267.84,51.90,462.18
seq-06/frame-000860,1,0.01719,0.9700,3928,1926,1337,1.23,154.52,245.24,47.52,448.51
seq-06/frame-000861,1,0.01704,0.8689,4000,1935,1358,1.21,155.52,240.81,14.89,412.43
seq-06/frame-000862,1,0.02079,0.9731,4000,1963,1437,1.16,154.76,261.72,26.04,443.69
seq-06/frame-000863,1,0.02189,0.9429,4001,2035,1457,4.26,135.03,291.39,15.74,446.42
seq-06/frame-000864,1,0.01720,0.9231,4001,1946,1415,1.16,174.81,238.01,15.97,429.95
seq-06/frame-000865,1,0.01899,0.9586,4000,1985,1422,3.54,189.97,227.07,19.73,440.32
seq-06/frame-000866,1,0.01704,0.6724,4000,1980,1386,1.05,224.66,217.89,27.03,470.63
seq-06/frame-000867,1,0.01887,0.7872,4000,1984,1390,1.01,206.44,230.59,20.76,458.79
seq-06/frame-000868,1,0.02261,0.9151,4000,1999,1423,1.13,184.05,248.25,31.21,464.65
seq-06/frame-000869,1,0.01404,0.9108,4000,1968,1368,1.02,181.74,229.80,26.16,438.72
seq-06/frame-000870,1,0.01810,0.8960,4000,1924,1362,1.15,156.32,246.00,20.89,424.37
seq-06/frame-000871,1,0.02553,0.8894,4000,2025,1457,1.14,159.05,248.02,16.67,424.88
seq-06/frame-000872,1,0.02966,0.9306,4000,1956,1360,1.06,135.33,239.96,27.28,403.64
seq-06/frame-000873,1,0.04015,1.1488,3223,1459,978,0.96,109.11,220.01,31.35,361.43
seq-06/frame-000874,1,0.01461,0.7126,3451,1643,1066,0.98,118.73,214.53,35.74,369.99
seq-06/frame-000875,1,0.01519,0.5983,4000,2004,1391,0.99,175.58,235.09,19.64,431.29
seq-06/frame-000876,1,0.02132,0.7166,4001,1982,1353,0.98,176.22,223.05,19.37,419.62
seq-06/frame-000877,1,0.02169,0.5269,3502,1676,1102,0.99,164.50,204.66,18.73,388.89
seq-06/frame-000878,1,0.01792,0.7966,3776,1882,1286,1.06,165.53,199.63,18.99,385.22
seq-06/frame-000879,1,0.02917,0.8373,4000,1971,1364,1.01,162.53,217.02,19.81,400.38
seq-06/frame-000880,1,0.01788,0.7631,2874,1440,964,0.88,158.72,153.19,19.14,331.92
seq-06/frame-000881,1,0.01132,0.9267,3348,1731,1182,0.92,173.47,181.05,26.11,381.55
seq-06/frame-000882,1,0.01750,0.5861,3770,1829,1227,1.05,168.10,194.02,27.13,390.29
seq-06/frame-000883,1,0.03662,1.0518,3778,1679,1099,2.91,161.97,202.55,32.03,399.46
seq-06/frame-000884,1,0.01039,0.5593,3540,1719,1180,1.31,128.14,181.97,16.86,328.28
seq-06/frame-000885,1,0.01129,0.8697,3117,1560,1039,0.91,132.33,155.77,29.86,318.87
seq-06/frame-000886,1,0.03662,0.9038,2456,1021,615,0.88,98.37,120.81,12.64,232.70
seq-06/frame-000887,1,0.00641,0.6653,3088,1547,1047,0.90,153.65,143.02,16.95,314.52
seq-06/frame-000888,1,0.05060,1.3921,3657,1626,1040,1.01,154.38,189.38,27.53,372.30
seq-06/frame-000889,1,0.04472,1.1056,3679,1651,1077,1.02,153.75,192.06,20.95,367.79
seq-06/frame-000890,1,0.05386,1.4769,3540,1549,1029,1.10,136.63,177.07,16.27,331.07
seq-06/frame-000891,1,0.05218,1.3429,3494,1492,1003,1.13,138.45,184.32,17.74,341.65
seq-06/frame-000892,1,0.04611,1.1825,3903,1783,1163,10.59,149.21,208.14,19.02,386.95
seq-06/frame-000893,1,0.02602,0.8708,2169,864,502,0.85,102.05,126.26,13.82,242.99
seq-06/frame-000894,1,0.02555,1.2379,1610,701,446,0.82,68.00,88.94,18.95,176.70
seq-06/frame-000895,1,0.04174,1.4605,2653,1128,675,0.91,87.19,145.50,12.76,246.36
seq-06/frame-000896,1,0.02572,1.7678,3230,1382,880,0.94,114.00,194.48,20.97,330.39
seq-06/frame-000897,1,0.03022,1.1295,1897,826,520,0.85,87.52,98.76,16.35,203.48
seq-06/frame-000898,1,0.03653,1.6623,1290,555,361,0.81,66.22,71.86,14.26,153.15
seq-06/frame-000899,1,0.04954,1.9967,2785,1130,713,0.87,122.49,152.76,17.30,293.43
seq-06/frame-000900,1,0.03243,1.5629,3040,1255,830,0.95,124.41,153.70,17.12,296.19
seq-06/frame-000901,1,0.05770,2.0714,3167,1405,945,1.05,125.28,170.43,26.28,323.04
seq-06/frame-000902,1,0.04878,1.6912,3159,1329,858,1.03,137.95,201.24,15.67,355.90
seq-06/frame-000903,1,0.06331,2.0571,3373,1226,717,1.01,139.33,182.72,15.39,338.45
seq-06/frame-000904,1,0.04967,1.7369,3313,1440,952,1.19,123.24,177.27,28.05,329.76
seq-06/frame-000905,1,0.05811,1.7600,3560,1509,1004,0.99,135.65,199.89,24.07,360.60
seq-06/frame-000906,1,0.05367,1.7924,3333,1442,947,1.04,143.88,198.20,16.82,359.95
seq-06/frame-000907,1,0.06195,2.2814,3418,1429,932,1.02,144.91,186.85,14.13,346.91
seq-06/frame-000908,1,0.04656,1.4595,2542,1192,812,0.97,122.56,137.02,27.08,287.63
seq-06/frame-000909,1,0.05835,2.1582,2276,927,594,0.92,122.67,104.46,26.19,254.24
seq-06/frame-000910,1,0.04417,1.7416,2478,1092,670,0.96,117.57,145.40,26.25,290.18
seq-06/frame-000911,1,0.08411,2.8397,1680,727,448,0.88,86.23,92.97,25.46,205.55
seq-06/frame-000912,1,0.07500,2.8270,2276,1109,744,0.95,92.64,115.57,12.92,222.09
seq-06/frame-000913,1,0.04421,1.6256,3046,1471,967,1.03,118.42,159.98,16.37,295.80
seq-06/frame-000914,1,0.06789,2.4316,1837,821,512,0.92,85.10,98.88,17.29,202.18
seq-06/frame-000915,1,0.09117,2.8988,2008,960,661,0.97,101.34,102.50,17.55,222.37
seq-06/frame-000916,1,0.09907,3.2241,1981,1057,726,0.94,113.76,110.80,9.62,235.13
seq-06/frame-000917,1,0.09581,3.0886,2387,1287,842,0.98,119.87,121.46,26.59,268.91
seq-06/frame-000918,1,0.10306,2.8788,1891,971,655,0.91,79.75,95.74,29.85,206.25
seq-06/frame-000919,1,0.10550,3.5643,1907,970,646,0.92,81.02,93.51,23.52,198.96
seq-06/frame-000920,1,0.11413,3.3092,2676,1579,1112,0.92,99.99,152.05,36.55,289.51
seq-06/frame-000921,1,0.15742,2.6705,2163,1139,782,0.98,88.57,126.13,13.71,229.39
seq-06/frame-000922,1,0.08183,2.8647,1905,924,619,0.87,89.68,125.77,22.54,238.86
seq-06/frame-000923,1,0.15311,2.7520,2157,1094,753,0.94,90.22,150.56,17.16,258.89
seq-06/frame-000924,1,0.21542,3.0975,2426,1345,959,0.92,106.12,138.72,22.56,268.32
seq-06/frame-000925,1,0.15691,3.4204,2336,1309,923,0.95,122.62,118.56,32.84,274.98
seq-06/frame-000926,1,0.17382,2.6025,2100,1283,956,0.91,101.34,115.42,33.87,251.56
seq-06/frame-000927,1,0.13066,3.4747,1895,1122,846,0.86,107.52,99.96,15.69,224.03
seq-06/frame-000928,1,0.12121,3.3278,2112,1301,932,0.91,110.11,108.03,23.62,242.68
seq-06/frame-000929,1,0.11147,3.1402,1493,835,595,0.90,93.67,72.22,19.57,186.35
seq-06/frame-000930,1,0.10651,2.9667,1746,1122,845,1.70,94.48,106.21,25.67,228.07
seq-06/frame-000931,1,0.17909,1.9669,2096,1176,832,1.03,106.18,136.02,18.34,261.58
seq-06/frame-000932,1,0.13558,1.4029,2368,1323,912,1.50,97.64,129.77,29.67,258.58
seq-06/frame-000933,1,0.17734,3.4824,2538,1461,1078,0.99,126.33,140.36,25.32,293.01
seq-06/frame-000934,1,0.11022,3.4147,1847,1196,868,0.90,97.68,111.00,19.14,228.72
seq-06/frame-000935,1,0.09867,2.9301,1491,916,690,1.66,97.14,82.46,20.33,201.60
seq-06/frame-000936,1,0.12815,2.3835,1938,1083,749,0.94,112.87,98.63,15.20,227.65
seq-06/frame-000937,1,0.16668,3.2999,2428,1452,1083,0.95,115.17,135.60,32.23,283.95
seq-06/frame-000938,1,0.15074,3.3362,2722,1618,1202,0.98,139.34,132.04,22.57,294.93
seq-06/frame-000939,1,0.13475,1.3642,2416,1460,1132,0.95,115.35,120.78,21.68,258.77
seq-06/frame-000940,1,0.11445,2.8827,1980,1259,947,0.97,97.07,98.68,17.03,213.76
seq-06/frame-000941,1,0.16160,2.3156,2221,1271,954,0.97,97.66,119.55,14.98,233.16
seq-06/frame-000942,1,0.06585,2.0871,2528,1722,1276,0.96,110.79,130.71,16.08,258.55
seq-06/frame-000943,1,0.12827,3.1309,2662,1772,1336,0.95,106.57,139.21,21.69,268.42
seq-06/frame-000944,1,0.13875,3.1688,2473,1595,1231,1.36,110.52,136.56,21.17,269.61
seq-06/frame-000945,1,0.18885,3.1603,2378,1535,1183,0.92,95.84,129.36,25.01,251.12
seq-06/frame-000946,1,0.10914,2.9075,2480,1669,1314,0.93,118.38,136.14,16.30,271.76
seq-06/frame-000947,1,0.15626,3.4893,2628,1732,1324,0.96,111.88,133.71,22.87,269.43
seq-06/frame-000948,1,0.16497,2.4289,2655,1765,1304,1.31,102.03,178.18,20.43,301.95
seq-06/frame-000949,1,0.19129,3.2595,2609,1710,1254,0.94,117.07,177.21,23.98,319.21
seq-06/frame-000950,1,0.11467,3.0820,2886,1930,1444,1.00,117.02,161.82,23.82,303.67
seq-06/frame-000951,1,0.11065,3.2102,2682,1813,1400,0.98,92.36,138.36,23.17,254.89
seq-06/frame-000952,1,0.14719,1.5556,2455,1603,1200,0.95,89.49,138.17,21.64,250.25
seq-06/frame-000953,1,0.04235,1.7424,2661,1841,1303,1.32,121.57,167.87,17.87,308.64
seq-06/frame-000954,1,0.17756,3.0069,2683,1819,1343,2.01,106.95,135.22,20.35,264.53
seq-06/frame-000955,1,0.11818,3.2328,2853,2100,1629,1.02,111.72,168.35,32.30,313.40
seq-06/frame-000956,1,0.12029,3.3596,2741,1984,1526,1.01,109.60,152.30,27.85,290.76
seq-06/frame-000957,1,0.12145,3.6436,2879,2114,1633,1.00,120.07,153.96,23.64,298.68
seq-06/frame-000958,1,0.12089,3.5472,2886,2161,1617,1.02,107.27,155.93,14.86,279.09
seq-06/frame-000959,1,0.12208,3.6338,2829,2048,1553,1.04,108.87,143.10,22.85,275.87
seq-06/frame-000960,1,0.11591,3.4554,2918,2124,1648,1.32,117.70,152.88,12.82,284.72
seq-06/frame-000961,1,0.12143,3.5781,2889,2147,1668,1.03,114.83,136.66,17.79,270.31
seq-06/frame-000962,1,0.11748,3.4934,2752,1948,1492,0.98,112.77,153.61,14.25,281.62
seq-06/frame-000963,1,0.11717,3.4818,2491,1786,1383,0.95,99.39,142.94,21.87,265.16
seq-06/frame-000964,1,0.12005,3.5364,2668,2065,1600,0.98,106.52,144.90,16.82,269.22
seq-06/frame-000965,1,0.11583,3.5252,2606,2016,1554,1.25,130.62,128.17,30.34,290.39
seq-06/frame-000966,1,0.11464,3.4094,2486,1814,1382,0.96,120.02,122.52,16.23,259.74
seq-06/frame-000967,1,0.11314,3.5225,2791,2178,1686,0.99,91.59,154.43,26.73,273.75
seq-06/frame-000968,1,0.10705,1.1800,2100,1393,962,0.93,106.33,121.92,10.62,239.81
seq-06/frame-000969,1,0.09740,2.9881,1941,1337,1054,1.15,94.82,114.23,17.24,227.44
seq-06/frame-000970,1,0.10156,3.1121,2495,1900,1484,0.94,111.74,119.07,17.14,248.90
seq-06/frame-000971,1,0.09663,3.1645,2799,2178,1686,0.98,114.45,174.13,27.90,317.46
seq-06/frame-000972,1,0.10182,3.2236,2930,2209,1693,0.99,113.01,160.75,19.16,293.91
seq-06/frame-000973,1,0.09786,3.1110,2964,2319,1765,1.00,101.15,156.50,20.69,279.33
seq-06/frame-000974,1,0.05410,2.1223,2878,2168,1544,0.98,109.93,145.00,23.57,279.48
seq-06/frame-000975,1,0.11220,1.8455,2976,2152,1475,0.99,110.10,164.24,23.00,298.34
seq-06/frame-000976,1,0.05742,1.9169,2817,2051,1478,0.97,100.30,159.72,28.91,289.90
seq-06/frame-000977,1,0.09937,2.9676,2573,1968,1502,1.05,105.58,123.86,21.73,252.22
seq-06/frame-000978,1,0.09533,3.0858,2607,2024,1553,1.00,110.93,132.27,22.46,266.67
seq-06/frame-000979,1,0.04868,1.8071,2580,1971,1430,0.97,99.17,125.86,24.46,250.47
seq-06/frame-000980,1,0.02286,0.7948,2300,1766,1314,0.95,87.37,117.20,26.88,232.39
seq-06/frame-000981,1,0.05405,1.8401,2255,1703,1202,0.94,99.13,120.59,18.01,238.67
seq-06/frame-000982,1,0.01811,0.6531,2575,2063,1521,0.95,97.30,144.40,29.44,272.10
seq-06/frame-000983,1,0.02437,0.9212,2392,1919,1455,0.95,127.23,126.22,25.44,279.83
seq-06/frame-000984,1,0.01590,0.7280,1830,1431,1090,0.91,85.73,112.73,13.88,213.26
seq-06/frame-000985,1,0.00964,1.1073,2077,1627,1227,0.93,92.86,104.22,23.33,221.34
seq-06/frame-000986,1,0.01221,0.7478,2603,2140,1602,1.08,112.97,143.29,16.58,273.91
seq-06/frame-000987,1,0.02601,0.7347,2665,2238,1675,0.93,108.17,120.96,29.04,259.11
seq-06/frame-000988,1,0.02195,0.5420,1806,1485,1188,2.68,99.64,88.86,12.19,203.38
seq-06/frame-000989,1,0.03357,0.7897,1359,979,752,0.89,89.42,70.50,17.78,178.59
seq-06/frame-000990,1,0.05841,1.3192,1586,1175,893,0.92,82.30,77.03,20.85,181.10
seq-06/frame-000991,1,0.02498,0.8916,2559,2066,1589,0.94,105.05,162.81,24.66,293.47
seq-06/frame-000992,1,0.01456,0.8045,3127,2617,1971,0.95,142.43,184.20,36.26,363.85
seq-06/frame-000993,1,0.01560,0.7168,2538,2097,1692,0.93,116.40,144.58,25.63,287.53
seq-06/frame-000994,1,0.00982,0.4594,2148,1789,1433,0.91,107.85,138.16,26.21,273.14
seq-06/frame-000995,1,0.03179,0.7091,2023,1660,1346,0.91,105.25,129.53,29.77,265.46
seq-06/frame-000996,1,0.04803,1.2158,1969,1575,1278,1.19,90.77,125.22,32.60,249.78
seq-06/frame-000997,1,0.05552,1.3920,1828,1402,1132,0.90,93.08,120.54,26.87,241.39
seq-06/frame-000998,1,0.02749,0.7112,2223,1781,1414,0.92,101.53,146.03,10.61,259.08
seq-06/frame-000999,1,0.02189,0.8015,2616,2158,1737,0.93,119.27,142.63,35.15,297.98
seq-12/frame-000000,1,0.04921,1.9807,2628,1596,1307,0.95,103.80,148.75,16.99,270.49
seq-12/frame-000001,1,0.04918,1.9449,2358,1519,1241,0.93,90.60,135.94,15.52,242.99
seq-12/frame-000002,1,0.04623,1.8650,2040,1288,1090,1.17,98.59,118.18,17.84,235.78
seq-12/frame-000003,1,0.05952,2.3758,1839,1113,895,0.91,98.53,104.98,18.62,223.04
seq-12/frame-000004,1,0.06347,2.5617,1988,1218,988,0.88,122.55,114.00,18.88,256.32
seq-12/frame-000005,1,0.04887,1.9254,2143,1236,1000,0.85,122.09,121.93,16.87,261.76
seq-12/frame-000006,1,0.05618,2.2369,2243,1296,1055,4.35,115.17,241.58,10.30,371.41
seq-12/frame-000007,1,0.04533,1.7477,2097,1209,971,0.88,131.81,119.54,20.76,272.99
seq-12/frame-000008,1,0.06861,2.8634,1091,735,624,0.82,56.99,52.22,14.73,124.77
seq-12/frame-000009,1,0.06970,2.7861,964,615,485,0.86,70.78,52.22,20.54,144.40
seq-12/frame-000010,1,0.06990,2.8110,964,615,485,0.83,67.04,50.26,21.04,139.17
seq-12/frame-000011,1,0.06898,2.7734,1778,933,688,0.91,82.77,117.67,9.50,210.86
seq-12/frame-000012,1,0.04397,1.7882,2571,1360,1094,0.94,117.36,158.69,36.40,313.38
seq-12/frame-000013,1,0.04420,1.8076,2571,1360,1094,2.06,95.96,142.75,40.81,281.59
seq-12/frame-000014,1,0.03666,1.4473,2354,1345,1101,1.71,103.11,120.05,14.12,239.00
seq-12/frame-000015,1,0.03499,1.3433,2027,1087,882,0.89,130.54,98.40,13.00,242.83
seq-12/frame-000016,1,0.03579,1.4969,2052,1173,951,3.30,93.02,112.09,20.55,228.97
seq-12/frame-000017,1,0.05802,2.3637,1630,1010,835,0.81,91.43,84.22,12.75,189.22
seq-12/frame-000018,1,0.05388,2.2388,1630,1010,835,0.80,98.35,90.39,17.59,207.13
seq-12/frame-000019,1,0.05749,2.4927,1214,788,668,0.81,76.38,67.39,12.92,157.50
seq-12/frame-000020,1,0.05301,2.2124,1984,1085,863,0.87,87.15,123.69,15.71,227.43
seq-12/frame-000021,1,0.02996,1.2106,2781,1504,1273,0.94,97.93,154.38,13.03,266.30
seq-12/frame-000022,1,0.03076,1.2241,2781,1504,1273,0.97,105.61,152.23,11.28,270.09
seq-12/frame-000023,1,0.03387,1.3823,2603,1463,1219,0.91,113.33,138.63,11.97,264.83
seq-12/frame-000024,1,0.03706,1.4824,2448,1440,1218,0.89,107.57,142.02,12.81,263.29
seq-12/frame-000025,1,0.03988,1.5692,2075,1188,1005,0.84,100.86,91.56,12.07,205.33
seq-12/frame-000026,1,0.04059,1.5822,2075,1188,1005,0.85,102.16,103.28,12.73,219.02
seq-12/frame-000027,1,0.03754,1.4304,2256,1285,1081,0.87,113.88,116.05,12.00,242.81
seq-12/frame-000028,1,0.03589,1.4071,2836,1651,1389,0.98,112.18,175.43,12.83,301.43
seq-12/frame-000029,1,0.03543,1.4025,2836,1651,1389,0.98,132.39,159.99,11.12,304.48
seq-12/frame-000030,1,0.03213,1.2901,2656,1535,1309,0.97,121.19,140.80,17.84,280.80
seq-12/frame-000031,1,0.03443,1.3706,2454,1459,1246,0.93,109.26,132.95,12.27,255.42
seq-12/frame-000032,1,0.02811,1.1140,2743,1664,1432,0.95,87.77,152.70,26.72,268.15
seq-12/frame-000033,1,0.02891,1.1253,2743,1664,1432,0.96,110.54,139.07,21.88,272.46
seq-12/frame-000034,1,0.03202,1.2389,2671,1691,1462,0.94,124.95,153.43,14.49,293.82
seq-12/frame-000035,1,0.03119,1.2261,2383,1587,1392,0.87,97.48,131.28,13.78,243.41
seq-12/frame-000036,1,0.03317,1.3451,2616,1515,1304,0.94,102.12,139.95,16.97,259.98
seq-12/frame-000037,1,0.03312,1.3357,2616,1515,1304,0.93,104.42,143.04,13.75,262.14
seq-12/frame-000038,1,0.02983,1.1121,2387,1552,1356,0.92,100.85,132.56,17.96,252.28
seq-12/frame-000039,1,0.02952,1.2196,1633,1230,1085,0.82,77.42,82.31,15.28,175.84
seq-12/frame-000040,1,0.02832,1.1551,1719,1144,995,0.81,91.08,107.05,14.75,213.69
seq-12/frame-000041,1,0.02844,1.1437,1719,1144,995,0.82,80.71,87.97,16.96,186.46
seq-12/frame-000042,1,0.02901,1.1687,1491,1030,904,0.80,76.41,69.84,14.95,162.00
seq-12/frame-000043,1,0.01791,0.9412,905,691,605,0.76,87.63,48.27,13.89,150.55
seq-12/frame-000044,1,0.02753,1.2634,1236,925,812,0.79,69.88,64.28,14.21,149.17
seq-12/frame-000045,1,0.02799,1.2839,1236,925,812,0.78,69.67,62.71,12.49,145.65
seq-12/frame-000046,1,0.02611,1.1384,1574,1231,1109,1.22,85.88,85.60,14.81,187.51
seq-12/frame-000047,1,0.02573,1.0143,2129,1493,1336,0.83,86.09,110.69,14.99,212.61
seq-12/frame-000048,1,0.02803,1.3214,2482,1717,1548,0.92,118.17,133.89,13.22,266.21
seq-12/frame-000049,1,0.02958,1.0619,2482,1717,1548,0.90,120.87,143.48,12.81,278.06
seq-12/frame-000050,1,0.02847,1.0791,1744,1411,1294,0.86,96.82,101.80,12.82,212.30
seq-12/frame-000051,1,0.02677,1.1632,1030,807,719,0.78,72.09,49.84,11.47,134.18
seq-12/frame-000052,1,0.02512,1.6925,986,749,639,0.78,59.96,42.69,12.54,115.97
seq-12/frame-000053,1,0.02139,0.9054,986,749,639,0.78,83.46,62.13,10.10,156.48
seq-12/frame-000054,1,0.02053,0.7507,1794,1167,1021,0.84,91.64,96.38,8.70,197.57
seq-12/frame-000055,1,0.02394,0.7635,2560,1887,1689,0.95,112.03,132.74,13.57,259.29
seq-12/frame-000056,1,0.02520,0.8148,2560,1887,1689,0.94,107.14,130.59,9.65,248.32
seq-12/frame-000057,1,0.02425,0.8572,1653,1337,1225,0.88,68.01,97.93,11.42,178.24
seq-12/frame-000058,1,0.02610,0.9525,726,534,439,0.75,50.57,38.22,18.39,107.94
seq-12/frame-000059,1,0.02927,1.1412,805,617,525,0.80,59.60,44.60,11.51,116.51
seq-12/frame-000060,1,0.02131,0.8342,1871,1269,1101,0.88,82.63,81.67,20.45,185.63
seq-12/frame-000061,1,0.02170,0.8426,1871,1269,1101,0.83,82.46,95.45,23.86,202.60
seq-12/frame-000062,1,0.02491,0.9630,1305,1113,1014,0.83,78.69,64.59,14.27,158.39
seq-12/frame-000063,1,0.02720,0.9951,1809,1475,1354,0.86,83.92,106.14,16.40,207.32
seq-12/frame-000064,1,0.02554,0.9234,2031,1507,1369,0.91,86.74,108.96,15.71,212.33
seq-12/frame-000065,1,0.03153,0.6624,2031,1507,1369,0.89,86.60,106.84,12.42,206.76
seq-12/frame-000066,1,0.02957,1.1997,854,695,604,0.81,68.37,41.05,16.18,126.41
seq-12/frame-000067,1,0.03003,1.2705,717,507,430,0.87,63.81,37.60,13.31,115.59
seq-12/frame-000068,1,0.02186,0.9289,793,581,496,0.76,59.29,42.43,12.16,114.65
seq-12/frame-000069,1,0.01688,0.6144,793,581,496,0.77,51.62,42.43,10.99,105.83
seq-12/frame-000070,1,0.01553,0.6051,1416,1092,979,0.84,77.36,83.90,8.40,170.50
seq-12/frame-000071,1,0.01518,0.6082,1657,1195,1041,1.20,85.74,92.90,17.60,197.44
seq-12/frame-000072,1,0.02074,0.8205,1516,1137,1018,0.92,73.18,74.14,25.90,174.16
seq-12/frame-000073,1,0.02006,0.8087,1516,1137,1018,0.89,80.04,94.55,30.74,206.22
seq-12/frame-000074,1,0.01571,0.6836,1530,1192,1075,1.23,85.68,73.48,14.75,175.14
seq-12/frame-000075,1,0.01573,0.8729,1539,1257,1137,0.86,74.86,75.02,22.00,172.74
seq-12/frame-000076,1,0.01799,0.7556,1574,1251,1125,0.87,83.11,69.08,20.19,173.25
seq-12/frame-000077,1,0.02244,0.7918,1734,1340,1215,0.89,80.69,102.02,22.94,206.54
seq-12/frame-000078,1,0.02366,0.7594,2133,1686,1522,0.90,93.65,103.59,19.09,217.25
seq-12/frame-000079,1,0.02295,0.7402,2133,1686,1522,0.91,100.53,110.23,22.18,233.85
seq-12/frame-000080,1,0.02416,0.8049,1675,1310,1160,0.89,79.70,88.22,14.89,183.70
seq-12/frame-000081,1,0.02505,1.1030,1071,897,796,1.03,82.65,62.46,22.49,168.63
seq-12/frame-000082,1,0.02795,1.1068,826,665,569,0.76,71.14,46.55,8.67,127.13
seq-12/frame-000083,1,0.02354,1.0932,960,689,564,0.78,64.33,84.94,19.34,169.39
seq-12/frame-000084,1,0.02464,1.1169,960,689,564,0.78,68.64,42.40,11.05,122.87
seq-12/frame-000085,1,0.00831,0.7540,1281,976,841,0.83,84.45,78.16,12.32,175.76
seq-12/frame-000086,1,0.02733,1.0573,1257,977,857,0.83,65.83,84.96,10.93,162.55
seq-12/frame-000087,1,0.02375,1.0109,1168,816,677,0.80,57.57,64.18,26.09,148.65
seq-12/frame-000088,1,0.03017,1.0211,1314,1042,933,0.83,64.46,95.78,26.14,187.22
seq-12/frame-000089,1,0.03267,0.9226,1554,1181,1060,0.83,92.07,90.15,17.68,200.73
seq-12/frame-000090,1,0.03216,0.9098,1554,1181,1060,0.85,81.00,93.49,17.08,192.42
seq-12/frame-000091,1,0.03200,0.9593,2376,1866,1672,0.89,120.69,126.27,26.50,274.36
seq-12/frame-000092,1,0.03582,1.0855,2618,2097,1889,0.90,136.78,142.03,19.36,299.08
seq-12/frame-000093,1,0.02817,0.9954,1351,985,866,0.82,104.54,67.68,15.74,188.78
seq-12/frame-000094,1,0.02805,1.1838,957,648,531,0.79,93.66,51.89,11.28,157.62
seq-12/frame-000095,1,0.02465,1.0581,1005,737,623,1.30,97.30,58.23,18.88,175.71
seq-12/frame-000096,1,0.02412,1.0381,1005,737,623,0.79,79.21,50.82,16.08,146.91
seq-12/frame-000097,1,0.03066,1.1262,1123,830,702,0.80,83.70,52.24,9.29,146.03
seq-12/frame-000098,1,0.02850,1.0789,1458,1130,936,0.82,78.80,78.97,18.59,177.19
seq-12/frame-000099,1,0.03336,1.1079,1747,1487,1339,1.07,119.03,121.92,25.65,267.68
seq-12/frame-000100,1,0.02921,0.9215,1680,1376,1206,0.84,76.99,110.00,11.34,199.18
seq-12/frame-000101,1,0.02711,1.0015,2467,2077,1865,1.31,115.60,170.76,17.68,305.36
seq-12/frame-000102,1,0.02628,1.0083,2442,1991,1779,1.00,107.06,140.65,17.50,266.22
seq-12/frame-000103,1,0.02490,1.0278,2262,1893,1725,1.26,119.44,138.62,18.72,278.05
seq-12/frame-000104,1,0.02551,1.0467,1930,1690,1510,1.35,101.01,127.50,23.80,253.67
seq-12/frame-000105,1,0.02134,1.3177,1930,1690,1510,0.90,104.61,114.30,18.57,238.38
seq-12/frame-000106,1,0.03139,1.1661,2092,1812,1633,0.90,104.09,175.24,35.91,316.15
seq-12/frame-000107,1,0.02654,1.0161,2280,1913,1730,0.95,129.60,164.93,14.73,310.21
seq-12/frame-000108,1,0.02262,0.9970,1581,1379,1239,0.87,96.86,106.50,17.96,222.18
seq-12/frame-000109,1,0.02754,1.0937,1806,1573,1420,0.88,92.51,99.93,14.49,207.81
seq-12/frame-000110,1,0.02245,0.9702,1838,1561,1415,0.87,102.64,127.03,17.70,248.26
seq-12/frame-000111,1,0.02039,0.9734,1427,1194,1065,0.85,85.90,76.50,14.66,177.91
seq-12/frame-000112,1,0.02680,1.0958,1780,1564,1400,0.86,81.86,91.58,25.25,199.56
seq-12/frame-000113,1,0.03228,1.1425,2110,1734,1544,0.88,104.22,110.79,19.54,235.44
seq-12/frame-000114,1,0.02333,1.0284,1801,1460,1304,0.88,79.56,112.78,16.38,209.60
seq-12/frame-000115,1,0.03020,1.1245,1971,1637,1454,0.91,92.23,121.19,15.36,229.69
seq-12/frame-000116,1,0.02452,1.0293,1921,1554,1401,0.91,98.97,118.69,11.38,229.96
seq-12/frame-000117,1,0.02067,0.9765,1737,1442,1295,0.88,92.67,109.96,13.68,217.19
seq-12/frame-000118,1,0.02471,0.9999,1881,1502,1330,1.27,91.15,110.64,12.73,215.78
seq-12/frame-000119,1,0.02346,0.8929,1853,1473,1279,0.92,93.38,104.66,13.10,212.07
seq-12/frame-000120,1,0.01661,0.8803,1496,1187,1028,0.88,86.83,82.50,23.67,193.89
seq-12/frame-000121,1,0.02702,0.9824,1689,1389,1226,0.86,92.32,85.39,17.47,196.04
seq-12/frame-000122,1,0.02851,0.9379,2082,1590,1385,1.38,105.68,101.46,15.76,224.28
seq-12/frame-000123,1,0.02805,0.9539,2082,1590,1385,0.94,95.48,119.60,17.42,233.45
seq-12/frame-000124,1,0.02958,0.8789,2019,1631,1423,0.91,114.68,121.54,12.57,249.70
seq-12/frame-000125,1,0.02286,0.8597,1453,1102,971,0.90,96.02,83.32,10.54,190.78
seq-12/frame-000126,1,0.01899,0.8693,1400,1071,903,0.87,75.25,80.13,12.95,169.21
seq-12/frame-000127,1,0.02733,0.9097,1998,1620,1385,0.94,101.28,116.41,17.01,235.64
seq-12/frame-000128,1,0.03085,0.9107,2130,1686,1451,0.93,93.69,112.39,11.61,218.62
seq-12/frame-000129,1,0.02764,0.8795,1596,1289,1102,0.90,77.86,90.91,15.04,184.71
seq-12/frame-000130,1,0.02818,0.8632,1630,1279,1102,0.90,76.61,80.55,18.11,176.16
seq-12/frame-000131,1,0.02684,0.7758,1715,1326,1148,0.89,70.80,108.50,22.54,202.74
seq-12/frame-000132,1,0.02092,0.7105,1567,1194,1004,0.89,80.87,84.23,25.34,191.32
seq-12/frame-000133,1,0.03692,1.1460,1928,1447,1221,0.91,98.14,129.64,9.88,238.58
seq-12/frame-000134,1,0.03527,1.0639,2234,1735,1491,0.92,99.51,128.76,24.33,253.53
seq-12/frame-000135,1,0.02465,0.7436,1807,1385,1211,0.88,104.86,81.54,14.68,201.96
seq-12/frame-000136,1,0.02315,0.6743,1596,1289,1094,0.87,80.91,88.39,9.20,179.37
seq-12/frame-000137,1,0.03424,1.1608,1991,1508,1245,0.90,75.47,103.80,11.31,191.48
seq-12/frame-000138,1,0.03336,1.1523,2155,1744,1487,0.86,100.99,125.10,17.25,244.20
seq-12/frame-000139,1,0.02566,1.0532,1314,1042,867,0.83,78.05,78.75,11.99,169.63
seq-12/frame-000140,1,0.02584,0.9717,1405,1097,907,0.83,73.94,86.33,22.55,183.66
seq-12/frame-000141,1,0.02908,1.0295,1435,1146,977,0.82,79.99,89.45,16.09,186.35
seq-12/frame-000142,1,0.02752,1.0539,1375,1109,951,0.83,103.82,74.41,10.33,189.40
seq-12/frame-000143,1,0.02828,1.1466,1435,1187,1010,0.84,72.40,81.36,16.03,170.62
seq-12/frame-000144,1,0.03501,1.1801,1466,1139,965,0.84,75.87,87.21,18.42,182.35
seq-12/frame-000145,1,0.02305,1.0920,1499,1186,998,0.85,83.17,83.80,11.99,179.80
seq-12/frame-000146,1,0.02529,0.9576,1531,1215,998,0.84,77.93,76.11,12.24,167.13
seq-12/frame-000147,1,0.02118,0.8883,1537,1165,948,0.84,103.11,86.73,22.08,212.77
seq-12/frame-000148,1,0.01851,0.6217,1646,1301,1091,0.84,77.49,81.17,26.82,186.32
seq-12/frame-000149,1,0.02507,1.0526,1918,1514,1260,0.84,102.26,101.32,15.62,220.04
seq-12/frame-000150,1,0.02891,0.9265,1940,1546,1308,1.40,98.41,98.05,13.66,211.53
seq-12/frame-000151,1,0.03123,0.8592,1978,1597,1330,0.83,95.40,89.36,16.67,202.27
seq-12/frame-000152,1,0.02179,0.5733,2100,1753,1463,0.83,103.80,115.59,21.59,241.82
seq-12/frame-000153,1,0.01662,0.4575,2117,1793,1526,0.82,101.33,114.25,16.27,232.67
seq-12/frame-000154,1,0.01062,0.2099,2312,1949,1631,1.18,100.68,112.49,16.71,231.07
seq-12/frame-000155,1,0.01207,0.2511,2358,1912,1600,0.87,100.32,126.05,29.18,256.42
seq-12/frame-000156,1,0.01761,0.3796,2306,1901,1591,0.86,125.49,147.55,30.04,303.95
seq-12/frame-000157,1,0.01868,0.4382,2306,1901,1591,0.88,105.01,130.96,24.82,261.67
seq-12/frame-000158,1,0.01438,0.2953,2172,1761,1459,0.85,95.18,128.68,28.83,253.54
seq-12/frame-000159,1,0.01228,0.2938,2506,2002,1670,0.89,107.35,133.55,19.49,261.29
seq-12/frame-000160,1,0.01527,0.3453,2474,1936,1628,0.90,99.94,133.30,24.19,258.32
seq-12/frame-000161,1,0.00836,0.2000,2723,2164,1805,0.94,103.68,144.61,15.28,264.51
seq-12/frame-000162,1,0.00925,0.2043,2689,2120,1767,1.29,129.14,155.86,15.62,301.92
seq-12/frame-000163,1,0.00912,0.1729,2739,2144,1762,0.92,128.17,141.58,17.69,288.35
seq-12/frame-000164,1,0.00574,0.0959,2707,2146,1782,0.92,118.83,132.60,17.51,269.85
seq-12/frame-000165,1,0.01107,0.3169,2954,2372,1958,0.90,129.16,171.04,21.99,323.09
seq-12/frame-000166,1,0.00689,0.3001,3005,2506,2051,1.24,135.61,165.92,19.41,322.19
seq-12/frame-000167,1,0.00402,0.2172,2837,2304,1887,1.65,122.01,172.54,31.17,327.37
seq-12/frame-000168,1,0.01140,0.3791,2976,2374,1943,0.91,103.65,157.63,21.05,283.24
seq-12/frame-000169,1,0.01763,0.4817,2513,2122,1760,0.86,119.88,124.81,25.83,271.38
seq-12/frame-000170,1,0.01221,0.6765,2794,2283,1875,0.92,96.47,163.33,30.11,290.83
seq-12/frame-000171,1,0.01230,0.5722,2566,2069,1716,0.92,100.24,137.75,18.13,257.04
seq-12/frame-000172,1,0.01147,0.6618,2385,1845,1511,0.88,110.34,146.38,14.03,271.63
seq-12/frame-000173,1,0.00993,0.6586,2621,2012,1653,0.89,98.85,157.84,15.81,273.40
seq-12/frame-000174,1,0.01321,0.8189,2759,2064,1680,0.93,113.90,147.68,15.26,277.78
seq-12/frame-000175,1,0.01463,0.8875,2774,2038,1615,0.93,115.15,149.08,26.27,291.44
seq-12/frame-000176,1,0.01993,1.0404,2602,1969,1609,0.89,117.70,136.98,22.73,278.30
seq-12/frame-000177,1,0.01785,1.2181,2637,1923,1539,0.87,98.38,155.49,23.52,278.26
seq-12/frame-000178,1,0.02436,1.5808,2156,1579,1279,0.84,83.08,109.53,19.42,212.87
seq-12/frame-000179,1,0.03324,2.2053,1621,1132,921,0.81,84.16,85.18,20.08,190.23
seq-12/frame-000180,1,0.03420,2.0904,1779,1298,1094,0.83,75.07,99.46,29.60,204.96
seq-12/frame-000181,1,0.04238,2.3474,2056,1545,1280,0.91,85.51,101.81,16.69,204.92
seq-12/frame-000182,1,0.04059,1.9982,2056,1545,1280,0.90,91.22,116.53,17.17,225.81
seq-12/frame-000183,1,0.03626,1.9264,1958,1455,1235,0.90,79.69,105.27,27.13,213.00
seq-12/frame-000184,1,0.04041,2.1105,1770,1361,1130,0.87,93.17,81.61,16.85,192.50
seq-12/frame-000185,1,0.03606,2.0451,1762,1307,1091,0.86,90.08,120.99,39.78,251.71
seq-12/frame-000186,1,0.03820,2.1205,1584,1136,923,1.35,115.88,87.73,40.47,245.42
seq-12/frame-000187,1,0.03891,2.0316,1645,1164,969,0.86,80.62,77.10,14.53,173.10
seq-12/frame-000188,1,0.03827,1.7570,1843,1341,1107,0.90,105.25,113.16,27.27,246.59
seq-12/frame-000189,1,0.04662,1.9731,1822,1345,1142,0.86,96.84,106.48,19.11,223.29
seq-12/frame-000190,1,0.04046,1.8552,1966,1404,1174,0.87,92.95,125.45,24.54,243.82
seq-12/frame-000191,1,0.04596,1.8947,2015,1383,1160,0.89,108.58,115.36,23.44,248.27
seq-12/frame-000192,1,0.03694,1.7378,2137,1558,1290,0.89,107.61,132.96,26.13,267.60
seq-12/frame-000193,1,0.04374,1.8359,2129,1500,1209,0.90,102.80,119.45,33.32,256.46
seq-12/frame-000194,1,0.04395,1.8609,2129,1500,1209,0.90,92.70,122.32,17.30,233.23
seq-12/frame-000195,1,0.04317,1.7831,2211,1487,1217,0.94,95.66,138.71,26.34,261.64
seq-12/frame-000196,1,0.03175,1.3698,2397,1707,1411,0.92,104.31,159.73,24.98,289.94
seq-12/frame-000197,1,0.02855,1.1949,2300,1662,1353,2.48,114.18,125.20,21.15,263.02
seq-12/frame-000198,1,0.04281,1.7248,2032,1452,1190,0.90,98.59,130.97,22.89,253.35
seq-12/frame-000199,1,0.03358,1.5133,1825,1343,1128,1.29,93.88,118.93,23.97,238.07
seq-12/frame-000200,1,0.02901,1.4345,2034,1483,1225,1.32,89.90,129.13,25.46,245.81
seq-12/frame-000201,1,0.03180,1.3526,2259,1713,1413,0.89,113.09,149.49,29.14,292.61
seq-12/frame-000202,1,0.03105,1.3199,2259,1713,1413,1.70,103.57,116.39,24.93,246.60
seq-12/frame-000203,1,0.03161,1.2239,2078,1534,1256,0.96,97.43,137.33,20.48,256.21
seq-12/frame-000204,1,0.02703,1.1358,2147,1626,1315,1.26,107.28,118.73,19.55,246.82
seq-12/frame-000205,1,0.02595,1.1236,2064,1546,1294,0.93,104.17,136.11,18.44,259.65
seq-12/frame-000206,1,0.03458,1.4617,1768,1343,1130,0.93,106.88,94.49,15.02,217.32
seq-12/frame-000207,1,0.03394,1.4409,1591,1219,1033,1.57,99.01,89.19,17.11,206.88
seq-12/frame-000208,1,0.03779,1.6945,1415,1104,920,1.90,101.40,77.05,25.54,205.89
seq-12/frame-000209,1,0.03889,1.7174,1415,1104,920,0.83,80.83,85.07,25.67,192.41
seq-12/frame-000210,1,0.03844,1.5860,1532,1170,977,1.80,91.30,81.89,14.72,189.72
seq-12/frame-000211,1,0.03293,1.4064,1604,1297,1112,0.87,72.66,111.75,15.87,201.15
seq-12/frame-000212,1,0.03467,1.4814,1454,1124,937,0.88,96.95,104.42,26.45,228.70
seq-12/frame-000213,1,0.03887,1.5971,1352,1051,883,1.46,115.63,101.44,18.31,236.84
seq-12/frame-000214,1,0.03155,1.5519,1325,1045,893,1.44,87.69,88.92,23.23,201.28
seq-12/frame-000215,1,0.02841,1.3953,1438,1115,930,0.87,94.23,98.46,26.69,220.26
seq-12/frame-000216,1,0.03285,1.8345,1267,992,827,1.62,81.39,99.74,21.37,204.12
seq-12/frame-000217,1,0.03296,1.8352,1267,992,827,0.83,105.29,96.43,23.32,225.86
seq-12/frame-000218,1,0.02356,1.3133,1319,1086,923,1.86,89.20,98.60,17.47,207.13
seq-12/frame-000219,1,0.02000,1.0441,1565,1302,1133,0.82,97.47,90.87,24.12,213.28
seq-12/frame-000220,1,0.01629,1.0190,1362,1119,921,1.40,88.62,90.73,22.48,203.23
seq-12/frame-000221,1,0.01747,1.2085,1315,975,818,1.94,75.79,89.78,33.14,200.66
seq-12/frame-000222,1,0.01395,1.1642,1236,1014,860,1.70,75.12,78.00,26.29,181.11
seq-12/frame-000223,1,0.01370,1.1117,1236,1014,860,2.42,93.61,73.91,25.51,195.45
seq-12/frame-000224,1,0.02178,1.2552,1231,948,805,1.43,81.16,77.42,11.47,171.49
seq-12/frame-000225,1,0.02234,1.4019,1312,1100,911,0.83,87.85,87.27,25.52,201.47
seq-12/frame-000226,1,0.01958,1.0613,1228,1038,912,0.83,94.64,71.11,16.57,183.15
seq-12/frame-000227,1,0.01854,1.0572,1228,1038,912,0.82,93.47,74.35,16.16,184.81
seq-12/frame-000228,1,0.01867,1.1887,1174,927,791,1.20,92.42,71.10,21.70,186.42
seq-12/frame-000229,1,0.01365,0.9474,1155,926,790,0.90,78.42,73.94,16.09,169.34
seq-12/frame-000230,1,0.02092,1.1966,1076,876,721,0.89,68.93,73.13,20.08,163.03
seq-12/frame-000231,1,0.01953,1.0855,1171,955,789,0.84,71.39,65.04,26.81,164.08
seq-12/frame-000232,1,0.02002,1.0885,1171,955,789,0.84,74.31,65.72,21.54,162.42
seq-12/frame-000233,1,0.02084,1.1051,1244,1004,845,1.36,86.26,78.45,20.71,186.78
seq-12/frame-000234,1,0.02095,0.9552,1109,941,800,1.12,65.80,65.99,8.89,141.80
seq-12/frame-000235,1,0.02136,1.0394,988,781,640,0.87,81.07,64.08,11.99,158.02
seq-12/frame-000236,1,0.02006,1.0233,988,781,640,0.87,74.35,47.52,13.74,136.48
seq-12/frame-000237,1,0.02033,0.9501,1005,809,668,2.59,73.86,55.70,16.85,149.01
seq-12/frame-000238,1,0.02792,1.0660,1164,978,830,0.87,83.80,66.08,21.18,171.93
seq-12/frame-000239,1,0.02821,1.0646,1164,978,830,1.40,67.45,54.03,16.00,138.89
seq-12/frame-000240,1,0.03278,1.2357,1073,861,710,1.11,92.81,65.78,32.16,191.86
seq-12/frame-000241,1,0.02899,1.1127,948,702,573,0.88,60.72,50.26,16.67,128.52
seq-12/frame-000242,1,0.03851,1.6753,900,659,505,0.89,55.98,48.10,9.41,114.38
seq-12/frame-000243,1,0.03590,1.3410,900,659,505,0.86,69.36,59.43,12.24,141.90
seq-12/frame-000244,1,0.03568,1.2085,864,667,531,0.86,67.64,42.29,20.13,130.92
seq-12/frame-000245,1,0.02979,1.2867,924,685,542,0.85,70.69,53.21,21.51,146.27
seq-12/frame-000246,1,0.04350,1.7213,1119,947,761,0.97,90.76,70.51,26.69,188.93
seq-12/frame-000247,1,0.04370,1.7043,1119,947,761,1.11,72.66,70.48,16.69,160.95
seq-12/frame-000248,1,0.02763,1.0306,828,637,493,1.06,76.91,49.18,18.70,145.86
seq-12/frame-000249,1,0.02663,1.0015,828,637,493,0.83,61.30,41.57,25.46,129.15
seq-12/frame-000250,1,0.03827,1.6322,934,681,518,1.58,81.24,51.24,14.29,148.35
seq-12/frame-000251,1,0.02298,1.0649,963,694,527,0.80,73.75,56.11,11.82,142.49
seq-12/frame-000252,1,0.02296,1.0451,963,694,527,0.81,72.28,47.03,15.89,136.00
seq-12/frame-000253,1,0.04090,2.0474,832,568,400,2.90,76.25,50.23,22.30,151.70
seq-12/frame-000254,1,0.05092,2.1756,784,526,362,1.20,81.11,48.26,7.58,138.15
seq-12/frame-000255,1,0.05435,1.9754,784,526,362,0.84,79.51,65.29,14.31,159.96
seq-12/frame-000256,1,0.04943,2.1382,827,574,408,0.85,83.11,50.19,22.75,156.89
seq-12/frame-000257,1,0.04112,1.5659,929,637,472,1.18,75.04,62.83,24.70,163.76
seq-12/frame-000258,1,0.05491,2.2833,1056,781,590,0.97,66.91,76.77,13.07,157.73
seq-12/frame-000259,1,0.05428,2.3041,1056,781,590,0.82,84.18,86.22,21.70,192.91
seq-12/frame-000260,1,0.04198,2.0006,1013,730,550,1.55,85.29,64.88,25.56,177.29
seq-12/frame-000261,1,0.04269,2.0580,1013,730,550,1.36,75.57,80.31,23.69,180.94
seq-12/frame-000262,1,0.03257,1.8784,838,578,446,0.85,68.85,47.52,15.84,133.06
seq-12/frame-000263,1,0.06699,2.6314,929,680,502,2.49,91.20,159.87,28.19,281.75
seq-12/frame-000264,1,0.06735,2.6441,929,680,502,1.26,74.89,70.73,28.19,175.07
seq-12/frame-000265,1,0.03757,1.7752,926,702,555,0.84,81.90,72.81,20.55,176.09
seq-12/frame-000266,1,0.03671,1.6618,926,702,555,0.82,94.13,66.55,14.18,175.68
seq-12/frame-000267,1,0.03837,1.6553,870,623,484,0.86,77.54,67.76,12.86,159.03
seq-12/frame-000268,1,0.04032,1.2654,956,678,519,0.86,93.82,59.01,12.33,166.03
seq-12/frame-000269,1,0.03934,1.2536,956,678,519,0.85,92.54,64.64,11.42,169.45
seq-12/frame-000270,1,0.03559,1.1256,1115,843,674,0.85,101.79,66.43,16.46,185.53
seq-12/frame-000271,1,0.03548,1.1048,1115,843,674,0.83,78.22,60.31,14.87,154.25
seq-12/frame-000272,1,0.03914,1.4888,1117,835,638,0.85,89.66,61.45,20.94,172.90
seq-12/frame-000273,1,0.03491,1.1989,1070,752,594,0.87,65.98,57.79,12.33,136.96
seq-12/frame-000274,1,0.03444,1.2226,1070,752,594,1.34,87.80,59.46,10.56,159.15
seq-12/frame-000275,1,0.03333,1.0915,1107,813,619,0.87,100.55,60.55,20.57,182.55
seq-12/frame-000276,1,0.03220,1.4257,1116,784,618,0.85,55.93,59.05,11.66,127.51
seq-12/frame-000277,1,0.02812,2.0814,1117,771,601,0.89,81.13,53.58,19.18,154.78
seq-12/frame-000278,1,0.02868,2.0414,1117,771,601,0.88,68.88,49.34,13.90,133.00
seq-12/frame-000279,1,0.02985,2.0718,1168,770,587,1.35,73.08,76.00,12.57,163.00
seq-12/frame-000280,1,0.02913,2.2188,1177,771,578,1.21,76.66,61.53,11.47,150.88
seq-12/frame-000281,1,0.03521,1.8323,1177,771,578,0.87,86.19,66.23,14.88,168.17
seq-12/frame-000282,1,0.03351,1.1521,1368,964,742,0.84,86.88,99.20,12.29,199.21
seq-12/frame-000283,1,0.03915,1.3375,1571,1058,811,0.85,86.53,100.54,19.60,207.53
seq-12/frame-000284,1,0.05233,1.7294,1553,1035,793,0.87,86.11,92.56,16.99,196.54
seq-12/frame-000285,1,0.05277,1.4479,1580,1022,751,0.86,106.02,92.43,35.28,234.59
seq-12/frame-000286,1,0.05181,1.4313,1580,1022,751,0.82,97.42,78.05,34.98,211.26
seq-12/frame-000287,1,0.04818,1.3600,1608,999,779,0.88,94.73,100.80,17.57,213.98
seq-12/frame-000288,1,0.05060,1.3669,1652,985,767,0.91,80.94,93.69,21.09,196.63
seq-12/frame-000289,1,0.04233,0.8761,1606,918,697,0.92,111.24,140.41,9.85,262.43
seq-12/frame-000290,1,0.04536,1.0576,1606,918,697,0.87,106.45,86.88,16.53,210.73
seq-12/frame-000291,1,0.03798,0.8183,1644,1098,857,0.93,77.56,90.36,20.97,189.83
seq-12/frame-000292,1,0.03838,1.0054,1627,1061,841,0.95,105.94,146.29,12.09,265.27
seq-12/frame-000293,1,0.03628,0.9663,1734,1145,888,0.95,145.13,111.14,13.35,270.58
seq-12/frame-000294,1,0.03842,0.9716,1819,1133,886,0.96,196.65,106.89,20.02,324.53
seq-12/frame-000295,1,0.03689,1.2062,1753,1127,869,0.95,121.40,105.76,14.33,242.44
seq-12/frame-000296,1,0.03633,1.4569,1675,1034,795,0.94,87.07,95.81,15.84,199.66
seq-12/frame-000297,1,0.03627,1.4182,1736,1024,759,0.94,99.89,103.27,9.57,213.69
seq-12/frame-000298,1,0.03627,1.3801,1743,1049,787,0.95,100.75,92.45,14.04,208.20
seq-12/frame-000299,1,0.03501,1.2281,1915,1186,893,0.97,90.20,126.10,22.68,239.95
seq-12/frame-000300,1,0.03729,1.0692,2029,1340,1001,1.52,93.67,122.55,24.67,242.42
seq-12/frame-000301,1,0.04305,1.1162,2139,1430,1057,0.93,108.05,131.52,27.74,268.24
seq-12/frame-000302,1,0.04805,1.3062,2192,1357,970,1.30,108.83,137.93,13.19,261.25
seq-12/frame-000303,1,0.05479,1.8037,2289,1308,967,0.96,95.79,130.94,19.81,247.50
seq-12/frame-000304,1,0.04444,0.8169,1978,1123,798,1.86,97.35,115.72,25.10,240.03
seq-12/frame-000305,1,0.04885,0.7485,2057,1164,830,0.97,102.02,114.62,11.99,229.61
seq-12/frame-000306,1,0.09093,3.1410,2391,1287,871,1.28,98.16,130.02,24.21,253.67
seq-12/frame-000307,1,0.06563,1.0692,2147,1174,768,1.13,128.00,114.42,18.28,261.83
seq-12/frame-000308,1,0.10044,2.9671,2056,1020,698,1.43,109.05,126.58,24.29,261.35
seq-12/frame-000309,1,0.08183,1.2231,2193,1259,895,2.82,85.47,133.46,35.03,256.79
seq-12/frame-000310,1,0.07951,1.1322,2025,1030,677,0.93,88.33,123.97,9.23,222.47
seq-12/frame-000311,1,0.08088,1.2271,2042,936,571,1.66,88.76,98.99,11.54,200.96
seq-12/frame-000312,1,0.09216,1.3821,2021,936,558,1.04,106.73,109.15,14.63,231.56
seq-12/frame-000313,1,0.09892,1.5674,1990,1013,645,0.96,100.39,109.70,16.43,227.49
seq-12/frame-000314,1,0.03821,2.1858,2078,1351,920,1.05,97.25,110.30,33.67,242.28
seq-12/frame-000315,1,0.09891,0.9995,2225,1067,640,0.92,87.22,117.91,16.80,222.86
seq-12/frame-000316,1,0.10925,0.9604,2071,930,588,0.92,94.14,121.61,22.18,238.85
seq-12/frame-000317,1,0.02792,1.8608,2086,1293,883,1.35,109.19,124.99,19.52,255.05
seq-12/frame-000318,1,0.02725,1.1838,2271,1483,1001,1.77,99.72,119.96,25.28,246.73
seq-12/frame-000319,1,0.14295,2.2417,2244,1051,703,1.20,99.22,132.35,26.65,259.43
seq-12/frame-000320,1,0.01575,1.0001,1920,1344,952,1.40,99.72,101.43,26.00,228.55
seq-12/frame-000321,1,0.02047,1.0931,1829,1336,961,1.21,89.14,92.25,20.49,203.09
seq-12/frame-000322,1,0.14681,2.2523,1877,1114,769,1.11,93.62,105.65,29.42,229.81
seq-12/frame-000323,1,0.01984,0.7848,1744,1284,931,0.96,83.78,95.43,19.23,199.40
seq-12/frame-000324,1,0.01539,0.4280,1827,1342,965,1.23,93.01,106.44,19.34,220.02
seq-12/frame-000325,1,0.02738,0.4472,1684,1161,843,0.85,91.48,96.73,16.80,205.87
seq-12/frame-000326,1,0.02982,0.3735,1776,1298,953,1.96,89.63,88.61,18.78,198.98
seq-12/frame-000327,1,0.02558,0.2464,2088,1502,1154,0.88,106.70,118.07,15.05,240.70
seq-12/frame-000328,1,0.02301,0.3354,2243,1666,1229,1.11,101.64,109.14,18.82,230.71
seq-12/frame-000329,1,0.02377,0.2684,2246,1679,1273,1.01,110.22,144.72,19.17,275.13
seq-12/frame-000330,1,0.02201,0.3164,2979,2157,1649,1.18,136.74,177.98,19.74,335.64
seq-12/frame-000331,1,0.01367,0.2554,2809,2149,1646,2.75,110.83,137.99,18.81,270.39
seq-12/frame-000332,1,0.02132,0.2624,2584,1890,1450,0.99,107.35,146.53,15.38,270.25
seq-12/frame-000333,1,0.01811,0.3990,3379,2395,1834,1.06,134.52,178.81,26.77,341.17
seq-12/frame-000334,1,0.01613,0.3369,3049,2177,1689,1.43,125.64,162.51,25.55,315.14
seq-12/frame-000335,1,0.01753,0.1855,2896,2125,1631,1.69,127.83,160.07,19.92,309.51
seq-12/frame-000336,1,0.02188,0.3181,1991,1289,932,1.33,98.03,113.10,16.64,229.10
seq-12/frame-000337,1,0.02916,0.5106,1856,1314,958,0.89,100.91,96.15,29.64,227.59
seq-12/frame-000338,1,0.02072,0.3567,2183,1629,1244,0.88,86.86,116.82,22.44,227.01
seq-12/frame-000339,1,0.00895,0.1911,2305,1639,1276,0.90,96.59,119.93,15.93,233.36
seq-12/frame-000340,1,0.01994,0.4001,2379,1772,1342,0.89,108.55,127.73,25.28,262.44
seq-12/frame-000341,1,0.02317,0.6351,3299,2315,1772,0.97,125.25,204.93,22.12,353.27
seq-12/frame-000342,1,0.01047,0.3269,3379,2301,1773,1.08,128.33,200.59,20.34,350.34
seq-12/frame-000343,1,0.00962,0.3663,3101,2241,1719,1.04,120.16,181.40,21.28,323.89
seq-12/frame-000344,1,0.01318,0.3874,3180,2227,1717,1.01,134.62,165.03,13.85,314.52
seq-12/frame-000345,1,0.02021,0.5608,3776,2558,1990,1.09,147.34,210.20,16.70,375.33
seq-12/frame-000346,1,0.01849,0.5185,3691,2600,2000,1.59,153.60,219.39,25.61,400.20
seq-12/frame-000347,1,0.00425,0.2798,3058,2149,1699,1.04,109.64,158.37,20.83,289.88
seq-12/frame-000348,1,0.00458,0.2143,2622,1843,1421,1.58,127.43,134.82,23.67,287.51
seq-12/frame-000349,1,0.01012,0.1812,2208,1526,1175,1.29,110.66,111.47,14.47,237.89
seq-12/frame-000350,1,0.01726,0.4462,1824,1254,938,1.16,86.69,91.95,11.90,191.70
seq-12/frame-000351,1,0.00837,0.3889,2043,1424,1110,1.78,103.42,138.78,27.02,271.00
seq-12/frame-000352,1,0.01525,0.4874,2110,1343,989,1.39,121.41,159.31,23.34,305.46
seq-12/frame-000353,1,0.01874,0.6610,1431,866,619,0.84,87.34,78.40,19.19,185.78
seq-12/frame-000354,1,0.03954,1.0432,1521,924,630,1.14,103.01,113.15,12.49,229.79
seq-12/frame-000355,1,0.01831,0.6677,1471,1007,737,0.84,90.23,87.42,13.66,192.15
seq-12/frame-000356,1,0.04400,0.9646,1589,1005,706,1.16,91.72,99.23,16.51,208.63
seq-12/frame-000357,1,0.02553,0.7194,1752,1191,868,0.87,99.84,89.61,11.82,202.13
seq-12/frame-000358,1,0.03895,0.7078,2120,1529,1122,1.06,126.10,130.07,31.10,288.33
seq-12/frame-000359,1,0.02842,0.5268,2761,2035,1589,0.95,106.00,140.49,20.77,268.21
seq-12/frame-000360,1,0.02089,0.4294,2486,1865,1475,0.99,90.91,134.22,17.50,243.61
seq-12/frame-000361,1,0.03262,0.7487,2918,2170,1697,0.97,102.35,144.14,27.23,274.70
seq-12/frame-000362,1,0.03579,0.7666,3207,2290,1771,1.11,135.70,184.45,12.80,334.06
seq-12/frame-000363,1,0.02474,0.6779,3221,2371,1831,1.49,117.26,162.32,16.71,297.78
seq-12/frame-000364,1,0.02839,0.6936,2833,2150,1680,1.31,143.18,148.32,20.01,312.82
seq-12/frame-000365,1,0.02384,0.5024,2065,1460,1125,0.93,96.47,113.90,16.82,228.13
seq-12/frame-000366,1,0.03193,0.6391,1788,1298,1012,1.03,107.03,101.45,19.44,228.96
seq-12/frame-000367,1,0.02852,1.0217,1950,1402,1137,0.90,105.36,104.85,15.80,226.91
seq-12/frame-000368,1,0.02939,0.6107,2009,1354,1075,0.91,80.96,104.86,15.26,202.00
seq-12/frame-000369,1,0.04472,0.8177,2448,1757,1381,1.22,92.81,134.21,11.79,240.03
seq-12/frame-000370,1,0.04035,0.7503,2558,1939,1505,0.94,103.31,145.32,20.14,269.72
seq-12/frame-000371,1,0.04105,0.7582,2047,1533,1218,1.00,94.76,101.10,18.05,214.91
seq-12/frame-000372,1,0.04486,0.8987,2160,1503,1171,0.86,107.91,115.27,17.11,241.15
seq-12/frame-000373,1,0.04563,0.9396,2704,1874,1428,0.94,108.57,147.83,14.79,272.13
seq-12/frame-000374,1,0.05467,1.0067,2481,1770,1332,1.13,127.74,136.08,27.90,292.85
seq-12/frame-000375,1,0.05454,1.0047,2998,1926,1447,1.23,128.22,168.04,15.78,313.27
seq-12/frame-000376,1,0.05288,0.9467,2745,1910,1464,1.36,130.46,146.53,20.09,298.45
seq-12/frame-000377,1,0.04008,0.8304,2296,1660,1309,1.07,113.61,106.06,18.50,239.24
seq-12/frame-000378,1,0.03992,0.7631,1996,1390,1093,1.50,109.86,99.98,14.67,226.01
seq-12/frame-000379,1,0.06033,2.7970,2853,1996,1517,1.20,122.93,173.40,18.47,316.01
seq-12/frame-000380,1,0.06111,3.0799,2970,1927,1457,0.99,114.26,168.58,22.76,306.59
seq-12/frame-000381,1,0.06841,3.1504,2942,2020,1544,0.96,121.95,163.74,12.35,299.00
seq-12/frame-000382,1,0.07258,3.2001,2397,1649,1284,1.23,114.51,129.16,13.01,257.91
seq-12/frame-000383,1,0.07402,3.2062,1951,1296,974,0.97,89.30,114.22,28.96,233.46
seq-12/frame-000384,1,0.06655,3.6951,2670,1697,1297,0.97,117.55,161.90,19.77,300.19
seq-12/frame-000385,1,0.07878,3.5185,2654,1709,1298,0.95,126.83,151.79,19.82,299.40
seq-12/frame-000386,1,0.07226,3.1225,2463,1472,1102,1.54,117.75,139.25,21.08,279.63
seq-12/frame-000387,1,0.07812,3.3591,1944,1195,908,1.12,94.48,126.10,10.82,232.53
seq-12/frame-000388,1,0.08038,3.4617,1895,1153,849,1.09,100.51,118.43,22.00,242.03
seq-12/frame-000389,1,0.08432,3.4449,1793,1153,873,0.85,97.33,96.08,10.24,204.51
seq-12/frame-000390,1,0.07578,3.6141,2683,1599,1198,0.93,117.95,158.69,25.81,303.38
seq-12/frame-000391,1,0.07135,3.3033,3081,1774,1284,1.30,141.45,170.14,22.78,335.68
seq-12/frame-000392,1,0.07418,3.3952,1868,1180,902,1.17,99.86,108.99,14.07,224.10
seq-12/frame-000393,1,0.07520,3.4550,1505,871,651,1.09,96.44,86.29,14.78,198.60
seq-12/frame-000394,1,0.07294,3.3228,1997,1196,876,0.87,98.56,101.89,18.04,219.37
seq-12/frame-000395,1,0.06098,2.8203,2920,1554,1114,0.93,117.16,154.90,15.37,288.36
seq-12/frame-000396,1,0.05759,2.5392,3311,1767,1235,1.01,118.82,175.10,15.03,309.96
seq-12/frame-000397,1,0.05869,2.6336,3289,1767,1247,1.10,141.05,162.92,12.26,317.34
seq-12/frame-000398,1,0.05938,2.4100,3415,1698,1193,1.44,132.71,174.07,20.34,328.56
seq-12/frame-000399,1,0.05922,2.6048,3171,1708,1224,0.97,124.82,160.58,15.57,301.94
seq-12/frame-000400,1,0.06875,2.9642,2842,1543,1114,1.03,117.98,155.23,15.95,290.19
seq-12/frame-000401,1,0.06021,2.7195,3036,1625,1146,1.51,119.31,159.92,17.03,297.78
seq-12/frame-000402,1,0.06930,2.9138,3368,1721,1228,1.31,142.17,161.58,11.20,316.26
seq-12/frame-000403,1,0.07640,2.9160,3486,1764,1253,1.04,129.22,186.30,17.20,333.76
seq-12/frame-000404,1,0.07169,2.8651,3303,1711,1232,1.83,133.28,183.10,27.87,346.08
seq-12/frame-000405,1,0.08014,2.9950,2969,1656,1225,0.94,131.09,170.41,30.78,333.22
seq-12/frame-000406,1,0.07570,2.7392,3107,1709,1231,0.88,128.02,171.30,26.32,326.54
seq-12/frame-000407,1,0.07012,2.6552,3405,1723,1212,1.62,132.69,180.48,16.71,331.51
seq-12/frame-000408,1,0.07077,2.6629,3409,1805,1275,1.36,148.80,201.44,15.69,367.29
seq-12/frame-000409,1,0.06217,2.4366,3438,1655,1166,2.16,133.29,195.67,24.23,355.35
seq-12/frame-000410,1,0.06625,2.4932,3606,1733,1145,1.05,131.19,213.51,17.45,363.20
seq-12/frame-000411,1,0.05911,2.2964,3526,1738,1242,0.98,115.34,232.71,40.70,389.74
seq-12/frame-000412,1,0.05430,1.9756,3580,1846,1269,1.01,129.54,193.63,15.89,340.10
seq-12/frame-000413,1,0.04621,1.9092,3707,1885,1315,1.02,136.83,176.61,19.62,334.08
seq-12/frame-000414,1,0.05891,2.1565,2873,1561,1129,0.92,103.71,151.81,19.63,276.07
seq-12/frame-000415,1,0.05034,1.8970,3191,1706,1231,0.96,126.15,190.68,21.88,339.67
seq-12/frame-000416,1,0.04842,1.8927,3637,1850,1274,1.05,192.18,207.33,27.64,428.20
seq-12/frame-000417,1,0.04536,1.7763,3601,1873,1328,0.98,130.32,199.37,22.80,353.48
seq-12/frame-000418,1,0.05041,1.9047,3273,1581,1004,1.25,127.44,179.89,21.60,330.18
seq-12/frame-000419,1,0.05246,2.0006,3339,1712,1180,1.31,119.72,175.12,17.07,313.22
seq-12/frame-000420,1,0.05227,1.8656,3093,1578,1063,1.44,119.79,193.59,10.19,325.01
seq-12/frame-000421,1,0.05673,1.9123,2953,1472,1001,0.87,119.21,153.70,17.00,290.79
seq-12/frame-000422,1,0.05226,1.9772,3420,1771,1302,1.27,143.98,199.40,18.11,362.77
seq-12/frame-000423,1,0.04515,1.5553,3777,1892,1333,1.39,130.54,221.49,27.65,381.07
seq-12/frame-000424,1,0.05232,1.7020,3551,1940,1426,1.13,140.54,189.24,22.61,353.51
seq-12/frame-000425,1,0.04537,1.5844,3667,1970,1416,0.98,142.50,200.52,17.46,361.46
seq-12/frame-000426,1,0.04128,1.3891,3777,1861,1304,1.08,163.08,185.42,17.37,366.95
seq-12/frame-000427,1,0.05180,1.8701,3721,2067,1471,1.06,153.09,196.50,14.71,365.37
seq-12/frame-000428,1,0.04787,1.6327,3875,2138,1508,1.28,148.81,201.07,17.49,368.67
seq-12/frame-000429,1,0.04678,1.6246,3857,2073,1469,1.35,154.97,218.45,23.41,398.18
seq-12/frame-000430,1,0.05030,1.6649,3926,2120,1487,1.51,144.07,217.59,18.63,381.81
seq-12/frame-000431,1,0.04987,1.9163,3945,2028,1417,1.08,140.95,215.18,21.12,378.32
seq-12/frame-000432,1,0.05596,1.8667,3968,2086,1441,2.27,149.87,210.36,24.40,386.91
seq-12/frame-000433,1,0.05315,1.8543,3895,2083,1493,1.19,143.80,228.33,24.91,398.24
seq-12/frame-000434,1,0.05307,1.5393,3738,2073,1467,1.53,134.89,224.99,17.40,378.82
seq-12/frame-000435,1,0.05328,1.4698,3873,2066,1447,1.03,130.05,221.78,20.96,373.82
seq-12/frame-000436,1,0.04665,1.3079,3076,1435,961,1.07,128.47,163.24,21.36,314.13
seq-12/frame-000437,1,0.04966,1.3912,2994,1498,1011,0.85,105.79,143.00,12.82,262.46
seq-12/frame-000438,1,0.04839,1.4333,3617,1944,1410,0.91,127.25,195.66,19.08,342.91
seq-12/frame-000439,1,0.04797,1.4335,2888,1473,1024,1.17,126.54,165.75,26.71,320.19
seq-12/frame-000440,1,0.04412,1.3984,3619,1985,1436,0.99,131.47,197.34,16.39,346.19
seq-12/frame-000441,1,0.05088,1.3716,3300,1743,1204,0.87,124.01,172.46,14.71,312.05
seq-12/frame-000442,1,0.05251,1.4595,2166,1143,806,1.13,97.44,111.99,16.87,227.44
seq-12/frame-000443,1,0.06075,1.6332,2269,1206,844,1.08,113.84,146.66,20.46,282.04
seq-12/frame-000444,1,0.07838,2.6974,3598,1934,1389,1.45,131.79,218.52,30.71,382.46
seq-12/frame-000445,1,0.08964,3.2368,2487,1290,908,0.86,101.41,141.34,15.08,258.69
seq-12/frame-000446,1,0.09866,3.4244,1638,830,554,1.60,101.82,88.54,23.22,215.18
seq-12/frame-000447,1,0.10254,3.5145,3143,1789,1314,1.49,130.99,201.85,22.78,357.10
seq-12/frame-000448,1,0.10362,3.5620,2947,1517,1044,1.42,132.90,175.67,22.50,332.50
seq-12/frame-000449,1,0.10471,3.4952,2355,1052,673,0.86,108.16,145.97,9.78,264.78
seq-12/frame-000450,1,0.09467,3.1085,2675,1387,974,0.88,119.41,153.33,9.03,282.65
seq-12/frame-000451,1,0.08875,3.0743,1918,1018,753,0.82,95.97,115.44,36.76,248.99
seq-12/frame-000452,1,0.09323,3.0681,1295,595,394,0.80,66.23,73.72,15.71,156.47
seq-12/frame-000453,1,0.09390,3.1372,2873,1524,1109,0.91,130.09,147.25,16.53,294.79
seq-12/frame-000454,1,0.08978,3.1283,3288,1741,1274,0.95,129.65,242.36,21.11,394.07
seq-12/frame-000455,1,0.08465,3.0608,3186,1732,1268,0.97,137.44,207.76,20.01,366.19
seq-12/frame-000456,1,0.08786,2.9120,2900,1812,1400,0.97,109.76,176.45,18.32,305.50
seq-12/frame-000457,1,0.08614,2.9593,2678,1716,1360,0.98,109.38,221.12,73.79,405.28
seq-12/frame-000458,1,0.08223,1.9655,2967,1636,1191,1.03,136.99,294.47,33.96,466.45
seq-12/frame-000459,1,0.08736,1.8038,2984,1631,1210,2.93,107.80,301.18,14.03,425.95
seq-12/frame-000460,1,0.08602,1.6405,3105,1752,1315,1.03,133.42,286.72,31.88,453.05
seq-12/frame-000461,1,0.09247,1.6531,3308,1806,1326,1.04,143.26,358.42,22.28,525.00
seq-12/frame-000462,1,0.09322,1.8054,2667,1590,1185,0.92,118.03,287.70,19.73,426.38
seq-12/frame-000463,1,0.08981,1.5702,2725,1792,1408,0.99,108.17,300.02,40.14,449.32
seq-12/frame-000464,1,0.08488,1.4804,2819,1897,1472,1.26,239.01,403.07,25.10,668.44
seq-12/frame-000465,1,0.09475,1.6470,3060,1781,1343,1.03,240.20,404.88,31.75,677.86
seq-12/frame-000466,1,0.09099,1.5272,3186,1839,1368,1.09,257.32,404.07,28.43,690.91
seq-12/frame-000467,1,0.08919,1.5766,3328,1888,1413,1.11,206.25,426.71,23.70,657.78
seq-12/frame-000468,1,0.08728,1.4222,3181,1935,1476,1.04,216.22,352.90,50.56,620.72
seq-12/frame-000469,1,0.08803,1.3482,3168,1829,1378,1.01,224.13,348.76,13.28,587.19
seq-12/frame-000470,1,0.09548,1.7189,3164,1879,1413,1.02,203.22,356.11,26.47,586.82
seq-12/frame-000471,1,0.08597,1.5022,3064,1853,1343,1.00,197.65,348.03,22.58,569.26
seq-12/frame-000472,1,0.08220,1.4814,2981,2016,1553,0.97,300.17,197.46,15.37,513.98
seq-12/frame-000473,1,0.09293,1.6939,3384,2067,1576,2.15,331.23,338.91,22.90,695.22
seq-12/frame-000474,1,0.09243,1.6187,3385,2162,1654,1.07,160.24,311.96,18.70,491.97
seq-12/frame-000475,1,0.09333,1.6954,3050,2026,1578,1.30,213.00,243.47,32.46,490.23
seq-12/frame-000476,1,0.09169,1.6548,3159,2089,1590,2.56,250.32,221.77,26.98,501.64
seq-12/frame-000477,1,0.08229,1.4423,3166,2063,1614,1.04,244.40,208.85,20.12,474.42
seq-12/frame-000478,1,0.08390,1.3640,2872,1984,1570,0.98,242.06,198.43,17.16,458.63
seq-12/frame-000479,1,0.08665,1.4195,3150,2091,1602,1.01,240.84,224.99,19.53,486.38
seq-12/frame-000480,1,0.08967,1.9133,2460,1934,1583,0.96,248.58,162.48,27.60,439.63
seq-12/frame-000481,1,0.08273,1.6387,1917,1494,1208,0.98,207.63,127.03,26.20,361.84
seq-12/frame-000482,1,0.07577,1.5668,2397,1888,1525,0.97,201.42,164.33,21.65,388.37
seq-12/frame-000483,1,0.07835,1.6598,2489,1996,1604,0.97,122.43,163.32,31.06,317.78
seq-12/frame-000484,1,0.07161,2.1454,2046,1672,1379,1.16,124.36,108.77,11.15,245.43
seq-12/frame-000485,1,0.06889,1.6327,2211,1843,1512,1.00,104.46,136.83,38.37,280.66
seq-12/frame-000486,1,0.06542,1.4971,2315,1953,1626,0.91,109.81,133.61,65.74,310.07
seq-12/frame-000487,1,0.05683,1.2270,2347,2008,1646,1.71,120.44,200.71,19.67,342.53
seq-12/frame-000488,1,0.06480,1.4905,2612,2211,1834,1.64,131.36,234.76,17.05,384.81
seq-12/frame-000489,1,0.07066,2.1158,3136,2261,1846,0.98,119.90,254.71,23.67,399.26
seq-12/frame-000490,1,0.05174,1.1942,3346,2558,2100,0.98,148.31,233.89,25.55,408.73
seq-12/frame-000491,1,0.04111,0.9418,2300,1760,1419,0.98,134.15,219.52,21.04,375.70
seq-12/frame-000492,1,0.04379,1.2266,2405,1989,1594,0.92,125.90,207.16,16.87,350.85
seq-12/frame-000493,1,0.04247,1.1766,2392,1999,1641,0.93,133.74,171.98,30.24,336.89
seq-12/frame-000494,1,0.03803,1.1184,2515,2132,1743,0.94,176.01,170.23,26.09,373.27
seq-12/frame-000495,1,0.04115,1.2161,2686,2196,1775,1.79,143.77,160.87,25.44,331.87
seq-12/frame-000496,1,0.02954,0.9564,2897,2422,1985,0.94,156.47,186.29,22.42,366.13
seq-12/frame-000497,1,0.03057,1.0475,2577,2115,1723,0.95,124.91,156.69,18.02,300.57
seq-12/frame-000498,1,0.02467,1.0884,2354,1952,1610,0.93,133.89,130.44,30.81,296.08
seq-12/frame-000499,1,0.02440,1.0361,2242,1888,1534,0.93,120.80,122.78,29.63,274.15
seq-12/frame-000500,1,0.02769,1.1796,2574,2119,1735,0.95,134.97,158.73,16.09,310.74
seq-12/frame-000501,1,0.02731,1.0320,2845,2384,1941,0.98,128.82,189.73,29.53,349.06
seq-12/frame-000502,1,0.02638,1.0374,2735,2334,1910,3.20,129.41,178.33,28.54,339.48
seq-12/frame-000503,1,0.02778,1.0220,3140,2580,2122,5.46,130.04,208.65,22.08,366.23
seq-12/frame-000504,1,0.01707,0.8032,2693,2367,1972,1.15,122.27,149.19,36.44,309.05
seq-12/frame-000505,1,0.02033,1.0064,2508,2188,1787,1.72,129.25,158.90,14.55,304.42
seq-12/frame-000506,1,0.02015,0.9067,2862,2398,1980,1.44,152.60,158.73,25.10,337.87
seq-12/frame-000507,1,0.02421,0.9427,2654,2280,1887,2.73,139.14,158.91,13.88,314.66
seq-12/frame-000508,1,0.01407,0.9463,2249,1890,1561,1.25,136.04,119.23,31.61,288.14
seq-12/frame-000509,1,0.00936,0.7029,2417,2023,1675,0.94,114.36,151.51,25.94,292.75
seq-12/frame-000510,1,0.01897,0.7753,2402,1953,1608,2.68,134.75,141.90,13.32,292.66
seq-12/frame-000511,1,0.01218,0.7124,2368,1955,1572,1.42,105.04,129.46,24.35,260.27
seq-12/frame-000512,1,0.01405,1.4609,1976,1572,1225,0.91,105.99,117.81,15.48,240.18
seq-12/frame-000513,1,0.02421,0.6409,2190,1709,1345,0.94,101.96,140.72,41.21,284.83
seq-12/frame-000514,1,0.03252,0.5759,2830,2302,1815,0.99,119.38,156.08,20.49,296.95
seq-12/frame-000515,1,0.03396,0.5185,2946,2435,1906,1.25,124.05,149.55,24.74,299.59
seq-12/frame-000516,1,0.04027,0.6845,2301,1738,1305,0.96,96.58,119.30,33.16,250.01
seq-12/frame-000517,1,0.03928,0.6292,2360,1836,1402,0.94,103.37,117.55,16.50,238.37
seq-12/frame-000518,1,0.04195,0.6669,2528,1973,1553,0.97,113.21,146.22,31.55,291.95
seq-12/frame-000519,1,0.05976,2.5468,2647,1820,1369,0.98,123.54,151.43,34.10,310.05
seq-12/frame-000520,1,0.03163,0.7689,2379,1805,1417,0.94,102.22,131.00,16.45,250.60
seq-12/frame-000521,1,0.01927,0.6367,1913,1450,1116,0.86,95.38,96.32,19.37,211.94
seq-12/frame-000522,1,0.01952,0.5791,1845,1427,1106,0.87,89.96,98.27,13.05,202.16
seq-12/frame-000523,1,0.01434,0.6759,2004,1524,1196,0.99,98.96,115.96,22.85,238.76
seq-12/frame-000524,1,0.01895,0.7554,2293,1748,1373,1.94,100.34,124.79,23.45,250.52
seq-12/frame-000525,1,0.01961,0.6211,2378,1834,1417,0.91,116.13,109.70,31.15,257.89
seq-12/frame-000526,1,0.01271,0.6682,2530,1953,1493,1.56,118.58,139.15,15.01,274.30
seq-12/frame-000527,1,0.01833,0.4612,2546,1960,1503,0.90,119.68,137.84,21.91,280.34
seq-12/frame-000528,1,0.02257,0.4818,2391,1878,1435,1.40,120.42,140.74,24.33,286.88
seq-12/frame-000529,1,0.02034,0.9789,2433,1891,1504,1.40,109.70,127.43,13.64,252.18
seq-12/frame-000530,1,0.01897,0.5183,2452,1984,1611,1.34,111.49,141.88,21.42,276.12
seq-12/frame-000531,1,0.00953,0.7180,2537,1945,1554,0.95,128.00,132.47,23.90,285.33
seq-12/frame-000532,1,0.01732,0.6841,2876,2536,2041,1.12,115.47,162.07,30.29,308.96
seq-12/frame-000533,1,0.01705,0.8210,2875,2334,1862,1.00,114.90,179.53,18.76,314.20
seq-12/frame-000534,1,0.01871,0.5889,2285,1866,1492,0.96,84.04,133.21,15.86,234.07
seq-12/frame-000535,1,0.02068,1.0192,2702,2202,1804,0.99,128.61,158.13,20.58,308.32
seq-12/frame-000536,1,0.02028,1.0333,2861,2475,2007,1.00,123.94,149.66,12.13,286.73
seq-12/frame-000537,1,0.01759,0.7735,3003,2549,2092,0.99,130.57,179.07,16.27,326.90
seq-12/frame-000538,1,0.01768,0.7841,2873,2434,2023,0.98,142.87,165.53,34.95,344.34
seq-12/frame-000539,1,0.01507,0.7214,2908,2414,1965,1.46,148.53,171.03,22.57,343.60
seq-12/frame-000540,1,0.01681,0.9035,2895,2443,2030,0.98,115.11,170.91,19.75,306.76
seq-12/frame-000541,1,0.01174,0.7751,2754,2337,1888,0.95,117.51,162.97,17.42,298.86
seq-12/frame-000542,1,0.00855,0.6933,2468,1985,1589,0.91,107.96,133.92,23.87,266.66
seq-12/frame-000543,1,0.00895,0.6877,2286,1899,1538,0.91,93.78,142.43,19.07,256.18
seq-12/frame-000544,1,0.01036,0.6343,2456,2021,1659,0.90,103.15,155.96,17.70,277.72
seq-12/frame-000545,1,0.00754,0.6963,2774,2283,1837,0.97,119.91,175.18,20.45,316.53
seq-12/frame-000546,1,0.00876,0.7256,2795,2352,1849,0.98,128.20,158.59,16.83,304.61
seq-12/frame-000547,1,0.00891,0.8088,2774,2227,1794,0.98,128.91,135.56,16.80,282.25
seq-12/frame-000548,1,0.01092,0.8363,2915,2391,1924,0.98,136.50,161.76,16.03,315.28
seq-12/frame-000549,1,0.01163,0.8511,2915,2391,1924,0.99,123.32,154.03,18.01,296.36
seq-12/frame-000550,1,0.00723,0.7718,2624,2121,1729,0.92,118.77,135.65,19.34,274.68
seq-12/frame-000551,1,0.01189,0.6295,2062,1701,1389,0.88,85.84,122.38,10.76,219.86
seq-12/frame-000552,1,0.01235,0.6301,2290,1840,1502,0.91,107.56,140.76,20.30,269.54
seq-12/frame-000553,1,0.04142,0.8218,2597,1844,1407,0.96,102.99,144.39,13.71,262.06
seq-12/frame-000554,1,0.03011,0.6491,2597,1844,1407,0.97,102.64,170.20,15.12,288.94
seq-12/frame-000555,1,0.01109,0.5688,2874,2228,1792,0.98,156.66,193.57,18.39,369.61
seq-12/frame-000556,1,0.01214,0.3976,2434,1922,1568,0.94,123.89,187.44,12.72,324.99
seq-12/frame-000557,1,0.04507,1.3647,2519,1807,1387,0.96,144.00,184.88,27.98,357.83
seq-12/frame-000558,1,0.04359,1.3146,2519,1807,1387,0.96,136.49,175.91,22.45,335.82
seq-12/frame-000559,1,0.00758,0.5482,2653,2036,1647,2.05,131.43,185.74,22.96,342.18
seq-12/frame-000560,1,0.02005,0.3849,2591,1952,1533,0.95,139.94,189.58,10.31,340.78
seq-12/frame-000561,1,0.01973,0.4569,2586,2037,1641,0.94,161.68,182.67,34.95,380.25
seq-12/frame-000562,1,0.01855,0.4176,2586,2037,1641,0.90,126.41,180.14,37.50,344.94
seq-12/frame-000563,1,0.01150,0.7154,2836,2176,1738,0.97,156.54,180.27,17.97,355.75
seq-12/frame-000564,1,0.01235,0.4277,2752,2072,1669,0.96,144.28,138.97,26.99,311.20
seq-12/frame-000565,1,0.05130,1.6359,2879,2092,1711,0.99,109.90,218.06,27.70,356.65
seq-12/frame-000566,1,0.03799,1.1068,2879,2092,1711,1.00,141.76,185.53,23.44,351.72
seq-12/frame-000567,1,0.03410,0.9831,2826,2122,1725,0.96,123.27,182.59,15.07,321.90
seq-12/frame-000568,1,0.04931,1.6043,2650,2022,1651,0.94,105.47,150.05,18.19,274.66
seq-12/frame-000569,1,0.04833,1.5829,2963,2308,1916,1.55,124.43,183.68,24.52,334.19
seq-12/frame-000570,1,0.03377,1.0988,2963,2308,1916,1.67,124.02,203.43,17.21,346.34
seq-12/frame-000571,1,0.04317,1.3746,2957,2272,1876,0.97,146.81,193.05,27.58,368.42
seq-12/frame-000572,1,0.03899,1.2694,2848,2195,1827,0.98,159.76,178.05,21.89,360.69
seq-12/frame-000573,1,0.04203,1.3120,2891,2107,1758,0.97,151.90,179.79,30.51,363.16
seq-12/frame-000574,1,0.02734,0.8008,2891,2107,1758,0.97,142.05,157.37,24.50,324.90
seq-12/frame-000575,1,0.04377,1.3774,2887,2121,1815,0.98,115.65,148.11,19.37,284.12
seq-12/frame-000576,1,0.04104,1.3040,2645,1986,1711,0.96,122.53,134.26,18.41,276.17
seq-12/frame-000577,1,0.04749,1.5081,2538,1956,1678,0.93,104.76,125.21,16.24,247.14
seq-12/frame-000578,1,0.04636,1.4569,2538,1956,1678,0.91,107.57,136.21,17.39,262.08
seq-12/frame-000579,1,0.04823,1.4817,2689,2114,1779,1.03,105.53,136.00,22.69,265.26
seq-12/frame-000580,1,0.04517,1.4989,2648,1984,1691,0.97,110.00,145.23,23.31,279.52
seq-12/frame-000581,1,0.04611,1.4955,2804,2066,1814,0.97,112.26,144.32,33.30,290.86
seq-12/frame-000582,1,0.04558,1.4483,2804,2066,1814,0.97,112.79,137.20,20.83,271.80
seq-12/frame-000583,1,0.04026,1.2635,2270,1762,1549,0.89,92.02,121.48,18.45,232.85
seq-12/frame-000584,1,0.03408,1.1129,2021,1670,1471,0.86,97.71,116.10,24.64,239.31
seq-12/frame-000585,1,0.04135,1.3730,1907,1457,1272,0.85,76.01,98.81,18.52,194.20
seq-12/frame-000586,1,0.03943,1.3123,1907,1457,1272,0.86,83.89,94.87,20.79,200.41
seq-12/frame-000587,1,0.04011,1.3687,2030,1407,1222,0.85,92.80,92.99,19.69,206.34
seq-12/frame-000588,1,0.03890,1.3220,2274,1672,1485,0.88,83.34,111.64,15.48,211.33
seq-12/frame-000589,1,0.04147,1.4306,2330,1882,1722,0.90,92.16,122.29,16.05,231.40
seq-12/frame-000590,1,0.04070,1.3679,2330,1882,1722,0.88,103.99,133.23,18.51,256.63
seq-12/frame-000591,1,0.03801,1.3920,2168,1693,1506,0.88,88.47,120.56,12.36,222.27
seq-12/frame-000592,1,0.03451,1.3705,2158,1524,1363,0.86,92.87,98.38,23.12,215.23
seq-12/frame-000593,1,0.04619,1.5661,2359,1627,1428,1.59,98.10,117.97,17.18,234.83
seq-12/frame-000594,1,0.03124,1.2588,2359,1627,1428,0.88,100.97,121.07,16.71,239.64
seq-12/frame-000595,1,0.03042,1.2913,2236,1638,1467,0.87,95.82,125.03,22.64,244.36
seq-12/frame-000596,1,0.04676,1.6519,2279,1737,1527,0.93,101.12,123.69,21.65,247.40
seq-12/frame-000597,1,0.04595,1.6951,1705,1314,1154,0.87,75.89,84.68,10.53,171.97
seq-12/frame-000598,1,0.04632,1.7313,1705,1314,1154,0.84,82.28,88.56,18.87,190.55
seq-12/frame-000599,1,0.04378,1.6795,2001,1599,1425,0.87,88.93,108.43,27.19,225.42
seq-12/frame-000600,1,0.04150,1.4042,2282,1787,1619,0.91,93.25,118.25,16.31,228.73
seq-12/frame-000601,1,0.04049,1.3470,2282,1787,1619,1.29,94.45,113.72,16.61,226.07
seq-12/frame-000602,1,0.04231,1.4044,2578,1949,1750,0.97,103.57,144.27,16.94,265.75
seq-12/frame-000603,1,0.03459,1.1898,2413,1877,1701,0.92,96.20,124.49,14.00,235.60
seq-12/frame-000604,1,0.02817,1.0780,1815,1441,1266,0.85,89.29,98.06,25.88,214.09
seq-12/frame-000605,1,0.02901,1.0404,2055,1642,1476,0.90,93.55,127.57,32.08,254.10
seq-12/frame-000606,1,0.02907,1.0069,2055,1642,1476,0.88,97.44,99.28,16.74,214.36
seq-12/frame-000607,1,0.02734,0.8357,2623,1917,1729,0.96,102.75,139.42,13.92,257.04
seq-12/frame-000608,1,0.02486,0.8461,2016,1648,1473,0.86,80.44,105.66,16.76,203.73
seq-12/frame-000609,1,0.02721,0.6841,2306,1823,1647,0.91,88.21,113.88,18.02,221.01
seq-12/frame-000610,1,0.02731,0.7640,2306,1823,1647,0.96,94.68,114.78,23.48,233.90
seq-12/frame-000611,1,0.02930,0.6611,2808,2262,2056,0.94,110.70,139.88,20.74,272.27
seq-12/frame-000612,1,0.02770,0.6007,2759,2171,1979,1.10,105.57,130.00,16.41,253.08
seq-12/frame-000613,1,0.03008,0.6256,2552,1976,1781,0.95,109.20,131.36,23.68,265.20
seq-12/frame-000614,1,0.03883,0.8315,2091,1546,1383,0.92,104.76,104.52,25.95,236.14
seq-12/frame-000615,1,0.03767,0.8246,2091,1546,1383,0.91,88.41,106.03,23.33,218.68
seq-12/frame-000616,1,0.03219,0.6857,1906,1437,1260,0.88,95.94,96.50,12.44,205.77
seq-12/frame-000617,1,0.03706,0.9593,2203,1652,1457,0.92,102.37,113.27,23.58,240.14
seq-12/frame-000618,1,0.05103,0.9566,2305,1699,1501,0.95,95.39,126.57,17.26,240.18
seq-12/frame-000619,1,0.03656,0.8499,2305,1699,1501,0.94,92.95,116.28,14.60,224.78
seq-12/frame-000620,1,0.03830,1.0423,2341,1755,1570,0.96,91.23,111.01,16.40,219.61
seq-12/frame-000621,1,0.04183,1.1191,2262,1733,1532,0.96,107.05,113.98,14.38,236.36
seq-12/frame-000622,1,0.06367,1.3551,1873,1526,1331,0.88,88.31,100.95,11.87,202.01
seq-12/frame-000623,1,0.04874,1.2122,1873,1526,1331,0.84,104.02,108.32,13.26,226.45
seq-12/frame-000624,1,0.04922,1.1293,1396,852,717,1.08,83.22,75.50,15.10,174.90
seq-12/frame-000625,1,0.04580,1.1398,1768,1289,1093,0.83,91.73,104.33,17.91,214.80
seq-12/frame-000626,1,0.04124,1.1333,2150,1762,1564,0.88,102.78,114.88,14.86,233.41
seq-12/frame-000627,1,0.06546,1.5737,1569,1207,1036,0.84,84.90,78.72,17.12,181.59
seq-12/frame-000628,1,0.04412,1.1545,1569,1207,1036,0.84,73.53,82.61,15.78,172.77
seq-12/frame-000629,1,0.05848,1.4997,1148,830,675,0.80,63.15,56.92,22.19,143.06
seq-12/frame-000630,1,0.05393,1.3835,1131,802,650,0.79,69.22,57.08,16.84,143.92
seq-12/frame-000631,1,0.07032,1.3313,1209,948,801,0.82,66.92,64.28,14.50,146.52
seq-12/frame-000632,1,0.04865,1.2548,1209,948,801,0.82,87.40,49.85,13.31,151.39
seq-12/frame-000633,1,0.06010,1.4988,1035,652,509,0.79,74.64,47.48,16.04,138.96
seq-12/frame-000634,1,0.06356,1.6465,1067,762,619,0.78,67.97,44.27,10.94,123.96
seq-12/frame-000635,1,0.05518,1.4473,1471,1174,989,0.82,85.86,77.96,23.27,187.92
seq-12/frame-000636,1,0.03781,1.6367,1471,1174,989,0.78,87.47,76.51,17.88,182.65
seq-12/frame-000637,1,0.05558,1.5152,1998,1587,1347,0.89,93.90,121.23,24.37,240.39
seq-12/frame-000638,1,0.04589,1.3499,2146,1710,1457,7.33,100.02,117.32,17.13,241.80
seq-12/frame-000639,1,0.05215,1.5136,2323,1837,1575,0.89,94.54,139.59,20.32,255.34
seq-12/frame-000640,1,0.05220,1.5208,2413,1893,1631,0.92,113.45,137.42,21.29,273.08
seq-12/frame-000641,1,0.05229,1.5183,2413,1893,1631,0.92,118.55,121.21,17.76,258.44
seq-12/frame-000642,1,0.05710,1.7318,2234,1795,1515,0.90,118.73,110.24,21.78,251.65
seq-12/frame-000643,1,0.05053,1.5609,2109,1691,1425,0.89,91.02,121.62,22.28,235.82
seq-12/frame-000644,1,0.04515,1.4056,2296,1779,1539,0.93,111.39,139.81,21.34,273.46
seq-12/frame-000645,1,0.04581,1.4113,2296,1779,1539,0.95,98.92,118.99,17.61,236.48
seq-12/frame-000646,1,0.04694,1.4517,2519,1932,1658,0.97,96.30,128.76,16.99,243.03
seq-12/frame-000647,1,0.04488,1.3788,2338,1859,1610,0.97,85.24,127.77,22.57,236.56
seq-12/frame-000648,1,0.05098,1.5602,2279,1808,1560,0.94,89.16,124.53,17.30,231.94
seq-12/frame-000649,1,0.05946,1.4774,2502,2049,1772,0.96,98.63,117.09,23.87,240.56
seq-12/frame-000650,1,0.04326,1.3957,2502,2049,1772,1.32,100.35,142.94,15.87,260.50
seq-12/frame-000651,1,0.04717,1.4360,2507,2116,1860,1.24,109.92,143.46,15.22,269.85
seq-12/frame-000652,1,0.03243,1.1593,2345,1899,1645,0.92,103.00,137.99,17.88,259.80
seq-12/frame-000653,1,0.03678,1.1956,2445,1992,1746,0.96,106.15,137.97,27.93,273.01
seq-12/frame-000654,1,0.02846,1.0342,2314,1872,1643,0.93,90.19,152.98,22.61,266.71
seq-12/frame-000655,1,0.02705,1.0556,2314,1872,1643,0.91,109.30,127.75,19.97,257.93
seq-12/frame-000656,1,0.03630,1.2349,2264,1810,1577,0.95,96.93,138.30,15.63,251.82
seq-12/frame-000657,1,0.04072,1.2243,2137,1750,1542,0.92,93.64,114.12,22.45,231.13
seq-12/frame-000658,1,0.04022,1.1519,2189,1811,1615,0.90,102.90,143.04,28.06,274.91
seq-12/frame-000659,1,0.03948,1.1161,2189,1811,1615,0.92,97.35,133.32,25.77,257.36
seq-12/frame-000660,1,0.03585,1.0452,1898,1515,1301,0.86,107.80,107.33,18.82,234.81
seq-12/frame-000661,1,0.03525,0.9669,1883,1594,1385,0.84,123.47,103.34,23.90,251.55
seq-12/frame-000662,1,0.04269,1.1958,2213,1803,1579,0.93,119.95,115.10,26.23,262.22
seq-12/frame-000663,1,0.03855,1.1743,2096,1632,1433,0.89,79.09,109.12,17.15,206.25
seq-12/frame-000664,1,0.03809,1.2078,2096,1632,1433,0.90,109.86,107.11,25.48,243.36
seq-12/frame-000665,1,0.03120,0.8584,2467,2098,1834,0.91,99.22,134.05,23.68,257.87
seq-12/frame-000666,1,0.02345,0.7300,2310,1971,1746,0.90,110.52,114.23,25.24,250.90
seq-12/frame-000667,1,0.02101,0.5601,2004,1738,1525,0.87,96.57,101.90,19.10,218.44
seq-12/frame-000668,1,0.01891,0.6800,2320,1806,1593,0.91,105.63,117.27,14.60,238.42
seq-12/frame-000669,1,0.01746,0.6920,2233,1732,1530,0.97,92.62,111.94,23.77,229.31
seq-12/frame-000670,1,0.01677,0.7007,2233,1732,1530,0.92,85.04,112.05,22.72,220.73
seq-12/frame-000671,1,0.02864,0.5826,2190,1717,1516,0.89,121.42,109.34,22.14,253.79
seq-12/frame-000672,1,0.01059,0.5617,2470,1990,1780,0.94,95.55,145.18,15.16,256.83
seq-12/frame-000673,1,0.01072,0.5033,2303,1838,1663,0.98,107.87,112.43,17.38,238.67
seq-12/frame-000674,1,0.00625,0.5338,2427,2009,1769,1.41,109.35,130.72,17.39,258.87
seq-12/frame-000675,1,0.01368,0.5459,2562,2104,1838,0.97,94.66,136.26,20.89,252.78
seq-12/frame-000676,1,0.01362,0.5901,2562,2104,1838,0.97,104.49,143.39,21.14,270.00
seq-12/frame-000677,1,0.00670,0.5989,2433,2062,1849,0.96,107.13,137.75,24.82,270.67
seq-12/frame-000678,1,0.02104,0.7860,2151,1709,1513,0.94,85.92,123.10,24.52,234.50
seq-12/frame-000679,1,0.02220,0.8771,1965,1594,1406,0.92,75.05,91.66,20.20,187.83
seq-12/frame-000680,1,0.02427,0.9199,1790,1359,1200,1.14,70.50,88.28,17.20,177.13
seq-12/frame-000681,1,0.02003,0.8987,1861,1508,1339,0.91,103.37,90.97,20.70,215.95
seq-12/frame-000682,1,0.02173,0.9238,2024,1571,1393,0.93,90.70,100.80,23.49,215.92
seq-12/frame-000683,1,0.02200,0.9503,2024,1571,1393,0.92,95.42,93.86,19.15,209.35
seq-12/frame-000684,1,0.01438,0.7891,1960,1604,1408,0.92,97.10,106.64,15.25,219.92
seq-12/frame-000685,1,0.01319,0.8131,2187,1746,1532,0.91,96.78,107.28,24.51,229.48
seq-12/frame-000686,1,0.02600,0.9000,2358,1897,1679,0.93,105.43,134.83,20.17,261.35
seq-12/frame-000687,1,0.02384,0.8741,2364,1910,1707,0.96,126.74,129.02,18.63,275.36
seq-12/frame-000688,1,0.02084,0.8382,2168,1750,1581,0.96,84.21,113.73,13.36,212.27
seq-12/frame-000689,1,0.01817,0.8702,2380,1898,1676,0.95,95.87,143.56,22.51,262.89
seq-12/frame-000690,1,0.01906,0.9047,2380,1898,1676,1.29,100.15,118.14,14.95,234.54
seq-12/frame-000691,1,0.02428,0.8867,2279,1810,1570,0.93,81.56,126.01,30.32,238.82
seq-12/frame-000692,1,0.01457,0.9979,2007,1377,1206,0.91,79.11,115.70,17.78,213.50
seq-12/frame-000693,1,0.01775,1.0049,2272,1729,1514,0.95,81.16,113.29,16.39,211.78
seq-12/frame-000694,1,0.01588,1.0432,2307,1735,1496,0.93,90.35,114.04,14.09,219.41
seq-12/frame-000695,1,0.01719,1.0498,2163,1705,1489,0.93,84.32,120.18,20.59,226.03
seq-12/frame-000696,1,0.01575,0.9835,2304,1835,1630,0.92,100.99,108.55,15.72,226.18
seq-12/frame-000697,1,0.01856,1.0924,2049,1630,1443,0.91,87.40,107.01,14.92,210.25
seq-12/frame-000698,1,0.01920,1.1352,2049,1630,1443,0.89,97.23,93.26,15.82,207.21
seq-12/frame-000699,1,0.01501,1.1336,2068,1612,1425,0.91,100.31,99.30,18.59,219.11
seq-12/frame-000700,1,0.02905,1.2002,2244,1661,1431,0.93,100.68,119.77,16.83,238.22
seq-12/frame-000701,1,0.03112,1.1151,2062,1549,1349,0.93,80.01,114.23,11.07,206.24
seq-12/frame-000702,1,0.02569,1.1417,1958,1527,1372,1.21,85.45,97.94,20.29,204.90
seq-12/frame-000703,1,0.01293,1.0727,1966,1527,1357,0.92,76.58,114.13,16.20,207.83
seq-12/frame-000704,1,0.01163,0.9856,2164,1699,1499,0.96,84.18,131.29,16.32,232.74
seq-12/frame-000705,1,0.00860,0.9730,2189,1640,1454,0.96,125.30,115.63,13.13,255.03
seq-12/frame-000706,1,0.01735,0.9494,2520,1872,1646,0.99,107.37,127.29,32.73,268.38
seq-12/frame-000707,1,0.02601,1.1321,2498,1911,1692,0.98,103.11,137.73,25.56,267.37
seq-12/frame-000708,1,0.03001,1.1579,2473,1892,1677,0.99,124.41,139.10,38.49,302.99
seq-12/frame-000709,1,0.02630,1.0996,2398,1846,1627,0.99,105.57,127.92,10.17,244.65
seq-12/frame-000710,1,0.01784,0.9051,2323,1718,1518,0.95,107.22,126.09,23.52,257.79
seq-12/frame-000711,1,0.01861,0.9444,2265,1723,1488,1.16,112.82,96.92,24.07,234.97
seq-12/frame-000712,1,0.02073,1.0401,2231,1723,1517,0.91,104.10,121.71,21.61,248.34
seq-12/frame-000713,1,0.01522,0.9578,2583,1988,1714,0.97,97.81,135.11,11.33,245.21
seq-12/frame-000714,1,0.02076,1.0480,2598,2020,1754,0.97,100.40,136.30,16.08,253.75
seq-12/frame-000715,1,0.02611,1.1145,2374,1819,1609,0.94,92.28,134.07,27.51,254.80
seq-12/frame-000716,1,0.03034,1.2103,2129,1685,1487,0.88,95.70,102.60,16.49,215.68
seq-12/frame-000717,1,0.02329,1.1452,1879,1413,1243,1.09,100.69,91.62,13.27,206.67
seq-12/frame-000718,1,0.02825,1.1729,1760,1298,1109,0.84,88.83,101.67,15.26,206.61
seq-12/frame-000719,1,0.02312,1.0911,1669,1248,1055,0.83,92.32,86.88,11.43,191.46
seq-12/frame-000720,1,0.02308,1.0271,2127,1608,1400,0.92,94.09,121.66,14.38,231.05
seq-12/frame-000721,1,0.01368,0.8849,1669,1297,1132,0.89,78.06,80.31,17.24,176.50
seq-12/frame-000722,1,0.01409,0.5154,1275,958,826,0.82,62.40,70.01,7.93,141.17
seq-12/frame-000723,1,0.02965,0.6470,1758,1264,1109,0.90,84.36,94.89,14.79,194.94
seq-12/frame-000724,1,0.02466,0.6468,2303,1634,1428,0.93,88.92,111.09,13.94,214.88
seq-12/frame-000725,1,0.02328,0.5267,2287,1663,1469,0.94,99.90,109.37,12.74,222.95
seq-12/frame-000726,1,0.01911,0.5115,2225,1631,1410,0.91,108.89,115.61,12.28,237.70
seq-12/frame-000727,1,0.01919,0.2715,1627,1159,972,0.91,89.34,87.05,20.32,197.62
seq-12/frame-000728,1,0.01479,0.3854,1577,1180,1017,0.82,84.84,79.93,23.07,188.66
seq-12/frame-000729,1,0.01053,0.1166,1518,942,761,0.84,83.31,73.65,7.81,165.61
seq-12/frame-000730,1,0.00854,0.0571,1116,716,578,0.81,72.92,58.90,12.69,145.33
seq-12/frame-000731,1,0.02198,0.3525,1197,864,700,0.80,70.80,54.89,17.03,143.53
seq-12/frame-000732,1,0.01448,0.4376,1769,1358,1174,0.85,77.34,96.77,11.86,186.82
seq-12/frame-000733,1,0.02163,0.5894,1765,1315,1114,0.88,76.98,91.73,9.33,178.92
seq-12/frame-000734,1,0.02747,0.7378,2071,1694,1445,0.90,102.03,106.00,28.37,237.32
seq-12/frame-000735,1,0.03155,0.6884,1986,1582,1396,0.87,106.49,96.77,11.73,215.86
seq-12/frame-000736,1,0.03394,0.6323,1515,1159,1019,0.84,82.22,73.80,11.04,167.90
seq-12/frame-000737,1,0.02897,0.6478,1609,1220,1079,0.83,83.03,79.80,13.09,176.76
seq-12/frame-000738,1,0.03128,0.6657,1945,1547,1384,0.86,89.91,104.27,11.10,206.14
seq-12/frame-000739,1,0.02471,0.6203,1806,1352,1179,0.87,87.73,90.95,13.21,192.77
seq-12/frame-000740,1,0.03969,0.9494,1291,841,698,0.82,74.76,64.46,8.64,148.69
seq-12/frame-000741,1,0.03582,0.8899,1502,1195,1024,0.83,76.17,83.20,8.88,169.08
seq-12/frame-000742,1,0.03815,1.0424,2324,1922,1686,0.95,95.47,124.09,16.63,237.15
seq-12/frame-000743,1,0.03545,1.0219,2289,1841,1606,0.93,91.36,122.15,12.90,227.34
seq-12/frame-000744,1,0.03129,0.8717,2137,1739,1537,0.91,81.22,102.40,11.92,196.45
seq-12/frame-000745,1,0.03077,0.8716,2157,1718,1527,0.93,97.60,104.13,17.86,220.52
seq-12/frame-000746,1,0.03007,0.7691,1745,1330,1149,0.89,88.76,89.15,8.88,187.69
seq-12/frame-000747,1,0.03124,0.7530,1642,1274,1099,1.31,79.20,81.03,11.84,173.39
seq-12/frame-000748,1,0.02755,0.6474,1637,1242,1086,0.85,80.65,85.20,17.90,184.61
seq-12/frame-000749,1,0.02840,0.7736,1840,1474,1305,0.88,85.68,90.96,18.41,195.94
seq-12/frame-000750,1,0.02783,0.7797,1957,1512,1322,0.92,105.45,112.98,18.41,237.76
seq-12/frame-000751,1,0.03400,0.9382,1610,1234,1034,0.86,89.42,85.95,14.73,190.97
seq-12/frame-000752,1,0.03576,1.0415,1476,1024,834,0.88,67.44,68.27,14.25,150.84
seq-12/frame-000753,1,0.02885,0.8869,1516,1152,972,0.85,71.48,76.10,9.12,157.56
seq-12/frame-000754,1,0.03737,1.0826,1444,1071,892,0.85,83.23,71.00,9.61,164.69
seq-12/frame-000755,1,0.03679,1.0989,1320,958,801,0.83,71.23,68.31,15.98,156.35
seq-12/frame-000756,1,0.04283,1.2367,1342,959,832,0.98,83.97,70.59,15.76,171.31
seq-12/frame-000757,1,0.04141,1.2952,1985,1554,1399,0.96,96.66,98.53,21.81,217.96
seq-12/frame-000758,1,0.04329,1.3958,2198,1766,1565,0.93,108.25,112.86,16.71,238.75
seq-12/frame-000759,1,0.03731,1.2511,2218,1785,1576,0.96,86.73,108.25,16.62,212.56
seq-12/frame-000760,1,0.04026,1.2979,2196,1791,1577,0.94,98.64,108.58,21.47,229.64
seq-12/frame-000761,1,0.04052,1.2859,2280,1812,1623,0.94,100.32,102.79,23.99,228.04
seq-12/frame-000762,1,0.04151,1.1980,1858,1422,1272,0.89,99.11,106.08,10.77,216.86
seq-12/frame-000763,1,0.04648,1.3435,1850,1425,1282,0.87,91.19,98.00,14.97,205.03
seq-12/frame-000764,1,0.04784,1.4026,1706,1319,1183,0.90,79.74,84.84,12.88,178.37
seq-12/frame-000765,1,0.04493,1.3291,1463,1065,953,0.87,86.24,82.36,11.60,181.08
seq-12/frame-000766,1,0.04408,1.3003,1872,1477,1313,0.89,90.94,86.11,20.04,197.99
seq-12/frame-000767,1,0.04958,1.4828,1862,1437,1302,0.92,96.61,90.94,15.96,204.43
seq-12/frame-000768,1,0.05073,1.5402,1885,1489,1345,0.90,89.15,87.13,16.48,193.66
seq-12/frame-000769,1,0.04550,1.3984,2011,1598,1447,1.06,93.61,103.65,9.78,208.11
seq-12/frame-000770,1,0.04577,1.3701,1928,1449,1320,0.90,82.58,107.47,13.15,204.11
seq-12/frame-000771,1,0.05333,1.6271,1643,1188,1073,0.87,105.36,83.87,22.54,212.64
seq-12/frame-000772,1,0.03762,1.2977,1288,993,861,0.82,72.64,63.01,11.00,147.47
seq-12/frame-000773,1,0.04978,1.3917,1921,1468,1320,0.92,101.68,106.18,23.54,232.32
seq-12/frame-000774,1,0.03700,1.3266,1702,1305,1165,0.88,79.36,91.84,13.79,185.87
seq-12/frame-000775,1,0.03673,1.2982,1356,1002,895,0.85,71.48,69.98,12.76,155.08
seq-12/frame-000776,1,0.03197,1.1470,1208,870,762,0.85,64.98,78.66,18.74,163.24
seq-12/frame-000777,1,0.03467,1.2054,1137,859,755,0.85,72.28,61.29,7.40,141.82
seq-12/frame-000778,1,0.03147,1.1445,1208,945,814,0.87,89.47,79.11,18.64,188.10
seq-12/frame-000779,1,0.02211,0.9183,1423,1022,919,0.86,70.62,63.50,11.13,146.11
seq-12/frame-000780,1,0.02242,0.9942,1418,1034,910,0.90,86.32,75.61,12.39,175.23
seq-12/frame-000781,1,0.02055,0.9686,1290,935,818,0.88,68.24,74.83,20.80,164.77
seq-12/frame-000782,1,0.02718,1.0803,1230,932,814,0.85,101.53,71.71,14.04,188.14
seq-12/frame-000783,1,0.02265,0.9631,1153,811,721,0.85,81.69,67.76,11.00,161.31
seq-12/frame-000784,1,0.02495,1.0273,1240,907,772,0.86,77.83,73.00,11.55,163.25
seq-12/frame-000785,1,0.02831,1.6832,1386,1024,902,0.86,78.99,75.26,14.14,169.24
seq-12/frame-000786,1,0.03109,1.1060,1412,1013,879,0.84,87.50,73.13,7.63,169.09
seq-12/frame-000787,1,0.02123,0.9675,1751,1279,1129,0.92,90.03,112.29,15.27,218.51
seq-12/frame-000788,1,0.02350,1.0439,2003,1445,1294,2.19,88.21,102.47,11.50,204.38
seq-12/frame-000789,1,0.02370,0.9264,1851,1242,1071,0.95,92.45,109.16,18.10,220.67
seq-12/frame-000790,1,0.02443,1.0107,2452,1795,1583,0.99,128.59,127.44,25.66,282.69
seq-12/frame-000791,1,0.03151,1.1540,2212,1528,1344,0.98,121.61,113.01,18.85,254.46
seq-12/frame-000792,1,0.03724,1.1515,1853,1287,1136,0.93,92.55,99.76,16.41,209.64
seq-12/frame-000793,1,0.03845,1.2216,2086,1435,1256,0.93,99.84,115.41,13.62,229.81
seq-12/frame-000794,1,0.03149,1.0181,1926,1334,1159,0.92,92.64,105.11,16.16,214.83
seq-12/frame-000795,1,0.03911,1.1839,2168,1510,1316,0.96,92.72,112.65,11.81,218.14
seq-12/frame-000796,1,0.03565,1.1363,2047,1398,1216,1.37,97.19,113.09,15.83,227.48
seq-12/frame-000797,1,0.04087,1.1894,2088,1386,1190,0.96,98.92,108.62,15.42,223.93
seq-12/frame-000798,1,0.04041,1.1001,2113,1330,1128,0.96,101.72,129.75,19.49,251.92
seq-12/frame-000799,1,0.04242,1.0463,2002,1415,1202,1.04,109.17,103.33,16.23,229.78
seq-12/frame-000800,1,0.04775,1.1655,1963,1353,1147,0.95,98.13,102.42,16.33,217.83
seq-12/frame-000801,1,0.04574,1.1561,1767,1215,1017,0.94,95.21,103.18,15.28,214.61
seq-12/frame-000802,1,0.06028,1.4999,1917,1145,956,1.26,109.63,108.98,15.42,235.30
seq-12/frame-000803,1,0.06420,1.5602,1640,1099,921,1.20,82.38,97.61,18.58,199.77
seq-12/frame-000804,1,0.07245,1.7474,1773,1037,858,1.61,89.62,115.22,12.32,218.76
seq-12/frame-000805,1,0.06436,1.6354,1556,1018,862,1.30,91.03,91.01,11.56,194.90
seq-12/frame-000806,1,0.06863,1.6980,1757,1218,1026,0.93,79.83,100.88,14.17,195.81
seq-12/frame-000807,1,0.06619,1.6855,1847,1262,1067,1.37,87.49,118.80,13.67,221.34
seq-12/frame-000808,1,0.06477,1.7037,1898,1332,1142,0.95,89.64,115.12,19.71,225.43
seq-12/frame-000809,1,0.07542,2.0036,2038,1319,1112,0.97,95.69,118.47,14.86,229.99
seq-12/frame-000810,1,0.06477,1.7644,2189,1446,1197,0.98,117.57,134.22,24.44,277.20
seq-12/frame-000811,1,0.06709,1.8952,1872,1255,1052,1.23,102.31,103.68,12.79,220.01
seq-12/frame-000812,1,0.07704,2.1707,1618,1004,803,1.10,81.96,97.20,9.51,189.78
seq-12/frame-000813,1,0.08091,2.2312,1997,1348,1132,0.96,120.91,114.88,13.48,250.24
seq-12/frame-000814,1,0.07806,2.2480,1868,1255,1040,1.32,113.37,104.99,15.15,234.83
seq-12/frame-000815,1,0.08145,2.2996,1853,1276,1083,0.95,96.97,101.13,14.43,213.48
seq-12/frame-000816,1,0.09183,2.5923,1572,1075,881,1.32,100.85,88.65,19.09,209.91
seq-12/frame-000817,1,0.09681,2.8011,1508,970,774,1.39,77.68,93.94,20.10,193.12
seq-12/frame-000818,1,0.09948,2.9659,1701,1101,877,0.89,75.03,90.03,16.28,182.23
seq-12/frame-000819,1,0.09227,2.8172,2058,1426,1196,0.95,99.12,114.51,13.20,227.78
seq-12/frame-000820,1,0.09438,2.8375,2155,1570,1320,0.98,103.05,115.47,10.50,229.99
seq-12/frame-000821,1,0.10057,2.8462,1613,1203,982,1.26,78.89,74.04,27.86,182.06
seq-12/frame-000822,1,0.10194,2.8215,1580,1137,929,4.18,97.96,95.79,11.33,209.26
seq-12/frame-000823,1,0.11456,3.1354,1482,1042,808,0.87,98.74,83.52,22.18,205.31
seq-12/frame-000824,1,0.11241,2.4597,1610,1130,915,0.93,91.96,97.08,23.05,213.03
seq-12/frame-000825,1,0.11670,3.1804,1669,1156,945,0.93,100.00,98.72,14.32,213.97
seq-12/frame-000826,1,0.11800,3.1875,1689,1229,1010,0.91,89.35,99.61,14.21,204.08
seq-12/frame-000827,1,0.12710,3.4863,1651,1141,924,1.49,98.73,91.37,16.42,208.01
seq-12/frame-000828,1,0.13963,3.7907,1681,1203,986,0.95,92.46,87.02,13.44,193.88
seq-12/frame-000829,1,0.13358,3.6463,1648,1197,972,1.36,87.37,79.89,19.35,187.98
seq-12/frame-000830,1,0.14204,3.8976,1583,1082,863,0.95,88.38,92.39,11.22,192.94
seq-12/frame-000831,1,0.14267,3.9324,1721,1219,986,1.14,98.97,94.56,19.12,213.79
seq-12/frame-000832,1,0.14565,3.9614,1624,1084,808,0.95,84.68,98.28,10.73,194.64
seq-12/frame-000833,1,0.15317,4.1284,1868,1254,959,2.37,96.69,107.55,31.66,238.28
seq-12/frame-000834,1,0.15882,4.1386,1694,1127,864,1.30,92.27,87.01,17.38,197.97
seq-12/frame-000835,1,0.17245,4.6960,1832,1213,926,0.96,86.93,102.81,12.85,203.56
seq-12/frame-000836,1,0.17783,4.8624,1793,1194,935,1.34,94.91,99.00,24.72,219.98
seq-12/frame-000837,1,0.20812,6.1009,1850,1175,921,0.97,85.91,104.07,17.95,208.90
seq-12/frame-000838,1,0.20882,6.2463,1885,1242,969,1.36,88.62,109.08,22.47,221.53
seq-12/frame-000839,1,0.21676,6.5597,1861,1189,920,1.60,98.84,105.23,17.54,223.22
seq-12/frame-000840,1,0.23282,6.4226,1725,1030,774,0.97,93.60,96.18,19.46,210.22
seq-12/frame-000841,1,0.23694,6.5825,1745,991,701,1.23,88.19,99.01,22.45,210.88
seq-12/frame-000842,1,0.25384,7.1866,1901,1133,844,0.98,106.90,92.21,26.24,226.33
seq-12/frame-000843,1,0.27197,7.7327,1978,1181,847,0.95,120.39,114.66,20.46,256.46
seq-12/frame-000844,1,0.27889,7.7407,2521,1386,1017,1.04,94.46,134.73,19.62,249.86
seq-12/frame-000845,1,0.27141,7.5643,2600,1513,1072,1.04,112.46,139.82,14.15,267.48
seq-12/frame-000846,1,0.28081,7.6269,2760,1545,1106,1.03,119.35,179.28,21.35,321.01
seq-12/frame-000847,1,0.27593,7.4707,2835,1644,1209,1.02,111.20,146.97,26.91,286.10
seq-12/frame-000848,1,0.27898,7.4271,2714,1516,1074,3.86,112.95,160.43,17.80,295.04
seq-12/frame-000849,1,0.29056,7.3050,2812,1534,1070,1.05,107.46,158.62,16.73,283.87
seq-12/frame-000850,1,0.29879,7.4875,2854,1595,1106,1.04,120.43,155.24,13.25,289.96
seq-12/frame-000851,1,0.32553,7.9192,2397,1281,894,0.94,120.38,153.24,38.17,312.74
seq-12/frame-000852,1,0.29932,7.4719,2805,1545,1089,1.04,120.58,163.68,25.12,310.43
seq-12/frame-000853,1,0.31462,7.7737,2829,1496,1035,1.00,116.25,151.72,16.08,285.05
seq-12/frame-000854,1,0.28866,7.2751,2839,1572,1099,0.97,109.86,178.23,18.95,308.01
seq-12/frame-000855,1,0.31609,7.7060,2971,1573,1071,1.03,128.39,174.68,18.61,322.71
seq-12/frame-000856,1,0.31679,7.6159,2793,1430,1000,0.98,120.14,167.68,12.49,301.30
seq-12/frame-000857,1,0.31848,7.6701,3050,1595,1095,1.05,135.75,167.91,18.38,323.08
seq-12/frame-000858,1,0.32189,7.6420,2632,1376,959,0.97,122.99,154.12,24.36,302.45
seq-12/frame-000859,1,0.30887,7.4464,2821,1525,1088,1.52,135.95,155.58,29.06,322.11
seq-12/frame-000860,1,0.31043,7.7343,2520,1367,968,0.95,135.54,127.59,21.07,285.16
seq-12/frame-000861,1,0.30388,7.2033,1877,1000,694,2.49,118.94,94.67,21.56,237.66
seq-12/frame-000862,1,0.28420,6.8250,2261,1202,842,1.43,99.75,111.70,25.32,238.20
seq-12/frame-000863,1,0.27738,6.9484,2365,1332,934,2.43,118.98,137.60,24.27,283.27
seq-12/frame-000864,1,0.27136,6.6965,2151,1112,762,1.27,101.29,100.08,18.24,220.88
seq-12/frame-000865,1,0.27099,6.7847,2511,1385,974,1.13,121.89,128.51,19.19,270.72
seq-12/frame-000866,1,0.21056,5.6632,1855,1043,690,1.55,88.50,105.93,29.18,225.16
seq-12/frame-000867,1,0.24422,6.2907,2186,1245,889,1.13,112.91,114.78,19.06,247.89
seq-12/frame-000868,1,0.22328,5.6808,2389,1409,1021,0.97,114.28,139.01,15.05,269.31
seq-12/frame-000869,1,0.18313,4.8530,2387,1342,962,1.31,115.69,143.97,35.73,296.70
seq-12/frame-000870,1,0.18121,4.8160,2637,1399,989,1.48,107.20,138.14,26.34,273.17
seq-12/frame-000871,1,0.22238,5.6044,2296,1380,1012,1.30,107.07,159.04,39.64,307.06
seq-12/frame-000872,1,0.22114,5.7145,2218,1243,896,0.98,100.75,120.66,34.62,257.01
seq-12/frame-000873,1,0.18422,4.9028,2052,1166,823,1.43,95.87,105.22,26.72,229.25
seq-12/frame-000874,1,0.16222,4.3604,1897,1100,758,1.30,98.21,156.01,30.68,286.20
seq-12/frame-000875,1,0.14798,3.9065,2027,1159,821,0.94,89.08,166.39,36.45,292.85
seq-12/frame-000876,1,0.14937,3.9225,2292,1296,910,0.98,98.84,179.31,23.06,302.19
seq-12/frame-000877,1,0.13836,3.4540,2635,1542,1127,1.16,136.91,162.73,23.76,324.57
seq-12/frame-000878,1,0.12723,3.1663,2484,1592,1210,1.22,149.51,158.10,18.51,327.34
seq-12/frame-000879,1,0.12571,3.0429,2015,1205,884,0.92,137.17,172.38,23.18,333.64
seq-12/frame-000880,1,0.11764,2.8351,2438,1483,1104,0.95,149.42,133.24,22.79,306.40
seq-12/frame-000881,1,0.11147,2.5403,2019,1305,978,0.93,124.55,125.08,19.68,270.25
seq-12/frame-000882,1,0.10273,2.1954,1861,1200,914,0.89,129.83,91.64,13.88,236.24
seq-12/frame-000883,1,0.09892,2.1065,2118,1420,1097,2.86,136.22,107.44,20.94,267.47
seq-12/frame-000884,1,0.09419,2.0087,2146,1522,1216,0.92,107.51,123.20,35.59,267.22
seq-12/frame-000885,1,0.09331,1.9702,2836,1960,1563,1.41,125.49,150.20,23.60,300.70
seq-12/frame-000886,1,0.09587,2.0516,2722,1956,1594,1.02,108.72,156.80,11.69,278.22
seq-12/frame-000887,1,0.10442,2.2528,2443,1854,1514,0.97,113.80,139.51,19.59,273.87
seq-12/frame-000888,1,0.10543,2.2151,2422,1721,1359,1.39,106.53,137.31,20.19,265.43
seq-12/frame-000889,1,0.10854,2.2520,2601,1921,1576,1.21,121.19,161.32,26.50,310.22
seq-12/frame-000890,1,0.11563,2.3615,3030,2060,1623,1.08,114.03,172.69,27.44,315.25
seq-12/frame-000891,1,0.11138,2.3031,2922,2047,1659,1.20,117.68,157.57,19.23,295.68
seq-12/frame-000892,1,0.10883,2.2117,3051,2116,1713,1.65,111.51,159.47,40.16,312.80
seq-12/frame-000893,1,0.11512,2.5552,2776,1940,1590,1.36,116.66,165.04,33.01,316.08
seq-12/frame-000894,1,0.10207,2.1294,2666,1946,1578,0.96,111.68,135.64,17.52,265.81
seq-12/frame-000895,1,0.10432,2.1384,2576,1923,1543,0.93,107.27,132.28,25.73,266.21
seq-12/frame-000896,1,0.10760,2.2650,2364,1737,1424,0.92,88.14,142.26,14.11,245.43
seq-12/frame-000897,1,0.09366,1.9216,1975,1524,1263,0.89,91.03,102.09,32.35,226.37
seq-12/frame-000898,1,0.09094,2.2028,2294,1789,1498,0.92,99.05,108.46,16.38,224.81
seq-12/frame-000899,1,0.07606,1.6744,2285,1796,1504,0.92,168.84,133.96,21.88,325.61
seq-12/frame-000900,1,0.07508,1.6778,2198,1732,1445,0.91,126.88,115.57,13.26,256.63
seq-12/frame-000901,1,0.07674,1.6677,2660,2047,1753,1.00,112.60,133.06,17.15,263.82
seq-12/frame-000902,1,0.06681,1.4717,2666,2064,1780,1.04,106.92,134.62,20.18,262.75
seq-12/frame-000903,1,0.06472,1.4306,2331,1830,1600,0.96,106.48,116.36,17.60,241.41
seq-12/frame-000904,1,0.06856,1.4572,2669,2135,1848,1.00,119.73,137.98,12.59,271.30
seq-12/frame-000905,1,0.05974,1.2466,2728,2166,1840,0.99,109.93,144.55,20.50,275.97
seq-12/frame-000906,1,0.06376,1.3512,2586,2077,1804,1.35,125.82,153.01,25.82,306.01
seq-12/frame-000907,1,0.06542,1.3357,2805,2191,1891,1.47,124.00,154.05,16.19,295.71
seq-12/frame-000908,1,0.07464,1.5126,2780,2241,1973,1.24,117.14,147.53,13.35,279.25
seq-12/frame-000909,1,0.07568,1.5249,2783,2260,1978,1.06,103.25,170.47,26.10,300.89
seq-12/frame-000910,1,0.05354,1.1217,2617,2044,1778,1.12,106.70,151.61,36.93,296.38
seq-12/frame-000911,1,0.07068,1.4051,2799,2275,1993,1.85,124.06,149.92,21.82,297.66
seq-12/frame-000912,1,0.05216,1.2143,2212,1845,1618,1.09,102.59,105.97,16.71,226.36
seq-12/frame-000913,1,0.06543,1.4214,2555,2105,1829,1.20,152.75,143.51,20.29,317.76
seq-12/frame-000914,1,0.06528,1.4784,2315,1923,1699,0.95,95.57,140.27,24.56,261.36
seq-12/frame-000915,1,0.05331,1.3298,2389,1887,1672,0.95,114.54,152.67,22.10,290.27
seq-12/frame-000916,1,0.06244,1.4786,2360,1882,1650,0.97,88.67,125.53,17.32,232.50
seq-12/frame-000917,1,0.06670,1.6352,1909,1567,1371,0.90,105.41,117.31,21.28,244.91
seq-12/frame-000918,1,0.05559,1.6930,2296,1845,1616,0.93,114.37,156.77,35.56,307.63
seq-12/frame-000919,1,0.05863,1.7409,2582,2129,1876,0.99,114.53,178.40,10.95,304.88
seq-12/frame-000920,1,0.05812,1.7526,2557,2064,1850,0.97,154.53,164.02,18.10,337.63
seq-12/frame-000921,1,0.06092,1.8786,2648,2173,1924,1.06,130.66,177.90,13.17,322.80
seq-12/frame-000922,1,0.05485,1.7447,2263,1874,1663,1.36,119.66,145.75,14.23,281.00
seq-12/frame-000923,1,0.05543,1.6859,2516,2023,1780,1.36,160.53,138.78,14.36,315.04
seq-12/frame-000924,1,0.05314,1.6303,2581,2078,1843,1.00,155.01,145.73,17.08,318.81
seq-12/frame-000925,1,0.04739,1.4048,2550,2067,1830,1.79,103.04,129.62,12.70,247.16
seq-12/frame-000926,1,0.04418,1.3537,2552,2031,1816,2.63,150.86,160.05,43.78,357.33
seq-12/frame-000927,1,0.04898,1.4452,2450,1938,1741,1.54,141.87,132.47,18.40,294.28
seq-12/frame-000928,1,0.05044,1.4781,2433,1976,1748,1.04,104.88,164.26,15.16,285.35
seq-12/frame-000929,1,0.04260,1.7009,2444,1888,1698,1.03,98.51,126.78,13.73,240.06
seq-12/frame-000930,1,0.05594,1.6783,2379,1850,1654,2.07,111.89,139.14,14.44,267.54
seq-12/frame-000931,1,0.05844,1.7269,2282,1754,1587,1.20,117.35,125.40,16.29,260.24
seq-12/frame-000932,1,0.06420,1.8105,2546,2014,1786,1.01,135.13,154.20,12.22,302.56
seq-12/frame-000933,1,0.06014,1.7794,2602,2031,1773,1.22,152.78,139.52,13.11,306.63
seq-12/frame-000934,1,0.06220,1.8413,2398,1739,1511,1.01,118.70,138.76,15.53,274.00
seq-12/frame-000935,1,0.07631,2.1479,1760,1322,1147,0.92,105.40,95.94,11.59,213.86
seq-12/frame-000936,1,0.07715,2.1498,2276,1673,1478,0.97,118.69,135.68,31.50,286.85
seq-12/frame-000937,1,0.07593,2.0772,2070,1534,1348,0.97,109.83,119.58,20.36,250.74
seq-12/frame-000938,1,0.08226,2.2620,1771,1347,1190,0.97,104.50,108.55,14.86,228.89
seq-12/frame-000939,1,0.07873,2.1455,1747,1268,1096,0.94,80.56,109.09,16.47,207.06
seq-12/frame-000940,1,0.08294,2.2426,1681,1234,1067,0.95,80.92,112.74,14.11,208.72
seq-12/frame-000941,1,0.09448,2.1589,1675,1259,1108,0.96,93.09,114.78,13.71,222.55
seq-12/frame-000942,1,0.09214,2.5045,1599,1162,1026,1.43,104.63,117.70,21.55,245.33
seq-12/frame-000943,1,0.09591,2.6673,1583,1150,988,2.11,92.40,105.22,26.81,226.55
seq-12/frame-000944,1,0.09988,2.6798,1678,1249,1100,2.01,99.82,104.50,17.26,223.60
seq-12/frame-000945,1,0.10701,2.8763,1903,1315,1146,0.98,103.31,120.66,36.60,261.55
seq-12/frame-000946,1,0.10760,2.9498,2000,1284,1100,1.42,122.98,144.81,18.44,287.66
seq-12/frame-000947,1,0.11326,2.9840,1788,1263,1078,0.98,92.40,143.00,15.68,252.06
seq-12/frame-000948,1,0.11655,3.0417,1628,1154,966,1.56,106.25,129.45,24.00,261.26
seq-12/frame-000949,1,0.11413,3.0306,1725,1204,1041,1.49,106.43,125.49,10.41,243.82
seq-12/frame-000950,1,0.11979,3.2129,1927,1245,1061,1.06,143.39,314.94,27.33,486.73
seq-12/frame-000951,1,0.13602,3.5550,1657,1149,943,1.69,119.47,121.44,22.83,265.44
seq-12/frame-000952,1,0.12451,3.3209,1424,995,847,1.11,113.66,81.18,16.56,212.52
seq-12/frame-000953,1,0.12565,3.3730,2179,1476,1232,1.02,131.09,428.68,26.81,587.60
seq-12/frame-000954,1,0.13163,3.4988,1995,1422,1192,0.99,114.19,362.67,38.68,516.53
seq-12/frame-000955,1,0.12237,3.3490,2078,1381,1143,1.26,149.91,400.50,34.38,586.06
seq-12/frame-000956,1,0.12497,3.3820,1911,1241,1036,1.48,223.44,269.35,24.15,518.43
seq-12/frame-000957,1,0.12117,3.3727,1617,1150,965,1.50,145.18,318.47,25.42,490.58
seq-12/frame-000958,1,0.12346,3.2935,1605,1164,956,0.91,144.57,264.66,18.47,428.61
seq-12/frame-000959,1,0.12614,3.4085,2448,1649,1375,4.39,218.53,285.03,27.07,535.01
seq-12/frame-000960,1,0.13273,3.5565,2284,1554,1314,0.98,104.36,330.06,21.20,456.61
seq-12/frame-000961,1,0.12937,3.4407,2209,1471,1211,1.06,145.40,275.85,28.44,450.76
seq-12/frame-000962,1,0.13095,3.4645,2015,1399,1196,1.00,178.01,225.85,34.45,439.32
seq-12/frame-000963,1,0.13196,3.4383,1888,1301,1067,0.98,158.67,203.42,22.33,385.41
seq-12/frame-000964,1,0.13285,3.5271,2276,1535,1267,1.02,207.89,217.91,26.62,453.44
seq-12/frame-000965,1,0.13960,3.5932,2477,1666,1396,0.99,168.57,258.62,32.41,460.58
seq-12/frame-000966,1,0.13898,3.5750,2435,1616,1332,1.39,191.92,401.01,23.33,617.66
seq-12/frame-000967,1,0.13950,3.5688,2511,1641,1340,1.09,182.06,249.84,56.65,489.65
seq-12/frame-000968,1,0.13821,3.5771,2531,1718,1449,4.30,208.83,284.36,32.94,530.44
seq-12/frame-000969,1,0.13950,3.6198,2430,1637,1352,1.15,206.85,248.88,27.30,484.18
seq-12/frame-000970,1,0.13450,3.5627,2351,1569,1305,1.89,214.70,271.26,24.05,511.91
seq-12/frame-000971,1,0.13132,3.5492,2400,1460,1203,1.14,199.31,290.93,28.77,520.16
seq-12/frame-000972,1,0.12988,3.4474,2379,1666,1409,0.96,124.14,296.47,22.35,443.92
seq-12/frame-000973,1,0.13639,3.5384,2450,1711,1425,0.95,146.72,346.55,14.81,509.04
seq-12/frame-000974,1,0.12202,3.3205,2475,1591,1318,1.57,116.65,218.71,23.90,360.83
seq-12/frame-000975,1,0.11991,3.2881,2501,1715,1439,1.64,209.16,176.24,26.20,413.24
seq-12/frame-000976,1,0.12185,3.3164,2592,1608,1314,1.06,199.81,180.29,40.89,422.05
seq-12/frame-000977,1,0.12081,3.3751,2617,1671,1373,2.96,155.90,167.81,31.19,357.86
seq-12/frame-000978,1,0.10993,3.0866,2447,1562,1252,2.04,166.97,147.85,39.58,356.44
seq-12/frame-000979,1,0.11411,3.2106,2419,1615,1342,1.47,140.28,156.71,36.31,334.77
seq-12/frame-000980,1,0.11196,3.1625,2537,1547,1290,1.00,155.21,172.75,27.62,356.59
seq-12/frame-000981,1,0.10235,2.9439,2516,1719,1458,2.14,160.69,164.74,25.97,353.55
seq-12/frame-000982,1,0.10462,2.9480,2460,1637,1335,3.66,130.03,148.35,19.32,301.35
seq-12/frame-000983,1,0.10526,3.1000,2519,1650,1386,1.02,105.82,153.53,23.99,284.37
seq-12/frame-000984,1,0.10257,3.0418,2592,1559,1285,1.00,136.97,183.55,25.04,346.57
seq-12/frame-000985,1,0.10278,3.0392,2579,1695,1417,1.01,116.70,172.57,35.34,325.62
seq-12/frame-000986,1,0.10383,3.0303,2588,1704,1420,1.41,128.43,177.30,27.32,334.46
seq-12/frame-000987,1,0.10250,2.9345,2168,1417,1184,0.90,119.09,125.43,16.15,261.58
seq-12/frame-000988,1,0.10864,3.1508,2449,1599,1330,0.97,121.40,161.08,14.52,297.96
seq-12/frame-000989,1,0.11021,3.3173,2640,1771,1489,0.98,140.54,179.44,23.18,344.15
seq-12/frame-000990,1,0.10478,3.1141,2658,1787,1513,1.46,118.79,196.17,15.57,331.99
seq-12/frame-000991,1,0.10603,3.1660,2704,1789,1516,1.01,118.27,178.31,17.94,315.53
seq-12/frame-000992,1,0.10581,3.1597,2520,1795,1508,0.97,116.56,180.75,17.30,315.59
seq-12/frame-000993,1,0.10619,3.1768,2479,1729,1446,2.52,125.47,142.63,18.38,289.01
seq-12/frame-000994,1,0.10851,3.2911,2464,1688,1407,1.47,101.76,147.85,23.71,274.79
seq-12/frame-000995,1,0.11441,3.3926,2349,1587,1339,1.42,96.71,131.47,15.73,245.34
seq-12/frame-000996,1,0.10773,3.2284,2160,1463,1202,0.94,104.75,132.96,27.71,266.36
seq-12/frame-000997,1,0.10929,3.2598,2084,1402,1158,1.36,108.72,115.04,15.48,240.62
seq-12/frame-000998,1,0.11790,2.9510,1991,1336,1098,0.93,89.10,130.74,17.21,237.99
seq-12/frame-000999,1,0.12324,3.5129,1778,1181,926,0.95,103.86,103.94,21.07,229.82
seq-14/frame-000000,1,0.03395,1.2478,2694,2133,1967,1.28,119.35,165.81,23.64,310.09
seq-14/frame-000001,1,0.03074,1.1448,2655,2150,1969,0.97,123.23,147.78,11.22,283.20
seq-14/frame-000002,1,0.03161,1.1489,2672,2173,1971,0.95,134.78,149.31,13.11,298.15
seq-14/frame-000003,1,0.03326,1.2512,2754,2269,2079,0.99,119.70,163.08,13.48,297.26
seq-14/frame-000004,1,0.02880,1.0756,2822,2285,2080,1.03,104.35,147.43,11.38,264.19
seq-14/frame-000005,1,0.02851,1.0885,2842,2347,2134,1.03,104.22,175.09,26.35,306.69
seq-14/frame-000006,1,0.03058,1.1578,2739,2276,2069,1.01,106.63,158.99,14.60,281.23
seq-14/frame-000007,1,0.02816,1.0629,2612,2154,1939,5.46,107.35,143.99,13.67,270.48
seq-14/frame-000008,1,0.02652,1.0151,2636,2148,1939,0.97,122.07,158.46,22.35,303.86
seq-14/frame-000009,1,0.03150,1.2368,2127,1764,1630,0.94,84.54,101.93,20.34,207.75
seq-14/frame-000010,1,0.03398,1.3495,1965,1645,1511,0.91,102.78,113.73,14.12,231.55
seq-14/frame-000011,1,0.03562,1.3921,2164,1801,1656,0.94,112.25,137.69,12.60,263.49
seq-14/frame-000012,1,0.03181,1.2353,2214,1788,1608,0.96,85.91,149.57,13.51,249.96
seq-14/frame-000013,1,0.02952,1.1737,2201,1768,1605,0.92,100.17,118.08,12.49,231.67
seq-14/frame-000014,1,0.02969,1.1981,2135,1819,1669,0.95,99.46,125.36,20.18,245.95
seq-14/frame-000015,1,0.03360,1.3398,1958,1634,1504,0.94,83.56,119.80,9.39,213.70
seq-14/frame-000016,1,0.03180,1.2615,2405,2036,1879,0.96,111.74,126.48,12.31,251.50
seq-14/frame-000017,1,0.03350,1.3465,2256,1945,1795,0.92,101.92,132.02,9.33,244.19
seq-14/frame-000018,1,0.03593,1.4816,1821,1572,1466,0.91,87.00,117.06,10.89,215.85
seq-14/frame-000019,1,0.03649,1.5140,1821,1572,1466,0.89,80.40,107.99,13.83,203.11
seq-14/frame-000020,1,0.03750,1.5648,1883,1619,1503,0.91,86.29,132.28,8.94,228.43
seq-14/frame-000021,1,0.04079,1.7104,1604,1373,1281,0.88,81.35,98.89,13.72,194.85
seq-14/frame-000022,1,0.03898,1.6473,1649,1400,1295,0.88,78.43,95.37,14.54,189.23
seq-14/frame-000023,1,0.03777,1.6054,1716,1461,1357,0.88,92.45,102.19,11.82,207.33
seq-14/frame-000024,1,0.04249,1.8257,1517,1301,1201,0.86,95.99,87.36,18.56,202.76
seq-14/frame-000025,1,0.04548,1.9857,1372,1178,1075,0.86,75.75,94.37,15.63,186.61
seq-14/frame-000026,1,0.04084,1.7737,1351,1117,1013,0.88,77.04,77.82,8.78,164.51
seq-14/frame-000027,1,0.04432,1.9029,1594,1364,1246,0.90,79.32,84.97,13.83,179.03
seq-14/frame-000028,1,0.04128,1.7877,1694,1419,1314,0.90,99.70,85.82,14.32,200.75
seq-14/frame-000029,1,0.04281,1.8266,1691,1430,1311,0.89,97.47,93.09,10.31,201.76
seq-14/frame-000030,1,0.04193,1.8025,1759,1525,1396,0.90,77.74,109.26,11.05,198.95
seq-14/frame-000031,1,0.04349,1.9411,1647,1361,1239,0.85,93.93,101.71,17.68,214.17
seq-14/frame-000032,1,0.04213,1.8157,1297,1029,907,0.83,90.10,63.85,15.84,170.61
seq-14/frame-000033,1,0.03829,1.6282,1462,1218,1096,0.87,81.81,98.62,15.42,196.72
seq-14/frame-000034,1,0.03777,1.5932,2221,1804,1617,0.92,105.70,128.20,14.60,249.43
seq-14/frame-000035,1,0.03790,1.6151,2221,1804,1617,0.92,119.65,148.94,21.49,290.99
seq-14/frame-000036,1,0.03588,1.5997,2180,1713,1576,0.96,108.99,122.99,20.26,253.21
seq-14/frame-000037,1,0.03738,1.6847,2111,1669,1516,0.94,103.37,126.61,23.80,254.72
seq-14/frame-000038,1,0.03677,1.6375,1780,1412,1305,0.92,87.29,92.93,13.50,194.64
seq-14/frame-000039,1,0.04063,1.6235,1700,1353,1233,0.93,86.05,112.84,20.90,220.72
seq-14/frame-000040,1,0.04018,1.6707,2168,1794,1637,1.83,92.85,132.71,20.68,248.08
seq-14/frame-000041,1,0.03974,1.6741,1890,1551,1416,0.95,99.11,134.34,14.16,248.56
seq-14/frame-000042,1,0.03711,1.6249,1421,1183,1085,0.90,75.75,86.06,10.00,172.71
seq-14/frame-000043,1,0.03759,1.6515,1374,1163,1075,0.87,74.50,69.50,9.97,154.84
seq-14/frame-000044,1,0.03811,1.6855,1178,981,875,0.85,59.74,75.70,8.91,145.20
seq-14/frame-000045,1,0.03941,1.7577,914,765,667,0.80,71.14,51.05,7.22,130.21
seq-14/frame-000046,1,0.03794,1.7530,820,652,564,0.79,75.70,46.59,11.92,135.00
seq-14/frame-000047,1,0.03930,1.8647,794,615,548,0.78,66.09,55.93,13.91,136.71
seq-14/frame-000048,1,0.03981,1.8826,925,716,634,2.25,72.94,71.18,9.60,155.98
seq-14/frame-000049,1,0.03808,1.7930,1092,902,822,1.06,69.87,66.31,15.90,153.15
seq-14/frame-000050,1,0.04430,2.0643,1028,839,760,0.83,71.90,86.68,9.99,169.40
seq-14/frame-000051,1,0.04313,2.1213,989,768,668,0.80,71.45,69.38,30.12,171.76
seq-14/frame-000052,1,0.03853,2.0050,1303,1049,914,0.84,65.34,78.53,13.85,158.57
seq-14/frame-000053,1,0.03109,1.7612,1437,1137,1031,1.91,79.85,95.51,9.86,187.14
seq-14/frame-000054,1,0.03884,1.9927,1316,1027,894,0.84,115.16,81.64,9.52,207.16
seq-14/frame-000055,1,0.03543,1.8993,1324,1062,948,0.85,73.32,99.01,11.14,184.32
seq-14/frame-000056,1,0.04008,2.0214,1514,1190,1049,0.87,104.15,96.66,8.15,209.84
seq-14/frame-000057,1,0.03374,1.6657,1468,1049,898,0.87,95.99,101.52,8.99,207.36
seq-14/frame-000058,1,0.03027,1.6628,1432,1014,884,0.86,61.00,85.14,13.56,160.58
seq-14/frame-000059,1,0.03516,1.8361,1551,1135,1009,0.88,94.52,96.78,21.71,213.89
seq-14/frame-000060,1,0.03422,1.8216,1708,1260,1101,0.89,84.26,110.45,32.34,227.95
seq-14/frame-000061,1,0.03199,1.7728,1583,1156,975,0.87,79.80,91.62,33.79,206.08
seq-14/frame-000062,1,0.03232,1.6704,1670,1207,1022,0.88,76.51,115.74,23.16,216.28
seq-14/frame-000063,1,0.03457,1.8584,1870,1389,1219,0.92,101.08,134.24,12.67,248.91
seq-14/frame-000064,1,0.03612,2.0093,1516,1100,921,0.88,88.05,115.40,10.64,214.96
seq-14/frame-000065,1,0.03144,1.7867,1710,1276,1122,0.90,97.72,117.47,12.18,228.27
seq-14/frame-000066,1,0.02877,1.5868,1695,1258,1093,0.91,114.82,93.23,14.25,223.20
seq-14/frame-000067,1,0.03383,1.4300,1703,1186,1030,0.89,97.72,115.92,9.90,224.43
seq-14/frame-000068,1,0.02643,1.3894,1991,1464,1270,1.95,132.59,117.05,14.79,266.38
seq-14/frame-000069,1,0.02989,1.4796,1770,1334,1148,0.91,140.09,149.32,13.71,304.04
seq-14/frame-000070,1,0.03222,1.5127,1703,1264,1080,0.90,115.21,105.64,11.81,233.56
seq-14/frame-000071,1,0.03747,1.2691,1721,1232,1070,0.90,115.89,95.47,14.76,227.01
seq-14/frame-000072,1,0.03147,1.1676,2075,1521,1331,0.93,101.13,118.15,11.12,231.34
seq-14/frame-000073,1,0.03138,1.1377,1952,1327,1118,0.97,88.74,126.44,11.47,227.62
seq-14/frame-000074,1,0.03365,1.0867,2015,1430,1237,0.91,97.48,134.85,14.40,247.64
seq-14/frame-000075,1,0.02894,0.8655,2251,1652,1414,1.42,93.17,115.18,10.85,220.62
seq-14/frame-000076,1,0.02807,0.7896,2353,1740,1504,1.41,127.04,136.08,18.84,283.38
seq-14/frame-000077,1,0.03251,0.9403,2190,1580,1357,1.35,94.71,115.78,15.68,227.52
seq-14/frame-000078,1,0.04517,1.2973,1721,1174,1008,1.51,95.07,105.25,12.88,214.71
seq-14/frame-000079,1,0.03222,0.9603,1892,1320,1128,0.95,85.58,104.67,12.38,203.58
seq-14/frame-000080,1,0.04498,1.2870,1578,1121,940,0.89,78.21,92.01,11.15,182.26
seq-14/frame-000081,1,0.04377,1.3748,1330,932,787,0.90,67.24,75.81,11.97,155.93
seq-14/frame-000082,1,0.04638,1.3735,1139,824,692,0.91,60.31,69.03,12.50,142.76
seq-14/frame-000083,1,0.05170,1.4916,1321,948,787,0.90,73.41,58.45,12.11,144.87
seq-14/frame-000084,1,0.04349,1.3421,1355,965,828,0.93,90.29,76.58,15.48,183.27
seq-14/frame-000085,1,0.04120,1.2691,1070,795,655,0.86,67.31,54.47,20.44,143.09
seq-14/frame-000086,1,0.04095,1.3275,968,702,581,0.86,59.07,55.07,17.75,132.76
seq-14/frame-000087,1,0.05165,1.6895,988,717,586,0.82,81.79,62.58,10.27,155.46
seq-14/frame-000088,1,0.03796,1.3670,1062,801,686,0.85,79.57,55.67,22.80,158.90
seq-14/frame-000089,1,0.03603,1.2176,950,694,605,1.16,71.84,48.39,18.74,140.13
seq-14/frame-000090,1,0.03490,1.2830,989,773,663,0.85,63.84,50.75,13.96,129.41
seq-14/frame-000091,1,0.04258,1.5448,1118,866,762,0.85,72.85,57.12,13.28,144.10
seq-14/frame-000092,1,0.04920,1.6691,1234,966,825,0.85,82.79,72.44,21.48,177.57
seq-14/frame-000093,1,0.04723,1.6012,1361,1071,936,0.87,75.37,82.84,21.16,180.25
seq-14/frame-000094,1,0.04426,1.4710,1508,1222,1076,1.41,85.77,83.99,11.96,183.13
seq-14/frame-000095,1,0.03702,1.2065,1537,1214,1067,1.02,94.11,79.74,18.79,193.67
seq-14/frame-000096,1,0.03377,1.1012,1711,1345,1200,1.21,75.91,91.29,15.64,184.06
seq-14/frame-000097,1,0.03775,1.1868,1796,1394,1256,1.04,115.05,112.32,11.21,239.62
seq-14/frame-000098,1,0.03549,1.0669,1609,1193,1042,0.88,93.59,103.74,24.43,222.65
seq-14/frame-000099,1,0.04375,1.2794,1418,1071,931,0.88,73.12,80.82,24.38,179.20
seq-14/frame-000100,1,0.04427,1.2698,1534,1178,1065,1.40,84.98,99.17,8.43,193.99
seq-14/frame-000101,1,0.04601,1.3147,1830,1427,1279,1.56,117.12,119.33,16.66,254.67
seq-14/frame-000102,1,0.05993,1.7700,1468,1025,889,0.86,89.26,96.99,29.02,216.14
seq-14/frame-000103,1,0.05439,1.6091,1660,1233,1076,0.89,77.63,98.92,14.01,191.46
seq-14/frame-000104,1,0.05526,1.5719,1697,1301,1154,0.91,73.70,111.06,15.99,201.65
seq-14/frame-000105,1,0.05728,1.8316,1475,1138,1002,0.89,77.82,105.52,15.24,199.47
seq-14/frame-000106,1,0.05587,1.7617,1404,1013,874,0.87,70.44,99.63,23.93,194.87
seq-14/frame-000107,1,0.06933,1.9142,1225,893,782,0.84,80.61,74.59,11.68,167.72
seq-14/frame-000108,1,0.06482,1.8382,1375,1056,914,0.86,81.09,66.69,17.74,166.38
seq-14/frame-000109,1,0.05728,1.8625,2056,1538,1307,0.89,122.01,128.50,17.66,269.06
seq-14/frame-000110,1,0.06494,2.0368,1653,1170,990,0.82,98.55,108.92,14.33,222.62
seq-14/frame-000111,1,0.06233,1.9653,1367,956,784,0.83,82.04,93.15,13.10,189.12
seq-14/frame-000112,1,0.06528,2.0343,1442,978,813,0.83,85.25,104.96,18.86,209.91
seq-14/frame-000113,1,0.07688,2.3468,1534,1041,869,0.94,76.63,108.77,17.27,203.62
seq-14/frame-000114,1,0.07669,2.2893,1771,1286,1082,0.90,105.87,106.73,16.31,229.81
seq-14/frame-000115,1,0.07100,2.0059,2072,1650,1461,0.94,101.49,118.59,15.51,236.53
seq-14/frame-000116,1,0.06942,1.8991,2125,1588,1404,0.94,125.28,157.13,22.11,305.46
seq-14/frame-000117,1,0.06787,2.0121,1854,1405,1229,0.94,104.31,105.73,23.26,234.25
seq-14/frame-000118,1,0.06570,1.9701,1416,982,846,1.06,90.60,84.81,23.33,199.81
seq-14/frame-000119,1,0.06548,1.9719,1603,1266,1111,1.42,96.47,343.65,23.92,465.47
seq-14/frame-000120,1,0.06668,1.9774,1717,1357,1235,0.90,101.16,751.59,57.35,911.48
seq-14/frame-000121,1,0.06629,2.0904,1755,1397,1258,0.91,105.99,787.90,33.09,927.89
seq-14/frame-000122,1,0.06492,2.1487,1665,1315,1163,0.90,86.39,775.08,26.76,889.14
seq-14/frame-000123,1,0.06547,2.1538,1612,1250,1104,0.86,80.18,752.19,36.79,870.03
seq-14/frame-000124,1,0.07371,2.2221,1946,1620,1461,0.94,171.32,765.05,28.58,965.89
seq-14/frame-000125,1,0.06924,2.1777,2257,1843,1680,1.27,220.30,730.16,16.77,968.50
seq-14/frame-000126,1,0.06886,2.2285,2033,1638,1474,0.94,172.24,753.77,32.06,959.02
seq-14/frame-000127,1,0.06929,2.2371,2160,1726,1558,0.93,305.93,631.90,14.65,953.41
seq-14/frame-000128,1,0.06823,2.2764,2343,1919,1741,1.34,287.95,597.48,32.43,919.20
seq-14/frame-000129,1,0.06768,2.1525,2324,1862,1681,1.37,544.52,179.08,16.13,741.10
seq-14/frame-000130,1,0.06878,2.1993,2375,1888,1719,1.12,146.02,177.34,22.19,346.67
seq-14/frame-000131,1,0.06901,2.1006,2447,1975,1776,0.98,178.14,167.68,19.49,366.29
seq-14/frame-000132,1,0.07155,2.2675,2444,1998,1817,1.30,174.29,191.88,17.89,385.37
seq-14/frame-000133,1,0.07278,2.1865,2524,1994,1803,1.10,184.79,169.67,15.92,371.48
seq-14/frame-000134,1,0.07475,2.2019,2373,1876,1711,0.97,135.02,208.90,17.00,361.89
seq-14/frame-000135,1,0.07234,2.1669,2443,1972,1805,0.97,147.68,192.27,29.30,370.22
seq-14/frame-000136,1,0.07405,2.2203,2254,1841,1686,0.99,121.90,195.68,16.68,335.25
seq-14/frame-000137,1,0.07557,2.2352,2160,1759,1586,0.98,138.81,133.09,51.70,324.58
seq-14/frame-000138,1,0.07922,2.1668,2515,2071,1877,1.07,132.23,205.27,35.45,374.02
seq-14/frame-000139,1,0.07520,2.0737,2541,2032,1856,0.99,125.28,168.69,11.80,306.76
seq-14/frame-000140,1,0.07149,2.1025,1832,1503,1384,0.95,110.99,121.85,11.01,244.81
seq-14/frame-000141,1,0.08236,2.2557,1527,1182,1055,0.94,86.26,107.72,10.73,205.64
seq-14/frame-000142,1,0.08447,2.2753,1273,1007,901,1.28,131.74,123.75,16.77,273.53
seq-14/frame-000143,1,0.08497,2.3242,1135,941,851,0.87,113.56,56.01,26.44,196.88
seq-14/frame-000144,1,0.07760,2.2550,1436,1174,1063,0.91,68.25,67.31,14.64,151.11
seq-14/frame-000145,1,0.08314,2.3064,1309,1041,922,1.27,88.31,67.64,10.14,167.36
seq-14/frame-000146,1,0.07871,2.3443,1232,944,810,0.87,79.37,68.72,13.76,162.71
seq-14/frame-000147,1,0.07549,2.4639,1108,844,729,0.87,68.11,72.08,13.07,154.14
seq-14/frame-000148,1,0.06573,2.6063,1165,842,721,0.88,67.62,154.89,19.04,242.43
seq-14/frame-000149,1,0.06495,2.6484,1127,831,717,0.87,72.86,145.69,15.92,235.34
seq-14/frame-000150,1,0.06322,2.6768,1033,789,679,1.36,64.41,153.24,44.46,263.48
seq-14/frame-000151,1,0.04856,3.1405,1081,781,687,0.84,74.85,169.19,15.00,259.88
seq-14/frame-000152,1,0.06137,2.5772,1069,791,686,0.84,73.28,172.62,14.44,261.17
seq-14/frame-000153,1,0.07371,2.8839,1066,761,632,0.86,151.73,87.85,13.07,253.51
seq-14/frame-000154,1,0.06559,2.6515,1241,894,754,0.89,213.76,80.25,11.96,306.87
seq-14/frame-000155,1,0.06741,2.6657,1292,927,764,2.07,169.42,151.87,30.66,354.03
seq-14/frame-000156,1,0.06679,2.6412,1308,928,781,0.89,190.25,87.80,13.28,292.23
seq-14/frame-000157,1,0.06295,2.4539,1262,894,745,3.20,177.46,86.25,22.75,289.66
seq-14/frame-000158,1,0.06331,2.4590,1359,957,808,0.91,98.49,80.33,20.39,200.12
seq-14/frame-000159,1,0.06266,2.4332,1375,950,794,0.92,119.72,82.12,21.15,223.92
seq-14/frame-000160,1,0.06679,2.4641,1177,838,708,0.84,82.05,72.09,22.24,177.23
seq-14/frame-000161,1,0.06140,2.3850,1026,700,581,0.83,85.18,54.63,13.15,153.80
seq-14/frame-000162,1,0.05855,2.3133,1093,696,583,0.83,79.26,57.21,15.84,153.14
seq-14/frame-000163,1,0.04725,2.0577,1152,715,575,0.93,72.70,67.50,20.90,162.04
seq-14/frame-000164,1,0.06553,2.5939,974,602,468,0.80,84.68,70.45,13.18,169.12
seq-14/frame-000165,1,0.04972,1.9932,1059,643,499,0.81,83.79,73.05,24.79,182.44
seq-14/frame-000166,1,0.05479,2.0207,1003,647,508,0.82,80.97,63.38,18.77,163.94
seq-14/frame-000167,1,0.04241,1.7284,960,630,486,1.38,78.69,62.08,17.02,159.18
seq-14/frame-000168,1,0.04901,1.8411,1201,754,603,0.81,92.44,65.07,17.52,175.85
seq-14/frame-000169,1,0.04109,1.4592,1333,830,637,0.86,91.24,79.17,18.86,190.13
seq-14/frame-000170,1,0.04031,1.4471,1577,1064,877,1.38,93.43,97.44,20.32,212.57
seq-14/frame-000171,1,0.03626,0.4022,1618,1092,906,0.96,107.14,97.51,20.01,225.63
seq-14/frame-000172,1,0.03847,0.5763,1432,1006,859,0.84,112.38,87.49,18.72,219.43
seq-14/frame-000173,1,0.04281,0.1633,1898,1388,1227,0.99,109.71,141.72,19.67,272.09
seq-14/frame-000174,1,0.04157,0.3558,1812,1343,1185,0.88,109.90,126.25,18.99,256.03
seq-14/frame-000175,1,0.03634,0.4776,1624,1245,1079,0.84,106.16,118.05,13.51,238.56
seq-14/frame-000176,1,0.03558,0.4474,1602,1191,1032,0.87,105.79,121.50,27.19,255.35
seq-14/frame-000177,1,0.02653,0.6427,1388,975,803,0.91,93.81,93.94,17.97,206.63
seq-14/frame-000178,1,0.02854,0.6311,1238,804,617,1.15,90.58,95.25,12.06,199.04
seq-14/frame-000179,1,0.03818,0.6036,1230,789,616,0.85,89.57,86.93,24.88,202.23
seq-14/frame-000180,1,0.03238,0.3583,1443,1011,848,0.91,93.55,99.69,24.40,218.55
seq-14/frame-000181,1,0.03962,0.2000,1509,1108,914,0.89,110.34,97.99,13.95,223.20
seq-14/frame-000182,1,0.03359,0.1832,1375,965,815,0.83,98.96,94.47,16.05,210.32
seq-14/frame-000183,1,0.02451,0.1841,1270,850,663,0.85,97.77,64.80,10.81,174.24
seq-14/frame-000184,1,0.02405,0.6507,1178,685,504,1.71,87.07,73.82,17.50,180.10
seq-14/frame-000185,1,0.03254,0.6243,1124,661,503,3.00,86.15,59.75,21.08,169.98
seq-14/frame-000186,1,0.03561,0.8017,1263,765,590,1.07,77.82,67.73,28.62,175.25
seq-14/frame-000187,1,0.04712,0.6826,1491,940,767,0.86,90.69,85.51,27.27,204.33
seq-14/frame-000188,1,0.04986,0.9667,2025,1428,1196,0.98,110.14,135.88,14.60,261.60
seq-14/frame-000189,1,0.05789,0.8955,2408,1543,1292,0.95,115.23,151.80,26.14,294.13
seq-14/frame-000190,1,0.05681,0.9034,2329,1479,1242,0.96,110.90,124.25,14.02,250.13
seq-14/frame-000191,1,0.05782,0.9289,2298,1491,1233,0.94,116.38,130.93,16.77,265.03
seq-14/frame-000192,1,0.05432,0.8862,2133,1376,1116,0.92,111.29,127.45,12.12,251.79
seq-14/frame-000193,1,0.05377,0.7917,1784,1131,940,0.92,110.87,97.82,9.61,219.23
seq-14/frame-000194,1,0.05414,0.7913,1872,1193,961,0.93,106.63,96.74,15.23,219.53
seq-14/frame-000195,1,0.05743,0.9307,2035,1314,1077,0.91,101.63,127.60,13.46,243.60
seq-14/frame-000196,1,0.05702,0.9301,1945,1248,1026,1.14,111.72,102.51,17.95,233.32
seq-14/frame-000197,1,0.05636,0.9928,1721,1153,923,0.89,98.91,107.46,12.99,220.26
seq-14/frame-000198,1,0.05542,1.0210,2237,1515,1256,0.93,102.07,121.63,8.86,233.50
seq-14/frame-000199,1,0.05677,1.0644,2636,1710,1419,1.00,123.82,131.59,19.23,275.64
seq-14/frame-000200,1,0.05202,0.9857,2530,1691,1411,0.99,120.33,120.16,10.99,252.47
seq-14/frame-000201,1,0.03966,1.3405,1891,1255,1036,0.89,93.80,99.20,16.28,210.17
seq-14/frame-000202,1,0.04838,0.8494,1813,1237,979,0.91,115.34,90.64,12.01,218.90
seq-14/frame-000203,1,0.04575,0.7707,1920,1271,1019,0.92,89.82,91.03,20.47,202.24
seq-14/frame-000204,1,0.04609,0.7700,1877,1277,1042,0.91,104.01,85.66,17.76,208.34
seq-14/frame-000205,1,0.04513,0.8094,2577,1834,1552,0.98,119.51,126.51,13.82,260.83
seq-14/frame-000206,1,0.04492,0.8185,2803,2096,1758,0.99,118.04,139.13,22.33,280.49
seq-14/frame-000207,1,0.04534,0.7716,2462,1828,1545,0.96,101.84,128.32,18.24,249.36
seq-14/frame-000208,1,0.04513,0.8034,2406,1750,1473,0.96,107.43,111.70,11.63,231.72
seq-14/frame-000209,1,0.04135,0.7300,2235,1622,1384,0.95,127.91,103.04,17.21,249.11
seq-14/frame-000210,1,0.03841,0.6956,1846,1264,1031,0.91,94.95,88.93,8.38,193.18
seq-14/frame-000211,1,0.03989,0.7059,2072,1411,1170,0.91,104.37,98.83,13.92,218.04
seq-14/frame-000212,1,0.04418,0.8408,2705,1911,1608,0.99,119.20,137.64,18.06,275.90
seq-14/frame-000213,1,0.04202,0.8220,2743,2028,1706,1.07,122.80,145.43,19.74,289.03
seq-14/frame-000214,1,0.03268,0.6500,2639,1934,1642,1.01,102.87,139.22,14.42,257.52
seq-14/frame-000215,1,0.04643,0.9264,2367,1693,1441,0.96,101.77,111.26,31.42,245.41
seq-14/frame-000216,1,0.05050,1.0933,2127,1541,1278,0.92,99.92,117.88,18.92,237.64
seq-14/frame-000217,1,0.04385,0.9545,1542,1090,879,0.85,92.47,75.77,20.78,189.88
seq-14/frame-000218,1,0.05090,1.1420,1260,912,718,0.86,66.71,65.84,13.54,146.94
seq-14/frame-000219,1,0.04662,1.0215,1525,1082,882,0.84,72.74,81.29,14.71,169.60
seq-14/frame-000220,1,0.04084,0.9514,1647,1182,981,0.87,82.01,90.92,10.47,184.27
seq-14/frame-000221,1,0.04207,0.9126,1602,1089,869,0.86,82.54,78.56,21.41,183.37
seq-14/frame-000222,1,0.03794,0.8337,1677,1146,937,0.88,86.21,73.83,18.21,179.14
seq-14/frame-000223,1,0.05668,2.0341,1317,831,678,0.84,68.61,69.89,11.11,150.46
seq-14/frame-000224,1,0.04429,1.0309,1178,770,621,1.19,71.14,56.05,9.46,137.84
seq-14/frame-000225,1,0.04578,1.0499,1178,754,632,0.83,71.71,60.85,8.30,141.69
seq-14/frame-000226,1,0.04496,0.9978,1040,646,524,0.79,66.74,62.01,10.10,139.63
seq-14/frame-000227,1,0.03927,0.9053,1085,709,579,0.80,71.57,53.80,14.87,141.04
seq-14/frame-000228,1,0.04630,1.0117,1100,665,535,0.85,84.73,50.74,10.72,147.05
seq-14/frame-000229,1,0.04626,0.9444,1516,1098,944,0.84,70.57,83.72,12.29,167.44
seq-14/frame-000230,1,0.05941,1.1321,1401,977,833,0.86,67.62,64.33,14.44,147.25
seq-14/frame-000231,1,0.04414,1.1188,1097,740,626,0.82,73.67,59.99,13.35,147.83
seq-14/frame-000232,1,0.05083,1.0622,1114,766,661,0.84,85.99,64.53,9.26,160.62
seq-14/frame-000233,1,0.05990,1.2815,1178,853,733,0.83,72.31,65.42,20.60,159.16
seq-14/frame-000234,1,0.06403,1.3493,1157,832,732,0.83,82.78,61.60,19.16,164.36
seq-14/frame-000235,1,0.06640,1.3620,1265,930,832,0.86,78.05,69.03,14.80,162.74
seq-14/frame-000236,1,0.07448,1.3811,1326,984,868,0.86,86.28,59.89,12.30,159.33
seq-14/frame-000237,1,0.07547,1.4045,1038,705,624,0.84,64.08,48.47,12.91,126.31
seq-14/frame-000238,1,0.08100,1.4911,1020,729,632,0.83,58.19,47.54,15.23,121.79
seq-14/frame-000239,1,0.08622,1.4755,1320,957,861,0.84,66.59,76.00,19.00,162.44
seq-14/frame-000240,1,0.09353,1.5829,1708,1253,1129,0.87,78.83,111.29,20.39,211.39
seq-14/frame-000241,1,0.09483,1.6418,1403,988,883,0.84,74.69,87.19,17.02,179.75
seq-14/frame-000242,1,0.09639,1.5747,1125,837,759,0.84,68.18,53.11,8.62,130.76
seq-14/frame-000243,1,0.09889,1.6620,1252,900,812,0.86,76.43,82.61,22.10,182.00
seq-14/frame-000244,1,0.10095,1.6994,1484,1064,959,0.86,95.89,101.19,25.10,223.05
seq-14/frame-000245,1,0.10602,1.8061,1267,930,841,0.85,98.37,85.41,12.52,197.14
seq-14/frame-000246,1,0.09531,1.6687,1155,850,762,1.26,89.22,65.50,19.83,175.81
seq-14/frame-000247,1,0.09338,1.7621,1168,861,770,1.10,87.80,83.20,13.11,185.21
seq-14/frame-000248,1,0.07992,1.6702,1098,820,720,0.84,89.16,65.93,17.02,172.95
seq-14/frame-000249,1,0.07406,1.6359,1045,764,690,0.83,63.70,61.52,12.05,138.10
seq-14/frame-000250,1,0.08357,1.7813,1141,821,717,0.85,73.01,67.86,8.36,150.08
seq-14/frame-000251,1,0.08122,1.7964,1422,1119,1024,0.88,93.13,86.89,27.77,208.67
seq-14/frame-000252,1,0.08148,1.8382,1478,1189,1085,0.89,86.32,81.74,34.26,203.21
seq-14/frame-000253,1,0.07801,1.8473,1258,992,887,3.37,83.03,79.99,8.74,175.13
seq-14/frame-000254,1,0.07709,1.6983,1218,927,847,0.97,93.56,75.52,14.95,185.00
seq-14/frame-000255,1,0.07286,1.6697,1115,843,742,0.85,87.67,79.22,13.79,181.53
seq-14/frame-000256,1,0.06840,1.6327,945,691,596,0.84,84.88,59.45,14.43,159.60
seq-14/frame-000257,1,0.06316,1.6776,935,632,532,1.02,86.91,68.88,19.61,176.43
seq-14/frame-000258,1,0.06769,1.8338,1029,745,648,0.84,86.08,68.42,15.06,170.39
seq-14/frame-000259,1,0.06979,1.6488,1754,1393,1269,0.92,108.05,101.12,19.20,229.31
seq-14/frame-000260,1,0.04572,1.5232,2158,1561,1380,0.98,104.23,101.72,17.65,224.58
seq-14/frame-000261,1,0.07141,1.6503,2026,1425,1279,0.94,99.24,124.18,29.90,254.26
seq-14/frame-000262,1,0.07137,1.7947,1638,1282,1174,0.91,95.00,75.11,16.01,187.04
seq-14/frame-000263,1,0.05688,1.6717,1302,1021,916,0.89,77.82,58.79,12.47,149.98
seq-14/frame-000264,1,0.06633,1.7057,1216,951,825,0.89,73.04,54.65,11.74,140.31
seq-14/frame-000265,1,0.06427,1.6622,1288,984,890,0.94,87.52,83.73,13.16,185.34
seq-14/frame-000266,1,0.06187,1.6145,1208,941,846,1.20,83.47,59.03,14.63,158.33
seq-14/frame-000267,1,0.07089,1.5197,1072,812,725,0.86,74.05,56.88,11.01,142.81
seq-14/frame-000268,1,0.06757,1.5160,1159,904,818,0.88,68.05,50.06,11.32,130.31
seq-14/frame-000269,1,0.06319,1.4924,1383,1110,999,0.86,66.87,82.61,17.43,167.77
seq-14/frame-000270,1,0.06510,1.3935,1276,1040,934,0.85,69.66,73.97,8.18,152.65
seq-14/frame-000271,1,0.07313,1.4286,1101,831,741,0.89,85.27,68.28,8.85,163.29
seq-14/frame-000272,1,0.09020,1.7589,1154,909,818,0.86,74.52,51.17,25.07,151.61
seq-14/frame-000273,1,0.08091,1.6909,1435,1113,1013,0.85,87.68,64.65,10.15,163.33
seq-14/frame-000274,1,0.08786,1.7781,1356,1100,990,2.41,91.99,70.89,20.85,186.14
seq-14/frame-000275,1,0.09835,2.0328,1255,1017,940,0.85,72.38,61.31,12.33,146.88
seq-14/frame-000276,1,0.08545,1.8674,1328,1060,958,0.87,76.33,72.33,18.53,168.07
seq-14/frame-000277,1,0.08252,1.7212,1563,1240,1130,0.90,68.75,68.61,16.12,154.38
seq-14/frame-000278,1,0.08181,1.7162,1943,1551,1400,0.94,92.20,103.78,13.99,210.92
seq-14/frame-000279,1,0.07504,1.6006,1617,1301,1194,0.91,84.26,86.59,19.89,191.65
seq-14/frame-000280,1,0.08540,1.9708,1220,994,901,0.88,80.15,75.69,9.71,166.43
seq-14/frame-000281,1,0.08776,2.0098,1265,1018,925,0.88,86.46,57.05,10.97,155.36
seq-14/frame-000282,1,0.08761,1.9540,1172,957,865,0.87,78.52,58.52,11.30,149.21
seq-14/frame-000283,1,0.08507,1.8638,1260,1022,927,0.87,79.87,68.85,8.79,158.39
seq-14/frame-000284,1,0.08966,2.0372,1180,957,858,0.86,78.42,60.46,9.73,149.48
seq-14/frame-000285,1,0.09301,2.2101,1058,791,701,0.86,63.44,61.00,12.65,137.95
seq-14/frame-000286,1,0.08986,2.2062,1067,809,718,1.04,70.05,52.56,12.88,136.53
seq-14/frame-000287,1,0.08233,2.1822,1097,844,745,0.81,65.54,59.46,13.79,139.60
seq-14/frame-000288,1,0.08270,2.1874,1076,797,703,0.82,61.43,55.91,9.84,128.01
seq-14/frame-000289,1,0.07593,2.0052,1049,745,642,0.81,74.62,53.03,7.88,136.34
seq-14/frame-000290,1,0.08952,2.3891,1024,744,633,0.81,98.89,52.07,21.07,172.84
seq-14/frame-000291,1,0.08622,2.3935,1085,733,635,0.81,68.04,60.62,19.49,148.98
seq-14/frame-000292,1,0.08154,2.4776,1133,764,650,0.82,70.34,57.63,10.87,139.67
seq-14/frame-000293,1,0.07504,2.4207,1507,1109,971,0.85,100.29,69.74,24.97,195.85
seq-14/frame-000294,1,0.07427,2.1874,1525,1130,997,0.85,102.23,104.55,12.42,220.05
seq-14/frame-000295,1,0.07264,2.2763,1392,1039,924,0.83,88.43,75.99,19.89,185.14
seq-14/frame-000296,1,0.07197,2.0930,1134,739,636,0.82,69.44,53.31,11.83,135.40
seq-14/frame-000297,1,0.07368,2.2198,1145,782,672,0.85,103.49,100.15,10.91,215.40
seq-14/frame-000298,1,0.07818,2.3239,1597,1158,1004,0.87,79.79,76.15,15.66,172.48
seq-14/frame-000299,1,0.07235,2.1794,1591,1071,931,0.87,92.27,76.29,16.72,186.15
seq-14/frame-000300,1,0.07167,2.0792,1945,1318,1130,0.89,91.30,108.28,9.06,209.52
seq-14/frame-000301,1,0.06428,1.8490,2017,1333,1164,0.87,86.53,102.51,9.95,199.86
seq-14/frame-000302,1,0.06771,1.9563,2678,1927,1696,0.97,131.04,142.61,14.81,289.43
seq-14/frame-000303,1,0.06463,1.8720,2685,1948,1733,1.01,109.82,126.56,21.73,259.12
seq-14/frame-000304,1,0.06445,1.7917,2392,1684,1484,0.95,104.93,128.67,11.86,246.41
seq-14/frame-000305,1,0.05512,1.5876,2273,1539,1346,0.93,100.38,102.02,13.50,216.84
seq-14/frame-000306,1,0.05246,1.5387,1795,1211,1036,0.88,82.29,86.00,14.42,183.60
seq-14/frame-000307,1,0.05139,1.3569,1970,1414,1216,0.90,86.32,107.44,12.27,206.93
seq-14/frame-000308,1,0.04764,1.2028,2047,1386,1221,0.87,88.92,104.44,15.88,210.11
seq-14/frame-000309,1,0.04230,1.0216,1550,1062,882,0.84,79.65,82.87,13.77,177.12
seq-14/frame-000310,1,0.04937,1.0076,1259,762,610,0.82,68.50,72.93,15.07,157.33
seq-14/frame-000311,1,0.03027,0.6026,1090,693,548,0.82,62.78,59.20,15.91,138.72
seq-14/frame-000312,1,0.03575,0.6674,1220,733,553,0.83,71.51,55.38,10.15,137.88
seq-14/frame-000313,1,0.03344,1.4656,1597,1052,880,0.85,89.81,84.27,9.06,184.00
seq-14/frame-000314,1,0.03639,0.7763,1843,1269,1091,0.89,82.83,90.17,15.06,188.96
seq-14/frame-000315,1,0.02475,0.5027,1864,1267,1051,0.89,94.01,116.68,29.73,241.31
seq-14/frame-000316,1,0.02375,0.5801,1606,1125,942,0.87,75.14,72.63,18.62,167.26
seq-14/frame-000317,1,0.01380,0.3062,1392,944,768,0.86,82.28,66.36,15.81,165.31
seq-14/frame-000318,1,0.01454,0.4132,1441,995,851,0.94,86.60,140.99,46.87,275.42
seq-14/frame-000319,1,0.02233,0.6075,1739,1265,1079,0.90,79.75,143.14,23.61,247.41
seq-14/frame-000320,1,0.01222,0.5535,1665,1176,1014,0.91,87.21,288.54,26.21,402.89
seq-14/frame-000321,1,0.01334,0.6218,1794,1288,1089,0.92,87.72,414.65,37.58,540.87
seq-14/frame-000322,1,0.01413,0.5538,1535,1164,1007,0.91,82.14,452.34,46.24,581.63
seq-14/frame-000323,1,0.02632,0.7377,1224,894,754,2.39,89.11,434.83,40.88,567.23
seq-14/frame-000324,1,0.01691,0.6776,1155,759,639,4.07,101.14,371.86,69.61,546.68
seq-14/frame-000325,1,0.03559,0.9763,1034,622,515,6.51,86.95,364.21,30.25,487.93
seq-14/frame-000326,1,0.02905,0.8952,958,677,562,0.84,91.37,362.40,22.84,477.46
seq-14/frame-000327,1,0.02483,0.7696,909,580,471,1.16,168.38,219.23,50.63,439.40
seq-14/frame-000328,1,0.02866,0.9876,976,669,568,2.63,291.03,173.47,28.02,495.15
seq-14/frame-000329,1,0.04040,0.9197,896,622,510,1.84,274.64,58.33,50.43,385.24
seq-14/frame-000330,1,0.03098,1.1056,836,533,418,3.74,113.91,127.68,29.17,274.51
seq-14/frame-000331,1,0.03164,1.0047,1006,733,598,0.91,159.77,109.59,28.65,298.92
seq-14/frame-000332,1,0.02714,0.9747,1455,981,807,1.44,177.83,330.21,42.11,551.60
seq-14/frame-000333,1,0.02064,0.8571,1948,1391,1226,1.65,213.01,376.99,26.94,618.61
seq-14/frame-000334,1,0.03100,1.0920,1195,851,724,4.58,208.92,302.92,43.22,559.64
seq-14/frame-000335,1,0.03145,1.1506,904,659,565,6.97,229.81,216.26,17.12,470.16
seq-14/frame-000336,1,0.03238,1.0106,1269,935,813,1.49,171.58,272.77,20.18,466.02
seq-14/frame-000337,1,0.03294,1.1535,1566,1178,1042,3.03,157.85,263.64,22.48,447.01
seq-14/frame-000338,1,0.03157,1.1274,1401,986,882,2.47,204.77,297.09,24.75,529.08
seq-14/frame-000339,1,0.03596,1.3491,1328,925,816,1.29,163.51,214.89,18.17,397.86
seq-14/frame-000340,1,0.03897,1.5572,1568,1173,1047,1.86,203.18,263.63,13.28,481.96
seq-14/frame-000341,1,0.03405,1.6143,1369,1036,893,2.64,286.80,114.87,21.62,425.93
seq-14/frame-000342,1,0.03224,1.4873,1401,1022,865,3.84,119.53,89.08,20.55,232.99
seq-14/frame-000343,1,0.03011,1.3626,1938,1349,1145,1.89,144.42,119.14,10.50,275.96
seq-14/frame-000344,1,0.04555,1.7448,1868,1307,1150,1.19,125.95,108.19,19.55,254.89
seq-14/frame-000345,1,0.04457,1.8343,1182,806,688,7.58,114.38,72.15,31.05,225.16
seq-14/frame-000346,1,0.05952,2.0298,1275,885,742,1.22,106.19,76.93,27.76,212.11
seq-14/frame-000347,1,0.05965,2.0516,1878,1349,1145,0.93,112.74,116.22,24.70,254.60
seq-14/frame-000348,1,0.05790,2.0050,1763,1189,1009,1.71,88.54,109.87,12.54,212.67
seq-14/frame-000349,1,0.06056,2.0669,1762,1196,1040,1.21,107.90,104.10,15.76,228.97
seq-14/frame-000350,1,0.07426,2.3666,1118,755,636,0.84,72.30,67.83,13.43,154.39
seq-14/frame-000351,1,0.06783,2.1231,1290,913,773,0.87,74.89,78.84,29.55,184.16
seq-14/frame-000352,1,0.07287,2.3209,1454,960,799,0.85,85.60,97.36,16.25,200.05
seq-14/frame-000353,1,0.07968,2.4397,1516,988,841,0.86,85.90,93.64,15.14,195.54
seq-14/frame-000354,1,0.04783,1.5841,1104,693,585,0.85,72.94,58.45,14.41,146.66
seq-14/frame-000355,1,0.03998,0.9014,853,564,465,0.83,63.11,61.45,13.22,138.61
seq-14/frame-000356,1,0.04145,1.1591,871,567,462,0.82,67.39,51.38,11.88,131.47
seq-14/frame-000357,1,0.03522,0.9320,855,554,449,0.82,59.30,56.85,15.30,132.28
seq-14/frame-000358,1,0.08851,2.1410,1096,737,630,0.85,70.82,59.23,11.59,142.49
seq-14/frame-000359,1,0.10812,2.6525,1831,1122,925,1.19,82.54,114.46,16.89,215.08
seq-14/frame-000360,1,0.10500,2.6326,2089,1244,993,0.91,89.72,123.94,24.70,239.28
seq-14/frame-000361,1,0.10965,2.7601,2042,1225,1013,0.95,92.82,115.37,20.19,229.33
seq-14/frame-000362,1,0.09719,2.4677,1844,1060,884,0.88,106.52,108.48,26.61,242.48
seq-14/frame-000363,1,0.11095,2.4657,1553,955,813,1.04,89.64,92.09,15.31,198.09
seq-14/frame-000364,1,0.10240,2.3164,1691,961,808,0.87,99.23,98.45,8.31,206.86
seq-14/frame-000365,1,0.11796,2.7243,1934,1106,882,1.27,89.48,98.01,18.76,207.52
seq-14/frame-000366,1,0.11451,2.7220,2128,1281,1046,2.10,94.11,139.25,35.36,270.82
seq-14/frame-000367,1,0.11973,2.8379,2284,1358,1117,1.22,94.53,156.55,12.77,265.07
seq-14/frame-000368,1,0.08623,2.0576,1996,1101,887,0.91,111.13,140.19,16.67,268.90
seq-14/frame-000369,1,0.06208,1.3711,1709,980,813,0.88,104.85,116.12,16.61,238.47
seq-14/frame-000370,1,0.07060,1.5117,1449,897,734,0.85,76.23,117.80,12.00,206.87
seq-14/frame-000371,1,0.07090,1.4772,1215,793,660,0.83,94.32,72.04,21.70,188.89
seq-14/frame-000372,1,0.09225,1.9360,1673,987,761,0.88,125.27,84.69,14.19,225.03
seq-14/frame-000373,1,0.08307,2.0360,1923,1016,806,0.88,112.72,95.89,20.74,230.22
seq-14/frame-000374,1,0.09438,2.3439,2042,1241,988,0.89,112.90,99.09,10.70,223.59
seq-14/frame-000375,1,0.09480,2.3407,2042,1241,988,0.92,114.26,106.67,8.43,230.29
seq-14/frame-000376,1,0.09688,2.4466,2273,1254,1002,0.93,105.79,116.55,22.95,246.22
seq-14/frame-000377,1,0.10836,2.7198,2215,1193,975,0.93,111.93,109.22,14.70,236.78
seq-14/frame-000378,1,0.10013,2.4825,1898,1155,961,0.88,73.81,107.56,16.12,198.37
seq-14/frame-000379,1,0.08883,1.8275,1449,928,754,2.20,72.80,81.42,16.55,172.98
seq-14/frame-000380,1,0.08937,1.8145,1449,928,754,0.82,71.15,85.32,14.48,171.77
seq-14/frame-000381,1,0.07040,1.5532,1583,869,679,0.84,80.71,87.07,15.00,183.62
seq-14/frame-000382,1,0.08720,1.8939,1660,923,762,0.85,80.57,91.30,23.57,196.28
seq-14/frame-000383,1,0.07972,1.5162,1666,1071,857,0.84,83.46,92.56,14.76,191.63
seq-14/frame-000384,1,0.08772,1.9143,1633,1154,958,0.82,72.69,88.18,23.47,185.16
seq-14/frame-000385,1,0.07912,1.5635,1513,1121,925,0.79,78.07,79.20,20.91,178.97
seq-14/frame-000386,1,0.07579,1.9371,1689,1134,907,0.85,78.06,79.05,23.05,181.01
seq-14/frame-000387,1,0.07637,1.6130,1689,1134,907,0.87,109.70,74.88,17.49,202.95
seq-14/frame-000388,1,0.05902,1.3494,2054,1276,1024,0.88,100.42,112.04,25.51,238.84
seq-14/frame-000389,1,0.06688,1.5868,2028,1210,986,0.90,100.10,105.30,25.41,231.72
seq-14/frame-000390,1,0.05892,1.3002,1965,1273,1019,0.85,88.49,100.43,14.79,204.57
seq-14/frame-000391,1,0.07393,1.9150,1763,1209,1015,0.86,89.29,84.71,16.45,191.31
seq-14/frame-000392,1,0.07331,1.9112,1763,1209,1015,0.86,97.17,80.90,15.30,194.23
seq-14/frame-000393,1,0.07719,2.1056,1714,1150,951,0.85,91.93,96.43,20.37,209.58
seq-14/frame-000394,1,0.07880,2.1396,2114,1237,951,0.89,91.58,111.31,8.54,212.33
seq-14/frame-000395,1,0.05163,1.2368,1803,1140,923,0.84,93.14,101.79,18.49,214.27
seq-14/frame-000396,1,0.06943,1.7978,1798,1219,994,0.84,77.71,93.00,29.02,200.57
seq-14/frame-000397,1,0.06910,1.7734,1798,1219,994,0.82,91.35,87.71,23.49,203.38
seq-14/frame-000398,1,0.06109,1.5160,1946,1042,783,0.88,89.26,96.58,14.72,201.45
seq-14/frame-000399,1,0.05408,1.3601,1710,1083,867,0.84,86.41,79.48,10.27,177.00
seq-14/frame-000400,1,0.06899,1.9842,1891,1241,1003,0.85,105.28,106.61,17.24,229.98
seq-14/frame-000401,1,0.07036,1.8473,2166,1072,807,0.93,89.03,104.84,17.57,212.37
seq-14/frame-000402,1,0.07519,2.0445,2166,1072,807,0.93,99.36,113.10,19.17,232.56
seq-14/frame-000403,1,0.05451,1.3190,1798,858,628,0.86,87.15,85.18,14.45,187.64
seq-14/frame-000404,1,0.06839,1.8541,1461,879,708,0.82,85.76,67.27,15.26,169.11
seq-14/frame-000405,1,0.08230,2.3757,1728,1077,823,0.85,90.12,95.20,23.10,209.27
seq-14/frame-000406,1,0.08294,2.3837,1728,1077,823,1.02,83.82,91.43,32.39,208.67
seq-14/frame-000407,1,0.05571,1.5223,1768,1051,822,0.86,87.86,103.46,10.66,202.85
seq-14/frame-000408,1,0.03771,1.0964,1804,1030,811,0.88,87.34,88.16,24.32,200.70
seq-14/frame-000409,1,0.06738,1.7674,1547,820,645,0.83,78.36,85.74,17.01,181.94
seq-14/frame-000410,1,0.06832,1.7562,1547,820,645,0.85,72.85,69.86,21.06,164.62
seq-14/frame-000411,1,0.06160,1.6852,1172,644,510,0.83,70.71,58.86,22.99,153.40
seq-14/frame-000412,1,0.06731,2.0605,1386,912,739,0.84,79.27,69.72,14.53,164.37
seq-14/frame-000413,1,0.05146,2.1633,1324,826,648,0.84,76.24,65.60,13.23,155.91
seq-14/frame-000414,1,0.06043,1.8328,1324,826,648,0.86,64.08,62.12,18.11,145.17
seq-14/frame-000415,1,0.07197,2.1658,1521,947,747,0.83,81.14,88.75,23.49,194.22
seq-14/frame-000416,1,0.05450,1.6858,1409,881,708,0.84,85.82,82.87,18.95,188.48
seq-14/frame-000417,1,0.04717,1.5420,1037,678,546,0.84,71.17,50.44,21.45,143.90
seq-14/frame-000418,1,0.04638,1.5601,1037,678,546,0.92,61.06,48.99,19.01,129.97
seq-14/frame-000419,1,0.09131,2.5779,912,507,367,0.79,62.83,49.82,18.09,131.54
seq-14/frame-000420,1,0.09193,2.7447,749,411,303,0.80,62.76,37.07,16.39,117.02
seq-14/frame-000421,1,0.06597,1.9183,895,546,423,0.82,70.27,53.01,26.29,150.38
seq-14/frame-000422,1,0.09527,2.5815,917,525,410,0.82,62.49,51.86,26.77,141.95
seq-14/frame-000423,1,0.07599,1.8211,926,586,462,0.81,61.09,55.23,13.22,130.35
seq-14/frame-000424,1,0.07476,1.8267,926,586,462,0.79,70.63,44.81,23.45,139.68
seq-14/frame-000425,1,0.07453,2.0001,903,576,463,0.82,62.50,38.84,16.30,118.47
seq-14/frame-000426,1,0.08278,2.1786,752,466,351,0.77,62.80,40.19,16.37,120.13
seq-14/frame-000427,1,0.03973,1.4238,717,398,310,2.16,76.51,44.94,11.91,135.53
seq-14/frame-000428,1,0.05995,1.8616,682,387,293,0.77,54.00,38.76,22.99,116.52
seq-14/frame-000429,1,0.06518,2.7271,682,387,293,0.75,60.29,31.48,17.20,109.72
seq-14/frame-000430,1,0.06850,1.7328,826,544,447,0.78,57.65,54.15,25.09,137.67
seq-14/frame-000431,1,0.06798,1.8241,936,591,467,0.78,58.18,49.91,21.38,130.26
seq-14/frame-000432,1,0.07612,1.7652,913,575,465,0.81,81.82,55.01,14.73,152.38
seq-14/frame-000433,1,0.06786,1.7564,930,678,586,0.80,83.30,57.96,17.04,159.11
seq-14/frame-000434,1,0.05972,1.5046,897,548,435,0.78,59.29,51.64,15.51,127.24
seq-14/frame-000435,1,0.06059,1.3769,855,526,403,0.80,73.38,56.56,17.31,148.05
seq-14/frame-000436,1,0.07012,1.2412,1126,664,515,1.12,75.91,72.22,13.33,162.57
seq-14/frame-000437,1,0.06318,1.1764,1192,677,526,0.80,65.61,66.79,17.04,150.25
seq-14/frame-000438,1,0.05444,0.9919,1081,670,555,0.83,57.71,52.49,23.50,134.53
seq-14/frame-000439,1,0.06446,1.2152,1188,751,615,1.58,81.97,63.70,15.87,163.12
seq-14/frame-000440,1,0.07182,1.5198,1612,1091,927,1.14,72.29,94.31,22.82,190.56
seq-14/frame-000441,1,0.06666,1.3758,1431,983,820,0.88,85.81,91.82,10.45,188.96
seq-14/frame-000442,1,0.05581,1.1168,1219,803,661,0.88,92.18,75.96,23.52,192.54
seq-14/frame-000443,1,0.06542,1.3832,1442,903,743,0.88,89.58,81.31,11.74,183.51
seq-14/frame-000444,1,0.06207,1.3524,1624,1051,867,0.90,120.38,128.74,19.89,269.91
seq-14/frame-000445,1,0.06767,1.5034,1902,1191,952,0.94,117.58,120.04,22.48,261.04
seq-14/frame-000446,1,0.07381,1.7603,2884,1922,1579,6.00,130.40,167.07,16.19,319.66
seq-14/frame-000447,1,0.07235,1.7272,2900,1908,1533,1.01,117.21,187.19,18.41,323.83
seq-14/frame-000448,1,0.07728,1.7697,2777,1823,1489,1.40,139.57,164.40,20.81,326.18
seq-14/frame-000449,1,0.08745,1.8706,2901,1684,1353,1.02,126.31,173.11,17.71,318.16
seq-14/frame-000450,1,0.07351,1.8255,2686,1661,1308,0.99,133.34,160.93,13.65,308.92
seq-14/frame-000451,1,0.06767,1.6205,2785,1745,1363,1.00,142.69,163.97,19.71,327.38
seq-14/frame-000452,1,0.09032,1.8329,2834,1753,1433,1.01,114.71,158.28,21.30,295.31
seq-14/frame-000453,1,0.06895,1.7287,2713,1665,1333,0.98,127.38,142.43,15.60,286.39
seq-14/frame-000454,1,0.07433,1.6944,2620,1610,1293,1.73,95.05,163.01,17.50,277.30
seq-14/frame-000455,1,0.07534,1.7475,2775,1888,1551,1.01,95.79,183.05,16.02,295.87
seq-14/frame-000456,1,0.08449,1.7097,2852,1781,1494,1.00,131.87,164.41,17.38,314.66
seq-14/frame-000457,1,0.07745,1.8019,2847,1889,1558,1.02,98.61,179.39,18.83,297.85
seq-14/frame-000458,1,0.09100,1.8186,2719,1732,1442,1.02,105.64,144.68,20.73,272.07
seq-14/frame-000459,1,0.07865,1.7595,2773,1856,1546,1.03,114.19,164.73,23.42,303.38
seq-14/frame-000460,1,0.07613,1.6949,2494,1730,1474,1.02,105.92,144.83,29.36,281.14
seq-14/frame-000461,1,0.07147,1.4141,2146,1489,1241,0.95,101.69,108.01,18.01,228.67
seq-14/frame-000462,1,0.06808,1.5561,2489,1706,1470,0.97,97.71,147.53,16.61,262.81
seq-14/frame-000463,1,0.07088,1.6014,2439,1688,1465,0.98,100.39,134.76,23.33,259.46
seq-14/frame-000464,1,0.06392,1.5302,2734,1810,1511,1.01,108.95,199.65,20.72,330.33
seq-14/frame-000465,1,0.06035,1.5451,2325,1683,1423,1.01,100.68,167.00,20.87,289.57
seq-14/frame-000466,1,0.05507,1.3759,2231,1592,1342,0.96,132.32,147.00,25.96,306.24
seq-14/frame-000467,1,0.05546,1.2861,1914,1401,1199,0.91,115.55,138.40,37.04,291.90
seq-14/frame-000468,1,0.05289,1.2676,1741,1319,1134,0.91,124.40,115.36,15.27,255.94
seq-14/frame-000469,1,0.05901,1.2802,1903,1360,1166,0.93,132.13,137.25,18.60,288.92
seq-14/frame-000470,1,0.04692,1.2207,2054,1447,1243,1.72,129.05,152.06,27.42,310.26
seq-14/frame-000471,1,0.04673,1.1219,1848,1265,1063,1.95,128.79,135.69,24.34,290.78
seq-14/frame-000472,1,0.04908,1.3537,2252,1578,1343,1.02,135.44,177.85,28.42,342.74
seq-14/frame-000473,1,0.04550,1.3517,2563,1894,1616,4.32,155.01,223.46,13.21,396.01
seq-14/frame-000474,1,0.04740,1.4713,2629,1890,1608,1.65,162.18,209.82,12.54,386.19
seq-14/frame-000475,1,0.04631,1.4892,2645,1962,1673,1.50,156.24,180.28,17.33,355.35
seq-14/frame-000476,1,0.04479,1.4320,2653,1910,1662,1.10,156.42,166.93,18.08,342.53
seq-14/frame-000477,1,0.04249,1.3684,2359,1770,1523,1.04,134.44,143.92,23.27,302.67
seq-14/frame-000478,1,0.03993,1.3316,1975,1551,1327,1.25,132.19,121.60,15.70,270.75
seq-14/frame-000479,1,0.03972,1.3577,1865,1430,1243,1.35,136.76,109.66,16.51,264.29
seq-14/frame-000480,1,0.03535,1.2296,1959,1514,1309,0.98,116.96,133.36,15.82,267.11
seq-14/frame-000481,1,0.03445,1.2171,2038,1573,1357,1.29,129.61,127.24,19.25,277.40
seq-14/frame-000482,1,0.03435,1.1235,1894,1464,1284,0.94,104.16,109.80,15.00,229.91
seq-14/frame-000483,1,0.03261,1.0567,1775,1315,1140,1.01,90.10,89.49,13.11,193.71
seq-14/frame-000484,1,0.02912,0.9968,1751,1389,1208,1.17,89.24,119.09,27.55,237.05
seq-14/frame-000485,1,0.03237,1.0523,1410,1122,966,0.95,97.43,76.90,15.24,190.53
seq-14/frame-000486,1,0.02923,0.9225,1392,1047,925,2.13,94.14,74.30,10.29,180.87
seq-14/frame-000487,1,0.02788,0.9089,1409,1108,947,2.11,78.89,74.84,15.34,171.18
seq-14/frame-000488,1,0.02950,0.8722,1491,1212,1037,2.00,100.20,109.13,32.64,243.98
seq-14/frame-000489,1,0.02798,0.8212,1594,1300,1129,0.92,88.80,111.49,28.86,230.08
seq-14/frame-000490,1,0.03358,1.0054,1977,1594,1384,0.98,93.29,167.98,17.13,279.38
seq-14/frame-000491,1,0.03570,1.1126,2258,1721,1498,0.96,106.79,150.56,23.57,281.89
seq-14/frame-000492,1,0.03364,0.9994,1945,1553,1373,0.94,110.04,144.67,18.97,274.63
seq-14/frame-000493,1,0.03306,0.9147,1599,1224,1062,0.91,85.49,140.72,21.26,248.38
seq-14/frame-000494,1,0.03102,0.8640,1645,1334,1160,0.92,132.31,79.49,21.47,234.20
seq-14/frame-000495,1,0.03348,0.9061,1788,1385,1198,0.93,132.61,80.43,12.64,226.61
seq-14/frame-000496,1,0.03578,1.0227,1945,1506,1298,0.92,145.32,100.71,19.65,266.61
seq-14/frame-000497,1,0.04444,1.2669,1873,1367,1201,0.93,121.39,100.24,24.10,246.66
seq-14/frame-000498,1,0.04150,1.1124,1824,1312,1146,0.94,92.83,95.91,19.41,209.10
seq-14/frame-000499,1,0.04509,1.1640,2048,1508,1292,0.95,93.58,106.29,15.28,216.10
seq-14/frame-000500,1,0.04301,1.0329,1724,1377,1173,0.92,79.47,100.49,17.89,198.77
seq-14/frame-000501,1,0.03533,0.7895,1396,1151,993,0.91,75.30,77.42,20.03,173.66
seq-14/frame-000502,1,0.04498,1.0792,1415,997,865,0.85,74.90,66.21,13.26,155.22
seq-14/frame-000503,1,0.04563,1.0554,1555,1177,1005,0.87,75.36,100.17,19.18,195.59
seq-14/frame-000504,1,0.04116,0.9581,1997,1568,1383,0.92,101.54,101.01,17.49,220.96
seq-14/frame-000505,1,0.03987,0.8157,1521,1238,1072,1.25,85.18,79.92,8.89,175.24
seq-14/frame-000506,1,0.03787,0.7805,1791,1310,1130,1.27,97.22,88.66,10.07,197.24
seq-14/frame-000507,1,0.04110,0.9293,1672,1309,1137,1.43,100.39,76.34,11.53,189.68
seq-14/frame-000508,1,0.04504,1.0115,1525,1137,969,0.95,92.28,72.34,18.28,183.86
seq-14/frame-000509,1,0.04399,0.9820,1495,1168,1008,1.51,87.70,71.71,11.42,172.35
seq-14/frame-000510,1,0.04621,1.0028,1737,1403,1222,1.62,94.22,86.89,12.36,195.09
seq-14/frame-000511,1,0.04245,0.9780,1627,1318,1156,3.23,99.63,76.76,16.58,196.19
seq-14/frame-000512,1,0.04360,1.0659,1507,1226,1098,0.94,80.17,72.70,16.44,170.25
seq-14/frame-000513,1,0.04396,1.1467,1433,1175,1018,0.94,72.46,69.97,17.24,160.61
seq-14/frame-000514,1,0.05645,1.3499,2391,1901,1647,0.94,94.82,126.40,12.49,234.65
seq-14/frame-000515,1,0.04618,1.1468,2095,1666,1439,0.97,83.73,103.69,16.80,205.20
seq-14/frame-000516,1,0.03152,0.9351,1150,812,702,0.87,67.19,61.72,14.25,144.03
seq-14/frame-000517,1,0.03981,1.2140,1237,903,780,0.88,74.83,49.92,13.62,139.24
seq-14/frame-000518,1,0.04982,1.3841,1681,1375,1199,0.94,92.19,76.01,17.62,186.77
seq-14/frame-000519,1,0.04649,1.2918,1805,1422,1230,0.94,96.59,95.44,19.72,212.69
seq-14/frame-000520,1,0.04677,1.2019,1728,1296,1131,0.94,90.39,84.59,17.89,193.81
seq-14/frame-000521,1,0.03845,1.3634,1337,915,775,0.89,73.98,66.71,13.90,155.49
seq-14/frame-000522,1,0.04694,1.4323,1348,944,799,0.98,74.24,63.16,22.29,160.68
seq-14/frame-000523,1,0.05649,1.6820,1739,1388,1213,0.93,83.18,80.53,15.93,180.56
seq-14/frame-000524,1,0.06097,1.7707,2172,1649,1416,0.94,93.91,116.61,19.86,231.32
seq-14/frame-000525,1,0.05531,1.7398,1626,1193,1012,0.91,80.98,97.78,14.24,193.91
seq-14/frame-000526,1,0.06339,2.0968,1294,930,796,0.89,78.93,68.31,17.35,165.48
seq-14/frame-000527,1,0.07500,2.3835,1266,944,784,0.88,72.55,73.01,14.03,160.46
seq-14/frame-000528,1,0.08032,2.5274,1507,1086,909,0.87,77.31,77.67,19.19,175.05
seq-14/frame-000529,1,0.08133,2.5263,1592,1116,939,0.89,81.68,97.01,10.89,190.47
seq-14/frame-000530,1,0.08219,2.5584,1471,1077,905,0.88,78.21,69.70,19.27,168.06
seq-14/frame-000531,1,0.09249,2.8094,1411,1035,879,0.86,74.08,79.54,28.88,183.37
seq-14/frame-000532,1,0.09761,3.0088,1870,1388,1162,0.89,87.68,119.88,12.66,221.11
seq-14/frame-000533,1,0.09363,2.4284,1623,1098,925,1.29,76.17,85.81,16.44,179.72
seq-14/frame-000534,1,0.10340,2.8040,1349,926,759,0.86,85.24,58.84,12.19,157.14
seq-14/frame-000535,1,0.10049,2.6162,1849,1286,1072,0.87,115.49,79.32,12.39,208.07
seq-14/frame-000536,1,0.10069,2.5210,2495,1739,1430,0.93,100.52,118.77,17.66,237.88
seq-14/frame-000537,1,0.10183,2.6160,2559,1699,1391,0.95,129.08,117.78,21.97,269.78
seq-14/frame-000538,1,0.10279,2.6831,2544,1683,1382,0.95,119.27,108.85,19.97,249.04
seq-14/frame-000539,1,0.10154,2.5185,2536,1632,1333,0.94,112.18,124.40,29.15,266.67
seq-14/frame-000540,1,0.09121,2.0922,1725,970,755,0.89,111.91,88.78,20.97,222.54
seq-14/frame-000541,1,0.10084,2.3814,1882,1163,925,1.28,87.74,89.44,14.94,193.40
seq-14/frame-000542,1,0.10080,2.4826,1983,1280,1038,0.90,89.00,80.25,19.67,189.84
seq-14/frame-000543,1,0.10508,2.4781,2673,1684,1381,16.50,120.56,133.72,14.58,285.36
seq-14/frame-000544,1,0.10689,2.5994,2684,1614,1320,0.95,107.31,151.34,18.85,278.46
seq-14/frame-000545,1,0.10527,2.5536,2381,1480,1221,0.93,111.20,124.53,14.95,251.62
seq-14/frame-000546,1,0.09022,1.5962,1523,832,625,0.86,91.74,90.85,20.62,204.08
seq-14/frame-000547,1,0.11084,2.6646,1796,1108,899,0.90,80.22,99.35,26.14,206.61
seq-14/frame-000548,1,0.11282,2.7792,2550,1563,1249,0.96,103.59,127.78,14.28,246.62
seq-14/frame-000549,1,0.11208,2.7180,2308,1377,1078,0.93,96.33,123.95,22.74,243.95
seq-14/frame-000550,1,0.10872,2.6433,2212,1338,1098,0.93,95.83,122.48,12.26,231.49
seq-14/frame-000551,1,0.11472,2.7452,2643,1603,1292,0.95,94.27,130.60,13.94,239.76
seq-14/frame-000552,1,0.11160,2.6889,2380,1524,1239,0.92,93.88,111.80,15.07,221.67
seq-14/frame-000553,1,0.10929,2.4991,1744,1213,1027,0.93,87.26,90.45,11.98,190.61
seq-14/frame-000554,1,0.10225,2.3416,1986,1318,1114,0.96,109.56,106.25,17.52,234.30
seq-14/frame-000555,1,0.09836,2.2076,1755,1199,1010,0.90,91.76,92.99,17.63,203.29
seq-14/frame-000556,1,0.09838,2.2672,1264,851,710,0.84,77.88,69.40,11.64,159.77
seq-14/frame-000557,1,0.09307,2.1472,1295,927,770,0.89,67.03,84.16,13.65,165.73
seq-14/frame-000558,1,0.08828,2.1594,1722,1210,1001,0.89,74.88,87.14,15.32,178.24
seq-14/frame-000559,1,0.09310,2.3248,1933,1200,982,1.06,124.11,102.06,14.94,242.17
seq-14/frame-000560,1,0.07882,1.8789,2059,1334,1091,0.89,98.66,110.30,23.26,233.11
seq-14/frame-000561,1,0.07997,2.0872,1681,1082,872,0.90,97.18,99.23,11.43,208.75
seq-14/frame-000562,1,0.08203,2.2157,1642,1045,855,0.92,82.13,91.11,18.16,192.32
seq-14/frame-000563,1,0.07468,1.9838,1456,1060,908,0.91,82.47,91.05,21.41,195.84
seq-14/frame-000564,1,0.07681,2.0948,2045,1389,1181,0.93,103.54,113.69,24.92,243.08
seq-14/frame-000565,1,0.07974,2.2075,2618,1727,1465,0.96,107.83,147.03,16.14,271.96
seq-14/frame-000566,1,0.08371,2.3011,2636,1821,1572,1.02,129.98,127.34,16.38,274.73
seq-14/frame-000567,1,0.07724,2.2035,2130,1475,1272,0.96,114.06,97.71,13.55,226.30
seq-14/frame-000568,1,0.08120,2.3574,1799,1270,1107,0.93,92.84,85.94,22.46,202.18
seq-14/frame-000569,1,0.08709,2.5395,2440,1679,1452,0.98,113.53,112.10,18.93,245.54
seq-14/frame-000570,1,0.08409,2.4731,2418,1681,1451,1.83,117.17,114.69,20.14,253.83
seq-14/frame-000571,1,0.09118,2.4806,2455,1682,1446,0.98,103.86,128.86,13.68,247.38
seq-14/frame-000572,1,0.07633,2.2354,2156,1547,1352,2.07,107.59,106.09,9.35,225.10
seq-14/frame-000573,1,0.07928,2.2991,2278,1608,1412,1.71,95.41,100.90,15.64,213.66
seq-14/frame-000574,1,0.07197,2.1257,1598,1177,1032,0.94,73.50,86.51,17.46,178.41
seq-14/frame-000575,1,0.06254,1.9525,1167,871,727,0.90,69.20,58.86,8.02,136.98
seq-14/frame-000576,1,0.06037,1.8686,1284,923,786,0.92,75.85,64.97,13.79,155.53
seq-14/frame-000577,1,0.06032,1.8007,1594,1197,1023,0.91,83.54,77.31,8.47,170.23
seq-14/frame-000578,1,0.06902,2.0419,1674,1295,1133,0.91,74.59,82.94,17.05,175.49
seq-14/frame-000579,1,0.05895,1.7293,1544,1194,1022,0.91,79.40,87.26,9.72,177.28
seq-14/frame-000580,1,0.05640,1.7549,1704,1354,1186,0.92,87.13,82.53,14.52,185.10
seq-14/frame-000581,1,0.06298,1.9957,1820,1452,1271,1.27,88.64,78.24,16.07,184.23
seq-14/frame-000582,1,0.06294,2.3837,1620,1294,1128,0.87,90.77,78.58,14.62,184.84
seq-14/frame-000583,1,0.06639,2.2659,1868,1472,1276,0.91,99.59,86.79,14.11,201.41
seq-14/frame-000584,1,0.06342,2.1896,1833,1451,1298,0.90,85.38,77.25,17.32,180.86
seq-14/frame-000585,1,0.06729,2.2948,1780,1408,1234,0.91,79.50,92.71,16.32,189.46
seq-14/frame-000586,1,0.07333,2.3537,1573,1245,1101,0.90,69.36,75.72,14.56,160.55
seq-14/frame-000587,1,0.07049,2.2881,1131,801,706,0.85,69.64,53.91,25.28,149.69
seq-14/frame-000588,1,0.08226,2.4570,1149,857,754,0.87,78.14,61.65,15.31,155.97
seq-14/frame-000589,1,0.07941,2.5469,1268,964,823,0.88,67.41,57.08,16.07,141.44
seq-14/frame-000590,1,0.08452,2.6341,1335,996,868,0.88,72.31,59.06,22.57,154.83
seq-14/frame-000591,1,0.09022,2.8992,1600,1136,1002,0.96,87.12,67.08,14.89,170.05
seq-14/frame-000592,1,0.09026,2.9372,1729,1276,1110,0.90,91.88,77.47,13.18,183.42
seq-14/frame-000593,1,0.08397,2.9097,2197,1575,1384,0.95,103.27,105.89,17.06,227.16
seq-14/frame-000594,1,0.07821,2.7312,2142,1539,1365,0.95,93.96,99.01,23.57,217.51
seq-14/frame-000595,1,0.08183,2.8727,1767,1193,1040,0.89,90.38,75.90,12.31,179.47
seq-14/frame-000596,1,0.05429,2.4645,1085,788,650,0.87,80.06,48.90,15.66,145.50
seq-14/frame-000597,1,0.06929,2.6933,1454,1072,886,0.86,70.35,73.64,18.07,162.92
seq-14/frame-000598,1,0.07429,2.8057,2233,1609,1416,0.97,98.07,115.67,11.26,225.98
seq-14/frame-000599,1,0.05780,2.2998,1761,1427,1251,0.91,81.85,82.80,17.63,183.20
seq-14/frame-000600,1,0.07177,2.6975,2409,1747,1527,1.00,107.89,116.48,11.55,236.93
seq-14/frame-000601,1,0.06168,2.5228,2170,1579,1387,0.98,91.00,102.48,9.24,203.70
seq-14/frame-000602,1,0.06135,2.5281,1897,1362,1210,0.92,103.51,84.97,17.06,206.46
seq-14/frame-000603,1,0.06547,2.5850,2311,1681,1460,0.97,94.03,102.46,20.01,217.47
seq-14/frame-000604,1,0.06977,2.7178,2382,1749,1535,0.98,107.05,113.80,9.63,231.46
seq-14/frame-000605,1,0.06757,2.6208,2325,1712,1482,0.97,103.44,111.93,16.21,232.55
seq-14/frame-000606,1,0.07208,2.7370,2001,1587,1395,0.92,102.78,106.70,15.55,225.96
seq-14/frame-000607,1,0.06765,2.5691,1664,1321,1158,1.27,87.14,84.81,12.53,185.75
seq-14/frame-000608,1,0.06218,2.3505,1687,1360,1220,0.92,74.32,74.91,19.52,169.67
seq-14/frame-000609,1,0.06221,2.3571,1598,1314,1172,0.90,75.72,67.61,19.42,163.65
seq-14/frame-000610,1,0.07176,2.5341,2007,1509,1306,0.93,87.12,100.57,19.87,208.49
seq-14/frame-000611,1,0.08565,2.7574,2310,1614,1377,0.99,102.79,99.46,16.08,219.31
seq-14/frame-000612,1,0.07678,2.5540,1897,1550,1390,0.92,98.66,89.69,12.47,201.73
seq-14/frame-000613,1,0.07626,2.5179,1794,1517,1351,0.91,90.37,81.61,10.10,183.00
seq-14/frame-000614,1,0.07646,2.4196,1546,1287,1156,1.25,84.79,72.63,12.71,171.39
seq-14/frame-000615,1,0.07276,2.1564,1252,976,869,0.87,86.41,62.52,15.23,165.03
seq-14/frame-000616,1,0.07250,1.9076,1174,966,846,0.84,73.73,56.95,12.12,143.65
seq-14/frame-000617,1,0.08643,2.2158,1601,1322,1204,0.95,84.89,82.79,17.35,185.97
seq-14/frame-000618,1,0.09601,2.3246,1448,1196,1089,0.86,75.25,59.83,11.40,147.34
seq-14/frame-000619,1,0.08619,1.9866,1326,1074,961,0.84,76.72,67.98,12.86,158.40
seq-14/frame-000620,1,0.10079,2.2921,1727,1445,1285,0.91,100.22,100.34,20.85,222.32
seq-14/frame-000621,1,0.09224,2.0141,1338,1076,942,0.85,74.29,62.13,8.12,145.40
seq-14/frame-000622,1,0.09005,1.9081,1282,1018,880,0.83,65.74,62.24,8.48,137.30
seq-14/frame-000623,1,0.10020,2.2181,1535,1168,1019,0.85,83.24,90.36,14.66,189.11
seq-14/frame-000624,1,0.08995,1.8957,1447,1099,924,0.84,88.17,91.25,18.76,199.02
seq-14/frame-000625,1,0.09573,2.0058,1603,1304,1105,0.87,94.91,101.08,18.87,215.73
seq-14/frame-000626,1,0.09647,2.0206,1335,1055,917,0.86,67.64,75.40,19.14,163.03
seq-14/frame-000627,1,0.09937,2.0544,1197,953,793,0.88,82.19,70.09,13.86,167.02
seq-14/frame-000628,1,0.10175,2.2523,1201,905,749,0.86,70.48,67.90,12.83,152.06
seq-14/frame-000629,1,0.10548,2.3326,1122,769,613,1.12,79.56,72.84,15.55,169.07
seq-14/frame-000630,1,0.09544,2.1255,1499,1087,903,0.87,79.83,116.23,11.55,208.49
seq-14/frame-000631,1,0.09287,2.0764,1851,1406,1196,0.89,84.04,157.33,15.60,257.87
seq-14/frame-000632,1,0.08854,2.3173,1780,1317,1113,0.87,114.96,128.08,16.70,260.61
seq-14/frame-000633,1,0.09056,2.6312,1471,1105,914,0.86,107.29,106.93,12.92,228.01
seq-14/frame-000634,1,0.09911,3.0511,1313,900,739,0.87,109.41,95.69,17.52,223.49
seq-14/frame-000635,1,0.09212,2.6524,1352,915,732,0.86,88.72,98.52,27.89,215.99
seq-14/frame-000636,1,0.09331,2.4153,1698,1194,930,0.86,113.33,124.23,21.07,259.49
seq-14/frame-000637,1,0.09067,2.3429,1811,1239,1017,2.91,97.54,128.51,19.48,248.45
seq-14/frame-000638,1,0.09053,2.4508,1461,1034,851,0.87,86.76,124.20,20.73,232.56
seq-14/frame-000639,1,0.09668,2.6572,1170,766,606,1.18,87.61,88.96,22.87,200.62
seq-14/frame-000640,1,0.10756,2.7772,1242,826,647,0.87,117.22,69.97,17.25,205.32
seq-14/frame-000641,1,0.09528,2.3994,1974,1237,998,0.90,99.90,106.49,17.39,224.68
seq-14/frame-000642,1,0.10028,2.4446,2235,1396,1108,0.98,118.39,101.17,21.81,242.35
seq-14/frame-000643,1,0.10236,2.6753,2114,1471,1201,1.03,124.76,112.04,23.20,261.03
seq-14/frame-000644,1,0.10153,2.5882,1910,1200,973,0.90,89.38,99.33,12.90,202.52
seq-14/frame-000645,1,0.10072,2.6158,1496,983,777,0.87,81.16,83.45,22.07,187.55
seq-14/frame-000646,1,0.10527,2.8241,2032,1299,1014,0.90,83.95,94.12,27.07,206.05
seq-14/frame-000647,1,0.10155,2.8863,2510,1465,1111,1.04,112.75,121.78,13.85,249.41
seq-14/frame-000648,1,0.09067,2.7641,2272,1382,1043,0.93,104.87,121.71,9.35,236.87
seq-14/frame-000649,1,0.09702,3.0459,1736,1018,751,0.87,78.42,90.58,17.33,187.21
seq-14/frame-000650,1,0.08245,2.7106,1980,1096,775,0.87,85.91,119.27,23.29,229.34
seq-14/frame-000651,1,0.09749,2.8290,1824,1254,1018,0.89,95.96,114.17,14.23,225.25
seq-14/frame-000652,1,0.09848,2.7729,1824,1254,1018,0.88,81.01,125.07,15.46,222.42
seq-14/frame-000653,1,0.10781,2.9050,1556,1032,813,0.87,74.89,97.21,12.41,185.38
seq-14/frame-000654,1,0.09105,2.4301,1460,1042,789,1.22,99.85,88.19,18.16,207.43
seq-14/frame-000655,1,0.07714,2.3729,1722,964,674,1.43,81.01,105.63,17.77,205.85
seq-14/frame-000656,1,0.07745,2.3100,1722,964,674,1.06,96.30,93.34,13.63,204.33
seq-14/frame-000657,1,0.06250,2.3135,1091,548,370,0.82,78.08,59.28,15.58,153.76
seq-14/frame-000658,1,0.06694,1.9461,1576,845,586,0.85,71.79,79.91,17.01,169.56
seq-14/frame-000659,1,0.07560,1.9973,2155,1214,868,0.89,83.13,107.46,19.91,211.41
seq-14/frame-000660,1,0.07526,1.9085,2155,1214,868,0.91,91.84,107.08,19.08,218.91
seq-14/frame-000661,1,0.07628,1.9029,1764,1001,723,0.89,79.59,90.96,16.52,187.98
seq-14/frame-000662,1,0.06665,1.7780,1787,992,700,0.90,86.02,82.29,19.14,188.35
seq-14/frame-000663,1,0.06281,1.6597,1944,1245,953,1.26,95.01,107.96,21.54,225.77
seq-14/frame-000664,1,0.06445,2.6415,1710,1083,814,0.87,93.96,87.84,13.69,196.36
seq-14/frame-000665,1,0.07253,1.6212,1710,1083,814,0.84,101.72,90.28,11.39,204.23
seq-14/frame-000666,1,0.04946,1.4302,1588,1054,797,0.87,87.58,71.88,15.36,175.69
seq-14/frame-000667,1,0.04331,1.4788,1463,770,561,0.86,93.52,68.96,10.10,173.44
seq-14/frame-000668,1,0.03624,1.5759,1354,682,475,0.86,88.27,69.00,26.28,184.41
seq-14/frame-000669,1,0.05355,1.6445,1497,869,630,0.88,72.02,85.21,20.99,179.11
seq-14/frame-000670,1,0.05346,1.6778,1497,869,630,1.88,73.20,83.83,15.59,174.50
seq-14/frame-000671,1,0.06416,1.5750,1687,1064,814,0.88,79.34,81.45,18.10,179.78
seq-14/frame-000672,1,0.04433,1.3399,1395,808,588,1.20,72.83,80.16,21.15,175.34
seq-14/frame-000673,1,0.01628,1.0483,1253,642,442,0.88,79.42,62.15,11.06,153.51
seq-14/frame-000674,1,0.04267,0.7177,1474,872,624,0.88,85.68,84.59,20.62,191.77
seq-14/frame-000675,1,0.02666,0.6148,1301,836,647,0.85,82.24,56.48,14.51,154.07
seq-14/frame-000676,1,0.02670,0.6917,1013,603,439,0.81,69.55,62.65,13.31,146.32
seq-14/frame-000677,1,0.02728,1.0351,1013,603,439,0.76,62.94,50.08,13.58,127.37
seq-14/frame-000678,1,0.07198,2.0145,977,537,392,0.82,69.38,46.58,19.22,136.01
seq-14/frame-000679,1,0.04345,1.4368,920,559,410,0.81,62.72,42.26,22.13,127.92
seq-14/frame-000680,1,0.02549,0.3111,945,553,416,0.81,73.59,53.29,11.16,138.86
seq-14/frame-000681,1,0.02516,0.4925,1324,866,686,0.88,105.62,78.33,31.88,216.71
seq-14/frame-000682,1,0.05284,0.9085,1092,732,599,0.83,84.69,63.66,19.36,168.54
seq-14/frame-000683,1,0.06718,1.2873,1059,605,462,0.83,78.51,65.34,13.45,158.13
seq-14/frame-000684,1,0.04655,0.8452,1094,641,486,0.83,70.15,63.91,12.40,147.30
seq-14/frame-000685,1,0.04522,0.8797,1094,641,486,0.85,77.37,79.90,12.82,170.94
seq-14/frame-000686,1,0.03235,0.2532,1338,895,721,0.86,93.38,79.67,19.27,193.18
seq-14/frame-000687,1,0.05922,0.9503,1221,759,605,0.85,104.76,68.02,23.13,196.76
seq-14/frame-000688,1,0.05082,1.0103,1303,807,647,1.33,84.68,80.12,21.34,187.48
seq-14/frame-000689,1,0.04011,0.4117,1209,769,599,0.85,74.33,66.06,22.61,163.86
seq-14/frame-000690,1,0.06511,1.6028,1207,783,611,0.87,73.85,59.86,21.50,156.09
seq-14/frame-000691,1,0.05194,1.0543,1168,753,611,0.86,72.57,63.49,14.14,151.07
seq-14/frame-000692,1,0.07506,1.4667,1036,635,508,0.87,75.64,50.32,11.36,138.19
seq-14/frame-000693,1,0.07120,1.6696,1036,635,508,0.86,68.13,43.86,10.11,122.97
seq-14/frame-000694,1,0.07955,2.3190,1177,778,596,0.87,77.13,67.58,11.32,156.90
seq-14/frame-000695,1,0.08550,2.4189,1270,824,668,0.89,75.04,69.43,18.83,164.18
seq-14/frame-000696,1,0.06547,1.7837,1379,867,681,0.90,80.70,74.49,22.11,178.20
seq-14/frame-000697,1,0.06558,1.5215,1333,843,632,0.90,72.18,77.78,11.82,162.68
seq-14/frame-000698,1,0.07232,1.8846,1401,898,718,0.90,81.38,72.53,14.56,169.37
seq-14/frame-000699,1,0.08596,2.1072,1663,1148,921,0.89,77.10,85.19,26.46,189.65
seq-14/frame-000700,1,0.09251,2.3551,1490,930,734,0.92,72.34,77.95,11.38,162.59
seq-14/frame-000701,1,0.09521,2.4379,1526,958,766,0.90,70.35,73.93,26.54,171.72
seq-14/frame-000702,1,0.08192,2.1245,1521,878,699,0.91,83.11,72.53,23.76,180.31
seq-14/frame-000703,1,0.07754,2.7476,1521,878,699,0.91,68.77,77.35,22.44,169.47
seq-14/frame-000704,1,0.08136,1.9843,1443,902,711,0.90,79.24,84.21,22.96,187.31
seq-14/frame-000705,1,0.08600,2.0473,1423,784,592,0.88,87.49,72.97,13.08,174.43
seq-14/frame-000706,1,0.03524,0.8371,1290,778,568,1.31,67.30,68.12,12.84,149.57
seq-14/frame-000707,1,0.06221,1.3422,1162,738,594,0.85,63.57,54.01,28.15,146.59
seq-14/frame-000708,1,0.04748,1.3417,1035,628,479,0.85,61.05,53.26,20.94,136.10
seq-14/frame-000709,1,0.09436,2.5161,948,537,401,0.89,66.47,48.16,16.32,131.84
seq-14/frame-000710,1,0.04219,1.6151,940,467,334,0.83,65.07,53.70,11.69,131.29
seq-14/frame-000711,1,0.08887,2.6835,870,440,342,0.81,57.01,47.64,12.02,117.49
seq-14/frame-000712,1,0.12428,3.0718,979,465,337,0.84,75.66,50.77,15.67,142.95
seq-14/frame-000713,1,0.04080,1.3945,1212,694,525,0.86,62.63,71.12,13.90,148.52
seq-14/frame-000714,1,0.03421,1.0606,1119,618,448,1.91,81.69,52.02,14.09,149.72
seq-14/frame-000715,1,0.05942,2.0060,1064,578,425,0.83,77.55,50.47,10.70,139.55
seq-14/frame-000716,1,0.07446,2.4092,1063,554,410,0.83,63.82,54.02,15.66,134.33
seq-14/frame-000717,1,0.04018,1.2727,1052,598,454,0.85,61.75,56.41,10.52,129.53
seq-14/frame-000718,1,0.05085,1.5308,1521,876,656,0.89,91.90,75.90,12.18,180.87
seq-14/frame-000719,1,0.05604,1.6702,2145,1268,984,0.93,95.03,106.53,23.60,226.10
seq-14/frame-000720,1,0.04714,1.3485,1986,1189,917,0.92,103.76,91.37,14.66,210.72
seq-14/frame-000721,1,0.05130,1.4552,1711,1205,964,0.90,73.19,95.52,24.53,194.14
seq-14/frame-000722,1,0.03613,1.0563,1320,994,763,0.84,63.40,84.20,10.79,159.22
seq-14/frame-000723,1,0.04164,1.2467,1475,1032,835,1.91,79.83,72.46,19.41,173.61
seq-14/frame-000724,1,0.03959,0.7590,1768,1122,857,0.85,82.92,94.19,30.91,208.87
seq-14/frame-000725,1,0.01992,0.6117,1168,854,677,1.81,74.36,61.37,21.55,159.10
seq-14/frame-000726,1,0.02126,0.4518,1005,779,602,0.80,58.79,51.74,17.09,128.43
seq-14/frame-000727,1,0.01234,0.3544,1111,843,686,0.80,66.96,52.03,15.27,135.07
seq-14/frame-000728,1,0.03013,0.3749,1036,765,624,0.78,55.56,58.59,10.09,125.02
seq-14/frame-000729,1,0.04520,0.3027,2389,1550,1225,0.88,95.42,123.68,23.43,243.42
seq-14/frame-000730,1,0.04718,0.5292,2557,1754,1390,0.85,112.60,128.55,26.54,268.54
seq-14/frame-000731,1,0.02238,0.1284,1261,1047,850,0.82,69.57,64.68,16.36,151.44
seq-14/frame-000732,1,0.01805,0.8627,1199,876,687,0.82,68.80,52.26,14.74,136.63
seq-14/frame-000733,1,0.01926,0.8614,1040,704,539,0.80,58.41,52.57,9.27,121.05
seq-14/frame-000734,1,0.04183,1.5033,1785,1173,902,1.26,97.90,80.96,17.20,197.33
seq-14/frame-000735,1,0.06169,1.7965,2790,1585,1149,0.97,132.59,141.98,25.83,301.38
seq-14/frame-000736,1,0.03570,1.2938,2401,1534,1130,0.95,114.71,118.63,30.40,264.69
seq-14/frame-000737,1,0.06899,1.8483,2513,1636,1271,0.93,94.31,115.26,18.09,228.59
seq-14/frame-000738,1,0.06621,1.7457,2598,1738,1336,0.93,111.01,128.24,17.39,257.57
seq-14/frame-000739,1,0.06689,1.7776,2232,1496,1146,1.23,101.15,102.50,20.59,225.47
seq-14/frame-000740,1,0.07018,2.1021,1696,1118,876,0.90,76.88,98.33,16.73,192.85
seq-14/frame-000741,1,0.05271,2.0938,1945,1224,923,0.90,95.13,91.83,28.57,216.43
seq-14/frame-000742,1,0.06061,2.1410,2162,1429,1087,0.90,78.93,114.19,28.00,222.04
seq-14/frame-000743,1,0.05523,2.3927,1796,1175,905,0.90,75.89,91.52,18.92,187.23
seq-14/frame-000744,1,0.07227,2.7718,2274,1490,1120,0.93,97.33,124.85,12.07,235.18
seq-14/frame-000745,1,0.06307,2.8897,2393,1645,1258,0.92,105.58,123.70,20.74,250.94
seq-14/frame-000746,1,0.06042,3.1098,2305,1512,1131,0.94,96.22,114.14,27.41,238.72
seq-14/frame-000747,1,0.04337,2.9611,2324,1422,1069,0.96,105.98,111.92,25.56,244.42
seq-14/frame-000748,1,0.07524,3.4464,2285,1540,1196,0.98,107.31,102.77,16.20,227.27
seq-14/frame-000749,1,0.03900,2.9561,2423,1503,1135,0.96,106.86,123.77,24.12,255.72
seq-14/frame-000750,1,0.04273,2.9769,2524,1530,1141,1.08,95.42,126.70,21.48,244.69
seq-14/frame-000751,1,0.12039,4.8649,2370,1561,1098,0.93,104.52,112.96,22.77,241.20
seq-14/frame-000752,1,0.07363,3.7059,1730,1115,811,0.93,84.49,88.37,17.38,191.17
seq-14/frame-000753,1,0.10643,4.1071,1939,1203,815,1.02,88.24,92.77,19.59,201.63
seq-14/frame-000754,1,0.04766,3.3020,2574,1582,1125,1.00,101.55,121.70,22.08,246.33
seq-14/frame-000755,1,0.05473,3.4186,2516,1547,1145,1.01,115.69,118.32,15.60,250.62
seq-14/frame-000756,1,0.02956,1.2860,2297,1593,1123,1.21,99.14,104.06,23.30,227.71
seq-14/frame-000757,1,0.06089,3.4025,2484,1516,1076,0.99,121.47,101.74,28.07,252.28
seq-14/frame-000758,1,0.04230,1.8779,2565,1718,1176,0.96,118.87,121.47,16.43,257.73
seq-14/frame-000759,1,0.04333,1.8612,2565,1718,1176,0.95,117.55,124.04,16.59,259.13
seq-14/frame-000760,1,0.05746,3.5343,2345,1462,1059,0.93,112.08,97.49,21.73,232.23
seq-14/frame-000761,1,0.01862,1.2178,2379,1708,1191,0.87,102.19,124.45,16.05,243.57
seq-14/frame-000762,1,0.03501,1.7625,1701,1195,837,0.84,77.67,81.74,10.34,170.60
seq-14/frame-000763,1,0.02010,1.4196,1480,926,647,0.83,72.87,72.23,29.90,175.84
seq-14/frame-000764,1,0.01301,1.1627,2662,1826,1286,0.91,113.65,112.90,17.12,244.59
seq-14/frame-000765,1,0.01305,0.9300,3096,2041,1480,1.01,109.50,133.70,21.29,265.50
seq-14/frame-000766,1,0.03805,1.4947,3018,1903,1406,1.01,126.68,138.37,18.17,284.23
seq-14/frame-000767,1,0.01818,1.0765,3095,2057,1510,0.99,119.71,164.71,30.07,315.48
seq-14/frame-000768,1,0.01644,1.0399,2943,1946,1416,0.95,117.90,139.13,17.79,275.77
seq-14/frame-000769,1,0.01759,1.3208,2443,1786,1348,0.88,95.18,110.03,16.99,223.09
seq-14/frame-000770,1,0.02836,1.2861,2176,1479,1086,0.85,93.34,101.09,19.45,214.73
seq-14/frame-000771,1,0.00811,1.1632,2976,2198,1674,0.92,108.22,141.77,25.23,276.13
seq-14/frame-000772,1,0.01845,1.0039,2765,1998,1559,0.93,113.57,135.28,18.04,267.82
seq-14/frame-000773,1,0.01450,1.2112,2473,1725,1295,0.94,97.74,118.13,18.17,234.98
seq-14/frame-000774,1,0.00834,1.0803,2940,2102,1579,1.00,108.64,131.13,19.28,260.06
seq-14/frame-000775,1,0.00832,1.0054,3106,2192,1671,0.98,129.07,139.49,17.41,286.95
seq-14/frame-000776,1,0.01140,1.0443,3036,2112,1579,1.00,108.54,144.35,25.30,279.20
seq-14/frame-000777,1,0.00860,0.9572,2936,2043,1544,0.98,108.52,135.84,22.90,268.24
seq-14/frame-000778,1,0.01346,0.8807,2873,2038,1558,0.93,102.60,131.27,16.62,251.42
seq-14/frame-000779,1,0.01349,1.1127,2521,1806,1397,0.91,98.15,110.35,20.46,229.88
seq-14/frame-000780,1,0.00686,1.0019,2410,1877,1449,0.88,104.62,120.26,20.16,245.92
seq-14/frame-000781,1,0.00582,0.9788,2489,1899,1455,1.26,101.13,124.51,19.34,246.23
seq-14/frame-000782,1,0.00552,0.7854,2577,2043,1599,1.13,110.46,110.23,16.66,238.49
seq-14/frame-000783,1,0.00108,0.8211,2318,1816,1419,0.86,102.84,124.50,31.49,259.69
seq-14/frame-000784,1,0.01063,1.1461,2384,1726,1329,0.88,91.71,129.67,18.54,240.80
seq-14/frame-000785,1,0.00632,0.8803,2558,1978,1544,0.90,100.90,123.69,23.37,248.86
seq-14/frame-000786,1,0.00634,0.7878,2771,2042,1578,0.93,115.48,121.98,27.61,266.01
seq-14/frame-000787,1,0.01304,0.6375,2523,1912,1481,0.91,119.54,119.31,27.68,267.43
seq-14/frame-000788,1,0.01106,0.8332,2535,1843,1427,1.07,119.96,113.80,24.41,259.25
seq-14/frame-000789,1,0.01020,0.7989,2833,2099,1630,0.92,128.56,146.66,30.08,306.22
seq-14/frame-000790,1,0.01092,0.5732,2655,1995,1553,0.92,102.37,117.22,24.94,245.44
seq-14/frame-000791,1,0.01928,0.7736,2610,1913,1475,0.93,98.93,115.71,29.34,244.90
seq-14/frame-000792,1,0.01836,0.6467,2584,1880,1443,0.93,115.74,127.12,12.24,256.05
seq-14/frame-000793,1,0.02401,0.8564,2149,1490,1132,0.90,90.92,105.88,17.19,214.90
seq-14/frame-000794,1,0.02968,1.0295,2341,1664,1273,0.94,96.28,125.88,17.25,240.35
seq-14/frame-000795,1,0.02192,0.7673,2342,1684,1286,0.92,100.63,113.14,17.41,232.11
seq-14/frame-000796,1,0.02394,0.9031,2406,1759,1297,0.93,111.56,119.45,17.82,249.76
seq-14/frame-000797,1,0.02921,1.0391,2348,1656,1243,0.92,106.44,104.46,17.37,229.19
seq-14/frame-000798,1,0.03065,1.1376,2103,1427,1074,0.90,115.34,98.49,14.20,228.94
seq-14/frame-000799,1,0.04958,2.4662,2257,1494,1163,0.91,103.40,105.98,28.71,239.00
seq-14/frame-000800,1,0.02672,1.0196,2648,1856,1397,0.91,110.42,123.32,17.80,252.45
seq-14/frame-000801,1,0.04826,1.6346,2168,1422,1052,0.90,93.76,99.56,12.36,206.60
seq-14/frame-000802,1,0.03963,1.4010,2094,1397,1000,0.92,115.57,94.77,18.35,229.61
seq-14/frame-000803,1,0.05696,2.2638,2437,1680,1330,0.89,109.44,117.08,26.48,253.90
seq-14/frame-000804,1,0.05747,2.4024,2522,1797,1396,0.91,90.66,115.75,31.88,239.20
seq-14/frame-000805,1,0.02296,1.4486,2719,1927,1411,0.92,121.21,134.51,20.79,277.43
seq-14/frame-000806,1,0.07923,1.0869,2872,1916,1481,0.94,116.75,117.18,23.49,258.36
seq-14/frame-000807,1,0.07673,0.9705,2376,1606,1249,0.93,102.75,109.75,25.40,238.83
seq-14/frame-000808,1,0.07830,0.7708,2335,1613,1252,0.89,112.76,117.12,16.10,246.89
seq-14/frame-000809,1,0.03823,1.9291,2384,1621,1171,0.89,101.31,106.47,23.45,232.13
seq-14/frame-000810,1,0.03485,2.3170,2238,1484,1020,0.89,81.88,98.15,15.74,196.66
seq-14/frame-000811,1,0.07643,0.8859,2743,1889,1467,0.97,118.89,145.31,23.70,288.88
seq-14/frame-000812,1,0.03198,2.2451,2959,1941,1314,0.95,110.37,159.80,25.38,296.51
seq-14/frame-000813,1,0.07831,0.9575,2491,1746,1375,0.93,98.33,121.56,27.21,248.02
seq-14/frame-000814,1,0.07892,0.9965,2491,1746,1375,0.93,91.27,118.70,24.35,235.25
seq-14/frame-000815,1,0.07589,1.3095,2874,1899,1470,0.99,108.30,151.02,32.08,292.39
seq-14/frame-000816,1,0.07906,1.1282,2853,1919,1491,0.95,105.59,135.76,19.46,261.77
seq-14/frame-000817,1,0.07845,1.2238,2860,1969,1529,0.96,106.29,133.15,22.44,262.84
seq-14/frame-000818,1,0.07268,1.1495,2915,1805,1424,0.97,116.83,133.05,38.08,288.93
seq-14/frame-000819,1,0.07456,1.2390,2947,2006,1581,0.96,119.18,126.67,26.81,273.62
seq-14/frame-000820,1,0.03733,1.5668,3044,2049,1454,0.92,127.09,149.14,21.31,298.47
seq-14/frame-000821,1,0.07058,1.0741,2964,2055,1644,0.98,108.65,136.31,19.57,265.51
seq-14/frame-000822,1,0.07442,1.1025,2845,1892,1485,0.99,109.93,134.16,23.68,268.77
seq-14/frame-000823,1,0.07554,1.3510,3053,2021,1592,0.95,114.17,147.59,17.59,280.31
seq-14/frame-000824,1,0.06974,0.7413,2833,2010,1601,0.91,100.79,143.04,22.68,267.42
seq-14/frame-000825,1,0.03558,1.5662,2599,1765,1279,0.90,97.37,116.20,18.75,233.22
seq-14/frame-000826,1,0.07135,0.8783,2328,1570,1247,1.10,104.05,106.42,23.34,234.91
seq-14/frame-000827,1,0.06101,0.5070,2138,1509,1225,1.24,101.55,94.51,21.52,218.83
seq-14/frame-000828,1,0.06045,0.6374,2003,1365,1051,0.88,102.08,95.71,19.25,217.92
seq-14/frame-000829,1,0.06241,0.7074,2130,1520,1208,0.87,97.52,94.50,25.32,218.21
seq-14/frame-000830,1,0.05750,0.6758,2153,1513,1203,0.86,111.85,108.67,19.18,240.57
seq-14/frame-000831,1,0.03118,0.6704,1794,1181,947,0.84,81.11,80.08,21.61,183.66
seq-14/frame-000832,1,0.03629,1.2658,1529,1041,783,0.84,79.47,72.89,16.64,169.83
seq-14/frame-000833,1,0.02916,1.0345,1640,1076,839,0.84,80.55,84.26,14.10,179.75
seq-14/frame-000834,1,0.02685,1.0578,1937,1255,991,0.88,82.45,95.33,16.30,194.96
seq-14/frame-000835,1,0.05076,1.2769,2163,1428,1126,0.91,102.60,105.44,19.46,228.42
seq-14/frame-000836,1,0.02153,1.0664,2023,1340,1053,0.89,87.54,77.17,20.30,185.90
seq-14/frame-000837,1,0.01354,0.8638,1682,1133,872,0.86,91.02,78.04,23.52,193.44
seq-14/frame-000838,1,0.02907,0.7735,1540,1038,818,0.84,87.40,75.08,21.31,184.64
seq-14/frame-000839,1,0.02164,0.9941,1540,1036,825,0.84,74.45,71.06,8.31,154.67
seq-14/frame-000840,1,0.01054,0.7310,1958,1225,930,0.88,97.99,96.30,18.04,213.21
seq-14/frame-000841,1,0.04425,1.1972,2703,1776,1437,0.92,106.73,140.28,22.41,270.34
seq-14/frame-000842,1,0.04004,1.1122,2846,2042,1708,0.92,107.95,140.83,17.73,267.44
seq-14/frame-000843,1,0.01169,0.9374,1967,1346,1071,0.87,87.80,95.23,14.63,198.54
seq-14/frame-000844,1,0.01153,0.8808,1921,1220,952,0.89,80.11,79.64,19.92,180.56
seq-14/frame-000845,1,0.02507,1.0174,2671,1705,1331,0.95,103.89,142.75,22.05,269.64
seq-14/frame-000846,1,0.02586,1.1140,2939,2070,1682,0.94,117.51,133.16,20.77,272.39
seq-14/frame-000847,1,0.01088,0.7348,1990,1313,1033,0.90,95.77,76.94,10.28,183.89
seq-14/frame-000848,1,0.00924,0.6759,1656,1047,813,0.89,83.10,78.02,15.42,177.45
seq-14/frame-000849,1,0.01276,0.8573,2059,1294,1015,0.90,93.00,94.92,12.93,201.76
seq-14/frame-000850,1,0.01426,0.8349,2530,1730,1382,0.94,104.48,121.86,24.26,251.53
seq-14/frame-000851,1,0.01751,0.7926,2460,1640,1336,0.93,99.89,112.57,15.86,229.25
seq-14/frame-000852,1,0.00908,0.7777,2053,1393,1098,0.94,88.58,90.26,13.15,192.94
seq-14/frame-000853,1,0.02541,0.8073,2528,1777,1444,0.95,108.35,115.60,25.50,250.40
seq-14/frame-000854,1,0.01885,0.7668,3087,2055,1655,1.01,115.24,155.66,30.05,301.97
seq-14/frame-000855,1,0.02064,0.5900,2654,1903,1564,0.94,124.21,121.08,15.32,261.55
seq-14/frame-000856,1,0.03237,0.7389,1701,1046,823,0.88,91.23,80.33,9.93,182.36
seq-14/frame-000857,1,0.01310,0.5588,2198,1423,1133,0.93,94.17,106.82,17.98,219.90
seq-14/frame-000858,1,0.01835,0.7594,3114,2071,1688,1.01,119.56,130.97,24.44,275.98
seq-14/frame-000859,1,0.03002,0.7176,2883,1972,1613,0.96,113.66,127.86,19.40,261.89
seq-14/frame-000860,1,0.01982,0.4258,2256,1513,1239,0.92,96.64,110.42,12.82,220.81
seq-14/frame-000861,1,0.01991,0.3348,2177,1375,1075,0.94,97.31,109.28,22.36,229.89
seq-14/frame-000862,1,0.01962,0.5619,2591,1655,1330,0.99,107.54,123.43,20.77,252.73
seq-14/frame-000863,1,0.02264,0.4432,2523,1688,1353,0.95,110.20,112.37,15.34,238.87
seq-14/frame-000864,1,0.01739,0.3595,1714,1151,870,1.52,82.51,88.76,12.63,185.42
seq-14/frame-000865,1,0.00974,0.2849,1576,948,732,0.86,75.60,73.64,10.11,160.22
seq-14/frame-000866,1,0.02256,0.3151,2440,1563,1240,0.92,115.78,118.13,23.87,258.70
seq-14/frame-000867,1,0.02201,0.2711,2942,1834,1466,0.95,109.87,135.53,14.82,261.17
seq-14/frame-000868,1,0.01376,0.2430,2224,1470,1182,0.93,102.66,118.45,23.31,245.35
seq-14/frame-000869,1,0.03263,1.0531,1570,960,758,0.89,91.86,71.32,13.51,177.58
seq-14/frame-000870,1,0.00304,0.4184,1754,1093,826,0.87,83.52,82.43,11.09,177.92
seq-14/frame-000871,1,0.00969,0.3992,2496,1557,1193,0.93,113.30,108.94,24.34,247.51
seq-14/frame-000872,1,0.01361,0.5330,2261,1570,1216,0.96,97.43,107.62,17.51,223.51
seq-14/frame-000873,1,0.03631,0.5670,1839,1064,797,0.85,79.32,92.74,25.50,198.42
seq-14/frame-000874,1,0.06964,1.0756,1764,1044,754,0.90,79.32,87.95,11.61,179.78
seq-14/frame-000875,1,0.05903,0.9564,1628,847,587,0.86,75.90,79.01,11.96,167.73
seq-14/frame-000876,1,0.01150,0.5396,2049,1260,960,0.91,89.90,96.40,14.75,201.97
seq-14/frame-000877,1,0.03924,0.6508,2383,1433,1050,0.90,95.83,102.30,21.52,220.55
seq-14/frame-000878,1,0.02410,0.7466,3153,1592,1109,1.31,127.00,132.05,24.95,285.32
seq-14/frame-000879,1,0.05412,1.4963,3422,1800,1250,1.06,131.91,165.35,24.44,322.76
seq-14/frame-000880,1,0.02333,0.7820,3349,1748,1220,0.99,119.84,155.34,26.85,303.02
seq-14/frame-000881,1,0.02028,0.7574,3155,1753,1255,0.98,128.66,162.83,31.67,324.14
seq-14/frame-000882,1,0.01979,0.7349,3125,1646,1149,0.98,108.54,143.61,36.16,289.29
seq-14/frame-000883,1,0.01475,0.4727,2412,1289,901,0.91,113.57,121.42,21.99,257.89
seq-14/frame-000884,1,0.03941,0.8799,1939,862,510,0.89,102.67,94.95,25.25,223.77
seq-14/frame-000885,1,0.02419,1.0316,2619,1019,556,0.96,104.64,122.65,12.84,241.11
seq-14/frame-000886,1,0.10133,2.6286,3439,1594,1014,1.04,112.41,230.34,18.65,362.44
seq-14/frame-000887,1,0.02952,1.0508,3518,1652,1064,1.09,123.21,197.77,28.74,350.81
seq-14/frame-000888,1,0.02740,1.0190,3496,1634,1047,1.07,137.46,216.30,24.87,379.69
seq-14/frame-000889,1,0.03705,1.2070,3472,1638,1050,1.03,146.76,208.54,32.25,388.57
seq-14/frame-000890,1,0.03779,1.1107,3232,1664,1116,1.06,144.18,191.39,25.72,362.35
seq-14/frame-000891,1,0.02259,0.9122,3452,1670,1089,1.04,139.41,207.53,19.21,367.20
seq-14/frame-000892,1,0.09493,2.4869,3421,1571,1032,1.08,139.55,195.49,30.16,366.28
seq-14/frame-000893,1,0.01804,0.9849,3188,1606,1043,1.14,120.57,177.49,30.67,329.87
seq-14/frame-000894,1,0.18436,4.4220,3400,1424,789,1.06,165.03,178.90,30.64,375.64
seq-14/frame-000895,1,0.08093,2.2834,3504,1659,1074,1.06,157.11,202.59,47.50,408.26
seq-14/frame-000896,1,0.06986,1.9018,3312,1539,998,1.04,114.02,200.46,19.63,335.17
seq-14/frame-000897,1,0.08194,2.1767,3274,1639,1082,1.08,117.96,227.18,28.39,374.62
seq-14/frame-000898,1,0.06429,1.7410,3137,1492,987,1.04,162.93,246.19,16.85,427.01
seq-14/frame-000899,1,0.06704,1.9412,2900,1493,1050,0.96,149.83,154.46,12.11,317.37
seq-14/frame-000900,1,0.07217,2.0257,3185,1581,1111,1.25,156.76,233.34,24.28,415.64
seq-14/frame-000901,1,0.07616,2.0583,3660,1662,1079,1.06,157.34,247.05,24.05,429.50
seq-14/frame-000902,1,0.10153,2.6038,3857,1762,1177,1.64,184.07,280.22,14.98,480.92
seq-14/frame-000903,1,0.08577,2.1627,3489,1702,1152,1.03,144.83,262.52,19.80,428.18
seq-14/frame-000904,1,0.09130,2.3352,3597,1729,1170,1.05,169.96,256.13,25.45,452.59
seq-14/frame-000905,1,0.08905,2.4318,3627,1786,1217,1.02,131.87,275.18,30.53,438.60
seq-14/frame-000906,1,0.09808,2.5124,3627,1771,1213,1.08,177.62,197.93,24.77,401.41
seq-14/frame-000907,1,0.08313,2.2870,3127,1539,1066,1.02,162.02,182.09,28.28,373.41
seq-14/frame-000908,1,0.08044,2.3154,3036,1560,1082,0.97,166.75,175.08,21.91,364.72
seq-14/frame-000909,1,0.07878,2.2665,3652,1807,1243,1.08,165.57,191.69,35.06,393.40
seq-14/frame-000910,1,0.00795,0.7799,3353,1917,1322,1.02,144.62,180.97,15.72,342.34
seq-14/frame-000911,1,0.08910,2.2942,3105,1750,1253,1.01,124.69,167.77,21.34,314.82
seq-14/frame-000912,1,0.01683,1.2936,2685,1425,921,1.00,114.79,140.15,22.46,278.40
seq-14/frame-000913,1,0.08524,2.1451,3044,1540,1045,0.98,131.40,141.73,11.65,285.76
seq-14/frame-000914,1,0.08627,2.1781,3146,1704,1159,1.03,117.90,158.51,12.75,290.19
seq-14/frame-000915,1,0.07780,2.0472,3113,1843,1306,1.02,110.58,158.78,21.32,291.69
seq-14/frame-000916,1,0.06432,1.6578,3010,1774,1324,0.99,121.30,164.58,29.29,316.16
seq-14/frame-000917,1,0.07557,1.9983,2851,1864,1448,1.10,116.90,146.14,20.55,284.69
seq-14/frame-000918,1,0.07608,2.0795,2903,1843,1400,0.98,111.65,157.77,10.66,281.07
seq-14/frame-000919,1,0.02192,0.9176,2619,1790,1407,1.09,125.30,136.84,18.60,281.85
seq-14/frame-000920,1,0.02470,1.0324,1895,1114,837,0.89,79.89,114.01,16.49,211.28
seq-14/frame-000921,1,0.01210,0.8846,2804,1712,1228,0.95,108.44,156.33,21.14,286.86
seq-14/frame-000922,1,0.07097,1.6741,3013,1708,1206,1.03,108.11,164.60,22.69,296.43
seq-14/frame-000923,1,0.01301,0.8037,2513,1613,1274,0.92,106.03,146.54,15.19,268.69
seq-14/frame-000924,1,0.01163,0.7474,3131,2090,1563,1.17,121.40,183.69,31.14,337.40
seq-14/frame-000925,1,0.01369,0.9034,2873,1778,1365,0.99,98.08,179.86,23.17,302.11
seq-14/frame-000926,1,0.01527,0.8381,1949,1299,1035,0.89,79.36,100.52,17.45,198.23
seq-14/frame-000927,1,0.01811,0.9473,2075,1380,1074,1.38,89.40,110.18,17.26,218.36
seq-14/frame-000928,1,0.01949,0.9677,2510,1755,1410,0.94,99.22,185.51,29.28,314.96
seq-14/frame-000929,1,0.01847,0.9297,3039,1775,1352,0.99,119.00,188.47,23.44,331.90
seq-14/frame-000930,1,0.01370,0.7823,3249,2133,1655,1.06,161.22,193.38,17.39,373.05
seq-14/frame-000931,1,0.01327,0.7954,3328,2157,1664,1.07,173.16,170.76,15.79,360.79
seq-14/frame-000932,1,0.01271,0.6239,3287,1939,1473,1.04,152.17,198.50,23.96,375.68
seq-14/frame-000933,1,0.01796,0.5065,3296,2095,1650,1.04,158.98,180.66,18.60,359.28
seq-14/frame-000934,1,0.01916,0.6715,2940,1988,1558,0.97,156.94,154.28,26.54,338.73
seq-14/frame-000935,1,0.02899,0.8191,2630,1679,1277,0.95,156.68,133.92,17.87,309.42
seq-14/frame-000936,1,0.01982,0.6293,3065,1986,1559,1.01,148.48,175.13,20.02,344.65
seq-14/frame-000937,1,0.01967,0.6302,3013,1950,1549,1.29,152.99,174.66,17.08,346.01
seq-14/frame-000938,1,0.01714,0.5498,3302,2105,1660,1.44,115.60,175.87,14.23,307.15
seq-14/frame-000939,1,0.01758,0.4413,3316,2158,1682,1.03,132.18,197.62,16.59,347.42
seq-14/frame-000940,1,0.00961,0.4142,2940,1850,1440,0.99,128.71,128.88,21.44,280.02
seq-14/frame-000941,1,0.00916,0.6299,2727,1635,1307,0.99,133.90,138.67,18.20,291.76
seq-14/frame-000942,1,0.01409,0.4392,3325,2171,1739,1.06,145.55,163.66,22.90,333.18
seq-14/frame-000943,1,0.01204,0.4569,3127,1928,1560,1.02,141.96,146.94,31.69,321.62
seq-14/frame-000944,1,0.01626,0.5690,3160,1971,1572,1.28,116.05,158.19,28.05,303.57
seq-14/frame-000945,1,0.01505,0.6439,2810,1687,1325,1.00,117.30,131.70,16.80,266.81
seq-14/frame-000946,1,0.01579,0.7102,2123,1392,1142,0.93,91.05,107.82,31.14,230.95
seq-14/frame-000947,1,0.01460,0.7437,1631,876,688,0.89,90.51,84.17,21.77,197.35
seq-14/frame-000948,1,0.01780,0.5790,1568,846,614,0.84,78.21,74.96,33.97,187.99
seq-14/frame-000949,1,0.01734,0.8800,2027,902,633,0.89,98.46,101.72,14.60,215.68
seq-14/frame-000950,1,0.02419,0.8199,2277,1397,1109,0.90,87.97,142.48,17.28,248.63
seq-14/frame-000951,1,0.02648,0.7109,1880,890,642,0.89,81.97,107.50,16.24,206.59
seq-14/frame-000952,1,0.03443,0.8677,2586,1323,983,0.91,105.54,131.26,36.39,274.10
seq-14/frame-000953,1,0.01891,0.8831,2341,1447,1124,0.92,107.47,130.26,32.86,271.52
seq-14/frame-000954,1,0.03296,0.9182,1636,971,725,0.84,78.31,104.48,11.33,194.96
seq-14/frame-000955,1,0.02380,0.8498,1819,902,650,1.08,91.26,93.47,13.61,199.42
seq-14/frame-000956,1,0.03425,1.0042,2078,1044,802,0.90,83.58,103.79,13.51,201.79
seq-14/frame-000957,1,0.03239,0.8947,2305,1238,946,0.93,99.81,117.99,22.12,240.85
seq-14/frame-000958,1,0.03249,0.8368,1761,929,745,0.91,80.40,91.87,10.00,183.18
seq-14/frame-000959,1,0.03943,1.0024,1666,1031,813,0.87,76.14,75.31,16.16,168.48
seq-14/frame-000960,1,0.02924,1.1439,2031,1289,999,0.87,87.01,104.11,8.77,200.76
seq-14/frame-000961,1,0.03985,1.1971,1821,1080,840,0.86,75.91,85.87,8.55,171.19
seq-14/frame-000962,1,0.03888,1.2519,1774,1067,840,0.89,75.24,95.10,14.65,185.88
seq-14/frame-000963,1,0.04633,1.2460,1702,968,739,0.90,85.43,97.32,15.97,199.62
seq-14/frame-000964,1,0.04493,1.3450,1657,930,714,0.89,78.53,92.31,31.98,203.72
seq-14/frame-000965,1,0.04845,1.6399,1647,1099,763,0.90,88.18,79.66,19.40,188.14
seq-14/frame-000966,1,0.05480,1.4687,1892,1248,900,0.91,87.25,84.75,24.33,197.24
seq-14/frame-000967,1,0.04241,1.3141,2070,1474,1224,0.91,89.19,95.45,29.46,215.02
seq-14/frame-000968,1,0.03887,1.3012,2041,1478,1237,0.91,92.47,102.47,13.13,208.98
seq-14/frame-000969,1,0.04750,1.2627,1691,1204,993,0.89,78.56,96.41,18.92,194.79
seq-14/frame-000970,1,0.04112,1.2478,1843,1401,1176,0.90,86.30,86.46,17.08,190.75
seq-14/frame-000971,1,0.04837,1.3618,1671,1226,1013,0.89,77.34,70.67,15.38,164.28
seq-14/frame-000972,1,0.04812,1.3088,1346,996,812,0.85,78.97,65.68,19.21,164.71
seq-14/frame-000973,1,0.05003,1.3314,1363,985,793,0.85,93.36,60.19,18.51,172.93
seq-14/frame-000974,1,0.04957,1.4433,1596,1281,1080,1.35,91.45,84.34,14.56,191.71
seq-14/frame-000975,1,0.05144,1.4937,1744,1352,1156,0.89,82.80,88.80,19.72,192.21
seq-14/frame-000976,1,0.05591,1.6136,1409,1114,943,0.80,84.37,77.12,17.38,179.68
seq-14/frame-000977,1,0.06016,1.8089,1726,1381,1199,0.84,86.17,79.52,19.64,186.17
seq-14/frame-000978,1,0.06326,1.8267,1440,1125,964,0.81,72.26,76.21,17.25,166.54
seq-14/frame-000979,1,0.06980,1.9563,1153,792,637,0.78,66.98,53.57,9.49,130.83
seq-14/frame-000980,1,0.05875,1.5371,2092,1589,1312,0.88,88.13,111.70,14.71,215.43
seq-14/frame-000981,1,0.05806,1.5783,1976,1476,1214,0.87,90.44,91.33,16.97,199.61
seq-14/frame-000982,1,0.06307,1.5570,1819,1335,1060,0.85,77.33,86.87,13.00,178.06
seq-14/frame-000983,1,0.05761,1.3887,2179,1658,1348,0.88,97.54,97.56,15.01,211.00
seq-14/frame-000984,1,0.05626,1.4466,2320,1675,1348,1.23,101.55,112.20,15.41,230.39
seq-14/frame-000985,1,0.05368,1.3175,2407,1749,1382,1.11,102.48,128.74,24.40,256.74
seq-14/frame-000986,1,0.05207,1.2583,2685,1920,1470,1.53,110.42,132.59,16.64,261.19
seq-14/frame-000987,1,0.04885,1.2470,2773,1872,1431,0.94,115.71,141.73,25.44,283.82
seq-14/frame-000988,1,0.04991,1.2477,2776,2040,1579,0.96,127.67,143.28,19.31,291.22
seq-14/frame-000989,1,0.05005,1.1796,2658,1866,1460,0.95,120.30,135.76,20.82,277.84
seq-14/frame-000990,1,0.05128,1.2198,2478,1699,1300,0.93,108.84,121.52,30.96,262.25
seq-14/frame-000991,1,0.05265,1.2548,2677,1797,1320,0.93,104.65,125.53,20.49,251.61
seq-14/frame-000992,1,0.05099,1.3171,2935,1869,1329,0.96,99.37,146.10,24.09,270.53
seq-14/frame-000993,1,0.05570,1.3236,2856,1790,1288,0.97,117.45,144.56,12.34,275.33
seq-14/frame-000994,1,0.05600,1.2921,2741,1831,1357,0.94,106.77,120.72,19.97,248.40
seq-14/frame-000995,1,0.05848,1.3572,2536,1723,1272,0.93,104.10,116.47,13.51,235.01
seq-14/frame-000996,1,0.08915,1.8727,2920,1885,1274,0.96,115.81,119.85,17.25,253.87
seq-14/frame-000997,1,0.05418,1.3494,2914,1988,1391,0.96,112.00,118.43,18.41,249.81
seq-14/frame-000998,1,0.05955,1.4756,2861,1951,1336,0.93,112.66,103.38,19.64,236.61
seq-14/frame-000999,1,0.05319,1.3705,2918,1954,1329,0.96,106.29,104.23,15.42,226.89
