frame,ok,trans_err_m,rot_err_deg,keypoints,matches,inliers,ms_decode,ms_extract,ms_match,ms_pose,ms_total,qw,qx,qy,qz,tx,ty,tz
seq-01/frame-000000,1,0.03445506,1.116423,1549,809,580,1.64,114.55,64.19,10.78,191.16,0.964533460,-0.195492783,0.138253053,0.111102971,-1.5022410,-0.5297007,-0.0555329
seq-01/frame-000001,1,0.01479187,0.544681,1603,825,603,1.32,106.73,69.63,18.46,196.15,0.965425266,-0.191076819,0.136169504,0.113585078,-1.4936616,-0.5058797,-0.0439756
seq-01/frame-000002,1,0.01447359,0.321331,1545,805,593,1.28,92.52,75.14,10.56,179.51,0.966246258,-0.186070957,0.137454918,0.113366284,-1.4959663,-0.4878688,-0.0448309
seq-01/frame-000003,1,0.01343208,0.513516,1518,795,577,1.06,123.05,59.03,10.91,194.05,0.965194601,-0.191060190,0.136696462,0.114932428,-1.4917426,-0.5079068,-0.0470835
seq-01/frame-000004,1,0.01148058,0.295022,1605,868,611,1.19,93.73,58.90,12.63,166.46,0.965784804,-0.187631817,0.138086771,0.113956381,-1.5000987,-0.4912964,-0.0511938
seq-01/frame-000005,1,0.00943335,0.370463,1613,843,588,1.08,123.79,69.88,18.22,212.97,0.965595971,-0.190359387,0.135458275,0.114187478,-1.4862430,-0.4994952,-0.0467323
seq-01/frame-000006,1,0.03827280,1.232649,1551,809,582,1.40,124.17,57.53,16.09,199.19,0.963739114,-0.197364131,0.138746211,0.114034245,-1.4953305,-0.5335950,-0.0543402
seq-01/frame-000007,1,0.01191115,0.383498,1624,886,608,1.18,101.85,63.80,16.34,183.18,0.965614035,-0.188752077,0.138789306,0.112693023,-1.4998854,-0.4926578,-0.0484556
seq-01/frame-000008,1,0.01968695,0.730168,1593,823,585,1.74,106.72,62.94,10.88,182.28,0.964550922,-0.194140947,0.136435825,0.115481931,-1.4875492,-0.5137007,-0.0466117
seq-01/frame-000009,1,0.02761203,0.841544,1589,810,559,0.84,112.93,61.17,15.92,190.86,0.964226846,-0.194413646,0.140441586,0.112898562,-1.5024980,-0.5197865,-0.0509293
seq-01/frame-000010,1,0.01573393,0.411412,1653,877,617,0.82,88.61,66.93,11.09,167.45,0.965375932,-0.188697931,0.139672082,0.113728226,-1.5000455,-0.4877081,-0.0477671
seq-01/frame-000011,1,0.03364933,1.052660,1584,821,542,1.13,89.92,67.05,17.94,176.04,0.964461789,-0.195721711,0.131307619,0.119435252,-1.4620948,-0.5111040,-0.0398888
seq-01/frame-000012,1,0.02173571,0.779196,1635,834,592,1.44,92.88,61.42,14.98,170.73,0.964152808,-0.194103412,0.140291782,0.114242916,-1.5015068,-0.5140038,-0.0514206
seq-01/frame-000013,1,0.02238129,0.671765,1625,837,574,0.81,77.59,69.49,14.51,162.40,0.964196595,-0.193474966,0.140650192,0.114498416,-1.5037195,-0.5123205,-0.0546048
seq-01/frame-000014,1,0.01493538,0.540268,1648,855,603,0.82,101.62,68.54,10.28,181.26,0.964705229,-0.191612168,0.140240876,0.113846802,-1.5024454,-0.4958502,-0.0490125
seq-01/frame-000015,1,0.05097608,1.470084,1554,820,573,0.82,96.62,62.62,11.88,171.93,0.962264302,-0.201121121,0.142677488,0.115068855,-1.5073142,-0.5424465,-0.0587167
seq-01/frame-000016,1,0.02918763,0.834859,1632,864,608,1.14,80.75,60.08,15.76,157.73,0.963454077,-0.196122802,0.141553714,0.115128773,-1.4999415,-0.5203451,-0.0609408
seq-01/frame-000017,1,0.03028968,0.952846,1653,889,630,0.83,84.95,63.42,12.12,161.31,0.962684485,-0.198027438,0.143100256,0.116387429,-1.5000276,-0.5224640,-0.0529019
seq-01/frame-000018,1,0.02184421,0.590594,1592,801,584,1.12,94.67,52.92,13.24,161.95,0.964205431,-0.188906819,0.145504825,0.115976061,-1.5046332,-0.4840184,-0.0494556
seq-01/frame-000019,1,0.01021540,0.228532,1620,842,605,1.14,90.45,63.96,11.01,166.56,0.963767158,-0.190781449,0.143207245,0.119360751,-1.4925300,-0.4860880,-0.0490744
seq-01/frame-000020,1,0.01385167,0.295061,1629,801,553,0.82,86.91,56.36,9.46,153.55,0.963513423,-0.192635655,0.144084899,0.117358131,-1.4929847,-0.4865031,-0.0443141
seq-01/frame-000021,1,0.01587148,0.376530,1616,857,603,0.81,90.36,54.62,10.09,155.88,0.963168633,-0.191519736,0.147854652,0.117325948,-1.4936431,-0.4835132,-0.0451274
seq-01/frame-000022,1,0.01899216,0.470615,1583,812,570,1.13,100.42,63.67,12.87,178.08,0.962444419,-0.196018520,0.143436651,0.121257607,-1.4690911,-0.4914731,-0.0373601
seq-01/frame-000023,1,0.01650996,0.494746,1464,782,542,0.81,72.33,58.47,7.84,139.46,0.962017442,-0.194572080,0.151223591,0.117454552,-1.4963421,-0.4912208,-0.0446426
seq-01/frame-000024,1,0.02028758,0.664271,1515,802,572,0.80,82.26,53.61,10.15,146.83,0.960285673,-0.197904556,0.157036640,0.118425952,-1.4968496,-0.5053995,-0.0495570
seq-01/frame-000025,1,0.00936230,0.184757,1609,806,576,1.14,91.60,74.63,13.88,181.26,0.960838495,-0.196072764,0.155048384,0.119602915,-1.4846387,-0.4873001,-0.0452280
seq-01/frame-000026,1,0.02077251,0.322074,1497,773,534,4.04,79.61,58.50,8.98,151.13,0.960535861,-0.197043550,0.153623168,0.122248198,-1.4652074,-0.4840504,-0.0337731
seq-01/frame-000027,1,0.02343685,0.465695,1654,835,600,0.82,92.35,63.75,11.75,168.67,0.959814837,-0.192738277,0.163196220,0.122370049,-1.4853514,-0.4750444,-0.0411529
seq-01/frame-000028,1,0.01331446,0.513349,1612,835,587,0.82,88.62,74.18,11.18,174.81,0.957845276,-0.199648602,0.163938453,0.125686305,-1.4732790,-0.5030247,-0.0333057
seq-01/frame-000029,1,0.01396087,0.647736,1580,805,563,1.14,85.70,64.34,19.00,170.18,0.957633583,-0.199643183,0.166250468,0.124263033,-1.4687775,-0.5102785,-0.0410165
seq-01/frame-000030,1,0.04315621,1.385040,1585,837,573,0.81,84.65,68.40,15.82,169.69,0.954953315,-0.204362523,0.173999512,0.126587102,-1.4737045,-0.5399667,-0.0496642
seq-01/frame-000031,1,0.03089040,1.052327,1600,820,559,0.81,78.86,56.13,11.10,146.91,0.954519598,-0.201668594,0.177618390,0.129127154,-1.4695667,-0.5269370,-0.0475074
seq-01/frame-000032,1,0.03199352,1.149711,1554,810,558,0.81,86.51,69.36,16.67,173.36,0.953839342,-0.202398458,0.178337198,0.131989462,-1.4546704,-0.5281400,-0.0470789
seq-01/frame-000033,1,0.01397030,0.604749,1607,822,566,0.81,95.00,71.42,7.83,175.06,0.953795675,-0.197672772,0.184299574,0.131274343,-1.4616687,-0.5111774,-0.0458059
seq-01/frame-000034,1,0.01475174,0.558870,1589,772,541,0.81,83.33,68.91,12.64,165.69,0.952484326,-0.195661103,0.189281417,0.136612179,-1.4440442,-0.5040192,-0.0429555
seq-01/frame-000035,1,0.01633071,0.808449,1665,849,582,0.82,80.62,54.80,10.24,146.48,0.950534539,-0.197755828,0.196583606,0.136863464,-1.4516800,-0.5149261,-0.0403810
seq-01/frame-000036,1,0.02977600,1.124250,1644,841,558,1.14,87.89,61.77,9.67,160.47,0.949744448,-0.199351239,0.198140548,0.137785671,-1.4421220,-0.5263477,-0.0461037
seq-01/frame-000037,1,0.00534279,0.447739,1769,841,566,0.82,84.60,63.67,14.07,163.17,0.949750784,-0.192664732,0.204372464,0.138150805,-1.4494328,-0.5016552,-0.0383401
seq-01/frame-000038,1,0.01819537,0.869281,1899,951,636,1.12,94.43,84.27,11.65,191.49,0.947130795,-0.195479380,0.212209808,0.140349798,-1.4447620,-0.5155836,-0.0364811
seq-01/frame-000039,1,0.01351343,0.725582,1850,951,627,0.81,79.83,70.92,15.01,166.57,0.946932777,-0.193359832,0.214265092,0.141494738,-1.4404964,-0.5123142,-0.0395060
seq-01/frame-000040,1,0.02295118,0.985834,1760,835,561,0.81,85.76,71.55,11.59,169.71,0.945831972,-0.194511385,0.216900451,0.143252909,-1.4326840,-0.5227829,-0.0394008
seq-01/frame-000041,1,0.01998506,0.924633,1775,846,553,0.82,93.84,68.25,11.21,174.12,0.945493479,-0.191322547,0.219751904,0.145419616,-1.4231578,-0.5159368,-0.0299418
seq-01/frame-000042,1,0.02516865,1.127439,1776,841,573,1.21,92.61,80.06,13.01,186.89,0.943551789,-0.189173751,0.229183895,0.146280740,-1.4289446,-0.5276385,-0.0359750
seq-01/frame-000043,1,0.02052089,0.992380,1753,831,544,0.82,90.56,63.91,15.01,170.30,0.943375944,-0.185803298,0.231539050,0.148015646,-1.4168215,-0.5212864,-0.0405697
seq-01/frame-000044,1,0.01370612,0.836452,1897,934,619,1.00,93.56,81.03,12.61,188.21,0.942493062,-0.182566602,0.238209987,0.147079117,-1.4229583,-0.5147000,-0.0328872
seq-01/frame-000045,1,0.01624161,0.851968,1881,821,537,0.81,102.75,78.86,13.34,195.78,0.940704244,-0.178910190,0.247236634,0.148123990,-1.4236016,-0.4982923,-0.0232956
seq-01/frame-000046,1,0.03117910,1.360234,1868,924,612,0.81,84.37,100.98,24.17,210.33,0.939269214,-0.182656607,0.252827369,0.143137099,-1.4228421,-0.5192949,-0.0140151
seq-01/frame-000047,1,0.02215771,1.383912,2241,1211,814,0.83,100.04,89.61,20.71,211.20,0.938563622,-0.182850003,0.254547370,0.144463975,-1.4156221,-0.5219536,-0.0282354
seq-01/frame-000048,1,0.03321376,1.659138,2163,1095,751,0.84,91.64,90.45,11.95,194.89,0.936843288,-0.184339694,0.260118116,0.143812711,-1.4190734,-0.5256426,-0.0131080
seq-01/frame-000049,1,0.01607679,1.387990,2087,1128,765,0.83,92.54,86.18,15.80,195.35,0.935315313,-0.179044835,0.266953483,0.147864971,-1.4089392,-0.5146705,-0.0219115
seq-01/frame-000050,1,0.01366703,1.401292,2225,1191,830,0.84,103.51,86.55,17.02,207.92,0.934572665,-0.179078634,0.268579968,0.149564627,-1.4040254,-0.5159507,-0.0306569
seq-01/frame-000051,1,0.03707682,1.939953,2188,1194,797,0.84,88.05,92.98,20.37,202.24,0.932295604,-0.185258431,0.271238550,0.151439327,-1.3949633,-0.5386539,-0.0228043
seq-01/frame-000052,1,0.01988385,1.709504,2159,1148,767,0.83,92.98,78.05,13.08,184.94,0.930545971,-0.179428239,0.279730319,0.153755165,-1.3952698,-0.5234751,-0.0255922
seq-01/frame-000053,1,0.01809761,1.637442,2207,1145,762,0.84,109.60,91.09,28.48,230.01,0.929579519,-0.177795827,0.282657806,0.156125355,-1.3888505,-0.5200271,-0.0285621
seq-01/frame-000054,1,0.01725941,1.227030,2074,1018,679,0.83,97.90,82.42,15.30,196.45,0.928222998,-0.173318605,0.289519439,0.156656381,-1.3992637,-0.5073564,-0.0212477
seq-01/frame-000055,1,0.02312916,1.220412,2008,933,623,0.84,86.28,76.58,8.89,172.60,0.924398084,-0.174740931,0.298193178,0.161352465,-1.3871722,-0.5133092,-0.0185680
seq-01/frame-000056,1,0.01805891,1.332167,1902,882,596,0.83,81.85,79.63,16.58,178.90,0.923288239,-0.176141631,0.300191961,0.162473814,-1.3739595,-0.5209523,-0.0296768
seq-01/frame-000057,1,0.00946120,1.410956,2036,1013,692,0.87,92.76,73.54,20.72,187.89,0.921761631,-0.173074489,0.305567640,0.164405398,-1.3764521,-0.5132104,-0.0293868
seq-01/frame-000058,1,0.01805880,1.461979,2060,1027,709,1.14,98.48,77.49,19.29,196.40,0.917556786,-0.173815253,0.315507201,0.168324116,-1.3708145,-0.5194883,-0.0218803
seq-01/frame-000059,1,0.02331329,1.276690,1990,979,663,1.16,75.23,69.73,10.82,156.95,0.916117594,-0.171278898,0.320464073,0.169395607,-1.3700797,-0.5162428,-0.0208931
seq-01/frame-000060,1,0.03083220,1.632657,2043,981,649,0.83,95.75,72.95,17.87,187.41,0.911693121,-0.174309033,0.330262024,0.171344707,-1.3643118,-0.5269493,-0.0141113
seq-01/frame-000061,1,0.03710359,1.724919,2116,965,618,0.83,99.96,68.37,16.31,185.48,0.908292834,-0.174983732,0.338707267,0.172227201,-1.3652816,-0.5292346,-0.0103272
seq-01/frame-000062,1,0.04526959,1.812957,1988,950,605,0.83,97.58,96.80,23.66,218.87,0.906196346,-0.175833542,0.343140059,0.173625021,-1.3607361,-0.5282051,-0.0066818
seq-01/frame-000063,1,0.04812729,2.287436,2127,1002,663,0.84,99.82,104.86,11.26,216.78,0.902662090,-0.178636878,0.350267973,0.174935313,-1.3513825,-0.5435112,-0.0063882
seq-01/frame-000064,1,0.05711265,2.209938,1946,1014,655,0.84,92.87,72.49,19.82,186.02,0.899290956,-0.176107413,0.357173870,0.180800391,-1.3479648,-0.5474828,-0.0097753
seq-01/frame-000065,1,0.05140885,2.256462,2080,1076,722,0.83,89.48,86.52,23.55,200.38,0.897073476,-0.175808832,0.362447129,0.181610878,-1.3519645,-0.5416641,0.0022058
seq-01/frame-000066,1,0.05999274,2.348949,1879,966,633,0.82,84.95,75.77,17.62,179.16,0.895613005,-0.177496171,0.362799524,0.186410731,-1.3248531,-0.5633140,-0.0164543
seq-01/frame-000067,1,0.06263366,2.056983,1958,1025,690,1.67,92.22,95.74,27.52,217.17,0.893416050,-0.170829639,0.371826134,0.185392346,-1.3417075,-0.5366916,0.0071405
seq-01/frame-000068,1,0.06058867,2.078673,2157,1184,816,1.38,103.13,81.20,17.13,202.83,0.891715437,-0.172040276,0.374609298,0.186851805,-1.3339644,-0.5514348,-0.0021297
seq-01/frame-000069,1,0.06487723,2.117460,2252,1182,816,0.85,96.94,83.72,21.34,202.85,0.889090432,-0.172266800,0.378249908,0.191753386,-1.3249222,-0.5607125,0.0019065
seq-01/frame-000070,1,0.16103524,4.092446,2115,1063,699,0.84,95.67,78.40,11.69,186.60,0.885379992,-0.183398208,0.369334003,0.214615383,-1.2570110,-0.6613519,-0.0174566
seq-01/frame-000071,1,0.06394641,2.161056,2212,1260,867,0.85,129.50,97.44,11.85,239.64,0.887226296,-0.167750659,0.383440941,0.194067671,-1.3180327,-0.5510393,-0.0035069
seq-01/frame-000072,1,0.06855727,2.153072,2099,1197,824,1.06,100.11,78.88,19.31,199.37,0.885417431,-0.169262100,0.384121712,0.199591646,-1.2895174,-0.5671199,-0.0019731
seq-01/frame-000073,1,0.07475416,2.464289,2078,1191,824,0.83,84.99,77.77,17.81,181.41,0.884902456,-0.170090767,0.385198343,0.199095480,-1.2860231,-0.5716752,-0.0065256
seq-01/frame-000074,1,0.07528349,2.437946,2054,1234,875,0.83,85.13,75.29,18.26,179.52,0.882838224,-0.167350217,0.390122205,0.200985672,-1.2918255,-0.5603717,0.0002808
seq-01/frame-000075,1,0.09623011,2.861662,2175,1247,860,0.84,94.68,93.65,19.82,209.01,0.880483882,-0.172313019,0.390783129,0.205778772,-1.2655266,-0.5904581,0.0076014
seq-01/frame-000076,1,0.06821927,2.065477,2224,1242,879,0.85,95.06,89.00,13.34,198.25,0.881538239,-0.166703439,0.390813747,0.205827383,-1.2643040,-0.5654049,-0.0002209
seq-01/frame-000077,1,0.08348201,2.636408,2123,1207,847,0.84,79.95,78.00,13.79,172.58,0.880733081,-0.169271115,0.390935576,0.206944206,-1.2505214,-0.5778778,0.0054891
seq-01/frame-000078,1,0.06682414,2.106166,2155,1272,903,1.18,94.16,79.70,28.16,203.20,0.881350535,-0.165293299,0.392406624,0.204734955,-1.2507941,-0.5623370,0.0031541
seq-01/frame-000079,1,0.07870508,2.523549,2114,1240,891,0.84,93.44,83.34,29.56,207.19,0.881242868,-0.169186116,0.389663870,0.207241728,-1.2227342,-0.5836934,-0.0018287
seq-01/frame-000080,1,0.07918301,2.575290,1820,1129,815,0.83,80.40,69.24,20.83,171.30,0.880165605,-0.164899127,0.394609769,0.205912399,-1.2333553,-0.5760014,0.0064101
seq-01/frame-000081,1,0.09020084,2.622790,2048,1223,897,1.16,99.56,83.69,24.13,208.54,0.878525997,-0.161488047,0.399268422,0.206635938,-1.2144802,-0.5727245,0.0263705
seq-01/frame-000082,1,0.08045259,2.460103,2073,1252,909,1.35,98.57,73.09,28.21,201.22,0.879449849,-0.162746311,0.397403052,0.205310535,-1.2198039,-0.5849408,0.0017701
seq-01/frame-000083,1,0.06520202,2.216940,1769,1155,855,0.82,93.75,72.09,10.25,176.92,0.880452873,-0.156558042,0.397409422,0.205810760,-1.1995412,-0.5733193,-0.0062769
seq-01/frame-000084,1,0.06185841,1.941997,1965,1242,920,0.84,86.91,69.99,21.22,178.97,0.879278243,-0.154315348,0.398181655,0.210968986,-1.1905201,-0.5839578,-0.0176055
seq-01/frame-000085,1,0.08049168,2.302137,1990,1251,915,0.84,104.73,73.74,32.41,211.72,0.876777141,-0.154560974,0.402224149,0.213514599,-1.1715980,-0.6047496,-0.0078396
seq-01/frame-000086,1,0.06622005,2.197704,1709,1113,825,1.22,85.24,67.85,18.98,173.29,0.876907142,-0.148862965,0.404353311,0.213007233,-1.1680092,-0.5854316,-0.0098942
seq-01/frame-000087,1,0.05765119,1.716336,2299,1432,1055,0.86,94.68,85.47,25.32,206.33,0.876855187,-0.140355501,0.406775022,0.214381426,-1.1636989,-0.5712493,-0.0151545
seq-01/frame-000088,1,0.05683726,1.762846,1862,1234,894,0.83,84.92,77.16,18.10,181.02,0.876300345,-0.138827820,0.408320928,0.214705755,-1.1452273,-0.5792982,-0.0200300
seq-01/frame-000089,1,0.04134759,1.441000,1781,1098,817,1.15,86.85,53.79,19.59,161.38,0.876281366,-0.136519979,0.409020760,0.214930872,-1.1409020,-0.5748658,-0.0336409
seq-01/frame-000090,1,0.04528023,1.455890,2215,1416,1044,0.85,93.14,82.74,24.18,200.92,0.873788316,-0.132765061,0.414348400,0.217216068,-1.1347523,-0.5734080,-0.0329421
seq-01/frame-000091,1,0.03700834,1.181820,2388,1473,1074,0.86,111.31,95.55,18.66,226.39,0.873377465,-0.132067178,0.414914653,0.218210668,-1.1146845,-0.5658204,-0.0361588
seq-01/frame-000092,1,0.04200162,1.446237,2286,1446,1053,0.86,95.53,83.60,17.12,197.11,0.871909447,-0.135227296,0.415738269,0.220565603,-1.1083951,-0.5822803,-0.0419246
seq-01/frame-000093,1,0.04197855,1.305546,2206,1434,1042,1.28,94.18,81.25,18.41,195.12,0.870388771,-0.129267942,0.420274196,0.221546352,-1.1099731,-0.5705698,-0.0363582
seq-01/frame-000094,1,0.04421092,1.513825,2227,1473,1104,0.84,104.65,94.99,27.48,227.96,0.868766944,-0.129549950,0.423021560,0.222516443,-1.0885499,-0.5848553,-0.0375295
seq-01/frame-000095,1,0.03743181,1.246279,2555,1641,1201,0.88,100.19,99.19,21.13,221.40,0.868993780,-0.123491860,0.424659644,0.221954403,-1.0876781,-0.5730284,-0.0413404
seq-01/frame-000096,1,0.03947685,1.319077,2528,1664,1243,0.87,118.90,80.49,20.56,220.83,0.868589112,-0.124238554,0.424648149,0.223140507,-1.0774000,-0.5821813,-0.0402952
seq-01/frame-000097,1,0.03873160,1.218243,2318,1485,1091,1.28,101.48,112.86,19.26,234.88,0.868823833,-0.122521738,0.423785528,0.224809692,-1.0795195,-0.5783660,-0.0402014
seq-01/frame-000098,1,0.03289344,1.168749,2429,1546,1127,1.29,101.12,89.67,22.99,215.07,0.869384253,-0.124434596,0.422592302,0.223836543,-1.0700614,-0.5773310,-0.0422024
seq-01/frame-000099,1,0.03750248,1.208867,2551,1716,1263,1.21,107.12,102.54,15.10,225.96,0.867679684,-0.121690404,0.425302410,0.226806684,-1.0662524,-0.5720153,-0.0340944
seq-01/frame-000100,1,0.04094180,1.393301,2476,1575,1183,0.87,101.32,109.05,15.20,226.44,0.866575337,-0.127200214,0.425092009,0.228394557,-1.0481158,-0.5878776,-0.0340893
seq-01/frame-000101,1,0.04525214,1.508801,2533,1574,1144,0.87,104.27,96.48,24.33,225.95,0.864844753,-0.125378324,0.429616184,0.227494533,-1.0468601,-0.5842759,-0.0243578
seq-01/frame-000102,1,0.03686083,1.159839,2504,1643,1206,0.87,108.10,94.56,19.99,223.52,0.864706988,-0.122096337,0.431318340,0.226580668,-1.0484938,-0.5638671,-0.0227377
seq-01/frame-000103,1,0.04113971,1.313911,2488,1609,1197,0.86,108.15,90.67,20.38,220.07,0.863149835,-0.130670845,0.431535377,0.227320722,-1.0272342,-0.5810553,-0.0166016
seq-01/frame-000104,1,0.04629414,1.352350,2502,1617,1199,0.88,110.52,97.24,18.68,227.32,0.863129300,-0.133469971,0.431618089,0.225608961,-1.0078517,-0.5787716,-0.0015877
seq-01/frame-000105,1,0.04845827,1.398866,2542,1661,1248,0.89,104.62,99.59,18.50,223.61,0.863877359,-0.135366979,0.430690144,0.223377909,-0.9907913,-0.5862390,0.0060290
seq-01/frame-000106,1,0.04456001,1.427339,2616,1732,1244,1.05,99.70,109.06,17.63,227.45,0.863836976,-0.137343431,0.429887824,0.223872552,-0.9827286,-0.5930129,0.0069259
seq-01/frame-000107,1,0.03960038,1.308527,2516,1625,1203,1.44,106.61,94.83,12.41,215.29,0.864093155,-0.134622596,0.429690662,0.224912677,-0.9813887,-0.5789121,0.0128181
seq-01/frame-000108,1,0.04862318,1.507946,2554,1662,1234,0.87,117.00,100.48,24.50,242.86,0.863580764,-0.139159415,0.426717673,0.229727988,-0.9519271,-0.5998421,0.0306203
seq-01/frame-000109,1,0.04384562,1.279282,2545,1677,1269,1.42,102.95,94.81,16.51,215.70,0.863711029,-0.139062957,0.426441589,0.229809320,-0.9337765,-0.5940948,0.0401345
seq-01/frame-000110,1,0.04366413,1.171002,2524,1716,1308,0.87,104.27,104.67,16.00,225.82,0.864600916,-0.138112940,0.426711185,0.226511891,-0.9225780,-0.5912831,0.0528497
seq-01/frame-000111,1,0.04891682,1.422263,2387,1692,1262,0.86,105.60,104.09,18.38,228.93,0.865193476,-0.138563817,0.427053305,0.223306500,-0.9087410,-0.6028177,0.0633365
seq-01/frame-000112,1,0.03939773,1.139101,2474,1641,1237,0.86,104.53,87.97,24.87,218.24,0.868459918,-0.137521253,0.420331329,0.224024218,-0.8910073,-0.6003249,0.0677643
seq-01/frame-000113,1,0.04291806,1.185197,2363,1677,1278,1.06,106.84,101.48,19.17,228.55,0.869842564,-0.138471463,0.417594063,0.223192219,-0.8707667,-0.6092851,0.0828759
seq-01/frame-000114,1,0.04092231,1.072978,2572,1775,1355,1.23,117.34,103.35,14.21,236.14,0.871408048,-0.137396893,0.415766898,0.221151520,-0.8507077,-0.6086241,0.0883254
seq-01/frame-000115,1,0.02990286,0.871160,2016,1229,912,1.16,93.40,74.08,16.93,185.58,0.874653294,-0.137197922,0.407505157,0.223825584,-0.8338138,-0.6090227,0.0854965
seq-01/frame-000116,1,0.03842865,1.000780,1962,1246,915,0.85,98.72,79.80,12.03,191.40,0.877484453,-0.143370087,0.399281425,0.223697108,-0.8203776,-0.6141139,0.1055764
seq-01/frame-000117,1,0.04219686,1.298515,2037,1350,1004,0.87,89.51,77.23,17.35,184.96,0.881098288,-0.147395016,0.385866189,0.230321081,-0.8057682,-0.6375273,0.1045110
seq-01/frame-000118,1,0.04839896,1.291218,2343,1676,1296,1.22,95.29,84.62,17.25,198.38,0.882498133,-0.146924523,0.384685584,0.227216264,-0.7999498,-0.6321580,0.1257258
seq-01/frame-000119,1,0.05294910,1.363114,2299,1651,1271,0.88,87.90,95.73,23.27,207.79,0.884215798,-0.145355842,0.380666111,0.228314285,-0.8022503,-0.6414959,0.1270039
seq-01/frame-000120,1,0.03867384,0.833101,2229,1557,1199,0.87,113.36,90.05,13.91,218.19,0.888247798,-0.144207054,0.372160343,0.227413398,-0.7787429,-0.6414893,0.1311692
seq-01/frame-000121,1,0.05802532,1.330640,2320,1577,1215,0.88,108.78,94.54,12.23,216.43,0.890879132,-0.147160911,0.363895574,0.228600197,-0.7710676,-0.6552349,0.1363825
seq-01/frame-000122,1,0.05725653,0.961300,1910,1193,896,0.86,85.62,68.16,10.75,165.39,0.893999479,-0.146261179,0.357181335,0.227583155,-0.7655206,-0.6586132,0.1428186
seq-01/frame-000123,1,0.07708471,1.856783,1845,967,649,0.84,85.89,67.45,18.35,172.53,0.895246405,-0.149217360,0.353468748,0.226556611,-0.7855131,-0.6633877,0.1498063
seq-01/frame-000124,1,0.05939274,1.473067,2686,1800,1393,0.93,118.50,103.77,18.39,241.59,0.899865521,-0.156121174,0.340693279,0.223150875,-0.7551082,-0.6583529,0.1534949
seq-01/frame-000125,1,0.06557698,1.605126,2143,1412,1084,0.88,99.05,94.51,16.65,211.09,0.901330069,-0.162848924,0.333532487,0.223249670,-0.7300362,-0.6756599,0.1563139
seq-01/frame-000126,1,0.05196398,1.288692,2282,1536,1180,1.22,103.07,90.68,15.61,210.59,0.905192600,-0.164811944,0.326655110,0.216240189,-0.7247379,-0.6697126,0.1585211
seq-01/frame-000127,1,0.05680300,1.372403,2328,1500,1126,0.90,109.26,94.84,32.08,237.07,0.909339977,-0.166678331,0.317175196,0.211468758,-0.6978395,-0.6814510,0.1535516
seq-01/frame-000128,1,0.06302615,1.517022,2104,1325,965,0.88,92.46,76.42,15.97,185.74,0.913471526,-0.168792679,0.306727516,0.207357259,-0.6837558,-0.6923086,0.1572840
seq-01/frame-000129,1,0.05533331,1.413595,2488,1605,1198,0.92,107.23,102.68,18.15,228.98,0.917826342,-0.169662496,0.297253777,0.201120948,-0.6811263,-0.6859272,0.1556103
seq-01/frame-000130,1,0.06109228,1.442315,2235,1351,1011,0.95,96.90,83.91,9.76,191.53,0.921196348,-0.169909922,0.287668465,0.199436106,-0.6563395,-0.6919958,0.1575548
seq-01/frame-000131,1,0.05455013,1.430565,2479,1597,1183,0.92,102.02,85.02,17.47,205.44,0.924787368,-0.171260375,0.278328769,0.194862272,-0.6537902,-0.6890499,0.1552487
seq-01/frame-000132,1,0.07034210,1.697337,2458,1576,1150,0.92,116.47,90.87,17.80,226.06,0.926064773,-0.174509753,0.270545852,0.196863719,-0.6417029,-0.7089575,0.1552970
seq-01/frame-000133,1,0.06525705,1.557686,2502,1511,1095,0.92,103.06,113.60,20.28,237.86,0.928320742,-0.173917232,0.264926335,0.194389903,-0.6296336,-0.7033773,0.1547515
seq-01/frame-000134,1,0.06714244,1.630128,2558,1618,1186,0.92,101.16,106.03,14.75,222.87,0.930248415,-0.176899794,0.257712881,0.192167687,-0.6219469,-0.7067837,0.1515673
seq-01/frame-000135,1,0.07090110,1.680082,2441,1516,1090,1.38,111.30,102.50,23.05,238.24,0.932419354,-0.178387485,0.248058889,0.192973680,-0.6094005,-0.7092916,0.1504295
seq-01/frame-000136,1,0.06136370,1.519450,2750,1672,1193,0.92,115.81,115.81,21.47,254.02,0.935015424,-0.179304544,0.241048665,0.188392089,-0.6014793,-0.7016108,0.1487575
seq-01/frame-000137,1,0.07226726,1.799220,2499,1479,1114,0.91,100.22,91.84,25.82,218.80,0.935559597,-0.181194936,0.237394639,0.188521670,-0.5973865,-0.7131663,0.1454064
seq-01/frame-000138,1,0.06098010,1.343457,2714,1599,1130,0.91,99.01,103.34,16.82,220.08,0.938107637,-0.183579069,0.227314909,0.185958919,-0.5728560,-0.7099094,0.1469262
seq-01/frame-000139,1,0.07829529,2.360594,2430,1396,1001,0.92,99.39,94.25,21.47,216.02,0.940261577,-0.184209132,0.219859270,0.183404102,-0.5637635,-0.7136086,0.1478566
seq-01/frame-000140,1,0.07365539,1.887579,2616,1449,1028,0.92,115.55,104.47,17.49,238.43,0.941600488,-0.184951281,0.216305900,0.179981396,-0.5645976,-0.7125464,0.1500397
seq-01/frame-000141,1,0.07247637,1.996940,3027,1657,1101,1.33,120.32,119.75,20.05,261.45,0.944246177,-0.185757637,0.208645643,0.174241937,-0.5544217,-0.7122090,0.1416237
seq-01/frame-000142,1,0.06124853,1.481492,2457,1426,987,0.92,92.70,93.11,12.04,198.78,0.945933486,-0.184907052,0.202071443,0.173742209,-0.5331485,-0.6991562,0.1461264
seq-01/frame-000143,1,0.07146254,1.681500,2420,1323,887,0.91,99.91,103.48,18.66,222.95,0.945595020,-0.191010824,0.195165638,0.176848233,-0.5162157,-0.7121798,0.1509429
seq-01/frame-000144,1,0.06067921,1.603863,2843,1610,1106,0.95,103.68,103.64,22.52,230.79,0.948040181,-0.189422536,0.189976511,0.171020007,-0.5202038,-0.6993174,0.1464403
seq-01/frame-000145,1,0.06599144,1.975739,2780,1555,1026,0.94,114.48,110.31,15.25,240.99,0.948231550,-0.193560320,0.187663601,0.167850241,-0.5175821,-0.7072233,0.1494201
seq-01/frame-000146,1,0.05811311,1.665327,2843,1584,1059,0.93,117.43,108.84,20.80,248.00,0.951853154,-0.185082070,0.183592469,0.161288580,-0.5101061,-0.6733402,0.1460479
seq-01/frame-000147,1,0.07575064,2.324634,2589,1495,993,0.92,103.52,115.35,18.79,238.59,0.951470200,-0.188500787,0.184721034,0.158272081,-0.5288958,-0.6931392,0.1614795
seq-01/frame-000148,1,0.05396165,1.593085,2514,1400,933,1.26,111.79,99.16,15.39,227.61,0.953426269,-0.179760297,0.175698177,0.166717531,-0.5079801,-0.6576882,0.1386122
seq-01/frame-000149,1,0.06613503,2.002861,2353,1144,714,1.30,94.22,92.04,27.66,215.23,0.953066518,-0.193882946,0.173126312,0.155244631,-0.4967410,-0.7131004,0.1689574
seq-01/frame-000150,1,0.05653051,1.302763,2722,1628,1091,0.94,98.33,106.18,17.63,223.07,0.957785296,-0.174206859,0.166861316,0.156386053,-0.4870453,-0.6447357,0.1348655
seq-01/frame-000151,1,0.04980385,0.647125,2519,1452,972,0.92,110.40,126.86,16.58,254.77,0.957220625,-0.184452149,0.155318007,0.159944979,-0.4489484,-0.6739231,0.1495159
seq-01/frame-000152,1,0.05738992,1.640644,2683,1510,991,0.92,124.34,102.98,28.56,256.80,0.954385893,-0.193408038,0.161459008,0.160224490,-0.4727736,-0.7268923,0.1709343
seq-01/frame-000153,1,0.04059417,1.129502,2775,1680,1115,0.94,141.60,111.14,27.04,280.73,0.958355680,-0.180189667,0.155844998,0.157475110,-0.4726563,-0.6757230,0.1446767
seq-01/frame-000154,1,0.04784199,1.238263,2884,1683,1147,0.95,113.91,120.64,23.11,258.63,0.958948835,-0.178248669,0.157786285,0.154103965,-0.4767769,-0.6686021,0.1507532
seq-01/frame-000155,1,0.05900978,1.766206,2814,1679,1127,1.49,116.16,110.92,23.16,251.73,0.958401504,-0.178612875,0.163440480,0.151166162,-0.4944401,-0.6776960,0.1595783
seq-01/frame-000156,1,0.04956015,1.353861,2733,1605,1102,0.94,125.36,104.49,25.97,256.76,0.959000223,-0.179860884,0.160527337,0.148995334,-0.4826570,-0.6830058,0.1670419
seq-01/frame-000157,1,0.05177521,1.628424,2314,1365,881,0.91,96.00,79.49,27.49,203.90,0.959271771,-0.177717359,0.160389748,0.149964455,-0.4730354,-0.6869853,0.1678608
seq-01/frame-000158,1,0.04940350,1.163669,2801,1642,1136,0.95,112.99,98.40,20.05,232.39,0.959604936,-0.175176416,0.162846176,0.148164481,-0.4801441,-0.6859302,0.1734083
seq-01/frame-000159,1,0.05902033,1.684572,2673,1622,1118,0.92,110.08,101.44,22.66,235.10,0.960430507,-0.173180438,0.161965671,0.146112624,-0.4713277,-0.6873098,0.1840384
seq-01/frame-000160,1,0.04163155,1.087696,2727,1640,1123,0.95,99.55,113.95,28.40,242.84,0.959987532,-0.173625221,0.163940983,0.146292772,-0.4688900,-0.6998044,0.1871881
seq-01/frame-000161,1,0.05297675,1.019312,2992,1812,1251,1.60,118.13,119.55,18.26,257.54,0.961528573,-0.170035314,0.158002297,0.146921984,-0.4348982,-0.6868695,0.1946268
seq-01/frame-000162,1,0.04778359,1.188298,2989,1865,1258,0.97,118.88,110.12,19.44,249.42,0.961155733,-0.170143671,0.163276690,0.143427720,-0.4665487,-0.6931460,0.1967039
seq-01/frame-000163,1,0.04665683,1.153725,3084,1917,1306,0.97,124.80,134.37,33.45,293.58,0.961722974,-0.170037379,0.164279459,0.138522456,-0.4576280,-0.6961761,0.2123229
seq-01/frame-000164,1,0.04830723,1.079488,3013,1885,1294,0.96,116.70,109.78,20.61,248.05,0.961825601,-0.171140677,0.162650706,0.138373152,-0.4447790,-0.6951952,0.2195366
seq-01/frame-000165,1,0.03967223,0.970784,3096,1955,1313,1.53,117.37,126.64,22.48,268.03,0.961743572,-0.169847234,0.164645309,0.138177934,-0.4517981,-0.7081536,0.2281224
seq-01/frame-000166,1,0.04855797,1.263895,2986,1825,1239,0.96,118.42,116.98,19.59,255.95,0.961298117,-0.169322918,0.167474137,0.138521091,-0.4566453,-0.7064982,0.2378045
seq-01/frame-000167,1,0.05284759,1.307626,2923,1837,1231,0.95,119.18,119.33,29.51,268.96,0.962961946,-0.165325422,0.162215131,0.138050886,-0.4362884,-0.6934977,0.2415634
seq-01/frame-000168,1,0.06122731,1.679368,2896,1852,1270,0.96,113.90,127.24,29.38,271.48,0.962297842,-0.166359922,0.165511106,0.137525685,-0.4387476,-0.6959903,0.2536630
seq-01/frame-000169,1,0.06961343,1.870729,3009,1855,1264,0.97,121.36,124.55,19.39,266.26,0.963105325,-0.162105016,0.165507916,0.136957024,-0.4351484,-0.6883915,0.2634193
seq-01/frame-000170,1,0.05423852,1.434105,3003,1829,1267,0.98,108.84,119.37,29.87,259.05,0.961697197,-0.166165161,0.169827345,0.136697892,-0.4522927,-0.7089998,0.2724395
seq-01/frame-000171,1,0.07942714,2.109137,3175,1807,1199,0.99,112.23,121.62,30.78,265.62,0.962563924,-0.159397221,0.171474012,0.136601177,-0.4479758,-0.6819553,0.2831979
seq-01/frame-000172,1,0.05403565,1.533966,3065,1888,1251,0.99,104.31,123.90,42.55,271.75,0.962096486,-0.165153421,0.168830635,0.136348510,-0.4308396,-0.7059485,0.2881147
seq-01/frame-000173,1,0.08525258,2.385849,3024,1718,1084,0.95,120.51,122.90,27.45,271.80,0.962676979,-0.155702188,0.174159775,0.136668343,-0.4517110,-0.6725354,0.2897339
seq-01/frame-000174,1,0.10862479,3.279327,2929,1644,1049,1.44,128.45,110.54,32.33,272.77,0.963728318,-0.157376124,0.173445475,0.127973246,-0.4629148,-0.6589216,0.2857365
seq-01/frame-000175,1,0.07421758,2.043750,2850,1628,1042,0.94,121.45,111.21,25.85,259.45,0.960300208,-0.163984758,0.175578426,0.141791134,-0.4450467,-0.6990263,0.3093158
seq-01/frame-000176,1,0.07113259,2.048956,3097,1722,1117,1.32,123.81,115.46,36.58,277.19,0.961751830,-0.162578134,0.172991277,0.136659379,-0.4214884,-0.6912299,0.3038568
seq-01/frame-000177,1,0.04789661,1.637074,3141,1685,1079,0.98,119.88,109.10,41.42,271.39,0.955451765,-0.192000333,0.178491692,0.135604248,-0.4196757,-0.7973155,0.3529400
seq-01/frame-000178,1,0.08145968,2.347192,3002,1736,1117,0.97,113.04,117.28,27.46,258.76,0.961474894,-0.162192844,0.175274549,0.136155578,-0.4071692,-0.6913186,0.3139180
seq-01/frame-000179,1,0.11277712,3.051989,3142,1669,1065,0.96,131.89,122.46,34.38,289.70,0.962843722,-0.157729821,0.168498322,0.140219780,-0.3649973,-0.6763244,0.3118621
seq-01/frame-000180,1,0.07462984,2.451357,3295,1750,1092,1.03,130.66,129.50,36.39,297.58,0.953158645,-0.191828090,0.189860659,0.136541243,-0.4356174,-0.8209620,0.3805119
seq-01/frame-000181,1,0.03857814,1.028253,3194,1732,1099,0.96,112.45,119.47,28.93,261.81,0.958204533,-0.168790696,0.179532822,0.145333200,-0.4068051,-0.7394800,0.3374206
seq-01/frame-000182,1,0.04767182,1.439908,3162,1735,1095,0.97,120.82,108.60,32.73,263.11,0.959449751,-0.166499568,0.174269263,0.146165291,-0.3918836,-0.7315193,0.3266368
seq-01/frame-000183,1,0.04192350,1.481169,3099,1671,1046,0.95,136.25,117.60,35.83,290.63,0.955930997,-0.186865783,0.175712820,0.142835968,-0.3866182,-0.8061328,0.3636069
seq-01/frame-000184,1,0.15781561,4.829988,3190,1560,979,1.29,130.86,123.67,26.09,281.91,0.963902009,-0.147817830,0.187845008,0.117290492,-0.4483821,-0.6272044,0.3581948
seq-01/frame-000185,1,0.05521657,1.805936,3103,1568,995,0.95,125.56,121.15,26.51,274.18,0.957915628,-0.172489425,0.184134106,0.136892945,-0.4292775,-0.7551576,0.3736828
seq-01/frame-000186,1,0.03926064,0.987402,3169,1703,1113,0.96,114.98,127.08,28.33,271.35,0.958501480,-0.168281487,0.177986724,0.145866307,-0.4053652,-0.7448881,0.3565720
seq-01/frame-000187,1,0.07115467,1.974509,2962,1629,1045,1.28,115.34,103.88,39.47,259.97,0.961141093,-0.162872715,0.173180489,0.140316772,-0.3711765,-0.7191219,0.3719588
seq-01/frame-000188,1,0.04111457,1.205889,2989,1596,1033,0.92,122.37,116.44,41.43,281.17,0.959607431,-0.167999098,0.173264788,0.144600118,-0.3738531,-0.7482867,0.3641604
seq-01/frame-000189,1,0.05946132,1.838876,2938,1503,953,0.92,122.76,113.57,32.70,269.95,0.959082350,-0.167182658,0.181756046,0.138476510,-0.3961911,-0.7514823,0.3963719
seq-01/frame-000190,1,0.13701879,3.954264,2970,1588,993,1.13,115.69,118.98,43.49,279.30,0.951149299,-0.183194694,0.204386969,0.141353038,-0.4863737,-0.8307737,0.4182919
seq-01/frame-000191,1,0.10388866,3.602683,3114,1652,1046,0.93,119.51,114.86,41.26,276.56,0.961590811,-0.153855190,0.188279798,0.127367226,-0.4313702,-0.7076745,0.3860716
seq-01/frame-000192,1,0.03531605,1.235073,2991,1547,1004,0.93,112.09,115.92,34.53,263.46,0.960050857,-0.170177948,0.172585098,0.139843490,-0.3553614,-0.7860169,0.3895053
seq-01/frame-000193,1,0.04967931,1.944112,3041,1570,976,0.94,119.25,128.52,46.21,294.92,0.962373021,-0.157795568,0.175146596,0.135138433,-0.3819682,-0.7422419,0.3639821
seq-01/frame-000194,1,0.04287214,1.674812,2911,1532,984,1.26,125.10,104.84,25.17,256.37,0.961486550,-0.165387449,0.172367728,0.135941063,-0.3717195,-0.7885798,0.3940198
seq-01/frame-000195,1,0.05227857,1.813260,3004,1653,1028,0.93,107.55,108.56,36.32,253.35,0.960532091,-0.167675275,0.175114995,0.136373910,-0.3875668,-0.8005510,0.3860178
seq-01/frame-000196,1,0.07329023,2.676191,2982,1503,937,0.92,115.06,112.70,23.19,251.88,0.965816959,-0.151329566,0.168356071,0.126305965,-0.3767704,-0.7354211,0.3814280
seq-01/frame-000197,1,0.06127430,1.920753,2878,1621,1022,0.92,120.60,122.65,37.76,281.94,0.965553977,-0.153024659,0.164544503,0.131202432,-0.3622789,-0.7473103,0.3858611
seq-01/frame-000198,1,0.08031515,2.224414,2841,1572,995,0.94,112.41,129.07,40.21,282.62,0.962845584,-0.165097358,0.169524642,0.130125474,-0.3719928,-0.8067186,0.4177390
seq-01/frame-000199,1,0.04960045,1.736483,3072,1552,967,0.93,127.67,138.61,31.07,298.29,0.965460276,-0.165246447,0.154723523,0.128998831,-0.3172650,-0.8080175,0.4050226
seq-01/frame-000200,1,0.10594422,3.024316,2660,1456,917,0.90,105.68,104.32,39.34,250.24,0.961086881,-0.174693488,0.167221747,0.133533068,-0.3681213,-0.8576578,0.4158055
seq-01/frame-000201,1,0.04682494,1.866515,3003,1513,883,0.94,112.53,107.47,33.78,254.73,0.970114149,-0.145360984,0.146967552,0.127079739,-0.3032737,-0.7433051,0.3627882
seq-01/frame-000202,1,0.08485105,2.812444,2753,1254,704,1.22,106.18,109.39,31.09,247.88,0.972138186,-0.140118287,0.145537279,0.118882769,-0.3056436,-0.7139074,0.3627167
seq-01/frame-000203,1,0.02524769,2.006832,2875,1525,945,1.18,117.88,114.95,25.28,259.30,0.967668047,-0.164544636,0.147492072,0.121612920,-0.2935926,-0.8119523,0.3770712
seq-01/frame-000204,1,0.04496851,1.493437,2939,1538,1001,0.94,124.23,116.77,28.10,270.05,0.970562635,-0.144963110,0.145122549,0.126227235,-0.2921909,-0.7521371,0.3624592
seq-01/frame-000205,1,0.03410128,1.502067,2937,1440,870,0.94,112.90,104.20,16.57,234.61,0.971159851,-0.149642140,0.139720932,0.122204066,-0.2795864,-0.7660356,0.3713075
seq-01/frame-000206,1,0.07681768,2.416937,2626,1236,714,0.90,109.53,110.15,28.95,249.53,0.973914858,-0.141147125,0.129556322,0.121583300,-0.2349870,-0.7326159,0.3729298
seq-01/frame-000207,1,0.05861743,2.008732,2947,1354,764,0.94,117.58,121.89,29.66,270.07,0.974254454,-0.138960257,0.131950903,0.118774009,-0.2600645,-0.7423318,0.3551812
seq-01/frame-000208,1,0.05613449,1.969842,2979,1218,639,0.95,120.24,111.19,43.01,275.38,0.972132509,-0.146807719,0.142889279,0.113967245,-0.2949342,-0.7771990,0.3885512
seq-01/frame-000209,1,0.08868363,3.330880,2837,1015,452,1.26,108.48,117.08,28.36,255.19,0.977108242,-0.128742101,0.127300722,0.111711596,-0.2550428,-0.7176481,0.3574670
seq-01/frame-000210,1,0.01755686,2.106146,2907,1088,537,1.42,117.28,109.32,25.06,253.08,0.974527066,-0.148265556,0.123864386,0.113894406,-0.2374237,-0.7884565,0.3622474
seq-01/frame-000211,1,0.07434511,2.637665,2745,1064,541,0.93,106.14,103.55,24.96,235.58,0.977511697,-0.133642677,0.115634954,0.115061179,-0.2061803,-0.7425987,0.3743030
seq-01/frame-000212,1,0.04540483,2.503967,2831,1119,571,0.93,111.47,121.61,32.37,266.38,0.973025552,-0.155479009,0.129831398,0.110414494,-0.2551166,-0.8324457,0.3868398
seq-01/frame-000213,1,0.03893386,2.377980,2939,1199,617,0.93,118.40,104.43,22.73,246.51,0.975585390,-0.151908941,0.112645447,0.111659405,-0.1996020,-0.8096416,0.3866909
seq-01/frame-000214,1,0.02497341,2.006843,3133,856,231,0.96,110.87,137.33,19.60,268.76,0.974096553,-0.150616987,0.124312991,0.114003108,-0.2374512,-0.8180004,0.3788430
seq-01/frame-000215,1,0.11006138,3.205454,3025,956,332,0.95,106.11,119.68,35.29,262.04,0.971669282,-0.161963353,0.102509894,0.138269306,-0.1225504,-0.8412860,0.3204322
seq-01/frame-000216,1,0.05430709,2.684992,2774,840,295,0.93,124.94,117.50,16.16,259.53,0.971322479,-0.165021153,0.123821204,0.118190400,-0.2223159,-0.8657707,0.3807196
seq-01/frame-000217,1,0.02971446,1.618568,2861,1206,663,1.27,108.09,127.07,29.56,266.00,0.974585068,-0.151794246,0.112333970,0.120513615,-0.1820825,-0.8226573,0.3548850
seq-01/frame-000218,1,0.07342364,2.083361,2970,865,280,1.35,133.76,125.43,24.91,285.45,0.977361133,-0.136462869,0.106629821,0.121544979,-0.1576230,-0.7656815,0.3577549
seq-01/frame-000219,1,0.00460068,1.459622,2907,833,275,1.78,109.53,123.67,30.22,265.21,0.974920048,-0.147407476,0.119483320,0.116299927,-0.2029542,-0.8184593,0.3692824
seq-01/frame-000220,1,0.05594038,1.861356,2920,1230,618,1.46,120.86,122.72,30.75,275.79,0.977486265,-0.130545166,0.117245302,0.117184049,-0.2047812,-0.7715524,0.3507967
seq-01/frame-000221,1,0.05547034,2.517308,2772,1242,709,1.27,108.06,119.71,23.91,252.95,0.972214656,-0.160863824,0.118442550,0.122036283,-0.1958543,-0.8807362,0.3839249
seq-01/frame-000222,1,0.04725074,2.040694,2916,934,340,1.44,103.43,116.56,41.00,262.43,0.976152978,-0.147131929,0.106412934,0.118969939,-0.1510862,-0.8403812,0.3612367
seq-01/frame-000223,1,0.02467296,1.248909,2807,1282,727,0.95,108.20,116.72,31.80,257.67,0.976742155,-0.136490022,0.119954994,0.113824584,-0.2170026,-0.8165555,0.3689122
seq-01/frame-000224,1,0.01221132,1.197450,2920,879,310,0.94,120.81,110.93,26.33,259.02,0.976979455,-0.140135667,0.112225033,0.115233163,-0.1820398,-0.8285668,0.3755243
seq-01/frame-000225,1,0.02568634,1.229569,2959,1416,853,0.96,109.62,114.70,28.64,253.92,0.977336328,-0.133269548,0.119204278,0.113328150,-0.2092075,-0.8152725,0.3743852
seq-01/frame-000226,1,0.01382916,1.517656,2858,1089,543,0.95,115.39,100.43,21.46,238.22,0.977035031,-0.139521581,0.114115199,0.113639770,-0.2028645,-0.8398912,0.3726201
seq-01/frame-000227,1,0.07902894,2.997621,3017,1365,788,0.97,113.53,122.11,25.56,262.18,0.973789843,-0.153542821,0.122929986,0.114219800,-0.2299420,-0.9023919,0.3958723
seq-01/frame-000228,1,0.01971488,1.137353,2790,1269,712,0.93,107.32,106.59,23.99,238.83,0.977586927,-0.134379807,0.112148090,0.116998606,-0.2010930,-0.8362855,0.3727919
seq-01/frame-000229,1,0.01803191,1.224142,2938,1475,887,1.39,114.46,120.39,23.26,259.50,0.977233860,-0.134814660,0.113745530,0.117902266,-0.2003944,-0.8475665,0.3792659
seq-01/frame-000230,1,0.07077009,2.814282,2473,1203,724,0.91,90.28,85.69,31.10,207.98,0.974031333,-0.153137926,0.117065158,0.118774939,-0.2028603,-0.9175704,0.3999992
seq-01/frame-000231,1,0.01527311,1.518122,2825,1381,811,1.31,117.37,123.77,35.22,277.67,0.977429536,-0.136023681,0.110551015,0.117930208,-0.1797390,-0.8646905,0.3856270
seq-01/frame-000232,1,0.10735082,3.418575,2929,1402,836,1.32,111.78,104.84,24.78,242.71,0.973185353,-0.149413109,0.128334004,0.118812355,-0.2415640,-0.9339974,0.4173858
seq-01/frame-000233,1,0.04639132,1.959879,2673,1284,771,0.92,98.23,110.94,21.48,231.58,0.975902232,-0.140307678,0.114267244,0.121949115,-0.1858301,-0.9021359,0.3987769
seq-01/frame-000234,1,0.09562602,3.178124,2947,1342,801,0.96,115.14,115.48,24.22,255.80,0.974511048,-0.143814283,0.124886024,0.118529113,-0.2258133,-0.9321881,0.4164308
seq-01/frame-000235,1,0.13610374,3.699438,2832,1315,749,1.29,110.83,98.99,23.12,234.23,0.973032894,-0.148621157,0.125279838,0.124192195,-0.2343976,-0.9797592,0.4020794
seq-01/frame-000236,1,0.05182684,2.074283,2914,1408,841,0.96,123.78,115.93,78.37,319.05,0.977539350,-0.130410656,0.120669674,0.113352148,-0.2069944,-0.8962009,0.4104531
seq-01/frame-000237,1,0.05454611,1.979487,2959,1428,852,0.96,121.80,210.44,26.97,360.17,0.977764226,-0.125667349,0.125389018,0.111635259,-0.2215111,-0.8855670,0.4164592
seq-01/frame-000238,1,0.04863857,1.864780,3012,1475,910,1.32,117.58,205.28,37.23,361.42,0.977973827,-0.129250642,0.117788905,0.113961566,-0.1916104,-0.9074340,0.4125139
seq-01/frame-000239,1,0.02558306,1.315628,2764,1351,818,1.20,119.72,204.55,20.51,345.98,0.978938330,-0.124624235,0.114525069,0.114160217,-0.1767156,-0.8954276,0.4153494
seq-01/frame-000240,1,0.02517171,1.282819,2982,1478,886,1.74,114.36,216.13,26.49,358.73,0.978850638,-0.122313911,0.115953260,0.115955064,-0.1831057,-0.8942152,0.4217414
seq-01/frame-000241,1,0.03451024,1.415499,2781,1339,801,0.95,141.90,148.58,35.20,326.64,0.978667101,-0.123566397,0.115181978,0.116940849,-0.1759113,-0.9064523,0.4323338
seq-01/frame-000242,1,0.02783376,1.409604,2590,1308,798,0.91,184.57,120.06,16.60,322.16,0.978631584,-0.121935243,0.117556753,0.116586573,-0.1730825,-0.9086582,0.4377003
seq-01/frame-000243,1,0.05549678,2.078671,3094,1486,887,0.97,195.36,116.45,24.80,337.59,0.977856634,-0.125141622,0.123248251,0.113779815,-0.1894441,-0.9343021,0.4449123
seq-01/frame-000244,1,0.03399006,1.569864,2534,1255,759,0.92,187.39,102.72,21.31,312.35,0.978334713,-0.121720198,0.121183904,0.115584791,-0.1667217,-0.9242396,0.4514410
seq-01/frame-000245,1,0.05014391,1.912322,3073,1510,874,11.01,188.11,113.45,35.57,348.14,0.978163486,-0.119968583,0.124955639,0.114846950,-0.1811608,-0.9362852,0.4566626
seq-01/frame-000246,1,0.04201034,1.679021,2891,1406,801,2.89,138.49,92.99,24.15,258.52,0.978001219,-0.120137814,0.124864341,0.116143949,-0.1752716,-0.9395028,0.4657454
seq-01/frame-000247,1,0.04115223,1.649127,2955,1431,863,0.98,109.83,118.49,13.47,242.78,0.978542145,-0.115528336,0.127374910,0.113508179,-0.1850372,-0.9381705,0.4707116
seq-01/frame-000248,1,0.04625622,1.744380,3081,1519,917,0.98,119.86,110.79,25.45,257.09,0.978461658,-0.116526759,0.126816086,0.113806757,-0.1845234,-0.9409102,0.4758192
seq-01/frame-000249,1,0.04227808,1.687469,3062,1484,873,0.98,111.58,116.94,29.14,258.65,0.978881727,-0.116375794,0.127148566,0.109911241,-0.1889618,-0.9413250,0.4830584
seq-01/frame-000250,1,0.03636167,1.619234,2937,1418,838,0.98,126.81,122.63,19.65,270.07,0.978863842,-0.118376724,0.126474056,0.108705306,-0.1827663,-0.9424831,0.4946574
seq-01/frame-000251,1,0.04391739,1.633869,3107,1492,894,1.36,132.55,122.41,38.56,294.88,0.978791054,-0.118438929,0.129954189,0.105129451,-0.1862354,-0.9526929,0.4978481
seq-01/frame-000252,1,0.03644672,1.435481,3060,1407,810,0.98,127.12,130.38,24.34,282.82,0.978561812,-0.119039007,0.131127666,0.105128641,-0.1838702,-0.9527506,0.5078091
seq-01/frame-000253,1,0.04459137,1.637573,2926,1388,774,0.98,126.92,111.83,32.28,272.02,0.978649036,-0.118215656,0.133818302,0.101802675,-0.1858396,-0.9608188,0.5165087
seq-01/frame-000254,1,0.03909275,1.538912,2848,1331,774,0.96,104.19,111.00,14.44,230.59,0.978290862,-0.121882157,0.135379955,0.098812937,-0.1825043,-0.9681371,0.5252416
seq-01/frame-000255,1,0.04507127,1.572906,3140,1468,853,1.73,124.27,116.85,22.26,265.12,0.978059770,-0.118251448,0.140324058,0.098614607,-0.1916954,-0.9722430,0.5365482
seq-01/frame-000256,1,0.04024042,1.499499,3019,1411,818,1.33,110.39,112.75,13.80,238.27,0.978118000,-0.120185346,0.139736634,0.096510792,-0.1906762,-0.9742317,0.5411383
seq-01/frame-000257,1,0.03945165,1.397857,3021,1413,811,0.99,122.47,130.70,25.80,279.96,0.978221398,-0.115746010,0.142028377,0.097538182,-0.1924643,-0.9759728,0.5498001
seq-01/frame-000258,1,0.04030714,1.334582,3023,1398,802,0.99,115.12,112.42,21.60,250.13,0.978032430,-0.116130038,0.141358952,0.099920098,-0.1912060,-0.9798679,0.5559585
seq-01/frame-000259,1,0.03684969,1.610046,2913,1405,815,0.98,120.10,128.30,28.81,278.19,0.978103683,-0.119561648,0.138589185,0.099051685,-0.1805621,-0.9837223,0.5691176
seq-01/frame-000260,1,0.02789872,1.194527,2813,1380,804,0.96,121.25,101.88,31.98,256.07,0.978188280,-0.119674225,0.139009910,0.097478271,-0.1783961,-0.9860932,0.5828068
seq-01/frame-000261,1,0.04645626,1.501100,3066,1452,814,1.35,131.78,132.48,30.77,296.38,0.978081442,-0.119836462,0.140618723,0.096032758,-0.1903701,-0.9924213,0.5756851
seq-01/frame-000262,1,0.03862318,1.445748,3049,1462,835,1.33,118.70,123.36,25.57,268.96,0.977628422,-0.121308848,0.141299945,0.097781168,-0.1829701,-0.9971754,0.5979481
seq-01/frame-000263,1,0.04264470,1.518625,2855,1404,843,1.84,126.90,112.89,22.46,264.10,0.977368935,-0.123633150,0.140596770,0.098475157,-0.1862054,-1.0023324,0.6023666
seq-01/frame-000264,1,0.04785909,1.616277,3084,1451,832,1.34,132.98,123.62,22.44,280.38,0.977121569,-0.123942071,0.139456589,0.102096339,-0.1840527,-1.0136968,0.6143462
seq-01/frame-000265,1,0.04606356,1.618772,3143,1529,882,1.00,111.91,111.13,24.94,248.99,0.977302492,-0.123983228,0.139299341,0.100517125,-0.1822933,-1.0126734,0.6175827
seq-01/frame-000266,1,0.04785652,1.550308,2985,1437,826,1.00,120.80,104.31,20.04,246.16,0.977115299,-0.123348356,0.141307744,0.100314491,-0.1873730,-1.0198109,0.6297206
seq-01/frame-000267,1,0.04487420,1.596816,2771,1351,772,0.96,122.84,107.89,22.53,254.23,0.977423549,-0.122609823,0.140830389,0.098877893,-0.1833420,-1.0222108,0.6378910
seq-01/frame-000268,1,0.03843982,1.505645,2990,1431,834,1.00,108.40,112.66,15.62,237.69,0.978089615,-0.119531424,0.140583443,0.096380694,-0.1803190,-1.0146813,0.6417503
seq-01/frame-000269,1,0.03711198,1.351845,2556,1195,697,0.93,108.06,96.04,13.61,218.64,0.978113743,-0.116425985,0.143450090,0.095710855,-0.1837793,-1.0208283,0.6554355
seq-01/frame-000270,1,0.05631432,1.840907,3080,1389,792,0.98,122.60,129.46,33.33,286.37,0.977723012,-0.117173642,0.144560074,0.097110427,-0.1880235,-1.0379306,0.6547308
seq-01/frame-000271,1,0.05189247,1.728533,2933,1401,801,1.33,119.40,111.64,19.45,251.83,0.977923328,-0.116117463,0.143949308,0.097269190,-0.1876897,-1.0392559,0.6620570
seq-01/frame-000272,1,0.03337860,1.208621,3090,1406,791,1.51,117.23,118.88,20.44,258.07,0.978951631,-0.108794063,0.143729645,0.095704472,-0.1799050,-1.0156368,0.6609670
seq-01/frame-000273,1,0.03864391,1.429965,2756,1246,695,1.34,122.34,121.94,18.83,264.46,0.977791919,-0.111764444,0.147382311,0.098539977,-0.1752174,-1.0353053,0.6798885
seq-01/frame-000274,1,0.05597134,1.785179,3035,1349,767,1.37,115.22,103.27,29.88,249.74,0.977506810,-0.111128073,0.149104627,0.099492704,-0.1891781,-1.0403348,0.6737297
seq-01/frame-000275,1,0.04936558,1.690925,3028,1357,750,1.00,125.97,118.29,14.56,259.83,0.976903720,-0.112242614,0.149413149,0.103616743,-0.1785532,-1.0418212,0.6857216
seq-01/frame-000276,1,0.05117048,1.697091,2992,1364,730,0.98,135.26,123.30,14.92,274.46,0.976937443,-0.110341209,0.151783730,0.101881055,-0.1873620,-1.0327683,0.6891690
seq-01/frame-000277,1,0.05014469,1.444586,2953,1359,751,1.30,100.02,120.80,22.32,244.45,0.976646821,-0.115887146,0.150088025,0.101018524,-0.1821737,-1.0415374,0.6919683
seq-01/frame-000278,1,0.04970354,1.743340,3130,1453,828,1.36,122.06,112.61,15.53,251.56,0.976059789,-0.118784052,0.152054296,0.100384899,-0.1790199,-1.0430554,0.7053167
seq-01/frame-000279,1,0.04325551,1.515544,3074,1427,838,1.01,123.70,139.92,19.45,284.08,0.975985335,-0.117995445,0.151951884,0.102177912,-0.1759803,-1.0407852,0.7087319
seq-01/frame-000280,1,0.04357579,1.640250,2957,1351,769,1.37,123.85,106.54,13.14,244.91,0.975861282,-0.118297084,0.152139415,0.102733420,-0.1696537,-1.0386889,0.7125466
seq-01/frame-000281,1,0.03631364,1.364769,3000,1372,794,1.00,117.80,120.50,16.80,256.10,0.975576865,-0.118666225,0.154211313,0.101916530,-0.1703406,-1.0369372,0.7217216
seq-01/frame-000282,1,0.02968471,1.151957,3005,1356,752,1.35,122.49,114.71,22.89,261.44,0.976179715,-0.117062051,0.152544777,0.100497422,-0.1646867,-1.0344312,0.7229922
seq-01/frame-000283,1,0.02077241,0.888831,2787,1257,716,1.06,102.12,115.33,12.88,231.40,0.976043638,-0.116074375,0.151540755,0.104407639,-0.1490587,-1.0365563,0.7305952
seq-01/frame-000284,1,0.03167513,1.197265,3021,1425,809,1.37,121.38,106.76,18.77,248.28,0.976391736,-0.114797756,0.150728055,0.103738643,-0.1474823,-1.0416477,0.7314621
seq-01/frame-000285,1,0.02243656,0.897631,2845,1283,704,0.98,109.85,128.05,21.89,260.78,0.976587156,-0.114577115,0.149819650,0.103458614,-0.1411066,-1.0410604,0.7379322
seq-01/frame-000286,1,0.02755304,1.068034,2926,1338,748,1.00,106.53,133.75,18.04,259.33,0.977075799,-0.111556190,0.147694252,0.105187968,-0.1339574,-1.0448591,0.7429144
seq-01/frame-000287,1,0.02406248,1.020626,2805,1274,732,1.33,108.71,110.79,13.39,234.23,0.977688852,-0.111550949,0.146761508,0.100707269,-0.1301151,-1.0434053,0.7475111
seq-01/frame-000288,1,0.02684317,1.077881,3049,1375,763,1.02,125.09,144.20,13.63,283.93,0.978274987,-0.110688458,0.144646165,0.099013139,-0.1204653,-1.0484069,0.7506544
seq-01/frame-000289,1,0.02445320,0.968510,2995,1413,786,1.52,144.20,112.21,20.67,278.61,0.978138398,-0.110702525,0.145373957,0.099280598,-0.1222238,-1.0464109,0.7547776
seq-01/frame-000290,1,0.02182662,0.882787,2718,1269,696,0.97,107.65,108.71,10.47,227.81,0.978499528,-0.109278353,0.144256109,0.098929719,-0.1052152,-1.0532851,0.7657363
seq-01/frame-000291,1,0.03210072,1.148320,3041,1331,756,1.01,123.73,107.51,12.90,245.14,0.978572506,-0.109874069,0.143793431,0.098219084,-0.1053033,-1.0606979,0.7626885
seq-01/frame-000292,1,0.02565623,1.008881,2811,1243,702,1.41,115.28,110.24,11.48,238.40,0.978659796,-0.109755168,0.143748660,0.097545525,-0.1050775,-1.0601644,0.7683662
seq-01/frame-000293,1,0.02261880,0.897454,2873,1330,741,0.99,114.12,103.77,16.99,235.86,0.979587319,-0.106511002,0.141298690,0.095387475,-0.0867215,-1.0603284,0.7788704
seq-01/frame-000294,1,0.02483111,0.944726,2938,1288,718,1.00,101.25,118.43,9.99,230.67,0.979671008,-0.106325718,0.141451110,0.094504712,-0.0873416,-1.0622372,0.7809116
seq-01/frame-000295,1,0.02541418,0.932906,2798,1275,723,1.33,102.05,108.97,12.83,225.19,0.980479358,-0.105923624,0.138270444,0.091223343,-0.0802316,-1.0697842,0.7878360
seq-01/frame-000296,1,0.02333804,0.818438,2914,1334,737,0.99,108.59,112.49,25.67,247.74,0.980747799,-0.104648993,0.137360022,0.091184253,-0.0782634,-1.0677399,0.7931257
seq-01/frame-000297,1,0.02013430,0.715884,2592,1187,686,0.97,102.86,105.08,11.53,220.44,0.981835230,-0.103280353,0.131137698,0.090197856,-0.0668545,-1.0693982,0.8020287
seq-01/frame-000298,1,0.01950053,0.764066,2685,1210,701,0.96,105.32,103.75,10.73,220.76,0.982582690,-0.102697626,0.128421327,0.086558755,-0.0608859,-1.0711512,0.8078034
seq-01/frame-000299,1,0.02460059,0.896063,2722,1264,718,0.97,116.86,110.73,12.47,241.03,0.982767759,-0.103585552,0.127614336,0.084570365,-0.0662165,-1.0785796,0.8081413
seq-01/frame-000300,1,0.01904796,0.494370,2475,1145,664,0.95,117.28,102.23,8.86,229.32,0.983863255,-0.099408795,0.122248371,0.084772183,-0.0579680,-1.0824841,0.8157096
seq-01/frame-000301,1,0.02513919,0.872921,2846,1286,735,0.97,105.25,102.07,10.85,219.15,0.984348251,-0.099260005,0.119507062,0.083210778,-0.0542599,-1.0859482,0.8160362
seq-01/frame-000302,1,0.01509461,0.484102,2453,1066,581,0.93,101.05,94.57,9.22,205.77,0.984976198,-0.097137551,0.117650732,0.080898025,-0.0491297,-1.0815711,0.8273323
seq-01/frame-000303,1,0.02817543,0.811814,2838,1328,740,0.97,118.21,113.74,14.66,247.58,0.985438278,-0.095676307,0.115022163,0.080791991,-0.0572083,-1.0930392,0.8247301
seq-01/frame-000304,1,0.01674007,0.477789,2436,1100,620,0.93,95.81,82.26,8.86,187.86,0.985777718,-0.095452430,0.111494101,0.081854683,-0.0472876,-1.0954973,0.8306052
seq-01/frame-000305,1,0.02834859,0.883490,2515,1174,684,0.94,117.43,101.49,12.90,232.76,0.987049606,-0.088872284,0.107679768,0.078992782,-0.0565445,-1.0893657,0.8335874
seq-01/frame-000306,1,0.01133717,0.495578,2762,1239,708,0.96,120.29,98.36,10.22,229.83,0.987572106,-0.090211231,0.101897792,0.078613670,-0.0352198,-1.0880954,0.8398311
seq-01/frame-000307,1,0.02034070,0.930870,2804,1299,726,0.95,101.38,107.18,19.54,229.05,0.987526617,-0.089596917,0.105726744,0.074735731,-0.0437310,-1.0903286,0.8447869
seq-01/frame-000308,1,0.02305372,0.762929,2427,1207,710,0.94,106.68,91.21,20.85,219.67,0.987334809,-0.092953623,0.104555352,0.074818298,-0.0448889,-1.0959843,0.8508690
seq-01/frame-000309,1,0.02120817,0.668971,2546,1153,692,0.95,115.22,96.88,15.18,228.23,0.987416996,-0.093467961,0.101416296,0.077370226,-0.0417919,-1.0992082,0.8549920
seq-01/frame-000310,1,0.01895252,0.732893,2577,1257,738,1.14,120.24,98.79,20.45,240.62,0.987347968,-0.094923294,0.100031673,0.078276584,-0.0405138,-1.0968208,0.8695136
seq-01/frame-000311,1,0.02216355,0.719066,2490,1204,729,0.95,111.34,103.72,10.97,226.98,0.987429510,-0.096267055,0.097441382,0.078872009,-0.0338481,-1.1045661,0.8784105
seq-01/frame-000312,1,0.02305968,0.781263,2636,1304,743,0.94,119.44,105.23,12.61,238.22,0.987669488,-0.097548111,0.097945655,0.073484676,-0.0428334,-1.1075882,0.8907925
seq-01/frame-000313,1,0.02395823,0.783915,2823,1368,790,1.31,122.91,105.30,17.51,247.05,0.987636595,-0.094812776,0.099847709,0.074932829,-0.0498345,-1.1044827,0.8954022
seq-01/frame-000314,1,0.02578987,0.785299,2678,1227,703,0.95,107.72,112.59,13.38,234.65,0.987392193,-0.094290296,0.100842830,0.077438504,-0.0509457,-1.1079249,0.9052713
seq-01/frame-000315,1,0.02504158,0.890849,2890,1378,799,0.98,112.09,112.46,13.38,238.92,0.987427447,-0.090852836,0.104207891,0.076638854,-0.0565705,-1.1063187,0.9156974
seq-01/frame-000316,1,0.02634110,0.871257,2591,1229,681,1.27,112.62,105.84,11.30,231.04,0.987011408,-0.091489802,0.106533870,0.078029681,-0.0569113,-1.1133833,0.9289283
seq-01/frame-000317,1,0.03313990,1.241768,2598,1201,679,0.95,99.03,83.19,10.41,193.59,0.987136330,-0.085939036,0.112687553,0.074012590,-0.0662161,-1.1138678,0.9377636
seq-01/frame-000318,1,0.03094682,0.937190,2545,1152,657,0.93,98.98,101.31,13.41,214.64,0.986685665,-0.085765296,0.116450279,0.074397879,-0.0690234,-1.1206386,0.9507109
seq-01/frame-000319,1,0.02921820,0.898355,2481,1172,708,0.93,109.33,86.67,11.37,208.30,0.986778837,-0.081201720,0.118735551,0.074670452,-0.0797436,-1.1177165,0.9535010
seq-01/frame-000320,1,0.03192542,1.006249,2602,1176,664,0.95,117.36,97.56,12.27,228.14,0.986231822,-0.082200386,0.121762027,0.075920348,-0.0842264,-1.1217690,0.9659914
seq-01/frame-000321,1,0.03510679,0.892061,2047,902,509,0.89,90.08,85.23,24.32,200.52,0.986078269,-0.075269649,0.124043165,0.081224508,-0.0818939,-1.1199940,0.9770878
seq-01/frame-000322,1,0.04694766,1.270379,2228,1108,673,0.91,100.35,77.60,16.12,194.98,0.985491988,-0.077847059,0.125465272,0.083688966,-0.1064872,-1.1329139,0.9814074
seq-01/frame-000323,1,0.02826146,0.825499,2752,1280,719,1.35,120.62,117.05,12.71,251.73,0.985841317,-0.075941750,0.123682310,0.083978771,-0.0963204,-1.1245939,0.9927921
seq-01/frame-000324,1,0.03727562,0.962910,2672,1341,782,0.94,113.97,102.84,11.46,229.21,0.985256900,-0.074158641,0.127110533,0.087248211,-0.1032971,-1.1337501,0.9981895
seq-01/frame-000325,1,0.03846957,0.953669,2688,1275,733,0.94,117.92,106.65,18.82,244.34,0.985120334,-0.071226666,0.129043783,0.088387731,-0.1148331,-1.1363913,1.0025869
seq-01/frame-000326,1,0.04898043,1.292712,2845,1348,803,1.37,107.75,101.77,14.93,225.82,0.984697115,-0.069935706,0.131073760,0.091105758,-0.1226302,-1.1372119,1.0090867
seq-01/frame-000327,1,0.02503940,0.897477,2604,1210,678,1.37,102.65,92.40,16.71,213.14,0.985177119,-0.070156042,0.129167242,0.088430746,-0.1090315,-1.1291611,1.0136797
seq-01/frame-000328,1,0.04164948,1.345353,2278,1043,612,1.00,98.43,90.38,21.01,210.82,0.983896845,-0.074410522,0.136014619,0.088938721,-0.1145905,-1.1511493,1.0218837
seq-01/frame-000329,1,0.03342763,0.959346,2944,1424,810,1.13,111.33,101.56,11.64,225.66,0.983175422,-0.072434376,0.143636172,0.086533238,-0.1212961,-1.1416669,1.0299691
seq-01/frame-000330,1,0.03710816,1.022176,2959,1377,800,0.99,116.02,120.22,17.03,254.25,0.982848498,-0.073725302,0.145232617,0.086492176,-0.1256776,-1.1466558,1.0339186
seq-01/frame-000331,1,0.03298772,0.979391,2947,1372,808,0.99,121.60,107.18,17.14,246.91,0.981970438,-0.077078098,0.149460615,0.086339737,-0.1189971,-1.1471205,1.0513410
seq-01/frame-000332,1,0.03551724,1.017913,2780,1336,761,0.97,102.20,111.97,14.92,230.07,0.981688622,-0.075773196,0.151681631,0.086824852,-0.1293991,-1.1437383,1.0547795
seq-01/frame-000333,1,0.04051156,0.973902,2593,1170,669,0.94,112.98,108.99,32.03,254.94,0.981513473,-0.078745794,0.149645453,0.089647317,-0.1125917,-1.1523465,1.0759104
seq-01/frame-000334,1,0.03918071,0.799811,2352,1144,660,2.44,103.96,88.20,24.68,219.27,0.981735142,-0.074820090,0.149981505,0.090020075,-0.1200425,-1.1535099,1.0739154
seq-01/frame-000335,1,0.04084354,0.826436,1984,979,605,0.92,96.85,70.12,26.92,194.81,0.981896383,-0.077433983,0.147497269,0.090155570,-0.1209898,-1.1589727,1.0801304
seq-01/frame-000336,1,0.02758592,0.550469,2407,1250,762,1.34,91.89,80.81,19.72,193.75,0.983648753,-0.073047796,0.140877872,0.085162058,-0.1156707,-1.1493446,1.0896677
seq-01/frame-000337,1,0.02671152,0.619998,2581,1301,779,0.96,117.37,98.65,15.18,232.16,0.983950403,-0.073083688,0.140073684,0.082944213,-0.1210921,-1.1499994,1.0914709
seq-01/frame-000338,1,0.02739602,0.643201,2274,1195,730,0.96,96.73,76.76,29.10,203.55,0.984878871,-0.072291815,0.136750318,0.078018286,-0.1235891,-1.1539939,1.1016755
seq-01/frame-000339,1,0.03016952,0.651752,2608,1347,817,0.95,102.62,100.34,18.66,222.58,0.985006425,-0.073928022,0.134979746,0.077958060,-0.1192705,-1.1581445,1.1137451
seq-01/frame-000340,1,0.03097415,0.527094,2330,1184,709,0.92,112.00,87.41,19.64,219.97,0.985403967,-0.072905080,0.132175115,0.078699488,-0.1106988,-1.1609014,1.1215822
seq-01/frame-000341,1,0.02611539,0.528572,2845,1457,870,0.96,106.42,114.65,24.50,246.54,0.986460448,-0.069787574,0.128840801,0.073658173,-0.1026395,-1.1560794,1.1328010
seq-01/frame-000342,1,0.02952004,0.667760,2779,1386,830,0.97,116.56,111.72,22.18,251.43,0.986221208,-0.071695546,0.129549153,0.073786824,-0.1013334,-1.1638794,1.1356923
seq-01/frame-000343,1,0.03207498,0.683045,2409,1228,743,1.26,105.67,100.01,20.64,227.58,0.986888468,-0.066828085,0.127254335,0.073426789,-0.0901166,-1.1628654,1.1494406
seq-01/frame-000344,1,0.03583481,0.529807,2642,1403,867,0.95,112.38,95.67,21.96,230.96,0.986815619,-0.067283712,0.125881341,0.076300229,-0.0847595,-1.1690165,1.1562890
seq-01/frame-000345,1,0.03030563,0.669241,2522,1315,818,0.94,109.23,108.06,16.47,234.72,0.986907786,-0.063881334,0.122836888,0.082724219,-0.0754041,-1.1708199,1.1648330
seq-01/frame-000346,1,0.02798428,0.718242,2237,1230,779,0.90,91.00,76.19,12.98,181.08,0.986778876,-0.067172563,0.121135303,0.084151851,-0.0671742,-1.1711791,1.1681858
seq-01/frame-000347,1,0.02484763,0.566594,2119,1128,684,0.90,87.09,76.66,9.22,173.88,0.987318819,-0.065992875,0.118396368,0.082636491,-0.0410679,-1.1665140,1.1817695
seq-01/frame-000348,1,0.02555540,0.523733,2616,1365,846,0.94,97.51,99.23,10.55,208.23,0.987438794,-0.065992371,0.122011174,0.075649905,-0.0379623,-1.1765199,1.1908524
seq-01/frame-000349,1,0.02998736,0.462877,2076,985,584,0.89,86.44,86.45,9.79,183.58,0.987368712,-0.068384091,0.122260043,0.074021107,-0.0250013,-1.1860271,1.2041134
seq-01/frame-000350,1,0.03206435,0.515906,1981,1002,611,1.13,95.52,79.36,10.66,186.67,0.987519040,-0.063505830,0.124272901,0.073002748,-0.0174355,-1.1865028,1.2080044
seq-01/frame-000351,1,0.04302848,0.988203,2445,1242,747,0.92,108.69,86.54,13.50,209.66,0.986647977,-0.067330694,0.133371181,0.064841929,-0.0299285,-1.1994127,1.2162505
seq-01/frame-000352,1,0.03140580,0.405610,1975,865,504,0.88,91.05,76.09,26.31,194.34,0.986648735,-0.071148753,0.129410689,0.068665875,-0.0086603,-1.2122037,1.2344251
seq-01/frame-000353,1,0.02933920,0.388245,1804,978,659,1.26,95.56,75.16,14.78,186.75,0.987951351,-0.065491777,0.124353867,0.064800233,-0.0084163,-1.2090844,1.2328788
seq-01/frame-000354,1,0.02408832,0.373420,1994,1080,697,1.24,107.42,80.05,15.45,204.16,0.988743503,-0.071733147,0.118685130,0.056164773,0.0021410,-1.2281213,1.2451939
seq-01/frame-000355,1,0.02449945,0.462565,2193,1129,737,1.26,101.93,92.75,16.43,212.37,0.989233921,-0.070194096,0.116116269,0.054827469,0.0026941,-1.2285617,1.2439136
seq-01/frame-000356,1,0.03136167,0.417524,1501,739,453,0.88,85.96,62.63,11.37,160.84,0.988689137,-0.075643267,0.112720236,0.063765469,0.0050350,-1.2548068,1.2546012
seq-01/frame-000357,1,0.02518988,0.917526,1671,897,573,1.21,83.93,59.14,12.88,157.16,0.989565151,-0.072909764,0.106463925,0.064112493,0.0021109,-1.2546155,1.2508920
seq-01/frame-000358,1,0.02413929,0.530615,2151,1230,805,1.52,91.28,98.10,16.41,207.32,0.990301771,-0.072659697,0.098895484,0.065135657,0.0080387,-1.2600337,1.2554150
seq-01/frame-000359,1,0.02355206,0.587629,2191,1190,786,0.90,91.41,91.11,8.50,191.92,0.990439650,-0.072238822,0.096434963,0.067165098,0.0082354,-1.2640409,1.2551590
seq-01/frame-000360,1,0.02239995,0.903567,2077,1152,752,0.88,91.71,93.01,13.01,198.61,0.990666855,-0.070710572,0.091004094,0.072783602,0.0192105,-1.2695150,1.2555990
seq-01/frame-000361,1,0.02466038,0.625819,2210,1299,872,1.28,87.97,88.49,12.54,190.28,0.990218479,-0.071767152,0.090133824,0.078693924,0.0240079,-1.2795527,1.2601945
seq-01/frame-000362,1,0.02925789,0.682311,2200,1361,922,0.90,105.02,80.79,13.89,200.60,0.990180861,-0.069586954,0.090573122,0.080597938,0.0244776,-1.2832116,1.2617972
seq-01/frame-000363,1,0.01800376,0.526327,1734,999,649,0.85,86.04,78.93,10.76,176.58,0.990811458,-0.068726206,0.087344140,0.077073758,0.0461619,-1.2837845,1.2643092
seq-01/frame-000364,1,0.03643208,1.074980,2281,1350,916,0.92,117.56,83.46,9.87,211.81,0.989902425,-0.069453224,0.096688169,0.076946968,0.0238041,-1.2957457,1.2611925
seq-01/frame-000365,1,0.03575246,1.049648,2408,1423,962,0.92,108.45,101.97,16.47,227.82,0.989655096,-0.072635170,0.097263673,0.076463724,0.0272809,-1.3003264,1.2664688
seq-01/frame-000366,1,0.03025709,0.789999,2199,1243,847,0.91,90.00,89.46,13.03,193.40,0.989666183,-0.069542008,0.100810153,0.074579273,0.0366228,-1.2973390,1.2744245
seq-01/frame-000367,1,0.03256724,0.822356,2432,1397,943,0.94,89.66,82.84,13.62,187.06,0.989173853,-0.071128912,0.104437407,0.074623015,0.0302377,-1.3029104,1.2729247
seq-01/frame-000368,1,0.02930108,0.620158,2472,1348,901,1.28,97.92,95.84,14.43,209.48,0.989104995,-0.070517290,0.104310267,0.076275743,0.0378436,-1.3010809,1.2818232
seq-01/frame-000369,1,0.03360757,0.826313,2228,1189,788,0.93,88.21,91.84,11.00,191.99,0.988645009,-0.071975751,0.106714373,0.077540832,0.0400140,-1.3110825,1.2856147
seq-01/frame-000370,1,0.03127103,0.581664,2102,1203,791,0.90,119.70,84.92,8.45,213.98,0.988537451,-0.071393922,0.108737688,0.076633750,0.0487473,-1.3118904,1.2968743
seq-01/frame-000371,1,0.03960365,0.909620,2473,1429,982,0.93,124.69,97.22,12.51,235.35,0.988186861,-0.072309702,0.114512361,0.071728334,0.0359705,-1.3171735,1.3066549
seq-01/frame-000372,1,0.03320410,0.571655,2370,1297,852,0.92,116.96,84.32,10.20,212.40,0.988239027,-0.070461610,0.113974100,0.073679648,0.0417423,-1.3150098,1.3177440
seq-01/frame-000373,1,0.04251776,1.044896,2264,1336,905,0.91,98.81,96.32,12.01,208.05,0.987642752,-0.073393064,0.115717449,0.076057372,0.0327723,-1.3240604,1.3225737
seq-01/frame-000374,1,0.03849148,0.930251,2322,1431,962,1.42,107.06,86.18,12.47,207.13,0.987155618,-0.077454647,0.116121845,0.077719239,0.0327304,-1.3294771,1.3412055
seq-01/frame-000375,1,0.03517876,0.694681,2363,1432,990,0.92,116.01,105.56,17.31,239.81,0.987186263,-0.077003278,0.115266559,0.079040476,0.0356210,-1.3296888,1.3507106
seq-01/frame-000376,1,0.03084664,0.640161,2202,1320,908,0.93,91.53,73.32,13.33,179.11,0.987459214,-0.075892432,0.114672523,0.077555470,0.0348706,-1.3268574,1.3589304
seq-01/frame-000377,1,0.02965344,0.644528,2124,1291,863,0.90,89.62,73.57,10.52,174.61,0.987197084,-0.079904116,0.115456063,0.075677914,0.0287951,-1.3347069,1.3787562
seq-01/frame-000378,1,0.02621647,0.513955,1952,1177,796,0.90,84.85,83.09,11.70,180.55,0.987467332,-0.077937089,0.113652622,0.076923072,0.0288915,-1.3353251,1.3854937
seq-01/frame-000379,1,0.01390724,0.375427,1834,1181,813,1.22,91.15,77.20,20.02,189.59,0.987648445,-0.079731616,0.111706315,0.075598394,0.0239526,-1.3378372,1.3923724
seq-01/frame-000380,1,0.03119630,0.644980,1736,1043,706,0.89,89.09,63.79,12.37,166.15,0.987448353,-0.081181384,0.112436294,0.075587118,0.0148299,-1.3511362,1.4124231
seq-01/frame-000381,1,0.03486572,0.946629,1517,867,608,0.88,71.90,63.45,10.43,146.66,0.987721495,-0.083681014,0.107762742,0.076098147,0.0174476,-1.3609860,1.4220606
seq-01/frame-000382,1,0.04312858,0.899346,2011,1196,806,0.88,89.33,77.91,9.71,177.83,0.988057752,-0.083231263,0.104450426,0.076841035,0.0083990,-1.3690642,1.4368527
seq-01/frame-000383,1,0.03370383,0.845980,1634,948,645,1.31,90.63,64.24,17.59,173.77,0.988109514,-0.082510731,0.103553900,0.078154699,0.0076673,-1.3769634,1.4456211
seq-01/frame-000384,1,0.03260871,0.977003,1941,1213,838,0.89,91.05,78.45,20.81,191.20,0.988257894,-0.080216026,0.104744379,0.077073602,-0.0044967,-1.3786146,1.4497657
seq-01/frame-000385,1,0.03157274,0.855842,1904,1153,783,0.88,91.29,69.84,16.80,178.82,0.988038213,-0.079694752,0.105094910,0.079901792,-0.0078248,-1.3899036,1.4666761
seq-01/frame-000386,1,0.03411622,1.044079,2006,1226,859,0.90,94.59,72.54,7.32,175.36,0.987979787,-0.078573301,0.106951689,0.079268615,-0.0202474,-1.3940352,1.4719647
seq-01/frame-000387,1,0.04094761,1.364154,2246,1419,934,0.91,98.58,97.22,11.42,208.13,0.987641643,-0.082633788,0.107225983,0.078982478,-0.0244002,-1.4048321,1.4778895
seq-01/frame-000388,1,0.03478425,1.085914,2057,1228,825,1.22,89.42,81.79,13.26,185.69,0.987248862,-0.084502549,0.109311199,0.079057353,-0.0172612,-1.4134256,1.4947646
seq-01/frame-000389,1,0.04077990,1.368108,2169,1278,867,0.91,102.28,88.51,12.81,204.52,0.986695923,-0.086299036,0.113929328,0.077483807,-0.0295535,-1.4261679,1.4995914
seq-01/frame-000390,1,0.05123466,1.765085,2025,1215,850,1.30,92.53,71.76,11.31,176.90,0.985934153,-0.088587004,0.120737391,0.074220422,-0.0528511,-1.4307358,1.5064540
seq-01/frame-000391,1,0.03421270,1.227926,2097,1326,912,1.03,112.80,85.98,14.93,214.74,0.986133761,-0.092504665,0.115125710,0.075691240,-0.0457412,-1.4351853,1.5156713
seq-01/frame-000392,1,0.03614025,1.236253,2297,1411,992,1.16,112.79,84.43,18.37,216.76,0.985825648,-0.096739152,0.114651808,0.075128494,-0.0427473,-1.4423078,1.5240341
seq-01/frame-000393,1,0.03771915,1.322110,2350,1419,985,0.94,98.63,97.80,22.27,219.64,0.984895963,-0.101409952,0.119944583,0.072864677,-0.0521527,-1.4567458,1.5325369
seq-01/frame-000394,1,0.03405210,1.115059,2272,1291,878,1.27,98.14,98.76,11.52,209.69,0.984453946,-0.102042118,0.122158597,0.074263798,-0.0546869,-1.4590329,1.5406244
seq-01/frame-000395,1,0.03266441,0.975839,2311,1389,939,0.94,94.98,89.62,12.50,198.05,0.984223575,-0.102284070,0.121643973,0.077747453,-0.0512909,-1.4662381,1.5407342
seq-01/frame-000396,1,0.03640964,1.156529,2362,1387,964,0.94,100.40,108.10,12.98,222.43,0.983667354,-0.104251789,0.123180624,0.079728512,-0.0547293,-1.4721355,1.5459023
seq-01/frame-000397,1,0.03923209,1.254460,2230,1279,836,0.93,93.68,81.84,17.44,193.89,0.982946859,-0.102171362,0.126471254,0.085915702,-0.0599083,-1.4783439,1.5481687
seq-01/frame-000398,1,0.03529709,1.115209,2180,1259,871,0.92,91.71,83.23,14.21,190.08,0.982988778,-0.103423721,0.124092308,0.087393910,-0.0507690,-1.4769996,1.5504966
seq-01/frame-000399,1,0.03096741,0.871464,1698,907,588,0.87,77.25,66.49,15.08,159.69,0.982669623,-0.104851588,0.124266594,0.089018932,-0.0386578,-1.4859712,1.5601008
seq-01/frame-000400,1,0.03126826,0.844458,2424,1352,875,1.33,104.11,92.53,13.93,211.90,0.982822158,-0.099189200,0.131263319,0.083618471,-0.0471549,-1.4835124,1.5569199
seq-01/frame-000401,1,0.03806325,1.138775,2327,1269,840,0.94,103.32,87.77,18.04,210.06,0.982179617,-0.100613542,0.132949334,0.086744390,-0.0518046,-1.4903047,1.5614350
seq-01/frame-000402,1,0.03677138,1.000018,2213,1238,812,0.94,97.73,82.08,12.62,193.37,0.982174226,-0.098414627,0.133056941,0.089130247,-0.0493859,-1.4908026,1.5648707
seq-01/frame-000403,1,0.02904875,0.935859,2183,1216,797,0.94,103.49,86.46,18.21,209.10,0.982745307,-0.097363122,0.131424733,0.086369117,-0.0450970,-1.4843010,1.5635943
seq-01/frame-000404,1,0.02938943,0.748249,2131,1202,786,1.28,98.29,84.24,9.14,192.96,0.982771344,-0.099443479,0.130848112,0.084559166,-0.0486756,-1.4881590,1.5671054
seq-01/frame-000405,1,0.03047567,0.806710,1747,907,572,1.33,90.02,67.50,12.20,171.06,0.982870105,-0.101318523,0.128303969,0.085082343,-0.0370511,-1.4979145,1.5744120
seq-01/frame-000406,1,0.02361982,0.297014,2113,1108,728,0.93,106.30,87.15,20.67,215.04,0.983815776,-0.091600342,0.129539850,0.083278594,-0.0337012,-1.4885547,1.5742236
seq-01/frame-000407,1,0.02608128,0.587185,2250,1235,826,1.30,97.90,85.05,13.74,198.00,0.983797025,-0.090832257,0.129982582,0.083650718,-0.0380446,-1.4953930,1.5716463
seq-01/frame-000408,1,0.02776089,0.526923,2387,1321,864,1.00,92.55,84.56,13.46,191.57,0.984047651,-0.087598311,0.130492577,0.083357321,-0.0367606,-1.4879836,1.5758934
seq-01/frame-000409,1,0.03655929,1.066860,2172,1182,784,0.95,100.15,93.56,8.58,203.24,0.983300603,-0.091793647,0.130948325,0.086869937,-0.0397546,-1.5103623,1.5744614
seq-01/frame-000410,1,0.02923660,0.702489,2329,1247,806,0.95,101.24,102.58,16.65,221.42,0.983638391,-0.087247365,0.131183239,0.087374888,-0.0372948,-1.4989304,1.5759064
seq-01/frame-000411,1,0.02861392,0.583450,2077,1179,793,0.92,108.81,87.01,14.64,211.39,0.983416231,-0.087568291,0.131132347,0.089602562,-0.0308017,-1.5022057,1.5828242
seq-01/frame-000412,1,0.02721393,0.658624,2323,1307,891,0.95,99.78,92.37,11.56,204.66,0.983887689,-0.085212225,0.129084794,0.089671671,-0.0278231,-1.5026481,1.5845169
seq-01/frame-000413,1,0.02627562,0.512553,2253,1254,856,0.94,99.62,88.91,10.40,199.87,0.984228480,-0.084003068,0.128603493,0.087743522,-0.0211106,-1.4985767,1.5920632
seq-01/frame-000414,1,0.02943359,0.508717,2128,1195,797,0.91,92.44,72.29,11.42,177.07,0.984021278,-0.084092401,0.129439153,0.088747389,-0.0192418,-1.5063902,1.5975507
seq-01/frame-000415,1,0.03082236,0.714466,2065,1184,807,1.31,95.07,88.00,18.37,202.76,0.984387989,-0.081925185,0.129191375,0.087052509,-0.0285003,-1.5092588,1.5981353
seq-01/frame-000416,1,0.02567651,0.184171,1897,1068,728,0.90,86.95,69.06,15.51,172.43,0.985441253,-0.079745241,0.123341165,0.085634046,-0.0091550,-1.5036311,1.6068721
seq-01/frame-000417,1,0.02623849,0.354023,2074,1139,778,0.90,108.97,90.47,10.81,211.16,0.985933382,-0.076116843,0.121595743,0.085767519,-0.0072704,-1.5122408,1.6129766
seq-01/frame-000418,1,0.03109305,0.710538,2204,1240,846,0.93,102.42,90.84,8.01,202.20,0.985631565,-0.076345062,0.123094885,0.086887856,-0.0148962,-1.5187881,1.6149495
seq-01/frame-000419,1,0.02758292,0.388711,1760,917,627,0.89,92.64,73.55,8.89,175.97,0.986476636,-0.074540966,0.116785141,0.087571235,0.0083122,-1.5197501,1.6184385
seq-01/frame-000420,1,0.02696928,0.471739,2020,1050,684,0.90,79.57,76.79,9.31,166.58,0.986471213,-0.072779899,0.120698931,0.083722161,0.0045954,-1.5194544,1.6289259
seq-01/frame-000421,1,0.03020552,0.884447,2011,1143,790,1.25,92.61,76.66,7.44,177.95,0.985978555,-0.074243645,0.123271600,0.084488356,0.0003955,-1.5351299,1.6273652
seq-01/frame-000422,1,0.02778207,0.748637,2194,1265,876,1.28,101.26,95.49,8.49,206.52,0.985559214,-0.073996950,0.124144658,0.088235998,0.0100505,-1.5394976,1.6378700
seq-01/frame-000423,1,0.03539195,1.137680,2338,1306,897,0.94,107.50,88.71,19.96,217.11,0.985274059,-0.075677608,0.125140861,0.088587207,0.0050700,-1.5456380,1.6390200
seq-01/frame-000424,1,0.03719441,1.287294,2288,1265,867,0.93,107.52,94.31,14.23,216.99,0.984968054,-0.077642489,0.127010957,0.087623015,0.0079308,-1.5496617,1.6471052
seq-01/frame-000425,1,0.03487840,1.132648,2162,1175,850,0.93,93.30,75.76,9.38,179.37,0.984764881,-0.078990601,0.128374500,0.086709872,0.0190778,-1.5594187,1.6568700
seq-01/frame-000426,1,0.03243497,1.045201,2403,1311,902,1.36,104.43,90.76,10.24,206.78,0.984930826,-0.079041815,0.127386715,0.086233898,0.0239949,-1.5597057,1.6588821
seq-01/frame-000427,1,0.03359185,1.064501,2327,1279,896,0.94,99.13,86.51,12.71,199.29,0.984672104,-0.080572605,0.128418330,0.086241724,0.0265465,-1.5645992,1.6681509
seq-01/frame-000428,1,0.03641623,1.180697,2163,1141,822,0.91,106.67,96.49,10.94,215.01,0.984275928,-0.085317022,0.126022352,0.089667554,0.0354729,-1.5829794,1.6757198
seq-01/frame-000429,1,0.03348187,1.042452,2270,1257,889,0.93,96.89,79.27,13.29,190.38,0.984615496,-0.083595475,0.125868706,0.087756422,0.0354467,-1.5802340,1.6804559
seq-01/frame-000430,1,0.03067268,0.955568,2222,1302,937,0.92,108.83,86.06,8.74,204.56,0.984805050,-0.085024739,0.123782376,0.087222301,0.0417799,-1.5839862,1.6845868
seq-01/frame-000431,1,0.02773472,0.865938,2162,1162,830,0.92,88.42,89.79,8.98,188.11,0.984639731,-0.087556785,0.122588426,0.088263742,0.0495870,-1.5981998,1.6889568
seq-01/frame-000432,1,0.02350525,0.647435,1788,992,714,0.88,86.41,66.79,14.60,168.69,0.984469427,-0.087009151,0.120575605,0.093332087,0.0572916,-1.6060248,1.6955541
seq-01/frame-000433,1,0.02875805,0.854270,2106,1181,836,0.91,103.47,82.27,12.80,199.45,0.984423638,-0.086050266,0.121447870,0.093572794,0.0508250,-1.6109970,1.6965301
seq-01/frame-000434,1,0.02706077,0.813499,1953,1120,821,0.90,97.71,69.95,9.18,177.74,0.984699354,-0.087614911,0.120849544,0.089923287,0.0552155,-1.6226858,1.7035336
seq-01/frame-000435,1,0.02221314,0.476333,1761,1015,754,0.88,83.13,73.58,11.80,169.39,0.985192407,-0.087393910,0.117166900,0.089611071,0.0613560,-1.6272819,1.7062380
seq-01/frame-000436,1,0.02646292,0.580726,1834,1022,751,1.36,90.53,80.13,11.62,183.64,0.985181334,-0.086905194,0.115050211,0.092890665,0.0599372,-1.6365251,1.7074605
seq-01/frame-000437,1,0.01899527,0.502245,2054,1194,856,0.90,89.62,83.50,14.05,188.07,0.985416264,-0.084438071,0.110588917,0.097954530,0.0635935,-1.6444231,1.7057008
seq-01/frame-000438,1,0.01785709,0.384985,1703,991,731,1.21,92.90,62.82,5.64,162.58,0.985695493,-0.084024239,0.107659171,0.098761458,0.0693998,-1.6505800,1.7095649
seq-01/frame-000439,1,0.02524246,0.609744,1910,1070,753,0.88,87.62,79.14,15.97,183.62,0.985974881,-0.083545717,0.107532638,0.096490308,0.0652659,-1.6612505,1.7106946
seq-01/frame-000440,1,0.01994353,0.614958,2041,1156,840,0.90,95.78,84.91,7.55,189.15,0.986102868,-0.081838835,0.107732783,0.096421918,0.0617417,-1.6645974,1.7100550
seq-01/frame-000441,1,0.01907579,0.635667,2099,1173,870,0.90,81.25,81.54,11.52,175.21,0.986229385,-0.082294905,0.106775809,0.095802269,0.0617665,-1.6681538,1.7104065
seq-01/frame-000442,1,0.01643850,0.509815,2025,1139,846,0.91,99.52,90.31,7.88,198.63,0.986822888,-0.079432951,0.106620262,0.092212329,0.0617189,-1.6694241,1.7139398
seq-01/frame-000443,1,0.02158443,0.719193,2102,1177,846,0.91,86.86,92.67,7.77,188.21,0.986653324,-0.080371436,0.109226113,0.090140481,0.0552846,-1.6742131,1.7190718
seq-01/frame-000444,1,0.02443192,0.795177,1945,1163,836,0.90,99.85,75.00,9.11,184.86,0.986591402,-0.080190524,0.108863920,0.091408599,0.0469332,-1.6814912,1.7196466
seq-01/frame-000445,1,0.01741373,0.525757,1890,1087,787,0.96,82.93,75.39,9.20,168.49,0.987041651,-0.080899406,0.105516144,0.089835453,0.0555833,-1.6818934,1.7259962
seq-01/frame-000446,1,0.01891777,0.552649,1945,1124,827,1.27,90.07,72.77,10.78,174.90,0.987078205,-0.079582264,0.106688218,0.089223906,0.0519972,-1.6874225,1.7285546
seq-01/frame-000447,1,0.01475750,0.470306,1761,1025,755,0.88,99.40,75.01,10.22,185.52,0.988193410,-0.076641908,0.101419281,0.085521532,0.0538651,-1.6905522,1.7319675
seq-01/frame-000448,1,0.01844778,0.446497,1697,961,699,0.86,71.11,68.03,7.17,147.17,0.988424907,-0.074867939,0.101369183,0.084470610,0.0523920,-1.6942913,1.7385264
seq-01/frame-000449,1,0.01981477,0.510226,1623,887,645,0.86,68.70,74.53,7.39,151.47,0.988866722,-0.069747142,0.102068790,0.082824535,0.0409203,-1.7008537,1.7476451
seq-01/frame-000450,1,0.01586834,0.309113,1724,983,706,0.87,77.35,64.62,6.97,149.81,0.989510821,-0.064920165,0.100113443,0.081430986,0.0410737,-1.6976096,1.7513714
seq-01/frame-000451,1,0.01198575,0.316117,1715,964,712,0.86,76.53,65.92,15.81,159.12,0.990354625,-0.060108540,0.096570020,0.079113278,0.0465204,-1.6918937,1.7529245
seq-01/frame-000452,1,0.01960462,0.421656,1688,947,655,1.26,87.09,72.66,9.34,170.36,0.990124563,-0.056812764,0.099414391,0.080885341,0.0425848,-1.7080506,1.7679656
seq-01/frame-000453,1,0.02282160,0.772053,1942,1136,834,1.14,86.78,74.66,7.69,170.28,0.990069065,-0.056031126,0.101947703,0.078933043,0.0271175,-1.7148018,1.7690438
seq-01/frame-000454,1,0.01795113,0.641986,1776,1035,746,0.87,94.75,69.23,8.37,173.22,0.990021760,-0.052460154,0.102526874,0.081197832,0.0244076,-1.7181557,1.7848897
seq-01/frame-000455,1,0.01853628,0.661841,1818,1055,754,0.87,97.56,80.20,10.06,188.70,0.990011664,-0.051413420,0.101901129,0.082763068,0.0228959,-1.7214024,1.7901727
seq-01/frame-000456,1,0.02592051,0.946010,1746,1015,744,0.87,91.59,70.25,7.29,170.00,0.990231711,-0.051639988,0.101518504,0.080426753,0.0067286,-1.7259288,1.8021324
seq-01/frame-000457,1,0.02873060,1.113538,1963,1134,804,0.87,92.92,81.87,14.58,190.26,0.989686629,-0.056750186,0.101563894,0.083573730,0.0083483,-1.7417836,1.8154229
seq-01/frame-000458,1,0.03157648,1.362675,1771,1100,790,1.21,90.83,81.39,12.35,185.78,0.989682606,-0.058858121,0.101992166,0.081618989,0.0017975,-1.7419204,1.8322986
seq-01/frame-000459,1,0.02399866,0.733961,1556,800,521,0.84,75.94,63.74,13.98,154.50,0.990526615,-0.057622144,0.094716466,0.081027796,0.0348963,-1.7439905,1.8442610
seq-01/frame-000460,1,0.02100392,0.646593,1525,855,603,0.86,77.19,62.97,13.59,154.61,0.989623396,-0.053558361,0.104305963,0.083050004,-0.0028450,-1.7599687,1.8510978
seq-01/frame-000461,1,0.01629492,0.614253,1453,834,601,0.85,64.30,59.94,13.36,138.46,0.990123501,-0.052274653,0.098324882,0.085176468,0.0061694,-1.7638952,1.8591088
seq-01/frame-000462,1,0.01701858,0.722383,1783,1009,673,1.12,89.60,68.46,13.15,172.34,0.989875144,-0.053682865,0.102177295,0.082614469,-0.0132561,-1.7713881,1.8651998
seq-01/frame-000463,1,0.01329092,0.559645,1600,929,639,0.86,86.51,80.71,8.41,176.50,0.990235679,-0.050215890,0.104335208,0.077626213,-0.0210992,-1.7816072,1.8749812
seq-01/frame-000464,1,0.01443334,0.664745,1676,971,673,0.86,86.66,77.96,23.54,189.02,0.990366720,-0.051054046,0.104485165,0.075167108,-0.0271050,-1.7832966,1.8825443
seq-01/frame-000465,1,0.01256035,0.482244,1678,905,642,0.86,86.08,65.10,8.90,160.95,0.990637643,-0.048462260,0.104237279,0.073641422,-0.0321316,-1.7965347,1.8876683
seq-01/frame-000466,1,0.01798584,0.632242,1540,810,545,0.86,79.72,60.61,20.83,162.02,0.990378637,-0.050307583,0.105362342,0.074283776,-0.0442363,-1.8057917,1.8902185
seq-01/frame-000467,1,0.01696174,0.705107,1656,843,569,0.85,82.82,98.85,11.76,194.28,0.990569863,-0.051115240,0.103317064,0.074055141,-0.0430218,-1.8188832,1.9014236
seq-01/frame-000468,1,0.00913040,0.344911,1643,804,541,0.86,91.66,63.64,20.79,176.95,0.990735603,-0.047833855,0.103773670,0.073388780,-0.0411693,-1.8168211,1.9036896
seq-01/frame-000469,1,0.01332607,0.553525,1636,876,590,0.88,84.55,61.68,11.64,158.74,0.990590106,-0.047862216,0.106780454,0.070981585,-0.0593993,-1.8239594,1.9100151
seq-01/frame-000470,1,0.01000999,0.316464,1716,839,521,0.86,74.00,68.59,16.25,159.71,0.990935734,-0.048524943,0.103215747,0.070980355,-0.0480919,-1.8290980,1.9150714
seq-01/frame-000471,1,0.01141662,0.435124,1710,868,561,0.85,78.55,64.01,16.30,159.71,0.990845093,-0.050911628,0.105744283,0.066724472,-0.0555641,-1.8385991,1.9196570
seq-01/frame-000472,1,0.00964935,0.173374,1397,673,452,0.84,91.99,43.99,15.84,152.66,0.991204749,-0.047474016,0.103301409,0.067736122,-0.0499593,-1.8383962,1.9250208
seq-01/frame-000473,1,0.02143508,0.743586,1682,811,528,0.87,83.12,60.88,16.57,161.44,0.992006667,-0.042996543,0.101494879,0.061423603,-0.0546468,-1.8191008,1.9286433
seq-01/frame-000474,1,0.01882180,0.486356,1647,800,503,0.85,87.15,54.74,17.56,160.31,0.992084439,-0.046454757,0.098206155,0.062975962,-0.0485273,-1.8395230,1.9198173
seq-01/frame-000475,1,0.00719068,0.289332,1734,836,544,0.87,84.32,71.63,20.97,177.79,0.991414149,-0.048198075,0.103496230,0.063745284,-0.0650376,-1.8506935,1.9261347
seq-01/frame-000476,1,0.00326138,0.262265,1599,797,535,0.85,75.11,63.43,20.50,159.90,0.991729704,-0.047435751,0.102421394,0.061089288,-0.0622945,-1.8506399,1.9267727
seq-01/frame-000477,1,0.00800090,0.445722,1693,811,519,0.86,77.18,77.70,28.26,184.01,0.991836495,-0.043205198,0.103347658,0.060933888,-0.0584376,-1.8450911,1.9264290
seq-01/frame-000478,1,0.00237689,0.338138,1466,747,490,0.84,87.53,59.38,12.48,160.23,0.992239956,-0.040475809,0.101365133,0.059554078,-0.0609543,-1.8550487,1.9250393
seq-01/frame-000479,1,0.00724730,0.219428,1589,797,527,0.86,79.51,71.35,14.44,166.16,0.992589834,-0.039061324,0.099353700,0.058038581,-0.0583355,-1.8577911,1.9190376
seq-01/frame-000480,1,0.02349218,1.218653,1236,578,370,0.82,81.80,43.61,9.55,135.78,0.993390757,-0.027192732,0.093722886,0.060426641,-0.0354791,-1.8457018,1.9219823
seq-01/frame-000481,1,0.01165420,0.613582,1599,774,491,1.11,89.03,59.48,24.55,174.18,0.993238630,-0.024398359,0.097765701,0.057650771,-0.0557886,-1.8429580,1.9209591
seq-01/frame-000482,1,0.03816967,0.973064,1475,710,459,0.84,79.11,70.42,20.70,171.07,0.994050238,-0.029798393,0.084831903,0.061479502,-0.0172298,-1.8674142,1.9091848
seq-01/frame-000483,1,0.00700010,0.422189,1672,787,489,1.17,83.66,60.58,22.84,168.26,0.993406115,-0.023793950,0.095426867,0.058922420,-0.0479510,-1.8528556,1.9143097
seq-01/frame-000484,1,0.03079596,0.874623,1572,719,475,1.15,85.86,59.16,17.84,164.01,0.994556242,-0.019960754,0.086191457,0.055049826,-0.0217870,-1.8428528,1.9100237
seq-01/frame-000485,1,0.02036029,0.896066,1572,798,524,0.84,78.97,58.74,19.21,157.76,0.993878240,-0.013173218,0.095865241,0.053313847,-0.0539814,-1.8438935,1.9068531
seq-01/frame-000486,1,0.01331738,0.629079,1603,731,459,0.85,77.15,57.17,16.63,151.81,0.994160246,-0.013614941,0.092535899,0.053825141,-0.0378026,-1.8456164,1.9086667
seq-01/frame-000487,1,0.01491167,0.625142,1514,765,489,0.85,81.30,65.46,22.67,170.27,0.994454958,-0.007506717,0.092039117,0.050316856,-0.0342444,-1.8460083,1.9031772
seq-01/frame-000488,1,0.01290257,0.519814,1554,758,478,0.83,80.79,60.53,14.29,156.45,0.994413368,-0.008055399,0.092242198,0.050680779,-0.0297585,-1.8493753,1.9008182
seq-01/frame-000489,1,0.01703470,0.306818,1283,639,362,0.80,73.82,57.86,40.76,173.24,0.994637443,-0.005463029,0.086700084,0.056121374,-0.0059094,-1.8663839,1.9020040
seq-01/frame-000490,1,0.02798679,1.267872,1328,611,379,1.12,78.29,59.03,11.14,149.58,0.993709269,0.007479607,0.097767316,0.054106344,-0.0395181,-1.8436099,1.9007691
seq-01/frame-000491,1,0.01761503,0.556531,1562,685,429,0.82,72.46,68.49,13.53,155.29,0.994545023,0.009837431,0.089307555,0.052986626,-0.0054270,-1.8461846,1.8965509
seq-01/frame-000492,1,0.03015288,1.292385,1670,743,440,1.19,77.73,65.69,24.23,168.84,0.993719474,0.014305857,0.098454597,0.051221492,-0.0356396,-1.8411204,1.8953248
seq-01/frame-000493,1,0.02352142,1.016545,1756,800,506,1.30,90.65,64.15,13.60,169.70,0.993734562,0.010416990,0.097988174,0.052739208,-0.0322938,-1.8511458,1.8907044
seq-01/frame-000494,1,0.03646303,1.561385,1662,720,434,0.82,86.04,60.61,21.56,169.03,0.993512250,0.018103173,0.099939868,0.051163540,-0.0360632,-1.8375564,1.8896258
seq-01/frame-000495,1,0.02469621,0.879587,1782,780,459,0.83,80.59,70.90,34.64,186.96,0.994018052,0.011527081,0.095633543,0.051472941,-0.0230002,-1.8558627,1.8811816
seq-01/frame-000496,1,0.00879625,0.639545,1693,697,426,0.82,88.97,66.99,28.40,185.18,0.994070390,0.010005250,0.093470599,0.054655294,-0.0066813,-1.8627061,1.8905304
seq-01/frame-000497,1,0.01366046,0.233591,1566,688,402,0.81,89.23,57.25,18.86,166.16,0.994626301,0.018034901,0.086709437,0.053616582,0.0110578,-1.8555920,1.8820473
seq-01/frame-000498,1,0.03364260,1.441713,1566,678,414,0.82,81.72,62.10,25.08,169.73,0.993643468,0.017936657,0.098459300,0.051543191,-0.0300294,-1.8521376,1.8835979
seq-01/frame-000499,1,0.03257974,1.393818,1200,546,335,0.78,66.75,42.64,19.45,129.63,0.994051467,0.028435217,0.093229158,0.048594683,-0.0092790,-1.8326134,1.8822190
seq-04/frame-000000,1,0.23019145,4.794093,2880,1343,831,0.91,108.45,116.81,22.40,248.56,0.975066649,-0.199813957,0.096499841,-0.002682169,-0.3065730,-1.1960620,-0.1124710
seq-04/frame-000001,1,0.22994120,4.872319,3021,1428,862,1.17,112.31,116.73,10.73,240.94,0.974335121,-0.198840374,0.105511571,-0.000941288,-0.2832040,-1.1938090,-0.0650561
seq-04/frame-000002,1,0.24028529,4.871511,2959,1371,859,1.35,143.26,127.45,25.21,297.26,0.973335113,-0.200840876,0.110760021,0.003730615,-0.2914540,-1.2089956,-0.0431995
seq-04/frame-000003,1,0.25012055,5.364509,3038,1359,810,0.92,107.30,99.43,15.70,223.36,0.972455068,-0.205120439,0.110597709,0.004989349,-0.2813936,-1.2144782,-0.0164537
seq-04/frame-000004,1,0.24419545,4.728542,2993,1403,847,0.91,135.36,111.32,20.71,268.31,0.973339372,-0.200090322,0.111558332,0.011360795,-0.2686449,-1.2001956,0.0036076
seq-04/frame-000005,1,0.05002512,1.104323,2995,1300,722,1.15,111.81,127.81,27.02,267.80,0.980798976,-0.165417260,0.102965567,0.008281925,-0.2512115,-1.0693214,-0.1390953
seq-04/frame-000006,1,0.04552821,0.694158,3109,1384,760,0.94,117.43,114.28,38.01,270.66,0.980696231,-0.164588918,0.105023875,0.010741338,-0.2471515,-1.0576737,-0.1351182
seq-04/frame-000007,1,0.25656201,5.366927,3239,1448,826,1.28,129.69,125.47,32.66,289.10,0.971569671,-0.201825758,0.123230131,0.011535703,-0.2954381,-1.2185062,0.0378598
seq-04/frame-000008,1,0.02297201,0.657031,3210,1457,795,1.26,145.78,121.12,38.45,306.62,0.980772568,-0.161049991,0.109849302,0.009011180,-0.2705782,-1.0459761,-0.1354822
seq-04/frame-000009,1,0.03180743,0.984440,3172,1429,798,0.93,121.72,124.15,36.32,283.11,0.979946348,-0.162459038,0.115102285,0.007979998,-0.2908774,-1.0542429,-0.1099769
seq-04/frame-000010,1,0.03214496,0.851226,3195,1397,706,0.93,108.97,124.01,31.12,265.03,0.980335845,-0.159670390,0.115587985,0.009295956,-0.2869958,-1.0372287,-0.1082278
seq-04/frame-000011,1,0.02398676,0.793998,3296,1484,824,0.93,109.10,123.39,35.76,269.19,0.979694849,-0.163117437,0.116074144,0.010839618,-0.2861403,-1.0473450,-0.0990565
seq-04/frame-000012,1,0.02548669,0.701189,3182,1363,774,0.93,112.14,113.18,17.35,243.60,0.979466858,-0.163254522,0.117695721,0.011847072,-0.2940552,-1.0519889,-0.0900481
seq-04/frame-000013,1,0.03236975,0.890553,3298,1450,821,1.35,120.97,148.11,24.15,294.57,0.979961623,-0.159527549,0.118651108,0.012169350,-0.3019994,-1.0412205,-0.0786797
seq-04/frame-000014,1,0.02895992,0.500790,3244,1405,797,0.92,135.81,120.01,16.71,273.46,0.979458455,-0.164982346,0.114612064,0.017493844,-0.2814974,-1.0684452,-0.0638122
seq-04/frame-000015,1,0.03978121,1.044848,3361,1422,814,0.94,133.83,130.14,21.96,286.88,0.980576012,-0.155500376,0.118953684,0.011846517,-0.3079101,-1.0341100,-0.0634922
seq-04/frame-000016,1,0.03793762,1.183010,3299,1401,777,0.93,132.14,113.81,29.12,276.00,0.977885088,-0.168945168,0.121857937,0.018679602,-0.3188136,-1.1057895,-0.0533665
seq-04/frame-000017,1,0.01384322,0.557035,3428,1453,811,1.28,133.60,136.62,21.89,293.38,0.979783450,-0.158743679,0.120515944,0.017341947,-0.2999515,-1.0717425,-0.0520046
seq-04/frame-000018,1,0.02652713,0.981458,3518,1523,842,0.94,128.33,151.58,30.38,311.23,0.978260545,-0.164055575,0.125068057,0.021214524,-0.3170332,-1.0997045,-0.0436012
seq-04/frame-000019,1,0.01310008,0.540222,3420,1435,817,0.94,116.12,131.62,17.56,266.24,0.978593582,-0.162257677,0.124437015,0.023291144,-0.3004956,-1.0960714,-0.0337309
seq-04/frame-000020,1,0.02033162,0.955827,3382,1410,745,1.61,130.42,135.18,26.36,293.57,0.978347805,-0.159369946,0.130872302,0.017585052,-0.3223695,-1.0777214,-0.0198554
seq-04/frame-000021,1,0.01952178,0.794650,3474,1541,874,0.94,130.32,126.07,18.91,276.25,0.978398671,-0.156935607,0.133022789,0.020302571,-0.3253125,-1.0719582,-0.0193936
seq-04/frame-000022,1,0.01253219,0.867074,3476,1463,805,0.94,127.93,131.65,23.46,283.98,0.978192828,-0.158594852,0.132560875,0.020348904,-0.3233208,-1.0744499,-0.0137172
seq-04/frame-000023,1,0.01989207,0.429452,3491,1477,836,0.94,120.38,138.26,18.44,278.02,0.978407506,-0.159865564,0.128544911,0.025257852,-0.3021908,-1.0748466,0.0003464
seq-04/frame-000024,1,0.01603898,0.584296,3386,1500,838,0.93,128.18,135.58,21.12,285.81,0.977947984,-0.161771469,0.129784942,0.024568311,-0.3104430,-1.0774275,0.0104222
seq-04/frame-000025,1,0.01944704,0.820203,3405,1415,815,0.93,130.77,134.23,19.73,285.66,0.977147107,-0.164942939,0.131831285,0.024451397,-0.3284621,-1.0865011,0.0248831
seq-04/frame-000026,1,0.01517392,0.681506,3458,1553,901,0.93,124.21,133.40,21.10,279.65,0.977560641,-0.165069240,0.128614062,0.024202543,-0.3145337,-1.0786477,0.0242925
seq-04/frame-000027,1,0.01635575,0.977719,3390,1420,781,0.94,121.36,132.73,21.97,276.99,0.976889207,-0.166808171,0.131807566,0.022119592,-0.3165742,-1.0859814,0.0349733
seq-04/frame-000028,1,0.01255043,0.702051,3473,1444,811,1.33,135.22,142.77,20.53,299.86,0.977246818,-0.166271936,0.129601718,0.023360131,-0.2979682,-1.0863550,0.0333534
seq-04/frame-000029,1,0.01107890,0.486954,3533,1511,859,0.95,126.22,133.79,23.51,284.48,0.976321024,-0.168830778,0.132562125,0.026846040,-0.2959348,-1.0976032,0.0493242
seq-04/frame-000030,1,0.01830338,0.905274,3691,1548,866,1.32,122.97,145.55,11.94,281.78,0.975254764,-0.171988035,0.136373685,0.026466560,-0.3098563,-1.1099247,0.0581796
seq-04/frame-000031,1,0.01148315,0.840590,3593,1494,845,1.32,130.25,128.48,16.00,276.05,0.975657537,-0.171437836,0.134325207,0.025654982,-0.3035982,-1.1032125,0.0544547
seq-04/frame-000032,1,0.02414864,0.626869,3423,1461,823,0.94,132.67,139.31,17.17,290.10,0.976336619,-0.169706165,0.131720439,0.024826412,-0.2700084,-1.0852964,0.0761655
seq-04/frame-000033,1,0.01981668,0.776551,3489,1451,801,0.95,124.64,131.98,24.29,281.87,0.975956694,-0.168763220,0.136247718,0.021542211,-0.2846724,-1.0800637,0.0809815
seq-04/frame-000034,1,0.00769373,0.527485,3448,1435,801,0.95,130.09,136.73,17.43,285.20,0.975402626,-0.171002185,0.137006637,0.024023959,-0.2815168,-1.0926545,0.0845744
seq-04/frame-000035,1,0.00534789,0.619645,3520,1524,873,0.94,143.09,158.35,29.78,332.16,0.974719633,-0.174619819,0.136890050,0.026280606,-0.2737453,-1.1021834,0.1022350
seq-04/frame-000036,1,0.01816175,0.596896,3423,1448,816,0.93,139.14,136.99,32.61,309.68,0.975513415,-0.172995755,0.133261643,0.026217927,-0.2538261,-1.0964144,0.1066987
seq-04/frame-000037,1,0.00964838,0.574616,3454,1437,840,0.94,131.70,134.51,13.64,280.79,0.975234787,-0.173349925,0.134881185,0.025961109,-0.2545070,-1.1014552,0.1115310
seq-04/frame-000038,1,0.00757381,0.583951,3569,1489,856,0.95,131.00,166.99,20.50,319.45,0.974602824,-0.175789195,0.136120987,0.026806164,-0.2479944,-1.1133365,0.1209587
seq-04/frame-000039,1,0.03093347,0.840911,3217,1441,800,0.93,120.21,128.28,15.71,265.12,0.975533645,-0.171900079,0.135310307,0.021808030,-0.2319915,-1.0823265,0.1253634
seq-04/frame-000040,1,0.03977589,0.717639,2784,1183,660,0.91,104.57,108.21,16.19,229.87,0.975271726,-0.173725827,0.134620555,0.023274507,-0.2082449,-1.0871126,0.1368285
seq-04/frame-000041,1,0.00944389,0.650295,3458,1467,826,0.94,127.25,139.30,21.18,288.67,0.973383884,-0.178624620,0.141652974,0.023483918,-0.2168336,-1.1270762,0.1520642
seq-04/frame-000042,1,0.00939850,0.623856,3421,1474,822,0.94,113.05,132.20,12.64,258.84,0.973986206,-0.175383766,0.141741038,0.022380419,-0.2152235,-1.1167125,0.1551923
seq-04/frame-000043,1,0.01103490,0.678566,3447,1442,841,1.40,127.79,143.01,15.88,288.09,0.973904065,-0.176564079,0.140868186,0.022184492,-0.2088592,-1.1282176,0.1681979
seq-04/frame-000044,1,0.02134484,0.494258,3423,1424,823,0.94,127.16,122.21,22.91,273.24,0.974997712,-0.172355962,0.138499391,0.022154072,-0.1907807,-1.1108317,0.1722105
seq-04/frame-000045,1,0.01124397,0.674723,3621,1451,844,0.97,141.63,135.92,18.36,296.88,0.973954401,-0.176660036,0.140530119,0.021338738,-0.1957374,-1.1355327,0.1779251
seq-04/frame-000046,1,0.02480993,0.674583,3426,1412,778,1.29,139.49,132.69,22.74,296.21,0.975003618,-0.173198550,0.137744447,0.019916699,-0.1727466,-1.1121095,0.1781437
seq-04/frame-000047,1,0.01633207,0.734841,3244,1361,771,0.94,143.40,134.91,23.04,302.29,0.973772068,-0.178521323,0.139873106,0.018265034,-0.1739728,-1.1356888,0.1914682
seq-04/frame-000048,1,0.02095502,0.551090,3422,1368,772,0.95,112.67,131.29,18.72,263.64,0.973972397,-0.175693622,0.141966035,0.018845857,-0.1608503,-1.1260789,0.1973055
seq-04/frame-000049,1,0.01504138,0.526082,3564,1470,814,0.97,141.42,135.12,23.45,300.97,0.973624316,-0.176310002,0.143770153,0.017338316,-0.1625222,-1.1257392,0.2067739
seq-04/frame-000050,1,0.01161535,0.385189,3629,1438,831,2.66,130.76,147.99,15.18,296.60,0.973535393,-0.176115293,0.144566064,0.017688853,-0.1619867,-1.1261740,0.2095074
seq-04/frame-000051,1,0.00953864,0.493927,3479,1432,790,0.96,126.72,137.63,22.83,288.14,0.973211196,-0.176286573,0.146760481,0.015632433,-0.1706624,-1.1175757,0.2182369
seq-04/frame-000052,1,0.00572315,0.562759,3424,1399,810,0.95,126.03,132.90,15.19,275.08,0.972563021,-0.180396926,0.146157277,0.014702703,-0.1584514,-1.1402500,0.2381137
seq-04/frame-000053,1,0.00963416,0.706706,3511,1467,833,0.94,122.75,139.12,19.39,282.20,0.972340370,-0.181162129,0.146734488,0.014264577,-0.1611193,-1.1405148,0.2421613
seq-04/frame-000054,1,0.00494849,0.398731,3526,1512,866,0.95,122.07,133.48,11.70,268.20,0.972491072,-0.180662032,0.146105614,0.016598049,-0.1591172,-1.1333969,0.2438107
seq-04/frame-000055,1,0.01816100,0.557545,3534,1487,842,1.53,148.12,143.80,17.96,311.42,0.972803081,-0.182459198,0.141440509,0.018904729,-0.1365636,-1.1362274,0.2553920
seq-04/frame-000056,1,0.00840933,0.526738,3390,1443,854,0.96,128.92,125.38,16.82,272.07,0.972553413,-0.182930054,0.142686918,0.017801637,-0.1441769,-1.1351999,0.2613473
seq-04/frame-000057,1,0.01574403,0.774205,3366,1469,836,1.30,142.47,120.10,22.02,285.90,0.971850936,-0.187712376,0.141152480,0.018595685,-0.1410906,-1.1455939,0.2793703
seq-04/frame-000058,1,0.01388689,0.483997,3285,1428,817,0.95,116.25,117.48,18.94,253.63,0.972590266,-0.185251434,0.139403667,0.017796018,-0.1308835,-1.1369429,0.2824749
seq-04/frame-000059,1,0.00851993,0.405713,3580,1511,847,0.98,131.35,126.26,12.77,271.36,0.972283311,-0.184260917,0.142910148,0.017022578,-0.1399461,-1.1360796,0.2871738
seq-04/frame-000060,1,0.01632507,0.481174,3437,1430,806,0.97,122.27,144.52,21.46,289.23,0.972140467,-0.185884333,0.141553363,0.018776929,-0.1225530,-1.1430653,0.2938448
seq-04/frame-000061,1,0.00855251,0.417215,3414,1424,816,1.35,142.85,132.04,20.36,296.61,0.971492776,-0.186711541,0.144883951,0.018687622,-0.1316607,-1.1498170,0.2976432
seq-04/frame-000062,1,0.00606073,0.382238,3469,1457,823,0.95,119.72,128.20,12.21,261.08,0.971375114,-0.185831711,0.146923670,0.017618103,-0.1337213,-1.1507118,0.3044816
seq-04/frame-000063,1,0.01507594,0.350311,3404,1416,801,0.95,125.10,127.49,18.16,271.70,0.971653038,-0.184737047,0.146289778,0.019023593,-0.1226157,-1.1480703,0.3157936
seq-04/frame-000064,1,0.01570051,0.308183,3172,1266,689,0.92,125.87,112.76,30.89,270.45,0.971704991,-0.183749025,0.146867143,0.021348284,-0.1189825,-1.1524436,0.3252110
seq-04/frame-000065,1,0.01023298,0.275936,3380,1426,810,0.94,133.86,122.52,13.04,270.37,0.971739621,-0.182388314,0.148126621,0.022696148,-0.1270104,-1.1590610,0.3258263
seq-04/frame-000066,1,0.01885914,0.469048,3433,1399,788,0.96,147.33,141.90,27.93,318.12,0.972421072,-0.180462549,0.146072820,0.022209422,-0.1175989,-1.1512486,0.3317938
seq-04/frame-000067,1,0.01965950,0.414593,3026,1208,644,0.92,114.47,114.01,14.96,244.37,0.972204611,-0.181729512,0.145637798,0.024129056,-0.1096178,-1.1633651,0.3423832
seq-04/frame-000068,1,0.01599920,0.233412,3146,1332,725,0.93,118.76,120.34,15.23,255.26,0.972456529,-0.177901372,0.148658493,0.024084316,-0.1184407,-1.1615024,0.3463349
seq-04/frame-000069,1,0.01621599,0.390901,3550,1419,760,1.79,138.24,140.37,17.45,297.85,0.972161387,-0.178190871,0.150008200,0.025451746,-0.1227828,-1.1719792,0.3474279
seq-04/frame-000070,1,0.01197092,0.169830,3457,1424,761,0.96,129.44,139.70,22.96,293.06,0.972483241,-0.175249931,0.151021299,0.027502286,-0.1137542,-1.1661309,0.3603543
seq-04/frame-000071,1,0.01722242,0.219620,3603,1379,737,0.97,137.11,149.12,19.70,306.90,0.972744021,-0.172572827,0.152312019,0.028084471,-0.1129502,-1.1572149,0.3632271
seq-04/frame-000072,1,0.01661766,0.229891,3626,1453,792,0.98,121.99,142.61,17.22,282.82,0.972591539,-0.173084023,0.152692504,0.028153485,-0.1116586,-1.1602347,0.3671797
seq-04/frame-000073,1,0.00567283,0.371826,3266,1308,699,1.18,126.70,123.15,14.00,265.05,0.971264171,-0.176803202,0.156696817,0.028855582,-0.1204103,-1.1804307,0.3813785
seq-04/frame-000074,1,0.03428853,0.697153,3462,1360,696,0.97,123.07,142.77,21.66,288.47,0.973129837,-0.166687554,0.156372924,0.027947968,-0.1153247,-1.1460795,0.3752585
seq-04/frame-000075,1,0.01037429,0.336185,3645,1382,718,1.24,149.90,151.66,19.70,322.51,0.971660951,-0.174181751,0.157000496,0.029775114,-0.1175413,-1.1780745,0.3805828
seq-04/frame-000076,1,0.02082822,0.305789,3402,1284,675,0.97,131.50,139.15,19.97,291.58,0.972327079,-0.170546442,0.156876428,0.029727911,-0.1085337,-1.1642915,0.3862486
seq-04/frame-000077,1,0.03220015,0.628265,3391,1336,678,0.96,125.21,135.79,17.86,279.82,0.972873857,-0.167107889,0.157217731,0.029563422,-0.1055035,-1.1576099,0.3842641
seq-04/frame-000078,1,0.00919354,0.300941,3234,1232,639,0.95,127.01,121.67,17.91,267.55,0.971572437,-0.171007147,0.161008938,0.029659361,-0.1154419,-1.1817615,0.3988360
seq-04/frame-000079,1,0.01669013,0.267231,2878,1124,604,0.93,102.24,113.87,21.38,238.42,0.972520000,-0.164769734,0.161545366,0.030965768,-0.1264725,-1.1667996,0.3965175
seq-04/frame-000080,1,0.01325779,0.405007,2687,1156,625,0.93,98.42,109.79,19.16,228.29,0.972689662,-0.170004284,0.154589473,0.032794204,-0.1147623,-1.1863804,0.3976957
seq-04/frame-000081,1,0.03496784,0.949940,2731,1108,589,1.40,97.68,98.04,14.99,212.11,0.974861852,-0.163405503,0.147748470,0.033367678,-0.0965843,-1.1650932,0.4019738
seq-04/frame-000082,1,0.01718422,0.306763,3319,1314,730,1.34,129.42,124.83,17.83,273.43,0.974425167,-0.164168512,0.150061672,0.032027921,-0.1157439,-1.1749714,0.4018442
seq-04/frame-000083,1,0.01568781,0.261032,3347,1369,703,1.32,126.52,134.83,18.10,280.78,0.974476738,-0.164973951,0.148850345,0.031972753,-0.1175591,-1.1813228,0.4035040
seq-04/frame-000084,1,0.02411844,0.593140,2768,1078,557,0.92,100.65,119.49,20.04,241.11,0.975621902,-0.163280027,0.142828622,0.033189177,-0.0962028,-1.1798866,0.4113440
seq-04/frame-000085,1,0.03390214,0.692215,3281,1299,688,0.96,130.20,119.08,21.22,271.46,0.978015907,-0.151309691,0.140270014,0.030242112,-0.1010552,-1.1578548,0.4019169
seq-04/frame-000086,1,0.02261628,0.476415,3127,1273,659,0.96,122.58,123.65,16.79,263.98,0.977595659,-0.153871588,0.140364297,0.030465149,-0.1081477,-1.1693456,0.4086668
seq-04/frame-000087,1,0.02777512,0.686698,2546,966,510,0.90,105.55,93.62,20.44,220.51,0.978602474,-0.151968797,0.134802594,0.032725269,-0.0896191,-1.1754130,0.4171648
seq-04/frame-000088,1,0.02242565,0.605237,2967,1178,629,0.95,112.59,116.31,13.85,243.71,0.979433323,-0.147012070,0.134809336,0.030401648,-0.1077142,-1.1708887,0.4043483
seq-04/frame-000089,1,0.02003983,1.043281,2524,988,506,0.91,98.61,100.09,19.22,218.83,0.981034014,-0.145068060,0.124293311,0.032843486,-0.0828223,-1.1744104,0.4111832
seq-04/frame-000090,1,0.03116251,0.820671,2833,1192,621,0.93,115.40,122.84,17.12,256.29,0.982279712,-0.138581893,0.122274943,0.031152266,-0.0894414,-1.1622706,0.4027958
seq-04/frame-000091,1,0.02243754,0.538384,3082,1257,678,0.96,110.09,112.66,18.99,242.71,0.982444227,-0.138275013,0.121525592,0.030247194,-0.0969496,-1.1647580,0.3982382
seq-04/frame-000092,1,0.02448591,0.563072,3075,1271,676,1.30,127.00,142.68,21.23,292.22,0.982859448,-0.138232469,0.117868100,0.031403842,-0.0880697,-1.1668108,0.4028829
seq-04/frame-000093,1,0.02266261,0.578848,2898,1181,630,0.94,124.79,114.72,18.35,258.81,0.983460096,-0.136660913,0.114311169,0.032603529,-0.0850343,-1.1693112,0.3994039
seq-04/frame-000094,1,0.02672923,0.743335,2594,1075,598,0.93,116.84,92.26,19.36,229.39,0.985105423,-0.132069961,0.105422300,0.031795752,-0.0741472,-1.1665725,0.3988866
seq-04/frame-000095,1,0.04541121,1.235160,2447,986,531,0.92,97.90,80.53,24.44,203.79,0.986501800,-0.126011026,0.100108176,0.030228689,-0.0671093,-1.1481597,0.4009879
seq-04/frame-000096,1,0.03707299,1.039247,2427,1009,561,0.91,93.58,98.57,22.95,216.00,0.986928230,-0.125721977,0.096573455,0.028986555,-0.0696350,-1.1630911,0.3950748
seq-04/frame-000097,1,0.03607098,0.881700,3135,1260,689,1.34,109.69,122.92,21.37,255.33,0.988074468,-0.121091397,0.091306595,0.026623759,-0.0684338,-1.1633188,0.3871951
seq-04/frame-000098,1,0.02860826,0.460484,3206,1336,724,0.98,118.46,117.97,22.49,259.90,0.988241622,-0.122965396,0.086369007,0.028256029,-0.0490707,-1.1699433,0.3835350
seq-04/frame-000099,1,0.03761084,0.679211,3034,1185,654,1.30,111.32,105.72,22.46,240.82,0.988677962,-0.121009981,0.083928145,0.028784340,-0.0366387,-1.1618072,0.3765636
seq-04/frame-000100,1,0.02579498,0.576985,3058,1225,677,3.67,122.82,125.73,15.48,267.70,0.988463246,-0.122413758,0.084921932,0.027268101,-0.0388547,-1.1764907,0.3823601
seq-04/frame-000101,1,0.03966801,0.750939,3117,1200,664,0.97,110.67,149.07,19.41,280.12,0.989180637,-0.118476095,0.082391090,0.026396796,-0.0282054,-1.1614230,0.3784133
seq-04/frame-000102,1,0.04485930,0.901225,3044,1153,649,0.96,113.92,128.51,20.98,264.37,0.989574740,-0.115556132,0.082006862,0.025758293,-0.0235258,-1.1555970,0.3697900
seq-04/frame-000103,1,0.02455659,0.471779,3170,1221,689,1.38,133.51,124.36,24.20,283.45,0.988623414,-0.123315216,0.083145636,0.022447871,-0.0340511,-1.1896491,0.3752488
seq-04/frame-000104,1,0.03478526,0.530058,3112,1260,718,0.96,111.76,117.42,21.30,251.44,0.989630377,-0.119902541,0.076503724,0.020056888,-0.0162664,-1.1640886,0.3672057
seq-04/frame-000105,1,0.04558029,0.954526,3059,1209,646,1.52,112.55,128.89,26.54,269.51,0.990156615,-0.117769230,0.073834271,0.016394702,-0.0087196,-1.1605884,0.3635795
seq-04/frame-000106,1,0.03177093,0.666909,3139,1215,705,0.98,128.20,141.31,24.86,295.35,0.989865956,-0.120540017,0.073673051,0.014414382,-0.0095700,-1.1711012,0.3676960
seq-04/frame-000107,1,0.04251849,0.896363,2722,1045,603,1.26,98.48,89.76,37.42,226.92,0.990999324,-0.116542682,0.064444726,0.013602237,0.0137262,-1.1608724,0.3640775
seq-04/frame-000108,1,0.02506254,0.731633,2703,989,566,0.93,124.12,107.19,17.50,249.73,0.991306930,-0.115845981,0.061569079,0.009976382,0.0113996,-1.1662471,0.3607156
seq-04/frame-000109,1,0.02276300,0.585203,2784,1065,598,0.94,119.46,112.48,24.70,257.58,0.991407329,-0.116332861,0.059017243,0.009753863,0.0090610,-1.1713064,0.3596233
seq-04/frame-000110,1,0.01742355,0.466415,2668,933,521,0.92,104.65,106.37,23.49,235.44,0.991759086,-0.116100186,0.053203814,0.010198879,0.0231697,-1.1675902,0.3649780
seq-04/frame-000111,1,0.02387112,0.403788,3005,1162,690,1.29,107.27,116.21,42.22,266.98,0.991958787,-0.117553839,0.045897683,0.009605317,0.0267661,-1.1793150,0.3541359
seq-04/frame-000112,1,0.03116358,0.699208,2950,1024,593,0.94,108.16,129.20,27.63,265.94,0.992524753,-0.113467458,0.044145312,0.008422698,0.0324993,-1.1665867,0.3529376
seq-04/frame-000113,1,0.03049358,0.686718,2946,1106,624,0.94,121.08,107.58,21.78,251.37,0.992766540,-0.112329810,0.041852550,0.006706343,0.0322475,-1.1660186,0.3499483
seq-04/frame-000114,1,0.02266992,0.723743,2810,1042,558,0.93,103.23,109.68,26.22,240.07,0.992918987,-0.113064468,0.036085398,0.005114331,0.0469946,-1.1673237,0.3463772
seq-04/frame-000115,1,0.02886259,0.710683,2655,1023,576,0.92,113.81,107.20,21.84,243.78,0.992271118,-0.120427344,0.029057098,0.007139170,0.0569574,-1.1965540,0.3560869
seq-04/frame-000116,1,0.04245302,1.289340,2483,944,561,0.91,100.26,94.26,29.54,224.97,0.991741188,-0.126182462,0.021953945,0.006739925,0.0748560,-1.2177285,0.3635523
seq-04/frame-000117,1,0.01939573,0.500713,2597,953,550,0.90,109.96,97.00,18.46,226.32,0.992630277,-0.119682765,0.016859573,0.008770593,0.0820968,-1.1886358,0.3637785
seq-04/frame-000118,1,0.02460092,0.595658,2290,907,526,0.89,87.00,93.35,33.53,214.78,0.993606548,-0.112240956,0.010982373,0.005232786,0.0780946,-1.1666821,0.3484336
seq-04/frame-000119,1,0.02316752,0.673382,2251,903,536,1.26,88.70,84.98,19.97,194.92,0.992900828,-0.118742764,0.004176405,0.005537151,0.0925135,-1.1959636,0.3480019
seq-04/frame-000120,1,0.03440748,0.843629,2314,913,511,0.89,91.57,85.68,17.81,195.95,0.993937491,-0.109898472,-0.001868481,0.002664201,0.0823800,-1.1588979,0.3338707
seq-04/frame-000121,1,0.01971234,0.678799,2065,833,498,1.21,88.50,77.54,26.54,193.79,0.993960113,-0.108873036,-0.013289349,0.003653642,0.1170190,-1.1613460,0.3384175
seq-04/frame-000122,1,0.03316411,0.844692,1982,793,449,0.87,93.36,69.42,28.27,191.92,0.993682081,-0.111346829,-0.014060494,0.000329892,0.0999142,-1.1789375,0.3527179
seq-04/frame-000123,1,0.06464495,1.688363,1533,635,373,0.87,89.03,54.34,25.41,169.65,0.995307345,-0.094084589,-0.022600247,-0.000779135,0.0970733,-1.1216647,0.3238243
seq-04/frame-000124,1,0.01725323,0.544794,1421,603,382,0.86,76.68,56.45,12.71,146.70,0.993618816,-0.106211955,-0.037953910,0.000413249,0.1396762,-1.1708498,0.3356633
seq-04/frame-000125,1,0.06251939,1.637587,1485,685,412,1.27,91.60,58.42,17.59,168.89,0.994674922,-0.093844957,-0.042334689,-0.004764117,0.1012422,-1.1306971,0.3000573
seq-04/frame-000126,1,0.04433477,1.181372,1501,695,443,0.87,81.91,57.58,22.30,162.67,0.994007998,-0.097060977,-0.049947010,-0.005706404,0.1096910,-1.1470594,0.3052427
seq-04/frame-000127,1,0.01942072,0.445716,1639,750,472,0.87,78.30,61.57,17.92,158.67,0.992492990,-0.103254017,-0.065121715,-0.007445455,0.1380047,-1.1797216,0.3086915
seq-04/frame-000128,1,0.01675444,0.409063,1643,765,495,1.19,88.75,58.80,14.04,162.78,0.992254411,-0.101338300,-0.071310823,-0.008746351,0.1472040,-1.1735139,0.3193438
seq-04/frame-000129,1,0.03242478,0.573270,1581,764,492,0.88,77.83,54.74,21.66,155.11,0.991761476,-0.101129714,-0.077590534,-0.012714779,0.1398868,-1.1850599,0.3149849
seq-04/frame-000130,1,0.03032796,0.631184,1640,797,511,1.21,86.01,55.93,16.77,159.92,0.991967487,-0.096233620,-0.080609862,-0.015544913,0.1376797,-1.1705695,0.3014320
seq-04/frame-000131,1,0.04533553,0.885745,1476,777,517,1.20,79.28,61.29,9.16,150.93,0.991677809,-0.093934256,-0.086277464,-0.017540734,0.1343308,-1.1692808,0.3030919
seq-04/frame-000132,1,0.03500142,0.777257,1394,703,456,0.86,75.14,67.87,13.04,156.91,0.991512605,-0.089979015,-0.092036287,-0.018326313,0.1493075,-1.1602943,0.2899477
seq-04/frame-000133,1,0.04712877,0.959985,1321,649,422,0.86,72.98,46.93,12.34,133.11,0.991319674,-0.084653112,-0.098960659,-0.018053894,0.1504937,-1.1483520,0.2821114
seq-04/frame-000134,1,0.08803261,2.055330,1245,597,385,0.86,83.73,53.14,16.17,153.90,0.992114452,-0.076765210,-0.097947128,-0.014912317,0.1320861,-1.1086006,0.2763619
seq-04/frame-000135,1,0.04154484,0.798504,1274,717,480,1.19,77.25,49.38,17.47,145.29,0.989194428,-0.085105809,-0.116987565,-0.023775930,0.1694286,-1.1605670,0.2932830
seq-04/frame-000136,1,0.05196188,1.142219,1187,659,437,0.87,73.05,43.28,8.86,126.06,0.988643649,-0.087416609,-0.119688699,-0.024833172,0.1637242,-1.1772533,0.2888432
seq-04/frame-000137,1,0.05892294,1.423494,1306,744,526,0.86,71.73,59.64,10.56,142.80,0.988151404,-0.082921083,-0.126901576,-0.024018454,0.1637528,-1.1572132,0.2818052
seq-04/frame-000138,1,0.06969452,1.729268,1332,750,522,0.87,77.34,65.96,13.91,158.08,0.987704151,-0.083584998,-0.129011685,-0.028461247,0.1561826,-1.1667674,0.2798013
seq-04/frame-000139,1,0.06256239,1.544483,1290,736,500,0.88,73.66,47.47,14.55,136.55,0.987494536,-0.079741223,-0.133165191,-0.027620822,0.1602041,-1.1533035,0.2720669
seq-04/frame-000140,1,0.05005529,1.257734,1228,679,475,3.28,80.08,53.26,9.57,146.19,0.986460417,-0.080838290,-0.139558070,-0.029741582,0.1767462,-1.1663399,0.2741405
seq-04/frame-000141,1,0.04829976,1.267145,1190,694,498,0.87,68.03,48.13,16.26,133.29,0.985755664,-0.076324951,-0.146409122,-0.032010031,0.1792714,-1.1574900,0.2676192
seq-04/frame-000142,1,0.08514446,2.127384,1112,660,447,0.86,66.36,44.47,19.83,131.53,0.985647834,-0.081341002,-0.144043754,-0.033665799,0.1513213,-1.1867985,0.2649644
seq-04/frame-000143,1,0.07861191,2.008204,1026,591,403,0.86,68.14,36.38,11.23,116.61,0.984205880,-0.080137759,-0.153493502,-0.036830295,0.1630491,-1.1938504,0.2587774
seq-04/frame-000144,1,0.07692015,1.861639,1049,637,433,0.85,69.37,36.79,13.95,120.97,0.984278726,-0.073834389,-0.156216709,-0.036608922,0.1604626,-1.1744498,0.2473585
seq-04/frame-000145,1,0.07359858,1.868626,1020,589,407,0.86,72.44,39.89,12.46,125.65,0.983368485,-0.071121652,-0.162339771,-0.039672810,0.1654666,-1.1672825,0.2393418
seq-04/frame-000146,1,0.08757876,2.199866,936,510,347,0.86,73.30,41.34,15.02,130.53,0.982911252,-0.066779964,-0.166245428,-0.042289056,0.1467517,-1.1540751,0.2434906
seq-04/frame-000147,1,0.07878083,1.919344,965,525,343,0.86,64.64,40.64,17.50,123.65,0.981757741,-0.069149683,-0.172047591,-0.042067644,0.1581037,-1.1694304,0.2337203
seq-04/frame-000148,1,0.08064665,1.909713,864,535,380,1.70,69.78,26.02,16.29,113.78,0.980255503,-0.069718708,-0.179814325,-0.043649274,0.1540730,-1.1740934,0.2384791
seq-04/frame-000149,1,0.05227571,1.507273,891,504,352,0.87,64.64,34.61,10.68,110.80,0.979207580,-0.067476870,-0.186792367,-0.041327937,0.1713826,-1.1680722,0.2408810
seq-04/frame-000150,1,0.07719704,1.525774,942,514,358,0.85,66.66,28.44,12.48,108.44,0.977445299,-0.073190415,-0.192912902,-0.045038462,0.1537720,-1.1908714,0.2611262
seq-04/frame-000151,1,0.05962265,1.167175,936,507,360,0.85,62.13,36.69,11.80,111.49,0.975947402,-0.070467239,-0.200906794,-0.046877474,0.1729112,-1.1917260,0.2353311
seq-04/frame-000152,1,0.04103314,0.824268,844,498,364,0.84,64.59,30.18,14.71,110.32,0.975728264,-0.062095124,-0.205304937,-0.044141049,0.1579891,-1.1515314,0.2428734
seq-04/frame-000153,1,0.03934750,0.679371,781,455,312,0.84,59.58,26.84,12.64,99.91,0.973138352,-0.064345683,-0.216298764,-0.045565624,0.1873852,-1.1697815,0.2422628
seq-04/frame-000154,1,0.03953759,0.441398,781,423,320,0.84,66.39,22.55,11.93,101.71,0.972748573,-0.060961223,-0.218849504,-0.046355561,0.1551406,-1.1436070,0.2485923
seq-04/frame-000155,1,0.03487034,0.567566,725,397,290,0.82,63.20,27.50,11.50,103.03,0.969603280,-0.066496019,-0.230539906,-0.047949049,0.1866733,-1.1659093,0.2190414
seq-04/frame-000156,1,0.03885626,0.365422,849,512,390,0.82,61.88,29.66,9.55,101.91,0.968837725,-0.067475327,-0.233394848,-0.048243013,0.1707202,-1.1652101,0.2465231
seq-04/frame-000157,1,0.04963582,0.725325,899,531,392,0.84,61.94,40.04,10.17,113.00,0.966896249,-0.069154103,-0.240340288,-0.050654712,0.1737852,-1.1773392,0.2446314
seq-04/frame-000158,1,0.03904611,0.365762,963,566,401,0.83,74.65,42.25,10.79,128.52,0.965268658,-0.066358278,-0.247882081,-0.049065974,0.1926751,-1.1713113,0.2336182
seq-04/frame-000159,1,0.04483004,0.444416,826,513,381,0.82,61.96,36.54,15.75,115.09,0.965384825,-0.065981195,-0.247422695,-0.049604744,0.1834233,-1.1766860,0.2309871
seq-04/frame-000160,1,0.03312322,0.286460,769,435,321,1.12,61.24,33.45,11.75,107.56,0.963643418,-0.064513713,-0.254297594,-0.050616964,0.1776979,-1.1588527,0.2481148
seq-04/frame-000161,1,0.04472479,0.639457,787,480,359,0.81,61.33,33.29,15.68,111.12,0.962710963,-0.065084452,-0.257249224,-0.052673079,0.1760746,-1.1749861,0.2350384
seq-04/frame-000162,1,0.04458879,0.734632,776,459,344,1.18,58.78,29.44,12.37,101.77,0.959879786,-0.065532671,-0.267635639,-0.052032967,0.1896108,-1.1762223,0.2361121
seq-04/frame-000163,1,0.04463302,0.552330,827,514,400,0.80,70.76,30.33,7.11,109.01,0.958754619,-0.059320731,-0.272405371,-0.055370970,0.1911686,-1.1720434,0.2268460
seq-04/frame-000164,1,0.03184660,0.441192,783,486,362,0.81,57.78,33.62,17.00,109.21,0.957463736,-0.058060128,-0.277706773,-0.052641848,0.2029861,-1.1599982,0.2362943
seq-04/frame-000165,1,0.01997705,0.078263,754,462,344,1.12,57.53,22.95,19.62,101.21,0.956917949,-0.054035079,-0.279869637,-0.055328441,0.1939454,-1.1467216,0.2232859
seq-04/frame-000166,1,0.05239608,0.745199,749,455,331,0.80,74.89,25.11,9.16,109.97,0.954979636,-0.060286437,-0.285137143,-0.055463952,0.1855573,-1.1773101,0.2385887
seq-04/frame-000167,1,0.02729492,0.376337,692,436,319,0.81,62.59,29.77,10.26,103.44,0.954762403,-0.053014198,-0.286713030,-0.058428477,0.1809589,-1.1448544,0.2240657
seq-04/frame-000168,1,0.05351508,0.799559,722,414,309,0.80,65.70,40.65,10.93,118.09,0.950844986,-0.057383706,-0.298071572,-0.061272019,0.2056776,-1.1771394,0.2220807
seq-04/frame-000169,1,0.04976990,0.694774,673,407,321,0.89,55.44,19.50,19.34,95.18,0.950140691,-0.056460979,-0.300630989,-0.060546123,0.1930605,-1.1713433,0.2196451
seq-04/frame-000170,1,0.05565825,0.705717,731,419,331,0.79,53.71,23.04,11.22,88.76,0.949269820,-0.056007704,-0.303006444,-0.062745849,0.1979303,-1.1734594,0.2039644
seq-04/frame-000171,1,0.06359530,1.007534,675,395,294,0.79,55.35,24.22,21.80,102.17,0.946726911,-0.061133510,-0.309729838,-0.063547443,0.1974402,-1.1823409,0.2298623
seq-04/frame-000172,1,0.05172374,0.938723,693,455,339,1.09,63.19,28.33,6.69,99.30,0.947224681,-0.059497809,-0.308070528,-0.065711213,0.1703403,-1.1572220,0.2035171
seq-04/frame-000173,1,0.04628045,0.639349,646,395,297,0.78,60.19,21.92,15.36,98.26,0.945296292,-0.061598400,-0.313450998,-0.066098633,0.1916193,-1.1582499,0.1949530
seq-04/frame-000174,1,0.09384535,1.665631,822,446,319,1.17,64.62,28.35,10.27,104.41,0.943786967,-0.074353648,-0.314825244,-0.067990894,0.1660281,-1.2034534,0.2250634
seq-04/frame-000175,1,0.06914778,1.107448,640,380,283,0.76,56.42,19.70,10.61,87.49,0.942268589,-0.074066461,-0.319224201,-0.068847471,0.1869838,-1.1817463,0.1921710
seq-04/frame-000176,1,0.07725458,1.174987,666,366,282,0.77,59.56,29.72,7.92,97.97,0.940118034,-0.080595267,-0.324170410,-0.067794030,0.2006046,-1.1942078,0.2141377
seq-04/frame-000177,1,0.07403588,1.323999,727,428,320,0.83,57.22,22.02,11.32,91.39,0.940870399,-0.085136976,-0.320760396,-0.068024673,0.1713045,-1.1879856,0.2032465
seq-04/frame-000178,1,0.04999542,0.971811,713,401,305,0.75,70.73,29.79,13.55,114.83,0.939782071,-0.080745030,-0.324639335,-0.069994298,0.1829624,-1.1573668,0.1820663
seq-04/frame-000179,1,0.06038860,1.082686,654,418,319,0.76,60.96,25.51,11.13,98.36,0.936968482,-0.093650381,-0.329609378,-0.068391000,0.1719328,-1.1753141,0.2023029
seq-04/frame-000180,1,0.03879719,0.857313,597,367,264,0.75,62.14,23.24,10.73,96.86,0.931471874,-0.094547744,-0.343840060,-0.072075556,0.2056679,-1.1546422,0.1901904
seq-04/frame-000181,1,0.07301602,1.219402,752,482,361,0.99,63.42,25.07,10.45,99.92,0.930437809,-0.106664184,-0.344029274,-0.067469205,0.1763628,-1.1941609,0.2146711
seq-04/frame-000182,1,0.06576001,1.138155,727,425,332,0.76,56.03,26.97,8.85,92.62,0.927642256,-0.106502900,-0.351693237,-0.066699659,0.1845486,-1.1850050,0.2178884
seq-04/frame-000183,1,0.06864159,1.237162,747,384,271,0.79,66.08,32.66,7.52,107.05,0.928348159,-0.105674504,-0.349692673,-0.068685002,0.1576984,-1.1716405,0.2219394
seq-04/frame-000184,1,0.03530302,0.736607,824,528,414,0.95,59.70,33.78,18.28,112.72,0.924541562,-0.103802687,-0.361299166,-0.062536507,0.1958010,-1.1531950,0.2304357
seq-04/frame-000185,1,0.07009616,1.400946,802,530,418,0.77,71.26,28.21,13.73,113.98,0.924351193,-0.109328468,-0.359992630,-0.063462305,0.1841436,-1.1839464,0.2292410
seq-04/frame-000186,1,0.03806983,0.650828,780,545,418,0.77,63.00,34.83,12.39,111.00,0.923598407,-0.101687141,-0.363787046,-0.065457571,0.2032879,-1.1527423,0.2051661
seq-04/frame-000187,1,0.06130020,1.264161,735,504,390,0.92,61.79,27.23,15.46,105.41,0.923942206,-0.104391121,-0.361525403,-0.068794453,0.1823182,-1.1634031,0.2022376
seq-04/frame-000188,1,0.09901328,1.758029,644,316,214,1.11,51.40,22.15,7.02,81.68,0.921219231,-0.113850758,-0.365925326,-0.067020812,0.1773694,-1.2066359,0.2107336
seq-04/frame-000189,1,0.04820125,0.769675,655,421,325,1.23,63.67,24.06,12.84,101.81,0.917193367,-0.107931259,-0.377841437,-0.065901584,0.2037531,-1.1623532,0.2162472
seq-04/frame-000190,1,0.06841861,1.269075,678,374,269,0.75,56.66,29.81,17.04,104.27,0.917913238,-0.107943795,-0.375576464,-0.068744042,0.1746992,-1.1593431,0.2184764
seq-04/frame-000191,1,0.08095892,1.414925,647,399,311,2.11,56.24,36.62,21.79,116.76,0.911243438,-0.115339432,-0.389989344,-0.065119306,0.2284319,-1.1990855,0.2150277
seq-04/frame-000192,1,0.06516409,1.253326,659,410,314,0.75,57.36,29.79,9.62,97.52,0.913304017,-0.113119595,-0.385059489,-0.069346378,0.1839479,-1.1544023,0.1948275
seq-04/frame-000193,1,0.06880389,1.132535,786,522,408,0.76,66.17,37.61,10.26,114.80,0.908659820,-0.123173253,-0.392495403,-0.071505527,0.2043237,-1.1870738,0.2128120
seq-04/frame-000194,1,0.04681679,0.957283,838,567,430,1.05,59.66,33.14,15.37,109.24,0.909055123,-0.124553635,-0.391582856,-0.069051018,0.2042892,-1.1571617,0.2011491
seq-04/frame-000195,1,0.04746177,1.098613,819,575,460,1.05,62.49,33.26,23.10,119.90,0.910222640,-0.124629028,-0.388529662,-0.070760535,0.1929368,-1.1417336,0.1962709
seq-04/frame-000196,1,0.03665709,0.801164,802,552,439,0.74,61.99,27.19,12.94,102.86,0.909316568,-0.133293621,-0.387568844,-0.071878924,0.1999570,-1.1464404,0.2074315
seq-04/frame-000197,1,0.03486148,0.876498,840,594,475,0.74,63.34,35.99,9.98,110.05,0.909116794,-0.139533878,-0.386383004,-0.068884873,0.2095726,-1.1582363,0.2155350
seq-04/frame-000198,1,0.03808553,0.656718,777,580,471,0.75,61.06,24.60,8.06,94.48,0.910225033,-0.147008084,-0.380620854,-0.070758595,0.2025090,-1.1625539,0.2183925
seq-04/frame-000199,1,0.04215946,0.700115,738,532,435,0.78,57.83,29.85,19.42,107.88,0.909923463,-0.152219485,-0.379553672,-0.069336346,0.2155998,-1.1723097,0.2170456
seq-04/frame-000200,1,0.04607948,0.670410,858,628,502,0.77,60.83,25.50,15.71,102.81,0.910161399,-0.164563280,-0.373828189,-0.069120472,0.2075668,-1.1819572,0.2287971
seq-04/frame-000201,1,0.03260492,0.307332,731,543,428,1.08,65.80,36.95,21.75,125.58,0.911700417,-0.164176262,-0.370590440,-0.067165694,0.2152838,-1.1667349,0.2130155
seq-04/frame-000202,1,0.02693419,0.249300,787,558,473,0.75,56.88,31.22,17.04,105.88,0.911405886,-0.169982025,-0.368740134,-0.066903931,0.2170420,-1.1661690,0.2174876
seq-04/frame-000203,1,0.06715706,0.880178,833,597,489,1.09,63.44,36.80,8.13,109.46,0.910895659,-0.185209869,-0.362148156,-0.069391041,0.2037408,-1.2084415,0.2318345
seq-04/frame-000204,1,0.03477669,0.297147,850,632,504,0.76,61.08,31.44,7.57,100.85,0.911905186,-0.182892275,-0.361312436,-0.066578304,0.2184142,-1.1787275,0.2221993
seq-04/frame-000205,1,0.02812178,0.166871,957,682,551,0.77,58.65,36.98,12.53,108.93,0.913564699,-0.187874100,-0.354362693,-0.067304871,0.2041831,-1.1726821,0.2205371
seq-04/frame-000206,1,0.02415063,0.253473,951,685,561,0.77,62.60,33.63,15.04,112.04,0.914399307,-0.189618771,-0.351297123,-0.067148793,0.1928530,-1.1655237,0.2296003
seq-04/frame-000207,1,0.01513952,0.226260,882,671,554,1.10,67.57,37.18,13.60,119.45,0.914676263,-0.190284690,-0.350447567,-0.065920970,0.2018128,-1.1608106,0.2253341
seq-04/frame-000208,1,0.02768490,0.713024,866,652,533,0.77,55.84,34.61,18.16,109.38,0.916298441,-0.197589950,-0.342140822,-0.065536527,0.1971094,-1.1727714,0.2214481
seq-04/frame-000209,1,0.01699060,0.335653,886,674,551,0.77,57.39,35.30,11.78,105.24,0.916210331,-0.198445602,-0.342336799,-0.063114881,0.2103191,-1.1649523,0.2301452
seq-04/frame-000210,1,0.00731251,0.368511,892,686,540,1.09,67.56,33.07,23.06,124.79,0.917805993,-0.199387238,-0.337485075,-0.063092894,0.1996443,-1.1526433,0.2298975
seq-04/frame-000211,1,0.03119107,0.524868,835,644,501,1.08,66.80,35.20,18.24,121.32,0.916353427,-0.207098100,-0.337166935,-0.061034678,0.2193181,-1.1748708,0.2378708
seq-04/frame-000212,1,0.01893436,0.412744,883,666,535,0.78,64.14,41.00,14.04,119.96,0.918470279,-0.214786169,-0.326761545,-0.059212675,0.2089938,-1.1662384,0.2298734
seq-04/frame-000213,1,0.01849154,0.332500,884,682,544,0.78,63.72,31.85,7.85,104.21,0.919354648,-0.219329417,-0.322023441,-0.054612648,0.2060117,-1.1671241,0.2323044
seq-04/frame-000214,1,0.01225406,0.151264,905,701,555,0.79,61.37,29.10,15.05,106.30,0.920655337,-0.223373806,-0.315783736,-0.052711714,0.1910236,-1.1604773,0.2341227
seq-04/frame-000215,1,0.01647819,0.484397,915,695,576,0.78,63.20,30.22,20.55,114.76,0.920049173,-0.226695607,-0.315482523,-0.050886140,0.2091407,-1.1620289,0.2301250
seq-04/frame-000216,1,0.02609652,0.347524,969,757,624,1.10,69.64,39.03,27.96,137.72,0.919895283,-0.235182073,-0.309861331,-0.049679128,0.1919845,-1.1786824,0.2429493
seq-04/frame-000217,1,0.00589854,0.577120,1037,768,622,0.79,66.77,51.02,9.05,127.63,0.921242721,-0.232171976,-0.308276536,-0.048719610,0.1981990,-1.1587719,0.2389996
seq-04/frame-000218,1,0.01362593,0.499516,1045,785,631,1.32,76.08,37.18,16.21,130.80,0.923305080,-0.232591372,-0.302044697,-0.046668878,0.1818672,-1.1517135,0.2418316
seq-04/frame-000219,1,0.01623284,0.474707,1024,789,630,1.13,62.29,37.72,13.96,115.10,0.923015134,-0.238232291,-0.298109385,-0.049185695,0.1802386,-1.1612566,0.2517218
seq-04/frame-000220,1,0.00458441,0.506551,1046,819,658,0.81,72.10,49.68,17.55,140.14,0.923996765,-0.238141145,-0.295494750,-0.046921486,0.1943520,-1.1625819,0.2401301
seq-04/frame-000221,1,0.02124439,0.845897,1002,763,620,1.13,76.92,40.76,14.31,133.12,0.926153765,-0.235525154,-0.290921406,-0.046171864,0.1801754,-1.1441585,0.2486140
seq-04/frame-000222,1,0.00843628,0.693996,1020,785,622,0.81,66.22,47.73,10.54,125.31,0.926295282,-0.237438309,-0.288906811,-0.046183919,0.1878603,-1.1533834,0.2470978
seq-04/frame-000223,1,0.00620895,0.307884,981,748,613,1.11,62.04,59.30,15.12,137.57,0.926311202,-0.242702098,-0.284640112,-0.044980601,0.1870291,-1.1672117,0.2535417
seq-04/frame-000224,1,0.01115039,0.454791,1022,746,607,1.14,61.49,49.43,7.80,119.86,0.926719140,-0.244015682,-0.282448813,-0.043251025,0.1938755,-1.1693732,0.2566699
seq-04/frame-000225,1,0.01364054,0.227356,1100,790,646,1.18,76.59,47.45,20.25,145.47,0.928863160,-0.244920466,-0.274982006,-0.040150876,0.1921334,-1.1650878,0.2649102
seq-04/frame-000226,1,0.00722820,0.467017,1086,820,648,0.81,75.78,40.95,16.72,134.26,0.931174271,-0.244764194,-0.267503176,-0.038039679,0.1776681,-1.1650821,0.2590629
seq-04/frame-000227,1,0.01868312,0.654278,1102,796,653,0.81,68.07,52.28,16.73,137.87,0.933379980,-0.242628347,-0.262146712,-0.034819522,0.1666400,-1.1601596,0.2580003
seq-04/frame-000228,1,0.01275033,0.540165,1190,888,715,0.82,80.45,41.76,15.31,138.34,0.933940635,-0.241195100,-0.261987651,-0.030696669,0.1777115,-1.1544543,0.2638619
seq-04/frame-000229,1,0.00809817,0.317913,1087,829,667,0.81,77.18,43.50,18.86,140.35,0.933667036,-0.245552975,-0.259173345,-0.028262705,0.1849969,-1.1702441,0.2670037
seq-04/frame-000230,1,0.01082571,0.423377,1061,801,639,1.13,65.14,41.57,16.96,124.80,0.935626261,-0.245215231,-0.252245912,-0.029068705,0.1678951,-1.1630010,0.2665208
seq-04/frame-000231,1,0.00587764,0.415849,1119,834,672,0.82,71.96,51.48,9.78,134.05,0.937017979,-0.248234611,-0.244358243,-0.025805692,0.1765320,-1.1678795,0.2770596
seq-04/frame-000232,1,0.00959941,0.493224,1042,820,654,0.82,74.44,45.81,12.38,133.46,0.938735148,-0.247191839,-0.239005819,-0.023425086,0.1711093,-1.1554501,0.2731103
seq-04/frame-000233,1,0.03127204,0.637228,1009,729,579,0.82,67.84,43.82,10.83,123.31,0.938137861,-0.257657544,-0.229770663,-0.026746701,0.1497424,-1.1920246,0.2785101
seq-04/frame-000234,1,0.01931511,0.482788,1057,717,571,1.17,68.69,43.01,13.07,125.93,0.940339505,-0.252793075,-0.226741216,-0.021111541,0.1567666,-1.1613646,0.2890532
seq-04/frame-000235,1,0.00647248,0.441171,1155,872,693,0.83,74.82,45.32,21.25,142.23,0.941226950,-0.252694943,-0.223246559,-0.019951661,0.1682516,-1.1651287,0.2842749
seq-04/frame-000236,1,0.01836442,0.742210,1165,819,668,1.16,74.49,43.33,9.66,128.63,0.942480866,-0.252065645,-0.218892539,-0.016696817,0.1660023,-1.1532539,0.2882876
seq-04/frame-000237,1,0.02610144,0.903814,1186,844,675,0.84,72.94,40.15,22.40,136.33,0.943447203,-0.252594318,-0.214273412,-0.013798247,0.1612882,-1.1503500,0.2949677
seq-04/frame-000238,1,0.02510750,0.739826,1292,927,723,0.84,78.87,50.20,18.60,148.51,0.945060087,-0.253293319,-0.206228121,-0.013186653,0.1434152,-1.1573847,0.2950870
seq-04/frame-000239,1,0.03079350,0.670637,1195,878,679,0.83,65.88,46.78,10.09,123.59,0.946086721,-0.257288695,-0.196544958,-0.009618880,0.1322005,-1.1619281,0.3064209
seq-04/frame-000240,1,0.02110094,0.816212,1177,844,655,1.69,78.59,49.55,19.50,149.33,0.946950569,-0.255373993,-0.194975685,-0.007295664,0.1493756,-1.1607597,0.3094057
seq-04/frame-000241,1,0.03044495,0.408115,1104,656,481,0.83,76.28,59.47,13.40,149.99,0.946866099,-0.261860524,-0.186605256,-0.007220414,0.1322467,-1.1935321,0.3259297
seq-04/frame-000242,1,0.01408714,0.508794,1126,780,604,0.84,75.45,45.22,18.30,139.81,0.948922310,-0.257091372,-0.182799594,-0.005897849,0.1428000,-1.1744586,0.3094198
seq-04/frame-000243,1,0.00506906,0.299825,1098,793,601,0.84,60.79,42.72,15.10,119.46,0.949127468,-0.259123620,-0.178872089,-0.004095783,0.1533222,-1.1742811,0.3223638
seq-04/frame-000244,1,0.00434077,0.324255,1030,678,509,0.84,68.64,44.14,13.72,127.34,0.950617654,-0.259556730,-0.170156916,-0.001733412,0.1556539,-1.1805303,0.3223020
seq-04/frame-000245,1,0.00705618,0.371604,1090,686,495,0.83,63.08,55.54,11.75,131.21,0.951718024,-0.259080455,-0.164646858,-0.001238018,0.1577316,-1.1774126,0.3346495
seq-04/frame-000246,1,0.03786562,1.046974,971,637,468,0.81,69.27,43.51,20.32,133.92,0.953595612,-0.253760413,-0.162048160,0.001206331,0.1781136,-1.1583070,0.3525362
seq-04/frame-000247,1,0.03633904,0.992509,1175,800,586,0.83,76.16,62.16,18.22,157.38,0.955826090,-0.257897094,-0.140989537,-0.002743300,0.1194735,-1.1925659,0.3440145
seq-04/frame-000248,1,0.13351350,3.532429,1282,779,550,0.83,66.92,68.99,18.20,154.94,0.964726085,-0.231503470,-0.125312992,-0.002525584,0.0640228,-1.0866019,0.3174977
seq-04/frame-000249,1,0.04689371,1.257920,1373,924,689,1.50,80.09,66.60,15.56,163.75,0.960199165,-0.248039227,-0.128405140,0.002495159,0.1062515,-1.1676016,0.3450513
seq-04/frame-000250,1,0.05596799,1.453352,1463,1009,749,0.85,69.43,69.38,14.17,153.84,0.961570569,-0.245805132,-0.122209745,0.005162907,0.0997724,-1.1638955,0.3366004
seq-04/frame-000251,1,0.05555528,1.399268,1249,780,566,0.84,81.70,46.62,14.01,143.18,0.962002363,-0.246003317,-0.118287856,0.006465672,0.1030832,-1.1572095,0.3394506
seq-04/frame-000252,1,0.05634571,1.513506,1280,860,638,0.83,71.25,50.82,20.02,142.94,0.962790632,-0.245978542,-0.111748244,0.006409811,0.1023398,-1.1620446,0.3417167
seq-04/frame-000253,1,0.04924800,1.303861,1443,913,679,0.84,80.25,58.05,23.95,163.10,0.963742662,-0.244384414,-0.106665864,0.009936493,0.1061242,-1.1548759,0.3608974
seq-04/frame-000254,1,0.05051300,1.324417,1641,1101,819,0.84,78.30,63.10,12.06,154.31,0.964598669,-0.243660104,-0.100460705,0.009317077,0.0976564,-1.1614418,0.3629800
seq-04/frame-000255,1,0.04233654,0.971697,1558,972,719,0.84,84.08,59.39,13.35,157.67,0.965248248,-0.243584229,-0.094264342,0.008762226,0.0912553,-1.1800689,0.3851708
seq-04/frame-000256,1,0.06271074,1.398496,1804,1165,866,0.85,77.49,85.55,14.37,178.26,0.967140565,-0.238167466,-0.088430909,0.009765266,0.0723979,-1.1767104,0.3839130
seq-04/frame-000257,1,0.03892440,0.672983,1703,1096,827,0.85,85.42,65.27,17.37,168.91,0.966577849,-0.239006034,-0.092062860,0.011305188,0.0931858,-1.1863112,0.3983003
seq-04/frame-000258,1,0.05661985,1.261238,1777,1144,859,1.19,85.23,67.42,15.37,169.21,0.968912743,-0.231561551,-0.086268198,0.012047520,0.0764276,-1.1722739,0.3903825
seq-04/frame-000259,1,0.04524036,0.789407,1629,998,722,0.84,89.88,61.02,15.79,167.54,0.967873689,-0.235554693,-0.087066067,0.012410008,0.0835247,-1.1971052,0.4150737
seq-04/frame-000260,1,0.03802622,0.629441,1430,796,574,0.83,84.19,65.35,21.09,171.47,0.969900640,-0.227110996,-0.086859770,0.012989358,0.0882208,-1.1852209,0.4211680
seq-04/frame-000261,1,0.04948472,1.042532,1667,1038,752,0.84,80.91,70.72,22.16,174.64,0.972180200,-0.219148595,-0.081783017,0.012291872,0.0695133,-1.1835340,0.4081613
seq-04/frame-000262,1,0.04219769,0.787059,1623,994,719,0.85,89.29,64.69,9.50,164.33,0.972525982,-0.217544600,-0.081754382,0.013556635,0.0719484,-1.1932914,0.4176217
seq-04/frame-000263,1,0.02956003,0.516510,1643,962,699,0.85,74.94,67.69,18.13,161.62,0.973218664,-0.213380570,-0.084177541,0.015109802,0.0824795,-1.1963964,0.4261196
seq-04/frame-000264,1,0.05529378,1.372312,1583,929,686,1.17,82.25,65.50,16.00,164.92,0.975787914,-0.203447334,-0.079383424,0.012058228,0.0548575,-1.1787869,0.4147001
seq-04/frame-000265,1,0.03708700,0.648771,1698,1026,742,0.85,89.03,88.88,19.67,198.43,0.974777554,-0.207110150,-0.081716254,0.015380476,0.0669372,-1.2074191,0.4343697
seq-04/frame-000266,1,0.03189770,0.639693,1707,1034,757,0.86,78.69,71.60,9.95,161.12,0.975904733,-0.201699080,-0.081701860,0.015882051,0.0686525,-1.1988601,0.4337453
seq-04/frame-000267,1,0.02410565,0.357660,1539,875,634,0.85,93.69,60.14,10.09,164.77,0.976268347,-0.199787628,-0.081908105,0.016615697,0.0733422,-1.2068375,0.4389022
seq-04/frame-000268,1,0.03851654,0.819531,1615,1006,746,1.34,81.05,67.92,17.60,167.91,0.977818474,-0.194897441,-0.074676325,0.017591657,0.0515726,-1.2046329,0.4388283
seq-04/frame-000269,1,0.03746422,1.123698,1475,895,656,0.86,75.30,63.10,15.27,154.53,0.980553681,-0.182222652,-0.070699476,0.017634260,0.0606745,-1.1684201,0.4347094
seq-04/frame-000270,1,0.03335526,1.021318,1373,834,606,0.84,79.47,65.64,20.47,166.42,0.980814761,-0.183726778,-0.062415559,0.018739616,0.0470625,-1.1872602,0.4400399
seq-04/frame-000271,1,0.01699251,0.409471,1440,837,590,1.27,72.42,51.98,16.83,142.50,0.980669655,-0.185401606,-0.058634280,0.021801225,0.0529130,-1.2009979,0.4537787
seq-04/frame-000272,1,0.03403910,1.101706,1352,816,583,0.86,79.44,56.58,13.18,150.05,0.983055682,-0.174729056,-0.052004146,0.019153363,0.0503224,-1.1712615,0.4349494
seq-04/frame-000273,1,0.02738211,0.800402,1418,815,570,0.84,78.37,75.13,21.11,175.45,0.982274004,-0.181937570,-0.039270525,0.022233486,0.0275223,-1.1996781,0.4536194
seq-04/frame-000274,1,0.02751754,0.807015,1445,783,558,0.85,74.87,69.79,17.22,162.73,0.982449814,-0.182422129,-0.031763188,0.022486229,0.0254530,-1.2039632,0.4583517
seq-04/frame-000275,1,0.00888113,0.292622,1521,902,663,0.86,78.79,73.21,14.06,166.91,0.982751591,-0.182008793,-0.019331611,0.026427239,0.0287750,-1.1974289,0.4663937
seq-04/frame-000276,1,0.02671563,0.844196,1564,878,621,0.86,88.94,64.54,14.36,168.70,0.983849747,-0.176596834,-0.012723797,0.026293302,0.0284087,-1.1746006,0.4640489
seq-04/frame-000277,1,0.02123222,0.519474,1620,858,583,0.86,80.40,60.30,17.87,159.42,0.983445592,-0.178906939,-0.006336845,0.028052086,0.0284650,-1.1837279,0.4825077
seq-04/frame-000278,1,0.02848491,0.749617,1735,936,642,1.29,93.37,59.75,20.53,174.93,0.983951778,-0.175881045,-0.003903960,0.029824735,0.0427506,-1.1806539,0.4770663
seq-04/frame-000279,1,0.01304340,0.422788,1995,1040,729,0.88,86.44,64.55,15.16,167.03,0.982722660,-0.182765269,0.006732251,0.028420189,0.0151578,-1.2096619,0.4890691
seq-04/frame-000280,1,0.01359606,0.343067,1936,997,666,0.86,96.38,80.59,15.35,193.18,0.983810837,-0.176288435,0.012659228,0.029637298,0.0231498,-1.1939745,0.4950867
seq-04/frame-000281,1,0.01251020,0.419768,2277,1126,764,0.89,112.49,87.41,19.96,220.75,0.983202441,-0.179209886,0.019686920,0.028446471,0.0071562,-1.2095159,0.5026580
seq-04/frame-000282,1,0.00370403,0.220785,2473,1237,802,0.89,96.54,95.13,11.49,204.06,0.983603666,-0.176808719,0.020729432,0.028858188,0.0115459,-1.2023469,0.5030878
seq-04/frame-000283,1,0.00888992,0.382285,2387,1174,768,1.31,95.23,94.31,23.68,214.54,0.983989295,-0.174603177,0.022733578,0.027604034,0.0111351,-1.1956995,0.5055122
seq-04/frame-000284,1,0.00529265,0.410218,2519,1292,881,0.91,110.74,112.09,14.32,238.06,0.983479799,-0.177045910,0.026027467,0.027291067,0.0065844,-1.2077203,0.5103070
seq-04/frame-000285,1,0.01080794,0.328675,2118,1001,643,1.21,91.10,74.02,16.37,182.70,0.984004627,-0.173497981,0.030633511,0.026361558,0.0088972,-1.2004165,0.5193165
seq-04/frame-000286,1,0.00510804,0.279428,2021,1026,677,0.88,95.25,79.32,22.20,197.65,0.983844322,-0.173351729,0.036724463,0.025511606,-0.0004402,-1.2057005,0.5255444
seq-04/frame-000287,1,0.01659850,0.432471,2204,1104,709,0.89,91.06,88.52,19.91,200.38,0.984196004,-0.170918761,0.038203913,0.026181368,0.0111734,-1.2040453,0.5261931
seq-04/frame-000288,1,0.00921184,0.615197,2519,1224,782,0.91,109.03,102.19,17.60,229.73,0.984298254,-0.169153884,0.044414195,0.023901659,-0.0061127,-1.2015758,0.5260917
seq-04/frame-000289,1,0.01311980,0.462936,2453,1200,760,0.90,109.23,90.04,13.42,213.58,0.984448009,-0.166935308,0.049544572,0.023239120,-0.0031585,-1.2001663,0.5316836
seq-04/frame-000290,1,0.01947857,0.635134,2750,1282,790,0.92,116.29,111.87,18.60,247.68,0.984151832,-0.167859423,0.051563017,0.024690921,-0.0005440,-1.2025544,0.5347180
seq-04/frame-000291,1,0.01883614,0.658644,2759,1288,815,0.93,109.50,105.06,21.11,236.60,0.984646602,-0.163888505,0.056071160,0.021625266,-0.0131924,-1.1867126,0.5331315
seq-04/frame-000292,1,0.01012014,0.416750,2787,1313,820,0.94,112.88,115.59,25.56,254.97,0.984051863,-0.166662894,0.057899924,0.022649710,-0.0149405,-1.1996472,0.5390716
seq-04/frame-000293,1,0.00853268,0.532703,2794,1291,801,1.32,125.76,105.27,17.70,250.05,0.984032664,-0.165810690,0.061094419,0.021307344,-0.0241038,-1.1979331,0.5427626
seq-04/frame-000294,1,0.01563426,0.675022,2793,1343,818,0.93,103.19,122.66,20.25,247.02,0.984010647,-0.166736065,0.058544069,0.022242384,-0.0159086,-1.2035507,0.5463203
seq-04/frame-000295,1,0.01336814,0.640612,2776,1307,837,0.92,123.79,113.74,19.55,258.01,0.984416936,-0.163912997,0.060123824,0.020998858,-0.0261034,-1.1953143,0.5500983
seq-04/frame-000296,1,0.01343005,0.615171,2613,1304,806,0.91,109.81,104.10,19.32,234.14,0.984344676,-0.164943134,0.057991345,0.022278382,-0.0225169,-1.2007924,0.5497607
seq-04/frame-000297,1,0.01210683,0.688585,2486,1232,789,4.10,106.71,93.45,17.50,221.76,0.984204702,-0.167007273,0.054812557,0.021101161,-0.0254566,-1.2011966,0.5600816
seq-04/frame-000298,1,0.01385509,0.666966,2460,1223,815,0.91,95.86,93.49,13.70,203.96,0.983737323,-0.170279890,0.052438726,0.022711626,-0.0253062,-1.2147320,0.5666512
seq-04/frame-000299,1,0.00772887,0.446809,2427,1225,778,0.90,107.78,96.03,15.94,220.66,0.983808913,-0.169724953,0.053083911,0.022261191,-0.0354694,-1.2137772,0.5697663
seq-04/frame-000300,1,0.01343809,0.583779,2329,1153,733,0.90,91.73,92.24,18.48,203.35,0.983788711,-0.170995046,0.049073352,0.022633453,-0.0270004,-1.2187981,0.5760450
seq-04/frame-000301,1,0.01359066,0.890461,2090,1048,687,0.89,90.23,79.34,14.19,184.65,0.984762564,-0.166836397,0.043513163,0.022691711,-0.0287940,-1.2131892,0.5823826
seq-04/frame-000302,1,0.00600634,0.485245,1880,972,629,0.88,85.92,64.91,13.62,165.33,0.985203525,-0.164751854,0.041648597,0.022276349,-0.0399424,-1.2133658,0.5835870
seq-04/frame-000303,1,0.01066891,0.651433,1794,914,590,1.13,99.69,68.35,27.28,196.45,0.985666602,-0.163485694,0.034320590,0.023576987,-0.0317107,-1.2196517,0.5832182
seq-04/frame-000304,1,0.05194831,1.666377,1752,930,598,0.88,86.20,60.06,26.98,174.13,0.988327653,-0.147465881,0.030183158,0.023478514,-0.0367532,-1.1571382,0.5698935
seq-04/frame-000305,1,0.00802888,0.271869,2378,1220,777,1.29,125.16,90.82,23.57,240.85,0.986165893,-0.162311373,0.021371541,0.025982809,-0.0296965,-1.2041504,0.5815016
seq-04/frame-000306,1,0.01083952,0.287555,2525,1312,873,0.92,90.94,85.91,9.81,187.58,0.985410963,-0.166648877,0.021721744,0.026861722,-0.0344051,-1.2187168,0.5883234
seq-04/frame-000307,1,0.01071880,0.366111,2308,1179,772,0.90,103.71,88.50,12.50,205.61,0.986093493,-0.162863766,0.019696729,0.026590510,-0.0268984,-1.2077819,0.5918044
seq-04/frame-000308,1,0.00757693,0.368560,2282,1149,762,0.90,114.95,99.64,11.10,226.59,0.986423185,-0.161154099,0.018795992,0.025404084,-0.0296694,-1.2169317,0.5949415
seq-04/frame-000309,1,0.01253719,0.248222,2035,1091,711,0.89,92.08,81.95,11.63,186.56,0.986284568,-0.162241717,0.016795274,0.025264504,-0.0304558,-1.2272461,0.6001149
seq-04/frame-000310,1,0.00725934,0.266147,2097,1036,694,0.88,93.19,84.86,11.65,190.58,0.987107025,-0.157382549,0.012269248,0.026455985,-0.0193297,-1.2171155,0.6004796
seq-04/frame-000311,1,0.00927029,0.500019,1971,1013,650,0.88,88.70,79.87,29.27,198.72,0.987498924,-0.155129046,0.010151114,0.026034747,-0.0197585,-1.2151342,0.6000846
seq-04/frame-000312,1,0.00876999,0.461086,1785,932,635,0.88,86.43,70.26,12.38,169.96,0.987556807,-0.155108996,0.001355079,0.025902042,-0.0174451,-1.2163226,0.6016194
seq-04/frame-000313,1,0.02606424,0.960546,1842,1011,683,1.03,78.39,71.85,21.28,172.56,0.988511295,-0.148805206,-0.002532120,0.026382150,-0.0143448,-1.2000955,0.5994652
seq-04/frame-000314,1,0.01517200,0.451826,2027,1042,686,0.90,85.33,78.67,13.03,177.92,0.987032194,-0.158093529,-0.005436645,0.027282357,-0.0061237,-1.2324054,0.6203330
seq-04/frame-000315,1,0.01309891,0.436788,1994,1074,730,0.89,108.38,73.79,12.55,195.61,0.987553896,-0.155334649,-0.007598352,0.023467317,-0.0050823,-1.2205645,0.6216057
seq-04/frame-000316,1,0.01919201,0.638258,1826,990,673,0.89,79.01,73.23,22.53,175.65,0.988221293,-0.151303110,-0.007036882,0.021829514,0.0021034,-1.2044286,0.6220517
seq-04/frame-000317,1,0.00661521,0.101045,1906,966,667,1.20,117.17,72.44,12.04,202.85,0.987469211,-0.155991881,-0.006763600,0.022920363,0.0150868,-1.2232467,0.6295749
seq-04/frame-000318,1,0.00747983,0.232803,2045,1029,668,1.47,108.41,73.59,17.39,200.87,0.987683962,-0.154521454,-0.007954453,0.023243035,0.0240147,-1.2256050,0.6342519
seq-04/frame-000319,1,0.04050523,1.412322,1710,790,503,0.87,84.65,66.62,10.77,162.91,0.989685067,-0.140601711,-0.012822189,0.024294424,0.0436690,-1.1958362,0.6253874
seq-04/frame-000320,1,0.01308278,0.410406,1589,830,528,0.87,80.85,57.69,18.15,157.55,0.989022193,-0.145376975,-0.010651808,0.024231729,0.0438289,-1.2234859,0.6458803
seq-04/frame-000321,1,0.01449153,0.430732,1752,871,586,0.87,72.93,73.55,16.18,163.52,0.989615042,-0.141387114,-0.008130890,0.024609788,0.0424340,-1.2210674,0.6469120
seq-04/frame-000322,1,0.01849427,0.185054,1838,953,622,0.87,78.89,82.07,19.51,181.34,0.989385013,-0.143363967,-0.008704780,0.022097416,0.0622697,-1.2403443,0.6648839
seq-04/frame-000323,1,0.02191342,0.491230,2014,979,645,0.89,85.96,73.52,17.91,178.27,0.989939563,-0.140040607,-0.004622843,0.019670276,0.0451233,-1.2362265,0.6677329
seq-04/frame-000324,1,0.01523466,0.370067,2080,1042,678,0.90,100.36,82.96,19.61,203.84,0.989891878,-0.140287004,-0.007625256,0.019377347,0.0598975,-1.2372593,0.6712645
seq-04/frame-000325,1,0.00941825,0.251433,1789,850,563,0.88,82.59,63.96,16.58,164.01,0.990116789,-0.138477805,-0.009561124,0.020030647,0.0767983,-1.2251589,0.6756301
seq-04/frame-000326,1,0.02159984,0.694496,1453,713,450,1.01,76.67,55.08,16.27,149.03,0.990344867,-0.136860749,-0.008680450,0.020268952,0.0921828,-1.2212847,0.6775654
seq-04/frame-000327,1,0.01672973,0.458707,1580,825,531,0.88,84.57,62.85,14.43,162.72,0.989660054,-0.141993465,-0.003552398,0.019955285,0.1183506,-1.2393762,0.6951885
seq-04/frame-000328,1,0.00536040,0.175598,1622,781,472,0.87,84.40,59.60,13.92,158.79,0.989591484,-0.142936691,0.002917286,0.016409926,0.1081148,-1.2406849,0.7059660
seq-04/frame-000329,1,0.06149953,1.979500,1670,737,442,0.86,82.26,61.99,17.51,162.63,0.992008737,-0.124961795,0.004705457,0.016765294,0.1149034,-1.1902508,0.6903834
seq-04/frame-000330,1,0.02311167,0.666986,2089,935,584,0.89,100.93,81.32,31.72,214.87,0.990144486,-0.138832486,0.011199334,0.014629168,0.0965989,-1.2434780,0.7103555
seq-04/frame-000331,1,0.01842340,0.683484,2105,953,571,0.89,96.88,86.46,20.80,205.03,0.989296736,-0.145097787,0.001593183,0.015364326,0.1437957,-1.2474116,0.7173231
seq-04/frame-000332,1,0.00666369,0.343542,1905,858,516,1.09,84.77,67.98,17.24,171.08,0.989620900,-0.143049533,0.005827296,0.012383348,0.1344802,-1.2415234,0.7217835
seq-04/frame-000333,1,0.02301206,0.864334,1824,811,499,0.88,88.38,59.58,24.17,173.00,0.990457564,-0.137178618,0.011012278,0.007387183,0.1221765,-1.2269407,0.7181387
seq-04/frame-000334,1,0.03964119,1.183135,2131,867,509,1.22,90.14,81.68,23.36,196.40,0.989063915,-0.146847878,0.002604339,0.013471834,0.1732784,-1.2538582,0.7414189
seq-04/frame-000335,1,0.02372148,0.990376,1955,808,470,1.20,105.56,75.29,14.21,196.27,0.989521086,-0.143700643,0.006855550,0.012294198,0.1580189,-1.2552880,0.7388457
seq-04/frame-000336,1,0.01999094,0.828643,2359,959,582,1.27,105.66,97.22,22.33,226.47,0.990017861,-0.140373722,0.009847699,0.007929412,0.1355715,-1.2581367,0.7307839
seq-04/frame-000337,1,0.03428039,1.145553,2086,836,470,0.88,110.03,93.06,14.20,218.18,0.989295960,-0.145446966,0.009405152,0.007087030,0.1368072,-1.2795993,0.7486548
seq-04/frame-000338,1,0.04459439,1.386357,1933,798,453,0.87,90.28,105.97,21.15,218.27,0.989724415,-0.142512152,0.000139006,0.011655461,0.1752383,-1.2752710,0.7607783
seq-04/frame-000339,1,0.04186392,1.423118,2116,919,561,1.49,91.88,95.82,13.91,203.10,0.990350584,-0.138011568,-0.004601146,0.011719964,0.1765968,-1.2653084,0.7509018
seq-04/frame-000340,1,0.03387956,1.041026,1998,785,462,0.87,88.72,93.48,21.07,204.15,0.990148592,-0.139566368,-0.001454565,0.011174944,0.1586728,-1.2784502,0.7583744
seq-04/frame-000341,1,0.01894165,0.769024,2007,851,508,1.21,93.87,74.23,10.95,180.26,0.991128431,-0.132661382,-0.001324358,0.007977320,0.1488853,-1.2659868,0.7569647
seq-04/frame-000342,1,0.01249827,0.608285,2091,923,545,0.89,97.25,78.68,19.66,196.49,0.991935725,-0.126189647,-0.006249223,0.010031876,0.1621780,-1.2450009,0.7456536
seq-04/frame-000343,1,0.02774111,0.979675,2172,934,567,0.90,92.31,86.81,20.99,201.01,0.991107204,-0.132381623,-0.010680690,0.008218264,0.1620579,-1.2717855,0.7644797
seq-04/frame-000344,1,0.02363817,0.917983,2253,966,580,0.90,106.38,84.71,15.26,207.26,0.991336618,-0.130697710,-0.011476978,0.006172264,0.1622115,-1.2689405,0.7644046
seq-04/frame-000345,1,0.03505943,1.210653,2157,942,577,1.23,85.21,94.97,16.68,198.09,0.990966193,-0.133482714,-0.012016228,0.004896893,0.1611018,-1.2795428,0.7751797
seq-04/frame-000346,1,0.02765242,1.110419,1959,843,532,0.90,100.43,78.58,12.58,192.49,0.991552731,-0.128862347,-0.014511724,0.002662171,0.1603037,-1.2730743,0.7741578
seq-04/frame-000347,1,0.02255993,0.866572,1919,873,523,0.90,93.29,61.37,17.06,172.62,0.991827092,-0.126777227,-0.014260974,0.001783172,0.1499866,-1.2746114,0.7723763
seq-04/frame-000348,1,0.04029855,1.300178,1933,877,525,0.90,86.40,83.11,14.92,185.33,0.991597671,-0.127542921,-0.021236531,0.003983846,0.1757640,-1.2742739,0.7742282
seq-04/frame-000349,1,0.01627441,0.833370,2057,915,580,0.89,98.94,90.69,13.04,203.56,0.992171021,-0.123383516,-0.019230500,0.001833125,0.1570719,-1.2542914,0.7733142
seq-04/frame-000350,1,0.03766558,1.277399,2075,911,564,0.90,93.27,88.94,22.91,206.02,0.991219561,-0.130490144,-0.021063144,0.003528271,0.1680019,-1.2786589,0.7881047
seq-04/frame-000351,1,0.04262645,1.438620,1882,816,508,0.89,87.21,76.31,10.64,175.05,0.991354040,-0.129035803,-0.023296705,0.004918596,0.1691030,-1.2696168,0.7961146
seq-04/frame-000352,1,0.01530479,0.634018,2117,935,583,1.23,93.92,88.26,21.07,204.48,0.991723991,-0.127473904,-0.014834508,0.003723762,0.1317815,-1.2620396,0.7970356
seq-04/frame-000353,1,0.01652549,0.723878,1980,892,561,1.53,86.93,82.02,13.62,184.10,0.991843355,-0.126156582,-0.017144940,0.006109616,0.1471602,-1.2571281,0.7950132
seq-04/frame-000354,1,0.01229632,0.573962,1902,880,554,1.24,94.07,75.98,14.04,185.34,0.991746180,-0.127377413,-0.012659115,0.007365829,0.1359839,-1.2548119,0.7959036
seq-04/frame-000355,1,0.03449404,1.293373,1884,837,531,0.87,75.83,67.10,18.95,162.75,0.991145441,-0.131173719,-0.018807400,0.008393573,0.1604344,-1.2535906,0.8055354
seq-04/frame-000356,1,0.03693220,1.223743,2095,939,598,0.89,97.60,69.56,24.74,192.80,0.989571408,-0.143335786,-0.010810209,0.009296271,0.1390209,-1.2782668,0.8234803
seq-04/frame-000357,1,0.01589136,0.797440,1934,886,551,0.88,90.99,74.53,21.03,187.42,0.990159193,-0.139389306,-0.009293434,0.008308158,0.1322088,-1.2524823,0.8224772
seq-04/frame-000358,1,0.02251435,0.866451,2090,1008,644,0.89,88.73,84.56,18.22,192.39,0.989400613,-0.144722583,-0.007819979,0.008980411,0.1310564,-1.2641162,0.8284842
seq-04/frame-000359,1,0.01736417,0.742363,2038,968,611,0.89,99.36,85.26,13.63,199.14,0.989562263,-0.143406520,-0.009716430,0.010329011,0.1349990,-1.2610528,0.8350810
seq-04/frame-000360,1,0.02620994,1.038482,1567,807,542,0.87,84.43,57.94,19.12,162.36,0.988858950,-0.147480625,-0.013691678,0.014831756,0.1312535,-1.2623493,0.8356128
seq-04/frame-000361,1,0.02245266,0.970758,1934,974,633,0.89,90.31,80.24,12.93,184.38,0.989257186,-0.144144278,-0.019308424,0.014826727,0.1454355,-1.2482000,0.8375391
seq-04/frame-000362,1,0.01036692,0.535813,2002,938,614,0.90,93.66,74.22,11.83,180.61,0.989364490,-0.143613463,-0.016300569,0.016351504,0.1314888,-1.2494321,0.8390548
seq-04/frame-000363,1,0.00897471,0.658536,1938,968,644,0.88,102.36,68.27,18.01,189.51,0.989392981,-0.143879404,-0.014172580,0.014120367,0.1195956,-1.2428310,0.8367823
seq-04/frame-000364,1,0.01829263,0.717545,2099,1034,692,0.89,87.82,80.96,14.17,183.84,0.988982067,-0.145922622,-0.018804402,0.016354055,0.1382788,-1.2440625,0.8412622
seq-04/frame-000365,1,0.02029199,0.999848,1654,798,512,0.85,75.02,55.91,21.56,153.35,0.988586347,-0.149012387,-0.018254251,0.012614521,0.1405099,-1.2405630,0.8364172
seq-04/frame-000366,1,0.02147928,0.871133,1941,1006,649,0.87,107.96,84.86,14.88,208.57,0.987709946,-0.155413729,-0.012389565,0.011051421,0.1188556,-1.2464526,0.8446358
seq-04/frame-000367,1,0.01730830,0.767780,2141,1044,675,0.99,93.91,76.63,14.42,185.96,0.987805772,-0.154703773,-0.014246478,0.010175294,0.1286668,-1.2388467,0.8493897
seq-04/frame-000368,1,0.03594795,1.245147,1997,952,631,0.89,92.00,79.14,26.38,198.40,0.987228047,-0.158031052,-0.016080046,0.012182038,0.1434717,-1.2476948,0.8501187
seq-04/frame-000369,1,0.05069032,1.643086,2037,940,603,1.25,97.70,81.40,17.13,197.49,0.990354110,-0.137787342,-0.009912294,0.010729966,0.1213297,-1.1768558,0.8231969
seq-04/frame-000370,1,0.01041949,0.429310,2067,1037,702,0.89,87.50,84.93,17.66,190.98,0.987949978,-0.154309000,-0.006153242,0.010281545,0.1047662,-1.2269910,0.8413816
seq-04/frame-000371,1,0.00465281,0.501089,2148,1075,706,0.89,97.27,87.16,18.30,203.63,0.987768002,-0.155280705,-0.009020903,0.010995488,0.1123725,-1.2265990,0.8450470
seq-04/frame-000372,1,0.01589807,0.758018,2042,1033,690,1.40,95.21,92.14,24.51,213.26,0.987205573,-0.158839783,-0.009603819,0.010141342,0.1104792,-1.2361575,0.8474738
seq-04/frame-000373,1,0.01388122,0.667752,1976,1075,698,0.89,97.52,77.41,13.44,189.26,0.987231421,-0.158334400,-0.013056453,0.011570155,0.1108776,-1.2334848,0.8472491
seq-04/frame-000374,1,0.00537424,0.462305,2047,1061,713,0.89,92.05,72.56,19.35,184.85,0.987970836,-0.153400893,-0.015064183,0.012444401,0.1122316,-1.2147689,0.8369369
seq-04/frame-000375,1,0.00927154,0.511714,2035,1065,703,0.89,90.64,82.89,15.35,189.78,0.987530187,-0.156206382,-0.015928608,0.011400694,0.1104822,-1.2230288,0.8443351
seq-04/frame-000376,1,0.01262990,0.668281,2084,1094,712,0.89,91.39,71.58,12.86,176.73,0.987444113,-0.156598668,-0.017885909,0.010539232,0.1125183,-1.2258893,0.8433003
seq-04/frame-000377,1,0.01641757,0.696489,1995,1042,687,0.88,105.31,84.51,19.51,210.21,0.987302079,-0.157521997,-0.017432861,0.010840655,0.1077319,-1.2278438,0.8407509
seq-04/frame-000378,1,0.01495917,0.973053,1943,1039,702,0.89,83.51,81.38,13.80,179.58,0.986958928,-0.159556857,-0.019823238,0.007792473,0.1056419,-1.2223057,0.8430312
seq-04/frame-000379,1,0.01466160,0.763923,1674,964,663,0.89,86.64,66.54,13.87,167.93,0.987910379,-0.152953650,-0.023874204,0.008263611,0.1109193,-1.2006345,0.8342710
seq-04/frame-000380,1,0.01614528,0.593719,1602,936,631,1.08,80.85,64.14,27.73,173.80,0.987699935,-0.154831804,-0.021128230,0.005435835,0.0838032,-1.2067905,0.8356779
seq-04/frame-000381,1,0.00861265,0.516535,1704,962,675,1.35,87.39,57.41,13.52,159.67,0.986977061,-0.158688460,-0.025776726,0.005460314,0.0925411,-1.2105027,0.8381780
seq-04/frame-000382,1,0.01066507,0.616201,1979,1111,764,0.89,87.24,82.43,17.39,187.95,0.986888063,-0.158547681,-0.029817386,0.005050571,0.1043049,-1.2070965,0.8398540
seq-04/frame-000383,1,0.02322039,1.068474,1921,1022,699,0.89,86.44,64.32,10.96,162.61,0.988284002,-0.149939360,-0.028415077,0.002345919,0.0952790,-1.1816682,0.8318723
seq-04/frame-000384,1,0.00421713,0.509350,1854,1018,693,0.88,84.24,67.78,15.42,168.32,0.987229749,-0.156595630,-0.029172118,0.002054186,0.0955155,-1.1984448,0.8350208
seq-04/frame-000385,1,0.01973068,0.868619,1786,1001,688,1.18,90.57,82.61,19.30,193.66,0.987520266,-0.154382764,-0.031138813,-0.000246792,0.0852016,-1.1797356,0.8341433
seq-04/frame-000386,1,0.00573627,0.483431,1725,1010,708,0.87,82.19,59.41,12.81,155.28,0.986799328,-0.158558866,-0.032949493,0.000708974,0.0844264,-1.1907602,0.8365929
seq-04/frame-000387,1,0.01512278,0.511561,1660,995,714,0.87,85.47,58.79,13.13,158.25,0.986754059,-0.158737234,-0.033446620,0.000490500,0.0782187,-1.1841559,0.8338932
seq-04/frame-000388,1,0.01880207,0.667681,1645,1012,705,0.88,79.91,64.68,11.64,157.12,0.986487937,-0.160188563,-0.034351508,-0.001071445,0.0740269,-1.1804032,0.8367676
seq-04/frame-000389,1,0.01165444,0.405234,1787,1102,780,1.25,89.17,67.19,12.81,170.43,0.985641386,-0.164806730,-0.036736815,-0.000455075,0.0762505,-1.1923610,0.8429571
seq-04/frame-000390,1,0.01548550,0.649962,1643,1001,692,0.87,87.25,64.26,18.46,170.84,0.985968486,-0.162929471,-0.036328295,-0.000621920,0.0706482,-1.1795042,0.8424110
seq-04/frame-000391,1,0.01089839,0.355540,1832,1079,796,0.89,85.93,70.53,17.45,174.81,0.984983838,-0.168355862,-0.038250551,0.000193477,0.0760545,-1.1807030,0.8467050
seq-04/frame-000392,1,0.01268853,0.499497,1810,1098,768,0.89,94.84,72.58,19.34,187.65,0.985224052,-0.166665921,-0.039428707,-0.001189876,0.0775148,-1.1740155,0.8453351
seq-04/frame-000393,1,0.01013531,0.375632,1557,964,690,1.19,78.08,56.97,12.31,148.55,0.985066004,-0.167595660,-0.039450549,-0.000562099,0.0765304,-1.1713740,0.8454389
seq-04/frame-000394,1,0.01344179,0.405900,1659,1085,773,0.86,84.49,69.46,11.74,166.56,0.983991526,-0.173944500,-0.038776921,0.000581207,0.0727420,-1.1799033,0.8500859
seq-04/frame-000395,1,0.01323654,0.433775,1713,1095,784,1.23,77.32,61.44,15.06,155.05,0.984176682,-0.173300294,-0.036922445,0.000007139,0.0719565,-1.1694204,0.8547869
seq-04/frame-000396,1,0.00868698,0.425672,1440,923,644,0.84,78.32,53.60,12.19,144.96,0.983272078,-0.177865822,-0.039152116,0.002623100,0.0773545,-1.1659638,0.8536185
seq-04/frame-000397,1,0.02018866,0.567240,1616,1050,768,1.22,81.38,65.93,13.63,162.16,0.982999983,-0.179961633,-0.036365980,0.001536372,0.0656370,-1.1597499,0.8569291
seq-04/frame-000398,1,0.01239418,0.410947,1572,1036,767,0.87,96.12,70.63,13.25,180.86,0.982825633,-0.180264014,-0.039351863,0.003176532,0.0738238,-1.1538276,0.8597715
seq-04/frame-000399,1,0.01813095,0.608252,1668,1082,808,0.89,85.43,74.02,14.50,174.84,0.982465255,-0.182544716,-0.037898631,0.001772817,0.0658387,-1.1515004,0.8625535
seq-04/frame-000400,1,0.01738386,0.599994,1748,1138,871,1.67,88.02,66.61,11.00,167.31,0.982467399,-0.181997015,-0.040370704,0.002258755,0.0736526,-1.1431990,0.8635848
seq-04/frame-000401,1,0.01058446,0.398191,1687,1104,834,0.87,89.48,62.07,14.98,167.40,0.981704826,-0.186054339,-0.040418509,0.002400201,0.0751181,-1.1472773,0.8682687
seq-04/frame-000402,1,0.00969897,0.473016,1754,1172,866,0.87,84.87,68.01,17.46,171.21,0.981463669,-0.187149831,-0.041232345,0.001974824,0.0805666,-1.1425200,0.8717448
seq-04/frame-000403,1,0.01894518,0.709370,1791,1133,852,0.88,81.33,74.05,9.32,165.58,0.981759159,-0.186232364,-0.038272107,0.001305980,0.0708935,-1.1355589,0.8711040
seq-04/frame-000404,1,0.01953930,0.696808,1779,1215,894,0.88,78.59,69.96,17.35,166.78,0.981171923,-0.190022849,-0.034500882,0.001631764,0.0651321,-1.1376131,0.8769739
seq-04/frame-000405,1,0.00873212,0.317900,1763,1180,883,0.87,82.98,66.64,17.34,167.84,0.980831514,-0.191409914,-0.036331083,0.003440642,0.0758570,-1.1392197,0.8792850
seq-04/frame-000406,1,0.01567657,0.522561,1838,1282,961,0.88,86.31,87.98,8.70,183.87,0.980983317,-0.191086821,-0.033877673,0.003140324,0.0724366,-1.1332369,0.8855371
seq-04/frame-000407,1,0.01344221,0.441123,1807,1166,887,0.91,99.22,85.97,9.26,195.37,0.980963617,-0.191382304,-0.032679112,0.003907844,0.0722516,-1.1344014,0.8877018
seq-04/frame-000408,1,0.01565811,0.489285,1807,1208,894,1.04,84.22,83.06,12.10,180.43,0.981135921,-0.190615052,-0.031947619,0.004190079,0.0709672,-1.1283864,0.8885115
seq-04/frame-000409,1,0.01383624,0.466400,1790,1250,947,0.87,87.82,67.30,15.15,171.15,0.980882967,-0.191883501,-0.031969838,0.005220775,0.0716826,-1.1272698,0.8905159
seq-04/frame-000410,1,0.01799402,0.574351,1874,1266,938,1.00,83.03,79.91,12.22,176.17,0.980953733,-0.191725444,-0.030658784,0.005582726,0.0696761,-1.1245312,0.8942907
seq-04/frame-000411,1,0.01483779,0.519969,1769,1213,926,1.20,95.28,81.84,16.19,194.52,0.980373163,-0.194531209,-0.031412466,0.006271193,0.0719010,-1.1211004,0.8991088
seq-04/frame-000412,1,0.01485298,0.526715,1787,1227,900,0.87,82.31,73.89,14.23,171.31,0.980527258,-0.193431365,-0.033083670,0.007488337,0.0769673,-1.1185840,0.9010832
seq-04/frame-000413,1,0.01668309,0.565835,1659,1202,908,0.87,84.32,61.87,19.60,166.66,0.980436090,-0.194155742,-0.031573253,0.007193805,0.0701874,-1.1188422,0.8994927
seq-04/frame-000414,1,0.01404060,0.576936,1761,1178,891,0.88,80.73,71.15,15.71,168.47,0.980169826,-0.195051633,-0.034120229,0.007601437,0.0804426,-1.1131414,0.9052201
seq-04/frame-000415,1,0.01225192,0.423410,1763,1202,896,0.87,84.75,64.50,20.16,170.29,0.979992152,-0.196109582,-0.032505159,0.009991369,0.0763449,-1.1197057,0.9088047
seq-04/frame-000416,1,0.02041415,0.595399,1666,1161,885,0.87,77.29,59.55,10.77,148.48,0.980262259,-0.194966426,-0.031044194,0.010500223,0.0671684,-1.1161936,0.9075667
seq-04/frame-000417,1,0.01497353,0.512508,1772,1166,882,0.87,84.83,73.93,11.00,170.63,0.980055221,-0.195565025,-0.033547854,0.010983023,0.0752714,-1.1110168,0.9092010
seq-04/frame-000418,1,0.01716518,0.569190,1815,1211,915,0.88,89.11,77.01,22.08,189.08,0.979849655,-0.196655161,-0.033027273,0.011428077,0.0752901,-1.1112250,0.9155921
seq-04/frame-000419,1,0.01967360,0.668244,1741,1213,921,0.87,89.96,74.22,9.54,174.60,0.980414479,-0.194021890,-0.031729153,0.011671130,0.0732243,-1.1021882,0.9177249
seq-04/frame-000420,1,0.01657288,0.552430,1652,1113,857,0.87,81.49,66.07,11.82,160.25,0.979981628,-0.195983176,-0.032967590,0.011821267,0.0779360,-1.1018661,0.9189335
seq-04/frame-000421,1,0.01527052,0.521090,1734,1168,877,1.96,87.89,77.49,17.42,184.76,0.979844608,-0.196400437,-0.034232975,0.012629996,0.0820488,-1.1001884,0.9256429
seq-04/frame-000422,1,0.01377852,0.520802,1783,1181,893,1.23,88.43,85.31,15.93,190.90,0.979997476,-0.195578756,-0.034640574,0.012406738,0.0851429,-1.0979698,0.9284250
seq-04/frame-000423,1,0.01186737,0.427888,1643,1182,903,0.86,82.79,58.74,15.07,157.46,0.979730174,-0.197170716,-0.033268218,0.012071477,0.0813871,-1.1001074,0.9287561
seq-04/frame-000424,1,0.01425508,0.552949,1739,1238,945,0.87,88.44,71.24,16.64,177.20,0.979938068,-0.196084704,-0.033747714,0.011543955,0.0856753,-1.0919050,0.9296560
seq-04/frame-000425,1,0.01255876,0.408050,1685,1167,910,0.87,71.85,63.53,10.29,146.55,0.979681634,-0.197596901,-0.031879874,0.012768456,0.0818963,-1.0952241,0.9325654
seq-04/frame-000426,1,0.01168239,0.468064,1588,1108,839,1.44,68.94,62.22,18.87,151.46,0.979225181,-0.199716809,-0.032656901,0.012836189,0.0853952,-1.0919695,0.9342639
seq-04/frame-000427,1,0.01326400,0.456255,1798,1233,947,0.87,80.64,68.46,12.10,162.07,0.978818645,-0.202106990,-0.030078224,0.012732805,0.0837398,-1.0875869,0.9393008
seq-04/frame-000428,1,0.01778353,0.509523,1696,1217,912,0.87,98.09,70.13,11.89,180.99,0.978503988,-0.203767013,-0.029165324,0.012583079,0.0775572,-1.0898228,0.9396227
seq-04/frame-000429,1,0.01694274,0.555604,1707,1228,907,0.86,79.46,66.00,14.84,161.16,0.978670169,-0.202619353,-0.031494051,0.012578644,0.0830959,-1.0829198,0.9406257
seq-04/frame-000430,1,0.01195003,0.444096,1761,1203,928,1.62,87.11,61.68,8.36,158.77,0.978344568,-0.203921658,-0.032957628,0.013101884,0.0868074,-1.0829270,0.9443327
seq-04/frame-000431,1,0.01255090,0.482576,1724,1180,895,0.88,104.41,70.81,8.23,184.33,0.978204553,-0.204738423,-0.032163515,0.012788209,0.0846234,-1.0826846,0.9475343
seq-04/frame-000432,1,0.01639077,0.586135,1478,1099,818,0.85,83.13,60.31,10.76,155.05,0.978378887,-0.204015696,-0.031687082,0.012176961,0.0810801,-1.0740941,0.9442892
seq-04/frame-000433,1,0.01248272,0.515329,1665,1212,923,0.86,79.18,61.09,12.97,154.10,0.977653797,-0.207423490,-0.031652615,0.012909696,0.0844843,-1.0747838,0.9495829
seq-04/frame-000434,1,0.00966467,0.427557,1719,1231,944,0.87,75.61,71.60,14.61,162.68,0.977254976,-0.209359115,-0.031177643,0.013016432,0.0870033,-1.0753802,0.9528139
seq-04/frame-000435,1,0.01183720,0.395696,1599,1156,900,0.93,77.50,61.65,8.91,148.99,0.977123179,-0.210204739,-0.029483427,0.013228319,0.0825673,-1.0747621,0.9510179
seq-04/frame-000436,1,0.01273082,0.448585,1558,1113,859,0.84,79.02,53.46,11.32,144.65,0.976636299,-0.212493620,-0.029335341,0.012939818,0.0816790,-1.0692611,0.9535528
seq-04/frame-000437,1,0.01491930,0.434272,1821,1258,955,0.87,102.16,76.99,13.10,193.12,0.975842635,-0.216177118,-0.028227701,0.014205703,0.0782953,-1.0728587,0.9574351
seq-04/frame-000438,1,0.01486380,0.458259,1790,1243,936,0.87,93.10,61.57,20.73,176.27,0.975987930,-0.215490554,-0.027907005,0.015250605,0.0776681,-1.0662521,0.9627020
seq-04/frame-000439,1,0.01752108,0.520337,1403,1029,769,0.84,79.63,45.74,11.33,137.54,0.975740853,-0.216476940,-0.028745990,0.015530291,0.0767316,-1.0627745,0.9597092
seq-04/frame-000440,1,0.01431502,0.413735,1516,1078,812,0.85,89.84,51.56,11.54,153.79,0.975160865,-0.218777077,-0.030174416,0.016952384,0.0811006,-1.0554654,0.9610764
seq-04/frame-000441,1,0.01031704,0.331698,1760,1228,919,0.86,102.02,78.86,11.98,193.72,0.974276502,-0.222553431,-0.030805415,0.017501258,0.0842026,-1.0589753,0.9703027
seq-04/frame-000442,1,0.01313434,0.381365,1684,1168,873,1.17,104.28,69.70,16.66,191.80,0.974321723,-0.222439668,-0.030212818,0.017463104,0.0800807,-1.0598222,0.9692306
seq-04/frame-000443,1,0.01263873,0.422018,1526,1074,804,0.84,70.39,64.57,12.62,148.42,0.974258270,-0.222632834,-0.031042456,0.017082446,0.0804736,-1.0526309,0.9699094
seq-04/frame-000444,1,0.01166538,0.407538,1710,1236,939,0.86,77.24,73.09,13.05,164.25,0.973761778,-0.224614131,-0.032012377,0.017655026,0.0829064,-1.0516459,0.9732085
seq-04/frame-000445,1,0.01305645,0.459459,1696,1221,923,0.86,87.83,65.28,17.00,170.98,0.973973492,-0.223607225,-0.032249416,0.018314523,0.0846863,-1.0466241,0.9733541
seq-04/frame-000446,1,0.01738155,0.598613,1678,1143,875,0.85,91.89,65.62,12.44,170.80,0.973510151,-0.226061033,-0.029411086,0.017589315,0.0760229,-1.0476612,0.9747255
seq-04/frame-000447,1,0.01420135,0.483174,1674,1214,937,0.86,82.30,68.48,10.45,162.09,0.972702954,-0.229470599,-0.029302538,0.018263883,0.0789781,-1.0509113,0.9799852
seq-04/frame-000448,1,0.01262678,0.495244,1717,1171,883,1.79,84.28,75.85,8.24,170.15,0.972936452,-0.228567028,-0.029153016,0.017374558,0.0831737,-1.0449070,0.9843930
seq-04/frame-000449,1,0.01058228,0.528011,1708,1155,853,0.85,85.19,59.72,10.05,155.80,0.972806879,-0.229299354,-0.027603197,0.017511318,0.0825676,-1.0451183,0.9841600
seq-04/frame-000450,1,0.01046530,0.402200,1650,1187,892,0.85,78.90,67.61,9.45,156.81,0.972773408,-0.229417814,-0.027514655,0.017952928,0.0851148,-1.0394022,0.9829489
seq-04/frame-000451,1,0.00939725,0.409711,1741,1235,933,0.86,101.34,73.18,16.72,192.10,0.972320271,-0.231455306,-0.026155129,0.018375039,0.0857450,-1.0396475,0.9894543
seq-04/frame-000452,1,0.01137193,0.452008,1740,1190,899,1.20,79.50,69.88,11.45,162.04,0.972515043,-0.230790030,-0.024916211,0.018155841,0.0855938,-1.0354944,0.9907636
seq-04/frame-000453,1,0.01058253,0.334256,1631,1112,867,0.85,87.35,75.06,13.02,176.28,0.972174023,-0.232089833,-0.025305315,0.019277444,0.0879155,-1.0378345,0.9893892
seq-04/frame-000454,1,0.01101851,0.335323,1773,1208,905,1.19,90.08,72.12,11.23,174.63,0.972088712,-0.232540358,-0.024897722,0.018671403,0.0891301,-1.0300799,0.9963498
seq-04/frame-000455,1,0.01184100,0.404328,1831,1271,934,0.86,77.13,77.34,16.79,172.12,0.971723707,-0.234136066,-0.023245804,0.019823539,0.0845482,-1.0367818,1.0014840
seq-04/frame-000456,1,0.01336755,0.473359,1667,1176,898,0.85,79.84,60.81,14.00,155.51,0.972155054,-0.232301786,-0.023698437,0.019718378,0.0833064,-1.0323764,0.9977739
seq-04/frame-000457,1,0.01283436,0.556742,1653,1167,876,0.85,78.93,73.80,17.35,170.93,0.971863720,-0.233435488,-0.025021163,0.019045338,0.0833843,-1.0279231,0.9976555
seq-04/frame-000458,1,0.01052256,0.556668,1759,1184,891,0.87,88.23,75.26,14.41,178.77,0.971768072,-0.233816944,-0.025473034,0.018643370,0.0879306,-1.0220343,1.0018767
seq-04/frame-000459,1,0.00663935,0.615704,1728,1194,885,0.86,86.03,61.58,17.91,166.38,0.970776822,-0.237561874,-0.027081209,0.020574885,0.0961211,-1.0310371,1.0077270
seq-04/frame-000460,1,0.01216203,0.571019,1408,1034,773,0.84,82.96,46.40,17.21,147.41,0.971489814,-0.235074779,-0.023730463,0.019602427,0.0852972,-1.0175154,1.0024546
seq-04/frame-000461,1,0.01692071,0.587273,1667,1091,826,0.86,82.36,66.71,13.98,163.90,0.970824162,-0.237885036,-0.021263230,0.021425008,0.0794985,-1.0167550,1.0073794
seq-04/frame-000462,1,0.00711845,0.328182,1731,1213,891,0.86,76.42,67.52,20.92,165.73,0.970191115,-0.240116625,-0.023523228,0.022800541,0.0873992,-1.0209495,1.0124703
seq-04/frame-000463,1,0.01660394,0.570306,1647,1187,893,1.20,90.24,70.99,12.40,174.83,0.970880060,-0.237579986,-0.021212534,0.022308927,0.0803680,-1.0147345,1.0113373
seq-04/frame-000464,1,0.01441543,0.502223,1394,969,739,0.84,78.46,53.28,15.97,148.55,0.971439966,-0.235191014,-0.022760133,0.021715348,0.0842689,-0.9985073,1.0081591
seq-04/frame-000465,1,0.01176268,0.554098,1621,1108,826,0.85,73.69,69.34,16.77,160.65,0.970304486,-0.239818081,-0.023278383,0.021321564,0.0864091,-0.9998851,1.0163210
seq-04/frame-000466,1,0.01027178,0.517899,1629,1060,774,0.87,79.57,63.41,13.70,157.56,0.970009894,-0.240894591,-0.023965544,0.021823249,0.0880426,-1.0013976,1.0192289
seq-04/frame-000467,1,0.01134996,0.531750,1517,1070,777,0.84,70.34,60.48,10.08,141.74,0.969566838,-0.242642966,-0.023480765,0.022653733,0.0846857,-1.0053757,1.0198581
seq-04/frame-000468,1,0.01046942,0.536714,1581,1058,787,1.19,77.99,72.48,14.72,166.38,0.969252197,-0.243983374,-0.022683680,0.022533131,0.0832271,-1.0031184,1.0220857
seq-04/frame-000469,1,0.01129049,0.548513,1658,1083,823,0.87,82.31,77.05,10.03,170.27,0.969779007,-0.241865493,-0.023578660,0.021767131,0.0895198,-0.9918916,1.0265914
seq-04/frame-000470,1,0.01514591,0.550120,1593,1056,794,0.87,81.36,56.38,16.23,154.84,0.970084596,-0.240786862,-0.020985597,0.022741319,0.0832544,-0.9915660,1.0281006
seq-04/frame-000471,1,0.00399893,0.520527,1518,1030,757,0.84,81.74,69.68,24.83,177.11,0.969612969,-0.242564015,-0.023137839,0.021863880,0.0924955,-0.9906061,1.0293069
seq-04/frame-000472,1,0.01008997,0.472124,1679,1155,854,0.85,82.75,65.25,10.23,159.08,0.969417789,-0.243543340,-0.020530104,0.022232989,0.0863403,-0.9882611,1.0325761
seq-04/frame-000473,1,0.00350200,0.348575,1614,1083,807,0.85,82.13,70.30,13.27,166.55,0.969200911,-0.244249963,-0.021067841,0.023402903,0.0917563,-0.9924488,1.0368718
seq-04/frame-000474,1,0.00793746,0.399705,1598,1097,847,1.18,80.66,57.20,14.44,153.49,0.969627050,-0.242726652,-0.018776259,0.023550133,0.0868880,-0.9898032,1.0358192
seq-04/frame-000475,1,0.00825230,0.332226,1636,1082,819,1.18,80.32,62.02,18.33,161.85,0.970082635,-0.240854163,-0.019439886,0.023474352,0.0907006,-0.9798948,1.0351257
seq-04/frame-000476,1,0.00718614,0.505042,1647,1105,835,0.87,81.65,70.62,12.63,165.76,0.969292988,-0.244181278,-0.017910874,0.022930488,0.0870524,-0.9859649,1.0405314
seq-04/frame-000477,1,0.01857480,0.727407,1620,1087,798,0.86,74.34,70.57,23.94,169.72,0.970870623,-0.237960141,-0.016421143,0.022705750,0.0835008,-0.9682731,1.0391511
seq-04/frame-000478,1,0.01074511,0.537576,1486,998,745,0.84,79.06,66.21,11.10,157.21,0.969560551,-0.242999019,-0.017005085,0.024791950,0.0851369,-0.9768263,1.0413047
seq-04/frame-000479,1,0.01163923,0.492191,1540,1000,759,0.85,74.07,70.37,17.93,163.22,0.969736709,-0.242223738,-0.017938220,0.024831344,0.0911039,-0.9655240,1.0415768
seq-04/frame-000480,1,0.01383321,0.599394,1629,1058,778,0.86,85.22,62.76,13.04,161.89,0.969723888,-0.242371440,-0.016348518,0.024987827,0.0896775,-0.9624075,1.0456704
seq-04/frame-000481,1,0.01375183,0.584112,1631,1025,727,0.85,78.46,67.97,19.27,166.55,0.969627822,-0.242696097,-0.017212467,0.024984436,0.0920812,-0.9586790,1.0456377
seq-04/frame-000482,1,0.00557509,0.370887,1664,1078,758,0.86,86.82,71.30,20.36,179.34,0.968384030,-0.247353572,-0.018476781,0.026593021,0.0950948,-0.9660196,1.0507235
seq-04/frame-000483,1,0.00588916,0.323699,1751,1063,794,0.86,82.20,59.76,9.92,152.74,0.968117350,-0.248401861,-0.016317831,0.027911301,0.0894051,-0.9690185,1.0567029
seq-04/frame-000484,1,0.01025535,0.499426,1465,923,688,0.83,86.77,62.49,13.79,163.88,0.968678491,-0.246316257,-0.015927131,0.027140553,0.0857224,-0.9585478,1.0543311
seq-04/frame-000485,1,0.01490132,0.612853,1507,944,672,0.84,74.40,57.96,13.32,146.52,0.966687547,-0.253470966,-0.017599915,0.030949933,0.0857411,-0.9713179,1.0563441
seq-04/frame-000486,1,0.00868370,0.539944,1763,1036,727,0.86,78.10,70.34,12.30,161.59,0.966358372,-0.254821838,-0.018644843,0.029490640,0.0881864,-0.9671702,1.0616619
seq-04/frame-000487,1,0.01337102,0.512662,1639,953,670,0.85,78.18,66.68,14.29,160.00,0.967664400,-0.249979527,-0.016521508,0.029374885,0.0838682,-0.9537200,1.0614426
seq-04/frame-000488,1,0.00822688,0.445172,1502,919,656,0.85,72.47,53.35,12.46,139.13,0.967438705,-0.250726655,-0.018915260,0.028994992,0.0900969,-0.9484279,1.0631327
seq-04/frame-000489,1,0.00576852,0.476188,1628,939,665,0.85,87.04,68.79,13.41,170.10,0.966808832,-0.253168420,-0.019707301,0.028249874,0.0946967,-0.9500167,1.0694980
seq-04/frame-000490,1,0.00819424,0.375318,1545,913,660,1.18,82.29,55.23,11.71,150.40,0.967381890,-0.251100485,-0.017801092,0.028353947,0.0910883,-0.9466429,1.0681060
seq-04/frame-000491,1,0.00941792,0.433409,1322,786,531,0.83,83.70,57.44,10.60,152.58,0.967198180,-0.251991836,-0.015707429,0.027947675,0.0880351,-0.9396220,1.0680977
seq-04/frame-000492,1,0.00902766,0.493369,1424,853,604,0.84,71.11,52.85,9.77,134.57,0.966327056,-0.255568983,-0.014858409,0.025995080,0.0919308,-0.9383866,1.0715437
seq-04/frame-000493,1,0.01567859,0.641792,1506,936,642,0.84,87.60,54.65,14.81,157.91,0.966452124,-0.255351911,-0.011324286,0.025247845,0.0867768,-0.9319545,1.0731508
seq-04/frame-000494,1,0.01275937,0.530885,1496,949,685,1.94,88.18,53.14,11.93,155.19,0.965802939,-0.257820291,-0.011002044,0.025146280,0.0870587,-0.9334438,1.0725063
seq-04/frame-000495,1,0.01036000,0.432887,1610,941,657,1.24,87.15,59.07,11.74,159.21,0.964419170,-0.262823269,-0.010500202,0.026633412,0.0874439,-0.9407134,1.0784292
seq-04/frame-000496,1,0.01075700,0.359446,1595,939,661,0.85,81.44,55.01,9.73,147.03,0.964824980,-0.261104037,-0.011119023,0.028527298,0.0894961,-0.9347105,1.0795417
seq-04/frame-000497,1,0.01262253,0.430071,1509,918,640,0.85,71.13,43.07,14.72,129.77,0.964642338,-0.261725145,-0.011569279,0.028831592,0.0878851,-0.9325437,1.0794726
seq-04/frame-000498,1,0.01190999,0.477232,1546,890,616,0.85,78.60,39.84,8.22,127.51,0.964560619,-0.262233571,-0.012372778,0.026519436,0.0928149,-0.9257758,1.0843203
seq-04/frame-000499,1,0.01076429,0.284767,1592,919,649,0.93,69.72,40.33,11.46,122.44,0.964300946,-0.262994588,-0.011206831,0.028843359,0.0910804,-0.9302499,1.0831855
